ISO-10303-21;
HEADER;
FILE_DESCRIPTION(('FreeCAD Model'),'2;1');
FILE_NAME('Open CASCADE Shape Model','2025-11-08T21:03:25',(''),(''),
  'Open CASCADE STEP processor 7.9','FreeCAD','Unknown');
FILE_SCHEMA(('AUTOMOTIVE_DESIGN { 1 0 10303 214 1 1 1 1 }'));
ENDSEC;
DATA;
#1 = APPLICATION_PROTOCOL_DEFINITION('international standard',
  'automotive_design',2000,#2);
#2 = APPLICATION_CONTEXT(
  'core data for automotive mechanical design processes');
#3 = SHAPE_DEFINITION_REPRESENTATION(#4,#10);
#4 = PRODUCT_DEFINITION_SHAPE('','',#5);
#5 = PRODUCT_DEFINITION('design','',#6,#9);
#6 = PRODUCT_DEFINITION_FORMATION('','',#7);
#7 = PRODUCT('[a]_Effector_Cage_bowden','[a]_Effector_Cage_bowden','',(
    #8));
#8 = PRODUCT_CONTEXT('',#2,'mechanical');
#9 = PRODUCT_DEFINITION_CONTEXT('part definition',#2,'design');
#10 = ADVANCED_BREP_SHAPE_REPRESENTATION('',(#11,#15),#13610);
#11 = AXIS2_PLACEMENT_3D('',#12,#13,#14);
#12 = CARTESIAN_POINT('',(0.,0.,0.));
#13 = DIRECTION('',(0.,0.,1.));
#14 = DIRECTION('',(1.,0.,-0.));
#15 = MANIFOLD_SOLID_BREP('',#16);
#16 = CLOSED_SHELL('',(#17,#57,#174,#214,#581,#637,#720,#829,#853,#870,
    #902,#931,#962,#993,#1050,#1082,#1113,#1144,#1173,#1230,#1272,#1296,
    #1313,#1331,#1355,#1373,#1404,#1428,#1462,#1486,#1511,#1528,#1568,
    #1610,#1644,#1675,#1708,#1739,#1763,#1794,#1816,#1852,#1876,#1924,
    #1967,#1991,#2024,#2051,#2144,#2175,#2199,#2223,#2246,#2270,#2293,
    #2305,#2345,#2376,#2408,#2442,#2474,#2507,#2541,#2572,#2629,#2660,
    #2716,#2758,#2816,#2841,#2866,#2899,#2911,#2936,#2969,#2989,#3014,
    #3039,#3056,#3089,#3109,#3134,#3159,#3176,#3209,#3229,#3254,#3279,
    #3296,#3327,#3344,#3369,#3386,#3427,#3451,#3475,#3499,#3524,#3541,
    #3573,#3605,#3629,#3675,#3699,#3723,#3756,#3780,#3805,#3822,#3853,
    #3878,#3903,#3921,#3945,#3969,#3993,#4017,#4041,#4065,#4089,#4120,
    #4144,#4191,#4437,#4476,#4526,#4559,#4607,#4648,#4687,#4737,#4770,
    #4818,#4859,#4898,#4948,#4981,#5029,#5070,#5109,#5159,#5192,#5240,
    #5281,#5320,#5370,#5403,#5451,#5492,#5531,#5581,#5614,#5662,#5703,
    #5742,#5792,#5834,#5882,#5923,#5962,#6012,#6045,#6086,#6125,#6165,
    #6215,#6248,#6298,#6331,#6370,#6409,#6448,#6487,#6526,#6565,#6604,
    #6643,#6691,#6739,#6787,#6826,#6867,#6900,#6932,#6973,#7006,#7038,
    #7079,#7112,#7144,#7176,#7217,#7250,#7298,#7330,#7371,#7421,#7460,
    #7499,#7531,#7579,#7620,#7661,#7685,#7705,#7725,#7754,#7774,#7794,
    #7814,#7834,#7854,#7874,#7894,#7914,#7934,#7954,#7978,#7998,#8018,
    #8038,#8247,#8271,#8318,#8358,#8390,#8414,#8431,#8454,#8478,#8496,
    #8528,#8551,#8600,#8624,#8662,#8686,#8718,#8751,#8769,#8816,#8845,
    #8868,#8893,#8918,#8943,#8979,#8997,#9067,#9092,#9117,#9134,#9182,
    #9230,#9262,#9287,#9333,#9358,#9406,#9431,#9448,#9465,#9482,#9499,
    #9516,#9558,#9626,#9658,#9716,#9805,#9847,#9878,#9909,#9940,#9973,
    #9998,#10029,#10053,#10081,#10105,#10122,#10164,#10232,#10264,#10322
    ,#10355,#10379,#10405,#10422,#10455,#10479,#10505,#10522,#10547,
    #10579,#10604,#10628,#10651,#10668,#10685,#10702,#10719,#10736,
    #10753,#10770,#10794,#10813,#10830,#10847,#10864,#10881,#10898,
    #10915,#10931,#10950,#10983,#11007,#11033,#11050,#11083,#11107,
    #11133,#11150,#11169,#11202,#11226,#11243,#11274,#11300,#11324,
    #11341,#11384,#11423,#11465,#11503,#11546,#11563,#11580,#11597,
    #11614,#11631,#11670,#11687,#11705,#11755,#11789,#11806,#11839,
    #11894,#11912,#11935,#11960,#11988,#12026,#12066,#12105,#12144,
    #12171,#12195,#12226,#12262,#12287,#12328,#12368,#12449,#12482,
    #12581,#12650,#12677,#12694,#12719,#12744,#12769,#12794,#12811,
    #12851,#12882,#12910,#12937,#12949,#12971,#12988,#13013,#13038,
    #13050,#13062,#13074,#13091,#13121,#13139,#13156,#13177,#13194,
    #13214,#13232,#13254,#13271,#13288,#13320,#13337,#13356,#13373,
    #13390,#13407,#13425,#13445,#13457,#13474,#13491,#13508,#13525,
    #13556,#13573,#13590));
#17 = ADVANCED_FACE('',(#18),#52,.T.);
#18 = FACE_BOUND('',#19,.T.);
#19 = EDGE_LOOP('',(#20,#30,#38,#46));
#20 = ORIENTED_EDGE('',*,*,#21,.T.);
#21 = EDGE_CURVE('',#22,#24,#26,.T.);
#22 = VERTEX_POINT('',#23);
#23 = CARTESIAN_POINT('',(-16.46142052253,20.019002118758,
    -1.836390868803E-14));
#24 = VERTEX_POINT('',#25);
#25 = CARTESIAN_POINT('',(-16.46142052253,19.619002118758,0.4));
#26 = LINE('',#27,#28);
#27 = CARTESIAN_POINT('',(-16.46142052253,10.281315234352,9.737686884403
    ));
#28 = VECTOR('',#29,1.);
#29 = DIRECTION('',(-2.162353798307E-14,-0.707106781187,0.707106781186)
  );
#30 = ORIENTED_EDGE('',*,*,#31,.T.);
#31 = EDGE_CURVE('',#24,#32,#34,.T.);
#32 = VERTEX_POINT('',#33);
#33 = CARTESIAN_POINT('',(-17.25573172551,19.619002118758,0.4));
#34 = LINE('',#35,#36);
#35 = CARTESIAN_POINT('',(-7.958183604877,19.619002118757,0.4));
#36 = VECTOR('',#37,1.);
#37 = DIRECTION('',(-1.,2.177041321701E-14,-1.115119404864E-15));
#38 = ORIENTED_EDGE('',*,*,#39,.F.);
#39 = EDGE_CURVE('',#40,#32,#42,.T.);
#40 = VERTEX_POINT('',#41);
#41 = CARTESIAN_POINT('',(-17.25547880084,20.019002118758,
    -1.924937848277E-14));
#42 = LINE('',#43,#44);
#43 = CARTESIAN_POINT('',(-17.25786837815,16.239889067498,3.779113051259
    ));
#44 = VECTOR('',#45,1.);
#45 = DIRECTION('',(-4.471118298731E-04,-0.707106710508,0.707106710508)
  );
#46 = ORIENTED_EDGE('',*,*,#47,.T.);
#47 = EDGE_CURVE('',#40,#22,#48,.T.);
#48 = LINE('',#49,#50);
#49 = CARTESIAN_POINT('',(-7.958183604877,20.019002118757,
    -8.881784197001E-15));
#50 = VECTOR('',#51,1.);
#51 = DIRECTION('',(1.,-2.177041321701E-14,1.115119404864E-15));
#52 = PLANE('',#53);
#53 = AXIS2_PLACEMENT_3D('',#54,#55,#56);
#54 = CARTESIAN_POINT('',(-7.958183604877,19.819002118757,0.2));
#55 = DIRECTION('',(-1.460549832197E-14,-0.707106781186,-0.707106781187)
  );
#56 = DIRECTION('',(-1.,3.470987982972E-29,2.065529381214E-14));
#57 = ADVANCED_FACE('',(#58,#147,#158),#169,.F.);
#58 = FACE_BOUND('',#59,.T.);
#59 = EDGE_LOOP('',(#60,#61,#69,#77,#85,#93,#101,#109,#117,#125,#133,
    #141));
#60 = ORIENTED_EDGE('',*,*,#21,.F.);
#61 = ORIENTED_EDGE('',*,*,#62,.F.);
#62 = EDGE_CURVE('',#63,#22,#65,.T.);
#63 = VERTEX_POINT('',#64);
#64 = CARTESIAN_POINT('',(-16.46142052253,-20.78137164992,
    -1.83407358622E-14));
#65 = LINE('',#66,#67);
#66 = CARTESIAN_POINT('',(-16.46142052253,-9.621816005171,
    -1.83407358622E-14));
#67 = VECTOR('',#68,1.);
#68 = DIRECTION('',(2.220624198067E-14,1.,2.480013297626E-29));
#69 = ORIENTED_EDGE('',*,*,#70,.T.);
#70 = EDGE_CURVE('',#63,#71,#73,.T.);
#71 = VERTEX_POINT('',#72);
#72 = CARTESIAN_POINT('',(-16.46142052253,-20.78137164992,
    32.300002249963));
#73 = LINE('',#74,#75);
#74 = CARTESIAN_POINT('',(-16.46142052253,-20.78137164992,
    -1.24607922612E-13));
#75 = VECTOR('',#76,1.);
#76 = DIRECTION('',(-8.374058701482E-15,7.787331452228E-15,1.));
#77 = ORIENTED_EDGE('',*,*,#78,.F.);
#78 = EDGE_CURVE('',#79,#71,#81,.T.);
#79 = VERTEX_POINT('',#80);
#80 = CARTESIAN_POINT('',(-16.46142052253,-22.78137164992,
    32.300002249963));
#81 = LINE('',#82,#83);
#82 = CARTESIAN_POINT('',(-16.46142052253,-19.65655830533,
    32.300002249963));
#83 = VECTOR('',#84,1.);
#84 = DIRECTION('',(2.220624198067E-14,1.,-5.591883708476E-15));
#85 = ORIENTED_EDGE('',*,*,#86,.F.);
#86 = EDGE_CURVE('',#87,#79,#89,.T.);
#87 = VERTEX_POINT('',#88);
#88 = CARTESIAN_POINT('',(-16.46142052253,-22.78137164992,
    34.371575125217));
#89 = LINE('',#90,#91);
#90 = CARTESIAN_POINT('',(-16.46142052253,-22.78137164992,
    10.050000562491));
#91 = VECTOR('',#92,1.);
#92 = DIRECTION('',(8.374058701482E-15,-7.787331452228E-15,-1.));
#93 = ORIENTED_EDGE('',*,*,#94,.F.);
#94 = EDGE_CURVE('',#95,#87,#97,.T.);
#95 = VERTEX_POINT('',#96);
#96 = CARTESIAN_POINT('',(-16.46142052253,-20.60979877467,
    32.200002249963));
#97 = LINE('',#98,#99);
#98 = CARTESIAN_POINT('',(-16.46142052253,-11.83317809204,
    23.423381567331));
#99 = VECTOR('',#100,1.);
#100 = DIRECTION('',(-2.162353798307E-14,-0.707106781187,0.707106781187)
  );
#101 = ORIENTED_EDGE('',*,*,#102,.F.);
#102 = EDGE_CURVE('',#103,#95,#105,.T.);
#103 = VERTEX_POINT('',#104);
#104 = CARTESIAN_POINT('',(-16.46142052253,-9.438225899422,
    32.200002249963));
#105 = LINE('',#106,#107);
#106 = CARTESIAN_POINT('',(-16.46142052253,-19.15655853439,
    32.200002249963));
#107 = VECTOR('',#108,1.);
#108 = DIRECTION('',(-2.220624198067E-14,-1.,7.787331452228E-15));
#109 = ORIENTED_EDGE('',*,*,#110,.T.);
#110 = EDGE_CURVE('',#103,#111,#113,.T.);
#111 = VERTEX_POINT('',#112);
#112 = CARTESIAN_POINT('',(-16.46142052253,-7.639950293692,
    34.743148000471));
#113 = LINE('',#114,#115);
#114 = CARTESIAN_POINT('',(-16.46142052253,-17.04752422858,
    21.438829352712));
#115 = VECTOR('',#116,1.);
#116 = DIRECTION('',(5.983389486979E-15,0.57735026919,0.816496580928));
#117 = ORIENTED_EDGE('',*,*,#118,.T.);
#118 = EDGE_CURVE('',#111,#119,#121,.T.);
#119 = VERTEX_POINT('',#120);
#120 = CARTESIAN_POINT('',(-16.46142052253,-4.89264148715,
    38.628429374709));
#121 = LINE('',#122,#123);
#122 = CARTESIAN_POINT('',(-16.46142052253,-7.639950293692,
    34.743148000471));
#123 = VECTOR('',#124,1.);
#124 = DIRECTION('',(0.,0.57735026919,0.816496580928));
#125 = ORIENTED_EDGE('',*,*,#126,.T.);
#126 = EDGE_CURVE('',#119,#127,#129,.T.);
#127 = VERTEX_POINT('',#128);
#128 = CARTESIAN_POINT('',(-16.46142052253,-4.069366547458,
    40.200002249963));
#129 = ( BOUNDED_CURVE() B_SPLINE_CURVE(2,(#130,#131,#132),
.UNSPECIFIED.,.F.,.F.) B_SPLINE_CURVE_WITH_KNOTS((3,3),(1.434004196834,
2.251070606048),.PIECEWISE_BEZIER_KNOTS.) CURVE() 
GEOMETRIC_REPRESENTATION_ITEM() RATIONAL_B_SPLINE_CURVE((4.179791402129,
4.75281893057,4.946529687952)) REPRESENTATION_ITEM('') );
#130 = CARTESIAN_POINT('',(-16.46142052253,-4.89264148715,
    38.628429374709));
#131 = CARTESIAN_POINT('',(-16.46142052253,-4.252283865248,
    39.534031808372));
#132 = CARTESIAN_POINT('',(-16.46142052253,-4.069366547457,
    40.200002249965));
#133 = ORIENTED_EDGE('',*,*,#134,.F.);
#134 = EDGE_CURVE('',#135,#127,#137,.T.);
#135 = VERTEX_POINT('',#136);
#136 = CARTESIAN_POINT('',(-16.46142052253,19.619002118758,
    40.200002249963));
#137 = LINE('',#138,#139);
#138 = CARTESIAN_POINT('',(-16.46142052253,-18.55655853439,
    40.200002249963));
#139 = VECTOR('',#140,1.);
#140 = DIRECTION('',(-2.220624198067E-14,-1.,-9.276139052181E-29));
#141 = ORIENTED_EDGE('',*,*,#142,.T.);
#142 = EDGE_CURVE('',#135,#24,#143,.T.);
#143 = LINE('',#144,#145);
#144 = CARTESIAN_POINT('',(-16.46142052253,19.619002118758,
    4.876985693952));
#145 = VECTOR('',#146,1.);
#146 = DIRECTION('',(8.374058701483E-15,-4.257608434318E-16,-1.));
#147 = FACE_BOUND('',#148,.T.);
#148 = EDGE_LOOP('',(#149));
#149 = ORIENTED_EDGE('',*,*,#150,.F.);
#150 = EDGE_CURVE('',#151,#151,#153,.T.);
#151 = VERTEX_POINT('',#152);
#152 = CARTESIAN_POINT('',(-16.46142052253,3.175113409694,
    27.500539030917));
#153 = CIRCLE('',#154,3.4);
#154 = AXIS2_PLACEMENT_3D('',#155,#156,#157);
#155 = CARTESIAN_POINT('',(-16.46142052253,6.575113409694,
    27.500539030917));
#156 = DIRECTION('',(-1.,2.220624198067E-14,-8.374058701483E-15));
#157 = DIRECTION('',(2.220624198067E-14,1.,9.276139052181E-29));
#158 = FACE_BOUND('',#159,.T.);
#159 = EDGE_LOOP('',(#160));
#160 = ORIENTED_EDGE('',*,*,#161,.F.);
#161 = EDGE_CURVE('',#162,#162,#164,.T.);
#162 = VERTEX_POINT('',#163);
#163 = CARTESIAN_POINT('',(-16.46142052253,-8.374882010756,
    28.750270290319));
#164 = CIRCLE('',#165,3.4);
#165 = AXIS2_PLACEMENT_3D('',#166,#167,#168);
#166 = CARTESIAN_POINT('',(-16.46142052253,-4.974882010756,
    28.750270290319));
#167 = DIRECTION('',(-1.,2.220624198067E-14,-8.374058701483E-15));
#168 = DIRECTION('',(2.220624198067E-14,1.,9.276139052181E-29));
#169 = PLANE('',#170);
#170 = AXIS2_PLACEMENT_3D('',#171,#172,#173);
#171 = CARTESIAN_POINT('',(-16.46142052253,-18.53174541885,
    -1.377308995508E-13));
#172 = DIRECTION('',(1.,-2.220624198067E-14,8.374058701483E-15));
#173 = DIRECTION('',(2.220624198067E-14,1.,9.276139052181E-29));
#174 = ADVANCED_FACE('',(#175),#209,.T.);
#175 = FACE_BOUND('',#176,.T.);
#176 = EDGE_LOOP('',(#177,#187,#195,#203));
#177 = ORIENTED_EDGE('',*,*,#178,.T.);
#178 = EDGE_CURVE('',#179,#181,#183,.T.);
#179 = VERTEX_POINT('',#180);
#180 = CARTESIAN_POINT('',(-26.71142052253,13.732711669926,
    2.720394978944));
#181 = VERTEX_POINT('',#182);
#182 = CARTESIAN_POINT('',(-26.71142052253,13.732711669927,
    -2.986018159578E-14));
#183 = LINE('',#184,#185);
#184 = CARTESIAN_POINT('',(-26.71142052253,13.732711669927,
    -1.11857953663));
#185 = VECTOR('',#186,1.);
#186 = DIRECTION('',(8.374058701486E-15,1.572122542832E-13,-1.));
#187 = ORIENTED_EDGE('',*,*,#188,.F.);
#188 = EDGE_CURVE('',#189,#181,#191,.T.);
#189 = VERTEX_POINT('',#190);
#190 = CARTESIAN_POINT('',(-27.11142052253,14.132711669927,
    -3.0184188482E-14));
#191 = LINE('',#192,#193);
#192 = CARTESIAN_POINT('',(-16.54407577261,3.565366920002,
    -1.85223781692E-14));
#193 = VECTOR('',#194,1.);
#194 = DIRECTION('',(0.707106781187,-0.707106781187,7.885084930118E-16)
  );
#195 = ORIENTED_EDGE('',*,*,#196,.T.);
#196 = EDGE_CURVE('',#189,#197,#199,.T.);
#197 = VERTEX_POINT('',#198);
#198 = CARTESIAN_POINT('',(-27.11142052253,14.132711669926,
    2.720394978944));
#199 = LINE('',#200,#201);
#200 = CARTESIAN_POINT('',(-27.11142052253,14.132711669927,
    -1.11857953663));
#201 = VECTOR('',#202,1.);
#202 = DIRECTION('',(-8.374058701486E-15,-1.572122542832E-13,1.));
#203 = ORIENTED_EDGE('',*,*,#204,.T.);
#204 = EDGE_CURVE('',#197,#179,#205,.T.);
#205 = LINE('',#206,#207);
#206 = CARTESIAN_POINT('',(-27.11142052253,14.132711669926,
    2.720394978944));
#207 = VECTOR('',#208,1.);
#208 = DIRECTION('',(0.707106781187,-0.707106781187,-1.059812409612E-13)
  );
#209 = PLANE('',#210);
#210 = AXIS2_PLACEMENT_3D('',#211,#212,#213);
#211 = CARTESIAN_POINT('',(-26.91142052253,13.932711669927,
    -1.11857953663));
#212 = DIRECTION('',(0.707106781187,0.707106781187,1.170872047832E-13));
#213 = DIRECTION('',(1.655863129847E-13,4.291403324402E-28,-1.));
#214 = ADVANCED_FACE('',(#215,#543,#554,#565),#576,.T.);
#215 = FACE_BOUND('',#216,.T.);
#216 = EDGE_LOOP('',(#217,#218,#219,#227,#235,#243,#252,#260,#269,#278,
    #287,#296,#304,#312,#320,#328,#336,#344,#352,#360,#368,#376,#384,
    #392,#400,#409,#418,#426,#434,#442,#450,#458,#466,#474,#482,#490,
    #498,#506,#514,#522,#528,#529,#537));
#217 = ORIENTED_EDGE('',*,*,#62,.T.);
#218 = ORIENTED_EDGE('',*,*,#47,.F.);
#219 = ORIENTED_EDGE('',*,*,#220,.F.);
#220 = EDGE_CURVE('',#221,#40,#223,.T.);
#221 = VERTEX_POINT('',#222);
#222 = CARTESIAN_POINT('',(-17.24861979553,30.866445838216,
    -1.920799587274E-14));
#223 = LINE('',#224,#225);
#224 = CARTESIAN_POINT('',(-17.26004479722,12.797822234316,
    -1.922073611382E-14));
#225 = VECTOR('',#226,1.);
#226 = DIRECTION('',(-6.323115504932E-04,-0.999999800091,
    -7.051028798745E-19));
#227 = ORIENTED_EDGE('',*,*,#228,.F.);
#228 = EDGE_CURVE('',#229,#221,#231,.T.);
#229 = VERTEX_POINT('',#230);
#230 = CARTESIAN_POINT('',(-16.48209275674,31.632972877008,
    -1.837706227092E-14));
#231 = LINE('',#232,#233);
#232 = CARTESIAN_POINT('',(-20.66107616401,27.453989469733,
    -2.303712776097E-14));
#233 = VECTOR('',#234,1.);
#234 = DIRECTION('',(-0.707106781187,-0.707106781187,-7.885084930118E-16
    ));
#235 = ORIENTED_EDGE('',*,*,#236,.F.);
#236 = EDGE_CURVE('',#237,#229,#239,.T.);
#237 = VERTEX_POINT('',#238);
#238 = CARTESIAN_POINT('',(-10.60679990946,31.636687892754,
    -1.179654269837E-14));
#239 = LINE('',#240,#241);
#240 = CARTESIAN_POINT('',(-6.078457552588E-02,31.643356261919,
    -6.938893903907E-17));
#241 = VECTOR('',#242,1.);
#242 = DIRECTION('',(-0.999999800091,-6.323115504281E-04,
    -1.115119181941E-15));
#243 = ORIENTED_EDGE('',*,*,#244,.F.);
#244 = EDGE_CURVE('',#245,#237,#247,.T.);
#245 = VERTEX_POINT('',#246);
#246 = CARTESIAN_POINT('',(-10.00642052253,31.03668801143,
    -1.110223024625E-14));
#247 = CIRCLE('',#248,0.60000000127);
#248 = AXIS2_PLACEMENT_3D('',#249,#250,#251);
#249 = CARTESIAN_POINT('',(-10.60642052253,31.03668801143,
    -1.179611963664E-14));
#250 = DIRECTION('',(-1.115119404864E-15,-9.860761315263E-32,1.));
#251 = DIRECTION('',(0.706883189944,0.707330301751,7.88259162078E-16));
#252 = ORIENTED_EDGE('',*,*,#253,.F.);
#253 = EDGE_CURVE('',#254,#245,#256,.T.);
#254 = VERTEX_POINT('',#255);
#255 = CARTESIAN_POINT('',(-10.00642052253,26.001640776962,
    -1.111235885301E-14));
#256 = LINE('',#257,#258);
#257 = CARTESIAN_POINT('',(-10.00642052253,12.891966135797,
    -1.110223024625E-14));
#258 = VECTOR('',#259,1.);
#259 = DIRECTION('',(2.220624198067E-14,1.,2.480013297626E-29));
#260 = ORIENTED_EDGE('',*,*,#261,.F.);
#261 = EDGE_CURVE('',#262,#254,#264,.T.);
#262 = VERTEX_POINT('',#263);
#263 = CARTESIAN_POINT('',(-11.09575395407,23.421611051933,
    -1.232709570089E-14));
#264 = CIRCLE('',#265,3.6);
#265 = AXIS2_PLACEMENT_3D('',#266,#267,#268);
#266 = CARTESIAN_POINT('',(-13.60642052253,26.001640776962,
    -1.512678871052E-14));
#267 = DIRECTION('',(-1.115119404864E-15,-4.930380657631E-32,1.));
#268 = DIRECTION('',(0.923879532511,-0.382683432365,1.03023599446E-15));
#269 = ORIENTED_EDGE('',*,*,#270,.F.);
#270 = EDGE_CURVE('',#271,#262,#273,.T.);
#271 = VERTEX_POINT('',#272);
#272 = CARTESIAN_POINT('',(-13.76605582769,21.661476590772,
    -1.532099528573E-14));
#273 = CIRCLE('',#274,7.6);
#274 = AXIS2_PLACEMENT_3D('',#275,#276,#277);
#275 = CARTESIAN_POINT('',(-16.51992100596,28.744994543026,
    -1.838806884535E-14));
#276 = DIRECTION('',(-1.115119404864E-15,0.,1.));
#277 = DIRECTION('',(0.546428184436,-0.837505963713,6.093326718287E-16)
  );
#278 = ORIENTED_EDGE('',*,*,#279,.F.);
#279 = EDGE_CURVE('',#280,#271,#282,.T.);
#280 = VERTEX_POINT('',#281);
#281 = CARTESIAN_POINT('',(-14.21526627887,15.537275095776,
    -1.584050285907E-14));
#282 = CIRCLE('',#283,3.4);
#283 = AXIS2_PLACEMENT_3D('',#284,#285,#286);
#284 = CARTESIAN_POINT('',(-12.53406351109,18.492534348974,
    -1.394717674685E-14));
#285 = DIRECTION('',(1.115119404864E-15,3.752163452453E-32,-1.));
#286 = DIRECTION('',(-1.,2.584044089815E-14,-1.115119404864E-15));
#287 = ORIENTED_EDGE('',*,*,#288,.F.);
#288 = EDGE_CURVE('',#289,#280,#291,.T.);
#289 = VERTEX_POINT('',#290);
#290 = CARTESIAN_POINT('',(-13.40642052253,14.146564858977,
    -1.49186218934E-14));
#291 = CIRCLE('',#292,1.6);
#292 = AXIS2_PLACEMENT_3D('',#293,#294,#295);
#293 = CARTESIAN_POINT('',(-15.00642052253,14.146564858977,
    -1.672273430842E-14));
#294 = DIRECTION('',(-1.115119404864E-15,0.,1.));
#295 = DIRECTION('',(0.864427961801,0.502756699464,9.639403943114E-16));
#296 = ORIENTED_EDGE('',*,*,#297,.F.);
#297 = EDGE_CURVE('',#298,#289,#300,.T.);
#298 = VERTEX_POINT('',#299);
#299 = CARTESIAN_POINT('',(-13.40642052253,11.278518491613,
    -1.49186218934E-14));
#300 = LINE('',#301,#302);
#301 = CARTESIAN_POINT('',(-13.40642052253,10.328557763635,
    -1.49186218934E-14));
#302 = VECTOR('',#303,1.);
#303 = DIRECTION('',(2.220624198067E-14,1.,2.480013297626E-29));
#304 = ORIENTED_EDGE('',*,*,#305,.F.);
#305 = EDGE_CURVE('',#306,#298,#308,.T.);
#306 = VERTEX_POINT('',#307);
#307 = CARTESIAN_POINT('',(-15.40642052216,9.278518491982,
    -1.71660042081E-14));
#308 = LINE('',#309,#310);
#309 = CARTESIAN_POINT('',(-13.51549796497,11.169441049172,
    -1.505739977148E-14));
#310 = VECTOR('',#311,1.);
#311 = DIRECTION('',(0.707106781187,0.707106781187,7.885084930118E-16));
#312 = ORIENTED_EDGE('',*,*,#313,.F.);
#313 = EDGE_CURVE('',#314,#306,#316,.T.);
#314 = VERTEX_POINT('',#315);
#315 = CARTESIAN_POINT('',(-15.40642052216,-8.697372968729,
    -1.713906794265E-14));
#316 = LINE('',#317,#318);
#317 = CARTESIAN_POINT('',(-15.40642052216,-0.713924677189,
    -1.713906794265E-14));
#318 = VECTOR('',#319,1.);
#319 = DIRECTION('',(2.584044089815E-14,1.,2.885269871029E-29));
#320 = ORIENTED_EDGE('',*,*,#321,.F.);
#321 = EDGE_CURVE('',#322,#314,#324,.T.);
#322 = VERTEX_POINT('',#323);
#323 = CARTESIAN_POINT('',(-13.40642052253,-10.69737296836,
    -1.493958482509E-14));
#324 = LINE('',#325,#326);
#325 = CARTESIAN_POINT('',(-13.01426828841,-11.08952520247,
    -1.450228825917E-14));
#326 = VECTOR('',#327,1.);
#327 = DIRECTION('',(-0.707106781187,0.707106781187,-7.885084930118E-16)
  );
#328 = ORIENTED_EDGE('',*,*,#329,.F.);
#329 = EDGE_CURVE('',#330,#322,#332,.T.);
#330 = VERTEX_POINT('',#331);
#331 = CARTESIAN_POINT('',(-13.40642052253,-15.36600211846,
    -1.49186218934E-14));
#332 = LINE('',#333,#334);
#333 = CARTESIAN_POINT('',(-13.40642052253,10.328557763635,
    -1.49186218934E-14));
#334 = VECTOR('',#335,1.);
#335 = DIRECTION('',(2.220624198067E-14,1.,2.480013297626E-29));
#336 = ORIENTED_EDGE('',*,*,#337,.F.);
#337 = EDGE_CURVE('',#338,#330,#340,.T.);
#338 = VERTEX_POINT('',#339);
#339 = CARTESIAN_POINT('',(-14.17210594748,-16.13168754341,
    -1.579415918343E-14));
#340 = LINE('',#341,#342);
#341 = CARTESIAN_POINT('',(-6.604367812465,-8.563949408376,
    -7.355227538142E-15));
#342 = VECTOR('',#343,1.);
#343 = DIRECTION('',(0.707106781186,0.707106781187,7.885084930108E-16));
#344 = ORIENTED_EDGE('',*,*,#345,.F.);
#345 = EDGE_CURVE('',#346,#338,#348,.T.);
#346 = VERTEX_POINT('',#347);
#347 = CARTESIAN_POINT('',(-15.86141992648,-16.13168754341,
    -1.768726958639E-14));
#348 = LINE('',#349,#350);
#349 = CARTESIAN_POINT('',(6.844716089308,-16.13168754341,
    7.632783294298E-15));
#350 = VECTOR('',#351,1.);
#351 = DIRECTION('',(1.,-7.037392825202E-45,1.115119404864E-15));
#352 = ORIENTED_EDGE('',*,*,#353,.F.);
#353 = EDGE_CURVE('',#354,#346,#356,.T.);
#354 = VERTEX_POINT('',#355);
#355 = CARTESIAN_POINT('',(-15.86141992648,-26.73174541885,
    -1.769417945496E-14));
#356 = LINE('',#357,#358);
#357 = CARTESIAN_POINT('',(-15.86141992648,-9.646629120708,
    -1.769417945496E-14));
#358 = VECTOR('',#359,1.);
#359 = DIRECTION('',(2.220624198067E-14,1.,2.480013297626E-29));
#360 = ORIENTED_EDGE('',*,*,#361,.F.);
#361 = EDGE_CURVE('',#362,#354,#364,.T.);
#362 = VERTEX_POINT('',#363);
#363 = CARTESIAN_POINT('',(15.84732852602,-26.73174541885,
    1.769417945496E-14));
#364 = LINE('',#365,#366);
#365 = CARTESIAN_POINT('',(-4.331989212445E-02,-26.73174541885,0.));
#366 = VECTOR('',#367,1.);
#367 = DIRECTION('',(-1.,-1.107545045259E-14,-1.115119404864E-15));
#368 = ORIENTED_EDGE('',*,*,#369,.F.);
#369 = EDGE_CURVE('',#370,#362,#372,.T.);
#370 = VERTEX_POINT('',#371);
#371 = CARTESIAN_POINT('',(15.84732852602,-15.24975300081,
    1.769417945496E-14));
#372 = LINE('',#373,#374);
#373 = CARTESIAN_POINT('',(15.84732852602,-9.646629120709,
    1.769417945496E-14));
#374 = VECTOR('',#375,1.);
#375 = DIRECTION('',(-5.177809915847E-17,-1.,-9.52603976431E-32));
#376 = ORIENTED_EDGE('',*,*,#377,.F.);
#377 = EDGE_CURVE('',#378,#370,#380,.T.);
#378 = VERTEX_POINT('',#379);
#379 = CARTESIAN_POINT('',(14.158014547976,-15.24975299508,
    1.580863413675E-14));
#380 = LINE('',#381,#382);
#381 = CARTESIAN_POINT('',(6.452844644909,-15.24975296892,
    7.216449660064E-15));
#382 = VECTOR('',#383,1.);
#383 = DIRECTION('',(1.,-3.394944213941E-09,1.115119404864E-15));
#384 = ORIENTED_EDGE('',*,*,#385,.F.);
#385 = EDGE_CURVE('',#386,#378,#388,.T.);
#386 = VERTEX_POINT('',#387);
#387 = CARTESIAN_POINT('',(13.392329122067,-14.48406756657,
    1.494700818279E-14));
#388 = LINE('',#389,#390);
#389 = CARTESIAN_POINT('',(6.770963019634,-7.86270144166,
    7.563394355259E-15));
#390 = VECTOR('',#391,1.);
#391 = DIRECTION('',(0.707106779986,-0.707106782387,7.885084916733E-16)
  );
#392 = ORIENTED_EDGE('',*,*,#393,.F.);
#393 = EDGE_CURVE('',#394,#386,#396,.T.);
#394 = VERTEX_POINT('',#395);
#395 = CARTESIAN_POINT('',(13.392329122067,14.039442613575,
    1.498801083244E-14));
#396 = LINE('',#397,#398);
#397 = CARTESIAN_POINT('',(13.392329122067,10.328557763635,
    1.498801083244E-14));
#398 = VECTOR('',#399,1.);
#399 = DIRECTION('',(-5.177809915847E-17,-1.,-9.52603976431E-32));
#400 = ORIENTED_EDGE('',*,*,#401,.F.);
#401 = EDGE_CURVE('',#402,#394,#404,.T.);
#402 = VERTEX_POINT('',#403);
#403 = CARTESIAN_POINT('',(14.192014656444,15.424901655233,
    1.583028811781E-14));
#404 = CIRCLE('',#405,1.6);
#405 = AXIS2_PLACEMENT_3D('',#406,#407,#408);
#406 = CARTESIAN_POINT('',(14.992329122067,14.039442613575,
    1.672273430842E-14));
#407 = DIRECTION('',(-1.115119404864E-15,9.860761315263E-32,1.));
#408 = DIRECTION('',(-0.86608213843,0.499901719834,-9.65784998769E-16));
#409 = ORIENTED_EDGE('',*,*,#410,.F.);
#410 = EDGE_CURVE('',#411,#402,#413,.T.);
#411 = VERTEX_POINT('',#412);
#412 = CARTESIAN_POINT('',(14.948478892054,16.019002118757,
    1.668717285011E-14));
#413 = CIRCLE('',#414,3.4);
#414 = AXIS2_PLACEMENT_3D('',#415,#416,#417);
#415 = CARTESIAN_POINT('',(12.491346416994,18.369002118758,
    1.394717674685E-14));
#416 = DIRECTION('',(1.115119404864E-15,3.697785493223E-32,-1.));
#417 = DIRECTION('',(0.997951290525,6.397829115583E-02,
    1.112834849173E-15));
#418 = ORIENTED_EDGE('',*,*,#419,.F.);
#419 = EDGE_CURVE('',#420,#411,#422,.T.);
#420 = VERTEX_POINT('',#421);
#421 = CARTESIAN_POINT('',(16.447329122067,16.019002118757,
    1.836245693183E-14));
#422 = LINE('',#423,#424);
#423 = CARTESIAN_POINT('',(8.230344668909,16.019002118757,
    9.228728892197E-15));
#424 = VECTOR('',#425,1.);
#425 = DIRECTION('',(-1.,-1.750789380897E-16,-1.115119404864E-15));
#426 = ORIENTED_EDGE('',*,*,#427,.T.);
#427 = EDGE_CURVE('',#420,#428,#430,.T.);
#428 = VERTEX_POINT('',#429);
#429 = CARTESIAN_POINT('',(16.447329122067,-20.78137164992,
    1.83564494563E-14));
#430 = LINE('',#431,#432);
#431 = CARTESIAN_POINT('',(16.447329122067,-9.621816005172,
    1.83564494563E-14));
#432 = VECTOR('',#433,1.);
#433 = DIRECTION('',(-5.177809915847E-17,-1.,-9.52603976431E-32));
#434 = ORIENTED_EDGE('',*,*,#435,.F.);
#435 = EDGE_CURVE('',#436,#428,#438,.T.);
#436 = VERTEX_POINT('',#437);
#437 = CARTESIAN_POINT('',(26.697329122067,-20.78137164992,
    2.978642335615E-14));
#438 = LINE('',#439,#440);
#439 = CARTESIAN_POINT('',(13.205344668909,-20.78137164992,
    1.474124968232E-14));
#440 = VECTOR('',#441,1.);
#441 = DIRECTION('',(-1.,5.177809915847E-17,-1.115119404864E-15));
#442 = ORIENTED_EDGE('',*,*,#443,.T.);
#443 = EDGE_CURVE('',#436,#444,#446,.T.);
#444 = VERTEX_POINT('',#445);
#445 = CARTESIAN_POINT('',(26.697329122067,13.732711669925,
    2.974077168626E-14));
#446 = LINE('',#447,#448);
#447 = CARTESIAN_POINT('',(26.697329122067,10.428557763635,
    2.978642335615E-14));
#448 = VECTOR('',#449,1.);
#449 = DIRECTION('',(0.,1.,3.752163452453E-32));
#450 = ORIENTED_EDGE('',*,*,#451,.T.);
#451 = EDGE_CURVE('',#444,#452,#454,.T.);
#452 = VERTEX_POINT('',#453);
#453 = CARTESIAN_POINT('',(27.097329122061,14.132711669925,
    3.025357742104E-14));
#454 = LINE('',#455,#456);
#455 = CARTESIAN_POINT('',(16.490187330135,3.525569877993,
    1.835858980588E-14));
#456 = VECTOR('',#457,1.);
#457 = DIRECTION('',(0.707106781187,0.707106781187,7.885084930118E-16));
#458 = ORIENTED_EDGE('',*,*,#459,.T.);
#459 = EDGE_CURVE('',#452,#460,#462,.T.);
#460 = VERTEX_POINT('',#461);
#461 = CARTESIAN_POINT('',(27.297329122067,14.132711669925,
    3.044951814051E-14));
#462 = LINE('',#463,#464);
#463 = CARTESIAN_POINT('',(13.805344668909,14.132711669925,
    1.540434446667E-14));
#464 = VECTOR('',#465,1.);
#465 = DIRECTION('',(1.,-1.753104354336E-28,1.115119404864E-15));
#466 = ORIENTED_EDGE('',*,*,#467,.F.);
#467 = EDGE_CURVE('',#468,#460,#470,.T.);
#468 = VERTEX_POINT('',#469);
#469 = CARTESIAN_POINT('',(27.697329122067,13.732711669925,
    2.249963291842E-06));
#470 = LINE('',#471,#472);
#471 = CARTESIAN_POINT('',(24.262486460842,17.16755433115,
    2.775557561563E-14));
#472 = VECTOR('',#473,1.);
#473 = DIRECTION('',(-0.707106781187,0.707106781187,-7.885084930118E-16)
  );
#474 = ORIENTED_EDGE('',*,*,#475,.F.);
#475 = EDGE_CURVE('',#476,#468,#478,.T.);
#476 = VERTEX_POINT('',#477);
#477 = CARTESIAN_POINT('',(27.697329122066,-24.30197677042,
    2.249963080064E-06));
#478 = LINE('',#479,#480);
#479 = CARTESIAN_POINT('',(27.697329122067,15.21862835007,
    2.249963300116E-06));
#480 = VECTOR('',#481,1.);
#481 = DIRECTION('',(1.113607662144E-14,1.,5.568038310721E-15));
#482 = ORIENTED_EDGE('',*,*,#483,.T.);
#483 = EDGE_CURVE('',#476,#484,#486,.T.);
#484 = VERTEX_POINT('',#485);
#485 = CARTESIAN_POINT('',(24.267560640393,-27.73174541885,
    2.711346302966E-14));
#486 = LINE('',#487,#488);
#487 = CARTESIAN_POINT('',(25.517472133711,-26.48183392553,
    3.10862446895E-14));
#488 = VECTOR('',#489,1.);
#489 = DIRECTION('',(-0.707106781187,-0.707106781187,-7.885084930118E-16
    ));
#490 = ORIENTED_EDGE('',*,*,#491,.F.);
#491 = EDGE_CURVE('',#492,#484,#494,.T.);
#492 = VERTEX_POINT('',#493);
#493 = CARTESIAN_POINT('',(-24.26756064039,-27.73174541885,
    -2.700899252796E-14));
#494 = LINE('',#495,#496);
#495 = CARTESIAN_POINT('',(-4.684274224137E-02,-27.73174541885,0.));
#496 = VECTOR('',#497,1.);
#497 = DIRECTION('',(1.,1.024114917762E-14,1.115119404864E-15));
#498 = ORIENTED_EDGE('',*,*,#499,.T.);
#499 = EDGE_CURVE('',#492,#500,#502,.T.);
#500 = VERTEX_POINT('',#501);
#501 = CARTESIAN_POINT('',(-27.71142052253,-24.28788553671,
    -2.00852815253E-13));
#502 = LINE('',#503,#504);
#503 = CARTESIAN_POINT('',(-25.56079202583,-26.43851403341,
    -3.330669073875E-14));
#504 = VECTOR('',#505,1.);
#505 = DIRECTION('',(-0.707106781187,0.707106781187,-7.885084930118E-16)
  );
#506 = ORIENTED_EDGE('',*,*,#507,.T.);
#507 = EDGE_CURVE('',#500,#508,#510,.T.);
#508 = VERTEX_POINT('',#509);
#509 = CARTESIAN_POINT('',(-27.71142052253,13.732711669927,
    -2.00852815253E-13));
#510 = LINE('',#511,#512);
#511 = CARTESIAN_POINT('',(-27.71142052253,0.340964321464,
    -2.00852815253E-13));
#512 = VECTOR('',#513,1.);
#513 = DIRECTION('',(2.293932932412E-14,1.,9.817808744474E-29));
#514 = ORIENTED_EDGE('',*,*,#515,.F.);
#515 = EDGE_CURVE('',#516,#508,#518,.T.);
#516 = VERTEX_POINT('',#517);
#517 = CARTESIAN_POINT('',(-27.31142052253,14.132711669927,
    -3.049953911099E-14));
#518 = LINE('',#519,#520);
#519 = CARTESIAN_POINT('',(-24.31637490331,17.127757289143,
    -2.6645352591E-14));
#520 = VECTOR('',#521,1.);
#521 = DIRECTION('',(-0.707106781187,-0.707106781187,-7.885084930118E-16
    ));
#522 = ORIENTED_EDGE('',*,*,#523,.T.);
#523 = EDGE_CURVE('',#516,#189,#524,.T.);
#524 = LINE('',#525,#526);
#525 = CARTESIAN_POINT('',(-13.89903015339,14.132711669926,
    -1.554312234475E-14));
#526 = VECTOR('',#527,1.);
#527 = DIRECTION('',(1.,-4.441248396133E-14,1.115119404864E-15));
#528 = ORIENTED_EDGE('',*,*,#188,.T.);
#529 = ORIENTED_EDGE('',*,*,#530,.T.);
#530 = EDGE_CURVE('',#181,#531,#533,.T.);
#531 = VERTEX_POINT('',#532);
#532 = CARTESIAN_POINT('',(-26.71142052253,-20.78137164992,
    -2.977070976205E-14));
#533 = LINE('',#534,#535);
#534 = CARTESIAN_POINT('',(-26.71142052253,10.428557763635,
    -2.977070976205E-14));
#535 = VECTOR('',#536,1.);
#536 = DIRECTION('',(-2.225802007982E-14,-1.,-2.485787173938E-29));
#537 = ORIENTED_EDGE('',*,*,#538,.F.);
#538 = EDGE_CURVE('',#63,#531,#539,.T.);
#539 = LINE('',#540,#541);
#540 = CARTESIAN_POINT('',(-13.29903015339,-20.78137164992,
    -1.481429299581E-14));
#541 = VECTOR('',#542,1.);
#542 = DIRECTION('',(-1.,2.000949319431E-14,-1.115119404864E-15));
#543 = FACE_BOUND('',#544,.T.);
#544 = EDGE_LOOP('',(#545));
#545 = ORIENTED_EDGE('',*,*,#546,.F.);
#546 = EDGE_CURVE('',#547,#547,#549,.T.);
#547 = VERTEX_POINT('',#548);
#548 = CARTESIAN_POINT('',(-19.30546131568,-23.98180762238,
    -1.412758798836E-13));
#549 = CIRCLE('',#550,2.75);
#550 = AXIS2_PLACEMENT_3D('',#551,#552,#553);
#551 = CARTESIAN_POINT('',(-22.05546131568,-23.98180762238,
    -1.600108934241E-13));
#552 = DIRECTION('',(7.258939296619E-15,-6.833711162423E-29,-1.));
#553 = DIRECTION('',(-1.,2.584044089815E-14,-7.258939296619E-15));
#554 = FACE_BOUND('',#555,.T.);
#555 = EDGE_LOOP('',(#556));
#556 = ORIENTED_EDGE('',*,*,#557,.F.);
#557 = EDGE_CURVE('',#558,#558,#560,.T.);
#558 = VERTEX_POINT('',#559);
#559 = CARTESIAN_POINT('',(18.872270380805,-23.98145704941,
    -1.444636436578E-14));
#560 = CIRCLE('',#561,2.75);
#561 = AXIS2_PLACEMENT_3D('',#562,#563,#564);
#562 = CARTESIAN_POINT('',(21.622270380805,-23.98145704941,
    -1.137978600241E-14));
#563 = DIRECTION('',(1.115119404864E-15,-1.540200175918E-30,-1.));
#564 = DIRECTION('',(1.,-1.112901003991E-14,1.115119404864E-15));
#565 = FACE_BOUND('',#566,.T.);
#566 = EDGE_LOOP('',(#567));
#567 = ORIENTED_EDGE('',*,*,#568,.F.);
#568 = EDGE_CURVE('',#569,#569,#571,.T.);
#569 = VERTEX_POINT('',#570);
#570 = CARTESIAN_POINT('',(-15.66264780593,26.409235746883,
    -1.135677618294E-13));
#571 = CIRCLE('',#572,2.75);
#572 = AXIS2_PLACEMENT_3D('',#573,#574,#575);
#573 = CARTESIAN_POINT('',(-12.91264780593,26.409235746883,
    -9.360567876371E-14));
#574 = DIRECTION('',(7.258939296619E-15,-6.833711162423E-29,-1.));
#575 = DIRECTION('',(1.,-1.112901003991E-14,7.258939296619E-15));
#576 = PLANE('',#577);
#577 = AXIS2_PLACEMENT_3D('',#578,#579,#580);
#578 = CARTESIAN_POINT('',(-8.663978424941E-02,-0.711886591488,
    -8.090011054701E-17));
#579 = DIRECTION('',(1.115119404864E-15,3.752163452453E-32,-1.));
#580 = DIRECTION('',(1.,1.190742727537E-16,1.115119404864E-15));
#581 = ADVANCED_FACE('',(#582),#632,.F.);
#582 = FACE_BOUND('',#583,.T.);
#583 = EDGE_LOOP('',(#584,#585,#586,#594,#602,#610,#618,#626));
#584 = ORIENTED_EDGE('',*,*,#70,.F.);
#585 = ORIENTED_EDGE('',*,*,#538,.T.);
#586 = ORIENTED_EDGE('',*,*,#587,.F.);
#587 = EDGE_CURVE('',#588,#531,#590,.T.);
#588 = VERTEX_POINT('',#589);
#589 = CARTESIAN_POINT('',(-26.71142052253,-20.78137164992,
    40.200002249963));
#590 = LINE('',#591,#592);
#591 = CARTESIAN_POINT('',(-26.71142052253,-20.78137164992,
    -2.13162820728E-13));
#592 = VECTOR('',#593,1.);
#593 = DIRECTION('',(8.374058701483E-15,-8.835242138475E-29,-1.));
#594 = ORIENTED_EDGE('',*,*,#595,.F.);
#595 = EDGE_CURVE('',#596,#588,#598,.T.);
#596 = VERTEX_POINT('',#597);
#597 = CARTESIAN_POINT('',(-25.71142052253,-20.78137164992,
    40.200002249963));
#598 = LINE('',#599,#600);
#599 = CARTESIAN_POINT('',(-21.63642052253,-20.78137164992,
    40.200002249963));
#600 = VECTOR('',#601,1.);
#601 = DIRECTION('',(-1.,2.220624198067E-14,-8.374058701483E-15));
#602 = ORIENTED_EDGE('',*,*,#603,.F.);
#603 = EDGE_CURVE('',#604,#596,#606,.T.);
#604 = VERTEX_POINT('',#605);
#605 = CARTESIAN_POINT('',(-25.71142052253,-20.78137164992,
    5.585786437627));
#606 = LINE('',#607,#608);
#607 = CARTESIAN_POINT('',(-25.71142052253,-20.78137164992,
    20.100001124981));
#608 = VECTOR('',#609,1.);
#609 = DIRECTION('',(-1.506432264116E-16,7.787331452228E-15,1.));
#610 = ORIENTED_EDGE('',*,*,#611,.T.);
#611 = EDGE_CURVE('',#604,#612,#614,.T.);
#612 = VERTEX_POINT('',#613);
#613 = CARTESIAN_POINT('',(-17.56142052253,-20.78137164992,
    5.585786437626));
#614 = LINE('',#615,#616);
#615 = CARTESIAN_POINT('',(-26.31142052253,-20.78137164992,
    5.585786437627));
#616 = VECTOR('',#617,1.);
#617 = DIRECTION('',(1.,-2.000949319431E-14,-1.506432214826E-16));
#618 = ORIENTED_EDGE('',*,*,#619,.F.);
#619 = EDGE_CURVE('',#620,#612,#622,.T.);
#620 = VERTEX_POINT('',#621);
#621 = CARTESIAN_POINT('',(-17.56142052253,-20.78137164992,
    31.200002249963));
#622 = LINE('',#623,#624);
#623 = CARTESIAN_POINT('',(-17.56142052253,-20.78137164992,3.));
#624 = VECTOR('',#625,1.);
#625 = DIRECTION('',(1.506432264116E-16,-7.787331452228E-15,-1.));
#626 = ORIENTED_EDGE('',*,*,#627,.F.);
#627 = EDGE_CURVE('',#71,#620,#628,.T.);
#628 = LINE('',#629,#630);
#629 = CARTESIAN_POINT('',(-27.34892108502,-20.78137164992,
    21.412501687472));
#630 = VECTOR('',#631,1.);
#631 = DIRECTION('',(-0.707106781187,1.021246590727E-14,-0.707106781187)
  );
#632 = PLANE('',#633);
#633 = AXIS2_PLACEMENT_3D('',#634,#635,#636);
#634 = CARTESIAN_POINT('',(-26.51142052253,-20.78137164992,
    -2.13162820728E-13));
#635 = DIRECTION('',(-2.000949319431E-14,-1.,7.787331452228E-15));
#636 = DIRECTION('',(1.,-2.000949319431E-14,1.506432264117E-16));
#637 = ADVANCED_FACE('',(#638,#704),#715,.F.);
#638 = FACE_BOUND('',#639,.T.);
#639 = EDGE_LOOP('',(#640,#648,#649,#657,#665,#673,#681,#689,#697));
#640 = ORIENTED_EDGE('',*,*,#641,.F.);
#641 = EDGE_CURVE('',#444,#642,#644,.T.);
#642 = VERTEX_POINT('',#643);
#643 = CARTESIAN_POINT('',(26.697329122067,13.732711669925,
    2.720394978944));
#644 = LINE('',#645,#646);
#645 = CARTESIAN_POINT('',(26.697329122067,13.732711669926,
    -1.11857953663));
#646 = VECTOR('',#647,1.);
#647 = DIRECTION('',(0.,-1.572122542832E-13,1.));
#648 = ORIENTED_EDGE('',*,*,#443,.F.);
#649 = ORIENTED_EDGE('',*,*,#650,.T.);
#650 = EDGE_CURVE('',#436,#651,#653,.T.);
#651 = VERTEX_POINT('',#652);
#652 = CARTESIAN_POINT('',(26.697329122067,-20.78137164992,
    40.200002249963));
#653 = LINE('',#654,#655);
#654 = CARTESIAN_POINT('',(26.697329122067,-20.78137164992,0.));
#655 = VECTOR('',#656,1.);
#656 = DIRECTION('',(1.68845114937E-31,-4.733165431326E-30,1.));
#657 = ORIENTED_EDGE('',*,*,#658,.F.);
#658 = EDGE_CURVE('',#659,#651,#661,.T.);
#659 = VERTEX_POINT('',#660);
#660 = CARTESIAN_POINT('',(26.697329122067,15.21862835007,
    40.200002249963));
#661 = LINE('',#662,#663);
#662 = CARTESIAN_POINT('',(26.697329122067,-17.58137164993,
    40.200002249963));
#663 = VECTOR('',#664,1.);
#664 = DIRECTION('',(-5.177809915847E-17,-1.,0.));
#665 = ORIENTED_EDGE('',*,*,#666,.T.);
#666 = EDGE_CURVE('',#659,#667,#669,.T.);
#667 = VERTEX_POINT('',#668);
#668 = CARTESIAN_POINT('',(26.697329122067,15.21862835007,
    37.000002249963));
#669 = LINE('',#670,#671);
#670 = CARTESIAN_POINT('',(26.697329122067,15.21862835007,
    20.100004249754));
#671 = VECTOR('',#672,1.);
#672 = DIRECTION('',(0.,5.669899381528E-15,-1.));
#673 = ORIENTED_EDGE('',*,*,#674,.F.);
#674 = EDGE_CURVE('',#675,#667,#677,.T.);
#675 = VERTEX_POINT('',#676);
#676 = CARTESIAN_POINT('',(26.697329122067,19.619002118757,
    37.000002249963));
#677 = LINE('',#678,#679);
#678 = CARTESIAN_POINT('',(26.697329122067,10.477542135802,
    37.000002249963));
#679 = VECTOR('',#680,1.);
#680 = DIRECTION('',(-1.113607662144E-14,-1.,-1.094452744774E-15));
#681 = ORIENTED_EDGE('',*,*,#682,.T.);
#682 = EDGE_CURVE('',#675,#683,#685,.T.);
#683 = VERTEX_POINT('',#684);
#684 = CARTESIAN_POINT('',(26.697329122067,19.619002118757,
    5.620394978945));
#685 = LINE('',#686,#687);
#686 = CARTESIAN_POINT('',(26.697329122067,19.619002118757,
    4.876985693952));
#687 = VECTOR('',#688,1.);
#688 = DIRECTION('',(0.,-4.257608434317E-16,-1.));
#689 = ORIENTED_EDGE('',*,*,#690,.F.);
#690 = EDGE_CURVE('',#691,#683,#693,.T.);
#691 = VERTEX_POINT('',#692);
#692 = CARTESIAN_POINT('',(26.697329122067,16.632711669924,
    5.620394978945));
#693 = LINE('',#694,#695);
#694 = CARTESIAN_POINT('',(26.697329122067,19.10085689434,5.620394978945
    ));
#695 = VECTOR('',#696,1.);
#696 = DIRECTION('',(0.,1.,1.629960431673E-13));
#697 = ORIENTED_EDGE('',*,*,#698,.F.);
#698 = EDGE_CURVE('',#642,#691,#699,.T.);
#699 = CIRCLE('',#700,2.9);
#700 = AXIS2_PLACEMENT_3D('',#701,#702,#703);
#701 = CARTESIAN_POINT('',(26.697329122067,16.632711669925,
    2.720394978945));
#702 = DIRECTION('',(-1.,0.,0.));
#703 = DIRECTION('',(0.,-1.572075802869E-13,1.));
#704 = FACE_BOUND('',#705,.T.);
#705 = EDGE_LOOP('',(#706));
#706 = ORIENTED_EDGE('',*,*,#707,.F.);
#707 = EDGE_CURVE('',#708,#708,#710,.T.);
#708 = VERTEX_POINT('',#709);
#709 = CARTESIAN_POINT('',(26.697329122067,3.332711669927,
    35.120394978942));
#710 = CIRCLE('',#711,14.9);
#711 = AXIS2_PLACEMENT_3D('',#712,#713,#714);
#712 = CARTESIAN_POINT('',(26.697329122067,3.332711669927,
    20.220394978942));
#713 = DIRECTION('',(-1.,0.,0.));
#714 = DIRECTION('',(-0.,-1.224191784701E-39,-1.));
#715 = PLANE('',#716);
#716 = AXIS2_PLACEMENT_3D('',#717,#718,#719);
#717 = CARTESIAN_POINT('',(26.697329122067,21.569002118757,0.));
#718 = DIRECTION('',(1.,0.,0.));
#719 = DIRECTION('',(0.,0.,1.));
#720 = ADVANCED_FACE('',(#721,#802,#813),#824,.T.);
#721 = FACE_BOUND('',#722,.T.);
#722 = EDGE_LOOP('',(#723,#731,#739,#747,#755,#763,#771,#779,#787,#795,
    #801));
#723 = ORIENTED_EDGE('',*,*,#724,.F.);
#724 = EDGE_CURVE('',#725,#420,#727,.T.);
#725 = VERTEX_POINT('',#726);
#726 = CARTESIAN_POINT('',(16.447329122067,16.419002118757,0.4));
#727 = LINE('',#728,#729);
#728 = CARTESIAN_POINT('',(16.447329122067,7.481315234354,
    -8.537686884403));
#729 = VECTOR('',#730,1.);
#730 = DIRECTION('',(-3.66126450319E-17,-0.707106781187,-0.707106781187)
  );
#731 = ORIENTED_EDGE('',*,*,#732,.F.);
#732 = EDGE_CURVE('',#733,#725,#735,.T.);
#733 = VERTEX_POINT('',#734);
#734 = CARTESIAN_POINT('',(16.447329122067,16.419002118757,
    9.902283748638));
#735 = LINE('',#736,#737);
#736 = CARTESIAN_POINT('',(16.447329122067,16.419002118757,
    -1.005593910013E-13));
#737 = VECTOR('',#738,1.);
#738 = DIRECTION('',(-4.032132201133E-31,-7.787331452228E-15,-1.));
#739 = ORIENTED_EDGE('',*,*,#740,.T.);
#740 = EDGE_CURVE('',#733,#741,#743,.T.);
#741 = VERTEX_POINT('',#742);
#742 = CARTESIAN_POINT('',(16.447329122067,-9.531687543411,
    9.902283748638));
#743 = LINE('',#744,#745);
#744 = CARTESIAN_POINT('',(16.447329122067,-16.53173094999,
    9.902283748638));
#745 = VECTOR('',#746,1.);
#746 = DIRECTION('',(-5.177809915847E-17,-1.,8.031396465549E-15));
#747 = ORIENTED_EDGE('',*,*,#748,.F.);
#748 = EDGE_CURVE('',#749,#741,#751,.T.);
#749 = VERTEX_POINT('',#750);
#750 = CARTESIAN_POINT('',(16.447329122067,-9.602398221524,
    9.802283748656));
#751 = LINE('',#752,#753);
#752 = CARTESIAN_POINT('',(16.447329122067,-12.82551688013,
    5.244105628933));
#753 = VECTOR('',#754,1.);
#754 = DIRECTION('',(2.989409948911E-17,0.577350269225,0.816496580903));
#755 = ORIENTED_EDGE('',*,*,#756,.F.);
#756 = EDGE_CURVE('',#757,#749,#759,.T.);
#757 = VERTEX_POINT('',#758);
#758 = CARTESIAN_POINT('',(16.447329122067,-16.53168754341,
    9.802283748656));
#759 = LINE('',#760,#761);
#760 = CARTESIAN_POINT('',(16.447329122067,-14.53171648113,
    9.802283748656));
#761 = VECTOR('',#762,1.);
#762 = DIRECTION('',(5.177809915847E-17,1.,-7.787331231788E-15));
#763 = ORIENTED_EDGE('',*,*,#764,.F.);
#764 = EDGE_CURVE('',#765,#757,#767,.T.);
#765 = VERTEX_POINT('',#766);
#766 = CARTESIAN_POINT('',(16.447329122067,-16.53168754341,
    20.19771625133));
#767 = LINE('',#768,#769);
#768 = CARTESIAN_POINT('',(16.447329122067,-16.53168754341,
    4.901141874328));
#769 = VECTOR('',#770,1.);
#770 = DIRECTION('',(-4.032132086994E-31,-7.787331231788E-15,-1.));
#771 = ORIENTED_EDGE('',*,*,#772,.T.);
#772 = EDGE_CURVE('',#765,#773,#775,.T.);
#773 = VERTEX_POINT('',#774);
#774 = CARTESIAN_POINT('',(16.447329122067,19.619002118757,
    20.19771625133));
#775 = LINE('',#776,#777);
#776 = CARTESIAN_POINT('',(16.447329122067,-17.53171648113,
    20.19771625133));
#777 = VECTOR('',#778,1.);
#778 = DIRECTION('',(5.177809915847E-17,1.,-7.787331231788E-15));
#779 = ORIENTED_EDGE('',*,*,#780,.T.);
#780 = EDGE_CURVE('',#773,#781,#783,.T.);
#781 = VERTEX_POINT('',#782);
#782 = CARTESIAN_POINT('',(16.447329122067,19.619002118757,
    40.200002249963));
#783 = LINE('',#784,#785);
#784 = CARTESIAN_POINT('',(16.447329122067,19.619002118757,
    4.876985693952));
#785 = VECTOR('',#786,1.);
#786 = DIRECTION('',(2.2045087169E-32,4.257608434317E-16,1.));
#787 = ORIENTED_EDGE('',*,*,#788,.T.);
#788 = EDGE_CURVE('',#781,#789,#791,.T.);
#789 = VERTEX_POINT('',#790);
#790 = CARTESIAN_POINT('',(16.447329122067,-20.78137164992,
    40.200002249963));
#791 = LINE('',#792,#793);
#792 = CARTESIAN_POINT('',(16.447329122067,-18.55655853439,
    40.200002249963));
#793 = VECTOR('',#794,1.);
#794 = DIRECTION('',(-5.177809915847E-17,-1.,0.));
#795 = ORIENTED_EDGE('',*,*,#796,.T.);
#796 = EDGE_CURVE('',#789,#428,#797,.T.);
#797 = LINE('',#798,#799);
#798 = CARTESIAN_POINT('',(16.447329122067,-20.78137164992,
    -5.323926555162E-30));
#799 = VECTOR('',#800,1.);
#800 = DIRECTION('',(2.450743090366E-46,4.733165431326E-30,-1.));
#801 = ORIENTED_EDGE('',*,*,#427,.F.);
#802 = FACE_BOUND('',#803,.T.);
#803 = EDGE_LOOP('',(#804));
#804 = ORIENTED_EDGE('',*,*,#805,.F.);
#805 = EDGE_CURVE('',#806,#806,#808,.T.);
#806 = VERTEX_POINT('',#807);
#807 = CARTESIAN_POINT('',(16.447329122067,8.175113409694,
    28.500539030917));
#808 = CIRCLE('',#809,3.4);
#809 = AXIS2_PLACEMENT_3D('',#810,#811,#812);
#810 = CARTESIAN_POINT('',(16.447329122067,11.575113409694,
    28.500539030917));
#811 = DIRECTION('',(1.,-5.177809915847E-17,0.));
#812 = DIRECTION('',(5.177809915847E-17,1.,0.));
#813 = FACE_BOUND('',#814,.T.);
#814 = EDGE_LOOP('',(#815));
#815 = ORIENTED_EDGE('',*,*,#816,.F.);
#816 = EDGE_CURVE('',#817,#817,#819,.T.);
#817 = VERTEX_POINT('',#818);
#818 = CARTESIAN_POINT('',(16.447329122067,-3.374882010756,
    29.750270290319));
#819 = CIRCLE('',#820,3.4);
#820 = AXIS2_PLACEMENT_3D('',#821,#822,#823);
#821 = CARTESIAN_POINT('',(16.447329122067,2.511798924385E-02,
    29.750270290319));
#822 = DIRECTION('',(1.,-5.177809915847E-17,0.));
#823 = DIRECTION('',(5.177809915847E-17,1.,0.));
#824 = PLANE('',#825);
#825 = AXIS2_PLACEMENT_3D('',#826,#827,#828);
#826 = CARTESIAN_POINT('',(16.447329122067,-18.53174541885,0.));
#827 = DIRECTION('',(1.,-5.177809915847E-17,0.));
#828 = DIRECTION('',(5.177809915847E-17,1.,0.));
#829 = ADVANCED_FACE('',(#830),#848,.T.);
#830 = FACE_BOUND('',#831,.T.);
#831 = EDGE_LOOP('',(#832,#833,#841,#847));
#832 = ORIENTED_EDGE('',*,*,#641,.T.);
#833 = ORIENTED_EDGE('',*,*,#834,.F.);
#834 = EDGE_CURVE('',#835,#642,#837,.T.);
#835 = VERTEX_POINT('',#836);
#836 = CARTESIAN_POINT('',(27.097329122067,14.132711669925,
    2.720394978944));
#837 = LINE('',#838,#839);
#838 = CARTESIAN_POINT('',(27.097329122067,14.132711669925,
    2.720394978944));
#839 = VECTOR('',#840,1.);
#840 = DIRECTION('',(-0.707106781187,-0.707106781187,-1.138317032546E-13
    ));
#841 = ORIENTED_EDGE('',*,*,#842,.T.);
#842 = EDGE_CURVE('',#835,#452,#843,.T.);
#843 = LINE('',#844,#845);
#844 = CARTESIAN_POINT('',(27.097329122067,14.132711669926,
    -1.11857953663));
#845 = VECTOR('',#846,1.);
#846 = DIRECTION('',(0.,1.572122542832E-13,-1.));
#847 = ORIENTED_EDGE('',*,*,#451,.F.);
#848 = PLANE('',#849);
#849 = AXIS2_PLACEMENT_3D('',#850,#851,#852);
#850 = CARTESIAN_POINT('',(26.897329122067,13.932711669925,
    -1.11857953663));
#851 = DIRECTION('',(-0.707106781187,0.707106781187,1.111658510893E-13)
  );
#852 = DIRECTION('',(1.572122542832E-13,2.776790386378E-28,1.));
#853 = ADVANCED_FACE('',(#854),#865,.F.);
#854 = FACE_BOUND('',#855,.T.);
#855 = EDGE_LOOP('',(#856,#857,#858,#859));
#856 = ORIENTED_EDGE('',*,*,#650,.F.);
#857 = ORIENTED_EDGE('',*,*,#435,.T.);
#858 = ORIENTED_EDGE('',*,*,#796,.F.);
#859 = ORIENTED_EDGE('',*,*,#860,.F.);
#860 = EDGE_CURVE('',#651,#789,#861,.T.);
#861 = LINE('',#862,#863);
#862 = CARTESIAN_POINT('',(21.622329122067,-20.78137164992,
    40.200002249963));
#863 = VECTOR('',#864,1.);
#864 = DIRECTION('',(-1.,5.177809915847E-17,1.674987635943E-31));
#865 = PLANE('',#866);
#866 = AXIS2_PLACEMENT_3D('',#867,#868,#869);
#867 = CARTESIAN_POINT('',(26.497329122067,-20.78137164992,0.));
#868 = DIRECTION('',(-5.177809915847E-17,-1.,-4.733165431326E-30));
#869 = DIRECTION('',(-1.68845114937E-31,4.733165431326E-30,-1.));
#870 = ADVANCED_FACE('',(#871),#897,.T.);
#871 = FACE_BOUND('',#872,.T.);
#872 = EDGE_LOOP('',(#873,#883,#891));
#873 = ORIENTED_EDGE('',*,*,#874,.F.);
#874 = EDGE_CURVE('',#875,#877,#879,.T.);
#875 = VERTEX_POINT('',#876);
#876 = CARTESIAN_POINT('',(18.041387520323,20.019002118757,
    5.220394978945));
#877 = VERTEX_POINT('',#878);
#878 = CARTESIAN_POINT('',(17.64138744041,20.019002038794,4.820394978945
    ));
#879 = LINE('',#880,#881);
#880 = CARTESIAN_POINT('',(18.041387520323,20.019002118757,
    5.220394978945));
#881 = VECTOR('',#882,1.);
#882 = DIRECTION('',(-0.70710685182,-1.413569643265E-07,-0.707106710553)
  );
#883 = ORIENTED_EDGE('',*,*,#884,.F.);
#884 = EDGE_CURVE('',#885,#875,#887,.T.);
#885 = VERTEX_POINT('',#886);
#886 = CARTESIAN_POINT('',(17.24164036503,19.619002118757,5.620394978945
    ));
#887 = LINE('',#888,#889);
#888 = CARTESIAN_POINT('',(17.24164036503,19.619002118757,5.620394978945
    ));
#889 = VECTOR('',#890,1.);
#890 = DIRECTION('',(0.816410534218,0.408334323575,-0.408334323574));
#891 = ORIENTED_EDGE('',*,*,#892,.F.);
#892 = EDGE_CURVE('',#877,#885,#893,.T.);
#893 = LINE('',#894,#895);
#894 = CARTESIAN_POINT('',(17.64138744041,20.019002038794,4.820394978945
    ));
#895 = VECTOR('',#896,1.);
#896 = DIRECTION('',(-0.4080331533,-0.408291238997,0.816582641235));
#897 = PLANE('',#898);
#898 = AXIS2_PLACEMENT_3D('',#899,#900,#901);
#899 = CARTESIAN_POINT('',(17.24164036503,19.619002118757,5.620394978945
    ));
#900 = DIRECTION('',(0.301563375178,-0.904499383207,-0.301563254608));
#901 = DIRECTION('',(2.775557561563E-17,0.316287668283,-0.948663328527)
  );
#902 = ADVANCED_FACE('',(#903),#926,.T.);
#903 = FACE_BOUND('',#904,.T.);
#904 = EDGE_LOOP('',(#905,#913,#919,#920));
#905 = ORIENTED_EDGE('',*,*,#906,.F.);
#906 = EDGE_CURVE('',#683,#907,#909,.T.);
#907 = VERTEX_POINT('',#908);
#908 = CARTESIAN_POINT('',(27.097329122067,20.019002118757,
    5.220394978945));
#909 = LINE('',#910,#911);
#910 = CARTESIAN_POINT('',(25.920830493245,18.842503489935,
    6.396893607767));
#911 = VECTOR('',#912,1.);
#912 = DIRECTION('',(0.57735026919,0.57735026919,-0.57735026919));
#913 = ORIENTED_EDGE('',*,*,#914,.T.);
#914 = EDGE_CURVE('',#683,#885,#915,.T.);
#915 = LINE('',#916,#917);
#916 = CARTESIAN_POINT('',(21.756482573553,19.619002118757,
    5.620394978945));
#917 = VECTOR('',#918,1.);
#918 = DIRECTION('',(-1.,4.876068628153E-16,7.947798926008E-29));
#919 = ORIENTED_EDGE('',*,*,#884,.T.);
#920 = ORIENTED_EDGE('',*,*,#921,.T.);
#921 = EDGE_CURVE('',#875,#907,#922,.T.);
#922 = LINE('',#923,#924);
#923 = CARTESIAN_POINT('',(21.756482573553,20.019002118757,
    5.220394978945));
#924 = VECTOR('',#925,1.);
#925 = DIRECTION('',(1.,-4.876068628153E-16,-7.947798926008E-29));
#926 = PLANE('',#927);
#927 = AXIS2_PLACEMENT_3D('',#928,#929,#930);
#928 = CARTESIAN_POINT('',(21.756482573553,19.819002118757,
    5.420394978945));
#929 = DIRECTION('',(-3.447901192498E-16,-0.707106781186,-0.707106781187
    ));
#930 = DIRECTION('',(-1.,4.930380657631E-32,4.876068628153E-16));
#931 = ADVANCED_FACE('',(#932),#957,.T.);
#932 = FACE_BOUND('',#933,.T.);
#933 = EDGE_LOOP('',(#934,#944,#950,#951));
#934 = ORIENTED_EDGE('',*,*,#935,.T.);
#935 = EDGE_CURVE('',#936,#938,#940,.T.);
#936 = VERTEX_POINT('',#937);
#937 = CARTESIAN_POINT('',(17.241640325049,19.619002118757,0.4));
#938 = VERTEX_POINT('',#939);
#939 = CARTESIAN_POINT('',(17.64138744041,20.019002038794,0.56568544837)
  );
#940 = LINE('',#941,#942);
#941 = CARTESIAN_POINT('',(18.398794965133,20.776888632551,
    0.879612354245));
#942 = VECTOR('',#943,1.);
#943 = DIRECTION('',(0.67836682311,0.678795897985,0.281166467029));
#944 = ORIENTED_EDGE('',*,*,#945,.T.);
#945 = EDGE_CURVE('',#938,#877,#946,.T.);
#946 = LINE('',#947,#948);
#947 = CARTESIAN_POINT('',(17.64138744041,20.019002038794,
    15.376986256443));
#948 = VECTOR('',#949,1.);
#949 = DIRECTION('',(-1.465882845072E-16,4.257608434317E-16,1.));
#950 = ORIENTED_EDGE('',*,*,#892,.T.);
#951 = ORIENTED_EDGE('',*,*,#952,.T.);
#952 = EDGE_CURVE('',#885,#936,#953,.T.);
#953 = LINE('',#954,#955);
#954 = CARTESIAN_POINT('',(17.24164036503,19.619002118757,
    15.376986256443));
#955 = VECTOR('',#956,1.);
#956 = DIRECTION('',(1.465882845072E-16,-4.257608434317E-16,-1.));
#957 = PLANE('',#958);
#958 = AXIS2_PLACEMENT_3D('',#959,#960,#961);
#959 = CARTESIAN_POINT('',(17.44151390272,19.819002078776,
    15.376986256443));
#960 = DIRECTION('',(0.707330301751,-0.706883189944,4.046495186717E-16)
  );
#961 = DIRECTION('',(5.720799994995E-16,-9.860761315263E-32,-1.));
#962 = ADVANCED_FACE('',(#963),#988,.T.);
#963 = FACE_BOUND('',#964,.T.);
#964 = EDGE_LOOP('',(#965,#975,#981,#982));
#965 = ORIENTED_EDGE('',*,*,#966,.T.);
#966 = EDGE_CURVE('',#967,#969,#971,.T.);
#967 = VERTEX_POINT('',#968);
#968 = CARTESIAN_POINT('',(17.640189618377,21.913355847641,
    4.820394978945));
#969 = VERTEX_POINT('',#970);
#970 = CARTESIAN_POINT('',(18.040092120751,22.067674664319,
    5.220394978945));
#971 = B_SPLINE_CURVE_WITH_KNOTS('',2,(#972,#973,#974),.UNSPECIFIED.,.F.
  ,.F.,(3,3),(0.,5.862967760765E-02),.PIECEWISE_BEZIER_KNOTS.);
#972 = CARTESIAN_POINT('',(17.640189618376,21.913355847641,
    4.820394978945));
#973 = CARTESIAN_POINT('',(17.847558464514,21.990519946213,
    5.027812575379));
#974 = CARTESIAN_POINT('',(18.040092120751,22.067674664319,
    5.220394978946));
#975 = ORIENTED_EDGE('',*,*,#976,.T.);
#976 = EDGE_CURVE('',#969,#875,#977,.T.);
#977 = LINE('',#978,#979);
#978 = CARTESIAN_POINT('',(18.040475165458,21.461890014699,
    5.220394978945));
#979 = VECTOR('',#980,1.);
#980 = DIRECTION('',(6.32311550471E-04,-0.999999800091,
    -1.629960105829E-13));
#981 = ORIENTED_EDGE('',*,*,#874,.T.);
#982 = ORIENTED_EDGE('',*,*,#983,.T.);
#983 = EDGE_CURVE('',#877,#967,#984,.T.);
#984 = LINE('',#985,#986);
#985 = CARTESIAN_POINT('',(17.640475245422,21.461637090079,
    4.820394978945));
#986 = VECTOR('',#987,1.);
#987 = DIRECTION('',(-6.32311550471E-04,0.999999800091,
    1.629960105829E-13));
#988 = PLANE('',#989);
#989 = AXIS2_PLACEMENT_3D('',#990,#991,#992);
#990 = CARTESIAN_POINT('',(17.84047520544,21.461763552389,5.020394978945
    ));
#991 = DIRECTION('',(0.70710663983,4.471117852759E-04,-0.707106781187));
#992 = DIRECTION('',(-0.707106851865,2.168404344971E-19,-0.707106710508)
  );
#993 = ADVANCED_FACE('',(#994),#1045,.F.);
#994 = FACE_BOUND('',#995,.T.);
#995 = EDGE_LOOP('',(#996,#1004,#1005,#1006,#1015,#1023,#1031,#1039));
#996 = ORIENTED_EDGE('',*,*,#997,.F.);
#997 = EDGE_CURVE('',#907,#998,#1000,.T.);
#998 = VERTEX_POINT('',#999);
#999 = CARTESIAN_POINT('',(27.097329122067,16.632711669925,
    5.220394978945));
#1000 = LINE('',#1001,#1002);
#1001 = CARTESIAN_POINT('',(27.097329122067,19.10085689434,
    5.220394978945));
#1002 = VECTOR('',#1003,1.);
#1003 = DIRECTION('',(0.,-1.,-1.629960431673E-13));
#1004 = ORIENTED_EDGE('',*,*,#921,.F.);
#1005 = ORIENTED_EDGE('',*,*,#976,.F.);
#1006 = ORIENTED_EDGE('',*,*,#1007,.F.);
#1007 = EDGE_CURVE('',#1008,#969,#1010,.T.);
#1008 = VERTEX_POINT('',#1009);
#1009 = CARTESIAN_POINT('',(20.138827077841,21.169002118757,
    5.220394978945));
#1010 = CIRCLE('',#1011,2.9);
#1011 = AXIS2_PLACEMENT_3D('',#1012,#1013,#1014);
#1012 = CARTESIAN_POINT('',(20.138827077841,24.069002118757,
    5.220394978946));
#1013 = DIRECTION('',(-1.262177448354E-29,1.629960431673E-13,-1.));
#1014 = DIRECTION('',(-0.706883189944,-0.707330301751,
    -1.152920403977E-13));
#1015 = ORIENTED_EDGE('',*,*,#1016,.F.);
#1016 = EDGE_CURVE('',#1017,#1008,#1019,.T.);
#1017 = VERTEX_POINT('',#1018);
#1018 = CARTESIAN_POINT('',(26.731643697118,21.169002118757,
    5.220394978945));
#1019 = LINE('',#1020,#1021);
#1020 = CARTESIAN_POINT('',(27.697329121883,21.169002118757,
    5.220394978945));
#1021 = VECTOR('',#1022,1.);
#1022 = DIRECTION('',(-1.,4.876068628153E-16,7.947798926008E-29));
#1023 = ORIENTED_EDGE('',*,*,#1024,.F.);
#1024 = EDGE_CURVE('',#1025,#1017,#1027,.T.);
#1025 = VERTEX_POINT('',#1026);
#1026 = CARTESIAN_POINT('',(27.297329122067,20.603316693808,
    5.220394978945));
#1027 = LINE('',#1028,#1029);
#1028 = CARTESIAN_POINT('',(28.2485590218,19.652086794076,5.220394978945
    ));
#1029 = VECTOR('',#1030,1.);
#1030 = DIRECTION('',(-0.707106781187,0.707106781187,1.152556074301E-13)
  );
#1031 = ORIENTED_EDGE('',*,*,#1032,.F.);
#1032 = EDGE_CURVE('',#1033,#1025,#1035,.T.);
#1033 = VERTEX_POINT('',#1034);
#1034 = CARTESIAN_POINT('',(27.297329122067,16.632711669925,
    5.220394978945));
#1035 = LINE('',#1036,#1037);
#1036 = CARTESIAN_POINT('',(27.297329122067,9.013263452172,
    5.220394978943));
#1037 = VECTOR('',#1038,1.);
#1038 = DIRECTION('',(-6.813092443001E-16,1.,1.629960431673E-13));
#1039 = ORIENTED_EDGE('',*,*,#1040,.T.);
#1040 = EDGE_CURVE('',#1033,#998,#1041,.T.);
#1041 = LINE('',#1042,#1043);
#1042 = CARTESIAN_POINT('',(27.697329122067,16.632711669925,
    5.220394978945));
#1043 = VECTOR('',#1044,1.);
#1044 = DIRECTION('',(-1.,0.,0.));
#1045 = PLANE('',#1046);
#1046 = AXIS2_PLACEMENT_3D('',#1047,#1048,#1049);
#1047 = CARTESIAN_POINT('',(27.697329122067,16.632711669925,
    5.220394978945));
#1048 = DIRECTION('',(0.,-1.629960431673E-13,1.));
#1049 = DIRECTION('',(3.267028219631E-31,1.,1.629960431673E-13));
#1050 = ADVANCED_FACE('',(#1051),#1077,.T.);
#1051 = FACE_BOUND('',#1052,.T.);
#1052 = EDGE_LOOP('',(#1053,#1063,#1071));
#1053 = ORIENTED_EDGE('',*,*,#1054,.F.);
#1054 = EDGE_CURVE('',#1055,#1057,#1059,.T.);
#1055 = VERTEX_POINT('',#1056);
#1056 = CARTESIAN_POINT('',(-17.25573176549,19.619002118758,
    5.620394978945));
#1057 = VERTEX_POINT('',#1058);
#1058 = CARTESIAN_POINT('',(-17.65547884087,20.019002038794,
    4.820394978945));
#1059 = LINE('',#1060,#1061);
#1060 = CARTESIAN_POINT('',(-17.25573176549,19.619002118758,
    5.620394978945));
#1061 = VECTOR('',#1062,1.);
#1062 = DIRECTION('',(-0.4080331533,0.408291238997,-0.816582641235));
#1063 = ORIENTED_EDGE('',*,*,#1064,.F.);
#1064 = EDGE_CURVE('',#1065,#1055,#1067,.T.);
#1065 = VERTEX_POINT('',#1066);
#1066 = CARTESIAN_POINT('',(-18.05547892079,20.019002118758,
    5.220394978945));
#1067 = LINE('',#1068,#1069);
#1068 = CARTESIAN_POINT('',(-18.05547892079,20.019002118758,
    5.220394978945));
#1069 = VECTOR('',#1070,1.);
#1070 = DIRECTION('',(0.816410534218,-0.408334323575,0.408334323574));
#1071 = ORIENTED_EDGE('',*,*,#1072,.F.);
#1072 = EDGE_CURVE('',#1057,#1065,#1073,.T.);
#1073 = LINE('',#1074,#1075);
#1074 = CARTESIAN_POINT('',(-17.65547884087,20.019002038794,
    4.820394978945));
#1075 = VECTOR('',#1076,1.);
#1076 = DIRECTION('',(-0.70710685182,1.413569957283E-07,0.707106710553)
  );
#1077 = PLANE('',#1078);
#1078 = AXIS2_PLACEMENT_3D('',#1079,#1080,#1081);
#1079 = CARTESIAN_POINT('',(-18.05547892079,20.019002118758,
    5.220394978945));
#1080 = DIRECTION('',(-0.301563375178,-0.904499383207,-0.301563254608));
#1081 = DIRECTION('',(1.942890293094E-16,0.316287668283,-0.948663328527)
  );
#1082 = ADVANCED_FACE('',(#1083),#1108,.T.);
#1083 = FACE_BOUND('',#1084,.T.);
#1084 = EDGE_LOOP('',(#1085,#1095,#1101,#1102));
#1085 = ORIENTED_EDGE('',*,*,#1086,.F.);
#1086 = EDGE_CURVE('',#1087,#1089,#1091,.T.);
#1087 = VERTEX_POINT('',#1088);
#1088 = CARTESIAN_POINT('',(-27.11142052253,20.019002118758,
    5.220394978945));
#1089 = VERTEX_POINT('',#1090);
#1090 = CARTESIAN_POINT('',(-26.71142052253,19.619002118758,
    5.620394978945));
#1091 = LINE('',#1092,#1093);
#1092 = CARTESIAN_POINT('',(-25.93492189371,18.842503489936,
    6.396893607766));
#1093 = VECTOR('',#1094,1.);
#1094 = DIRECTION('',(0.57735026919,-0.57735026919,0.57735026919));
#1095 = ORIENTED_EDGE('',*,*,#1096,.T.);
#1096 = EDGE_CURVE('',#1087,#1065,#1097,.T.);
#1097 = LINE('',#1098,#1099);
#1098 = CARTESIAN_POINT('',(-21.77057397402,20.019002118758,
    5.220394978945));
#1099 = VECTOR('',#1100,1.);
#1100 = DIRECTION('',(1.,-2.177041321701E-14,1.674811740297E-14));
#1101 = ORIENTED_EDGE('',*,*,#1064,.T.);
#1102 = ORIENTED_EDGE('',*,*,#1103,.T.);
#1103 = EDGE_CURVE('',#1055,#1089,#1104,.T.);
#1104 = LINE('',#1105,#1106);
#1105 = CARTESIAN_POINT('',(-21.77057397402,19.619002118758,
    5.620394978945));
#1106 = VECTOR('',#1107,1.);
#1107 = DIRECTION('',(-1.,2.177041321701E-14,-1.674811740297E-14));
#1108 = PLANE('',#1109);
#1109 = AXIS2_PLACEMENT_3D('',#1110,#1111,#1112);
#1110 = CARTESIAN_POINT('',(-21.77057397402,19.819002118758,
    5.420394978945));
#1111 = DIRECTION('',(-3.55129942723E-15,-0.707106781186,-0.707106781187
    ));
#1112 = DIRECTION('',(-1.,3.944304526105E-31,5.022295814036E-15));
#1113 = ADVANCED_FACE('',(#1114),#1139,.T.);
#1114 = FACE_BOUND('',#1115,.T.);
#1115 = EDGE_LOOP('',(#1116,#1126,#1132,#1133));
#1116 = ORIENTED_EDGE('',*,*,#1117,.T.);
#1117 = EDGE_CURVE('',#1118,#1120,#1122,.T.);
#1118 = VERTEX_POINT('',#1119);
#1119 = CARTESIAN_POINT('',(-18.05418352121,22.06767466432,
    5.220394978945));
#1120 = VERTEX_POINT('',#1121);
#1121 = CARTESIAN_POINT('',(-17.65428101884,21.913355847642,
    4.820394978945));
#1122 = B_SPLINE_CURVE_WITH_KNOTS('',2,(#1123,#1124,#1125),
  .UNSPECIFIED.,.F.,.F.,(3,3),(0.,5.862967760766E-02),
  .PIECEWISE_BEZIER_KNOTS.);
#1123 = CARTESIAN_POINT('',(-18.05418352121,22.06767466432,
    5.220394978946));
#1124 = CARTESIAN_POINT('',(-17.86164986498,21.990519946213,
    5.027812575378));
#1125 = CARTESIAN_POINT('',(-17.65428101884,21.913355847641,
    4.820394978945));
#1126 = ORIENTED_EDGE('',*,*,#1127,.T.);
#1127 = EDGE_CURVE('',#1120,#1057,#1128,.T.);
#1128 = LINE('',#1129,#1130);
#1129 = CARTESIAN_POINT('',(-17.65456664588,21.46163709008,
    4.820394978945));
#1130 = VECTOR('',#1131,1.);
#1131 = DIRECTION('',(-6.323115504932E-04,-0.999999800091,
    -1.63006600611E-13));
#1132 = ORIENTED_EDGE('',*,*,#1072,.T.);
#1133 = ORIENTED_EDGE('',*,*,#1134,.T.);
#1134 = EDGE_CURVE('',#1065,#1118,#1135,.T.);
#1135 = LINE('',#1136,#1137);
#1136 = CARTESIAN_POINT('',(-18.05456656592,21.4618900147,5.220394978945
    ));
#1137 = VECTOR('',#1138,1.);
#1138 = DIRECTION('',(6.323115504932E-04,0.999999800091,
    1.63006600611E-13));
#1139 = PLANE('',#1140);
#1140 = AXIS2_PLACEMENT_3D('',#1141,#1142,#1143);
#1141 = CARTESIAN_POINT('',(-17.8545666059,21.46176355239,5.020394978945
    ));
#1142 = DIRECTION('',(-0.70710663983,4.471117852916E-04,-0.707106781187)
  );
#1143 = DIRECTION('',(-0.707106851865,1.084202172486E-19,0.707106710508)
  );
#1144 = ADVANCED_FACE('',(#1145),#1168,.T.);
#1145 = FACE_BOUND('',#1146,.T.);
#1146 = EDGE_LOOP('',(#1147,#1155,#1161,#1162));
#1147 = ORIENTED_EDGE('',*,*,#1148,.T.);
#1148 = EDGE_CURVE('',#1149,#32,#1151,.T.);
#1149 = VERTEX_POINT('',#1150);
#1150 = CARTESIAN_POINT('',(-17.65547884087,20.019002038794,
    0.56568544837));
#1151 = LINE('',#1152,#1153);
#1152 = CARTESIAN_POINT('',(-18.41288467049,20.776886936376,
    0.879611651666));
#1153 = VECTOR('',#1154,1.);
#1154 = DIRECTION('',(0.67836682311,-0.678795897985,-0.281166467029));
#1155 = ORIENTED_EDGE('',*,*,#1156,.T.);
#1156 = EDGE_CURVE('',#32,#1055,#1157,.T.);
#1157 = LINE('',#1158,#1159);
#1158 = CARTESIAN_POINT('',(-17.25573176549,19.619002118758,
    15.376986256443));
#1159 = VECTOR('',#1160,1.);
#1160 = DIRECTION('',(-8.227470416975E-15,4.257608434318E-16,1.));
#1161 = ORIENTED_EDGE('',*,*,#1054,.T.);
#1162 = ORIENTED_EDGE('',*,*,#1163,.T.);
#1163 = EDGE_CURVE('',#1057,#1149,#1164,.T.);
#1164 = LINE('',#1165,#1166);
#1165 = CARTESIAN_POINT('',(-17.65547884087,20.019002038794,
    15.376986256443));
#1166 = VECTOR('',#1167,1.);
#1167 = DIRECTION('',(8.227470416975E-15,-4.257608434318E-16,-1.));
#1168 = PLANE('',#1169);
#1169 = AXIS2_PLACEMENT_3D('',#1170,#1171,#1172);
#1170 = CARTESIAN_POINT('',(-17.45560530318,19.819002078776,
    15.376986256443));
#1171 = DIRECTION('',(-0.707330301751,-0.706883189943,
    -5.518575949529E-15));
#1172 = DIRECTION('',(-7.801978701983E-15,7.88860905221E-31,1.));
#1173 = ADVANCED_FACE('',(#1174),#1225,.T.);
#1174 = FACE_BOUND('',#1175,.T.);
#1175 = EDGE_LOOP('',(#1176,#1177,#1178,#1186,#1194,#1202,#1210,#1218));
#1176 = ORIENTED_EDGE('',*,*,#1134,.F.);
#1177 = ORIENTED_EDGE('',*,*,#1096,.F.);
#1178 = ORIENTED_EDGE('',*,*,#1179,.F.);
#1179 = EDGE_CURVE('',#1180,#1087,#1182,.T.);
#1180 = VERTEX_POINT('',#1181);
#1181 = CARTESIAN_POINT('',(-27.11142052253,16.632711669926,
    5.220394978944));
#1182 = LINE('',#1183,#1184);
#1183 = CARTESIAN_POINT('',(-27.11142052253,19.100856894341,
    5.220394978945));
#1184 = VECTOR('',#1185,1.);
#1185 = DIRECTION('',(2.225802007982E-14,1.,1.629960431673E-13));
#1186 = ORIENTED_EDGE('',*,*,#1187,.F.);
#1187 = EDGE_CURVE('',#1188,#1180,#1190,.T.);
#1188 = VERTEX_POINT('',#1189);
#1189 = CARTESIAN_POINT('',(-27.31142052253,16.632711669926,
    5.220394978944));
#1190 = LINE('',#1191,#1192);
#1191 = CARTESIAN_POINT('',(-27.71142052253,16.632711669926,
    5.220394978944));
#1192 = VECTOR('',#1193,1.);
#1193 = DIRECTION('',(1.,-4.441248396133E-14,1.674811740297E-14));
#1194 = ORIENTED_EDGE('',*,*,#1195,.F.);
#1195 = EDGE_CURVE('',#1196,#1188,#1198,.T.);
#1196 = VERTEX_POINT('',#1197);
#1197 = CARTESIAN_POINT('',(-27.31142052253,20.603316693809,
    5.220394978945));
#1198 = LINE('',#1199,#1200);
#1199 = CARTESIAN_POINT('',(-27.31142052253,9.013263452173,
    5.220394978943));
#1200 = VECTOR('',#1201,1.);
#1201 = DIRECTION('',(-2.293932932412E-14,-1.,-1.629960431673E-13));
#1202 = ORIENTED_EDGE('',*,*,#1203,.F.);
#1203 = EDGE_CURVE('',#1204,#1196,#1206,.T.);
#1204 = VERTEX_POINT('',#1205);
#1205 = CARTESIAN_POINT('',(-26.74573509758,21.169002118758,
    5.220394978945));
#1206 = LINE('',#1207,#1208);
#1207 = CARTESIAN_POINT('',(-28.26265042226,19.652086794076,
    5.220394978945));
#1208 = VECTOR('',#1209,1.);
#1209 = DIRECTION('',(-0.707106781187,-0.707106781187,
    -1.270983148179E-13));
#1210 = ORIENTED_EDGE('',*,*,#1211,.F.);
#1211 = EDGE_CURVE('',#1212,#1204,#1214,.T.);
#1212 = VERTEX_POINT('',#1213);
#1213 = CARTESIAN_POINT('',(-20.1529184783,21.169002118758,
    5.220394978945));
#1214 = LINE('',#1215,#1216);
#1215 = CARTESIAN_POINT('',(-27.71142052234,21.169002118758,
    5.220394978945));
#1216 = VECTOR('',#1217,1.);
#1217 = DIRECTION('',(-1.,2.177041321701E-14,-1.674811740297E-14));
#1218 = ORIENTED_EDGE('',*,*,#1219,.F.);
#1219 = EDGE_CURVE('',#1118,#1212,#1220,.T.);
#1220 = CIRCLE('',#1221,2.9);
#1221 = AXIS2_PLACEMENT_3D('',#1222,#1223,#1224);
#1222 = CARTESIAN_POINT('',(-20.1529184783,24.069002118758,
    5.220394978945));
#1223 = DIRECTION('',(1.674811740297E-14,1.629960431673E-13,-1.));
#1224 = DIRECTION('',(0.706883189944,-0.707330301751,-1.034530777424E-13
    ));
#1225 = PLANE('',#1226);
#1226 = AXIS2_PLACEMENT_3D('',#1227,#1228,#1229);
#1227 = CARTESIAN_POINT('',(-27.71142052253,16.632711669926,
    5.220394978944));
#1228 = DIRECTION('',(1.674811740297E-14,1.629960431673E-13,-1.));
#1229 = DIRECTION('',(4.441248396133E-14,1.,1.629960431673E-13));
#1230 = ADVANCED_FACE('',(#1231),#1267,.T.);
#1231 = FACE_BOUND('',#1232,.T.);
#1232 = EDGE_LOOP('',(#1233,#1234,#1235,#1236,#1237,#1245,#1253,#1261));
#1233 = ORIENTED_EDGE('',*,*,#1103,.F.);
#1234 = ORIENTED_EDGE('',*,*,#1156,.F.);
#1235 = ORIENTED_EDGE('',*,*,#31,.F.);
#1236 = ORIENTED_EDGE('',*,*,#142,.F.);
#1237 = ORIENTED_EDGE('',*,*,#1238,.F.);
#1238 = EDGE_CURVE('',#1239,#135,#1241,.T.);
#1239 = VERTEX_POINT('',#1240);
#1240 = CARTESIAN_POINT('',(-25.06142052253,19.619002118758,
    40.200002249963));
#1241 = LINE('',#1242,#1243);
#1242 = CARTESIAN_POINT('',(-17.20857614401,19.619002118758,
    40.200002249963));
#1243 = VECTOR('',#1244,1.);
#1244 = DIRECTION('',(1.,-4.047702063687E-14,8.374058701483E-15));
#1245 = ORIENTED_EDGE('',*,*,#1246,.F.);
#1246 = EDGE_CURVE('',#1247,#1239,#1249,.T.);
#1247 = VERTEX_POINT('',#1248);
#1248 = CARTESIAN_POINT('',(-25.06142052253,19.619002118758,
    37.000002249963));
#1249 = LINE('',#1250,#1251);
#1250 = CARTESIAN_POINT('',(-25.06142052253,19.619002118758,
    39.600005374736));
#1251 = VECTOR('',#1252,1.);
#1252 = DIRECTION('',(-8.223415475071E-15,-4.535212387776E-30,1.));
#1253 = ORIENTED_EDGE('',*,*,#1254,.T.);
#1254 = EDGE_CURVE('',#1247,#1255,#1257,.T.);
#1255 = VERTEX_POINT('',#1256);
#1256 = CARTESIAN_POINT('',(-26.71142052253,19.619002118758,
    37.000002249963));
#1257 = LINE('',#1258,#1259);
#1258 = CARTESIAN_POINT('',(-21.34062470601,19.619002118758,
    37.000002249963));
#1259 = VECTOR('',#1260,1.);
#1260 = DIRECTION('',(-1.,2.177041321701E-14,-8.223415475071E-15));
#1261 = ORIENTED_EDGE('',*,*,#1262,.F.);
#1262 = EDGE_CURVE('',#1089,#1255,#1263,.T.);
#1263 = LINE('',#1264,#1265);
#1264 = CARTESIAN_POINT('',(-26.71142052253,19.619002118758,
    4.876985693952));
#1265 = VECTOR('',#1266,1.);
#1266 = DIRECTION('',(-8.374058701483E-15,4.257608434318E-16,1.));
#1267 = PLANE('',#1268);
#1268 = AXIS2_PLACEMENT_3D('',#1269,#1270,#1271);
#1269 = CARTESIAN_POINT('',(-15.8297274255,19.619002118758,
    9.753971387905));
#1270 = DIRECTION('',(-2.177041321701E-14,-1.,4.257608434316E-16));
#1271 = DIRECTION('',(1.,-2.177041321701E-14,8.223415475071E-15));
#1272 = ADVANCED_FACE('',(#1273),#1291,.T.);
#1273 = FACE_BOUND('',#1274,.T.);
#1274 = EDGE_LOOP('',(#1275,#1276,#1284,#1290));
#1275 = ORIENTED_EDGE('',*,*,#1148,.F.);
#1276 = ORIENTED_EDGE('',*,*,#1277,.T.);
#1277 = EDGE_CURVE('',#1149,#1278,#1280,.T.);
#1278 = VERTEX_POINT('',#1279);
#1279 = CARTESIAN_POINT('',(-17.65537407603,20.184687487164,0.4));
#1280 = LINE('',#1281,#1282);
#1281 = CARTESIAN_POINT('',(-17.65768949347,16.522858157481,
    4.061829329682));
#1282 = VECTOR('',#1283,1.);
#1283 = DIRECTION('',(4.471118298731E-04,0.707106710508,-0.707106710508)
  );
#1284 = ORIENTED_EDGE('',*,*,#1285,.T.);
#1285 = EDGE_CURVE('',#1278,#40,#1286,.T.);
#1286 = LINE('',#1287,#1288);
#1287 = CARTESIAN_POINT('',(-17.65537407603,20.184687487164,0.4));
#1288 = VECTOR('',#1289,1.);
#1289 = DIRECTION('',(0.678502494367,-0.281118439549,-0.678680181001));
#1290 = ORIENTED_EDGE('',*,*,#39,.T.);
#1291 = PLANE('',#1292);
#1292 = AXIS2_PLACEMENT_3D('',#1293,#1294,#1295);
#1293 = CARTESIAN_POINT('',(-17.45777893581,16.381373612489,
    3.920471190471));
#1294 = DIRECTION('',(-0.707264770714,-0.49966460367,-0.500111815443));
#1295 = DIRECTION('',(-0.577350346135,1.387778780781E-16,0.816496526519)
  );
#1296 = ADVANCED_FACE('',(#1297),#1308,.T.);
#1297 = FACE_BOUND('',#1298,.T.);
#1298 = EDGE_LOOP('',(#1299,#1300,#1306,#1307));
#1299 = ORIENTED_EDGE('',*,*,#997,.T.);
#1300 = ORIENTED_EDGE('',*,*,#1301,.T.);
#1301 = EDGE_CURVE('',#998,#691,#1302,.T.);
#1302 = LINE('',#1303,#1304);
#1303 = CARTESIAN_POINT('',(27.097329122067,16.632711669925,
    5.220394978945));
#1304 = VECTOR('',#1305,1.);
#1305 = DIRECTION('',(-0.707106781187,-1.138317032546E-13,0.707106781187
    ));
#1306 = ORIENTED_EDGE('',*,*,#690,.T.);
#1307 = ORIENTED_EDGE('',*,*,#906,.T.);
#1308 = PLANE('',#1309);
#1309 = AXIS2_PLACEMENT_3D('',#1310,#1311,#1312);
#1310 = CARTESIAN_POINT('',(26.897329122067,19.10085689434,
    5.420394978945));
#1311 = DIRECTION('',(-0.707106781187,1.152556074301E-13,-0.707106781187
    ));
#1312 = DIRECTION('',(-0.707106781187,0.,0.707106781187));
#1313 = ADVANCED_FACE('',(#1314),#1326,.F.);
#1314 = FACE_BOUND('',#1315,.F.);
#1315 = EDGE_LOOP('',(#1316,#1323,#1324,#1325));
#1316 = ORIENTED_EDGE('',*,*,#1317,.F.);
#1317 = EDGE_CURVE('',#998,#835,#1318,.T.);
#1318 = CIRCLE('',#1319,2.5);
#1319 = AXIS2_PLACEMENT_3D('',#1320,#1321,#1322);
#1320 = CARTESIAN_POINT('',(27.097329122067,16.632711669925,
    2.720394978945));
#1321 = DIRECTION('',(1.,0.,0.));
#1322 = DIRECTION('',(0.,-1.572075802869E-13,1.));
#1323 = ORIENTED_EDGE('',*,*,#1301,.T.);
#1324 = ORIENTED_EDGE('',*,*,#698,.F.);
#1325 = ORIENTED_EDGE('',*,*,#834,.F.);
#1326 = CONICAL_SURFACE('',#1327,2.7,0.785398163397);
#1327 = AXIS2_PLACEMENT_3D('',#1328,#1329,#1330);
#1328 = CARTESIAN_POINT('',(26.897329122067,16.632711669925,
    2.720394978945));
#1329 = DIRECTION('',(-1.,0.,0.));
#1330 = DIRECTION('',(0.,-1.572075802869E-13,1.));
#1331 = ADVANCED_FACE('',(#1332),#1350,.F.);
#1332 = FACE_BOUND('',#1333,.T.);
#1333 = EDGE_LOOP('',(#1334,#1335,#1343,#1349));
#1334 = ORIENTED_EDGE('',*,*,#842,.F.);
#1335 = ORIENTED_EDGE('',*,*,#1336,.F.);
#1336 = EDGE_CURVE('',#1337,#835,#1339,.T.);
#1337 = VERTEX_POINT('',#1338);
#1338 = CARTESIAN_POINT('',(27.297329122067,14.132711669925,
    2.720394978944));
#1339 = LINE('',#1340,#1341);
#1340 = CARTESIAN_POINT('',(27.697329122067,14.132711669925,
    2.720394978944));
#1341 = VECTOR('',#1342,1.);
#1342 = DIRECTION('',(-1.,0.,0.));
#1343 = ORIENTED_EDGE('',*,*,#1344,.F.);
#1344 = EDGE_CURVE('',#460,#1337,#1345,.T.);
#1345 = LINE('',#1346,#1347);
#1346 = CARTESIAN_POINT('',(27.297329122067,14.132711669922,
    19.381421588354));
#1347 = VECTOR('',#1348,1.);
#1348 = DIRECTION('',(-1.653868838881E-24,-1.572122542832E-13,1.));
#1349 = ORIENTED_EDGE('',*,*,#459,.F.);
#1350 = PLANE('',#1351);
#1351 = AXIS2_PLACEMENT_3D('',#1352,#1353,#1354);
#1352 = CARTESIAN_POINT('',(27.697329122067,14.132711669926,
    -2.237159073258));
#1353 = DIRECTION('',(0.,-1.,-1.572122542832E-13));
#1354 = DIRECTION('',(-1.00599780743E-30,-1.572122542832E-13,1.));
#1355 = ADVANCED_FACE('',(#1356),#1368,.F.);
#1356 = FACE_BOUND('',#1357,.F.);
#1357 = EDGE_LOOP('',(#1358,#1359,#1366,#1367));
#1358 = ORIENTED_EDGE('',*,*,#1336,.F.);
#1359 = ORIENTED_EDGE('',*,*,#1360,.T.);
#1360 = EDGE_CURVE('',#1337,#1033,#1361,.T.);
#1361 = CIRCLE('',#1362,2.5);
#1362 = AXIS2_PLACEMENT_3D('',#1363,#1364,#1365);
#1363 = CARTESIAN_POINT('',(27.297329122067,16.632711669925,
    2.720394978945));
#1364 = DIRECTION('',(-1.,-6.813092443001E-16,-1.653975949043E-24));
#1365 = DIRECTION('',(-1.653868842065E-24,-1.572075802869E-13,1.));
#1366 = ORIENTED_EDGE('',*,*,#1040,.T.);
#1367 = ORIENTED_EDGE('',*,*,#1317,.T.);
#1368 = CYLINDRICAL_SURFACE('',#1369,2.5);
#1369 = AXIS2_PLACEMENT_3D('',#1370,#1371,#1372);
#1370 = CARTESIAN_POINT('',(27.697329122067,16.632711669925,
    2.720394978945));
#1371 = DIRECTION('',(-1.,0.,0.));
#1372 = DIRECTION('',(0.,-1.572075802869E-13,1.));
#1373 = ADVANCED_FACE('',(#1374),#1399,.T.);
#1374 = FACE_BOUND('',#1375,.T.);
#1375 = EDGE_LOOP('',(#1376,#1377,#1385,#1393));
#1376 = ORIENTED_EDGE('',*,*,#1024,.T.);
#1377 = ORIENTED_EDGE('',*,*,#1378,.T.);
#1378 = EDGE_CURVE('',#1017,#1379,#1381,.T.);
#1379 = VERTEX_POINT('',#1380);
#1380 = CARTESIAN_POINT('',(26.897329122067,21.569002118757,
    5.620394978945));
#1381 = LINE('',#1382,#1383);
#1382 = CARTESIAN_POINT('',(26.731643697118,21.169002118757,
    5.220394978945));
#1383 = VECTOR('',#1384,1.);
#1384 = DIRECTION('',(0.281084637715,0.678598344546,0.678598344546));
#1385 = ORIENTED_EDGE('',*,*,#1386,.T.);
#1386 = EDGE_CURVE('',#1379,#1387,#1389,.T.);
#1387 = VERTEX_POINT('',#1388);
#1388 = CARTESIAN_POINT('',(27.697329122067,20.769002118757,
    5.620394978945));
#1389 = LINE('',#1390,#1391);
#1390 = CARTESIAN_POINT('',(28.531401734274,19.93492950655,
    5.620394978945));
#1391 = VECTOR('',#1392,1.);
#1392 = DIRECTION('',(0.707106781187,-0.707106781187,-1.152556074301E-13
    ));
#1393 = ORIENTED_EDGE('',*,*,#1394,.T.);
#1394 = EDGE_CURVE('',#1387,#1025,#1395,.T.);
#1395 = LINE('',#1396,#1397);
#1396 = CARTESIAN_POINT('',(27.697329122067,20.769002118757,
    5.620394978945));
#1397 = VECTOR('',#1398,1.);
#1398 = DIRECTION('',(-0.678598344546,-0.281084637715,-0.678598344546));
#1399 = PLANE('',#1400);
#1400 = AXIS2_PLACEMENT_3D('',#1401,#1402,#1403);
#1401 = CARTESIAN_POINT('',(28.389980378037,19.793508150313,
    5.420394978945));
#1402 = DIRECTION('',(0.5,0.5,-0.707106781187));
#1403 = DIRECTION('',(-0.816496580928,4.996003610813E-16,-0.57735026919)
  );
#1404 = ADVANCED_FACE('',(#1405),#1423,.T.);
#1405 = FACE_BOUND('',#1406,.T.);
#1406 = EDGE_LOOP('',(#1407,#1408,#1416,#1422));
#1407 = ORIENTED_EDGE('',*,*,#1016,.T.);
#1408 = ORIENTED_EDGE('',*,*,#1409,.T.);
#1409 = EDGE_CURVE('',#1008,#1410,#1412,.T.);
#1410 = VERTEX_POINT('',#1411);
#1411 = CARTESIAN_POINT('',(20.138827077841,21.569002118757,
    5.620394978945));
#1412 = LINE('',#1413,#1414);
#1413 = CARTESIAN_POINT('',(20.138827077841,21.169002118757,
    5.220394978945));
#1414 = VECTOR('',#1415,1.);
#1415 = DIRECTION('',(0.,0.707106781186,0.707106781187));
#1416 = ORIENTED_EDGE('',*,*,#1417,.T.);
#1417 = EDGE_CURVE('',#1410,#1379,#1418,.T.);
#1418 = LINE('',#1419,#1420);
#1419 = CARTESIAN_POINT('',(27.697329121883,21.569002118757,
    5.620394978945));
#1420 = VECTOR('',#1421,1.);
#1421 = DIRECTION('',(1.,-4.876068628153E-16,-7.947798926008E-29));
#1422 = ORIENTED_EDGE('',*,*,#1378,.F.);
#1423 = PLANE('',#1424);
#1424 = AXIS2_PLACEMENT_3D('',#1425,#1426,#1427);
#1425 = CARTESIAN_POINT('',(27.697329121883,21.369002118757,
    5.420394978945));
#1426 = DIRECTION('',(3.447901192497E-16,0.707106781187,-0.707106781186)
  );
#1427 = DIRECTION('',(-1.,-9.860761315263E-32,-4.876068628153E-16));
#1428 = ADVANCED_FACE('',(#1429),#1457,.F.);
#1429 = FACE_BOUND('',#1430,.F.);
#1430 = EDGE_LOOP('',(#1431,#1439,#1440,#1441,#1442,#1451));
#1431 = ORIENTED_EDGE('',*,*,#1432,.T.);
#1432 = EDGE_CURVE('',#1433,#967,#1435,.T.);
#1433 = VERTEX_POINT('',#1434);
#1434 = CARTESIAN_POINT('',(17.639756882008,22.597727788016,
    5.220394978946));
#1435 = ( BOUNDED_CURVE() B_SPLINE_CURVE(2,(#1436,#1437,#1438),
.UNSPECIFIED.,.F.,.F.) B_SPLINE_CURVE_WITH_KNOTS((3,3),(0.965857109291,
1.069365269649),.PIECEWISE_BEZIER_KNOTS.) CURVE() 
GEOMETRIC_REPRESENTATION_ITEM() RATIONAL_B_SPLINE_CURVE((1.616935457212,
1.569775726423,1.505422667058)) REPRESENTATION_ITEM('') );
#1436 = CARTESIAN_POINT('',(17.639756882008,22.597727788016,
    5.220394978946));
#1437 = CARTESIAN_POINT('',(17.639959290955,22.277618332037,
    5.058166361207));
#1438 = CARTESIAN_POINT('',(17.640189618377,21.913355847641,
    4.820394978945));
#1439 = ORIENTED_EDGE('',*,*,#966,.T.);
#1440 = ORIENTED_EDGE('',*,*,#1007,.F.);
#1441 = ORIENTED_EDGE('',*,*,#1409,.T.);
#1442 = ORIENTED_EDGE('',*,*,#1443,.F.);
#1443 = EDGE_CURVE('',#1444,#1410,#1446,.T.);
#1444 = VERTEX_POINT('',#1445);
#1445 = CARTESIAN_POINT('',(17.638827577613,24.067421339881,
    5.620394978944));
#1446 = CIRCLE('',#1447,2.5);
#1447 = AXIS2_PLACEMENT_3D('',#1448,#1449,#1450);
#1448 = CARTESIAN_POINT('',(20.138827077841,24.069002118757,
    5.620394978944));
#1449 = DIRECTION('',(1.262177448354E-29,-1.629960431673E-13,1.));
#1450 = DIRECTION('',(-0.706883189944,-0.707330301751,
    -1.152920403977E-13));
#1451 = ORIENTED_EDGE('',*,*,#1452,.T.);
#1452 = EDGE_CURVE('',#1444,#1433,#1453,.T.);
#1453 = ( BOUNDED_CURVE() B_SPLINE_CURVE(2,(#1454,#1455,#1456),
.UNSPECIFIED.,.F.,.F.) B_SPLINE_CURVE_WITH_KNOTS((3,3),(0.153405708056,
0.306811416112),.PIECEWISE_BEZIER_KNOTS.) CURVE() 
GEOMETRIC_REPRESENTATION_ITEM() RATIONAL_B_SPLINE_CURVE((1.,
1.039230484541,1.)) REPRESENTATION_ITEM('') );
#1454 = CARTESIAN_POINT('',(17.638827577613,24.067421339881,
    5.620394978944));
#1455 = CARTESIAN_POINT('',(17.639257811129,23.387007658462,
    5.620394978944));
#1456 = CARTESIAN_POINT('',(17.639756882008,22.597727788015,
    5.220394978945));
#1457 = CONICAL_SURFACE('',#1458,2.7,0.7853981634);
#1458 = AXIS2_PLACEMENT_3D('',#1459,#1460,#1461);
#1459 = CARTESIAN_POINT('',(20.138827077841,24.069002118757,
    5.420394978945));
#1460 = DIRECTION('',(0.,1.665334536946E-13,-1.));
#1461 = DIRECTION('',(-0.706883189944,-0.707330301751,
    -1.177941580535E-13));
#1462 = ADVANCED_FACE('',(#1463),#1481,.T.);
#1463 = FACE_BOUND('',#1464,.T.);
#1464 = EDGE_LOOP('',(#1465,#1466,#1467,#1475));
#1465 = ORIENTED_EDGE('',*,*,#467,.T.);
#1466 = ORIENTED_EDGE('',*,*,#1344,.T.);
#1467 = ORIENTED_EDGE('',*,*,#1468,.T.);
#1468 = EDGE_CURVE('',#1337,#1469,#1471,.T.);
#1469 = VERTEX_POINT('',#1470);
#1470 = CARTESIAN_POINT('',(27.697329122067,13.732711669925,
    2.720394978944));
#1471 = LINE('',#1472,#1473);
#1472 = CARTESIAN_POINT('',(27.297329122067,14.132711669925,
    2.720394978944));
#1473 = VECTOR('',#1474,1.);
#1474 = DIRECTION('',(0.707106781187,-0.707106781187,-1.099064721079E-13
    ));
#1475 = ORIENTED_EDGE('',*,*,#1476,.T.);
#1476 = EDGE_CURVE('',#1469,#468,#1477,.T.);
#1477 = LINE('',#1478,#1479);
#1478 = CARTESIAN_POINT('',(27.697329122067,13.732711669922,
    19.381421588354));
#1479 = VECTOR('',#1480,1.);
#1480 = DIRECTION('',(1.653868838881E-24,1.572122542832E-13,-1.));
#1481 = PLANE('',#1482);
#1482 = AXIS2_PLACEMENT_3D('',#1483,#1484,#1485);
#1483 = CARTESIAN_POINT('',(27.497329122067,13.932711669922,
    19.381421588354));
#1484 = DIRECTION('',(0.707106781187,0.707106781187,1.111658510905E-13)
  );
#1485 = DIRECTION('',(1.572122542849E-13,2.650572641543E-28,-1.));
#1486 = ADVANCED_FACE('',(#1487),#1506,.F.);
#1487 = FACE_BOUND('',#1488,.F.);
#1488 = EDGE_LOOP('',(#1489,#1490,#1491,#1500));
#1489 = ORIENTED_EDGE('',*,*,#1360,.F.);
#1490 = ORIENTED_EDGE('',*,*,#1468,.T.);
#1491 = ORIENTED_EDGE('',*,*,#1492,.F.);
#1492 = EDGE_CURVE('',#1493,#1469,#1495,.T.);
#1493 = VERTEX_POINT('',#1494);
#1494 = CARTESIAN_POINT('',(27.697329122067,16.632711669924,
    5.620394978945));
#1495 = CIRCLE('',#1496,2.9);
#1496 = AXIS2_PLACEMENT_3D('',#1497,#1498,#1499);
#1497 = CARTESIAN_POINT('',(27.697329122067,16.632711669925,
    2.720394978945));
#1498 = DIRECTION('',(1.,6.813092443001E-16,1.653975949043E-24));
#1499 = DIRECTION('',(-1.653868842065E-24,-1.572075802869E-13,1.));
#1500 = ORIENTED_EDGE('',*,*,#1501,.F.);
#1501 = EDGE_CURVE('',#1033,#1493,#1502,.T.);
#1502 = LINE('',#1503,#1504);
#1503 = CARTESIAN_POINT('',(27.297329122067,16.632711669925,
    5.220394978945));
#1504 = VECTOR('',#1505,1.);
#1505 = DIRECTION('',(0.707106781187,-1.099064721079E-13,0.707106781187)
  );
#1506 = CONICAL_SURFACE('',#1507,2.7,0.785398163397);
#1507 = AXIS2_PLACEMENT_3D('',#1508,#1509,#1510);
#1508 = CARTESIAN_POINT('',(27.497329122067,16.632711669925,
    2.720394978945));
#1509 = DIRECTION('',(1.,0.,0.));
#1510 = DIRECTION('',(0.,-1.572075802869E-13,1.));
#1511 = ADVANCED_FACE('',(#1512),#1523,.T.);
#1512 = FACE_BOUND('',#1513,.T.);
#1513 = EDGE_LOOP('',(#1514,#1520,#1521,#1522));
#1514 = ORIENTED_EDGE('',*,*,#1515,.T.);
#1515 = EDGE_CURVE('',#1387,#1493,#1516,.T.);
#1516 = LINE('',#1517,#1518);
#1517 = CARTESIAN_POINT('',(27.697329122067,9.013263452172,
    5.620394978943));
#1518 = VECTOR('',#1519,1.);
#1519 = DIRECTION('',(6.813092443001E-16,-1.,-1.629960431673E-13));
#1520 = ORIENTED_EDGE('',*,*,#1501,.F.);
#1521 = ORIENTED_EDGE('',*,*,#1032,.T.);
#1522 = ORIENTED_EDGE('',*,*,#1394,.F.);
#1523 = PLANE('',#1524);
#1524 = AXIS2_PLACEMENT_3D('',#1525,#1526,#1527);
#1525 = CARTESIAN_POINT('',(27.497329122067,9.013263452172,
    5.420394978943));
#1526 = DIRECTION('',(0.707106781187,1.157373658169E-13,-0.707106781187)
  );
#1527 = DIRECTION('',(-0.707106781187,0.,-0.707106781187));
#1528 = ADVANCED_FACE('',(#1529),#1563,.T.);
#1529 = FACE_BOUND('',#1530,.T.);
#1530 = EDGE_LOOP('',(#1531,#1541,#1549,#1557));
#1531 = ORIENTED_EDGE('',*,*,#1532,.T.);
#1532 = EDGE_CURVE('',#1533,#1535,#1537,.T.);
#1533 = VERTEX_POINT('',#1534);
#1534 = CARTESIAN_POINT('',(17.234528395068,30.866445838215,
    1.927620990003E-14));
#1535 = VERTEX_POINT('',#1536);
#1536 = CARTESIAN_POINT('',(16.468001356276,31.632972877007,
    1.840047627823E-14));
#1537 = LINE('',#1538,#1539);
#1538 = CARTESIAN_POINT('',(20.607187721542,27.493786511741,
    2.303712776097E-14));
#1539 = VECTOR('',#1540,1.);
#1540 = DIRECTION('',(-0.707106781187,0.707106781187,-7.885084930118E-16
    ));
#1541 = ORIENTED_EDGE('',*,*,#1542,.T.);
#1542 = EDGE_CURVE('',#1535,#1543,#1545,.T.);
#1543 = VERTEX_POINT('',#1544);
#1544 = CARTESIAN_POINT('',(16.633791532327,32.032868124111,0.4));
#1545 = LINE('',#1546,#1547);
#1546 = CARTESIAN_POINT('',(16.468001356276,31.632972877007,
    1.840047627823E-14));
#1547 = VECTOR('',#1548,1.);
#1548 = DIRECTION('',(0.281282210286,0.67846854179,0.678646267195));
#1549 = ORIENTED_EDGE('',*,*,#1550,.T.);
#1550 = EDGE_CURVE('',#1543,#1551,#1553,.T.);
#1551 = VERTEX_POINT('',#1552);
#1552 = CARTESIAN_POINT('',(17.634423643968,31.03223601247,0.4));
#1553 = LINE('',#1554,#1555);
#1554 = CARTESIAN_POINT('',(20.89003043312,27.776629223319,0.4));
#1555 = VECTOR('',#1556,1.);
#1556 = DIRECTION('',(0.707106781187,-0.707106781187,7.885084930118E-16)
  );
#1557 = ORIENTED_EDGE('',*,*,#1558,.T.);
#1558 = EDGE_CURVE('',#1551,#1533,#1559,.T.);
#1559 = LINE('',#1560,#1561);
#1560 = CARTESIAN_POINT('',(17.634423643968,31.03223601247,0.4));
#1561 = VECTOR('',#1562,1.);
#1562 = DIRECTION('',(-0.678468544017,-0.281282206898,-0.678646266373));
#1563 = PLANE('',#1564);
#1564 = AXIS2_PLACEMENT_3D('',#1565,#1566,#1567);
#1565 = CARTESIAN_POINT('',(20.748609077331,27.63520786753,0.2));
#1566 = DIRECTION('',(0.500000000793,0.500000000793,-0.707106780065));
#1567 = DIRECTION('',(-0.816496580065,-5.551115123126E-17,-0.57735027041
    ));
#1568 = ADVANCED_FACE('',(#1569),#1605,.F.);
#1569 = FACE_BOUND('',#1570,.F.);
#1570 = EDGE_LOOP('',(#1571,#1582,#1590,#1599));
#1571 = ORIENTED_EDGE('',*,*,#1572,.F.);
#1572 = EDGE_CURVE('',#1573,#1575,#1577,.T.);
#1573 = VERTEX_POINT('',#1574);
#1574 = CARTESIAN_POINT('',(13.802146982486,21.506166742667,
    1.540887589334E-14));
#1575 = VERTEX_POINT('',#1576);
#1576 = CARTESIAN_POINT('',(15.464139716234,20.019002118757,
    1.728690307149E-14));
#1577 = CIRCLE('',#1578,3.4);
#1578 = AXIS2_PLACEMENT_3D('',#1579,#1580,#1581);
#1579 = CARTESIAN_POINT('',(12.491346416994,18.369002118758,
    1.394717674685E-14));
#1580 = DIRECTION('',(1.115119404864E-15,3.697785493223E-32,-1.));
#1581 = DIRECTION('',(0.997951290525,6.397829115583E-02,
    1.112834849173E-15));
#1582 = ORIENTED_EDGE('',*,*,#1583,.F.);
#1583 = EDGE_CURVE('',#1584,#1573,#1586,.T.);
#1584 = VERTEX_POINT('',#1585);
#1585 = CARTESIAN_POINT('',(13.647935151252,21.137088551619,0.4));
#1586 = LINE('',#1587,#1588);
#1587 = CARTESIAN_POINT('',(13.647935151252,21.137088551619,0.4));
#1588 = VECTOR('',#1589,1.);
#1589 = DIRECTION('',(0.272610579013,0.652444229195,-0.707106781187));
#1590 = ORIENTED_EDGE('',*,*,#1591,.F.);
#1591 = EDGE_CURVE('',#1592,#1584,#1594,.T.);
#1592 = VERTEX_POINT('',#1593);
#1593 = CARTESIAN_POINT('',(15.218524445654,19.619002118757,0.4));
#1594 = CIRCLE('',#1595,3.);
#1595 = AXIS2_PLACEMENT_3D('',#1596,#1597,#1598);
#1596 = CARTESIAN_POINT('',(12.491346416994,18.369002118758,0.4));
#1597 = DIRECTION('',(-1.115119404864E-15,-3.697785493223E-32,1.));
#1598 = DIRECTION('',(0.997951290525,6.397829115583E-02,
    1.112834849173E-15));
#1599 = ORIENTED_EDGE('',*,*,#1600,.F.);
#1600 = EDGE_CURVE('',#1575,#1592,#1601,.T.);
#1601 = B_SPLINE_CURVE_WITH_KNOTS('',2,(#1602,#1603,#1604),
  .UNSPECIFIED.,.F.,.F.,(3,3),(0.,6.167255716457E-02),
  .PIECEWISE_BEZIER_KNOTS.);
#1602 = CARTESIAN_POINT('',(15.464139716234,20.019002118757,
    1.488392742388E-14));
#1603 = CARTESIAN_POINT('',(15.341332080944,19.810383995737,
    0.20861812302));
#1604 = CARTESIAN_POINT('',(15.218524445654,19.619002118757,0.4));
#1605 = CONICAL_SURFACE('',#1606,3.2,0.785398163397);
#1606 = AXIS2_PLACEMENT_3D('',#1607,#1608,#1609);
#1607 = CARTESIAN_POINT('',(12.491346416994,18.369002118758,0.2));
#1608 = DIRECTION('',(0.,0.,-1.));
#1609 = DIRECTION('',(0.997951290525,6.397829115583E-02,0.));
#1610 = ADVANCED_FACE('',(#1611),#1639,.T.);
#1611 = FACE_BOUND('',#1612,.T.);
#1612 = EDGE_LOOP('',(#1613,#1622,#1623,#1632));
#1613 = ORIENTED_EDGE('',*,*,#1614,.T.);
#1614 = EDGE_CURVE('',#1615,#1573,#1617,.T.);
#1615 = VERTEX_POINT('',#1616);
#1616 = CARTESIAN_POINT('',(11.176854193542,23.332281140332,
    1.24707821652E-14));
#1617 = CIRCLE('',#1618,7.6);
#1618 = AXIS2_PLACEMENT_3D('',#1619,#1620,#1621);
#1619 = CARTESIAN_POINT('',(16.73217177594,28.518652372581,
    1.866562460151E-14));
#1620 = DIRECTION('',(-1.115119404864E-15,0.,1.));
#1621 = DIRECTION('',(-0.556851124546,-0.830612319371,
    -6.209554946018E-16));
#1622 = ORIENTED_EDGE('',*,*,#1583,.F.);
#1623 = ORIENTED_EDGE('',*,*,#1624,.T.);
#1624 = EDGE_CURVE('',#1584,#1625,#1627,.T.);
#1625 = VERTEX_POINT('',#1626);
#1626 = CARTESIAN_POINT('',(10.895827186005,23.04717342923,0.4));
#1627 = CIRCLE('',#1628,8.);
#1628 = AXIS2_PLACEMENT_3D('',#1629,#1630,#1631);
#1629 = CARTESIAN_POINT('',(16.73217177594,28.518652372581,0.4));
#1630 = DIRECTION('',(1.115119404864E-15,0.,-1.));
#1631 = DIRECTION('',(-0.556851124546,-0.830612319371,
    -6.209554946018E-16));
#1632 = ORIENTED_EDGE('',*,*,#1633,.T.);
#1633 = EDGE_CURVE('',#1625,#1615,#1634,.T.);
#1634 = B_SPLINE_CURVE_WITH_KNOTS('',3,(#1635,#1636,#1637,#1638),
  .UNSPECIFIED.,.F.,.F.,(4,4),(-5.650500149808E-02,0.),
  .PIECEWISE_BEZIER_KNOTS.);
#1635 = CARTESIAN_POINT('',(10.895827186006,23.047173429229,0.4));
#1636 = CARTESIAN_POINT('',(10.989391427136,23.141996363032,
    0.266888145227));
#1637 = CARTESIAN_POINT('',(11.083373036162,23.237334483457,
    0.133124490399));
#1638 = CARTESIAN_POINT('',(11.176854193542,23.332281140331,
    4.926614671774E-15));
#1639 = CONICAL_SURFACE('',#1640,7.8,0.785398163397);
#1640 = AXIS2_PLACEMENT_3D('',#1641,#1642,#1643);
#1641 = CARTESIAN_POINT('',(16.73217177594,28.518652372581,0.2));
#1642 = DIRECTION('',(0.,0.,1.));
#1643 = DIRECTION('',(-0.556851124546,-0.830612319371,0.));
#1644 = ADVANCED_FACE('',(#1645),#1670,.T.);
#1645 = FACE_BOUND('',#1646,.T.);
#1646 = EDGE_LOOP('',(#1647,#1655,#1663,#1669));
#1647 = ORIENTED_EDGE('',*,*,#1648,.T.);
#1648 = EDGE_CURVE('',#1535,#1649,#1651,.T.);
#1649 = VERTEX_POINT('',#1650);
#1650 = CARTESIAN_POINT('',(10.592708508998,31.636687893279,
    1.184882321498E-14));
#1651 = LINE('',#1652,#1653);
#1652 = CARTESIAN_POINT('',(-3.290087713332E-02,31.643406590168,0.));
#1653 = VECTOR('',#1654,1.);
#1654 = DIRECTION('',(-0.999999800091,6.323115504503E-04,
    -1.115119181941E-15));
#1655 = ORIENTED_EDGE('',*,*,#1656,.T.);
#1656 = EDGE_CURVE('',#1649,#1657,#1659,.T.);
#1657 = VERTEX_POINT('',#1658);
#1658 = CARTESIAN_POINT('',(10.592961433617,32.036687811521,0.4));
#1659 = LINE('',#1660,#1661);
#1660 = CARTESIAN_POINT('',(10.592708508998,31.636687893279,
    1.184882321498E-14));
#1661 = VECTOR('',#1662,1.);
#1662 = DIRECTION('',(4.471117841372E-04,0.707106638243,0.707106782773)
  );
#1663 = ORIENTED_EDGE('',*,*,#1664,.T.);
#1664 = EDGE_CURVE('',#1657,#1543,#1665,.T.);
#1665 = LINE('',#1666,#1667);
#1666 = CARTESIAN_POINT('',(-3.264795251428E-02,32.043406508409,0.4));
#1667 = VECTOR('',#1668,1.);
#1668 = DIRECTION('',(0.999999800091,-6.323115504503E-04,
    1.115119181941E-15));
#1669 = ORIENTED_EDGE('',*,*,#1542,.F.);
#1670 = PLANE('',#1671);
#1671 = AXIS2_PLACEMENT_3D('',#1672,#1673,#1674);
#1672 = CARTESIAN_POINT('',(-3.27744148238E-02,31.843406549289,0.2));
#1673 = DIRECTION('',(4.471117861501E-04,0.707106641416,-0.7071067796));
#1674 = DIRECTION('',(-0.999999800091,-1.626303258728E-19,
    -6.323114268845E-04));
#1675 = ADVANCED_FACE('',(#1676),#1703,.T.);
#1676 = FACE_BOUND('',#1677,.T.);
#1677 = EDGE_LOOP('',(#1678,#1688,#1695,#1696));
#1678 = ORIENTED_EDGE('',*,*,#1679,.T.);
#1679 = EDGE_CURVE('',#1680,#1682,#1684,.T.);
#1680 = VERTEX_POINT('',#1681);
#1681 = CARTESIAN_POINT('',(9.992329120797,31.03668801143,
    1.119643693135E-14));
#1682 = VERTEX_POINT('',#1683);
#1683 = CARTESIAN_POINT('',(9.592329122067,31.03668801143,0.39999999873)
  );
#1684 = LINE('',#1685,#1686);
#1685 = CARTESIAN_POINT('',(9.992329120797,31.03668801143,
    1.119643693135E-14));
#1686 = VECTOR('',#1687,1.);
#1687 = DIRECTION('',(-0.707106781187,0.,0.707106781187));
#1688 = ORIENTED_EDGE('',*,*,#1689,.T.);
#1689 = EDGE_CURVE('',#1682,#1657,#1690,.T.);
#1690 = CIRCLE('',#1691,1.);
#1691 = AXIS2_PLACEMENT_3D('',#1692,#1693,#1694);
#1692 = CARTESIAN_POINT('',(10.592329122067,31.03668801143,0.39999999873
    ));
#1693 = DIRECTION('',(1.115119404864E-15,0.,-1.));
#1694 = DIRECTION('',(-0.706883189944,0.707330301751,-7.88259162078E-16)
  );
#1695 = ORIENTED_EDGE('',*,*,#1656,.F.);
#1696 = ORIENTED_EDGE('',*,*,#1697,.T.);
#1697 = EDGE_CURVE('',#1649,#1680,#1698,.T.);
#1698 = CIRCLE('',#1699,0.60000000127);
#1699 = AXIS2_PLACEMENT_3D('',#1700,#1701,#1702);
#1700 = CARTESIAN_POINT('',(10.592329122067,31.03668801143,
    1.186550857568E-14));
#1701 = DIRECTION('',(-1.115119404864E-15,0.,1.));
#1702 = DIRECTION('',(-0.706883189944,0.707330301751,-7.88259162078E-16)
  );
#1703 = CONICAL_SURFACE('',#1704,0.800000000635,0.785398163397);
#1704 = AXIS2_PLACEMENT_3D('',#1705,#1706,#1707);
#1705 = CARTESIAN_POINT('',(10.592329122067,31.03668801143,
    0.199999999365));
#1706 = DIRECTION('',(0.,0.,1.));
#1707 = DIRECTION('',(-0.706883189944,0.707330301751,0.));
#1708 = ADVANCED_FACE('',(#1709),#1734,.T.);
#1709 = FACE_BOUND('',#1710,.T.);
#1710 = EDGE_LOOP('',(#1711,#1721,#1727,#1728));
#1711 = ORIENTED_EDGE('',*,*,#1712,.T.);
#1712 = EDGE_CURVE('',#1713,#1715,#1717,.T.);
#1713 = VERTEX_POINT('',#1714);
#1714 = CARTESIAN_POINT('',(9.992329122067,26.001640776962,
    1.117161918529E-14));
#1715 = VERTEX_POINT('',#1716);
#1716 = CARTESIAN_POINT('',(9.592329122067,26.001640776962,0.4));
#1717 = LINE('',#1718,#1719);
#1718 = CARTESIAN_POINT('',(9.992329122067,26.001640776962,
    1.117161918529E-14));
#1719 = VECTOR('',#1720,1.);
#1720 = DIRECTION('',(-0.707106781187,0.,0.707106781187));
#1721 = ORIENTED_EDGE('',*,*,#1722,.T.);
#1722 = EDGE_CURVE('',#1715,#1682,#1723,.T.);
#1723 = LINE('',#1724,#1725);
#1724 = CARTESIAN_POINT('',(9.592329122067,12.891966135797,0.4));
#1725 = VECTOR('',#1726,1.);
#1726 = DIRECTION('',(5.177809915847E-17,1.,9.52603976431E-32));
#1727 = ORIENTED_EDGE('',*,*,#1679,.F.);
#1728 = ORIENTED_EDGE('',*,*,#1729,.T.);
#1729 = EDGE_CURVE('',#1680,#1713,#1730,.T.);
#1730 = LINE('',#1731,#1732);
#1731 = CARTESIAN_POINT('',(9.992329122067,12.891966135797,
    1.117161918529E-14));
#1732 = VECTOR('',#1733,1.);
#1733 = DIRECTION('',(-5.177809915847E-17,-1.,-9.52603976431E-32));
#1734 = PLANE('',#1735);
#1735 = AXIS2_PLACEMENT_3D('',#1736,#1737,#1738);
#1736 = CARTESIAN_POINT('',(9.792329122067,12.891966135797,0.2));
#1737 = DIRECTION('',(-0.707106781187,3.66126450319E-17,-0.707106781187)
  );
#1738 = DIRECTION('',(-0.707106781187,0.,0.707106781187));
#1739 = ADVANCED_FACE('',(#1740),#1758,.T.);
#1740 = FACE_BOUND('',#1741,.T.);
#1741 = EDGE_LOOP('',(#1742,#1749,#1750,#1757));
#1742 = ORIENTED_EDGE('',*,*,#1743,.T.);
#1743 = EDGE_CURVE('',#1625,#1715,#1744,.T.);
#1744 = CIRCLE('',#1745,4.);
#1745 = AXIS2_PLACEMENT_3D('',#1746,#1747,#1748);
#1746 = CARTESIAN_POINT('',(13.592329122067,26.001640776962,0.4));
#1747 = DIRECTION('',(1.115119404864E-15,4.930380657631E-32,-1.));
#1748 = DIRECTION('',(-0.923879532511,-0.382683432365,-1.03023599446E-15
    ));
#1749 = ORIENTED_EDGE('',*,*,#1712,.F.);
#1750 = ORIENTED_EDGE('',*,*,#1751,.T.);
#1751 = EDGE_CURVE('',#1713,#1615,#1752,.T.);
#1752 = CIRCLE('',#1753,3.6);
#1753 = AXIS2_PLACEMENT_3D('',#1754,#1755,#1756);
#1754 = CARTESIAN_POINT('',(13.592329122067,26.001640776962,
    1.519617764956E-14));
#1755 = DIRECTION('',(-1.115119404864E-15,-4.930380657631E-32,1.));
#1756 = DIRECTION('',(-0.923879532511,-0.382683432365,-1.03023599446E-15
    ));
#1757 = ORIENTED_EDGE('',*,*,#1633,.F.);
#1758 = CONICAL_SURFACE('',#1759,3.8,0.785398163397);
#1759 = AXIS2_PLACEMENT_3D('',#1760,#1761,#1762);
#1760 = CARTESIAN_POINT('',(13.592329122067,26.001640776962,0.2));
#1761 = DIRECTION('',(0.,0.,1.));
#1762 = DIRECTION('',(-0.923879532511,-0.382683432365,0.));
#1763 = ADVANCED_FACE('',(#1764),#1789,.T.);
#1764 = FACE_BOUND('',#1765,.T.);
#1765 = EDGE_LOOP('',(#1766,#1774,#1775,#1783));
#1766 = ORIENTED_EDGE('',*,*,#1767,.T.);
#1767 = EDGE_CURVE('',#1768,#1533,#1770,.T.);
#1768 = VERTEX_POINT('',#1769);
#1769 = CARTESIAN_POINT('',(17.241387360396,20.019002118757,
    1.926874640674E-14));
#1770 = LINE('',#1771,#1772);
#1771 = CARTESIAN_POINT('',(17.245953364935,12.797872562565,
    1.929012505286E-14));
#1772 = VECTOR('',#1773,1.);
#1773 = DIRECTION('',(-6.32311550471E-04,0.999999800091,
    -7.051028798496E-19));
#1774 = ORIENTED_EDGE('',*,*,#1558,.F.);
#1775 = ORIENTED_EDGE('',*,*,#1776,.T.);
#1776 = EDGE_CURVE('',#1551,#1777,#1779,.T.);
#1777 = VERTEX_POINT('',#1778);
#1778 = CARTESIAN_POINT('',(17.641282675567,20.184687487164,0.4));
#1779 = LINE('',#1780,#1781);
#1780 = CARTESIAN_POINT('',(17.645953284971,12.798125487185,0.4));
#1781 = VECTOR('',#1782,1.);
#1782 = DIRECTION('',(6.32311550471E-04,-0.999999800091,
    7.051028798496E-19));
#1783 = ORIENTED_EDGE('',*,*,#1784,.T.);
#1784 = EDGE_CURVE('',#1777,#1768,#1785,.T.);
#1785 = LINE('',#1786,#1787);
#1786 = CARTESIAN_POINT('',(17.641282675567,20.184687487164,0.4));
#1787 = VECTOR('',#1788,1.);
#1788 = DIRECTION('',(-0.678502494367,-0.281118439548,-0.678680181001));
#1789 = PLANE('',#1790);
#1790 = AXIS2_PLACEMENT_3D('',#1791,#1792,#1793);
#1791 = CARTESIAN_POINT('',(17.445953324953,12.797999024875,0.2));
#1792 = DIRECTION('',(0.70710663983,4.471117851606E-04,-0.707106781187)
  );
#1793 = DIRECTION('',(-0.707106851865,2.981555974335E-19,-0.707106710508
    ));
#1794 = ADVANCED_FACE('',(#1795),#1811,.T.);
#1795 = FACE_BOUND('',#1796,.T.);
#1796 = EDGE_LOOP('',(#1797,#1798,#1804,#1805));
#1797 = ORIENTED_EDGE('',*,*,#935,.F.);
#1798 = ORIENTED_EDGE('',*,*,#1799,.T.);
#1799 = EDGE_CURVE('',#936,#1768,#1800,.T.);
#1800 = LINE('',#1801,#1802);
#1801 = CARTESIAN_POINT('',(17.243776969733,16.239901649561,
    3.779100469196));
#1802 = VECTOR('',#1803,1.);
#1803 = DIRECTION('',(-4.471118298513E-04,0.707106710508,-0.707106710508
    ));
#1804 = ORIENTED_EDGE('',*,*,#1784,.F.);
#1805 = ORIENTED_EDGE('',*,*,#1806,.T.);
#1806 = EDGE_CURVE('',#1777,#938,#1807,.T.);
#1807 = LINE('',#1808,#1809);
#1808 = CARTESIAN_POINT('',(17.643598085055,16.522870739545,
    4.061816747619));
#1809 = VECTOR('',#1810,1.);
#1810 = DIRECTION('',(4.471118298513E-04,-0.707106710508,0.707106710508)
  );
#1811 = PLANE('',#1812);
#1812 = AXIS2_PLACEMENT_3D('',#1813,#1814,#1815);
#1813 = CARTESIAN_POINT('',(17.443687527394,16.381386194553,
    3.920458608408));
#1814 = DIRECTION('',(0.707264770714,-0.49966460367,-0.500111815443));
#1815 = DIRECTION('',(-0.577350346135,2.775557561563E-17,-0.816496526519
    ));
#1816 = ADVANCED_FACE('',(#1817),#1847,.T.);
#1817 = FACE_BOUND('',#1818,.T.);
#1818 = EDGE_LOOP('',(#1819,#1820,#1821,#1822,#1830,#1838,#1844,#1845,
    #1846));
#1819 = ORIENTED_EDGE('',*,*,#945,.F.);
#1820 = ORIENTED_EDGE('',*,*,#1806,.F.);
#1821 = ORIENTED_EDGE('',*,*,#1776,.F.);
#1822 = ORIENTED_EDGE('',*,*,#1823,.F.);
#1823 = EDGE_CURVE('',#1824,#1551,#1826,.T.);
#1824 = VERTEX_POINT('',#1825);
#1825 = CARTESIAN_POINT('',(17.634423644079,31.032235837727,
    39.336768530993));
#1826 = LINE('',#1827,#1828);
#1827 = CARTESIAN_POINT('',(17.634423644027,31.03223592002,
    21.000001135557));
#1828 = VECTOR('',#1829,1.);
#1829 = DIRECTION('',(-2.837576091781E-12,4.487853877494E-09,-1.));
#1830 = ORIENTED_EDGE('',*,*,#1831,.T.);
#1831 = EDGE_CURVE('',#1824,#1832,#1834,.T.);
#1832 = VERTEX_POINT('',#1833);
#1833 = CARTESIAN_POINT('',(17.638827577613,24.067421339881,
    46.30158302884));
#1834 = LINE('',#1835,#1836);
#1835 = CARTESIAN_POINT('',(17.634695584191,30.602162944776,
    39.766841423945));
#1836 = VECTOR('',#1837,1.);
#1837 = DIRECTION('',(4.471118298513E-04,-0.707106710508,0.707106710508)
  );
#1838 = ORIENTED_EDGE('',*,*,#1839,.F.);
#1839 = EDGE_CURVE('',#1444,#1832,#1840,.T.);
#1840 = LINE('',#1841,#1842);
#1841 = CARTESIAN_POINT('',(17.638827577613,24.067421339881,
    20.228427687237));
#1842 = VECTOR('',#1843,1.);
#1843 = DIRECTION('',(-1.465882845072E-16,4.257608434317E-16,1.));
#1844 = ORIENTED_EDGE('',*,*,#1452,.T.);
#1845 = ORIENTED_EDGE('',*,*,#1432,.T.);
#1846 = ORIENTED_EDGE('',*,*,#983,.F.);
#1847 = PLANE('',#1848);
#1848 = AXIS2_PLACEMENT_3D('',#1849,#1850,#1851);
#1849 = CARTESIAN_POINT('',(17.637417839803,26.296919643137,
    21.000001124982));
#1850 = DIRECTION('',(0.999999800091,6.32311550471E-04,
    1.463190417039E-16));
#1851 = DIRECTION('',(-6.32311550471E-04,0.999999800091,
    -7.787425148922E-15));
#1852 = ADVANCED_FACE('',(#1853),#1871,.T.);
#1853 = FACE_BOUND('',#1854,.T.);
#1854 = EDGE_LOOP('',(#1855,#1856,#1864,#1870));
#1855 = ORIENTED_EDGE('',*,*,#1550,.F.);
#1856 = ORIENTED_EDGE('',*,*,#1857,.T.);
#1857 = EDGE_CURVE('',#1543,#1858,#1860,.T.);
#1858 = VERTEX_POINT('',#1859);
#1859 = CARTESIAN_POINT('',(16.633791532435,32.03286795386,
    38.336136414861));
#1860 = LINE('',#1861,#1862);
#1861 = CARTESIAN_POINT('',(16.633791532386,32.032868031662,
    21.000001140051));
#1862 = VECTOR('',#1863,1.);
#1863 = DIRECTION('',(2.837576091781E-12,-4.487853877494E-09,1.));
#1864 = ORIENTED_EDGE('',*,*,#1865,.T.);
#1865 = EDGE_CURVE('',#1858,#1824,#1866,.T.);
#1866 = LINE('',#1867,#1868);
#1867 = CARTESIAN_POINT('',(15.720187479504,32.946472010888,
    37.422532357833));
#1868 = VECTOR('',#1869,1.);
#1869 = DIRECTION('',(0.577350267463,-0.577350270053,0.577350270053));
#1870 = ORIENTED_EDGE('',*,*,#1823,.T.);
#1871 = PLANE('',#1872);
#1872 = AXIS2_PLACEMENT_3D('',#1873,#1874,#1875);
#1873 = CARTESIAN_POINT('',(17.134107588206,31.532551975841,
    21.000001137804));
#1874 = DIRECTION('',(0.707106781187,0.707106781187,3.171385440454E-09)
  );
#1875 = DIRECTION('',(4.485016301402E-09,4.963083675318E-24,-1.));
#1876 = ADVANCED_FACE('',(#1877),#1919,.T.);
#1877 = FACE_BOUND('',#1878,.T.);
#1878 = EDGE_LOOP('',(#1879,#1880,#1888,#1896,#1904,#1912,#1918));
#1879 = ORIENTED_EDGE('',*,*,#1664,.F.);
#1880 = ORIENTED_EDGE('',*,*,#1881,.F.);
#1881 = EDGE_CURVE('',#1882,#1657,#1884,.T.);
#1882 = VERTEX_POINT('',#1883);
#1883 = CARTESIAN_POINT('',(10.592961433617,32.036687786751,
    5.919301540433));
#1884 = LINE('',#1885,#1886);
#1885 = CARTESIAN_POINT('',(10.592961433617,32.036687724083,
    19.883103955267));
#1886 = VECTOR('',#1887,1.);
#1887 = DIRECTION('',(2.323724944124E-25,4.487852083262E-09,-1.));
#1888 = ORIENTED_EDGE('',*,*,#1889,.F.);
#1889 = EDGE_CURVE('',#1890,#1882,#1892,.T.);
#1890 = VERTEX_POINT('',#1891);
#1891 = CARTESIAN_POINT('',(13.992961433616,32.034537911791,
    9.319309012109));
#1892 = LINE('',#1893,#1894);
#1893 = CARTESIAN_POINT('',(13.992961433616,32.034537911791,
    9.319309012109));
#1894 = VECTOR('',#1895,1.);
#1895 = DIRECTION('',(-0.707105933556,4.471145119484E-04,-0.707107487458
    ));
#1896 = ORIENTED_EDGE('',*,*,#1897,.F.);
#1897 = EDGE_CURVE('',#1898,#1890,#1900,.T.);
#1898 = VERTEX_POINT('',#1899);
#1899 = CARTESIAN_POINT('',(13.992961433617,32.034537790567,
    36.330788692078));
#1900 = LINE('',#1901,#1902);
#1901 = CARTESIAN_POINT('',(13.992961433617,32.034537906492,
    10.500000588648));
#1902 = VECTOR('',#1903,1.);
#1903 = DIRECTION('',(2.323724501757E-25,4.487852083262E-09,-1.));
#1904 = ORIENTED_EDGE('',*,*,#1905,.F.);
#1905 = EDGE_CURVE('',#1906,#1898,#1908,.T.);
#1906 = VERTEX_POINT('',#1907);
#1907 = CARTESIAN_POINT('',(15.997907079234,32.033270031026,
    38.335734337694));
#1908 = LINE('',#1909,#1910);
#1909 = CARTESIAN_POINT('',(7.396221800531,32.038709015672,
    29.734049058992));
#1910 = VECTOR('',#1911,1.);
#1911 = DIRECTION('',(-0.707106710507,4.471150032265E-04,-0.707106710507
    ));
#1912 = ORIENTED_EDGE('',*,*,#1913,.F.);
#1913 = EDGE_CURVE('',#1858,#1906,#1914,.T.);
#1914 = LINE('',#1915,#1916);
#1915 = CARTESIAN_POINT('',(5.08028878884,32.040173368586,
    38.328831000135));
#1916 = VECTOR('',#1917,1.);
#1917 = DIRECTION('',(-0.999999600182,6.323114268833E-04,
    -6.323114268833E-04));
#1918 = ORIENTED_EDGE('',*,*,#1857,.F.);
#1919 = PLANE('',#1920);
#1920 = AXIS2_PLACEMENT_3D('',#1921,#1922,#1923);
#1921 = CARTESIAN_POINT('',(6.323115504507E-04,32.04338537246,
    21.000001129469));
#1922 = DIRECTION('',(6.323115504503E-04,0.999999800091,4.4878511861E-09
    ));
#1923 = DIRECTION('',(-0.999999800091,6.323115504503E-04,
    -1.555672159204E-16));
#1924 = ADVANCED_FACE('',(#1925),#1962,.T.);
#1925 = FACE_BOUND('',#1926,.T.);
#1926 = EDGE_LOOP('',(#1927,#1928,#1936,#1944,#1961));
#1927 = ORIENTED_EDGE('',*,*,#1689,.F.);
#1928 = ORIENTED_EDGE('',*,*,#1929,.T.);
#1929 = EDGE_CURVE('',#1682,#1930,#1932,.T.);
#1930 = VERTEX_POINT('',#1931);
#1931 = CARTESIAN_POINT('',(9.592329122067,31.036687984715,
    6.333515600667));
#1932 = LINE('',#1933,#1934);
#1933 = CARTESIAN_POINT('',(9.592329122067,31.036687923992,
    19.883103950779));
#1934 = VECTOR('',#1935,1.);
#1935 = DIRECTION('',(-2.323724944124E-25,-4.487852083262E-09,1.));
#1936 = ORIENTED_EDGE('',*,*,#1937,.T.);
#1937 = EDGE_CURVE('',#1930,#1938,#1940,.T.);
#1938 = VERTEX_POINT('',#1939);
#1939 = CARTESIAN_POINT('',(9.592329880811,31.03797444376,6.333514080032
    ));
#1940 = LINE('',#1941,#1942);
#1941 = CARTESIAN_POINT('',(9.592329122067,31.036687984715,
    6.333515600667));
#1942 = VECTOR('',#1943,1.);
#1943 = DIRECTION('',(6.432286853646E-04,0.999998580359,
    -1.557413674685E-03));
#1944 = ORIENTED_EDGE('',*,*,#1945,.T.);
#1945 = EDGE_CURVE('',#1938,#1882,#1946,.T.);
#1946 = B_SPLINE_CURVE_WITH_KNOTS('',3,(#1947,#1948,#1949,#1950,#1951,
    #1952,#1953,#1954,#1955,#1956,#1957,#1958,#1959,#1960),
  .UNSPECIFIED.,.F.,.F.,(4,2,2,2,2,2,4),(0.,2.109574013097E-02,
    4.233115868577E-02,6.954276814353E-02,9.153535410357E-02,
    0.112995906193,0.113256743381),.UNSPECIFIED.);
#1947 = CARTESIAN_POINT('',(9.592329949556,31.037974444094,
    6.333514424607));
#1948 = CARTESIAN_POINT('',(9.592420412256,31.108293517095,6.33349537149
    ));
#1949 = CARTESIAN_POINT('',(9.599940492197,31.178368063875,
    6.330044054908));
#1950 = CARTESIAN_POINT('',(9.629487871936,31.315812292125,
    6.317481876436));
#1951 = CARTESIAN_POINT('',(9.651526030223,31.38276498641,6.308375343578
    ));
#1952 = CARTESIAN_POINT('',(9.716835191993,31.528138061359,6.28184309674
    ));
#1953 = CARTESIAN_POINT('',(9.781820593257,31.644419751856,
    6.256367148806));
#1954 = CARTESIAN_POINT('',(9.992850637202,31.847724229012,
    6.164653518749));
#1955 = CARTESIAN_POINT('',(10.102999608194,31.918144133845,
    6.11581963695));
#1956 = CARTESIAN_POINT('',(10.338094686338,32.011874575867,
    6.017103773186));
#1957 = CARTESIAN_POINT('',(10.462367741939,32.03618086046,
    5.967433562618));
#1958 = CARTESIAN_POINT('',(10.589898039392,32.036686204219,
    5.920429010443));
#1959 = CARTESIAN_POINT('',(10.59142964916,32.036688755314,
    5.919865037013));
#1960 = CARTESIAN_POINT('',(10.592961433615,32.036687786751,
    5.919301540427));
#1961 = ORIENTED_EDGE('',*,*,#1881,.T.);
#1962 = CYLINDRICAL_SURFACE('',#1963,1.);
#1963 = AXIS2_PLACEMENT_3D('',#1964,#1965,#1966);
#1964 = CARTESIAN_POINT('',(10.592329122067,31.036687923992,
    19.883103950779));
#1965 = DIRECTION('',(2.323724944124E-25,4.487852083262E-09,-1.));
#1966 = DIRECTION('',(-0.706883189944,0.707330301751,3.174393768267E-09)
  );
#1967 = ADVANCED_FACE('',(#1968),#1986,.T.);
#1968 = FACE_BOUND('',#1969,.T.);
#1969 = EDGE_LOOP('',(#1970,#1971,#1979,#1985));
#1970 = ORIENTED_EDGE('',*,*,#1722,.F.);
#1971 = ORIENTED_EDGE('',*,*,#1972,.F.);
#1972 = EDGE_CURVE('',#1973,#1715,#1975,.T.);
#1973 = VERTEX_POINT('',#1974);
#1974 = CARTESIAN_POINT('',(9.592329122067,26.00164077693,6.341364068898
    ));
#1975 = LINE('',#1976,#1977);
#1976 = CARTESIAN_POINT('',(9.592329122067,26.001640776962,
    14.074655067172));
#1977 = VECTOR('',#1978,1.);
#1978 = DIRECTION('',(4.423671598506E-32,6.310887241768E-30,-1.));
#1979 = ORIENTED_EDGE('',*,*,#1980,.T.);
#1980 = EDGE_CURVE('',#1973,#1930,#1981,.T.);
#1981 = LINE('',#1982,#1983);
#1982 = CARTESIAN_POINT('',(9.592329122073,26.001640776945,
    6.341364068892));
#1983 = VECTOR('',#1984,1.);
#1984 = DIRECTION('',(-1.295650725415E-12,0.999998785124,
    -1.558765661167E-03));
#1985 = ORIENTED_EDGE('',*,*,#1929,.F.);
#1986 = PLANE('',#1987);
#1987 = AXIS2_PLACEMENT_3D('',#1988,#1989,#1990);
#1988 = CARTESIAN_POINT('',(9.592329122067,26.495818863081,
    18.766206756229));
#1989 = DIRECTION('',(-1.,5.177809915847E-17,-4.423671598506E-32));
#1990 = DIRECTION('',(-5.177809915847E-17,-1.,7.787331452228E-15));
#1991 = ADVANCED_FACE('',(#1992),#2019,.T.);
#1992 = FACE_BOUND('',#1993,.T.);
#1993 = EDGE_LOOP('',(#1994,#1995,#2003,#2018));
#1994 = ORIENTED_EDGE('',*,*,#1743,.F.);
#1995 = ORIENTED_EDGE('',*,*,#1996,.T.);
#1996 = EDGE_CURVE('',#1625,#1997,#1999,.T.);
#1997 = VERTEX_POINT('',#1998);
#1998 = CARTESIAN_POINT('',(10.895827186015,23.04717342922,
    7.649475406509));
#1999 = LINE('',#2000,#2001);
#2000 = CARTESIAN_POINT('',(10.895827186005,23.04717342923,
    -1.379849865634E-06));
#2001 = VECTOR('',#2002,1.);
#2002 = DIRECTION('',(-1.130383251043E-15,-2.353461917149E-17,1.));
#2003 = ORIENTED_EDGE('',*,*,#2004,.F.);
#2004 = EDGE_CURVE('',#1973,#1997,#2005,.T.);
#2005 = B_SPLINE_CURVE_WITH_KNOTS('',3,(#2006,#2007,#2008,#2009,#2010,
    #2011,#2012,#2013,#2014,#2015,#2016,#2017),.UNSPECIFIED.,.F.,.F.,(4,
    2,2,2,2,4),(1.000000079748E-06,4.139591809774E-02,8.69473398424E-02,
    0.181188942678,0.276324231209,0.363457093274),.UNSPECIFIED.);
#2006 = CARTESIAN_POINT('',(9.592329122067,26.00164077693,6.341364068885
    ));
#2007 = CARTESIAN_POINT('',(9.592329122068,25.863657504887,
    6.341579339651));
#2008 = CARTESIAN_POINT('',(9.599468048546,25.726151000232,
    6.348932817195));
#2009 = CARTESIAN_POINT('',(9.629158179306,25.439428668286,
    6.379070369647));
#2010 = CARTESIAN_POINT('',(9.653074194776,25.291494723506,
    6.403217260413));
#2011 = CARTESIAN_POINT('',(9.750471321348,24.846454936838,
    6.501309027237));
#2012 = CARTESIAN_POINT('',(9.848506293727,24.563779956095,
    6.599785329972));
#2013 = CARTESIAN_POINT('',(10.095469573373,24.037660002826,
    6.847570204364));
#2014 = CARTESIAN_POINT('',(10.243749389762,23.796920751461,
    6.996226061118));
#2015 = CARTESIAN_POINT('',(10.558707450817,23.382666444973,
    7.311831334763));
#2016 = CARTESIAN_POINT('',(10.722964393344,23.204942935614,
    7.476366011631));
#2017 = CARTESIAN_POINT('',(10.895827186016,23.04717342922,
    7.649475406507));
#2018 = ORIENTED_EDGE('',*,*,#1972,.T.);
#2019 = CYLINDRICAL_SURFACE('',#2020,4.);
#2020 = AXIS2_PLACEMENT_3D('',#2021,#2022,#2023);
#2021 = CARTESIAN_POINT('',(13.592329122067,26.001640776962,
    14.074655067172));
#2022 = DIRECTION('',(-4.423671598506E-32,-6.310887241768E-30,1.));
#2023 = DIRECTION('',(-0.923879532511,-0.382683432365,
    -2.455941387433E-30));
#2024 = ADVANCED_FACE('',(#2025),#2046,.T.);
#2025 = FACE_BOUND('',#2026,.T.);
#2026 = EDGE_LOOP('',(#2027,#2028,#2036,#2045));
#2027 = ORIENTED_EDGE('',*,*,#1624,.F.);
#2028 = ORIENTED_EDGE('',*,*,#2029,.T.);
#2029 = EDGE_CURVE('',#1584,#2030,#2032,.T.);
#2030 = VERTEX_POINT('',#2031);
#2031 = CARTESIAN_POINT('',(13.647935151252,21.137088551619,
    10.404570571045));
#2032 = LINE('',#2033,#2034);
#2033 = CARTESIAN_POINT('',(13.647935151252,21.137088551619,
    -1.379849868548E-06));
#2034 = VECTOR('',#2035,1.);
#2035 = DIRECTION('',(-1.130383251043E-15,-2.353461917149E-17,1.));
#2036 = ORIENTED_EDGE('',*,*,#2037,.T.);
#2037 = EDGE_CURVE('',#2030,#1997,#2038,.T.);
#2038 = B_SPLINE_CURVE_WITH_KNOTS('',3,(#2039,#2040,#2041,#2042,#2043,
    #2044),.UNSPECIFIED.,.F.,.F.,(4,2,4),(-0.435279141885,
    -0.211384316922,-1.000000288286E-06),.UNSPECIFIED.);
#2039 = CARTESIAN_POINT('',(13.647935151252,21.137088551619,
    10.404570571045));
#2040 = CARTESIAN_POINT('',(13.141296442997,21.348777253009,
    9.897600515584));
#2041 = CARTESIAN_POINT('',(12.644723125792,21.617526802047,
    9.400606708323));
#2042 = CARTESIAN_POINT('',(11.723389073849,22.256966148837,
    8.478272527176));
#2043 = CARTESIAN_POINT('',(11.293389178988,22.623100009425,
    8.047700167184));
#2044 = CARTESIAN_POINT('',(10.895827186016,23.047173429218,
    7.649475406507));
#2045 = ORIENTED_EDGE('',*,*,#1996,.F.);
#2046 = CYLINDRICAL_SURFACE('',#2047,8.);
#2047 = AXIS2_PLACEMENT_3D('',#2048,#2049,#2050);
#2048 = CARTESIAN_POINT('',(16.73217177594,28.518652372581,
    -1.379849864888E-06));
#2049 = DIRECTION('',(-1.130383251043E-15,-2.353461917149E-17,1.));
#2050 = DIRECTION('',(-0.556851124546,-0.830612319371,
    -6.490033291271E-16));
#2051 = ADVANCED_FACE('',(#2052),#2139,.F.);
#2052 = FACE_BOUND('',#2053,.F.);
#2053 = EDGE_LOOP('',(#2054,#2055,#2064,#2072,#2081,#2089,#2098,#2106,
    #2115,#2123,#2132,#2138));
#2054 = ORIENTED_EDGE('',*,*,#2029,.T.);
#2055 = ORIENTED_EDGE('',*,*,#2056,.T.);
#2056 = EDGE_CURVE('',#2030,#2057,#2059,.T.);
#2057 = VERTEX_POINT('',#2058);
#2058 = CARTESIAN_POINT('',(13.991936040038,20.966737821869,
    10.748838024744));
#2059 = ELLIPSE('',#2060,4.336560140244,3.099464563896);
#2060 = AXIS2_PLACEMENT_3D('',#2061,#2062,#2063);
#2061 = CARTESIAN_POINT('',(12.44190106993,18.269507012272,
    9.203015143723));
#2062 = DIRECTION('',(0.707106781186,-1.104737038329E-03,-0.707105918202
    ));
#2063 = DIRECTION('',(0.70697960168,2.006989461914E-02,0.706949108591));
#2064 = ORIENTED_EDGE('',*,*,#2065,.T.);
#2065 = EDGE_CURVE('',#2057,#2066,#2068,.T.);
#2066 = VERTEX_POINT('',#2067);
#2067 = CARTESIAN_POINT('',(13.991936040038,20.966737821869,
    37.744609167934));
#2068 = LINE('',#2069,#2070);
#2069 = CARTESIAN_POINT('',(13.991936040038,20.966737821869,
    -1.379849868163E-06));
#2070 = VECTOR('',#2071,1.);
#2071 = DIRECTION('',(-1.130383251043E-15,-2.353461917149E-17,1.));
#2072 = ORIENTED_EDGE('',*,*,#2073,.T.);
#2073 = EDGE_CURVE('',#2066,#2074,#2076,.T.);
#2074 = VERTEX_POINT('',#2075);
#2075 = CARTESIAN_POINT('',(13.991936040038,15.771266415648,
    37.744609167934));
#2076 = ELLIPSE('',#2077,4.242640687119,3.);
#2077 = AXIS2_PLACEMENT_3D('',#2078,#2079,#2080);
#2078 = CARTESIAN_POINT('',(12.491346416994,18.369002118758,
    36.24401954489));
#2079 = DIRECTION('',(0.707106781187,-3.66126450319E-17,-0.707106781187)
  );
#2080 = DIRECTION('',(-0.707106781187,1.828859247674E-14,-0.707106781187
    ));
#2081 = ORIENTED_EDGE('',*,*,#2082,.T.);
#2082 = EDGE_CURVE('',#2074,#2083,#2085,.T.);
#2083 = VERTEX_POINT('',#2084);
#2084 = CARTESIAN_POINT('',(13.991936040038,15.771266415648,0.4));
#2085 = LINE('',#2086,#2087);
#2086 = CARTESIAN_POINT('',(13.991936040038,15.771266415648,
    -1.379849868285E-06));
#2087 = VECTOR('',#2088,1.);
#2088 = DIRECTION('',(1.130383251043E-15,2.353461917149E-17,-1.));
#2089 = ORIENTED_EDGE('',*,*,#2090,.T.);
#2090 = EDGE_CURVE('',#2083,#2091,#2093,.T.);
#2091 = VERTEX_POINT('',#2092);
#2092 = CARTESIAN_POINT('',(14.771149040029,16.419002118757,0.4));
#2093 = CIRCLE('',#2094,3.);
#2094 = AXIS2_PLACEMENT_3D('',#2095,#2096,#2097);
#2095 = CARTESIAN_POINT('',(12.491346416994,18.369002118758,0.4));
#2096 = DIRECTION('',(-1.115119404864E-15,-3.697785493223E-32,1.));
#2097 = DIRECTION('',(0.997951290525,6.397829115583E-02,
    1.112834849173E-15));
#2098 = ORIENTED_EDGE('',*,*,#2099,.T.);
#2099 = EDGE_CURVE('',#2091,#2100,#2102,.T.);
#2100 = VERTEX_POINT('',#2101);
#2101 = CARTESIAN_POINT('',(14.771149040029,16.419002118757,
    11.578463830367));
#2102 = LINE('',#2103,#2104);
#2103 = CARTESIAN_POINT('',(14.771149040029,16.419002118757,
    -1.379849867389E-06));
#2104 = VECTOR('',#2105,1.);
#2105 = DIRECTION('',(-1.130383251043E-15,-2.353461917149E-17,1.));
#2106 = ORIENTED_EDGE('',*,*,#2107,.T.);
#2107 = EDGE_CURVE('',#2100,#2108,#2110,.T.);
#2108 = VERTEX_POINT('',#2109);
#2109 = CARTESIAN_POINT('',(14.547329121698,16.184297306214,
    11.802283748656));
#2110 = ELLIPSE('',#2111,4.242640686728,3.);
#2111 = AXIS2_PLACEMENT_3D('',#2112,#2113,#2114);
#2112 = CARTESIAN_POINT('',(12.491346416994,18.369002118758,
    13.858266452982));
#2113 = DIRECTION('',(-0.707106781121,-5.642442258682E-15,
    -0.707106781252));
#2114 = DIRECTION('',(-0.707106781252,1.825530950081E-14,0.707106781121)
  );
#2115 = ORIENTED_EDGE('',*,*,#2116,.T.);
#2116 = EDGE_CURVE('',#2108,#2117,#2119,.T.);
#2117 = VERTEX_POINT('',#2118);
#2118 = CARTESIAN_POINT('',(14.547329121698,16.184297306214,
    20.19771625133));
#2119 = LINE('',#2120,#2121);
#2120 = CARTESIAN_POINT('',(14.547329121698,16.184297306214,
    -1.379849867487E-06));
#2121 = VECTOR('',#2122,1.);
#2122 = DIRECTION('',(-1.130383251043E-15,-2.353461917149E-17,1.));
#2123 = ORIENTED_EDGE('',*,*,#2124,.T.);
#2124 = EDGE_CURVE('',#2117,#2125,#2127,.T.);
#2125 = VERTEX_POINT('',#2126);
#2126 = CARTESIAN_POINT('',(15.218524445654,19.619002118757,
    20.19771625133));
#2127 = CIRCLE('',#2128,3.);
#2128 = AXIS2_PLACEMENT_3D('',#2129,#2130,#2131);
#2129 = CARTESIAN_POINT('',(12.491346416994,18.369002118758,
    20.19771625133));
#2130 = DIRECTION('',(-1.506432264115E-16,7.787331231788E-15,1.));
#2131 = DIRECTION('',(-1.,2.584044089815E-14,-1.506432264117E-16));
#2132 = ORIENTED_EDGE('',*,*,#2133,.T.);
#2133 = EDGE_CURVE('',#2125,#1592,#2134,.T.);
#2134 = LINE('',#2135,#2136);
#2135 = CARTESIAN_POINT('',(15.218524445654,19.619002118757,
    -1.379849867036E-06));
#2136 = VECTOR('',#2137,1.);
#2137 = DIRECTION('',(1.130383251043E-15,2.353461917149E-17,-1.));
#2138 = ORIENTED_EDGE('',*,*,#1591,.T.);
#2139 = CYLINDRICAL_SURFACE('',#2140,3.);
#2140 = AXIS2_PLACEMENT_3D('',#2141,#2142,#2143);
#2141 = CARTESIAN_POINT('',(12.491346416994,18.369002118758,
    -1.37984986992E-06));
#2142 = DIRECTION('',(-1.130383251043E-15,-2.353461917149E-17,1.));
#2143 = DIRECTION('',(0.997951290525,6.397829115583E-02,
    1.129573128884E-15));
#2144 = ADVANCED_FACE('',(#2145),#2170,.T.);
#2145 = FACE_BOUND('',#2146,.T.);
#2146 = EDGE_LOOP('',(#2147,#2148,#2156,#2164));
#2147 = ORIENTED_EDGE('',*,*,#369,.T.);
#2148 = ORIENTED_EDGE('',*,*,#2149,.F.);
#2149 = EDGE_CURVE('',#2150,#362,#2152,.T.);
#2150 = VERTEX_POINT('',#2151);
#2151 = CARTESIAN_POINT('',(15.44732852602,-26.73174541885,0.4));
#2152 = LINE('',#2153,#2154);
#2153 = CARTESIAN_POINT('',(7.108719417973,-26.73174541885,
    8.738609108047));
#2154 = VECTOR('',#2155,1.);
#2155 = DIRECTION('',(0.707106781187,2.325051242505E-15,-0.707106781187)
  );
#2156 = ORIENTED_EDGE('',*,*,#2157,.T.);
#2157 = EDGE_CURVE('',#2150,#2158,#2160,.T.);
#2158 = VERTEX_POINT('',#2159);
#2159 = CARTESIAN_POINT('',(15.44732852602,-15.64975299945,0.4));
#2160 = LINE('',#2161,#2162);
#2161 = CARTESIAN_POINT('',(15.44732852602,-9.646629120709,0.4));
#2162 = VECTOR('',#2163,1.);
#2163 = DIRECTION('',(5.177809915847E-17,1.,9.52603976431E-32));
#2164 = ORIENTED_EDGE('',*,*,#2165,.T.);
#2165 = EDGE_CURVE('',#2158,#370,#2166,.T.);
#2166 = LINE('',#2167,#2168);
#2167 = CARTESIAN_POINT('',(15.44732852602,-15.64975299945,0.4));
#2168 = VECTOR('',#2169,1.);
#2169 = DIRECTION('',(0.577350269843,0.577350267883,-0.577350269843));
#2170 = PLANE('',#2171);
#2171 = AXIS2_PLACEMENT_3D('',#2172,#2173,#2174);
#2172 = CARTESIAN_POINT('',(15.64732852602,-9.646629120709,0.2));
#2173 = DIRECTION('',(-0.707106781187,3.66126450319E-17,-0.707106781187)
  );
#2174 = DIRECTION('',(-0.707106781187,0.,0.707106781187));
#2175 = ADVANCED_FACE('',(#2176),#2194,.T.);
#2176 = FACE_BOUND('',#2177,.T.);
#2177 = EDGE_LOOP('',(#2178,#2186,#2192,#2193));
#2178 = ORIENTED_EDGE('',*,*,#2179,.T.);
#2179 = EDGE_CURVE('',#2158,#2180,#2182,.T.);
#2180 = VERTEX_POINT('',#2181);
#2181 = CARTESIAN_POINT('',(13.992329122067,-15.64975299451,0.4));
#2182 = LINE('',#2183,#2184);
#2183 = CARTESIAN_POINT('',(6.452844643551,-15.64975296892,0.4));
#2184 = VECTOR('',#2185,1.);
#2185 = DIRECTION('',(-1.,3.394944213941E-09,-1.115119404864E-15));
#2186 = ORIENTED_EDGE('',*,*,#2187,.T.);
#2187 = EDGE_CURVE('',#2180,#378,#2188,.T.);
#2188 = LINE('',#2189,#2190);
#2189 = CARTESIAN_POINT('',(13.992329122067,-15.64975299451,0.4));
#2190 = VECTOR('',#2191,1.);
#2191 = DIRECTION('',(0.281084639397,0.67859834372,-0.678598344675));
#2192 = ORIENTED_EDGE('',*,*,#377,.T.);
#2193 = ORIENTED_EDGE('',*,*,#2165,.F.);
#2194 = PLANE('',#2195);
#2195 = AXIS2_PLACEMENT_3D('',#2196,#2197,#2198);
#2196 = CARTESIAN_POINT('',(6.45284464423,-15.44975296892,0.2));
#2197 = DIRECTION('',(-2.400587286919E-09,-0.707106781187,
    -0.707106781187));
#2198 = DIRECTION('',(-1.,-1.24077091883E-24,3.394943098821E-09));
#2199 = ADVANCED_FACE('',(#2200),#2218,.T.);
#2200 = FACE_BOUND('',#2201,.T.);
#2201 = EDGE_LOOP('',(#2202,#2210,#2216,#2217));
#2202 = ORIENTED_EDGE('',*,*,#2203,.T.);
#2203 = EDGE_CURVE('',#2180,#2204,#2206,.T.);
#2204 = VERTEX_POINT('',#2205);
#2205 = CARTESIAN_POINT('',(12.992329122067,-14.64975299112,0.4));
#2206 = LINE('',#2207,#2208);
#2207 = CARTESIAN_POINT('',(6.48812030668,-8.145544153654,0.4));
#2208 = VECTOR('',#2209,1.);
#2209 = DIRECTION('',(-0.707106779986,0.707106782387,-7.885084916733E-16
    ));
#2210 = ORIENTED_EDGE('',*,*,#2211,.T.);
#2211 = EDGE_CURVE('',#2204,#386,#2212,.T.);
#2212 = LINE('',#2213,#2214);
#2213 = CARTESIAN_POINT('',(12.992329122067,-14.64975299112,0.4));
#2214 = VECTOR('',#2215,1.);
#2215 = DIRECTION('',(0.678598344675,0.281084637093,-0.678598344675));
#2216 = ORIENTED_EDGE('',*,*,#385,.T.);
#2217 = ORIENTED_EDGE('',*,*,#2187,.F.);
#2218 = PLANE('',#2219);
#2219 = AXIS2_PLACEMENT_3D('',#2220,#2221,#2222);
#2220 = CARTESIAN_POINT('',(6.629541663157,-8.004122797657,0.2));
#2221 = DIRECTION('',(-0.500000000849,-0.499999999151,-0.707106781187));
#2222 = DIRECTION('',(-0.816496580466,-1.387778780781E-16,0.577350269843
    ));
#2223 = ADVANCED_FACE('',(#2224),#2241,.T.);
#2224 = FACE_BOUND('',#2225,.T.);
#2225 = EDGE_LOOP('',(#2226,#2227,#2228,#2235));
#2226 = ORIENTED_EDGE('',*,*,#724,.T.);
#2227 = ORIENTED_EDGE('',*,*,#419,.T.);
#2228 = ORIENTED_EDGE('',*,*,#2229,.T.);
#2229 = EDGE_CURVE('',#411,#2091,#2230,.T.);
#2230 = B_SPLINE_CURVE_WITH_KNOTS('',3,(#2231,#2232,#2233,#2234),
  .UNSPECIFIED.,.F.,.F.,(4,4),(0.,5.919900915951E-02),
  .PIECEWISE_BEZIER_KNOTS.);
#2231 = CARTESIAN_POINT('',(14.948478892054,16.019002118757,
    1.838806884535E-14));
#2232 = CARTESIAN_POINT('',(14.891401257081,16.152570985892,
    0.133568867135));
#2233 = CARTESIAN_POINT('',(14.832256368913,16.286323405732,
    0.267321286975));
#2234 = CARTESIAN_POINT('',(14.771149040029,16.419002118757,0.4));
#2235 = ORIENTED_EDGE('',*,*,#2236,.T.);
#2236 = EDGE_CURVE('',#2091,#725,#2237,.T.);
#2237 = LINE('',#2238,#2239);
#2238 = CARTESIAN_POINT('',(8.230344668909,16.419002118757,0.4));
#2239 = VECTOR('',#2240,1.);
#2240 = DIRECTION('',(1.,1.750789380897E-16,1.115119404864E-15));
#2241 = PLANE('',#2242);
#2242 = AXIS2_PLACEMENT_3D('',#2243,#2244,#2245);
#2243 = CARTESIAN_POINT('',(8.230344668909,16.219002118757,0.2));
#2244 = DIRECTION('',(6.647089886457E-16,0.707106781187,-0.707106781187)
  );
#2245 = DIRECTION('',(-1.,1.972152263053E-31,-9.40040466774E-16));
#2246 = ADVANCED_FACE('',(#2247),#2265,.T.);
#2247 = FACE_BOUND('',#2248,.T.);
#2248 = EDGE_LOOP('',(#2249,#2257,#2263,#2264));
#2249 = ORIENTED_EDGE('',*,*,#2250,.T.);
#2250 = EDGE_CURVE('',#2204,#2251,#2253,.T.);
#2251 = VERTEX_POINT('',#2252);
#2252 = CARTESIAN_POINT('',(12.992329122067,14.039442613575,0.4));
#2253 = LINE('',#2254,#2255);
#2254 = CARTESIAN_POINT('',(12.992329122067,10.328557763635,0.4));
#2255 = VECTOR('',#2256,1.);
#2256 = DIRECTION('',(5.177809915847E-17,1.,9.52603976431E-32));
#2257 = ORIENTED_EDGE('',*,*,#2258,.T.);
#2258 = EDGE_CURVE('',#2251,#394,#2259,.T.);
#2259 = LINE('',#2260,#2261);
#2260 = CARTESIAN_POINT('',(12.992329122067,14.039442613575,0.4));
#2261 = VECTOR('',#2262,1.);
#2262 = DIRECTION('',(0.707106781187,0.,-0.707106781187));
#2263 = ORIENTED_EDGE('',*,*,#393,.T.);
#2264 = ORIENTED_EDGE('',*,*,#2211,.F.);
#2265 = PLANE('',#2266);
#2266 = AXIS2_PLACEMENT_3D('',#2267,#2268,#2269);
#2267 = CARTESIAN_POINT('',(13.192329122067,10.328557763635,0.2));
#2268 = DIRECTION('',(-0.707106781187,3.66126450319E-17,-0.707106781187)
  );
#2269 = DIRECTION('',(-0.707106781187,0.,0.707106781187));
#2270 = ADVANCED_FACE('',(#2271),#2288,.T.);
#2271 = FACE_BOUND('',#2272,.T.);
#2272 = EDGE_LOOP('',(#2273,#2274,#2281,#2287));
#2273 = ORIENTED_EDGE('',*,*,#2258,.F.);
#2274 = ORIENTED_EDGE('',*,*,#2275,.T.);
#2275 = EDGE_CURVE('',#2251,#2083,#2276,.T.);
#2276 = CIRCLE('',#2277,2.);
#2277 = AXIS2_PLACEMENT_3D('',#2278,#2279,#2280);
#2278 = CARTESIAN_POINT('',(14.992329122067,14.039442613575,0.4));
#2279 = DIRECTION('',(1.115119404864E-15,-9.860761315263E-32,-1.));
#2280 = DIRECTION('',(-0.86608213843,0.499901719834,-9.65784998769E-16)
  );
#2281 = ORIENTED_EDGE('',*,*,#2282,.T.);
#2282 = EDGE_CURVE('',#2083,#402,#2283,.T.);
#2283 = LINE('',#2284,#2285);
#2284 = CARTESIAN_POINT('',(13.991936040038,15.771266415648,0.4));
#2285 = VECTOR('',#2286,1.);
#2286 = DIRECTION('',(0.353692366077,-0.612292177133,-0.707106781187));
#2287 = ORIENTED_EDGE('',*,*,#401,.T.);
#2288 = CONICAL_SURFACE('',#2289,1.8,0.785398163397);
#2289 = AXIS2_PLACEMENT_3D('',#2290,#2291,#2292);
#2290 = CARTESIAN_POINT('',(14.992329122067,14.039442613575,0.2));
#2291 = DIRECTION('',(0.,0.,1.));
#2292 = DIRECTION('',(-0.86608213843,0.499901719834,0.));
#2293 = ADVANCED_FACE('',(#2294),#2300,.F.);
#2294 = FACE_BOUND('',#2295,.F.);
#2295 = EDGE_LOOP('',(#2296,#2297,#2298,#2299));
#2296 = ORIENTED_EDGE('',*,*,#2229,.T.);
#2297 = ORIENTED_EDGE('',*,*,#2090,.F.);
#2298 = ORIENTED_EDGE('',*,*,#2282,.T.);
#2299 = ORIENTED_EDGE('',*,*,#410,.F.);
#2300 = CONICAL_SURFACE('',#2301,3.2,0.785398163397);
#2301 = AXIS2_PLACEMENT_3D('',#2302,#2303,#2304);
#2302 = CARTESIAN_POINT('',(12.491346416994,18.369002118758,0.2));
#2303 = DIRECTION('',(0.,0.,-1.));
#2304 = DIRECTION('',(0.997951290525,6.397829115583E-02,0.));
#2305 = ADVANCED_FACE('',(#2306),#2340,.T.);
#2306 = FACE_BOUND('',#2307,.T.);
#2307 = EDGE_LOOP('',(#2308,#2318,#2326,#2334));
#2308 = ORIENTED_EDGE('',*,*,#2309,.T.);
#2309 = EDGE_CURVE('',#2310,#2312,#2314,.T.);
#2310 = VERTEX_POINT('',#2311);
#2311 = CARTESIAN_POINT('',(-13.84720696016,-0.4,47.000002249963));
#2312 = VERTEX_POINT('',#2313);
#2313 = CARTESIAN_POINT('',(-16.26142052253,-0.4,47.000002249963));
#2314 = LINE('',#2315,#2316);
#2315 = CARTESIAN_POINT('',(-8.134233111384,-0.4,47.000002249963));
#2316 = VECTOR('',#2317,1.);
#2317 = DIRECTION('',(-1.,2.220624198067E-14,1.506432264116E-16));
#2318 = ORIENTED_EDGE('',*,*,#2319,.F.);
#2319 = EDGE_CURVE('',#2320,#2312,#2322,.T.);
#2320 = VERTEX_POINT('',#2321);
#2321 = CARTESIAN_POINT('',(-16.26142052253,3.607921220241E-13,
    47.400002249963));
#2322 = LINE('',#2323,#2324);
#2323 = CARTESIAN_POINT('',(-16.26142052253,5.64225052969,
    53.042252779653));
#2324 = VECTOR('',#2325,1.);
#2325 = DIRECTION('',(-9.780830595325E-15,-0.707106781187,
    -0.707106781187));
#2326 = ORIENTED_EDGE('',*,*,#2327,.T.);
#2327 = EDGE_CURVE('',#2320,#2328,#2330,.T.);
#2328 = VERTEX_POINT('',#2329);
#2329 = CARTESIAN_POINT('',(-13.68152153521,3.035202768786E-13,
    47.400002249963));
#2330 = LINE('',#2331,#2332);
#2331 = CARTESIAN_POINT('',(-8.134233111384,1.803418525625E-13,
    47.400002249963));
#2332 = VECTOR('',#2333,1.);
#2333 = DIRECTION('',(1.,-2.220624198067E-14,-1.506432264116E-16));
#2334 = ORIENTED_EDGE('',*,*,#2335,.T.);
#2335 = EDGE_CURVE('',#2328,#2310,#2336,.T.);
#2336 = LINE('',#2337,#2338);
#2337 = CARTESIAN_POINT('',(-13.68152153521,3.035202768786E-13,
    47.400002249963));
#2338 = VECTOR('',#2339,1.);
#2339 = DIRECTION('',(-0.281084637715,-0.678598344546,-0.678598344546));
#2340 = PLANE('',#2341);
#2341 = AXIS2_PLACEMENT_3D('',#2342,#2343,#2344);
#2342 = CARTESIAN_POINT('',(-8.134233111384,-0.2,47.200002249963));
#2343 = DIRECTION('',(1.559566344226E-14,0.707106781187,-0.707106781187)
  );
#2344 = DIRECTION('',(-1.,-1.419949629398E-29,-2.205559875425E-14));
#2345 = ADVANCED_FACE('',(#2346),#2371,.T.);
#2346 = FACE_BOUND('',#2347,.T.);
#2347 = EDGE_LOOP('',(#2348,#2356,#2364,#2370));
#2348 = ORIENTED_EDGE('',*,*,#2349,.T.);
#2349 = EDGE_CURVE('',#2328,#2350,#2352,.T.);
#2350 = VERTEX_POINT('',#2351);
#2351 = CARTESIAN_POINT('',(-9.681521535212,2.146949735496E-13,
    43.400002249963));
#2352 = LINE('',#2353,#2354);
#2353 = CARTESIAN_POINT('',(-14.77147102887,3.277239590815E-13,
    48.489951743625));
#2354 = VECTOR('',#2355,1.);
#2355 = DIRECTION('',(0.707106781187,-1.57021842892E-14,-0.707106781187)
  );
#2356 = ORIENTED_EDGE('',*,*,#2357,.T.);
#2357 = EDGE_CURVE('',#2350,#2358,#2360,.T.);
#2358 = VERTEX_POINT('',#2359);
#2359 = CARTESIAN_POINT('',(-9.847206960161,-0.4,43.000002249963));
#2360 = LINE('',#2361,#2362);
#2361 = CARTESIAN_POINT('',(-9.681521535212,2.146949735496E-13,
    43.400002249963));
#2362 = VECTOR('',#2363,1.);
#2363 = DIRECTION('',(-0.281084637715,-0.678598344546,-0.678598344546));
#2364 = ORIENTED_EDGE('',*,*,#2365,.T.);
#2365 = EDGE_CURVE('',#2358,#2310,#2366,.T.);
#2366 = LINE('',#2367,#2368);
#2367 = CARTESIAN_POINT('',(-15.05431374134,-0.4,48.20710903115));
#2368 = VECTOR('',#2369,1.);
#2369 = DIRECTION('',(-0.707106781187,1.57021842892E-14,0.707106781187)
  );
#2370 = ORIENTED_EDGE('',*,*,#2335,.F.);
#2371 = PLANE('',#2372);
#2372 = AXIS2_PLACEMENT_3D('',#2373,#2374,#2375);
#2373 = CARTESIAN_POINT('',(-14.91289238511,-0.2,48.348530387387));
#2374 = DIRECTION('',(-0.5,0.707106781187,-0.5));
#2375 = DIRECTION('',(-0.707106781187,-1.942890293094E-16,0.707106781187
    ));
#2376 = ADVANCED_FACE('',(#2377),#2403,.T.);
#2377 = FACE_BOUND('',#2378,.T.);
#2378 = EDGE_LOOP('',(#2379,#2387,#2396,#2402));
#2379 = ORIENTED_EDGE('',*,*,#2380,.T.);
#2380 = EDGE_CURVE('',#2350,#2381,#2383,.T.);
#2381 = VERTEX_POINT('',#2382);
#2382 = CARTESIAN_POINT('',(-9.014091400468,1.99856177826E-13,
    43.400002249963));
#2383 = LINE('',#2384,#2385);
#2384 = CARTESIAN_POINT('',(-7.045700233638E-03,-1.387778780781E-16,
    43.400002249963));
#2385 = VECTOR('',#2386,1.);
#2386 = DIRECTION('',(1.,-2.220624198067E-14,0.));
#2387 = ORIENTED_EDGE('',*,*,#2388,.T.);
#2388 = EDGE_CURVE('',#2381,#2389,#2391,.T.);
#2389 = VERTEX_POINT('',#2390);
#2390 = CARTESIAN_POINT('',(-8.604784038433,-0.4,43.000002249963));
#2391 = B_SPLINE_CURVE_WITH_KNOTS('',3,(#2392,#2393,#2394,#2395),
  .UNSPECIFIED.,.F.,.F.,(4,4),(-6.980749836445E-02,0.),
  .PIECEWISE_BEZIER_KNOTS.);
#2392 = CARTESIAN_POINT('',(-9.014091400468,8.413408858488E-14,
    43.400002249963));
#2393 = CARTESIAN_POINT('',(-8.87974716095,-0.134344239518,
    43.265658010445));
#2394 = CARTESIAN_POINT('',(-8.743295341987,-0.267787996031,
    43.132214253932));
#2395 = CARTESIAN_POINT('',(-8.604784038433,-0.4,43.000002249963));
#2396 = ORIENTED_EDGE('',*,*,#2397,.T.);
#2397 = EDGE_CURVE('',#2389,#2358,#2398,.T.);
#2398 = LINE('',#2399,#2400);
#2399 = CARTESIAN_POINT('',(-7.045700233647E-03,-0.4,43.000002249963));
#2400 = VECTOR('',#2401,1.);
#2401 = DIRECTION('',(-1.,2.220624198067E-14,0.));
#2402 = ORIENTED_EDGE('',*,*,#2357,.F.);
#2403 = PLANE('',#2404);
#2404 = AXIS2_PLACEMENT_3D('',#2405,#2406,#2407);
#2405 = CARTESIAN_POINT('',(-7.045700233643E-03,-0.2,43.200002249963));
#2406 = DIRECTION('',(1.57021842892E-14,0.707106781187,-0.707106781187)
  );
#2407 = DIRECTION('',(-1.,-3.313215801928E-29,-2.220624198066E-14));
#2408 = ADVANCED_FACE('',(#2409),#2437,.T.);
#2409 = FACE_BOUND('',#2410,.T.);
#2410 = EDGE_LOOP('',(#2411,#2420,#2429,#2436));
#2411 = ORIENTED_EDGE('',*,*,#2412,.T.);
#2412 = EDGE_CURVE('',#2381,#2413,#2415,.T.);
#2413 = VERTEX_POINT('',#2414);
#2414 = CARTESIAN_POINT('',(-3.061822416966,8.468254581144,
    43.400002249963));
#2415 = CIRCLE('',#2416,9.);
#2416 = AXIS2_PLACEMENT_3D('',#2417,#2418,#2419);
#2417 = CARTESIAN_POINT('',(-1.409140046751E-02,4.060802109533E-27,
    43.400002249963));
#2418 = DIRECTION('',(0.,0.,-1.));
#2419 = DIRECTION('',(-1.,2.220624198067E-14,0.));
#2420 = ORIENTED_EDGE('',*,*,#2421,.T.);
#2421 = EDGE_CURVE('',#2413,#2422,#2424,.T.);
#2422 = VERTEX_POINT('',#2423);
#2423 = CARTESIAN_POINT('',(-2.991215518445,8.068254581144,
    43.000002249963));
#2424 = B_SPLINE_CURVE_WITH_KNOTS('',3,(#2425,#2426,#2427,#2428),
  .UNSPECIFIED.,.F.,.F.,(4,4),(0.,5.69980113513E-02),
  .PIECEWISE_BEZIER_KNOTS.);
#2425 = CARTESIAN_POINT('',(-3.061822416966,8.468254581144,
    43.400002249963));
#2426 = CARTESIAN_POINT('',(-3.038559165312,8.334919847839,
    43.266667516657));
#2427 = CARTESIAN_POINT('',(-3.01502195628,8.20154152209,43.133289190909
    ));
#2428 = CARTESIAN_POINT('',(-2.991215518445,8.068254581144,
    43.000002249963));
#2429 = ORIENTED_EDGE('',*,*,#2430,.T.);
#2430 = EDGE_CURVE('',#2422,#2389,#2431,.T.);
#2431 = CIRCLE('',#2432,8.6);
#2432 = AXIS2_PLACEMENT_3D('',#2433,#2434,#2435);
#2433 = CARTESIAN_POINT('',(-1.409140046751E-02,4.060802109533E-27,
    43.000002249963));
#2434 = DIRECTION('',(0.,0.,1.));
#2435 = DIRECTION('',(-1.,2.220624198067E-14,0.));
#2436 = ORIENTED_EDGE('',*,*,#2388,.F.);
#2437 = CONICAL_SURFACE('',#2438,8.8,0.785398163398);
#2438 = AXIS2_PLACEMENT_3D('',#2439,#2440,#2441);
#2439 = CARTESIAN_POINT('',(-1.409140046751E-02,4.060802109533E-27,
    43.200002249963));
#2440 = DIRECTION('',(0.,0.,1.));
#2441 = DIRECTION('',(-1.,2.220624198067E-14,0.));
#2442 = ADVANCED_FACE('',(#2443),#2469,.T.);
#2443 = FACE_BOUND('',#2444,.T.);
#2444 = EDGE_LOOP('',(#2445,#2453,#2462,#2468));
#2445 = ORIENTED_EDGE('',*,*,#2446,.T.);
#2446 = EDGE_CURVE('',#2413,#2447,#2449,.T.);
#2447 = VERTEX_POINT('',#2448);
#2448 = CARTESIAN_POINT('',(3.047731016499,8.468254581144,
    43.400002249963));
#2449 = LINE('',#2450,#2451);
#2450 = CARTESIAN_POINT('',(8.120141710917,8.468254581144,
    43.400002249963));
#2451 = VECTOR('',#2452,1.);
#2452 = DIRECTION('',(1.,-3.650603752828E-29,0.));
#2453 = ORIENTED_EDGE('',*,*,#2454,.T.);
#2454 = EDGE_CURVE('',#2447,#2455,#2457,.T.);
#2455 = VERTEX_POINT('',#2456);
#2456 = CARTESIAN_POINT('',(2.977124117978,8.068254581144,
    43.000002249963));
#2457 = B_SPLINE_CURVE_WITH_KNOTS('',3,(#2458,#2459,#2460,#2461),
  .UNSPECIFIED.,.F.,.F.,(4,4),(0.,5.699801151148E-02),
  .PIECEWISE_BEZIER_KNOTS.);
#2458 = CARTESIAN_POINT('',(3.047731016499,8.468254581144,
    43.400002249963));
#2459 = CARTESIAN_POINT('',(3.02446776478,8.334919847464,43.266667516283
    ));
#2460 = CARTESIAN_POINT('',(3.000930555781,8.201541521914,
    43.133289190732));
#2461 = CARTESIAN_POINT('',(2.977124117978,8.068254581144,
    43.000002249963));
#2462 = ORIENTED_EDGE('',*,*,#2463,.T.);
#2463 = EDGE_CURVE('',#2455,#2422,#2464,.T.);
#2464 = LINE('',#2465,#2466);
#2465 = CARTESIAN_POINT('',(8.120141710917,8.068254581144,
    43.000002249963));
#2466 = VECTOR('',#2467,1.);
#2467 = DIRECTION('',(-1.,3.650603752828E-29,0.));
#2468 = ORIENTED_EDGE('',*,*,#2421,.F.);
#2469 = PLANE('',#2470);
#2470 = AXIS2_PLACEMENT_3D('',#2471,#2472,#2473);
#2471 = CARTESIAN_POINT('',(8.120141710917,8.268254581144,
    43.200002249963));
#2472 = DIRECTION('',(2.58136666905E-29,0.707106781187,-0.707106781186)
  );
#2473 = DIRECTION('',(-1.,-1.12103877146E-44,-3.650603752829E-29));
#2474 = ADVANCED_FACE('',(#2475),#2502,.T.);
#2475 = FACE_BOUND('',#2476,.T.);
#2476 = EDGE_LOOP('',(#2477,#2486,#2494,#2501));
#2477 = ORIENTED_EDGE('',*,*,#2478,.T.);
#2478 = EDGE_CURVE('',#2447,#2479,#2481,.T.);
#2479 = VERTEX_POINT('',#2480);
#2480 = CARTESIAN_POINT('',(8.15478105318,3.807826936022,43.400002249963
    ));
#2481 = CIRCLE('',#2482,9.);
#2482 = AXIS2_PLACEMENT_3D('',#2483,#2484,#2485);
#2483 = CARTESIAN_POINT('',(7.251148938276E-16,0.,43.400002249963));
#2484 = DIRECTION('',(0.,0.,-1.));
#2485 = DIRECTION('',(1.,-5.177809915847E-17,0.));
#2486 = ORIENTED_EDGE('',*,*,#2487,.T.);
#2487 = EDGE_CURVE('',#2479,#2488,#2490,.T.);
#2488 = VERTEX_POINT('',#2489);
#2489 = CARTESIAN_POINT('',(7.792346339705,3.63859018331,43.000002249963
    ));
#2490 = LINE('',#2491,#2492);
#2491 = CARTESIAN_POINT('',(8.15478105318,3.807826936022,43.400002249963
    ));
#2492 = VECTOR('',#2493,1.);
#2493 = DIRECTION('',(-0.640700109088,-0.299171138672,-0.707106781187));
#2494 = ORIENTED_EDGE('',*,*,#2495,.T.);
#2495 = EDGE_CURVE('',#2488,#2455,#2496,.T.);
#2496 = CIRCLE('',#2497,8.6);
#2497 = AXIS2_PLACEMENT_3D('',#2498,#2499,#2500);
#2498 = CARTESIAN_POINT('',(7.251148938276E-16,0.,43.000002249963));
#2499 = DIRECTION('',(0.,0.,1.));
#2500 = DIRECTION('',(1.,-5.177809915847E-17,0.));
#2501 = ORIENTED_EDGE('',*,*,#2454,.F.);
#2502 = CONICAL_SURFACE('',#2503,8.8,0.785398163397);
#2503 = AXIS2_PLACEMENT_3D('',#2504,#2505,#2506);
#2504 = CARTESIAN_POINT('',(7.251148938276E-16,0.,43.200002249963));
#2505 = DIRECTION('',(0.,0.,1.));
#2506 = DIRECTION('',(1.,-5.177809915847E-17,0.));
#2507 = ADVANCED_FACE('',(#2508),#2536,.T.);
#2508 = FACE_BOUND('',#2509,.T.);
#2509 = EDGE_LOOP('',(#2510,#2519,#2520,#2529));
#2510 = ORIENTED_EDGE('',*,*,#2511,.T.);
#2511 = EDGE_CURVE('',#2512,#2488,#2514,.T.);
#2512 = VERTEX_POINT('',#2513);
#2513 = CARTESIAN_POINT('',(8.063680710571,-0.4,43.000002249963));
#2514 = CIRCLE('',#2515,5.6);
#2515 = AXIS2_PLACEMENT_3D('',#2516,#2517,#2518);
#2516 = CARTESIAN_POINT('',(2.71826035106,1.269275645341,43.000002249963
    ));
#2517 = DIRECTION('',(0.,0.,1.));
#2518 = DIRECTION('',(0.983898013731,-0.17873079918,0.));
#2519 = ORIENTED_EDGE('',*,*,#2487,.F.);
#2520 = ORIENTED_EDGE('',*,*,#2521,.T.);
#2521 = EDGE_CURVE('',#2479,#2522,#2524,.T.);
#2522 = VERTEX_POINT('',#2523);
#2523 = CARTESIAN_POINT('',(8.582468680932,-3.036375603901E-16,
    43.400002249963));
#2524 = CIRCLE('',#2525,6.);
#2525 = AXIS2_PLACEMENT_3D('',#2526,#2527,#2528);
#2526 = CARTESIAN_POINT('',(2.71826035106,1.269275645341,43.400002249963
    ));
#2527 = DIRECTION('',(0.,0.,-1.));
#2528 = DIRECTION('',(0.983898013731,-0.17873079918,0.));
#2529 = ORIENTED_EDGE('',*,*,#2530,.T.);
#2530 = EDGE_CURVE('',#2522,#2512,#2531,.T.);
#2531 = B_SPLINE_CURVE_WITH_KNOTS('',3,(#2532,#2533,#2534,#2535),
  .UNSPECIFIED.,.F.,.F.,(4,4),(-7.671563141201E-02,0.),
  .PIECEWISE_BEZIER_KNOTS.);
#2532 = CARTESIAN_POINT('',(8.582468680932,-3.434752482434E-15,
    43.400002249963));
#2533 = CARTESIAN_POINT('',(8.413912084094,-0.135976546696,
    43.264025703267));
#2534 = CARTESIAN_POINT('',(8.240927475806,-0.269662602745,
    43.130339647218));
#2535 = CARTESIAN_POINT('',(8.063680710571,-0.4,43.000002249963));
#2536 = CONICAL_SURFACE('',#2537,5.8,0.785398163397);
#2537 = AXIS2_PLACEMENT_3D('',#2538,#2539,#2540);
#2538 = CARTESIAN_POINT('',(2.71826035106,1.269275645341,43.200002249963
    ));
#2539 = DIRECTION('',(0.,0.,1.));
#2540 = DIRECTION('',(0.983898013731,-0.17873079918,0.));
#2541 = ADVANCED_FACE('',(#2542),#2567,.T.);
#2542 = FACE_BOUND('',#2543,.T.);
#2543 = EDGE_LOOP('',(#2544,#2552,#2560,#2566));
#2544 = ORIENTED_EDGE('',*,*,#2545,.T.);
#2545 = EDGE_CURVE('',#2522,#2546,#2548,.T.);
#2546 = VERTEX_POINT('',#2547);
#2547 = CARTESIAN_POINT('',(16.247329122067,-8.326672684689E-16,
    43.400002249963));
#2548 = LINE('',#2549,#2550);
#2549 = CARTESIAN_POINT('',(16.247329122067,-8.326672684689E-16,
    43.400002249963));
#2550 = VECTOR('',#2551,1.);
#2551 = DIRECTION('',(1.,-5.177809915847E-17,0.));
#2552 = ORIENTED_EDGE('',*,*,#2553,.F.);
#2553 = EDGE_CURVE('',#2554,#2546,#2556,.T.);
#2554 = VERTEX_POINT('',#2555);
#2555 = CARTESIAN_POINT('',(16.247329122067,-0.4,43.000002249963));
#2556 = LINE('',#2557,#2558);
#2557 = CARTESIAN_POINT('',(16.247329122067,6.642250529689,
    50.042252779653));
#2558 = VECTOR('',#2559,1.);
#2559 = DIRECTION('',(3.66126450319E-17,0.707106781187,0.707106781187));
#2560 = ORIENTED_EDGE('',*,*,#2561,.T.);
#2561 = EDGE_CURVE('',#2554,#2512,#2562,.T.);
#2562 = LINE('',#2563,#2564);
#2563 = CARTESIAN_POINT('',(16.247329122067,-0.4,43.000002249963));
#2564 = VECTOR('',#2565,1.);
#2565 = DIRECTION('',(-1.,5.177809915847E-17,0.));
#2566 = ORIENTED_EDGE('',*,*,#2530,.F.);
#2567 = PLANE('',#2568);
#2568 = AXIS2_PLACEMENT_3D('',#2569,#2570,#2571);
#2569 = CARTESIAN_POINT('',(16.247329122067,-0.2,43.200002249963));
#2570 = DIRECTION('',(3.66126450319E-17,0.707106781187,-0.707106781187)
  );
#2571 = DIRECTION('',(-1.,-6.162975822039E-33,-5.177809915847E-17));
#2572 = ADVANCED_FACE('',(#2573),#2624,.F.);
#2573 = FACE_BOUND('',#2574,.T.);
#2574 = EDGE_LOOP('',(#2575,#2576,#2584,#2593,#2602,#2610,#2618));
#2575 = ORIENTED_EDGE('',*,*,#2309,.F.);
#2576 = ORIENTED_EDGE('',*,*,#2577,.F.);
#2577 = EDGE_CURVE('',#2578,#2310,#2580,.T.);
#2578 = VERTEX_POINT('',#2579);
#2579 = CARTESIAN_POINT('',(-13.84720696016,-6.450805719382,
    47.000002249963));
#2580 = LINE('',#2581,#2582);
#2581 = CARTESIAN_POINT('',(-13.84720696016,-7.245809064141,
    47.000002249963));
#2582 = VECTOR('',#2583,1.);
#2583 = DIRECTION('',(2.693489364292E-14,1.,-1.094452744774E-15));
#2584 = ORIENTED_EDGE('',*,*,#2585,.T.);
#2585 = EDGE_CURVE('',#2578,#2586,#2588,.T.);
#2586 = VERTEX_POINT('',#2587);
#2587 = CARTESIAN_POINT('',(-13.95638292809,-7.158765928241,
    47.000002249963));
#2588 = CIRCLE('',#2589,2.35);
#2589 = AXIS2_PLACEMENT_3D('',#2590,#2591,#2592);
#2590 = CARTESIAN_POINT('',(-11.60638292809,-7.158765928241,
    47.000002249963));
#2591 = DIRECTION('',(-8.374058701483E-15,9.319498336361E-29,1.));
#2592 = DIRECTION('',(1.,-2.225802007982E-14,8.374058701483E-15));
#2593 = ORIENTED_EDGE('',*,*,#2594,.T.);
#2594 = EDGE_CURVE('',#2586,#2595,#2597,.T.);
#2595 = VERTEX_POINT('',#2596);
#2596 = CARTESIAN_POINT('',(-13.84720696016,-7.866726137101,
    47.000002249963));
#2597 = CIRCLE('',#2598,2.35);
#2598 = AXIS2_PLACEMENT_3D('',#2599,#2600,#2601);
#2599 = CARTESIAN_POINT('',(-11.60638292809,-7.158765928241,
    47.000002249963));
#2600 = DIRECTION('',(-8.374058701483E-15,9.319498336361E-29,1.));
#2601 = DIRECTION('',(1.,-2.225802007982E-14,8.374058701483E-15));
#2602 = ORIENTED_EDGE('',*,*,#2603,.F.);
#2603 = EDGE_CURVE('',#2604,#2595,#2606,.T.);
#2604 = VERTEX_POINT('',#2605);
#2605 = CARTESIAN_POINT('',(-13.84720696016,-13.93174633509,
    47.000002249963));
#2606 = LINE('',#2607,#2608);
#2607 = CARTESIAN_POINT('',(-13.84720696016,-7.245809064141,
    47.000002249963));
#2608 = VECTOR('',#2609,1.);
#2609 = DIRECTION('',(2.693489364292E-14,1.,-1.094452744774E-15));
#2610 = ORIENTED_EDGE('',*,*,#2611,.T.);
#2611 = EDGE_CURVE('',#2604,#2612,#2614,.T.);
#2612 = VERTEX_POINT('',#2613);
#2613 = CARTESIAN_POINT('',(-16.26142052253,-13.93174633509,
    47.000002249963));
#2614 = LINE('',#2615,#2616);
#2615 = CARTESIAN_POINT('',(-7.045700233778E-03,-13.93174633509,
    47.000002249963));
#2616 = VECTOR('',#2617,1.);
#2617 = DIRECTION('',(-1.,-1.708523719122E-16,1.506432264116E-16));
#2618 = ORIENTED_EDGE('',*,*,#2619,.F.);
#2619 = EDGE_CURVE('',#2312,#2612,#2620,.T.);
#2620 = LINE('',#2621,#2622);
#2621 = CARTESIAN_POINT('',(-16.26142052253,13.318628349951,
    47.000002249963));
#2622 = VECTOR('',#2623,1.);
#2623 = DIRECTION('',(-2.220624198067E-14,-1.,1.094452744774E-15));
#2624 = PLANE('',#2625);
#2625 = AXIS2_PLACEMENT_3D('',#2626,#2627,#2628);
#2626 = CARTESIAN_POINT('',(-7.045700233646E-03,-1.731745418856,
    47.000002249963));
#2627 = DIRECTION('',(1.506432264116E-16,1.094452744774E-15,1.));
#2628 = DIRECTION('',(2.584044089815E-14,1.,-1.094452744774E-15));
#2629 = ADVANCED_FACE('',(#2630),#2655,.T.);
#2630 = FACE_BOUND('',#2631,.T.);
#2631 = EDGE_LOOP('',(#2632,#2633,#2641,#2647,#2648,#2654));
#2632 = ORIENTED_EDGE('',*,*,#2365,.F.);
#2633 = ORIENTED_EDGE('',*,*,#2634,.F.);
#2634 = EDGE_CURVE('',#2635,#2358,#2637,.T.);
#2635 = VERTEX_POINT('',#2636);
#2636 = CARTESIAN_POINT('',(-9.847206960162,-13.93174633509,
    43.000002249963));
#2637 = LINE('',#2638,#2639);
#2638 = CARTESIAN_POINT('',(-9.847206960162,-13.64580906414,
    43.000002249963));
#2639 = VECTOR('',#2640,1.);
#2640 = DIRECTION('',(2.584044089815E-14,1.,0.));
#2641 = ORIENTED_EDGE('',*,*,#2642,.F.);
#2642 = EDGE_CURVE('',#2604,#2635,#2643,.T.);
#2643 = LINE('',#2644,#2645);
#2644 = CARTESIAN_POINT('',(-6.265434285944,-13.93174633509,
    39.418229575745));
#2645 = VECTOR('',#2646,1.);
#2646 = DIRECTION('',(0.707106781187,1.208107148865E-16,-0.707106781187)
  );
#2647 = ORIENTED_EDGE('',*,*,#2603,.T.);
#2648 = ORIENTED_EDGE('',*,*,#2649,.T.);
#2649 = EDGE_CURVE('',#2595,#2578,#2650,.T.);
#2650 = LINE('',#2651,#2652);
#2651 = CARTESIAN_POINT('',(-13.84720696016,-5.367068789145,
    47.000002249963));
#2652 = VECTOR('',#2653,1.);
#2653 = DIRECTION('',(2.584044089815E-14,1.,1.231943855897E-28));
#2654 = ORIENTED_EDGE('',*,*,#2577,.T.);
#2655 = PLANE('',#2656);
#2656 = AXIS2_PLACEMENT_3D('',#2657,#2658,#2659);
#2657 = CARTESIAN_POINT('',(-12.55431374134,-12.75987270942,
    45.70710903115));
#2658 = DIRECTION('',(-0.707106781187,1.827195098793E-14,-0.707106781187
    ));
#2659 = DIRECTION('',(-0.707106781187,0.,0.707106781187));
#2660 = ADVANCED_FACE('',(#2661,#2700),#2711,.T.);
#2661 = FACE_BOUND('',#2662,.T.);
#2662 = EDGE_LOOP('',(#2663,#2664,#2665,#2666,#2667,#2668,#2669,#2677,
    #2685,#2693,#2699));
#2663 = ORIENTED_EDGE('',*,*,#2397,.F.);
#2664 = ORIENTED_EDGE('',*,*,#2430,.F.);
#2665 = ORIENTED_EDGE('',*,*,#2463,.F.);
#2666 = ORIENTED_EDGE('',*,*,#2495,.F.);
#2667 = ORIENTED_EDGE('',*,*,#2511,.F.);
#2668 = ORIENTED_EDGE('',*,*,#2561,.F.);
#2669 = ORIENTED_EDGE('',*,*,#2670,.F.);
#2670 = EDGE_CURVE('',#2671,#2554,#2673,.T.);
#2671 = VERTEX_POINT('',#2672);
#2672 = CARTESIAN_POINT('',(16.247329122067,-11.93174541885,
    43.000002249963));
#2673 = LINE('',#2674,#2675);
#2674 = CARTESIAN_POINT('',(16.247329122067,6.918628349951,
    43.000002249963));
#2675 = VECTOR('',#2676,1.);
#2676 = DIRECTION('',(5.177809915847E-17,1.,0.));
#2677 = ORIENTED_EDGE('',*,*,#2678,.T.);
#2678 = EDGE_CURVE('',#2671,#2679,#2681,.T.);
#2679 = VERTEX_POINT('',#2680);
#2680 = CARTESIAN_POINT('',(-4.561420522535,-11.93174541885,
    43.000002249963));
#2681 = LINE('',#2682,#2683);
#2682 = CARTESIAN_POINT('',(0.837816157871,-11.93174541885,
    43.000002249963));
#2683 = VECTOR('',#2684,1.);
#2684 = DIRECTION('',(-1.,-1.708523719121E-16,0.));
#2685 = ORIENTED_EDGE('',*,*,#2686,.F.);
#2686 = EDGE_CURVE('',#2687,#2679,#2689,.T.);
#2687 = VERTEX_POINT('',#2688);
#2688 = CARTESIAN_POINT('',(-6.561421438776,-13.93174633509,
    43.000002249963));
#2689 = LINE('',#2690,#2691);
#2690 = CARTESIAN_POINT('',(-1.009233111384,-8.379558007705,
    43.000002249963));
#2691 = VECTOR('',#2692,1.);
#2692 = DIRECTION('',(0.707106781187,0.707106781187,0.));
#2693 = ORIENTED_EDGE('',*,*,#2694,.T.);
#2694 = EDGE_CURVE('',#2687,#2635,#2695,.T.);
#2695 = LINE('',#2696,#2697);
#2696 = CARTESIAN_POINT('',(8.120141710917,-13.93174633509,
    43.000002249963));
#2697 = VECTOR('',#2698,1.);
#2698 = DIRECTION('',(-1.,-1.708523719122E-16,0.));
#2699 = ORIENTED_EDGE('',*,*,#2634,.T.);
#2700 = FACE_BOUND('',#2701,.T.);
#2701 = EDGE_LOOP('',(#2702));
#2702 = ORIENTED_EDGE('',*,*,#2703,.F.);
#2703 = EDGE_CURVE('',#2704,#2704,#2706,.T.);
#2704 = VERTEX_POINT('',#2705);
#2705 = CARTESIAN_POINT('',(-2.614091400468,5.818926037532E-14,
    43.000002249963));
#2706 = CIRCLE('',#2707,2.6);
#2707 = AXIS2_PLACEMENT_3D('',#2708,#2709,#2710);
#2708 = CARTESIAN_POINT('',(-1.409140046752E-02,4.13785747103E-27,
    43.000002249963));
#2709 = DIRECTION('',(0.,0.,-1.));
#2710 = DIRECTION('',(1.,-2.225802007982E-14,0.));
#2711 = PLANE('',#2712);
#2712 = AXIS2_PLACEMENT_3D('',#2713,#2714,#2715);
#2713 = CARTESIAN_POINT('',(16.247329122067,-14.53174541885,
    43.000002249963));
#2714 = DIRECTION('',(0.,0.,-1.));
#2715 = DIRECTION('',(-1.,0.,0.));
#2716 = ADVANCED_FACE('',(#2717),#2753,.F.);
#2717 = FACE_BOUND('',#2718,.F.);
#2718 = EDGE_LOOP('',(#2719,#2730,#2738,#2747));
#2719 = ORIENTED_EDGE('',*,*,#2720,.F.);
#2720 = EDGE_CURVE('',#2721,#2723,#2725,.T.);
#2721 = VERTEX_POINT('',#2722);
#2722 = CARTESIAN_POINT('',(-13.00642052253,-11.93174541885,
    22.241384400558));
#2723 = VERTEX_POINT('',#2724);
#2724 = CARTESIAN_POINT('',(12.992329122067,-11.93174541885,
    22.14739062086));
#2725 = CIRCLE('',#2726,14.4);
#2726 = AXIS2_PLACEMENT_3D('',#2727,#2728,#2729);
#2727 = CARTESIAN_POINT('',(-2.944129532369E-02,-11.93174541885,
    15.999749187207));
#2728 = DIRECTION('',(-1.708523719121E-16,1.,-8.628166150855E-32));
#2729 = DIRECTION('',(-0.766044443119,-1.30880510097E-16,0.642787609687)
  );
#2730 = ORIENTED_EDGE('',*,*,#2731,.T.);
#2731 = EDGE_CURVE('',#2721,#2732,#2734,.T.);
#2732 = VERTEX_POINT('',#2733);
#2733 = CARTESIAN_POINT('',(-13.00642052253,-12.33174541885,
    21.2531300164));
#2734 = ( BOUNDED_CURVE() B_SPLINE_CURVE(2,(#2735,#2736,#2737),
.UNSPECIFIED.,.F.,.F.) B_SPLINE_CURVE_WITH_KNOTS((3,3),(0.,
0.106621971383),.PIECEWISE_BEZIER_KNOTS.) CURVE() 
GEOMETRIC_REPRESENTATION_ITEM() RATIONAL_B_SPLINE_CURVE((1.,
1.00060598999,1.)) REPRESENTATION_ITEM('') );
#2735 = CARTESIAN_POINT('',(-13.00642052253,-11.93174541885,
    22.241384400558));
#2736 = CARTESIAN_POINT('',(-13.00642052253,-12.1489399035,
    21.740297670563));
#2737 = CARTESIAN_POINT('',(-13.00642052253,-12.33174541885,
    21.2531300164));
#2738 = ORIENTED_EDGE('',*,*,#2739,.F.);
#2739 = EDGE_CURVE('',#2740,#2732,#2742,.T.);
#2740 = VERTEX_POINT('',#2741);
#2741 = CARTESIAN_POINT('',(12.992329122067,-12.33174541885,
    21.141100682366));
#2742 = CIRCLE('',#2743,14.);
#2743 = AXIS2_PLACEMENT_3D('',#2744,#2745,#2746);
#2744 = CARTESIAN_POINT('',(-2.944129532369E-02,-12.33174541885,
    15.999749187207));
#2745 = DIRECTION('',(1.708523719121E-16,-1.,8.628166150855E-32));
#2746 = DIRECTION('',(-0.766044443119,-1.30880510097E-16,0.642787609687)
  );
#2747 = ORIENTED_EDGE('',*,*,#2748,.T.);
#2748 = EDGE_CURVE('',#2740,#2723,#2749,.T.);
#2749 = ( BOUNDED_CURVE() B_SPLINE_CURVE(2,(#2750,#2751,#2752),
.UNSPECIFIED.,.F.,.F.) B_SPLINE_CURVE_WITH_KNOTS((3,3),(0.32779716961,
0.433695159796),.PIECEWISE_BEZIER_KNOTS.) CURVE() 
GEOMETRIC_REPRESENTATION_ITEM() RATIONAL_B_SPLINE_CURVE((1.010229983244,
1.009920791218,1.00834414717)) REPRESENTATION_ITEM('') );
#2750 = CARTESIAN_POINT('',(12.992329122067,-12.33174541885,
    21.141100682366));
#2751 = CARTESIAN_POINT('',(12.992329122067,-12.1495732259,
    21.637159102739));
#2752 = CARTESIAN_POINT('',(12.992329122067,-11.93174541886,
    22.147390620836));
#2753 = CONICAL_SURFACE('',#2754,14.2,0.785398163397);
#2754 = AXIS2_PLACEMENT_3D('',#2755,#2756,#2757);
#2755 = CARTESIAN_POINT('',(-2.944129532369E-02,-12.13174541885,
    15.999749187207));
#2756 = DIRECTION('',(-1.734723475977E-16,1.,0.));
#2757 = DIRECTION('',(-0.766044443119,-1.32887527912E-16,0.642787609687)
  );
#2758 = ADVANCED_FACE('',(#2759),#2811,.F.);
#2759 = FACE_BOUND('',#2760,.F.);
#2760 = EDGE_LOOP('',(#2761,#2769,#2778,#2787,#2795,#2804,#2810));
#2761 = ORIENTED_EDGE('',*,*,#2762,.T.);
#2762 = EDGE_CURVE('',#2732,#2763,#2765,.T.);
#2763 = VERTEX_POINT('',#2764);
#2764 = CARTESIAN_POINT('',(-13.00642052253,-15.53168754341,
    21.2531300164));
#2765 = LINE('',#2766,#2767);
#2766 = CARTESIAN_POINT('',(-13.00642052253,-11.93174633509,
    21.2531300164));
#2767 = VECTOR('',#2768,1.);
#2768 = DIRECTION('',(2.695513756791E-16,-1.,-7.661570592652E-16));
#2769 = ORIENTED_EDGE('',*,*,#2770,.T.);
#2770 = EDGE_CURVE('',#2763,#2771,#2773,.T.);
#2771 = VERTEX_POINT('',#2772);
#2772 = CARTESIAN_POINT('',(-12.9930054725,-15.51827249337,
    21.286147188136));
#2773 = ELLIPSE('',#2774,19.798989873248,14.);
#2774 = AXIS2_PLACEMENT_3D('',#2775,#2776,#2777);
#2775 = CARTESIAN_POINT('',(-2.944129532369E-02,-2.554708316168,
    15.999749187207));
#2776 = DIRECTION('',(-0.707106781187,0.707106781186,-5.92135369388E-15)
  );
#2777 = DIRECTION('',(-0.707106781186,-0.707106781187,
    -6.953266602734E-15));
#2778 = ORIENTED_EDGE('',*,*,#2779,.F.);
#2779 = EDGE_CURVE('',#2780,#2771,#2782,.T.);
#2780 = VERTEX_POINT('',#2781);
#2781 = CARTESIAN_POINT('',(13.326346683247,-15.53927448347,
    20.19771625133));
#2782 = CIRCLE('',#2783,14.000009732818);
#2783 = AXIS2_PLACEMENT_3D('',#2784,#2785,#2786);
#2784 = CARTESIAN_POINT('',(-2.944755292337E-02,-15.53168490225,
    15.999741732692));
#2785 = DIRECTION('',(-7.714923745719E-04,-0.99999949345,
    6.46451440314E-04));
#2786 = DIRECTION('',(-0.470436630702,9.3338901521E-04,0.882433286588));
#2787 = ORIENTED_EDGE('',*,*,#2788,.F.);
#2788 = EDGE_CURVE('',#2789,#2780,#2791,.T.);
#2789 = VERTEX_POINT('',#2790);
#2790 = CARTESIAN_POINT('',(13.326346683247,-11.93174541885,
    20.19771625133));
#2791 = LINE('',#2792,#2793);
#2792 = CARTESIAN_POINT('',(13.326346683247,-11.93174633509,
    20.19771625133));
#2793 = VECTOR('',#2794,1.);
#2794 = DIRECTION('',(2.695513756791E-16,-1.,-7.661570592652E-16));
#2795 = ORIENTED_EDGE('',*,*,#2796,.F.);
#2796 = EDGE_CURVE('',#2797,#2789,#2799,.T.);
#2797 = VERTEX_POINT('',#2798);
#2798 = CARTESIAN_POINT('',(12.992329122067,-11.93174541885,
    21.141100682366));
#2799 = CIRCLE('',#2800,14.);
#2800 = AXIS2_PLACEMENT_3D('',#2801,#2802,#2803);
#2801 = CARTESIAN_POINT('',(-2.944129532369E-02,-11.93174541885,
    15.999749187207));
#2802 = DIRECTION('',(-1.708523719121E-16,1.,-8.628166150855E-32));
#2803 = DIRECTION('',(-0.766044443119,-1.30880510097E-16,0.642787609687)
  );
#2804 = ORIENTED_EDGE('',*,*,#2805,.T.);
#2805 = EDGE_CURVE('',#2797,#2740,#2806,.T.);
#2806 = LINE('',#2807,#2808);
#2807 = CARTESIAN_POINT('',(12.992329122067,-11.93174633509,
    21.141100682366));
#2808 = VECTOR('',#2809,1.);
#2809 = DIRECTION('',(2.695513756791E-16,-1.,-7.661570592652E-16));
#2810 = ORIENTED_EDGE('',*,*,#2739,.T.);
#2811 = CYLINDRICAL_SURFACE('',#2812,14.);
#2812 = AXIS2_PLACEMENT_3D('',#2813,#2814,#2815);
#2813 = CARTESIAN_POINT('',(-2.944129532369E-02,-11.93174633509,
    15.999749187207));
#2814 = DIRECTION('',(2.695513756791E-16,-1.,-7.661570592652E-16));
#2815 = DIRECTION('',(-0.766044443119,-6.989645982436E-16,0.642787609687
    ));
#2816 = ADVANCED_FACE('',(#2817),#2836,.F.);
#2817 = FACE_BOUND('',#2818,.F.);
#2818 = EDGE_LOOP('',(#2819,#2827,#2828,#2829));
#2819 = ORIENTED_EDGE('',*,*,#2820,.T.);
#2820 = EDGE_CURVE('',#2821,#162,#2823,.T.);
#2821 = VERTEX_POINT('',#2822);
#2822 = CARTESIAN_POINT('',(-16.06142052253,-7.974882010756,
    28.750270290319));
#2823 = LINE('',#2824,#2825);
#2824 = CARTESIAN_POINT('',(-16.26142052253,-8.174882010756,
    28.750270290319));
#2825 = VECTOR('',#2826,1.);
#2826 = DIRECTION('',(-0.707106781187,-0.707106781187,
    -7.937057899043E-15));
#2827 = ORIENTED_EDGE('',*,*,#161,.F.);
#2828 = ORIENTED_EDGE('',*,*,#2820,.F.);
#2829 = ORIENTED_EDGE('',*,*,#2830,.F.);
#2830 = EDGE_CURVE('',#2821,#2821,#2831,.T.);
#2831 = CIRCLE('',#2832,3.);
#2832 = AXIS2_PLACEMENT_3D('',#2833,#2834,#2835);
#2833 = CARTESIAN_POINT('',(-16.06142052253,-4.974882010756,
    28.750270290319));
#2834 = DIRECTION('',(1.,-2.220624198067E-14,8.374058701483E-15));
#2835 = DIRECTION('',(2.220624198067E-14,1.,9.276139052181E-29));
#2836 = CONICAL_SURFACE('',#2837,3.2,0.785398163397);
#2837 = AXIS2_PLACEMENT_3D('',#2838,#2839,#2840);
#2838 = CARTESIAN_POINT('',(-16.26142052253,-4.974882010756,
    28.750270290319));
#2839 = DIRECTION('',(-1.,2.22044604925E-14,-1.110223024625E-14));
#2840 = DIRECTION('',(2.22044604925E-14,1.,9.274161203006E-29));
#2841 = ADVANCED_FACE('',(#2842),#2861,.F.);
#2842 = FACE_BOUND('',#2843,.F.);
#2843 = EDGE_LOOP('',(#2844,#2852,#2853,#2854));
#2844 = ORIENTED_EDGE('',*,*,#2845,.T.);
#2845 = EDGE_CURVE('',#2846,#2821,#2848,.T.);
#2846 = VERTEX_POINT('',#2847);
#2847 = CARTESIAN_POINT('',(-15.01142052253,-7.974882010756,
    28.750270290319));
#2848 = LINE('',#2849,#2850);
#2849 = CARTESIAN_POINT('',(-16.76142052253,-7.974882010756,
    28.750270290319));
#2850 = VECTOR('',#2851,1.);
#2851 = DIRECTION('',(-1.,2.220624198067E-14,-8.374058701483E-15));
#2852 = ORIENTED_EDGE('',*,*,#2830,.T.);
#2853 = ORIENTED_EDGE('',*,*,#2845,.F.);
#2854 = ORIENTED_EDGE('',*,*,#2855,.F.);
#2855 = EDGE_CURVE('',#2846,#2846,#2856,.T.);
#2856 = CIRCLE('',#2857,3.);
#2857 = AXIS2_PLACEMENT_3D('',#2858,#2859,#2860);
#2858 = CARTESIAN_POINT('',(-15.01142052253,-4.974882010756,
    28.750270290319));
#2859 = DIRECTION('',(1.,-2.220624198067E-14,8.374058701483E-15));
#2860 = DIRECTION('',(2.220624198067E-14,1.,9.276139052181E-29));
#2861 = CYLINDRICAL_SURFACE('',#2862,3.);
#2862 = AXIS2_PLACEMENT_3D('',#2863,#2864,#2865);
#2863 = CARTESIAN_POINT('',(-16.76142052253,-4.974882010756,
    28.750270290319));
#2864 = DIRECTION('',(-1.,2.220624198067E-14,-8.374058701483E-15));
#2865 = DIRECTION('',(2.220624198067E-14,1.,9.276139052181E-29));
#2866 = ADVANCED_FACE('',(#2867),#2894,.F.);
#2867 = FACE_BOUND('',#2868,.F.);
#2868 = EDGE_LOOP('',(#2869,#2879,#2886,#2887));
#2869 = ORIENTED_EDGE('',*,*,#2870,.T.);
#2870 = EDGE_CURVE('',#2871,#2873,#2875,.T.);
#2871 = VERTEX_POINT('',#2872);
#2872 = CARTESIAN_POINT('',(-15.01142052253,-2.874882010756,
    28.750270290319));
#2873 = VERTEX_POINT('',#2874);
#2874 = CARTESIAN_POINT('',(-14.61142052253,-3.274882010756,
    28.750270290319));
#2875 = LINE('',#2876,#2877);
#2876 = CARTESIAN_POINT('',(-14.81142052253,-3.074882010756,
    28.750270290319));
#2877 = VECTOR('',#2878,1.);
#2878 = DIRECTION('',(0.707106781187,-0.707106781187,7.937057899043E-15)
  );
#2879 = ORIENTED_EDGE('',*,*,#2880,.F.);
#2880 = EDGE_CURVE('',#2873,#2873,#2881,.T.);
#2881 = CIRCLE('',#2882,1.7);
#2882 = AXIS2_PLACEMENT_3D('',#2883,#2884,#2885);
#2883 = CARTESIAN_POINT('',(-14.61142052253,-4.974882010756,
    28.750270290319));
#2884 = DIRECTION('',(1.,-2.220624198067E-14,8.374058701483E-15));
#2885 = DIRECTION('',(-2.220624198067E-14,-1.,-9.276140546826E-29));
#2886 = ORIENTED_EDGE('',*,*,#2870,.F.);
#2887 = ORIENTED_EDGE('',*,*,#2888,.F.);
#2888 = EDGE_CURVE('',#2871,#2871,#2889,.T.);
#2889 = CIRCLE('',#2890,2.1);
#2890 = AXIS2_PLACEMENT_3D('',#2891,#2892,#2893);
#2891 = CARTESIAN_POINT('',(-15.01142052253,-4.974882010756,
    28.750270290319));
#2892 = DIRECTION('',(-1.,2.220624198067E-14,-8.374058701483E-15));
#2893 = DIRECTION('',(-2.220624198067E-14,-1.,-9.276140546826E-29));
#2894 = CONICAL_SURFACE('',#2895,1.9,0.785398163397);
#2895 = AXIS2_PLACEMENT_3D('',#2896,#2897,#2898);
#2896 = CARTESIAN_POINT('',(-14.81142052253,-4.974882010756,
    28.750270290319));
#2897 = DIRECTION('',(-1.,2.22044604925E-14,-1.110223024625E-14));
#2898 = DIRECTION('',(-2.22044604925E-14,-1.,-9.25331188565E-29));
#2899 = ADVANCED_FACE('',(#2900,#2903),#2906,.F.);
#2900 = FACE_BOUND('',#2901,.T.);
#2901 = EDGE_LOOP('',(#2902));
#2902 = ORIENTED_EDGE('',*,*,#2855,.F.);
#2903 = FACE_BOUND('',#2904,.T.);
#2904 = EDGE_LOOP('',(#2905));
#2905 = ORIENTED_EDGE('',*,*,#2888,.F.);
#2906 = PLANE('',#2907);
#2907 = AXIS2_PLACEMENT_3D('',#2908,#2909,#2910);
#2908 = CARTESIAN_POINT('',(-15.01142052253,1.393815234414,
    20.000001124982));
#2909 = DIRECTION('',(1.,-2.220624198067E-14,8.374058701483E-15));
#2910 = DIRECTION('',(2.220624198067E-14,1.,9.276139052181E-29));
#2911 = ADVANCED_FACE('',(#2912),#2931,.F.);
#2912 = FACE_BOUND('',#2913,.F.);
#2913 = EDGE_LOOP('',(#2914,#2922,#2929,#2930));
#2914 = ORIENTED_EDGE('',*,*,#2915,.T.);
#2915 = EDGE_CURVE('',#2873,#2916,#2918,.T.);
#2916 = VERTEX_POINT('',#2917);
#2917 = CARTESIAN_POINT('',(-13.00642052253,-3.274882010756,
    28.750270290319));
#2918 = LINE('',#2919,#2920);
#2919 = CARTESIAN_POINT('',(16.747329122067,-3.274882010757,
    28.750270290319));
#2920 = VECTOR('',#2921,1.);
#2921 = DIRECTION('',(1.,-2.237708056854E-14,7.289727829684E-15));
#2922 = ORIENTED_EDGE('',*,*,#2923,.T.);
#2923 = EDGE_CURVE('',#2916,#2916,#2924,.T.);
#2924 = CIRCLE('',#2925,1.7);
#2925 = AXIS2_PLACEMENT_3D('',#2926,#2927,#2928);
#2926 = CARTESIAN_POINT('',(-13.00642052253,-4.974882010756,
    28.750270290319));
#2927 = DIRECTION('',(-1.,2.220624198067E-14,-8.374058701483E-15));
#2928 = DIRECTION('',(-2.220624198067E-14,-1.,-9.276140546826E-29));
#2929 = ORIENTED_EDGE('',*,*,#2915,.F.);
#2930 = ORIENTED_EDGE('',*,*,#2880,.T.);
#2931 = CYLINDRICAL_SURFACE('',#2932,1.7);
#2932 = AXIS2_PLACEMENT_3D('',#2933,#2934,#2935);
#2933 = CARTESIAN_POINT('',(16.747329122067,-4.974882010757,
    28.750270290319));
#2934 = DIRECTION('',(1.,-2.237708056854E-14,7.289727829684E-15));
#2935 = DIRECTION('',(-2.237708056854E-14,-1.,-9.41920178316E-29));
#2936 = ADVANCED_FACE('',(#2937),#2964,.F.);
#2937 = FACE_BOUND('',#2938,.F.);
#2938 = EDGE_LOOP('',(#2939,#2949,#2956,#2957));
#2939 = ORIENTED_EDGE('',*,*,#2940,.T.);
#2940 = EDGE_CURVE('',#2941,#2943,#2945,.T.);
#2941 = VERTEX_POINT('',#2942);
#2942 = CARTESIAN_POINT('',(-15.01142052253,8.675113409694,
    27.500539030917));
#2943 = VERTEX_POINT('',#2944);
#2944 = CARTESIAN_POINT('',(-14.61142052253,8.275113409694,
    27.500539030917));
#2945 = LINE('',#2946,#2947);
#2946 = CARTESIAN_POINT('',(-14.81142052253,8.475113409694,
    27.500539030917));
#2947 = VECTOR('',#2948,1.);
#2948 = DIRECTION('',(0.707106781187,-0.707106781187,7.937057899042E-15)
  );
#2949 = ORIENTED_EDGE('',*,*,#2950,.F.);
#2950 = EDGE_CURVE('',#2943,#2943,#2951,.T.);
#2951 = CIRCLE('',#2952,1.7);
#2952 = AXIS2_PLACEMENT_3D('',#2953,#2954,#2955);
#2953 = CARTESIAN_POINT('',(-14.61142052253,6.575113409694,
    27.500539030917));
#2954 = DIRECTION('',(1.,-2.220624198067E-14,8.374058701483E-15));
#2955 = DIRECTION('',(-2.220624198067E-14,-1.,-9.275068878327E-29));
#2956 = ORIENTED_EDGE('',*,*,#2940,.F.);
#2957 = ORIENTED_EDGE('',*,*,#2958,.F.);
#2958 = EDGE_CURVE('',#2941,#2941,#2959,.T.);
#2959 = CIRCLE('',#2960,2.1);
#2960 = AXIS2_PLACEMENT_3D('',#2961,#2962,#2963);
#2961 = CARTESIAN_POINT('',(-15.01142052253,6.575113409694,
    27.500539030917));
#2962 = DIRECTION('',(-1.,2.220624198067E-14,-8.374058701483E-15));
#2963 = DIRECTION('',(-2.220624198067E-14,-1.,-9.275068878327E-29));
#2964 = CONICAL_SURFACE('',#2965,1.9,0.785398163397);
#2965 = AXIS2_PLACEMENT_3D('',#2966,#2967,#2968);
#2966 = CARTESIAN_POINT('',(-14.81142052253,6.575113409694,
    27.500539030917));
#2967 = DIRECTION('',(-1.,2.22044604925E-14,-1.110223024625E-14));
#2968 = DIRECTION('',(-2.22044604925E-14,-1.,-9.251033971825E-29));
#2969 = ADVANCED_FACE('',(#2970,#2981),#2984,.F.);
#2970 = FACE_BOUND('',#2971,.T.);
#2971 = EDGE_LOOP('',(#2972));
#2972 = ORIENTED_EDGE('',*,*,#2973,.F.);
#2973 = EDGE_CURVE('',#2974,#2974,#2976,.T.);
#2974 = VERTEX_POINT('',#2975);
#2975 = CARTESIAN_POINT('',(-15.01142052253,3.575113409694,
    27.500539030917));
#2976 = CIRCLE('',#2977,3.);
#2977 = AXIS2_PLACEMENT_3D('',#2978,#2979,#2980);
#2978 = CARTESIAN_POINT('',(-15.01142052253,6.575113409694,
    27.500539030917));
#2979 = DIRECTION('',(1.,-2.220624198067E-14,8.374058701483E-15));
#2980 = DIRECTION('',(2.220624198067E-14,1.,9.276139052181E-29));
#2981 = FACE_BOUND('',#2982,.T.);
#2982 = EDGE_LOOP('',(#2983));
#2983 = ORIENTED_EDGE('',*,*,#2958,.F.);
#2984 = PLANE('',#2985);
#2985 = AXIS2_PLACEMENT_3D('',#2986,#2987,#2988);
#2986 = CARTESIAN_POINT('',(-15.01142052253,1.393815234414,
    20.000001124982));
#2987 = DIRECTION('',(1.,-2.220624198067E-14,8.374058701483E-15));
#2988 = DIRECTION('',(2.220624198067E-14,1.,9.276139052181E-29));
#2989 = ADVANCED_FACE('',(#2990),#3009,.F.);
#2990 = FACE_BOUND('',#2991,.F.);
#2991 = EDGE_LOOP('',(#2992,#3000,#3007,#3008));
#2992 = ORIENTED_EDGE('',*,*,#2993,.T.);
#2993 = EDGE_CURVE('',#2943,#2994,#2996,.T.);
#2994 = VERTEX_POINT('',#2995);
#2995 = CARTESIAN_POINT('',(-13.00642052253,8.275113409694,
    27.500539030917));
#2996 = LINE('',#2997,#2998);
#2997 = CARTESIAN_POINT('',(16.747329122067,8.275113409694,
    27.500539030917));
#2998 = VECTOR('',#2999,1.);
#2999 = DIRECTION('',(1.,-2.238696379263E-14,7.289727829684E-15));
#3000 = ORIENTED_EDGE('',*,*,#3001,.T.);
#3001 = EDGE_CURVE('',#2994,#2994,#3002,.T.);
#3002 = CIRCLE('',#3003,1.7);
#3003 = AXIS2_PLACEMENT_3D('',#3004,#3005,#3006);
#3004 = CARTESIAN_POINT('',(-13.00642052253,6.575113409694,
    27.500539030917));
#3005 = DIRECTION('',(-1.,2.220624198067E-14,-8.374058701483E-15));
#3006 = DIRECTION('',(-2.220624198067E-14,-1.,-9.275068878327E-29));
#3007 = ORIENTED_EDGE('',*,*,#2993,.F.);
#3008 = ORIENTED_EDGE('',*,*,#2950,.T.);
#3009 = CYLINDRICAL_SURFACE('',#3010,1.7);
#3010 = AXIS2_PLACEMENT_3D('',#3011,#3012,#3013);
#3011 = CARTESIAN_POINT('',(16.747329122067,6.575113409694,
    27.500539030917));
#3012 = DIRECTION('',(1.,-2.238696379263E-14,7.289727829684E-15));
#3013 = DIRECTION('',(-2.238696379263E-14,-1.,-9.426406384531E-29));
#3014 = ADVANCED_FACE('',(#3015),#3034,.F.);
#3015 = FACE_BOUND('',#3016,.F.);
#3016 = EDGE_LOOP('',(#3017,#3025,#3026,#3027));
#3017 = ORIENTED_EDGE('',*,*,#3018,.T.);
#3018 = EDGE_CURVE('',#3019,#151,#3021,.T.);
#3019 = VERTEX_POINT('',#3020);
#3020 = CARTESIAN_POINT('',(-16.06142052253,3.575113409694,
    27.500539030917));
#3021 = LINE('',#3022,#3023);
#3022 = CARTESIAN_POINT('',(-16.26142052253,3.375113409694,
    27.500539030917));
#3023 = VECTOR('',#3024,1.);
#3024 = DIRECTION('',(-0.707106781187,-0.707106781187,
    -7.937057899042E-15));
#3025 = ORIENTED_EDGE('',*,*,#150,.F.);
#3026 = ORIENTED_EDGE('',*,*,#3018,.F.);
#3027 = ORIENTED_EDGE('',*,*,#3028,.F.);
#3028 = EDGE_CURVE('',#3019,#3019,#3029,.T.);
#3029 = CIRCLE('',#3030,3.);
#3030 = AXIS2_PLACEMENT_3D('',#3031,#3032,#3033);
#3031 = CARTESIAN_POINT('',(-16.06142052253,6.575113409694,
    27.500539030917));
#3032 = DIRECTION('',(1.,-2.220624198067E-14,8.374058701483E-15));
#3033 = DIRECTION('',(2.220624198067E-14,1.,9.276139052181E-29));
#3034 = CONICAL_SURFACE('',#3035,3.2,0.785398163397);
#3035 = AXIS2_PLACEMENT_3D('',#3036,#3037,#3038);
#3036 = CARTESIAN_POINT('',(-16.26142052253,6.575113409694,
    27.500539030917));
#3037 = DIRECTION('',(-1.,2.22044604925E-14,-1.110223024625E-14));
#3038 = DIRECTION('',(2.22044604925E-14,1.,9.274161203004E-29));
#3039 = ADVANCED_FACE('',(#3040),#3051,.F.);
#3040 = FACE_BOUND('',#3041,.F.);
#3041 = EDGE_LOOP('',(#3042,#3048,#3049,#3050));
#3042 = ORIENTED_EDGE('',*,*,#3043,.T.);
#3043 = EDGE_CURVE('',#2974,#3019,#3044,.T.);
#3044 = LINE('',#3045,#3046);
#3045 = CARTESIAN_POINT('',(-16.76142052253,3.575113409694,
    27.500539030917));
#3046 = VECTOR('',#3047,1.);
#3047 = DIRECTION('',(-1.,2.220624198067E-14,-8.374058701483E-15));
#3048 = ORIENTED_EDGE('',*,*,#3028,.T.);
#3049 = ORIENTED_EDGE('',*,*,#3043,.F.);
#3050 = ORIENTED_EDGE('',*,*,#2973,.F.);
#3051 = CYLINDRICAL_SURFACE('',#3052,3.);
#3052 = AXIS2_PLACEMENT_3D('',#3053,#3054,#3055);
#3053 = CARTESIAN_POINT('',(-16.76142052253,6.575113409694,
    27.500539030917));
#3054 = DIRECTION('',(-1.,2.220624198067E-14,-8.374058701483E-15));
#3055 = DIRECTION('',(2.220624198067E-14,1.,9.276139052181E-29));
#3056 = ADVANCED_FACE('',(#3057),#3084,.F.);
#3057 = FACE_BOUND('',#3058,.F.);
#3058 = EDGE_LOOP('',(#3059,#3069,#3076,#3077));
#3059 = ORIENTED_EDGE('',*,*,#3060,.T.);
#3060 = EDGE_CURVE('',#3061,#3063,#3065,.T.);
#3061 = VERTEX_POINT('',#3062);
#3062 = CARTESIAN_POINT('',(14.597329122067,1.725117989244,
    29.750270290319));
#3063 = VERTEX_POINT('',#3064);
#3064 = CARTESIAN_POINT('',(14.997329122067,2.125117989244,
    29.750270290319));
#3065 = LINE('',#3066,#3067);
#3066 = CARTESIAN_POINT('',(14.797329122067,1.925117989244,
    29.750270290319));
#3067 = VECTOR('',#3068,1.);
#3068 = DIRECTION('',(0.707106781187,0.707106781187,-8.659560562355E-17)
  );
#3069 = ORIENTED_EDGE('',*,*,#3070,.F.);
#3070 = EDGE_CURVE('',#3063,#3063,#3071,.T.);
#3071 = CIRCLE('',#3072,2.1);
#3072 = AXIS2_PLACEMENT_3D('',#3073,#3074,#3075);
#3073 = CARTESIAN_POINT('',(14.997329122067,2.511798924385E-02,
    29.750270290319));
#3074 = DIRECTION('',(1.,-5.177809915847E-17,0.));
#3075 = DIRECTION('',(-5.177809915847E-17,-1.,-1.494645754639E-35));
#3076 = ORIENTED_EDGE('',*,*,#3060,.F.);
#3077 = ORIENTED_EDGE('',*,*,#3078,.F.);
#3078 = EDGE_CURVE('',#3061,#3061,#3079,.T.);
#3079 = CIRCLE('',#3080,1.7);
#3080 = AXIS2_PLACEMENT_3D('',#3081,#3082,#3083);
#3081 = CARTESIAN_POINT('',(14.597329122067,2.511798924385E-02,
    29.750270290319));
#3082 = DIRECTION('',(-1.,5.177809915847E-17,0.));
#3083 = DIRECTION('',(-5.177809915847E-17,-1.,-1.494645754639E-35));
#3084 = CONICAL_SURFACE('',#3085,1.9,0.785398163397);
#3085 = AXIS2_PLACEMENT_3D('',#3086,#3087,#3088);
#3086 = CARTESIAN_POINT('',(14.797329122067,2.511798924385E-02,
    29.750270290319));
#3087 = DIRECTION('',(1.,-5.421010862427E-17,0.));
#3088 = DIRECTION('',(-5.421010862427E-17,-1.,-1.494645754639E-35));
#3089 = ADVANCED_FACE('',(#3090,#3101),#3104,.T.);
#3090 = FACE_BOUND('',#3091,.T.);
#3091 = EDGE_LOOP('',(#3092));
#3092 = ORIENTED_EDGE('',*,*,#3093,.T.);
#3093 = EDGE_CURVE('',#3094,#3094,#3096,.T.);
#3094 = VERTEX_POINT('',#3095);
#3095 = CARTESIAN_POINT('',(14.997329122067,-2.974882010756,
    29.750270290319));
#3096 = CIRCLE('',#3097,3.);
#3097 = AXIS2_PLACEMENT_3D('',#3098,#3099,#3100);
#3098 = CARTESIAN_POINT('',(14.997329122067,2.511798924385E-02,
    29.750270290319));
#3099 = DIRECTION('',(1.,-5.177809915847E-17,0.));
#3100 = DIRECTION('',(5.177809915847E-17,1.,0.));
#3101 = FACE_BOUND('',#3102,.T.);
#3102 = EDGE_LOOP('',(#3103));
#3103 = ORIENTED_EDGE('',*,*,#3070,.F.);
#3104 = PLANE('',#3105);
#3105 = AXIS2_PLACEMENT_3D('',#3106,#3107,#3108);
#3106 = CARTESIAN_POINT('',(14.997329122067,1.393815234414,
    20.000001124982));
#3107 = DIRECTION('',(1.,-5.177809915847E-17,0.));
#3108 = DIRECTION('',(5.177809915847E-17,1.,0.));
#3109 = ADVANCED_FACE('',(#3110),#3129,.F.);
#3110 = FACE_BOUND('',#3111,.F.);
#3111 = EDGE_LOOP('',(#3112,#3120,#3121,#3122));
#3112 = ORIENTED_EDGE('',*,*,#3113,.T.);
#3113 = EDGE_CURVE('',#3114,#3061,#3116,.T.);
#3114 = VERTEX_POINT('',#3115);
#3115 = CARTESIAN_POINT('',(12.992329122067,1.725117989244,
    29.750270290319));
#3116 = LINE('',#3117,#3118);
#3117 = CARTESIAN_POINT('',(-16.76142052253,1.725117989244,
    29.750270290319));
#3118 = VECTOR('',#3119,1.);
#3119 = DIRECTION('',(1.,1.19060488716E-16,1.084330871798E-15));
#3120 = ORIENTED_EDGE('',*,*,#3078,.T.);
#3121 = ORIENTED_EDGE('',*,*,#3113,.F.);
#3122 = ORIENTED_EDGE('',*,*,#3123,.F.);
#3123 = EDGE_CURVE('',#3114,#3114,#3124,.T.);
#3124 = CIRCLE('',#3125,1.7);
#3125 = AXIS2_PLACEMENT_3D('',#3126,#3127,#3128);
#3126 = CARTESIAN_POINT('',(12.992329122067,2.511798924385E-02,
    29.750270290319));
#3127 = DIRECTION('',(-1.,5.177809915847E-17,0.));
#3128 = DIRECTION('',(-5.177809915847E-17,-1.,-1.49464575464E-35));
#3129 = CYLINDRICAL_SURFACE('',#3130,1.7);
#3130 = AXIS2_PLACEMENT_3D('',#3131,#3132,#3133);
#3131 = CARTESIAN_POINT('',(-16.76142052253,2.511798924385E-02,
    29.750270290319));
#3132 = DIRECTION('',(1.,1.19060488716E-16,1.084330871798E-15));
#3133 = DIRECTION('',(1.19060488716E-16,-1.,-1.494645754639E-35));
#3134 = ADVANCED_FACE('',(#3135),#3154,.F.);
#3135 = FACE_BOUND('',#3136,.F.);
#3136 = EDGE_LOOP('',(#3137,#3145,#3152,#3153));
#3137 = ORIENTED_EDGE('',*,*,#3138,.T.);
#3138 = EDGE_CURVE('',#817,#3139,#3141,.T.);
#3139 = VERTEX_POINT('',#3140);
#3140 = CARTESIAN_POINT('',(16.047329122067,-2.974882010756,
    29.750270290319));
#3141 = LINE('',#3142,#3143);
#3142 = CARTESIAN_POINT('',(16.247329122067,-3.174882010756,
    29.750270290319));
#3143 = VECTOR('',#3144,1.);
#3144 = DIRECTION('',(-0.707106781187,0.707106781187,8.659560562355E-17)
  );
#3145 = ORIENTED_EDGE('',*,*,#3146,.F.);
#3146 = EDGE_CURVE('',#3139,#3139,#3147,.T.);
#3147 = CIRCLE('',#3148,3.);
#3148 = AXIS2_PLACEMENT_3D('',#3149,#3150,#3151);
#3149 = CARTESIAN_POINT('',(16.047329122067,2.511798924385E-02,
    29.750270290319));
#3150 = DIRECTION('',(-1.,5.177809915847E-17,0.));
#3151 = DIRECTION('',(5.177809915847E-17,1.,0.));
#3152 = ORIENTED_EDGE('',*,*,#3138,.F.);
#3153 = ORIENTED_EDGE('',*,*,#816,.F.);
#3154 = CONICAL_SURFACE('',#3155,3.2,0.785398163397);
#3155 = AXIS2_PLACEMENT_3D('',#3156,#3157,#3158);
#3156 = CARTESIAN_POINT('',(16.247329122067,2.511798924385E-02,
    29.750270290319));
#3157 = DIRECTION('',(1.,-5.421010862427E-17,0.));
#3158 = DIRECTION('',(5.421010862427E-17,1.,0.));
#3159 = ADVANCED_FACE('',(#3160),#3171,.F.);
#3160 = FACE_BOUND('',#3161,.F.);
#3161 = EDGE_LOOP('',(#3162,#3168,#3169,#3170));
#3162 = ORIENTED_EDGE('',*,*,#3163,.T.);
#3163 = EDGE_CURVE('',#3139,#3094,#3164,.T.);
#3164 = LINE('',#3165,#3166);
#3165 = CARTESIAN_POINT('',(16.747329122067,-2.974882010756,
    29.750270290319));
#3166 = VECTOR('',#3167,1.);
#3167 = DIRECTION('',(-1.,5.177809915847E-17,0.));
#3168 = ORIENTED_EDGE('',*,*,#3093,.T.);
#3169 = ORIENTED_EDGE('',*,*,#3163,.F.);
#3170 = ORIENTED_EDGE('',*,*,#3146,.T.);
#3171 = CYLINDRICAL_SURFACE('',#3172,3.);
#3172 = AXIS2_PLACEMENT_3D('',#3173,#3174,#3175);
#3173 = CARTESIAN_POINT('',(16.747329122067,2.511798924385E-02,
    29.750270290319));
#3174 = DIRECTION('',(-1.,5.177809915847E-17,0.));
#3175 = DIRECTION('',(5.177809915847E-17,1.,0.));
#3176 = ADVANCED_FACE('',(#3177),#3204,.F.);
#3177 = FACE_BOUND('',#3178,.F.);
#3178 = EDGE_LOOP('',(#3179,#3189,#3196,#3197));
#3179 = ORIENTED_EDGE('',*,*,#3180,.T.);
#3180 = EDGE_CURVE('',#3181,#3183,#3185,.T.);
#3181 = VERTEX_POINT('',#3182);
#3182 = CARTESIAN_POINT('',(14.597329122067,13.275113409694,
    28.500539030917));
#3183 = VERTEX_POINT('',#3184);
#3184 = CARTESIAN_POINT('',(14.997329122067,13.675113409694,
    28.500539030917));
#3185 = LINE('',#3186,#3187);
#3186 = CARTESIAN_POINT('',(14.797329122067,13.475113409694,
    28.500539030917));
#3187 = VECTOR('',#3188,1.);
#3188 = DIRECTION('',(0.707106781187,0.707106781187,-8.659560562355E-17)
  );
#3189 = ORIENTED_EDGE('',*,*,#3190,.F.);
#3190 = EDGE_CURVE('',#3183,#3183,#3191,.T.);
#3191 = CIRCLE('',#3192,2.1);
#3192 = AXIS2_PLACEMENT_3D('',#3193,#3194,#3195);
#3193 = CARTESIAN_POINT('',(14.997329122067,11.575113409694,
    28.500539030917));
#3194 = DIRECTION('',(1.,-5.177809915847E-17,0.));
#3195 = DIRECTION('',(-5.177809915847E-17,-1.,1.070173853822E-32));
#3196 = ORIENTED_EDGE('',*,*,#3180,.F.);
#3197 = ORIENTED_EDGE('',*,*,#3198,.F.);
#3198 = EDGE_CURVE('',#3181,#3181,#3199,.T.);
#3199 = CIRCLE('',#3200,1.7);
#3200 = AXIS2_PLACEMENT_3D('',#3201,#3202,#3203);
#3201 = CARTESIAN_POINT('',(14.597329122067,11.575113409694,
    28.500539030917));
#3202 = DIRECTION('',(-1.,5.177809915847E-17,0.));
#3203 = DIRECTION('',(-5.177809915847E-17,-1.,1.070173853822E-32));
#3204 = CONICAL_SURFACE('',#3205,1.9,0.785398163397);
#3205 = AXIS2_PLACEMENT_3D('',#3206,#3207,#3208);
#3206 = CARTESIAN_POINT('',(14.797329122067,11.575113409694,
    28.500539030917));
#3207 = DIRECTION('',(1.,0.,0.));
#3208 = DIRECTION('',(0.,-1.,1.070173853822E-32));
#3209 = ADVANCED_FACE('',(#3210,#3221),#3224,.T.);
#3210 = FACE_BOUND('',#3211,.T.);
#3211 = EDGE_LOOP('',(#3212));
#3212 = ORIENTED_EDGE('',*,*,#3213,.T.);
#3213 = EDGE_CURVE('',#3214,#3214,#3216,.T.);
#3214 = VERTEX_POINT('',#3215);
#3215 = CARTESIAN_POINT('',(14.997329122067,8.575113409694,
    28.500539030917));
#3216 = CIRCLE('',#3217,3.);
#3217 = AXIS2_PLACEMENT_3D('',#3218,#3219,#3220);
#3218 = CARTESIAN_POINT('',(14.997329122067,11.575113409694,
    28.500539030917));
#3219 = DIRECTION('',(1.,-5.177809915847E-17,0.));
#3220 = DIRECTION('',(5.177809915847E-17,1.,0.));
#3221 = FACE_BOUND('',#3222,.T.);
#3222 = EDGE_LOOP('',(#3223));
#3223 = ORIENTED_EDGE('',*,*,#3190,.F.);
#3224 = PLANE('',#3225);
#3225 = AXIS2_PLACEMENT_3D('',#3226,#3227,#3228);
#3226 = CARTESIAN_POINT('',(14.997329122067,1.393815234414,
    20.000001124982));
#3227 = DIRECTION('',(1.,-5.177809915847E-17,0.));
#3228 = DIRECTION('',(5.177809915847E-17,1.,0.));
#3229 = ADVANCED_FACE('',(#3230),#3249,.F.);
#3230 = FACE_BOUND('',#3231,.F.);
#3231 = EDGE_LOOP('',(#3232,#3240,#3241,#3242));
#3232 = ORIENTED_EDGE('',*,*,#3233,.T.);
#3233 = EDGE_CURVE('',#3234,#3181,#3236,.T.);
#3234 = VERTEX_POINT('',#3235);
#3235 = CARTESIAN_POINT('',(12.992329122067,13.275113409694,
    28.500539030917));
#3236 = LINE('',#3237,#3238);
#3237 = CARTESIAN_POINT('',(-16.76142052253,13.275113409694,
    28.500539030917));
#3238 = VECTOR('',#3239,1.);
#3239 = DIRECTION('',(1.,1.289437128079E-16,1.084330871798E-15));
#3240 = ORIENTED_EDGE('',*,*,#3198,.T.);
#3241 = ORIENTED_EDGE('',*,*,#3233,.F.);
#3242 = ORIENTED_EDGE('',*,*,#3243,.F.);
#3243 = EDGE_CURVE('',#3234,#3234,#3244,.T.);
#3244 = CIRCLE('',#3245,1.7);
#3245 = AXIS2_PLACEMENT_3D('',#3246,#3247,#3248);
#3246 = CARTESIAN_POINT('',(12.992329122067,11.575113409694,
    28.500539030917));
#3247 = DIRECTION('',(-1.,5.177809915847E-17,0.));
#3248 = DIRECTION('',(-5.177809915847E-17,-1.,1.070173853822E-32));
#3249 = CYLINDRICAL_SURFACE('',#3250,1.7);
#3250 = AXIS2_PLACEMENT_3D('',#3251,#3252,#3253);
#3251 = CARTESIAN_POINT('',(-16.76142052253,11.575113409694,
    28.500539030917));
#3252 = DIRECTION('',(1.,1.289437128079E-16,1.084330871798E-15));
#3253 = DIRECTION('',(1.289437128079E-16,-1.,1.070173853822E-32));
#3254 = ADVANCED_FACE('',(#3255),#3274,.F.);
#3255 = FACE_BOUND('',#3256,.F.);
#3256 = EDGE_LOOP('',(#3257,#3265,#3272,#3273));
#3257 = ORIENTED_EDGE('',*,*,#3258,.T.);
#3258 = EDGE_CURVE('',#806,#3259,#3261,.T.);
#3259 = VERTEX_POINT('',#3260);
#3260 = CARTESIAN_POINT('',(16.047329122067,8.575113409694,
    28.500539030917));
#3261 = LINE('',#3262,#3263);
#3262 = CARTESIAN_POINT('',(16.247329122067,8.375113409694,
    28.500539030917));
#3263 = VECTOR('',#3264,1.);
#3264 = DIRECTION('',(-0.707106781187,0.707106781187,8.659560562355E-17)
  );
#3265 = ORIENTED_EDGE('',*,*,#3266,.F.);
#3266 = EDGE_CURVE('',#3259,#3259,#3267,.T.);
#3267 = CIRCLE('',#3268,3.);
#3268 = AXIS2_PLACEMENT_3D('',#3269,#3270,#3271);
#3269 = CARTESIAN_POINT('',(16.047329122067,11.575113409694,
    28.500539030917));
#3270 = DIRECTION('',(-1.,5.177809915847E-17,0.));
#3271 = DIRECTION('',(5.177809915847E-17,1.,0.));
#3272 = ORIENTED_EDGE('',*,*,#3258,.F.);
#3273 = ORIENTED_EDGE('',*,*,#805,.F.);
#3274 = CONICAL_SURFACE('',#3275,3.2,0.785398163397);
#3275 = AXIS2_PLACEMENT_3D('',#3276,#3277,#3278);
#3276 = CARTESIAN_POINT('',(16.247329122067,11.575113409694,
    28.500539030917));
#3277 = DIRECTION('',(1.,0.,0.));
#3278 = DIRECTION('',(-0.,1.,0.));
#3279 = ADVANCED_FACE('',(#3280),#3291,.F.);
#3280 = FACE_BOUND('',#3281,.F.);
#3281 = EDGE_LOOP('',(#3282,#3288,#3289,#3290));
#3282 = ORIENTED_EDGE('',*,*,#3283,.T.);
#3283 = EDGE_CURVE('',#3259,#3214,#3284,.T.);
#3284 = LINE('',#3285,#3286);
#3285 = CARTESIAN_POINT('',(16.747329122067,8.575113409694,
    28.500539030917));
#3286 = VECTOR('',#3287,1.);
#3287 = DIRECTION('',(-1.,5.177809915847E-17,0.));
#3288 = ORIENTED_EDGE('',*,*,#3213,.T.);
#3289 = ORIENTED_EDGE('',*,*,#3283,.F.);
#3290 = ORIENTED_EDGE('',*,*,#3266,.T.);
#3291 = CYLINDRICAL_SURFACE('',#3292,3.);
#3292 = AXIS2_PLACEMENT_3D('',#3293,#3294,#3295);
#3293 = CARTESIAN_POINT('',(16.747329122067,11.575113409694,
    28.500539030917));
#3294 = DIRECTION('',(-1.,5.177809915847E-17,0.));
#3295 = DIRECTION('',(5.177809915847E-17,1.,0.));
#3296 = ADVANCED_FACE('',(#3297),#3322,.F.);
#3297 = FACE_BOUND('',#3298,.F.);
#3298 = EDGE_LOOP('',(#3299,#3306,#3307,#3316));
#3299 = ORIENTED_EDGE('',*,*,#3300,.F.);
#3300 = EDGE_CURVE('',#197,#1180,#3301,.T.);
#3301 = CIRCLE('',#3302,2.5);
#3302 = AXIS2_PLACEMENT_3D('',#3303,#3304,#3305);
#3303 = CARTESIAN_POINT('',(-27.11142052253,16.632711669926,
    2.720394978944));
#3304 = DIRECTION('',(-1.,2.225802007982E-14,-8.374058701483E-15));
#3305 = DIRECTION('',(-8.374058701486E-15,-1.572075802869E-13,1.));
#3306 = ORIENTED_EDGE('',*,*,#204,.T.);
#3307 = ORIENTED_EDGE('',*,*,#3308,.F.);
#3308 = EDGE_CURVE('',#3309,#179,#3311,.T.);
#3309 = VERTEX_POINT('',#3310);
#3310 = CARTESIAN_POINT('',(-26.71142052253,16.632711669926,
    5.620394978944));
#3311 = CIRCLE('',#3312,2.9);
#3312 = AXIS2_PLACEMENT_3D('',#3313,#3314,#3315);
#3313 = CARTESIAN_POINT('',(-26.71142052253,16.632711669926,
    2.720394978944));
#3314 = DIRECTION('',(1.,-2.225802007982E-14,8.374058701483E-15));
#3315 = DIRECTION('',(-8.374058701486E-15,-1.572075802869E-13,1.));
#3316 = ORIENTED_EDGE('',*,*,#3317,.F.);
#3317 = EDGE_CURVE('',#1180,#3309,#3318,.T.);
#3318 = LINE('',#3319,#3320);
#3319 = CARTESIAN_POINT('',(-27.11142052253,16.632711669926,
    5.220394978944));
#3320 = VECTOR('',#3321,1.);
#3321 = DIRECTION('',(0.707106781187,-1.256073966947E-13,0.707106781186)
  );
#3322 = CONICAL_SURFACE('',#3323,2.7,0.785398163397);
#3323 = AXIS2_PLACEMENT_3D('',#3324,#3325,#3326);
#3324 = CARTESIAN_POINT('',(-26.91142052253,16.632711669926,
    2.720394978944));
#3325 = DIRECTION('',(1.,-2.220446049249E-14,8.326672684683E-15));
#3326 = DIRECTION('',(-8.326672684686E-15,-1.572075802869E-13,1.));
#3327 = ADVANCED_FACE('',(#3328),#3339,.T.);
#3328 = FACE_BOUND('',#3329,.T.);
#3329 = EDGE_LOOP('',(#3330,#3336,#3337,#3338));
#3330 = ORIENTED_EDGE('',*,*,#3331,.T.);
#3331 = EDGE_CURVE('',#1089,#3309,#3332,.T.);
#3332 = LINE('',#3333,#3334);
#3333 = CARTESIAN_POINT('',(-26.71142052253,19.100856894341,
    5.620394978945));
#3334 = VECTOR('',#3335,1.);
#3335 = DIRECTION('',(-2.225802007982E-14,-1.,-1.629960431673E-13));
#3336 = ORIENTED_EDGE('',*,*,#3317,.F.);
#3337 = ORIENTED_EDGE('',*,*,#1179,.T.);
#3338 = ORIENTED_EDGE('',*,*,#1086,.T.);
#3339 = PLANE('',#3340);
#3340 = AXIS2_PLACEMENT_3D('',#3341,#3342,#3343);
#3341 = CARTESIAN_POINT('',(-26.91142052253,19.100856894341,
    5.420394978945));
#3342 = DIRECTION('',(0.707106781187,9.951681049591E-14,-0.707106781187)
  );
#3343 = DIRECTION('',(-0.707106781187,6.310887241768E-30,-0.707106781187
    ));
#3344 = ADVANCED_FACE('',(#3345),#3364,.F.);
#3345 = FACE_BOUND('',#3346,.F.);
#3346 = EDGE_LOOP('',(#3347,#3348,#3357,#3363));
#3347 = ORIENTED_EDGE('',*,*,#1187,.F.);
#3348 = ORIENTED_EDGE('',*,*,#3349,.T.);
#3349 = EDGE_CURVE('',#1188,#3350,#3352,.T.);
#3350 = VERTEX_POINT('',#3351);
#3351 = CARTESIAN_POINT('',(-27.31142052253,14.132711669926,
    2.720394978944));
#3352 = CIRCLE('',#3353,2.5);
#3353 = AXIS2_PLACEMENT_3D('',#3354,#3355,#3356);
#3354 = CARTESIAN_POINT('',(-27.31142052253,16.632711669926,
    2.720394978944));
#3355 = DIRECTION('',(1.,-2.293932932412E-14,8.374058699829E-15));
#3356 = DIRECTION('',(-8.374058699832E-15,-1.572075802869E-13,1.));
#3357 = ORIENTED_EDGE('',*,*,#3358,.T.);
#3358 = EDGE_CURVE('',#3350,#197,#3359,.T.);
#3359 = LINE('',#3360,#3361);
#3360 = CARTESIAN_POINT('',(-27.71142052253,14.132711669926,
    2.720394978944));
#3361 = VECTOR('',#3362,1.);
#3362 = DIRECTION('',(1.,-4.441248396133E-14,1.674811740297E-14));
#3363 = ORIENTED_EDGE('',*,*,#3300,.T.);
#3364 = CYLINDRICAL_SURFACE('',#3365,2.5);
#3365 = AXIS2_PLACEMENT_3D('',#3366,#3367,#3368);
#3366 = CARTESIAN_POINT('',(-27.71142052253,16.632711669926,
    2.720394978944));
#3367 = DIRECTION('',(-1.,4.441248396133E-14,-1.674811740297E-14));
#3368 = DIRECTION('',(-1.674811740297E-14,-1.572075802869E-13,1.));
#3369 = ADVANCED_FACE('',(#3370),#3381,.T.);
#3370 = FACE_BOUND('',#3371,.T.);
#3371 = EDGE_LOOP('',(#3372,#3373,#3374,#3380));
#3372 = ORIENTED_EDGE('',*,*,#196,.F.);
#3373 = ORIENTED_EDGE('',*,*,#523,.F.);
#3374 = ORIENTED_EDGE('',*,*,#3375,.F.);
#3375 = EDGE_CURVE('',#3350,#516,#3376,.T.);
#3376 = LINE('',#3377,#3378);
#3377 = CARTESIAN_POINT('',(-27.31142052253,14.132711669923,
    19.381421588353));
#3378 = VECTOR('',#3379,1.);
#3379 = DIRECTION('',(8.374058699832E-15,1.572122542832E-13,-1.));
#3380 = ORIENTED_EDGE('',*,*,#3358,.T.);
#3381 = PLANE('',#3382);
#3382 = AXIS2_PLACEMENT_3D('',#3383,#3384,#3385);
#3383 = CARTESIAN_POINT('',(-27.71142052253,14.132711669927,
    -2.237159073258));
#3384 = DIRECTION('',(4.441248396133E-14,1.,1.572122542832E-13));
#3385 = DIRECTION('',(-1.674811740297E-14,-1.572122542832E-13,1.));
#3386 = ADVANCED_FACE('',(#3387),#3422,.F.);
#3387 = FACE_BOUND('',#3388,.F.);
#3388 = EDGE_LOOP('',(#3389,#3400,#3406,#3407,#3408,#3416));
#3389 = ORIENTED_EDGE('',*,*,#3390,.F.);
#3390 = EDGE_CURVE('',#3391,#3393,#3395,.T.);
#3391 = VERTEX_POINT('',#3392);
#3392 = CARTESIAN_POINT('',(-20.1529184783,21.569002118758,
    5.620394978943));
#3393 = VERTEX_POINT('',#3394);
#3394 = CARTESIAN_POINT('',(-17.65291897808,24.067421339882,
    5.620394978943));
#3395 = CIRCLE('',#3396,2.5);
#3396 = AXIS2_PLACEMENT_3D('',#3397,#3398,#3399);
#3397 = CARTESIAN_POINT('',(-20.1529184783,24.069002118758,
    5.620394978943));
#3398 = DIRECTION('',(-1.674811740297E-14,-1.629960431673E-13,1.));
#3399 = DIRECTION('',(0.706883189944,-0.707330301751,-1.034530777424E-13
    ));
#3400 = ORIENTED_EDGE('',*,*,#3401,.F.);
#3401 = EDGE_CURVE('',#1212,#3391,#3402,.T.);
#3402 = LINE('',#3403,#3404);
#3403 = CARTESIAN_POINT('',(-20.1529184783,21.169002118758,
    5.220394978945));
#3404 = VECTOR('',#3405,1.);
#3405 = DIRECTION('',(0.,0.707106781188,0.707106781185));
#3406 = ORIENTED_EDGE('',*,*,#1219,.F.);
#3407 = ORIENTED_EDGE('',*,*,#1117,.T.);
#3408 = ORIENTED_EDGE('',*,*,#3409,.T.);
#3409 = EDGE_CURVE('',#1120,#3410,#3412,.T.);
#3410 = VERTEX_POINT('',#3411);
#3411 = CARTESIAN_POINT('',(-17.65384828247,22.597727788017,
    5.220394978945));
#3412 = ( BOUNDED_CURVE() B_SPLINE_CURVE(2,(#3413,#3414,#3415),
.UNSPECIFIED.,.F.,.F.) B_SPLINE_CURVE_WITH_KNOTS((3,3),(0.2945220787,
0.398030239058),.PIECEWISE_BEZIER_KNOTS.) CURVE() 
GEOMETRIC_REPRESENTATION_ITEM() RATIONAL_B_SPLINE_CURVE((1.505422667058,
1.569775726423,1.616935457212)) REPRESENTATION_ITEM('') );
#3413 = CARTESIAN_POINT('',(-17.65428101884,21.913355847642,
    4.820394978945));
#3414 = CARTESIAN_POINT('',(-17.65405069142,22.277618332033,
    5.058166361205));
#3415 = CARTESIAN_POINT('',(-17.65384828247,22.597727788017,
    5.220394978945));
#3416 = ORIENTED_EDGE('',*,*,#3417,.T.);
#3417 = EDGE_CURVE('',#3410,#3393,#3418,.T.);
#3418 = ( BOUNDED_CURVE() B_SPLINE_CURVE(2,(#3419,#3420,#3421),
.UNSPECIFIED.,.F.,.F.) B_SPLINE_CURVE_WITH_KNOTS((3,3),(0.,
0.153405708056),.PIECEWISE_BEZIER_KNOTS.) CURVE() 
GEOMETRIC_REPRESENTATION_ITEM() RATIONAL_B_SPLINE_CURVE((1.,
1.039230484541,1.)) REPRESENTATION_ITEM('') );
#3419 = CARTESIAN_POINT('',(-17.65384828247,22.597727788016,
    5.220394978945));
#3420 = CARTESIAN_POINT('',(-17.65334921159,23.387007658462,
    5.620394978943));
#3421 = CARTESIAN_POINT('',(-17.65291897808,24.067421339882,
    5.620394978943));
#3422 = CONICAL_SURFACE('',#3423,2.7,0.785398163401);
#3423 = AXIS2_PLACEMENT_3D('',#3424,#3425,#3426);
#3424 = CARTESIAN_POINT('',(-20.1529184783,24.069002118758,
    5.420394978944));
#3425 = DIRECTION('',(2.220446049263E-14,1.665334536947E-13,-1.));
#3426 = DIRECTION('',(0.706883189944,-0.707330301751,-1.020981981895E-13
    ));
#3427 = ADVANCED_FACE('',(#3428),#3446,.T.);
#3428 = FACE_BOUND('',#3429,.T.);
#3429 = EDGE_LOOP('',(#3430,#3438,#3439,#3440));
#3430 = ORIENTED_EDGE('',*,*,#3431,.T.);
#3431 = EDGE_CURVE('',#3432,#3391,#3434,.T.);
#3432 = VERTEX_POINT('',#3433);
#3433 = CARTESIAN_POINT('',(-26.91142052253,21.569002118758,
    5.620394978945));
#3434 = LINE('',#3435,#3436);
#3435 = CARTESIAN_POINT('',(-27.71142052234,21.569002118758,
    5.620394978945));
#3436 = VECTOR('',#3437,1.);
#3437 = DIRECTION('',(1.,-2.177041321701E-14,1.674811740297E-14));
#3438 = ORIENTED_EDGE('',*,*,#3401,.F.);
#3439 = ORIENTED_EDGE('',*,*,#1211,.T.);
#3440 = ORIENTED_EDGE('',*,*,#3441,.T.);
#3441 = EDGE_CURVE('',#1204,#3432,#3442,.T.);
#3442 = LINE('',#3443,#3444);
#3443 = CARTESIAN_POINT('',(-26.74573509758,21.169002118758,
    5.220394978945));
#3444 = VECTOR('',#3445,1.);
#3445 = DIRECTION('',(-0.281084637715,0.678598344546,0.678598344546));
#3446 = PLANE('',#3447);
#3447 = AXIS2_PLACEMENT_3D('',#3448,#3449,#3450);
#3448 = CARTESIAN_POINT('',(-27.71142052234,21.369002118758,
    5.420394978945));
#3449 = DIRECTION('',(2.723671420273E-14,0.707106781187,-0.707106781186)
  );
#3450 = DIRECTION('',(-1.,-5.99534287968E-29,-3.851853061998E-14));
#3451 = ADVANCED_FACE('',(#3452),#3470,.T.);
#3452 = FACE_BOUND('',#3453,.T.);
#3453 = EDGE_LOOP('',(#3454,#3462,#3463,#3464));
#3454 = ORIENTED_EDGE('',*,*,#3455,.T.);
#3455 = EDGE_CURVE('',#3456,#3432,#3458,.T.);
#3456 = VERTEX_POINT('',#3457);
#3457 = CARTESIAN_POINT('',(-27.71142052253,20.769002118758,
    5.620394978945));
#3458 = LINE('',#3459,#3460);
#3459 = CARTESIAN_POINT('',(-28.54549313474,19.934929506551,
    5.620394978945));
#3460 = VECTOR('',#3461,1.);
#3461 = DIRECTION('',(0.707106781187,0.707106781187,1.270983148179E-13)
  );
#3462 = ORIENTED_EDGE('',*,*,#3441,.F.);
#3463 = ORIENTED_EDGE('',*,*,#1203,.T.);
#3464 = ORIENTED_EDGE('',*,*,#3465,.T.);
#3465 = EDGE_CURVE('',#1196,#3456,#3466,.T.);
#3466 = LINE('',#3467,#3468);
#3467 = CARTESIAN_POINT('',(-27.31142052253,20.603316693809,
    5.220394978945));
#3468 = VECTOR('',#3469,1.);
#3469 = DIRECTION('',(-0.678598344546,0.281084637715,0.678598344546));
#3470 = PLANE('',#3471);
#3471 = AXIS2_PLACEMENT_3D('',#3472,#3473,#3474);
#3472 = CARTESIAN_POINT('',(-28.4040717785,19.793508150314,
    5.420394978945));
#3473 = DIRECTION('',(-0.5,0.5,-0.707106781187));
#3474 = DIRECTION('',(-0.816496580928,1.665334536938E-16,0.57735026919)
  );
#3475 = ADVANCED_FACE('',(#3476),#3494,.T.);
#3476 = FACE_BOUND('',#3477,.T.);
#3477 = EDGE_LOOP('',(#3478,#3479,#3487,#3493));
#3478 = ORIENTED_EDGE('',*,*,#1195,.T.);
#3479 = ORIENTED_EDGE('',*,*,#3480,.T.);
#3480 = EDGE_CURVE('',#1188,#3481,#3483,.T.);
#3481 = VERTEX_POINT('',#3482);
#3482 = CARTESIAN_POINT('',(-27.71142052253,16.632711669926,
    5.620394978944));
#3483 = LINE('',#3484,#3485);
#3484 = CARTESIAN_POINT('',(-27.31142052253,16.632711669926,
    5.220394978944));
#3485 = VECTOR('',#3486,1.);
#3486 = DIRECTION('',(-0.707106781187,-1.020560098144E-13,0.707106781187
    ));
#3487 = ORIENTED_EDGE('',*,*,#3488,.T.);
#3488 = EDGE_CURVE('',#3481,#3456,#3489,.T.);
#3489 = LINE('',#3490,#3491);
#3490 = CARTESIAN_POINT('',(-27.71142052253,9.013263452173,
    5.620394978943));
#3491 = VECTOR('',#3492,1.);
#3492 = DIRECTION('',(2.293932932412E-14,1.,1.629960431673E-13));
#3493 = ORIENTED_EDGE('',*,*,#3465,.F.);
#3494 = PLANE('',#3495);
#3495 = AXIS2_PLACEMENT_3D('',#3496,#3497,#3498);
#3496 = CARTESIAN_POINT('',(-27.51142052253,9.013263452173,
    5.420394978943));
#3497 = DIRECTION('',(-0.707106781187,1.314761627511E-13,-0.707106781187
    ));
#3498 = DIRECTION('',(-0.707106781187,0.,0.707106781187));
#3499 = ADVANCED_FACE('',(#3500),#3519,.F.);
#3500 = FACE_BOUND('',#3501,.F.);
#3501 = EDGE_LOOP('',(#3502,#3503,#3504,#3513));
#3502 = ORIENTED_EDGE('',*,*,#3349,.F.);
#3503 = ORIENTED_EDGE('',*,*,#3480,.T.);
#3504 = ORIENTED_EDGE('',*,*,#3505,.F.);
#3505 = EDGE_CURVE('',#3506,#3481,#3508,.T.);
#3506 = VERTEX_POINT('',#3507);
#3507 = CARTESIAN_POINT('',(-27.71142052253,13.732711669926,
    2.720394978944));
#3508 = CIRCLE('',#3509,2.9);
#3509 = AXIS2_PLACEMENT_3D('',#3510,#3511,#3512);
#3510 = CARTESIAN_POINT('',(-27.71142052253,16.632711669926,
    2.720394978944));
#3511 = DIRECTION('',(-1.,2.293932932412E-14,-8.374058699829E-15));
#3512 = DIRECTION('',(-8.374058699832E-15,-1.572075802869E-13,1.));
#3513 = ORIENTED_EDGE('',*,*,#3514,.F.);
#3514 = EDGE_CURVE('',#3350,#3506,#3515,.T.);
#3515 = LINE('',#3516,#3517);
#3516 = CARTESIAN_POINT('',(-27.31142052253,14.132711669926,
    2.720394978944));
#3517 = VECTOR('',#3518,1.);
#3518 = DIRECTION('',(-0.707106781188,-0.707106781185,
    -1.197195499744E-13));
#3519 = CONICAL_SURFACE('',#3520,2.7,0.785398163396);
#3520 = AXIS2_PLACEMENT_3D('',#3521,#3522,#3523);
#3521 = CARTESIAN_POINT('',(-27.51142052253,16.632711669926,
    2.720394978944));
#3522 = DIRECTION('',(-1.,2.220446049243E-14,-8.326672684662E-15));
#3523 = DIRECTION('',(-8.326672684666E-15,-1.572075802869E-13,1.));
#3524 = ADVANCED_FACE('',(#3525),#3536,.T.);
#3525 = FACE_BOUND('',#3526,.T.);
#3526 = EDGE_LOOP('',(#3527,#3528,#3534,#3535));
#3527 = ORIENTED_EDGE('',*,*,#515,.T.);
#3528 = ORIENTED_EDGE('',*,*,#3529,.T.);
#3529 = EDGE_CURVE('',#508,#3506,#3530,.T.);
#3530 = LINE('',#3531,#3532);
#3531 = CARTESIAN_POINT('',(-27.71142052253,13.732711669923,
    19.381421588353));
#3532 = VECTOR('',#3533,1.);
#3533 = DIRECTION('',(-8.374058699832E-15,-1.572122542832E-13,1.));
#3534 = ORIENTED_EDGE('',*,*,#3514,.F.);
#3535 = ORIENTED_EDGE('',*,*,#3375,.T.);
#3536 = PLANE('',#3537);
#3537 = AXIS2_PLACEMENT_3D('',#3538,#3539,#3540);
#3538 = CARTESIAN_POINT('',(-27.51142052253,13.932711669923,
    19.381421588353));
#3539 = DIRECTION('',(-0.707106781187,0.707106781187,1.052444973966E-13)
  );
#3540 = DIRECTION('',(1.488381955834E-13,-1.388395193189E-28,1.));
#3541 = ADVANCED_FACE('',(#3542),#3568,.F.);
#3542 = FACE_BOUND('',#3543,.F.);
#3543 = EDGE_LOOP('',(#3544,#3552,#3561,#3567));
#3544 = ORIENTED_EDGE('',*,*,#3545,.F.);
#3545 = EDGE_CURVE('',#3546,#3393,#3548,.T.);
#3546 = VERTEX_POINT('',#3547);
#3547 = CARTESIAN_POINT('',(-17.65291897808,24.067421339882,
    46.301583028839));
#3548 = LINE('',#3549,#3550);
#3549 = CARTESIAN_POINT('',(-17.65291897808,24.067421339882,
    20.228427687237));
#3550 = VECTOR('',#3551,1.);
#3551 = DIRECTION('',(8.227470416975E-15,-4.257608434318E-16,-1.));
#3552 = ORIENTED_EDGE('',*,*,#3553,.F.);
#3553 = EDGE_CURVE('',#3554,#3546,#3556,.T.);
#3554 = VERTEX_POINT('',#3555);
#3555 = CARTESIAN_POINT('',(-20.1529184783,21.569002118758,
    48.800002249963));
#3556 = ELLIPSE('',#3557,3.535533905933,2.5);
#3557 = AXIS2_PLACEMENT_3D('',#3558,#3559,#3560);
#3558 = CARTESIAN_POINT('',(-20.1529184783,24.069002118758,
    46.300002249963));
#3559 = DIRECTION('',(9.780830595325E-15,0.707106781187,0.707106781187)
  );
#3560 = DIRECTION('',(-2.131400512663E-14,-0.707106781187,0.707106781187
    ));
#3561 = ORIENTED_EDGE('',*,*,#3562,.F.);
#3562 = EDGE_CURVE('',#3391,#3554,#3563,.T.);
#3563 = LINE('',#3564,#3565);
#3564 = CARTESIAN_POINT('',(-20.1529184783,21.569002118758,
    20.228427687237));
#3565 = VECTOR('',#3566,1.);
#3566 = DIRECTION('',(-8.227470416975E-15,4.257608434318E-16,1.));
#3567 = ORIENTED_EDGE('',*,*,#3390,.T.);
#3568 = CYLINDRICAL_SURFACE('',#3569,2.5);
#3569 = AXIS2_PLACEMENT_3D('',#3570,#3571,#3572);
#3570 = CARTESIAN_POINT('',(-20.1529184783,24.069002118758,
    20.228427687237));
#3571 = DIRECTION('',(8.227470416975E-15,-4.257608434318E-16,-1.));
#3572 = DIRECTION('',(0.706883189944,-0.707330301751,6.117014079376E-15)
  );
#3573 = ADVANCED_FACE('',(#3574),#3600,.T.);
#3574 = FACE_BOUND('',#3575,.T.);
#3575 = EDGE_LOOP('',(#3576,#3577,#3585,#3593,#3599));
#3576 = ORIENTED_EDGE('',*,*,#3431,.F.);
#3577 = ORIENTED_EDGE('',*,*,#3578,.F.);
#3578 = EDGE_CURVE('',#3579,#3432,#3581,.T.);
#3579 = VERTEX_POINT('',#3580);
#3580 = CARTESIAN_POINT('',(-26.91142052253,21.569002118758,
    41.840872356059));
#3581 = LINE('',#3582,#3583);
#3582 = CARTESIAN_POINT('',(-26.91142052253,21.569002118758,
    30.228428249728));
#3583 = VECTOR('',#3584,1.);
#3584 = DIRECTION('',(8.374058699829E-15,-4.257608434318E-16,-1.));
#3585 = ORIENTED_EDGE('',*,*,#3586,.F.);
#3586 = EDGE_CURVE('',#3587,#3579,#3589,.T.);
#3587 = VERTEX_POINT('',#3588);
#3588 = CARTESIAN_POINT('',(-24.02885453816,21.569002118758,
    48.800002249963));
#3589 = LINE('',#3590,#3591);
#3590 = CARTESIAN_POINT('',(-30.25031332041,21.569002118758,
    33.780072080099));
#3591 = VECTOR('',#3592,1.);
#3592 = DIRECTION('',(-0.382683432365,7.9378247249E-15,-0.923879532511)
  );
#3593 = ORIENTED_EDGE('',*,*,#3594,.F.);
#3594 = EDGE_CURVE('',#3554,#3587,#3595,.T.);
#3595 = LINE('',#3596,#3597);
#3596 = CARTESIAN_POINT('',(-18.94272533777,21.569002118758,
    48.800002249963));
#3597 = VECTOR('',#3598,1.);
#3598 = DIRECTION('',(-1.,2.177041321701E-14,-7.938229937826E-15));
#3599 = ORIENTED_EDGE('',*,*,#3562,.F.);
#3600 = PLANE('',#3601);
#3601 = AXIS2_PLACEMENT_3D('',#3602,#3603,#3604);
#3602 = CARTESIAN_POINT('',(-27.71142052216,21.569002118758,
    19.456854249492));
#3603 = DIRECTION('',(2.177041321701E-14,1.,-4.257608434316E-16));
#3604 = DIRECTION('',(-8.541841073593E-15,4.257608434318E-16,1.));
#3605 = ADVANCED_FACE('',(#3606),#3624,.T.);
#3606 = FACE_BOUND('',#3607,.T.);
#3607 = EDGE_LOOP('',(#3608,#3609,#3617,#3623));
#3608 = ORIENTED_EDGE('',*,*,#3455,.F.);
#3609 = ORIENTED_EDGE('',*,*,#3610,.T.);
#3610 = EDGE_CURVE('',#3456,#3611,#3613,.T.);
#3611 = VERTEX_POINT('',#3612);
#3612 = CARTESIAN_POINT('',(-27.71142052253,20.769002118758,
    42.000002249963));
#3613 = LINE('',#3614,#3615);
#3614 = CARTESIAN_POINT('',(-27.71142052253,20.769002118758,
    30.228428249728));
#3615 = VECTOR('',#3616,1.);
#3616 = DIRECTION('',(-8.374058699829E-15,4.257608434318E-16,1.));
#3617 = ORIENTED_EDGE('',*,*,#3618,.F.);
#3618 = EDGE_CURVE('',#3579,#3611,#3619,.T.);
#3619 = LINE('',#3620,#3621);
#3620 = CARTESIAN_POINT('',(-26.91142052253,21.569002118758,
    41.840872356059));
#3621 = VECTOR('',#3622,1.);
#3622 = DIRECTION('',(-0.700214507283,-0.700214507283,0.139281325317));
#3623 = ORIENTED_EDGE('',*,*,#3578,.T.);
#3624 = PLANE('',#3625);
#3625 = AXIS2_PLACEMENT_3D('',#3626,#3627,#3628);
#3626 = CARTESIAN_POINT('',(-27.31142052253,21.169002118758,
    30.228428249728));
#3627 = DIRECTION('',(-0.707106781187,0.707106781187,-6.222412072257E-15
    ));
#3628 = DIRECTION('',(-8.79981954326E-15,-1.577721810442E-30,1.));
#3629 = ADVANCED_FACE('',(#3630,#3659),#3670,.F.);
#3630 = FACE_BOUND('',#3631,.T.);
#3631 = EDGE_LOOP('',(#3632,#3633,#3634,#3635,#3636,#3644,#3652,#3658));
#3632 = ORIENTED_EDGE('',*,*,#3488,.F.);
#3633 = ORIENTED_EDGE('',*,*,#3505,.F.);
#3634 = ORIENTED_EDGE('',*,*,#3529,.F.);
#3635 = ORIENTED_EDGE('',*,*,#507,.F.);
#3636 = ORIENTED_EDGE('',*,*,#3637,.T.);
#3637 = EDGE_CURVE('',#500,#3638,#3640,.T.);
#3638 = VERTEX_POINT('',#3639);
#3639 = CARTESIAN_POINT('',(-27.71142052253,-21.32966549183,
    39.91349151963));
#3640 = LINE('',#3641,#3642);
#3641 = CARTESIAN_POINT('',(-27.71142052253,-21.7340604625,
    34.457232354411));
#3642 = VECTOR('',#3643,1.);
#3643 = DIRECTION('',(-6.655636960603E-15,7.391306246705E-02,
    0.997264688634));
#3644 = ORIENTED_EDGE('',*,*,#3645,.T.);
#3645 = EDGE_CURVE('',#3638,#3646,#3648,.T.);
#3646 = VERTEX_POINT('',#3647);
#3647 = CARTESIAN_POINT('',(-27.71142052253,-18.67277865373,
    42.000002249963));
#3648 = LINE('',#3649,#3650);
#3649 = CARTESIAN_POINT('',(-27.71142052253,-14.09969999714,
    45.59133988272));
#3650 = VECTOR('',#3651,1.);
#3651 = DIRECTION('',(1.28689811905E-14,0.786468333514,0.617630601881));
#3652 = ORIENTED_EDGE('',*,*,#3653,.F.);
#3653 = EDGE_CURVE('',#3611,#3646,#3654,.T.);
#3654 = LINE('',#3655,#3656);
#3655 = CARTESIAN_POINT('',(-27.71142052253,0.867389777939,
    42.000002249963));
#3656 = VECTOR('',#3657,1.);
#3657 = DIRECTION('',(-2.293932932412E-14,-1.,-9.371189444312E-29));
#3658 = ORIENTED_EDGE('',*,*,#3610,.F.);
#3659 = FACE_BOUND('',#3660,.T.);
#3660 = EDGE_LOOP('',(#3661));
#3661 = ORIENTED_EDGE('',*,*,#3662,.F.);
#3662 = EDGE_CURVE('',#3663,#3663,#3665,.T.);
#3663 = VERTEX_POINT('',#3664);
#3664 = CARTESIAN_POINT('',(-27.71142052253,-5.012919826409,
    5.376401678047));
#3665 = CIRCLE('',#3666,14.9);
#3666 = AXIS2_PLACEMENT_3D('',#3667,#3668,#3669);
#3667 = CARTESIAN_POINT('',(-27.71142052253,-5.012919826409,
    20.276401678047));
#3668 = DIRECTION('',(-1.,2.293932932412E-14,-8.374058699829E-15));
#3669 = DIRECTION('',(-8.374058699829E-15,-1.227159898105E-33,1.));
#3670 = PLANE('',#3671);
#3671 = AXIS2_PLACEMENT_3D('',#3672,#3673,#3674);
#3672 = CARTESIAN_POINT('',(-27.71142052253,1.393815234415,
    41.000002249963));
#3673 = DIRECTION('',(1.,-2.293932932412E-14,8.374058699829E-15));
#3674 = DIRECTION('',(8.374058699829E-15,-9.319498332688E-29,-1.));
#3675 = ADVANCED_FACE('',(#3676),#3694,.T.);
#3676 = FACE_BOUND('',#3677,.T.);
#3677 = EDGE_LOOP('',(#3678,#3679,#3680,#3688));
#3678 = ORIENTED_EDGE('',*,*,#220,.T.);
#3679 = ORIENTED_EDGE('',*,*,#1285,.F.);
#3680 = ORIENTED_EDGE('',*,*,#3681,.T.);
#3681 = EDGE_CURVE('',#1278,#3682,#3684,.T.);
#3682 = VERTEX_POINT('',#3683);
#3683 = CARTESIAN_POINT('',(-17.64851504443,31.03223601247,0.4));
#3684 = LINE('',#3685,#3686);
#3685 = CARTESIAN_POINT('',(-17.66004471726,12.798075158937,0.4));
#3686 = VECTOR('',#3687,1.);
#3687 = DIRECTION('',(6.323115504932E-04,0.999999800091,
    7.051028798745E-19));
#3688 = ORIENTED_EDGE('',*,*,#3689,.T.);
#3689 = EDGE_CURVE('',#3682,#221,#3690,.T.);
#3690 = LINE('',#3691,#3692);
#3691 = CARTESIAN_POINT('',(-17.64851504443,31.03223601247,0.4));
#3692 = VECTOR('',#3693,1.);
#3693 = DIRECTION('',(0.678468544017,-0.281282206898,-0.678646266373));
#3694 = PLANE('',#3695);
#3695 = AXIS2_PLACEMENT_3D('',#3696,#3697,#3698);
#3696 = CARTESIAN_POINT('',(-17.46004475724,12.797948696627,0.2));
#3697 = DIRECTION('',(-0.707106639829,4.471117851763E-04,-0.707106781187
    ));
#3698 = DIRECTION('',(-0.707106851865,1.084202172486E-19,0.707106710508)
  );
#3699 = ADVANCED_FACE('',(#3700),#3718,.T.);
#3700 = FACE_BOUND('',#3701,.T.);
#3701 = EDGE_LOOP('',(#3702,#3703,#3704,#3712));
#3702 = ORIENTED_EDGE('',*,*,#228,.T.);
#3703 = ORIENTED_EDGE('',*,*,#3689,.F.);
#3704 = ORIENTED_EDGE('',*,*,#3705,.T.);
#3705 = EDGE_CURVE('',#3682,#3706,#3708,.T.);
#3706 = VERTEX_POINT('',#3707);
#3707 = CARTESIAN_POINT('',(-16.64788293279,32.032868124112,0.4));
#3708 = LINE('',#3709,#3710);
#3709 = CARTESIAN_POINT('',(-20.94391887559,27.736832181311,0.4));
#3710 = VECTOR('',#3711,1.);
#3711 = DIRECTION('',(0.707106781187,0.707106781187,7.885084930118E-16)
  );
#3712 = ORIENTED_EDGE('',*,*,#3713,.T.);
#3713 = EDGE_CURVE('',#3706,#229,#3714,.T.);
#3714 = LINE('',#3715,#3716);
#3715 = CARTESIAN_POINT('',(-16.64788293279,32.032868124112,0.4));
#3716 = VECTOR('',#3717,1.);
#3717 = DIRECTION('',(0.281282210286,-0.678468541791,-0.678646267195));
#3718 = PLANE('',#3719);
#3719 = AXIS2_PLACEMENT_3D('',#3720,#3721,#3722);
#3720 = CARTESIAN_POINT('',(-20.8024975198,27.595410825522,0.2));
#3721 = DIRECTION('',(-0.500000000793,0.500000000793,-0.707106780065));
#3722 = DIRECTION('',(-0.816496580065,2.775557561563E-16,0.57735027041)
  );
#3723 = ADVANCED_FACE('',(#3724),#3751,.T.);
#3724 = FACE_BOUND('',#3725,.T.);
#3725 = EDGE_LOOP('',(#3726,#3727,#3735,#3744));
#3726 = ORIENTED_EDGE('',*,*,#261,.T.);
#3727 = ORIENTED_EDGE('',*,*,#3728,.T.);
#3728 = EDGE_CURVE('',#254,#3729,#3731,.T.);
#3729 = VERTEX_POINT('',#3730);
#3730 = CARTESIAN_POINT('',(-9.606420522534,26.001640776962,0.4));
#3731 = LINE('',#3732,#3733);
#3732 = CARTESIAN_POINT('',(-10.00642052253,26.001640776962,
    -1.111235885301E-14));
#3733 = VECTOR('',#3734,1.);
#3734 = DIRECTION('',(0.707106781187,-1.570092458684E-14,0.707106781186)
  );
#3735 = ORIENTED_EDGE('',*,*,#3736,.T.);
#3736 = EDGE_CURVE('',#3729,#3737,#3739,.T.);
#3737 = VERTEX_POINT('',#3738);
#3738 = CARTESIAN_POINT('',(-10.81345125578,23.138194832822,0.4));
#3739 = CIRCLE('',#3740,4.);
#3740 = AXIS2_PLACEMENT_3D('',#3741,#3742,#3743);
#3741 = CARTESIAN_POINT('',(-13.60642052253,26.001640776962,0.4));
#3742 = DIRECTION('',(1.115119404864E-15,0.,-1.));
#3743 = DIRECTION('',(0.923879532511,-0.382683432365,1.03023599446E-15)
  );
#3744 = ORIENTED_EDGE('',*,*,#3745,.T.);
#3745 = EDGE_CURVE('',#3737,#262,#3746,.T.);
#3746 = B_SPLINE_CURVE_WITH_KNOTS('',3,(#3747,#3748,#3749,#3750),
  .UNSPECIFIED.,.F.,.F.,(4,4),(-5.648370037953E-02,0.),
  .PIECEWISE_BEZIER_KNOTS.);
#3747 = CARTESIAN_POINT('',(-10.81345125578,23.138194832822,0.4));
#3748 = CARTESIAN_POINT('',(-10.90740646502,23.232493527912,
    0.266891693042));
#3749 = CARTESIAN_POINT('',(-11.00181149062,23.327268712811,
    0.133128956004));
#3750 = CARTESIAN_POINT('',(-11.09575395407,23.421611051933,
    2.019218126037E-14));
#3751 = CONICAL_SURFACE('',#3752,3.8,0.785398163398);
#3752 = AXIS2_PLACEMENT_3D('',#3753,#3754,#3755);
#3753 = CARTESIAN_POINT('',(-13.60642052253,26.001640776962,0.2));
#3754 = DIRECTION('',(0.,0.,1.));
#3755 = DIRECTION('',(0.923879532511,-0.382683432365,0.));
#3756 = ADVANCED_FACE('',(#3757),#3775,.T.);
#3757 = FACE_BOUND('',#3758,.T.);
#3758 = EDGE_LOOP('',(#3759,#3760,#3761,#3769));
#3759 = ORIENTED_EDGE('',*,*,#3728,.F.);
#3760 = ORIENTED_EDGE('',*,*,#253,.T.);
#3761 = ORIENTED_EDGE('',*,*,#3762,.T.);
#3762 = EDGE_CURVE('',#245,#3763,#3765,.T.);
#3763 = VERTEX_POINT('',#3764);
#3764 = CARTESIAN_POINT('',(-9.606420522533,31.03668801143,0.4));
#3765 = LINE('',#3766,#3767);
#3766 = CARTESIAN_POINT('',(-10.00642052253,31.03668801143,
    -1.110223024625E-14));
#3767 = VECTOR('',#3768,1.);
#3768 = DIRECTION('',(0.707106781187,-1.570092458684E-14,0.707106781187)
  );
#3769 = ORIENTED_EDGE('',*,*,#3770,.T.);
#3770 = EDGE_CURVE('',#3763,#3729,#3771,.T.);
#3771 = LINE('',#3772,#3773);
#3772 = CARTESIAN_POINT('',(-9.606420522534,12.891966135797,0.4));
#3773 = VECTOR('',#3774,1.);
#3774 = DIRECTION('',(-2.220624198067E-14,-1.,-2.480013297626E-29));
#3775 = PLANE('',#3776);
#3776 = AXIS2_PLACEMENT_3D('',#3777,#3778,#3779);
#3777 = CARTESIAN_POINT('',(-9.806420522534,12.891966135797,0.2));
#3778 = DIRECTION('',(0.707106781187,-1.57021842892E-14,-0.707106781187)
  );
#3779 = DIRECTION('',(-0.707106781187,0.,-0.707106781187));
#3780 = ADVANCED_FACE('',(#3781),#3800,.T.);
#3781 = FACE_BOUND('',#3782,.T.);
#3782 = EDGE_LOOP('',(#3783,#3791,#3798,#3799));
#3783 = ORIENTED_EDGE('',*,*,#3784,.T.);
#3784 = EDGE_CURVE('',#237,#3785,#3787,.T.);
#3785 = VERTEX_POINT('',#3786);
#3786 = CARTESIAN_POINT('',(-10.60705283408,32.036687811521,
    0.39999999873));
#3787 = LINE('',#3788,#3789);
#3788 = CARTESIAN_POINT('',(-10.60679990946,31.636687892754,
    -1.179654269837E-14));
#3789 = VECTOR('',#3790,1.);
#3790 = DIRECTION('',(-4.471117851106E-04,0.70710663983,0.707106781186)
  );
#3791 = ORIENTED_EDGE('',*,*,#3792,.T.);
#3792 = EDGE_CURVE('',#3785,#3763,#3793,.T.);
#3793 = CIRCLE('',#3794,1.);
#3794 = AXIS2_PLACEMENT_3D('',#3795,#3796,#3797);
#3795 = CARTESIAN_POINT('',(-10.60642052253,31.03668801143,0.39999999873
    ));
#3796 = DIRECTION('',(1.115119404864E-15,9.860761315263E-32,-1.));
#3797 = DIRECTION('',(0.706883189944,0.707330301751,7.88259162078E-16));
#3798 = ORIENTED_EDGE('',*,*,#3762,.F.);
#3799 = ORIENTED_EDGE('',*,*,#244,.T.);
#3800 = CONICAL_SURFACE('',#3801,0.800000000635,0.785398163397);
#3801 = AXIS2_PLACEMENT_3D('',#3802,#3803,#3804);
#3802 = CARTESIAN_POINT('',(-10.60642052253,31.03668801143,
    0.199999999365));
#3803 = DIRECTION('',(0.,0.,1.));
#3804 = DIRECTION('',(0.706883189944,0.707330301751,-0.));
#3805 = ADVANCED_FACE('',(#3806),#3817,.T.);
#3806 = FACE_BOUND('',#3807,.T.);
#3807 = EDGE_LOOP('',(#3808,#3814,#3815,#3816));
#3808 = ORIENTED_EDGE('',*,*,#3809,.T.);
#3809 = EDGE_CURVE('',#3706,#3785,#3810,.T.);
#3810 = LINE('',#3811,#3812);
#3811 = CARTESIAN_POINT('',(-6.103750014491E-02,32.043356180161,0.4));
#3812 = VECTOR('',#3813,1.);
#3813 = DIRECTION('',(0.999999800091,6.323115504281E-04,
    1.115119181941E-15));
#3814 = ORIENTED_EDGE('',*,*,#3784,.F.);
#3815 = ORIENTED_EDGE('',*,*,#236,.T.);
#3816 = ORIENTED_EDGE('',*,*,#3713,.F.);
#3817 = PLANE('',#3818);
#3818 = AXIS2_PLACEMENT_3D('',#3819,#3820,#3821);
#3819 = CARTESIAN_POINT('',(-6.091103783539E-02,31.84335622104,0.2));
#3820 = DIRECTION('',(-4.471117861327E-04,0.707106641416,-0.7071067796)
  );
#3821 = DIRECTION('',(-0.999999800091,-5.421010862428E-20,
    6.323114268599E-04));
#3822 = ADVANCED_FACE('',(#3823),#3848,.T.);
#3823 = FACE_BOUND('',#3824,.T.);
#3824 = EDGE_LOOP('',(#3825,#3826,#3834,#3842));
#3825 = ORIENTED_EDGE('',*,*,#297,.T.);
#3826 = ORIENTED_EDGE('',*,*,#3827,.T.);
#3827 = EDGE_CURVE('',#289,#3828,#3830,.T.);
#3828 = VERTEX_POINT('',#3829);
#3829 = CARTESIAN_POINT('',(-13.00642052253,14.146564858977,0.4));
#3830 = LINE('',#3831,#3832);
#3831 = CARTESIAN_POINT('',(-13.40642052253,14.146564858977,
    -1.49186218934E-14));
#3832 = VECTOR('',#3833,1.);
#3833 = DIRECTION('',(0.707106781187,-1.570092458684E-14,0.707106781186)
  );
#3834 = ORIENTED_EDGE('',*,*,#3835,.T.);
#3835 = EDGE_CURVE('',#3828,#3836,#3838,.T.);
#3836 = VERTEX_POINT('',#3837);
#3837 = CARTESIAN_POINT('',(-13.00642052253,11.112833066664,0.4));
#3838 = LINE('',#3839,#3840);
#3839 = CARTESIAN_POINT('',(-13.00642052253,10.328557763635,0.4));
#3840 = VECTOR('',#3841,1.);
#3841 = DIRECTION('',(-2.220624198067E-14,-1.,-2.480013297626E-29));
#3842 = ORIENTED_EDGE('',*,*,#3843,.T.);
#3843 = EDGE_CURVE('',#3836,#298,#3844,.T.);
#3844 = LINE('',#3845,#3846);
#3845 = CARTESIAN_POINT('',(-13.00642052253,11.112833066664,0.4));
#3846 = VECTOR('',#3847,1.);
#3847 = DIRECTION('',(-0.678598344546,0.281084637715,-0.678598344546));
#3848 = PLANE('',#3849);
#3849 = AXIS2_PLACEMENT_3D('',#3850,#3851,#3852);
#3850 = CARTESIAN_POINT('',(-13.20642052253,10.328557763635,0.2));
#3851 = DIRECTION('',(0.707106781186,-1.57021842892E-14,-0.707106781187)
  );
#3852 = DIRECTION('',(-0.707106781187,0.,-0.707106781186));
#3853 = ADVANCED_FACE('',(#3854),#3873,.T.);
#3854 = FACE_BOUND('',#3855,.T.);
#3855 = EDGE_LOOP('',(#3856,#3864,#3871,#3872));
#3856 = ORIENTED_EDGE('',*,*,#3857,.T.);
#3857 = EDGE_CURVE('',#280,#3858,#3860,.T.);
#3858 = VERTEX_POINT('',#3859);
#3859 = CARTESIAN_POINT('',(-14.01747771795,15.884952654976,0.4));
#3860 = LINE('',#3861,#3862);
#3861 = CARTESIAN_POINT('',(-14.21526627887,15.537275095776,
    -1.584050285907E-14));
#3862 = VECTOR('',#3863,1.);
#3863 = DIRECTION('',(0.349644081661,0.614612899441,0.707106781187));
#3864 = ORIENTED_EDGE('',*,*,#3865,.T.);
#3865 = EDGE_CURVE('',#3858,#3828,#3866,.T.);
#3866 = CIRCLE('',#3867,2.);
#3867 = AXIS2_PLACEMENT_3D('',#3868,#3869,#3870);
#3868 = CARTESIAN_POINT('',(-15.00642052253,14.146564858977,0.4));
#3869 = DIRECTION('',(1.115119404864E-15,0.,-1.));
#3870 = DIRECTION('',(0.864427961801,0.502756699464,9.639403943114E-16)
  );
#3871 = ORIENTED_EDGE('',*,*,#3827,.F.);
#3872 = ORIENTED_EDGE('',*,*,#288,.T.);
#3873 = CONICAL_SURFACE('',#3874,1.8,0.785398163397);
#3874 = AXIS2_PLACEMENT_3D('',#3875,#3876,#3877);
#3875 = CARTESIAN_POINT('',(-15.00642052253,14.146564858977,0.2));
#3876 = DIRECTION('',(0.,0.,1.));
#3877 = DIRECTION('',(0.864427961801,0.502756699464,-0.));
#3878 = ADVANCED_FACE('',(#3879),#3898,.F.);
#3879 = FACE_BOUND('',#3880,.F.);
#3880 = EDGE_LOOP('',(#3881,#3890,#3896,#3897));
#3881 = ORIENTED_EDGE('',*,*,#3882,.F.);
#3882 = EDGE_CURVE('',#3883,#3858,#3885,.T.);
#3883 = VERTEX_POINT('',#3884);
#3884 = CARTESIAN_POINT('',(-13.62111555514,21.288659856443,0.4));
#3885 = CIRCLE('',#3886,3.);
#3886 = AXIS2_PLACEMENT_3D('',#3887,#3888,#3889);
#3887 = CARTESIAN_POINT('',(-12.53406351109,18.492534348974,0.4));
#3888 = DIRECTION('',(-1.115119404864E-15,-3.752163452453E-32,1.));
#3889 = DIRECTION('',(-1.,2.584044089815E-14,-1.115119404864E-15));
#3890 = ORIENTED_EDGE('',*,*,#3891,.F.);
#3891 = EDGE_CURVE('',#271,#3883,#3892,.T.);
#3892 = LINE('',#3893,#3894);
#3893 = CARTESIAN_POINT('',(-13.76605582769,21.661476590772,
    -1.532099528573E-14));
#3894 = VECTOR('',#3895,1.);
#3895 = DIRECTION('',(0.256220623951,-0.65905310246,0.707106781187));
#3896 = ORIENTED_EDGE('',*,*,#279,.F.);
#3897 = ORIENTED_EDGE('',*,*,#3857,.T.);
#3898 = CONICAL_SURFACE('',#3899,3.2,0.785398163397);
#3899 = AXIS2_PLACEMENT_3D('',#3900,#3901,#3902);
#3900 = CARTESIAN_POINT('',(-12.53406351109,18.492534348974,0.2));
#3901 = DIRECTION('',(0.,0.,-1.));
#3902 = DIRECTION('',(-1.,2.584044089815E-14,0.));
#3903 = ADVANCED_FACE('',(#3904),#3916,.T.);
#3904 = FACE_BOUND('',#3905,.T.);
#3905 = EDGE_LOOP('',(#3906,#3913,#3914,#3915));
#3906 = ORIENTED_EDGE('',*,*,#3907,.T.);
#3907 = EDGE_CURVE('',#3737,#3883,#3908,.T.);
#3908 = CIRCLE('',#3909,8.);
#3909 = AXIS2_PLACEMENT_3D('',#3910,#3911,#3912);
#3910 = CARTESIAN_POINT('',(-16.51992100596,28.744994543026,0.4));
#3911 = DIRECTION('',(1.115119404864E-15,0.,-1.));
#3912 = DIRECTION('',(0.546428184436,-0.837505963713,6.093326718287E-16)
  );
#3913 = ORIENTED_EDGE('',*,*,#3891,.F.);
#3914 = ORIENTED_EDGE('',*,*,#270,.T.);
#3915 = ORIENTED_EDGE('',*,*,#3745,.F.);
#3916 = CONICAL_SURFACE('',#3917,7.8,0.785398163397);
#3917 = AXIS2_PLACEMENT_3D('',#3918,#3919,#3920);
#3918 = CARTESIAN_POINT('',(-16.51992100596,28.744994543026,0.2));
#3919 = DIRECTION('',(0.,0.,1.));
#3920 = DIRECTION('',(0.546428184436,-0.837505963713,0.));
#3921 = ADVANCED_FACE('',(#3922),#3940,.T.);
#3922 = FACE_BOUND('',#3923,.T.);
#3923 = EDGE_LOOP('',(#3924,#3925,#3926,#3934));
#3924 = ORIENTED_EDGE('',*,*,#305,.T.);
#3925 = ORIENTED_EDGE('',*,*,#3843,.F.);
#3926 = ORIENTED_EDGE('',*,*,#3927,.T.);
#3927 = EDGE_CURVE('',#3836,#3928,#3930,.T.);
#3928 = VERTEX_POINT('',#3929);
#3929 = CARTESIAN_POINT('',(-15.00642052216,9.112833066664,0.4));
#3930 = LINE('',#3931,#3932);
#3931 = CARTESIAN_POINT('',(-13.2326552525,10.886598336697,0.4));
#3932 = VECTOR('',#3933,1.);
#3933 = DIRECTION('',(-0.707106781187,-0.707106781187,
    -7.885084930118E-16));
#3934 = ORIENTED_EDGE('',*,*,#3935,.T.);
#3935 = EDGE_CURVE('',#3928,#306,#3936,.T.);
#3936 = LINE('',#3937,#3938);
#3937 = CARTESIAN_POINT('',(-15.00642052216,9.112833066664,0.4));
#3938 = VECTOR('',#3939,1.);
#3939 = DIRECTION('',(-0.678598344427,0.281084638291,-0.678598344427));
#3940 = PLANE('',#3941);
#3941 = AXIS2_PLACEMENT_3D('',#3942,#3943,#3944);
#3942 = CARTESIAN_POINT('',(-13.37407660873,11.028019692934,0.2));
#3943 = DIRECTION('',(0.5,-0.5,-0.707106781187));
#3944 = DIRECTION('',(-0.816496580928,3.330669073875E-16,-0.57735026919)
  );
#3945 = ADVANCED_FACE('',(#3946),#3964,.T.);
#3946 = FACE_BOUND('',#3947,.T.);
#3947 = EDGE_LOOP('',(#3948,#3949,#3950,#3958));
#3948 = ORIENTED_EDGE('',*,*,#313,.T.);
#3949 = ORIENTED_EDGE('',*,*,#3935,.F.);
#3950 = ORIENTED_EDGE('',*,*,#3951,.T.);
#3951 = EDGE_CURVE('',#3928,#3952,#3954,.T.);
#3952 = VERTEX_POINT('',#3953);
#3953 = CARTESIAN_POINT('',(-15.00642052216,-8.531687543418,0.4));
#3954 = LINE('',#3955,#3956);
#3955 = CARTESIAN_POINT('',(-15.00642052216,-0.713924677189,0.4));
#3956 = VECTOR('',#3957,1.);
#3957 = DIRECTION('',(-2.584044089815E-14,-1.,-2.885269871029E-29));
#3958 = ORIENTED_EDGE('',*,*,#3959,.T.);
#3959 = EDGE_CURVE('',#3952,#314,#3960,.T.);
#3960 = LINE('',#3961,#3962);
#3961 = CARTESIAN_POINT('',(-15.00642052216,-8.531687543418,0.4));
#3962 = VECTOR('',#3963,1.);
#3963 = DIRECTION('',(-0.678598344429,-0.281084638281,-0.678598344428));
#3964 = PLANE('',#3965);
#3965 = AXIS2_PLACEMENT_3D('',#3966,#3967,#3968);
#3966 = CARTESIAN_POINT('',(-15.20642052216,-0.713924677189,0.2));
#3967 = DIRECTION('',(0.707106781186,-1.827195098793E-14,-0.707106781187
    ));
#3968 = DIRECTION('',(-0.707106781187,0.,-0.707106781186));
#3969 = ADVANCED_FACE('',(#3970),#3988,.T.);
#3970 = FACE_BOUND('',#3971,.T.);
#3971 = EDGE_LOOP('',(#3972,#3973,#3974,#3982));
#3972 = ORIENTED_EDGE('',*,*,#321,.T.);
#3973 = ORIENTED_EDGE('',*,*,#3959,.F.);
#3974 = ORIENTED_EDGE('',*,*,#3975,.T.);
#3975 = EDGE_CURVE('',#3952,#3976,#3978,.T.);
#3976 = VERTEX_POINT('',#3977);
#3977 = CARTESIAN_POINT('',(-13.00642052253,-10.53168754341,
    0.400000000037));
#3978 = LINE('',#3979,#3980);
#3979 = CARTESIAN_POINT('',(-12.73142557594,-10.80668249,0.4));
#3980 = VECTOR('',#3981,1.);
#3981 = DIRECTION('',(0.707106781187,-0.707106781187,7.885084930118E-16)
  );
#3982 = ORIENTED_EDGE('',*,*,#3983,.T.);
#3983 = EDGE_CURVE('',#3976,#322,#3984,.T.);
#3984 = LINE('',#3985,#3986);
#3985 = CARTESIAN_POINT('',(-13.00642052253,-10.53168754341,0.4));
#3986 = VECTOR('',#3987,1.);
#3987 = DIRECTION('',(-0.678598344548,-0.281084637706,-0.678598344548));
#3988 = PLANE('',#3989);
#3989 = AXIS2_PLACEMENT_3D('',#3990,#3991,#3992);
#3990 = CARTESIAN_POINT('',(-12.87284693218,-10.94810384624,0.2));
#3991 = DIRECTION('',(0.500000000003,0.500000000003,-0.707106781183));
#3992 = DIRECTION('',(-0.816496580925,-2.775557561563E-17,
    -0.577350269194));
#3993 = ADVANCED_FACE('',(#3994),#4012,.T.);
#3994 = FACE_BOUND('',#3995,.T.);
#3995 = EDGE_LOOP('',(#3996,#3997,#3998,#4006));
#3996 = ORIENTED_EDGE('',*,*,#329,.T.);
#3997 = ORIENTED_EDGE('',*,*,#3983,.F.);
#3998 = ORIENTED_EDGE('',*,*,#3999,.T.);
#3999 = EDGE_CURVE('',#3976,#4000,#4002,.T.);
#4000 = VERTEX_POINT('',#4001);
#4001 = CARTESIAN_POINT('',(-13.00642052253,-15.53168754341,0.4));
#4002 = LINE('',#4003,#4004);
#4003 = CARTESIAN_POINT('',(-13.00642052253,10.328557763635,
    0.400000000037));
#4004 = VECTOR('',#4005,1.);
#4005 = DIRECTION('',(-2.220624198067E-14,-1.,-2.480013297626E-29));
#4006 = ORIENTED_EDGE('',*,*,#4007,.T.);
#4007 = EDGE_CURVE('',#4000,#330,#4008,.T.);
#4008 = LINE('',#4009,#4010);
#4009 = CARTESIAN_POINT('',(-13.00642052253,-15.53168754341,0.4));
#4010 = VECTOR('',#4011,1.);
#4011 = DIRECTION('',(-0.678598344546,0.281084637714,-0.678598344546));
#4012 = PLANE('',#4013);
#4013 = AXIS2_PLACEMENT_3D('',#4014,#4015,#4016);
#4014 = CARTESIAN_POINT('',(-13.20642052253,10.328557763635,
    0.200000000019));
#4015 = DIRECTION('',(0.707106781219,-1.570218428993E-14,-0.707106781154
    ));
#4016 = DIRECTION('',(-0.707106781154,0.,-0.707106781219));
#4017 = ADVANCED_FACE('',(#4018),#4036,.T.);
#4018 = FACE_BOUND('',#4019,.T.);
#4019 = EDGE_LOOP('',(#4020,#4021,#4022,#4030));
#4020 = ORIENTED_EDGE('',*,*,#337,.T.);
#4021 = ORIENTED_EDGE('',*,*,#4007,.F.);
#4022 = ORIENTED_EDGE('',*,*,#4023,.T.);
#4023 = EDGE_CURVE('',#4000,#4024,#4026,.T.);
#4024 = VERTEX_POINT('',#4025);
#4025 = CARTESIAN_POINT('',(-14.00642052253,-16.53168754341,0.4));
#4026 = LINE('',#4027,#4028);
#4027 = CARTESIAN_POINT('',(-6.32152509999,-8.84679212085,0.4));
#4028 = VECTOR('',#4029,1.);
#4029 = DIRECTION('',(-0.707106781186,-0.707106781187,
    -7.885084930108E-16));
#4030 = ORIENTED_EDGE('',*,*,#4031,.T.);
#4031 = EDGE_CURVE('',#4024,#338,#4032,.T.);
#4032 = LINE('',#4033,#4034);
#4033 = CARTESIAN_POINT('',(-14.00642052253,-16.53168754341,0.4));
#4034 = VECTOR('',#4035,1.);
#4035 = DIRECTION('',(-0.281084637715,0.678598344546,-0.678598344546));
#4036 = PLANE('',#4037);
#4037 = AXIS2_PLACEMENT_3D('',#4038,#4039,#4040);
#4038 = CARTESIAN_POINT('',(-6.462946456227,-8.705370764613,0.2));
#4039 = DIRECTION('',(0.500000000001,-0.499999999999,-0.707106781187));
#4040 = DIRECTION('',(-0.816496580927,2.775557561563E-17,-0.57735026919)
  );
#4041 = ADVANCED_FACE('',(#4042),#4060,.T.);
#4042 = FACE_BOUND('',#4043,.T.);
#4043 = EDGE_LOOP('',(#4044,#4045,#4046,#4054));
#4044 = ORIENTED_EDGE('',*,*,#345,.T.);
#4045 = ORIENTED_EDGE('',*,*,#4031,.F.);
#4046 = ORIENTED_EDGE('',*,*,#4047,.T.);
#4047 = EDGE_CURVE('',#4024,#4048,#4050,.T.);
#4048 = VERTEX_POINT('',#4049);
#4049 = CARTESIAN_POINT('',(-15.46141992648,-16.53168754341,0.4));
#4050 = LINE('',#4051,#4052);
#4051 = CARTESIAN_POINT('',(6.844716089308,-16.53168754341,0.4));
#4052 = VECTOR('',#4053,1.);
#4053 = DIRECTION('',(-1.,7.037392825202E-45,-1.115119404864E-15));
#4054 = ORIENTED_EDGE('',*,*,#4055,.T.);
#4055 = EDGE_CURVE('',#4048,#346,#4056,.T.);
#4056 = LINE('',#4057,#4058);
#4057 = CARTESIAN_POINT('',(-15.46141992648,-16.53168754341,0.4));
#4058 = VECTOR('',#4059,1.);
#4059 = DIRECTION('',(-0.57735026919,0.57735026919,-0.57735026919));
#4060 = PLANE('',#4061);
#4061 = AXIS2_PLACEMENT_3D('',#4062,#4063,#4064);
#4062 = CARTESIAN_POINT('',(6.844716089308,-16.33168754341,0.2));
#4063 = DIRECTION('',(7.885084930122E-16,-0.707106781186,-0.707106781187
    ));
#4064 = DIRECTION('',(-1.,3.944304526105E-31,-1.115119404864E-15));
#4065 = ADVANCED_FACE('',(#4066),#4084,.T.);
#4066 = FACE_BOUND('',#4067,.T.);
#4067 = EDGE_LOOP('',(#4068,#4076,#4082,#4083));
#4068 = ORIENTED_EDGE('',*,*,#4069,.T.);
#4069 = EDGE_CURVE('',#4048,#4070,#4072,.T.);
#4070 = VERTEX_POINT('',#4071);
#4071 = CARTESIAN_POINT('',(-15.46141992648,-26.73174541885,0.4));
#4072 = LINE('',#4073,#4074);
#4073 = CARTESIAN_POINT('',(-15.46141992648,-9.646629120708,0.4));
#4074 = VECTOR('',#4075,1.);
#4075 = DIRECTION('',(-2.220624198067E-14,-1.,-2.480013297626E-29));
#4076 = ORIENTED_EDGE('',*,*,#4077,.F.);
#4077 = EDGE_CURVE('',#354,#4070,#4078,.T.);
#4078 = LINE('',#4079,#4080);
#4079 = CARTESIAN_POINT('',(-7.119287968323,-26.73174541885,
    8.742131958163));
#4080 = VECTOR('',#4081,1.);
#4081 = DIRECTION('',(0.707106781187,1.333800099694E-14,0.707106781186)
  );
#4082 = ORIENTED_EDGE('',*,*,#353,.T.);
#4083 = ORIENTED_EDGE('',*,*,#4055,.F.);
#4084 = PLANE('',#4085);
#4085 = AXIS2_PLACEMENT_3D('',#4086,#4087,#4088);
#4086 = CARTESIAN_POINT('',(-15.66141992648,-9.646629120708,0.2));
#4087 = DIRECTION('',(0.707106781186,-1.57021842892E-14,-0.707106781187)
  );
#4088 = DIRECTION('',(-0.707106781187,1.577721810442E-30,-0.707106781186
    ));
#4089 = ADVANCED_FACE('',(#4090),#4115,.T.);
#4090 = FACE_BOUND('',#4091,.T.);
#4091 = EDGE_LOOP('',(#4092,#4100,#4101,#4109));
#4092 = ORIENTED_EDGE('',*,*,#4093,.F.);
#4093 = EDGE_CURVE('',#604,#4094,#4096,.T.);
#4094 = VERTEX_POINT('',#4095);
#4095 = CARTESIAN_POINT('',(-23.71142052253,-22.78137164992,
    7.585786437627));
#4096 = LINE('',#4097,#4098);
#4097 = CARTESIAN_POINT('',(-20.94834905383,-25.54444311863,
    10.34885790633));
#4098 = VECTOR('',#4099,1.);
#4099 = DIRECTION('',(0.57735026919,-0.57735026919,0.57735026919));
#4100 = ORIENTED_EDGE('',*,*,#603,.T.);
#4101 = ORIENTED_EDGE('',*,*,#4102,.F.);
#4102 = EDGE_CURVE('',#4103,#596,#4105,.T.);
#4103 = VERTEX_POINT('',#4104);
#4104 = CARTESIAN_POINT('',(-23.71142052253,-22.78137164992,
    38.200002249963));
#4105 = LINE('',#4106,#4107);
#4106 = CARTESIAN_POINT('',(-21.95100376212,-24.54178841034,
    36.439585489548));
#4107 = VECTOR('',#4108,1.);
#4108 = DIRECTION('',(-0.57735026919,0.57735026919,0.57735026919));
#4109 = ORIENTED_EDGE('',*,*,#4110,.T.);
#4110 = EDGE_CURVE('',#4103,#4094,#4111,.T.);
#4111 = LINE('',#4112,#4113);
#4112 = CARTESIAN_POINT('',(-23.71142052253,-22.78137164992,
    30.150001687472));
#4113 = VECTOR('',#4114,1.);
#4114 = DIRECTION('',(1.506432264116E-16,-7.787331452228E-15,-1.));
#4115 = PLANE('',#4116);
#4116 = AXIS2_PLACEMENT_3D('',#4117,#4118,#4119);
#4117 = CARTESIAN_POINT('',(-24.71142052253,-21.78137164992,
    30.150001687472));
#4118 = DIRECTION('',(0.707106781187,0.707106781187,-5.399954030282E-15)
  );
#4119 = DIRECTION('',(-7.636688225815E-15,3.944304526105E-30,-1.));
#4120 = ADVANCED_FACE('',(#4121),#4139,.T.);
#4121 = FACE_BOUND('',#4122,.T.);
#4122 = EDGE_LOOP('',(#4123,#4124,#4132,#4138));
#4123 = ORIENTED_EDGE('',*,*,#4093,.T.);
#4124 = ORIENTED_EDGE('',*,*,#4125,.T.);
#4125 = EDGE_CURVE('',#4094,#4126,#4128,.T.);
#4126 = VERTEX_POINT('',#4127);
#4127 = CARTESIAN_POINT('',(-17.56142052253,-22.78137164992,
    7.585786437627));
#4128 = LINE('',#4129,#4130);
#4129 = CARTESIAN_POINT('',(-21.87392052253,-22.78137164992,
    7.585786437627));
#4130 = VECTOR('',#4131,1.);
#4131 = DIRECTION('',(1.,-2.000949319431E-14,-1.506432214826E-16));
#4132 = ORIENTED_EDGE('',*,*,#4133,.T.);
#4133 = EDGE_CURVE('',#4126,#612,#4134,.T.);
#4134 = LINE('',#4135,#4136);
#4135 = CARTESIAN_POINT('',(-17.56142052253,-21.48847843111,
    6.292893218813));
#4136 = VECTOR('',#4137,1.);
#4137 = DIRECTION('',(1.425628914879E-14,0.707106781187,-0.707106781187)
  );
#4138 = ORIENTED_EDGE('',*,*,#611,.F.);
#4139 = PLANE('',#4140);
#4140 = AXIS2_PLACEMENT_3D('',#4141,#4142,#4143);
#4141 = CARTESIAN_POINT('',(-26.11142052253,-21.98847843111,
    6.792893218813));
#4142 = DIRECTION('',(1.425536916925E-14,0.707106781187,0.707106781187)
  );
#4143 = DIRECTION('',(1.,-5.99534287968E-29,-2.016013641579E-14));
#4144 = ADVANCED_FACE('',(#4145),#4186,.F.);
#4145 = FACE_BOUND('',#4146,.T.);
#4146 = EDGE_LOOP('',(#4147,#4148,#4156,#4164,#4170,#4171,#4179,#4185));
#4147 = ORIENTED_EDGE('',*,*,#4110,.F.);
#4148 = ORIENTED_EDGE('',*,*,#4149,.F.);
#4149 = EDGE_CURVE('',#4150,#4103,#4152,.T.);
#4150 = VERTEX_POINT('',#4151);
#4151 = CARTESIAN_POINT('',(-8.561420522535,-22.78137164992,
    38.200002249963));
#4152 = LINE('',#4153,#4154);
#4153 = CARTESIAN_POINT('',(-17.19892052253,-22.78137164992,
    38.200002249963));
#4154 = VECTOR('',#4155,1.);
#4155 = DIRECTION('',(-1.,2.000949319431E-14,-8.374058701483E-15));
#4156 = ORIENTED_EDGE('',*,*,#4157,.F.);
#4157 = EDGE_CURVE('',#4158,#4150,#4160,.T.);
#4158 = VERTEX_POINT('',#4159);
#4159 = CARTESIAN_POINT('',(-8.561420522535,-22.78137164992,
    34.371575125217));
#4160 = LINE('',#4161,#4162);
#4161 = CARTESIAN_POINT('',(-8.561420522535,-22.78137164992,
    20.100001124982));
#4162 = VECTOR('',#4163,1.);
#4163 = DIRECTION('',(-9.032427423413E-15,7.787331452228E-15,1.));
#4164 = ORIENTED_EDGE('',*,*,#4165,.F.);
#4165 = EDGE_CURVE('',#87,#4158,#4166,.T.);
#4166 = LINE('',#4167,#4168);
#4167 = CARTESIAN_POINT('',(-19.58642052253,-22.78137164992,
    34.371575125217));
#4168 = VECTOR('',#4169,1.);
#4169 = DIRECTION('',(1.,-2.000949319431E-14,6.835678637054E-15));
#4170 = ORIENTED_EDGE('',*,*,#86,.T.);
#4171 = ORIENTED_EDGE('',*,*,#4172,.T.);
#4172 = EDGE_CURVE('',#79,#4173,#4175,.T.);
#4173 = VERTEX_POINT('',#4174);
#4174 = CARTESIAN_POINT('',(-17.56142052253,-22.78137164992,
    31.200002249963));
#4175 = LINE('',#4176,#4177);
#4176 = CARTESIAN_POINT('',(-20.10517080378,-22.78137164992,
    28.656251968718));
#4177 = VECTOR('',#4178,1.);
#4178 = DIRECTION('',(-0.707106781187,8.642373448582E-15,-0.707106781187
    ));
#4179 = ORIENTED_EDGE('',*,*,#4180,.F.);
#4180 = EDGE_CURVE('',#4126,#4173,#4181,.T.);
#4181 = LINE('',#4182,#4183);
#4182 = CARTESIAN_POINT('',(-17.56142052253,-22.78137164992,
    13.050000562491));
#4183 = VECTOR('',#4184,1.);
#4184 = DIRECTION('',(-1.506432264116E-16,7.787331452228E-15,1.));
#4185 = ORIENTED_EDGE('',*,*,#4125,.F.);
#4186 = PLANE('',#4187);
#4187 = AXIS2_PLACEMENT_3D('',#4188,#4189,#4190);
#4188 = CARTESIAN_POINT('',(-17.63642052253,-22.78137164992,
    20.100001124981));
#4189 = DIRECTION('',(-2.000949319431E-14,-1.,7.787331452228E-15));
#4190 = DIRECTION('',(1.,-2.000949319431E-14,1.506432264117E-16));
#4191 = ADVANCED_FACE('',(#4192,#4410,#4421),#4432,.F.);
#4192 = FACE_BOUND('',#4193,.T.);
#4193 = EDGE_LOOP('',(#4194,#4204,#4212,#4220,#4228,#4237,#4245,#4254,
    #4263,#4271,#4280,#4288,#4296,#4304,#4313,#4321,#4330,#4339,#4347,
    #4356,#4364,#4372,#4380,#4388,#4396,#4404));
#4194 = ORIENTED_EDGE('',*,*,#4195,.F.);
#4195 = EDGE_CURVE('',#4196,#4198,#4200,.T.);
#4196 = VERTEX_POINT('',#4197);
#4197 = CARTESIAN_POINT('',(21.697329122067,18.369002118757,
    52.000002249963));
#4198 = VERTEX_POINT('',#4199);
#4199 = CARTESIAN_POINT('',(21.697329122067,-11.95323394359,
    52.000002249963));
#4200 = LINE('',#4201,#4202);
#4201 = CARTESIAN_POINT('',(21.697329122067,0.340964321463,
    52.000002249963));
#4202 = VECTOR('',#4203,1.);
#4203 = DIRECTION('',(6.813092443001E-16,-1.,0.));
#4204 = ORIENTED_EDGE('',*,*,#4205,.F.);
#4205 = EDGE_CURVE('',#4206,#4196,#4208,.T.);
#4206 = VERTEX_POINT('',#4207);
#4207 = CARTESIAN_POINT('',(17.247329122067,18.369002118757,
    52.000002249963));
#4208 = LINE('',#4209,#4210);
#4209 = CARTESIAN_POINT('',(10.159938752925,18.369002118757,
    52.000002249963));
#4210 = VECTOR('',#4211,1.);
#4211 = DIRECTION('',(1.,-5.177809915847E-17,0.));
#4212 = ORIENTED_EDGE('',*,*,#4213,.F.);
#4213 = EDGE_CURVE('',#4214,#4206,#4216,.T.);
#4214 = VERTEX_POINT('',#4215);
#4215 = CARTESIAN_POINT('',(17.247329122067,-0.677322985533,
    52.000002249963));
#4216 = LINE('',#4217,#4218);
#4217 = CARTESIAN_POINT('',(17.247329122067,13.828557763635,
    52.000002249963));
#4218 = VECTOR('',#4219,1.);
#4219 = DIRECTION('',(5.177809915847E-17,1.,0.));
#4220 = ORIENTED_EDGE('',*,*,#4221,.F.);
#4221 = EDGE_CURVE('',#4222,#4214,#4224,.T.);
#4222 = VERTEX_POINT('',#4223);
#4223 = CARTESIAN_POINT('',(13.819939928855,-2.046697818254,
    52.000002249963));
#4224 = LINE('',#4225,#4226);
#4225 = CARTESIAN_POINT('',(9.090437044338,-3.936317542259,
    52.000002249963));
#4226 = VECTOR('',#4227,1.);
#4227 = DIRECTION('',(0.928624313148,0.37102140778,0.));
#4228 = ORIENTED_EDGE('',*,*,#4229,.F.);
#4229 = EDGE_CURVE('',#4230,#4222,#4232,.T.);
#4230 = VERTEX_POINT('',#4231);
#4231 = CARTESIAN_POINT('',(11.593536783835,-3.474264400725,
    52.000002249963));
#4232 = CIRCLE('',#4233,7.);
#4233 = AXIS2_PLACEMENT_3D('',#4234,#4235,#4236);
#4234 = CARTESIAN_POINT('',(16.417089783318,-8.547068010286,
    52.000002249963));
#4235 = DIRECTION('',(0.,0.,-1.));
#4236 = DIRECTION('',(-0.539769306325,0.841812981576,0.));
#4237 = ORIENTED_EDGE('',*,*,#4238,.F.);
#4238 = EDGE_CURVE('',#4239,#4230,#4241,.T.);
#4239 = VERTEX_POINT('',#4240);
#4240 = CARTESIAN_POINT('',(10.232361520243,-4.768558745798,
    52.000002249963));
#4241 = LINE('',#4242,#4243);
#4242 = CARTESIAN_POINT('',(11.084912319326,-3.957897762121,
    52.000002249963));
#4243 = VECTOR('',#4244,1.);
#4244 = DIRECTION('',(0.724686229937,0.689078999926,0.));
#4245 = ORIENTED_EDGE('',*,*,#4246,.F.);
#4246 = EDGE_CURVE('',#4247,#4239,#4249,.T.);
#4247 = VERTEX_POINT('',#4248);
#4248 = CARTESIAN_POINT('',(14.34229152763,-7.158765928242,
    52.000002249963));
#4249 = CIRCLE('',#4250,2.75);
#4250 = AXIS2_PLACEMENT_3D('',#4251,#4252,#4253);
#4251 = CARTESIAN_POINT('',(11.59229152763,-7.158765928242,
    52.000002249963));
#4252 = DIRECTION('',(3.248455128664E-32,-7.17522190943E-61,1.));
#4253 = DIRECTION('',(-1.,3.786532345061E-29,3.248455128664E-32));
#4254 = ORIENTED_EDGE('',*,*,#4255,.F.);
#4255 = EDGE_CURVE('',#4256,#4247,#4258,.T.);
#4256 = VERTEX_POINT('',#4257);
#4257 = CARTESIAN_POINT('',(9.273574063924,-5.680236481966,
    52.000002249963));
#4258 = CIRCLE('',#4259,2.75);
#4259 = AXIS2_PLACEMENT_3D('',#4260,#4261,#4262);
#4260 = CARTESIAN_POINT('',(11.59229152763,-7.158765928242,
    52.000002249963));
#4261 = DIRECTION('',(3.248455128664E-32,-7.17522190943E-61,1.));
#4262 = DIRECTION('',(-1.,3.786532345061E-29,3.248455128664E-32));
#4263 = ORIENTED_EDGE('',*,*,#4264,.F.);
#4264 = EDGE_CURVE('',#4265,#4256,#4267,.T.);
#4265 = VERTEX_POINT('',#4266);
#4266 = CARTESIAN_POINT('',(8.432763000222,-6.479734558469,
    52.000002249963));
#4267 = LINE('',#4268,#4269);
#4268 = CARTESIAN_POINT('',(11.084912319326,-3.957897762121,
    52.000002249963));
#4269 = VECTOR('',#4270,1.);
#4270 = DIRECTION('',(0.724686229937,0.689078999926,0.));
#4271 = ORIENTED_EDGE('',*,*,#4272,.F.);
#4272 = EDGE_CURVE('',#4273,#4265,#4275,.T.);
#4273 = VERTEX_POINT('',#4274);
#4274 = CARTESIAN_POINT('',(7.5,-8.653793248281,52.000002249963));
#4275 = CIRCLE('',#4276,3.);
#4276 = AXIS2_PLACEMENT_3D('',#4277,#4278,#4279);
#4277 = CARTESIAN_POINT('',(10.5,-8.653793248281,52.000002249963));
#4278 = DIRECTION('',(0.,0.,-1.));
#4279 = DIRECTION('',(-0.918988302408,0.394284795594,0.));
#4280 = ORIENTED_EDGE('',*,*,#4281,.F.);
#4281 = EDGE_CURVE('',#4282,#4273,#4284,.T.);
#4282 = VERTEX_POINT('',#4283);
#4283 = CARTESIAN_POINT('',(7.5,-15.31753185648,52.000002249963));
#4284 = LINE('',#4285,#4286);
#4285 = CARTESIAN_POINT('',(7.5,-4.514709223985,52.000002249963));
#4286 = VECTOR('',#4287,1.);
#4287 = DIRECTION('',(0.,1.,0.));
#4288 = ORIENTED_EDGE('',*,*,#4289,.F.);
#4289 = EDGE_CURVE('',#4290,#4282,#4292,.T.);
#4290 = VERTEX_POINT('',#4291);
#4291 = CARTESIAN_POINT('',(0.5,-15.31753185648,52.000002249963));
#4292 = LINE('',#4293,#4294);
#4293 = CARTESIAN_POINT('',(3.286274191891,-15.31753185648,
    52.000002249963));
#4294 = VECTOR('',#4295,1.);
#4295 = DIRECTION('',(1.,0.,0.));
#4296 = ORIENTED_EDGE('',*,*,#4297,.F.);
#4297 = EDGE_CURVE('',#4298,#4290,#4300,.T.);
#4298 = VERTEX_POINT('',#4299);
#4299 = CARTESIAN_POINT('',(0.5,-9.999865452339,52.000002249963));
#4300 = LINE('',#4301,#4302);
#4301 = CARTESIAN_POINT('',(0.5,-7.014709223985,52.000002249963));
#4302 = VECTOR('',#4303,1.);
#4303 = DIRECTION('',(0.,-1.,0.));
#4304 = ORIENTED_EDGE('',*,*,#4305,.F.);
#4305 = EDGE_CURVE('',#4306,#4298,#4308,.T.);
#4306 = VERTEX_POINT('',#4307);
#4307 = CARTESIAN_POINT('',(2.003032025437,-6.426181780708,
    52.000002249963));
#4308 = CIRCLE('',#4309,5.);
#4309 = AXIS2_PLACEMENT_3D('',#4310,#4311,#4312);
#4310 = CARTESIAN_POINT('',(5.5,-9.999865452339,52.000002249963));
#4311 = DIRECTION('',(0.,0.,1.));
#4312 = DIRECTION('',(-0.921789996396,0.387689569815,0.));
#4313 = ORIENTED_EDGE('',*,*,#4314,.F.);
#4314 = EDGE_CURVE('',#4315,#4306,#4317,.T.);
#4315 = VERTEX_POINT('',#4316);
#4316 = CARTESIAN_POINT('',(6.215228325623,-2.30440802629,
    52.000002249963));
#4317 = LINE('',#4318,#4319);
#4318 = CARTESIAN_POINT('',(2.336964277009,-6.09941799949,
    52.000002249963));
#4319 = VECTOR('',#4320,1.);
#4320 = DIRECTION('',(-0.714736734326,-0.699393594913,0.));
#4321 = ORIENTED_EDGE('',*,*,#4322,.F.);
#4322 = EDGE_CURVE('',#4323,#4315,#4325,.T.);
#4323 = VERTEX_POINT('',#4324);
#4324 = CARTESIAN_POINT('',(7.248694269493,3.384735054242,
    52.000002249963));
#4325 = CIRCLE('',#4326,5.);
#4326 = AXIS2_PLACEMENT_3D('',#4327,#4328,#4329);
#4327 = CARTESIAN_POINT('',(2.71826035106,1.269275645341,52.000002249963
    ));
#4328 = DIRECTION('',(0.,0.,-1.));
#4329 = DIRECTION('',(0.983898013731,-0.17873079918,0.));
#4330 = ORIENTED_EDGE('',*,*,#4331,.F.);
#4331 = EDGE_CURVE('',#4332,#4323,#4334,.T.);
#4332 = VERTEX_POINT('',#4333);
#4333 = CARTESIAN_POINT('',(2.867956329686,7.468254579046,
    52.000002252017));
#4334 = CIRCLE('',#4335,8.);
#4335 = AXIS2_PLACEMENT_3D('',#4336,#4337,#4338);
#4336 = CARTESIAN_POINT('',(7.251148938276E-16,0.,52.000002249963));
#4337 = DIRECTION('',(0.,0.,-1.));
#4338 = DIRECTION('',(1.,-5.177809915847E-17,0.));
#4339 = ORIENTED_EDGE('',*,*,#4340,.F.);
#4340 = EDGE_CURVE('',#4341,#4332,#4343,.T.);
#4341 = VERTEX_POINT('',#4342);
#4342 = CARTESIAN_POINT('',(-2.882047730153,7.468254579046,
    52.000002252017));
#4343 = LINE('',#4344,#4345);
#4344 = CARTESIAN_POINT('',(3.275134177427E-02,7.468254581144,
    52.000002249963));
#4345 = VECTOR('',#4346,1.);
#4346 = DIRECTION('',(1.,-5.177809915851E-17,0.));
#4347 = ORIENTED_EDGE('',*,*,#4348,.F.);
#4348 = EDGE_CURVE('',#4349,#4341,#4351,.T.);
#4349 = VERTEX_POINT('',#4350);
#4350 = CARTESIAN_POINT('',(-7.951345333661,-1.,52.000002249963));
#4351 = CIRCLE('',#4352,8.);
#4352 = AXIS2_PLACEMENT_3D('',#4353,#4354,#4355);
#4353 = CARTESIAN_POINT('',(-1.409140046757E-02,4.769083983096E-27,
    52.000002249963));
#4354 = DIRECTION('',(0.,0.,-1.));
#4355 = DIRECTION('',(-1.,2.220624198067E-14,0.));
#4356 = ORIENTED_EDGE('',*,*,#4357,.F.);
#4357 = EDGE_CURVE('',#4358,#4349,#4360,.T.);
#4358 = VERTEX_POINT('',#4359);
#4359 = CARTESIAN_POINT('',(-17.26142052253,-1.,52.000002249963));
#4360 = LINE('',#4361,#4362);
#4361 = CARTESIAN_POINT('',(-8.094436069376,-1.,52.000002249963));
#4362 = VECTOR('',#4363,1.);
#4363 = DIRECTION('',(1.,-2.220624198067E-14,0.));
#4364 = ORIENTED_EDGE('',*,*,#4365,.T.);
#4365 = EDGE_CURVE('',#4358,#4366,#4368,.T.);
#4366 = VERTEX_POINT('',#4367);
#4367 = CARTESIAN_POINT('',(-17.26142052253,18.369002118758,
    52.000002249963));
#4368 = LINE('',#4369,#4370);
#4369 = CARTESIAN_POINT('',(-17.26142052253,13.828557763635,
    52.000002249963));
#4370 = VECTOR('',#4371,1.);
#4371 = DIRECTION('',(2.220624198067E-14,1.,9.276139052181E-29));
#4372 = ORIENTED_EDGE('',*,*,#4373,.T.);
#4373 = EDGE_CURVE('',#4366,#4374,#4376,.T.);
#4374 = VERTEX_POINT('',#4375);
#4375 = CARTESIAN_POINT('',(-21.71142052253,18.369002118758,
    52.000002249963));
#4376 = LINE('',#4377,#4378);
#4377 = CARTESIAN_POINT('',(-10.17403015339,18.369002118758,
    52.000002249963));
#4378 = VECTOR('',#4379,1.);
#4379 = DIRECTION('',(-1.,2.220624198067E-14,-8.374058701483E-15));
#4380 = ORIENTED_EDGE('',*,*,#4381,.T.);
#4381 = EDGE_CURVE('',#4374,#4382,#4384,.T.);
#4382 = VERTEX_POINT('',#4383);
#4383 = CARTESIAN_POINT('',(-21.71142052253,-11.93914254312,
    52.000002249963));
#4384 = LINE('',#4385,#4386);
#4385 = CARTESIAN_POINT('',(-21.71142052253,0.340964321463,
    52.000002249963));
#4386 = VECTOR('',#4387,1.);
#4387 = DIRECTION('',(-2.293932932412E-14,-1.,-9.890030696924E-29));
#4388 = ORIENTED_EDGE('',*,*,#4389,.T.);
#4389 = EDGE_CURVE('',#4382,#4390,#4392,.T.);
#4390 = VERTEX_POINT('',#4391);
#4391 = CARTESIAN_POINT('',(-12.79183510902,-20.85872795662,
    52.000002249963));
#4392 = LINE('',#4393,#4394);
#4393 = CARTESIAN_POINT('',(-16.96369013793,-16.68687292772,
    52.000002249963));
#4394 = VECTOR('',#4395,1.);
#4395 = DIRECTION('',(0.707106781187,-0.707106781187,0.));
#4396 = ORIENTED_EDGE('',*,*,#4397,.T.);
#4397 = EDGE_CURVE('',#4390,#4398,#4400,.T.);
#4398 = VERTEX_POINT('',#4399);
#4399 = CARTESIAN_POINT('',(12.791835109028,-20.85872795662,
    52.000002249963));
#4400 = LINE('',#4401,#4402);
#4401 = CARTESIAN_POINT('',(-0.54404638411,-20.85872795662,
    52.000002249963));
#4402 = VECTOR('',#4403,1.);
#4403 = DIRECTION('',(1.,9.976566633042E-15,0.));
#4404 = ORIENTED_EDGE('',*,*,#4405,.T.);
#4405 = EDGE_CURVE('',#4398,#4198,#4406,.T.);
#4406 = LINE('',#4407,#4408);
#4407 = CARTESIAN_POINT('',(16.999964329825,-16.65059873583,
    52.000002249963));
#4408 = VECTOR('',#4409,1.);
#4409 = DIRECTION('',(0.707106781187,0.707106781187,0.));
#4410 = FACE_BOUND('',#4411,.T.);
#4411 = EDGE_LOOP('',(#4412));
#4412 = ORIENTED_EDGE('',*,*,#4413,.T.);
#4413 = EDGE_CURVE('',#4414,#4414,#4416,.T.);
#4414 = VERTEX_POINT('',#4415);
#4415 = CARTESIAN_POINT('',(-14.35638292809,-7.158765928241,
    52.000002249963));
#4416 = CIRCLE('',#4417,2.75);
#4417 = AXIS2_PLACEMENT_3D('',#4418,#4419,#4420);
#4418 = CARTESIAN_POINT('',(-11.60638292809,-7.158765928241,
    52.000002249963));
#4419 = DIRECTION('',(8.374058701483E-15,-9.319498336361E-29,-1.));
#4420 = DIRECTION('',(1.,-2.225802007982E-14,8.374058701483E-15));
#4421 = FACE_BOUND('',#4422,.T.);
#4422 = EDGE_LOOP('',(#4423));
#4423 = ORIENTED_EDGE('',*,*,#4424,.F.);
#4424 = EDGE_CURVE('',#4425,#4425,#4427,.T.);
#4425 = VERTEX_POINT('',#4426);
#4426 = CARTESIAN_POINT('',(-7.045700233626E-03,4.650117989244,
    52.000002249963));
#4427 = CIRCLE('',#4428,4.625);
#4428 = AXIS2_PLACEMENT_3D('',#4429,#4430,#4431);
#4429 = CARTESIAN_POINT('',(-7.045700233625E-03,2.511798924383E-02,
    52.000002249963));
#4430 = DIRECTION('',(0.,0.,1.));
#4431 = DIRECTION('',(1.319189207136E-16,-1.,0.));
#4432 = PLANE('',#4433);
#4433 = AXIS2_PLACEMENT_3D('',#4434,#4435,#4436);
#4434 = CARTESIAN_POINT('',(7.254838378219E-02,-0.711886591488,
    52.000002249963));
#4435 = DIRECTION('',(0.,0.,-1.));
#4436 = DIRECTION('',(-1.,0.,0.));
#4437 = ADVANCED_FACE('',(#4438),#4471,.F.);
#4438 = FACE_BOUND('',#4439,.T.);
#4439 = EDGE_LOOP('',(#4440,#4441,#4449,#4457,#4465));
#4440 = ORIENTED_EDGE('',*,*,#4381,.F.);
#4441 = ORIENTED_EDGE('',*,*,#4442,.T.);
#4442 = EDGE_CURVE('',#4374,#4443,#4445,.T.);
#4443 = VERTEX_POINT('',#4444);
#4444 = CARTESIAN_POINT('',(-24.38236088568,21.039942481913,
    49.329061886809));
#4445 = LINE('',#4446,#4447);
#4446 = CARTESIAN_POINT('',(-19.45051582812,16.108097424352,
    54.260906944369));
#4447 = VECTOR('',#4448,1.);
#4448 = DIRECTION('',(-0.57735026919,0.57735026919,-0.57735026919));
#4449 = ORIENTED_EDGE('',*,*,#4450,.F.);
#4450 = EDGE_CURVE('',#4451,#4443,#4453,.T.);
#4451 = VERTEX_POINT('',#4452);
#4452 = CARTESIAN_POINT('',(-24.88299339778,20.769002118758,
    48.828429374709));
#4453 = LINE('',#4454,#4455);
#4454 = CARTESIAN_POINT('',(-31.6709470628,17.095388067279,
    42.040475709694));
#4455 = VECTOR('',#4456,1.);
#4456 = DIRECTION('',(0.660401551748,0.357406744337,0.660401551748));
#4457 = ORIENTED_EDGE('',*,*,#4458,.F.);
#4458 = EDGE_CURVE('',#4459,#4451,#4461,.T.);
#4459 = VERTEX_POINT('',#4460);
#4460 = CARTESIAN_POINT('',(-24.88299339778,-12.80613515704,
    48.828429374709));
#4461 = LINE('',#4462,#4463);
#4462 = CARTESIAN_POINT('',(-24.88299339778,0.867389777939,
    48.828429374709));
#4463 = VECTOR('',#4464,1.);
#4464 = DIRECTION('',(2.293932932412E-14,1.,9.371189444312E-29));
#4465 = ORIENTED_EDGE('',*,*,#4466,.T.);
#4466 = EDGE_CURVE('',#4459,#4382,#4467,.T.);
#4467 = LINE('',#4468,#4469);
#4468 = CARTESIAN_POINT('',(-26.17133973538,-13.15832216419,
    47.54008303711));
#4469 = VECTOR('',#4470,1.);
#4470 = DIRECTION('',(0.694255695254,0.189784243855,0.694255695254));
#4471 = PLANE('',#4472);
#4472 = AXIS2_PLACEMENT_3D('',#4473,#4474,#4475);
#4473 = CARTESIAN_POINT('',(-24.71142052253,0.340964321464,
    49.000002249963));
#4474 = DIRECTION('',(0.707106781187,-1.622055532096E-14,-0.707106781187
    ));
#4475 = DIRECTION('',(-0.707106781187,1.57021842892E-14,-0.707106781187)
  );
#4476 = ADVANCED_FACE('',(#4477),#4521,.F.);
#4477 = FACE_BOUND('',#4478,.F.);
#4478 = EDGE_LOOP('',(#4479,#4489,#4498,#4506));
#4479 = ORIENTED_EDGE('',*,*,#4480,.T.);
#4480 = EDGE_CURVE('',#4481,#4483,#4485,.T.);
#4481 = VERTEX_POINT('',#4482);
#4482 = CARTESIAN_POINT('',(-3.040642829172,-3.161932129486,
    51.775002249963));
#4483 = VERTEX_POINT('',#4484);
#4484 = CARTESIAN_POINT('',(-3.040642829172,-3.161932129486,
    48.400002249963));
#4485 = LINE('',#4486,#4487);
#4486 = CARTESIAN_POINT('',(-3.040642829172,-3.161932129486,
    52.000002249963));
#4487 = VECTOR('',#4488,1.);
#4488 = DIRECTION('',(-2.059984127722E-14,1.734723475977E-16,-1.));
#4489 = ORIENTED_EDGE('',*,*,#4490,.T.);
#4490 = EDGE_CURVE('',#4483,#4491,#4493,.T.);
#4491 = VERTEX_POINT('',#4492);
#4492 = CARTESIAN_POINT('',(-2.812275503126,-3.195430993921,
    48.400002249963));
#4493 = CIRCLE('',#4494,0.2);
#4494 = AXIS2_PLACEMENT_3D('',#4495,#4496,#4497);
#4495 = CARTESIAN_POINT('',(-2.902752050584,-3.017066214999,
    48.400002249963));
#4496 = DIRECTION('',(-2.22044604925E-16,-1.110223024625E-16,1.));
#4497 = DIRECTION('',(-0.452382737289,0.891823894613,-1.436804005304E-18
    ));
#4498 = ORIENTED_EDGE('',*,*,#4499,.T.);
#4499 = EDGE_CURVE('',#4491,#4500,#4502,.T.);
#4500 = VERTEX_POINT('',#4501);
#4501 = CARTESIAN_POINT('',(-2.812275503126,-3.195430993921,
    51.645979889802));
#4502 = LINE('',#4503,#4504);
#4503 = CARTESIAN_POINT('',(-2.812275503126,-3.195430993921,
    52.000002249963));
#4504 = VECTOR('',#4505,1.);
#4505 = DIRECTION('',(2.059984127722E-14,-1.734723475977E-16,1.));
#4506 = ORIENTED_EDGE('',*,*,#4507,.T.);
#4507 = EDGE_CURVE('',#4500,#4481,#4508,.T.);
#4508 = B_SPLINE_CURVE_WITH_KNOTS('',3,(#4509,#4510,#4511,#4512,#4513,
    #4514,#4515,#4516,#4517,#4518,#4519,#4520),.UNSPECIFIED.,.F.,.F.,(4,
    2,2,2,2,4),(1.030761788618E-02,1.036789961692E-02,2.073579923383E-02
    ,2.925688309386E-02,3.351742502388E-02,3.777796695389E-02),
  .UNSPECIFIED.);
#4509 = CARTESIAN_POINT('',(-2.812275503126,-3.195430993921,
    51.645979889802));
#4510 = CARTESIAN_POINT('',(-2.812416736813,-3.195502635511,
    51.646126675445));
#4511 = CARTESIAN_POINT('',(-2.812558023403,-3.195574236449,
    51.646273421687));
#4512 = CARTESIAN_POINT('',(-2.83703826586,-3.207900868343,
    51.671649085811));
#4513 = CARTESIAN_POINT('',(-2.864784763337,-3.215459326199,
    51.695604705372));
#4514 = CARTESIAN_POINT('',(-2.916297664575,-3.2179587261,
    51.731723238219));
#4515 = CARTESIAN_POINT('',(-2.942948306207,-3.214904711774,
    51.74725941368));
#4516 = CARTESIAN_POINT('',(-2.981866036884,-3.201267005487,
    51.763505017247));
#4517 = CARTESIAN_POINT('',(-2.994683470612,-3.195252745378,
    51.767788746684));
#4518 = CARTESIAN_POINT('',(-3.018928320629,-3.180480606508,
    51.773536857146));
#4519 = CARTESIAN_POINT('',(-3.03035604079,-3.171723620219,
    51.775002249963));
#4520 = CARTESIAN_POINT('',(-3.040642829172,-3.161932129486,
    51.775002249963));
#4521 = CYLINDRICAL_SURFACE('',#4522,0.2);
#4522 = AXIS2_PLACEMENT_3D('',#4523,#4524,#4525);
#4523 = CARTESIAN_POINT('',(-2.902752050584,-3.017066214999,
    52.000002249963));
#4524 = DIRECTION('',(-2.062239268241E-14,2.775557561563E-16,-1.));
#4525 = DIRECTION('',(-0.452382737289,0.891823894613,9.576745306553E-15)
  );
#4526 = ADVANCED_FACE('',(#4527),#4554,.F.);
#4527 = FACE_BOUND('',#4528,.F.);
#4528 = EDGE_LOOP('',(#4529,#4539,#4546,#4547));
#4529 = ORIENTED_EDGE('',*,*,#4530,.F.);
#4530 = EDGE_CURVE('',#4531,#4533,#4535,.T.);
#4531 = VERTEX_POINT('',#4532);
#4532 = CARTESIAN_POINT('',(-3.173239402744,-3.030240817538,
    48.400002249963));
#4533 = VERTEX_POINT('',#4534);
#4534 = CARTESIAN_POINT('',(-3.173239402744,-3.030240817538,
    51.775002249963));
#4535 = LINE('',#4536,#4537);
#4536 = CARTESIAN_POINT('',(-3.173239402744,-3.030240817538,
    52.000002249963));
#4537 = VECTOR('',#4538,1.);
#4538 = DIRECTION('',(-4.163336342344E-16,-3.885780586188E-16,1.));
#4539 = ORIENTED_EDGE('',*,*,#4540,.F.);
#4540 = EDGE_CURVE('',#4483,#4531,#4541,.T.);
#4541 = CIRCLE('',#4542,4.4);
#4542 = AXIS2_PLACEMENT_3D('',#4543,#4544,#4545);
#4543 = CARTESIAN_POINT('',(-7.045700233623E-03,2.511798924385E-02,
    48.400002249963));
#4544 = DIRECTION('',(2.22044604925E-16,1.110223024625E-16,-1.));
#4545 = DIRECTION('',(-0.6593458151,-0.751839807479,-2.298751675322E-16)
  );
#4546 = ORIENTED_EDGE('',*,*,#4480,.F.);
#4547 = ORIENTED_EDGE('',*,*,#4548,.T.);
#4548 = EDGE_CURVE('',#4481,#4533,#4549,.T.);
#4549 = CIRCLE('',#4550,4.4);
#4550 = AXIS2_PLACEMENT_3D('',#4551,#4552,#4553);
#4551 = CARTESIAN_POINT('',(-7.045700233628E-03,2.511798924385E-02,
    51.775002249963));
#4552 = DIRECTION('',(4.163336342344E-16,3.885780586188E-16,-1.));
#4553 = DIRECTION('',(-0.6593458151,-0.751839807479,-5.666562922004E-16)
  );
#4554 = CYLINDRICAL_SURFACE('',#4555,4.4);
#4555 = AXIS2_PLACEMENT_3D('',#4556,#4557,#4558);
#4556 = CARTESIAN_POINT('',(-7.045700233628E-03,2.511798924385E-02,
    52.000002249963));
#4557 = DIRECTION('',(4.163336342344E-16,3.885780586188E-16,-1.));
#4558 = DIRECTION('',(-0.6593458151,-0.751839807479,-5.666562922004E-16)
  );
#4559 = ADVANCED_FACE('',(#4560),#4602,.T.);
#4560 = FACE_BOUND('',#4561,.T.);
#4561 = EDGE_LOOP('',(#4562,#4579,#4587,#4596));
#4562 = ORIENTED_EDGE('',*,*,#4563,.F.);
#4563 = EDGE_CURVE('',#4564,#4566,#4568,.T.);
#4564 = VERTEX_POINT('',#4565);
#4565 = CARTESIAN_POINT('',(-1.88268811705,-3.811966258494,
    51.645979889802));
#4566 = VERTEX_POINT('',#4567);
#4567 = CARTESIAN_POINT('',(-1.986790525991,-3.622224937448,
    51.525002249963));
#4568 = B_SPLINE_CURVE_WITH_KNOTS('',3,(#4569,#4570,#4571,#4572,#4573,
    #4574,#4575,#4576,#4577,#4578),.UNSPECIFIED.,.F.,.F.,(4,2,2,2,4),(
    1.014516854185E-02,1.059833435248E-02,2.119666870496E-02,
    2.84051509594E-02,3.561363321384E-02),.UNSPECIFIED.);
#4569 = CARTESIAN_POINT('',(-1.88268811705,-3.811966258494,
    51.645979889802));
#4570 = CARTESIAN_POINT('',(-1.882605144681,-3.810780933194,
    51.64487854488));
#4571 = CARTESIAN_POINT('',(-1.882532117746,-3.809593197109,
    51.64377938971));
#4572 = CARTESIAN_POINT('',(-1.881031893338,-3.780562376192,
    51.617043972001));
#4573 = CARTESIAN_POINT('',(-1.88548735799,-3.751408120866,
    51.592846155814));
#4574 = CARTESIAN_POINT('',(-1.903775143464,-3.70545033393,
    51.56003487681));
#4575 = CARTESIAN_POINT('',(-1.91516092241,-3.685441097006,
    51.547369399203));
#4576 = CARTESIAN_POINT('',(-1.946118868458,-3.649564830976,
    51.529858870556));
#4577 = CARTESIAN_POINT('',(-1.965672608913,-3.633687552263,
    51.525002249963));
#4578 = CARTESIAN_POINT('',(-1.986790525991,-3.622224937448,
    51.525002249963));
#4579 = ORIENTED_EDGE('',*,*,#4580,.F.);
#4580 = EDGE_CURVE('',#4581,#4564,#4583,.T.);
#4581 = VERTEX_POINT('',#4582);
#4582 = CARTESIAN_POINT('',(-1.88268811705,-3.811966258494,
    48.400002249963));
#4583 = LINE('',#4584,#4585);
#4584 = CARTESIAN_POINT('',(-1.88268811705,-3.811966258494,
    52.000002249963));
#4585 = VECTOR('',#4586,1.);
#4586 = DIRECTION('',(4.119968255445E-15,-1.734723475977E-14,1.));
#4587 = ORIENTED_EDGE('',*,*,#4588,.F.);
#4588 = EDGE_CURVE('',#4589,#4581,#4591,.T.);
#4589 = VERTEX_POINT('',#4590);
#4590 = CARTESIAN_POINT('',(-1.986790525991,-3.622224937448,
    48.400002249963));
#4591 = CIRCLE('',#4592,0.2);
#4592 = AXIS2_PLACEMENT_3D('',#4593,#4594,#4595);
#4593 = CARTESIAN_POINT('',(-2.082199915184,-3.79800050018,
    48.400002249963));
#4594 = DIRECTION('',(-5.551115123126E-17,1.110223024625E-16,-1.));
#4595 = DIRECTION('',(-0.477046945966,-0.878877813661,
    -7.109361329391E-17));
#4596 = ORIENTED_EDGE('',*,*,#4597,.F.);
#4597 = EDGE_CURVE('',#4566,#4589,#4598,.T.);
#4598 = LINE('',#4599,#4600);
#4599 = CARTESIAN_POINT('',(-1.986790525991,-3.622224937448,
    52.000002249963));
#4600 = VECTOR('',#4601,1.);
#4601 = DIRECTION('',(-4.080069615497E-15,1.731947918415E-14,-1.));
#4602 = CYLINDRICAL_SURFACE('',#4603,0.2);
#4603 = AXIS2_PLACEMENT_3D('',#4604,#4605,#4606);
#4604 = CARTESIAN_POINT('',(-2.082199915184,-3.79800050018,
    52.000002249963));
#4605 = DIRECTION('',(-4.080069615497E-15,1.731947918415E-14,-1.));
#4606 = DIRECTION('',(-0.477046945966,-0.878877813661,
    -1.327532124971E-14));
#4607 = ADVANCED_FACE('',(#4608),#4643,.F.);
#4608 = FACE_BOUND('',#4609,.F.);
#4609 = EDGE_LOOP('',(#4610,#4620,#4627,#4628));
#4610 = ORIENTED_EDGE('',*,*,#4611,.F.);
#4611 = EDGE_CURVE('',#4612,#4614,#4616,.T.);
#4612 = VERTEX_POINT('',#4613);
#4613 = CARTESIAN_POINT('',(-3.208301909639,-2.802108333806,
    48.400002249963));
#4614 = VERTEX_POINT('',#4615);
#4615 = CARTESIAN_POINT('',(-3.208301909639,-2.802108333806,
    51.645979889802));
#4616 = LINE('',#4617,#4618);
#4617 = CARTESIAN_POINT('',(-3.208301909639,-2.802108333806,
    52.000002249963));
#4618 = VECTOR('',#4619,1.);
#4619 = DIRECTION('',(-7.806255641896E-16,-2.125036258072E-14,1.));
#4620 = ORIENTED_EDGE('',*,*,#4621,.T.);
#4621 = EDGE_CURVE('',#4612,#4531,#4622,.T.);
#4622 = CIRCLE('',#4623,0.2);
#4623 = AXIS2_PLACEMENT_3D('',#4624,#4625,#4626);
#4624 = CARTESIAN_POINT('',(-3.029321507176,-2.891360871776,
    48.400002249963));
#4625 = DIRECTION('',(-2.22044604925E-16,-1.110223024625E-16,1.));
#4626 = DIRECTION('',(-0.999133541933,4.161929101307E-02,
    -2.172315430707E-16));
#4627 = ORIENTED_EDGE('',*,*,#4530,.T.);
#4628 = ORIENTED_EDGE('',*,*,#4629,.T.);
#4629 = EDGE_CURVE('',#4533,#4614,#4630,.T.);
#4630 = B_SPLINE_CURVE_WITH_KNOTS('',3,(#4631,#4632,#4633,#4634,#4635,
    #4636,#4637,#4638,#4639,#4640,#4641,#4642),.UNSPECIFIED.,.F.,.F.,(4,
    2,2,2,2,4),(3.777796695389E-02,4.203850888391E-02,4.629905081392E-02
    ,5.482013467395E-02,6.518803429087E-02,6.524831602161E-02),
  .UNSPECIFIED.);
#4631 = CARTESIAN_POINT('',(-3.173239402744,-3.030240817538,
    51.775002249963));
#4632 = CARTESIAN_POINT('',(-3.18310113328,-3.020021347063,
    51.775002249963));
#4633 = CARTESIAN_POINT('',(-3.191936199592,-3.008653884715,
    51.773536857146));
#4634 = CARTESIAN_POINT('',(-3.206874080982,-2.984510800018,
    51.767788746684));
#4635 = CARTESIAN_POINT('',(-3.212976005693,-2.971734867689,
    51.763505017247));
#4636 = CARTESIAN_POINT('',(-3.22687999757,-2.932911475209,
    51.74725941368));
#4637 = CARTESIAN_POINT('',(-3.230116510237,-2.906282380432,
    51.731723238219));
#4638 = CARTESIAN_POINT('',(-3.227970057695,-2.85475356582,
    51.695604705372));
#4639 = CARTESIAN_POINT('',(-3.220601854352,-2.826955940257,
    51.671649085811));
#4640 = CARTESIAN_POINT('',(-3.208443213403,-2.802391828736,
    51.646273421687));
#4641 = CARTESIAN_POINT('',(-3.208372582028,-2.802250054959,
    51.646126675445));
#4642 = CARTESIAN_POINT('',(-3.208301909639,-2.802108333806,
    51.645979889802));
#4643 = CYLINDRICAL_SURFACE('',#4644,0.2);
#4644 = AXIS2_PLACEMENT_3D('',#4645,#4646,#4647);
#4645 = CARTESIAN_POINT('',(-3.029321507176,-2.891360871776,
    52.000002249963));
#4646 = DIRECTION('',(4.440892098501E-16,4.996003610813E-16,-1.));
#4647 = DIRECTION('',(-0.999133541933,4.161929101307E-02,
    -4.229114123536E-16));
#4648 = ADVANCED_FACE('',(#4649),#4682,.T.);
#4649 = FACE_BOUND('',#4650,.T.);
#4650 = EDGE_LOOP('',(#4651,#4666,#4667,#4676));
#4651 = ORIENTED_EDGE('',*,*,#4652,.F.);
#4652 = EDGE_CURVE('',#4614,#4653,#4655,.T.);
#4653 = VERTEX_POINT('',#4654);
#4654 = CARTESIAN_POINT('',(-3.231869134545,-2.586971943648,
    51.525002249963));
#4655 = B_SPLINE_CURVE_WITH_KNOTS('',3,(#4656,#4657,#4658,#4659,#4660,
    #4661,#4662,#4663,#4664,#4665),.UNSPECIFIED.,.F.,.F.,(4,2,2,2,4),(
    1.014516854185E-02,1.059833435248E-02,2.119666870496E-02,
    2.84051509594E-02,3.561363321384E-02),.UNSPECIFIED.);
#4656 = CARTESIAN_POINT('',(-3.208301909639,-2.802108333806,
    51.645979889802));
#4657 = CARTESIAN_POINT('',(-3.207771648811,-2.801044988173,
    51.64487854488));
#4658 = CARTESIAN_POINT('',(-3.207249653799,-2.799975609312,
    51.64377938971));
#4659 = CARTESIAN_POINT('',(-3.194754012981,-2.77372873908,
    51.617043972001));
#4660 = CARTESIAN_POINT('',(-3.187713475084,-2.745088686793,
    51.592846155814));
#4661 = CARTESIAN_POINT('',(-3.18702190213,-2.695630795568,
    51.56003487681));
#4662 = CARTESIAN_POINT('',(-3.189883786795,-2.672787522146,
    51.547369399203));
#4663 = CARTESIAN_POINT('',(-3.204755946892,-2.627795081205,
    51.529858870556));
#4664 = CARTESIAN_POINT('',(-3.216745275968,-2.605643495857,
    51.525002249963));
#4665 = CARTESIAN_POINT('',(-3.231869134545,-2.586971943648,
    51.525002249963));
#4666 = ORIENTED_EDGE('',*,*,#4611,.F.);
#4667 = ORIENTED_EDGE('',*,*,#4668,.F.);
#4668 = EDGE_CURVE('',#4669,#4612,#4671,.T.);
#4669 = VERTEX_POINT('',#4670);
#4670 = CARTESIAN_POINT('',(-3.231869134545,-2.586971943648,
    48.400002249963));
#4671 = CIRCLE('',#4672,0.2);
#4672 = AXIS2_PLACEMENT_3D('',#4673,#4674,#4675);
#4673 = CARTESIAN_POINT('',(-3.387282312102,-2.712855795836,
    48.400002249963));
#4674 = DIRECTION('',(2.22044604925E-16,1.110223024625E-16,-1.));
#4675 = DIRECTION('',(-0.777065887786,-0.629419260938,
    -2.424228636177E-16));
#4676 = ORIENTED_EDGE('',*,*,#4677,.F.);
#4677 = EDGE_CURVE('',#4653,#4669,#4678,.T.);
#4678 = LINE('',#4679,#4680);
#4679 = CARTESIAN_POINT('',(-3.231869134545,-2.586971943648,
    52.000002249963));
#4680 = VECTOR('',#4681,1.);
#4681 = DIRECTION('',(8.326672684689E-16,2.137179322403E-14,-1.));
#4682 = CYLINDRICAL_SURFACE('',#4683,0.2);
#4683 = AXIS2_PLACEMENT_3D('',#4684,#4685,#4686);
#4684 = CARTESIAN_POINT('',(-3.387282312102,-2.712855795836,
    52.000002249963));
#4685 = DIRECTION('',(8.326672684689E-16,2.137179322403E-14,-1.));
#4686 = DIRECTION('',(-0.777065887786,-0.629419260938,
    -1.409885562619E-14));
#4687 = ADVANCED_FACE('',(#4688),#4732,.F.);
#4688 = FACE_BOUND('',#4689,.F.);
#4689 = EDGE_LOOP('',(#4690,#4700,#4709,#4717));
#4690 = ORIENTED_EDGE('',*,*,#4691,.T.);
#4691 = EDGE_CURVE('',#4692,#4694,#4696,.T.);
#4692 = VERTEX_POINT('',#4693);
#4693 = CARTESIAN_POINT('',(-4.0293552761,-1.758425022824,
    51.775002249963));
#4694 = VERTEX_POINT('',#4695);
#4695 = CARTESIAN_POINT('',(-4.0293552761,-1.758425022824,
    48.400002249963));
#4696 = LINE('',#4697,#4698);
#4697 = CARTESIAN_POINT('',(-4.0293552761,-1.758425022824,
    52.000002249963));
#4698 = VECTOR('',#4699,1.);
#4699 = DIRECTION('',(8.23993651089E-15,-3.209238430557E-15,-1.));
#4700 = ORIENTED_EDGE('',*,*,#4701,.T.);
#4701 = EDGE_CURVE('',#4694,#4702,#4704,.T.);
#4702 = VERTEX_POINT('',#4703);
#4703 = CARTESIAN_POINT('',(-3.831190838094,-1.876766330209,
    48.400002249963));
#4704 = CIRCLE('',#4705,0.2);
#4705 = AXIS2_PLACEMENT_3D('',#4706,#4707,#4708);
#4706 = CARTESIAN_POINT('',(-3.846523022651,-1.677354885912,
    48.400002249963));
#4707 = DIRECTION('',(-3.330669073875E-16,-1.665334536938E-16,1.));
#4708 = DIRECTION('',(-7.666092278741E-02,0.997057221486,
    1.405101661541E-16));
#4709 = ORIENTED_EDGE('',*,*,#4710,.T.);
#4710 = EDGE_CURVE('',#4702,#4711,#4713,.T.);
#4711 = VERTEX_POINT('',#4712);
#4712 = CARTESIAN_POINT('',(-3.831190838094,-1.876766330209,
    51.645979889802));
#4713 = LINE('',#4714,#4715);
#4714 = CARTESIAN_POINT('',(-3.831190838094,-1.876766330209,
    52.000002249963));
#4715 = VECTOR('',#4716,1.);
#4716 = DIRECTION('',(-8.23993651089E-15,3.209238430557E-15,1.));
#4717 = ORIENTED_EDGE('',*,*,#4718,.T.);
#4718 = EDGE_CURVE('',#4711,#4692,#4719,.T.);
#4719 = B_SPLINE_CURVE_WITH_KNOTS('',3,(#4720,#4721,#4722,#4723,#4724,
    #4725,#4726,#4727,#4728,#4729,#4730,#4731),.UNSPECIFIED.,.F.,.F.,(4,
    2,2,2,2,4),(1.030761788618E-02,1.036789961692E-02,2.073579923383E-02
    ,2.925688309386E-02,3.351742502388E-02,3.777796695389E-02),
  .UNSPECIFIED.);
#4720 = CARTESIAN_POINT('',(-3.831190838094,-1.876766330209,
    51.645979889802));
#4721 = CARTESIAN_POINT('',(-3.831348737056,-1.876778470616,
    51.646126675445));
#4722 = CARTESIAN_POINT('',(-3.831506669338,-1.876790553219,
    51.646273421687));
#4723 = CARTESIAN_POINT('',(-3.858840662097,-1.878810692922,
    51.671649085811));
#4724 = CARTESIAN_POINT('',(-3.887367579812,-1.875175672542,
    51.695604705372));
#4725 = CARTESIAN_POINT('',(-3.935915773858,-1.857771683097,
    51.731723238219));
#4726 = CARTESIAN_POINT('',(-3.959369035506,-1.844751382755,
    51.74725941368));
#4727 = CARTESIAN_POINT('',(-3.990105406078,-1.817258614291,
    51.763505017247));
#4728 = CARTESIAN_POINT('',(-3.999645613057,-1.806797142939,
    51.767788746684));
#4729 = CARTESIAN_POINT('',(-4.01639188095,-1.783871363764,
    51.773536857146));
#4730 = CARTESIAN_POINT('',(-4.02359856414,-1.77140776419,
    51.775002249963));
#4731 = CARTESIAN_POINT('',(-4.0293552761,-1.758425022824,
    51.775002249963));
#4732 = CYLINDRICAL_SURFACE('',#4733,0.2);
#4733 = AXIS2_PLACEMENT_3D('',#4734,#4735,#4736);
#4734 = CARTESIAN_POINT('',(-3.846523022651,-1.677354885912,
    52.000002249963));
#4735 = DIRECTION('',(8.298917109073E-15,-3.275157922644E-15,-1.));
#4736 = DIRECTION('',(-7.666092278741E-02,0.997057221486,
    -3.901722501997E-15));
#4737 = ADVANCED_FACE('',(#4738),#4765,.F.);
#4738 = FACE_BOUND('',#4739,.F.);
#4739 = EDGE_LOOP('',(#4740,#4750,#4757,#4758));
#4740 = ORIENTED_EDGE('',*,*,#4741,.F.);
#4741 = EDGE_CURVE('',#4742,#4744,#4746,.T.);
#4742 = VERTEX_POINT('',#4743);
#4743 = CARTESIAN_POINT('',(-4.101462453236,-1.586015603211,
    48.400002249963));
#4744 = VERTEX_POINT('',#4745);
#4745 = CARTESIAN_POINT('',(-4.101462453236,-1.586015603211,
    51.775002249963));
#4746 = LINE('',#4747,#4748);
#4747 = CARTESIAN_POINT('',(-4.101462453236,-1.586015603211,
    52.000002249963));
#4748 = VECTOR('',#4749,1.);
#4749 = DIRECTION('',(-4.440892098501E-16,-3.885780586188E-16,1.));
#4750 = ORIENTED_EDGE('',*,*,#4751,.F.);
#4751 = EDGE_CURVE('',#4694,#4742,#4752,.T.);
#4752 = CIRCLE('',#4753,4.4);
#4753 = AXIS2_PLACEMENT_3D('',#4754,#4755,#4756);
#4754 = CARTESIAN_POINT('',(-7.045700233632E-03,2.511798924386E-02,
    48.400002249963));
#4755 = DIRECTION('',(3.330669073875E-16,1.665334536938E-16,-1.));
#4756 = DIRECTION('',(-0.896872741533,-0.442288690219,
    -3.723744934543E-16));
#4757 = ORIENTED_EDGE('',*,*,#4691,.F.);
#4758 = ORIENTED_EDGE('',*,*,#4759,.T.);
#4759 = EDGE_CURVE('',#4692,#4744,#4760,.T.);
#4760 = CIRCLE('',#4761,4.4);
#4761 = AXIS2_PLACEMENT_3D('',#4762,#4763,#4764);
#4762 = CARTESIAN_POINT('',(-7.045700233637E-03,2.511798924386E-02,
    51.775002249963));
#4763 = DIRECTION('',(4.440892098501E-16,3.885780586188E-16,-1.));
#4764 = DIRECTION('',(-0.896872741533,-0.442288690219,
    -5.701551877177E-16));
#4765 = CYLINDRICAL_SURFACE('',#4766,4.4);
#4766 = AXIS2_PLACEMENT_3D('',#4767,#4768,#4769);
#4767 = CARTESIAN_POINT('',(-7.045700233637E-03,2.511798924386E-02,
    52.000002249963));
#4768 = DIRECTION('',(4.440892098501E-16,3.885780586188E-16,-1.));
#4769 = DIRECTION('',(-0.896872741533,-0.442288690219,
    -5.701551877177E-16));
#4770 = ADVANCED_FACE('',(#4771),#4813,.T.);
#4771 = FACE_BOUND('',#4772,.T.);
#4772 = EDGE_LOOP('',(#4773,#4790,#4798,#4807));
#4773 = ORIENTED_EDGE('',*,*,#4774,.F.);
#4774 = EDGE_CURVE('',#4775,#4777,#4779,.T.);
#4775 = VERTEX_POINT('',#4776);
#4776 = CARTESIAN_POINT('',(-0.271524769242,-4.23766288972,
    51.645979889802));
#4777 = VERTEX_POINT('',#4778);
#4778 = CARTESIAN_POINT('',(-0.440313714147,-4.102203033904,
    51.525002249963));
#4779 = B_SPLINE_CURVE_WITH_KNOTS('',3,(#4780,#4781,#4782,#4783,#4784,
    #4785,#4786,#4787,#4788,#4789),.UNSPECIFIED.,.F.,.F.,(4,2,2,2,4),(
    1.014516854185E-02,1.059833435248E-02,2.119666870496E-02,
    2.84051509594E-02,3.561363321384E-02),.UNSPECIFIED.);
#4780 = CARTESIAN_POINT('',(-0.271524769242,-4.23766288972,
    51.645979889802));
#4781 = CARTESIAN_POINT('',(-0.271901717122,-4.236536039784,
    51.64487854488));
#4782 = CARTESIAN_POINT('',(-0.272288775954,-4.235410768527,
    51.64377938971));
#4783 = CARTESIAN_POINT('',(-0.282012363522,-4.208015676244,
    51.617043972001));
#4784 = CARTESIAN_POINT('',(-0.297285526618,-4.182785688969,
    51.592846155814));
#4785 = CARTESIAN_POINT('',(-0.331768520961,-4.147324662774,
    51.56003487681));
#4786 = CARTESIAN_POINT('',(-0.349944812556,-4.133195687287,
    51.547369399203));
#4787 = CARTESIAN_POINT('',(-0.392275477903,-4.111897432451,
    51.529858870556));
#4788 = CARTESIAN_POINT('',(-0.416416750008,-4.104711632129,
    51.525002249963));
#4789 = CARTESIAN_POINT('',(-0.440313714147,-4.102203033904,
    51.525002249963));
#4790 = ORIENTED_EDGE('',*,*,#4791,.F.);
#4791 = EDGE_CURVE('',#4792,#4775,#4794,.T.);
#4792 = VERTEX_POINT('',#4793);
#4793 = CARTESIAN_POINT('',(-0.271524769242,-4.23766288972,
    48.400002249963));
#4794 = LINE('',#4795,#4796);
#4795 = CARTESIAN_POINT('',(-0.271524769242,-4.23766288972,
    52.000002249963));
#4796 = VECTOR('',#4797,1.);
#4797 = DIRECTION('',(1.040834085586E-15,-9.107298248878E-15,1.));
#4798 = ORIENTED_EDGE('',*,*,#4799,.F.);
#4799 = EDGE_CURVE('',#4800,#4792,#4802,.T.);
#4800 = VERTEX_POINT('',#4801);
#4801 = CARTESIAN_POINT('',(-0.440313714147,-4.102203033904,
    48.400002249963));
#4802 = CIRCLE('',#4803,0.2);
#4803 = AXIS2_PLACEMENT_3D('',#4804,#4805,#4806);
#4804 = CARTESIAN_POINT('',(-0.46119410036,-4.301110071164,
    48.400002249963));
#4805 = DIRECTION('',(-1.387778780781E-16,0.,-1.));
#4806 = DIRECTION('',(-0.104401931064,-0.994535186301,1.448867846026E-17
    ));
#4807 = ORIENTED_EDGE('',*,*,#4808,.F.);
#4808 = EDGE_CURVE('',#4777,#4800,#4809,.T.);
#4809 = LINE('',#4810,#4811);
#4810 = CARTESIAN_POINT('',(-0.440313714147,-4.102203033904,
    52.000002249963));
#4811 = VECTOR('',#4812,1.);
#4812 = DIRECTION('',(-1.054711873394E-15,9.103828801926E-15,-1.));
#4813 = CYLINDRICAL_SURFACE('',#4814,0.2);
#4814 = AXIS2_PLACEMENT_3D('',#4815,#4816,#4817);
#4815 = CARTESIAN_POINT('',(-0.46119410036,-4.301110071164,
    52.000002249963));
#4816 = DIRECTION('',(-1.054711873394E-15,9.103828801926E-15,-1.));
#4817 = DIRECTION('',(-0.104401931064,-0.994535186301,
    -8.943964117276E-15));
#4818 = ADVANCED_FACE('',(#4819),#4854,.F.);
#4819 = FACE_BOUND('',#4820,.F.);
#4820 = EDGE_LOOP('',(#4821,#4831,#4838,#4839));
#4821 = ORIENTED_EDGE('',*,*,#4822,.F.);
#4822 = EDGE_CURVE('',#4823,#4825,#4827,.T.);
#4823 = VERTEX_POINT('',#4824);
#4824 = CARTESIAN_POINT('',(-4.046553463805,-1.361830830304,
    48.400002249963));
#4825 = VERTEX_POINT('',#4826);
#4826 = CARTESIAN_POINT('',(-4.046553463805,-1.361830830304,
    51.645979889802));
#4827 = LINE('',#4828,#4829);
#4828 = CARTESIAN_POINT('',(-4.046553463805,-1.361830830304,
    52.000002249963));
#4829 = VECTOR('',#4830,1.);
#4830 = DIRECTION('',(9.801187639269E-15,-1.301042606983E-15,1.));
#4831 = ORIENTED_EDGE('',*,*,#4832,.T.);
#4832 = EDGE_CURVE('',#4823,#4742,#4833,.T.);
#4833 = CIRCLE('',#4834,0.2);
#4834 = AXIS2_PLACEMENT_3D('',#4835,#4836,#4837);
#4835 = CARTESIAN_POINT('',(-3.915352600826,-1.512782258099,
    48.400002249963));
#4836 = DIRECTION('',(-3.330669073875E-16,-1.665334536938E-16,1.));
#4837 = DIRECTION('',(-0.9071520165,0.420803064343,-2.320645290361E-16)
  );
#4838 = ORIENTED_EDGE('',*,*,#4741,.T.);
#4839 = ORIENTED_EDGE('',*,*,#4840,.T.);
#4840 = EDGE_CURVE('',#4744,#4825,#4841,.T.);
#4841 = B_SPLINE_CURVE_WITH_KNOTS('',3,(#4842,#4843,#4844,#4845,#4846,
    #4847,#4848,#4849,#4850,#4851,#4852,#4853),.UNSPECIFIED.,.F.,.F.,(4,
    2,2,2,2,4),(3.777796695389E-02,4.203850888391E-02,4.629905081392E-02
    ,5.482013467395E-02,6.518803429087E-02,6.524831602161E-02),
  .UNSPECIFIED.);
#4842 = CARTESIAN_POINT('',(-4.101462453236,-1.586015603211,
    51.775002249963));
#4843 = CARTESIAN_POINT('',(-4.106662682194,-1.572800122715,
    51.775002249963));
#4844 = CARTESIAN_POINT('',(-4.110475079619,-1.558916923414,
    51.773536857146));
#4845 = CARTESIAN_POINT('',(-4.115036723975,-1.530895141888,
    51.767788746684));
#4846 = CARTESIAN_POINT('',(-4.11578502969,-1.516756614008,
    51.763505017247));
#4847 = CARTESIAN_POINT('',(-4.113773574115,-1.475567648978,
    51.74725941368));
#4848 = CARTESIAN_POINT('',(-4.106573208534,-1.449727013568,
    51.731723238219));
#4849 = CARTESIAN_POINT('',(-4.084870921322,-1.40294200824,
    51.695604705372));
#4850 = CARTESIAN_POINT('',(-4.0674258983,-1.380080040275,
    51.671649085811));
#4851 = CARTESIAN_POINT('',(-4.046792500273,-1.362038670858,
    51.646273421687));
#4852 = CARTESIAN_POINT('',(-4.046672990916,-1.361934718424,
    51.646126675445));
#4853 = CARTESIAN_POINT('',(-4.046553463805,-1.361830830304,
    51.645979889802));
#4854 = CYLINDRICAL_SURFACE('',#4855,0.2);
#4855 = AXIS2_PLACEMENT_3D('',#4856,#4857,#4858);
#4856 = CARTESIAN_POINT('',(-3.915352600826,-1.512782258099,
    52.000002249963));
#4857 = DIRECTION('',(4.996003610813E-16,3.330669073875E-16,-1.));
#4858 = DIRECTION('',(-0.9071520165,0.420803064343,-3.130578997392E-16)
  );
#4859 = ADVANCED_FACE('',(#4860),#4893,.T.);
#4860 = FACE_BOUND('',#4861,.T.);
#4861 = EDGE_LOOP('',(#4862,#4877,#4878,#4887));
#4862 = ORIENTED_EDGE('',*,*,#4863,.F.);
#4863 = EDGE_CURVE('',#4825,#4864,#4866,.T.);
#4864 = VERTEX_POINT('',#4865);
#4865 = CARTESIAN_POINT('',(-3.985997608322,-1.15405193622,
    51.525002249963));
#4866 = B_SPLINE_CURVE_WITH_KNOTS('',3,(#4867,#4868,#4869,#4870,#4871,
    #4872,#4873,#4874,#4875,#4876),.UNSPECIFIED.,.F.,.F.,(4,2,2,2,4),(
    1.014516854186E-02,1.059833435248E-02,2.119666870496E-02,
    2.84051509594E-02,3.561363321384E-02),.UNSPECIFIED.);
#4867 = CARTESIAN_POINT('',(-4.046553463805,-1.361830830304,
    51.645979889802));
#4868 = CARTESIAN_POINT('',(-4.045656641923,-1.361051349071,
    51.64487854488));
#4869 = CARTESIAN_POINT('',(-4.044765147842,-1.360263130672,
    51.64377938971));
#4870 = CARTESIAN_POINT('',(-4.023176438656,-1.34079605919,
    51.617043972001));
#4871 = CARTESIAN_POINT('',(-4.005711756283,-1.31703039828,
    51.592846155814));
#4872 = CARTESIAN_POINT('',(-3.986146110613,-1.271601918368,
    51.56003487681));
#4873 = CARTESIAN_POINT('',(-3.980048405001,-1.249402289751,
    51.547369399203));
#4874 = CARTESIAN_POINT('',(-3.976570627589,-1.202143365175,
    51.529858870556));
#4875 = CARTESIAN_POINT('',(-3.979170278617,-1.177089851257,
    51.525002249963));
#4876 = CARTESIAN_POINT('',(-3.985997608322,-1.15405193622,
    51.525002249963));
#4877 = ORIENTED_EDGE('',*,*,#4822,.F.);
#4878 = ORIENTED_EDGE('',*,*,#4879,.F.);
#4879 = EDGE_CURVE('',#4880,#4823,#4882,.T.);
#4880 = VERTEX_POINT('',#4881);
#4881 = CARTESIAN_POINT('',(-3.985997608322,-1.15405193622,
    48.400002249963));
#4882 = CIRCLE('',#4883,0.2);
#4883 = AXIS2_PLACEMENT_3D('',#4884,#4885,#4886);
#4884 = CARTESIAN_POINT('',(-4.177754326784,-1.210879402508,
    48.400002249963));
#4885 = DIRECTION('',(3.330669073875E-16,1.665334536938E-16,-1.));
#4886 = DIRECTION('',(-0.95878359231,-0.284137331437,-3.666574570723E-16
    ));
#4887 = ORIENTED_EDGE('',*,*,#4888,.F.);
#4888 = EDGE_CURVE('',#4864,#4880,#4889,.T.);
#4889 = LINE('',#4890,#4891);
#4890 = CARTESIAN_POINT('',(-3.985997608322,-1.15405193622,
    52.000002249963));
#4891 = VECTOR('',#4892,1.);
#4892 = DIRECTION('',(-9.769962616701E-15,1.276756478319E-15,-1.));
#4893 = CYLINDRICAL_SURFACE('',#4894,0.2);
#4894 = AXIS2_PLACEMENT_3D('',#4895,#4896,#4897);
#4895 = CARTESIAN_POINT('',(-4.177754326784,-1.210879402508,
    52.000002249963));
#4896 = DIRECTION('',(-9.769962616701E-15,1.276756478319E-15,-1.));
#4897 = DIRECTION('',(-0.95878359231,-0.284137331437,9.004505675735E-15)
  );
#4898 = ADVANCED_FACE('',(#4899),#4943,.F.);
#4899 = FACE_BOUND('',#4900,.F.);
#4900 = EDGE_LOOP('',(#4901,#4911,#4920,#4928));
#4901 = ORIENTED_EDGE('',*,*,#4902,.T.);
#4902 = EDGE_CURVE('',#4903,#4905,#4907,.T.);
#4903 = VERTEX_POINT('',#4904);
#4904 = CARTESIAN_POINT('',(-4.406347669063,-5.325411711773E-02,
    51.775002249963));
#4905 = VERTEX_POINT('',#4906);
#4906 = CARTESIAN_POINT('',(-4.406347669063,-5.325411711772E-02,
    48.400002249963));
#4907 = LINE('',#4908,#4909);
#4908 = CARTESIAN_POINT('',(-4.406347669063,-5.325411711773E-02,
    52.000002249963));
#4909 = VECTOR('',#4910,1.);
#4910 = DIRECTION('',(9.159339953158E-16,5.551115123126E-17,-1.));
#4911 = ORIENTED_EDGE('',*,*,#4912,.T.);
#4912 = EDGE_CURVE('',#4905,#4913,#4915,.T.);
#4913 = VERTEX_POINT('',#4914);
#4914 = CARTESIAN_POINT('',(-4.269826579197,-0.239361079765,
    48.400002249963));
#4915 = CIRCLE('',#4916,0.2);
#4916 = AXIS2_PLACEMENT_3D('',#4917,#4918,#4919);
#4917 = CARTESIAN_POINT('',(-4.206379397752,-4.969174864674E-02,
    48.400002249963));
#4918 = DIRECTION('',(-4.163336342344E-16,-2.465190328816E-32,1.));
#4919 = DIRECTION('',(-0.677064819908,-0.735923385715,
    -2.818848570847E-16));
#4920 = ORIENTED_EDGE('',*,*,#4921,.F.);
#4921 = EDGE_CURVE('',#4922,#4913,#4924,.T.);
#4922 = VERTEX_POINT('',#4923);
#4923 = CARTESIAN_POINT('',(-4.269826579197,-0.239361079765,
    51.645979889802));
#4924 = LINE('',#4925,#4926);
#4925 = CARTESIAN_POINT('',(-4.269826579197,-0.239361079765,
    52.000002249963));
#4926 = VECTOR('',#4927,1.);
#4927 = DIRECTION('',(-1.51788304148E-15,-4.336808689942E-16,-1.));
#4928 = ORIENTED_EDGE('',*,*,#4929,.T.);
#4929 = EDGE_CURVE('',#4922,#4903,#4930,.T.);
#4930 = B_SPLINE_CURVE_WITH_KNOTS('',3,(#4931,#4932,#4933,#4934,#4935,
    #4936,#4937,#4938,#4939,#4940,#4941,#4942),.UNSPECIFIED.,.F.,.F.,(4,
    2,2,2,2,4),(1.030761788618E-02,1.036789961692E-02,2.073579923383E-02
    ,2.925688309386E-02,3.351742502388E-02,3.777796695389E-02),
  .UNSPECIFIED.);
#4931 = CARTESIAN_POINT('',(-4.269826579197,-0.239361079765,
    51.645979889802));
#4932 = CARTESIAN_POINT('',(-4.269976764111,-0.239310840702,
    51.646126675445));
#4933 = CARTESIAN_POINT('',(-4.270126957234,-0.239260535427,
    51.646273421687));
#4934 = CARTESIAN_POINT('',(-4.29609386453,-0.230488543062,
    51.671649085811));
#4935 = CARTESIAN_POINT('',(-4.320959860616,-0.216042760074,
    51.695604705372));
#4936 = CARTESIAN_POINT('',(-4.358914006002,-0.181124156983,
    51.731723238219));
#4937 = CARTESIAN_POINT('',(-4.375455059442,-0.160005983435,
    51.74725941368));
#4938 = CARTESIAN_POINT('',(-4.393075736591,-0.122722092403,
    51.763505017247));
#4939 = CARTESIAN_POINT('',(-4.397794972635,-0.109373431675,
    51.767788746684));
#4940 = CARTESIAN_POINT('',(-4.404304034316,-8.173901553924E-02,
    51.773536857146));
#4941 = CARTESIAN_POINT('',(-4.406094708726,-6.745367052757E-02,
    51.775002249963));
#4942 = CARTESIAN_POINT('',(-4.406347669063,-5.325411711772E-02,
    51.775002249963));
#4943 = CYLINDRICAL_SURFACE('',#4944,0.2);
#4944 = AXIS2_PLACEMENT_3D('',#4945,#4946,#4947);
#4945 = CARTESIAN_POINT('',(-4.206379397752,-4.969174864674E-02,
    52.000002249963));
#4946 = DIRECTION('',(9.159339953158E-16,1.110223024625E-16,-1.));
#4947 = DIRECTION('',(-0.677064819908,-0.735923385715,
    -7.018505943044E-16));
#4948 = ADVANCED_FACE('',(#4949),#4976,.F.);
#4949 = FACE_BOUND('',#4950,.F.);
#4950 = EDGE_LOOP('',(#4951,#4961,#4968,#4969));
#4951 = ORIENTED_EDGE('',*,*,#4952,.F.);
#4952 = EDGE_CURVE('',#4953,#4955,#4957,.T.);
#4953 = VERTEX_POINT('',#4954);
#4954 = CARTESIAN_POINT('',(-4.406347669063,0.103490095605,
    48.400002249963));
#4955 = VERTEX_POINT('',#4956);
#4956 = CARTESIAN_POINT('',(-4.406347669063,0.103490095605,
    51.775002249963));
#4957 = LINE('',#4958,#4959);
#4958 = CARTESIAN_POINT('',(-4.406347669063,0.103490095605,
    52.000002249963));
#4959 = VECTOR('',#4960,1.);
#4960 = DIRECTION('',(-9.159339953158E-16,-5.551115123126E-17,1.));
#4961 = ORIENTED_EDGE('',*,*,#4962,.F.);
#4962 = EDGE_CURVE('',#4905,#4953,#4963,.T.);
#4963 = CIRCLE('',#4964,4.4);
#4964 = AXIS2_PLACEMENT_3D('',#4965,#4966,#4967);
#4965 = CARTESIAN_POINT('',(-7.04570023363E-03,2.511798924386E-02,
    48.400002249963));
#4966 = DIRECTION('',(4.163336342344E-16,0.,-1.));
#4967 = DIRECTION('',(-0.997858923239,-6.540312923013E-02,
    -4.154422319652E-16));
#4968 = ORIENTED_EDGE('',*,*,#4902,.F.);
#4969 = ORIENTED_EDGE('',*,*,#4970,.T.);
#4970 = EDGE_CURVE('',#4903,#4955,#4971,.T.);
#4971 = CIRCLE('',#4972,4.4);
#4972 = AXIS2_PLACEMENT_3D('',#4973,#4974,#4975);
#4973 = CARTESIAN_POINT('',(-7.045700233645E-03,2.511798924386E-02,
    51.775002249963));
#4974 = DIRECTION('',(9.159339953158E-16,5.551115123126E-17,-1.));
#4975 = DIRECTION('',(-0.997858923239,-6.540312923013E-02,
    -9.176035133211E-16));
#4976 = CYLINDRICAL_SURFACE('',#4977,4.4);
#4977 = AXIS2_PLACEMENT_3D('',#4978,#4979,#4980);
#4978 = CARTESIAN_POINT('',(-7.045700233645E-03,2.511798924386E-02,
    52.000002249963));
#4979 = DIRECTION('',(9.159339953158E-16,5.551115123126E-17,-1.));
#4980 = DIRECTION('',(-0.997858923239,-6.540312923013E-02,
    -9.176035133211E-16));
#4981 = ADVANCED_FACE('',(#4982),#5024,.T.);
#4982 = FACE_BOUND('',#4983,.T.);
#4983 = EDGE_LOOP('',(#4984,#5001,#5009,#5018));
#4984 = ORIENTED_EDGE('',*,*,#4985,.F.);
#4985 = EDGE_CURVE('',#4986,#4988,#4990,.T.);
#4986 = VERTEX_POINT('',#4987);
#4987 = CARTESIAN_POINT('',(1.379903119314,-4.014389774328,
    51.645979889802));
#4988 = VERTEX_POINT('',#4989);
#4989 = CARTESIAN_POINT('',(1.17212422523,-3.953833918845,
    51.525002249963));
#4990 = B_SPLINE_CURVE_WITH_KNOTS('',3,(#4991,#4992,#4993,#4994,#4995,
    #4996,#4997,#4998,#4999,#5000),.UNSPECIFIED.,.F.,.F.,(4,2,2,2,4),(
    1.014516854185E-02,1.059833435248E-02,2.119666870496E-02,
    2.84051509594E-02,3.561363321384E-02),.UNSPECIFIED.);
#4991 = CARTESIAN_POINT('',(1.379903119314,-4.014389774328,
    51.645979889802));
#4992 = CARTESIAN_POINT('',(1.379123638081,-4.013492952445,
    51.64487854488));
#4993 = CARTESIAN_POINT('',(1.378335419682,-4.012601458364,
    51.64377938971));
#4994 = CARTESIAN_POINT('',(1.358868348201,-3.991012749178,
    51.617043972001));
#4995 = CARTESIAN_POINT('',(1.33510268729,-3.973548066806,
    51.592846155814));
#4996 = CARTESIAN_POINT('',(1.289674207378,-3.953982421136,
    51.56003487681));
#4997 = CARTESIAN_POINT('',(1.267474578761,-3.947884715523,
    51.547369399203));
#4998 = CARTESIAN_POINT('',(1.220215654185,-3.944406938111,
    51.529858870556));
#4999 = CARTESIAN_POINT('',(1.195162140267,-3.94700658914,
    51.525002249963));
#5000 = CARTESIAN_POINT('',(1.17212422523,-3.953833918845,
    51.525002249963));
#5001 = ORIENTED_EDGE('',*,*,#5002,.F.);
#5002 = EDGE_CURVE('',#5003,#4986,#5005,.T.);
#5003 = VERTEX_POINT('',#5004);
#5004 = CARTESIAN_POINT('',(1.379903119314,-4.014389774328,
    48.400002249963));
#5005 = LINE('',#5006,#5007);
#5006 = CARTESIAN_POINT('',(1.379903119314,-4.014389774328,
    52.000002249963));
#5007 = VECTOR('',#5008,1.);
#5008 = DIRECTION('',(7.372574772902E-16,1.821459649776E-15,1.));
#5009 = ORIENTED_EDGE('',*,*,#5010,.F.);
#5010 = EDGE_CURVE('',#5011,#5003,#5013,.T.);
#5011 = VERTEX_POINT('',#5012);
#5012 = CARTESIAN_POINT('',(1.17212422523,-3.953833918845,
    48.400002249963));
#5013 = CIRCLE('',#5014,0.2);
#5014 = AXIS2_PLACEMENT_3D('',#5015,#5016,#5017);
#5015 = CARTESIAN_POINT('',(1.228951691518,-4.145590637307,
    48.400002249963));
#5016 = DIRECTION('',(-2.498001805407E-16,-1.665334536938E-16,-1.));
#5017 = DIRECTION('',(0.284137331437,-0.95878359231,8.869198628105E-17)
  );
#5018 = ORIENTED_EDGE('',*,*,#5019,.F.);
#5019 = EDGE_CURVE('',#4988,#5011,#5020,.T.);
#5020 = LINE('',#5021,#5022);
#5021 = CARTESIAN_POINT('',(1.17212422523,-3.953833918845,
    52.000002249963));
#5022 = VECTOR('',#5023,1.);
#5023 = DIRECTION('',(-6.938893903907E-16,-1.887379141863E-15,-1.));
#5024 = CYLINDRICAL_SURFACE('',#5025,0.2);
#5025 = AXIS2_PLACEMENT_3D('',#5026,#5027,#5028);
#5026 = CARTESIAN_POINT('',(1.228951691518,-4.145590637307,
    52.000002249963));
#5027 = DIRECTION('',(-6.938893903907E-16,-1.887379141863E-15,-1.));
#5028 = DIRECTION('',(0.284137331437,-0.95878359231,1.612428273989E-15)
  );
#5029 = ADVANCED_FACE('',(#5030),#5065,.F.);
#5030 = FACE_BOUND('',#5031,.F.);
#5031 = EDGE_LOOP('',(#5032,#5042,#5049,#5050));
#5032 = ORIENTED_EDGE('',*,*,#5033,.F.);
#5033 = EDGE_CURVE('',#5034,#5036,#5038,.T.);
#5034 = VERTEX_POINT('',#5035);
#5035 = CARTESIAN_POINT('',(-4.269826579197,0.289597058252,
    48.400002249963));
#5036 = VERTEX_POINT('',#5037);
#5037 = CARTESIAN_POINT('',(-4.269826579197,0.289597058252,
    51.645979889802));
#5038 = LINE('',#5039,#5040);
#5039 = CARTESIAN_POINT('',(-4.269826579197,0.289597058252,
    52.000002249963));
#5040 = VECTOR('',#5041,1.);
#5041 = DIRECTION('',(-2.385244779468E-15,1.561251128379E-15,1.));
#5042 = ORIENTED_EDGE('',*,*,#5043,.T.);
#5043 = EDGE_CURVE('',#5034,#4953,#5044,.T.);
#5044 = CIRCLE('',#5045,0.2);
#5045 = AXIS2_PLACEMENT_3D('',#5046,#5047,#5048);
#5046 = CARTESIAN_POINT('',(-4.206379397752,9.992772713446E-02,
    48.400002249963));
#5047 = DIRECTION('',(-4.163336342344E-16,0.,1.));
#5048 = DIRECTION('',(-0.677064819908,0.735923385715,-2.818848570847E-16
    ));
#5049 = ORIENTED_EDGE('',*,*,#4952,.T.);
#5050 = ORIENTED_EDGE('',*,*,#5051,.T.);
#5051 = EDGE_CURVE('',#4955,#5036,#5052,.T.);
#5052 = B_SPLINE_CURVE_WITH_KNOTS('',3,(#5053,#5054,#5055,#5056,#5057,
    #5058,#5059,#5060,#5061,#5062,#5063,#5064),.UNSPECIFIED.,.F.,.F.,(4,
    2,2,2,2,4),(3.777796695389E-02,4.203850888391E-02,4.629905081392E-02
    ,5.482013467395E-02,6.518803429087E-02,6.524831602161E-02),
  .UNSPECIFIED.);
#5053 = CARTESIAN_POINT('',(-4.406347669063,0.103490095605,
    51.775002249963));
#5054 = CARTESIAN_POINT('',(-4.406094708726,0.117689649015,
    51.775002249963));
#5055 = CARTESIAN_POINT('',(-4.404304034316,0.131974994027,
    51.773536857146));
#5056 = CARTESIAN_POINT('',(-4.397794972635,0.159609410163,
    51.767788746684));
#5057 = CARTESIAN_POINT('',(-4.393075736591,0.17295807089,
    51.763505017247));
#5058 = CARTESIAN_POINT('',(-4.375455059442,0.210241961923,
    51.74725941368));
#5059 = CARTESIAN_POINT('',(-4.358914006002,0.231360135471,
    51.731723238219));
#5060 = CARTESIAN_POINT('',(-4.320959860616,0.266278738562,
    51.695604705372));
#5061 = CARTESIAN_POINT('',(-4.29609386453,0.280724521549,
    51.671649085811));
#5062 = CARTESIAN_POINT('',(-4.270126957234,0.289496513915,
    51.646273421687));
#5063 = CARTESIAN_POINT('',(-4.269976764111,0.289546819189,
    51.646126675445));
#5064 = CARTESIAN_POINT('',(-4.269826579197,0.289597058252,
    51.645979889802));
#5065 = CYLINDRICAL_SURFACE('',#5066,0.2);
#5066 = AXIS2_PLACEMENT_3D('',#5067,#5068,#5069);
#5067 = CARTESIAN_POINT('',(-4.206379397752,9.992772713446E-02,
    52.000002249963));
#5068 = DIRECTION('',(9.436895709314E-16,5.551115123126E-17,-1.));
#5069 = DIRECTION('',(-0.677064819908,0.735923385715,-5.980870550329E-16
    ));
#5070 = ADVANCED_FACE('',(#5071),#5104,.T.);
#5071 = FACE_BOUND('',#5072,.T.);
#5072 = EDGE_LOOP('',(#5073,#5088,#5089,#5098));
#5073 = ORIENTED_EDGE('',*,*,#5074,.F.);
#5074 = EDGE_CURVE('',#5036,#5075,#5077,.T.);
#5075 = VERTEX_POINT('',#5076);
#5076 = CARTESIAN_POINT('',(-4.134366723382,0.458386003158,
    51.525002249963));
#5077 = B_SPLINE_CURVE_WITH_KNOTS('',3,(#5078,#5079,#5080,#5081,#5082,
    #5083,#5084,#5085,#5086,#5087),.UNSPECIFIED.,.F.,.F.,(4,2,2,2,4),(
    1.014516854185E-02,1.059833435248E-02,2.119666870496E-02,
    2.84051509594E-02,3.561363321384E-02),.UNSPECIFIED.);
#5078 = CARTESIAN_POINT('',(-4.269826579197,0.289597058252,
    51.645979889802));
#5079 = CARTESIAN_POINT('',(-4.268699729262,0.289974006133,
    51.64487854488));
#5080 = CARTESIAN_POINT('',(-4.267574458005,0.290361064964,
    51.64377938971));
#5081 = CARTESIAN_POINT('',(-4.240179365722,0.300084652532,
    51.617043972001));
#5082 = CARTESIAN_POINT('',(-4.214949378446,0.315357815628,
    51.592846155814));
#5083 = CARTESIAN_POINT('',(-4.179488352252,0.349840809971,
    51.56003487681));
#5084 = CARTESIAN_POINT('',(-4.165359376765,0.368017101566,
    51.547369399204));
#5085 = CARTESIAN_POINT('',(-4.144061121928,0.410347766913,
    51.529858870556));
#5086 = CARTESIAN_POINT('',(-4.136875321606,0.434489039018,
    51.525002249963));
#5087 = CARTESIAN_POINT('',(-4.134366723382,0.458386003158,
    51.525002249963));
#5088 = ORIENTED_EDGE('',*,*,#5033,.F.);
#5089 = ORIENTED_EDGE('',*,*,#5090,.F.);
#5090 = EDGE_CURVE('',#5091,#5034,#5093,.T.);
#5091 = VERTEX_POINT('',#5092);
#5092 = CARTESIAN_POINT('',(-4.134366723382,0.458386003158,
    48.400002249963));
#5093 = CIRCLE('',#5094,0.2);
#5094 = AXIS2_PLACEMENT_3D('',#5095,#5096,#5097);
#5095 = CARTESIAN_POINT('',(-4.333273760642,0.47926638937,
    48.400002249963));
#5096 = DIRECTION('',(4.163336342344E-16,-6.162975822039E-33,-1.));
#5097 = DIRECTION('',(-0.994535186301,0.104401931064,-4.140584484866E-16
    ));
#5098 = ORIENTED_EDGE('',*,*,#5099,.F.);
#5099 = EDGE_CURVE('',#5075,#5091,#5100,.T.);
#5100 = LINE('',#5101,#5102);
#5101 = CARTESIAN_POINT('',(-4.134366723382,0.458386003158,
    52.000002249963));
#5102 = VECTOR('',#5103,1.);
#5103 = DIRECTION('',(2.331468351713E-15,-1.498801083244E-15,-1.));
#5104 = CYLINDRICAL_SURFACE('',#5105,0.2);
#5105 = AXIS2_PLACEMENT_3D('',#5106,#5107,#5108);
#5106 = CARTESIAN_POINT('',(-4.333273760642,0.47926638937,
    52.000002249963));
#5107 = DIRECTION('',(2.331468351713E-15,-1.498801083244E-15,-1.));
#5108 = DIRECTION('',(-0.994535186301,0.104401931064,-2.475205038896E-15
    ));
#5109 = ADVANCED_FACE('',(#5110),#5154,.F.);
#5110 = FACE_BOUND('',#5111,.F.);
#5111 = EDGE_LOOP('',(#5112,#5122,#5131,#5139));
#5112 = ORIENTED_EDGE('',*,*,#5113,.T.);
#5113 = EDGE_CURVE('',#5114,#5116,#5118,.T.);
#5114 = VERTEX_POINT('',#5115);
#5115 = CARTESIAN_POINT('',(-4.101462453236,1.636251581699,
    51.775002249963));
#5116 = VERTEX_POINT('',#5117);
#5117 = CARTESIAN_POINT('',(-4.101462453236,1.636251581699,
    48.400002249963));
#5118 = LINE('',#5119,#5120);
#5119 = CARTESIAN_POINT('',(-4.101462453236,1.636251581699,
    52.000002249963));
#5120 = VECTOR('',#5121,1.);
#5121 = DIRECTION('',(9.436895709314E-16,-1.110223024625E-16,-1.));
#5122 = ORIENTED_EDGE('',*,*,#5123,.T.);
#5123 = EDGE_CURVE('',#5116,#5124,#5126,.T.);
#5124 = VERTEX_POINT('',#5125);
#5125 = CARTESIAN_POINT('',(-4.046553463805,1.412066808791,
    48.400002249963));
#5126 = CIRCLE('',#5127,0.2);
#5127 = AXIS2_PLACEMENT_3D('',#5128,#5129,#5130);
#5128 = CARTESIAN_POINT('',(-3.915352600826,1.563018236587,
    48.400002249963));
#5129 = DIRECTION('',(-4.996003610813E-16,-5.551115123126E-17,1.));
#5130 = DIRECTION('',(-0.9071520165,-0.420803064343,-4.765727375423E-16)
  );
#5131 = ORIENTED_EDGE('',*,*,#5132,.F.);
#5132 = EDGE_CURVE('',#5133,#5124,#5135,.T.);
#5133 = VERTEX_POINT('',#5134);
#5134 = CARTESIAN_POINT('',(-4.046553463805,1.412066808791,
    51.645979889802));
#5135 = LINE('',#5136,#5137);
#5136 = CARTESIAN_POINT('',(-4.046553463805,1.412066808791,
    52.000002249963));
#5137 = VECTOR('',#5138,1.);
#5138 = DIRECTION('',(5.290906601729E-15,1.023486850826E-14,-1.));
#5139 = ORIENTED_EDGE('',*,*,#5140,.T.);
#5140 = EDGE_CURVE('',#5133,#5114,#5141,.T.);
#5141 = B_SPLINE_CURVE_WITH_KNOTS('',3,(#5142,#5143,#5144,#5145,#5146,
    #5147,#5148,#5149,#5150,#5151,#5152,#5153),.UNSPECIFIED.,.F.,.F.,(4,
    2,2,2,2,4),(1.030761788618E-02,1.036789961692E-02,2.073579923383E-02
    ,2.925688309386E-02,3.351742502388E-02,3.777796695389E-02),
  .UNSPECIFIED.);
#5142 = CARTESIAN_POINT('',(-4.046553463805,1.412066808791,
    51.645979889802));
#5143 = CARTESIAN_POINT('',(-4.046672990916,1.412170696912,
    51.646126675445));
#5144 = CARTESIAN_POINT('',(-4.046792500273,1.412274649345,
    51.646273421687));
#5145 = CARTESIAN_POINT('',(-4.0674258983,1.430316018763,51.671649085811
    ));
#5146 = CARTESIAN_POINT('',(-4.084870921322,1.453177986727,
    51.695604705372));
#5147 = CARTESIAN_POINT('',(-4.106573208534,1.499962992056,
    51.731723238219));
#5148 = CARTESIAN_POINT('',(-4.113773574115,1.525803627466,
    51.74725941368));
#5149 = CARTESIAN_POINT('',(-4.11578502969,1.566992592496,
    51.763505017247));
#5150 = CARTESIAN_POINT('',(-4.115036723975,1.581131120375,
    51.767788746684));
#5151 = CARTESIAN_POINT('',(-4.110475079619,1.609152901902,
    51.773536857146));
#5152 = CARTESIAN_POINT('',(-4.106662682194,1.623036101202,
    51.775002249963));
#5153 = CARTESIAN_POINT('',(-4.101462453236,1.636251581699,
    51.775002249963));
#5154 = CYLINDRICAL_SURFACE('',#5155,0.2);
#5155 = AXIS2_PLACEMENT_3D('',#5156,#5157,#5158);
#5156 = CARTESIAN_POINT('',(-3.915352600826,1.563018236587,
    52.000002249963));
#5157 = DIRECTION('',(9.436895709314E-16,-2.775557561563E-16,-1.));
#5158 = DIRECTION('',(-0.9071520165,-0.420803064343,-7.392735845038E-16)
  );
#5159 = ADVANCED_FACE('',(#5160),#5187,.F.);
#5160 = FACE_BOUND('',#5161,.F.);
#5161 = EDGE_LOOP('',(#5162,#5172,#5179,#5180));
#5162 = ORIENTED_EDGE('',*,*,#5163,.F.);
#5163 = EDGE_CURVE('',#5164,#5166,#5168,.T.);
#5164 = VERTEX_POINT('',#5165);
#5165 = CARTESIAN_POINT('',(-4.041479039907,1.781064351673,
    48.400002249963));
#5166 = VERTEX_POINT('',#5167);
#5167 = CARTESIAN_POINT('',(-4.041479039907,1.781064351673,
    51.775002249963));
#5168 = LINE('',#5169,#5170);
#5169 = CARTESIAN_POINT('',(-4.041479039907,1.781064351673,
    52.000002249963));
#5170 = VECTOR('',#5171,1.);
#5171 = DIRECTION('',(-9.436895709314E-16,1.110223024625E-16,1.));
#5172 = ORIENTED_EDGE('',*,*,#5173,.F.);
#5173 = EDGE_CURVE('',#5116,#5164,#5174,.T.);
#5174 = CIRCLE('',#5175,4.4);
#5175 = AXIS2_PLACEMENT_3D('',#5176,#5177,#5178);
#5176 = CARTESIAN_POINT('',(-7.045700233632E-03,2.511798924385E-02,
    48.400002249963));
#5177 = DIRECTION('',(4.996003610813E-16,5.551115123126E-17,-1.));
#5178 = DIRECTION('',(-0.946930129495,0.321439465303,-4.552431598444E-16
    ));
#5179 = ORIENTED_EDGE('',*,*,#5113,.F.);
#5180 = ORIENTED_EDGE('',*,*,#5181,.T.);
#5181 = EDGE_CURVE('',#5114,#5166,#5182,.T.);
#5182 = CIRCLE('',#5183,4.4);
#5183 = AXIS2_PLACEMENT_3D('',#5184,#5185,#5186);
#5184 = CARTESIAN_POINT('',(-7.045700233636E-03,2.511798924386E-02,
    51.775002249963));
#5185 = DIRECTION('',(9.436895709314E-16,-1.110223024625E-16,-1.));
#5186 = DIRECTION('',(-0.946930129495,0.321439465303,-9.292950371455E-16
    ));
#5187 = CYLINDRICAL_SURFACE('',#5188,4.4);
#5188 = AXIS2_PLACEMENT_3D('',#5189,#5190,#5191);
#5189 = CARTESIAN_POINT('',(-7.045700233637E-03,2.511798924386E-02,
    52.000002249963));
#5190 = DIRECTION('',(9.436895709314E-16,-1.110223024625E-16,-1.));
#5191 = DIRECTION('',(-0.946930129495,0.321439465303,-9.292950371455E-16
    ));
#5192 = ADVANCED_FACE('',(#5193),#5235,.T.);
#5193 = FACE_BOUND('',#5194,.T.);
#5194 = EDGE_LOOP('',(#5195,#5212,#5220,#5229));
#5195 = ORIENTED_EDGE('',*,*,#5196,.F.);
#5196 = EDGE_CURVE('',#5197,#5199,#5201,.T.);
#5197 = VERTEX_POINT('',#5198);
#5198 = CARTESIAN_POINT('',(2.820180622816,-3.176138220161,
    51.645979889802));
#5199 = VERTEX_POINT('',#5200);
#5200 = CARTESIAN_POINT('',(2.605044232658,-3.199705445068,
    51.525002249963));
#5201 = B_SPLINE_CURVE_WITH_KNOTS('',3,(#5202,#5203,#5204,#5205,#5206,
    #5207,#5208,#5209,#5210,#5211),.UNSPECIFIED.,.F.,.F.,(4,2,2,2,4),(
    1.014516854185E-02,1.059833435248E-02,2.119666870496E-02,
    2.84051509594E-02,3.561363321384E-02),.UNSPECIFIED.);
#5202 = CARTESIAN_POINT('',(2.820180622816,-3.176138220161,
    51.645979889802));
#5203 = CARTESIAN_POINT('',(2.819117277183,-3.175607959333,
    51.64487854488));
#5204 = CARTESIAN_POINT('',(2.818047898322,-3.175085964321,
    51.64377938971));
#5205 = CARTESIAN_POINT('',(2.791801028091,-3.162590323503,
    51.617043972001));
#5206 = CARTESIAN_POINT('',(2.763160975803,-3.155549785607,
    51.592846155814));
#5207 = CARTESIAN_POINT('',(2.713703084578,-3.154858212652,
    51.56003487681));
#5208 = CARTESIAN_POINT('',(2.690859811156,-3.157720097318,
    51.547369399203));
#5209 = CARTESIAN_POINT('',(2.645867370215,-3.172592257415,
    51.529858870556));
#5210 = CARTESIAN_POINT('',(2.623715784867,-3.184581586491,
    51.525002249963));
#5211 = CARTESIAN_POINT('',(2.605044232658,-3.199705445068,
    51.525002249963));
#5212 = ORIENTED_EDGE('',*,*,#5213,.F.);
#5213 = EDGE_CURVE('',#5214,#5197,#5216,.T.);
#5214 = VERTEX_POINT('',#5215);
#5215 = CARTESIAN_POINT('',(2.820180622816,-3.176138220161,
    48.400002249963));
#5216 = LINE('',#5217,#5218);
#5217 = CARTESIAN_POINT('',(2.820180622816,-3.176138220161,
    52.000002249963));
#5218 = VECTOR('',#5219,1.);
#5219 = DIRECTION('',(8.673617379884E-16,-1.439820485061E-14,1.));
#5220 = ORIENTED_EDGE('',*,*,#5221,.F.);
#5221 = EDGE_CURVE('',#5222,#5214,#5224,.T.);
#5222 = VERTEX_POINT('',#5223);
#5223 = CARTESIAN_POINT('',(2.605044232658,-3.199705445067,
    48.400002249963));
#5224 = CIRCLE('',#5225,0.2);
#5225 = AXIS2_PLACEMENT_3D('',#5226,#5227,#5228);
#5226 = CARTESIAN_POINT('',(2.730928084846,-3.355118622625,
    48.400002249963));
#5227 = DIRECTION('',(-3.608224830032E-16,-3.330669073875E-16,-1.));
#5228 = DIRECTION('',(0.629419260938,-0.777065887786,3.170631149958E-17)
  );
#5229 = ORIENTED_EDGE('',*,*,#5230,.F.);
#5230 = EDGE_CURVE('',#5199,#5222,#5231,.T.);
#5231 = LINE('',#5232,#5233);
#5232 = CARTESIAN_POINT('',(2.605044232658,-3.199705445068,
    52.000002249963));
#5233 = VECTOR('',#5234,1.);
#5234 = DIRECTION('',(-8.604228440845E-16,1.43773881689E-14,-1.));
#5235 = CYLINDRICAL_SURFACE('',#5236,0.2);
#5236 = AXIS2_PLACEMENT_3D('',#5237,#5238,#5239);
#5237 = CARTESIAN_POINT('',(2.730928084846,-3.355118622625,
    52.000002249963));
#5238 = DIRECTION('',(-8.604228440845E-16,1.43773881689E-14,-1.));
#5239 = DIRECTION('',(0.629419260938,-0.777065887786,-1.171374461212E-14
    ));
#5240 = ADVANCED_FACE('',(#5241),#5276,.F.);
#5241 = FACE_BOUND('',#5242,.F.);
#5242 = EDGE_LOOP('',(#5243,#5253,#5260,#5261));
#5243 = ORIENTED_EDGE('',*,*,#5244,.F.);
#5244 = EDGE_CURVE('',#5245,#5247,#5249,.T.);
#5245 = VERTEX_POINT('',#5246);
#5246 = CARTESIAN_POINT('',(-3.844129947972,1.90076040606,
    48.400002249963));
#5247 = VERTEX_POINT('',#5248);
#5248 = CARTESIAN_POINT('',(-3.844129947972,1.90076040606,
    51.645979889802));
#5249 = LINE('',#5250,#5251);
#5250 = CARTESIAN_POINT('',(-3.844129947972,1.90076040606,
    52.000002249963));
#5251 = VECTOR('',#5252,1.);
#5252 = DIRECTION('',(0.,2.602085213965E-15,1.));
#5253 = ORIENTED_EDGE('',*,*,#5254,.T.);
#5254 = EDGE_CURVE('',#5245,#5164,#5255,.T.);
#5255 = CIRCLE('',#5256,0.2);
#5256 = AXIS2_PLACEMENT_3D('',#5257,#5258,#5259);
#5257 = CARTESIAN_POINT('',(-3.858095706286,1.701248607926,
    48.400002249963));
#5258 = DIRECTION('',(-4.996003610813E-16,-5.551115123126E-17,1.));
#5259 = DIRECTION('',(-0.343900642093,0.939006042775,-1.196875785184E-16
    ));
#5260 = ORIENTED_EDGE('',*,*,#5163,.T.);
#5261 = ORIENTED_EDGE('',*,*,#5262,.T.);
#5262 = EDGE_CURVE('',#5166,#5247,#5263,.T.);
#5263 = B_SPLINE_CURVE_WITH_KNOTS('',3,(#5264,#5265,#5266,#5267,#5268,
    #5269,#5270,#5271,#5272,#5273,#5274,#5275),.UNSPECIFIED.,.F.,.F.,(4,
    2,2,2,2,4),(3.777796695389E-02,4.203850888391E-02,4.629905081392E-02
    ,5.482013467395E-02,6.518803429087E-02,6.524831602161E-02),
  .UNSPECIFIED.);
#5264 = CARTESIAN_POINT('',(-4.041479039907,1.781064351673,
    51.775002249963));
#5265 = CARTESIAN_POINT('',(-4.035811401192,1.794086224709,
    51.775002249963));
#5266 = CARTESIAN_POINT('',(-4.028690268894,1.806598901151,
    51.773536857146));
#5267 = CARTESIAN_POINT('',(-4.012101446813,1.829638862547,
    51.767788746684));
#5268 = CARTESIAN_POINT('',(-4.002633129919,1.840165443531,
    51.763505017247));
#5269 = CARTESIAN_POINT('',(-3.972085819559,1.867868126137,
    51.74725941368));
#5270 = CARTESIAN_POINT('',(-3.948722303701,1.881048787337,
    51.731723238219));
#5271 = CARTESIAN_POINT('',(-3.90029447472,1.898784947407,
    51.695604705372));
#5272 = CARTESIAN_POINT('',(-3.871793128065,1.902615305909,
    51.671649085811));
#5273 = CARTESIAN_POINT('',(-3.844445937744,1.900782464903,
    51.646273421687));
#5274 = CARTESIAN_POINT('',(-3.844287926397,1.900771464497,
    51.646126675445));
#5275 = CARTESIAN_POINT('',(-3.844129947972,1.90076040606,
    51.645979889802));
#5276 = CYLINDRICAL_SURFACE('',#5277,0.2);
#5277 = AXIS2_PLACEMENT_3D('',#5278,#5279,#5280);
#5278 = CARTESIAN_POINT('',(-3.858095706286,1.701248607926,
    52.000002249963));
#5279 = DIRECTION('',(9.71445146547E-16,-2.22044604925E-16,-1.));
#5280 = DIRECTION('',(-0.343900642093,0.939006042775,-5.425818354462E-16
    ));
#5281 = ADVANCED_FACE('',(#5282),#5315,.T.);
#5282 = FACE_BOUND('',#5283,.T.);
#5283 = EDGE_LOOP('',(#5284,#5299,#5300,#5309));
#5284 = ORIENTED_EDGE('',*,*,#5285,.F.);
#5285 = EDGE_CURVE('',#5247,#5286,#5288,.T.);
#5286 = VERTEX_POINT('',#5287);
#5287 = CARTESIAN_POINT('',(-3.654388626925,2.004862815001,
    51.525002249963));
#5288 = B_SPLINE_CURVE_WITH_KNOTS('',3,(#5289,#5290,#5291,#5292,#5293,
    #5294,#5295,#5296,#5297,#5298),.UNSPECIFIED.,.F.,.F.,(4,2,2,2,4),(
    1.014516854185E-02,1.059833435248E-02,2.119666870496E-02,
    2.84051509594E-02,3.561363321384E-02),.UNSPECIFIED.);
#5289 = CARTESIAN_POINT('',(-3.844129947972,1.90076040606,
    51.645979889802));
#5290 = CARTESIAN_POINT('',(-3.842944622672,1.900677433691,
    51.64487854488));
#5291 = CARTESIAN_POINT('',(-3.841756886587,1.900604406756,
    51.64377938971));
#5292 = CARTESIAN_POINT('',(-3.812726065669,1.899104182348,
    51.617043972001));
#5293 = CARTESIAN_POINT('',(-3.783571810343,1.903559647,51.592846155814)
  );
#5294 = CARTESIAN_POINT('',(-3.737614023407,1.921847432474,
    51.56003487681));
#5295 = CARTESIAN_POINT('',(-3.717604786484,1.93323321142,
    51.547369399204));
#5296 = CARTESIAN_POINT('',(-3.681728520453,1.964191157468,
    51.529858870556));
#5297 = CARTESIAN_POINT('',(-3.66585124174,1.983744897923,
    51.525002249963));
#5298 = CARTESIAN_POINT('',(-3.654388626925,2.004862815001,
    51.525002249963));
#5299 = ORIENTED_EDGE('',*,*,#5244,.F.);
#5300 = ORIENTED_EDGE('',*,*,#5301,.F.);
#5301 = EDGE_CURVE('',#5302,#5245,#5304,.T.);
#5302 = VERTEX_POINT('',#5303);
#5303 = CARTESIAN_POINT('',(-3.654388626925,2.004862815001,
    48.400002249963));
#5304 = CIRCLE('',#5305,0.2);
#5305 = AXIS2_PLACEMENT_3D('',#5306,#5307,#5308);
#5306 = CARTESIAN_POINT('',(-3.830164189657,2.100272204195,
    48.400002249963));
#5307 = DIRECTION('',(4.996003610813E-16,5.551115123126E-17,-1.));
#5308 = DIRECTION('',(-0.878877813661,0.477046945966,-4.126062478893E-16
    ));
#5309 = ORIENTED_EDGE('',*,*,#5310,.F.);
#5310 = EDGE_CURVE('',#5286,#5302,#5311,.T.);
#5311 = LINE('',#5312,#5313);
#5312 = CARTESIAN_POINT('',(-3.654388626925,2.004862815001,
    52.000002249963));
#5313 = VECTOR('',#5314,1.);
#5314 = DIRECTION('',(5.551115123126E-17,-2.609024107869E-15,-1.));
#5315 = CYLINDRICAL_SURFACE('',#5316,0.2);
#5316 = AXIS2_PLACEMENT_3D('',#5317,#5318,#5319);
#5317 = CARTESIAN_POINT('',(-3.830164189657,2.100272204195,
    52.000002249963));
#5318 = DIRECTION('',(5.551115123126E-17,-2.609024107869E-15,-1.));
#5319 = DIRECTION('',(-0.878877813661,0.477046945966,-1.293414501838E-15
    ));
#5320 = ADVANCED_FACE('',(#5321),#5365,.F.);
#5321 = FACE_BOUND('',#5322,.F.);
#5322 = EDGE_LOOP('',(#5323,#5333,#5342,#5350));
#5323 = ORIENTED_EDGE('',*,*,#5324,.T.);
#5324 = EDGE_CURVE('',#5325,#5327,#5329,.T.);
#5325 = VERTEX_POINT('',#5326);
#5326 = CARTESIAN_POINT('',(-3.194095818964,3.058715118182,
    51.775002249963));
#5327 = VERTEX_POINT('',#5328);
#5328 = CARTESIAN_POINT('',(-3.194095818964,3.058715118182,
    48.400002249963));
#5329 = LINE('',#5330,#5331);
#5330 = CARTESIAN_POINT('',(-3.194095818964,3.058715118182,
    52.000002249963));
#5331 = VECTOR('',#5332,1.);
#5332 = DIRECTION('',(1.366094737332E-14,-8.847089727482E-15,-1.));
#5333 = ORIENTED_EDGE('',*,*,#5334,.T.);
#5334 = EDGE_CURVE('',#5327,#5335,#5337,.T.);
#5335 = VERTEX_POINT('',#5336);
#5336 = CARTESIAN_POINT('',(-3.227594683399,2.830347792136,
    48.400002249963));
#5337 = CIRCLE('',#5338,0.2);
#5338 = AXIS2_PLACEMENT_3D('',#5339,#5340,#5341);
#5339 = CARTESIAN_POINT('',(-3.049229904476,2.920824339594,
    48.400002249963));
#5340 = DIRECTION('',(-4.163336342344E-16,2.775557561563E-16,1.));
#5341 = DIRECTION('',(0.891823894613,0.452382737289,2.457348504209E-16)
  );
#5342 = ORIENTED_EDGE('',*,*,#5343,.T.);
#5343 = EDGE_CURVE('',#5335,#5344,#5346,.T.);
#5344 = VERTEX_POINT('',#5345);
#5345 = CARTESIAN_POINT('',(-3.227594683399,2.830347792136,
    51.645979889802));
#5346 = LINE('',#5347,#5348);
#5347 = CARTESIAN_POINT('',(-3.227594683399,2.830347792136,
    52.000002249963));
#5348 = VECTOR('',#5349,1.);
#5349 = DIRECTION('',(-1.366094737332E-14,8.847089727482E-15,1.));
#5350 = ORIENTED_EDGE('',*,*,#5351,.T.);
#5351 = EDGE_CURVE('',#5344,#5325,#5352,.T.);
#5352 = B_SPLINE_CURVE_WITH_KNOTS('',3,(#5353,#5354,#5355,#5356,#5357,
    #5358,#5359,#5360,#5361,#5362,#5363,#5364),.UNSPECIFIED.,.F.,.F.,(4,
    2,2,2,2,4),(1.030761788618E-02,1.036789961692E-02,2.073579923383E-02
    ,2.925688309386E-02,3.351742502388E-02,3.777796695389E-02),
  .UNSPECIFIED.);
#5353 = CARTESIAN_POINT('',(-3.227594683399,2.830347792136,
    51.645979889802));
#5354 = CARTESIAN_POINT('',(-3.227666324989,2.830489025823,
    51.646126675445));
#5355 = CARTESIAN_POINT('',(-3.227737925926,2.830630312413,
    51.646273421687));
#5356 = CARTESIAN_POINT('',(-3.240064557821,2.85511055487,
    51.671649085811));
#5357 = CARTESIAN_POINT('',(-3.247623015677,2.882857052348,
    51.695604705372));
#5358 = CARTESIAN_POINT('',(-3.250122415577,2.934369953585,
    51.731723238219));
#5359 = CARTESIAN_POINT('',(-3.247068401252,2.961020595217,
    51.74725941368));
#5360 = CARTESIAN_POINT('',(-3.233430694965,2.999938325894,
    51.763505017247));
#5361 = CARTESIAN_POINT('',(-3.227416434855,3.012755759622,
    51.767788746684));
#5362 = CARTESIAN_POINT('',(-3.212644295985,3.037000609639,
    51.773536857146));
#5363 = CARTESIAN_POINT('',(-3.203887309696,3.0484283298,51.775002249963
    ));
#5364 = CARTESIAN_POINT('',(-3.194095818964,3.058715118182,
    51.775002249963));
#5365 = CYLINDRICAL_SURFACE('',#5366,0.2);
#5366 = AXIS2_PLACEMENT_3D('',#5367,#5368,#5369);
#5367 = CARTESIAN_POINT('',(-3.049229904476,2.920824339594,
    52.000002249963));
#5368 = DIRECTION('',(1.365574320289E-14,-8.82627304577E-15,-1.));
#5369 = DIRECTION('',(0.891823894613,0.452382737289,8.185664526526E-15)
  );
#5370 = ADVANCED_FACE('',(#5371),#5398,.F.);
#5371 = FACE_BOUND('',#5372,.F.);
#5372 = EDGE_LOOP('',(#5373,#5383,#5390,#5391));
#5373 = ORIENTED_EDGE('',*,*,#5374,.F.);
#5374 = EDGE_CURVE('',#5375,#5377,#5379,.T.);
#5375 = VERTEX_POINT('',#5376);
#5376 = CARTESIAN_POINT('',(-3.062404507016,3.191311691754,
    48.400002249963));
#5377 = VERTEX_POINT('',#5378);
#5378 = CARTESIAN_POINT('',(-3.062404507016,3.191311691754,
    51.775002249963));
#5379 = LINE('',#5380,#5381);
#5380 = CARTESIAN_POINT('',(-3.062404507016,3.191311691754,
    52.000002249963));
#5381 = VECTOR('',#5382,1.);
#5382 = DIRECTION('',(-8.881784197001E-16,5.551115123126E-16,1.));
#5383 = ORIENTED_EDGE('',*,*,#5384,.F.);
#5384 = EDGE_CURVE('',#5327,#5375,#5385,.T.);
#5385 = CIRCLE('',#5386,4.4);
#5386 = AXIS2_PLACEMENT_3D('',#5387,#5388,#5389);
#5387 = CARTESIAN_POINT('',(-7.045700233632E-03,2.511798924385E-02,
    48.400002249963));
#5388 = DIRECTION('',(4.163336342344E-16,-2.775557561563E-16,-1.));
#5389 = DIRECTION('',(-0.751839807479,0.6593458151,-4.960214256884E-16)
  );
#5390 = ORIENTED_EDGE('',*,*,#5324,.F.);
#5391 = ORIENTED_EDGE('',*,*,#5392,.T.);
#5392 = EDGE_CURVE('',#5325,#5377,#5393,.T.);
#5393 = CIRCLE('',#5394,4.4);
#5394 = AXIS2_PLACEMENT_3D('',#5395,#5396,#5397);
#5395 = CARTESIAN_POINT('',(-7.045700233639E-03,2.511798924387E-02,
    51.775002249963));
#5396 = DIRECTION('',(8.881784197001E-16,-5.551115123126E-16,-1.));
#5397 = DIRECTION('',(-0.751839807479,0.6593458151,-1.033778344631E-15)
  );
#5398 = CYLINDRICAL_SURFACE('',#5399,4.4);
#5399 = AXIS2_PLACEMENT_3D('',#5400,#5401,#5402);
#5400 = CARTESIAN_POINT('',(-7.045700233639E-03,2.511798924387E-02,
    52.000002249963));
#5401 = DIRECTION('',(8.881784197001E-16,-5.551115123126E-16,-1.));
#5402 = DIRECTION('',(-0.751839807479,0.6593458151,-1.033778344631E-15)
  );
#5403 = ADVANCED_FACE('',(#5404),#5446,.T.);
#5404 = FACE_BOUND('',#5405,.T.);
#5405 = EDGE_LOOP('',(#5406,#5423,#5431,#5440));
#5406 = ORIENTED_EDGE('',*,*,#5407,.F.);
#5407 = EDGE_CURVE('',#5408,#5410,#5412,.T.);
#5408 = VERTEX_POINT('',#5409);
#5409 = CARTESIAN_POINT('',(3.830038547504,-1.850524427573,
    51.645979889802));
#5410 = VERTEX_POINT('',#5411);
#5411 = CARTESIAN_POINT('',(3.640297226458,-1.954626836514,
    51.525002249963));
#5412 = B_SPLINE_CURVE_WITH_KNOTS('',3,(#5413,#5414,#5415,#5416,#5417,
    #5418,#5419,#5420,#5421,#5422),.UNSPECIFIED.,.F.,.F.,(4,2,2,2,4),(
    1.014516854185E-02,1.059833435248E-02,2.119666870496E-02,
    2.84051509594E-02,3.561363321384E-02),.UNSPECIFIED.);
#5413 = CARTESIAN_POINT('',(3.830038547504,-1.850524427573,
    51.645979889802));
#5414 = CARTESIAN_POINT('',(3.828853222204,-1.850441455203,
    51.64487854488));
#5415 = CARTESIAN_POINT('',(3.827665486119,-1.850368428268,
    51.64377938971));
#5416 = CARTESIAN_POINT('',(3.798634665202,-1.84886820386,
    51.617043972001));
#5417 = CARTESIAN_POINT('',(3.769480409876,-1.853323668513,
    51.592846155814));
#5418 = CARTESIAN_POINT('',(3.72352262294,-1.871611453986,51.56003487681
    ));
#5419 = CARTESIAN_POINT('',(3.703513386017,-1.882997232932,
    51.547369399203));
#5420 = CARTESIAN_POINT('',(3.667637119986,-1.91395517898,
    51.529858870556));
#5421 = CARTESIAN_POINT('',(3.651759841273,-1.933508919435,
    51.525002249963));
#5422 = CARTESIAN_POINT('',(3.640297226458,-1.954626836514,
    51.525002249963));
#5423 = ORIENTED_EDGE('',*,*,#5424,.F.);
#5424 = EDGE_CURVE('',#5425,#5408,#5427,.T.);
#5425 = VERTEX_POINT('',#5426);
#5426 = CARTESIAN_POINT('',(3.830038547504,-1.850524427573,
    48.400002249963));
#5427 = LINE('',#5428,#5429);
#5428 = CARTESIAN_POINT('',(3.830038547504,-1.850524427573,
    52.000002249963));
#5429 = VECTOR('',#5430,1.);
#5430 = DIRECTION('',(2.298508605669E-15,-1.561251128379E-15,1.));
#5431 = ORIENTED_EDGE('',*,*,#5432,.F.);
#5432 = EDGE_CURVE('',#5433,#5425,#5435,.T.);
#5433 = VERTEX_POINT('',#5434);
#5434 = CARTESIAN_POINT('',(3.640297226458,-1.954626836514,
    48.400002249963));
#5435 = CIRCLE('',#5436,0.2);
#5436 = AXIS2_PLACEMENT_3D('',#5437,#5438,#5439);
#5437 = CARTESIAN_POINT('',(3.81607278919,-2.050036225707,
    48.400002249963));
#5438 = DIRECTION('',(-2.498001805407E-16,-3.885780586188E-16,-1.));
#5439 = DIRECTION('',(0.878877813661,-0.477046945966,-3.417386039222E-17
    ));
#5440 = ORIENTED_EDGE('',*,*,#5441,.F.);
#5441 = EDGE_CURVE('',#5410,#5433,#5442,.T.);
#5442 = LINE('',#5443,#5444);
#5443 = CARTESIAN_POINT('',(3.640297226458,-1.954626836514,
    52.000002249963));
#5444 = VECTOR('',#5445,1.);
#5445 = DIRECTION('',(-2.22044604925E-15,1.609823385706E-15,-1.));
#5446 = CYLINDRICAL_SURFACE('',#5447,0.2);
#5447 = AXIS2_PLACEMENT_3D('',#5448,#5449,#5450);
#5448 = CARTESIAN_POINT('',(3.81607278919,-2.050036225707,
    52.000002249963));
#5449 = DIRECTION('',(-2.22044604925E-15,1.609823385706E-15,-1.));
#5450 = DIRECTION('',(0.878877813661,-0.477046945966,-2.719462098812E-15
    ));
#5451 = ADVANCED_FACE('',(#5452),#5487,.F.);
#5452 = FACE_BOUND('',#5453,.F.);
#5453 = EDGE_LOOP('',(#5454,#5464,#5471,#5472));
#5454 = ORIENTED_EDGE('',*,*,#5455,.F.);
#5455 = EDGE_CURVE('',#5456,#5458,#5460,.T.);
#5456 = VERTEX_POINT('',#5457);
#5457 = CARTESIAN_POINT('',(-2.834272023283,3.226374198649,
    48.400002249963));
#5458 = VERTEX_POINT('',#5459);
#5459 = CARTESIAN_POINT('',(-2.834272023283,3.226374198649,
    51.645979889802));
#5460 = LINE('',#5461,#5462);
#5461 = CARTESIAN_POINT('',(-2.834272023283,3.226374198649,
    52.000002249963));
#5462 = VECTOR('',#5463,1.);
#5463 = DIRECTION('',(-1.405126015541E-14,-6.938893903907E-15,1.));
#5464 = ORIENTED_EDGE('',*,*,#5465,.T.);
#5465 = EDGE_CURVE('',#5456,#5375,#5466,.T.);
#5466 = CIRCLE('',#5467,0.2);
#5467 = AXIS2_PLACEMENT_3D('',#5468,#5469,#5470);
#5468 = CARTESIAN_POINT('',(-2.923524561253,3.047393796186,
    48.400002249963));
#5469 = DIRECTION('',(-4.163336342344E-16,2.775557561563E-16,1.));
#5470 = DIRECTION('',(4.161929101306E-02,0.999133541933,
    -2.599877550506E-16));
#5471 = ORIENTED_EDGE('',*,*,#5374,.T.);
#5472 = ORIENTED_EDGE('',*,*,#5473,.T.);
#5473 = EDGE_CURVE('',#5377,#5458,#5474,.T.);
#5474 = B_SPLINE_CURVE_WITH_KNOTS('',3,(#5475,#5476,#5477,#5478,#5479,
    #5480,#5481,#5482,#5483,#5484,#5485,#5486),.UNSPECIFIED.,.F.,.F.,(4,
    2,2,2,2,4),(3.777796695389E-02,4.203850888391E-02,4.629905081392E-02
    ,5.482013467395E-02,6.518803429087E-02,6.524831602161E-02),
  .UNSPECIFIED.);
#5475 = CARTESIAN_POINT('',(-3.062404507016,3.191311691754,
    51.775002249963));
#5476 = CARTESIAN_POINT('',(-3.05218503654,3.20117342229,51.775002249963
    ));
#5477 = CARTESIAN_POINT('',(-3.040817574193,3.210008488602,
    51.773536857146));
#5478 = CARTESIAN_POINT('',(-3.016674489495,3.224946369992,
    51.767788746684));
#5479 = CARTESIAN_POINT('',(-3.003898557167,3.231048294704,
    51.763505017247));
#5480 = CARTESIAN_POINT('',(-2.965075164687,3.24495228658,51.74725941368
    ));
#5481 = CARTESIAN_POINT('',(-2.938446069909,3.248188799247,
    51.731723238219));
#5482 = CARTESIAN_POINT('',(-2.886917255298,3.246042346705,
    51.695604705372));
#5483 = CARTESIAN_POINT('',(-2.859119629735,3.238674143362,
    51.671649085811));
#5484 = CARTESIAN_POINT('',(-2.834555518213,3.226515502413,
    51.646273421687));
#5485 = CARTESIAN_POINT('',(-2.834413744436,3.226444871038,
    51.646126675445));
#5486 = CARTESIAN_POINT('',(-2.834272023283,3.226374198649,
    51.645979889802));
#5487 = CYLINDRICAL_SURFACE('',#5488,0.2);
#5488 = AXIS2_PLACEMENT_3D('',#5489,#5490,#5491);
#5489 = CARTESIAN_POINT('',(-2.923524561253,3.047393796186,
    52.000002249963));
#5490 = DIRECTION('',(8.604228440845E-16,-6.106226635438E-16,-1.));
#5491 = DIRECTION('',(4.161929101306E-02,0.999133541933,
    -5.742833958689E-16));
#5492 = ADVANCED_FACE('',(#5493),#5526,.T.);
#5493 = FACE_BOUND('',#5494,.T.);
#5494 = EDGE_LOOP('',(#5495,#5510,#5511,#5520));
#5495 = ORIENTED_EDGE('',*,*,#5496,.F.);
#5496 = EDGE_CURVE('',#5458,#5497,#5499,.T.);
#5497 = VERTEX_POINT('',#5498);
#5498 = CARTESIAN_POINT('',(-2.619135633126,3.249941423555,
    51.525002249963));
#5499 = B_SPLINE_CURVE_WITH_KNOTS('',3,(#5500,#5501,#5502,#5503,#5504,
    #5505,#5506,#5507,#5508,#5509),.UNSPECIFIED.,.F.,.F.,(4,2,2,2,4),(
    1.014516854185E-02,1.059833435248E-02,2.119666870496E-02,
    2.84051509594E-02,3.561363321384E-02),.UNSPECIFIED.);
#5500 = CARTESIAN_POINT('',(-2.834272023283,3.226374198649,
    51.645979889802));
#5501 = CARTESIAN_POINT('',(-2.83320867765,3.225843937821,51.64487854488
    ));
#5502 = CARTESIAN_POINT('',(-2.83213929879,3.225321942809,51.64377938971
    ));
#5503 = CARTESIAN_POINT('',(-2.805892428558,3.212826301991,
    51.617043972001));
#5504 = CARTESIAN_POINT('',(-2.777252376271,3.205785764095,
    51.592846155814));
#5505 = CARTESIAN_POINT('',(-2.727794485046,3.20509419114,51.56003487681
    ));
#5506 = CARTESIAN_POINT('',(-2.704951211624,3.207956075805,
    51.547369399204));
#5507 = CARTESIAN_POINT('',(-2.659958770682,3.222828235903,
    51.529858870556));
#5508 = CARTESIAN_POINT('',(-2.637807185335,3.234817564978,
    51.525002249963));
#5509 = CARTESIAN_POINT('',(-2.619135633126,3.249941423555,
    51.525002249963));
#5510 = ORIENTED_EDGE('',*,*,#5455,.F.);
#5511 = ORIENTED_EDGE('',*,*,#5512,.F.);
#5512 = EDGE_CURVE('',#5513,#5456,#5515,.T.);
#5513 = VERTEX_POINT('',#5514);
#5514 = CARTESIAN_POINT('',(-2.619135633126,3.249941423555,
    48.400002249963));
#5515 = CIRCLE('',#5516,0.2);
#5516 = AXIS2_PLACEMENT_3D('',#5517,#5518,#5519);
#5517 = CARTESIAN_POINT('',(-2.745019485313,3.405354601112,
    48.400002249963));
#5518 = DIRECTION('',(4.163336342344E-16,-2.775557561563E-16,-1.));
#5519 = DIRECTION('',(-0.629419260938,0.777065887786,-4.777275184311E-16
    ));
#5520 = ORIENTED_EDGE('',*,*,#5521,.F.);
#5521 = EDGE_CURVE('',#5497,#5513,#5522,.T.);
#5522 = LINE('',#5523,#5524);
#5523 = CARTESIAN_POINT('',(-2.619135633126,3.249941423555,
    52.000002249963));
#5524 = VECTOR('',#5525,1.);
#5525 = DIRECTION('',(1.407207683712E-14,6.883382752676E-15,-1.));
#5526 = CYLINDRICAL_SURFACE('',#5527,0.2);
#5527 = AXIS2_PLACEMENT_3D('',#5528,#5529,#5530);
#5528 = CARTESIAN_POINT('',(-2.745019485313,3.405354601112,
    52.000002249963));
#5529 = DIRECTION('',(1.407207683712E-14,6.883382752676E-15,-1.));
#5530 = DIRECTION('',(-0.629419260938,0.777065887786,-3.508394273005E-15
    ));
#5531 = ADVANCED_FACE('',(#5532),#5576,.F.);
#5532 = FACE_BOUND('',#5533,.F.);
#5533 = EDGE_LOOP('',(#5534,#5544,#5553,#5561));
#5534 = ORIENTED_EDGE('',*,*,#5535,.T.);
#5535 = EDGE_CURVE('',#5536,#5538,#5540,.T.);
#5536 = VERTEX_POINT('',#5537);
#5537 = CARTESIAN_POINT('',(-1.790588712301,4.04742756511,
    51.775002249963));
#5538 = VERTEX_POINT('',#5539);
#5539 = CARTESIAN_POINT('',(-1.790588712301,4.04742756511,
    48.400002249963));
#5540 = LINE('',#5541,#5542);
#5541 = CARTESIAN_POINT('',(-1.790588712301,4.04742756511,
    52.000002249963));
#5542 = VECTOR('',#5543,1.);
#5543 = DIRECTION('',(-9.671083378571E-15,2.602085213965E-15,-1.));
#5544 = ORIENTED_EDGE('',*,*,#5545,.T.);
#5545 = EDGE_CURVE('',#5538,#5546,#5548,.T.);
#5546 = VERTEX_POINT('',#5547);
#5547 = CARTESIAN_POINT('',(-1.908930019686,3.849263127104,
    48.400002249963));
#5548 = CIRCLE('',#5549,0.2);
#5549 = AXIS2_PLACEMENT_3D('',#5550,#5551,#5552);
#5550 = CARTESIAN_POINT('',(-1.709518575389,3.864595311662,
    48.400002249963));
#5551 = DIRECTION('',(-4.440892098501E-16,3.330669073875E-16,1.));
#5552 = DIRECTION('',(0.997057221486,7.66609227874E-02,
    4.172491371947E-16));
#5553 = ORIENTED_EDGE('',*,*,#5554,.T.);
#5554 = EDGE_CURVE('',#5546,#5555,#5557,.T.);
#5555 = VERTEX_POINT('',#5556);
#5556 = CARTESIAN_POINT('',(-1.908930019686,3.849263127104,
    51.645979889802));
#5557 = LINE('',#5558,#5559);
#5558 = CARTESIAN_POINT('',(-1.908930019686,3.849263127104,
    52.000002249963));
#5559 = VECTOR('',#5560,1.);
#5560 = DIRECTION('',(9.671083378571E-15,-2.602085213965E-15,1.));
#5561 = ORIENTED_EDGE('',*,*,#5562,.T.);
#5562 = EDGE_CURVE('',#5555,#5536,#5563,.T.);
#5563 = B_SPLINE_CURVE_WITH_KNOTS('',3,(#5564,#5565,#5566,#5567,#5568,
    #5569,#5570,#5571,#5572,#5573,#5574,#5575),.UNSPECIFIED.,.F.,.F.,(4,
    2,2,2,2,4),(1.030761788618E-02,1.036789961692E-02,2.073579923383E-02
    ,2.925688309386E-02,3.351742502388E-02,3.777796695389E-02),
  .UNSPECIFIED.);
#5564 = CARTESIAN_POINT('',(-1.908930019686,3.849263127104,
    51.645979889802));
#5565 = CARTESIAN_POINT('',(-1.908942160093,3.849421026066,
    51.646126675445));
#5566 = CARTESIAN_POINT('',(-1.908954242696,3.849578958348,
    51.646273421687));
#5567 = CARTESIAN_POINT('',(-1.9109743824,3.876912951107,51.671649085811
    ));
#5568 = CARTESIAN_POINT('',(-1.90733936202,3.905439868822,
    51.695604705372));
#5569 = CARTESIAN_POINT('',(-1.889935372575,3.953988062868,
    51.731723238219));
#5570 = CARTESIAN_POINT('',(-1.876915072233,3.977441324516,
    51.74725941368));
#5571 = CARTESIAN_POINT('',(-1.849422303769,4.008177695088,
    51.763505017247));
#5572 = CARTESIAN_POINT('',(-1.838960832417,4.017717902067,
    51.767788746684));
#5573 = CARTESIAN_POINT('',(-1.816035053242,4.034464169961,
    51.773536857146));
#5574 = CARTESIAN_POINT('',(-1.803571453668,4.04167085315,
    51.775002249963));
#5575 = CARTESIAN_POINT('',(-1.790588712301,4.04742756511,
    51.775002249963));
#5576 = CYLINDRICAL_SURFACE('',#5577,0.2);
#5577 = AXIS2_PLACEMENT_3D('',#5578,#5579,#5580);
#5578 = CARTESIAN_POINT('',(-1.709518575389,3.864595311662,
    52.000002249963));
#5579 = DIRECTION('',(-9.658940314239E-15,2.609024107869E-15,-1.));
#5580 = DIRECTION('',(0.997057221486,7.66609227874E-02,
    -9.43050599653E-15));
#5581 = ADVANCED_FACE('',(#5582),#5609,.F.);
#5582 = FACE_BOUND('',#5583,.F.);
#5583 = EDGE_LOOP('',(#5584,#5594,#5601,#5602));
#5584 = ORIENTED_EDGE('',*,*,#5585,.F.);
#5585 = EDGE_CURVE('',#5586,#5588,#5590,.T.);
#5586 = VERTEX_POINT('',#5587);
#5587 = CARTESIAN_POINT('',(-1.618179292688,4.119534742246,
    48.400002249963));
#5588 = VERTEX_POINT('',#5589);
#5589 = CARTESIAN_POINT('',(-1.618179292688,4.119534742246,
    51.775002249963));
#5590 = LINE('',#5591,#5592);
#5591 = CARTESIAN_POINT('',(-1.618179292688,4.119534742246,
    52.000002249963));
#5592 = VECTOR('',#5593,1.);
#5593 = DIRECTION('',(-6.661338147751E-16,5.551115123126E-16,1.));
#5594 = ORIENTED_EDGE('',*,*,#5595,.F.);
#5595 = EDGE_CURVE('',#5538,#5586,#5596,.T.);
#5596 = CIRCLE('',#5597,4.4);
#5597 = AXIS2_PLACEMENT_3D('',#5598,#5599,#5600);
#5598 = CARTESIAN_POINT('',(-7.045700233632E-03,2.511798924385E-02,
    48.400002249963));
#5599 = DIRECTION('',(4.440892098501E-16,-3.330669073875E-16,-1.));
#5600 = DIRECTION('',(-0.442288690219,0.896872741533,-4.951342653075E-16
    ));
#5601 = ORIENTED_EDGE('',*,*,#5535,.F.);
#5602 = ORIENTED_EDGE('',*,*,#5603,.T.);
#5603 = EDGE_CURVE('',#5536,#5588,#5604,.T.);
#5604 = CIRCLE('',#5605,4.4);
#5605 = AXIS2_PLACEMENT_3D('',#5606,#5607,#5608);
#5606 = CARTESIAN_POINT('',(-7.045700233639E-03,2.511798924386E-02,
    51.775002249963));
#5607 = DIRECTION('',(6.661338147751E-16,-5.551115123126E-16,-1.));
#5608 = DIRECTION('',(-0.442288690219,0.896872741533,-7.924878363516E-16
    ));
#5609 = CYLINDRICAL_SURFACE('',#5610,4.4);
#5610 = AXIS2_PLACEMENT_3D('',#5611,#5612,#5613);
#5611 = CARTESIAN_POINT('',(-7.045700233639E-03,2.511798924386E-02,
    52.000002249963));
#5612 = DIRECTION('',(6.661338147751E-16,-5.551115123126E-16,-1.));
#5613 = DIRECTION('',(-0.442288690219,0.896872741533,-7.924878363516E-16
    ));
#5614 = ADVANCED_FACE('',(#5615),#5657,.T.);
#5615 = FACE_BOUND('',#5616,.T.);
#5616 = EDGE_LOOP('',(#5617,#5634,#5642,#5651));
#5617 = ORIENTED_EDGE('',*,*,#5618,.F.);
#5618 = EDGE_CURVE('',#5619,#5621,#5623,.T.);
#5619 = VERTEX_POINT('',#5620);
#5620 = CARTESIAN_POINT('',(4.25573517873,-0.239361079765,
    51.645979889802));
#5621 = VERTEX_POINT('',#5622);
#5622 = CARTESIAN_POINT('',(4.120275322914,-0.40815002467,
    51.525002249963));
#5623 = B_SPLINE_CURVE_WITH_KNOTS('',3,(#5624,#5625,#5626,#5627,#5628,
    #5629,#5630,#5631,#5632,#5633),.UNSPECIFIED.,.F.,.F.,(4,2,2,2,4),(
    1.014516854185E-02,1.059833435248E-02,2.119666870496E-02,
    2.84051509594E-02,3.561363321384E-02),.UNSPECIFIED.);
#5624 = CARTESIAN_POINT('',(4.25573517873,-0.239361079765,
    51.645979889802));
#5625 = CARTESIAN_POINT('',(4.254608328795,-0.239738027645,
    51.64487854488));
#5626 = CARTESIAN_POINT('',(4.253483057538,-0.240125086476,
    51.64377938971));
#5627 = CARTESIAN_POINT('',(4.226087965254,-0.249848674044,
    51.617043972001));
#5628 = CARTESIAN_POINT('',(4.200857977979,-0.265121837141,
    51.592846155814));
#5629 = CARTESIAN_POINT('',(4.165396951785,-0.299604831483,
    51.56003487681));
#5630 = CARTESIAN_POINT('',(4.151267976297,-0.317781123078,
    51.547369399203));
#5631 = CARTESIAN_POINT('',(4.129969721461,-0.360111788426,
    51.529858870556));
#5632 = CARTESIAN_POINT('',(4.122783921139,-0.38425306053,
    51.525002249963));
#5633 = CARTESIAN_POINT('',(4.120275322914,-0.40815002467,
    51.525002249963));
#5634 = ORIENTED_EDGE('',*,*,#5635,.F.);
#5635 = EDGE_CURVE('',#5636,#5619,#5638,.T.);
#5636 = VERTEX_POINT('',#5637);
#5637 = CARTESIAN_POINT('',(4.25573517873,-0.239361079765,
    48.400002249963));
#5638 = LINE('',#5639,#5640);
#5639 = CARTESIAN_POINT('',(4.25573517873,-0.239361079765,
    52.000002249963));
#5640 = VECTOR('',#5641,1.);
#5641 = DIRECTION('',(-4.857225732735E-15,-2.21177243187E-14,1.));
#5642 = ORIENTED_EDGE('',*,*,#5643,.F.);
#5643 = EDGE_CURVE('',#5644,#5636,#5646,.T.);
#5644 = VERTEX_POINT('',#5645);
#5645 = CARTESIAN_POINT('',(4.120275322914,-0.40815002467,
    48.400002249963));
#5646 = CIRCLE('',#5647,0.2);
#5647 = AXIS2_PLACEMENT_3D('',#5648,#5649,#5650);
#5648 = CARTESIAN_POINT('',(4.319182360174,-0.429030410883,
    48.400002249963));
#5649 = DIRECTION('',(-2.498001805407E-16,-6.106226635438E-16,-1.));
#5650 = DIRECTION('',(0.994535186301,-0.104401931064,-1.846848838668E-16
    ));
#5651 = ORIENTED_EDGE('',*,*,#5652,.F.);
#5652 = EDGE_CURVE('',#5621,#5644,#5653,.T.);
#5653 = LINE('',#5654,#5655);
#5654 = CARTESIAN_POINT('',(4.120275322914,-0.40815002467,
    52.000002249963));
#5655 = VECTOR('',#5656,1.);
#5656 = DIRECTION('',(4.884981308351E-15,2.209343819004E-14,-1.));
#5657 = CYLINDRICAL_SURFACE('',#5658,0.2);
#5658 = AXIS2_PLACEMENT_3D('',#5659,#5660,#5661);
#5659 = CARTESIAN_POINT('',(4.319182360174,-0.429030410883,
    52.000002249963));
#5660 = DIRECTION('',(4.884981308351E-15,2.209343819004E-14,-1.));
#5661 = DIRECTION('',(0.994535186301,-0.104401931064,2.551688184702E-15)
  );
#5662 = ADVANCED_FACE('',(#5663),#5698,.F.);
#5663 = FACE_BOUND('',#5664,.F.);
#5664 = EDGE_LOOP('',(#5665,#5675,#5682,#5683));
#5665 = ORIENTED_EDGE('',*,*,#5666,.F.);
#5666 = EDGE_CURVE('',#5667,#5669,#5671,.T.);
#5667 = VERTEX_POINT('',#5668);
#5668 = CARTESIAN_POINT('',(-1.393994519781,4.064625752816,
    48.400002249963));
#5669 = VERTEX_POINT('',#5670);
#5670 = CARTESIAN_POINT('',(-1.393994519781,4.064625752816,
    51.645979889802));
#5671 = LINE('',#5672,#5673);
#5672 = CARTESIAN_POINT('',(-1.393994519781,4.064625752816,
    52.000002249963));
#5673 = VECTOR('',#5674,1.);
#5674 = DIRECTION('',(-1.322726650432E-14,1.908195823575E-15,1.));
#5675 = ORIENTED_EDGE('',*,*,#5676,.T.);
#5676 = EDGE_CURVE('',#5667,#5586,#5677,.T.);
#5677 = CIRCLE('',#5678,0.2);
#5678 = AXIS2_PLACEMENT_3D('',#5679,#5680,#5681);
#5679 = CARTESIAN_POINT('',(-1.544945947577,3.933424889837,
    48.400002249963));
#5680 = DIRECTION('',(-4.440892098501E-16,3.330669073875E-16,1.));
#5681 = DIRECTION('',(0.420803064343,0.9071520165,-1.152682163196E-16));
#5682 = ORIENTED_EDGE('',*,*,#5585,.T.);
#5683 = ORIENTED_EDGE('',*,*,#5684,.T.);
#5684 = EDGE_CURVE('',#5588,#5669,#5685,.T.);
#5685 = B_SPLINE_CURVE_WITH_KNOTS('',3,(#5686,#5687,#5688,#5689,#5690,
    #5691,#5692,#5693,#5694,#5695,#5696,#5697),.UNSPECIFIED.,.F.,.F.,(4,
    2,2,2,2,4),(3.777796695389E-02,4.203850888391E-02,4.629905081392E-02
    ,5.482013467395E-02,6.518803429087E-02,6.524831602161E-02),
  .UNSPECIFIED.);
#5686 = CARTESIAN_POINT('',(-1.618179292688,4.119534742246,
    51.775002249963));
#5687 = CARTESIAN_POINT('',(-1.604963812192,4.124734971205,
    51.775002249963));
#5688 = CARTESIAN_POINT('',(-1.591080612892,4.12854736863,
    51.773536857146));
#5689 = CARTESIAN_POINT('',(-1.563058831365,4.133109012986,
    51.767788746684));
#5690 = CARTESIAN_POINT('',(-1.548920303485,4.1338573187,51.763505017247
    ));
#5691 = CARTESIAN_POINT('',(-1.507731338456,4.131845863125,
    51.74725941368));
#5692 = CARTESIAN_POINT('',(-1.481890703045,4.124645497544,
    51.731723238219));
#5693 = CARTESIAN_POINT('',(-1.435105697717,4.102943210332,
    51.695604705372));
#5694 = CARTESIAN_POINT('',(-1.412243729753,4.08549818731,
    51.671649085811));
#5695 = CARTESIAN_POINT('',(-1.394202360335,4.064864789284,
    51.646273421687));
#5696 = CARTESIAN_POINT('',(-1.394098407901,4.064745279926,
    51.646126675445));
#5697 = CARTESIAN_POINT('',(-1.393994519781,4.064625752816,
    51.645979889802));
#5698 = CYLINDRICAL_SURFACE('',#5699,0.2);
#5699 = AXIS2_PLACEMENT_3D('',#5700,#5701,#5702);
#5700 = CARTESIAN_POINT('',(-1.544945947577,3.933424889837,
    52.000002249963));
#5701 = DIRECTION('',(5.828670879282E-16,-4.440892098501E-16,-1.));
#5702 = DIRECTION('',(0.420803064343,0.9071520165,-1.575841655167E-16));
#5703 = ADVANCED_FACE('',(#5704),#5737,.T.);
#5704 = FACE_BOUND('',#5705,.T.);
#5705 = EDGE_LOOP('',(#5706,#5721,#5722,#5731));
#5706 = ORIENTED_EDGE('',*,*,#5707,.F.);
#5707 = EDGE_CURVE('',#5669,#5708,#5710,.T.);
#5708 = VERTEX_POINT('',#5709);
#5709 = CARTESIAN_POINT('',(-1.186215625698,4.004069897332,
    51.525002249963));
#5710 = B_SPLINE_CURVE_WITH_KNOTS('',3,(#5711,#5712,#5713,#5714,#5715,
    #5716,#5717,#5718,#5719,#5720),.UNSPECIFIED.,.F.,.F.,(4,2,2,2,4),(
    1.014516854185E-02,1.059833435248E-02,2.119666870496E-02,
    2.84051509594E-02,3.561363321384E-02),.UNSPECIFIED.);
#5711 = CARTESIAN_POINT('',(-1.393994519781,4.064625752816,
    51.645979889802));
#5712 = CARTESIAN_POINT('',(-1.393215038549,4.063728930933,
    51.64487854488));
#5713 = CARTESIAN_POINT('',(-1.39242682015,4.062837436852,51.64377938971
    ));
#5714 = CARTESIAN_POINT('',(-1.372959748668,4.041248727666,
    51.617043972001));
#5715 = CARTESIAN_POINT('',(-1.349194087757,4.023784045293,
    51.592846155814));
#5716 = CARTESIAN_POINT('',(-1.303765607845,4.004218399624,
    51.56003487681));
#5717 = CARTESIAN_POINT('',(-1.281565979229,3.998120694011,
    51.547369399204));
#5718 = CARTESIAN_POINT('',(-1.234307054652,3.994642916599,
    51.529858870556));
#5719 = CARTESIAN_POINT('',(-1.209253540734,3.997242567627,
    51.525002249963));
#5720 = CARTESIAN_POINT('',(-1.186215625698,4.004069897332,
    51.525002249963));
#5721 = ORIENTED_EDGE('',*,*,#5666,.F.);
#5722 = ORIENTED_EDGE('',*,*,#5723,.F.);
#5723 = EDGE_CURVE('',#5724,#5667,#5726,.T.);
#5724 = VERTEX_POINT('',#5725);
#5725 = CARTESIAN_POINT('',(-1.186215625698,4.004069897332,
    48.400002249963));
#5726 = CIRCLE('',#5727,0.2);
#5727 = AXIS2_PLACEMENT_3D('',#5728,#5729,#5730);
#5728 = CARTESIAN_POINT('',(-1.243043091985,4.195826615794,
    48.400002249963));
#5729 = DIRECTION('',(4.440892098501E-16,-3.330669073875E-16,-1.));
#5730 = DIRECTION('',(-0.284137331437,0.95878359231,-4.455214089516E-16)
  );
#5731 = ORIENTED_EDGE('',*,*,#5732,.F.);
#5732 = EDGE_CURVE('',#5708,#5724,#5733,.T.);
#5733 = LINE('',#5734,#5735);
#5734 = CARTESIAN_POINT('',(-1.186215625698,4.004069897332,
    52.000002249963));
#5735 = VECTOR('',#5736,1.);
#5736 = DIRECTION('',(1.326716514427E-14,-1.887379141863E-15,-1.));
#5737 = CYLINDRICAL_SURFACE('',#5738,0.2);
#5738 = AXIS2_PLACEMENT_3D('',#5739,#5740,#5741);
#5739 = CARTESIAN_POINT('',(-1.243043091985,4.195826615794,
    52.000002249963));
#5740 = DIRECTION('',(1.326716514427E-14,-1.887379141863E-15,-1.));
#5741 = DIRECTION('',(-0.284137331437,0.95878359231,-5.579285053516E-15)
  );
#5742 = ADVANCED_FACE('',(#5743),#5787,.F.);
#5743 = FACE_BOUND('',#5744,.F.);
#5744 = EDGE_LOOP('',(#5745,#5755,#5764,#5772));
#5745 = ORIENTED_EDGE('',*,*,#5746,.T.);
#5746 = EDGE_CURVE('',#5747,#5749,#5751,.T.);
#5747 = VERTEX_POINT('',#5748);
#5748 = CARTESIAN_POINT('',(-0.115553349909,4.42377984144,
    51.775002249963));
#5749 = VERTEX_POINT('',#5750);
#5750 = CARTESIAN_POINT('',(-0.115553349909,4.42377984144,
    48.400002249963));
#5751 = LINE('',#5752,#5753);
#5752 = CARTESIAN_POINT('',(-0.115553349909,4.42377984144,
    52.000002249963));
#5753 = VECTOR('',#5754,1.);
#5754 = DIRECTION('',(1.53089346755E-14,1.48318857196E-14,-1.));
#5755 = ORIENTED_EDGE('',*,*,#5756,.T.);
#5756 = EDGE_CURVE('',#5749,#5757,#5759,.T.);
#5757 = VERTEX_POINT('',#5758);
#5758 = CARTESIAN_POINT('',(-0.300720708961,4.285987030795,
    48.400002249963));
#5759 = CIRCLE('',#5760,0.2);
#5760 = AXIS2_PLACEMENT_3D('',#5761,#5762,#5763);
#5761 = CARTESIAN_POINT('',(-0.110621184015,4.22384066634,
    48.400002249963));
#5762 = DIRECTION('',(-3.885780586188E-16,4.996003610813E-16,1.));
#5763 = DIRECTION('',(0.950497624734,-0.310731822276,5.245842523495E-16)
  );
#5764 = ORIENTED_EDGE('',*,*,#5765,.T.);
#5765 = EDGE_CURVE('',#5757,#5766,#5768,.T.);
#5766 = VERTEX_POINT('',#5767);
#5767 = CARTESIAN_POINT('',(-0.300720708962,4.285987030795,
    51.645979889802));
#5768 = LINE('',#5769,#5770);
#5769 = CARTESIAN_POINT('',(-0.300720708962,4.285987030795,
    52.000002249963));
#5770 = VECTOR('',#5771,1.);
#5771 = DIRECTION('',(-1.53089346755E-14,-1.48318857196E-14,1.));
#5772 = ORIENTED_EDGE('',*,*,#5773,.T.);
#5773 = EDGE_CURVE('',#5766,#5747,#5774,.T.);
#5774 = B_SPLINE_CURVE_WITH_KNOTS('',3,(#5775,#5776,#5777,#5778,#5779,
    #5780,#5781,#5782,#5783,#5784,#5785,#5786),.UNSPECIFIED.,.F.,.F.,(4,
    2,2,2,2,4),(1.030761788618E-02,1.036789961692E-02,2.073579923383E-02
    ,2.925688309386E-02,3.351742502388E-02,3.777796695389E-02),
  .UNSPECIFIED.);
#5775 = CARTESIAN_POINT('',(-0.300720708962,4.285987030795,
    51.645979889802));
#5776 = CARTESIAN_POINT('',(-0.300671499918,4.286137556347,
    51.646126675445));
#5777 = CARTESIAN_POINT('',(-0.30062222472,4.286288090562,
    51.646273421687));
#5778 = CARTESIAN_POINT('',(-0.292028324276,4.31231448101,
    51.671649085811));
#5779 = CARTESIAN_POINT('',(-0.27775322456,4.337278854336,
    51.695604705372));
#5780 = CARTESIAN_POINT('',(-0.243095445395,4.375471318738,
    51.731723238219));
#5781 = CARTESIAN_POINT('',(-0.222091081735,4.39215665392,51.74725941368
    ));
#5782 = CARTESIAN_POINT('',(-0.18492877587,4.410032330594,
    51.763505017247));
#5783 = CARTESIAN_POINT('',(-0.171612757456,4.414842900793,
    51.767788746684));
#5784 = CARTESIAN_POINT('',(-0.144023580032,4.421541119082,
    51.773536857146));
#5785 = CARTESIAN_POINT('',(-0.129750837225,4.423429613113,
    51.775002249963));
#5786 = CARTESIAN_POINT('',(-0.115553349909,4.42377984144,
    51.775002249963));
#5787 = CYLINDRICAL_SURFACE('',#5788,0.2);
#5788 = AXIS2_PLACEMENT_3D('',#5789,#5790,#5791);
#5789 = CARTESIAN_POINT('',(-0.110621184015,4.22384066634,
    52.000002249963));
#5790 = DIRECTION('',(1.529332216421E-14,1.476596622751E-14,-1.));
#5791 = DIRECTION('',(0.950497624734,-0.310731822276,9.948010797836E-15)
  );
#5792 = ADVANCED_FACE('',(#5793),#5829,.F.);
#5793 = FACE_BOUND('',#5794,.F.);
#5794 = EDGE_LOOP('',(#5795,#5806,#5814,#5821,#5822));
#5795 = ORIENTED_EDGE('',*,*,#5796,.T.);
#5796 = EDGE_CURVE('',#5797,#5799,#5801,.T.);
#5797 = VERTEX_POINT('',#5798);
#5798 = CARTESIAN_POINT('',(-7.045700233626E-03,4.425117989244,
    51.775002249963));
#5799 = VERTEX_POINT('',#5800);
#5800 = CARTESIAN_POINT('',(7.132640612794E-02,4.424419958073,
    51.775002249963));
#5801 = CIRCLE('',#5802,4.4);
#5802 = AXIS2_PLACEMENT_3D('',#5803,#5804,#5805);
#5803 = CARTESIAN_POINT('',(-7.045700233637E-03,2.511798924387E-02,
    51.775002249963));
#5804 = DIRECTION('',(3.608224830032E-16,-1.054711873394E-15,-1.));
#5805 = DIRECTION('',(-6.540312923013E-02,0.997858923239,
    -1.076052573797E-15));
#5806 = ORIENTED_EDGE('',*,*,#5807,.F.);
#5807 = EDGE_CURVE('',#5808,#5799,#5810,.T.);
#5808 = VERTEX_POINT('',#5809);
#5809 = CARTESIAN_POINT('',(7.132640612794E-02,4.424419958073,
    48.400002249963));
#5810 = LINE('',#5811,#5812);
#5811 = CARTESIAN_POINT('',(7.132640612794E-02,4.424419958073,
    52.000002249963));
#5812 = VECTOR('',#5813,1.);
#5813 = DIRECTION('',(-3.608224830032E-16,1.054711873394E-15,1.));
#5814 = ORIENTED_EDGE('',*,*,#5815,.F.);
#5815 = EDGE_CURVE('',#5749,#5808,#5816,.T.);
#5816 = CIRCLE('',#5817,4.4);
#5817 = AXIS2_PLACEMENT_3D('',#5818,#5819,#5820);
#5818 = CARTESIAN_POINT('',(-7.045700233637E-03,2.511798924387E-02,
    48.400002249963));
#5819 = DIRECTION('',(3.885780586188E-16,-4.996003610813E-16,-1.));
#5820 = DIRECTION('',(-6.540312923013E-02,0.997858923239,
    -5.239448993421E-16));
#5821 = ORIENTED_EDGE('',*,*,#5746,.F.);
#5822 = ORIENTED_EDGE('',*,*,#5823,.T.);
#5823 = EDGE_CURVE('',#5747,#5797,#5824,.T.);
#5824 = CIRCLE('',#5825,4.4);
#5825 = AXIS2_PLACEMENT_3D('',#5826,#5827,#5828);
#5826 = CARTESIAN_POINT('',(-7.045700233637E-03,2.511798924387E-02,
    51.775002249963));
#5827 = DIRECTION('',(3.608224830032E-16,-1.054711873394E-15,-1.));
#5828 = DIRECTION('',(-6.540312923013E-02,0.997858923239,
    -1.076052573797E-15));
#5829 = CYLINDRICAL_SURFACE('',#5830,4.4);
#5830 = AXIS2_PLACEMENT_3D('',#5831,#5832,#5833);
#5831 = CARTESIAN_POINT('',(-7.045700233637E-03,2.511798924387E-02,
    52.000002249963));
#5832 = DIRECTION('',(3.608224830032E-16,-1.054711873394E-15,-1.));
#5833 = DIRECTION('',(-6.540312923013E-02,0.997858923239,
    -1.076052573797E-15));
#5834 = ADVANCED_FACE('',(#5835),#5877,.T.);
#5835 = FACE_BOUND('',#5836,.T.);
#5836 = EDGE_LOOP('',(#5837,#5854,#5862,#5871));
#5837 = ORIENTED_EDGE('',*,*,#5838,.F.);
#5838 = EDGE_CURVE('',#5839,#5841,#5843,.T.);
#5839 = VERTEX_POINT('',#5840);
#5840 = CARTESIAN_POINT('',(4.032462063338,1.412066808791,
    51.645979889802));
#5841 = VERTEX_POINT('',#5842);
#5842 = CARTESIAN_POINT('',(3.971906207855,1.204287914708,
    51.525002249963));
#5843 = B_SPLINE_CURVE_WITH_KNOTS('',3,(#5844,#5845,#5846,#5847,#5848,
    #5849,#5850,#5851,#5852,#5853),.UNSPECIFIED.,.F.,.F.,(4,2,2,2,4),(
    1.014516854185E-02,1.059833435248E-02,2.119666870495E-02,
    2.84051509594E-02,3.561363321384E-02),.UNSPECIFIED.);
#5844 = CARTESIAN_POINT('',(4.032462063338,1.412066808791,
    51.645979889802));
#5845 = CARTESIAN_POINT('',(4.031565241455,1.411287327559,51.64487854488
    ));
#5846 = CARTESIAN_POINT('',(4.030673747375,1.41049910916,51.64377938971)
  );
#5847 = CARTESIAN_POINT('',(4.009085038188,1.391032037678,
    51.617043972001));
#5848 = CARTESIAN_POINT('',(3.991620355816,1.367266376768,
    51.592846155814));
#5849 = CARTESIAN_POINT('',(3.972054710146,1.321837896856,51.56003487681
    ));
#5850 = CARTESIAN_POINT('',(3.965957004533,1.299638268239,
    51.547369399203));
#5851 = CARTESIAN_POINT('',(3.962479227122,1.252379343663,
    51.529858870556));
#5852 = CARTESIAN_POINT('',(3.96507887815,1.227325829745,51.525002249963
    ));
#5853 = CARTESIAN_POINT('',(3.971906207855,1.204287914708,
    51.525002249963));
#5854 = ORIENTED_EDGE('',*,*,#5855,.F.);
#5855 = EDGE_CURVE('',#5856,#5839,#5858,.T.);
#5856 = VERTEX_POINT('',#5857);
#5857 = CARTESIAN_POINT('',(4.032462063338,1.412066808791,
    48.400002249963));
#5858 = LINE('',#5859,#5860);
#5859 = CARTESIAN_POINT('',(4.032462063338,1.412066808791,
    52.000002249963));
#5860 = VECTOR('',#5861,1.);
#5861 = DIRECTION('',(-9.237402509577E-15,-4.770489558936E-15,1.));
#5862 = ORIENTED_EDGE('',*,*,#5863,.F.);
#5863 = EDGE_CURVE('',#5864,#5856,#5866,.T.);
#5864 = VERTEX_POINT('',#5865);
#5865 = CARTESIAN_POINT('',(3.971906207855,1.204287914708,
    48.400002249963));
#5866 = CIRCLE('',#5867,0.2);
#5867 = AXIS2_PLACEMENT_3D('',#5868,#5869,#5870);
#5868 = CARTESIAN_POINT('',(4.163662926317,1.261115380995,
    48.400002249963));
#5869 = DIRECTION('',(-2.22044604925E-16,-7.216449660064E-16,-1.));
#5870 = DIRECTION('',(0.95878359231,0.284137331437,-4.179389988493E-16)
  );
#5871 = ORIENTED_EDGE('',*,*,#5872,.F.);
#5872 = EDGE_CURVE('',#5841,#5864,#5873,.T.);
#5873 = LINE('',#5874,#5875);
#5874 = CARTESIAN_POINT('',(3.971906207855,1.204287914708,
    52.000002249963));
#5875 = VECTOR('',#5876,1.);
#5876 = DIRECTION('',(9.27036225562E-15,4.773959005888E-15,-1.));
#5877 = CYLINDRICAL_SURFACE('',#5878,0.2);
#5878 = AXIS2_PLACEMENT_3D('',#5879,#5880,#5881);
#5879 = CARTESIAN_POINT('',(4.163662926317,1.261115380995,
    52.000002249963));
#5880 = DIRECTION('',(9.27036225562E-15,4.773959005888E-15,-1.));
#5881 = DIRECTION('',(0.95878359231,0.284137331437,1.024473119779E-14));
#5882 = ADVANCED_FACE('',(#5883),#5918,.F.);
#5883 = FACE_BOUND('',#5884,.F.);
#5884 = EDGE_LOOP('',(#5885,#5895,#5902,#5903));
#5885 = ORIENTED_EDGE('',*,*,#5886,.F.);
#5886 = EDGE_CURVE('',#5887,#5889,#5891,.T.);
#5887 = VERTEX_POINT('',#5888);
#5888 = CARTESIAN_POINT('',(0.257433368775,4.287898868207,
    48.400002249963));
#5889 = VERTEX_POINT('',#5890);
#5890 = CARTESIAN_POINT('',(0.257433368775,4.287898868207,
    51.645979889802));
#5891 = LINE('',#5892,#5893);
#5892 = CARTESIAN_POINT('',(0.257433368775,4.287898868207,
    52.000002249963));
#5893 = VECTOR('',#5894,1.);
#5894 = DIRECTION('',(5.767955557623E-15,-1.604619215279E-14,1.));
#5895 = ORIENTED_EDGE('',*,*,#5896,.T.);
#5896 = EDGE_CURVE('',#5887,#5808,#5897,.T.);
#5897 = CIRCLE('',#5898,0.2);
#5898 = AXIS2_PLACEMENT_3D('',#5899,#5900,#5901);
#5899 = CARTESIAN_POINT('',(6.776403765696E-02,4.224451686763,
    48.400002249963));
#5900 = DIRECTION('',(-3.885780586188E-16,4.996003610813E-16,1.));
#5901 = DIRECTION('',(0.735923385715,0.677064819908,-5.229814798819E-17)
  );
#5902 = ORIENTED_EDGE('',*,*,#5807,.T.);
#5903 = ORIENTED_EDGE('',*,*,#5904,.T.);
#5904 = EDGE_CURVE('',#5799,#5889,#5905,.T.);
#5905 = B_SPLINE_CURVE_WITH_KNOTS('',3,(#5906,#5907,#5908,#5909,#5910,
    #5911,#5912,#5913,#5914,#5915,#5916,#5917),.UNSPECIFIED.,.F.,.F.,(4,
    2,2,2,2,4),(3.777796695389E-02,4.203850888391E-02,4.629905081392E-02
    ,5.482013467395E-02,6.518803429087E-02,6.524831602161E-02),
  .UNSPECIFIED.);
#5906 = CARTESIAN_POINT('',(7.132640612794E-02,4.424419958073,
    51.775002249963));
#5907 = CARTESIAN_POINT('',(8.552595953778E-02,4.424166997736,
    51.775002249963));
#5908 = CARTESIAN_POINT('',(9.981130454946E-02,4.422376323326,
    51.773536857146));
#5909 = CARTESIAN_POINT('',(0.127445720686,4.415867261646,
    51.767788746684));
#5910 = CARTESIAN_POINT('',(0.140794381413,4.411148025602,
    51.763505017247));
#5911 = CARTESIAN_POINT('',(0.178078272446,4.393527348452,51.74725941368
    ));
#5912 = CARTESIAN_POINT('',(0.199196445994,4.376986295012,
    51.731723238219));
#5913 = CARTESIAN_POINT('',(0.234115049084,4.339032149626,
    51.695604705372));
#5914 = CARTESIAN_POINT('',(0.248560832072,4.31416615354,51.671649085811
    ));
#5915 = CARTESIAN_POINT('',(0.257332824437,4.288199246244,
    51.646273421687));
#5916 = CARTESIAN_POINT('',(0.257383129712,4.288049053121,
    51.646126675445));
#5917 = CARTESIAN_POINT('',(0.257433368775,4.287898868207,
    51.645979889802));
#5918 = CYLINDRICAL_SURFACE('',#5919,0.2);
#5919 = AXIS2_PLACEMENT_3D('',#5920,#5921,#5922);
#5920 = CARTESIAN_POINT('',(6.776403765696E-02,4.224451686763,
    52.000002249963));
#5921 = DIRECTION('',(3.608224830032E-16,-9.992007221626E-16,-1.));
#5922 = DIRECTION('',(0.735923385715,0.677064819908,-4.109859536693E-16)
  );
#5923 = ADVANCED_FACE('',(#5924),#5957,.T.);
#5924 = FACE_BOUND('',#5925,.T.);
#5925 = EDGE_LOOP('',(#5926,#5941,#5942,#5951));
#5926 = ORIENTED_EDGE('',*,*,#5927,.F.);
#5927 = EDGE_CURVE('',#5889,#5928,#5930,.T.);
#5928 = VERTEX_POINT('',#5929);
#5929 = CARTESIAN_POINT('',(0.42622231368,4.152439012392,51.525002249963
    ));
#5930 = B_SPLINE_CURVE_WITH_KNOTS('',3,(#5931,#5932,#5933,#5934,#5935,
    #5936,#5937,#5938,#5939,#5940),.UNSPECIFIED.,.F.,.F.,(4,2,2,2,4),(
    1.014516854185E-02,1.059833435248E-02,2.119666870496E-02,
    2.84051509594E-02,3.561363321384E-02),.UNSPECIFIED.);
#5931 = CARTESIAN_POINT('',(0.257433368775,4.287898868207,
    51.645979889802));
#5932 = CARTESIAN_POINT('',(0.257810316655,4.286772018272,51.64487854488
    ));
#5933 = CARTESIAN_POINT('',(0.258197375487,4.285646747015,51.64377938971
    ));
#5934 = CARTESIAN_POINT('',(0.267920963055,4.258251654732,
    51.617043972001));
#5935 = CARTESIAN_POINT('',(0.283194126151,4.233021667456,
    51.592846155814));
#5936 = CARTESIAN_POINT('',(0.317677120493,4.197560641262,51.56003487681
    ));
#5937 = CARTESIAN_POINT('',(0.335853412088,4.183431665775,
    51.547369399204));
#5938 = CARTESIAN_POINT('',(0.378184077436,4.162133410939,
    51.529858870556));
#5939 = CARTESIAN_POINT('',(0.402325349541,4.154947610617,
    51.525002249963));
#5940 = CARTESIAN_POINT('',(0.42622231368,4.152439012392,51.525002249963
    ));
#5941 = ORIENTED_EDGE('',*,*,#5886,.F.);
#5942 = ORIENTED_EDGE('',*,*,#5943,.F.);
#5943 = EDGE_CURVE('',#5944,#5887,#5946,.T.);
#5944 = VERTEX_POINT('',#5945);
#5945 = CARTESIAN_POINT('',(0.42622231368,4.152439012392,48.400002249963
    ));
#5946 = CIRCLE('',#5947,0.2);
#5947 = AXIS2_PLACEMENT_3D('',#5948,#5949,#5950);
#5948 = CARTESIAN_POINT('',(0.447102699893,4.351346049652,
    48.400002249963));
#5949 = DIRECTION('',(3.885780586188E-16,-4.996003610813E-16,-1.));
#5950 = DIRECTION('',(0.104401931064,0.994535186301,-4.563018384952E-16)
  );
#5951 = ORIENTED_EDGE('',*,*,#5952,.F.);
#5952 = EDGE_CURVE('',#5928,#5944,#5953,.T.);
#5953 = LINE('',#5954,#5955);
#5954 = CARTESIAN_POINT('',(0.42622231368,4.152439012392,52.000002249963
    ));
#5955 = VECTOR('',#5956,1.);
#5956 = DIRECTION('',(-5.745404152435E-15,1.59872115546E-14,-1.));
#5957 = CYLINDRICAL_SURFACE('',#5958,0.2);
#5958 = AXIS2_PLACEMENT_3D('',#5959,#5960,#5961);
#5959 = CARTESIAN_POINT('',(0.447102699893,4.351346049652,
    52.000002249963));
#5960 = DIRECTION('',(-5.745404152435E-15,1.59872115546E-14,-1.));
#5961 = DIRECTION('',(0.104401931064,0.994535186301,1.530001313363E-14)
  );
#5962 = ADVANCED_FACE('',(#5963),#6007,.F.);
#5963 = FACE_BOUND('',#5964,.F.);
#5964 = EDGE_LOOP('',(#5965,#5975,#5984,#5992));
#5965 = ORIENTED_EDGE('',*,*,#5966,.T.);
#5966 = EDGE_CURVE('',#5967,#5969,#5971,.T.);
#5967 = VERTEX_POINT('',#5968);
#5968 = CARTESIAN_POINT('',(1.576001318522,4.130475724741,
    51.775002249963));
#5969 = VERTEX_POINT('',#5970);
#5970 = CARTESIAN_POINT('',(1.576001318522,4.130475724741,
    48.400002249963));
#5971 = LINE('',#5972,#5973);
#5972 = CARTESIAN_POINT('',(1.576001318522,4.130475724741,
    52.000002249963));
#5973 = VECTOR('',#5974,1.);
#5974 = DIRECTION('',(-1.444157293751E-14,-1.49186218934E-14,-1.));
#5975 = ORIENTED_EDGE('',*,*,#5976,.T.);
#5976 = EDGE_CURVE('',#5969,#5977,#5979,.T.);
#5977 = VERTEX_POINT('',#5978);
#5978 = CARTESIAN_POINT('',(1.352197959671,4.074032247784,
    48.400002249963));
#5979 = CIRCLE('',#5980,0.2);
#5980 = AXIS2_PLACEMENT_3D('',#5981,#5982,#5983);
#5981 = CARTESIAN_POINT('',(1.504044635851,3.943868554946,
    48.400002249963));
#5982 = DIRECTION('',(-3.053113317719E-16,5.551115123126E-16,1.));
#5983 = DIRECTION('',(0.759233380899,-0.650818464189,5.930793765447E-16)
  );
#5984 = ORIENTED_EDGE('',*,*,#5985,.T.);
#5985 = EDGE_CURVE('',#5977,#5986,#5988,.T.);
#5986 = VERTEX_POINT('',#5987);
#5987 = CARTESIAN_POINT('',(1.352197959672,4.074032247784,
    51.645979889802));
#5988 = LINE('',#5989,#5990);
#5989 = CARTESIAN_POINT('',(1.352197959672,4.074032247784,
    52.000002249963));
#5990 = VECTOR('',#5991,1.);
#5991 = DIRECTION('',(1.444157293751E-14,1.49186218934E-14,1.));
#5992 = ORIENTED_EDGE('',*,*,#5993,.T.);
#5993 = EDGE_CURVE('',#5986,#5967,#5994,.T.);
#5994 = B_SPLINE_CURVE_WITH_KNOTS('',3,(#5995,#5996,#5997,#5998,#5999,
    #6000,#6001,#6002,#6003,#6004,#6005,#6006),.UNSPECIFIED.,.F.,.F.,(4,
    2,2,2,2,4),(1.030761788618E-02,1.036789961692E-02,2.073579923383E-02
    ,2.925688309386E-02,3.351742502388E-02,3.777796695389E-02),
  .UNSPECIFIED.);
#5995 = CARTESIAN_POINT('',(1.352197959672,4.074032247784,
    51.645979889802));
#5996 = CARTESIAN_POINT('',(1.352301026535,4.074152483775,
    51.646126675445));
#5997 = CARTESIAN_POINT('',(1.352404157831,4.074272702453,
    51.646273421687));
#5998 = CARTESIAN_POINT('',(1.370303754985,4.095029208573,
    51.671649085811));
#5999 = CARTESIAN_POINT('',(1.393045679508,4.112630437975,
    51.695604705372));
#6000 = CARTESIAN_POINT('',(1.439680915689,4.134652716243,
    51.731723238219));
#6001 = CARTESIAN_POINT('',(1.465471618705,4.14202993393,51.74725941368)
  );
#6002 = CARTESIAN_POINT('',(1.506645837781,4.144323506976,
    51.763505017247));
#6003 = CARTESIAN_POINT('',(1.520789160163,4.143672074691,
    51.767788746684));
#6004 = CARTESIAN_POINT('',(1.548841533669,4.13930250036,51.773536857146
    ));
#6005 = CARTESIAN_POINT('',(1.562750523999,4.135585299136,
    51.775002249963));
#6006 = CARTESIAN_POINT('',(1.576001318522,4.130475724741,
    51.775002249963));
#6007 = CYLINDRICAL_SURFACE('',#6008,0.2);
#6008 = AXIS2_PLACEMENT_3D('',#6009,#6010,#6011);
#6009 = CARTESIAN_POINT('',(1.504044635851,3.943868554946,
    52.000002249963));
#6010 = DIRECTION('',(-1.440514374451E-14,-1.493249968121E-14,-1.));
#6011 = DIRECTION('',(0.759233380899,-0.650818464189,-1.218519478455E-15
    ));
#6012 = ADVANCED_FACE('',(#6013),#6040,.F.);
#6013 = FACE_BOUND('',#6014,.F.);
#6014 = EDGE_LOOP('',(#6015,#6025,#6032,#6033));
#6015 = ORIENTED_EDGE('',*,*,#6016,.F.);
#6016 = EDGE_CURVE('',#6017,#6019,#6021,.T.);
#6017 = VERTEX_POINT('',#6018);
#6018 = CARTESIAN_POINT('',(1.748900662196,4.059551328918,
    48.400002249963));
#6019 = VERTEX_POINT('',#6020);
#6020 = CARTESIAN_POINT('',(1.748900662196,4.059551328918,
    51.775002249963));
#6021 = LINE('',#6022,#6023);
#6022 = CARTESIAN_POINT('',(1.748900662196,4.059551328918,
    52.000002249963));
#6023 = VECTOR('',#6024,1.);
#6024 = DIRECTION('',(-2.22044604925E-16,9.992007221626E-16,1.));
#6025 = ORIENTED_EDGE('',*,*,#6026,.F.);
#6026 = EDGE_CURVE('',#5969,#6017,#6027,.T.);
#6027 = CIRCLE('',#6028,4.4);
#6028 = AXIS2_PLACEMENT_3D('',#6029,#6030,#6031);
#6029 = CARTESIAN_POINT('',(-7.045700233637E-03,2.511798924386E-02,
    48.400002249963));
#6030 = DIRECTION('',(3.053113317719E-16,-5.551115123126E-16,-1.));
#6031 = DIRECTION('',(0.321439465303,0.946930129495,-4.275127050026E-16)
  );
#6032 = ORIENTED_EDGE('',*,*,#5966,.F.);
#6033 = ORIENTED_EDGE('',*,*,#6034,.T.);
#6034 = EDGE_CURVE('',#5967,#6019,#6035,.T.);
#6035 = CIRCLE('',#6036,4.4);
#6036 = AXIS2_PLACEMENT_3D('',#6037,#6038,#6039);
#6037 = CARTESIAN_POINT('',(-7.045700233637E-03,2.511798924388E-02,
    51.775002249963));
#6038 = DIRECTION('',(2.22044604925E-16,-9.992007221626E-16,-1.));
#6039 = DIRECTION('',(0.321439465303,0.946930129495,-8.747993701485E-16)
  );
#6040 = CYLINDRICAL_SURFACE('',#6041,4.4);
#6041 = AXIS2_PLACEMENT_3D('',#6042,#6043,#6044);
#6042 = CARTESIAN_POINT('',(-7.045700233637E-03,2.511798924388E-02,
    52.000002249963));
#6043 = DIRECTION('',(2.22044604925E-16,-9.992007221626E-16,-1.));
#6044 = DIRECTION('',(0.321439465303,0.946930129495,-8.747993701485E-16)
  );
#6045 = ADVANCED_FACE('',(#6046),#6081,.F.);
#6046 = FACE_BOUND('',#6047,.F.);
#6047 = EDGE_LOOP('',(#6048,#6058,#6065,#6066));
#6048 = ORIENTED_EDGE('',*,*,#6049,.F.);
#6049 = EDGE_CURVE('',#6050,#6052,#6054,.T.);
#6050 = VERTEX_POINT('',#6051);
#6051 = CARTESIAN_POINT('',(1.868596716583,3.862202236982,
    48.400002249963));
#6052 = VERTEX_POINT('',#6053);
#6053 = CARTESIAN_POINT('',(1.868596716583,3.862202236982,
    51.645979889802));
#6054 = LINE('',#6055,#6056);
#6055 = CARTESIAN_POINT('',(1.868596716583,3.862202236982,
    52.000002249963));
#6056 = VECTOR('',#6057,1.);
#6057 = DIRECTION('',(-1.960237527854E-14,1.058181320346E-14,1.));
#6058 = ORIENTED_EDGE('',*,*,#6059,.T.);
#6059 = EDGE_CURVE('',#6050,#6017,#6060,.T.);
#6060 = CIRCLE('',#6061,0.2);
#6061 = AXIS2_PLACEMENT_3D('',#6062,#6063,#6064);
#6062 = CARTESIAN_POINT('',(1.669084918449,3.876167995296,
    48.400002249963));
#6063 = DIRECTION('',(-3.053113317719E-16,5.551115123126E-16,1.));
#6064 = DIRECTION('',(0.939006042775,0.343900642093,9.578597994374E-17)
  );
#6065 = ORIENTED_EDGE('',*,*,#6016,.T.);
#6066 = ORIENTED_EDGE('',*,*,#6067,.T.);
#6067 = EDGE_CURVE('',#6019,#6052,#6068,.T.);
#6068 = B_SPLINE_CURVE_WITH_KNOTS('',3,(#6069,#6070,#6071,#6072,#6073,
    #6074,#6075,#6076,#6077,#6078,#6079,#6080),.UNSPECIFIED.,.F.,.F.,(4,
    2,2,2,2,4),(3.777796695389E-02,4.203850888391E-02,4.629905081392E-02
    ,5.482013467395E-02,6.518803429087E-02,6.524831602161E-02),
  .UNSPECIFIED.);
#6069 = CARTESIAN_POINT('',(1.748900662196,4.059551328918,
    51.775002249963));
#6070 = CARTESIAN_POINT('',(1.761922535232,4.053883690203,
    51.775002249963));
#6071 = CARTESIAN_POINT('',(1.774435211673,4.046762557904,
    51.773536857146));
#6072 = CARTESIAN_POINT('',(1.797475173069,4.030173735824,
    51.767788746684));
#6073 = CARTESIAN_POINT('',(1.808001754054,4.020705418929,
    51.763505017247));
#6074 = CARTESIAN_POINT('',(1.835704436659,3.990158108569,51.74725941368
    ));
#6075 = CARTESIAN_POINT('',(1.848885097859,3.966794592711,
    51.731723238219));
#6076 = CARTESIAN_POINT('',(1.866621257929,3.918366763731,
    51.695604705372));
#6077 = CARTESIAN_POINT('',(1.870451616432,3.889865417075,
    51.671649085811));
#6078 = CARTESIAN_POINT('',(1.868618775425,3.862518226754,
    51.646273421687));
#6079 = CARTESIAN_POINT('',(1.868607775019,3.862360215407,
    51.646126675445));
#6080 = CARTESIAN_POINT('',(1.868596716583,3.862202236982,
    51.645979889802));
#6081 = CYLINDRICAL_SURFACE('',#6082,0.2);
#6082 = AXIS2_PLACEMENT_3D('',#6083,#6084,#6085);
#6083 = CARTESIAN_POINT('',(1.669084918449,3.876167995296,
    52.000002249963));
#6084 = DIRECTION('',(3.608224830032E-16,-7.771561172376E-16,-1.));
#6085 = DIRECTION('',(0.939006042775,0.343900642093,7.155000418419E-17)
  );
#6086 = ADVANCED_FACE('',(#6087),#6120,.T.);
#6087 = FACE_BOUND('',#6088,.T.);
#6088 = EDGE_LOOP('',(#6089,#6104,#6105,#6114));
#6089 = ORIENTED_EDGE('',*,*,#6090,.F.);
#6090 = EDGE_CURVE('',#6052,#6091,#6093,.T.);
#6091 = VERTEX_POINT('',#6092);
#6092 = CARTESIAN_POINT('',(1.972699125524,3.672460915935,
    51.525002249963));
#6093 = B_SPLINE_CURVE_WITH_KNOTS('',3,(#6094,#6095,#6096,#6097,#6098,
    #6099,#6100,#6101,#6102,#6103),.UNSPECIFIED.,.F.,.F.,(4,2,2,2,4),(
    1.014516854185E-02,1.059833435248E-02,2.119666870496E-02,
    2.84051509594E-02,3.561363321384E-02),.UNSPECIFIED.);
#6094 = CARTESIAN_POINT('',(1.868596716583,3.862202236982,
    51.645979889802));
#6095 = CARTESIAN_POINT('',(1.868513744213,3.861016911682,51.64487854488
    ));
#6096 = CARTESIAN_POINT('',(1.868440717279,3.859829175597,51.64377938971
    ));
#6097 = CARTESIAN_POINT('',(1.86694049287,3.83079835468,51.617043972001)
  );
#6098 = CARTESIAN_POINT('',(1.871395957523,3.801644099353,
    51.592846155814));
#6099 = CARTESIAN_POINT('',(1.889683742996,3.755686312417,51.56003487681
    ));
#6100 = CARTESIAN_POINT('',(1.901069521943,3.735677075494,
    51.547369399204));
#6101 = CARTESIAN_POINT('',(1.932027467991,3.699800809463,
    51.529858870556));
#6102 = CARTESIAN_POINT('',(1.951581208445,3.68392353075,51.525002249963
    ));
#6103 = CARTESIAN_POINT('',(1.972699125524,3.672460915935,
    51.525002249963));
#6104 = ORIENTED_EDGE('',*,*,#6049,.F.);
#6105 = ORIENTED_EDGE('',*,*,#6106,.F.);
#6106 = EDGE_CURVE('',#6107,#6050,#6109,.T.);
#6107 = VERTEX_POINT('',#6108);
#6108 = CARTESIAN_POINT('',(1.972699125524,3.672460915935,
    48.400002249963));
#6109 = CIRCLE('',#6110,0.2);
#6110 = AXIS2_PLACEMENT_3D('',#6111,#6112,#6113);
#6111 = CARTESIAN_POINT('',(2.068108514717,3.848236478667,
    48.400002249963));
#6112 = DIRECTION('',(3.053113317719E-16,-5.551115123126E-16,-1.));
#6113 = DIRECTION('',(0.477046945966,0.878877813661,-3.422273538886E-16)
  );
#6114 = ORIENTED_EDGE('',*,*,#6115,.F.);
#6115 = EDGE_CURVE('',#6091,#6107,#6116,.T.);
#6116 = LINE('',#6117,#6118);
#6117 = CARTESIAN_POINT('',(1.972699125524,3.672460915935,
    52.000002249963));
#6118 = VECTOR('',#6119,1.);
#6119 = DIRECTION('',(1.959543638463E-14,-1.06581410364E-14,-1.));
#6120 = CYLINDRICAL_SURFACE('',#6121,0.2);
#6121 = AXIS2_PLACEMENT_3D('',#6122,#6123,#6124);
#6122 = CARTESIAN_POINT('',(2.068108514717,3.848236478667,
    52.000002249963));
#6123 = DIRECTION('',(1.959543638463E-14,-1.06581410364E-14,-1.));
#6124 = DIRECTION('',(0.477046945966,0.878877813661,-1.926060960421E-17)
  );
#6125 = ADVANCED_FACE('',(#6126),#6160,.F.);
#6126 = FACE_BOUND('',#6127,.T.);
#6127 = EDGE_LOOP('',(#6128,#6138,#6146,#6154));
#6128 = ORIENTED_EDGE('',*,*,#6129,.F.);
#6129 = EDGE_CURVE('',#6130,#6132,#6134,.T.);
#6130 = VERTEX_POINT('',#6131);
#6131 = CARTESIAN_POINT('',(2.729239432432,3.145253190282,
    51.525002249963));
#6132 = VERTEX_POINT('',#6133);
#6133 = CARTESIAN_POINT('',(2.75906519929,3.179262959206,51.570237642644
    ));
#6134 = LINE('',#6135,#6136);
#6135 = CARTESIAN_POINT('',(2.910559531584,3.352009137338,
    51.800002249963));
#6136 = VECTOR('',#6137,1.);
#6137 = DIRECTION('',(0.466227897004,0.531631026234,0.707106781187));
#6138 = ORIENTED_EDGE('',*,*,#6139,.F.);
#6139 = EDGE_CURVE('',#6140,#6130,#6142,.T.);
#6140 = VERTEX_POINT('',#6141);
#6141 = CARTESIAN_POINT('',(2.729239432432,3.145253190282,
    48.400002249963));
#6142 = LINE('',#6143,#6144);
#6143 = CARTESIAN_POINT('',(2.729239432432,3.145253190282,
    52.000002249963));
#6144 = VECTOR('',#6145,1.);
#6145 = DIRECTION('',(-1.343559869124E-44,6.956697612885E-61,1.));
#6146 = ORIENTED_EDGE('',*,*,#6147,.T.);
#6147 = EDGE_CURVE('',#6140,#6148,#6150,.T.);
#6148 = VERTEX_POINT('',#6149);
#6149 = CARTESIAN_POINT('',(2.75906519929,3.179262959206,48.400002249963
    ));
#6150 = LINE('',#6151,#6152);
#6151 = CARTESIAN_POINT('',(2.729239432432,3.145253190282,
    48.400002249963));
#6152 = VECTOR('',#6153,1.);
#6153 = DIRECTION('',(0.6593458151,0.751839807479,-3.885780586188E-16));
#6154 = ORIENTED_EDGE('',*,*,#6155,.T.);
#6155 = EDGE_CURVE('',#6148,#6132,#6156,.T.);
#6156 = LINE('',#6157,#6158);
#6157 = CARTESIAN_POINT('',(2.75906519929,3.179262959206,52.000002249963
    ));
#6158 = VECTOR('',#6159,1.);
#6159 = DIRECTION('',(2.775557561563E-16,9.992007221626E-16,1.));
#6160 = PLANE('',#6161);
#6161 = AXIS2_PLACEMENT_3D('',#6162,#6163,#6164);
#6162 = CARTESIAN_POINT('',(2.729239432432,3.145253190282,
    52.000002249963));
#6163 = DIRECTION('',(-0.751839807479,0.6593458151,-3.74700270811E-16));
#6164 = DIRECTION('',(0.6593458151,0.751839807479,-4.996003610813E-16));
#6165 = ADVANCED_FACE('',(#6166),#6210,.F.);
#6166 = FACE_BOUND('',#6167,.F.);
#6167 = EDGE_LOOP('',(#6168,#6178,#6187,#6195));
#6168 = ORIENTED_EDGE('',*,*,#6169,.T.);
#6169 = EDGE_CURVE('',#6170,#6172,#6174,.T.);
#6170 = VERTEX_POINT('',#6171);
#6171 = CARTESIAN_POINT('',(3.180004418497,-3.008479139694,
    51.775002249963));
#6172 = VERTEX_POINT('',#6173);
#6173 = CARTESIAN_POINT('',(3.180004418497,-3.008479139694,
    48.400002249963));
#6174 = LINE('',#6175,#6176);
#6175 = CARTESIAN_POINT('',(3.180004418497,-3.008479139694,
    52.000002249963));
#6176 = VECTOR('',#6177,1.);
#6177 = DIRECTION('',(-7.632783294298E-15,-1.734723475977E-16,-1.));
#6178 = ORIENTED_EDGE('',*,*,#6179,.T.);
#6179 = EDGE_CURVE('',#6172,#6180,#6182,.T.);
#6180 = VERTEX_POINT('',#6181);
#6181 = CARTESIAN_POINT('',(3.213503282931,-2.780111813648,
    48.400002249963));
#6182 = CIRCLE('',#6183,0.2);
#6183 = AXIS2_PLACEMENT_3D('',#6184,#6185,#6186);
#6184 = CARTESIAN_POINT('',(3.035138504009,-2.870588361106,
    48.400002249963));
#6185 = DIRECTION('',(3.608224830032E-16,3.330669073875E-16,1.));
#6186 = DIRECTION('',(-0.891823894613,-0.452382737289,4.724638313203E-16
    ));
#6187 = ORIENTED_EDGE('',*,*,#6188,.T.);
#6188 = EDGE_CURVE('',#6180,#6189,#6191,.T.);
#6189 = VERTEX_POINT('',#6190);
#6190 = CARTESIAN_POINT('',(3.213503282931,-2.780111813648,
    51.645979889802));
#6191 = LINE('',#6192,#6193);
#6192 = CARTESIAN_POINT('',(3.213503282931,-2.780111813648,
    52.000002249963));
#6193 = VECTOR('',#6194,1.);
#6194 = DIRECTION('',(7.632783294298E-15,1.734723475977E-16,1.));
#6195 = ORIENTED_EDGE('',*,*,#6196,.T.);
#6196 = EDGE_CURVE('',#6189,#6170,#6197,.T.);
#6197 = B_SPLINE_CURVE_WITH_KNOTS('',3,(#6198,#6199,#6200,#6201,#6202,
    #6203,#6204,#6205,#6206,#6207,#6208,#6209),.UNSPECIFIED.,.F.,.F.,(4,
    2,2,2,2,4),(1.030761788618E-02,1.036789961692E-02,2.073579923383E-02
    ,2.925688309386E-02,3.351742502388E-02,3.777796695389E-02),
  .UNSPECIFIED.);
#6198 = CARTESIAN_POINT('',(3.213503282931,-2.780111813648,
    51.645979889802));
#6199 = CARTESIAN_POINT('',(3.213574924522,-2.780253047335,
    51.646126675445));
#6200 = CARTESIAN_POINT('',(3.213646525459,-2.780394333926,
    51.646273421687));
#6201 = CARTESIAN_POINT('',(3.225973157354,-2.804874576382,
    51.671649085811));
#6202 = CARTESIAN_POINT('',(3.23353161521,-2.83262107386,51.695604705372
    ));
#6203 = CARTESIAN_POINT('',(3.23603101511,-2.884133975098,
    51.731723238219));
#6204 = CARTESIAN_POINT('',(3.232977000785,-2.91078461673,51.74725941368
    ));
#6205 = CARTESIAN_POINT('',(3.219339294498,-2.949702347406,
    51.763505017247));
#6206 = CARTESIAN_POINT('',(3.213325034388,-2.962519781134,
    51.767788746684));
#6207 = CARTESIAN_POINT('',(3.198552895518,-2.986764631152,
    51.773536857146));
#6208 = CARTESIAN_POINT('',(3.189795909229,-2.998192351312,
    51.775002249963));
#6209 = CARTESIAN_POINT('',(3.180004418497,-3.008479139694,
    51.775002249963));
#6210 = CYLINDRICAL_SURFACE('',#6211,0.2);
#6211 = AXIS2_PLACEMENT_3D('',#6212,#6213,#6214);
#6212 = CARTESIAN_POINT('',(3.035138504009,-2.870588361106,
    52.000002249963));
#6213 = DIRECTION('',(-7.660538869914E-15,-1.665334536938E-16,-1.));
#6214 = DIRECTION('',(-0.891823894613,-0.452382737289,6.907188469432E-15
    ));
#6215 = ADVANCED_FACE('',(#6216),#6243,.F.);
#6216 = FACE_BOUND('',#6217,.F.);
#6217 = EDGE_LOOP('',(#6218,#6228,#6235,#6236));
#6218 = ORIENTED_EDGE('',*,*,#6219,.F.);
#6219 = EDGE_CURVE('',#6220,#6222,#6224,.T.);
#6220 = VERTEX_POINT('',#6221);
#6221 = CARTESIAN_POINT('',(3.048313106549,-3.141075713267,
    48.400002249963));
#6222 = VERTEX_POINT('',#6223);
#6223 = CARTESIAN_POINT('',(3.048313106549,-3.141075713267,
    51.775002249963));
#6224 = LINE('',#6225,#6226);
#6225 = CARTESIAN_POINT('',(3.048313106549,-3.141075713267,
    52.000002249963));
#6226 = VECTOR('',#6227,1.);
#6227 = DIRECTION('',(5.273559366969E-16,1.110223024625E-16,1.));
#6228 = ORIENTED_EDGE('',*,*,#6229,.F.);
#6229 = EDGE_CURVE('',#6172,#6220,#6230,.T.);
#6230 = CIRCLE('',#6231,4.4);
#6231 = AXIS2_PLACEMENT_3D('',#6232,#6233,#6234);
#6232 = CARTESIAN_POINT('',(-7.045700233632E-03,2.511798924387E-02,
    48.400002249963));
#6233 = DIRECTION('',(-3.608224830032E-16,-3.330669073875E-16,-1.));
#6234 = DIRECTION('',(0.751839807479,-0.6593458151,-5.167443462089E-17)
  );
#6235 = ORIENTED_EDGE('',*,*,#6169,.F.);
#6236 = ORIENTED_EDGE('',*,*,#6237,.T.);
#6237 = EDGE_CURVE('',#6170,#6222,#6238,.T.);
#6238 = CIRCLE('',#6239,4.4);
#6239 = AXIS2_PLACEMENT_3D('',#6240,#6241,#6242);
#6240 = CARTESIAN_POINT('',(-7.045700233623E-03,2.511798924386E-02,
    51.775002249963));
#6241 = DIRECTION('',(-5.273559366969E-16,-1.110223024625E-16,-1.));
#6242 = DIRECTION('',(0.751839807479,-0.6593458151,-3.232850954077E-16)
  );
#6243 = CYLINDRICAL_SURFACE('',#6244,4.4);
#6244 = AXIS2_PLACEMENT_3D('',#6245,#6246,#6247);
#6245 = CARTESIAN_POINT('',(-7.045700233623E-03,2.511798924386E-02,
    52.000002249963));
#6246 = DIRECTION('',(-5.273559366969E-16,-1.110223024625E-16,-1.));
#6247 = DIRECTION('',(0.751839807479,-0.6593458151,-3.232850954077E-16)
  );
#6248 = ADVANCED_FACE('',(#6249),#6293,.F.);
#6249 = FACE_BOUND('',#6250,.F.);
#6250 = EDGE_LOOP('',(#6251,#6261,#6270,#6278));
#6251 = ORIENTED_EDGE('',*,*,#6252,.T.);
#6252 = EDGE_CURVE('',#6253,#6255,#6257,.T.);
#6253 = VERTEX_POINT('',#6254);
#6254 = CARTESIAN_POINT('',(4.015263875633,1.808661001312,
    51.775002249963));
#6255 = VERTEX_POINT('',#6256);
#6256 = CARTESIAN_POINT('',(4.015263875633,1.808661001312,
    48.400002249963));
#6257 = LINE('',#6258,#6259);
#6258 = CARTESIAN_POINT('',(4.015263875633,1.808661001312,
    52.000002249963));
#6259 = VECTOR('',#6260,1.);
#6260 = DIRECTION('',(1.595945597899E-14,2.515349040166E-15,-1.));
#6261 = ORIENTED_EDGE('',*,*,#6262,.T.);
#6262 = EDGE_CURVE('',#6255,#6263,#6265,.T.);
#6263 = VERTEX_POINT('',#6264);
#6264 = CARTESIAN_POINT('',(3.817099437627,1.927002308697,
    48.400002249963));
#6265 = CIRCLE('',#6266,0.2);
#6266 = AXIS2_PLACEMENT_3D('',#6267,#6268,#6269);
#6267 = CARTESIAN_POINT('',(3.832431622184,1.727590864399,
    48.400002249963));
#6268 = DIRECTION('',(2.22044604925E-16,7.216449660064E-16,1.));
#6269 = DIRECTION('',(7.666092278745E-02,-0.997057221486,
    7.024991803921E-16));
#6270 = ORIENTED_EDGE('',*,*,#6271,.T.);
#6271 = EDGE_CURVE('',#6263,#6272,#6274,.T.);
#6272 = VERTEX_POINT('',#6273);
#6273 = CARTESIAN_POINT('',(3.817099437627,1.927002308697,
    51.645979889802));
#6274 = LINE('',#6275,#6276);
#6275 = CARTESIAN_POINT('',(3.817099437627,1.927002308697,
    52.000002249963));
#6276 = VECTOR('',#6277,1.);
#6277 = DIRECTION('',(-1.595945597899E-14,-2.515349040166E-15,1.));
#6278 = ORIENTED_EDGE('',*,*,#6279,.T.);
#6279 = EDGE_CURVE('',#6272,#6253,#6280,.T.);
#6280 = B_SPLINE_CURVE_WITH_KNOTS('',3,(#6281,#6282,#6283,#6284,#6285,
    #6286,#6287,#6288,#6289,#6290,#6291,#6292),.UNSPECIFIED.,.F.,.F.,(4,
    2,2,2,2,4),(1.030761788618E-02,1.036789961692E-02,2.073579923383E-02
    ,2.925688309386E-02,3.351742502388E-02,3.777796695389E-02),
  .UNSPECIFIED.);
#6281 = CARTESIAN_POINT('',(3.817099437627,1.927002308697,
    51.645979889802));
#6282 = CARTESIAN_POINT('',(3.817257336589,1.927014449103,
    51.646126675445));
#6283 = CARTESIAN_POINT('',(3.817415268871,1.927026531707,
    51.646273421687));
#6284 = CARTESIAN_POINT('',(3.84474926163,1.92904667141,51.671649085811)
  );
#6285 = CARTESIAN_POINT('',(3.873276179344,1.92541165103,51.695604705372
    ));
#6286 = CARTESIAN_POINT('',(3.921824373391,1.908007661585,
    51.731723238219));
#6287 = CARTESIAN_POINT('',(3.945277635038,1.894987361243,51.74725941368
    ));
#6288 = CARTESIAN_POINT('',(3.976014005611,1.867494592779,
    51.763505017247));
#6289 = CARTESIAN_POINT('',(3.985554212589,1.857033121427,
    51.767788746684));
#6290 = CARTESIAN_POINT('',(4.002300480483,1.834107342252,
    51.773536857146));
#6291 = CARTESIAN_POINT('',(4.009507163673,1.821643742678,
    51.775002249963));
#6292 = CARTESIAN_POINT('',(4.015263875633,1.808661001312,
    51.775002249963));
#6293 = CYLINDRICAL_SURFACE('',#6294,0.2);
#6294 = AXIS2_PLACEMENT_3D('',#6295,#6296,#6297);
#6295 = CARTESIAN_POINT('',(3.832431622184,1.727590864399,
    52.000002249963));
#6296 = DIRECTION('',(1.595945597899E-14,2.609024107869E-15,-1.));
#6297 = DIRECTION('',(7.666092278745E-02,-0.997057221486,
    -1.377879705247E-15));
#6298 = ADVANCED_FACE('',(#6299),#6326,.F.);
#6299 = FACE_BOUND('',#6300,.F.);
#6300 = EDGE_LOOP('',(#6301,#6311,#6318,#6319));
#6301 = ORIENTED_EDGE('',*,*,#6302,.F.);
#6302 = EDGE_CURVE('',#6303,#6305,#6307,.T.);
#6303 = VERTEX_POINT('',#6304);
#6304 = CARTESIAN_POINT('',(4.087371052768,1.636251581699,
    48.400002249963));
#6305 = VERTEX_POINT('',#6306);
#6306 = CARTESIAN_POINT('',(4.087371052768,1.636251581699,
    51.775002249963));
#6307 = LINE('',#6308,#6309);
#6308 = CARTESIAN_POINT('',(4.087371052768,1.636251581699,
    52.000002249963));
#6309 = VECTOR('',#6310,1.);
#6310 = DIRECTION('',(4.996003610813E-16,8.881784197001E-16,1.));
#6311 = ORIENTED_EDGE('',*,*,#6312,.F.);
#6312 = EDGE_CURVE('',#6255,#6303,#6313,.T.);
#6313 = CIRCLE('',#6314,4.4);
#6314 = AXIS2_PLACEMENT_3D('',#6315,#6316,#6317);
#6315 = CARTESIAN_POINT('',(-7.045700233623E-03,2.511798924387E-02,
    48.400002249963));
#6316 = DIRECTION('',(-2.22044604925E-16,-7.216449660064E-16,-1.));
#6317 = DIRECTION('',(0.896872741533,0.442288690219,-5.183211603797E-16)
  );
#6318 = ORIENTED_EDGE('',*,*,#6252,.F.);
#6319 = ORIENTED_EDGE('',*,*,#6320,.T.);
#6320 = EDGE_CURVE('',#6253,#6305,#6321,.T.);
#6321 = CIRCLE('',#6322,4.4);
#6322 = AXIS2_PLACEMENT_3D('',#6323,#6324,#6325);
#6323 = CARTESIAN_POINT('',(-7.045700233615E-03,2.511798924388E-02,
    51.775002249963));
#6324 = DIRECTION('',(-4.996003610813E-16,-8.881784197001E-16,-1.));
#6325 = DIRECTION('',(0.896872741533,0.442288690219,-8.409092154437E-16)
  );
#6326 = CYLINDRICAL_SURFACE('',#6327,4.4);
#6327 = AXIS2_PLACEMENT_3D('',#6328,#6329,#6330);
#6328 = CARTESIAN_POINT('',(-7.045700233614E-03,2.511798924388E-02,
    52.000002249963));
#6329 = DIRECTION('',(-4.996003610813E-16,-8.881784197001E-16,-1.));
#6330 = DIRECTION('',(0.896872741533,0.442288690219,-8.409092154437E-16)
  );
#6331 = ADVANCED_FACE('',(#6332),#6365,.T.);
#6332 = FACE_BOUND('',#6333,.T.);
#6333 = EDGE_LOOP('',(#6334,#6349,#6357,#6364));
#6334 = ORIENTED_EDGE('',*,*,#6335,.F.);
#6335 = EDGE_CURVE('',#6336,#5986,#6338,.T.);
#6336 = VERTEX_POINT('',#6337);
#6337 = CARTESIAN_POINT('',(1.144838778493,4.012054425616,
    51.525002249963));
#6338 = B_SPLINE_CURVE_WITH_KNOTS('',3,(#6339,#6340,#6341,#6342,#6343,
    #6344,#6345,#6346,#6347,#6348),.UNSPECIFIED.,.F.,.F.,(4,2,2,2,4),(
    3.561363321384E-02,4.282211546828E-02,5.003059772272E-02,
    6.06289320752E-02,6.108209788583E-02),.UNSPECIFIED.);
#6339 = CARTESIAN_POINT('',(1.144838778493,4.012054425616,
    51.525002249963));
#6340 = CARTESIAN_POINT('',(1.167922923514,4.005385077163,
    51.525002249963));
#6341 = CARTESIAN_POINT('',(1.192993658442,4.002957116028,
    51.529858870556));
#6342 = CARTESIAN_POINT('',(1.240227649607,4.006758558712,
    51.547369399204));
#6343 = CARTESIAN_POINT('',(1.262384985029,4.013008199618,51.56003487681
    ));
#6344 = CARTESIAN_POINT('',(1.30767836467,4.032884593613,51.592846155814
    ));
#6345 = CARTESIAN_POINT('',(1.331323826257,4.050511672645,
    51.617043972001));
#6346 = CARTESIAN_POINT('',(1.35064254767,4.072233234269,51.64377938971)
  );
#6347 = CARTESIAN_POINT('',(1.351424640401,4.073130107115,51.64487854488
    ));
#6348 = CARTESIAN_POINT('',(1.352197959672,4.074032247784,
    51.645979889802));
#6349 = ORIENTED_EDGE('',*,*,#6350,.T.);
#6350 = EDGE_CURVE('',#6336,#6351,#6353,.T.);
#6351 = VERTEX_POINT('',#6352);
#6352 = CARTESIAN_POINT('',(1.144838778493,4.012054425616,
    48.400002249963));
#6353 = LINE('',#6354,#6355);
#6354 = CARTESIAN_POINT('',(1.144838778493,4.012054425616,
    52.000002249963));
#6355 = VECTOR('',#6356,1.);
#6356 = DIRECTION('',(5.551115123126E-17,-1.110223024625E-16,-1.));
#6357 = ORIENTED_EDGE('',*,*,#6358,.F.);
#6358 = EDGE_CURVE('',#5977,#6351,#6359,.T.);
#6359 = CIRCLE('',#6360,0.2);
#6360 = AXIS2_PLACEMENT_3D('',#6361,#6362,#6363);
#6361 = CARTESIAN_POINT('',(1.200351283492,4.204195940622,
    48.400002249963));
#6362 = DIRECTION('',(3.053113317719E-16,-5.551115123126E-16,-1.));
#6363 = DIRECTION('',(0.462794961637,-0.886465353797,6.33383669234E-16)
  );
#6364 = ORIENTED_EDGE('',*,*,#5985,.T.);
#6365 = CYLINDRICAL_SURFACE('',#6366,0.2);
#6366 = AXIS2_PLACEMENT_3D('',#6367,#6368,#6369);
#6367 = CARTESIAN_POINT('',(1.200351283492,4.204195940622,
    52.000002249963));
#6368 = DIRECTION('',(5.551115123126E-17,-1.110223024625E-16,-1.));
#6369 = DIRECTION('',(0.462794961637,-0.886465353797,1.241077057363E-16)
  );
#6370 = ADVANCED_FACE('',(#6371),#6404,.T.);
#6371 = FACE_BOUND('',#6372,.T.);
#6372 = EDGE_LOOP('',(#6373,#6388,#6396,#6403));
#6373 = ORIENTED_EDGE('',*,*,#6374,.F.);
#6374 = EDGE_CURVE('',#6375,#5766,#6377,.T.);
#6375 = VERTEX_POINT('',#6376);
#6376 = CARTESIAN_POINT('',(-0.468577726613,4.149374066238,
    51.525002249963));
#6377 = B_SPLINE_CURVE_WITH_KNOTS('',3,(#6378,#6379,#6380,#6381,#6382,
    #6383,#6384,#6385,#6386,#6387),.UNSPECIFIED.,.F.,.F.,(4,2,2,2,4),(
    3.561363321384E-02,4.282211546828E-02,5.003059772272E-02,
    6.06289320752E-02,6.108209788583E-02),.UNSPECIFIED.);
#6378 = CARTESIAN_POINT('',(-0.468577726613,4.149374066238,
    51.525002249963));
#6379 = CARTESIAN_POINT('',(-0.444698508345,4.152046311557,
    51.525002249963));
#6380 = CARTESIAN_POINT('',(-0.420607028979,4.159397322853,
    51.529858870556));
#6381 = CARTESIAN_POINT('',(-0.378423260438,4.180985063806,
    51.547369399204));
#6382 = CARTESIAN_POINT('',(-0.360344185779,4.195238224296,
    51.56003487681));
#6383 = CARTESIAN_POINT('',(-0.326104926047,4.230934643873,
    51.592846155814));
#6384 = CARTESIAN_POINT('',(-0.311004959156,4.256268667809,
    51.617043972001));
#6385 = CARTESIAN_POINT('',(-0.301469269608,4.283729728627,
    51.64377938971));
#6386 = CARTESIAN_POINT('',(-0.30108992852,4.284857625023,51.64487854488
    ));
#6387 = CARTESIAN_POINT('',(-0.300720708962,4.285987030795,
    51.645979889802));
#6388 = ORIENTED_EDGE('',*,*,#6389,.T.);
#6389 = EDGE_CURVE('',#6375,#6390,#6392,.T.);
#6390 = VERTEX_POINT('',#6391);
#6391 = CARTESIAN_POINT('',(-0.468577726613,4.149374066238,
    48.400002249963));
#6392 = LINE('',#6393,#6394);
#6393 = CARTESIAN_POINT('',(-0.468577726613,4.149374066238,
    52.000002249963));
#6394 = VECTOR('',#6395,1.);
#6395 = DIRECTION('',(5.551115123126E-17,-1.110223024625E-16,-1.));
#6396 = ORIENTED_EDGE('',*,*,#6397,.F.);
#6397 = EDGE_CURVE('',#5757,#6390,#6398,.T.);
#6398 = CIRCLE('',#6399,0.2);
#6399 = AXIS2_PLACEMENT_3D('',#6400,#6401,#6402);
#6400 = CARTESIAN_POINT('',(-0.490820233908,4.34813339525,
    48.400002249963));
#6401 = DIRECTION('',(3.885780586188E-16,-4.996003610813E-16,-1.));
#6402 = DIRECTION('',(0.76680239707,-0.641883232253,6.186476814034E-16)
  );
#6403 = ORIENTED_EDGE('',*,*,#5765,.T.);
#6404 = CYLINDRICAL_SURFACE('',#6405,0.2);
#6405 = AXIS2_PLACEMENT_3D('',#6406,#6407,#6408);
#6406 = CARTESIAN_POINT('',(-0.490820233908,4.34813339525,
    52.000002249963));
#6407 = DIRECTION('',(5.551115123126E-17,-1.110223024625E-16,-1.));
#6408 = DIRECTION('',(0.76680239707,-0.641883232253,1.138294381851E-16)
  );
#6409 = ADVANCED_FACE('',(#6410),#6443,.T.);
#6410 = FACE_BOUND('',#6411,.T.);
#6411 = EDGE_LOOP('',(#6412,#6427,#6435,#6442));
#6412 = ORIENTED_EDGE('',*,*,#6413,.F.);
#6413 = EDGE_CURVE('',#6414,#5555,#6416,.T.);
#6414 = VERTEX_POINT('',#6415);
#6415 = CARTESIAN_POINT('',(-2.011730164501,3.658813105613,
    51.525002249963));
#6416 = B_SPLINE_CURVE_WITH_KNOTS('',3,(#6417,#6418,#6419,#6420,#6421,
    #6422,#6423,#6424,#6425,#6426),.UNSPECIFIED.,.F.,.F.,(4,2,2,2,4),(
    3.561363321384E-02,4.282211546828E-02,5.003059772272E-02,
    6.06289320752E-02,6.108209788583E-02),.UNSPECIFIED.);
#6417 = CARTESIAN_POINT('',(-2.011730164501,3.658813105613,
    51.525002249963));
#6418 = CARTESIAN_POINT('',(-1.990691267501,3.670420119578,
    51.525002249963));
#6419 = CARTESIAN_POINT('',(-1.971246753041,3.686430978472,
    51.529858870556));
#6420 = CARTESIAN_POINT('',(-1.940535303487,3.722518479827,
    51.547369399204));
#6421 = CARTESIAN_POINT('',(-1.929286864821,3.742605245422,
    51.56003487681));
#6422 = CARTESIAN_POINT('',(-1.911314341914,3.788687234289,
    51.592846155814));
#6423 = CARTESIAN_POINT('',(-1.907058702797,3.817871327638,
    51.617043972001));
#6424 = CARTESIAN_POINT('',(-1.908757767405,3.846891190075,
    51.64377938971));
#6425 = CARTESIAN_POINT('',(-1.908838929202,3.848078398019,
    51.64487854488));
#6426 = CARTESIAN_POINT('',(-1.908930019686,3.849263127104,
    51.645979889802));
#6427 = ORIENTED_EDGE('',*,*,#6428,.T.);
#6428 = EDGE_CURVE('',#6414,#6429,#6431,.T.);
#6429 = VERTEX_POINT('',#6430);
#6430 = CARTESIAN_POINT('',(-2.011730164501,3.658813105613,
    48.400002249963));
#6431 = LINE('',#6432,#6433);
#6432 = CARTESIAN_POINT('',(-2.011730164501,3.658813105613,
    52.000002249963));
#6433 = VECTOR('',#6434,1.);
#6434 = DIRECTION('',(5.551115123126E-17,-1.110223024625E-16,-1.));
#6435 = ORIENTED_EDGE('',*,*,#6436,.F.);
#6436 = EDGE_CURVE('',#5546,#6429,#6437,.T.);
#6437 = CIRCLE('',#6438,0.2);
#6438 = AXIS2_PLACEMENT_3D('',#6439,#6440,#6441);
#6439 = CARTESIAN_POINT('',(-2.108341463984,3.833930942547,
    48.400002249963));
#6440 = DIRECTION('',(4.440892098501E-16,-3.330669073875E-16,-1.));
#6441 = DIRECTION('',(0.95407111863,-0.299580207284,5.234729423678E-16)
  );
#6442 = ORIENTED_EDGE('',*,*,#5554,.T.);
#6443 = CYLINDRICAL_SURFACE('',#6444,0.2);
#6444 = AXIS2_PLACEMENT_3D('',#6445,#6446,#6447);
#6445 = CARTESIAN_POINT('',(-2.108341463984,3.833930942547,
    52.000002249963));
#6446 = DIRECTION('',(5.551115123126E-17,-1.110223024625E-16,-1.));
#6447 = DIRECTION('',(0.95407111863,-0.299580207284,8.622167053653E-17)
  );
#6448 = ADVANCED_FACE('',(#6449),#6482,.T.);
#6449 = FACE_BOUND('',#6450,.T.);
#6450 = EDGE_LOOP('',(#6451,#6466,#6474,#6481));
#6451 = ORIENTED_EDGE('',*,*,#6452,.F.);
#6452 = EDGE_CURVE('',#6453,#5344,#6455,.T.);
#6453 = VERTEX_POINT('',#6454);
#6454 = CARTESIAN_POINT('',(-3.249687565214,2.615055003049,
    51.525002249963));
#6455 = B_SPLINE_CURVE_WITH_KNOTS('',3,(#6456,#6457,#6458,#6459,#6460,
    #6461,#6462,#6463,#6464,#6465),.UNSPECIFIED.,.F.,.F.,(4,2,2,2,4),(
    3.561363321384E-02,4.282211546828E-02,5.003059772272E-02,
    6.06289320752E-02,6.108209788583E-02),.UNSPECIFIED.);
#6456 = CARTESIAN_POINT('',(-3.249687565214,2.615055003049,
    51.525002249963));
#6457 = CARTESIAN_POINT('',(-3.234691970833,2.633829723002,
    51.525002249963));
#6458 = CARTESIAN_POINT('',(-3.222854672341,2.656062921366,
    51.529858870556));
#6459 = CARTESIAN_POINT('',(-3.208291081567,2.701156188176,
    51.547369399204));
#6460 = CARTESIAN_POINT('',(-3.205585751714,2.724018530901,
    51.56003487681));
#6461 = CARTESIAN_POINT('',(-3.206616119322,2.773470523987,
    51.592846155814));
#6462 = CARTESIAN_POINT('',(-3.213852690458,2.802061673091,
    51.617043972001));
#6463 = CARTESIAN_POINT('',(-3.226527842038,2.828222326156,
    51.64377938971));
#6464 = CARTESIAN_POINT('',(-3.227057150572,2.829288104002,
    51.64487854488));
#6465 = CARTESIAN_POINT('',(-3.227594683399,2.830347792136,
    51.645979889802));
#6466 = ORIENTED_EDGE('',*,*,#6467,.T.);
#6467 = EDGE_CURVE('',#6453,#6468,#6470,.T.);
#6468 = VERTEX_POINT('',#6469);
#6469 = CARTESIAN_POINT('',(-3.249687565214,2.615055003049,
    48.400002249963));
#6470 = LINE('',#6471,#6472);
#6471 = CARTESIAN_POINT('',(-3.249687565214,2.615055003049,
    52.000002249963));
#6472 = VECTOR('',#6473,1.);
#6473 = DIRECTION('',(5.551115123126E-17,-1.110223024625E-16,-1.));
#6474 = ORIENTED_EDGE('',*,*,#6475,.F.);
#6475 = EDGE_CURVE('',#5335,#6468,#6476,.T.);
#6476 = CIRCLE('',#6477,0.2);
#6477 = AXIS2_PLACEMENT_3D('',#6478,#6479,#6480);
#6478 = CARTESIAN_POINT('',(-3.405959462321,2.739871244678,
    48.400002249963));
#6479 = DIRECTION('',(4.163336342344E-16,-2.775557561563E-16,-1.));
#6480 = DIRECTION('',(0.996091161054,8.83311885422E-02,
    3.901894232826E-16));
#6481 = ORIENTED_EDGE('',*,*,#5343,.T.);
#6482 = CYLINDRICAL_SURFACE('',#6483,0.2);
#6483 = AXIS2_PLACEMENT_3D('',#6484,#6485,#6486);
#6484 = CARTESIAN_POINT('',(-3.405959462321,2.739871244678,
    52.000002249963));
#6485 = DIRECTION('',(5.551115123126E-17,-1.110223024625E-16,-1.));
#6486 = DIRECTION('',(0.996091161054,8.83311885422E-02,4.54874351502E-17
    ));
#6487 = ADVANCED_FACE('',(#6488),#6521,.T.);
#6488 = FACE_BOUND('',#6489,.T.);
#6489 = EDGE_LOOP('',(#6490,#6505,#6513,#6520));
#6490 = ORIENTED_EDGE('',*,*,#6491,.F.);
#6491 = EDGE_CURVE('',#6492,#5133,#6494,.T.);
#6492 = VERTEX_POINT('',#6493);
#6493 = CARTESIAN_POINT('',(-3.985997608322,1.204287914708,
    51.525002249963));
#6494 = B_SPLINE_CURVE_WITH_KNOTS('',3,(#6495,#6496,#6497,#6498,#6499,
    #6500,#6501,#6502,#6503,#6504),.UNSPECIFIED.,.F.,.F.,(4,2,2,2,4),(
    0.111094467852,0.118302950107,0.125511432361,0.136109766714,
    0.136562932524),.UNSPECIFIED.);
#6495 = CARTESIAN_POINT('',(-3.985997608322,1.204287914708,
    51.525002249963));
#6496 = CARTESIAN_POINT('',(-3.979170278617,1.227325829745,
    51.525002249963));
#6497 = CARTESIAN_POINT('',(-3.976570627589,1.252379343663,
    51.529858870556));
#6498 = CARTESIAN_POINT('',(-3.980048405001,1.299638268239,
    51.547369399204));
#6499 = CARTESIAN_POINT('',(-3.986146110613,1.321837896856,
    51.56003487681));
#6500 = CARTESIAN_POINT('',(-4.005711756283,1.367266376768,
    51.592846155814));
#6501 = CARTESIAN_POINT('',(-4.023176438656,1.391032037678,
    51.617043972001));
#6502 = CARTESIAN_POINT('',(-4.044765147842,1.41049910916,51.64377938971
    ));
#6503 = CARTESIAN_POINT('',(-4.045656641923,1.411287327559,
    51.64487854488));
#6504 = CARTESIAN_POINT('',(-4.046553463805,1.412066808791,
    51.645979889802));
#6505 = ORIENTED_EDGE('',*,*,#6506,.F.);
#6506 = EDGE_CURVE('',#6507,#6492,#6509,.T.);
#6507 = VERTEX_POINT('',#6508);
#6508 = CARTESIAN_POINT('',(-3.985997608322,1.204287914708,
    48.400002249963));
#6509 = LINE('',#6510,#6511);
#6510 = CARTESIAN_POINT('',(-3.985997608322,1.204287914708,
    52.000002249963));
#6511 = VECTOR('',#6512,1.);
#6512 = DIRECTION('',(-5.218048215738E-15,-1.026956297778E-14,1.));
#6513 = ORIENTED_EDGE('',*,*,#6514,.F.);
#6514 = EDGE_CURVE('',#5124,#6507,#6515,.T.);
#6515 = CIRCLE('',#6516,0.2);
#6516 = AXIS2_PLACEMENT_3D('',#6517,#6518,#6519);
#6517 = CARTESIAN_POINT('',(-4.177754326784,1.261115380995,
    48.400002249963));
#6518 = DIRECTION('',(4.996003610813E-16,5.551115123126E-17,-1.));
#6519 = DIRECTION('',(-0.95878359231,0.284137331437,-4.632358385413E-16)
  );
#6520 = ORIENTED_EDGE('',*,*,#5132,.F.);
#6521 = CYLINDRICAL_SURFACE('',#6522,0.2);
#6522 = AXIS2_PLACEMENT_3D('',#6523,#6524,#6525);
#6523 = CARTESIAN_POINT('',(-4.177754326784,1.261115380995,
    52.000002249963));
#6524 = DIRECTION('',(-5.218048215738E-15,-1.026956297778E-14,1.));
#6525 = DIRECTION('',(-0.95878359231,0.284137331437,-2.085012793602E-15)
  );
#6526 = ADVANCED_FACE('',(#6527),#6560,.T.);
#6527 = FACE_BOUND('',#6528,.T.);
#6528 = EDGE_LOOP('',(#6529,#6544,#6552,#6559));
#6529 = ORIENTED_EDGE('',*,*,#6530,.F.);
#6530 = EDGE_CURVE('',#6531,#4922,#6533,.T.);
#6531 = VERTEX_POINT('',#6532);
#6532 = CARTESIAN_POINT('',(-4.134366723382,-0.40815002467,
    51.525002249963));
#6533 = B_SPLINE_CURVE_WITH_KNOTS('',3,(#6534,#6535,#6536,#6537,#6538,
    #6539,#6540,#6541,#6542,#6543),.UNSPECIFIED.,.F.,.F.,(4,2,2,2,4),(
    0.111094467852,0.118302950107,0.125511432361,0.136109766714,
    0.136562932524),.UNSPECIFIED.);
#6534 = CARTESIAN_POINT('',(-4.134366723382,-0.40815002467,
    51.525002249963));
#6535 = CARTESIAN_POINT('',(-4.136875321606,-0.38425306053,
    51.525002249963));
#6536 = CARTESIAN_POINT('',(-4.144061121928,-0.360111788426,
    51.529858870556));
#6537 = CARTESIAN_POINT('',(-4.165359376765,-0.317781123078,
    51.547369399203));
#6538 = CARTESIAN_POINT('',(-4.179488352252,-0.299604831483,
    51.56003487681));
#6539 = CARTESIAN_POINT('',(-4.214949378446,-0.265121837141,
    51.592846155814));
#6540 = CARTESIAN_POINT('',(-4.240179365722,-0.249848674044,
    51.617043972001));
#6541 = CARTESIAN_POINT('',(-4.267574458005,-0.240125086476,
    51.64377938971));
#6542 = CARTESIAN_POINT('',(-4.268699729262,-0.239738027645,
    51.64487854488));
#6543 = CARTESIAN_POINT('',(-4.269826579197,-0.239361079765,
    51.645979889802));
#6544 = ORIENTED_EDGE('',*,*,#6545,.F.);
#6545 = EDGE_CURVE('',#6546,#6531,#6548,.T.);
#6546 = VERTEX_POINT('',#6547);
#6547 = CARTESIAN_POINT('',(-4.134366723382,-0.40815002467,
    48.400002249963));
#6548 = LINE('',#6549,#6550);
#6549 = CARTESIAN_POINT('',(-4.134366723382,-0.40815002467,
    52.000002249963));
#6550 = VECTOR('',#6551,1.);
#6551 = DIRECTION('',(1.498801083244E-15,4.996003610813E-16,1.));
#6552 = ORIENTED_EDGE('',*,*,#6553,.F.);
#6553 = EDGE_CURVE('',#4913,#6546,#6554,.T.);
#6554 = CIRCLE('',#6555,0.2);
#6555 = AXIS2_PLACEMENT_3D('',#6556,#6557,#6558);
#6556 = CARTESIAN_POINT('',(-4.333273760642,-0.429030410883,
    48.400002249963));
#6557 = DIRECTION('',(4.163336342344E-16,0.,-1.));
#6558 = DIRECTION('',(-0.994535186301,-0.104401931064,
    -4.140584484866E-16));
#6559 = ORIENTED_EDGE('',*,*,#4921,.F.);
#6560 = CYLINDRICAL_SURFACE('',#6561,0.2);
#6561 = AXIS2_PLACEMENT_3D('',#6562,#6563,#6564);
#6562 = CARTESIAN_POINT('',(-4.333273760642,-0.429030410883,
    52.000002249963));
#6563 = DIRECTION('',(1.498801083244E-15,4.996003610813E-16,1.));
#6564 = DIRECTION('',(-0.994535186301,-0.104401931064,1.542769657009E-15
    ));
#6565 = ADVANCED_FACE('',(#6566),#6599,.T.);
#6566 = FACE_BOUND('',#6567,.T.);
#6567 = EDGE_LOOP('',(#6568,#6583,#6591,#6598));
#6568 = ORIENTED_EDGE('',*,*,#6569,.F.);
#6569 = EDGE_CURVE('',#6570,#4711,#6572,.T.);
#6570 = VERTEX_POINT('',#6571);
#6571 = CARTESIAN_POINT('',(-3.640740816603,-1.979566475023,
    51.525002249963));
#6572 = B_SPLINE_CURVE_WITH_KNOTS('',3,(#6573,#6574,#6575,#6576,#6577,
    #6578,#6579,#6580,#6581,#6582),.UNSPECIFIED.,.F.,.F.,(4,2,2,2,4),(
    3.561363321384E-02,4.282211546828E-02,5.003059772272E-02,
    6.06289320752E-02,6.108209788583E-02),.UNSPECIFIED.);
#6573 = CARTESIAN_POINT('',(-3.640740816603,-1.979566475023,
    51.525002249963));
#6574 = CARTESIAN_POINT('',(-3.652347830568,-1.958527578024,
    51.525002249963));
#6575 = CARTESIAN_POINT('',(-3.668358689462,-1.939083063564,
    51.529858870556));
#6576 = CARTESIAN_POINT('',(-3.704446190817,-1.908371614009,
    51.547369399203));
#6577 = CARTESIAN_POINT('',(-3.724532956412,-1.897123175344,
    51.56003487681));
#6578 = CARTESIAN_POINT('',(-3.770614945279,-1.879150652436,
    51.592846155814));
#6579 = CARTESIAN_POINT('',(-3.799799038628,-1.874895013319,
    51.617043972001));
#6580 = CARTESIAN_POINT('',(-3.828818901065,-1.876594077927,
    51.64377938971));
#6581 = CARTESIAN_POINT('',(-3.830006109009,-1.876675239725,
    51.64487854488));
#6582 = CARTESIAN_POINT('',(-3.831190838094,-1.876766330209,
    51.645979889802));
#6583 = ORIENTED_EDGE('',*,*,#6584,.T.);
#6584 = EDGE_CURVE('',#6570,#6585,#6587,.T.);
#6585 = VERTEX_POINT('',#6586);
#6586 = CARTESIAN_POINT('',(-3.640740816603,-1.979566475023,
    48.400002249963));
#6587 = LINE('',#6588,#6589);
#6588 = CARTESIAN_POINT('',(-3.640740816603,-1.979566475023,
    52.000002249963));
#6589 = VECTOR('',#6590,1.);
#6590 = DIRECTION('',(5.551115123126E-17,-1.110223024625E-16,-1.));
#6591 = ORIENTED_EDGE('',*,*,#6592,.F.);
#6592 = EDGE_CURVE('',#4702,#6585,#6593,.T.);
#6593 = CIRCLE('',#6594,0.2);
#6594 = AXIS2_PLACEMENT_3D('',#6595,#6596,#6597);
#6595 = CARTESIAN_POINT('',(-3.815858653536,-2.076177774506,
    48.400002249963));
#6596 = DIRECTION('',(3.330669073875E-16,1.665334536938E-16,-1.));
#6597 = DIRECTION('',(0.299580207284,0.95407111863,2.586650116096E-16));
#6598 = ORIENTED_EDGE('',*,*,#4710,.T.);
#6599 = CYLINDRICAL_SURFACE('',#6600,0.2);
#6600 = AXIS2_PLACEMENT_3D('',#6601,#6602,#6603);
#6601 = CARTESIAN_POINT('',(-3.815858653536,-2.076177774506,
    52.000002249963));
#6602 = DIRECTION('',(5.551115123126E-17,-1.110223024625E-16,-1.));
#6603 = DIRECTION('',(0.299580207284,0.95407111863,-8.929313011082E-17)
  );
#6604 = ADVANCED_FACE('',(#6605),#6638,.T.);
#6605 = FACE_BOUND('',#6606,.T.);
#6606 = EDGE_LOOP('',(#6607,#6622,#6630,#6637));
#6607 = ORIENTED_EDGE('',*,*,#6608,.F.);
#6608 = EDGE_CURVE('',#6609,#4500,#6611,.T.);
#6609 = VERTEX_POINT('',#6610);
#6610 = CARTESIAN_POINT('',(-2.596982714039,-3.217523875736,
    51.525002249963));
#6611 = B_SPLINE_CURVE_WITH_KNOTS('',3,(#6612,#6613,#6614,#6615,#6616,
    #6617,#6618,#6619,#6620,#6621),.UNSPECIFIED.,.F.,.F.,(4,2,2,2,4),(
    3.561363321384E-02,4.282211546828E-02,5.003059772273E-02,
    6.06289320752E-02,6.108209788583E-02),.UNSPECIFIED.);
#6612 = CARTESIAN_POINT('',(-2.596982714039,-3.217523875736,
    51.525002249963));
#6613 = CARTESIAN_POINT('',(-2.615757433991,-3.202528281356,
    51.525002249963));
#6614 = CARTESIAN_POINT('',(-2.637990632356,-3.190690982863,
    51.529858870556));
#6615 = CARTESIAN_POINT('',(-2.683083899166,-3.17612739209,
    51.547369399203));
#6616 = CARTESIAN_POINT('',(-2.70594624189,-3.173422062237,
    51.56003487681));
#6617 = CARTESIAN_POINT('',(-2.755398234976,-3.174452429845,
    51.592846155814));
#6618 = CARTESIAN_POINT('',(-2.78398938408,-3.18168900098,
    51.617043972001));
#6619 = CARTESIAN_POINT('',(-2.810150037146,-3.19436415256,
    51.64377938971));
#6620 = CARTESIAN_POINT('',(-2.811215814992,-3.194893461095,
    51.64487854488));
#6621 = CARTESIAN_POINT('',(-2.812275503126,-3.195430993921,
    51.645979889802));
#6622 = ORIENTED_EDGE('',*,*,#6623,.T.);
#6623 = EDGE_CURVE('',#6609,#6624,#6626,.T.);
#6624 = VERTEX_POINT('',#6625);
#6625 = CARTESIAN_POINT('',(-2.596982714039,-3.217523875736,
    48.400002249963));
#6626 = LINE('',#6627,#6628);
#6627 = CARTESIAN_POINT('',(-2.596982714039,-3.217523875736,
    52.000002249963));
#6628 = VECTOR('',#6629,1.);
#6629 = DIRECTION('',(5.551115123126E-17,-1.110223024625E-16,-1.));
#6630 = ORIENTED_EDGE('',*,*,#6631,.F.);
#6631 = EDGE_CURVE('',#4491,#6624,#6632,.T.);
#6632 = CIRCLE('',#6633,0.2);
#6633 = AXIS2_PLACEMENT_3D('',#6634,#6635,#6636);
#6634 = CARTESIAN_POINT('',(-2.721798955668,-3.373795772844,
    48.400002249963));
#6635 = DIRECTION('',(2.22044604925E-16,1.110223024625E-16,-1.));
#6636 = DIRECTION('',(-8.833118854224E-02,0.996091161054,
    9.09748703004E-17));
#6637 = ORIENTED_EDGE('',*,*,#4499,.T.);
#6638 = CYLINDRICAL_SURFACE('',#6639,0.2);
#6639 = AXIS2_PLACEMENT_3D('',#6640,#6641,#6642);
#6640 = CARTESIAN_POINT('',(-2.721798955668,-3.373795772844,
    52.000002249963));
#6641 = DIRECTION('',(5.551115123126E-17,-1.110223024625E-16,-1.));
#6642 = DIRECTION('',(-8.833118854224E-02,0.996091161054,
    -1.154917001284E-16));
#6643 = ADVANCED_FACE('',(#6644),#6686,.T.);
#6644 = FACE_BOUND('',#6645,.T.);
#6645 = EDGE_LOOP('',(#6646,#6663,#6671,#6680));
#6646 = ORIENTED_EDGE('',*,*,#6647,.F.);
#6647 = EDGE_CURVE('',#6648,#6650,#6652,.T.);
#6648 = VERTEX_POINT('',#6649);
#6649 = CARTESIAN_POINT('',(-1.186215625698,-3.953833918845,
    51.525002249963));
#6650 = VERTEX_POINT('',#6651);
#6651 = CARTESIAN_POINT('',(-1.393994519781,-4.014389774328,
    51.645979889802));
#6652 = B_SPLINE_CURVE_WITH_KNOTS('',3,(#6653,#6654,#6655,#6656,#6657,
    #6658,#6659,#6660,#6661,#6662),.UNSPECIFIED.,.F.,.F.,(4,2,2,2,4),(
    0.111094467852,0.118302950107,0.125511432361,0.136109766714,
    0.136562932524),.UNSPECIFIED.);
#6653 = CARTESIAN_POINT('',(-1.186215625698,-3.953833918845,
    51.525002249963));
#6654 = CARTESIAN_POINT('',(-1.209253540734,-3.94700658914,
    51.525002249963));
#6655 = CARTESIAN_POINT('',(-1.234307054652,-3.944406938111,
    51.529858870556));
#6656 = CARTESIAN_POINT('',(-1.281565979229,-3.947884715523,
    51.547369399203));
#6657 = CARTESIAN_POINT('',(-1.303765607845,-3.953982421136,
    51.56003487681));
#6658 = CARTESIAN_POINT('',(-1.349194087757,-3.973548066806,
    51.592846155814));
#6659 = CARTESIAN_POINT('',(-1.372959748668,-3.991012749178,
    51.617043972001));
#6660 = CARTESIAN_POINT('',(-1.392426820149,-4.012601458364,
    51.64377938971));
#6661 = CARTESIAN_POINT('',(-1.393215038549,-4.013492952445,
    51.64487854488));
#6662 = CARTESIAN_POINT('',(-1.393994519781,-4.014389774328,
    51.645979889802));
#6663 = ORIENTED_EDGE('',*,*,#6664,.F.);
#6664 = EDGE_CURVE('',#6665,#6648,#6667,.T.);
#6665 = VERTEX_POINT('',#6666);
#6666 = CARTESIAN_POINT('',(-1.186215625698,-3.953833918845,
    48.400002249963));
#6667 = LINE('',#6668,#6669);
#6668 = CARTESIAN_POINT('',(-1.186215625698,-3.953833918845,
    52.000002249963));
#6669 = VECTOR('',#6670,1.);
#6670 = DIRECTION('',(-2.026157019941E-15,-1.137978600241E-14,1.));
#6671 = ORIENTED_EDGE('',*,*,#6672,.F.);
#6672 = EDGE_CURVE('',#6673,#6665,#6675,.T.);
#6673 = VERTEX_POINT('',#6674);
#6674 = CARTESIAN_POINT('',(-1.393994519781,-4.014389774328,
    48.400002249963));
#6675 = CIRCLE('',#6676,0.2);
#6676 = AXIS2_PLACEMENT_3D('',#6677,#6678,#6679);
#6677 = CARTESIAN_POINT('',(-1.243043091985,-4.145590637307,
    48.400002249963));
#6678 = DIRECTION('',(-5.551115123126E-17,1.110223024625E-16,-1.));
#6679 = DIRECTION('',(-0.284137331437,-0.95878359231,-9.067357160574E-17
    ));
#6680 = ORIENTED_EDGE('',*,*,#6681,.F.);
#6681 = EDGE_CURVE('',#6650,#6673,#6682,.T.);
#6682 = LINE('',#6683,#6684);
#6683 = CARTESIAN_POINT('',(-1.393994519781,-4.014389774328,
    52.000002249963));
#6684 = VECTOR('',#6685,1.);
#6685 = DIRECTION('',(2.038300084273E-15,1.144917494145E-14,-1.));
#6686 = CYLINDRICAL_SURFACE('',#6687,0.2);
#6687 = AXIS2_PLACEMENT_3D('',#6688,#6689,#6690);
#6688 = CARTESIAN_POINT('',(-1.243043091985,-4.145590637307,
    52.000002249963));
#6689 = DIRECTION('',(-2.026157019941E-15,-1.137978600241E-14,1.));
#6690 = DIRECTION('',(-0.284137331437,-0.95878359231,-1.148645895183E-14
    ));
#6691 = ADVANCED_FACE('',(#6692),#6734,.T.);
#6692 = FACE_BOUND('',#6693,.T.);
#6693 = EDGE_LOOP('',(#6694,#6711,#6719,#6728));
#6694 = ORIENTED_EDGE('',*,*,#6695,.F.);
#6695 = EDGE_CURVE('',#6696,#6698,#6700,.T.);
#6696 = VERTEX_POINT('',#6697);
#6697 = CARTESIAN_POINT('',(0.42622231368,-4.102203033904,
    51.525002249963));
#6698 = VERTEX_POINT('',#6699);
#6699 = CARTESIAN_POINT('',(0.257433368775,-4.23766288972,
    51.645979889802));
#6700 = B_SPLINE_CURVE_WITH_KNOTS('',3,(#6701,#6702,#6703,#6704,#6705,
    #6706,#6707,#6708,#6709,#6710),.UNSPECIFIED.,.F.,.F.,(4,2,2,2,4),(
    0.111094467852,0.118302950107,0.125511432361,0.136109766714,
    0.136562932524),.UNSPECIFIED.);
#6701 = CARTESIAN_POINT('',(0.42622231368,-4.102203033904,
    51.525002249963));
#6702 = CARTESIAN_POINT('',(0.402325349541,-4.104711632129,
    51.525002249963));
#6703 = CARTESIAN_POINT('',(0.378184077436,-4.111897432451,
    51.529858870556));
#6704 = CARTESIAN_POINT('',(0.335853412088,-4.133195687287,
    51.547369399203));
#6705 = CARTESIAN_POINT('',(0.317677120493,-4.147324662774,
    51.56003487681));
#6706 = CARTESIAN_POINT('',(0.283194126151,-4.182785688969,
    51.592846155814));
#6707 = CARTESIAN_POINT('',(0.267920963055,-4.208015676244,
    51.617043972001));
#6708 = CARTESIAN_POINT('',(0.258197375487,-4.235410768527,
    51.64377938971));
#6709 = CARTESIAN_POINT('',(0.257810316655,-4.236536039784,
    51.64487854488));
#6710 = CARTESIAN_POINT('',(0.257433368775,-4.23766288972,
    51.645979889802));
#6711 = ORIENTED_EDGE('',*,*,#6712,.F.);
#6712 = EDGE_CURVE('',#6713,#6696,#6715,.T.);
#6713 = VERTEX_POINT('',#6714);
#6714 = CARTESIAN_POINT('',(0.42622231368,-4.102203033904,
    48.400002249963));
#6715 = LINE('',#6716,#6717);
#6716 = CARTESIAN_POINT('',(0.42622231368,-4.102203033904,
    52.000002249963));
#6717 = VECTOR('',#6718,1.);
#6718 = DIRECTION('',(6.966649479523E-15,-2.509104035653E-14,1.));
#6719 = ORIENTED_EDGE('',*,*,#6720,.F.);
#6720 = EDGE_CURVE('',#6721,#6713,#6723,.T.);
#6721 = VERTEX_POINT('',#6722);
#6722 = CARTESIAN_POINT('',(0.257433368775,-4.23766288972,
    48.400002249963));
#6723 = CIRCLE('',#6724,0.2);
#6724 = AXIS2_PLACEMENT_3D('',#6725,#6726,#6727);
#6725 = CARTESIAN_POINT('',(0.447102699893,-4.301110071164,
    48.400002249963));
#6726 = DIRECTION('',(-1.387778780781E-16,0.,-1.));
#6727 = DIRECTION('',(0.104401931064,-0.994535186301,-1.448867846026E-17
    ));
#6728 = ORIENTED_EDGE('',*,*,#6729,.F.);
#6729 = EDGE_CURVE('',#6698,#6721,#6730,.T.);
#6730 = LINE('',#6731,#6732);
#6731 = CARTESIAN_POINT('',(0.257433368775,-4.23766288972,
    52.000002249963));
#6732 = VECTOR('',#6733,1.);
#6733 = DIRECTION('',(-6.982261990807E-15,2.506675422787E-14,-1.));
#6734 = CYLINDRICAL_SURFACE('',#6735,0.2);
#6735 = AXIS2_PLACEMENT_3D('',#6736,#6737,#6738);
#6736 = CARTESIAN_POINT('',(0.447102699893,-4.301110071164,
    52.000002249963));
#6737 = DIRECTION('',(6.966649479523E-15,-2.509104035653E-14,1.));
#6738 = DIRECTION('',(0.104401931064,-0.994535186301,-2.568125415416E-14
    ));
#6739 = ADVANCED_FACE('',(#6740),#6782,.T.);
#6740 = FACE_BOUND('',#6741,.T.);
#6741 = EDGE_LOOP('',(#6742,#6759,#6767,#6776));
#6742 = ORIENTED_EDGE('',*,*,#6743,.F.);
#6743 = EDGE_CURVE('',#6744,#6746,#6748,.T.);
#6744 = VERTEX_POINT('',#6745);
#6745 = CARTESIAN_POINT('',(1.972699125524,-3.622224937448,
    51.525002249963));
#6746 = VERTEX_POINT('',#6747);
#6747 = CARTESIAN_POINT('',(1.868596716583,-3.811966258494,
    51.645979889802));
#6748 = B_SPLINE_CURVE_WITH_KNOTS('',3,(#6749,#6750,#6751,#6752,#6753,
    #6754,#6755,#6756,#6757,#6758),.UNSPECIFIED.,.F.,.F.,(4,2,2,2,4),(
    0.111094467852,0.118302950107,0.125511432361,0.136109766714,
    0.136562932524),.UNSPECIFIED.);
#6749 = CARTESIAN_POINT('',(1.972699125524,-3.622224937448,
    51.525002249963));
#6750 = CARTESIAN_POINT('',(1.951581208445,-3.633687552263,
    51.525002249963));
#6751 = CARTESIAN_POINT('',(1.932027467991,-3.649564830976,
    51.529858870556));
#6752 = CARTESIAN_POINT('',(1.901069521943,-3.685441097006,
    51.547369399203));
#6753 = CARTESIAN_POINT('',(1.889683742996,-3.70545033393,51.56003487681
    ));
#6754 = CARTESIAN_POINT('',(1.871395957523,-3.751408120866,
    51.592846155814));
#6755 = CARTESIAN_POINT('',(1.86694049287,-3.780562376192,
    51.617043972001));
#6756 = CARTESIAN_POINT('',(1.868440717279,-3.809593197109,
    51.64377938971));
#6757 = CARTESIAN_POINT('',(1.868513744213,-3.810780933194,
    51.64487854488));
#6758 = CARTESIAN_POINT('',(1.868596716583,-3.811966258494,
    51.645979889802));
#6759 = ORIENTED_EDGE('',*,*,#6760,.F.);
#6760 = EDGE_CURVE('',#6761,#6744,#6763,.T.);
#6761 = VERTEX_POINT('',#6762);
#6762 = CARTESIAN_POINT('',(1.972699125524,-3.622224937448,
    48.400002249963));
#6763 = LINE('',#6764,#6765);
#6764 = CARTESIAN_POINT('',(1.972699125524,-3.622224937448,
    52.000002249963));
#6765 = VECTOR('',#6766,1.);
#6766 = DIRECTION('',(-7.577272143067E-15,-1.199040866595E-14,1.));
#6767 = ORIENTED_EDGE('',*,*,#6768,.F.);
#6768 = EDGE_CURVE('',#6769,#6761,#6771,.T.);
#6769 = VERTEX_POINT('',#6770);
#6770 = CARTESIAN_POINT('',(1.868596716583,-3.811966258494,
    48.400002249963));
#6771 = CIRCLE('',#6772,0.2);
#6772 = AXIS2_PLACEMENT_3D('',#6773,#6774,#6775);
#6773 = CARTESIAN_POINT('',(2.068108514717,-3.79800050018,
    48.400002249963));
#6774 = DIRECTION('',(-2.498001805407E-16,-1.665334536938E-16,-1.));
#6775 = DIRECTION('',(0.477046945966,-0.878877813661,2.719614445513E-17)
  );
#6776 = ORIENTED_EDGE('',*,*,#6777,.F.);
#6777 = EDGE_CURVE('',#6746,#6769,#6778,.T.);
#6778 = LINE('',#6779,#6780);
#6779 = CARTESIAN_POINT('',(1.868596716583,-3.811966258494,
    52.000002249963));
#6780 = VECTOR('',#6781,1.);
#6781 = DIRECTION('',(7.589415207398E-15,1.196959198424E-14,-1.));
#6782 = CYLINDRICAL_SURFACE('',#6783,0.2);
#6783 = AXIS2_PLACEMENT_3D('',#6784,#6785,#6786);
#6784 = CARTESIAN_POINT('',(2.068108514717,-3.79800050018,
    52.000002249963));
#6785 = DIRECTION('',(-7.577272143067E-15,-1.199040866595E-14,1.));
#6786 = DIRECTION('',(0.477046945966,-0.878877813661,-6.923389618628E-15
    ));
#6787 = ADVANCED_FACE('',(#6788),#6821,.T.);
#6788 = FACE_BOUND('',#6789,.T.);
#6789 = EDGE_LOOP('',(#6790,#6805,#6813,#6820));
#6790 = ORIENTED_EDGE('',*,*,#6791,.F.);
#6791 = EDGE_CURVE('',#6792,#6189,#6794,.T.);
#6792 = VERTEX_POINT('',#6793);
#6793 = CARTESIAN_POINT('',(3.235596164747,-2.564819024561,
    51.525002249963));
#6794 = B_SPLINE_CURVE_WITH_KNOTS('',3,(#6795,#6796,#6797,#6798,#6799,
    #6800,#6801,#6802,#6803,#6804),.UNSPECIFIED.,.F.,.F.,(4,2,2,2,4),(
    3.561363321384E-02,4.282211546828E-02,5.003059772272E-02,
    6.06289320752E-02,6.108209788583E-02),.UNSPECIFIED.);
#6795 = CARTESIAN_POINT('',(3.235596164747,-2.564819024561,
    51.525002249963));
#6796 = CARTESIAN_POINT('',(3.220600570366,-2.583593744514,
    51.525002249963));
#6797 = CARTESIAN_POINT('',(3.208763271873,-2.605826942878,
    51.529858870556));
#6798 = CARTESIAN_POINT('',(3.1941996811,-2.650920209688,51.547369399203
    ));
#6799 = CARTESIAN_POINT('',(3.191494351247,-2.673782552413,
    51.56003487681));
#6800 = CARTESIAN_POINT('',(3.192524718855,-2.723234545499,
    51.592846155814));
#6801 = CARTESIAN_POINT('',(3.199761289991,-2.751825694603,
    51.617043972001));
#6802 = CARTESIAN_POINT('',(3.21243644157,-2.777986347669,51.64377938971
    ));
#6803 = CARTESIAN_POINT('',(3.212965750105,-2.779052125514,
    51.64487854488));
#6804 = CARTESIAN_POINT('',(3.213503282931,-2.780111813648,
    51.645979889802));
#6805 = ORIENTED_EDGE('',*,*,#6806,.T.);
#6806 = EDGE_CURVE('',#6792,#6807,#6809,.T.);
#6807 = VERTEX_POINT('',#6808);
#6808 = CARTESIAN_POINT('',(3.235596164747,-2.564819024561,
    48.400002249963));
#6809 = LINE('',#6810,#6811);
#6810 = CARTESIAN_POINT('',(3.235596164747,-2.564819024561,
    52.000002249963));
#6811 = VECTOR('',#6812,1.);
#6812 = DIRECTION('',(5.551115123126E-17,-1.110223024625E-16,-1.));
#6813 = ORIENTED_EDGE('',*,*,#6814,.F.);
#6814 = EDGE_CURVE('',#6180,#6807,#6815,.T.);
#6815 = CIRCLE('',#6816,0.2);
#6816 = AXIS2_PLACEMENT_3D('',#6817,#6818,#6819);
#6817 = CARTESIAN_POINT('',(3.391868061854,-2.68963526619,
    48.400002249963));
#6818 = DIRECTION('',(-3.608224830032E-16,-3.330669073875E-16,-1.));
#6819 = DIRECTION('',(-0.996091161054,-8.833118854225E-02,
    3.888322818228E-16));
#6820 = ORIENTED_EDGE('',*,*,#6188,.T.);
#6821 = CYLINDRICAL_SURFACE('',#6822,0.2);
#6822 = AXIS2_PLACEMENT_3D('',#6823,#6824,#6825);
#6823 = CARTESIAN_POINT('',(3.391868061854,-2.68963526619,
    52.000002249963));
#6824 = DIRECTION('',(5.551115123126E-17,-1.110223024625E-16,-1.));
#6825 = DIRECTION('',(-0.996091161054,-8.833118854225E-02,
    -4.54874351502E-17));
#6826 = ADVANCED_FACE('',(#6827),#6862,.F.);
#6827 = FACE_BOUND('',#6828,.F.);
#6828 = EDGE_LOOP('',(#6829,#6830,#6839,#6847));
#6829 = ORIENTED_EDGE('',*,*,#4580,.F.);
#6830 = ORIENTED_EDGE('',*,*,#6831,.T.);
#6831 = EDGE_CURVE('',#4581,#6832,#6834,.T.);
#6832 = VERTEX_POINT('',#6833);
#6833 = CARTESIAN_POINT('',(-1.762992062663,-4.00931535043,
    48.400002249963));
#6834 = CIRCLE('',#6835,0.2);
#6835 = AXIS2_PLACEMENT_3D('',#6836,#6837,#6838);
#6836 = CARTESIAN_POINT('',(-1.683176318916,-3.825932016808,
    48.400002249963));
#6837 = DIRECTION('',(5.551115123126E-17,-1.110223024625E-16,1.));
#6838 = DIRECTION('',(-0.939006042775,-0.343900642093,1.3944665344E-17)
  );
#6839 = ORIENTED_EDGE('',*,*,#6840,.T.);
#6840 = EDGE_CURVE('',#6832,#6841,#6843,.T.);
#6841 = VERTEX_POINT('',#6842);
#6842 = CARTESIAN_POINT('',(-1.762992062663,-4.00931535043,
    51.775002249963));
#6843 = LINE('',#6844,#6845);
#6844 = CARTESIAN_POINT('',(-1.762992062663,-4.00931535043,
    52.000002249963));
#6845 = VECTOR('',#6846,1.);
#6846 = DIRECTION('',(-8.326672684689E-17,-4.996003610813E-16,1.));
#6847 = ORIENTED_EDGE('',*,*,#6848,.T.);
#6848 = EDGE_CURVE('',#6841,#4564,#6849,.T.);
#6849 = B_SPLINE_CURVE_WITH_KNOTS('',3,(#6850,#6851,#6852,#6853,#6854,
    #6855,#6856,#6857,#6858,#6859,#6860,#6861),.UNSPECIFIED.,.F.,.F.,(4,
    2,2,2,2,4),(3.777796695389E-02,4.203850888391E-02,4.629905081392E-02
    ,5.482013467395E-02,6.518803429087E-02,6.524831602161E-02),
  .UNSPECIFIED.);
#6850 = CARTESIAN_POINT('',(-1.762992062663,-4.00931535043,
    51.775002249963));
#6851 = CARTESIAN_POINT('',(-1.776013935699,-4.003647711715,
    51.775002249963));
#6852 = CARTESIAN_POINT('',(-1.788526612141,-3.996526579417,
    51.773536857146));
#6853 = CARTESIAN_POINT('',(-1.811566573537,-3.979937757336,
    51.767788746684));
#6854 = CARTESIAN_POINT('',(-1.822093154521,-3.970469440441,
    51.763505017247));
#6855 = CARTESIAN_POINT('',(-1.849795837127,-3.939922130081,
    51.74725941368));
#6856 = CARTESIAN_POINT('',(-1.862976498326,-3.916558614223,
    51.731723238219));
#6857 = CARTESIAN_POINT('',(-1.880712658397,-3.868130785243,
    51.695604705372));
#6858 = CARTESIAN_POINT('',(-1.884543016899,-3.839629438587,
    51.671649085811));
#6859 = CARTESIAN_POINT('',(-1.882710175893,-3.812282248267,
    51.646273421687));
#6860 = CARTESIAN_POINT('',(-1.882699175487,-3.812124236919,
    51.646126675445));
#6861 = CARTESIAN_POINT('',(-1.88268811705,-3.811966258494,
    51.645979889802));
#6862 = CYLINDRICAL_SURFACE('',#6863,0.2);
#6863 = AXIS2_PLACEMENT_3D('',#6864,#6865,#6866);
#6864 = CARTESIAN_POINT('',(-1.683176318916,-3.825932016808,
    52.000002249963));
#6865 = DIRECTION('',(8.326672684689E-17,4.996003610813E-16,-1.));
#6866 = DIRECTION('',(-0.939006042775,-0.343900642093,
    -2.500008446373E-16));
#6867 = ADVANCED_FACE('',(#6868),#6895,.F.);
#6868 = FACE_BOUND('',#6869,.F.);
#6869 = EDGE_LOOP('',(#6870,#6871,#6880,#6888));
#6870 = ORIENTED_EDGE('',*,*,#6840,.F.);
#6871 = ORIENTED_EDGE('',*,*,#6872,.F.);
#6872 = EDGE_CURVE('',#6873,#6832,#6875,.T.);
#6873 = VERTEX_POINT('',#6874);
#6874 = CARTESIAN_POINT('',(-1.618179292688,-4.069298763758,
    48.400002249963));
#6875 = CIRCLE('',#6876,4.4);
#6876 = AXIS2_PLACEMENT_3D('',#6877,#6878,#6879);
#6877 = CARTESIAN_POINT('',(-7.04570023363E-03,2.511798924385E-02,
    48.400002249963));
#6878 = DIRECTION('',(-5.551115123126E-17,1.110223024625E-16,-1.));
#6879 = DIRECTION('',(-0.321439465303,-0.946930129495,
    -8.728688847754E-17));
#6880 = ORIENTED_EDGE('',*,*,#6881,.F.);
#6881 = EDGE_CURVE('',#6882,#6873,#6884,.T.);
#6882 = VERTEX_POINT('',#6883);
#6883 = CARTESIAN_POINT('',(-1.618179292688,-4.069298763758,
    51.775002249963));
#6884 = LINE('',#6885,#6886);
#6885 = CARTESIAN_POINT('',(-1.618179292688,-4.069298763758,
    52.000002249963));
#6886 = VECTOR('',#6887,1.);
#6887 = DIRECTION('',(8.326672684689E-17,4.996003610813E-16,-1.));
#6888 = ORIENTED_EDGE('',*,*,#6889,.T.);
#6889 = EDGE_CURVE('',#6882,#6841,#6890,.T.);
#6890 = CIRCLE('',#6891,4.4);
#6891 = AXIS2_PLACEMENT_3D('',#6892,#6893,#6894);
#6892 = CARTESIAN_POINT('',(-7.045700233637E-03,2.511798924384E-02,
    51.775002249963));
#6893 = DIRECTION('',(8.326672684689E-17,4.996003610813E-16,-1.));
#6894 = DIRECTION('',(-0.321439465303,-0.946930129495,
    -4.998518467697E-16));
#6895 = CYLINDRICAL_SURFACE('',#6896,4.4);
#6896 = AXIS2_PLACEMENT_3D('',#6897,#6898,#6899);
#6897 = CARTESIAN_POINT('',(-7.045700233637E-03,2.511798924384E-02,
    52.000002249963));
#6898 = DIRECTION('',(8.326672684689E-17,4.996003610813E-16,-1.));
#6899 = DIRECTION('',(-0.321439465303,-0.946930129495,
    -4.998518467697E-16));
#6900 = ADVANCED_FACE('',(#6901),#6927,.F.);
#6901 = FACE_BOUND('',#6902,.F.);
#6902 = EDGE_LOOP('',(#6903,#6904,#6911,#6912));
#6903 = ORIENTED_EDGE('',*,*,#6881,.T.);
#6904 = ORIENTED_EDGE('',*,*,#6905,.T.);
#6905 = EDGE_CURVE('',#6873,#6673,#6906,.T.);
#6906 = CIRCLE('',#6907,0.2);
#6907 = AXIS2_PLACEMENT_3D('',#6908,#6909,#6910);
#6908 = CARTESIAN_POINT('',(-1.544945947577,-3.883188911349,
    48.400002249963));
#6909 = DIRECTION('',(5.551115123126E-17,-1.110223024625E-16,1.));
#6910 = DIRECTION('',(0.420803064343,-0.9071520165,-1.240733680986E-16)
  );
#6911 = ORIENTED_EDGE('',*,*,#6681,.F.);
#6912 = ORIENTED_EDGE('',*,*,#6913,.T.);
#6913 = EDGE_CURVE('',#6650,#6882,#6914,.T.);
#6914 = B_SPLINE_CURVE_WITH_KNOTS('',3,(#6915,#6916,#6917,#6918,#6919,
    #6920,#6921,#6922,#6923,#6924,#6925,#6926),.UNSPECIFIED.,.F.,.F.,(4,
    2,2,2,2,4),(1.030761788618E-02,1.036789961692E-02,2.073579923383E-02
    ,2.925688309386E-02,3.351742502388E-02,3.777796695389E-02),
  .UNSPECIFIED.);
#6915 = CARTESIAN_POINT('',(-1.393994519781,-4.014389774328,
    51.645979889802));
#6916 = CARTESIAN_POINT('',(-1.394098407901,-4.014509301439,
    51.646126675445));
#6917 = CARTESIAN_POINT('',(-1.394202360335,-4.014628810796,
    51.646273421687));
#6918 = CARTESIAN_POINT('',(-1.412243729753,-4.035262208823,
    51.671649085811));
#6919 = CARTESIAN_POINT('',(-1.435105697717,-4.052707231844,
    51.695604705372));
#6920 = CARTESIAN_POINT('',(-1.481890703045,-4.074409519057,
    51.731723238219));
#6921 = CARTESIAN_POINT('',(-1.507731338456,-4.081609884637,
    51.74725941368));
#6922 = CARTESIAN_POINT('',(-1.548920303485,-4.083621340212,
    51.763505017247));
#6923 = CARTESIAN_POINT('',(-1.563058831365,-4.082873034498,
    51.767788746684));
#6924 = CARTESIAN_POINT('',(-1.591080612892,-4.078311390142,
    51.773536857146));
#6925 = CARTESIAN_POINT('',(-1.604963812192,-4.074498992717,
    51.775002249963));
#6926 = CARTESIAN_POINT('',(-1.618179292688,-4.069298763758,
    51.775002249963));
#6927 = CYLINDRICAL_SURFACE('',#6928,0.2);
#6928 = AXIS2_PLACEMENT_3D('',#6929,#6930,#6931);
#6929 = CARTESIAN_POINT('',(-1.544945947577,-3.883188911349,
    52.000002249963));
#6930 = DIRECTION('',(8.326672684689E-17,6.106226635438E-16,-1.));
#6931 = DIRECTION('',(0.420803064343,-0.9071520165,-5.188886867394E-16)
  );
#6932 = ADVANCED_FACE('',(#6933),#6968,.F.);
#6933 = FACE_BOUND('',#6934,.F.);
#6934 = EDGE_LOOP('',(#6935,#6936,#6945,#6953));
#6935 = ORIENTED_EDGE('',*,*,#4791,.F.);
#6936 = ORIENTED_EDGE('',*,*,#6937,.T.);
#6937 = EDGE_CURVE('',#4792,#6938,#6940,.T.);
#6938 = VERTEX_POINT('',#6939);
#6939 = CARTESIAN_POINT('',(-8.541780659522E-02,-4.374183979585,
    48.400002249963));
#6940 = CIRCLE('',#6941,0.2);
#6941 = AXIS2_PLACEMENT_3D('',#6942,#6943,#6944);
#6942 = CARTESIAN_POINT('',(-8.185543812424E-02,-4.174215708275,
    48.400002249963));
#6943 = DIRECTION('',(1.387778780781E-16,0.,1.));
#6944 = DIRECTION('',(-0.735923385715,-0.677064819908,1.021298858976E-16
    ));
#6945 = ORIENTED_EDGE('',*,*,#6946,.T.);
#6946 = EDGE_CURVE('',#6938,#6947,#6949,.T.);
#6947 = VERTEX_POINT('',#6948);
#6948 = CARTESIAN_POINT('',(-8.541780659521E-02,-4.374183979585,
    51.775002249963));
#6949 = LINE('',#6950,#6951);
#6950 = CARTESIAN_POINT('',(-8.541780659521E-02,-4.374183979585,
    52.000002249963));
#6951 = VECTOR('',#6952,1.);
#6952 = DIRECTION('',(2.22044604925E-16,-3.885780586188E-16,1.));
#6953 = ORIENTED_EDGE('',*,*,#6954,.T.);
#6954 = EDGE_CURVE('',#6947,#4775,#6955,.T.);
#6955 = B_SPLINE_CURVE_WITH_KNOTS('',3,(#6956,#6957,#6958,#6959,#6960,
    #6961,#6962,#6963,#6964,#6965,#6966,#6967),.UNSPECIFIED.,.F.,.F.,(4,
    2,2,2,2,4),(3.777796695389E-02,4.203850888391E-02,4.629905081392E-02
    ,5.482013467395E-02,6.518803429087E-02,6.524831602161E-02),
  .UNSPECIFIED.);
#6956 = CARTESIAN_POINT('',(-8.541780659522E-02,-4.374183979585,
    51.775002249963));
#6957 = CARTESIAN_POINT('',(-9.961736000506E-02,-4.373931019248,
    51.775002249963));
#6958 = CARTESIAN_POINT('',(-0.113902705017,-4.372140344838,
    51.773536857146));
#6959 = CARTESIAN_POINT('',(-0.141537121153,-4.365631283158,
    51.767788746684));
#6960 = CARTESIAN_POINT('',(-0.15488578188,-4.360912047114,
    51.763505017247));
#6961 = CARTESIAN_POINT('',(-0.192169672913,-4.343291369964,
    51.74725941368));
#6962 = CARTESIAN_POINT('',(-0.213287846461,-4.326750316524,
    51.731723238219));
#6963 = CARTESIAN_POINT('',(-0.248206449551,-4.288796171138,
    51.695604705372));
#6964 = CARTESIAN_POINT('',(-0.262652232539,-4.263930175053,
    51.671649085811));
#6965 = CARTESIAN_POINT('',(-0.271424224904,-4.237963267756,
    51.646273421687));
#6966 = CARTESIAN_POINT('',(-0.271474530179,-4.237813074633,
    51.646126675444));
#6967 = CARTESIAN_POINT('',(-0.271524769242,-4.23766288972,
    51.645979889802));
#6968 = CYLINDRICAL_SURFACE('',#6969,0.2);
#6969 = AXIS2_PLACEMENT_3D('',#6970,#6971,#6972);
#6970 = CARTESIAN_POINT('',(-8.185543812424E-02,-4.174215708275,
    52.000002249963));
#6971 = DIRECTION('',(-2.498001805407E-16,4.996003610813E-16,-1.));
#6972 = DIRECTION('',(-0.735923385715,-0.677064819908,
    -1.544280338858E-16));
#6973 = ADVANCED_FACE('',(#6974),#7001,.F.);
#6974 = FACE_BOUND('',#6975,.F.);
#6975 = EDGE_LOOP('',(#6976,#6977,#6986,#6994));
#6976 = ORIENTED_EDGE('',*,*,#6946,.F.);
#6977 = ORIENTED_EDGE('',*,*,#6978,.F.);
#6978 = EDGE_CURVE('',#6979,#6938,#6981,.T.);
#6979 = VERTEX_POINT('',#6980);
#6980 = CARTESIAN_POINT('',(7.132640612795E-02,-4.374183979585,
    48.400002249963));
#6981 = CIRCLE('',#6982,4.4);
#6982 = AXIS2_PLACEMENT_3D('',#6983,#6984,#6985);
#6983 = CARTESIAN_POINT('',(-7.045700233637E-03,2.511798924387E-02,
    48.400002249963));
#6984 = DIRECTION('',(-1.387778780781E-16,0.,-1.));
#6985 = DIRECTION('',(6.540312923013E-02,-0.997858923239,
    -9.076507494228E-18));
#6986 = ORIENTED_EDGE('',*,*,#6987,.F.);
#6987 = EDGE_CURVE('',#6988,#6979,#6990,.T.);
#6988 = VERTEX_POINT('',#6989);
#6989 = CARTESIAN_POINT('',(7.132640612795E-02,-4.374183979585,
    51.775002249963));
#6990 = LINE('',#6991,#6992);
#6991 = CARTESIAN_POINT('',(7.132640612795E-02,-4.374183979585,
    52.000002249963));
#6992 = VECTOR('',#6993,1.);
#6993 = DIRECTION('',(-2.22044604925E-16,3.885780586188E-16,-1.));
#6994 = ORIENTED_EDGE('',*,*,#6995,.T.);
#6995 = EDGE_CURVE('',#6988,#6947,#6996,.T.);
#6996 = CIRCLE('',#6997,4.4);
#6997 = AXIS2_PLACEMENT_3D('',#6998,#6999,#7000);
#6998 = CARTESIAN_POINT('',(-7.045700233632E-03,2.511798924386E-02,
    51.775002249963));
#6999 = DIRECTION('',(-2.22044604925E-16,3.885780586188E-16,-1.));
#7000 = DIRECTION('',(6.540312923013E-02,-0.997858923239,
    -4.022684951583E-16));
#7001 = CYLINDRICAL_SURFACE('',#7002,4.4);
#7002 = AXIS2_PLACEMENT_3D('',#7003,#7004,#7005);
#7003 = CARTESIAN_POINT('',(-7.045700233632E-03,2.511798924386E-02,
    52.000002249963));
#7004 = DIRECTION('',(-2.22044604925E-16,3.885780586188E-16,-1.));
#7005 = DIRECTION('',(6.540312923013E-02,-0.997858923239,
    -4.022684951583E-16));
#7006 = ADVANCED_FACE('',(#7007),#7033,.F.);
#7007 = FACE_BOUND('',#7008,.F.);
#7008 = EDGE_LOOP('',(#7009,#7010,#7017,#7018));
#7009 = ORIENTED_EDGE('',*,*,#6987,.T.);
#7010 = ORIENTED_EDGE('',*,*,#7011,.T.);
#7011 = EDGE_CURVE('',#6979,#6721,#7012,.T.);
#7012 = CIRCLE('',#7013,0.2);
#7013 = AXIS2_PLACEMENT_3D('',#7014,#7015,#7016);
#7014 = CARTESIAN_POINT('',(6.776403765697E-02,-4.174215708275,
    48.400002249963));
#7015 = DIRECTION('',(1.387778780781E-16,0.,1.));
#7016 = DIRECTION('',(0.735923385715,-0.677064819908,-1.021298858977E-16
    ));
#7017 = ORIENTED_EDGE('',*,*,#6729,.F.);
#7018 = ORIENTED_EDGE('',*,*,#7019,.T.);
#7019 = EDGE_CURVE('',#6698,#6988,#7020,.T.);
#7020 = B_SPLINE_CURVE_WITH_KNOTS('',3,(#7021,#7022,#7023,#7024,#7025,
    #7026,#7027,#7028,#7029,#7030,#7031,#7032),.UNSPECIFIED.,.F.,.F.,(4,
    2,2,2,2,4),(1.030761788618E-02,1.036789961692E-02,2.073579923383E-02
    ,2.925688309386E-02,3.351742502388E-02,3.777796695389E-02),
  .UNSPECIFIED.);
#7021 = CARTESIAN_POINT('',(0.257433368775,-4.23766288972,
    51.645979889802));
#7022 = CARTESIAN_POINT('',(0.257383129712,-4.237813074633,
    51.646126675444));
#7023 = CARTESIAN_POINT('',(0.257332824437,-4.237963267756,
    51.646273421687));
#7024 = CARTESIAN_POINT('',(0.248560832072,-4.263930175053,
    51.671649085811));
#7025 = CARTESIAN_POINT('',(0.234115049084,-4.288796171138,
    51.695604705372));
#7026 = CARTESIAN_POINT('',(0.199196445994,-4.326750316524,
    51.731723238219));
#7027 = CARTESIAN_POINT('',(0.178078272446,-4.343291369964,
    51.74725941368));
#7028 = CARTESIAN_POINT('',(0.140794381413,-4.360912047114,
    51.763505017247));
#7029 = CARTESIAN_POINT('',(0.127445720686,-4.365631283158,
    51.767788746684));
#7030 = CARTESIAN_POINT('',(9.981130454946E-02,-4.372140344838,
    51.773536857146));
#7031 = CARTESIAN_POINT('',(8.552595953779E-02,-4.373931019248,
    51.775002249963));
#7032 = CARTESIAN_POINT('',(7.132640612795E-02,-4.374183979585,
    51.775002249963));
#7033 = CYLINDRICAL_SURFACE('',#7034,0.2);
#7034 = AXIS2_PLACEMENT_3D('',#7035,#7036,#7037);
#7035 = CARTESIAN_POINT('',(6.776403765697E-02,-4.174215708275,
    52.000002249963));
#7036 = DIRECTION('',(-3.330669073875E-16,3.330669073875E-16,-1.));
#7037 = DIRECTION('',(0.735923385715,-0.677064819908,-4.706196118221E-16
    ));
#7038 = ADVANCED_FACE('',(#7039),#7074,.F.);
#7039 = FACE_BOUND('',#7040,.F.);
#7040 = EDGE_LOOP('',(#7041,#7042,#7051,#7059));
#7041 = ORIENTED_EDGE('',*,*,#5002,.F.);
#7042 = ORIENTED_EDGE('',*,*,#7043,.T.);
#7043 = EDGE_CURVE('',#5003,#7044,#7046,.T.);
#7044 = VERTEX_POINT('',#7045);
#7045 = CARTESIAN_POINT('',(1.604087892221,-4.069298763758,
    48.400002249963));
#7046 = CIRCLE('',#7047,0.2);
#7047 = AXIS2_PLACEMENT_3D('',#7048,#7049,#7050);
#7048 = CARTESIAN_POINT('',(1.53085454711,-3.883188911349,
    48.400002249963));
#7049 = DIRECTION('',(2.498001805407E-16,1.665334536938E-16,1.));
#7050 = DIRECTION('',(-0.420803064343,-0.9071520165,2.561878397779E-16)
  );
#7051 = ORIENTED_EDGE('',*,*,#7052,.T.);
#7052 = EDGE_CURVE('',#7044,#7053,#7055,.T.);
#7053 = VERTEX_POINT('',#7054);
#7054 = CARTESIAN_POINT('',(1.604087892221,-4.069298763758,
    51.775002249963));
#7055 = LINE('',#7056,#7057);
#7056 = CARTESIAN_POINT('',(1.604087892221,-4.069298763758,
    52.000002249963));
#7057 = VECTOR('',#7058,1.);
#7058 = DIRECTION('',(4.718447854657E-16,-2.775557561563E-16,1.));
#7059 = ORIENTED_EDGE('',*,*,#7060,.T.);
#7060 = EDGE_CURVE('',#7053,#4986,#7061,.T.);
#7061 = B_SPLINE_CURVE_WITH_KNOTS('',3,(#7062,#7063,#7064,#7065,#7066,
    #7067,#7068,#7069,#7070,#7071,#7072,#7073),.UNSPECIFIED.,.F.,.F.,(4,
    2,2,2,2,4),(3.777796695389E-02,4.203850888391E-02,4.629905081392E-02
    ,5.482013467395E-02,6.518803429087E-02,6.524831602161E-02),
  .UNSPECIFIED.);
#7062 = CARTESIAN_POINT('',(1.604087892221,-4.069298763758,
    51.775002249963));
#7063 = CARTESIAN_POINT('',(1.590872411725,-4.074498992717,
    51.775002249963));
#7064 = CARTESIAN_POINT('',(1.576989212424,-4.078311390142,
    51.773536857146));
#7065 = CARTESIAN_POINT('',(1.548967430898,-4.082873034498,
    51.767788746684));
#7066 = CARTESIAN_POINT('',(1.534828903018,-4.083621340212,
    51.763505017247));
#7067 = CARTESIAN_POINT('',(1.493639937988,-4.081609884637,
    51.74725941368));
#7068 = CARTESIAN_POINT('',(1.467799302578,-4.074409519057,
    51.731723238219));
#7069 = CARTESIAN_POINT('',(1.42101429725,-4.052707231844,
    51.695604705372));
#7070 = CARTESIAN_POINT('',(1.398152329285,-4.035262208822,
    51.671649085811));
#7071 = CARTESIAN_POINT('',(1.380110959868,-4.014628810796,
    51.646273421687));
#7072 = CARTESIAN_POINT('',(1.380007007434,-4.014509301439,
    51.646126675445));
#7073 = CARTESIAN_POINT('',(1.379903119314,-4.014389774328,
    51.645979889802));
#7074 = CYLINDRICAL_SURFACE('',#7075,0.2);
#7075 = AXIS2_PLACEMENT_3D('',#7076,#7077,#7078);
#7076 = CARTESIAN_POINT('',(1.53085454711,-3.883188911349,
    52.000002249963));
#7077 = DIRECTION('',(-4.996003610813E-16,3.330669073875E-16,-1.));
#7078 = DIRECTION('',(-0.420803064343,-0.9071520165,-9.19089537763E-17)
  );
#7079 = ADVANCED_FACE('',(#7080),#7107,.F.);
#7080 = FACE_BOUND('',#7081,.F.);
#7081 = EDGE_LOOP('',(#7082,#7083,#7092,#7100));
#7082 = ORIENTED_EDGE('',*,*,#7052,.F.);
#7083 = ORIENTED_EDGE('',*,*,#7084,.F.);
#7084 = EDGE_CURVE('',#7085,#7044,#7087,.T.);
#7085 = VERTEX_POINT('',#7086);
#7086 = CARTESIAN_POINT('',(1.748900662196,-4.00931535043,
    48.400002249963));
#7087 = CIRCLE('',#7088,4.4);
#7088 = AXIS2_PLACEMENT_3D('',#7089,#7090,#7091);
#7089 = CARTESIAN_POINT('',(-7.04570023363E-03,2.511798924386E-02,
    48.400002249963));
#7090 = DIRECTION('',(-2.498001805407E-16,-1.665334536938E-16,-1.));
#7091 = DIRECTION('',(0.442288690219,-0.896872741533,3.887552050345E-17)
  );
#7092 = ORIENTED_EDGE('',*,*,#7093,.F.);
#7093 = EDGE_CURVE('',#7094,#7085,#7096,.T.);
#7094 = VERTEX_POINT('',#7095);
#7095 = CARTESIAN_POINT('',(1.748900662196,-4.00931535043,
    51.775002249963));
#7096 = LINE('',#7097,#7098);
#7097 = CARTESIAN_POINT('',(1.748900662196,-4.00931535043,
    52.000002249963));
#7098 = VECTOR('',#7099,1.);
#7099 = DIRECTION('',(-4.718447854657E-16,2.775557561563E-16,-1.));
#7100 = ORIENTED_EDGE('',*,*,#7101,.T.);
#7101 = EDGE_CURVE('',#7094,#7053,#7102,.T.);
#7102 = CIRCLE('',#7103,4.4);
#7103 = AXIS2_PLACEMENT_3D('',#7104,#7105,#7106);
#7104 = CARTESIAN_POINT('',(-7.045700233623E-03,2.511798924385E-02,
    51.775002249963));
#7105 = DIRECTION('',(-4.718447854657E-16,2.775557561563E-16,-1.));
#7106 = DIRECTION('',(0.442288690219,-0.896872741533,-4.576238041024E-16
    ));
#7107 = CYLINDRICAL_SURFACE('',#7108,4.4);
#7108 = AXIS2_PLACEMENT_3D('',#7109,#7110,#7111);
#7109 = CARTESIAN_POINT('',(-7.045700233623E-03,2.511798924385E-02,
    52.000002249963));
#7110 = DIRECTION('',(-4.718447854657E-16,2.775557561563E-16,-1.));
#7111 = DIRECTION('',(0.442288690219,-0.896872741533,-4.576238041024E-16
    ));
#7112 = ADVANCED_FACE('',(#7113),#7139,.F.);
#7113 = FACE_BOUND('',#7114,.F.);
#7114 = EDGE_LOOP('',(#7115,#7116,#7123,#7124));
#7115 = ORIENTED_EDGE('',*,*,#7093,.T.);
#7116 = ORIENTED_EDGE('',*,*,#7117,.T.);
#7117 = EDGE_CURVE('',#7085,#6769,#7118,.T.);
#7118 = CIRCLE('',#7119,0.2);
#7119 = AXIS2_PLACEMENT_3D('',#7120,#7121,#7122);
#7120 = CARTESIAN_POINT('',(1.669084918449,-3.825932016808,
    48.400002249963));
#7121 = DIRECTION('',(2.498001805407E-16,1.665334536938E-16,1.));
#7122 = DIRECTION('',(0.939006042775,-0.343900642093,-1.772929173586E-16
    ));
#7123 = ORIENTED_EDGE('',*,*,#6777,.F.);
#7124 = ORIENTED_EDGE('',*,*,#7125,.T.);
#7125 = EDGE_CURVE('',#6746,#7094,#7126,.T.);
#7126 = B_SPLINE_CURVE_WITH_KNOTS('',3,(#7127,#7128,#7129,#7130,#7131,
    #7132,#7133,#7134,#7135,#7136,#7137,#7138),.UNSPECIFIED.,.F.,.F.,(4,
    2,2,2,2,4),(1.030761788618E-02,1.036789961692E-02,2.073579923383E-02
    ,2.925688309386E-02,3.351742502388E-02,3.777796695389E-02),
  .UNSPECIFIED.);
#7127 = CARTESIAN_POINT('',(1.868596716583,-3.811966258494,
    51.645979889802));
#7128 = CARTESIAN_POINT('',(1.868607775019,-3.812124236919,
    51.646126675445));
#7129 = CARTESIAN_POINT('',(1.868618775425,-3.812282248267,
    51.646273421687));
#7130 = CARTESIAN_POINT('',(1.870451616432,-3.839629438587,
    51.671649085811));
#7131 = CARTESIAN_POINT('',(1.866621257929,-3.868130785243,
    51.695604705372));
#7132 = CARTESIAN_POINT('',(1.848885097859,-3.916558614223,
    51.731723238219));
#7133 = CARTESIAN_POINT('',(1.835704436659,-3.939922130081,
    51.74725941368));
#7134 = CARTESIAN_POINT('',(1.808001754054,-3.970469440441,
    51.763505017247));
#7135 = CARTESIAN_POINT('',(1.797475173069,-3.979937757336,
    51.767788746684));
#7136 = CARTESIAN_POINT('',(1.774435211673,-3.996526579417,
    51.773536857146));
#7137 = CARTESIAN_POINT('',(1.761922535232,-4.003647711715,
    51.775002249963));
#7138 = CARTESIAN_POINT('',(1.748900662196,-4.00931535043,
    51.775002249963));
#7139 = CYLINDRICAL_SURFACE('',#7140,0.2);
#7140 = AXIS2_PLACEMENT_3D('',#7141,#7142,#7143);
#7141 = CARTESIAN_POINT('',(1.669084918449,-3.825932016808,
    52.000002249963));
#7142 = DIRECTION('',(-4.718447854657E-16,2.775557561563E-16,-1.));
#7143 = DIRECTION('',(0.939006042775,-0.343900642093,-5.38516707563E-16)
  );
#7144 = ADVANCED_FACE('',(#7145),#7171,.F.);
#7145 = FACE_BOUND('',#7146,.F.);
#7146 = EDGE_LOOP('',(#7147,#7148,#7155,#7156));
#7147 = ORIENTED_EDGE('',*,*,#5213,.F.);
#7148 = ORIENTED_EDGE('',*,*,#7149,.T.);
#7149 = EDGE_CURVE('',#5214,#6220,#7150,.T.);
#7150 = CIRCLE('',#7151,0.2);
#7151 = AXIS2_PLACEMENT_3D('',#7152,#7153,#7154);
#7152 = CARTESIAN_POINT('',(2.909433160786,-2.997157817698,
    48.400002249963));
#7153 = DIRECTION('',(3.608224830032E-16,3.330669073875E-16,1.));
#7154 = DIRECTION('',(-4.161929101307E-02,-0.999133541933,
    3.47795494803E-16));
#7155 = ORIENTED_EDGE('',*,*,#6219,.T.);
#7156 = ORIENTED_EDGE('',*,*,#7157,.T.);
#7157 = EDGE_CURVE('',#6222,#5197,#7158,.T.);
#7158 = B_SPLINE_CURVE_WITH_KNOTS('',3,(#7159,#7160,#7161,#7162,#7163,
    #7164,#7165,#7166,#7167,#7168,#7169,#7170),.UNSPECIFIED.,.F.,.F.,(4,
    2,2,2,2,4),(3.777796695389E-02,4.203850888391E-02,4.629905081392E-02
    ,5.482013467395E-02,6.518803429087E-02,6.524831602161E-02),
  .UNSPECIFIED.);
#7159 = CARTESIAN_POINT('',(3.048313106549,-3.141075713267,
    51.775002249963));
#7160 = CARTESIAN_POINT('',(3.038093636073,-3.150937443803,
    51.775002249963));
#7161 = CARTESIAN_POINT('',(3.026726173725,-3.159772510114,
    51.773536857146));
#7162 = CARTESIAN_POINT('',(3.002583089028,-3.174710391505,
    51.767788746684));
#7163 = CARTESIAN_POINT('',(2.989807156699,-3.180812316216,
    51.763505017247));
#7164 = CARTESIAN_POINT('',(2.950983764219,-3.194716308093,
    51.74725941368));
#7165 = CARTESIAN_POINT('',(2.924354669442,-3.197952820759,
    51.731723238219));
#7166 = CARTESIAN_POINT('',(2.872825854831,-3.195806368217,
    51.695604705372));
#7167 = CARTESIAN_POINT('',(2.845028229267,-3.188438164875,
    51.671649085811));
#7168 = CARTESIAN_POINT('',(2.820464117746,-3.176279523925,
    51.646273421687));
#7169 = CARTESIAN_POINT('',(2.820322343969,-3.17620889255,
    51.646126675445));
#7170 = CARTESIAN_POINT('',(2.820180622816,-3.176138220161,
    51.645979889802));
#7171 = CYLINDRICAL_SURFACE('',#7172,0.2);
#7172 = AXIS2_PLACEMENT_3D('',#7173,#7174,#7175);
#7173 = CARTESIAN_POINT('',(2.909433160786,-2.997157817698,
    52.000002249963));
#7174 = DIRECTION('',(-6.938893903907E-16,-1.665334536938E-16,-1.));
#7175 = DIRECTION('',(-4.161929101307E-02,-0.999133541933,
    1.952683439089E-16));
#7176 = ADVANCED_FACE('',(#7177),#7212,.F.);
#7177 = FACE_BOUND('',#7178,.F.);
#7178 = EDGE_LOOP('',(#7179,#7180,#7189,#7197));
#7179 = ORIENTED_EDGE('',*,*,#5424,.F.);
#7180 = ORIENTED_EDGE('',*,*,#7181,.T.);
#7181 = EDGE_CURVE('',#5425,#7182,#7184,.T.);
#7182 = VERTEX_POINT('',#7183);
#7183 = CARTESIAN_POINT('',(4.02738763944,-1.730828373185,
    48.400002249963));
#7184 = CIRCLE('',#7185,0.2);
#7185 = AXIS2_PLACEMENT_3D('',#7186,#7187,#7188);
#7186 = CARTESIAN_POINT('',(3.844004305819,-1.651012629439,
    48.400002249963));
#7187 = DIRECTION('',(2.498001805407E-16,3.885780586188E-16,1.));
#7188 = DIRECTION('',(0.343900642093,-0.939006042775,2.789707026498E-16)
  );
#7189 = ORIENTED_EDGE('',*,*,#7190,.T.);
#7190 = EDGE_CURVE('',#7182,#7191,#7193,.T.);
#7191 = VERTEX_POINT('',#7192);
#7192 = CARTESIAN_POINT('',(4.02738763944,-1.730828373185,
    51.775002249963));
#7193 = LINE('',#7194,#7195);
#7194 = CARTESIAN_POINT('',(4.02738763944,-1.730828373185,
    52.000002249963));
#7195 = VECTOR('',#7196,1.);
#7196 = DIRECTION('',(7.771561172376E-16,2.775557561563E-16,1.));
#7197 = ORIENTED_EDGE('',*,*,#7198,.T.);
#7198 = EDGE_CURVE('',#7191,#5408,#7199,.T.);
#7199 = B_SPLINE_CURVE_WITH_KNOTS('',3,(#7200,#7201,#7202,#7203,#7204,
    #7205,#7206,#7207,#7208,#7209,#7210,#7211),.UNSPECIFIED.,.F.,.F.,(4,
    2,2,2,2,4),(3.777796695389E-02,4.203850888391E-02,4.629905081392E-02
    ,5.482013467395E-02,6.518803429087E-02,6.524831602161E-02),
  .UNSPECIFIED.);
#7200 = CARTESIAN_POINT('',(4.02738763944,-1.730828373185,
    51.775002249963));
#7201 = CARTESIAN_POINT('',(4.021720000725,-1.743850246221,
    51.775002249963));
#7202 = CARTESIAN_POINT('',(4.014598868427,-1.756362922663,
    51.773536857146));
#7203 = CARTESIAN_POINT('',(3.998010046346,-1.779402884059,
    51.767788746684));
#7204 = CARTESIAN_POINT('',(3.988541729451,-1.789929465044,
    51.763505017247));
#7205 = CARTESIAN_POINT('',(3.957994419091,-1.817632147649,
    51.74725941368));
#7206 = CARTESIAN_POINT('',(3.934630903234,-1.830812808849,
    51.731723238219));
#7207 = CARTESIAN_POINT('',(3.886203074253,-1.848548968919,
    51.695604705372));
#7208 = CARTESIAN_POINT('',(3.857701727598,-1.852379327422,
    51.671649085811));
#7209 = CARTESIAN_POINT('',(3.830354537277,-1.850546486415,
    51.646273421687));
#7210 = CARTESIAN_POINT('',(3.830196525929,-1.850535486009,
    51.646126675445));
#7211 = CARTESIAN_POINT('',(3.830038547504,-1.850524427573,
    51.645979889802));
#7212 = CYLINDRICAL_SURFACE('',#7213,0.2);
#7213 = AXIS2_PLACEMENT_3D('',#7214,#7215,#7216);
#7214 = CARTESIAN_POINT('',(3.844004305819,-1.651012629439,
    52.000002249963));
#7215 = DIRECTION('',(-7.49400541622E-16,-2.22044604925E-16,-1.));
#7216 = DIRECTION('',(0.343900642093,-0.939006042775,-4.921810165875E-17
    ));
#7217 = ADVANCED_FACE('',(#7218),#7245,.F.);
#7218 = FACE_BOUND('',#7219,.F.);
#7219 = EDGE_LOOP('',(#7220,#7221,#7230,#7238));
#7220 = ORIENTED_EDGE('',*,*,#7190,.F.);
#7221 = ORIENTED_EDGE('',*,*,#7222,.F.);
#7222 = EDGE_CURVE('',#7223,#7182,#7225,.T.);
#7223 = VERTEX_POINT('',#7224);
#7224 = CARTESIAN_POINT('',(4.087371052768,-1.586015603211,
    48.400002249963));
#7225 = CIRCLE('',#7226,4.4);
#7226 = AXIS2_PLACEMENT_3D('',#7227,#7228,#7229);
#7227 = CARTESIAN_POINT('',(-7.045700233614E-03,2.511798924386E-02,
    48.400002249963));
#7228 = DIRECTION('',(-2.498001805407E-16,-3.885780586188E-16,-1.));
#7229 = DIRECTION('',(0.946930129495,-0.321439465303,-1.116389939163E-16
    ));
#7230 = ORIENTED_EDGE('',*,*,#7231,.F.);
#7231 = EDGE_CURVE('',#7232,#7223,#7234,.T.);
#7232 = VERTEX_POINT('',#7233);
#7233 = CARTESIAN_POINT('',(4.087371052768,-1.586015603211,
    51.775002249963));
#7234 = LINE('',#7235,#7236);
#7235 = CARTESIAN_POINT('',(4.087371052768,-1.586015603211,
    52.000002249963));
#7236 = VECTOR('',#7237,1.);
#7237 = DIRECTION('',(-7.771561172376E-16,-2.775557561563E-16,-1.));
#7238 = ORIENTED_EDGE('',*,*,#7239,.T.);
#7239 = EDGE_CURVE('',#7232,#7191,#7240,.T.);
#7240 = CIRCLE('',#7241,4.4);
#7241 = AXIS2_PLACEMENT_3D('',#7242,#7243,#7244);
#7242 = CARTESIAN_POINT('',(-7.04570023361E-03,2.511798924385E-02,
    51.775002249963));
#7243 = DIRECTION('',(-7.771561172376E-16,-2.775557561563E-16,-1.));
#7244 = DIRECTION('',(0.946930129495,-0.321439465303,-6.46695168883E-16)
  );
#7245 = CYLINDRICAL_SURFACE('',#7246,4.4);
#7246 = AXIS2_PLACEMENT_3D('',#7247,#7248,#7249);
#7247 = CARTESIAN_POINT('',(-7.04570023361E-03,2.511798924385E-02,
    52.000002249963));
#7248 = DIRECTION('',(-7.771561172376E-16,-2.775557561563E-16,-1.));
#7249 = DIRECTION('',(0.946930129495,-0.321439465303,-6.46695168883E-16)
  );
#7250 = ADVANCED_FACE('',(#7251),#7293,.T.);
#7251 = FACE_BOUND('',#7252,.T.);
#7252 = EDGE_LOOP('',(#7253,#7270,#7278,#7287));
#7253 = ORIENTED_EDGE('',*,*,#7254,.F.);
#7254 = EDGE_CURVE('',#7255,#7257,#7259,.T.);
#7255 = VERTEX_POINT('',#7256);
#7256 = CARTESIAN_POINT('',(3.971906207855,-1.15405193622,
    51.525002249963));
#7257 = VERTEX_POINT('',#7258);
#7258 = CARTESIAN_POINT('',(4.032462063338,-1.361830830304,
    51.645979889802));
#7259 = B_SPLINE_CURVE_WITH_KNOTS('',3,(#7260,#7261,#7262,#7263,#7264,
    #7265,#7266,#7267,#7268,#7269),.UNSPECIFIED.,.F.,.F.,(4,2,2,2,4),(
    0.111094467852,0.118302950107,0.125511432361,0.136109766714,
    0.136562932524),.UNSPECIFIED.);
#7260 = CARTESIAN_POINT('',(3.971906207855,-1.15405193622,
    51.525002249963));
#7261 = CARTESIAN_POINT('',(3.96507887815,-1.177089851257,
    51.525002249963));
#7262 = CARTESIAN_POINT('',(3.962479227122,-1.202143365175,
    51.529858870556));
#7263 = CARTESIAN_POINT('',(3.965957004533,-1.249402289751,
    51.547369399203));
#7264 = CARTESIAN_POINT('',(3.972054710146,-1.271601918368,
    51.56003487681));
#7265 = CARTESIAN_POINT('',(3.991620355816,-1.31703039828,
    51.592846155814));
#7266 = CARTESIAN_POINT('',(4.009085038188,-1.34079605919,
    51.617043972001));
#7267 = CARTESIAN_POINT('',(4.030673747375,-1.360263130672,
    51.64377938971));
#7268 = CARTESIAN_POINT('',(4.031565241455,-1.361051349071,
    51.64487854488));
#7269 = CARTESIAN_POINT('',(4.032462063338,-1.361830830304,
    51.645979889802));
#7270 = ORIENTED_EDGE('',*,*,#7271,.F.);
#7271 = EDGE_CURVE('',#7272,#7255,#7274,.T.);
#7272 = VERTEX_POINT('',#7273);
#7273 = CARTESIAN_POINT('',(3.971906207855,-1.15405193622,
    48.400002249963));
#7274 = LINE('',#7275,#7276);
#7275 = CARTESIAN_POINT('',(3.971906207855,-1.15405193622,
    52.000002249963));
#7276 = VECTOR('',#7277,1.);
#7277 = DIRECTION('',(-2.109423746788E-15,2.775557561563E-16,1.));
#7278 = ORIENTED_EDGE('',*,*,#7279,.F.);
#7279 = EDGE_CURVE('',#7280,#7272,#7282,.T.);
#7280 = VERTEX_POINT('',#7281);
#7281 = CARTESIAN_POINT('',(4.032462063338,-1.361830830304,
    48.400002249963));
#7282 = CIRCLE('',#7283,0.2);
#7283 = AXIS2_PLACEMENT_3D('',#7284,#7285,#7286);
#7284 = CARTESIAN_POINT('',(4.163662926317,-1.210879402508,
    48.400002249963));
#7285 = DIRECTION('',(-2.498001805407E-16,-3.885780586188E-16,-1.));
#7286 = DIRECTION('',(0.95878359231,-0.284137331437,-1.290947818276E-16)
  );
#7287 = ORIENTED_EDGE('',*,*,#7288,.F.);
#7288 = EDGE_CURVE('',#7257,#7280,#7289,.T.);
#7289 = LINE('',#7290,#7291);
#7290 = CARTESIAN_POINT('',(4.032462063338,-1.361830830304,
    52.000002249963));
#7291 = VECTOR('',#7292,1.);
#7292 = DIRECTION('',(2.168404344971E-15,-2.602085213965E-16,-1.));
#7293 = CYLINDRICAL_SURFACE('',#7294,0.2);
#7294 = AXIS2_PLACEMENT_3D('',#7295,#7296,#7297);
#7295 = CARTESIAN_POINT('',(4.163662926317,-1.210879402508,
    52.000002249963));
#7296 = DIRECTION('',(-2.109423746788E-15,2.775557561563E-16,1.));
#7297 = DIRECTION('',(0.95878359231,-0.284137331437,2.101344829529E-15)
  );
#7298 = ADVANCED_FACE('',(#7299),#7325,.F.);
#7299 = FACE_BOUND('',#7300,.F.);
#7300 = EDGE_LOOP('',(#7301,#7302,#7309,#7310));
#7301 = ORIENTED_EDGE('',*,*,#7231,.T.);
#7302 = ORIENTED_EDGE('',*,*,#7303,.T.);
#7303 = EDGE_CURVE('',#7223,#7280,#7304,.T.);
#7304 = CIRCLE('',#7305,0.2);
#7305 = AXIS2_PLACEMENT_3D('',#7306,#7307,#7308);
#7306 = CARTESIAN_POINT('',(3.901261200359,-1.512782258099,
    48.400002249963));
#7307 = DIRECTION('',(2.498001805407E-16,3.885780586188E-16,1.));
#7308 = DIRECTION('',(0.9071520165,0.420803064343,-3.901215753026E-16));
#7309 = ORIENTED_EDGE('',*,*,#7288,.F.);
#7310 = ORIENTED_EDGE('',*,*,#7311,.T.);
#7311 = EDGE_CURVE('',#7257,#7232,#7312,.T.);
#7312 = B_SPLINE_CURVE_WITH_KNOTS('',3,(#7313,#7314,#7315,#7316,#7317,
    #7318,#7319,#7320,#7321,#7322,#7323,#7324),.UNSPECIFIED.,.F.,.F.,(4,
    2,2,2,2,4),(1.030761788618E-02,1.036789961692E-02,2.073579923383E-02
    ,2.925688309386E-02,3.351742502388E-02,3.777796695389E-02),
  .UNSPECIFIED.);
#7313 = CARTESIAN_POINT('',(4.032462063338,-1.361830830304,
    51.645979889802));
#7314 = CARTESIAN_POINT('',(4.032581590449,-1.361934718424,
    51.646126675445));
#7315 = CARTESIAN_POINT('',(4.032701099806,-1.362038670858,
    51.646273421687));
#7316 = CARTESIAN_POINT('',(4.053334497833,-1.380080040275,
    51.671649085811));
#7317 = CARTESIAN_POINT('',(4.070779520854,-1.40294200824,
    51.695604705372));
#7318 = CARTESIAN_POINT('',(4.092481808067,-1.449727013568,
    51.731723238219));
#7319 = CARTESIAN_POINT('',(4.099682173647,-1.475567648978,
    51.74725941368));
#7320 = CARTESIAN_POINT('',(4.101693629223,-1.516756614008,
    51.763505017247));
#7321 = CARTESIAN_POINT('',(4.100945323508,-1.530895141888,
    51.767788746684));
#7322 = CARTESIAN_POINT('',(4.096383679152,-1.558916923414,
    51.773536857146));
#7323 = CARTESIAN_POINT('',(4.092571281727,-1.572800122715,
    51.775002249963));
#7324 = CARTESIAN_POINT('',(4.087371052768,-1.586015603211,
    51.775002249963));
#7325 = CYLINDRICAL_SURFACE('',#7326,0.2);
#7326 = AXIS2_PLACEMENT_3D('',#7327,#7328,#7329);
#7327 = CARTESIAN_POINT('',(3.901261200359,-1.512782258099,
    52.000002249963));
#7328 = DIRECTION('',(-8.049116928532E-16,-2.22044604925E-16,-1.));
#7329 = DIRECTION('',(0.9071520165,0.420803064343,-8.236143154494E-16));
#7330 = ADVANCED_FACE('',(#7331),#7366,.F.);
#7331 = FACE_BOUND('',#7332,.F.);
#7332 = EDGE_LOOP('',(#7333,#7334,#7343,#7351));
#7333 = ORIENTED_EDGE('',*,*,#5635,.F.);
#7334 = ORIENTED_EDGE('',*,*,#7335,.T.);
#7335 = EDGE_CURVE('',#5636,#7336,#7338,.T.);
#7336 = VERTEX_POINT('',#7337);
#7337 = CARTESIAN_POINT('',(4.392256268596,-5.325411711772E-02,
    48.400002249963));
#7338 = CIRCLE('',#7339,0.2);
#7339 = AXIS2_PLACEMENT_3D('',#7340,#7341,#7342);
#7340 = CARTESIAN_POINT('',(4.192287997285,-4.969174864673E-02,
    48.400002249963));
#7341 = DIRECTION('',(2.498001805407E-16,6.106226635438E-16,1.));
#7342 = DIRECTION('',(0.677064819908,-0.735923385715,2.802405836989E-16)
  );
#7343 = ORIENTED_EDGE('',*,*,#7344,.T.);
#7344 = EDGE_CURVE('',#7336,#7345,#7347,.T.);
#7345 = VERTEX_POINT('',#7346);
#7346 = CARTESIAN_POINT('',(4.392256268596,-5.325411711771E-02,
    51.775002249963));
#7347 = LINE('',#7348,#7349);
#7348 = CARTESIAN_POINT('',(4.392256268596,-5.325411711771E-02,
    52.000002249963));
#7349 = VECTOR('',#7350,1.);
#7350 = DIRECTION('',(5.273559366969E-16,7.216449660064E-16,1.));
#7351 = ORIENTED_EDGE('',*,*,#7352,.T.);
#7352 = EDGE_CURVE('',#7345,#5619,#7353,.T.);
#7353 = B_SPLINE_CURVE_WITH_KNOTS('',3,(#7354,#7355,#7356,#7357,#7358,
    #7359,#7360,#7361,#7362,#7363,#7364,#7365),.UNSPECIFIED.,.F.,.F.,(4,
    2,2,2,2,4),(3.777796695389E-02,4.203850888391E-02,4.629905081392E-02
    ,5.482013467395E-02,6.518803429087E-02,6.524831602161E-02),
  .UNSPECIFIED.);
#7354 = CARTESIAN_POINT('',(4.392256268596,-5.32541171177E-02,
    51.775002249963));
#7355 = CARTESIAN_POINT('',(4.392003308258,-6.745367052755E-02,
    51.775002249963));
#7356 = CARTESIAN_POINT('',(4.390212633848,-8.173901553922E-02,
    51.773536857146));
#7357 = CARTESIAN_POINT('',(4.383703572168,-0.109373431675,
    51.767788746684));
#7358 = CARTESIAN_POINT('',(4.378984336124,-0.122722092402,
    51.763505017247));
#7359 = CARTESIAN_POINT('',(4.361363658974,-0.160005983435,
    51.74725941368));
#7360 = CARTESIAN_POINT('',(4.344822605535,-0.181124156983,
    51.731723238219));
#7361 = CARTESIAN_POINT('',(4.306868460148,-0.216042760074,
    51.695604705372));
#7362 = CARTESIAN_POINT('',(4.282002464063,-0.230488543062,
    51.671649085811));
#7363 = CARTESIAN_POINT('',(4.256035556767,-0.239260535427,
    51.646273421687));
#7364 = CARTESIAN_POINT('',(4.255885363644,-0.239310840702,
    51.646126675445));
#7365 = CARTESIAN_POINT('',(4.25573517873,-0.239361079765,
    51.645979889802));
#7366 = CYLINDRICAL_SURFACE('',#7367,0.2);
#7367 = AXIS2_PLACEMENT_3D('',#7368,#7369,#7370);
#7368 = CARTESIAN_POINT('',(4.192287997285,-4.969174864673E-02,
    52.000002249963));
#7369 = DIRECTION('',(-4.718447854657E-16,-5.551115123126E-16,-1.));
#7370 = DIRECTION('',(0.677064819908,-0.735923385715,8.905003889464E-17)
  );
#7371 = ADVANCED_FACE('',(#7372),#7416,.F.);
#7372 = FACE_BOUND('',#7373,.F.);
#7373 = EDGE_LOOP('',(#7374,#7384,#7393,#7401));
#7374 = ORIENTED_EDGE('',*,*,#7375,.T.);
#7375 = EDGE_CURVE('',#7376,#7378,#7380,.T.);
#7376 = VERTEX_POINT('',#7377);
#7377 = CARTESIAN_POINT('',(4.391616151962,0.133625638919,
    51.775002249963));
#7378 = VERTEX_POINT('',#7379);
#7379 = CARTESIAN_POINT('',(4.391616151962,0.133625638919,
    48.400002249963));
#7380 = LINE('',#7381,#7382);
#7381 = CARTESIAN_POINT('',(4.391616151962,0.133625638919,
    52.000002249963));
#7382 = VECTOR('',#7383,1.);
#7383 = DIRECTION('',(1.908195823575E-15,4.857225732735E-15,-1.));
#7384 = ORIENTED_EDGE('',*,*,#7385,.T.);
#7385 = EDGE_CURVE('',#7378,#7386,#7388,.T.);
#7386 = VERTEX_POINT('',#7387);
#7387 = CARTESIAN_POINT('',(4.253823341317,0.318792997972,
    48.400002249963));
#7388 = CIRCLE('',#7389,0.2);
#7389 = AXIS2_PLACEMENT_3D('',#7390,#7391,#7392);
#7390 = CARTESIAN_POINT('',(4.191676976862,0.128693473025,
    48.400002249963));
#7391 = DIRECTION('',(2.498001805407E-16,6.106226635438E-16,1.));
#7392 = DIRECTION('',(-0.310731822276,-0.950497624734,6.580162566115E-16
    ));
#7393 = ORIENTED_EDGE('',*,*,#7394,.T.);
#7394 = EDGE_CURVE('',#7386,#7395,#7397,.T.);
#7395 = VERTEX_POINT('',#7396);
#7396 = CARTESIAN_POINT('',(4.253823341317,0.318792997972,
    51.645979889802));
#7397 = LINE('',#7398,#7399);
#7398 = CARTESIAN_POINT('',(4.253823341317,0.318792997972,
    52.000002249963));
#7399 = VECTOR('',#7400,1.);
#7400 = DIRECTION('',(-1.908195823575E-15,-4.857225732735E-15,1.));
#7401 = ORIENTED_EDGE('',*,*,#7402,.T.);
#7402 = EDGE_CURVE('',#7395,#7376,#7403,.T.);
#7403 = B_SPLINE_CURVE_WITH_KNOTS('',3,(#7404,#7405,#7406,#7407,#7408,
    #7409,#7410,#7411,#7412,#7413,#7414,#7415),.UNSPECIFIED.,.F.,.F.,(4,
    2,2,2,2,4),(1.030761788618E-02,1.036789961692E-02,2.073579923383E-02
    ,2.925688309386E-02,3.351742502388E-02,3.777796695389E-02),
  .UNSPECIFIED.);
#7404 = CARTESIAN_POINT('',(4.253823341317,0.318792997972,
    51.645979889802));
#7405 = CARTESIAN_POINT('',(4.25397386687,0.318743788928,51.646126675445
    ));
#7406 = CARTESIAN_POINT('',(4.254124401084,0.31869451373,51.646273421687
    ));
#7407 = CARTESIAN_POINT('',(4.280150791532,0.310100613286,
    51.671649085811));
#7408 = CARTESIAN_POINT('',(4.305115164858,0.295825513571,
    51.695604705372));
#7409 = CARTESIAN_POINT('',(4.34330762926,0.261167734405,51.731723238219
    ));
#7410 = CARTESIAN_POINT('',(4.359992964442,0.240163370745,51.74725941368
    ));
#7411 = CARTESIAN_POINT('',(4.377868641116,0.20300106488,51.763505017247
    ));
#7412 = CARTESIAN_POINT('',(4.382679211315,0.189685046466,
    51.767788746684));
#7413 = CARTESIAN_POINT('',(4.389377429604,0.162095869042,
    51.773536857146));
#7414 = CARTESIAN_POINT('',(4.391265923635,0.147823126235,
    51.775002249963));
#7415 = CARTESIAN_POINT('',(4.391616151962,0.133625638919,
    51.775002249963));
#7416 = CYLINDRICAL_SURFACE('',#7417,0.2);
#7417 = AXIS2_PLACEMENT_3D('',#7418,#7419,#7420);
#7418 = CARTESIAN_POINT('',(4.191676976862,0.128693473025,
    52.000002249963));
#7419 = DIRECTION('',(1.915134717478E-15,4.829470157119E-15,-1.));
#7420 = DIRECTION('',(-0.310731822276,-0.950497624734,
    -5.185493213732E-15));
#7421 = ADVANCED_FACE('',(#7422),#7455,.T.);
#7422 = FACE_BOUND('',#7423,.T.);
#7423 = EDGE_LOOP('',(#7424,#7439,#7447,#7454));
#7424 = ORIENTED_EDGE('',*,*,#7425,.F.);
#7425 = EDGE_CURVE('',#7426,#7395,#7428,.T.);
#7426 = VERTEX_POINT('',#7427);
#7427 = CARTESIAN_POINT('',(4.117210376761,0.486650015623,
    51.525002249963));
#7428 = B_SPLINE_CURVE_WITH_KNOTS('',3,(#7429,#7430,#7431,#7432,#7433,
    #7434,#7435,#7436,#7437,#7438),.UNSPECIFIED.,.F.,.F.,(4,2,2,2,4),(
    3.561363321384E-02,4.282211546828E-02,5.003059772272E-02,
    6.06289320752E-02,6.108209788583E-02),.UNSPECIFIED.);
#7429 = CARTESIAN_POINT('',(4.117210376761,0.486650015623,
    51.525002249963));
#7430 = CARTESIAN_POINT('',(4.11988262208,0.462770797355,51.525002249963
    ));
#7431 = CARTESIAN_POINT('',(4.127233633376,0.438679317989,
    51.529858870556));
#7432 = CARTESIAN_POINT('',(4.148821374329,0.396495549448,
    51.547369399203));
#7433 = CARTESIAN_POINT('',(4.163074534819,0.378416474789,51.56003487681
    ));
#7434 = CARTESIAN_POINT('',(4.198770954396,0.344177215058,
    51.592846155814));
#7435 = CARTESIAN_POINT('',(4.224104978332,0.329077248167,
    51.617043972001));
#7436 = CARTESIAN_POINT('',(4.251566039149,0.319541558618,51.64377938971
    ));
#7437 = CARTESIAN_POINT('',(4.252693935545,0.319162217531,51.64487854488
    ));
#7438 = CARTESIAN_POINT('',(4.253823341317,0.318792997972,
    51.645979889802));
#7439 = ORIENTED_EDGE('',*,*,#7440,.T.);
#7440 = EDGE_CURVE('',#7426,#7441,#7443,.T.);
#7441 = VERTEX_POINT('',#7442);
#7442 = CARTESIAN_POINT('',(4.117210376761,0.486650015623,
    48.400002249963));
#7443 = LINE('',#7444,#7445);
#7444 = CARTESIAN_POINT('',(4.117210376761,0.486650015623,
    52.000002249963));
#7445 = VECTOR('',#7446,1.);
#7446 = DIRECTION('',(5.551115123126E-17,-1.110223024625E-16,-1.));
#7447 = ORIENTED_EDGE('',*,*,#7448,.F.);
#7448 = EDGE_CURVE('',#7386,#7441,#7449,.T.);
#7449 = CIRCLE('',#7450,0.2);
#7450 = AXIS2_PLACEMENT_3D('',#7451,#7452,#7453);
#7451 = CARTESIAN_POINT('',(4.315969705773,0.508892522919,
    48.400002249963));
#7452 = DIRECTION('',(-2.498001805407E-16,-6.106226635438E-16,-1.));
#7453 = DIRECTION('',(-0.641883232253,-0.76680239707,6.285694694135E-16)
  );
#7454 = ORIENTED_EDGE('',*,*,#7394,.T.);
#7455 = CYLINDRICAL_SURFACE('',#7456,0.2);
#7456 = AXIS2_PLACEMENT_3D('',#7457,#7458,#7459);
#7457 = CARTESIAN_POINT('',(4.315969705773,0.508892522919,
    52.000002249963));
#7458 = DIRECTION('',(5.551115123126E-17,-1.110223024625E-16,-1.));
#7459 = DIRECTION('',(-0.641883232253,-0.76680239707,4.950049047808E-17)
  );
#7460 = ADVANCED_FACE('',(#7461),#7494,.T.);
#7461 = FACE_BOUND('',#7462,.T.);
#7462 = EDGE_LOOP('',(#7463,#7478,#7486,#7493));
#7463 = ORIENTED_EDGE('',*,*,#7464,.F.);
#7464 = EDGE_CURVE('',#7465,#6272,#7467,.T.);
#7465 = VERTEX_POINT('',#7466);
#7466 = CARTESIAN_POINT('',(3.626649416136,2.029802453511,
    51.525002249963));
#7467 = B_SPLINE_CURVE_WITH_KNOTS('',3,(#7468,#7469,#7470,#7471,#7472,
    #7473,#7474,#7475,#7476,#7477),.UNSPECIFIED.,.F.,.F.,(4,2,2,2,4),(
    3.561363321384E-02,4.282211546828E-02,5.003059772273E-02,
    6.06289320752E-02,6.108209788583E-02),.UNSPECIFIED.);
#7468 = CARTESIAN_POINT('',(3.626649416136,2.029802453511,
    51.525002249963));
#7469 = CARTESIAN_POINT('',(3.638256430101,2.008763556511,
    51.525002249963));
#7470 = CARTESIAN_POINT('',(3.654267288995,1.989319042052,
    51.529858870556));
#7471 = CARTESIAN_POINT('',(3.69035479035,1.958607592497,51.547369399203
    ));
#7472 = CARTESIAN_POINT('',(3.710441555945,1.947359153831,51.56003487681
    ));
#7473 = CARTESIAN_POINT('',(3.756523544811,1.929386630924,
    51.592846155814));
#7474 = CARTESIAN_POINT('',(3.78570763816,1.925130991807,51.617043972001
    ));
#7475 = CARTESIAN_POINT('',(3.814727500597,1.926830056415,51.64377938971
    ));
#7476 = CARTESIAN_POINT('',(3.815914708542,1.926911218213,51.64487854488
    ));
#7477 = CARTESIAN_POINT('',(3.817099437627,1.927002308697,
    51.645979889802));
#7478 = ORIENTED_EDGE('',*,*,#7479,.T.);
#7479 = EDGE_CURVE('',#7465,#7480,#7482,.T.);
#7480 = VERTEX_POINT('',#7481);
#7481 = CARTESIAN_POINT('',(3.626649416136,2.029802453511,
    48.400002249963));
#7482 = LINE('',#7483,#7484);
#7483 = CARTESIAN_POINT('',(3.626649416136,2.029802453511,
    52.000002249963));
#7484 = VECTOR('',#7485,1.);
#7485 = DIRECTION('',(5.551115123126E-17,-1.110223024625E-16,-1.));
#7486 = ORIENTED_EDGE('',*,*,#7487,.F.);
#7487 = EDGE_CURVE('',#6263,#7480,#7488,.T.);
#7488 = CIRCLE('',#7489,0.2);
#7489 = AXIS2_PLACEMENT_3D('',#7490,#7491,#7492);
#7490 = CARTESIAN_POINT('',(3.801767253069,2.126413752994,
    48.400002249963));
#7491 = DIRECTION('',(-2.22044604925E-16,-7.216449660064E-16,-1.));
#7492 = DIRECTION('',(-0.299580207284,-0.95407111863,7.55020788741E-16)
  );
#7493 = ORIENTED_EDGE('',*,*,#6271,.T.);
#7494 = CYLINDRICAL_SURFACE('',#7495,0.2);
#7495 = AXIS2_PLACEMENT_3D('',#7496,#7497,#7498);
#7496 = CARTESIAN_POINT('',(3.801767253069,2.126413752994,
    52.000002249963));
#7497 = DIRECTION('',(5.551115123126E-17,-1.110223024625E-16,-1.));
#7498 = DIRECTION('',(-0.299580207284,-0.95407111863,8.929313011082E-17)
  );
#7499 = ADVANCED_FACE('',(#7500),#7526,.F.);
#7500 = FACE_BOUND('',#7501,.F.);
#7501 = EDGE_LOOP('',(#7502,#7503,#7510,#7511));
#7502 = ORIENTED_EDGE('',*,*,#5855,.F.);
#7503 = ORIENTED_EDGE('',*,*,#7504,.T.);
#7504 = EDGE_CURVE('',#5856,#6303,#7505,.T.);
#7505 = CIRCLE('',#7506,0.2);
#7506 = AXIS2_PLACEMENT_3D('',#7507,#7508,#7509);
#7507 = CARTESIAN_POINT('',(3.901261200359,1.563018236587,
    48.400002249963));
#7508 = DIRECTION('',(2.22044604925E-16,7.216449660064E-16,1.));
#7509 = DIRECTION('',(0.9071520165,-0.420803064343,1.022422019522E-16));
#7510 = ORIENTED_EDGE('',*,*,#6302,.T.);
#7511 = ORIENTED_EDGE('',*,*,#7512,.T.);
#7512 = EDGE_CURVE('',#6305,#5839,#7513,.T.);
#7513 = B_SPLINE_CURVE_WITH_KNOTS('',3,(#7514,#7515,#7516,#7517,#7518,
    #7519,#7520,#7521,#7522,#7523,#7524,#7525),.UNSPECIFIED.,.F.,.F.,(4,
    2,2,2,2,4),(3.777796695389E-02,4.203850888391E-02,4.629905081392E-02
    ,5.482013467395E-02,6.518803429087E-02,6.524831602161E-02),
  .UNSPECIFIED.);
#7514 = CARTESIAN_POINT('',(4.087371052768,1.636251581699,
    51.775002249963));
#7515 = CARTESIAN_POINT('',(4.092571281727,1.623036101202,
    51.775002249963));
#7516 = CARTESIAN_POINT('',(4.096383679152,1.609152901902,
    51.773536857146));
#7517 = CARTESIAN_POINT('',(4.100945323508,1.581131120375,
    51.767788746684));
#7518 = CARTESIAN_POINT('',(4.101693629222,1.566992592496,
    51.763505017247));
#7519 = CARTESIAN_POINT('',(4.099682173647,1.525803627466,51.74725941368
    ));
#7520 = CARTESIAN_POINT('',(4.092481808067,1.499962992056,
    51.731723238219));
#7521 = CARTESIAN_POINT('',(4.070779520854,1.453177986727,
    51.695604705372));
#7522 = CARTESIAN_POINT('',(4.053334497833,1.430316018763,
    51.671649085811));
#7523 = CARTESIAN_POINT('',(4.032701099806,1.412274649345,
    51.646273421687));
#7524 = CARTESIAN_POINT('',(4.032581590449,1.412170696912,
    51.646126675445));
#7525 = CARTESIAN_POINT('',(4.032462063338,1.412066808791,
    51.645979889802));
#7526 = CYLINDRICAL_SURFACE('',#7527,0.2);
#7527 = AXIS2_PLACEMENT_3D('',#7528,#7529,#7530);
#7528 = CARTESIAN_POINT('',(3.901261200359,1.563018236587,
    52.000002249963));
#7529 = DIRECTION('',(-4.718447854657E-16,-8.326672684689E-16,-1.));
#7530 = DIRECTION('',(0.9071520165,-0.420803064343,-7.764601046069E-17)
  );
#7531 = ADVANCED_FACE('',(#7532),#7574,.T.);
#7532 = FACE_BOUND('',#7533,.T.);
#7533 = EDGE_LOOP('',(#7534,#7551,#7559,#7568));
#7534 = ORIENTED_EDGE('',*,*,#7535,.F.);
#7535 = EDGE_CURVE('',#7536,#7538,#7540,.T.);
#7536 = VERTEX_POINT('',#7537);
#7537 = CARTESIAN_POINT('',(3.194210509172,2.852344312293,
    51.645979889802));
#7538 = VERTEX_POINT('',#7539);
#7539 = CARTESIAN_POINT('',(3.217777734078,2.637207922136,
    51.525002249963));
#7540 = B_SPLINE_CURVE_WITH_KNOTS('',3,(#7541,#7542,#7543,#7544,#7545,
    #7546,#7547,#7548,#7549,#7550),.UNSPECIFIED.,.F.,.F.,(4,2,2,2,4),(
    1.014516854185E-02,1.059833435248E-02,2.119666870496E-02,
    2.84051509594E-02,3.561363321384E-02),.UNSPECIFIED.);
#7541 = CARTESIAN_POINT('',(3.194210509172,2.852344312293,
    51.645979889802));
#7542 = CARTESIAN_POINT('',(3.193680248343,2.851280966661,51.64487854488
    ));
#7543 = CARTESIAN_POINT('',(3.193158253331,2.8502115878,51.64377938971)
  );
#7544 = CARTESIAN_POINT('',(3.180662612513,2.823964717568,
    51.617043972001));
#7545 = CARTESIAN_POINT('',(3.173622074617,2.795324665281,
    51.592846155814));
#7546 = CARTESIAN_POINT('',(3.172930501663,2.745866774056,51.56003487681
    ));
#7547 = CARTESIAN_POINT('',(3.175792386328,2.723023500634,
    51.547369399204));
#7548 = CARTESIAN_POINT('',(3.190664546425,2.678031059692,
    51.529858870556));
#7549 = CARTESIAN_POINT('',(3.202653875501,2.655879474345,
    51.525002249963));
#7550 = CARTESIAN_POINT('',(3.217777734078,2.637207922136,
    51.525002249963));
#7551 = ORIENTED_EDGE('',*,*,#7552,.F.);
#7552 = EDGE_CURVE('',#7553,#7536,#7555,.T.);
#7553 = VERTEX_POINT('',#7554);
#7554 = CARTESIAN_POINT('',(3.194210509172,2.852344312293,
    48.400002249963));
#7555 = LINE('',#7556,#7557);
#7556 = CARTESIAN_POINT('',(3.194210509172,2.852344312293,
    52.000002249963));
#7557 = VECTOR('',#7558,1.);
#7558 = DIRECTION('',(3.295974604356E-15,-2.341876692569E-15,1.));
#7559 = ORIENTED_EDGE('',*,*,#7560,.F.);
#7560 = EDGE_CURVE('',#7561,#7553,#7563,.T.);
#7561 = VERTEX_POINT('',#7562);
#7562 = CARTESIAN_POINT('',(3.217777734078,2.637207922136,
    48.400002249963));
#7563 = CIRCLE('',#7564,0.2);
#7564 = AXIS2_PLACEMENT_3D('',#7565,#7566,#7567);
#7565 = CARTESIAN_POINT('',(3.373190911635,2.763091774324,
    48.400002249963));
#7566 = DIRECTION('',(-8.326672684689E-17,-6.106226635438E-16,-1.));
#7567 = DIRECTION('',(0.777065887786,0.629419260938,-4.4904139862E-16));
#7568 = ORIENTED_EDGE('',*,*,#7569,.F.);
#7569 = EDGE_CURVE('',#7538,#7561,#7570,.T.);
#7570 = LINE('',#7571,#7572);
#7571 = CARTESIAN_POINT('',(3.217777734078,2.637207922136,
    52.000002249963));
#7572 = VECTOR('',#7573,1.);
#7573 = DIRECTION('',(-3.30291349826E-15,2.331468351713E-15,-1.));
#7574 = CYLINDRICAL_SURFACE('',#7575,0.2);
#7575 = AXIS2_PLACEMENT_3D('',#7576,#7577,#7578);
#7576 = CARTESIAN_POINT('',(3.373190911635,2.763091774324,
    52.000002249963));
#7577 = DIRECTION('',(-3.30291349826E-15,2.331468351713E-15,-1.));
#7578 = DIRECTION('',(0.777065887786,0.629419260938,-1.09911032297E-15)
  );
#7579 = ADVANCED_FACE('',(#7580),#7615,.F.);
#7580 = FACE_BOUND('',#7581,.F.);
#7581 = EDGE_LOOP('',(#7582,#7583,#7592,#7600));
#7582 = ORIENTED_EDGE('',*,*,#7552,.F.);
#7583 = ORIENTED_EDGE('',*,*,#7584,.T.);
#7584 = EDGE_CURVE('',#7553,#7585,#7587,.T.);
#7585 = VERTEX_POINT('',#7586);
#7586 = CARTESIAN_POINT('',(3.159148002277,3.080476796026,
    48.400002249963));
#7587 = CIRCLE('',#7588,0.2);
#7588 = AXIS2_PLACEMENT_3D('',#7589,#7590,#7591);
#7589 = CARTESIAN_POINT('',(3.015230106708,2.941596850263,
    48.400002249963));
#7590 = DIRECTION('',(8.326672684689E-17,6.106226635438E-16,1.));
#7591 = DIRECTION('',(0.999133541933,-4.161929101309E-02,
    -5.778089738648E-17));
#7592 = ORIENTED_EDGE('',*,*,#7593,.T.);
#7593 = EDGE_CURVE('',#7585,#7594,#7596,.T.);
#7594 = VERTEX_POINT('',#7595);
#7595 = CARTESIAN_POINT('',(3.159148002277,3.080476796026,
    51.775002249963));
#7596 = LINE('',#7597,#7598);
#7597 = CARTESIAN_POINT('',(3.159148002277,3.080476796026,
    52.000002249963));
#7598 = VECTOR('',#7599,1.);
#7599 = DIRECTION('',(3.608224830032E-16,1.054711873394E-15,1.));
#7600 = ORIENTED_EDGE('',*,*,#7601,.T.);
#7601 = EDGE_CURVE('',#7594,#7536,#7602,.T.);
#7602 = B_SPLINE_CURVE_WITH_KNOTS('',3,(#7603,#7604,#7605,#7606,#7607,
    #7608,#7609,#7610,#7611,#7612,#7613,#7614),.UNSPECIFIED.,.F.,.F.,(4,
    2,2,2,2,4),(3.777796695389E-02,4.203850888391E-02,4.629905081392E-02
    ,5.482013467395E-02,6.518803429087E-02,6.524831602161E-02),
  .UNSPECIFIED.);
#7603 = CARTESIAN_POINT('',(3.159148002277,3.080476796026,
    51.775002249963));
#7604 = CARTESIAN_POINT('',(3.169009732813,3.07025732555,51.775002249963
    ));
#7605 = CARTESIAN_POINT('',(3.177844799124,3.058889863203,
    51.773536857146));
#7606 = CARTESIAN_POINT('',(3.192782680515,3.034746778506,
    51.767788746684));
#7607 = CARTESIAN_POINT('',(3.198884605226,3.021970846177,
    51.763505017247));
#7608 = CARTESIAN_POINT('',(3.212788597103,2.983147453697,51.74725941368
    ));
#7609 = CARTESIAN_POINT('',(3.21602510977,2.95651835892,51.731723238219)
  );
#7610 = CARTESIAN_POINT('',(3.213878657228,2.904989544308,
    51.695604705372));
#7611 = CARTESIAN_POINT('',(3.206510453885,2.877191918745,
    51.671649085811));
#7612 = CARTESIAN_POINT('',(3.194351812935,2.852627807223,
    51.646273421687));
#7613 = CARTESIAN_POINT('',(3.19428118156,2.852486033447,51.646126675445
    ));
#7614 = CARTESIAN_POINT('',(3.194210509172,2.852344312293,
    51.645979889802));
#7615 = CYLINDRICAL_SURFACE('',#7616,0.2);
#7616 = AXIS2_PLACEMENT_3D('',#7617,#7618,#7619);
#7617 = CARTESIAN_POINT('',(3.015230106708,2.941596850263,
    52.000002249963));
#7618 = DIRECTION('',(-3.608224830032E-16,-1.054711873394E-15,-1.));
#7619 = DIRECTION('',(0.999133541933,-4.161929101309E-02,
    -3.166134850583E-16));
#7620 = ADVANCED_FACE('',(#7621),#7656,.F.);
#7621 = FACE_BOUND('',#7622,.F.);
#7622 = EDGE_LOOP('',(#7623,#7633,#7640,#7641));
#7623 = ORIENTED_EDGE('',*,*,#7624,.T.);
#7624 = EDGE_CURVE('',#7625,#7627,#7629,.T.);
#7625 = VERTEX_POINT('',#7626);
#7626 = CARTESIAN_POINT('',(3.048313106549,3.191311691754,
    51.775002249963));
#7627 = VERTEX_POINT('',#7628);
#7628 = CARTESIAN_POINT('',(3.048313106549,3.191311691754,
    48.400002249963));
#7629 = LINE('',#7630,#7631);
#7630 = CARTESIAN_POINT('',(3.048313106549,3.191311691754,
    52.000002249963));
#7631 = VECTOR('',#7632,1.);
#7632 = DIRECTION('',(-3.608224830032E-16,-1.054711873394E-15,-1.));
#7633 = ORIENTED_EDGE('',*,*,#7634,.T.);
#7634 = EDGE_CURVE('',#7627,#6148,#7635,.T.);
#7635 = CIRCLE('',#7636,0.2);
#7636 = AXIS2_PLACEMENT_3D('',#7637,#7638,#7639);
#7637 = CARTESIAN_POINT('',(2.909433160786,3.047393796186,
    48.400002249963));
#7638 = DIRECTION('',(8.326672684689E-17,6.106226635438E-16,1.));
#7639 = DIRECTION('',(-4.161929101307E-02,0.999133541933,
    -6.066280824748E-16));
#7640 = ORIENTED_EDGE('',*,*,#6155,.T.);
#7641 = ORIENTED_EDGE('',*,*,#7642,.T.);
#7642 = EDGE_CURVE('',#6132,#7625,#7643,.T.);
#7643 = B_SPLINE_CURVE_WITH_KNOTS('',3,(#7644,#7645,#7646,#7647,#7648,
    #7649,#7650,#7651,#7652,#7653,#7654,#7655),.UNSPECIFIED.,.F.,.F.,(4,
    2,2,2,2,4),(0.,1.036789961692E-02,2.073579923383E-02,
    2.925688309386E-02,3.351742502388E-02,3.777796695389E-02),
  .UNSPECIFIED.);
#7644 = CARTESIAN_POINT('',(2.75906519929,3.179262959206,51.570237642644
    ));
#7645 = CARTESIAN_POINT('',(2.775177879406,3.197635949583,
    51.594675016397));
#7646 = CARTESIAN_POINT('',(2.796183999589,3.214497431308,
    51.621191133541));
#7647 = CARTESIAN_POINT('',(2.845028229267,3.238674143362,
    51.671649085811));
#7648 = CARTESIAN_POINT('',(2.872825854831,3.246042346705,
    51.695604705372));
#7649 = CARTESIAN_POINT('',(2.924354669442,3.248188799247,
    51.731723238219));
#7650 = CARTESIAN_POINT('',(2.950983764219,3.24495228658,51.74725941368)
  );
#7651 = CARTESIAN_POINT('',(2.989807156699,3.231048294704,
    51.763505017247));
#7652 = CARTESIAN_POINT('',(3.002583089028,3.224946369992,
    51.767788746684));
#7653 = CARTESIAN_POINT('',(3.026726173725,3.210008488602,
    51.773536857146));
#7654 = CARTESIAN_POINT('',(3.038093636073,3.20117342229,51.775002249963
    ));
#7655 = CARTESIAN_POINT('',(3.048313106549,3.191311691754,
    51.775002249963));
#7656 = CYLINDRICAL_SURFACE('',#7657,0.2);
#7657 = AXIS2_PLACEMENT_3D('',#7658,#7659,#7660);
#7658 = CARTESIAN_POINT('',(2.909433160786,3.047393796186,
    52.000002249963));
#7659 = DIRECTION('',(-3.053113317719E-16,-9.992007221626E-16,-1.));
#7660 = DIRECTION('',(-4.161929101307E-02,0.999133541933,
    -9.856281154698E-16));
#7661 = ADVANCED_FACE('',(#7662),#7680,.F.);
#7662 = FACE_BOUND('',#7663,.F.);
#7663 = EDGE_LOOP('',(#7664,#7665,#7672,#7673));
#7664 = ORIENTED_EDGE('',*,*,#7344,.F.);
#7665 = ORIENTED_EDGE('',*,*,#7666,.F.);
#7666 = EDGE_CURVE('',#7378,#7336,#7667,.T.);
#7667 = CIRCLE('',#7668,4.4);
#7668 = AXIS2_PLACEMENT_3D('',#7669,#7670,#7671);
#7669 = CARTESIAN_POINT('',(-7.045700233637E-03,2.511798924387E-02,
    48.400002249963));
#7670 = DIRECTION('',(-2.498001805407E-16,-6.106226635438E-16,-1.));
#7671 = DIRECTION('',(0.997858923239,6.540312923013E-02,
    -2.892019721537E-16));
#7672 = ORIENTED_EDGE('',*,*,#7375,.F.);
#7673 = ORIENTED_EDGE('',*,*,#7674,.T.);
#7674 = EDGE_CURVE('',#7376,#7345,#7675,.T.);
#7675 = CIRCLE('',#7676,4.4);
#7676 = AXIS2_PLACEMENT_3D('',#7677,#7678,#7679);
#7677 = CARTESIAN_POINT('',(-7.045700233628E-03,2.511798924387E-02,
    51.775002249963));
#7678 = DIRECTION('',(-5.273559366969E-16,-7.216449660064E-16,-1.));
#7679 = DIRECTION('',(0.997858923239,6.540312923013E-02,
    -5.734246661259E-16));
#7680 = CYLINDRICAL_SURFACE('',#7681,4.4);
#7681 = AXIS2_PLACEMENT_3D('',#7682,#7683,#7684);
#7682 = CARTESIAN_POINT('',(-7.045700233628E-03,2.511798924387E-02,
    52.000002249963));
#7683 = DIRECTION('',(-5.273559366969E-16,-7.216449660064E-16,-1.));
#7684 = DIRECTION('',(0.997858923239,6.540312923013E-02,
    -5.734246661259E-16));
#7685 = ADVANCED_FACE('',(#7686),#7700,.F.);
#7686 = FACE_BOUND('',#7687,.T.);
#7687 = EDGE_LOOP('',(#7688,#7695,#7696,#7697,#7698,#7699));
#7688 = ORIENTED_EDGE('',*,*,#7689,.F.);
#7689 = EDGE_CURVE('',#5644,#7441,#7690,.T.);
#7690 = CIRCLE('',#7691,4.15);
#7691 = AXIS2_PLACEMENT_3D('',#7692,#7693,#7694);
#7692 = CARTESIAN_POINT('',(-7.045700233625E-03,2.511798924383E-02,
    48.400002249963));
#7693 = DIRECTION('',(2.498001805407E-16,6.106226635438E-16,1.));
#7694 = DIRECTION('',(1.319189207136E-16,-1.,6.106226635438E-16));
#7695 = ORIENTED_EDGE('',*,*,#5643,.T.);
#7696 = ORIENTED_EDGE('',*,*,#7335,.T.);
#7697 = ORIENTED_EDGE('',*,*,#7666,.F.);
#7698 = ORIENTED_EDGE('',*,*,#7385,.T.);
#7699 = ORIENTED_EDGE('',*,*,#7448,.T.);
#7700 = PLANE('',#7701);
#7701 = AXIS2_PLACEMENT_3D('',#7702,#7703,#7704);
#7702 = CARTESIAN_POINT('',(4.263511565486,2.511798924386E-02,
    48.400002249963));
#7703 = DIRECTION('',(-2.498001805407E-16,-6.106226635438E-16,-1.));
#7704 = DIRECTION('',(-5.551115123126E-17,1.,-6.106226635438E-16));
#7705 = ADVANCED_FACE('',(#7706),#7720,.F.);
#7706 = FACE_BOUND('',#7707,.T.);
#7707 = EDGE_LOOP('',(#7708,#7709,#7710,#7717,#7718,#7719));
#7708 = ORIENTED_EDGE('',*,*,#6262,.T.);
#7709 = ORIENTED_EDGE('',*,*,#7487,.T.);
#7710 = ORIENTED_EDGE('',*,*,#7711,.F.);
#7711 = EDGE_CURVE('',#5864,#7480,#7712,.T.);
#7712 = CIRCLE('',#7713,4.15);
#7713 = AXIS2_PLACEMENT_3D('',#7714,#7715,#7716);
#7714 = CARTESIAN_POINT('',(-7.045700233625E-03,2.511798924383E-02,
    48.400002249963));
#7715 = DIRECTION('',(2.22044604925E-16,7.216449660064E-16,1.));
#7716 = DIRECTION('',(1.319189207136E-16,-1.,7.216449660064E-16));
#7717 = ORIENTED_EDGE('',*,*,#5863,.T.);
#7718 = ORIENTED_EDGE('',*,*,#7504,.T.);
#7719 = ORIENTED_EDGE('',*,*,#6312,.F.);
#7720 = PLANE('',#7721);
#7721 = AXIS2_PLACEMENT_3D('',#7722,#7723,#7724);
#7722 = CARTESIAN_POINT('',(3.938434749983,1.659389501801,
    48.400002249963));
#7723 = DIRECTION('',(-2.22044604925E-16,-7.216449660064E-16,-1.));
#7724 = DIRECTION('',(-0.382683432365,0.923879532511,-5.817402222822E-16
    ));
#7725 = ADVANCED_FACE('',(#7726),#7749,.F.);
#7726 = FACE_BOUND('',#7727,.T.);
#7727 = EDGE_LOOP('',(#7728,#7729,#7730,#7739,#7746,#7747,#7748));
#7728 = ORIENTED_EDGE('',*,*,#5756,.T.);
#7729 = ORIENTED_EDGE('',*,*,#6397,.T.);
#7730 = ORIENTED_EDGE('',*,*,#7731,.F.);
#7731 = EDGE_CURVE('',#7732,#6390,#7734,.T.);
#7732 = VERTEX_POINT('',#7733);
#7733 = CARTESIAN_POINT('',(-7.045700233625E-03,4.175117989244,
    48.400002249963));
#7734 = CIRCLE('',#7735,4.15);
#7735 = AXIS2_PLACEMENT_3D('',#7736,#7737,#7738);
#7736 = CARTESIAN_POINT('',(-7.045700233625E-03,2.511798924383E-02,
    48.400002249963));
#7737 = DIRECTION('',(-3.885780586188E-16,4.996003610813E-16,1.));
#7738 = DIRECTION('',(1.319189207136E-16,-1.,4.996003610813E-16));
#7739 = ORIENTED_EDGE('',*,*,#7740,.F.);
#7740 = EDGE_CURVE('',#5944,#7732,#7741,.T.);
#7741 = CIRCLE('',#7742,4.15);
#7742 = AXIS2_PLACEMENT_3D('',#7743,#7744,#7745);
#7743 = CARTESIAN_POINT('',(-7.045700233625E-03,2.511798924383E-02,
    48.400002249963));
#7744 = DIRECTION('',(-3.885780586188E-16,4.996003610813E-16,1.));
#7745 = DIRECTION('',(1.319189207136E-16,-1.,4.996003610813E-16));
#7746 = ORIENTED_EDGE('',*,*,#5943,.T.);
#7747 = ORIENTED_EDGE('',*,*,#5896,.T.);
#7748 = ORIENTED_EDGE('',*,*,#5815,.F.);
#7749 = PLANE('',#7750);
#7750 = AXIS2_PLACEMENT_3D('',#7751,#7752,#7753);
#7751 = CARTESIAN_POINT('',(-7.045700233641E-03,4.295675254964,
    48.400002249963));
#7752 = DIRECTION('',(3.885780586188E-16,-4.996003610813E-16,-1.));
#7753 = DIRECTION('',(-1.,-1.665334536938E-16,-3.885780586188E-16));
#7754 = ADVANCED_FACE('',(#7755),#7769,.F.);
#7755 = FACE_BOUND('',#7756,.T.);
#7756 = EDGE_LOOP('',(#7757,#7758,#7759,#7766,#7767,#7768));
#7757 = ORIENTED_EDGE('',*,*,#4490,.T.);
#7758 = ORIENTED_EDGE('',*,*,#6631,.T.);
#7759 = ORIENTED_EDGE('',*,*,#7760,.F.);
#7760 = EDGE_CURVE('',#4669,#6624,#7761,.T.);
#7761 = CIRCLE('',#7762,4.15);
#7762 = AXIS2_PLACEMENT_3D('',#7763,#7764,#7765);
#7763 = CARTESIAN_POINT('',(-7.045700233625E-03,2.511798924383E-02,
    48.400002249963));
#7764 = DIRECTION('',(-2.22044604925E-16,-1.110223024625E-16,1.));
#7765 = DIRECTION('',(1.319189207136E-16,-1.,-1.110223024625E-16));
#7766 = ORIENTED_EDGE('',*,*,#4668,.T.);
#7767 = ORIENTED_EDGE('',*,*,#4621,.T.);
#7768 = ORIENTED_EDGE('',*,*,#4540,.F.);
#7769 = PLANE('',#7770);
#7770 = AXIS2_PLACEMENT_3D('',#7771,#7772,#7773);
#7771 = CARTESIAN_POINT('',(-3.02678570227,-2.994622012792,
    48.400002249963));
#7772 = DIRECTION('',(2.22044604925E-16,1.110223024625E-16,-1.));
#7773 = DIRECTION('',(0.707106781187,-0.707106781187,7.850462293419E-17)
  );
#7774 = ADVANCED_FACE('',(#7775),#7789,.F.);
#7775 = FACE_BOUND('',#7776,.T.);
#7776 = EDGE_LOOP('',(#7777,#7778,#7779,#7780,#7781,#7782));
#7777 = ORIENTED_EDGE('',*,*,#4799,.T.);
#7778 = ORIENTED_EDGE('',*,*,#6937,.T.);
#7779 = ORIENTED_EDGE('',*,*,#6978,.F.);
#7780 = ORIENTED_EDGE('',*,*,#7011,.T.);
#7781 = ORIENTED_EDGE('',*,*,#6720,.T.);
#7782 = ORIENTED_EDGE('',*,*,#7783,.F.);
#7783 = EDGE_CURVE('',#4800,#6713,#7784,.T.);
#7784 = CIRCLE('',#7785,4.15);
#7785 = AXIS2_PLACEMENT_3D('',#7786,#7787,#7788);
#7786 = CARTESIAN_POINT('',(-7.045700233625E-03,2.511798924383E-02,
    48.400002249963));
#7787 = DIRECTION('',(1.387778780781E-16,0.,1.));
#7788 = DIRECTION('',(1.319189207136E-16,-1.,-1.8307427895E-32));
#7789 = PLANE('',#7790);
#7790 = AXIS2_PLACEMENT_3D('',#7791,#7792,#7793);
#7791 = CARTESIAN_POINT('',(-7.045700233634E-03,-4.245439276476,
    48.400002249963));
#7792 = DIRECTION('',(-1.387778780781E-16,0.,-1.));
#7793 = DIRECTION('',(1.,2.775557561563E-17,-1.387778780781E-16));
#7794 = ADVANCED_FACE('',(#7795),#7809,.F.);
#7795 = FACE_BOUND('',#7796,.T.);
#7796 = EDGE_LOOP('',(#7797,#7798,#7799,#7806,#7807,#7808));
#7797 = ORIENTED_EDGE('',*,*,#4701,.T.);
#7798 = ORIENTED_EDGE('',*,*,#6592,.T.);
#7799 = ORIENTED_EDGE('',*,*,#7800,.F.);
#7800 = EDGE_CURVE('',#4880,#6585,#7801,.T.);
#7801 = CIRCLE('',#7802,4.15);
#7802 = AXIS2_PLACEMENT_3D('',#7803,#7804,#7805);
#7803 = CARTESIAN_POINT('',(-7.045700233625E-03,2.511798924383E-02,
    48.400002249963));
#7804 = DIRECTION('',(-3.330669073875E-16,-1.665334536938E-16,1.));
#7805 = DIRECTION('',(1.319189207136E-16,-1.,-1.665334536938E-16));
#7806 = ORIENTED_EDGE('',*,*,#4879,.T.);
#7807 = ORIENTED_EDGE('',*,*,#4832,.T.);
#7808 = ORIENTED_EDGE('',*,*,#4751,.F.);
#7809 = PLANE('',#7810);
#7810 = AXIS2_PLACEMENT_3D('',#7811,#7812,#7813);
#7811 = CARTESIAN_POINT('',(-3.95252615045,-1.609153523314,
    48.400002249963));
#7812 = DIRECTION('',(3.330669073875E-16,1.665334536938E-16,-1.));
#7813 = DIRECTION('',(0.382683432365,-0.923879532511,-2.63976620198E-17)
  );
#7814 = ADVANCED_FACE('',(#7815),#7829,.F.);
#7815 = FACE_BOUND('',#7816,.T.);
#7816 = EDGE_LOOP('',(#7817,#7818,#7819,#7820,#7821,#7822));
#7817 = ORIENTED_EDGE('',*,*,#5010,.T.);
#7818 = ORIENTED_EDGE('',*,*,#7043,.T.);
#7819 = ORIENTED_EDGE('',*,*,#7084,.F.);
#7820 = ORIENTED_EDGE('',*,*,#7117,.T.);
#7821 = ORIENTED_EDGE('',*,*,#6768,.T.);
#7822 = ORIENTED_EDGE('',*,*,#7823,.F.);
#7823 = EDGE_CURVE('',#5011,#6761,#7824,.T.);
#7824 = CIRCLE('',#7825,4.15);
#7825 = AXIS2_PLACEMENT_3D('',#7826,#7827,#7828);
#7826 = CARTESIAN_POINT('',(-7.045700233625E-03,2.511798924383E-02,
    48.400002249963));
#7827 = DIRECTION('',(2.498001805407E-16,1.665334536938E-16,1.));
#7828 = DIRECTION('',(1.319189207136E-16,-1.,1.665334536938E-16));
#7829 = PLANE('',#7830);
#7830 = AXIS2_PLACEMENT_3D('',#7831,#7832,#7833);
#7831 = CARTESIAN_POINT('',(1.627225812324,-3.920362460972,
    48.400002249963));
#7832 = DIRECTION('',(-2.498001805407E-16,-1.665334536938E-16,-1.));
#7833 = DIRECTION('',(0.923879532511,0.382683432365,-2.945148676823E-16)
  );
#7834 = ADVANCED_FACE('',(#7835),#7849,.F.);
#7835 = FACE_BOUND('',#7836,.T.);
#7836 = EDGE_LOOP('',(#7837,#7838,#7839,#7846,#7847,#7848));
#7837 = ORIENTED_EDGE('',*,*,#5545,.T.);
#7838 = ORIENTED_EDGE('',*,*,#6436,.T.);
#7839 = ORIENTED_EDGE('',*,*,#7840,.F.);
#7840 = EDGE_CURVE('',#5724,#6429,#7841,.T.);
#7841 = CIRCLE('',#7842,4.15);
#7842 = AXIS2_PLACEMENT_3D('',#7843,#7844,#7845);
#7843 = CARTESIAN_POINT('',(-7.045700233625E-03,2.511798924383E-02,
    48.400002249963));
#7844 = DIRECTION('',(-4.440892098501E-16,3.330669073875E-16,1.));
#7845 = DIRECTION('',(1.319189207136E-16,-1.,3.330669073875E-16));
#7846 = ORIENTED_EDGE('',*,*,#5723,.T.);
#7847 = ORIENTED_EDGE('',*,*,#5676,.T.);
#7848 = ORIENTED_EDGE('',*,*,#5595,.F.);
#7849 = PLANE('',#7850);
#7850 = AXIS2_PLACEMENT_3D('',#7851,#7852,#7853);
#7851 = CARTESIAN_POINT('',(-1.641317212791,3.97059843946,
    48.400002249963));
#7852 = DIRECTION('',(4.440892098501E-16,-3.330669073875E-16,-1.));
#7853 = DIRECTION('',(-0.923879532511,-0.382683432365,
    -2.828257442633E-16));
#7854 = ADVANCED_FACE('',(#7855),#7869,.F.);
#7855 = FACE_BOUND('',#7856,.T.);
#7856 = EDGE_LOOP('',(#7857,#7858,#7859,#7866,#7867,#7868));
#7857 = ORIENTED_EDGE('',*,*,#5334,.T.);
#7858 = ORIENTED_EDGE('',*,*,#6475,.T.);
#7859 = ORIENTED_EDGE('',*,*,#7860,.F.);
#7860 = EDGE_CURVE('',#5513,#6468,#7861,.T.);
#7861 = CIRCLE('',#7862,4.15);
#7862 = AXIS2_PLACEMENT_3D('',#7863,#7864,#7865);
#7863 = CARTESIAN_POINT('',(-7.045700233625E-03,2.511798924383E-02,
    48.400002249963));
#7864 = DIRECTION('',(-4.163336342344E-16,2.775557561563E-16,1.));
#7865 = DIRECTION('',(1.319189207136E-16,-1.,2.775557561563E-16));
#7866 = ORIENTED_EDGE('',*,*,#5512,.T.);
#7867 = ORIENTED_EDGE('',*,*,#5465,.T.);
#7868 = ORIENTED_EDGE('',*,*,#5384,.F.);
#7869 = PLANE('',#7870);
#7870 = AXIS2_PLACEMENT_3D('',#7871,#7872,#7873);
#7871 = CARTESIAN_POINT('',(-3.02678570227,3.04485799128,48.400002249963
    ));
#7872 = DIRECTION('',(4.163336342344E-16,-2.775557561563E-16,-1.));
#7873 = DIRECTION('',(-0.707106781187,-0.707106781187,
    -9.813077866774E-17));
#7874 = ADVANCED_FACE('',(#7875),#7889,.F.);
#7875 = FACE_BOUND('',#7876,.T.);
#7876 = EDGE_LOOP('',(#7877,#7878,#7879,#7886,#7887,#7888));
#7877 = ORIENTED_EDGE('',*,*,#5976,.T.);
#7878 = ORIENTED_EDGE('',*,*,#6358,.T.);
#7879 = ORIENTED_EDGE('',*,*,#7880,.F.);
#7880 = EDGE_CURVE('',#6107,#6351,#7881,.T.);
#7881 = CIRCLE('',#7882,4.15);
#7882 = AXIS2_PLACEMENT_3D('',#7883,#7884,#7885);
#7883 = CARTESIAN_POINT('',(-7.045700233625E-03,2.511798924383E-02,
    48.400002249963));
#7884 = DIRECTION('',(-3.053113317719E-16,5.551115123126E-16,1.));
#7885 = DIRECTION('',(1.319189207136E-16,-1.,5.551115123126E-16));
#7886 = ORIENTED_EDGE('',*,*,#6106,.T.);
#7887 = ORIENTED_EDGE('',*,*,#6059,.T.);
#7888 = ORIENTED_EDGE('',*,*,#6026,.F.);
#7889 = PLANE('',#7890);
#7890 = AXIS2_PLACEMENT_3D('',#7891,#7892,#7893);
#7891 = CARTESIAN_POINT('',(1.627225812324,3.97059843946,48.400002249963
    ));
#7892 = DIRECTION('',(3.053113317719E-16,-5.551115123126E-16,-1.));
#7893 = DIRECTION('',(-0.923879532511,0.382683432365,-4.94502869345E-16)
  );
#7894 = ADVANCED_FACE('',(#7895),#7909,.F.);
#7895 = FACE_BOUND('',#7896,.T.);
#7896 = EDGE_LOOP('',(#7897,#7898,#7899,#7906,#7907,#7908));
#7897 = ORIENTED_EDGE('',*,*,#6179,.T.);
#7898 = ORIENTED_EDGE('',*,*,#6814,.T.);
#7899 = ORIENTED_EDGE('',*,*,#7900,.F.);
#7900 = EDGE_CURVE('',#5222,#6807,#7901,.T.);
#7901 = CIRCLE('',#7902,4.15);
#7902 = AXIS2_PLACEMENT_3D('',#7903,#7904,#7905);
#7903 = CARTESIAN_POINT('',(-7.045700233625E-03,2.511798924383E-02,
    48.400002249963));
#7904 = DIRECTION('',(3.608224830032E-16,3.330669073875E-16,1.));
#7905 = DIRECTION('',(1.319189207136E-16,-1.,3.330669073875E-16));
#7906 = ORIENTED_EDGE('',*,*,#5221,.T.);
#7907 = ORIENTED_EDGE('',*,*,#7149,.T.);
#7908 = ORIENTED_EDGE('',*,*,#6229,.F.);
#7909 = PLANE('',#7910);
#7910 = AXIS2_PLACEMENT_3D('',#7911,#7912,#7913);
#7911 = CARTESIAN_POINT('',(3.012694301803,-2.994622012792,
    48.400002249963));
#7912 = DIRECTION('',(-3.608224830032E-16,-3.330669073875E-16,-1.));
#7913 = DIRECTION('',(0.707106781187,0.707106781187,-4.906538933387E-16)
  );
#7914 = ADVANCED_FACE('',(#7915),#7929,.F.);
#7915 = FACE_BOUND('',#7916,.T.);
#7916 = EDGE_LOOP('',(#7917,#7918,#7919,#7920,#7921,#7922));
#7917 = ORIENTED_EDGE('',*,*,#4588,.T.);
#7918 = ORIENTED_EDGE('',*,*,#6831,.T.);
#7919 = ORIENTED_EDGE('',*,*,#6872,.F.);
#7920 = ORIENTED_EDGE('',*,*,#6905,.T.);
#7921 = ORIENTED_EDGE('',*,*,#6672,.T.);
#7922 = ORIENTED_EDGE('',*,*,#7923,.F.);
#7923 = EDGE_CURVE('',#4589,#6665,#7924,.T.);
#7924 = CIRCLE('',#7925,4.15);
#7925 = AXIS2_PLACEMENT_3D('',#7926,#7927,#7928);
#7926 = CARTESIAN_POINT('',(-7.045700233625E-03,2.511798924383E-02,
    48.400002249963));
#7927 = DIRECTION('',(5.551115123126E-17,-1.110223024625E-16,1.));
#7928 = DIRECTION('',(1.319189207136E-16,-1.,-1.110223024625E-16));
#7929 = PLANE('',#7930);
#7930 = AXIS2_PLACEMENT_3D('',#7931,#7932,#7933);
#7931 = CARTESIAN_POINT('',(-1.641317212791,-3.920362460972,
    48.400002249963));
#7932 = DIRECTION('',(-5.551115123126E-17,1.110223024625E-16,-1.));
#7933 = DIRECTION('',(0.923879532511,-0.382683432365,-9.377201222413E-17
    ));
#7934 = ADVANCED_FACE('',(#7935),#7949,.F.);
#7935 = FACE_BOUND('',#7936,.T.);
#7936 = EDGE_LOOP('',(#7937,#7938,#7939,#7940,#7941,#7942));
#7937 = ORIENTED_EDGE('',*,*,#5432,.T.);
#7938 = ORIENTED_EDGE('',*,*,#7181,.T.);
#7939 = ORIENTED_EDGE('',*,*,#7222,.F.);
#7940 = ORIENTED_EDGE('',*,*,#7303,.T.);
#7941 = ORIENTED_EDGE('',*,*,#7279,.T.);
#7942 = ORIENTED_EDGE('',*,*,#7943,.F.);
#7943 = EDGE_CURVE('',#5433,#7272,#7944,.T.);
#7944 = CIRCLE('',#7945,4.15);
#7945 = AXIS2_PLACEMENT_3D('',#7946,#7947,#7948);
#7946 = CARTESIAN_POINT('',(-7.045700233625E-03,2.511798924383E-02,
    48.400002249963));
#7947 = DIRECTION('',(2.498001805407E-16,3.885780586188E-16,1.));
#7948 = DIRECTION('',(1.319189207136E-16,-1.,3.885780586188E-16));
#7949 = PLANE('',#7950);
#7950 = AXIS2_PLACEMENT_3D('',#7951,#7952,#7953);
#7951 = CARTESIAN_POINT('',(3.938434749983,-1.609153523314,
    48.400002249963));
#7952 = DIRECTION('',(-2.498001805407E-16,-3.885780586188E-16,-1.));
#7953 = DIRECTION('',(0.382683432365,0.923879532511,-4.545937056356E-16)
  );
#7954 = ADVANCED_FACE('',(#7955),#7973,.F.);
#7955 = FACE_BOUND('',#7956,.F.);
#7956 = EDGE_LOOP('',(#7957,#7958,#7965,#7966));
#7957 = ORIENTED_EDGE('',*,*,#7593,.F.);
#7958 = ORIENTED_EDGE('',*,*,#7959,.F.);
#7959 = EDGE_CURVE('',#7627,#7585,#7960,.T.);
#7960 = CIRCLE('',#7961,4.4);
#7961 = AXIS2_PLACEMENT_3D('',#7962,#7963,#7964);
#7962 = CARTESIAN_POINT('',(-7.045700233628E-03,2.511798924387E-02,
    48.400002249963));
#7963 = DIRECTION('',(-8.326672684689E-17,-6.106226635438E-16,-1.));
#7964 = DIRECTION('',(0.6593458151,0.751839807479,-5.139919936847E-16));
#7965 = ORIENTED_EDGE('',*,*,#7624,.F.);
#7966 = ORIENTED_EDGE('',*,*,#7967,.T.);
#7967 = EDGE_CURVE('',#7625,#7594,#7968,.T.);
#7968 = CIRCLE('',#7969,4.4);
#7969 = AXIS2_PLACEMENT_3D('',#7970,#7971,#7972);
#7970 = CARTESIAN_POINT('',(-7.045700233623E-03,2.511798924388E-02,
    51.775002249963));
#7971 = DIRECTION('',(-3.608224830032E-16,-1.054711873394E-15,-1.));
#7972 = DIRECTION('',(0.6593458151,0.751839807479,-1.030881166E-15));
#7973 = CYLINDRICAL_SURFACE('',#7974,4.4);
#7974 = AXIS2_PLACEMENT_3D('',#7975,#7976,#7977);
#7975 = CARTESIAN_POINT('',(-7.045700233623E-03,2.511798924388E-02,
    52.000002249963));
#7976 = DIRECTION('',(-3.608224830032E-16,-1.054711873394E-15,-1.));
#7977 = DIRECTION('',(0.6593458151,0.751839807479,-1.030881166E-15));
#7978 = ADVANCED_FACE('',(#7979),#7993,.F.);
#7979 = FACE_BOUND('',#7980,.T.);
#7980 = EDGE_LOOP('',(#7981,#7988,#7989,#7990,#7991,#7992));
#7981 = ORIENTED_EDGE('',*,*,#7982,.F.);
#7982 = EDGE_CURVE('',#7561,#6140,#7983,.T.);
#7983 = CIRCLE('',#7984,4.15);
#7984 = AXIS2_PLACEMENT_3D('',#7985,#7986,#7987);
#7985 = CARTESIAN_POINT('',(-7.045700233625E-03,2.511798924383E-02,
    48.400002249963));
#7986 = DIRECTION('',(8.326672684689E-17,6.106226635438E-16,1.));
#7987 = DIRECTION('',(1.319189207136E-16,-1.,6.106226635438E-16));
#7988 = ORIENTED_EDGE('',*,*,#7560,.T.);
#7989 = ORIENTED_EDGE('',*,*,#7584,.T.);
#7990 = ORIENTED_EDGE('',*,*,#7959,.F.);
#7991 = ORIENTED_EDGE('',*,*,#7634,.T.);
#7992 = ORIENTED_EDGE('',*,*,#6147,.F.);
#7993 = PLANE('',#7994);
#7994 = AXIS2_PLACEMENT_3D('',#7995,#7996,#7997);
#7995 = CARTESIAN_POINT('',(3.012694301803,3.04485799128,48.400002249963
    ));
#7996 = DIRECTION('',(-8.326672684689E-17,-6.106226635438E-16,-1.));
#7997 = DIRECTION('',(-0.707106781187,0.707106781187,-3.728969589374E-16
    ));
#7998 = ADVANCED_FACE('',(#7999),#8013,.F.);
#7999 = FACE_BOUND('',#8000,.T.);
#8000 = EDGE_LOOP('',(#8001,#8002,#8003,#8004,#8005,#8006));
#8001 = ORIENTED_EDGE('',*,*,#5090,.T.);
#8002 = ORIENTED_EDGE('',*,*,#5043,.T.);
#8003 = ORIENTED_EDGE('',*,*,#4962,.F.);
#8004 = ORIENTED_EDGE('',*,*,#4912,.T.);
#8005 = ORIENTED_EDGE('',*,*,#6553,.T.);
#8006 = ORIENTED_EDGE('',*,*,#8007,.F.);
#8007 = EDGE_CURVE('',#5091,#6546,#8008,.T.);
#8008 = CIRCLE('',#8009,4.15);
#8009 = AXIS2_PLACEMENT_3D('',#8010,#8011,#8012);
#8010 = CARTESIAN_POINT('',(-7.045700233625E-03,2.511798924383E-02,
    48.400002249963));
#8011 = DIRECTION('',(-4.163336342344E-16,0.,1.));
#8012 = DIRECTION('',(1.319189207136E-16,-1.,5.492228368499E-32));
#8013 = PLANE('',#8014);
#8014 = AXIS2_PLACEMENT_3D('',#8015,#8016,#8017);
#8015 = CARTESIAN_POINT('',(-4.277602965954,2.511798924386E-02,
    48.400002249963));
#8016 = DIRECTION('',(4.163336342344E-16,0.,-1.));
#8017 = DIRECTION('',(-2.775557561563E-17,-1.,-1.155557966632E-32));
#8018 = ADVANCED_FACE('',(#8019),#8033,.F.);
#8019 = FACE_BOUND('',#8020,.T.);
#8020 = EDGE_LOOP('',(#8021,#8022,#8023,#8024,#8025,#8026));
#8021 = ORIENTED_EDGE('',*,*,#5301,.T.);
#8022 = ORIENTED_EDGE('',*,*,#5254,.T.);
#8023 = ORIENTED_EDGE('',*,*,#5173,.F.);
#8024 = ORIENTED_EDGE('',*,*,#5123,.T.);
#8025 = ORIENTED_EDGE('',*,*,#6514,.T.);
#8026 = ORIENTED_EDGE('',*,*,#8027,.F.);
#8027 = EDGE_CURVE('',#5302,#6507,#8028,.T.);
#8028 = CIRCLE('',#8029,4.15);
#8029 = AXIS2_PLACEMENT_3D('',#8030,#8031,#8032);
#8030 = CARTESIAN_POINT('',(-7.045700233625E-03,2.511798924383E-02,
    48.400002249963));
#8031 = DIRECTION('',(-4.996003610813E-16,-5.551115123126E-17,1.));
#8032 = DIRECTION('',(1.319189207136E-16,-1.,-5.551115123126E-17));
#8033 = PLANE('',#8034);
#8034 = AXIS2_PLACEMENT_3D('',#8035,#8036,#8037);
#8035 = CARTESIAN_POINT('',(-3.95252615045,1.659389501801,
    48.400002249963));
#8036 = DIRECTION('',(4.996003610813E-16,5.551115123126E-17,-1.));
#8037 = DIRECTION('',(-0.382683432365,-0.923879532511,
    -2.424743974381E-16));
#8038 = ADVANCED_FACE('',(#8039),#8242,.F.);
#8039 = FACE_BOUND('',#8040,.F.);
#8040 = EDGE_LOOP('',(#8041,#8048,#8049,#8050,#8051,#8052,#8053,#8060,
    #8061,#8062,#8063,#8064,#8065,#8072,#8073,#8074,#8075,#8076,#8077,
    #8084,#8085,#8086,#8087,#8088,#8089,#8096,#8097,#8098,#8099,#8100,
    #8101,#8108,#8109,#8110,#8111,#8112,#8113,#8120,#8121,#8122,#8123,
    #8124,#8125,#8132,#8133,#8134,#8135,#8136,#8137,#8144,#8145,#8146,
    #8147,#8148,#8149,#8156,#8157,#8158,#8159,#8165,#8166,#8167,#8168,
    #8169,#8170,#8177,#8178,#8179,#8180,#8181,#8182,#8189,#8190,#8191,
    #8192,#8193,#8194,#8201,#8202,#8203,#8204,#8205,#8206,#8213,#8214,
    #8215,#8216,#8217,#8218,#8225,#8226,#8227,#8228,#8229,#8230,#8237,
    #8238,#8239,#8240,#8241));
#8041 = ORIENTED_EDGE('',*,*,#8042,.T.);
#8042 = EDGE_CURVE('',#6609,#4566,#8043,.T.);
#8043 = CIRCLE('',#8044,4.15);
#8044 = AXIS2_PLACEMENT_3D('',#8045,#8046,#8047);
#8045 = CARTESIAN_POINT('',(-7.045700233625E-03,2.511798924383E-02,
    51.525002249963));
#8046 = DIRECTION('',(-1.343559869124E-44,6.956697612885E-61,1.));
#8047 = DIRECTION('',(1.319189207136E-16,-1.,2.468079439779E-60));
#8048 = ORIENTED_EDGE('',*,*,#4563,.F.);
#8049 = ORIENTED_EDGE('',*,*,#6848,.F.);
#8050 = ORIENTED_EDGE('',*,*,#6889,.F.);
#8051 = ORIENTED_EDGE('',*,*,#6913,.F.);
#8052 = ORIENTED_EDGE('',*,*,#6647,.F.);
#8053 = ORIENTED_EDGE('',*,*,#8054,.T.);
#8054 = EDGE_CURVE('',#6648,#4777,#8055,.T.);
#8055 = CIRCLE('',#8056,4.15);
#8056 = AXIS2_PLACEMENT_3D('',#8057,#8058,#8059);
#8057 = CARTESIAN_POINT('',(-7.045700233625E-03,2.511798924383E-02,
    51.525002249963));
#8058 = DIRECTION('',(-1.343559869124E-44,6.956697612885E-61,1.));
#8059 = DIRECTION('',(1.319189207136E-16,-1.,2.468079439779E-60));
#8060 = ORIENTED_EDGE('',*,*,#4774,.F.);
#8061 = ORIENTED_EDGE('',*,*,#6954,.F.);
#8062 = ORIENTED_EDGE('',*,*,#6995,.F.);
#8063 = ORIENTED_EDGE('',*,*,#7019,.F.);
#8064 = ORIENTED_EDGE('',*,*,#6695,.F.);
#8065 = ORIENTED_EDGE('',*,*,#8066,.T.);
#8066 = EDGE_CURVE('',#6696,#4988,#8067,.T.);
#8067 = CIRCLE('',#8068,4.15);
#8068 = AXIS2_PLACEMENT_3D('',#8069,#8070,#8071);
#8069 = CARTESIAN_POINT('',(-7.045700233625E-03,2.511798924383E-02,
    51.525002249963));
#8070 = DIRECTION('',(-1.343559869124E-44,6.956697612885E-61,1.));
#8071 = DIRECTION('',(1.319189207136E-16,-1.,2.468079439779E-60));
#8072 = ORIENTED_EDGE('',*,*,#4985,.F.);
#8073 = ORIENTED_EDGE('',*,*,#7060,.F.);
#8074 = ORIENTED_EDGE('',*,*,#7101,.F.);
#8075 = ORIENTED_EDGE('',*,*,#7125,.F.);
#8076 = ORIENTED_EDGE('',*,*,#6743,.F.);
#8077 = ORIENTED_EDGE('',*,*,#8078,.T.);
#8078 = EDGE_CURVE('',#6744,#5199,#8079,.T.);
#8079 = CIRCLE('',#8080,4.15);
#8080 = AXIS2_PLACEMENT_3D('',#8081,#8082,#8083);
#8081 = CARTESIAN_POINT('',(-7.045700233625E-03,2.511798924383E-02,
    51.525002249963));
#8082 = DIRECTION('',(-1.343559869124E-44,6.956697612885E-61,1.));
#8083 = DIRECTION('',(1.319189207136E-16,-1.,2.468079439779E-60));
#8084 = ORIENTED_EDGE('',*,*,#5196,.F.);
#8085 = ORIENTED_EDGE('',*,*,#7157,.F.);
#8086 = ORIENTED_EDGE('',*,*,#6237,.F.);
#8087 = ORIENTED_EDGE('',*,*,#6196,.F.);
#8088 = ORIENTED_EDGE('',*,*,#6791,.F.);
#8089 = ORIENTED_EDGE('',*,*,#8090,.T.);
#8090 = EDGE_CURVE('',#6792,#5410,#8091,.T.);
#8091 = CIRCLE('',#8092,4.15);
#8092 = AXIS2_PLACEMENT_3D('',#8093,#8094,#8095);
#8093 = CARTESIAN_POINT('',(-7.045700233625E-03,2.511798924383E-02,
    51.525002249963));
#8094 = DIRECTION('',(-1.343559869124E-44,6.956697612885E-61,1.));
#8095 = DIRECTION('',(1.319189207136E-16,-1.,2.468079439779E-60));
#8096 = ORIENTED_EDGE('',*,*,#5407,.F.);
#8097 = ORIENTED_EDGE('',*,*,#7198,.F.);
#8098 = ORIENTED_EDGE('',*,*,#7239,.F.);
#8099 = ORIENTED_EDGE('',*,*,#7311,.F.);
#8100 = ORIENTED_EDGE('',*,*,#7254,.F.);
#8101 = ORIENTED_EDGE('',*,*,#8102,.T.);
#8102 = EDGE_CURVE('',#7255,#5621,#8103,.T.);
#8103 = CIRCLE('',#8104,4.15);
#8104 = AXIS2_PLACEMENT_3D('',#8105,#8106,#8107);
#8105 = CARTESIAN_POINT('',(-7.045700233625E-03,2.511798924383E-02,
    51.525002249963));
#8106 = DIRECTION('',(-1.343559869124E-44,6.956697612885E-61,1.));
#8107 = DIRECTION('',(1.319189207136E-16,-1.,2.468079439779E-60));
#8108 = ORIENTED_EDGE('',*,*,#5618,.F.);
#8109 = ORIENTED_EDGE('',*,*,#7352,.F.);
#8110 = ORIENTED_EDGE('',*,*,#7674,.F.);
#8111 = ORIENTED_EDGE('',*,*,#7402,.F.);
#8112 = ORIENTED_EDGE('',*,*,#7425,.F.);
#8113 = ORIENTED_EDGE('',*,*,#8114,.T.);
#8114 = EDGE_CURVE('',#7426,#5841,#8115,.T.);
#8115 = CIRCLE('',#8116,4.15);
#8116 = AXIS2_PLACEMENT_3D('',#8117,#8118,#8119);
#8117 = CARTESIAN_POINT('',(-7.045700233625E-03,2.511798924383E-02,
    51.525002249963));
#8118 = DIRECTION('',(-1.343559869124E-44,6.956697612885E-61,1.));
#8119 = DIRECTION('',(1.319189207136E-16,-1.,2.468079439779E-60));
#8120 = ORIENTED_EDGE('',*,*,#5838,.F.);
#8121 = ORIENTED_EDGE('',*,*,#7512,.F.);
#8122 = ORIENTED_EDGE('',*,*,#6320,.F.);
#8123 = ORIENTED_EDGE('',*,*,#6279,.F.);
#8124 = ORIENTED_EDGE('',*,*,#7464,.F.);
#8125 = ORIENTED_EDGE('',*,*,#8126,.T.);
#8126 = EDGE_CURVE('',#7465,#7538,#8127,.T.);
#8127 = CIRCLE('',#8128,4.15);
#8128 = AXIS2_PLACEMENT_3D('',#8129,#8130,#8131);
#8129 = CARTESIAN_POINT('',(-7.045700233625E-03,2.511798924383E-02,
    51.525002249963));
#8130 = DIRECTION('',(-1.343559869124E-44,6.956697612885E-61,1.));
#8131 = DIRECTION('',(1.319189207136E-16,-1.,2.468079439779E-60));
#8132 = ORIENTED_EDGE('',*,*,#7535,.F.);
#8133 = ORIENTED_EDGE('',*,*,#7601,.F.);
#8134 = ORIENTED_EDGE('',*,*,#7967,.F.);
#8135 = ORIENTED_EDGE('',*,*,#7642,.F.);
#8136 = ORIENTED_EDGE('',*,*,#6129,.F.);
#8137 = ORIENTED_EDGE('',*,*,#8138,.T.);
#8138 = EDGE_CURVE('',#6130,#6091,#8139,.T.);
#8139 = CIRCLE('',#8140,4.15);
#8140 = AXIS2_PLACEMENT_3D('',#8141,#8142,#8143);
#8141 = CARTESIAN_POINT('',(-7.045700233625E-03,2.511798924383E-02,
    51.525002249963));
#8142 = DIRECTION('',(-1.343559869124E-44,6.956697612885E-61,1.));
#8143 = DIRECTION('',(1.319189207136E-16,-1.,2.468079439779E-60));
#8144 = ORIENTED_EDGE('',*,*,#6090,.F.);
#8145 = ORIENTED_EDGE('',*,*,#6067,.F.);
#8146 = ORIENTED_EDGE('',*,*,#6034,.F.);
#8147 = ORIENTED_EDGE('',*,*,#5993,.F.);
#8148 = ORIENTED_EDGE('',*,*,#6335,.F.);
#8149 = ORIENTED_EDGE('',*,*,#8150,.T.);
#8150 = EDGE_CURVE('',#6336,#5928,#8151,.T.);
#8151 = CIRCLE('',#8152,4.15);
#8152 = AXIS2_PLACEMENT_3D('',#8153,#8154,#8155);
#8153 = CARTESIAN_POINT('',(-7.045700233625E-03,2.511798924383E-02,
    51.525002249963));
#8154 = DIRECTION('',(-1.343559869124E-44,6.956697612885E-61,1.));
#8155 = DIRECTION('',(1.319189207136E-16,-1.,2.468079439779E-60));
#8156 = ORIENTED_EDGE('',*,*,#5927,.F.);
#8157 = ORIENTED_EDGE('',*,*,#5904,.F.);
#8158 = ORIENTED_EDGE('',*,*,#5796,.F.);
#8159 = ORIENTED_EDGE('',*,*,#8160,.T.);
#8160 = EDGE_CURVE('',#5797,#4425,#8161,.T.);
#8161 = LINE('',#8162,#8163);
#8162 = CARTESIAN_POINT('',(-7.045700233626E-03,4.450117989244,
    51.800002249963));
#8163 = VECTOR('',#8164,1.);
#8164 = DIRECTION('',(-1.79876369027E-16,0.707106781187,0.707106781187)
  );
#8165 = ORIENTED_EDGE('',*,*,#4424,.F.);
#8166 = ORIENTED_EDGE('',*,*,#8160,.F.);
#8167 = ORIENTED_EDGE('',*,*,#5823,.F.);
#8168 = ORIENTED_EDGE('',*,*,#5773,.F.);
#8169 = ORIENTED_EDGE('',*,*,#6374,.F.);
#8170 = ORIENTED_EDGE('',*,*,#8171,.T.);
#8171 = EDGE_CURVE('',#6375,#5708,#8172,.T.);
#8172 = CIRCLE('',#8173,4.15);
#8173 = AXIS2_PLACEMENT_3D('',#8174,#8175,#8176);
#8174 = CARTESIAN_POINT('',(-7.045700233625E-03,2.511798924383E-02,
    51.525002249963));
#8175 = DIRECTION('',(-1.343559869124E-44,6.956697612885E-61,1.));
#8176 = DIRECTION('',(1.319189207136E-16,-1.,2.468079439779E-60));
#8177 = ORIENTED_EDGE('',*,*,#5707,.F.);
#8178 = ORIENTED_EDGE('',*,*,#5684,.F.);
#8179 = ORIENTED_EDGE('',*,*,#5603,.F.);
#8180 = ORIENTED_EDGE('',*,*,#5562,.F.);
#8181 = ORIENTED_EDGE('',*,*,#6413,.F.);
#8182 = ORIENTED_EDGE('',*,*,#8183,.T.);
#8183 = EDGE_CURVE('',#6414,#5497,#8184,.T.);
#8184 = CIRCLE('',#8185,4.15);
#8185 = AXIS2_PLACEMENT_3D('',#8186,#8187,#8188);
#8186 = CARTESIAN_POINT('',(-7.045700233625E-03,2.511798924383E-02,
    51.525002249963));
#8187 = DIRECTION('',(-1.343559869124E-44,6.956697612885E-61,1.));
#8188 = DIRECTION('',(1.319189207136E-16,-1.,2.468079439779E-60));
#8189 = ORIENTED_EDGE('',*,*,#5496,.F.);
#8190 = ORIENTED_EDGE('',*,*,#5473,.F.);
#8191 = ORIENTED_EDGE('',*,*,#5392,.F.);
#8192 = ORIENTED_EDGE('',*,*,#5351,.F.);
#8193 = ORIENTED_EDGE('',*,*,#6452,.F.);
#8194 = ORIENTED_EDGE('',*,*,#8195,.T.);
#8195 = EDGE_CURVE('',#6453,#5286,#8196,.T.);
#8196 = CIRCLE('',#8197,4.15);
#8197 = AXIS2_PLACEMENT_3D('',#8198,#8199,#8200);
#8198 = CARTESIAN_POINT('',(-7.045700233625E-03,2.511798924383E-02,
    51.525002249963));
#8199 = DIRECTION('',(-1.343559869124E-44,6.956697612885E-61,1.));
#8200 = DIRECTION('',(1.319189207136E-16,-1.,2.468079439779E-60));
#8201 = ORIENTED_EDGE('',*,*,#5285,.F.);
#8202 = ORIENTED_EDGE('',*,*,#5262,.F.);
#8203 = ORIENTED_EDGE('',*,*,#5181,.F.);
#8204 = ORIENTED_EDGE('',*,*,#5140,.F.);
#8205 = ORIENTED_EDGE('',*,*,#6491,.F.);
#8206 = ORIENTED_EDGE('',*,*,#8207,.T.);
#8207 = EDGE_CURVE('',#6492,#5075,#8208,.T.);
#8208 = CIRCLE('',#8209,4.15);
#8209 = AXIS2_PLACEMENT_3D('',#8210,#8211,#8212);
#8210 = CARTESIAN_POINT('',(-7.045700233625E-03,2.511798924383E-02,
    51.525002249963));
#8211 = DIRECTION('',(-1.343559869124E-44,6.956697612885E-61,1.));
#8212 = DIRECTION('',(1.319189207136E-16,-1.,2.468079439779E-60));
#8213 = ORIENTED_EDGE('',*,*,#5074,.F.);
#8214 = ORIENTED_EDGE('',*,*,#5051,.F.);
#8215 = ORIENTED_EDGE('',*,*,#4970,.F.);
#8216 = ORIENTED_EDGE('',*,*,#4929,.F.);
#8217 = ORIENTED_EDGE('',*,*,#6530,.F.);
#8218 = ORIENTED_EDGE('',*,*,#8219,.T.);
#8219 = EDGE_CURVE('',#6531,#4864,#8220,.T.);
#8220 = CIRCLE('',#8221,4.15);
#8221 = AXIS2_PLACEMENT_3D('',#8222,#8223,#8224);
#8222 = CARTESIAN_POINT('',(-7.045700233625E-03,2.511798924383E-02,
    51.525002249963));
#8223 = DIRECTION('',(-1.343559869124E-44,6.956697612885E-61,1.));
#8224 = DIRECTION('',(1.319189207136E-16,-1.,2.468079439779E-60));
#8225 = ORIENTED_EDGE('',*,*,#4863,.F.);
#8226 = ORIENTED_EDGE('',*,*,#4840,.F.);
#8227 = ORIENTED_EDGE('',*,*,#4759,.F.);
#8228 = ORIENTED_EDGE('',*,*,#4718,.F.);
#8229 = ORIENTED_EDGE('',*,*,#6569,.F.);
#8230 = ORIENTED_EDGE('',*,*,#8231,.T.);
#8231 = EDGE_CURVE('',#6570,#4653,#8232,.T.);
#8232 = CIRCLE('',#8233,4.15);
#8233 = AXIS2_PLACEMENT_3D('',#8234,#8235,#8236);
#8234 = CARTESIAN_POINT('',(-7.045700233625E-03,2.511798924383E-02,
    51.525002249963));
#8235 = DIRECTION('',(-1.343559869124E-44,6.956697612885E-61,1.));
#8236 = DIRECTION('',(1.319189207136E-16,-1.,2.468079439779E-60));
#8237 = ORIENTED_EDGE('',*,*,#4652,.F.);
#8238 = ORIENTED_EDGE('',*,*,#4629,.F.);
#8239 = ORIENTED_EDGE('',*,*,#4548,.F.);
#8240 = ORIENTED_EDGE('',*,*,#4507,.F.);
#8241 = ORIENTED_EDGE('',*,*,#6608,.F.);
#8242 = CONICAL_SURFACE('',#8243,4.425,0.785398163397);
#8243 = AXIS2_PLACEMENT_3D('',#8244,#8245,#8246);
#8244 = CARTESIAN_POINT('',(-7.045700233625E-03,2.511798924383E-02,
    51.800002249963));
#8245 = DIRECTION('',(0.,0.,1.));
#8246 = DIRECTION('',(1.319189207136E-16,-1.,0.));
#8247 = ADVANCED_FACE('',(#8248),#8266,.T.);
#8248 = FACE_BOUND('',#8249,.T.);
#8249 = EDGE_LOOP('',(#8250,#8251,#8259,#8265));
#8250 = ORIENTED_EDGE('',*,*,#4102,.T.);
#8251 = ORIENTED_EDGE('',*,*,#8252,.T.);
#8252 = EDGE_CURVE('',#596,#8253,#8255,.T.);
#8253 = VERTEX_POINT('',#8254);
#8254 = CARTESIAN_POINT('',(-8.561420522535,-20.78137164992,
    40.200002249963));
#8255 = LINE('',#8256,#8257);
#8256 = CARTESIAN_POINT('',(-17.19892052253,-20.78137164992,
    40.200002249963));
#8257 = VECTOR('',#8258,1.);
#8258 = DIRECTION('',(1.,-2.000949319431E-14,8.374058701483E-15));
#8259 = ORIENTED_EDGE('',*,*,#8260,.F.);
#8260 = EDGE_CURVE('',#4150,#8253,#8261,.T.);
#8261 = LINE('',#8262,#8263);
#8262 = CARTESIAN_POINT('',(-8.561420522535,-21.03132521008,
    39.950048689804));
#8263 = VECTOR('',#8264,1.);
#8264 = DIRECTION('',(9.332970078863E-15,0.707106781187,0.707106781187)
  );
#8265 = ORIENTED_EDGE('',*,*,#4149,.T.);
#8266 = PLANE('',#8267);
#8267 = AXIS2_PLACEMENT_3D('',#8268,#8269,#8270);
#8268 = CARTESIAN_POINT('',(-17.19892052253,-21.78137164992,
    39.200002249963));
#8269 = DIRECTION('',(2.007020201967E-14,0.707106781187,-0.707106781187)
  );
#8270 = DIRECTION('',(-1.,1.735493991486E-29,-2.838355189579E-14));
#8271 = ADVANCED_FACE('',(#8272),#8313,.F.);
#8272 = FACE_BOUND('',#8273,.T.);
#8273 = EDGE_LOOP('',(#8274,#8284,#8290,#8291,#8299,#8307));
#8274 = ORIENTED_EDGE('',*,*,#8275,.F.);
#8275 = EDGE_CURVE('',#8276,#8278,#8280,.T.);
#8276 = VERTEX_POINT('',#8277);
#8277 = CARTESIAN_POINT('',(24.868901997321,-12.82022655751,
    48.82842937471));
#8278 = VERTEX_POINT('',#8279);
#8279 = CARTESIAN_POINT('',(27.697329122067,-18.6868700542,
    42.000002249963));
#8280 = LINE('',#8281,#8282);
#8281 = CARTESIAN_POINT('',(25.71563795993,-14.57650232824,
    46.78422793003));
#8282 = VECTOR('',#8283,1.);
#8283 = DIRECTION('',(0.299737038728,-0.621706083069,-0.723629224043));
#8284 = ORIENTED_EDGE('',*,*,#8285,.F.);
#8285 = EDGE_CURVE('',#4198,#8276,#8286,.T.);
#8286 = LINE('',#8287,#8288);
#8287 = CARTESIAN_POINT('',(26.158787632907,-13.17283435271,
    47.538543739123));
#8288 = VECTOR('',#8289,1.);
#8289 = DIRECTION('',(0.694255695254,-0.189784243855,-0.694255695254));
#8290 = ORIENTED_EDGE('',*,*,#4405,.F.);
#8291 = ORIENTED_EDGE('',*,*,#8292,.F.);
#8292 = EDGE_CURVE('',#8293,#4398,#8295,.T.);
#8293 = VERTEX_POINT('',#8294);
#8294 = CARTESIAN_POINT('',(23.175961391469,-25.8651246229,
    39.91349151963));
#8295 = LINE('',#8296,#8297);
#8296 = CARTESIAN_POINT('',(16.5115312429,-22.65206846671,
    47.670495268558));
#8297 = VECTOR('',#8298,1.);
#8298 = DIRECTION('',(-0.621706083069,0.299737038728,0.723629224043));
#8299 = ORIENTED_EDGE('',*,*,#8300,.F.);
#8300 = EDGE_CURVE('',#8301,#8293,#8303,.T.);
#8301 = VERTEX_POINT('',#8302);
#8302 = CARTESIAN_POINT('',(27.697329122067,-21.3437568923,
    39.91349151963));
#8303 = LINE('',#8304,#8305);
#8304 = CARTESIAN_POINT('',(24.572511054129,-24.46857496024,
    39.91349151963));
#8305 = VECTOR('',#8306,1.);
#8306 = DIRECTION('',(-0.707106781187,-0.707106781187,6.086358378706E-15
    ));
#8307 = ORIENTED_EDGE('',*,*,#8308,.F.);
#8308 = EDGE_CURVE('',#8278,#8301,#8309,.T.);
#8309 = LINE('',#8310,#8311);
#8310 = CARTESIAN_POINT('',(27.697329122067,-14.1050754093,
    45.598184736958));
#8311 = VECTOR('',#8312,1.);
#8312 = DIRECTION('',(5.358281469937E-16,-0.786468333514,-0.617630601881
    ));
#8313 = PLANE('',#8314);
#8314 = AXIS2_PLACEMENT_3D('',#8315,#8316,#8317);
#8315 = CARTESIAN_POINT('',(24.149529121612,-22.81145972591,
    41.547036839104));
#8316 = DIRECTION('',(-0.525482745499,0.525482745499,-0.669130606359));
#8317 = DIRECTION('',(-0.786468333514,-3.608224830032E-16,0.617630601881
    ));
#8318 = ADVANCED_FACE('',(#8319),#8353,.T.);
#8319 = FACE_BOUND('',#8320,.T.);
#8320 = EDGE_LOOP('',(#8321,#8322,#8323,#8331,#8339,#8347));
#8321 = ORIENTED_EDGE('',*,*,#8292,.T.);
#8322 = ORIENTED_EDGE('',*,*,#4397,.F.);
#8323 = ORIENTED_EDGE('',*,*,#8324,.T.);
#8324 = EDGE_CURVE('',#4390,#8325,#8327,.T.);
#8325 = VERTEX_POINT('',#8326);
#8326 = CARTESIAN_POINT('',(-23.17596139146,-25.8651246229,
    39.91349151963));
#8327 = LINE('',#8328,#8329);
#8328 = CARTESIAN_POINT('',(-16.9601404663,-22.86835201907,
    47.148340583138));
#8329 = VECTOR('',#8330,1.);
#8330 = DIRECTION('',(-0.621706083069,-0.299737038728,-0.723629224043));
#8331 = ORIENTED_EDGE('',*,*,#8332,.T.);
#8332 = EDGE_CURVE('',#8325,#8333,#8335,.T.);
#8333 = VERTEX_POINT('',#8334);
#8334 = CARTESIAN_POINT('',(-21.64333757596,-27.73174541885,
    35.407070278227));
#8335 = LINE('',#8336,#8337);
#8336 = CARTESIAN_POINT('',(-21.36513365449,-28.0705769182,
    34.589058677137));
#8337 = VECTOR('',#8338,1.);
#8338 = DIRECTION('',(0.299760308932,-0.365085561633,-0.881394514321));
#8339 = ORIENTED_EDGE('',*,*,#8340,.F.);
#8340 = EDGE_CURVE('',#8341,#8333,#8343,.T.);
#8341 = VERTEX_POINT('',#8342);
#8342 = CARTESIAN_POINT('',(21.643337575969,-27.73174541885,
    35.407070278227));
#8343 = LINE('',#8344,#8345);
#8344 = CARTESIAN_POINT('',(-0.583843426118,-27.73174541885,
    35.407070278227));
#8345 = VECTOR('',#8346,1.);
#8346 = DIRECTION('',(-1.,-1.024114917762E-14,-6.387587674745E-16));
#8347 = ORIENTED_EDGE('',*,*,#8348,.T.);
#8348 = EDGE_CURVE('',#8341,#8293,#8349,.T.);
#8349 = LINE('',#8350,#8351);
#8350 = CARTESIAN_POINT('',(21.260842801321,-28.19759535116,
    34.282409053623));
#8351 = VECTOR('',#8352,1.);
#8352 = DIRECTION('',(0.299760308932,0.365085561633,0.881394514321));
#8353 = PLANE('',#8354);
#8354 = AXIS2_PLACEMENT_3D('',#8355,#8356,#8357);
#8355 = CARTESIAN_POINT('',(-1.160641152002,-23.51169148903,
    45.595181709538));
#8356 = DIRECTION('',(9.217145717003E-15,-0.923879532511,0.382683432365)
  );
#8357 = DIRECTION('',(3.944304526105E-31,-0.382683432365,-0.923879532511
    ));
#8358 = ADVANCED_FACE('',(#8359),#8385,.T.);
#8359 = FACE_BOUND('',#8360,.T.);
#8360 = EDGE_LOOP('',(#8361,#8362,#8363,#8371,#8379));
#8361 = ORIENTED_EDGE('',*,*,#4195,.T.);
#8362 = ORIENTED_EDGE('',*,*,#8285,.T.);
#8363 = ORIENTED_EDGE('',*,*,#8364,.F.);
#8364 = EDGE_CURVE('',#8365,#8276,#8367,.T.);
#8365 = VERTEX_POINT('',#8366);
#8366 = CARTESIAN_POINT('',(24.868901997321,20.769002118757,
    48.82842937471));
#8367 = LINE('',#8368,#8369);
#8368 = CARTESIAN_POINT('',(24.868901997321,0.867389777938,
    48.82842937471));
#8369 = VECTOR('',#8370,1.);
#8370 = DIRECTION('',(6.813092443001E-16,-1.,6.972611193684E-32));
#8371 = ORIENTED_EDGE('',*,*,#8372,.F.);
#8372 = EDGE_CURVE('',#8373,#8365,#8375,.T.);
#8373 = VERTEX_POINT('',#8374);
#8374 = CARTESIAN_POINT('',(24.368269485221,21.039942481912,
    49.329061886809));
#8375 = LINE('',#8376,#8377);
#8376 = CARTESIAN_POINT('',(31.656855662336,17.095388067278,
    42.040475709694));
#8377 = VECTOR('',#8378,1.);
#8378 = DIRECTION('',(0.660401551748,-0.357406744337,-0.660401551748));
#8379 = ORIENTED_EDGE('',*,*,#8380,.F.);
#8380 = EDGE_CURVE('',#4196,#8373,#8381,.T.);
#8381 = LINE('',#8382,#8383);
#8382 = CARTESIAN_POINT('',(19.436424427661,16.108097424351,
    54.26090694437));
#8383 = VECTOR('',#8384,1.);
#8384 = DIRECTION('',(0.57735026919,0.57735026919,-0.57735026919));
#8385 = PLANE('',#8386);
#8386 = AXIS2_PLACEMENT_3D('',#8387,#8388,#8389);
#8387 = CARTESIAN_POINT('',(24.697329122067,0.340964321463,
    49.000002249963));
#8388 = DIRECTION('',(0.707106781187,4.817583867297E-16,0.707106781187)
  );
#8389 = DIRECTION('',(0.707106781187,-3.66126450319E-17,-0.707106781187)
  );
#8390 = ADVANCED_FACE('',(#8391),#8409,.T.);
#8391 = FACE_BOUND('',#8392,.T.);
#8392 = EDGE_LOOP('',(#8393,#8394,#8395,#8396,#8402,#8403));
#8393 = ORIENTED_EDGE('',*,*,#8324,.F.);
#8394 = ORIENTED_EDGE('',*,*,#4389,.F.);
#8395 = ORIENTED_EDGE('',*,*,#4466,.F.);
#8396 = ORIENTED_EDGE('',*,*,#8397,.F.);
#8397 = EDGE_CURVE('',#3646,#4459,#8398,.T.);
#8398 = LINE('',#8399,#8400);
#8399 = CARTESIAN_POINT('',(-25.73172226762,-14.56654455954,
    46.779416626368));
#8400 = VECTOR('',#8401,1.);
#8401 = DIRECTION('',(0.299737038728,0.621706083069,0.723629224043));
#8402 = ORIENTED_EDGE('',*,*,#3645,.F.);
#8403 = ORIENTED_EDGE('',*,*,#8404,.F.);
#8404 = EDGE_CURVE('',#8325,#3638,#8405,.T.);
#8405 = LINE('',#8406,#8407);
#8406 = CARTESIAN_POINT('',(-24.57251105412,-24.46857496024,
    39.91349151963));
#8407 = VECTOR('',#8408,1.);
#8408 = DIRECTION('',(-0.707106781187,0.707106781187,-6.086358378706E-15
    ));
#8409 = PLANE('',#8410);
#8410 = AXIS2_PLACEMENT_3D('',#8411,#8412,#8413);
#8411 = CARTESIAN_POINT('',(-24.14952912161,-22.81145972591,
    41.547036839104));
#8412 = DIRECTION('',(-0.525482745499,-0.525482745499,0.669130606359));
#8413 = DIRECTION('',(0.786468333514,-3.608224830032E-16,0.617630601881)
  );
#8414 = ADVANCED_FACE('',(#8415),#8426,.T.);
#8415 = FACE_BOUND('',#8416,.T.);
#8416 = EDGE_LOOP('',(#8417,#8418,#8419,#8425));
#8417 = ORIENTED_EDGE('',*,*,#8397,.T.);
#8418 = ORIENTED_EDGE('',*,*,#4458,.T.);
#8419 = ORIENTED_EDGE('',*,*,#8420,.F.);
#8420 = EDGE_CURVE('',#3611,#4451,#8421,.T.);
#8421 = LINE('',#8422,#8423);
#8422 = CARTESIAN_POINT('',(-30.98941694642,20.769002118758,
    34.086218825991));
#8423 = VECTOR('',#8424,1.);
#8424 = DIRECTION('',(0.382683432365,-7.9378247249E-15,0.923879532511));
#8425 = ORIENTED_EDGE('',*,*,#3653,.T.);
#8426 = PLANE('',#8427);
#8427 = AXIS2_PLACEMENT_3D('',#8428,#8429,#8430);
#8428 = CARTESIAN_POINT('',(-26.29720696016,0.867389777939,
    45.414215812336));
#8429 = DIRECTION('',(-0.923879532511,2.119317685209E-14,0.382683432365)
  );
#8430 = DIRECTION('',(0.382683432365,-4.733165431326E-30,0.923879532511)
  );
#8431 = ADVANCED_FACE('',(#8432),#8449,.F.);
#8432 = FACE_BOUND('',#8433,.T.);
#8433 = EDGE_LOOP('',(#8434,#8435,#8436,#8442,#8443));
#8434 = ORIENTED_EDGE('',*,*,#8300,.T.);
#8435 = ORIENTED_EDGE('',*,*,#8348,.F.);
#8436 = ORIENTED_EDGE('',*,*,#8437,.F.);
#8437 = EDGE_CURVE('',#484,#8341,#8438,.T.);
#8438 = LINE('',#8439,#8440);
#8439 = CARTESIAN_POINT('',(21.935680152474,-27.73174541885,
    31.462666964359));
#8440 = VECTOR('',#8441,1.);
#8441 = DIRECTION('',(-7.391306246704E-02,-6.576471559929E-16,
    0.997264688634));
#8442 = ORIENTED_EDGE('',*,*,#483,.F.);
#8443 = ORIENTED_EDGE('',*,*,#8444,.F.);
#8444 = EDGE_CURVE('',#8301,#476,#8445,.T.);
#8445 = LINE('',#8446,#8447);
#8446 = CARTESIAN_POINT('',(27.697329122067,-21.74807487967,
    34.458271044042));
#8447 = VECTOR('',#8448,1.);
#8448 = DIRECTION('',(5.035765438278E-17,-7.391306246704E-02,
    -0.997264688634));
#8449 = PLANE('',#8450);
#8450 = AXIS2_PLACEMENT_3D('',#8451,#8452,#8453);
#8451 = CARTESIAN_POINT('',(24.453053537418,-25.58325074533,
    26.485607416125));
#8452 = DIRECTION('',(-0.706137715918,0.706137715918,-5.233595624294E-02
    ));
#8453 = DIRECTION('',(-7.391306246704E-02,-2.775557561563E-17,
    0.997264688634));
#8454 = ADVANCED_FACE('',(#8455),#8473,.T.);
#8455 = FACE_BOUND('',#8456,.T.);
#8456 = EDGE_LOOP('',(#8457,#8458,#8466,#8472));
#8457 = ORIENTED_EDGE('',*,*,#8275,.T.);
#8458 = ORIENTED_EDGE('',*,*,#8459,.T.);
#8459 = EDGE_CURVE('',#8278,#8460,#8462,.T.);
#8460 = VERTEX_POINT('',#8461);
#8461 = CARTESIAN_POINT('',(27.697329122067,20.769002118757,
    42.000002249963));
#8462 = LINE('',#8463,#8464);
#8463 = CARTESIAN_POINT('',(27.697329122067,0.867389777938,
    42.000002249963));
#8464 = VECTOR('',#8465,1.);
#8465 = DIRECTION('',(-6.813092443001E-16,1.,-1.394522238737E-31));
#8466 = ORIENTED_EDGE('',*,*,#8467,.F.);
#8467 = EDGE_CURVE('',#8365,#8460,#8468,.T.);
#8468 = LINE('',#8469,#8470);
#8469 = CARTESIAN_POINT('',(30.97532554596,20.769002118757,
    34.086218825991));
#8470 = VECTOR('',#8471,1.);
#8471 = DIRECTION('',(0.382683432365,-5.799507968982E-16,-0.923879532511
    ));
#8472 = ORIENTED_EDGE('',*,*,#8364,.T.);
#8473 = PLANE('',#8474);
#8474 = AXIS2_PLACEMENT_3D('',#8475,#8476,#8477);
#8475 = CARTESIAN_POINT('',(26.283115559694,0.867389777938,
    45.414215812336));
#8476 = DIRECTION('',(0.923879532511,6.294476661196E-16,0.382683432365)
  );
#8477 = DIRECTION('',(0.382683432365,0.,-0.923879532511));
#8478 = ADVANCED_FACE('',(#8479),#8491,.T.);
#8479 = FACE_BOUND('',#8480,.T.);
#8480 = EDGE_LOOP('',(#8481,#8482,#8483,#8484,#8490));
#8481 = ORIENTED_EDGE('',*,*,#8404,.T.);
#8482 = ORIENTED_EDGE('',*,*,#3637,.F.);
#8483 = ORIENTED_EDGE('',*,*,#499,.F.);
#8484 = ORIENTED_EDGE('',*,*,#8485,.F.);
#8485 = EDGE_CURVE('',#8333,#492,#8486,.T.);
#8486 = LINE('',#8487,#8488);
#8487 = CARTESIAN_POINT('',(-21.93571864412,-27.73174541885,
    31.462147619543));
#8488 = VECTOR('',#8489,1.);
#8489 = DIRECTION('',(-7.391306246704E-02,-8.562622418057E-16,
    -0.997264688634));
#8490 = ORIENTED_EDGE('',*,*,#8332,.F.);
#8491 = PLANE('',#8492);
#8492 = AXIS2_PLACEMENT_3D('',#8493,#8494,#8495);
#8493 = CARTESIAN_POINT('',(-24.45305353741,-25.58325074533,
    26.485607416125));
#8494 = DIRECTION('',(-0.706137715918,-0.706137715918,5.233595624294E-02
    ));
#8495 = DIRECTION('',(7.391306246704E-02,-2.775557561563E-17,
    0.997264688634));
#8496 = ADVANCED_FACE('',(#8497,#8512),#8523,.T.);
#8497 = FACE_BOUND('',#8498,.T.);
#8498 = EDGE_LOOP('',(#8499,#8500,#8506,#8507,#8508,#8509,#8510,#8511));
#8499 = ORIENTED_EDGE('',*,*,#1515,.F.);
#8500 = ORIENTED_EDGE('',*,*,#8501,.F.);
#8501 = EDGE_CURVE('',#8460,#1387,#8502,.T.);
#8502 = LINE('',#8503,#8504);
#8503 = CARTESIAN_POINT('',(27.697329122067,20.769002118757,
    30.228428249728));
#8504 = VECTOR('',#8505,1.);
#8505 = DIRECTION('',(1.653976239118E-24,-4.257608434317E-16,-1.));
#8506 = ORIENTED_EDGE('',*,*,#8459,.F.);
#8507 = ORIENTED_EDGE('',*,*,#8308,.T.);
#8508 = ORIENTED_EDGE('',*,*,#8444,.T.);
#8509 = ORIENTED_EDGE('',*,*,#475,.T.);
#8510 = ORIENTED_EDGE('',*,*,#1476,.F.);
#8511 = ORIENTED_EDGE('',*,*,#1492,.F.);
#8512 = FACE_BOUND('',#8513,.T.);
#8513 = EDGE_LOOP('',(#8514));
#8514 = ORIENTED_EDGE('',*,*,#8515,.F.);
#8515 = EDGE_CURVE('',#8516,#8516,#8518,.T.);
#8516 = VERTEX_POINT('',#8517);
#8517 = CARTESIAN_POINT('',(27.697329122067,3.332711669927,
    35.120394978942));
#8518 = CIRCLE('',#8519,14.9);
#8519 = AXIS2_PLACEMENT_3D('',#8520,#8521,#8522);
#8520 = CARTESIAN_POINT('',(27.697329122067,3.332711669927,
    20.220394978942));
#8521 = DIRECTION('',(1.,6.813092443001E-16,1.653975949043E-24));
#8522 = DIRECTION('',(1.653975949043E-24,-9.732268076824E-41,-1.));
#8523 = PLANE('',#8524);
#8524 = AXIS2_PLACEMENT_3D('',#8525,#8526,#8527);
#8525 = CARTESIAN_POINT('',(27.697329122067,1.393815234414,
    41.000002249963));
#8526 = DIRECTION('',(1.,6.813092443001E-16,1.653975949043E-24));
#8527 = DIRECTION('',(1.653975949043E-24,-8.563973069527E-41,-1.));
#8528 = ADVANCED_FACE('',(#8529,#8535),#8546,.T.);
#8529 = FACE_BOUND('',#8530,.T.);
#8530 = EDGE_LOOP('',(#8531,#8532,#8533,#8534));
#8531 = ORIENTED_EDGE('',*,*,#8437,.T.);
#8532 = ORIENTED_EDGE('',*,*,#8340,.T.);
#8533 = ORIENTED_EDGE('',*,*,#8485,.T.);
#8534 = ORIENTED_EDGE('',*,*,#491,.T.);
#8535 = FACE_BOUND('',#8536,.T.);
#8536 = EDGE_LOOP('',(#8537));
#8537 = ORIENTED_EDGE('',*,*,#8538,.F.);
#8538 = EDGE_CURVE('',#8539,#8539,#8541,.T.);
#8539 = VERTEX_POINT('',#8540);
#8540 = CARTESIAN_POINT('',(-14.80704570023,-27.73174541885,16.));
#8541 = CIRCLE('',#8542,14.8);
#8542 = AXIS2_PLACEMENT_3D('',#8543,#8544,#8545);
#8543 = CARTESIAN_POINT('',(-7.045700233941E-03,-27.73174541885,16.));
#8544 = DIRECTION('',(1.024114917762E-14,-1.,9.957992500706E-17));
#8545 = DIRECTION('',(1.,1.024114917762E-14,-2.480953729347E-32));
#8546 = PLANE('',#8547);
#8547 = AXIS2_PLACEMENT_3D('',#8548,#8549,#8550);
#8548 = CARTESIAN_POINT('',(-7.045700233643E-03,-27.73174541885,
    35.000001124982));
#8549 = DIRECTION('',(1.024114917762E-14,-1.,9.957992500706E-17));
#8550 = DIRECTION('',(0.,-9.957992500706E-17,-1.));
#8551 = ADVANCED_FACE('',(#8552),#8595,.T.);
#8552 = FACE_BOUND('',#8553,.T.);
#8553 = EDGE_LOOP('',(#8554,#8555,#8563,#8572,#8580,#8589));
#8554 = ORIENTED_EDGE('',*,*,#2521,.F.);
#8555 = ORIENTED_EDGE('',*,*,#8556,.T.);
#8556 = EDGE_CURVE('',#2479,#8557,#8559,.T.);
#8557 = VERTEX_POINT('',#8558);
#8558 = CARTESIAN_POINT('',(8.15478105318,3.807826936022,51.000002249963
    ));
#8559 = LINE('',#8560,#8561);
#8560 = CARTESIAN_POINT('',(8.15478105318,3.807826936022,52.000002249963
    ));
#8561 = VECTOR('',#8562,1.);
#8562 = DIRECTION('',(0.,0.,1.));
#8563 = ORIENTED_EDGE('',*,*,#8564,.F.);
#8564 = EDGE_CURVE('',#8565,#8557,#8567,.T.);
#8565 = VERTEX_POINT('',#8566);
#8566 = CARTESIAN_POINT('',(6.914621920535,-3.019144760617,
    51.000002249963));
#8567 = CIRCLE('',#8568,6.);
#8568 = AXIS2_PLACEMENT_3D('',#8569,#8570,#8571);
#8569 = CARTESIAN_POINT('',(2.71826035106,1.269275645341,51.000002249963
    ));
#8570 = DIRECTION('',(0.,0.,1.));
#8571 = DIRECTION('',(0.983898013731,-0.17873079918,0.));
#8572 = ORIENTED_EDGE('',*,*,#8573,.T.);
#8573 = EDGE_CURVE('',#8565,#8574,#8576,.T.);
#8574 = VERTEX_POINT('',#8575);
#8575 = CARTESIAN_POINT('',(6.914621920535,-3.019144760617,
    47.000002249963));
#8576 = LINE('',#8577,#8578);
#8577 = CARTESIAN_POINT('',(6.914621920535,-3.019144760617,
    52.000002249963));
#8578 = VECTOR('',#8579,1.);
#8579 = DIRECTION('',(0.,0.,-1.));
#8580 = ORIENTED_EDGE('',*,*,#8581,.T.);
#8581 = EDGE_CURVE('',#8574,#8582,#8584,.T.);
#8582 = VERTEX_POINT('',#8583);
#8583 = CARTESIAN_POINT('',(8.582468680932,-5.811933165463E-16,
    47.000002249963));
#8584 = CIRCLE('',#8585,6.);
#8585 = AXIS2_PLACEMENT_3D('',#8586,#8587,#8588);
#8586 = CARTESIAN_POINT('',(2.71826035106,1.269275645341,47.000002249963
    ));
#8587 = DIRECTION('',(0.,0.,1.));
#8588 = DIRECTION('',(0.983898013731,-0.17873079918,0.));
#8589 = ORIENTED_EDGE('',*,*,#8590,.T.);
#8590 = EDGE_CURVE('',#8582,#2522,#8591,.T.);
#8591 = LINE('',#8592,#8593);
#8592 = CARTESIAN_POINT('',(8.582468680932,-3.036375603901E-16,
    52.000002249963));
#8593 = VECTOR('',#8594,1.);
#8594 = DIRECTION('',(0.,0.,-1.));
#8595 = CYLINDRICAL_SURFACE('',#8596,6.);
#8596 = AXIS2_PLACEMENT_3D('',#8597,#8598,#8599);
#8597 = CARTESIAN_POINT('',(2.71826035106,1.269275645341,52.000002249963
    ));
#8598 = DIRECTION('',(0.,0.,1.));
#8599 = DIRECTION('',(0.983898013731,-0.17873079918,0.));
#8600 = ADVANCED_FACE('',(#8601),#8619,.F.);
#8601 = FACE_BOUND('',#8602,.T.);
#8602 = EDGE_LOOP('',(#8603,#8604,#8605,#8613));
#8603 = ORIENTED_EDGE('',*,*,#2545,.F.);
#8604 = ORIENTED_EDGE('',*,*,#8590,.F.);
#8605 = ORIENTED_EDGE('',*,*,#8606,.T.);
#8606 = EDGE_CURVE('',#8582,#8607,#8609,.T.);
#8607 = VERTEX_POINT('',#8608);
#8608 = CARTESIAN_POINT('',(16.247329122067,-8.326672684689E-16,
    47.000002249963));
#8609 = LINE('',#8610,#8611);
#8610 = CARTESIAN_POINT('',(8.123664561033,-4.163336342344E-16,
    47.000002249963));
#8611 = VECTOR('',#8612,1.);
#8612 = DIRECTION('',(1.,-5.177809915847E-17,0.));
#8613 = ORIENTED_EDGE('',*,*,#8614,.T.);
#8614 = EDGE_CURVE('',#8607,#2546,#8615,.T.);
#8615 = LINE('',#8616,#8617);
#8616 = CARTESIAN_POINT('',(16.247329122067,-8.326672684689E-16,
    52.000002249963));
#8617 = VECTOR('',#8618,1.);
#8618 = DIRECTION('',(0.,0.,-1.));
#8619 = PLANE('',#8620);
#8620 = AXIS2_PLACEMENT_3D('',#8621,#8622,#8623);
#8621 = CARTESIAN_POINT('',(16.247329122067,-8.412558183427E-16,
    52.000002249963));
#8622 = DIRECTION('',(-5.177809915847E-17,-1.,0.));
#8623 = DIRECTION('',(-1.,5.177809915847E-17,0.));
#8624 = ADVANCED_FACE('',(#8625),#8657,.T.);
#8625 = FACE_BOUND('',#8626,.T.);
#8626 = EDGE_LOOP('',(#8627,#8635,#8643,#8651));
#8627 = ORIENTED_EDGE('',*,*,#8628,.T.);
#8628 = EDGE_CURVE('',#8607,#8629,#8631,.T.);
#8629 = VERTEX_POINT('',#8630);
#8630 = CARTESIAN_POINT('',(13.448918521075,-1.118073505106,
    47.000002249963));
#8631 = LINE('',#8632,#8633);
#8632 = CARTESIAN_POINT('',(8.642934996686,-3.038250209229,
    47.000002249963));
#8633 = VECTOR('',#8634,1.);
#8634 = DIRECTION('',(-0.928624313148,-0.37102140778,0.));
#8635 = ORIENTED_EDGE('',*,*,#8636,.F.);
#8636 = EDGE_CURVE('',#8637,#8629,#8639,.T.);
#8637 = VERTEX_POINT('',#8638);
#8638 = CARTESIAN_POINT('',(13.448918521075,-1.118073505106,
    51.000002249963));
#8639 = LINE('',#8640,#8641);
#8640 = CARTESIAN_POINT('',(13.448918521075,-1.118073505106,
    52.000002249963));
#8641 = VECTOR('',#8642,1.);
#8642 = DIRECTION('',(0.,0.,-1.));
#8643 = ORIENTED_EDGE('',*,*,#8644,.F.);
#8644 = EDGE_CURVE('',#8645,#8637,#8647,.T.);
#8645 = VERTEX_POINT('',#8646);
#8646 = CARTESIAN_POINT('',(16.247329122067,-8.412558183427E-16,
    51.000002249963));
#8647 = LINE('',#8648,#8649);
#8648 = CARTESIAN_POINT('',(8.719415636558,-3.007693229112,
    51.000002249963));
#8649 = VECTOR('',#8650,1.);
#8650 = DIRECTION('',(-0.928624313148,-0.37102140778,0.));
#8651 = ORIENTED_EDGE('',*,*,#8652,.T.);
#8652 = EDGE_CURVE('',#8645,#8607,#8653,.T.);
#8653 = LINE('',#8654,#8655);
#8654 = CARTESIAN_POINT('',(16.247329122067,-8.326672684689E-16,
    52.000002249963));
#8655 = VECTOR('',#8656,1.);
#8656 = DIRECTION('',(0.,0.,-1.));
#8657 = PLANE('',#8658);
#8658 = AXIS2_PLACEMENT_3D('',#8659,#8660,#8661);
#8659 = CARTESIAN_POINT('',(15.384986007098,-0.344539499963,
    52.000002249963));
#8660 = DIRECTION('',(-0.37102140778,0.928624313148,0.));
#8661 = DIRECTION('',(0.,0.,1.));
#8662 = ADVANCED_FACE('',(#8663),#8681,.T.);
#8663 = FACE_BOUND('',#8664,.T.);
#8664 = EDGE_LOOP('',(#8665,#8666,#8674,#8680));
#8665 = ORIENTED_EDGE('',*,*,#1386,.F.);
#8666 = ORIENTED_EDGE('',*,*,#8667,.T.);
#8667 = EDGE_CURVE('',#1379,#8668,#8670,.T.);
#8668 = VERTEX_POINT('',#8669);
#8669 = CARTESIAN_POINT('',(26.897329122067,21.569002118757,
    41.84087235606));
#8670 = LINE('',#8671,#8672);
#8671 = CARTESIAN_POINT('',(26.897329122067,21.569002118757,
    30.228428249728));
#8672 = VECTOR('',#8673,1.);
#8673 = DIRECTION('',(-1.653976239118E-24,4.257608434317E-16,1.));
#8674 = ORIENTED_EDGE('',*,*,#8675,.T.);
#8675 = EDGE_CURVE('',#8668,#8460,#8676,.T.);
#8676 = LINE('',#8677,#8678);
#8677 = CARTESIAN_POINT('',(26.897329122067,21.569002118757,
    41.84087235606));
#8678 = VECTOR('',#8679,1.);
#8679 = DIRECTION('',(0.700214507283,-0.700214507283,0.139281325317));
#8680 = ORIENTED_EDGE('',*,*,#8501,.T.);
#8681 = PLANE('',#8682);
#8682 = AXIS2_PLACEMENT_3D('',#8683,#8684,#8685);
#8683 = CARTESIAN_POINT('',(27.297329122067,21.169002118757,
    30.228428249728));
#8684 = DIRECTION('',(0.707106781187,0.707106781187,-3.010583783847E-16)
  );
#8685 = DIRECTION('',(-4.257608417777E-16,5.176899690513E-31,-1.));
#8686 = ADVANCED_FACE('',(#8687),#8713,.F.);
#8687 = FACE_BOUND('',#8688,.T.);
#8688 = EDGE_LOOP('',(#8689,#8690,#8698,#8706,#8712));
#8689 = ORIENTED_EDGE('',*,*,#1417,.F.);
#8690 = ORIENTED_EDGE('',*,*,#8691,.F.);
#8691 = EDGE_CURVE('',#8692,#1410,#8694,.T.);
#8692 = VERTEX_POINT('',#8693);
#8693 = CARTESIAN_POINT('',(20.138827077841,21.569002118757,
    48.800002249963));
#8694 = LINE('',#8695,#8696);
#8695 = CARTESIAN_POINT('',(20.138827077841,21.569002118757,
    20.228427687237));
#8696 = VECTOR('',#8697,1.);
#8697 = DIRECTION('',(1.465882845072E-16,-4.257608434317E-16,-1.));
#8698 = ORIENTED_EDGE('',*,*,#8699,.F.);
#8699 = EDGE_CURVE('',#8700,#8692,#8702,.T.);
#8700 = VERTEX_POINT('',#8701);
#8701 = CARTESIAN_POINT('',(24.014763137696,21.569002118757,
    48.800002249963));
#8702 = LINE('',#8703,#8704);
#8703 = CARTESIAN_POINT('',(18.928633937311,21.569002118757,
    48.800002249963));
#8704 = VECTOR('',#8705,1.);
#8705 = DIRECTION('',(-1.,4.876068628153E-16,-4.358287636568E-16));
#8706 = ORIENTED_EDGE('',*,*,#8707,.F.);
#8707 = EDGE_CURVE('',#8668,#8700,#8708,.T.);
#8708 = LINE('',#8709,#8710);
#8709 = CARTESIAN_POINT('',(30.236221919951,21.569002118757,
    33.780072080099));
#8710 = VECTOR('',#8711,1.);
#8711 = DIRECTION('',(-0.382683432365,5.799507968982E-16,0.923879532511)
  );
#8712 = ORIENTED_EDGE('',*,*,#8667,.F.);
#8713 = PLANE('',#8714);
#8714 = AXIS2_PLACEMENT_3D('',#8715,#8716,#8717);
#8715 = CARTESIAN_POINT('',(27.697329121698,21.569002118757,
    19.456854249492));
#8716 = DIRECTION('',(-4.876068628153E-16,-1.,4.257608434317E-16));
#8717 = DIRECTION('',(1.677823721105E-16,4.257608434317E-16,1.));
#8718 = ADVANCED_FACE('',(#8719,#8735),#8746,.T.);
#8719 = FACE_BOUND('',#8720,.T.);
#8720 = EDGE_LOOP('',(#8721,#8722,#8728,#8729,#8730,#8731,#8732,#8733,
    #8734));
#8721 = ORIENTED_EDGE('',*,*,#1767,.F.);
#8722 = ORIENTED_EDGE('',*,*,#8723,.F.);
#8723 = EDGE_CURVE('',#1575,#1768,#8724,.T.);
#8724 = LINE('',#8725,#8726);
#8725 = CARTESIAN_POINT('',(7.864498120395,20.019002118757,
    8.812395257962E-15));
#8726 = VECTOR('',#8727,1.);
#8727 = DIRECTION('',(1.,-4.876068628153E-16,1.115119404864E-15));
#8728 = ORIENTED_EDGE('',*,*,#1572,.F.);
#8729 = ORIENTED_EDGE('',*,*,#1614,.F.);
#8730 = ORIENTED_EDGE('',*,*,#1751,.F.);
#8731 = ORIENTED_EDGE('',*,*,#1729,.F.);
#8732 = ORIENTED_EDGE('',*,*,#1697,.F.);
#8733 = ORIENTED_EDGE('',*,*,#1648,.F.);
#8734 = ORIENTED_EDGE('',*,*,#1532,.F.);
#8735 = FACE_BOUND('',#8736,.T.);
#8736 = EDGE_LOOP('',(#8737));
#8737 = ORIENTED_EDGE('',*,*,#8738,.F.);
#8738 = EDGE_CURVE('',#8739,#8739,#8741,.T.);
#8739 = VERTEX_POINT('',#8740);
#8740 = CARTESIAN_POINT('',(10.192329123425,26.291053526133,
    1.136632095675E-14));
#8741 = CIRCLE('',#8742,2.75);
#8742 = AXIS2_PLACEMENT_3D('',#8743,#8744,#8745);
#8743 = CARTESIAN_POINT('',(12.942329123425,26.291053526133,
    1.443289932013E-14));
#8744 = DIRECTION('',(1.115119404864E-15,3.752163452453E-32,-1.));
#8745 = DIRECTION('',(1.,-1.112901003991E-14,1.115119404864E-15));
#8746 = PLANE('',#8747);
#8747 = AXIS2_PLACEMENT_3D('',#8748,#8749,#8750);
#8748 = CARTESIAN_POINT('',(-8.663978424941E-02,-0.711886591488,
    -8.090011054701E-17));
#8749 = DIRECTION('',(1.115119404864E-15,3.752163452453E-32,-1.));
#8750 = DIRECTION('',(1.,1.190742727537E-16,1.115119404864E-15));
#8751 = ADVANCED_FACE('',(#8752),#8764,.F.);
#8752 = FACE_BOUND('',#8753,.F.);
#8753 = EDGE_LOOP('',(#8754,#8755,#8762,#8763));
#8754 = ORIENTED_EDGE('',*,*,#8691,.F.);
#8755 = ORIENTED_EDGE('',*,*,#8756,.F.);
#8756 = EDGE_CURVE('',#1832,#8692,#8757,.T.);
#8757 = ELLIPSE('',#8758,3.535533905933,2.5);
#8758 = AXIS2_PLACEMENT_3D('',#8759,#8760,#8761);
#8759 = CARTESIAN_POINT('',(20.138827077841,24.069002118757,
    46.300002249963));
#8760 = DIRECTION('',(3.66126450319E-17,0.707106781187,0.707106781187));
#8761 = DIRECTION('',(-3.140184917368E-16,-0.707106781187,0.707106781187
    ));
#8762 = ORIENTED_EDGE('',*,*,#1839,.F.);
#8763 = ORIENTED_EDGE('',*,*,#1443,.T.);
#8764 = CYLINDRICAL_SURFACE('',#8765,2.5);
#8765 = AXIS2_PLACEMENT_3D('',#8766,#8767,#8768);
#8766 = CARTESIAN_POINT('',(20.138827077841,24.069002118757,
    20.228427687237));
#8767 = DIRECTION('',(1.465882845072E-16,-4.257608434317E-16,-1.));
#8768 = DIRECTION('',(-0.706883189944,-0.707330301751,1.975327516975E-16
    ));
#8769 = ADVANCED_FACE('',(#8770,#8800),#8811,.T.);
#8770 = FACE_BOUND('',#8771,.T.);
#8771 = EDGE_LOOP('',(#8772,#8773,#8774,#8775,#8776,#8784,#8792,#8798,
    #8799));
#8772 = ORIENTED_EDGE('',*,*,#178,.F.);
#8773 = ORIENTED_EDGE('',*,*,#3308,.F.);
#8774 = ORIENTED_EDGE('',*,*,#3331,.F.);
#8775 = ORIENTED_EDGE('',*,*,#1262,.T.);
#8776 = ORIENTED_EDGE('',*,*,#8777,.F.);
#8777 = EDGE_CURVE('',#8778,#1255,#8780,.T.);
#8778 = VERTEX_POINT('',#8779);
#8779 = CARTESIAN_POINT('',(-26.71142052253,15.218628350071,
    37.000002249963));
#8780 = LINE('',#8781,#8782);
#8781 = CARTESIAN_POINT('',(-26.71142052253,-5.922457864198,
    37.000002249963));
#8782 = VECTOR('',#8783,1.);
#8783 = DIRECTION('',(2.216891896346E-14,1.,1.094452744774E-15));
#8784 = ORIENTED_EDGE('',*,*,#8785,.F.);
#8785 = EDGE_CURVE('',#8786,#8778,#8788,.T.);
#8786 = VERTEX_POINT('',#8787);
#8787 = CARTESIAN_POINT('',(-26.71142052253,15.218628350071,
    40.200002249963));
#8788 = LINE('',#8789,#8790);
#8789 = CARTESIAN_POINT('',(-26.71142052253,15.218628350071,
    20.100004249754));
#8790 = VECTOR('',#8791,1.);
#8791 = DIRECTION('',(8.374058701483E-15,5.669899381528E-15,-1.));
#8792 = ORIENTED_EDGE('',*,*,#8793,.T.);
#8793 = EDGE_CURVE('',#8786,#588,#8794,.T.);
#8794 = LINE('',#8795,#8796);
#8795 = CARTESIAN_POINT('',(-26.71142052253,-17.58137164992,
    40.200002249963));
#8796 = VECTOR('',#8797,1.);
#8797 = DIRECTION('',(-2.220624198067E-14,-1.,-9.276139052181E-29));
#8798 = ORIENTED_EDGE('',*,*,#587,.T.);
#8799 = ORIENTED_EDGE('',*,*,#530,.F.);
#8800 = FACE_BOUND('',#8801,.T.);
#8801 = EDGE_LOOP('',(#8802));
#8802 = ORIENTED_EDGE('',*,*,#8803,.F.);
#8803 = EDGE_CURVE('',#8804,#8804,#8806,.T.);
#8804 = VERTEX_POINT('',#8805);
#8805 = CARTESIAN_POINT('',(-26.71142052253,-5.012919826409,
    5.376401678047));
#8806 = CIRCLE('',#8807,14.9);
#8807 = AXIS2_PLACEMENT_3D('',#8808,#8809,#8810);
#8808 = CARTESIAN_POINT('',(-26.71142052253,-5.012919826409,
    20.276401678047));
#8809 = DIRECTION('',(1.,-2.225802007982E-14,8.374058701483E-15));
#8810 = DIRECTION('',(-8.374058701483E-15,-1.595791882345E-31,1.));
#8811 = PLANE('',#8812);
#8812 = AXIS2_PLACEMENT_3D('',#8813,#8814,#8815);
#8813 = CARTESIAN_POINT('',(-26.71142052253,21.569002118758,
    -2.23565001241E-13));
#8814 = DIRECTION('',(1.,-2.225802007982E-14,8.374058701483E-15));
#8815 = DIRECTION('',(-8.374058701483E-15,9.319498336361E-29,1.));
#8816 = ADVANCED_FACE('',(#8817),#8840,.F.);
#8817 = FACE_BOUND('',#8818,.T.);
#8818 = EDGE_LOOP('',(#8819,#8820,#8821,#8822,#8830,#8836,#8837,#8838,
    #8839));
#8819 = ORIENTED_EDGE('',*,*,#3409,.T.);
#8820 = ORIENTED_EDGE('',*,*,#3417,.T.);
#8821 = ORIENTED_EDGE('',*,*,#3545,.F.);
#8822 = ORIENTED_EDGE('',*,*,#8823,.F.);
#8823 = EDGE_CURVE('',#8824,#3546,#8826,.T.);
#8824 = VERTEX_POINT('',#8825);
#8825 = CARTESIAN_POINT('',(-17.64851504454,31.032235837728,
    39.336768530993));
#8826 = LINE('',#8827,#8828);
#8827 = CARTESIAN_POINT('',(-17.64878698465,30.602162944776,
    39.766841423945));
#8828 = VECTOR('',#8829,1.);
#8829 = DIRECTION('',(-4.47111829873E-04,-0.707106710508,0.707106710508)
  );
#8830 = ORIENTED_EDGE('',*,*,#8831,.T.);
#8831 = EDGE_CURVE('',#8824,#3682,#8832,.T.);
#8832 = LINE('',#8833,#8834);
#8833 = CARTESIAN_POINT('',(-17.64851504449,31.032235920021,
    21.000001135557));
#8834 = VECTOR('',#8835,1.);
#8835 = DIRECTION('',(2.845950150582E-12,4.487853877494E-09,-1.));
#8836 = ORIENTED_EDGE('',*,*,#3681,.F.);
#8837 = ORIENTED_EDGE('',*,*,#1277,.F.);
#8838 = ORIENTED_EDGE('',*,*,#1163,.F.);
#8839 = ORIENTED_EDGE('',*,*,#1127,.F.);
#8840 = PLANE('',#8841);
#8841 = AXIS2_PLACEMENT_3D('',#8842,#8843,#8844);
#8842 = CARTESIAN_POINT('',(-17.65150924026,26.296919643137,
    21.000001124982));
#8843 = DIRECTION('',(0.999999800091,-6.323115504932E-04,
    8.227737985729E-15));
#8844 = DIRECTION('',(6.323115504932E-04,0.999999800091,
    -7.782130134881E-15));
#8845 = ADVANCED_FACE('',(#8846),#8863,.T.);
#8846 = FACE_BOUND('',#8847,.T.);
#8847 = EDGE_LOOP('',(#8848,#8856,#8857));
#8848 = ORIENTED_EDGE('',*,*,#8849,.T.);
#8849 = EDGE_CURVE('',#8850,#2789,#8852,.T.);
#8850 = VERTEX_POINT('',#8851);
#8851 = CARTESIAN_POINT('',(12.992329122067,-11.93174541885,
    20.19771625133));
#8852 = LINE('',#8853,#8854);
#8853 = CARTESIAN_POINT('',(0.987816157687,-11.93174541885,
    20.19771625133));
#8854 = VECTOR('',#8855,1.);
#8855 = DIRECTION('',(1.,1.708523719121E-16,1.506432264115E-16));
#8856 = ORIENTED_EDGE('',*,*,#2796,.F.);
#8857 = ORIENTED_EDGE('',*,*,#8858,.F.);
#8858 = EDGE_CURVE('',#8850,#2797,#8859,.T.);
#8859 = LINE('',#8860,#8861);
#8860 = CARTESIAN_POINT('',(12.992329122067,-11.93174541885,
    -8.11673413821E-15));
#8861 = VECTOR('',#8862,1.);
#8862 = DIRECTION('',(4.93240231504E-48,9.52603976431E-32,1.));
#8863 = PLANE('',#8864);
#8864 = AXIS2_PLACEMENT_3D('',#8865,#8866,#8867);
#8865 = CARTESIAN_POINT('',(-14.57169680632,-11.93174541885,
    -1.623346827642E-14));
#8866 = DIRECTION('',(1.708523719121E-16,-1.,9.52603976431E-32));
#8867 = DIRECTION('',(1.,1.708523719121E-16,1.115119404864E-15));
#8868 = ADVANCED_FACE('',(#8869),#8888,.F.);
#8869 = FACE_BOUND('',#8870,.F.);
#8870 = EDGE_LOOP('',(#8871,#8879,#8880,#8881));
#8871 = ORIENTED_EDGE('',*,*,#8872,.T.);
#8872 = EDGE_CURVE('',#8873,#8539,#8875,.T.);
#8873 = VERTEX_POINT('',#8874);
#8874 = CARTESIAN_POINT('',(-14.40704570023,-27.33174541885,16.));
#8875 = LINE('',#8876,#8877);
#8876 = CARTESIAN_POINT('',(-14.60704570023,-27.53174541885,16.));
#8877 = VECTOR('',#8878,1.);
#8878 = DIRECTION('',(-0.707106781187,-0.707106781187,8.659560562355E-17
    ));
#8879 = ORIENTED_EDGE('',*,*,#8538,.F.);
#8880 = ORIENTED_EDGE('',*,*,#8872,.F.);
#8881 = ORIENTED_EDGE('',*,*,#8882,.F.);
#8882 = EDGE_CURVE('',#8873,#8873,#8883,.T.);
#8883 = CIRCLE('',#8884,14.4);
#8884 = AXIS2_PLACEMENT_3D('',#8885,#8886,#8887);
#8885 = CARTESIAN_POINT('',(-7.045700233945E-03,-27.33174541885,16.));
#8886 = DIRECTION('',(-1.024114917762E-14,1.,-9.957992500706E-17));
#8887 = DIRECTION('',(1.,1.024114917762E-14,-2.480953729347E-32));
#8888 = CONICAL_SURFACE('',#8889,14.6,0.785398163397);
#8889 = AXIS2_PLACEMENT_3D('',#8890,#8891,#8892);
#8890 = CARTESIAN_POINT('',(-7.045700233943E-03,-27.53174541885,16.));
#8891 = DIRECTION('',(1.024028951913E-14,-1.,0.));
#8892 = DIRECTION('',(1.,1.024028951913E-14,-1.257469698436E-32));
#8893 = ADVANCED_FACE('',(#8894),#8913,.F.);
#8894 = FACE_BOUND('',#8895,.F.);
#8895 = EDGE_LOOP('',(#8896,#8904,#8911,#8912));
#8896 = ORIENTED_EDGE('',*,*,#8897,.T.);
#8897 = EDGE_CURVE('',#8873,#8898,#8900,.T.);
#8898 = VERTEX_POINT('',#8899);
#8899 = CARTESIAN_POINT('',(-14.40704570023,-27.13174541885,16.));
#8900 = LINE('',#8901,#8902);
#8901 = CARTESIAN_POINT('',(-14.40704570023,-27.73174541885,16.));
#8902 = VECTOR('',#8903,1.);
#8903 = DIRECTION('',(-9.992007221626E-15,1.,0.));
#8904 = ORIENTED_EDGE('',*,*,#8905,.T.);
#8905 = EDGE_CURVE('',#8898,#8898,#8906,.T.);
#8906 = CIRCLE('',#8907,14.4);
#8907 = AXIS2_PLACEMENT_3D('',#8908,#8909,#8910);
#8908 = CARTESIAN_POINT('',(-7.045700233947E-03,-27.13174541885,16.));
#8909 = DIRECTION('',(1.107545045259E-14,-1.,7.787331452228E-15));
#8910 = DIRECTION('',(1.,1.107545045259E-14,-8.437131549196E-30));
#8911 = ORIENTED_EDGE('',*,*,#8897,.F.);
#8912 = ORIENTED_EDGE('',*,*,#8882,.T.);
#8913 = CYLINDRICAL_SURFACE('',#8914,14.4);
#8914 = AXIS2_PLACEMENT_3D('',#8915,#8916,#8917);
#8915 = CARTESIAN_POINT('',(-7.045700233941E-03,-27.73174541885,16.));
#8916 = DIRECTION('',(-9.992007221626E-15,1.,0.));
#8917 = DIRECTION('',(1.,9.992007221626E-15,0.));
#8918 = ADVANCED_FACE('',(#8919),#8938,.F.);
#8919 = FACE_BOUND('',#8920,.F.);
#8920 = EDGE_LOOP('',(#8921,#8929,#8936,#8937));
#8921 = ORIENTED_EDGE('',*,*,#8922,.T.);
#8922 = EDGE_CURVE('',#8898,#8923,#8925,.T.);
#8923 = VERTEX_POINT('',#8924);
#8924 = CARTESIAN_POINT('',(-14.80704570023,-26.73174541885,16.));
#8925 = LINE('',#8926,#8927);
#8926 = CARTESIAN_POINT('',(-14.60704570023,-26.93174541885,16.));
#8927 = VECTOR('',#8928,1.);
#8928 = DIRECTION('',(-0.707106781187,0.707106781187,-4.011826752334E-15
    ));
#8929 = ORIENTED_EDGE('',*,*,#8930,.F.);
#8930 = EDGE_CURVE('',#8923,#8923,#8931,.T.);
#8931 = CIRCLE('',#8932,14.8);
#8932 = AXIS2_PLACEMENT_3D('',#8933,#8934,#8935);
#8933 = CARTESIAN_POINT('',(-7.045700233951E-03,-26.73174541885,16.));
#8934 = DIRECTION('',(-1.107545045259E-14,1.,-7.787331452228E-15));
#8935 = DIRECTION('',(1.,1.107545045259E-14,-8.437131549196E-30));
#8936 = ORIENTED_EDGE('',*,*,#8922,.F.);
#8937 = ORIENTED_EDGE('',*,*,#8905,.F.);
#8938 = CONICAL_SURFACE('',#8939,14.6,0.785398163398);
#8939 = AXIS2_PLACEMENT_3D('',#8940,#8941,#8942);
#8940 = CARTESIAN_POINT('',(-7.045700233949E-03,-26.93174541885,16.));
#8941 = DIRECTION('',(-1.107512519194E-14,1.,-5.551115123127E-15));
#8942 = DIRECTION('',(1.,1.107512519194E-14,-7.24051388015E-30));
#8943 = ADVANCED_FACE('',(#8944,#8971),#8974,.T.);
#8944 = FACE_BOUND('',#8945,.T.);
#8945 = EDGE_LOOP('',(#8946,#8947,#8948,#8956,#8964,#8970));
#8946 = ORIENTED_EDGE('',*,*,#361,.T.);
#8947 = ORIENTED_EDGE('',*,*,#4077,.T.);
#8948 = ORIENTED_EDGE('',*,*,#8949,.T.);
#8949 = EDGE_CURVE('',#4070,#8950,#8952,.T.);
#8950 = VERTEX_POINT('',#8951);
#8951 = CARTESIAN_POINT('',(-15.46141992648,-26.73174541885,31.2));
#8952 = LINE('',#8953,#8954);
#8953 = CARTESIAN_POINT('',(-15.46141992648,-26.73174541885,
    9.353553953084));
#8954 = VECTOR('',#8955,1.);
#8955 = DIRECTION('',(-8.374058701482E-15,7.787331452228E-15,1.));
#8956 = ORIENTED_EDGE('',*,*,#8957,.F.);
#8957 = EDGE_CURVE('',#8958,#8950,#8960,.T.);
#8958 = VERTEX_POINT('',#8959);
#8959 = CARTESIAN_POINT('',(15.44732852602,-26.73174541885,31.2));
#8960 = LINE('',#8961,#8962);
#8961 = CARTESIAN_POINT('',(-7.630709963244,-26.73174541885,31.2));
#8962 = VECTOR('',#8963,1.);
#8963 = DIRECTION('',(-1.,-1.107545045259E-14,0.));
#8964 = ORIENTED_EDGE('',*,*,#8965,.F.);
#8965 = EDGE_CURVE('',#2150,#8958,#8966,.T.);
#8966 = LINE('',#8967,#8968);
#8967 = CARTESIAN_POINT('',(15.44732852602,-26.73174541885,
    9.353553953084));
#8968 = VECTOR('',#8969,1.);
#8969 = DIRECTION('',(4.032132201133E-31,7.787331452228E-15,1.));
#8970 = ORIENTED_EDGE('',*,*,#2149,.T.);
#8971 = FACE_BOUND('',#8972,.T.);
#8972 = EDGE_LOOP('',(#8973));
#8973 = ORIENTED_EDGE('',*,*,#8930,.F.);
#8974 = PLANE('',#8975);
#8975 = AXIS2_PLACEMENT_3D('',#8976,#8977,#8978);
#8976 = CARTESIAN_POINT('',(2.069887230366E-13,-26.73174541885,
    18.707107906168));
#8977 = DIRECTION('',(-1.107545045259E-14,1.,-7.787331452228E-15));
#8978 = DIRECTION('',(-1.,-1.107545045259E-14,-1.506432264115E-16));
#8979 = ADVANCED_FACE('',(#8980),#8992,.T.);
#8980 = FACE_BOUND('',#8981,.T.);
#8981 = EDGE_LOOP('',(#8982,#8983,#8984,#8990,#8991));
#8982 = ORIENTED_EDGE('',*,*,#8420,.T.);
#8983 = ORIENTED_EDGE('',*,*,#4450,.T.);
#8984 = ORIENTED_EDGE('',*,*,#8985,.T.);
#8985 = EDGE_CURVE('',#4443,#3587,#8986,.T.);
#8986 = LINE('',#8987,#8988);
#8987 = CARTESIAN_POINT('',(-20.89884367085,26.253394419984,
    44.115609948737));
#8988 = VECTOR('',#8989,1.);
#8989 = DIRECTION('',(0.427192174235,0.639338269726,-0.639338269726));
#8990 = ORIENTED_EDGE('',*,*,#3586,.T.);
#8991 = ORIENTED_EDGE('',*,*,#3618,.T.);
#8992 = PLANE('',#8993);
#8993 = AXIS2_PLACEMENT_3D('',#8994,#8995,#8996);
#8994 = CARTESIAN_POINT('',(-30.61986513342,21.169002118758,
    33.933145453045));
#8995 = DIRECTION('',(-0.653281482438,0.707106781187,0.270598050073));
#8996 = DIRECTION('',(0.382683432365,-8.326672684689E-17,0.923879532511)
  );
#8997 = ADVANCED_FACE('',(#8998),#9062,.F.);
#8998 = FACE_BOUND('',#8999,.T.);
#8999 = EDGE_LOOP('',(#9000,#9001,#9002,#9003,#9011,#9019,#9028,#9036,
    #9045,#9053,#9059,#9060,#9061));
#9000 = ORIENTED_EDGE('',*,*,#8985,.F.);
#9001 = ORIENTED_EDGE('',*,*,#4442,.F.);
#9002 = ORIENTED_EDGE('',*,*,#4373,.F.);
#9003 = ORIENTED_EDGE('',*,*,#9004,.T.);
#9004 = EDGE_CURVE('',#4366,#9005,#9007,.T.);
#9005 = VERTEX_POINT('',#9006);
#9006 = CARTESIAN_POINT('',(-16.26142052253,19.369002118758,
    51.000002249963));
#9007 = LINE('',#9008,#9009);
#9008 = CARTESIAN_POINT('',(-15.00359618686,20.626826454428,
    49.742177914293));
#9009 = VECTOR('',#9010,1.);
#9010 = DIRECTION('',(0.57735026919,0.57735026919,-0.57735026919));
#9011 = ORIENTED_EDGE('',*,*,#9012,.T.);
#9012 = EDGE_CURVE('',#9005,#9013,#9015,.T.);
#9013 = VERTEX_POINT('',#9014);
#9014 = CARTESIAN_POINT('',(-16.26142052253,29.540574994012,
    40.828429374709));
#9015 = LINE('',#9016,#9017);
#9016 = CARTESIAN_POINT('',(-16.26142052253,25.869002118758,
    44.500002249963));
#9017 = VECTOR('',#9018,1.);
#9018 = DIRECTION('',(2.162353798307E-14,0.707106781187,-0.707106781187)
  );
#9019 = ORIENTED_EDGE('',*,*,#9020,.T.);
#9020 = EDGE_CURVE('',#9013,#9021,#9023,.T.);
#9021 = VERTEX_POINT('',#9022);
#9022 = CARTESIAN_POINT('',(-15.6756340849,30.954788556385,
    39.414215812336));
#9023 = ELLIPSE('',#9024,2.828427124746,2.);
#9024 = AXIS2_PLACEMENT_3D('',#9025,#9026,#9027);
#9025 = CARTESIAN_POINT('',(-14.26142052253,29.540574994012,
    40.828429374709));
#9026 = DIRECTION('',(-9.780830595325E-15,-0.707106781187,
    -0.707106781187));
#9027 = DIRECTION('',(2.170921601744E-14,0.707106781187,-0.707106781187)
  );
#9028 = ORIENTED_EDGE('',*,*,#9029,.F.);
#9029 = EDGE_CURVE('',#9030,#9021,#9032,.T.);
#9030 = VERTEX_POINT('',#9031);
#9031 = CARTESIAN_POINT('',(-15.59733772852,31.033084912763,
    39.335919455958));
#9032 = LINE('',#9033,#9034);
#9033 = CARTESIAN_POINT('',(-20.11771994174,26.512702699548,
    43.856301669173));
#9034 = VECTOR('',#9035,1.);
#9035 = DIRECTION('',(-0.57735026919,-0.57735026919,0.57735026919));
#9036 = ORIENTED_EDGE('',*,*,#9037,.F.);
#9037 = EDGE_CURVE('',#9038,#9030,#9040,.T.);
#9038 = VERTEX_POINT('',#9039);
#9039 = CARTESIAN_POINT('',(-16.0119984797,32.033270031027,
    38.335734337694));
#9040 = ELLIPSE('',#9041,2.001265632521,1.);
#9041 = AXIS2_PLACEMENT_3D('',#9042,#9043,#9044);
#9042 = CARTESIAN_POINT('',(-17.01199868884,31.032637514818,
    39.336366853903));
#9043 = DIRECTION('',(-9.797718192317E-15,-0.707106781187,
    -0.707106781187));
#9044 = DIRECTION('',(0.816324486281,0.408420330725,-0.408420330725));
#9045 = ORIENTED_EDGE('',*,*,#9046,.F.);
#9046 = EDGE_CURVE('',#9047,#9038,#9049,.T.);
#9047 = VERTEX_POINT('',#9048);
#9048 = CARTESIAN_POINT('',(-16.6478829329,32.03286795386,
    38.336136414861));
#9049 = LINE('',#9050,#9051);
#9050 = CARTESIAN_POINT('',(-5.094380189307,32.040173368586,
    38.328831000135));
#9051 = VECTOR('',#9052,1.);
#9052 = DIRECTION('',(0.999999600182,6.323114268611E-04,
    -6.323114268749E-04));
#9053 = ORIENTED_EDGE('',*,*,#9054,.T.);
#9054 = EDGE_CURVE('',#9047,#8824,#9055,.T.);
#9055 = LINE('',#9056,#9057);
#9056 = CARTESIAN_POINT('',(-15.73427887997,32.946472010888,
    37.422532357832));
#9057 = VECTOR('',#9058,1.);
#9058 = DIRECTION('',(-0.577350267463,-0.577350270053,0.577350270053));
#9059 = ORIENTED_EDGE('',*,*,#8823,.T.);
#9060 = ORIENTED_EDGE('',*,*,#3553,.F.);
#9061 = ORIENTED_EDGE('',*,*,#3594,.T.);
#9062 = PLANE('',#9063);
#9063 = AXIS2_PLACEMENT_3D('',#9064,#9065,#9066);
#9064 = CARTESIAN_POINT('',(-10.17403015339,23.369002118758,
    47.000002249963));
#9065 = DIRECTION('',(-9.780830595325E-15,-0.707106781187,
    -0.707106781187));
#9066 = DIRECTION('',(-1.,2.220624198067E-14,-8.374058701483E-15));
#9067 = ADVANCED_FACE('',(#9068),#9087,.F.);
#9068 = FACE_BOUND('',#9069,.F.);
#9069 = EDGE_LOOP('',(#9070,#9078,#9085,#9086));
#9070 = ORIENTED_EDGE('',*,*,#9071,.T.);
#9071 = EDGE_CURVE('',#8804,#9072,#9074,.T.);
#9072 = VERTEX_POINT('',#9073);
#9073 = CARTESIAN_POINT('',(-27.11142052253,-5.012919826409,
    5.776401678047));
#9074 = LINE('',#9075,#9076);
#9075 = CARTESIAN_POINT('',(-26.91142052253,-5.012919826409,
    5.576401678047));
#9076 = VECTOR('',#9077,1.);
#9077 = DIRECTION('',(-0.707106781187,1.561432898121E-14,0.707106781187)
  );
#9078 = ORIENTED_EDGE('',*,*,#9079,.F.);
#9079 = EDGE_CURVE('',#9072,#9072,#9080,.T.);
#9080 = CIRCLE('',#9081,14.5);
#9081 = AXIS2_PLACEMENT_3D('',#9082,#9083,#9084);
#9082 = CARTESIAN_POINT('',(-27.11142052253,-5.012919826409,
    20.276401678047));
#9083 = DIRECTION('',(-1.,2.225802007982E-14,-8.374058701483E-15));
#9084 = DIRECTION('',(-8.374058701483E-15,-1.595791882345E-31,1.));
#9085 = ORIENTED_EDGE('',*,*,#9071,.F.);
#9086 = ORIENTED_EDGE('',*,*,#8803,.F.);
#9087 = CONICAL_SURFACE('',#9088,14.7,0.785398163397);
#9088 = AXIS2_PLACEMENT_3D('',#9089,#9090,#9091);
#9089 = CARTESIAN_POINT('',(-26.91142052253,-5.012919826409,
    20.276401678047));
#9090 = DIRECTION('',(1.,-2.22044604925E-14,1.110223024625E-14));
#9091 = DIRECTION('',(-1.110223024625E-14,6.041185853294E-29,1.));
#9092 = ADVANCED_FACE('',(#9093),#9112,.F.);
#9093 = FACE_BOUND('',#9094,.F.);
#9094 = EDGE_LOOP('',(#9095,#9103,#9104,#9105));
#9095 = ORIENTED_EDGE('',*,*,#9096,.T.);
#9096 = EDGE_CURVE('',#9097,#9072,#9099,.T.);
#9097 = VERTEX_POINT('',#9098);
#9098 = CARTESIAN_POINT('',(-27.31142052253,-5.012919826409,
    5.776401678047));
#9099 = LINE('',#9100,#9101);
#9100 = CARTESIAN_POINT('',(-27.71142052253,-5.012919826409,
    5.776401678047));
#9101 = VECTOR('',#9102,1.);
#9102 = DIRECTION('',(1.,-2.294460917559E-14,8.141635513918E-15));
#9103 = ORIENTED_EDGE('',*,*,#9079,.T.);
#9104 = ORIENTED_EDGE('',*,*,#9096,.F.);
#9105 = ORIENTED_EDGE('',*,*,#9106,.T.);
#9106 = EDGE_CURVE('',#9097,#9097,#9107,.T.);
#9107 = CIRCLE('',#9108,14.5);
#9108 = AXIS2_PLACEMENT_3D('',#9109,#9110,#9111);
#9109 = CARTESIAN_POINT('',(-27.31142052253,-5.012919826409,
    20.276401678047));
#9110 = DIRECTION('',(1.,-2.293932932412E-14,8.374058699829E-15));
#9111 = DIRECTION('',(-8.374058699829E-15,-1.22715989815E-33,1.));
#9112 = CYLINDRICAL_SURFACE('',#9113,14.5);
#9113 = AXIS2_PLACEMENT_3D('',#9114,#9115,#9116);
#9114 = CARTESIAN_POINT('',(-27.71142052253,-5.012919826409,
    20.276401678047));
#9115 = DIRECTION('',(1.,-2.294460917559E-14,8.141635513918E-15));
#9116 = DIRECTION('',(-8.141635513918E-15,-5.332859164068E-30,1.));
#9117 = ADVANCED_FACE('',(#9118),#9129,.F.);
#9118 = FACE_BOUND('',#9119,.F.);
#9119 = EDGE_LOOP('',(#9120,#9126,#9127,#9128));
#9120 = ORIENTED_EDGE('',*,*,#9121,.T.);
#9121 = EDGE_CURVE('',#3663,#9097,#9122,.T.);
#9122 = LINE('',#9123,#9124);
#9123 = CARTESIAN_POINT('',(-27.51142052253,-5.012919826409,
    5.576401678047));
#9124 = VECTOR('',#9125,1.);
#9125 = DIRECTION('',(0.707106781187,-1.561432898121E-14,0.707106781187)
  );
#9126 = ORIENTED_EDGE('',*,*,#9106,.F.);
#9127 = ORIENTED_EDGE('',*,*,#9121,.F.);
#9128 = ORIENTED_EDGE('',*,*,#3662,.F.);
#9129 = CONICAL_SURFACE('',#9130,14.7,0.785398163397);
#9130 = AXIS2_PLACEMENT_3D('',#9131,#9132,#9133);
#9131 = CARTESIAN_POINT('',(-27.51142052253,-5.012919826409,
    20.276401678047));
#9132 = DIRECTION('',(-1.,2.22044604925E-14,-1.110223024625E-14));
#9133 = DIRECTION('',(-1.110223024625E-14,6.049211179043E-29,1.));
#9134 = ADVANCED_FACE('',(#9135),#9177,.F.);
#9135 = FACE_BOUND('',#9136,.T.);
#9136 = EDGE_LOOP('',(#9137,#9147,#9155,#9163,#9171));
#9137 = ORIENTED_EDGE('',*,*,#9138,.T.);
#9138 = EDGE_CURVE('',#9139,#9141,#9143,.T.);
#9139 = VERTEX_POINT('',#9140);
#9140 = CARTESIAN_POINT('',(2.185908599532,-2.2,44.400002249963));
#9141 = VERTEX_POINT('',#9142);
#9142 = CARTESIAN_POINT('',(2.185908599532,2.2,44.400002249963));
#9143 = LINE('',#9144,#9145);
#9144 = CARTESIAN_POINT('',(2.185908599532,2.2,44.400002249963));
#9145 = VECTOR('',#9146,1.);
#9146 = DIRECTION('',(-2.837850700704E-62,1.,2.682127077751E-29));
#9147 = ORIENTED_EDGE('',*,*,#9148,.T.);
#9148 = EDGE_CURVE('',#9141,#9149,#9151,.T.);
#9149 = VERTEX_POINT('',#9150);
#9150 = CARTESIAN_POINT('',(2.185908599532,2.2,44.200002249963));
#9151 = LINE('',#9152,#9153);
#9152 = CARTESIAN_POINT('',(2.185908599532,2.2,46.000002249963));
#9153 = VECTOR('',#9154,1.);
#9154 = DIRECTION('',(-1.506432264114E-16,7.787331452228E-15,-1.));
#9155 = ORIENTED_EDGE('',*,*,#9156,.T.);
#9156 = EDGE_CURVE('',#9149,#9157,#9159,.T.);
#9157 = VERTEX_POINT('',#9158);
#9158 = CARTESIAN_POINT('',(2.185908599532,4.249691451066E-27,
    44.200002249963));
#9159 = LINE('',#9160,#9161);
#9160 = CARTESIAN_POINT('',(2.185908599532,2.2,44.200002249963));
#9161 = VECTOR('',#9162,1.);
#9162 = DIRECTION('',(2.837850700704E-62,-1.,-2.682127077751E-29));
#9163 = ORIENTED_EDGE('',*,*,#9164,.T.);
#9164 = EDGE_CURVE('',#9157,#9165,#9167,.T.);
#9165 = VERTEX_POINT('',#9166);
#9166 = CARTESIAN_POINT('',(2.185908599532,-2.2,44.200002249963));
#9167 = LINE('',#9168,#9169);
#9168 = CARTESIAN_POINT('',(2.185908599532,2.2,44.200002249963));
#9169 = VECTOR('',#9170,1.);
#9170 = DIRECTION('',(2.837850700704E-62,-1.,-2.682127077751E-29));
#9171 = ORIENTED_EDGE('',*,*,#9172,.F.);
#9172 = EDGE_CURVE('',#9139,#9165,#9173,.T.);
#9173 = LINE('',#9174,#9175);
#9174 = CARTESIAN_POINT('',(2.185908599532,-2.2,46.000002249963));
#9175 = VECTOR('',#9176,1.);
#9176 = DIRECTION('',(-1.506432264114E-16,7.787331452228E-15,-1.));
#9177 = PLANE('',#9178);
#9178 = AXIS2_PLACEMENT_3D('',#9179,#9180,#9181);
#9179 = CARTESIAN_POINT('',(2.185908599532,2.2,46.000002249963));
#9180 = DIRECTION('',(1.,0.,-1.506432264114E-16));
#9181 = DIRECTION('',(-4.040442766379E-45,-1.,-2.682127077751E-29));
#9182 = ADVANCED_FACE('',(#9183),#9225,.F.);
#9183 = FACE_BOUND('',#9184,.T.);
#9184 = EDGE_LOOP('',(#9185,#9195,#9203,#9211,#9219));
#9185 = ORIENTED_EDGE('',*,*,#9186,.T.);
#9186 = EDGE_CURVE('',#9187,#9189,#9191,.T.);
#9187 = VERTEX_POINT('',#9188);
#9188 = CARTESIAN_POINT('',(-2.214091400468,2.2,44.400002249963));
#9189 = VERTEX_POINT('',#9190);
#9190 = CARTESIAN_POINT('',(-2.214091400468,-2.2,44.400002249963));
#9191 = LINE('',#9192,#9193);
#9192 = CARTESIAN_POINT('',(-2.214091400468,2.2,44.400002249963));
#9193 = VECTOR('',#9194,1.);
#9194 = DIRECTION('',(2.837850700704E-62,-1.,-2.682127077751E-29));
#9195 = ORIENTED_EDGE('',*,*,#9196,.T.);
#9196 = EDGE_CURVE('',#9189,#9197,#9199,.T.);
#9197 = VERTEX_POINT('',#9198);
#9198 = CARTESIAN_POINT('',(-2.214091400468,-2.2,44.200002249963));
#9199 = LINE('',#9200,#9201);
#9200 = CARTESIAN_POINT('',(-2.214091400468,-2.2,46.000002249963));
#9201 = VECTOR('',#9202,1.);
#9202 = DIRECTION('',(-1.506432264114E-16,7.787331452228E-15,-1.));
#9203 = ORIENTED_EDGE('',*,*,#9204,.T.);
#9204 = EDGE_CURVE('',#9197,#9205,#9207,.T.);
#9205 = VERTEX_POINT('',#9206);
#9206 = CARTESIAN_POINT('',(-2.214091400468,4.249691451066E-27,
    44.200002249963));
#9207 = LINE('',#9208,#9209);
#9208 = CARTESIAN_POINT('',(-2.214091400468,2.2,44.200002249963));
#9209 = VECTOR('',#9210,1.);
#9210 = DIRECTION('',(-2.837850700704E-62,1.,2.682127077751E-29));
#9211 = ORIENTED_EDGE('',*,*,#9212,.T.);
#9212 = EDGE_CURVE('',#9205,#9213,#9215,.T.);
#9213 = VERTEX_POINT('',#9214);
#9214 = CARTESIAN_POINT('',(-2.214091400468,2.2,44.200002249963));
#9215 = LINE('',#9216,#9217);
#9216 = CARTESIAN_POINT('',(-2.214091400468,2.2,44.200002249963));
#9217 = VECTOR('',#9218,1.);
#9218 = DIRECTION('',(-2.837850700704E-62,1.,2.682127077751E-29));
#9219 = ORIENTED_EDGE('',*,*,#9220,.F.);
#9220 = EDGE_CURVE('',#9187,#9213,#9221,.T.);
#9221 = LINE('',#9222,#9223);
#9222 = CARTESIAN_POINT('',(-2.214091400468,2.2,46.000002249963));
#9223 = VECTOR('',#9224,1.);
#9224 = DIRECTION('',(-1.506432264114E-16,7.787331452228E-15,-1.));
#9225 = PLANE('',#9226);
#9226 = AXIS2_PLACEMENT_3D('',#9227,#9228,#9229);
#9227 = CARTESIAN_POINT('',(-2.214091400468,-2.2,46.000002249963));
#9228 = DIRECTION('',(-1.,0.,1.506432264114E-16));
#9229 = DIRECTION('',(4.040442766379E-45,1.,2.682127077751E-29));
#9230 = ADVANCED_FACE('',(#9231),#9257,.T.);
#9231 = FACE_BOUND('',#9232,.T.);
#9232 = EDGE_LOOP('',(#9233,#9244,#9250,#9251));
#9233 = ORIENTED_EDGE('',*,*,#9234,.F.);
#9234 = EDGE_CURVE('',#9235,#9237,#9239,.T.);
#9235 = VERTEX_POINT('',#9236);
#9236 = CARTESIAN_POINT('',(-3.510094363033,-2.2,44.400002249963));
#9237 = VERTEX_POINT('',#9238);
#9238 = CARTESIAN_POINT('',(-3.541502976718,2.2,44.400002249963));
#9239 = CIRCLE('',#9240,4.15);
#9240 = AXIS2_PLACEMENT_3D('',#9241,#9242,#9243);
#9241 = CARTESIAN_POINT('',(-7.045700233625E-03,2.511798924383E-02,
    44.400002249963));
#9242 = DIRECTION('',(3.258831383687E-31,2.682127077751E-29,-1.));
#9243 = DIRECTION('',(1.319189207136E-16,-1.,-2.682127077751E-29));
#9244 = ORIENTED_EDGE('',*,*,#9245,.F.);
#9245 = EDGE_CURVE('',#9189,#9235,#9246,.T.);
#9246 = LINE('',#9247,#9248);
#9247 = CARTESIAN_POINT('',(1.759269315126,-2.2,44.400002249963));
#9248 = VECTOR('',#9249,1.);
#9249 = DIRECTION('',(-1.,2.537760013169E-45,-3.258831383687E-31));
#9250 = ORIENTED_EDGE('',*,*,#9186,.F.);
#9251 = ORIENTED_EDGE('',*,*,#9252,.F.);
#9252 = EDGE_CURVE('',#9237,#9187,#9253,.T.);
#9253 = LINE('',#9254,#9255);
#9254 = CARTESIAN_POINT('',(1.089431449649,2.2,44.400002249963));
#9255 = VECTOR('',#9256,1.);
#9256 = DIRECTION('',(1.,-2.537760013169E-45,3.258831383687E-31));
#9257 = PLANE('',#9258);
#9258 = AXIS2_PLACEMENT_3D('',#9259,#9260,#9261);
#9259 = CARTESIAN_POINT('',(-7.045700233625E-03,2.51179892436E-02,
    44.400002249963));
#9260 = DIRECTION('',(-3.258831383687E-31,-2.682127077751E-29,1.));
#9261 = DIRECTION('',(1.,-2.617415799082E-61,3.258831383687E-31));
#9262 = ADVANCED_FACE('',(#9263),#9282,.F.);
#9263 = FACE_BOUND('',#9264,.T.);
#9264 = EDGE_LOOP('',(#9265,#9275));
#9265 = ORIENTED_EDGE('',*,*,#9266,.T.);
#9266 = EDGE_CURVE('',#9267,#9269,#9271,.T.);
#9267 = VERTEX_POINT('',#9268);
#9268 = CARTESIAN_POINT('',(3.496002962566,-2.2,44.600002249963));
#9269 = VERTEX_POINT('',#9270);
#9270 = CARTESIAN_POINT('',(-3.510094363033,-2.2,44.600002249963));
#9271 = LINE('',#9272,#9273);
#9272 = CARTESIAN_POINT('',(-1.945568550351,-2.2,44.600002249963));
#9273 = VECTOR('',#9274,1.);
#9274 = DIRECTION('',(-1.,1.045990817608E-58,-1.343559869124E-44));
#9275 = ORIENTED_EDGE('',*,*,#9276,.T.);
#9276 = EDGE_CURVE('',#9269,#9267,#9277,.T.);
#9277 = CIRCLE('',#9278,4.15);
#9278 = AXIS2_PLACEMENT_3D('',#9279,#9280,#9281);
#9279 = CARTESIAN_POINT('',(-7.045700233625E-03,2.511798924383E-02,
    44.600002249963));
#9280 = DIRECTION('',(-1.343559869124E-44,0.,1.));
#9281 = DIRECTION('',(1.319189207136E-16,-1.,1.77240967849E-60));
#9282 = PLANE('',#9283);
#9283 = AXIS2_PLACEMENT_3D('',#9284,#9285,#9286);
#9284 = CARTESIAN_POINT('',(-1.677045700234,3.365117989244,
    44.600002249963));
#9285 = DIRECTION('',(1.343559869124E-44,3.812822316032E-106,-1.));
#9286 = DIRECTION('',(-1.,-3.087862470812E-30,-1.343559869124E-44));
#9287 = ADVANCED_FACE('',(#9288),#9328,.F.);
#9288 = FACE_BOUND('',#9289,.T.);
#9289 = EDGE_LOOP('',(#9290,#9291,#9299,#9305,#9306,#9314,#9320,#9321,
    #9322));
#9290 = ORIENTED_EDGE('',*,*,#9266,.F.);
#9291 = ORIENTED_EDGE('',*,*,#9292,.T.);
#9292 = EDGE_CURVE('',#9267,#9293,#9295,.T.);
#9293 = VERTEX_POINT('',#9294);
#9294 = CARTESIAN_POINT('',(3.496002962566,-2.2,44.400002249963));
#9295 = LINE('',#9296,#9297);
#9296 = CARTESIAN_POINT('',(3.496002962566,-2.2,52.000002249963));
#9297 = VECTOR('',#9298,1.);
#9298 = DIRECTION('',(1.343559869124E-44,-6.956697612885E-61,-1.));
#9299 = ORIENTED_EDGE('',*,*,#9300,.T.);
#9300 = EDGE_CURVE('',#9293,#9139,#9301,.T.);
#9301 = LINE('',#9302,#9303);
#9302 = CARTESIAN_POINT('',(1.759269315126,-2.2,44.400002249963));
#9303 = VECTOR('',#9304,1.);
#9304 = DIRECTION('',(-1.,2.537760013169E-45,-3.258831383687E-31));
#9305 = ORIENTED_EDGE('',*,*,#9172,.T.);
#9306 = ORIENTED_EDGE('',*,*,#9307,.T.);
#9307 = EDGE_CURVE('',#9165,#9308,#9310,.T.);
#9308 = VERTEX_POINT('',#9309);
#9309 = CARTESIAN_POINT('',(-1.409140046753E-02,-2.2,44.200002250699));
#9310 = LINE('',#9311,#9312);
#9311 = CARTESIAN_POINT('',(1.759269315126,-2.2,44.200002249963));
#9312 = VECTOR('',#9313,1.);
#9313 = DIRECTION('',(-1.,-1.173108735099E-30,1.506432264114E-16));
#9314 = ORIENTED_EDGE('',*,*,#9315,.T.);
#9315 = EDGE_CURVE('',#9308,#9197,#9316,.T.);
#9316 = LINE('',#9317,#9318);
#9317 = CARTESIAN_POINT('',(1.759269315126,-2.2,44.200002249963));
#9318 = VECTOR('',#9319,1.);
#9319 = DIRECTION('',(-1.,-1.173108735099E-30,1.506432264114E-16));
#9320 = ORIENTED_EDGE('',*,*,#9196,.F.);
#9321 = ORIENTED_EDGE('',*,*,#9245,.T.);
#9322 = ORIENTED_EDGE('',*,*,#9323,.T.);
#9323 = EDGE_CURVE('',#9235,#9269,#9324,.T.);
#9324 = LINE('',#9325,#9326);
#9325 = CARTESIAN_POINT('',(-3.510094363033,-2.2,52.000002249963));
#9326 = VECTOR('',#9327,1.);
#9327 = DIRECTION('',(-1.343559869124E-44,6.956697612885E-61,1.));
#9328 = PLANE('',#9329);
#9329 = AXIS2_PLACEMENT_3D('',#9330,#9331,#9332);
#9330 = CARTESIAN_POINT('',(3.525584330486,-2.2,46.000005262866));
#9331 = DIRECTION('',(0.,-1.,-7.787331452228E-15));
#9332 = DIRECTION('',(-1.,2.453526074498E-45,-3.150663471241E-31));
#9333 = ADVANCED_FACE('',(#9334),#9353,.T.);
#9334 = FACE_BOUND('',#9335,.T.);
#9335 = EDGE_LOOP('',(#9336,#9344,#9345,#9346));
#9336 = ORIENTED_EDGE('',*,*,#9337,.F.);
#9337 = EDGE_CURVE('',#9141,#9338,#9340,.T.);
#9338 = VERTEX_POINT('',#9339);
#9339 = CARTESIAN_POINT('',(3.52741157625,2.2,44.400002249963));
#9340 = LINE('',#9341,#9342);
#9341 = CARTESIAN_POINT('',(1.089431449649,2.2,44.400002249963));
#9342 = VECTOR('',#9343,1.);
#9343 = DIRECTION('',(1.,-2.537760013169E-45,3.258831383687E-31));
#9344 = ORIENTED_EDGE('',*,*,#9138,.F.);
#9345 = ORIENTED_EDGE('',*,*,#9300,.F.);
#9346 = ORIENTED_EDGE('',*,*,#9347,.F.);
#9347 = EDGE_CURVE('',#9338,#9293,#9348,.T.);
#9348 = CIRCLE('',#9349,4.15);
#9349 = AXIS2_PLACEMENT_3D('',#9350,#9351,#9352);
#9350 = CARTESIAN_POINT('',(-7.045700233625E-03,2.511798924383E-02,
    44.400002249963));
#9351 = DIRECTION('',(3.258831383687E-31,2.682127077751E-29,-1.));
#9352 = DIRECTION('',(1.319189207136E-16,-1.,-2.682127077751E-29));
#9353 = PLANE('',#9354);
#9354 = AXIS2_PLACEMENT_3D('',#9355,#9356,#9357);
#9355 = CARTESIAN_POINT('',(-7.045700233625E-03,2.51179892436E-02,
    44.400002249963));
#9356 = DIRECTION('',(-3.258831383687E-31,-2.682127077751E-29,1.));
#9357 = DIRECTION('',(1.,-2.617415799082E-61,3.258831383687E-31));
#9358 = ADVANCED_FACE('',(#9359),#9401,.F.);
#9359 = FACE_BOUND('',#9360,.T.);
#9360 = EDGE_LOOP('',(#9361,#9371,#9377,#9378,#9379,#9387,#9393,#9394,
    #9395));
#9361 = ORIENTED_EDGE('',*,*,#9362,.F.);
#9362 = EDGE_CURVE('',#9363,#9365,#9367,.T.);
#9363 = VERTEX_POINT('',#9364);
#9364 = CARTESIAN_POINT('',(-3.541502976718,2.2,44.600002249963));
#9365 = VERTEX_POINT('',#9366);
#9366 = CARTESIAN_POINT('',(3.52741157625,2.2,44.600002249963));
#9367 = LINE('',#9368,#9369);
#9368 = CARTESIAN_POINT('',(-1.945568550351,2.2,44.600002249963));
#9369 = VECTOR('',#9370,1.);
#9370 = DIRECTION('',(1.,-1.045990817608E-58,1.343559869124E-44));
#9371 = ORIENTED_EDGE('',*,*,#9372,.T.);
#9372 = EDGE_CURVE('',#9363,#9237,#9373,.T.);
#9373 = LINE('',#9374,#9375);
#9374 = CARTESIAN_POINT('',(-3.541502976718,2.2,52.000002249963));
#9375 = VECTOR('',#9376,1.);
#9376 = DIRECTION('',(1.343559869124E-44,-6.956697612885E-61,-1.));
#9377 = ORIENTED_EDGE('',*,*,#9252,.T.);
#9378 = ORIENTED_EDGE('',*,*,#9220,.T.);
#9379 = ORIENTED_EDGE('',*,*,#9380,.T.);
#9380 = EDGE_CURVE('',#9213,#9381,#9383,.T.);
#9381 = VERTEX_POINT('',#9382);
#9382 = CARTESIAN_POINT('',(-1.409140046753E-02,2.2,44.200002250699));
#9383 = LINE('',#9384,#9385);
#9384 = CARTESIAN_POINT('',(1.089431449649,2.2,44.200002249963));
#9385 = VECTOR('',#9386,1.);
#9386 = DIRECTION('',(1.,1.173108735099E-30,-1.506432264114E-16));
#9387 = ORIENTED_EDGE('',*,*,#9388,.T.);
#9388 = EDGE_CURVE('',#9381,#9149,#9389,.T.);
#9389 = LINE('',#9390,#9391);
#9390 = CARTESIAN_POINT('',(1.089431449649,2.2,44.200002249963));
#9391 = VECTOR('',#9392,1.);
#9392 = DIRECTION('',(1.,1.173108735099E-30,-1.506432264114E-16));
#9393 = ORIENTED_EDGE('',*,*,#9148,.F.);
#9394 = ORIENTED_EDGE('',*,*,#9337,.T.);
#9395 = ORIENTED_EDGE('',*,*,#9396,.T.);
#9396 = EDGE_CURVE('',#9338,#9365,#9397,.T.);
#9397 = LINE('',#9398,#9399);
#9398 = CARTESIAN_POINT('',(3.52741157625,2.2,52.000002249963));
#9399 = VECTOR('',#9400,1.);
#9400 = DIRECTION('',(-1.343559869124E-44,6.956697612885E-61,1.));
#9401 = PLANE('',#9402);
#9402 = AXIS2_PLACEMENT_3D('',#9403,#9404,#9405);
#9403 = CARTESIAN_POINT('',(2.185908599532,2.2,46.000005262866));
#9404 = DIRECTION('',(0.,1.,7.787331452228E-15));
#9405 = DIRECTION('',(1.,-2.453526074498E-45,3.150663471241E-31));
#9406 = ADVANCED_FACE('',(#9407),#9426,.F.);
#9407 = FACE_BOUND('',#9408,.T.);
#9408 = EDGE_LOOP('',(#9409,#9410,#9419));
#9409 = ORIENTED_EDGE('',*,*,#9362,.T.);
#9410 = ORIENTED_EDGE('',*,*,#9411,.T.);
#9411 = EDGE_CURVE('',#9365,#9412,#9414,.T.);
#9412 = VERTEX_POINT('',#9413);
#9413 = CARTESIAN_POINT('',(-7.045700233625E-03,4.175117989244,
    44.600002249963));
#9414 = CIRCLE('',#9415,4.15);
#9415 = AXIS2_PLACEMENT_3D('',#9416,#9417,#9418);
#9416 = CARTESIAN_POINT('',(-7.045700233625E-03,2.511798924383E-02,
    44.600002249963));
#9417 = DIRECTION('',(-1.343559869124E-44,0.,1.));
#9418 = DIRECTION('',(1.319189207136E-16,-1.,1.77240967849E-60));
#9419 = ORIENTED_EDGE('',*,*,#9420,.T.);
#9420 = EDGE_CURVE('',#9412,#9363,#9421,.T.);
#9421 = CIRCLE('',#9422,4.15);
#9422 = AXIS2_PLACEMENT_3D('',#9423,#9424,#9425);
#9423 = CARTESIAN_POINT('',(-7.045700233625E-03,2.511798924383E-02,
    44.600002249963));
#9424 = DIRECTION('',(-1.343559869124E-44,0.,1.));
#9425 = DIRECTION('',(1.319189207136E-16,-1.,1.77240967849E-60));
#9426 = PLANE('',#9427);
#9427 = AXIS2_PLACEMENT_3D('',#9428,#9429,#9430);
#9428 = CARTESIAN_POINT('',(-1.677045700234,3.365117989244,
    44.600002249963));
#9429 = DIRECTION('',(1.343559869124E-44,3.812822316032E-106,-1.));
#9430 = DIRECTION('',(-1.,-3.087862470812E-30,-1.343559869124E-44));
#9431 = ADVANCED_FACE('',(#9432),#9443,.T.);
#9432 = FACE_BOUND('',#9433,.T.);
#9433 = EDGE_LOOP('',(#9434));
#9434 = ORIENTED_EDGE('',*,*,#9435,.F.);
#9435 = EDGE_CURVE('',#9436,#9436,#9438,.T.);
#9436 = VERTEX_POINT('',#9437);
#9437 = CARTESIAN_POINT('',(13.94229152763,-7.158765928242,
    47.000002249963));
#9438 = CIRCLE('',#9439,2.35);
#9439 = AXIS2_PLACEMENT_3D('',#9440,#9441,#9442);
#9440 = CARTESIAN_POINT('',(11.59229152763,-7.158765928242,
    47.000002249963));
#9441 = DIRECTION('',(-3.248455128664E-32,7.17522190943E-61,-1.));
#9442 = DIRECTION('',(-1.,3.786532345061E-29,3.248455128664E-32));
#9443 = PLANE('',#9444);
#9444 = AXIS2_PLACEMENT_3D('',#9445,#9446,#9447);
#9445 = CARTESIAN_POINT('',(-1.,2.025735131137,47.000002249963));
#9446 = DIRECTION('',(3.248455128664E-32,-7.17522190943E-61,1.));
#9447 = DIRECTION('',(-1.,3.786532345061E-29,3.248455128664E-32));
#9448 = ADVANCED_FACE('',(#9449),#9460,.F.);
#9449 = FACE_BOUND('',#9450,.T.);
#9450 = EDGE_LOOP('',(#9451,#9458,#9459));
#9451 = ORIENTED_EDGE('',*,*,#9452,.F.);
#9452 = EDGE_CURVE('',#9381,#9205,#9453,.T.);
#9453 = CIRCLE('',#9454,2.2);
#9454 = AXIS2_PLACEMENT_3D('',#9455,#9456,#9457);
#9455 = CARTESIAN_POINT('',(-1.409140046753E-02,4.249691451066E-27,
    44.200002249963));
#9456 = DIRECTION('',(1.506432264114E-16,-7.787331452228E-15,1.));
#9457 = DIRECTION('',(1.,-2.225802007982E-14,-1.506432264116E-16));
#9458 = ORIENTED_EDGE('',*,*,#9380,.F.);
#9459 = ORIENTED_EDGE('',*,*,#9212,.F.);
#9460 = PLANE('',#9461);
#9461 = AXIS2_PLACEMENT_3D('',#9462,#9463,#9464);
#9462 = CARTESIAN_POINT('',(-7.045700233625E-03,2.51179892436E-02,
    44.200002249963));
#9463 = DIRECTION('',(-1.506432264114E-16,7.787331452228E-15,-1.));
#9464 = DIRECTION('',(-2.584044089815E-14,-1.,-7.787331452228E-15));
#9465 = ADVANCED_FACE('',(#9466),#9477,.F.);
#9466 = FACE_BOUND('',#9467,.T.);
#9467 = EDGE_LOOP('',(#9468,#9475,#9476));
#9468 = ORIENTED_EDGE('',*,*,#9469,.F.);
#9469 = EDGE_CURVE('',#9157,#9381,#9470,.T.);
#9470 = CIRCLE('',#9471,2.2);
#9471 = AXIS2_PLACEMENT_3D('',#9472,#9473,#9474);
#9472 = CARTESIAN_POINT('',(-1.409140046753E-02,4.249691451066E-27,
    44.200002249963));
#9473 = DIRECTION('',(1.506432264114E-16,-7.787331452228E-15,1.));
#9474 = DIRECTION('',(1.,-2.225802007982E-14,-1.506432264116E-16));
#9475 = ORIENTED_EDGE('',*,*,#9156,.F.);
#9476 = ORIENTED_EDGE('',*,*,#9388,.F.);
#9477 = PLANE('',#9478);
#9478 = AXIS2_PLACEMENT_3D('',#9479,#9480,#9481);
#9479 = CARTESIAN_POINT('',(-7.045700233625E-03,2.51179892436E-02,
    44.200002249963));
#9480 = DIRECTION('',(-1.506432264114E-16,7.787331452228E-15,-1.));
#9481 = DIRECTION('',(-2.584044089815E-14,-1.,-7.787331452228E-15));
#9482 = ADVANCED_FACE('',(#9483),#9494,.F.);
#9483 = FACE_BOUND('',#9484,.T.);
#9484 = EDGE_LOOP('',(#9485,#9492,#9493));
#9485 = ORIENTED_EDGE('',*,*,#9486,.F.);
#9486 = EDGE_CURVE('',#9308,#9157,#9487,.T.);
#9487 = CIRCLE('',#9488,2.2);
#9488 = AXIS2_PLACEMENT_3D('',#9489,#9490,#9491);
#9489 = CARTESIAN_POINT('',(-1.409140046753E-02,4.249691451066E-27,
    44.200002249963));
#9490 = DIRECTION('',(1.506432264114E-16,-7.787331452228E-15,1.));
#9491 = DIRECTION('',(1.,-2.225802007982E-14,-1.506432264116E-16));
#9492 = ORIENTED_EDGE('',*,*,#9307,.F.);
#9493 = ORIENTED_EDGE('',*,*,#9164,.F.);
#9494 = PLANE('',#9495);
#9495 = AXIS2_PLACEMENT_3D('',#9496,#9497,#9498);
#9496 = CARTESIAN_POINT('',(-7.045700233625E-03,2.51179892436E-02,
    44.200002249963));
#9497 = DIRECTION('',(-1.506432264114E-16,7.787331452228E-15,-1.));
#9498 = DIRECTION('',(-2.584044089815E-14,-1.,-7.787331452228E-15));
#9499 = ADVANCED_FACE('',(#9500),#9511,.F.);
#9500 = FACE_BOUND('',#9501,.T.);
#9501 = EDGE_LOOP('',(#9502,#9509,#9510));
#9502 = ORIENTED_EDGE('',*,*,#9503,.F.);
#9503 = EDGE_CURVE('',#9205,#9308,#9504,.T.);
#9504 = CIRCLE('',#9505,2.2);
#9505 = AXIS2_PLACEMENT_3D('',#9506,#9507,#9508);
#9506 = CARTESIAN_POINT('',(-1.409140046753E-02,4.249691451066E-27,
    44.200002249963));
#9507 = DIRECTION('',(1.506432264114E-16,-7.787331452228E-15,1.));
#9508 = DIRECTION('',(1.,-2.225802007982E-14,-1.506432264116E-16));
#9509 = ORIENTED_EDGE('',*,*,#9204,.F.);
#9510 = ORIENTED_EDGE('',*,*,#9315,.F.);
#9511 = PLANE('',#9512);
#9512 = AXIS2_PLACEMENT_3D('',#9513,#9514,#9515);
#9513 = CARTESIAN_POINT('',(-7.045700233625E-03,2.51179892436E-02,
    44.200002249963));
#9514 = DIRECTION('',(-1.506432264114E-16,7.787331452228E-15,-1.));
#9515 = DIRECTION('',(-2.584044089815E-14,-1.,-7.787331452228E-15));
#9516 = ADVANCED_FACE('',(#9517),#9553,.F.);
#9517 = FACE_BOUND('',#9518,.T.);
#9518 = EDGE_LOOP('',(#9519,#9529,#9538,#9546));
#9519 = ORIENTED_EDGE('',*,*,#9520,.F.);
#9520 = EDGE_CURVE('',#9521,#9523,#9525,.T.);
#9521 = VERTEX_POINT('',#9522);
#9522 = CARTESIAN_POINT('',(16.647329122067,11.552726889646,
    44.000002249963));
#9523 = VERTEX_POINT('',#9524);
#9524 = CARTESIAN_POINT('',(16.647329122067,13.607656213125,
    44.000002249963));
#9525 = LINE('',#9526,#9527);
#9526 = CARTESIAN_POINT('',(16.647329122067,21.934501059379,
    44.000002249963));
#9527 = VECTOR('',#9528,1.);
#9528 = DIRECTION('',(5.177809915847E-17,1.,-3.94129173742E-15));
#9529 = ORIENTED_EDGE('',*,*,#9530,.F.);
#9530 = EDGE_CURVE('',#9531,#9521,#9533,.T.);
#9531 = VERTEX_POINT('',#9532);
#9532 = CARTESIAN_POINT('',(16.647329122067,19.447273110354,
    44.000002249963));
#9533 = CIRCLE('',#9534,4.);
#9534 = AXIS2_PLACEMENT_3D('',#9535,#9536,#9537);
#9535 = CARTESIAN_POINT('',(16.,15.5,44.000002249963));
#9536 = DIRECTION('',(-4.134764639105E-15,-3.94129173742E-15,-1.));
#9537 = DIRECTION('',(8.465450562779E-16,1.,-3.94129173742E-15));
#9538 = ORIENTED_EDGE('',*,*,#9539,.F.);
#9539 = EDGE_CURVE('',#9540,#9531,#9542,.T.);
#9540 = VERTEX_POINT('',#9541);
#9541 = CARTESIAN_POINT('',(16.647329122067,17.392343786875,
    44.000002249963));
#9542 = LINE('',#9543,#9544);
#9543 = CARTESIAN_POINT('',(16.647329122067,21.934501059379,
    44.000002249963));
#9544 = VECTOR('',#9545,1.);
#9545 = DIRECTION('',(5.177809915847E-17,1.,-3.94129173742E-15));
#9546 = ORIENTED_EDGE('',*,*,#9547,.F.);
#9547 = EDGE_CURVE('',#9523,#9540,#9548,.T.);
#9548 = CIRCLE('',#9549,2.);
#9549 = AXIS2_PLACEMENT_3D('',#9550,#9551,#9552);
#9550 = CARTESIAN_POINT('',(16.,15.5,44.000002249963));
#9551 = DIRECTION('',(4.134764639105E-15,3.94129173742E-15,1.));
#9552 = DIRECTION('',(1.,-8.465450562779E-16,-4.134764639105E-15));
#9553 = PLANE('',#9554);
#9554 = AXIS2_PLACEMENT_3D('',#9555,#9556,#9557);
#9555 = CARTESIAN_POINT('',(16.,15.5,44.000002249963));
#9556 = DIRECTION('',(-4.134764639105E-15,-3.94129173742E-15,-1.));
#9557 = DIRECTION('',(8.465450562779E-16,1.,-3.94129173742E-15));
#9558 = ADVANCED_FACE('',(#9559),#9621,.F.);
#9559 = FACE_BOUND('',#9560,.F.);
#9560 = EDGE_LOOP('',(#9561,#9570,#9571,#9580,#9588,#9597,#9606,#9615));
#9561 = ORIENTED_EDGE('',*,*,#9562,.T.);
#9562 = EDGE_CURVE('',#9563,#9521,#9565,.T.);
#9563 = VERTEX_POINT('',#9564);
#9564 = CARTESIAN_POINT('',(16.644827742449,11.552317492177,
    43.997500870345));
#9565 = ELLIPSE('',#9566,5.656854249492,4.);
#9566 = AXIS2_PLACEMENT_3D('',#9567,#9568,#9569);
#9567 = CARTESIAN_POINT('',(16.,15.5,43.352673127896));
#9568 = DIRECTION('',(-0.707106781187,2.823526759196E-15,0.707106781187)
  );
#9569 = DIRECTION('',(0.707106781187,2.18831636429E-15,0.707106781187));
#9570 = ORIENTED_EDGE('',*,*,#9530,.F.);
#9571 = ORIENTED_EDGE('',*,*,#9572,.T.);
#9572 = EDGE_CURVE('',#9531,#9573,#9575,.T.);
#9573 = VERTEX_POINT('',#9574);
#9574 = CARTESIAN_POINT('',(16.644827742449,19.447682507822,
    43.997500870345));
#9575 = ELLIPSE('',#9576,5.656854249492,4.);
#9576 = AXIS2_PLACEMENT_3D('',#9577,#9578,#9579);
#9577 = CARTESIAN_POINT('',(16.,15.5,43.352673127896));
#9578 = DIRECTION('',(-0.707106781187,2.823526759196E-15,0.707106781187)
  );
#9579 = DIRECTION('',(0.707106781187,2.18831636429E-15,0.707106781187));
#9580 = ORIENTED_EDGE('',*,*,#9581,.T.);
#9581 = EDGE_CURVE('',#9573,#9582,#9584,.T.);
#9582 = VERTEX_POINT('',#9583);
#9583 = CARTESIAN_POINT('',(16.644827742449,19.447682507822,
    48.002503629581));
#9584 = LINE('',#9585,#9586);
#9585 = CARTESIAN_POINT('',(16.644827742449,19.447682507822,
    46.000002249963));
#9586 = VECTOR('',#9587,1.);
#9587 = DIRECTION('',(4.134764639105E-15,3.94129173742E-15,1.));
#9588 = ORIENTED_EDGE('',*,*,#9589,.T.);
#9589 = EDGE_CURVE('',#9582,#9590,#9592,.T.);
#9590 = VERTEX_POINT('',#9591);
#9591 = CARTESIAN_POINT('',(16.647329122067,19.447273110354,
    48.000002249963));
#9592 = ELLIPSE('',#9593,5.656854249492,4.);
#9593 = AXIS2_PLACEMENT_3D('',#9594,#9595,#9596);
#9594 = CARTESIAN_POINT('',(16.,15.5,48.64733137203));
#9595 = DIRECTION('',(-0.707106781187,-2.750301469132E-15,
    -0.707106781187));
#9596 = DIRECTION('',(0.707106781187,-3.385511864039E-15,-0.707106781187
    ));
#9597 = ORIENTED_EDGE('',*,*,#9598,.F.);
#9598 = EDGE_CURVE('',#9599,#9590,#9601,.T.);
#9599 = VERTEX_POINT('',#9600);
#9600 = CARTESIAN_POINT('',(16.647329122067,11.552726889646,
    48.000002249963));
#9601 = CIRCLE('',#9602,4.);
#9602 = AXIS2_PLACEMENT_3D('',#9603,#9604,#9605);
#9603 = CARTESIAN_POINT('',(16.,15.5,48.000002249963));
#9604 = DIRECTION('',(4.134764639105E-15,3.94129173742E-15,1.));
#9605 = DIRECTION('',(8.465450562779E-16,1.,-3.94129173742E-15));
#9606 = ORIENTED_EDGE('',*,*,#9607,.T.);
#9607 = EDGE_CURVE('',#9599,#9608,#9610,.T.);
#9608 = VERTEX_POINT('',#9609);
#9609 = CARTESIAN_POINT('',(16.644827742449,11.552317492177,
    48.002503629581));
#9610 = ELLIPSE('',#9611,5.656854249492,4.);
#9611 = AXIS2_PLACEMENT_3D('',#9612,#9613,#9614);
#9612 = CARTESIAN_POINT('',(16.,15.5,48.64733137203));
#9613 = DIRECTION('',(-0.707106781187,-2.750301469133E-15,
    -0.707106781187));
#9614 = DIRECTION('',(0.707106781187,-3.385511864038E-15,-0.707106781187
    ));
#9615 = ORIENTED_EDGE('',*,*,#9616,.T.);
#9616 = EDGE_CURVE('',#9608,#9563,#9617,.T.);
#9617 = LINE('',#9618,#9619);
#9618 = CARTESIAN_POINT('',(16.644827742449,11.552317492177,
    46.000002249963));
#9619 = VECTOR('',#9620,1.);
#9620 = DIRECTION('',(-4.134764639105E-15,-3.94129173742E-15,-1.));
#9621 = CYLINDRICAL_SURFACE('',#9622,4.);
#9622 = AXIS2_PLACEMENT_3D('',#9623,#9624,#9625);
#9623 = CARTESIAN_POINT('',(16.,15.5,46.000002249963));
#9624 = DIRECTION('',(-4.134764639105E-15,-3.94129173742E-15,-1.));
#9625 = DIRECTION('',(8.465450562779E-16,1.,-3.94129173742E-15));
#9626 = ADVANCED_FACE('',(#9627),#9653,.F.);
#9627 = FACE_BOUND('',#9628,.T.);
#9628 = EDGE_LOOP('',(#9629,#9637,#9646,#9652));
#9629 = ORIENTED_EDGE('',*,*,#9630,.F.);
#9630 = EDGE_CURVE('',#9631,#9599,#9633,.T.);
#9631 = VERTEX_POINT('',#9632);
#9632 = CARTESIAN_POINT('',(16.647329122067,13.607656213125,
    48.000002249963));
#9633 = LINE('',#9634,#9635);
#9634 = CARTESIAN_POINT('',(16.647329122067,21.934501059379,
    48.000002249963));
#9635 = VECTOR('',#9636,1.);
#9636 = DIRECTION('',(-5.177809915847E-17,-1.,3.94129173742E-15));
#9637 = ORIENTED_EDGE('',*,*,#9638,.F.);
#9638 = EDGE_CURVE('',#9639,#9631,#9641,.T.);
#9639 = VERTEX_POINT('',#9640);
#9640 = CARTESIAN_POINT('',(16.647329122067,17.392343786875,
    48.000002249963));
#9641 = CIRCLE('',#9642,2.);
#9642 = AXIS2_PLACEMENT_3D('',#9643,#9644,#9645);
#9643 = CARTESIAN_POINT('',(16.,15.5,48.000002249963));
#9644 = DIRECTION('',(-4.134764639105E-15,-3.94129173742E-15,-1.));
#9645 = DIRECTION('',(1.,-8.465450562779E-16,-4.134764639105E-15));
#9646 = ORIENTED_EDGE('',*,*,#9647,.F.);
#9647 = EDGE_CURVE('',#9590,#9639,#9648,.T.);
#9648 = LINE('',#9649,#9650);
#9649 = CARTESIAN_POINT('',(16.647329122067,21.934501059379,
    48.000002249963));
#9650 = VECTOR('',#9651,1.);
#9651 = DIRECTION('',(-5.177809915847E-17,-1.,3.94129173742E-15));
#9652 = ORIENTED_EDGE('',*,*,#9598,.F.);
#9653 = PLANE('',#9654);
#9654 = AXIS2_PLACEMENT_3D('',#9655,#9656,#9657);
#9655 = CARTESIAN_POINT('',(16.,15.5,48.000002249963));
#9656 = DIRECTION('',(4.134764639105E-15,3.94129173742E-15,1.));
#9657 = DIRECTION('',(-8.465450562779E-16,-1.,3.94129173742E-15));
#9658 = ADVANCED_FACE('',(#9659),#9711,.T.);
#9659 = FACE_BOUND('',#9660,.T.);
#9660 = EDGE_LOOP('',(#9661,#9671,#9678,#9679,#9688,#9696,#9703,#9704));
#9661 = ORIENTED_EDGE('',*,*,#9662,.F.);
#9662 = EDGE_CURVE('',#9663,#9665,#9667,.T.);
#9663 = VERTEX_POINT('',#9664);
#9664 = CARTESIAN_POINT('',(16.637322536198,13.604262680419,
    43.989995664094));
#9665 = VERTEX_POINT('',#9666);
#9666 = CARTESIAN_POINT('',(16.637322536198,13.604262680419,
    48.010008835831));
#9667 = LINE('',#9668,#9669);
#9668 = CARTESIAN_POINT('',(16.637322536198,13.604262680419,
    46.000002249963));
#9669 = VECTOR('',#9670,1.);
#9670 = DIRECTION('',(4.134764639105E-15,3.94129173742E-15,1.));
#9671 = ORIENTED_EDGE('',*,*,#9672,.F.);
#9672 = EDGE_CURVE('',#9523,#9663,#9673,.T.);
#9673 = ELLIPSE('',#9674,2.828427124746,2.);
#9674 = AXIS2_PLACEMENT_3D('',#9675,#9676,#9677);
#9675 = CARTESIAN_POINT('',(16.,15.5,43.352673127896));
#9676 = DIRECTION('',(0.707106781187,-2.823526759196E-15,-0.707106781187
    ));
#9677 = DIRECTION('',(0.707106781187,2.18831636429E-15,0.707106781187));
#9678 = ORIENTED_EDGE('',*,*,#9547,.T.);
#9679 = ORIENTED_EDGE('',*,*,#9680,.F.);
#9680 = EDGE_CURVE('',#9681,#9540,#9683,.T.);
#9681 = VERTEX_POINT('',#9682);
#9682 = CARTESIAN_POINT('',(16.637322536198,17.395737319581,
    43.989995664094));
#9683 = ELLIPSE('',#9684,2.828427124746,2.);
#9684 = AXIS2_PLACEMENT_3D('',#9685,#9686,#9687);
#9685 = CARTESIAN_POINT('',(16.,15.5,43.352673127896));
#9686 = DIRECTION('',(0.707106781187,-2.823526759196E-15,-0.707106781187
    ));
#9687 = DIRECTION('',(0.707106781187,2.18831636429E-15,0.707106781187));
#9688 = ORIENTED_EDGE('',*,*,#9689,.F.);
#9689 = EDGE_CURVE('',#9690,#9681,#9692,.T.);
#9690 = VERTEX_POINT('',#9691);
#9691 = CARTESIAN_POINT('',(16.637322536198,17.395737319581,
    48.010008835831));
#9692 = LINE('',#9693,#9694);
#9693 = CARTESIAN_POINT('',(16.637322536198,17.395737319581,
    46.000002249963));
#9694 = VECTOR('',#9695,1.);
#9695 = DIRECTION('',(-4.134764639105E-15,-3.94129173742E-15,-1.));
#9696 = ORIENTED_EDGE('',*,*,#9697,.F.);
#9697 = EDGE_CURVE('',#9639,#9690,#9698,.T.);
#9698 = ELLIPSE('',#9699,2.828427124746,2.);
#9699 = AXIS2_PLACEMENT_3D('',#9700,#9701,#9702);
#9700 = CARTESIAN_POINT('',(16.,15.5,48.64733137203));
#9701 = DIRECTION('',(0.707106781187,2.750301469132E-15,0.707106781187)
  );
#9702 = DIRECTION('',(0.707106781187,-3.385511864039E-15,-0.707106781187
    ));
#9703 = ORIENTED_EDGE('',*,*,#9638,.T.);
#9704 = ORIENTED_EDGE('',*,*,#9705,.F.);
#9705 = EDGE_CURVE('',#9665,#9631,#9706,.T.);
#9706 = ELLIPSE('',#9707,2.828427124746,2.);
#9707 = AXIS2_PLACEMENT_3D('',#9708,#9709,#9710);
#9708 = CARTESIAN_POINT('',(16.,15.5,48.64733137203));
#9709 = DIRECTION('',(0.707106781187,2.750301469133E-15,0.707106781187)
  );
#9710 = DIRECTION('',(0.707106781187,-3.385511864038E-15,-0.707106781187
    ));
#9711 = CYLINDRICAL_SURFACE('',#9712,2.);
#9712 = AXIS2_PLACEMENT_3D('',#9713,#9714,#9715);
#9713 = CARTESIAN_POINT('',(16.,15.5,46.000002249963));
#9714 = DIRECTION('',(-4.134764639105E-15,-3.94129173742E-15,-1.));
#9715 = DIRECTION('',(1.,-8.465450562779E-16,-4.134764639105E-15));
#9716 = ADVANCED_FACE('',(#9717),#9800,.F.);
#9717 = FACE_BOUND('',#9718,.F.);
#9718 = EDGE_LOOP('',(#9719,#9720,#9721,#9722,#9723,#9724,#9725,#9726,
    #9727,#9728,#9729,#9730,#9731,#9732,#9733,#9734,#9735,#9736,#9737,
    #9738,#9739,#9740,#9741,#9742,#9743,#9744,#9750,#9751,#9752,#9753,
    #9754,#9755,#9756,#9757,#9758,#9759,#9760,#9761,#9762,#9763,#9764,
    #9765,#9766,#9767,#9768,#9769,#9770,#9771,#9772,#9773,#9774,#9775,
    #9776,#9777,#9778,#9779,#9780,#9781,#9782,#9783,#9784,#9785,#9786,
    #9787,#9788,#9789,#9790,#9791,#9792,#9793,#9794,#9795,#9796,#9797,
    #9798,#9799));
#9719 = ORIENTED_EDGE('',*,*,#7760,.F.);
#9720 = ORIENTED_EDGE('',*,*,#4677,.F.);
#9721 = ORIENTED_EDGE('',*,*,#8231,.F.);
#9722 = ORIENTED_EDGE('',*,*,#6584,.T.);
#9723 = ORIENTED_EDGE('',*,*,#7800,.F.);
#9724 = ORIENTED_EDGE('',*,*,#4888,.F.);
#9725 = ORIENTED_EDGE('',*,*,#8219,.F.);
#9726 = ORIENTED_EDGE('',*,*,#6545,.F.);
#9727 = ORIENTED_EDGE('',*,*,#8007,.F.);
#9728 = ORIENTED_EDGE('',*,*,#5099,.F.);
#9729 = ORIENTED_EDGE('',*,*,#8207,.F.);
#9730 = ORIENTED_EDGE('',*,*,#6506,.F.);
#9731 = ORIENTED_EDGE('',*,*,#8027,.F.);
#9732 = ORIENTED_EDGE('',*,*,#5310,.F.);
#9733 = ORIENTED_EDGE('',*,*,#8195,.F.);
#9734 = ORIENTED_EDGE('',*,*,#6467,.T.);
#9735 = ORIENTED_EDGE('',*,*,#7860,.F.);
#9736 = ORIENTED_EDGE('',*,*,#5521,.F.);
#9737 = ORIENTED_EDGE('',*,*,#8183,.F.);
#9738 = ORIENTED_EDGE('',*,*,#6428,.T.);
#9739 = ORIENTED_EDGE('',*,*,#7840,.F.);
#9740 = ORIENTED_EDGE('',*,*,#5732,.F.);
#9741 = ORIENTED_EDGE('',*,*,#8171,.F.);
#9742 = ORIENTED_EDGE('',*,*,#6389,.T.);
#9743 = ORIENTED_EDGE('',*,*,#7731,.F.);
#9744 = ORIENTED_EDGE('',*,*,#9745,.T.);
#9745 = EDGE_CURVE('',#7732,#9412,#9746,.T.);
#9746 = LINE('',#9747,#9748);
#9747 = CARTESIAN_POINT('',(-7.045700233625E-03,4.175117989244,
    52.000002249963));
#9748 = VECTOR('',#9749,1.);
#9749 = DIRECTION('',(1.343559869124E-44,-6.956697612885E-61,-1.));
#9750 = ORIENTED_EDGE('',*,*,#9420,.T.);
#9751 = ORIENTED_EDGE('',*,*,#9372,.T.);
#9752 = ORIENTED_EDGE('',*,*,#9234,.F.);
#9753 = ORIENTED_EDGE('',*,*,#9323,.T.);
#9754 = ORIENTED_EDGE('',*,*,#9276,.T.);
#9755 = ORIENTED_EDGE('',*,*,#9292,.T.);
#9756 = ORIENTED_EDGE('',*,*,#9347,.F.);
#9757 = ORIENTED_EDGE('',*,*,#9396,.T.);
#9758 = ORIENTED_EDGE('',*,*,#9411,.T.);
#9759 = ORIENTED_EDGE('',*,*,#9745,.F.);
#9760 = ORIENTED_EDGE('',*,*,#7740,.F.);
#9761 = ORIENTED_EDGE('',*,*,#5952,.F.);
#9762 = ORIENTED_EDGE('',*,*,#8150,.F.);
#9763 = ORIENTED_EDGE('',*,*,#6350,.T.);
#9764 = ORIENTED_EDGE('',*,*,#7880,.F.);
#9765 = ORIENTED_EDGE('',*,*,#6115,.F.);
#9766 = ORIENTED_EDGE('',*,*,#8138,.F.);
#9767 = ORIENTED_EDGE('',*,*,#6139,.F.);
#9768 = ORIENTED_EDGE('',*,*,#7982,.F.);
#9769 = ORIENTED_EDGE('',*,*,#7569,.F.);
#9770 = ORIENTED_EDGE('',*,*,#8126,.F.);
#9771 = ORIENTED_EDGE('',*,*,#7479,.T.);
#9772 = ORIENTED_EDGE('',*,*,#7711,.F.);
#9773 = ORIENTED_EDGE('',*,*,#5872,.F.);
#9774 = ORIENTED_EDGE('',*,*,#8114,.F.);
#9775 = ORIENTED_EDGE('',*,*,#7440,.T.);
#9776 = ORIENTED_EDGE('',*,*,#7689,.F.);
#9777 = ORIENTED_EDGE('',*,*,#5652,.F.);
#9778 = ORIENTED_EDGE('',*,*,#8102,.F.);
#9779 = ORIENTED_EDGE('',*,*,#7271,.F.);
#9780 = ORIENTED_EDGE('',*,*,#7943,.F.);
#9781 = ORIENTED_EDGE('',*,*,#5441,.F.);
#9782 = ORIENTED_EDGE('',*,*,#8090,.F.);
#9783 = ORIENTED_EDGE('',*,*,#6806,.T.);
#9784 = ORIENTED_EDGE('',*,*,#7900,.F.);
#9785 = ORIENTED_EDGE('',*,*,#5230,.F.);
#9786 = ORIENTED_EDGE('',*,*,#8078,.F.);
#9787 = ORIENTED_EDGE('',*,*,#6760,.F.);
#9788 = ORIENTED_EDGE('',*,*,#7823,.F.);
#9789 = ORIENTED_EDGE('',*,*,#5019,.F.);
#9790 = ORIENTED_EDGE('',*,*,#8066,.F.);
#9791 = ORIENTED_EDGE('',*,*,#6712,.F.);
#9792 = ORIENTED_EDGE('',*,*,#7783,.F.);
#9793 = ORIENTED_EDGE('',*,*,#4808,.F.);
#9794 = ORIENTED_EDGE('',*,*,#8054,.F.);
#9795 = ORIENTED_EDGE('',*,*,#6664,.F.);
#9796 = ORIENTED_EDGE('',*,*,#7923,.F.);
#9797 = ORIENTED_EDGE('',*,*,#4597,.F.);
#9798 = ORIENTED_EDGE('',*,*,#8042,.F.);
#9799 = ORIENTED_EDGE('',*,*,#6623,.T.);
#9800 = CYLINDRICAL_SURFACE('',#9801,4.15);
#9801 = AXIS2_PLACEMENT_3D('',#9802,#9803,#9804);
#9802 = CARTESIAN_POINT('',(-7.045700233625E-03,2.511798924383E-02,
    52.000002249963));
#9803 = DIRECTION('',(1.343559869124E-44,-6.956697612885E-61,-1.));
#9804 = DIRECTION('',(1.319189207136E-16,-1.,2.468079439779E-60));
#9805 = ADVANCED_FACE('',(#9806),#9842,.F.);
#9806 = FACE_BOUND('',#9807,.F.);
#9807 = EDGE_LOOP('',(#9808,#9818,#9827,#9835));
#9808 = ORIENTED_EDGE('',*,*,#9809,.F.);
#9809 = EDGE_CURVE('',#9810,#9812,#9814,.T.);
#9810 = VERTEX_POINT('',#9811);
#9811 = CARTESIAN_POINT('',(2.70242562035,-7.140918515035,
    47.000002249963));
#9812 = VERTEX_POINT('',#9813);
#9813 = CARTESIAN_POINT('',(2.70242562035,-7.140918515035,
    51.000002249963));
#9814 = LINE('',#9815,#9816);
#9815 = CARTESIAN_POINT('',(2.70242562035,-7.140918515035,
    52.000002249963));
#9816 = VECTOR('',#9817,1.);
#9817 = DIRECTION('',(0.,0.,1.));
#9818 = ORIENTED_EDGE('',*,*,#9819,.T.);
#9819 = EDGE_CURVE('',#9810,#9820,#9822,.T.);
#9820 = VERTEX_POINT('',#9821);
#9821 = CARTESIAN_POINT('',(1.5,-9.999865452339,47.000002249963));
#9822 = CIRCLE('',#9823,4.);
#9823 = AXIS2_PLACEMENT_3D('',#9824,#9825,#9826);
#9824 = CARTESIAN_POINT('',(5.5,-9.999865452339,47.000002249963));
#9825 = DIRECTION('',(0.,0.,1.));
#9826 = DIRECTION('',(-0.921789996396,0.387689569815,0.));
#9827 = ORIENTED_EDGE('',*,*,#9828,.F.);
#9828 = EDGE_CURVE('',#9829,#9820,#9831,.T.);
#9829 = VERTEX_POINT('',#9830);
#9830 = CARTESIAN_POINT('',(1.5,-9.999865452339,51.000002249963));
#9831 = LINE('',#9832,#9833);
#9832 = CARTESIAN_POINT('',(1.5,-9.999865452339,52.000002249963));
#9833 = VECTOR('',#9834,1.);
#9834 = DIRECTION('',(0.,0.,-1.));
#9835 = ORIENTED_EDGE('',*,*,#9836,.T.);
#9836 = EDGE_CURVE('',#9829,#9812,#9837,.T.);
#9837 = CIRCLE('',#9838,4.);
#9838 = AXIS2_PLACEMENT_3D('',#9839,#9840,#9841);
#9839 = CARTESIAN_POINT('',(5.5,-9.999865452339,51.000002249963));
#9840 = DIRECTION('',(0.,0.,-1.));
#9841 = DIRECTION('',(-0.921789996396,0.387689569815,0.));
#9842 = CYLINDRICAL_SURFACE('',#9843,4.);
#9843 = AXIS2_PLACEMENT_3D('',#9844,#9845,#9846);
#9844 = CARTESIAN_POINT('',(5.5,-9.999865452339,52.000002249963));
#9845 = DIRECTION('',(0.,0.,-1.));
#9846 = DIRECTION('',(-0.921789996396,0.387689569815,0.));
#9847 = ADVANCED_FACE('',(#9848),#9873,.F.);
#9848 = FACE_BOUND('',#9849,.T.);
#9849 = EDGE_LOOP('',(#9850,#9858,#9866,#9872));
#9850 = ORIENTED_EDGE('',*,*,#9851,.F.);
#9851 = EDGE_CURVE('',#9852,#9829,#9854,.T.);
#9852 = VERTEX_POINT('',#9853);
#9853 = CARTESIAN_POINT('',(1.5,-14.31753185648,51.000002249963));
#9854 = LINE('',#9855,#9856);
#9855 = CARTESIAN_POINT('',(1.5,-7.014709223985,51.000002249963));
#9856 = VECTOR('',#9857,1.);
#9857 = DIRECTION('',(0.,1.,0.));
#9858 = ORIENTED_EDGE('',*,*,#9859,.T.);
#9859 = EDGE_CURVE('',#9852,#9860,#9862,.T.);
#9860 = VERTEX_POINT('',#9861);
#9861 = CARTESIAN_POINT('',(1.5,-14.31753185648,47.000002249963));
#9862 = LINE('',#9863,#9864);
#9863 = CARTESIAN_POINT('',(1.5,-14.31753185648,52.000002249963));
#9864 = VECTOR('',#9865,1.);
#9865 = DIRECTION('',(0.,0.,-1.));
#9866 = ORIENTED_EDGE('',*,*,#9867,.T.);
#9867 = EDGE_CURVE('',#9860,#9820,#9868,.T.);
#9868 = LINE('',#9869,#9870);
#9869 = CARTESIAN_POINT('',(1.5,-8.317531856483,47.000002249963));
#9870 = VECTOR('',#9871,1.);
#9871 = DIRECTION('',(0.,1.,0.));
#9872 = ORIENTED_EDGE('',*,*,#9828,.F.);
#9873 = PLANE('',#9874);
#9874 = AXIS2_PLACEMENT_3D('',#9875,#9876,#9877);
#9875 = CARTESIAN_POINT('',(1.5,-13.31753185648,52.000002249963));
#9876 = DIRECTION('',(-1.,0.,0.));
#9877 = DIRECTION('',(0.,1.,0.));
#9878 = ADVANCED_FACE('',(#9879),#9904,.F.);
#9879 = FACE_BOUND('',#9880,.T.);
#9880 = EDGE_LOOP('',(#9881,#9889,#9897,#9903));
#9881 = ORIENTED_EDGE('',*,*,#9882,.F.);
#9882 = EDGE_CURVE('',#9883,#9852,#9885,.T.);
#9883 = VERTEX_POINT('',#9884);
#9884 = CARTESIAN_POINT('',(6.5,-14.31753185648,51.000002249963));
#9885 = LINE('',#9886,#9887);
#9886 = CARTESIAN_POINT('',(3.286274191891,-14.31753185648,
    51.000002249963));
#9887 = VECTOR('',#9888,1.);
#9888 = DIRECTION('',(-1.,0.,0.));
#9889 = ORIENTED_EDGE('',*,*,#9890,.F.);
#9890 = EDGE_CURVE('',#9891,#9883,#9893,.T.);
#9891 = VERTEX_POINT('',#9892);
#9892 = CARTESIAN_POINT('',(6.5,-14.31753185648,47.000002249963));
#9893 = LINE('',#9894,#9895);
#9894 = CARTESIAN_POINT('',(6.5,-14.31753185648,52.000002249963));
#9895 = VECTOR('',#9896,1.);
#9896 = DIRECTION('',(0.,0.,1.));
#9897 = ORIENTED_EDGE('',*,*,#9898,.F.);
#9898 = EDGE_CURVE('',#9860,#9891,#9899,.T.);
#9899 = LINE('',#9900,#9901);
#9900 = CARTESIAN_POINT('',(3.25,-14.31753185648,47.000002249963));
#9901 = VECTOR('',#9902,1.);
#9902 = DIRECTION('',(1.,0.,0.));
#9903 = ORIENTED_EDGE('',*,*,#9859,.F.);
#9904 = PLANE('',#9905);
#9905 = AXIS2_PLACEMENT_3D('',#9906,#9907,#9908);
#9906 = CARTESIAN_POINT('',(6.5,-14.31753185648,52.000002249963));
#9907 = DIRECTION('',(0.,-1.,0.));
#9908 = DIRECTION('',(-1.,0.,0.));
#9909 = ADVANCED_FACE('',(#9910),#9935,.F.);
#9910 = FACE_BOUND('',#9911,.T.);
#9911 = EDGE_LOOP('',(#9912,#9920,#9928,#9934));
#9912 = ORIENTED_EDGE('',*,*,#9913,.F.);
#9913 = EDGE_CURVE('',#9914,#9883,#9916,.T.);
#9914 = VERTEX_POINT('',#9915);
#9915 = CARTESIAN_POINT('',(6.5,-8.653793248281,51.000002249963));
#9916 = LINE('',#9917,#9918);
#9917 = CARTESIAN_POINT('',(6.5,-4.514709223985,51.000002249963));
#9918 = VECTOR('',#9919,1.);
#9919 = DIRECTION('',(0.,-1.,0.));
#9920 = ORIENTED_EDGE('',*,*,#9921,.F.);
#9921 = EDGE_CURVE('',#9922,#9914,#9924,.T.);
#9922 = VERTEX_POINT('',#9923);
#9923 = CARTESIAN_POINT('',(6.5,-8.653793248281,47.000002249963));
#9924 = LINE('',#9925,#9926);
#9925 = CARTESIAN_POINT('',(6.5,-8.653793248281,52.000002249963));
#9926 = VECTOR('',#9927,1.);
#9927 = DIRECTION('',(0.,0.,1.));
#9928 = ORIENTED_EDGE('',*,*,#9929,.T.);
#9929 = EDGE_CURVE('',#9922,#9891,#9930,.T.);
#9930 = LINE('',#9931,#9932);
#9931 = CARTESIAN_POINT('',(6.5,-13.31753185648,47.000002249963));
#9932 = VECTOR('',#9933,1.);
#9933 = DIRECTION('',(0.,-1.,0.));
#9934 = ORIENTED_EDGE('',*,*,#9890,.T.);
#9935 = PLANE('',#9936);
#9936 = AXIS2_PLACEMENT_3D('',#9937,#9938,#9939);
#9937 = CARTESIAN_POINT('',(6.5,-8.317531856483,52.000002249963));
#9938 = DIRECTION('',(1.,0.,0.));
#9939 = DIRECTION('',(0.,-1.,0.));
#9940 = ADVANCED_FACE('',(#9941),#9968,.T.);
#9941 = FACE_BOUND('',#9942,.T.);
#9942 = EDGE_LOOP('',(#9943,#9952,#9960,#9967));
#9943 = ORIENTED_EDGE('',*,*,#9944,.F.);
#9944 = EDGE_CURVE('',#9945,#9914,#9947,.T.);
#9945 = VERTEX_POINT('',#9946);
#9946 = CARTESIAN_POINT('',(7.743684000296,-5.755048328531,
    51.000002249963));
#9947 = CIRCLE('',#9948,4.);
#9948 = AXIS2_PLACEMENT_3D('',#9949,#9950,#9951);
#9949 = CARTESIAN_POINT('',(10.5,-8.653793248281,51.000002249963));
#9950 = DIRECTION('',(0.,0.,1.));
#9951 = DIRECTION('',(-0.918988302408,0.394284795594,0.));
#9952 = ORIENTED_EDGE('',*,*,#9953,.T.);
#9953 = EDGE_CURVE('',#9945,#9954,#9956,.T.);
#9954 = VERTEX_POINT('',#9955);
#9955 = CARTESIAN_POINT('',(7.743684000296,-5.755048328531,
    47.000002249963));
#9956 = LINE('',#9957,#9958);
#9957 = CARTESIAN_POINT('',(7.743684000296,-5.755048328531,
    52.000002249963));
#9958 = VECTOR('',#9959,1.);
#9959 = DIRECTION('',(0.,0.,-1.));
#9960 = ORIENTED_EDGE('',*,*,#9961,.F.);
#9961 = EDGE_CURVE('',#9922,#9954,#9962,.T.);
#9962 = CIRCLE('',#9963,4.);
#9963 = AXIS2_PLACEMENT_3D('',#9964,#9965,#9966);
#9964 = CARTESIAN_POINT('',(10.5,-8.653793248281,47.000002249963));
#9965 = DIRECTION('',(0.,0.,-1.));
#9966 = DIRECTION('',(-0.918988302408,0.394284795594,0.));
#9967 = ORIENTED_EDGE('',*,*,#9921,.T.);
#9968 = CYLINDRICAL_SURFACE('',#9969,4.);
#9969 = AXIS2_PLACEMENT_3D('',#9970,#9971,#9972);
#9970 = CARTESIAN_POINT('',(10.5,-8.653793248281,52.000002249963));
#9971 = DIRECTION('',(0.,0.,1.));
#9972 = DIRECTION('',(-0.918988302408,0.394284795594,0.));
#9973 = ADVANCED_FACE('',(#9974),#9993,.F.);
#9974 = FACE_BOUND('',#9975,.F.);
#9975 = EDGE_LOOP('',(#9976,#9984,#9985,#9986));
#9976 = ORIENTED_EDGE('',*,*,#9977,.T.);
#9977 = EDGE_CURVE('',#9978,#9436,#9980,.T.);
#9978 = VERTEX_POINT('',#9979);
#9979 = CARTESIAN_POINT('',(13.94229152763,-7.158765928242,
    51.600002249963));
#9980 = LINE('',#9981,#9982);
#9981 = CARTESIAN_POINT('',(13.94229152763,-7.158765928242,
    52.000002249963));
#9982 = VECTOR('',#9983,1.);
#9983 = DIRECTION('',(-3.248455128664E-32,7.17522190943E-61,-1.));
#9984 = ORIENTED_EDGE('',*,*,#9435,.F.);
#9985 = ORIENTED_EDGE('',*,*,#9977,.F.);
#9986 = ORIENTED_EDGE('',*,*,#9987,.T.);
#9987 = EDGE_CURVE('',#9978,#9978,#9988,.T.);
#9988 = CIRCLE('',#9989,2.35);
#9989 = AXIS2_PLACEMENT_3D('',#9990,#9991,#9992);
#9990 = CARTESIAN_POINT('',(11.59229152763,-7.158765928242,
    51.600002249963));
#9991 = DIRECTION('',(-3.248455128664E-32,7.17522190943E-61,-1.));
#9992 = DIRECTION('',(-1.,3.786532345061E-29,3.248455128664E-32));
#9993 = CYLINDRICAL_SURFACE('',#9994,2.35);
#9994 = AXIS2_PLACEMENT_3D('',#9995,#9996,#9997);
#9995 = CARTESIAN_POINT('',(11.59229152763,-7.158765928242,
    52.000002249963));
#9996 = DIRECTION('',(-3.248455128664E-32,7.17522190943E-61,-1.));
#9997 = DIRECTION('',(-1.,3.786532345061E-29,3.248455128664E-32));
#9998 = ADVANCED_FACE('',(#9999),#10024,.F.);
#9999 = FACE_BOUND('',#10000,.T.);
#10000 = EDGE_LOOP('',(#10001,#10009,#10017,#10023));
#10001 = ORIENTED_EDGE('',*,*,#10002,.F.);
#10002 = EDGE_CURVE('',#10003,#9945,#10005,.T.);
#10003 = VERTEX_POINT('',#10004);
#10004 = CARTESIAN_POINT('',(10.904457783909,-2.749578170787,
    51.000002249963));
#10005 = LINE('',#10006,#10007);
#10006 = CARTESIAN_POINT('',(10.395833319399,-3.233211532183,
    51.000002249963));
#10007 = VECTOR('',#10008,1.);
#10008 = DIRECTION('',(-0.724686229937,-0.689078999926,0.));
#10009 = ORIENTED_EDGE('',*,*,#10010,.F.);
#10010 = EDGE_CURVE('',#10011,#10003,#10013,.T.);
#10011 = VERTEX_POINT('',#10012);
#10012 = CARTESIAN_POINT('',(10.904457783909,-2.749578170787,
    47.000002249963));
#10013 = LINE('',#10014,#10015);
#10014 = CARTESIAN_POINT('',(10.904457783909,-2.749578170787,
    52.000002249963));
#10015 = VECTOR('',#10016,1.);
#10016 = DIRECTION('',(0.,0.,1.));
#10017 = ORIENTED_EDGE('',*,*,#10018,.F.);
#10018 = EDGE_CURVE('',#9954,#10011,#10019,.T.);
#10019 = LINE('',#10020,#10021);
#10020 = CARTESIAN_POINT('',(10.311271793621,-3.313618153986,
    47.000002249963));
#10021 = VECTOR('',#10022,1.);
#10022 = DIRECTION('',(0.724686229937,0.689078999926,0.));
#10023 = ORIENTED_EDGE('',*,*,#9953,.F.);
#10024 = PLANE('',#10025);
#10025 = AXIS2_PLACEMENT_3D('',#10026,#10027,#10028);
#10026 = CARTESIAN_POINT('',(14.558250122141,0.724686229937,
    52.000002249963));
#10027 = DIRECTION('',(0.689078999926,-0.724686229937,0.));
#10028 = DIRECTION('',(-0.724686229937,-0.689078999926,0.));
#10029 = ADVANCED_FACE('',(#10030),#10048,.T.);
#10030 = FACE_BOUND('',#10031,.T.);
#10031 = EDGE_LOOP('',(#10032,#10039,#10040,#10047));
#10032 = ORIENTED_EDGE('',*,*,#10033,.F.);
#10033 = EDGE_CURVE('',#8637,#10003,#10034,.T.);
#10034 = CIRCLE('',#10035,8.);
#10035 = AXIS2_PLACEMENT_3D('',#10036,#10037,#10038);
#10036 = CARTESIAN_POINT('',(16.417089783318,-8.547068010286,
    51.000002249963));
#10037 = DIRECTION('',(0.,0.,1.));
#10038 = DIRECTION('',(-0.539769306325,0.841812981576,0.));
#10039 = ORIENTED_EDGE('',*,*,#8636,.T.);
#10040 = ORIENTED_EDGE('',*,*,#10041,.F.);
#10041 = EDGE_CURVE('',#10011,#8629,#10042,.T.);
#10042 = CIRCLE('',#10043,8.);
#10043 = AXIS2_PLACEMENT_3D('',#10044,#10045,#10046);
#10044 = CARTESIAN_POINT('',(16.417089783318,-8.547068010286,
    47.000002249963));
#10045 = DIRECTION('',(0.,0.,-1.));
#10046 = DIRECTION('',(-0.539769306325,0.841812981576,0.));
#10047 = ORIENTED_EDGE('',*,*,#10010,.T.);
#10048 = CYLINDRICAL_SURFACE('',#10049,8.);
#10049 = AXIS2_PLACEMENT_3D('',#10050,#10051,#10052);
#10050 = CARTESIAN_POINT('',(16.417089783318,-8.547068010286,
    52.000002249963));
#10051 = DIRECTION('',(0.,0.,1.));
#10052 = DIRECTION('',(-0.539769306325,0.841812981576,0.));
#10053 = ADVANCED_FACE('',(#10054),#10076,.F.);
#10054 = FACE_BOUND('',#10055,.F.);
#10055 = EDGE_LOOP('',(#10056,#10064,#10065,#10066,#10067,#10068,#10069)
  );
#10056 = ORIENTED_EDGE('',*,*,#10057,.T.);
#10057 = EDGE_CURVE('',#10058,#9205,#10060,.T.);
#10058 = VERTEX_POINT('',#10059);
#10059 = CARTESIAN_POINT('',(-2.214091400468,4.86982218798E-14,
    43.400002249963));
#10060 = LINE('',#10061,#10062);
#10061 = CARTESIAN_POINT('',(-2.214091400468,4.86982218798E-14,
    45.600002249963));
#10062 = VECTOR('',#10063,1.);
#10063 = DIRECTION('',(-8.374058701483E-15,9.319498336361E-29,1.));
#10064 = ORIENTED_EDGE('',*,*,#9452,.F.);
#10065 = ORIENTED_EDGE('',*,*,#9469,.F.);
#10066 = ORIENTED_EDGE('',*,*,#9486,.F.);
#10067 = ORIENTED_EDGE('',*,*,#9503,.F.);
#10068 = ORIENTED_EDGE('',*,*,#10057,.F.);
#10069 = ORIENTED_EDGE('',*,*,#10070,.T.);
#10070 = EDGE_CURVE('',#10058,#10058,#10071,.T.);
#10071 = CIRCLE('',#10072,2.2);
#10072 = AXIS2_PLACEMENT_3D('',#10073,#10074,#10075);
#10073 = CARTESIAN_POINT('',(-1.409140046752E-02,4.13785747103E-27,
    43.400002249963));
#10074 = DIRECTION('',(0.,0.,1.));
#10075 = DIRECTION('',(1.,-2.225802007982E-14,0.));
#10076 = CYLINDRICAL_SURFACE('',#10077,2.2);
#10077 = AXIS2_PLACEMENT_3D('',#10078,#10079,#10080);
#10078 = CARTESIAN_POINT('',(-1.409140046753E-02,4.249691451066E-27,
    45.600002249963));
#10079 = DIRECTION('',(-8.374058701483E-15,9.319498336361E-29,1.));
#10080 = DIRECTION('',(1.,-2.225802007982E-14,8.374058701483E-15));
#10081 = ADVANCED_FACE('',(#10082),#10100,.F.);
#10082 = FACE_BOUND('',#10083,.T.);
#10083 = EDGE_LOOP('',(#10084,#10085,#10091,#10092,#10093,#10094,#10095,
    #10096,#10097,#10098,#10099));
#10084 = ORIENTED_EDGE('',*,*,#8581,.F.);
#10085 = ORIENTED_EDGE('',*,*,#10086,.F.);
#10086 = EDGE_CURVE('',#9810,#8574,#10087,.T.);
#10087 = LINE('',#10088,#10089);
#10088 = CARTESIAN_POINT('',(10.,-4.017029434964E-16,47.000002249963));
#10089 = VECTOR('',#10090,1.);
#10090 = DIRECTION('',(0.714736734326,0.699393594913,0.));
#10091 = ORIENTED_EDGE('',*,*,#9819,.T.);
#10092 = ORIENTED_EDGE('',*,*,#9867,.F.);
#10093 = ORIENTED_EDGE('',*,*,#9898,.T.);
#10094 = ORIENTED_EDGE('',*,*,#9929,.F.);
#10095 = ORIENTED_EDGE('',*,*,#9961,.T.);
#10096 = ORIENTED_EDGE('',*,*,#10018,.T.);
#10097 = ORIENTED_EDGE('',*,*,#10041,.T.);
#10098 = ORIENTED_EDGE('',*,*,#8628,.F.);
#10099 = ORIENTED_EDGE('',*,*,#8606,.F.);
#10100 = PLANE('',#10101);
#10101 = AXIS2_PLACEMENT_3D('',#10102,#10103,#10104);
#10102 = CARTESIAN_POINT('',(0.,-0.974264868863,47.000002249963));
#10103 = DIRECTION('',(0.,0.,-1.));
#10104 = DIRECTION('',(-1.,0.,0.));
#10105 = ADVANCED_FACE('',(#10106),#10117,.F.);
#10106 = FACE_BOUND('',#10107,.T.);
#10107 = EDGE_LOOP('',(#10108,#10114,#10115,#10116));
#10108 = ORIENTED_EDGE('',*,*,#10109,.F.);
#10109 = EDGE_CURVE('',#9812,#8565,#10110,.T.);
#10110 = LINE('',#10111,#10112);
#10111 = CARTESIAN_POINT('',(3.036357871922,-6.814154733816,
    51.000002249963));
#10112 = VECTOR('',#10113,1.);
#10113 = DIRECTION('',(0.714736734326,0.699393594913,0.));
#10114 = ORIENTED_EDGE('',*,*,#9809,.F.);
#10115 = ORIENTED_EDGE('',*,*,#10086,.T.);
#10116 = ORIENTED_EDGE('',*,*,#8573,.F.);
#10117 = PLANE('',#10118);
#10118 = AXIS2_PLACEMENT_3D('',#10119,#10120,#10121);
#10119 = CARTESIAN_POINT('',(1.5,-8.317531856483,52.000002249963));
#10120 = DIRECTION('',(-0.699393594913,0.714736734326,0.));
#10121 = DIRECTION('',(0.714736734326,0.699393594913,0.));
#10122 = ADVANCED_FACE('',(#10123),#10159,.F.);
#10123 = FACE_BOUND('',#10124,.T.);
#10124 = EDGE_LOOP('',(#10125,#10135,#10144,#10152));
#10125 = ORIENTED_EDGE('',*,*,#10126,.F.);
#10126 = EDGE_CURVE('',#10127,#10129,#10131,.T.);
#10127 = VERTEX_POINT('',#10128);
#10128 = CARTESIAN_POINT('',(-16.66142052253,19.47329725812,
    44.000002249963));
#10129 = VERTEX_POINT('',#10130);
#10130 = CARTESIAN_POINT('',(-16.66142052253,17.446044989558,
    44.000002249963));
#10131 = LINE('',#10132,#10133);
#10132 = CARTESIAN_POINT('',(-16.66142052253,21.934501059379,
    44.000002249963));
#10133 = VECTOR('',#10134,1.);
#10134 = DIRECTION('',(-2.220624198067E-14,-1.,8.215650382229E-15));
#10135 = ORIENTED_EDGE('',*,*,#10136,.F.);
#10136 = EDGE_CURVE('',#10137,#10127,#10139,.T.);
#10137 = VERTEX_POINT('',#10138);
#10138 = CARTESIAN_POINT('',(-16.66142052253,11.52670274188,
    44.000002249963));
#10139 = CIRCLE('',#10140,4.);
#10140 = AXIS2_PLACEMENT_3D('',#10141,#10142,#10143);
#10141 = CARTESIAN_POINT('',(-16.2,15.5,44.000002249963));
#10142 = DIRECTION('',(-4.134764639105E-15,-8.215650382229E-15,-1.));
#10143 = DIRECTION('',(8.465450562779E-16,1.,-8.215650382229E-15));
#10144 = ORIENTED_EDGE('',*,*,#10145,.F.);
#10145 = EDGE_CURVE('',#10146,#10137,#10148,.T.);
#10146 = VERTEX_POINT('',#10147);
#10147 = CARTESIAN_POINT('',(-16.66142052253,13.553955010442,
    44.000002249963));
#10148 = LINE('',#10149,#10150);
#10149 = CARTESIAN_POINT('',(-16.66142052253,21.934501059379,
    44.000002249963));
#10150 = VECTOR('',#10151,1.);
#10151 = DIRECTION('',(-2.220624198067E-14,-1.,8.215650382229E-15));
#10152 = ORIENTED_EDGE('',*,*,#10153,.F.);
#10153 = EDGE_CURVE('',#10129,#10146,#10154,.T.);
#10154 = CIRCLE('',#10155,2.);
#10155 = AXIS2_PLACEMENT_3D('',#10156,#10157,#10158);
#10156 = CARTESIAN_POINT('',(-16.2,15.5,44.000002249963));
#10157 = DIRECTION('',(4.134764639105E-15,8.215650382229E-15,1.));
#10158 = DIRECTION('',(1.,-8.465450562779E-16,-4.134764639105E-15));
#10159 = PLANE('',#10160);
#10160 = AXIS2_PLACEMENT_3D('',#10161,#10162,#10163);
#10161 = CARTESIAN_POINT('',(-16.2,15.5,44.000002249963));
#10162 = DIRECTION('',(-4.134764639105E-15,-8.215650382229E-15,-1.));
#10163 = DIRECTION('',(8.465450562779E-16,1.,-8.215650382229E-15));
#10164 = ADVANCED_FACE('',(#10165),#10227,.T.);
#10165 = FACE_BOUND('',#10166,.T.);
#10166 = EDGE_LOOP('',(#10167,#10177,#10184,#10185,#10194,#10202,#10211,
    #10220));
#10167 = ORIENTED_EDGE('',*,*,#10168,.F.);
#10168 = EDGE_CURVE('',#10169,#10171,#10173,.T.);
#10169 = VERTEX_POINT('',#10170);
#10170 = CARTESIAN_POINT('',(-16.65799936411,17.446852994571,
    43.996581091544));
#10171 = VERTEX_POINT('',#10172);
#10172 = CARTESIAN_POINT('',(-16.65799936411,17.446852994571,
    48.003423408383));
#10173 = LINE('',#10174,#10175);
#10174 = CARTESIAN_POINT('',(-16.65799936411,17.446852994571,
    46.000002249963));
#10175 = VECTOR('',#10176,1.);
#10176 = DIRECTION('',(4.134764639105E-15,8.215650382229E-15,1.));
#10177 = ORIENTED_EDGE('',*,*,#10178,.F.);
#10178 = EDGE_CURVE('',#10129,#10169,#10179,.T.);
#10179 = ELLIPSE('',#10180,2.828427124746,2.);
#10180 = AXIS2_PLACEMENT_3D('',#10181,#10182,#10183);
#10181 = CARTESIAN_POINT('',(-16.2,15.5,43.538581727429));
#10182 = DIRECTION('',(-0.707106781187,9.892842192066E-15,
    -0.707106781187));
#10183 = DIRECTION('',(0.707106781187,-6.407939847006E-15,
    -0.707106781187));
#10184 = ORIENTED_EDGE('',*,*,#10153,.T.);
#10185 = ORIENTED_EDGE('',*,*,#10186,.F.);
#10186 = EDGE_CURVE('',#10187,#10146,#10189,.T.);
#10187 = VERTEX_POINT('',#10188);
#10188 = CARTESIAN_POINT('',(-16.65799936411,13.553147005429,
    43.996581091544));
#10189 = ELLIPSE('',#10190,2.828427124746,2.);
#10190 = AXIS2_PLACEMENT_3D('',#10191,#10192,#10193);
#10191 = CARTESIAN_POINT('',(-16.2,15.5,43.538581727429));
#10192 = DIRECTION('',(-0.707106781187,9.892842192066E-15,
    -0.707106781187));
#10193 = DIRECTION('',(0.707106781187,-6.407939847006E-15,
    -0.707106781187));
#10194 = ORIENTED_EDGE('',*,*,#10195,.F.);
#10195 = EDGE_CURVE('',#10196,#10187,#10198,.T.);
#10196 = VERTEX_POINT('',#10197);
#10197 = CARTESIAN_POINT('',(-16.65799936411,13.553147005429,
    48.003423408383));
#10198 = LINE('',#10199,#10200);
#10199 = CARTESIAN_POINT('',(-16.65799936411,13.553147005429,
    46.000002249963));
#10200 = VECTOR('',#10201,1.);
#10201 = DIRECTION('',(-4.134764639105E-15,-8.215650382229E-15,-1.));
#10202 = ORIENTED_EDGE('',*,*,#10203,.F.);
#10203 = EDGE_CURVE('',#10204,#10196,#10206,.T.);
#10204 = VERTEX_POINT('',#10205);
#10205 = CARTESIAN_POINT('',(-16.66142052253,13.553955010442,
    48.000002249963));
#10206 = ELLIPSE('',#10207,2.828427124746,2.);
#10207 = AXIS2_PLACEMENT_3D('',#10208,#10209,#10210);
#10208 = CARTESIAN_POINT('',(-16.2,15.5,48.461422772497));
#10209 = DIRECTION('',(-0.707106781187,2.151152638633E-14,0.707106781187
    ));
#10210 = DIRECTION('',(0.707106781187,5.210744347258E-15,0.707106781187)
  );
#10211 = ORIENTED_EDGE('',*,*,#10212,.T.);
#10212 = EDGE_CURVE('',#10204,#10213,#10215,.T.);
#10213 = VERTEX_POINT('',#10214);
#10214 = CARTESIAN_POINT('',(-16.66142052253,17.446044989558,
    48.000002249963));
#10215 = CIRCLE('',#10216,2.);
#10216 = AXIS2_PLACEMENT_3D('',#10217,#10218,#10219);
#10217 = CARTESIAN_POINT('',(-16.2,15.5,48.000002249963));
#10218 = DIRECTION('',(-4.134764639105E-15,-8.215650382229E-15,-1.));
#10219 = DIRECTION('',(1.,-8.465450562779E-16,-4.134764639105E-15));
#10220 = ORIENTED_EDGE('',*,*,#10221,.F.);
#10221 = EDGE_CURVE('',#10171,#10213,#10222,.T.);
#10222 = ELLIPSE('',#10223,2.828427124746,2.);
#10223 = AXIS2_PLACEMENT_3D('',#10224,#10225,#10226);
#10224 = CARTESIAN_POINT('',(-16.2,15.5,48.461422772497));
#10225 = DIRECTION('',(-0.707106781187,2.151152638633E-14,0.707106781187
    ));
#10226 = DIRECTION('',(0.707106781187,5.210744347258E-15,0.707106781187)
  );
#10227 = CYLINDRICAL_SURFACE('',#10228,2.);
#10228 = AXIS2_PLACEMENT_3D('',#10229,#10230,#10231);
#10229 = CARTESIAN_POINT('',(-16.2,15.5,46.000002249963));
#10230 = DIRECTION('',(-4.134764639105E-15,-8.215650382229E-15,-1.));
#10231 = DIRECTION('',(-1.,2.13971133893E-14,4.134764639105E-15));
#10232 = ADVANCED_FACE('',(#10233),#10259,.F.);
#10233 = FACE_BOUND('',#10234,.T.);
#10234 = EDGE_LOOP('',(#10235,#10243,#10244,#10252));
#10235 = ORIENTED_EDGE('',*,*,#10236,.F.);
#10236 = EDGE_CURVE('',#10213,#10237,#10239,.T.);
#10237 = VERTEX_POINT('',#10238);
#10238 = CARTESIAN_POINT('',(-16.66142052253,19.47329725812,
    48.000002249963));
#10239 = LINE('',#10240,#10241);
#10240 = CARTESIAN_POINT('',(-16.66142052253,21.934501059379,
    48.000002249963));
#10241 = VECTOR('',#10242,1.);
#10242 = DIRECTION('',(2.220624198067E-14,1.,-8.215650382229E-15));
#10243 = ORIENTED_EDGE('',*,*,#10212,.F.);
#10244 = ORIENTED_EDGE('',*,*,#10245,.F.);
#10245 = EDGE_CURVE('',#10246,#10204,#10248,.T.);
#10246 = VERTEX_POINT('',#10247);
#10247 = CARTESIAN_POINT('',(-16.66142052253,11.52670274188,
    48.000002249963));
#10248 = LINE('',#10249,#10250);
#10249 = CARTESIAN_POINT('',(-16.66142052253,21.934501059379,
    48.000002249963));
#10250 = VECTOR('',#10251,1.);
#10251 = DIRECTION('',(2.220624198067E-14,1.,-8.215650382229E-15));
#10252 = ORIENTED_EDGE('',*,*,#10253,.F.);
#10253 = EDGE_CURVE('',#10237,#10246,#10254,.T.);
#10254 = CIRCLE('',#10255,4.);
#10255 = AXIS2_PLACEMENT_3D('',#10256,#10257,#10258);
#10256 = CARTESIAN_POINT('',(-16.2,15.5,48.000002249963));
#10257 = DIRECTION('',(4.134764639105E-15,8.215650382229E-15,1.));
#10258 = DIRECTION('',(8.465450562779E-16,1.,-8.215650382229E-15));
#10259 = PLANE('',#10260);
#10260 = AXIS2_PLACEMENT_3D('',#10261,#10262,#10263);
#10261 = CARTESIAN_POINT('',(-16.2,15.5,48.000002249963));
#10262 = DIRECTION('',(4.134764639105E-15,8.215650382229E-15,1.));
#10263 = DIRECTION('',(-8.465450562779E-16,-1.,8.215650382229E-15));
#10264 = ADVANCED_FACE('',(#10265),#10317,.F.);
#10265 = FACE_BOUND('',#10266,.F.);
#10266 = EDGE_LOOP('',(#10267,#10276,#10277,#10286,#10294,#10301,#10302,
    #10311));
#10267 = ORIENTED_EDGE('',*,*,#10268,.T.);
#10268 = EDGE_CURVE('',#10269,#10127,#10271,.T.);
#10269 = VERTEX_POINT('',#10270);
#10270 = CARTESIAN_POINT('',(-16.66056600722,19.473396400183,
    43.999147734657));
#10271 = ELLIPSE('',#10272,5.656854249492,4.);
#10272 = AXIS2_PLACEMENT_3D('',#10273,#10274,#10275);
#10273 = CARTESIAN_POINT('',(-16.2,15.5,43.538581727429));
#10274 = DIRECTION('',(0.707106781187,-9.892842192066E-15,0.707106781187
    ));
#10275 = DIRECTION('',(0.707106781187,-6.407939847006E-15,
    -0.707106781187));
#10276 = ORIENTED_EDGE('',*,*,#10136,.F.);
#10277 = ORIENTED_EDGE('',*,*,#10278,.T.);
#10278 = EDGE_CURVE('',#10137,#10279,#10281,.T.);
#10279 = VERTEX_POINT('',#10280);
#10280 = CARTESIAN_POINT('',(-16.66056600722,11.526603599817,
    43.999147734657));
#10281 = ELLIPSE('',#10282,5.656854249492,4.);
#10282 = AXIS2_PLACEMENT_3D('',#10283,#10284,#10285);
#10283 = CARTESIAN_POINT('',(-16.2,15.5,43.538581727429));
#10284 = DIRECTION('',(0.707106781187,-9.892842192066E-15,0.707106781187
    ));
#10285 = DIRECTION('',(0.707106781187,-6.407939847006E-15,
    -0.707106781187));
#10286 = ORIENTED_EDGE('',*,*,#10287,.T.);
#10287 = EDGE_CURVE('',#10279,#10288,#10290,.T.);
#10288 = VERTEX_POINT('',#10289);
#10289 = CARTESIAN_POINT('',(-16.66056600722,11.526603599817,
    48.000856765269));
#10290 = LINE('',#10291,#10292);
#10291 = CARTESIAN_POINT('',(-16.66056600722,11.526603599817,
    46.000002249963));
#10292 = VECTOR('',#10293,1.);
#10293 = DIRECTION('',(4.134764639105E-15,8.215650382229E-15,1.));
#10294 = ORIENTED_EDGE('',*,*,#10295,.T.);
#10295 = EDGE_CURVE('',#10288,#10246,#10296,.T.);
#10296 = ELLIPSE('',#10297,5.656854249492,4.);
#10297 = AXIS2_PLACEMENT_3D('',#10298,#10299,#10300);
#10298 = CARTESIAN_POINT('',(-16.2,15.5,48.461422772497));
#10299 = DIRECTION('',(0.707106781187,-2.151152638633E-14,
    -0.707106781187));
#10300 = DIRECTION('',(0.707106781187,5.210744347258E-15,0.707106781187)
  );
#10301 = ORIENTED_EDGE('',*,*,#10253,.F.);
#10302 = ORIENTED_EDGE('',*,*,#10303,.T.);
#10303 = EDGE_CURVE('',#10237,#10304,#10306,.T.);
#10304 = VERTEX_POINT('',#10305);
#10305 = CARTESIAN_POINT('',(-16.66056600722,19.473396400183,
    48.000856765269));
#10306 = ELLIPSE('',#10307,5.656854249492,4.);
#10307 = AXIS2_PLACEMENT_3D('',#10308,#10309,#10310);
#10308 = CARTESIAN_POINT('',(-16.2,15.5,48.461422772497));
#10309 = DIRECTION('',(0.707106781187,-2.151152638633E-14,
    -0.707106781187));
#10310 = DIRECTION('',(0.707106781187,5.210744347258E-15,0.707106781187)
  );
#10311 = ORIENTED_EDGE('',*,*,#10312,.T.);
#10312 = EDGE_CURVE('',#10304,#10269,#10313,.T.);
#10313 = LINE('',#10314,#10315);
#10314 = CARTESIAN_POINT('',(-16.66056600722,19.473396400183,
    46.000002249963));
#10315 = VECTOR('',#10316,1.);
#10316 = DIRECTION('',(-4.134764639105E-15,-8.215650382229E-15,-1.));
#10317 = CYLINDRICAL_SURFACE('',#10318,4.);
#10318 = AXIS2_PLACEMENT_3D('',#10319,#10320,#10321);
#10319 = CARTESIAN_POINT('',(-16.2,15.5,46.000002249963));
#10320 = DIRECTION('',(-4.134764639105E-15,-8.215650382229E-15,-1.));
#10321 = DIRECTION('',(8.465450562779E-16,1.,-8.215650382229E-15));
#10322 = ADVANCED_FACE('',(#10323),#10350,.T.);
#10323 = FACE_BOUND('',#10324,.T.);
#10324 = EDGE_LOOP('',(#10325,#10335,#10341,#10342,#10343,#10344));
#10325 = ORIENTED_EDGE('',*,*,#10326,.T.);
#10326 = EDGE_CURVE('',#10327,#10329,#10331,.T.);
#10327 = VERTEX_POINT('',#10328);
#10328 = CARTESIAN_POINT('',(16.247329122067,17.08464815657,
    48.400002249963));
#10329 = VERTEX_POINT('',#10330);
#10330 = CARTESIAN_POINT('',(16.247329122067,19.89234621562,
    48.400002249963));
#10331 = LINE('',#10332,#10333);
#10332 = CARTESIAN_POINT('',(16.247329122067,21.934501059379,
    48.400002249963));
#10333 = VECTOR('',#10334,1.);
#10334 = DIRECTION('',(5.177809915847E-17,1.,-3.94129173742E-15));
#10335 = ORIENTED_EDGE('',*,*,#10336,.F.);
#10336 = EDGE_CURVE('',#9582,#10329,#10337,.T.);
#10337 = LINE('',#10338,#10339);
#10338 = CARTESIAN_POINT('',(16.644827742449,19.447682507822,
    48.002503629581));
#10339 = VECTOR('',#10340,1.);
#10340 = DIRECTION('',(-0.554581751739,0.620385494089,0.554581751739));
#10341 = ORIENTED_EDGE('',*,*,#9589,.T.);
#10342 = ORIENTED_EDGE('',*,*,#9647,.T.);
#10343 = ORIENTED_EDGE('',*,*,#9697,.T.);
#10344 = ORIENTED_EDGE('',*,*,#10345,.F.);
#10345 = EDGE_CURVE('',#10327,#9690,#10346,.T.);
#10346 = LINE('',#10347,#10348);
#10347 = CARTESIAN_POINT('',(16.247329122067,17.08464815657,
    48.400002249963));
#10348 = VECTOR('',#10349,1.);
#10349 = DIRECTION('',(0.615890342662,0.49128217109,-0.615890342662));
#10350 = PLANE('',#10351);
#10351 = AXIS2_PLACEMENT_3D('',#10352,#10353,#10354);
#10352 = CARTESIAN_POINT('',(16.447329122067,21.934501059379,
    48.200002249963));
#10353 = DIRECTION('',(-0.707106781187,-2.750301469132E-15,
    -0.707106781187));
#10354 = DIRECTION('',(-0.707106781187,1.972152263053E-31,0.707106781187
    ));
#10355 = ADVANCED_FACE('',(#10356),#10374,.T.);
#10356 = FACE_BOUND('',#10357,.T.);
#10357 = EDGE_LOOP('',(#10358,#10366,#10372,#10373));
#10358 = ORIENTED_EDGE('',*,*,#10359,.T.);
#10359 = EDGE_CURVE('',#10329,#10360,#10362,.T.);
#10360 = VERTEX_POINT('',#10361);
#10361 = CARTESIAN_POINT('',(16.247329122067,19.89234621562,
    43.600002249963));
#10362 = LINE('',#10363,#10364);
#10363 = CARTESIAN_POINT('',(16.247329122067,19.89234621562,
    46.000002249963));
#10364 = VECTOR('',#10365,1.);
#10365 = DIRECTION('',(0.,-3.94129173742E-15,-1.));
#10366 = ORIENTED_EDGE('',*,*,#10367,.T.);
#10367 = EDGE_CURVE('',#10360,#9573,#10368,.T.);
#10368 = LINE('',#10369,#10370);
#10369 = CARTESIAN_POINT('',(16.247329122067,19.89234621562,
    43.600002249963));
#10370 = VECTOR('',#10371,1.);
#10371 = DIRECTION('',(0.554581751739,-0.620385494089,0.554581751739));
#10372 = ORIENTED_EDGE('',*,*,#9581,.T.);
#10373 = ORIENTED_EDGE('',*,*,#10336,.T.);
#10374 = PLANE('',#10375);
#10375 = AXIS2_PLACEMENT_3D('',#10376,#10377,#10378);
#10376 = CARTESIAN_POINT('',(16.446078432258,19.670014361721,
    46.000002249963));
#10377 = DIRECTION('',(-0.74553982774,-0.666461075572,5.70934924725E-15)
  );
#10378 = DIRECTION('',(7.658007037068E-15,7.88860905221E-31,1.));
#10379 = ADVANCED_FACE('',(#10380),#10400,.T.);
#10380 = FACE_BOUND('',#10381,.T.);
#10381 = EDGE_LOOP('',(#10382,#10383,#10384,#10385,#10393,#10399));
#10382 = ORIENTED_EDGE('',*,*,#9539,.T.);
#10383 = ORIENTED_EDGE('',*,*,#9572,.T.);
#10384 = ORIENTED_EDGE('',*,*,#10367,.F.);
#10385 = ORIENTED_EDGE('',*,*,#10386,.T.);
#10386 = EDGE_CURVE('',#10360,#10387,#10389,.T.);
#10387 = VERTEX_POINT('',#10388);
#10388 = CARTESIAN_POINT('',(16.247329122067,17.08464815657,
    43.600002249963));
#10389 = LINE('',#10390,#10391);
#10390 = CARTESIAN_POINT('',(16.247329122067,21.934501059379,
    43.600002249963));
#10391 = VECTOR('',#10392,1.);
#10392 = DIRECTION('',(-5.177809915847E-17,-1.,3.94129173742E-15));
#10393 = ORIENTED_EDGE('',*,*,#10394,.F.);
#10394 = EDGE_CURVE('',#9681,#10387,#10395,.T.);
#10395 = LINE('',#10396,#10397);
#10396 = CARTESIAN_POINT('',(16.637322536198,17.395737319581,
    43.989995664094));
#10397 = VECTOR('',#10398,1.);
#10398 = DIRECTION('',(-0.615890342662,-0.49128217109,-0.615890342662));
#10399 = ORIENTED_EDGE('',*,*,#9680,.T.);
#10400 = PLANE('',#10401);
#10401 = AXIS2_PLACEMENT_3D('',#10402,#10403,#10404);
#10402 = CARTESIAN_POINT('',(16.447329122067,21.934501059379,
    43.800002249963));
#10403 = DIRECTION('',(-0.707106781187,2.823526759196E-15,0.707106781187
    ));
#10404 = DIRECTION('',(0.707106781187,1.972152263053E-31,0.707106781187)
  );
#10405 = ADVANCED_FACE('',(#10406),#10417,.T.);
#10406 = FACE_BOUND('',#10407,.T.);
#10407 = EDGE_LOOP('',(#10408,#10414,#10415,#10416));
#10408 = ORIENTED_EDGE('',*,*,#10409,.T.);
#10409 = EDGE_CURVE('',#10387,#10327,#10410,.T.);
#10410 = LINE('',#10411,#10412);
#10411 = CARTESIAN_POINT('',(16.247329122067,17.08464815657,
    46.000002249963));
#10412 = VECTOR('',#10413,1.);
#10413 = DIRECTION('',(0.,3.94129173742E-15,1.));
#10414 = ORIENTED_EDGE('',*,*,#10345,.T.);
#10415 = ORIENTED_EDGE('',*,*,#9689,.T.);
#10416 = ORIENTED_EDGE('',*,*,#10394,.T.);
#10417 = PLANE('',#10418);
#10418 = AXIS2_PLACEMENT_3D('',#10419,#10420,#10421);
#10419 = CARTESIAN_POINT('',(16.442325829133,17.240192738076,
    46.000002249963));
#10420 = DIRECTION('',(-0.623587567038,0.781753507338,
    -5.027308175996E-16));
#10421 = DIRECTION('',(-8.061912138303E-16,4.930380657631E-32,1.));
#10422 = ADVANCED_FACE('',(#10423),#10450,.T.);
#10423 = FACE_BOUND('',#10424,.T.);
#10424 = EDGE_LOOP('',(#10425,#10426,#10427,#10435,#10443,#10449));
#10425 = ORIENTED_EDGE('',*,*,#9520,.T.);
#10426 = ORIENTED_EDGE('',*,*,#9672,.T.);
#10427 = ORIENTED_EDGE('',*,*,#10428,.F.);
#10428 = EDGE_CURVE('',#10429,#9663,#10431,.T.);
#10429 = VERTEX_POINT('',#10430);
#10430 = CARTESIAN_POINT('',(16.247329122067,13.91535184343,
    43.600002249963));
#10431 = LINE('',#10432,#10433);
#10432 = CARTESIAN_POINT('',(16.247329122067,13.91535184343,
    43.600002249963));
#10433 = VECTOR('',#10434,1.);
#10434 = DIRECTION('',(0.615890342662,-0.49128217109,0.615890342662));
#10435 = ORIENTED_EDGE('',*,*,#10436,.T.);
#10436 = EDGE_CURVE('',#10429,#10437,#10439,.T.);
#10437 = VERTEX_POINT('',#10438);
#10438 = CARTESIAN_POINT('',(16.247329122067,11.10765378438,
    43.600002249963));
#10439 = LINE('',#10440,#10441);
#10440 = CARTESIAN_POINT('',(16.247329122067,21.934501059379,
    43.600002249963));
#10441 = VECTOR('',#10442,1.);
#10442 = DIRECTION('',(-5.177809915847E-17,-1.,3.94129173742E-15));
#10443 = ORIENTED_EDGE('',*,*,#10444,.F.);
#10444 = EDGE_CURVE('',#9563,#10437,#10445,.T.);
#10445 = LINE('',#10446,#10447);
#10446 = CARTESIAN_POINT('',(16.644827742449,11.552317492177,
    43.997500870345));
#10447 = VECTOR('',#10448,1.);
#10448 = DIRECTION('',(-0.554581751739,-0.620385494089,-0.554581751739)
  );
#10449 = ORIENTED_EDGE('',*,*,#9562,.T.);
#10450 = PLANE('',#10451);
#10451 = AXIS2_PLACEMENT_3D('',#10452,#10453,#10454);
#10452 = CARTESIAN_POINT('',(16.447329122067,21.934501059379,
    43.800002249963));
#10453 = DIRECTION('',(-0.707106781187,2.823526759196E-15,0.707106781187
    ));
#10454 = DIRECTION('',(0.707106781187,1.972152263053E-31,0.707106781187)
  );
#10455 = ADVANCED_FACE('',(#10456),#10474,.T.);
#10456 = FACE_BOUND('',#10457,.T.);
#10457 = EDGE_LOOP('',(#10458,#10466,#10472,#10473));
#10458 = ORIENTED_EDGE('',*,*,#10459,.T.);
#10459 = EDGE_CURVE('',#10437,#10460,#10462,.T.);
#10460 = VERTEX_POINT('',#10461);
#10461 = CARTESIAN_POINT('',(16.247329122067,11.10765378438,
    48.400002249963));
#10462 = LINE('',#10463,#10464);
#10463 = CARTESIAN_POINT('',(16.247329122067,11.10765378438,
    46.000002249963));
#10464 = VECTOR('',#10465,1.);
#10465 = DIRECTION('',(0.,3.94129173742E-15,1.));
#10466 = ORIENTED_EDGE('',*,*,#10467,.T.);
#10467 = EDGE_CURVE('',#10460,#9608,#10468,.T.);
#10468 = LINE('',#10469,#10470);
#10469 = CARTESIAN_POINT('',(16.247329122067,11.10765378438,
    48.400002249963));
#10470 = VECTOR('',#10471,1.);
#10471 = DIRECTION('',(0.554581751739,0.620385494089,-0.554581751739));
#10472 = ORIENTED_EDGE('',*,*,#9616,.T.);
#10473 = ORIENTED_EDGE('',*,*,#10444,.T.);
#10474 = PLANE('',#10475);
#10475 = AXIS2_PLACEMENT_3D('',#10476,#10477,#10478);
#10476 = CARTESIAN_POINT('',(16.446078432258,11.329985638278,
    46.000002249963));
#10477 = DIRECTION('',(-0.74553982774,0.666461075572,4.559141863206E-16)
  );
#10478 = DIRECTION('',(6.115222411422E-16,1.972152263053E-31,1.));
#10479 = ADVANCED_FACE('',(#10480),#10500,.T.);
#10480 = FACE_BOUND('',#10481,.T.);
#10481 = EDGE_LOOP('',(#10482,#10490,#10496,#10497,#10498,#10499));
#10482 = ORIENTED_EDGE('',*,*,#10483,.T.);
#10483 = EDGE_CURVE('',#10460,#10484,#10486,.T.);
#10484 = VERTEX_POINT('',#10485);
#10485 = CARTESIAN_POINT('',(16.247329122067,13.91535184343,
    48.400002249963));
#10486 = LINE('',#10487,#10488);
#10487 = CARTESIAN_POINT('',(16.247329122067,21.934501059379,
    48.400002249963));
#10488 = VECTOR('',#10489,1.);
#10489 = DIRECTION('',(5.177809915847E-17,1.,-3.94129173742E-15));
#10490 = ORIENTED_EDGE('',*,*,#10491,.F.);
#10491 = EDGE_CURVE('',#9665,#10484,#10492,.T.);
#10492 = LINE('',#10493,#10494);
#10493 = CARTESIAN_POINT('',(16.637322536198,13.604262680419,
    48.010008835831));
#10494 = VECTOR('',#10495,1.);
#10495 = DIRECTION('',(-0.615890342662,0.49128217109,0.615890342662));
#10496 = ORIENTED_EDGE('',*,*,#9705,.T.);
#10497 = ORIENTED_EDGE('',*,*,#9630,.T.);
#10498 = ORIENTED_EDGE('',*,*,#9607,.T.);
#10499 = ORIENTED_EDGE('',*,*,#10467,.F.);
#10500 = PLANE('',#10501);
#10501 = AXIS2_PLACEMENT_3D('',#10502,#10503,#10504);
#10502 = CARTESIAN_POINT('',(16.447329122067,21.934501059379,
    48.200002249963));
#10503 = DIRECTION('',(-0.707106781187,-2.750301469133E-15,
    -0.707106781187));
#10504 = DIRECTION('',(-0.707106781187,-1.972152263053E-31,
    0.707106781187));
#10505 = ADVANCED_FACE('',(#10506),#10517,.T.);
#10506 = FACE_BOUND('',#10507,.T.);
#10507 = EDGE_LOOP('',(#10508,#10514,#10515,#10516));
#10508 = ORIENTED_EDGE('',*,*,#10509,.T.);
#10509 = EDGE_CURVE('',#10484,#10429,#10510,.T.);
#10510 = LINE('',#10511,#10512);
#10511 = CARTESIAN_POINT('',(16.247329122067,13.91535184343,
    46.000002249963));
#10512 = VECTOR('',#10513,1.);
#10513 = DIRECTION('',(0.,-3.94129173742E-15,-1.));
#10514 = ORIENTED_EDGE('',*,*,#10428,.T.);
#10515 = ORIENTED_EDGE('',*,*,#9662,.T.);
#10516 = ORIENTED_EDGE('',*,*,#10491,.T.);
#10517 = PLANE('',#10518);
#10518 = AXIS2_PLACEMENT_3D('',#10519,#10520,#10521);
#10519 = CARTESIAN_POINT('',(16.442325829133,13.759807261924,
    46.000002249963));
#10520 = DIRECTION('',(-0.623587567038,-0.781753507338,
    5.659506460746E-15));
#10521 = DIRECTION('',(9.075720492041E-15,-7.88860905221E-31,1.));
#10522 = ADVANCED_FACE('',(#10523),#10542,.F.);
#10523 = FACE_BOUND('',#10524,.F.);
#10524 = EDGE_LOOP('',(#10525,#10533,#10534,#10535));
#10525 = ORIENTED_EDGE('',*,*,#10526,.T.);
#10526 = EDGE_CURVE('',#10527,#4414,#10529,.T.);
#10527 = VERTEX_POINT('',#10528);
#10528 = CARTESIAN_POINT('',(-13.95638292809,-7.158765928241,
    51.600002249963));
#10529 = LINE('',#10530,#10531);
#10530 = CARTESIAN_POINT('',(-14.15638292809,-7.158765928241,
    51.800002249963));
#10531 = VECTOR('',#10532,1.);
#10532 = DIRECTION('',(-0.707106781187,1.565220132861E-14,0.707106781187
    ));
#10533 = ORIENTED_EDGE('',*,*,#4413,.T.);
#10534 = ORIENTED_EDGE('',*,*,#10526,.F.);
#10535 = ORIENTED_EDGE('',*,*,#10536,.T.);
#10536 = EDGE_CURVE('',#10527,#10527,#10537,.T.);
#10537 = CIRCLE('',#10538,2.35);
#10538 = AXIS2_PLACEMENT_3D('',#10539,#10540,#10541);
#10539 = CARTESIAN_POINT('',(-11.60638292809,-7.158765928241,
    51.600002249963));
#10540 = DIRECTION('',(-8.374058701483E-15,9.319498336361E-29,1.));
#10541 = DIRECTION('',(1.,-2.225802007982E-14,8.374058701483E-15));
#10542 = CONICAL_SURFACE('',#10543,2.55,0.785398163397);
#10543 = AXIS2_PLACEMENT_3D('',#10544,#10545,#10546);
#10544 = CARTESIAN_POINT('',(-11.60638292809,-7.158765928241,
    51.800002249963));
#10545 = DIRECTION('',(-8.374058701483E-15,9.319498336361E-29,1.));
#10546 = DIRECTION('',(1.,-2.225802007982E-14,8.374058701483E-15));
#10547 = ADVANCED_FACE('',(#10548),#10574,.T.);
#10548 = FACE_BOUND('',#10549,.T.);
#10549 = EDGE_LOOP('',(#10550,#10560,#10566,#10567));
#10550 = ORIENTED_EDGE('',*,*,#10551,.T.);
#10551 = EDGE_CURVE('',#10552,#10554,#10556,.T.);
#10552 = VERTEX_POINT('',#10553);
#10553 = CARTESIAN_POINT('',(-9.014091400468,1.99856177826E-13,
    51.000002249963));
#10554 = VERTEX_POINT('',#10555);
#10555 = CARTESIAN_POINT('',(-16.26142052253,3.597122599786E-13,
    51.000002249963));
#10556 = LINE('',#10557,#10558);
#10557 = CARTESIAN_POINT('',(-8.094436069376,1.79439796355E-13,
    51.000002249963));
#10558 = VECTOR('',#10559,1.);
#10559 = DIRECTION('',(-1.,2.220624198067E-14,0.));
#10560 = ORIENTED_EDGE('',*,*,#10561,.F.);
#10561 = EDGE_CURVE('',#4358,#10554,#10562,.T.);
#10562 = LINE('',#10563,#10564);
#10563 = CARTESIAN_POINT('',(-12.92883015306,3.332590369466,
    47.667411880498));
#10564 = VECTOR('',#10565,1.);
#10565 = DIRECTION('',(0.57735026919,0.57735026919,-0.57735026919));
#10566 = ORIENTED_EDGE('',*,*,#4357,.T.);
#10567 = ORIENTED_EDGE('',*,*,#10568,.T.);
#10568 = EDGE_CURVE('',#4349,#10552,#10569,.T.);
#10569 = ELLIPSE('',#10570,1.289556162972E+03,90.008961472211);
#10570 = AXIS2_PLACEMENT_3D('',#10571,#10572,#10573);
#10571 = CARTESIAN_POINT('',(-8.395794140695,907.34299778878,
    -856.3429955408));
#10572 = DIRECTION('',(-1.549589883493E-12,-0.707106781187,
    -0.707106781186));
#10573 = DIRECTION('',(-6.503723321824E-03,0.707091826279,-0.70709182628
    ));
#10574 = PLANE('',#10575);
#10575 = AXIS2_PLACEMENT_3D('',#10576,#10577,#10578);
#10576 = CARTESIAN_POINT('',(-8.094436069376,-0.5,51.500002249963));
#10577 = DIRECTION('',(1.57021842892E-14,0.707106781187,0.707106781187)
  );
#10578 = DIRECTION('',(1.,3.313215801928E-29,-2.220624198066E-14));
#10579 = ADVANCED_FACE('',(#10580),#10599,.T.);
#10580 = FACE_BOUND('',#10581,.T.);
#10581 = EDGE_LOOP('',(#10582,#10583,#10591,#10598));
#10582 = ORIENTED_EDGE('',*,*,#4348,.T.);
#10583 = ORIENTED_EDGE('',*,*,#10584,.T.);
#10584 = EDGE_CURVE('',#4341,#10585,#10587,.T.);
#10585 = VERTEX_POINT('',#10586);
#10586 = CARTESIAN_POINT('',(-3.061822417239,8.468254582707,
    51.000002248038));
#10587 = B_SPLINE_CURVE_WITH_KNOTS('',2,(#10588,#10589,#10590),
  .UNSPECIFIED.,.F.,.F.,(3,3),(0.,0.142559683387),
  .PIECEWISE_BEZIER_KNOTS.);
#10588 = CARTESIAN_POINT('',(-2.8820477294,7.468254574985,
    52.000002256123));
#10589 = CARTESIAN_POINT('',(-2.971935073721,7.953059838731,
    51.515196992376));
#10590 = CARTESIAN_POINT('',(-3.061822418041,8.468254587304,
    51.000002243804));
#10591 = ORIENTED_EDGE('',*,*,#10592,.T.);
#10592 = EDGE_CURVE('',#10585,#10552,#10593,.T.);
#10593 = CIRCLE('',#10594,9.);
#10594 = AXIS2_PLACEMENT_3D('',#10595,#10596,#10597);
#10595 = CARTESIAN_POINT('',(-1.409140046757E-02,4.769083983096E-27,
    51.000002249963));
#10596 = DIRECTION('',(0.,0.,1.));
#10597 = DIRECTION('',(-1.,2.220624198067E-14,0.));
#10598 = ORIENTED_EDGE('',*,*,#10568,.F.);
#10599 = CONICAL_SURFACE('',#10600,8.5,0.785398163397);
#10600 = AXIS2_PLACEMENT_3D('',#10601,#10602,#10603);
#10601 = CARTESIAN_POINT('',(-1.409140046757E-02,4.769083983096E-27,
    51.500002249963));
#10602 = DIRECTION('',(0.,0.,-1.));
#10603 = DIRECTION('',(-1.,2.220624198067E-14,0.));
#10604 = ADVANCED_FACE('',(#10605),#10623,.T.);
#10605 = FACE_BOUND('',#10606,.T.);
#10606 = EDGE_LOOP('',(#10607,#10615,#10621,#10622));
#10607 = ORIENTED_EDGE('',*,*,#10608,.F.);
#10608 = EDGE_CURVE('',#10609,#4332,#10611,.T.);
#10609 = VERTEX_POINT('',#10610);
#10610 = CARTESIAN_POINT('',(3.047731016771,8.468254582707,
    51.000002248038));
#10611 = B_SPLINE_CURVE_WITH_KNOTS('',2,(#10612,#10613,#10614),
  .UNSPECIFIED.,.F.,.F.,(3,3),(0.,0.142559683387),
  .PIECEWISE_BEZIER_KNOTS.);
#10612 = CARTESIAN_POINT('',(3.047731017573,8.468254587304,
    51.000002243804));
#10613 = CARTESIAN_POINT('',(2.957843673253,7.953059838732,
    51.515196992376));
#10614 = CARTESIAN_POINT('',(2.867956328933,7.468254574985,
    52.000002256123));
#10615 = ORIENTED_EDGE('',*,*,#10616,.F.);
#10616 = EDGE_CURVE('',#10585,#10609,#10617,.T.);
#10617 = LINE('',#10618,#10619);
#10618 = CARTESIAN_POINT('',(-3.275134177427E-02,8.468254581144,
    51.000002249963));
#10619 = VECTOR('',#10620,1.);
#10620 = DIRECTION('',(1.,5.177809915851E-17,0.));
#10621 = ORIENTED_EDGE('',*,*,#10584,.F.);
#10622 = ORIENTED_EDGE('',*,*,#4340,.T.);
#10623 = PLANE('',#10624);
#10624 = AXIS2_PLACEMENT_3D('',#10625,#10626,#10627);
#10625 = CARTESIAN_POINT('',(3.275134177427E-02,7.968254581144,
    51.500002249963));
#10626 = DIRECTION('',(2.58136666905E-29,0.707106781187,0.707106781187)
  );
#10627 = DIRECTION('',(1.,1.12103877146E-44,-3.650603752828E-29));
#10628 = ADVANCED_FACE('',(#10629),#10646,.T.);
#10629 = FACE_BOUND('',#10630,.T.);
#10630 = EDGE_LOOP('',(#10631,#10632,#10633,#10639));
#10631 = ORIENTED_EDGE('',*,*,#10608,.T.);
#10632 = ORIENTED_EDGE('',*,*,#4331,.T.);
#10633 = ORIENTED_EDGE('',*,*,#10634,.F.);
#10634 = EDGE_CURVE('',#8557,#4323,#10635,.T.);
#10635 = LINE('',#10636,#10637);
#10636 = CARTESIAN_POINT('',(8.15478105318,3.807826936022,
    51.000002249963));
#10637 = VECTOR('',#10638,1.);
#10638 = DIRECTION('',(-0.640700109088,-0.299171138672,0.707106781187));
#10639 = ORIENTED_EDGE('',*,*,#10640,.T.);
#10640 = EDGE_CURVE('',#8557,#10609,#10641,.T.);
#10641 = CIRCLE('',#10642,9.);
#10642 = AXIS2_PLACEMENT_3D('',#10643,#10644,#10645);
#10643 = CARTESIAN_POINT('',(7.251148938276E-16,0.,51.000002249963));
#10644 = DIRECTION('',(0.,0.,1.));
#10645 = DIRECTION('',(1.,-5.177809915847E-17,0.));
#10646 = CONICAL_SURFACE('',#10647,8.5,0.785398163397);
#10647 = AXIS2_PLACEMENT_3D('',#10648,#10649,#10650);
#10648 = CARTESIAN_POINT('',(7.251148938276E-16,0.,51.500002249963));
#10649 = DIRECTION('',(0.,0.,-1.));
#10650 = DIRECTION('',(1.,-5.177809915847E-17,0.));
#10651 = ADVANCED_FACE('',(#10652),#10663,.T.);
#10652 = FACE_BOUND('',#10653,.T.);
#10653 = EDGE_LOOP('',(#10654,#10660,#10661,#10662));
#10654 = ORIENTED_EDGE('',*,*,#10655,.F.);
#10655 = EDGE_CURVE('',#8565,#4315,#10656,.T.);
#10656 = LINE('',#10657,#10658);
#10657 = CARTESIAN_POINT('',(6.914621920535,-3.019144760617,
    51.000002249963));
#10658 = VECTOR('',#10659,1.);
#10659 = DIRECTION('',(-0.494545953681,0.505395191605,0.707106781187));
#10660 = ORIENTED_EDGE('',*,*,#8564,.T.);
#10661 = ORIENTED_EDGE('',*,*,#10634,.T.);
#10662 = ORIENTED_EDGE('',*,*,#4322,.T.);
#10663 = CONICAL_SURFACE('',#10664,5.5,0.785398163397);
#10664 = AXIS2_PLACEMENT_3D('',#10665,#10666,#10667);
#10665 = CARTESIAN_POINT('',(2.71826035106,1.269275645341,
    51.500002249963));
#10666 = DIRECTION('',(0.,0.,-1.));
#10667 = DIRECTION('',(0.983898013731,-0.17873079918,0.));
#10668 = ADVANCED_FACE('',(#10669),#10680,.T.);
#10669 = FACE_BOUND('',#10670,.T.);
#10670 = EDGE_LOOP('',(#10671,#10677,#10678,#10679));
#10671 = ORIENTED_EDGE('',*,*,#10672,.F.);
#10672 = EDGE_CURVE('',#9812,#4306,#10673,.T.);
#10673 = LINE('',#10674,#10675);
#10674 = CARTESIAN_POINT('',(2.352728822894,-6.783550147871,
    51.500002249963));
#10675 = VECTOR('',#10676,1.);
#10676 = DIRECTION('',(-0.494545953681,0.505395191605,0.707106781187));
#10677 = ORIENTED_EDGE('',*,*,#10109,.T.);
#10678 = ORIENTED_EDGE('',*,*,#10655,.T.);
#10679 = ORIENTED_EDGE('',*,*,#4314,.T.);
#10680 = PLANE('',#10681);
#10681 = AXIS2_PLACEMENT_3D('',#10682,#10683,#10684);
#10682 = CARTESIAN_POINT('',(2.686661074466,-6.456786366653,
    51.500002249963));
#10683 = DIRECTION('',(0.494545953681,-0.505395191605,0.707106781187));
#10684 = DIRECTION('',(0.819465308709,-1.110223024625E-16,
    -0.573128788164));
#10685 = ADVANCED_FACE('',(#10686),#10697,.F.);
#10686 = FACE_BOUND('',#10687,.F.);
#10687 = EDGE_LOOP('',(#10688,#10689,#10695,#10696));
#10688 = ORIENTED_EDGE('',*,*,#9836,.F.);
#10689 = ORIENTED_EDGE('',*,*,#10690,.T.);
#10690 = EDGE_CURVE('',#9829,#4298,#10691,.T.);
#10691 = LINE('',#10692,#10693);
#10692 = CARTESIAN_POINT('',(1.5,-9.999865452339,51.000002249963));
#10693 = VECTOR('',#10694,1.);
#10694 = DIRECTION('',(-0.707106781187,0.,0.707106781187));
#10695 = ORIENTED_EDGE('',*,*,#4305,.F.);
#10696 = ORIENTED_EDGE('',*,*,#10672,.F.);
#10697 = CONICAL_SURFACE('',#10698,4.5,0.785398163397);
#10698 = AXIS2_PLACEMENT_3D('',#10699,#10700,#10701);
#10699 = CARTESIAN_POINT('',(5.5,-9.999865452339,51.500002249963));
#10700 = DIRECTION('',(0.,0.,1.));
#10701 = DIRECTION('',(-0.921789996396,0.387689569815,0.));
#10702 = ADVANCED_FACE('',(#10703),#10714,.T.);
#10703 = FACE_BOUND('',#10704,.T.);
#10704 = EDGE_LOOP('',(#10705,#10706,#10707,#10708));
#10705 = ORIENTED_EDGE('',*,*,#9851,.T.);
#10706 = ORIENTED_EDGE('',*,*,#10690,.T.);
#10707 = ORIENTED_EDGE('',*,*,#4297,.T.);
#10708 = ORIENTED_EDGE('',*,*,#10709,.F.);
#10709 = EDGE_CURVE('',#9852,#4290,#10710,.T.);
#10710 = LINE('',#10711,#10712);
#10711 = CARTESIAN_POINT('',(1.5,-14.31753185648,51.000002249963));
#10712 = VECTOR('',#10713,1.);
#10713 = DIRECTION('',(-0.57735026919,-0.57735026919,0.57735026919));
#10714 = PLANE('',#10715);
#10715 = AXIS2_PLACEMENT_3D('',#10716,#10717,#10718);
#10716 = CARTESIAN_POINT('',(1.,-7.014709223985,51.500002249963));
#10717 = DIRECTION('',(0.707106781187,0.,0.707106781187));
#10718 = DIRECTION('',(0.707106781187,0.,-0.707106781187));
#10719 = ADVANCED_FACE('',(#10720),#10731,.T.);
#10720 = FACE_BOUND('',#10721,.T.);
#10721 = EDGE_LOOP('',(#10722,#10723,#10724,#10725));
#10722 = ORIENTED_EDGE('',*,*,#9882,.T.);
#10723 = ORIENTED_EDGE('',*,*,#10709,.T.);
#10724 = ORIENTED_EDGE('',*,*,#4289,.T.);
#10725 = ORIENTED_EDGE('',*,*,#10726,.T.);
#10726 = EDGE_CURVE('',#4282,#9883,#10727,.T.);
#10727 = LINE('',#10728,#10729);
#10728 = CARTESIAN_POINT('',(4.663908593232,-12.48144044971,
    49.163910843196));
#10729 = VECTOR('',#10730,1.);
#10730 = DIRECTION('',(-0.57735026919,0.57735026919,-0.57735026919));
#10731 = PLANE('',#10732);
#10732 = AXIS2_PLACEMENT_3D('',#10733,#10734,#10735);
#10733 = CARTESIAN_POINT('',(3.286274191891,-14.81753185648,
    51.500002249963));
#10734 = DIRECTION('',(0.,0.707106781187,0.707106781187));
#10735 = DIRECTION('',(1.,0.,-0.));
#10736 = ADVANCED_FACE('',(#10737),#10748,.T.);
#10737 = FACE_BOUND('',#10738,.T.);
#10738 = EDGE_LOOP('',(#10739,#10745,#10746,#10747));
#10739 = ORIENTED_EDGE('',*,*,#10740,.T.);
#10740 = EDGE_CURVE('',#4273,#9914,#10741,.T.);
#10741 = LINE('',#10742,#10743);
#10742 = CARTESIAN_POINT('',(7.,-8.653793248281,51.500002249963));
#10743 = VECTOR('',#10744,1.);
#10744 = DIRECTION('',(-0.707106781187,0.,-0.707106781187));
#10745 = ORIENTED_EDGE('',*,*,#9913,.T.);
#10746 = ORIENTED_EDGE('',*,*,#10726,.F.);
#10747 = ORIENTED_EDGE('',*,*,#4281,.T.);
#10748 = PLANE('',#10749);
#10749 = AXIS2_PLACEMENT_3D('',#10750,#10751,#10752);
#10750 = CARTESIAN_POINT('',(7.,-4.514709223985,51.500002249963));
#10751 = DIRECTION('',(-0.707106781187,0.,0.707106781187));
#10752 = DIRECTION('',(0.707106781187,0.,0.707106781187));
#10753 = ADVANCED_FACE('',(#10754),#10765,.T.);
#10754 = FACE_BOUND('',#10755,.T.);
#10755 = EDGE_LOOP('',(#10756,#10757,#10758,#10764));
#10756 = ORIENTED_EDGE('',*,*,#10740,.F.);
#10757 = ORIENTED_EDGE('',*,*,#4272,.T.);
#10758 = ORIENTED_EDGE('',*,*,#10759,.F.);
#10759 = EDGE_CURVE('',#9945,#4265,#10760,.T.);
#10760 = LINE('',#10761,#10762);
#10761 = CARTESIAN_POINT('',(7.743684000296,-5.755048328531,
    51.000002249963));
#10762 = VECTOR('',#10763,1.);
#10763 = DIRECTION('',(0.487252433621,-0.512430547421,0.707106781187));
#10764 = ORIENTED_EDGE('',*,*,#9944,.T.);
#10765 = CONICAL_SURFACE('',#10766,3.5,0.785398163397);
#10766 = AXIS2_PLACEMENT_3D('',#10767,#10768,#10769);
#10767 = CARTESIAN_POINT('',(10.5,-8.653793248281,51.500002249963));
#10768 = DIRECTION('',(0.,0.,-1.));
#10769 = DIRECTION('',(-0.918988302408,0.394284795594,0.));
#10770 = ADVANCED_FACE('',(#10771),#10789,.F.);
#10771 = FACE_BOUND('',#10772,.F.);
#10772 = EDGE_LOOP('',(#10773,#10779,#10780,#10786,#10787,#10788));
#10773 = ORIENTED_EDGE('',*,*,#10774,.T.);
#10774 = EDGE_CURVE('',#9978,#4247,#10775,.T.);
#10775 = LINE('',#10776,#10777);
#10776 = CARTESIAN_POINT('',(14.14229152763,-7.158765928242,
    51.800002249963));
#10777 = VECTOR('',#10778,1.);
#10778 = DIRECTION('',(0.707106781187,8.659560562352E-17,0.707106781187)
  );
#10779 = ORIENTED_EDGE('',*,*,#4255,.F.);
#10780 = ORIENTED_EDGE('',*,*,#10781,.T.);
#10781 = EDGE_CURVE('',#4256,#4239,#10782,.T.);
#10782 = B_SPLINE_CURVE_WITH_KNOTS('',2,(#10783,#10784,#10785),
  .UNSPECIFIED.,.F.,.F.,(3,3),(0.,0.132795744905),
  .PIECEWISE_BEZIER_KNOTS.);
#10783 = CARTESIAN_POINT('',(9.273574063924,-5.680236481966,
    52.000002249963));
#10784 = CARTESIAN_POINT('',(9.697324277834,-5.165878795914,
    51.919251691238));
#10785 = CARTESIAN_POINT('',(10.232361520242,-4.768558745798,
    52.000002249963));
#10786 = ORIENTED_EDGE('',*,*,#4246,.F.);
#10787 = ORIENTED_EDGE('',*,*,#10774,.F.);
#10788 = ORIENTED_EDGE('',*,*,#9987,.F.);
#10789 = CONICAL_SURFACE('',#10790,2.55,0.785398163397);
#10790 = AXIS2_PLACEMENT_3D('',#10791,#10792,#10793);
#10791 = CARTESIAN_POINT('',(11.59229152763,-7.158765928242,
    51.800002249963));
#10792 = DIRECTION('',(3.248455128664E-32,-7.17522190943E-61,1.));
#10793 = DIRECTION('',(-1.,3.786532345061E-29,3.248455128664E-32));
#10794 = ADVANCED_FACE('',(#10795),#10808,.T.);
#10795 = FACE_BOUND('',#10796,.T.);
#10796 = EDGE_LOOP('',(#10797,#10798,#10799,#10805,#10806,#10807));
#10797 = ORIENTED_EDGE('',*,*,#10781,.T.);
#10798 = ORIENTED_EDGE('',*,*,#4238,.T.);
#10799 = ORIENTED_EDGE('',*,*,#10800,.F.);
#10800 = EDGE_CURVE('',#10003,#4230,#10801,.T.);
#10801 = LINE('',#10802,#10803);
#10802 = CARTESIAN_POINT('',(10.904457783909,-2.749578170787,
    51.000002249963));
#10803 = VECTOR('',#10804,1.);
#10804 = DIRECTION('',(0.487252433621,-0.512430547421,0.707106781187));
#10805 = ORIENTED_EDGE('',*,*,#10002,.T.);
#10806 = ORIENTED_EDGE('',*,*,#10759,.T.);
#10807 = ORIENTED_EDGE('',*,*,#4264,.T.);
#10808 = PLANE('',#10809);
#10809 = AXIS2_PLACEMENT_3D('',#10810,#10811,#10812);
#10810 = CARTESIAN_POINT('',(10.740372819363,-3.595554647152,
    51.500002249963));
#10811 = DIRECTION('',(-0.487252433621,0.512430547421,0.707106781187));
#10812 = DIRECTION('',(0.823434459924,1.387778780781E-16,0.567411394149)
  );
#10813 = ADVANCED_FACE('',(#10814),#10825,.T.);
#10814 = FACE_BOUND('',#10815,.T.);
#10815 = EDGE_LOOP('',(#10816,#10822,#10823,#10824));
#10816 = ORIENTED_EDGE('',*,*,#10817,.F.);
#10817 = EDGE_CURVE('',#8637,#4222,#10818,.T.);
#10818 = LINE('',#10819,#10820);
#10819 = CARTESIAN_POINT('',(13.448918521075,-1.118073505106,
    51.000002249963));
#10820 = VECTOR('',#10821,1.);
#10821 = DIRECTION('',(0.262351753407,-0.656636549001,0.707106781187));
#10822 = ORIENTED_EDGE('',*,*,#10033,.T.);
#10823 = ORIENTED_EDGE('',*,*,#10800,.T.);
#10824 = ORIENTED_EDGE('',*,*,#4229,.T.);
#10825 = CONICAL_SURFACE('',#10826,7.5,0.785398163397);
#10826 = AXIS2_PLACEMENT_3D('',#10827,#10828,#10829);
#10827 = CARTESIAN_POINT('',(16.417089783318,-8.547068010286,
    51.500002249963));
#10828 = DIRECTION('',(0.,0.,-1.));
#10829 = DIRECTION('',(-0.539769306325,0.841812981576,0.));
#10830 = ADVANCED_FACE('',(#10831),#10842,.T.);
#10831 = FACE_BOUND('',#10832,.T.);
#10832 = EDGE_LOOP('',(#10833,#10839,#10840,#10841));
#10833 = ORIENTED_EDGE('',*,*,#10834,.F.);
#10834 = EDGE_CURVE('',#8645,#4214,#10835,.T.);
#10835 = LINE('',#10836,#10837);
#10836 = CARTESIAN_POINT('',(13.632779480771,1.770894568867,
    48.385452608668));
#10837 = VECTOR('',#10838,1.);
#10838 = DIRECTION('',(0.637736630443,-0.431953678515,0.637736630443));
#10839 = ORIENTED_EDGE('',*,*,#8644,.T.);
#10840 = ORIENTED_EDGE('',*,*,#10817,.T.);
#10841 = ORIENTED_EDGE('',*,*,#4221,.T.);
#10842 = PLANE('',#10843);
#10843 = AXIS2_PLACEMENT_3D('',#10844,#10845,#10846);
#10844 = CARTESIAN_POINT('',(8.904926340448,-3.472005385686,
    51.500002249963));
#10845 = DIRECTION('',(-0.262351753407,0.656636549001,0.707106781187));
#10846 = DIRECTION('',(0.937549810246,3.330669073875E-16,0.347851050462)
  );
#10847 = ADVANCED_FACE('',(#10848),#10859,.F.);
#10848 = FACE_BOUND('',#10849,.F.);
#10849 = EDGE_LOOP('',(#10850,#10856,#10857,#10858));
#10850 = ORIENTED_EDGE('',*,*,#10851,.T.);
#10851 = EDGE_CURVE('',#10058,#2704,#10852,.T.);
#10852 = LINE('',#10853,#10854);
#10853 = CARTESIAN_POINT('',(-2.414091400468,5.371316342338E-14,
    43.200002249963));
#10854 = VECTOR('',#10855,1.);
#10855 = DIRECTION('',(-0.707106781187,1.582539253986E-14,
    -0.707106781186));
#10856 = ORIENTED_EDGE('',*,*,#2703,.F.);
#10857 = ORIENTED_EDGE('',*,*,#10851,.F.);
#10858 = ORIENTED_EDGE('',*,*,#10070,.F.);
#10859 = CONICAL_SURFACE('',#10860,2.4,0.785398163398);
#10860 = AXIS2_PLACEMENT_3D('',#10861,#10862,#10863);
#10861 = CARTESIAN_POINT('',(-1.409140046752E-02,4.13785747103E-27,
    43.200002249963));
#10862 = DIRECTION('',(0.,0.,-1.));
#10863 = DIRECTION('',(1.,-2.225802007982E-14,0.));
#10864 = ADVANCED_FACE('',(#10865),#10876,.T.);
#10865 = FACE_BOUND('',#10866,.T.);
#10866 = EDGE_LOOP('',(#10867,#10868,#10874,#10875));
#10867 = ORIENTED_EDGE('',*,*,#2478,.F.);
#10868 = ORIENTED_EDGE('',*,*,#10869,.F.);
#10869 = EDGE_CURVE('',#10609,#2447,#10870,.T.);
#10870 = LINE('',#10871,#10872);
#10871 = CARTESIAN_POINT('',(3.047731016499,8.468254581144,
    52.000002249963));
#10872 = VECTOR('',#10873,1.);
#10873 = DIRECTION('',(0.,0.,-1.));
#10874 = ORIENTED_EDGE('',*,*,#10640,.F.);
#10875 = ORIENTED_EDGE('',*,*,#8556,.F.);
#10876 = CYLINDRICAL_SURFACE('',#10877,9.);
#10877 = AXIS2_PLACEMENT_3D('',#10878,#10879,#10880);
#10878 = CARTESIAN_POINT('',(7.251148938276E-16,0.,52.000002249963));
#10879 = DIRECTION('',(0.,0.,-1.));
#10880 = DIRECTION('',(-1.,5.177809915847E-17,0.));
#10881 = ADVANCED_FACE('',(#10882),#10893,.T.);
#10882 = FACE_BOUND('',#10883,.T.);
#10883 = EDGE_LOOP('',(#10884,#10885,#10891,#10892));
#10884 = ORIENTED_EDGE('',*,*,#2446,.F.);
#10885 = ORIENTED_EDGE('',*,*,#10886,.F.);
#10886 = EDGE_CURVE('',#10585,#2413,#10887,.T.);
#10887 = LINE('',#10888,#10889);
#10888 = CARTESIAN_POINT('',(-3.061822416966,8.468254581144,
    52.000002249963));
#10889 = VECTOR('',#10890,1.);
#10890 = DIRECTION('',(8.374058701483E-15,-9.319498336361E-29,-1.));
#10891 = ORIENTED_EDGE('',*,*,#10616,.T.);
#10892 = ORIENTED_EDGE('',*,*,#10869,.T.);
#10893 = PLANE('',#10894);
#10894 = AXIS2_PLACEMENT_3D('',#10895,#10896,#10897);
#10895 = CARTESIAN_POINT('',(-7.045700233639E-03,8.468254581144,
    48.000002249963));
#10896 = DIRECTION('',(3.650603752828E-29,1.,1.9537532604E-15));
#10897 = DIRECTION('',(0.,-1.9537532604E-15,1.));
#10898 = ADVANCED_FACE('',(#10899),#10910,.T.);
#10899 = FACE_BOUND('',#10900,.T.);
#10900 = EDGE_LOOP('',(#10901,#10902,#10908,#10909));
#10901 = ORIENTED_EDGE('',*,*,#2412,.F.);
#10902 = ORIENTED_EDGE('',*,*,#10903,.F.);
#10903 = EDGE_CURVE('',#10552,#2381,#10904,.T.);
#10904 = LINE('',#10905,#10906);
#10905 = CARTESIAN_POINT('',(-9.014091400468,1.99856177826E-13,
    52.000002249963));
#10906 = VECTOR('',#10907,1.);
#10907 = DIRECTION('',(8.374058701483E-15,-9.319498336361E-29,-1.));
#10908 = ORIENTED_EDGE('',*,*,#10592,.F.);
#10909 = ORIENTED_EDGE('',*,*,#10886,.T.);
#10910 = CYLINDRICAL_SURFACE('',#10911,9.);
#10911 = AXIS2_PLACEMENT_3D('',#10912,#10913,#10914);
#10912 = CARTESIAN_POINT('',(-1.409140046758E-02,4.86227896646E-27,
    52.000002249963));
#10913 = DIRECTION('',(-8.374058701483E-15,9.319498336361E-29,1.));
#10914 = DIRECTION('',(1.,-2.220624198067E-14,8.374058701483E-15));
#10915 = ADVANCED_FACE('',(#10916),#10926,.F.);
#10916 = FACE_BOUND('',#10917,.T.);
#10917 = EDGE_LOOP('',(#10918,#10919));
#10918 = ORIENTED_EDGE('',*,*,#2649,.F.);
#10919 = ORIENTED_EDGE('',*,*,#10920,.T.);
#10920 = EDGE_CURVE('',#2595,#2578,#10921,.T.);
#10921 = CIRCLE('',#10922,2.35);
#10922 = AXIS2_PLACEMENT_3D('',#10923,#10924,#10925);
#10923 = CARTESIAN_POINT('',(-11.60638292809,-7.158765928241,
    47.000002249963));
#10924 = DIRECTION('',(-8.374058701483E-15,9.319498336361E-29,1.));
#10925 = DIRECTION('',(1.,-2.225802007982E-14,8.374058701483E-15));
#10926 = PLANE('',#10927);
#10927 = AXIS2_PLACEMENT_3D('',#10928,#10929,#10930);
#10928 = CARTESIAN_POINT('',(0.985908599532,2.025735131137,
    47.000002249963));
#10929 = DIRECTION('',(8.374058701483E-15,-9.319498336361E-29,-1.));
#10930 = DIRECTION('',(1.,-2.225802007982E-14,8.374058701483E-15));
#10931 = ADVANCED_FACE('',(#10932),#10945,.F.);
#10932 = FACE_BOUND('',#10933,.F.);
#10933 = EDGE_LOOP('',(#10934,#10940,#10941,#10942,#10943,#10944));
#10934 = ORIENTED_EDGE('',*,*,#10935,.T.);
#10935 = EDGE_CURVE('',#2586,#10527,#10936,.T.);
#10936 = LINE('',#10937,#10938);
#10937 = CARTESIAN_POINT('',(-13.95638292809,-7.158765928241,
    52.000002249963));
#10938 = VECTOR('',#10939,1.);
#10939 = DIRECTION('',(-8.374058701483E-15,9.319498336361E-29,1.));
#10940 = ORIENTED_EDGE('',*,*,#10536,.F.);
#10941 = ORIENTED_EDGE('',*,*,#10935,.F.);
#10942 = ORIENTED_EDGE('',*,*,#2594,.T.);
#10943 = ORIENTED_EDGE('',*,*,#10920,.T.);
#10944 = ORIENTED_EDGE('',*,*,#2585,.T.);
#10945 = CYLINDRICAL_SURFACE('',#10946,2.35);
#10946 = AXIS2_PLACEMENT_3D('',#10947,#10948,#10949);
#10947 = CARTESIAN_POINT('',(-11.60638292809,-7.158765928241,
    52.000002249963));
#10948 = DIRECTION('',(-8.374058701483E-15,9.319498336361E-29,1.));
#10949 = DIRECTION('',(1.,-2.225802007982E-14,8.374058701483E-15));
#10950 = ADVANCED_FACE('',(#10951),#10978,.T.);
#10951 = FACE_BOUND('',#10952,.T.);
#10952 = EDGE_LOOP('',(#10953,#10954,#10955,#10963,#10971,#10977));
#10953 = ORIENTED_EDGE('',*,*,#10126,.T.);
#10954 = ORIENTED_EDGE('',*,*,#10178,.T.);
#10955 = ORIENTED_EDGE('',*,*,#10956,.F.);
#10956 = EDGE_CURVE('',#10957,#10169,#10959,.T.);
#10957 = VERTEX_POINT('',#10958);
#10958 = CARTESIAN_POINT('',(-16.26142052253,17.099056657379,
    43.600002249963));
#10959 = LINE('',#10960,#10961);
#10960 = CARTESIAN_POINT('',(-16.26142052253,17.099056657379,
    43.600002249963));
#10961 = VECTOR('',#10962,1.);
#10962 = DIRECTION('',(-0.600937841867,0.527017476395,0.600937841867));
#10963 = ORIENTED_EDGE('',*,*,#10964,.T.);
#10964 = EDGE_CURVE('',#10957,#10965,#10967,.T.);
#10965 = VERTEX_POINT('',#10966);
#10966 = CARTESIAN_POINT('',(-16.26142052253,19.899528412127,
    43.600002249963));
#10967 = LINE('',#10968,#10969);
#10968 = CARTESIAN_POINT('',(-16.26142052253,21.934501059379,
    43.600002249963));
#10969 = VECTOR('',#10970,1.);
#10970 = DIRECTION('',(2.220624198067E-14,1.,-8.215650382229E-15));
#10971 = ORIENTED_EDGE('',*,*,#10972,.F.);
#10972 = EDGE_CURVE('',#10269,#10965,#10973,.T.);
#10973 = LINE('',#10974,#10975);
#10974 = CARTESIAN_POINT('',(-16.66056600722,19.473396400183,
    43.999147734657));
#10975 = VECTOR('',#10976,1.);
#10976 = DIRECTION('',(0.564351275257,0.602507490603,-0.564351275257));
#10977 = ORIENTED_EDGE('',*,*,#10268,.T.);
#10978 = PLANE('',#10979);
#10979 = AXIS2_PLACEMENT_3D('',#10980,#10981,#10982);
#10980 = CARTESIAN_POINT('',(-16.46142052253,21.934501059379,
    43.800002249963));
#10981 = DIRECTION('',(0.707106781187,-9.892842192066E-15,0.707106781187
    ));
#10982 = DIRECTION('',(0.707106781187,0.,-0.707106781187));
#10983 = ADVANCED_FACE('',(#10984),#11002,.T.);
#10984 = FACE_BOUND('',#10985,.T.);
#10985 = EDGE_LOOP('',(#10986,#10994,#11000,#11001));
#10986 = ORIENTED_EDGE('',*,*,#10987,.T.);
#10987 = EDGE_CURVE('',#10965,#10988,#10990,.T.);
#10988 = VERTEX_POINT('',#10989);
#10989 = CARTESIAN_POINT('',(-16.26142052253,19.899528412127,
    48.400002249963));
#10990 = LINE('',#10991,#10992);
#10991 = CARTESIAN_POINT('',(-16.26142052253,19.899528412127,
    46.000002249963));
#10992 = VECTOR('',#10993,1.);
#10993 = DIRECTION('',(-8.374058701482E-15,8.215650382229E-15,1.));
#10994 = ORIENTED_EDGE('',*,*,#10995,.T.);
#10995 = EDGE_CURVE('',#10988,#10304,#10996,.T.);
#10996 = LINE('',#10997,#10998);
#10997 = CARTESIAN_POINT('',(-16.26142052253,19.899528412127,
    48.400002249963));
#10998 = VECTOR('',#10999,1.);
#10999 = DIRECTION('',(-0.564351275257,-0.602507490603,-0.564351275257)
  );
#11000 = ORIENTED_EDGE('',*,*,#10312,.T.);
#11001 = ORIENTED_EDGE('',*,*,#10972,.T.);
#11002 = PLANE('',#11003);
#11003 = AXIS2_PLACEMENT_3D('',#11004,#11005,#11006);
#11004 = CARTESIAN_POINT('',(-16.46099326488,19.686462406155,
    46.000002249963));
#11005 = DIRECTION('',(0.729839033575,-0.68361903504,2.598662358263E-15)
  );
#11006 = DIRECTION('',(3.560596568167E-15,3.155443620884E-30,-1.));
#11007 = ADVANCED_FACE('',(#11008),#11028,.T.);
#11008 = FACE_BOUND('',#11009,.T.);
#11009 = EDGE_LOOP('',(#11010,#11018,#11024,#11025,#11026,#11027));
#11010 = ORIENTED_EDGE('',*,*,#11011,.T.);
#11011 = EDGE_CURVE('',#10988,#11012,#11014,.T.);
#11012 = VERTEX_POINT('',#11013);
#11013 = CARTESIAN_POINT('',(-16.26142052253,17.099056657379,
    48.400002249963));
#11014 = LINE('',#11015,#11016);
#11015 = CARTESIAN_POINT('',(-16.26142052253,21.934501059379,
    48.400002249963));
#11016 = VECTOR('',#11017,1.);
#11017 = DIRECTION('',(-2.220624198067E-14,-1.,8.215650382229E-15));
#11018 = ORIENTED_EDGE('',*,*,#11019,.F.);
#11019 = EDGE_CURVE('',#10171,#11012,#11020,.T.);
#11020 = LINE('',#11021,#11022);
#11021 = CARTESIAN_POINT('',(-16.65799936411,17.446852994571,
    48.003423408383));
#11022 = VECTOR('',#11023,1.);
#11023 = DIRECTION('',(0.600937841867,-0.527017476395,0.600937841867));
#11024 = ORIENTED_EDGE('',*,*,#10221,.T.);
#11025 = ORIENTED_EDGE('',*,*,#10236,.T.);
#11026 = ORIENTED_EDGE('',*,*,#10303,.T.);
#11027 = ORIENTED_EDGE('',*,*,#10995,.F.);
#11028 = PLANE('',#11029);
#11029 = AXIS2_PLACEMENT_3D('',#11030,#11031,#11032);
#11030 = CARTESIAN_POINT('',(-16.46142052253,21.934501059379,
    48.200002249963));
#11031 = DIRECTION('',(0.707106781187,-2.151152638633E-14,
    -0.707106781187));
#11032 = DIRECTION('',(-0.707106781187,-1.577721810442E-30,
    -0.707106781187));
#11033 = ADVANCED_FACE('',(#11034),#11045,.T.);
#11034 = FACE_BOUND('',#11035,.T.);
#11035 = EDGE_LOOP('',(#11036,#11042,#11043,#11044));
#11036 = ORIENTED_EDGE('',*,*,#11037,.T.);
#11037 = EDGE_CURVE('',#11012,#10957,#11038,.T.);
#11038 = LINE('',#11039,#11040);
#11039 = CARTESIAN_POINT('',(-16.26142052253,17.099056657379,
    46.000002249963));
#11040 = VECTOR('',#11041,1.);
#11041 = DIRECTION('',(8.374058701482E-15,-8.215650382229E-15,-1.));
#11042 = ORIENTED_EDGE('',*,*,#10956,.T.);
#11043 = ORIENTED_EDGE('',*,*,#10168,.T.);
#11044 = ORIENTED_EDGE('',*,*,#11019,.T.);
#11045 = PLANE('',#11046);
#11046 = AXIS2_PLACEMENT_3D('',#11047,#11048,#11049);
#11047 = CARTESIAN_POINT('',(-16.45970994332,17.272954825975,
    46.000002249963));
#11048 = DIRECTION('',(0.659352274198,0.751834142953,-8.903072931992E-15
    ));
#11049 = DIRECTION('',(-1.35027560841E-14,4.733165431326E-30,-1.));
#11050 = ADVANCED_FACE('',(#11051),#11078,.T.);
#11051 = FACE_BOUND('',#11052,.T.);
#11052 = EDGE_LOOP('',(#11053,#11063,#11069,#11070,#11071,#11072));
#11053 = ORIENTED_EDGE('',*,*,#11054,.T.);
#11054 = EDGE_CURVE('',#11055,#11057,#11059,.T.);
#11055 = VERTEX_POINT('',#11056);
#11056 = CARTESIAN_POINT('',(-16.26142052253,11.100471587873,
    43.600002249963));
#11057 = VERTEX_POINT('',#11058);
#11058 = CARTESIAN_POINT('',(-16.26142052253,13.900943342621,
    43.600002249963));
#11059 = LINE('',#11060,#11061);
#11060 = CARTESIAN_POINT('',(-16.26142052253,21.934501059379,
    43.600002249963));
#11061 = VECTOR('',#11062,1.);
#11062 = DIRECTION('',(2.220624198067E-14,1.,-8.215650382229E-15));
#11063 = ORIENTED_EDGE('',*,*,#11064,.F.);
#11064 = EDGE_CURVE('',#10187,#11057,#11065,.T.);
#11065 = LINE('',#11066,#11067);
#11066 = CARTESIAN_POINT('',(-16.65799936411,13.553147005429,
    43.996581091544));
#11067 = VECTOR('',#11068,1.);
#11068 = DIRECTION('',(0.600937841867,0.527017476395,-0.600937841867));
#11069 = ORIENTED_EDGE('',*,*,#10186,.T.);
#11070 = ORIENTED_EDGE('',*,*,#10145,.T.);
#11071 = ORIENTED_EDGE('',*,*,#10278,.T.);
#11072 = ORIENTED_EDGE('',*,*,#11073,.F.);
#11073 = EDGE_CURVE('',#11055,#10279,#11074,.T.);
#11074 = LINE('',#11075,#11076);
#11075 = CARTESIAN_POINT('',(-16.26142052253,11.100471587873,
    43.600002249963));
#11076 = VECTOR('',#11077,1.);
#11077 = DIRECTION('',(-0.564351275257,0.602507490603,0.564351275257));
#11078 = PLANE('',#11079);
#11079 = AXIS2_PLACEMENT_3D('',#11080,#11081,#11082);
#11080 = CARTESIAN_POINT('',(-16.46142052253,21.934501059379,
    43.800002249963));
#11081 = DIRECTION('',(0.707106781187,-9.892842192066E-15,0.707106781187
    ));
#11082 = DIRECTION('',(0.707106781187,0.,-0.707106781187));
#11083 = ADVANCED_FACE('',(#11084),#11102,.T.);
#11084 = FACE_BOUND('',#11085,.T.);
#11085 = EDGE_LOOP('',(#11086,#11094,#11100,#11101));
#11086 = ORIENTED_EDGE('',*,*,#11087,.T.);
#11087 = EDGE_CURVE('',#11057,#11088,#11090,.T.);
#11088 = VERTEX_POINT('',#11089);
#11089 = CARTESIAN_POINT('',(-16.26142052253,13.900943342621,
    48.400002249963));
#11090 = LINE('',#11091,#11092);
#11091 = CARTESIAN_POINT('',(-16.26142052253,13.900943342621,
    46.000002249963));
#11092 = VECTOR('',#11093,1.);
#11093 = DIRECTION('',(-8.374058701482E-15,8.215650382229E-15,1.));
#11094 = ORIENTED_EDGE('',*,*,#11095,.T.);
#11095 = EDGE_CURVE('',#11088,#10196,#11096,.T.);
#11096 = LINE('',#11097,#11098);
#11097 = CARTESIAN_POINT('',(-16.26142052253,13.900943342621,
    48.400002249963));
#11098 = VECTOR('',#11099,1.);
#11099 = DIRECTION('',(-0.600937841867,-0.527017476395,-0.600937841867)
  );
#11100 = ORIENTED_EDGE('',*,*,#10195,.T.);
#11101 = ORIENTED_EDGE('',*,*,#11064,.T.);
#11102 = PLANE('',#11103);
#11103 = AXIS2_PLACEMENT_3D('',#11104,#11105,#11106);
#11104 = CARTESIAN_POINT('',(-16.45970994332,13.727045174025,
    46.000002249963));
#11105 = DIRECTION('',(0.659352274198,-0.751834142953,3.450539995857E-15
    ));
#11106 = DIRECTION('',(5.23322680589E-15,5.127595883937E-30,-1.));
#11107 = ADVANCED_FACE('',(#11108),#11128,.T.);
#11108 = FACE_BOUND('',#11109,.T.);
#11109 = EDGE_LOOP('',(#11110,#11118,#11124,#11125,#11126,#11127));
#11110 = ORIENTED_EDGE('',*,*,#11111,.T.);
#11111 = EDGE_CURVE('',#11088,#11112,#11114,.T.);
#11112 = VERTEX_POINT('',#11113);
#11113 = CARTESIAN_POINT('',(-16.26142052253,11.100471587873,
    48.400002249963));
#11114 = LINE('',#11115,#11116);
#11115 = CARTESIAN_POINT('',(-16.26142052253,21.934501059379,
    48.400002249963));
#11116 = VECTOR('',#11117,1.);
#11117 = DIRECTION('',(-2.220624198067E-14,-1.,8.215650382229E-15));
#11118 = ORIENTED_EDGE('',*,*,#11119,.F.);
#11119 = EDGE_CURVE('',#10288,#11112,#11120,.T.);
#11120 = LINE('',#11121,#11122);
#11121 = CARTESIAN_POINT('',(-16.66056600722,11.526603599817,
    48.000856765269));
#11122 = VECTOR('',#11123,1.);
#11123 = DIRECTION('',(0.564351275257,-0.602507490603,0.564351275257));
#11124 = ORIENTED_EDGE('',*,*,#10295,.T.);
#11125 = ORIENTED_EDGE('',*,*,#10245,.T.);
#11126 = ORIENTED_EDGE('',*,*,#10203,.T.);
#11127 = ORIENTED_EDGE('',*,*,#11095,.F.);
#11128 = PLANE('',#11129);
#11129 = AXIS2_PLACEMENT_3D('',#11130,#11131,#11132);
#11130 = CARTESIAN_POINT('',(-16.46142052253,21.934501059379,
    48.200002249963));
#11131 = DIRECTION('',(0.707106781187,-2.151152638633E-14,
    -0.707106781187));
#11132 = DIRECTION('',(-0.707106781187,-1.577721810442E-30,
    -0.707106781187));
#11133 = ADVANCED_FACE('',(#11134),#11145,.T.);
#11134 = FACE_BOUND('',#11135,.T.);
#11135 = EDGE_LOOP('',(#11136,#11137,#11138,#11144));
#11136 = ORIENTED_EDGE('',*,*,#10287,.T.);
#11137 = ORIENTED_EDGE('',*,*,#11119,.T.);
#11138 = ORIENTED_EDGE('',*,*,#11139,.T.);
#11139 = EDGE_CURVE('',#11112,#11055,#11140,.T.);
#11140 = LINE('',#11141,#11142);
#11141 = CARTESIAN_POINT('',(-16.26142052253,11.100471587873,
    46.000002249963));
#11142 = VECTOR('',#11143,1.);
#11143 = DIRECTION('',(8.374058701482E-15,-8.215650382229E-15,-1.));
#11144 = ORIENTED_EDGE('',*,*,#11073,.T.);
#11145 = PLANE('',#11146);
#11146 = AXIS2_PLACEMENT_3D('',#11147,#11148,#11149);
#11147 = CARTESIAN_POINT('',(-16.46099326488,11.313537593845,
    46.000002249963));
#11148 = DIRECTION('',(0.729839033575,0.68361903504,-8.634087614795E-15)
  );
#11149 = DIRECTION('',(-1.183012584638E-14,2.99767143984E-29,-1.));
#11150 = ADVANCED_FACE('',(#11151),#11164,.T.);
#11151 = FACE_BOUND('',#11152,.T.);
#11152 = EDGE_LOOP('',(#11153,#11154,#11160,#11161,#11162,#11163));
#11153 = ORIENTED_EDGE('',*,*,#2327,.F.);
#11154 = ORIENTED_EDGE('',*,*,#11155,.F.);
#11155 = EDGE_CURVE('',#10554,#2320,#11156,.T.);
#11156 = LINE('',#11157,#11158);
#11157 = CARTESIAN_POINT('',(-16.26142052253,3.607921220241E-13,
    52.000002249963));
#11158 = VECTOR('',#11159,1.);
#11159 = DIRECTION('',(8.374058701483E-15,-9.319498336361E-29,-1.));
#11160 = ORIENTED_EDGE('',*,*,#10551,.F.);
#11161 = ORIENTED_EDGE('',*,*,#10903,.T.);
#11162 = ORIENTED_EDGE('',*,*,#2380,.F.);
#11163 = ORIENTED_EDGE('',*,*,#2349,.F.);
#11164 = PLANE('',#11165);
#11165 = AXIS2_PLACEMENT_3D('',#11166,#11167,#11168);
#11166 = CARTESIAN_POINT('',(-16.26142052253,3.607921220241E-13,
    52.000002249963));
#11167 = DIRECTION('',(2.220624198067E-14,1.,9.276139052181E-29));
#11168 = DIRECTION('',(1.,-2.220624198067E-14,8.374058701483E-15));
#11169 = ADVANCED_FACE('',(#11170),#11197,.F.);
#11170 = FACE_BOUND('',#11171,.F.);
#11171 = EDGE_LOOP('',(#11172,#11182,#11189,#11190));
#11172 = ORIENTED_EDGE('',*,*,#11173,.T.);
#11173 = EDGE_CURVE('',#11174,#11176,#11178,.T.);
#11174 = VERTEX_POINT('',#11175);
#11175 = CARTESIAN_POINT('',(27.297329122067,3.332711669927,
    34.720394978942));
#11176 = VERTEX_POINT('',#11177);
#11177 = CARTESIAN_POINT('',(27.097329122067,3.332711669927,
    34.720394978942));
#11178 = LINE('',#11179,#11180);
#11179 = CARTESIAN_POINT('',(27.697329122067,3.332711669927,
    34.720394978942));
#11180 = VECTOR('',#11181,1.);
#11181 = DIRECTION('',(-1.,-7.401486830834E-16,0.));
#11182 = ORIENTED_EDGE('',*,*,#11183,.T.);
#11183 = EDGE_CURVE('',#11176,#11176,#11184,.T.);
#11184 = CIRCLE('',#11185,14.5);
#11185 = AXIS2_PLACEMENT_3D('',#11186,#11187,#11188);
#11186 = CARTESIAN_POINT('',(27.097329122067,3.332711669927,
    20.220394978942));
#11187 = DIRECTION('',(1.,0.,0.));
#11188 = DIRECTION('',(0.,-1.224191784701E-39,-1.));
#11189 = ORIENTED_EDGE('',*,*,#11173,.F.);
#11190 = ORIENTED_EDGE('',*,*,#11191,.T.);
#11191 = EDGE_CURVE('',#11174,#11174,#11192,.T.);
#11192 = CIRCLE('',#11193,14.5);
#11193 = AXIS2_PLACEMENT_3D('',#11194,#11195,#11196);
#11194 = CARTESIAN_POINT('',(27.297329122067,3.332711669927,
    20.220394978942));
#11195 = DIRECTION('',(-1.,-6.813092443001E-16,-1.653975949043E-24));
#11196 = DIRECTION('',(1.653975949043E-24,-9.732268076824E-41,-1.));
#11197 = CYLINDRICAL_SURFACE('',#11198,14.5);
#11198 = AXIS2_PLACEMENT_3D('',#11199,#11200,#11201);
#11199 = CARTESIAN_POINT('',(27.697329122067,3.332711669927,
    20.220394978942));
#11200 = DIRECTION('',(-1.,-7.401486830834E-16,0.));
#11201 = DIRECTION('',(9.060839372882E-55,-1.224191784701E-39,-1.));
#11202 = ADVANCED_FACE('',(#11203),#11221,.T.);
#11203 = FACE_BOUND('',#11204,.T.);
#11204 = EDGE_LOOP('',(#11205,#11206,#11214,#11220));
#11205 = ORIENTED_EDGE('',*,*,#4213,.T.);
#11206 = ORIENTED_EDGE('',*,*,#11207,.T.);
#11207 = EDGE_CURVE('',#4206,#11208,#11210,.T.);
#11208 = VERTEX_POINT('',#11209);
#11209 = CARTESIAN_POINT('',(16.247329122067,19.369002118757,
    51.000002249963));
#11210 = LINE('',#11211,#11212);
#11211 = CARTESIAN_POINT('',(14.989504786397,20.626826454427,
    49.742177914293));
#11212 = VECTOR('',#11213,1.);
#11213 = DIRECTION('',(-0.57735026919,0.57735026919,-0.57735026919));
#11214 = ORIENTED_EDGE('',*,*,#11215,.T.);
#11215 = EDGE_CURVE('',#11208,#8645,#11216,.T.);
#11216 = LINE('',#11217,#11218);
#11217 = CARTESIAN_POINT('',(16.247329122067,13.828557763635,
    51.000002249963));
#11218 = VECTOR('',#11219,1.);
#11219 = DIRECTION('',(-5.177809915847E-17,-1.,0.));
#11220 = ORIENTED_EDGE('',*,*,#10834,.T.);
#11221 = PLANE('',#11222);
#11222 = AXIS2_PLACEMENT_3D('',#11223,#11224,#11225);
#11223 = CARTESIAN_POINT('',(16.747329122067,13.828557763635,
    51.500002249963));
#11224 = DIRECTION('',(-0.707106781187,3.66126450319E-17,0.707106781187)
  );
#11225 = DIRECTION('',(0.707106781187,-3.66126450319E-17,0.707106781187)
  );
#11226 = ADVANCED_FACE('',(#11227),#11238,.F.);
#11227 = FACE_BOUND('',#11228,.F.);
#11228 = EDGE_LOOP('',(#11229,#11235,#11236,#11237));
#11229 = ORIENTED_EDGE('',*,*,#11230,.T.);
#11230 = EDGE_CURVE('',#708,#11176,#11231,.T.);
#11231 = LINE('',#11232,#11233);
#11232 = CARTESIAN_POINT('',(26.897329122067,3.332711669927,
    34.920394978942));
#11233 = VECTOR('',#11234,1.);
#11234 = DIRECTION('',(0.707106781187,-8.659560562355E-17,
    -0.707106781187));
#11235 = ORIENTED_EDGE('',*,*,#11183,.F.);
#11236 = ORIENTED_EDGE('',*,*,#11230,.F.);
#11237 = ORIENTED_EDGE('',*,*,#707,.F.);
#11238 = CONICAL_SURFACE('',#11239,14.7,0.785398163397);
#11239 = AXIS2_PLACEMENT_3D('',#11240,#11241,#11242);
#11240 = CARTESIAN_POINT('',(26.897329122067,3.332711669927,
    20.220394978942));
#11241 = DIRECTION('',(-1.,0.,0.));
#11242 = DIRECTION('',(-0.,-1.224191784701E-39,-1.));
#11243 = ADVANCED_FACE('',(#11244),#11269,.T.);
#11244 = FACE_BOUND('',#11245,.T.);
#11245 = EDGE_LOOP('',(#11246,#11254,#11255,#11263));
#11246 = ORIENTED_EDGE('',*,*,#11247,.F.);
#11247 = EDGE_CURVE('',#667,#11248,#11250,.T.);
#11248 = VERTEX_POINT('',#11249);
#11249 = CARTESIAN_POINT('',(25.047329122067,15.21862835007,
    37.000002249963));
#11250 = LINE('',#11251,#11252);
#11251 = CARTESIAN_POINT('',(25.047329122067,15.21862835007,
    37.000002249963));
#11252 = VECTOR('',#11253,1.);
#11253 = DIRECTION('',(-1.,1.112901003991E-14,1.240402347436E-15));
#11254 = ORIENTED_EDGE('',*,*,#666,.F.);
#11255 = ORIENTED_EDGE('',*,*,#11256,.F.);
#11256 = EDGE_CURVE('',#11257,#659,#11259,.T.);
#11257 = VERTEX_POINT('',#11258);
#11258 = CARTESIAN_POINT('',(25.047329122067,15.21862835007,
    40.200002249963));
#11259 = LINE('',#11260,#11261);
#11260 = CARTESIAN_POINT('',(21.722329122067,15.21862835007,
    40.200002249963));
#11261 = VECTOR('',#11262,1.);
#11262 = DIRECTION('',(1.,-1.112901003991E-14,0.));
#11263 = ORIENTED_EDGE('',*,*,#11264,.T.);
#11264 = EDGE_CURVE('',#11257,#11248,#11265,.T.);
#11265 = LINE('',#11266,#11267);
#11266 = CARTESIAN_POINT('',(25.047329122067,15.21862835007,
    39.000002249963));
#11267 = VECTOR('',#11268,1.);
#11268 = DIRECTION('',(1.506432264116E-16,1.094452744774E-15,-1.));
#11269 = PLANE('',#11270);
#11270 = AXIS2_PLACEMENT_3D('',#11271,#11272,#11273);
#11271 = CARTESIAN_POINT('',(26.697329122067,15.21862835007,
    40.200008499508));
#11272 = DIRECTION('',(-1.112901003991E-14,-1.,-5.669899381528E-15));
#11273 = DIRECTION('',(-1.,1.112901003991E-14,4.929140962719E-24));
#11274 = ADVANCED_FACE('',(#11275),#11295,.T.);
#11275 = FACE_BOUND('',#11276,.T.);
#11276 = EDGE_LOOP('',(#11277,#11285,#11291,#11292,#11293,#11294));
#11277 = ORIENTED_EDGE('',*,*,#11278,.F.);
#11278 = EDGE_CURVE('',#11279,#781,#11281,.T.);
#11279 = VERTEX_POINT('',#11280);
#11280 = CARTESIAN_POINT('',(25.047329122067,19.619002118757,
    40.200002249963));
#11281 = LINE('',#11282,#11283);
#11282 = CARTESIAN_POINT('',(16.281482573553,19.619002118757,
    40.200002249963));
#11283 = VECTOR('',#11284,1.);
#11284 = DIRECTION('',(-1.,4.876068628153E-16,0.));
#11285 = ORIENTED_EDGE('',*,*,#11286,.F.);
#11286 = EDGE_CURVE('',#11257,#11279,#11287,.T.);
#11287 = LINE('',#11288,#11289);
#11288 = CARTESIAN_POINT('',(25.047329122067,-1.58137164993,
    40.200002249963));
#11289 = VECTOR('',#11290,1.);
#11290 = DIRECTION('',(-1.598439244069E-15,1.,0.));
#11291 = ORIENTED_EDGE('',*,*,#11256,.T.);
#11292 = ORIENTED_EDGE('',*,*,#658,.T.);
#11293 = ORIENTED_EDGE('',*,*,#860,.T.);
#11294 = ORIENTED_EDGE('',*,*,#788,.F.);
#11295 = PLANE('',#11296);
#11296 = AXIS2_PLACEMENT_3D('',#11297,#11298,#11299);
#11297 = CARTESIAN_POINT('',(16.747329122067,-18.58137164993,
    40.200002249963));
#11298 = DIRECTION('',(0.,0.,-1.));
#11299 = DIRECTION('',(5.177809915847E-17,1.,0.));
#11300 = ADVANCED_FACE('',(#11301),#11319,.F.);
#11301 = FACE_BOUND('',#11302,.T.);
#11302 = EDGE_LOOP('',(#11303,#11311,#11312,#11313));
#11303 = ORIENTED_EDGE('',*,*,#11304,.F.);
#11304 = EDGE_CURVE('',#11248,#11305,#11307,.T.);
#11305 = VERTEX_POINT('',#11306);
#11306 = CARTESIAN_POINT('',(25.047329122067,19.619002118757,
    37.000002249963));
#11307 = LINE('',#11308,#11309);
#11308 = CARTESIAN_POINT('',(25.047329122067,19.569002118757,
    37.000002249963));
#11309 = VECTOR('',#11310,1.);
#11310 = DIRECTION('',(1.112901003991E-14,1.,-1.020806803192E-15));
#11311 = ORIENTED_EDGE('',*,*,#11264,.F.);
#11312 = ORIENTED_EDGE('',*,*,#11286,.T.);
#11313 = ORIENTED_EDGE('',*,*,#11314,.T.);
#11314 = EDGE_CURVE('',#11279,#11305,#11315,.T.);
#11315 = LINE('',#11316,#11317);
#11316 = CARTESIAN_POINT('',(25.047329122067,19.619002118757,
    39.600005374736));
#11317 = VECTOR('',#11318,1.);
#11318 = DIRECTION('',(1.506432264117E-16,8.581791903789E-31,-1.));
#11319 = PLANE('',#11320);
#11320 = AXIS2_PLACEMENT_3D('',#11321,#11322,#11323);
#11321 = CARTESIAN_POINT('',(25.047329122067,15.41862835007,
    39.000008499508));
#11322 = DIRECTION('',(1.,1.598439244069E-15,1.506432264117E-16));
#11323 = DIRECTION('',(-1.598439244069E-15,1.,-2.85241915559E-15));
#11324 = ADVANCED_FACE('',(#11325),#11336,.T.);
#11325 = FACE_BOUND('',#11326,.T.);
#11326 = EDGE_LOOP('',(#11327,#11333,#11334,#11335));
#11327 = ORIENTED_EDGE('',*,*,#11328,.T.);
#11328 = EDGE_CURVE('',#11305,#675,#11329,.T.);
#11329 = LINE('',#11330,#11331);
#11330 = CARTESIAN_POINT('',(21.326533305545,19.619002118757,
    37.000002249963));
#11331 = VECTOR('',#11332,1.);
#11332 = DIRECTION('',(1.,-4.876068628153E-16,1.506432264116E-16));
#11333 = ORIENTED_EDGE('',*,*,#674,.T.);
#11334 = ORIENTED_EDGE('',*,*,#11247,.T.);
#11335 = ORIENTED_EDGE('',*,*,#11304,.T.);
#11336 = PLANE('',#11337);
#11337 = AXIS2_PLACEMENT_3D('',#11338,#11339,#11340);
#11338 = CARTESIAN_POINT('',(26.837430586051,5.736455921533,
    37.000002249963));
#11339 = DIRECTION('',(1.506432264116E-16,1.094452744774E-15,-1.));
#11340 = DIRECTION('',(1.112901003991E-14,1.,1.094452744774E-15));
#11341 = ADVANCED_FACE('',(#11342),#11379,.T.);
#11342 = FACE_BOUND('',#11343,.T.);
#11343 = EDGE_LOOP('',(#11344,#11354,#11365,#11373));
#11344 = ORIENTED_EDGE('',*,*,#11345,.F.);
#11345 = EDGE_CURVE('',#11346,#11348,#11350,.T.);
#11346 = VERTEX_POINT('',#11347);
#11347 = CARTESIAN_POINT('',(12.992329122067,31.03453810974,
    9.733523072347));
#11348 = VERTEX_POINT('',#11349);
#11349 = CARTESIAN_POINT('',(12.992329122067,31.034537988617,
    36.745002249963));
#11350 = LINE('',#11351,#11352);
#11351 = CARTESIAN_POINT('',(12.992329122067,31.034538106401,
    10.50000058416));
#11352 = VECTOR('',#11353,1.);
#11353 = DIRECTION('',(-2.323724501757E-25,-4.487852083262E-09,1.));
#11354 = ORIENTED_EDGE('',*,*,#11355,.T.);
#11355 = EDGE_CURVE('',#11346,#11356,#11358,.T.);
#11356 = VERTEX_POINT('',#11357);
#11357 = CARTESIAN_POINT('',(12.992329122067,22.698561623814,
    9.746524365819));
#11358 = B_SPLINE_CURVE_WITH_KNOTS('',3,(#11359,#11360,#11361,#11362,
    #11363,#11364),.UNSPECIFIED.,.F.,.F.,(4,2,4),(9.999987167775E-07,
    0.416800331247,0.833599662473),.UNSPECIFIED.);
#11359 = CARTESIAN_POINT('',(12.992329122067,31.034538109753,
    9.733523072347));
#11360 = CARTESIAN_POINT('',(12.992329122067,29.645208690538,
    9.735686840289));
#11361 = CARTESIAN_POINT('',(12.992329122067,28.255879273741,
    9.737852161527));
#11362 = CARTESIAN_POINT('',(12.992329122067,25.477220445087,
    9.742185922161));
#11363 = CARTESIAN_POINT('',(12.992329122067,24.087891033228,
    9.744354361557));
#11364 = CARTESIAN_POINT('',(12.992329122067,22.698561623814,
    9.746524365817));
#11365 = ORIENTED_EDGE('',*,*,#11366,.F.);
#11366 = EDGE_CURVE('',#11367,#11356,#11369,.T.);
#11367 = VERTEX_POINT('',#11368);
#11368 = CARTESIAN_POINT('',(12.992329122067,22.698561623942,
    36.745002249963));
#11369 = LINE('',#11370,#11371);
#11370 = CARTESIAN_POINT('',(12.992329122067,22.698561623942,
    -1.379849866991E-06));
#11371 = VECTOR('',#11372,1.);
#11372 = DIRECTION('',(0.,2.353461917149E-17,-1.));
#11373 = ORIENTED_EDGE('',*,*,#11374,.T.);
#11374 = EDGE_CURVE('',#11367,#11348,#11375,.T.);
#11375 = LINE('',#11376,#11377);
#11376 = CARTESIAN_POINT('',(12.992329122067,16.756408676556,
    36.745002249963));
#11377 = VECTOR('',#11378,1.);
#11378 = DIRECTION('',(5.177809915847E-17,1.,0.));
#11379 = PLANE('',#11380);
#11380 = AXIS2_PLACEMENT_3D('',#11381,#11382,#11383);
#11381 = CARTESIAN_POINT('',(12.992329122067,21.369002118757,0.));
#11382 = DIRECTION('',(-1.,5.177809915847E-17,0.));
#11383 = DIRECTION('',(-5.177809915847E-17,-1.,0.));
#11384 = ADVANCED_FACE('',(#11385),#11418,.T.);
#11385 = FACE_BOUND('',#11386,.T.);
#11386 = EDGE_LOOP('',(#11387,#11395,#11396,#11404,#11412));
#11387 = ORIENTED_EDGE('',*,*,#11388,.F.);
#11388 = EDGE_CURVE('',#749,#11389,#11391,.T.);
#11389 = VERTEX_POINT('',#11390);
#11390 = CARTESIAN_POINT('',(15.133115559563,-10.53168754341,
    9.802283748656));
#11391 = LINE('',#11392,#11393);
#11392 = CARTESIAN_POINT('',(15.042971892487,-10.59542874167,
    9.802283748656));
#11393 = VECTOR('',#11394,1.);
#11394 = DIRECTION('',(-0.816496580953,-0.577350269154,
    4.373018103357E-15));
#11395 = ORIENTED_EDGE('',*,*,#748,.T.);
#11396 = ORIENTED_EDGE('',*,*,#11397,.T.);
#11397 = EDGE_CURVE('',#741,#11398,#11400,.T.);
#11398 = VERTEX_POINT('',#11399);
#11399 = CARTESIAN_POINT('',(14.547329121698,-9.531687543411,
    11.802283748656));
#11400 = LINE('',#11401,#11402);
#11401 = CARTESIAN_POINT('',(13.448470996214,-9.531687543411,
    12.901141873938));
#11402 = VECTOR('',#11403,1.);
#11403 = DIRECTION('',(-0.707106781252,6.198307662603E-15,0.707106781121
    ));
#11404 = ORIENTED_EDGE('',*,*,#11405,.F.);
#11405 = EDGE_CURVE('',#11406,#11398,#11408,.T.);
#11406 = VERTEX_POINT('',#11407);
#11407 = CARTESIAN_POINT('',(14.547329121698,-10.53168754341,
    10.388070186413));
#11408 = LINE('',#11409,#11410);
#11409 = CARTESIAN_POINT('',(14.547329121698,-5.959660791353,
    16.853892426111));
#11410 = VECTOR('',#11411,1.);
#11411 = DIRECTION('',(2.989410351379E-17,0.577350269225,0.816496580903)
  );
#11412 = ORIENTED_EDGE('',*,*,#11413,.T.);
#11413 = EDGE_CURVE('',#11406,#11389,#11414,.T.);
#11414 = LINE('',#11415,#11416);
#11415 = CARTESIAN_POINT('',(12.741364215093,-10.53168754341,
    12.194035092686));
#11416 = VECTOR('',#11417,1.);
#11417 = DIRECTION('',(0.707106781252,-6.198307662603E-15,
    -0.707106781121));
#11418 = PLANE('',#11419);
#11419 = AXIS2_PLACEMENT_3D('',#11420,#11421,#11422);
#11420 = CARTESIAN_POINT('',(13.094917605653,-10.03168754341,
    12.547588483312));
#11421 = DIRECTION('',(0.499999999954,-0.707106781187,0.500000000046));
#11422 = DIRECTION('',(0.707106781252,-5.551115123126E-17,
    -0.707106781121));
#11423 = ADVANCED_FACE('',(#11424),#11460,.F.);
#11424 = FACE_BOUND('',#11425,.F.);
#11425 = EDGE_LOOP('',(#11426,#11437,#11445,#11454));
#11426 = ORIENTED_EDGE('',*,*,#11427,.F.);
#11427 = EDGE_CURVE('',#11428,#11430,#11432,.T.);
#11428 = VERTEX_POINT('',#11429);
#11429 = CARTESIAN_POINT('',(16.247329122067,29.540574994011,
    40.82842937471));
#11430 = VERTEX_POINT('',#11431);
#11431 = CARTESIAN_POINT('',(15.66154268444,30.954788556384,
    39.414215812336));
#11432 = ELLIPSE('',#11433,2.828427124746,2.);
#11433 = AXIS2_PLACEMENT_3D('',#11434,#11435,#11436);
#11434 = CARTESIAN_POINT('',(14.247329122067,29.540574994011,
    40.82842937471));
#11435 = DIRECTION('',(3.66126450319E-17,0.707106781187,0.707106781187)
  );
#11436 = DIRECTION('',(-4.906538933387E-17,0.707106781187,
    -0.707106781187));
#11437 = ORIENTED_EDGE('',*,*,#11438,.F.);
#11438 = EDGE_CURVE('',#11439,#11428,#11441,.T.);
#11439 = VERTEX_POINT('',#11440);
#11440 = CARTESIAN_POINT('',(16.247329122067,-11.93174541885,
    40.82842937471));
#11441 = LINE('',#11442,#11443);
#11442 = CARTESIAN_POINT('',(16.247329122067,20.256408676556,
    40.82842937471));
#11443 = VECTOR('',#11444,1.);
#11444 = DIRECTION('',(5.177809915847E-17,1.,0.));
#11445 = ORIENTED_EDGE('',*,*,#11446,.T.);
#11446 = EDGE_CURVE('',#11439,#11447,#11449,.T.);
#11447 = VERTEX_POINT('',#11448);
#11448 = CARTESIAN_POINT('',(15.66154268444,-11.93174541885,
    39.414215812336));
#11449 = CIRCLE('',#11450,2.);
#11450 = AXIS2_PLACEMENT_3D('',#11451,#11452,#11453);
#11451 = CARTESIAN_POINT('',(14.247329122067,-11.93174541885,
    40.82842937471));
#11452 = DIRECTION('',(-1.708523719121E-16,1.,-9.860761315263E-32));
#11453 = DIRECTION('',(0.923879532511,1.578470094906E-16,-0.382683432365
    ));
#11454 = ORIENTED_EDGE('',*,*,#11455,.F.);
#11455 = EDGE_CURVE('',#11430,#11447,#11456,.T.);
#11456 = LINE('',#11457,#11458);
#11457 = CARTESIAN_POINT('',(15.66154268444,20.256408676556,
    39.414215812336));
#11458 = VECTOR('',#11459,1.);
#11459 = DIRECTION('',(-5.177809915847E-17,-1.,4.357881996053E-33));
#11460 = CYLINDRICAL_SURFACE('',#11461,2.);
#11461 = AXIS2_PLACEMENT_3D('',#11462,#11463,#11464);
#11462 = CARTESIAN_POINT('',(14.247329122067,20.256408676556,
    40.82842937471));
#11463 = DIRECTION('',(5.177809915847E-17,1.,0.));
#11464 = DIRECTION('',(0.923879532511,-4.783672604485E-17,
    -0.382683432365));
#11465 = ADVANCED_FACE('',(#11466,#11486,#11492),#11498,.F.);
#11466 = FACE_BOUND('',#11467,.T.);
#11467 = EDGE_LOOP('',(#11468,#11469,#11475,#11476,#11477,#11478,#11479,
    #11480));
#11468 = ORIENTED_EDGE('',*,*,#11438,.F.);
#11469 = ORIENTED_EDGE('',*,*,#11470,.F.);
#11470 = EDGE_CURVE('',#2671,#11439,#11471,.T.);
#11471 = LINE('',#11472,#11473);
#11472 = CARTESIAN_POINT('',(16.247329122067,-11.93174541885,
    21.000001124982));
#11473 = VECTOR('',#11474,1.);
#11474 = DIRECTION('',(-4.93240231504E-48,-9.52603976431E-32,-1.));
#11475 = ORIENTED_EDGE('',*,*,#2670,.T.);
#11476 = ORIENTED_EDGE('',*,*,#2553,.T.);
#11477 = ORIENTED_EDGE('',*,*,#8614,.F.);
#11478 = ORIENTED_EDGE('',*,*,#8652,.F.);
#11479 = ORIENTED_EDGE('',*,*,#11215,.F.);
#11480 = ORIENTED_EDGE('',*,*,#11481,.T.);
#11481 = EDGE_CURVE('',#11208,#11428,#11482,.T.);
#11482 = LINE('',#11483,#11484);
#11483 = CARTESIAN_POINT('',(16.247329122067,25.869002118757,
    44.500002249963));
#11484 = VECTOR('',#11485,1.);
#11485 = DIRECTION('',(3.66126450319E-17,0.707106781187,-0.707106781187)
  );
#11486 = FACE_BOUND('',#11487,.T.);
#11487 = EDGE_LOOP('',(#11488,#11489,#11490,#11491));
#11488 = ORIENTED_EDGE('',*,*,#10509,.F.);
#11489 = ORIENTED_EDGE('',*,*,#10483,.F.);
#11490 = ORIENTED_EDGE('',*,*,#10459,.F.);
#11491 = ORIENTED_EDGE('',*,*,#10436,.F.);
#11492 = FACE_BOUND('',#11493,.T.);
#11493 = EDGE_LOOP('',(#11494,#11495,#11496,#11497));
#11494 = ORIENTED_EDGE('',*,*,#10409,.F.);
#11495 = ORIENTED_EDGE('',*,*,#10386,.F.);
#11496 = ORIENTED_EDGE('',*,*,#10359,.F.);
#11497 = ORIENTED_EDGE('',*,*,#10326,.F.);
#11498 = PLANE('',#11499);
#11499 = AXIS2_PLACEMENT_3D('',#11500,#11501,#11502);
#11500 = CARTESIAN_POINT('',(16.247329122067,28.369002118757,
    42.000002249963));
#11501 = DIRECTION('',(1.,-5.177809915847E-17,0.));
#11502 = DIRECTION('',(-5.177809915847E-17,-1.,0.));
#11503 = ADVANCED_FACE('',(#11504),#11541,.F.);
#11504 = FACE_BOUND('',#11505,.T.);
#11505 = EDGE_LOOP('',(#11506,#11516,#11524,#11532));
#11506 = ORIENTED_EDGE('',*,*,#11507,.F.);
#11507 = EDGE_CURVE('',#11508,#11510,#11512,.T.);
#11508 = VERTEX_POINT('',#11509);
#11509 = CARTESIAN_POINT('',(-13.00642052253,31.034537988618,
    36.745002249963));
#11510 = VERTEX_POINT('',#11511);
#11511 = CARTESIAN_POINT('',(-13.00642052253,31.034538109741,
    9.733523072347));
#11512 = LINE('',#11513,#11514);
#11513 = CARTESIAN_POINT('',(-13.00642052253,31.034538106401,
    10.50000058416));
#11514 = VECTOR('',#11515,1.);
#11515 = DIRECTION('',(8.374058801141E-15,4.487852083262E-09,-1.));
#11516 = ORIENTED_EDGE('',*,*,#11517,.F.);
#11517 = EDGE_CURVE('',#11518,#11508,#11520,.T.);
#11518 = VERTEX_POINT('',#11519);
#11519 = CARTESIAN_POINT('',(-13.00642052253,22.838503838972,
    36.745002249963));
#11520 = LINE('',#11521,#11522);
#11521 = CARTESIAN_POINT('',(-13.00642052253,16.756408676556,
    36.745002249963));
#11522 = VECTOR('',#11523,1.);
#11523 = DIRECTION('',(2.220624198067E-14,1.,9.276139052181E-29));
#11524 = ORIENTED_EDGE('',*,*,#11525,.F.);
#11525 = EDGE_CURVE('',#11526,#11518,#11528,.T.);
#11526 = VERTEX_POINT('',#11527);
#11527 = CARTESIAN_POINT('',(-13.00642052253,22.838503838864,
    9.746305794292));
#11528 = LINE('',#11529,#11530);
#11529 = CARTESIAN_POINT('',(-13.00642052253,22.838503838972,
    -1.379849891392E-06));
#11530 = VECTOR('',#11531,1.);
#11531 = DIRECTION('',(-8.374058701483E-15,-2.353461917132E-17,1.));
#11532 = ORIENTED_EDGE('',*,*,#11533,.T.);
#11533 = EDGE_CURVE('',#11526,#11510,#11534,.T.);
#11534 = B_SPLINE_CURVE_WITH_KNOTS('',3,(#11535,#11536,#11537,#11538,
    #11539,#11540),.UNSPECIFIED.,.F.,.F.,(4,2,4),(9.999999995767E-07,
    0.40980321195,0.8196054239),.UNSPECIFIED.);
#11535 = CARTESIAN_POINT('',(-13.00642052253,22.838503838864,
    9.74630579429));
#11536 = CARTESIAN_POINT('',(-13.00642052253,24.204509545968,
    9.744172322812));
#11537 = CARTESIAN_POINT('',(-13.00642052253,25.570515255436,
    9.742040363909));
#11538 = CARTESIAN_POINT('',(-13.00642052253,28.302526679073,
    9.737779460259));
#11539 = CARTESIAN_POINT('',(-13.00642052253,29.668532393244,
    9.735650515513));
#11540 = CARTESIAN_POINT('',(-13.00642052253,31.034538109753,
    9.733523072347));
#11541 = PLANE('',#11542);
#11542 = AXIS2_PLACEMENT_3D('',#11543,#11544,#11545);
#11543 = CARTESIAN_POINT('',(-13.00642052253,21.369002118758,
    -1.087985267372E-13));
#11544 = DIRECTION('',(-1.,2.220624198067E-14,-8.374058701483E-15));
#11545 = DIRECTION('',(-2.220624198067E-14,-1.,-9.276139052181E-29));
#11546 = ADVANCED_FACE('',(#11547),#11558,.F.);
#11547 = FACE_BOUND('',#11548,.T.);
#11548 = EDGE_LOOP('',(#11549,#11555,#11556,#11557));
#11549 = ORIENTED_EDGE('',*,*,#11550,.F.);
#11550 = EDGE_CURVE('',#9005,#10554,#11551,.T.);
#11551 = LINE('',#11552,#11553);
#11552 = CARTESIAN_POINT('',(-16.26142052253,13.828557763635,
    51.000002249963));
#11553 = VECTOR('',#11554,1.);
#11554 = DIRECTION('',(-2.220624198067E-14,-1.,-9.276139052181E-29));
#11555 = ORIENTED_EDGE('',*,*,#9004,.F.);
#11556 = ORIENTED_EDGE('',*,*,#4365,.F.);
#11557 = ORIENTED_EDGE('',*,*,#10561,.T.);
#11558 = PLANE('',#11559);
#11559 = AXIS2_PLACEMENT_3D('',#11560,#11561,#11562);
#11560 = CARTESIAN_POINT('',(-16.76142052253,13.828557763635,
    51.500002249963));
#11561 = DIRECTION('',(-0.707106781187,1.57021842892E-14,-0.707106781187
    ));
#11562 = DIRECTION('',(-0.707106781187,1.57021842892E-14,0.707106781187)
  );
#11563 = ADVANCED_FACE('',(#11564),#11575,.T.);
#11564 = FACE_BOUND('',#11565,.T.);
#11565 = EDGE_LOOP('',(#11566));
#11566 = ORIENTED_EDGE('',*,*,#11567,.F.);
#11567 = EDGE_CURVE('',#11568,#11568,#11570,.T.);
#11568 = VERTEX_POINT('',#11569);
#11569 = CARTESIAN_POINT('',(-19.70546131568,-23.98180762238,
    4.99999862015));
#11570 = CIRCLE('',#11571,2.35);
#11571 = AXIS2_PLACEMENT_3D('',#11572,#11573,#11574);
#11572 = CARTESIAN_POINT('',(-22.05546131568,-23.98180762238,
    4.99999862015));
#11573 = DIRECTION('',(-7.258939301548E-15,2.204397094512E-22,1.));
#11574 = DIRECTION('',(-1.,2.584044089815E-14,-7.258939301548E-15));
#11575 = PLANE('',#11576);
#11576 = AXIS2_PLACEMENT_3D('',#11577,#11578,#11579);
#11577 = CARTESIAN_POINT('',(-18.65892052253,2.352661090667,
    4.99999862015));
#11578 = DIRECTION('',(7.258939301548E-15,-2.204397094512E-22,-1.));
#11579 = DIRECTION('',(-1.,2.584044089815E-14,-7.258939301548E-15));
#11580 = ADVANCED_FACE('',(#11581),#11592,.T.);
#11581 = FACE_BOUND('',#11582,.T.);
#11582 = EDGE_LOOP('',(#11583));
#11583 = ORIENTED_EDGE('',*,*,#11584,.F.);
#11584 = EDGE_CURVE('',#11585,#11585,#11587,.T.);
#11585 = VERTEX_POINT('',#11586);
#11586 = CARTESIAN_POINT('',(-15.26264780593,26.409235746883,
    5.000006249545));
#11587 = CIRCLE('',#11588,2.35);
#11588 = AXIS2_PLACEMENT_3D('',#11589,#11590,#11591);
#11589 = CARTESIAN_POINT('',(-12.91264780593,26.409235746883,
    5.000006249545));
#11590 = DIRECTION('',(-1.115119399935E-15,-2.2043968263E-22,1.));
#11591 = DIRECTION('',(1.,-1.112901003991E-14,1.115119399935E-15));
#11592 = PLANE('',#11593);
#11593 = AXIS2_PLACEMENT_3D('',#11594,#11595,#11596);
#11594 = CARTESIAN_POINT('',(-5.035143003423,2.152661090668,
    5.000006249545));
#11595 = DIRECTION('',(1.115119399935E-15,2.2043968263E-22,-1.));
#11596 = DIRECTION('',(1.,-1.112901003991E-14,1.115119399935E-15));
#11597 = ADVANCED_FACE('',(#11598),#11609,.T.);
#11598 = FACE_BOUND('',#11599,.T.);
#11599 = EDGE_LOOP('',(#11600));
#11600 = ORIENTED_EDGE('',*,*,#11601,.F.);
#11601 = EDGE_CURVE('',#11602,#11602,#11604,.T.);
#11602 = VERTEX_POINT('',#11603);
#11603 = CARTESIAN_POINT('',(10.592329123425,26.291053526133,
    5.000006249545));
#11604 = CIRCLE('',#11605,2.35);
#11605 = AXIS2_PLACEMENT_3D('',#11606,#11607,#11608);
#11606 = CARTESIAN_POINT('',(12.942329123425,26.291053526133,
    5.000006249545));
#11607 = DIRECTION('',(-1.115119399935E-15,-2.2043968263E-22,1.));
#11608 = DIRECTION('',(1.,-1.112901003991E-14,1.115119399935E-15));
#11609 = PLANE('',#11610);
#11610 = AXIS2_PLACEMENT_3D('',#11611,#11612,#11613);
#11611 = CARTESIAN_POINT('',(-5.035143003423,2.152661090668,
    5.000006249545));
#11612 = DIRECTION('',(1.115119399935E-15,2.2043968263E-22,-1.));
#11613 = DIRECTION('',(1.,-1.112901003991E-14,1.115119399935E-15));
#11614 = ADVANCED_FACE('',(#11615),#11626,.T.);
#11615 = FACE_BOUND('',#11616,.T.);
#11616 = EDGE_LOOP('',(#11617));
#11617 = ORIENTED_EDGE('',*,*,#11618,.F.);
#11618 = EDGE_CURVE('',#11619,#11619,#11621,.T.);
#11619 = VERTEX_POINT('',#11620);
#11620 = CARTESIAN_POINT('',(19.272270380805,-23.98145704941,
    5.000006249545));
#11621 = CIRCLE('',#11622,2.35);
#11622 = AXIS2_PLACEMENT_3D('',#11623,#11624,#11625);
#11623 = CARTESIAN_POINT('',(21.622270380805,-23.98145704941,
    5.000006249545));
#11624 = DIRECTION('',(-7.25893929169E-15,-2.204396132102E-22,1.));
#11625 = DIRECTION('',(1.,-1.112901003991E-14,7.25893929169E-15));
#11626 = PLANE('',#11627);
#11627 = AXIS2_PLACEMENT_3D('',#11628,#11629,#11630);
#11628 = CARTESIAN_POINT('',(-7.045700233596E-03,1.927661090667,
    5.000006249545));
#11629 = DIRECTION('',(7.25893929169E-15,2.204396132102E-22,-1.));
#11630 = DIRECTION('',(1.,-1.112901003991E-14,7.25893929169E-15));
#11631 = ADVANCED_FACE('',(#11632,#11653,#11659),#11665,.T.);
#11632 = FACE_BOUND('',#11633,.T.);
#11633 = EDGE_LOOP('',(#11634,#11635,#11636,#11637,#11645,#11651,#11652)
  );
#11634 = ORIENTED_EDGE('',*,*,#11155,.T.);
#11635 = ORIENTED_EDGE('',*,*,#2319,.T.);
#11636 = ORIENTED_EDGE('',*,*,#2619,.T.);
#11637 = ORIENTED_EDGE('',*,*,#11638,.F.);
#11638 = EDGE_CURVE('',#11639,#2612,#11641,.T.);
#11639 = VERTEX_POINT('',#11640);
#11640 = CARTESIAN_POINT('',(-16.26142052253,-13.93174633509,
    40.828429374709));
#11641 = LINE('',#11642,#11643);
#11642 = CARTESIAN_POINT('',(-16.26142052253,-13.93174633509,
    37.549430750305));
#11643 = VECTOR('',#11644,1.);
#11644 = DIRECTION('',(-8.374058701483E-15,2.20439637023E-22,1.));
#11645 = ORIENTED_EDGE('',*,*,#11646,.T.);
#11646 = EDGE_CURVE('',#11639,#9013,#11647,.T.);
#11647 = LINE('',#11648,#11649);
#11648 = CARTESIAN_POINT('',(-16.26142052253,20.256408676556,
    40.828429374709));
#11649 = VECTOR('',#11650,1.);
#11650 = DIRECTION('',(2.220624198067E-14,1.,9.276139052181E-29));
#11651 = ORIENTED_EDGE('',*,*,#9012,.F.);
#11652 = ORIENTED_EDGE('',*,*,#11550,.T.);
#11653 = FACE_BOUND('',#11654,.T.);
#11654 = EDGE_LOOP('',(#11655,#11656,#11657,#11658));
#11655 = ORIENTED_EDGE('',*,*,#11139,.F.);
#11656 = ORIENTED_EDGE('',*,*,#11111,.F.);
#11657 = ORIENTED_EDGE('',*,*,#11087,.F.);
#11658 = ORIENTED_EDGE('',*,*,#11054,.F.);
#11659 = FACE_BOUND('',#11660,.T.);
#11660 = EDGE_LOOP('',(#11661,#11662,#11663,#11664));
#11661 = ORIENTED_EDGE('',*,*,#11037,.F.);
#11662 = ORIENTED_EDGE('',*,*,#11011,.F.);
#11663 = ORIENTED_EDGE('',*,*,#10987,.F.);
#11664 = ORIENTED_EDGE('',*,*,#10964,.F.);
#11665 = PLANE('',#11666);
#11666 = AXIS2_PLACEMENT_3D('',#11667,#11668,#11669);
#11667 = CARTESIAN_POINT('',(-16.26142052253,28.369002118758,
    42.000002249963));
#11668 = DIRECTION('',(1.,-2.220624198067E-14,8.374058701483E-15));
#11669 = DIRECTION('',(-2.220624198067E-14,-1.,-9.276139052181E-29));
#11670 = ADVANCED_FACE('',(#11671),#11682,.F.);
#11671 = FACE_BOUND('',#11672,.F.);
#11672 = EDGE_LOOP('',(#11673,#11679,#11680,#11681));
#11673 = ORIENTED_EDGE('',*,*,#11674,.T.);
#11674 = EDGE_CURVE('',#8516,#11174,#11675,.T.);
#11675 = LINE('',#11676,#11677);
#11676 = CARTESIAN_POINT('',(27.497329122067,3.332711669927,
    34.920394978942));
#11677 = VECTOR('',#11678,1.);
#11678 = DIRECTION('',(-0.707106781187,8.659560562355E-17,
    -0.707106781187));
#11679 = ORIENTED_EDGE('',*,*,#11191,.F.);
#11680 = ORIENTED_EDGE('',*,*,#11674,.F.);
#11681 = ORIENTED_EDGE('',*,*,#8515,.F.);
#11682 = CONICAL_SURFACE('',#11683,14.7,0.785398163397);
#11683 = AXIS2_PLACEMENT_3D('',#11684,#11685,#11686);
#11684 = CARTESIAN_POINT('',(27.497329122067,3.332711669927,
    20.220394978942));
#11685 = DIRECTION('',(1.,0.,0.));
#11686 = DIRECTION('',(0.,-6.530914565175E-40,-1.));
#11687 = ADVANCED_FACE('',(#11688),#11700,.T.);
#11688 = FACE_BOUND('',#11689,.T.);
#11689 = EDGE_LOOP('',(#11690,#11691,#11697,#11698,#11699));
#11690 = ORIENTED_EDGE('',*,*,#8707,.T.);
#11691 = ORIENTED_EDGE('',*,*,#11692,.T.);
#11692 = EDGE_CURVE('',#8700,#8373,#11693,.T.);
#11693 = LINE('',#11694,#11695);
#11694 = CARTESIAN_POINT('',(20.884752270383,26.253394419984,
    44.115609948737));
#11695 = VECTOR('',#11696,1.);
#11696 = DIRECTION('',(0.427192174235,-0.639338269726,0.639338269726));
#11697 = ORIENTED_EDGE('',*,*,#8372,.T.);
#11698 = ORIENTED_EDGE('',*,*,#8467,.T.);
#11699 = ORIENTED_EDGE('',*,*,#8675,.F.);
#11700 = PLANE('',#11701);
#11701 = AXIS2_PLACEMENT_3D('',#11702,#11703,#11704);
#11702 = CARTESIAN_POINT('',(30.605773732955,21.169002118757,
    33.933145453045));
#11703 = DIRECTION('',(0.653281482438,0.707106781187,0.270598050073));
#11704 = DIRECTION('',(0.382683432365,1.665334536938E-16,-0.923879532511
    ));
#11705 = ADVANCED_FACE('',(#11706),#11750,.T.);
#11706 = FACE_BOUND('',#11707,.T.);
#11707 = EDGE_LOOP('',(#11708,#11709,#11728,#11734,#11735,#11743));
#11708 = ORIENTED_EDGE('',*,*,#1897,.T.);
#11709 = ORIENTED_EDGE('',*,*,#11710,.T.);
#11710 = EDGE_CURVE('',#1890,#11711,#11713,.T.);
#11711 = VERTEX_POINT('',#11712);
#11712 = CARTESIAN_POINT('',(12.992329880885,31.035824571624,
    9.733521551775));
#11713 = B_SPLINE_CURVE_WITH_KNOTS('',3,(#11714,#11715,#11716,#11717,
    #11718,#11719,#11720,#11721,#11722,#11723,#11724,#11725,#11726,
    #11727),.UNSPECIFIED.,.F.,.F.,(4,2,2,2,2,2,4),(-0.113256750543,
    -0.112995913342,-9.153536783962E-02,-6.954278005741E-02,
    -4.23311692835E-02,-2.10957453868E-02,0.),.UNSPECIFIED.);
#11714 = CARTESIAN_POINT('',(13.992961433616,32.034537911791,
    9.319309012111));
#11715 = CARTESIAN_POINT('',(13.991429649123,32.034538880354,
    9.319872508711));
#11716 = CARTESIAN_POINT('',(13.98989803943,32.034536329259,
    9.320436482111));
#11717 = CARTESIAN_POINT('',(13.862367783867,32.034030985666,
    9.367441018902));
#11718 = CARTESIAN_POINT('',(13.738094769728,32.009724717115,
    9.417111211451));
#11719 = CARTESIAN_POINT('',(13.50299971452,31.915994318738,
    9.515827062429));
#11720 = CARTESIAN_POINT('',(13.392850730778,31.845574423978,
    9.564660949183));
#11721 = CARTESIAN_POINT('',(13.181820660682,31.642269966878,
    9.656374591949));
#11722 = CARTESIAN_POINT('',(13.116835246204,31.525988283666,
    9.681850546522));
#11723 = CARTESIAN_POINT('',(13.051526060273,31.380615196601,
    9.708382802939));
#11724 = CARTESIAN_POINT('',(13.029487891,31.31366248738,9.717489340127)
  );
#11725 = CARTESIAN_POINT('',(12.99994049635,31.176218226578,
    9.730051524717));
#11726 = CARTESIAN_POINT('',(12.992420412481,31.106143662478,
    9.733502843077));
#11727 = CARTESIAN_POINT('',(12.99232994956,31.035824571959,
    9.733521896281));
#11728 = ORIENTED_EDGE('',*,*,#11729,.T.);
#11729 = EDGE_CURVE('',#11711,#11346,#11730,.T.);
#11730 = LINE('',#11731,#11732);
#11731 = CARTESIAN_POINT('',(12.992329949557,31.035824569606,
    9.733521068789));
#11732 = VECTOR('',#11733,1.);
#11733 = DIRECTION('',(-6.432291851312E-04,-0.999998580352,
    1.557417670919E-03));
#11734 = ORIENTED_EDGE('',*,*,#11345,.T.);
#11735 = ORIENTED_EDGE('',*,*,#11736,.T.);
#11736 = EDGE_CURVE('',#11348,#11737,#11739,.T.);
#11737 = VERTEX_POINT('',#11738);
#11738 = CARTESIAN_POINT('',(12.99232913076,31.034723191588,
    36.745002258656));
#11739 = LINE('',#11740,#11741);
#11740 = CARTESIAN_POINT('',(12.992329122067,16.756408676556,
    36.745002249963));
#11741 = VECTOR('',#11742,1.);
#11742 = DIRECTION('',(5.177809915847E-17,1.,0.));
#11743 = ORIENTED_EDGE('',*,*,#11744,.F.);
#11744 = EDGE_CURVE('',#1898,#11737,#11745,.T.);
#11745 = ELLIPSE('',#11746,1.082392222699,1.);
#11746 = AXIS2_PLACEMENT_3D('',#11747,#11748,#11749);
#11747 = CARTESIAN_POINT('',(13.992329122067,31.034537990476,
    36.33078868759));
#11748 = DIRECTION('',(0.382683402036,-2.419793298793E-04,0.923879513385
    ));
#11749 = DIRECTION('',(-0.923879328694,5.841779701141E-04,0.38268347854)
  );
#11750 = CYLINDRICAL_SURFACE('',#11751,1.);
#11751 = AXIS2_PLACEMENT_3D('',#11752,#11753,#11754);
#11752 = CARTESIAN_POINT('',(13.992329122067,31.034538106401,
    10.50000058416));
#11753 = DIRECTION('',(-2.323724501757E-25,-4.487852083262E-09,1.));
#11754 = DIRECTION('',(-0.706883189944,0.707330301751,3.174393768267E-09
    ));
#11755 = ADVANCED_FACE('',(#11756),#11784,.T.);
#11756 = FACE_BOUND('',#11757,.T.);
#11757 = EDGE_LOOP('',(#11758,#11759,#11760,#11761,#11762,#11763,#11764,
    #11773,#11779,#11780,#11781,#11782,#11783));
#11758 = ORIENTED_EDGE('',*,*,#11692,.F.);
#11759 = ORIENTED_EDGE('',*,*,#8699,.T.);
#11760 = ORIENTED_EDGE('',*,*,#8756,.F.);
#11761 = ORIENTED_EDGE('',*,*,#1831,.F.);
#11762 = ORIENTED_EDGE('',*,*,#1865,.F.);
#11763 = ORIENTED_EDGE('',*,*,#1913,.T.);
#11764 = ORIENTED_EDGE('',*,*,#11765,.F.);
#11765 = EDGE_CURVE('',#11766,#1906,#11768,.T.);
#11766 = VERTEX_POINT('',#11767);
#11767 = CARTESIAN_POINT('',(15.583246328062,31.033084912762,
    39.335919455958));
#11768 = ELLIPSE('',#11769,2.001265632521,1.);
#11769 = AXIS2_PLACEMENT_3D('',#11770,#11771,#11772);
#11770 = CARTESIAN_POINT('',(16.99790728838,31.032637514818,
    39.336366853903));
#11771 = DIRECTION('',(0.,-0.707106781187,-0.707106781187));
#11772 = DIRECTION('',(-0.816324486281,0.408420330725,-0.408420330725));
#11773 = ORIENTED_EDGE('',*,*,#11774,.T.);
#11774 = EDGE_CURVE('',#11766,#11430,#11775,.T.);
#11775 = LINE('',#11776,#11777);
#11776 = CARTESIAN_POINT('',(20.103628541277,26.512702699547,
    43.856301669173));
#11777 = VECTOR('',#11778,1.);
#11778 = DIRECTION('',(0.57735026919,-0.57735026919,0.57735026919));
#11779 = ORIENTED_EDGE('',*,*,#11427,.F.);
#11780 = ORIENTED_EDGE('',*,*,#11481,.F.);
#11781 = ORIENTED_EDGE('',*,*,#11207,.F.);
#11782 = ORIENTED_EDGE('',*,*,#4205,.T.);
#11783 = ORIENTED_EDGE('',*,*,#8380,.T.);
#11784 = PLANE('',#11785);
#11785 = AXIS2_PLACEMENT_3D('',#11786,#11787,#11788);
#11786 = CARTESIAN_POINT('',(10.159938752925,23.369002118757,
    47.000002249963));
#11787 = DIRECTION('',(3.66126450319E-17,0.707106781187,0.707106781187)
  );
#11788 = DIRECTION('',(1.,-5.177809915847E-17,-3.08148791102E-33));
#11789 = ADVANCED_FACE('',(#11790),#11801,.T.);
#11790 = FACE_BOUND('',#11791,.T.);
#11791 = EDGE_LOOP('',(#11792,#11798,#11799,#11800));
#11792 = ORIENTED_EDGE('',*,*,#11793,.T.);
#11793 = EDGE_CURVE('',#11737,#11766,#11794,.T.);
#11794 = LINE('',#11795,#11796);
#11795 = CARTESIAN_POINT('',(6.688482707794,31.038709215581,
    30.441155835691));
#11796 = VECTOR('',#11797,1.);
#11797 = DIRECTION('',(0.707106710507,-4.471150032265E-04,0.707106710507
    ));
#11798 = ORIENTED_EDGE('',*,*,#11765,.T.);
#11799 = ORIENTED_EDGE('',*,*,#1905,.T.);
#11800 = ORIENTED_EDGE('',*,*,#11744,.T.);
#11801 = CYLINDRICAL_SURFACE('',#11802,1.);
#11802 = AXIS2_PLACEMENT_3D('',#11803,#11804,#11805);
#11803 = CARTESIAN_POINT('',(7.395589488981,31.038709215581,
    29.734049054504));
#11804 = DIRECTION('',(0.707106710507,-4.471150032265E-04,0.707106710507
    ));
#11805 = DIRECTION('',(-0.499664602877,0.707264769591,0.500111817823));
#11806 = ADVANCED_FACE('',(#11807),#11818,.F.);
#11807 = FACE_BOUND('',#11808,.F.);
#11808 = EDGE_LOOP('',(#11809,#11810,#11811,#11812));
#11809 = ORIENTED_EDGE('',*,*,#1945,.T.);
#11810 = ORIENTED_EDGE('',*,*,#1889,.F.);
#11811 = ORIENTED_EDGE('',*,*,#11710,.T.);
#11812 = ORIENTED_EDGE('',*,*,#11813,.F.);
#11813 = EDGE_CURVE('',#1938,#11711,#11814,.T.);
#11814 = LINE('',#11815,#11816);
#11815 = CARTESIAN_POINT('',(9.592329122067,31.037974444618,
    6.333513597116));
#11816 = VECTOR('',#11817,1.);
#11817 = DIRECTION('',(0.707105933557,-4.471139245849E-04,0.707107487457
    ));
#11818 = B_SPLINE_SURFACE_WITH_KNOTS('',3,3,(
    (#11819,#11820,#11821,#11822)
    ,(#11823,#11824,#11825,#11826)
    ,(#11827,#11828,#11829,#11830)
    ,(#11831,#11832,#11833,#11834)
    ,(#11835,#11836,#11837,#11838
    )),.UNSPECIFIED.,.F.,.F.,.F.,(4,1,4),(4,4),(0.,0.571428571429,1.),(
    9.994452961346E-02,0.6221991231),.UNSPECIFIED.);
#11819 = CARTESIAN_POINT('',(13.992961433616,32.034537911791,
    9.319309012109));
#11820 = CARTESIAN_POINT('',(12.761997027348,32.035316270483,
    8.088341900727));
#11821 = CARTESIAN_POINT('',(11.531032621077,32.036094629175,
    6.857374789349));
#11822 = CARTESIAN_POINT('',(10.300068214804,32.036872987868,
    5.626407677973));
#11823 = CARTESIAN_POINT('',(13.781483516121,32.034671630798,
    9.530786549422));
#11824 = CARTESIAN_POINT('',(12.550519109713,32.035449989499,
    8.299819438181));
#11825 = CARTESIAN_POINT('',(11.319554703311,32.036228348175,
    7.068852326935));
#11826 = CARTESIAN_POINT('',(10.088590296897,32.037006706876,
    5.8378852157));
#11827 = CARTESIAN_POINT('',(13.415245332405,31.783928972088,
    9.896865380023));
#11828 = CARTESIAN_POINT('',(12.184280925774,31.784707330432,
    8.665898269007));
#11829 = CARTESIAN_POINT('',(10.953316519136,31.785485688781,
    7.434931157997));
#11830 = CARTESIAN_POINT('',(9.722352112499,31.786264047125,
    6.203964046987));
#11831 = CARTESIAN_POINT('',(13.285467926019,31.259945238267,
    10.026311178559));
#11832 = CARTESIAN_POINT('',(12.054503519588,31.260723596082,
    8.795344067343));
#11833 = CARTESIAN_POINT('',(10.823539113159,31.261501953902,
    7.564376956125));
#11834 = CARTESIAN_POINT('',(9.592574706722,31.262280311716,
    6.333409844915));
#11835 = CARTESIAN_POINT('',(13.285222340879,31.035639371609,
    10.026414931247));
#11836 = CARTESIAN_POINT('',(12.054257934611,31.036417729278,
    8.795447819867));
#11837 = CARTESIAN_POINT('',(10.82329352834,31.037196086948,
    7.56448070849));
#11838 = CARTESIAN_POINT('',(9.592329122067,31.037974444618,
    6.333513597116));
#11839 = ADVANCED_FACE('',(#11840),#11865,.T.);
#11840 = FACE_BOUND('',#11841,.T.);
#11841 = EDGE_LOOP('',(#11842,#11843,#11844,#11845,#11846,#11847,#11848,
    #11863,#11864));
#11842 = ORIENTED_EDGE('',*,*,#11813,.F.);
#11843 = ORIENTED_EDGE('',*,*,#1937,.F.);
#11844 = ORIENTED_EDGE('',*,*,#1980,.F.);
#11845 = ORIENTED_EDGE('',*,*,#2004,.T.);
#11846 = ORIENTED_EDGE('',*,*,#2037,.F.);
#11847 = ORIENTED_EDGE('',*,*,#2056,.T.);
#11848 = ORIENTED_EDGE('',*,*,#11849,.T.);
#11849 = EDGE_CURVE('',#2057,#11356,#11850,.T.);
#11850 = B_SPLINE_CURVE_WITH_KNOTS('',3,(#11851,#11852,#11853,#11854,
    #11855,#11856,#11857,#11858,#11859,#11860,#11861,#11862),
  .UNSPECIFIED.,.F.,.F.,(4,2,2,2,2,4),(-0.236872247967,-0.165821815616,
    -0.109294162794,-5.113004361144E-02,-2.394770468038E-02,
    -1.000012944202E-06),.UNSPECIFIED.);
#11851 = CARTESIAN_POINT('',(13.991936040038,20.966737821869,
    10.748838024744));
#11852 = CARTESIAN_POINT('',(13.836231225297,21.056681163287,
    10.592992498253));
#11853 = CARTESIAN_POINT('',(13.686524132677,21.171165460447,
    10.443106359984));
#11854 = CARTESIAN_POINT('',(13.443603328628,21.423593716427,
    10.19979088171));
#11855 = CARTESIAN_POINT('',(13.344513489229,21.552622993078,
    10.100499334292));
#11856 = CARTESIAN_POINT('',(13.173369760194,21.84913186827,
    9.928892149893));
#11857 = CARTESIAN_POINT('',(13.102799974154,22.016620173127,
    9.858060599025));
#11858 = CARTESIAN_POINT('',(13.033835050778,22.283802923894,
    9.788678204499));
#11859 = CARTESIAN_POINT('',(13.017241412797,22.371267867944,
    9.771947916362));
#11860 = CARTESIAN_POINT('',(12.997107630741,22.539275974114,
    9.751551674981));
#11861 = CARTESIAN_POINT('',(12.992329122072,22.618739401633,
    9.746649040763));
#11862 = CARTESIAN_POINT('',(12.992329122067,22.698561623814,
    9.746524365817));
#11863 = ORIENTED_EDGE('',*,*,#11355,.F.);
#11864 = ORIENTED_EDGE('',*,*,#11729,.F.);
#11865 = B_SPLINE_SURFACE_WITH_KNOTS('',3,3,(
    (#11866,#11867,#11868,#11869,#11870,#11871,#11872)
    ,(#11873,#11874,#11875,#11876,#11877,#11878,#11879)
    ,(#11880,#11881,#11882,#11883,#11884,#11885,#11886)
    ,(#11887,#11888,#11889,#11890,#11891,#11892,#11893
  )),.UNSPECIFIED.,.F.,.F.,.F.,(4,4),(4,3,4),(-1.014541749643E-07,
    1.294002034697),(-1.108215784908,-1.014101303252,-0.10040520397),
  .UNSPECIFIED.);
#11866 = CARTESIAN_POINT('',(9.592328777123,20.959864165415,
    6.349236131307));
#11867 = CARTESIAN_POINT('',(9.592328777123,21.273578721397,
    6.34874600376));
#11868 = CARTESIAN_POINT('',(9.592328777123,21.587293277379,
    6.348255876213));
#11869 = CARTESIAN_POINT('',(9.592328777123,21.901007833361,
    6.347765748667));
#11870 = CARTESIAN_POINT('',(9.592328777123,24.946663381286,
    6.34300741134));
#11871 = CARTESIAN_POINT('',(9.592328777123,27.992318918127,
    6.338256599486));
#11872 = CARTESIAN_POINT('',(9.592328777123,31.037974444081,
    6.333513252172));
#11873 = CARTESIAN_POINT('',(11.058864531428,20.962155384233,
    7.815770095786));
#11874 = CARTESIAN_POINT('',(11.058864531428,21.275869940215,
    7.815279968239));
#11875 = CARTESIAN_POINT('',(11.058864531428,21.589584496197,
    7.814789840692));
#11876 = CARTESIAN_POINT('',(11.058864531428,21.903299052179,
    7.814299713146));
#11877 = CARTESIAN_POINT('',(11.058864531428,24.948952184332,
    7.809541379593));
#11878 = CARTESIAN_POINT('',(11.058864531428,27.99460531525,
    7.804790571492));
#11879 = CARTESIAN_POINT('',(11.058864531428,31.040258444991,
    7.80004722791));
#11880 = CARTESIAN_POINT('',(12.525400285733,20.964446603051,
    9.282304060265));
#11881 = CARTESIAN_POINT('',(12.525400285733,21.278161159033,
    9.281813932718));
#11882 = CARTESIAN_POINT('',(12.525400285733,21.591875715015,
    9.281323805172));
#11883 = CARTESIAN_POINT('',(12.525400285733,21.905590270997,
    9.280833677625));
#11884 = CARTESIAN_POINT('',(12.525400285733,24.951240987378,
    9.276075347847));
#11885 = CARTESIAN_POINT('',(12.525400285733,27.996891712372,
    9.271324543499));
#11886 = CARTESIAN_POINT('',(12.525400285733,31.042542445901,
    9.266581203649));
#11887 = CARTESIAN_POINT('',(13.991936040038,20.966737821869,
    10.748838024744));
#11888 = CARTESIAN_POINT('',(13.991936040038,21.280452377851,
    10.748347897198));
#11889 = CARTESIAN_POINT('',(13.991936040038,21.594166933833,
    10.747857769651));
#11890 = CARTESIAN_POINT('',(13.991936040038,21.907881489815,
    10.747367642104));
#11891 = CARTESIAN_POINT('',(13.991936040038,24.953529790424,
    10.7426093161));
#11892 = CARTESIAN_POINT('',(13.991936040038,27.999178109494,
    10.737858515505));
#11893 = CARTESIAN_POINT('',(13.991936040038,31.044826446812,
    10.733115179387));
#11894 = ADVANCED_FACE('',(#11895),#11907,.T.);
#11895 = FACE_BOUND('',#11896,.T.);
#11896 = EDGE_LOOP('',(#11897,#11904,#11905,#11906));
#11897 = ORIENTED_EDGE('',*,*,#11898,.T.);
#11898 = EDGE_CURVE('',#2066,#11367,#11899,.T.);
#11899 = ELLIPSE('',#11900,2.828427124746,2.);
#11900 = AXIS2_PLACEMENT_3D('',#11901,#11902,#11903);
#11901 = CARTESIAN_POINT('',(14.992329122067,22.698561623942,
    38.745002249963));
#11902 = DIRECTION('',(0.707106781187,-3.66126450319E-17,-0.707106781187
    ));
#11903 = DIRECTION('',(-0.707106781187,-4.906538933387E-17,
    -0.707106781187));
#11904 = ORIENTED_EDGE('',*,*,#11366,.T.);
#11905 = ORIENTED_EDGE('',*,*,#11849,.F.);
#11906 = ORIENTED_EDGE('',*,*,#2065,.T.);
#11907 = CYLINDRICAL_SURFACE('',#11908,2.);
#11908 = AXIS2_PLACEMENT_3D('',#11909,#11910,#11911);
#11909 = CARTESIAN_POINT('',(14.992329122067,22.698561623942,
    -1.379849866991E-06));
#11910 = DIRECTION('',(-1.130383251043E-15,-2.353461917149E-17,1.));
#11911 = DIRECTION('',(-0.86608213843,-0.499901719834,
    -9.907697399078E-16));
#11912 = ADVANCED_FACE('',(#11913),#11930,.T.);
#11913 = FACE_BOUND('',#11914,.T.);
#11914 = EDGE_LOOP('',(#11915,#11916,#11922,#11923,#11924));
#11915 = ORIENTED_EDGE('',*,*,#2107,.T.);
#11916 = ORIENTED_EDGE('',*,*,#11917,.F.);
#11917 = EDGE_CURVE('',#11398,#2108,#11918,.T.);
#11918 = LINE('',#11919,#11920);
#11919 = CARTESIAN_POINT('',(14.547329121698,-5.106436154498,
    11.802283748656));
#11920 = VECTOR('',#11921,1.);
#11921 = DIRECTION('',(5.177809915844E-17,1.,-8.031396465549E-15));
#11922 = ORIENTED_EDGE('',*,*,#11397,.F.);
#11923 = ORIENTED_EDGE('',*,*,#740,.F.);
#11924 = ORIENTED_EDGE('',*,*,#11925,.T.);
#11925 = EDGE_CURVE('',#733,#2100,#11926,.T.);
#11926 = LINE('',#11927,#11928);
#11927 = CARTESIAN_POINT('',(18.497900059139,16.419002118757,
    7.851712811944));
#11928 = VECTOR('',#11929,1.);
#11929 = DIRECTION('',(-0.707106781252,5.382675372333E-15,0.707106781121
    ));
#11930 = PLANE('',#11931);
#11931 = AXIS2_PLACEMENT_3D('',#11932,#11933,#11934);
#11932 = CARTESIAN_POINT('',(15.547329121883,-14.53171648113,
    10.802283748656));
#11933 = DIRECTION('',(0.707106781121,5.642442258682E-15,0.707106781252)
  );
#11934 = DIRECTION('',(0.707106781252,0.,-0.707106781121));
#11935 = ADVANCED_FACE('',(#11936),#11955,.T.);
#11936 = FACE_BOUND('',#11937,.T.);
#11937 = EDGE_LOOP('',(#11938,#11939,#11947,#11953,#11954));
#11938 = ORIENTED_EDGE('',*,*,#2116,.T.);
#11939 = ORIENTED_EDGE('',*,*,#11940,.T.);
#11940 = EDGE_CURVE('',#2117,#11941,#11943,.T.);
#11941 = VERTEX_POINT('',#11942);
#11942 = CARTESIAN_POINT('',(14.547329121698,-10.53168754341,
    20.19771625133));
#11943 = LINE('',#11944,#11945);
#11944 = CARTESIAN_POINT('',(14.547329121698,-8.106436154499,
    20.19771625133));
#11945 = VECTOR('',#11946,1.);
#11946 = DIRECTION('',(-5.177809915844E-17,-1.,7.787331231788E-15));
#11947 = ORIENTED_EDGE('',*,*,#11948,.T.);
#11948 = EDGE_CURVE('',#11941,#11406,#11949,.T.);
#11949 = LINE('',#11950,#11951);
#11950 = CARTESIAN_POINT('',(14.547329121698,-10.53168754341,
    19.898858688156));
#11951 = VECTOR('',#11952,1.);
#11952 = DIRECTION('',(-4.929228022439E-24,-7.787331231788E-15,-1.));
#11953 = ORIENTED_EDGE('',*,*,#11405,.T.);
#11954 = ORIENTED_EDGE('',*,*,#11917,.T.);
#11955 = PLANE('',#11956);
#11956 = AXIS2_PLACEMENT_3D('',#11957,#11958,#11959);
#11957 = CARTESIAN_POINT('',(14.547329121698,0.318815234414,
    19.600001124982));
#11958 = DIRECTION('',(1.,-5.177809915844E-17,-4.929227619226E-24));
#11959 = DIRECTION('',(5.177809915844E-17,1.,-7.787331231788E-15));
#11960 = ADVANCED_FACE('',(#11961),#11983,.F.);
#11961 = FACE_BOUND('',#11962,.T.);
#11962 = EDGE_LOOP('',(#11963,#11964,#11965,#11966,#11967,#11968,#11969,
    #11975,#11976,#11982));
#11963 = ORIENTED_EDGE('',*,*,#914,.F.);
#11964 = ORIENTED_EDGE('',*,*,#682,.F.);
#11965 = ORIENTED_EDGE('',*,*,#11328,.F.);
#11966 = ORIENTED_EDGE('',*,*,#11314,.F.);
#11967 = ORIENTED_EDGE('',*,*,#11278,.T.);
#11968 = ORIENTED_EDGE('',*,*,#780,.F.);
#11969 = ORIENTED_EDGE('',*,*,#11970,.F.);
#11970 = EDGE_CURVE('',#2125,#773,#11971,.T.);
#11971 = LINE('',#11972,#11973);
#11972 = CARTESIAN_POINT('',(16.181482573369,19.619002118757,
    20.19771625133));
#11973 = VECTOR('',#11974,1.);
#11974 = DIRECTION('',(1.,-4.876068628153E-16,1.506432264115E-16));
#11975 = ORIENTED_EDGE('',*,*,#2133,.T.);
#11976 = ORIENTED_EDGE('',*,*,#11977,.F.);
#11977 = EDGE_CURVE('',#936,#1592,#11978,.T.);
#11978 = LINE('',#11979,#11980);
#11979 = CARTESIAN_POINT('',(7.864498120395,19.619002118757,0.4));
#11980 = VECTOR('',#11981,1.);
#11981 = DIRECTION('',(-1.,4.876068628153E-16,-1.115119404864E-15));
#11982 = ORIENTED_EDGE('',*,*,#952,.F.);
#11983 = PLANE('',#11984);
#11984 = AXIS2_PLACEMENT_3D('',#11985,#11986,#11987);
#11985 = CARTESIAN_POINT('',(15.815636025039,19.619002118757,
    9.753971387905));
#11986 = DIRECTION('',(4.876068628153E-16,1.,-4.257608434317E-16));
#11987 = DIRECTION('',(-1.,4.876068628153E-16,-1.506432264115E-16));
#11988 = ADVANCED_FACE('',(#11989),#12021,.T.);
#11989 = FACE_BOUND('',#11990,.T.);
#11990 = EDGE_LOOP('',(#11991,#11992,#11993,#11994,#11995,#11996,#12005,
    #12013,#12019,#12020));
#11991 = ORIENTED_EDGE('',*,*,#11793,.F.);
#11992 = ORIENTED_EDGE('',*,*,#11736,.F.);
#11993 = ORIENTED_EDGE('',*,*,#11374,.F.);
#11994 = ORIENTED_EDGE('',*,*,#11898,.F.);
#11995 = ORIENTED_EDGE('',*,*,#2073,.T.);
#11996 = ORIENTED_EDGE('',*,*,#11997,.F.);
#11997 = EDGE_CURVE('',#11998,#2074,#12000,.T.);
#11998 = VERTEX_POINT('',#11999);
#11999 = CARTESIAN_POINT('',(12.992329122067,14.039442613575,
    36.745002249963));
#12000 = ELLIPSE('',#12001,2.828427124746,2.);
#12001 = AXIS2_PLACEMENT_3D('',#12002,#12003,#12004);
#12002 = CARTESIAN_POINT('',(14.992329122067,14.039442613575,
    38.745002249963));
#12003 = DIRECTION('',(0.707106781187,-3.66126450319E-17,-0.707106781187
    ));
#12004 = DIRECTION('',(-0.707106781187,0.,-0.707106781187));
#12005 = ORIENTED_EDGE('',*,*,#12006,.F.);
#12006 = EDGE_CURVE('',#12007,#11998,#12009,.T.);
#12007 = VERTEX_POINT('',#12008);
#12008 = CARTESIAN_POINT('',(12.992329122067,-11.93174541885,
    36.745002249963));
#12009 = LINE('',#12010,#12011);
#12010 = CARTESIAN_POINT('',(12.992329122067,16.756408676556,
    36.745002249963));
#12011 = VECTOR('',#12012,1.);
#12012 = DIRECTION('',(5.177809915847E-17,1.,0.));
#12013 = ORIENTED_EDGE('',*,*,#12014,.T.);
#12014 = EDGE_CURVE('',#12007,#11447,#12015,.T.);
#12015 = LINE('',#12016,#12017);
#12016 = CARTESIAN_POINT('',(-2.207427922522,-11.93174541885,
    21.545245205374));
#12017 = VECTOR('',#12018,1.);
#12018 = DIRECTION('',(0.707106781187,1.208108707609E-16,0.707106781187)
  );
#12019 = ORIENTED_EDGE('',*,*,#11455,.F.);
#12020 = ORIENTED_EDGE('',*,*,#11774,.F.);
#12021 = PLANE('',#12022);
#12022 = AXIS2_PLACEMENT_3D('',#12023,#12024,#12025);
#12023 = CARTESIAN_POINT('',(14.747329122067,12.143815234354,
    38.500002249963));
#12024 = DIRECTION('',(-0.707106781187,3.66126450319E-17,0.707106781187)
  );
#12025 = DIRECTION('',(0.707106781187,-3.66126450319E-17,0.707106781187)
  );
#12026 = ADVANCED_FACE('',(#12027),#12061,.F.);
#12027 = FACE_BOUND('',#12028,.T.);
#12028 = EDGE_LOOP('',(#12029,#12030,#12031,#12039,#12047,#12055));
#12029 = ORIENTED_EDGE('',*,*,#11413,.F.);
#12030 = ORIENTED_EDGE('',*,*,#11948,.F.);
#12031 = ORIENTED_EDGE('',*,*,#12032,.T.);
#12032 = EDGE_CURVE('',#11941,#12033,#12035,.T.);
#12033 = VERTEX_POINT('',#12034);
#12034 = CARTESIAN_POINT('',(12.992329122067,-10.53168754341,
    20.19771625133));
#12035 = LINE('',#12036,#12037);
#12036 = CARTESIAN_POINT('',(16.547329121698,-10.53168754341,
    20.19771625133));
#12037 = VECTOR('',#12038,1.);
#12038 = DIRECTION('',(-1.,9.783995290534E-16,-1.506432264115E-16));
#12039 = ORIENTED_EDGE('',*,*,#12040,.T.);
#12040 = EDGE_CURVE('',#12033,#12041,#12043,.T.);
#12041 = VERTEX_POINT('',#12042);
#12042 = CARTESIAN_POINT('',(12.992329122067,-10.53168754341,
    7.802283748669));
#12043 = LINE('',#12044,#12045);
#12044 = CARTESIAN_POINT('',(12.992329122067,-10.53168754341,
    10.098858125665));
#12045 = VECTOR('',#12046,1.);
#12046 = DIRECTION('',(-4.032132086994E-31,-7.787331231788E-15,-1.));
#12047 = ORIENTED_EDGE('',*,*,#12048,.T.);
#12048 = EDGE_CURVE('',#12041,#12049,#12051,.T.);
#12049 = VERTEX_POINT('',#12050);
#12050 = CARTESIAN_POINT('',(14.992329122067,-10.53168754341,
    9.802283748656));
#12051 = LINE('',#12052,#12053);
#12052 = CARTESIAN_POINT('',(17.479937247646,-10.53168754341,
    12.289891874219));
#12053 = VECTOR('',#12054,1.);
#12054 = DIRECTION('',(0.707106781189,4.814641779619E-15,0.707106781184)
  );
#12055 = ORIENTED_EDGE('',*,*,#12056,.F.);
#12056 = EDGE_CURVE('',#11389,#12049,#12057,.T.);
#12057 = LINE('',#12058,#12059);
#12058 = CARTESIAN_POINT('',(15.658579121791,-10.53168754341,
    9.802283748656));
#12059 = VECTOR('',#12060,1.);
#12060 = DIRECTION('',(-1.,9.783995290534E-16,-1.506432264115E-16));
#12061 = PLANE('',#12062);
#12062 = AXIS2_PLACEMENT_3D('',#12063,#12064,#12065);
#12063 = CARTESIAN_POINT('',(16.547329121698,-10.53168754341,
    20.19771625133));
#12064 = DIRECTION('',(9.783995290534E-16,1.,-7.787331231788E-15));
#12065 = DIRECTION('',(-4.929228033239E-24,-7.787331231788E-15,-1.));
#12066 = ADVANCED_FACE('',(#12067),#12100,.T.);
#12067 = FACE_BOUND('',#12068,.T.);
#12068 = EDGE_LOOP('',(#12069,#12079,#12087,#12093,#12094));
#12069 = ORIENTED_EDGE('',*,*,#12070,.F.);
#12070 = EDGE_CURVE('',#12071,#12073,#12075,.T.);
#12071 = VERTEX_POINT('',#12072);
#12072 = CARTESIAN_POINT('',(13.492329122067,-15.14975299282,
    8.302283748666));
#12073 = VERTEX_POINT('',#12074);
#12074 = CARTESIAN_POINT('',(12.992329122067,-14.64975299112,
    7.802283748669));
#12075 = LINE('',#12076,#12077);
#12076 = CARTESIAN_POINT('',(9.664070947403,-11.32149480516,
    4.474025574027));
#12077 = VECTOR('',#12078,1.);
#12078 = DIRECTION('',(-0.577350268538,0.577350270498,-0.577350268534));
#12079 = ORIENTED_EDGE('',*,*,#12080,.F.);
#12080 = EDGE_CURVE('',#12081,#12071,#12083,.T.);
#12081 = VERTEX_POINT('',#12082);
#12082 = CARTESIAN_POINT('',(14.992329122067,-13.64975299791,
    9.802283748656));
#12083 = LINE('',#12084,#12085);
#12084 = CARTESIAN_POINT('',(14.992329122067,-13.64975299791,
    9.802283748656));
#12085 = VECTOR('',#12086,1.);
#12086 = DIRECTION('',(-0.577350269844,-0.577350267884,-0.57735026984));
#12087 = ORIENTED_EDGE('',*,*,#12088,.T.);
#12088 = EDGE_CURVE('',#12081,#12049,#12089,.T.);
#12089 = LINE('',#12090,#12091);
#12090 = CARTESIAN_POINT('',(14.992329122067,5.418657287673,
    9.802283748656));
#12091 = VECTOR('',#12092,1.);
#12092 = DIRECTION('',(5.177809915847E-17,1.,-7.787331231788E-15));
#12093 = ORIENTED_EDGE('',*,*,#12048,.F.);
#12094 = ORIENTED_EDGE('',*,*,#12095,.T.);
#12095 = EDGE_CURVE('',#12041,#12073,#12096,.T.);
#12096 = LINE('',#12097,#12098);
#12097 = CARTESIAN_POINT('',(12.992329122067,5.418657287673,
    7.802283748669));
#12098 = VECTOR('',#12099,1.);
#12099 = DIRECTION('',(-5.177809915847E-17,-1.,7.787331231788E-15));
#12100 = PLANE('',#12101);
#12101 = AXIS2_PLACEMENT_3D('',#12102,#12103,#12104);
#12102 = CARTESIAN_POINT('',(13.992329122067,5.418657287673,
    8.802283748663));
#12103 = DIRECTION('',(-0.707106781184,5.543087366393E-15,0.707106781189
    ));
#12104 = DIRECTION('',(0.707106781189,-3.944304526105E-31,0.707106781184
    ));
#12105 = ADVANCED_FACE('',(#12106),#12139,.T.);
#12106 = FACE_BOUND('',#12107,.T.);
#12107 = EDGE_LOOP('',(#12108,#12116,#12124,#12132,#12138));
#12108 = ORIENTED_EDGE('',*,*,#12109,.F.);
#12109 = EDGE_CURVE('',#12110,#12071,#12112,.T.);
#12110 = VERTEX_POINT('',#12111);
#12111 = CARTESIAN_POINT('',(13.992329122067,-15.64975299451,
    7.802283748656));
#12112 = LINE('',#12113,#12114);
#12113 = CARTESIAN_POINT('',(14.105435578465,-15.7628594513,
    7.689177292258));
#12114 = VECTOR('',#12115,1.);
#12115 = DIRECTION('',(-0.577350268536,0.577350270496,0.577350268536));
#12116 = ORIENTED_EDGE('',*,*,#12117,.T.);
#12117 = EDGE_CURVE('',#12110,#12118,#12120,.T.);
#12118 = VERTEX_POINT('',#12119);
#12119 = CARTESIAN_POINT('',(15.44732852602,-15.64975299945,
    7.802283748656));
#12120 = LINE('',#12121,#12122);
#12121 = CARTESIAN_POINT('',(14.769829113194,-15.64975299715,
    7.802283748656));
#12122 = VECTOR('',#12123,1.);
#12123 = DIRECTION('',(1.,-3.394944213941E-09,1.506432528491E-16));
#12124 = ORIENTED_EDGE('',*,*,#12125,.F.);
#12125 = EDGE_CURVE('',#12126,#12118,#12128,.T.);
#12126 = VERTEX_POINT('',#12127);
#12127 = CARTESIAN_POINT('',(15.44732852602,-13.64975299945,
    9.802283748656));
#12128 = LINE('',#12129,#12130);
#12129 = CARTESIAN_POINT('',(15.44732852602,-17.83322859866,
    5.618808149449));
#12130 = VECTOR('',#12131,1.);
#12131 = DIRECTION('',(-3.66126450319E-17,-0.707106781187,
    -0.707106781187));
#12132 = ORIENTED_EDGE('',*,*,#12133,.T.);
#12133 = EDGE_CURVE('',#12126,#12081,#12134,.T.);
#12134 = LINE('',#12135,#12136);
#12135 = CARTESIAN_POINT('',(14.769829119984,-13.64975299715,
    9.802283748656));
#12136 = VECTOR('',#12137,1.);
#12137 = DIRECTION('',(-1.,3.394944213941E-09,-1.506432528491E-16));
#12138 = ORIENTED_EDGE('',*,*,#12080,.T.);
#12139 = PLANE('',#12140);
#12140 = AXIS2_PLACEMENT_3D('',#12141,#12142,#12143);
#12141 = CARTESIAN_POINT('',(14.769829116589,-14.64975299715,
    8.802283748656));
#12142 = DIRECTION('',(-2.400588181948E-09,-0.707106781187,
    0.707106781187));
#12143 = DIRECTION('',(1.,4.135903062765E-24,3.394944364584E-09));
#12144 = ADVANCED_FACE('',(#12145),#12166,.F.);
#12145 = FACE_BOUND('',#12146,.T.);
#12146 = EDGE_LOOP('',(#12147,#12148,#12149,#12150,#12158,#12164,#12165)
  );
#12147 = ORIENTED_EDGE('',*,*,#12056,.T.);
#12148 = ORIENTED_EDGE('',*,*,#12088,.F.);
#12149 = ORIENTED_EDGE('',*,*,#12133,.F.);
#12150 = ORIENTED_EDGE('',*,*,#12151,.T.);
#12151 = EDGE_CURVE('',#12126,#12152,#12154,.T.);
#12152 = VERTEX_POINT('',#12153);
#12153 = CARTESIAN_POINT('',(15.44732852602,-16.53168754341,
    9.802283748656));
#12154 = LINE('',#12155,#12156);
#12155 = CARTESIAN_POINT('',(15.44732852602,-14.55652959667,
    9.802283748656));
#12156 = VECTOR('',#12157,1.);
#12157 = DIRECTION('',(-5.177809915847E-17,-1.,7.787331231788E-15));
#12158 = ORIENTED_EDGE('',*,*,#12159,.F.);
#12159 = EDGE_CURVE('',#757,#12152,#12160,.T.);
#12160 = LINE('',#12161,#12162);
#12161 = CARTESIAN_POINT('',(16.547329121698,-16.53168754341,
    9.802283748656));
#12162 = VECTOR('',#12163,1.);
#12163 = DIRECTION('',(-1.,9.783995290534E-16,-1.506432264115E-16));
#12164 = ORIENTED_EDGE('',*,*,#756,.T.);
#12165 = ORIENTED_EDGE('',*,*,#11388,.T.);
#12166 = PLANE('',#12167);
#12167 = AXIS2_PLACEMENT_3D('',#12168,#12169,#12170);
#12168 = CARTESIAN_POINT('',(16.547329121698,-10.53168754341,
    9.802283748656));
#12169 = DIRECTION('',(1.506432264115E-16,-7.787331231788E-15,-1.));
#12170 = DIRECTION('',(-5.177806281483E-17,-1.,7.787331231788E-15));
#12171 = ADVANCED_FACE('',(#12172),#12190,.F.);
#12172 = FACE_BOUND('',#12173,.T.);
#12173 = EDGE_LOOP('',(#12174,#12182,#12188,#12189));
#12174 = ORIENTED_EDGE('',*,*,#12175,.F.);
#12175 = EDGE_CURVE('',#12176,#12152,#12178,.T.);
#12176 = VERTEX_POINT('',#12177);
#12177 = CARTESIAN_POINT('',(15.44732852602,-16.53168754341,
    20.19771625133));
#12178 = LINE('',#12179,#12180);
#12179 = CARTESIAN_POINT('',(15.44732852602,-16.53168754341,
    9.753971387905));
#12180 = VECTOR('',#12181,1.);
#12181 = DIRECTION('',(2.54065087293E-32,4.906805993697E-16,-1.));
#12182 = ORIENTED_EDGE('',*,*,#12183,.F.);
#12183 = EDGE_CURVE('',#765,#12176,#12184,.T.);
#12184 = LINE('',#12185,#12186);
#12185 = CARTESIAN_POINT('',(16.547329121698,-16.53168754341,
    20.19771625133));
#12186 = VECTOR('',#12187,1.);
#12187 = DIRECTION('',(-1.,9.783995290534E-16,-1.506432264115E-16));
#12188 = ORIENTED_EDGE('',*,*,#764,.T.);
#12189 = ORIENTED_EDGE('',*,*,#12159,.T.);
#12190 = PLANE('',#12191);
#12191 = AXIS2_PLACEMENT_3D('',#12192,#12193,#12194);
#12192 = CARTESIAN_POINT('',(16.547329121698,-16.53168754341,
    9.802283748656));
#12193 = DIRECTION('',(-9.783995290534E-16,-1.,7.787331231788E-15));
#12194 = DIRECTION('',(-1.604745364877E-23,7.787331231788E-15,1.));
#12195 = ADVANCED_FACE('',(#12196),#12221,.T.);
#12196 = FACE_BOUND('',#12197,.T.);
#12197 = EDGE_LOOP('',(#12198,#12208,#12214,#12215));
#12198 = ORIENTED_EDGE('',*,*,#12199,.T.);
#12199 = EDGE_CURVE('',#12200,#12202,#12204,.T.);
#12200 = VERTEX_POINT('',#12201);
#12201 = CARTESIAN_POINT('',(-15.46141992648,-16.53168754341,31.2));
#12202 = VERTEX_POINT('',#12203);
#12203 = CARTESIAN_POINT('',(15.44732852602,-16.53168754341,31.2));
#12204 = LINE('',#12205,#12206);
#12205 = CARTESIAN_POINT('',(-0.742673981811,-16.53168754341,31.2));
#12206 = VECTOR('',#12207,1.);
#12207 = DIRECTION('',(1.,-3.036090251237E-62,0.));
#12208 = ORIENTED_EDGE('',*,*,#12209,.F.);
#12209 = EDGE_CURVE('',#8958,#12202,#12210,.T.);
#12210 = LINE('',#12211,#12212);
#12211 = CARTESIAN_POINT('',(15.44732852602,-20.53168754341,31.2));
#12212 = VECTOR('',#12213,1.);
#12213 = DIRECTION('',(2.677979366033E-17,1.,-7.787331452228E-15));
#12214 = ORIENTED_EDGE('',*,*,#8957,.T.);
#12215 = ORIENTED_EDGE('',*,*,#12216,.T.);
#12216 = EDGE_CURVE('',#8950,#12200,#12217,.T.);
#12217 = LINE('',#12218,#12219);
#12218 = CARTESIAN_POINT('',(-15.46141992648,-20.53168754341,31.2));
#12219 = VECTOR('',#12220,1.);
#12220 = DIRECTION('',(2.223124028616E-14,1.,-7.787331452228E-15));
#12221 = PLANE('',#12222);
#12222 = AXIS2_PLACEMENT_3D('',#12223,#12224,#12225);
#12223 = CARTESIAN_POINT('',(-15.26141992648,-18.53174541885,31.2));
#12224 = DIRECTION('',(0.,0.,-1.));
#12225 = DIRECTION('',(1.,2.692084295241E-24,0.));
#12226 = ADVANCED_FACE('',(#12227),#12257,.F.);
#12227 = FACE_BOUND('',#12228,.T.);
#12228 = EDGE_LOOP('',(#12229,#12237,#12238,#12239,#12245,#12246,#12247,
    #12248,#12249,#12250,#12251));
#12229 = ORIENTED_EDGE('',*,*,#12230,.F.);
#12230 = EDGE_CURVE('',#2780,#12231,#12233,.T.);
#12231 = VERTEX_POINT('',#12232);
#12232 = CARTESIAN_POINT('',(14.36299422383,-16.53168754341,
    20.19771625133));
#12233 = ( BOUNDED_CURVE() B_SPLINE_CURVE(2,(#12234,#12235,#12236),
.UNSPECIFIED.,.F.,.F.) B_SPLINE_CURVE_WITH_KNOTS((3,3),(21.739808892297,
21.946229122005),.PIECEWISE_BEZIER_KNOTS.) CURVE() 
GEOMETRIC_REPRESENTATION_ITEM() RATIONAL_B_SPLINE_CURVE((5.119541593487,
4.988584370765,4.854768861364)) REPRESENTATION_ITEM('') );
#12234 = CARTESIAN_POINT('',(13.326346683247,-15.53927448347,
    20.19771625133));
#12235 = CARTESIAN_POINT('',(13.826937462512,-16.016957616,
    20.19771625133));
#12236 = CARTESIAN_POINT('',(14.36299422383,-16.53168754341,
    20.19771625133));
#12237 = ORIENTED_EDGE('',*,*,#2788,.F.);
#12238 = ORIENTED_EDGE('',*,*,#8849,.F.);
#12239 = ORIENTED_EDGE('',*,*,#12240,.F.);
#12240 = EDGE_CURVE('',#12033,#8850,#12241,.T.);
#12241 = LINE('',#12242,#12243);
#12242 = CARTESIAN_POINT('',(12.992329122067,-21.10768754341,
    20.19771625133));
#12243 = VECTOR('',#12244,1.);
#12244 = DIRECTION('',(-5.177809915847E-17,-1.,0.));
#12245 = ORIENTED_EDGE('',*,*,#12032,.F.);
#12246 = ORIENTED_EDGE('',*,*,#11940,.F.);
#12247 = ORIENTED_EDGE('',*,*,#2124,.T.);
#12248 = ORIENTED_EDGE('',*,*,#11970,.T.);
#12249 = ORIENTED_EDGE('',*,*,#772,.F.);
#12250 = ORIENTED_EDGE('',*,*,#12183,.T.);
#12251 = ORIENTED_EDGE('',*,*,#12252,.F.);
#12252 = EDGE_CURVE('',#12231,#12176,#12253,.T.);
#12253 = LINE('',#12254,#12255);
#12254 = CARTESIAN_POINT('',(15.161700542282,-16.53168754341,
    20.19771625133));
#12255 = VECTOR('',#12256,1.);
#12256 = DIRECTION('',(1.,-9.506924156194E-46,1.506432264115E-16));
#12257 = PLANE('',#12258);
#12258 = AXIS2_PLACEMENT_3D('',#12259,#12260,#12261);
#12259 = CARTESIAN_POINT('',(16.547329121698,-16.53168754341,
    20.19771625133));
#12260 = DIRECTION('',(-1.506432264115E-16,7.787331231788E-15,1.));
#12261 = DIRECTION('',(5.177809915844E-17,1.,-7.787331231788E-15));
#12262 = ADVANCED_FACE('',(#12263),#12282,.F.);
#12263 = FACE_BOUND('',#12264,.F.);
#12264 = EDGE_LOOP('',(#12265,#12274,#12275,#12276));
#12265 = ORIENTED_EDGE('',*,*,#12266,.F.);
#12266 = EDGE_CURVE('',#12231,#12267,#12269,.T.);
#12267 = VERTEX_POINT('',#12268);
#12268 = CARTESIAN_POINT('',(-14.00642052253,-16.53168754341,
    21.481072311807));
#12269 = CIRCLE('',#12270,14.999999999998);
#12270 = AXIS2_PLACEMENT_3D('',#12271,#12272,#12273);
#12271 = CARTESIAN_POINT('',(-4.023593434602E-02,-16.53168754341,
    16.008806964829));
#12272 = DIRECTION('',(5.555393069746E-16,-1.,-5.982416998211E-18));
#12273 = DIRECTION('',(0.766044443119,4.294132225645E-16,-0.642787609687
    ));
#12274 = ORIENTED_EDGE('',*,*,#12230,.F.);
#12275 = ORIENTED_EDGE('',*,*,#2779,.T.);
#12276 = ORIENTED_EDGE('',*,*,#12277,.F.);
#12277 = EDGE_CURVE('',#12267,#2771,#12278,.T.);
#12278 = B_SPLINE_CURVE_WITH_KNOTS('',2,(#12279,#12280,#12281),
  .UNSPECIFIED.,.F.,.F.,(3,3),(7.490649841897,7.672002188731),
  .PIECEWISE_BEZIER_KNOTS.);
#12279 = CARTESIAN_POINT('',(-14.00642052253,-16.53168754341,
    21.481072311807));
#12280 = CARTESIAN_POINT('',(-13.4905247509,-16.01579177178,
    21.383609749971));
#12281 = CARTESIAN_POINT('',(-12.9930054725,-15.51827249337,
    21.286147188136));
#12282 = CONICAL_SURFACE('',#12283,14.499999999998,0.785398163397);
#12283 = AXIS2_PLACEMENT_3D('',#12284,#12285,#12286);
#12284 = CARTESIAN_POINT('',(-4.023593434602E-02,-16.03168754341,
    16.008806964829));
#12285 = DIRECTION('',(5.555393069746E-16,-1.,-5.982416998206E-18));
#12286 = DIRECTION('',(4.519109558672E-02,1.912912479858E-17,
    0.998978360566));
#12287 = ADVANCED_FACE('',(#12288),#12323,.F.);
#12288 = FACE_BOUND('',#12289,.T.);
#12289 = EDGE_LOOP('',(#12290,#12291,#12299,#12307,#12313,#12314,#12315,
    #12316,#12317));
#12290 = ORIENTED_EDGE('',*,*,#2720,.F.);
#12291 = ORIENTED_EDGE('',*,*,#12292,.F.);
#12292 = EDGE_CURVE('',#12293,#2721,#12295,.T.);
#12293 = VERTEX_POINT('',#12294);
#12294 = CARTESIAN_POINT('',(-13.00642052253,-11.93174541885,
    32.200002249963));
#12295 = LINE('',#12296,#12297);
#12296 = CARTESIAN_POINT('',(-13.00642052253,-11.93174541885,
    -1.169152608754E-13));
#12297 = VECTOR('',#12298,1.);
#12298 = DIRECTION('',(8.374058701483E-15,-9.329024376125E-29,-1.));
#12299 = ORIENTED_EDGE('',*,*,#12300,.T.);
#12300 = EDGE_CURVE('',#12293,#12301,#12303,.T.);
#12301 = VERTEX_POINT('',#12302);
#12302 = CARTESIAN_POINT('',(-4.561420522535,-11.93174541885,
    32.200002249963));
#12303 = LINE('',#12304,#12305);
#12304 = CARTESIAN_POINT('',(-15.56655866443,-11.93174541885,
    32.200002249963));
#12305 = VECTOR('',#12306,1.);
#12306 = DIRECTION('',(1.,1.708523719121E-16,9.032427423413E-15));
#12307 = ORIENTED_EDGE('',*,*,#12308,.F.);
#12308 = EDGE_CURVE('',#2679,#12301,#12309,.T.);
#12309 = LINE('',#12310,#12311);
#12310 = CARTESIAN_POINT('',(-4.561420522534,-11.93174541885,
    10.050000562491));
#12311 = VECTOR('',#12312,1.);
#12312 = DIRECTION('',(9.032427423413E-15,1.447951251771E-30,-1.));
#12313 = ORIENTED_EDGE('',*,*,#2678,.F.);
#12314 = ORIENTED_EDGE('',*,*,#11470,.T.);
#12315 = ORIENTED_EDGE('',*,*,#11446,.T.);
#12316 = ORIENTED_EDGE('',*,*,#12014,.F.);
#12317 = ORIENTED_EDGE('',*,*,#12318,.T.);
#12318 = EDGE_CURVE('',#12007,#2723,#12319,.T.);
#12319 = LINE('',#12320,#12321);
#12320 = CARTESIAN_POINT('',(12.992329122067,-11.93174541885,
    -8.11673413821E-15));
#12321 = VECTOR('',#12322,1.);
#12322 = DIRECTION('',(-4.93240231504E-48,-9.52603976431E-32,-1.));
#12323 = PLANE('',#12324);
#12324 = AXIS2_PLACEMENT_3D('',#12325,#12326,#12327);
#12325 = CARTESIAN_POINT('',(-14.57169680632,-11.93174541885,
    -1.623346827642E-14));
#12326 = DIRECTION('',(1.708523719121E-16,-1.,9.52603976431E-32));
#12327 = DIRECTION('',(1.,1.708523719121E-16,1.115119404864E-15));
#12328 = ADVANCED_FACE('',(#12329),#12363,.T.);
#12329 = FACE_BOUND('',#12330,.T.);
#12330 = EDGE_LOOP('',(#12331,#12341,#12349,#12357));
#12331 = ORIENTED_EDGE('',*,*,#12332,.T.);
#12332 = EDGE_CURVE('',#12333,#12335,#12337,.T.);
#12333 = VERTEX_POINT('',#12334);
#12334 = CARTESIAN_POINT('',(-15.00642052216,-8.531687543679,
    17.980796646279));
#12335 = VERTEX_POINT('',#12336);
#12336 = CARTESIAN_POINT('',(-15.00642052216,9.112833066664,
    17.980796646279));
#12337 = LINE('',#12338,#12339);
#12338 = CARTESIAN_POINT('',(-15.00642052216,1.10134726232,
    17.980796646279));
#12339 = VECTOR('',#12340,1.);
#12340 = DIRECTION('',(2.584044089815E-14,1.,3.287177113241E-15));
#12341 = ORIENTED_EDGE('',*,*,#12342,.T.);
#12342 = EDGE_CURVE('',#12335,#12343,#12345,.T.);
#12343 = VERTEX_POINT('',#12344);
#12344 = CARTESIAN_POINT('',(-13.00642052253,11.112833066664,
    19.980796645911));
#12345 = LINE('',#12346,#12347);
#12346 = CARTESIAN_POINT('',(-16.51696281562,7.602290773576,
    16.470254352822));
#12347 = VECTOR('',#12348,1.);
#12348 = DIRECTION('',(0.57735026919,0.57735026919,0.57735026919));
#12349 = ORIENTED_EDGE('',*,*,#12350,.T.);
#12350 = EDGE_CURVE('',#12343,#12351,#12353,.T.);
#12351 = VERTEX_POINT('',#12352);
#12352 = CARTESIAN_POINT('',(-13.00642052253,-10.5316875437,
    19.980796645911));
#12353 = LINE('',#12354,#12355);
#12354 = CARTESIAN_POINT('',(-13.00642052253,12.143829703143,
    19.980796645911));
#12355 = VECTOR('',#12356,1.);
#12356 = DIRECTION('',(-2.220624198067E-14,-1.,3.470218042444E-16));
#12357 = ORIENTED_EDGE('',*,*,#12358,.T.);
#12358 = EDGE_CURVE('',#12351,#12333,#12359,.T.);
#12359 = LINE('',#12360,#12361);
#12360 = CARTESIAN_POINT('',(-19.00924184172,-4.528866224434,
    13.977975326725));
#12361 = VECTOR('',#12362,1.);
#12362 = DIRECTION('',(-0.577350269187,0.577350269195,-0.577350269187));
#12363 = PLANE('',#12364);
#12364 = AXIS2_PLACEMENT_3D('',#12365,#12366,#12367);
#12365 = CARTESIAN_POINT('',(-13.29931374134,2.918657287529,
    19.687903427097));
#12366 = DIRECTION('',(0.707106781187,-1.59475657602E-14,-0.707106781187
    ));
#12367 = DIRECTION('',(-0.707106781187,0.,-0.707106781187));
#12368 = ADVANCED_FACE('',(#12369),#12444,.F.);
#12369 = FACE_BOUND('',#12370,.T.);
#12370 = EDGE_LOOP('',(#12371,#12379,#12380,#12388,#12396,#12404,#12412,
    #12421,#12430,#12437,#12438));
#12371 = ORIENTED_EDGE('',*,*,#12372,.F.);
#12372 = EDGE_CURVE('',#9030,#12373,#12375,.T.);
#12373 = VERTEX_POINT('',#12374);
#12374 = CARTESIAN_POINT('',(-13.00642053142,31.034723191585,
    36.745002258856));
#12375 = LINE('',#12376,#12377);
#12376 = CARTESIAN_POINT('',(-6.702574108261,31.038709215581,
    30.441155835691));
#12377 = VECTOR('',#12378,1.);
#12378 = DIRECTION('',(0.707106710507,4.471150032108E-04,-0.707106710507
    ));
#12379 = ORIENTED_EDGE('',*,*,#9029,.T.);
#12380 = ORIENTED_EDGE('',*,*,#12381,.T.);
#12381 = EDGE_CURVE('',#9021,#12382,#12384,.T.);
#12382 = VERTEX_POINT('',#12383);
#12383 = CARTESIAN_POINT('',(-15.6756340849,-3.781371649929,
    39.414215812336));
#12384 = LINE('',#12385,#12386);
#12385 = CARTESIAN_POINT('',(-15.6756340849,20.256408676556,
    39.414215812336));
#12386 = VECTOR('',#12387,1.);
#12387 = DIRECTION('',(-2.220624198067E-14,-1.,-9.275703263981E-29));
#12388 = ORIENTED_EDGE('',*,*,#12389,.F.);
#12389 = EDGE_CURVE('',#12390,#12382,#12392,.T.);
#12390 = VERTEX_POINT('',#12391);
#12391 = CARTESIAN_POINT('',(-13.73299339778,-3.781371649929,
    37.471575125217));
#12392 = LINE('',#12393,#12394);
#12393 = CARTESIAN_POINT('',(-13.73299339778,-3.781371649929,
    37.471575125217));
#12394 = VECTOR('',#12395,1.);
#12395 = DIRECTION('',(-0.707106781187,2.182209847943E-14,0.707106781187
    ));
#12396 = ORIENTED_EDGE('',*,*,#12397,.F.);
#12397 = EDGE_CURVE('',#12398,#12390,#12400,.T.);
#12398 = VERTEX_POINT('',#12399);
#12399 = CARTESIAN_POINT('',(-13.00642052253,-3.781371649929,
    36.745002249963));
#12400 = LINE('',#12401,#12402);
#12401 = CARTESIAN_POINT('',(-13.63642052253,-3.781371649929,
    37.375002249963));
#12402 = VECTOR('',#12403,1.);
#12403 = DIRECTION('',(-0.707106781187,2.122633563775E-14,0.707106781187
    ));
#12404 = ORIENTED_EDGE('',*,*,#12405,.T.);
#12405 = EDGE_CURVE('',#12398,#12406,#12408,.T.);
#12406 = VERTEX_POINT('',#12407);
#12407 = CARTESIAN_POINT('',(-13.00642052253,14.146564858977,
    36.745002249963));
#12408 = LINE('',#12409,#12410);
#12409 = CARTESIAN_POINT('',(-13.00642052253,16.756408676556,
    36.745002249963));
#12410 = VECTOR('',#12411,1.);
#12411 = DIRECTION('',(2.220624198067E-14,1.,9.276139052181E-29));
#12412 = ORIENTED_EDGE('',*,*,#12413,.F.);
#12413 = EDGE_CURVE('',#12414,#12406,#12416,.T.);
#12414 = VERTEX_POINT('',#12415);
#12415 = CARTESIAN_POINT('',(-14.01747771795,15.884952654976,
    37.756059445387));
#12416 = ELLIPSE('',#12417,2.828427124746,2.);
#12417 = AXIS2_PLACEMENT_3D('',#12418,#12419,#12420);
#12418 = CARTESIAN_POINT('',(-15.00642052253,14.146564858977,
    38.745002249963));
#12419 = DIRECTION('',(-0.707106781187,1.57021842892E-14,-0.707106781187
    ));
#12420 = DIRECTION('',(0.707106781187,-1.570092458684E-14,
    -0.707106781187));
#12421 = ORIENTED_EDGE('',*,*,#12422,.T.);
#12422 = EDGE_CURVE('',#12414,#12423,#12425,.T.);
#12423 = VERTEX_POINT('',#12424);
#12424 = CARTESIAN_POINT('',(-14.01747771795,21.100116042973,
    37.756059445387));
#12425 = ELLIPSE('',#12426,4.242640687119,3.);
#12426 = AXIS2_PLACEMENT_3D('',#12427,#12428,#12429);
#12427 = CARTESIAN_POINT('',(-12.53406351109,18.492534348974,
    36.272645238524));
#12428 = DIRECTION('',(-0.707106781187,1.57021842892E-14,-0.707106781187
    ));
#12429 = DIRECTION('',(-0.707106781187,1.825530949912E-14,0.707106781187
    ));
#12430 = ORIENTED_EDGE('',*,*,#12431,.F.);
#12431 = EDGE_CURVE('',#11518,#12423,#12432,.T.);
#12432 = ELLIPSE('',#12433,2.828427124746,2.);
#12433 = AXIS2_PLACEMENT_3D('',#12434,#12435,#12436);
#12434 = CARTESIAN_POINT('',(-15.00642052253,22.838503838972,
    38.745002249963));
#12435 = DIRECTION('',(-0.707106781187,1.57021842892E-14,-0.707106781187
    ));
#12436 = DIRECTION('',(0.707106781187,-1.579905536551E-14,
    -0.707106781187));
#12437 = ORIENTED_EDGE('',*,*,#11517,.T.);
#12438 = ORIENTED_EDGE('',*,*,#12439,.T.);
#12439 = EDGE_CURVE('',#11508,#12373,#12440,.T.);
#12440 = LINE('',#12441,#12442);
#12441 = CARTESIAN_POINT('',(-13.00642052253,16.756408676556,
    36.745002249963));
#12442 = VECTOR('',#12443,1.);
#12443 = DIRECTION('',(2.220624198067E-14,1.,9.276139052181E-29));
#12444 = PLANE('',#12445);
#12445 = AXIS2_PLACEMENT_3D('',#12446,#12447,#12448);
#12446 = CARTESIAN_POINT('',(-14.76142052253,12.143815234354,
    38.500002249963));
#12447 = DIRECTION('',(-0.707106781187,1.57021842892E-14,-0.707106781187
    ));
#12448 = DIRECTION('',(-0.707106781187,1.57021842892E-14,0.707106781187)
  );
#12449 = ADVANCED_FACE('',(#12450),#12477,.T.);
#12450 = FACE_BOUND('',#12451,.T.);
#12451 = EDGE_LOOP('',(#12452,#12453,#12461,#12476));
#12452 = ORIENTED_EDGE('',*,*,#12431,.T.);
#12453 = ORIENTED_EDGE('',*,*,#12454,.T.);
#12454 = EDGE_CURVE('',#12423,#12455,#12457,.T.);
#12455 = VERTEX_POINT('',#12456);
#12456 = CARTESIAN_POINT('',(-14.01747771795,21.100116042973,
    10.760079934575));
#12457 = LINE('',#12458,#12459);
#12458 = CARTESIAN_POINT('',(-14.01747771795,21.100116042973,
    -1.379849907063E-06));
#12459 = VECTOR('',#12460,1.);
#12460 = DIRECTION('',(1.130383251043E-15,2.353461917149E-17,-1.));
#12461 = ORIENTED_EDGE('',*,*,#12462,.F.);
#12462 = EDGE_CURVE('',#11526,#12455,#12463,.T.);
#12463 = B_SPLINE_CURVE_WITH_KNOTS('',3,(#12464,#12465,#12466,#12467,
    #12468,#12469,#12470,#12471,#12472,#12473,#12474,#12475),
  .UNSPECIFIED.,.F.,.F.,(4,2,2,2,2,4),(1.000000195139E-06,
    2.553309641041E-02,5.487083327661E-02,0.115982728543,0.179769369321,
    0.238619274501),.UNSPECIFIED.);
#12464 = CARTESIAN_POINT('',(-13.00642052253,22.838503838864,
    9.74630579429));
#12465 = CARTESIAN_POINT('',(-13.00642052253,22.753396597966,
    9.74643871751));
#12466 = CARTESIAN_POINT('',(-13.01185184042,22.668732668054,
    9.752002278757));
#12467 = CARTESIAN_POINT('',(-13.03484759008,22.488776192542,
    9.775279142912));
#12468 = CARTESIAN_POINT('',(-13.05396369571,22.394843497978,
    9.794541999359));
#12469 = CARTESIAN_POINT('',(-13.13181729704,22.11422712124,
    9.872834052451));
#12470 = CARTESIAN_POINT('',(-13.20985440432,21.941305920832,
    9.951141414044));
#12471 = CARTESIAN_POINT('',(-13.40378456153,21.627269234652,
    10.145562438763));
#12472 = CARTESIAN_POINT('',(-13.52058988357,21.488727202953,
    10.262584352556));
#12473 = CARTESIAN_POINT('',(-13.76312657506,21.263890584582,
    10.505472610401));
#12474 = CARTESIAN_POINT('',(-13.8882336575,21.173641055004,
    10.630720845616));
#12475 = CARTESIAN_POINT('',(-14.01747771795,21.100116042973,
    10.760079934575));
#12476 = ORIENTED_EDGE('',*,*,#11525,.T.);
#12477 = CYLINDRICAL_SURFACE('',#12478,2.);
#12478 = AXIS2_PLACEMENT_3D('',#12479,#12480,#12481);
#12479 = CARTESIAN_POINT('',(-15.00642052253,22.838503838972,
    -1.37984990814E-06));
#12480 = DIRECTION('',(1.130383251043E-15,2.353461917149E-17,-1.));
#12481 = DIRECTION('',(0.864427961801,-0.502756699464,9.653027022953E-16
    ));
#12482 = ADVANCED_FACE('',(#12483),#12552,.F.);
#12483 = FACE_BOUND('',#12484,.F.);
#12484 = EDGE_LOOP('',(#12485,#12495,#12503,#12518,#12529,#12536,#12537,
    #12538,#12546));
#12485 = ORIENTED_EDGE('',*,*,#12486,.F.);
#12486 = EDGE_CURVE('',#12487,#12489,#12491,.T.);
#12487 = VERTEX_POINT('',#12488);
#12488 = CARTESIAN_POINT('',(-9.606420522533,31.036687984715,
    6.333515600667));
#12489 = VERTEX_POINT('',#12490);
#12490 = CARTESIAN_POINT('',(-9.606421281348,31.037974443759,
    6.333514080103));
#12491 = LINE('',#12492,#12493);
#12492 = CARTESIAN_POINT('',(-9.606420522533,31.036687984715,
    6.333515600667));
#12493 = VECTOR('',#12494,1.);
#12494 = DIRECTION('',(-6.432277798599E-04,0.999998580359,
    -1.557413676166E-03));
#12495 = ORIENTED_EDGE('',*,*,#12496,.F.);
#12496 = EDGE_CURVE('',#12497,#12487,#12499,.T.);
#12497 = VERTEX_POINT('',#12498);
#12498 = CARTESIAN_POINT('',(-9.606420522534,26.001640776924,
    6.341364068898));
#12499 = LINE('',#12500,#12501);
#12500 = CARTESIAN_POINT('',(-9.60642052254,26.001640776935,
    6.341364068892));
#12501 = VECTOR('',#12502,1.);
#12502 = DIRECTION('',(1.318582596659E-12,0.999998785124,
    -1.558765661169E-03));
#12503 = ORIENTED_EDGE('',*,*,#12504,.T.);
#12504 = EDGE_CURVE('',#12497,#12505,#12507,.T.);
#12505 = VERTEX_POINT('',#12506);
#12506 = CARTESIAN_POINT('',(-10.81345125578,23.138194832822,
    7.5528658107));
#12507 = B_SPLINE_CURVE_WITH_KNOTS('',3,(#12508,#12509,#12510,#12511,
    #12512,#12513,#12514,#12515,#12516,#12517),.UNSPECIFIED.,.F.,.F.,(4,
    2,2,2,4),(1.000000136218E-06,7.225147779824E-02,0.166479180192,
    0.260937409014,0.347249456862),.UNSPECIFIED.);
#12508 = CARTESIAN_POINT('',(-9.606420522534,26.001640776924,
    6.341364068885));
#12509 = CARTESIAN_POINT('',(-9.606420522536,25.76080475851,
    6.341739802505));
#12510 = CARTESIAN_POINT('',(-9.628166018388,25.522375485601,
    6.363857350849));
#12511 = CARTESIAN_POINT('',(-9.725475357738,24.984850951843,
    6.462005619131));
#12512 = CARTESIAN_POINT('',(-9.814099785339,24.696343575813,
    6.55108044753));
#12513 = CARTESIAN_POINT('',(-10.04451473267,24.158072674463,
    6.782335901025));
#12514 = CARTESIAN_POINT('',(-10.18512664535,23.911371809719,
    6.92333313659));
#12515 = CARTESIAN_POINT('',(-10.48711978996,23.485264970696,
    7.22599195996));
#12516 = CARTESIAN_POINT('',(-10.64568207241,23.301834790481,
    7.384840871423));
#12517 = CARTESIAN_POINT('',(-10.81345125578,23.138194832821,
    7.552865810698));
#12518 = ORIENTED_EDGE('',*,*,#12519,.T.);
#12519 = EDGE_CURVE('',#12505,#12520,#12522,.T.);
#12520 = VERTEX_POINT('',#12521);
#12521 = CARTESIAN_POINT('',(-13.62111555514,21.288659856443,
    10.363422719239));
#12522 = B_SPLINE_CURVE_WITH_KNOTS('',3,(#12523,#12524,#12525,#12526,
    #12527,#12528),.UNSPECIFIED.,.F.,.F.,(4,2,4),(9.99999988226E-07,
    0.21387379032,0.43971912307),.UNSPECIFIED.);
#12523 = CARTESIAN_POINT('',(-10.81345125578,23.138194832821,
    7.552865810698));
#12524 = CARTESIAN_POINT('',(-11.22239741413,22.721978987296,
    7.962462458791));
#12525 = CARTESIAN_POINT('',(-11.6629200507,22.364622362572,
    8.403543842653));
#12526 = CARTESIAN_POINT('',(-12.60280225459,21.745689512647,
    9.344394121471));
#12527 = CARTESIAN_POINT('',(-13.10728953044,21.488420428331,
    9.849283974304));
#12528 = CARTESIAN_POINT('',(-13.62111555514,21.288659856443,
    10.363422719239));
#12529 = ORIENTED_EDGE('',*,*,#12530,.F.);
#12530 = EDGE_CURVE('',#12455,#12520,#12531,.T.);
#12531 = ELLIPSE('',#12532,4.279776415882,3.037060018712);
#12532 = AXIS2_PLACEMENT_3D('',#12533,#12534,#12535);
#12533 = CARTESIAN_POINT('',(-12.51302610802,18.455710133622,
    9.259757939139));
#12534 = DIRECTION('',(-0.707106781185,-1.104737043549E-03,
    -0.707105918203));
#12535 = DIRECTION('',(0.707091865782,-7.599834284338E-03,
    -0.707080855252));
#12536 = ORIENTED_EDGE('',*,*,#12462,.F.);
#12537 = ORIENTED_EDGE('',*,*,#11533,.T.);
#12538 = ORIENTED_EDGE('',*,*,#12539,.T.);
#12539 = EDGE_CURVE('',#11510,#12540,#12542,.T.);
#12540 = VERTEX_POINT('',#12541);
#12541 = CARTESIAN_POINT('',(-13.00642128128,31.035824571624,
    9.733521551705));
#12542 = LINE('',#12543,#12544);
#12543 = CARTESIAN_POINT('',(-13.00642052253,31.034538109742,
    9.733523072347));
#12544 = VECTOR('',#12545,1.);
#12545 = DIRECTION('',(-6.432300933697E-04,0.999998580352,
    -1.557417668929E-03));
#12546 = ORIENTED_EDGE('',*,*,#12547,.T.);
#12547 = EDGE_CURVE('',#12540,#12489,#12548,.T.);
#12548 = LINE('',#12549,#12550);
#12549 = CARTESIAN_POINT('',(-13.00642052253,31.035824572482,
    9.733521068786));
#12550 = VECTOR('',#12551,1.);
#12551 = DIRECTION('',(0.707105933557,4.471139245573E-04,-0.707107487457
    ));
#12552 = B_SPLINE_SURFACE_WITH_KNOTS('',3,3,(
    (#12553,#12554,#12555,#12556,#12557,#12558,#12559)
    ,(#12560,#12561,#12562,#12563,#12564,#12565,#12566)
    ,(#12567,#12568,#12569,#12570,#12571,#12572,#12573)
    ,(#12574,#12575,#12576,#12577,#12578,#12579,#12580
  )),.UNSPECIFIED.,.F.,.F.,.F.,(4,4),(4,3,4),(-1.770807495486E-07,
    1.29736976336),(-1.094879735438,-1.014101303252,-0.100405204151),
  .UNSPECIFIED.);
#12553 = CARTESIAN_POINT('',(-9.606419920459,21.093224496958,
    6.349027520528));
#12554 = CARTESIAN_POINT('',(-9.606419920459,21.362485608959,
    6.348606844197));
#12555 = CARTESIAN_POINT('',(-9.606419920459,21.631746720959,
    6.348186167867));
#12556 = CARTESIAN_POINT('',(-9.606419920459,21.901007832959,
    6.347765491536));
#12557 = CARTESIAN_POINT('',(-9.606419920459,24.946663380281,
    6.34300715421));
#12558 = CARTESIAN_POINT('',(-9.606419920459,27.992318916518,
    6.338256342357));
#12559 = CARTESIAN_POINT('',(-9.606419920459,31.037974441868,
    6.333512995045));
#12560 = CARTESIAN_POINT('',(-11.07677251962,21.095521678963,
    7.81937832521));
#12561 = CARTESIAN_POINT('',(-11.07677251962,21.364782790963,
    7.81895764888));
#12562 = CARTESIAN_POINT('',(-11.07677251962,21.634043902964,
    7.818536972549));
#12563 = CARTESIAN_POINT('',(-11.07677251962,21.903305014964,
    7.818116296219));
#12564 = CARTESIAN_POINT('',(-11.07677251962,24.948958140227,
    7.813357962677));
#12565 = CARTESIAN_POINT('',(-11.07677251962,27.994611264279,
    7.808607154586));
#12566 = CARTESIAN_POINT('',(-11.07677251962,31.04026438718,
    7.803863811015));
#12567 = CARTESIAN_POINT('',(-12.54712511879,21.097818860968,
    9.289729129892));
#12568 = CARTESIAN_POINT('',(-12.54712511879,21.367079972968,
    9.289308453562));
#12569 = CARTESIAN_POINT('',(-12.54712511879,21.636341084969,
    9.288887777231));
#12570 = CARTESIAN_POINT('',(-12.54712511879,21.905602196969,
    9.288467100901));
#12571 = CARTESIAN_POINT('',(-12.54712511879,24.951252900172,
    9.283708771143));
#12572 = CARTESIAN_POINT('',(-12.54712511879,27.996903612039,
    9.278957966815));
#12573 = CARTESIAN_POINT('',(-12.54712511879,31.042554332492,
    9.274214626986));
#12574 = CARTESIAN_POINT('',(-14.01747771795,21.100116042973,
    10.760079934575));
#12575 = CARTESIAN_POINT('',(-14.01747771795,21.369377154973,
    10.759659258244));
#12576 = CARTESIAN_POINT('',(-14.01747771795,21.638638266974,
    10.759238581914));
#12577 = CARTESIAN_POINT('',(-14.01747771795,21.907899378974,
    10.758817905583));
#12578 = CARTESIAN_POINT('',(-14.01747771795,24.953547660118,
    10.754059579609));
#12579 = CARTESIAN_POINT('',(-14.01747771795,27.999195959799,
    10.749308779044));
#12580 = CARTESIAN_POINT('',(-14.01747771795,31.044844277804,
    10.744565442956));
#12581 = ADVANCED_FACE('',(#12582),#12629,.F.);
#12582 = FACE_BOUND('',#12583,.F.);
#12583 = EDGE_LOOP('',(#12584,#12603,#12604,#12623));
#12584 = ORIENTED_EDGE('',*,*,#12585,.T.);
#12585 = EDGE_CURVE('',#12586,#12489,#12588,.T.);
#12586 = VERTEX_POINT('',#12587);
#12587 = CARTESIAN_POINT('',(-10.60705283408,32.036687786751,
    5.919301540433));
#12588 = B_SPLINE_CURVE_WITH_KNOTS('',3,(#12589,#12590,#12591,#12592,
    #12593,#12594,#12595,#12596,#12597,#12598,#12599,#12600,#12601,
    #12602),.UNSPECIFIED.,.F.,.F.,(4,2,2,2,2,2,4),(-4.935101396574E-04,
    0.,4.062151187143E-02,7.039132593215E-02,9.380662811914E-02,
    0.106092903832,0.118310287884),.UNSPECIFIED.);
#12589 = CARTESIAN_POINT('',(-10.60705283408,32.036687786751,
    5.919301540431));
#12590 = CARTESIAN_POINT('',(-10.60551936982,32.036688756376,
    5.919897042418));
#12591 = CARTESIAN_POINT('',(-10.60398608259,32.036686198614,
    5.920493007977));
#12592 = CARTESIAN_POINT('',(-10.47626171129,32.03617944338,
    5.970181545755));
#12593 = CARTESIAN_POINT('',(-10.35141988676,32.011783623705,
    6.022494115154));
#12594 = CARTESIAN_POINT('',(-10.14898410125,31.930700057753,
    6.108380944806));
#12595 = CARTESIAN_POINT('',(-10.02999650597,31.86986839238,
    6.159373715657));
#12596 = CARTESIAN_POINT('',(-9.820673486185,31.668326801561,
    6.242730636999));
#12597 = CARTESIAN_POINT('',(-9.744828943975,31.560960859735,
    6.272762034711));
#12598 = CARTESIAN_POINT('',(-9.663975712523,31.37805859889,
    6.307031907888));
#12599 = CARTESIAN_POINT('',(-9.642570683828,31.312045734515,
    6.316559551986));
#12600 = CARTESIAN_POINT('',(-9.613830946804,31.176474751528,
    6.329799446668));
#12601 = CARTESIAN_POINT('',(-9.606510627705,31.107372371599,
    6.333495621076));
#12602 = CARTESIAN_POINT('',(-9.606421350023,31.037974444095,
    6.333514424607));
#12603 = ORIENTED_EDGE('',*,*,#12547,.F.);
#12604 = ORIENTED_EDGE('',*,*,#12605,.F.);
#12605 = EDGE_CURVE('',#12606,#12540,#12608,.T.);
#12606 = VERTEX_POINT('',#12607);
#12607 = CARTESIAN_POINT('',(-14.00705283408,32.034537911791,
    9.319309012109));
#12608 = B_SPLINE_CURVE_WITH_KNOTS('',3,(#12609,#12610,#12611,#12612,
    #12613,#12614,#12615,#12616,#12617,#12618,#12619,#12620,#12621,
    #12622),.UNSPECIFIED.,.F.,.F.,(4,2,2,2,2,2,4),(-4.935102716951E-04,
    0.,4.060164750591E-02,7.036732672708E-02,9.377808494001E-02,
    0.106067450418,0.118287841182),.UNSPECIFIED.);
#12609 = CARTESIAN_POINT('',(-14.00705283408,32.034537911791,
    9.319309012111));
#12610 = CARTESIAN_POINT('',(-14.00551936941,32.034538881416,
    9.319904514258));
#12611 = CARTESIAN_POINT('',(-14.003986083,32.034536323656,
    9.320500479479));
#12612 = CARTESIAN_POINT('',(-13.87632342035,32.034029813255,
    9.370165011197));
#12613 = CARTESIAN_POINT('',(-13.75154206523,32.00965764063,
    9.422450247535));
#12614 = CARTESIAN_POINT('',(-13.54916171769,31.92863965457,
    9.508312695983));
#12615 = CARTESIAN_POINT('',(-13.43015787025,31.867831689176,
    9.559315837379));
#12616 = CARTESIAN_POINT('',(-13.2207920302,31.666324206182,
    9.642691759017));
#12617 = CARTESIAN_POINT('',(-13.14492702805,31.558972219907,
    9.672729403085));
#12618 = CARTESIAN_POINT('',(-13.06402703289,31.376056588359,
    9.707016857289));
#12619 = CARTESIAN_POINT('',(-13.04260295621,31.310016762022,
    9.716552429679));
#12620 = CARTESIAN_POINT('',(-13.01383757409,31.174387253698,
    9.729803593894));
#12621 = CARTESIAN_POINT('',(-13.00651066827,31.105253876411,
    9.733503084168));
#12622 = CARTESIAN_POINT('',(-13.00642135002,31.035824571959,
    9.733521896281));
#12623 = ORIENTED_EDGE('',*,*,#12624,.F.);
#12624 = EDGE_CURVE('',#12586,#12606,#12625,.T.);
#12625 = LINE('',#12626,#12627);
#12626 = CARTESIAN_POINT('',(-10.60705283408,32.036687786751,
    5.919301540433));
#12627 = VECTOR('',#12628,1.);
#12628 = DIRECTION('',(-0.707105933556,-4.471145119473E-04,
    0.707107487458));
#12629 = B_SPLINE_SURFACE_WITH_KNOTS('',3,3,(
    (#12630,#12631,#12632,#12633)
    ,(#12634,#12635,#12636,#12637)
    ,(#12638,#12639,#12640,#12641)
    ,(#12642,#12643,#12644,#12645)
    ,(#12646,#12647,#12648,#12649
    )),.UNSPECIFIED.,.F.,.F.,.F.,(4,1,4),(4,4),(0.,0.571428571429,1.),(
    0.101563845321,0.623818321783),.UNSPECIFIED.);
#12630 = CARTESIAN_POINT('',(-13.29931374134,31.035639371609,
    10.026414931247));
#12631 = CARTESIAN_POINT('',(-12.0683496109,31.036417729104,
    8.795448095698));
#12632 = CARTESIAN_POINT('',(-10.83738548046,31.037196086599,
    7.564481260151));
#12633 = CARTESIAN_POINT('',(-9.606421350023,31.037974444095,
    6.333514424607));
#12634 = CARTESIAN_POINT('',(-13.2996411882,31.334713860488,
    10.026276594331));
#12635 = CARTESIAN_POINT('',(-12.06867705753,31.335492218179,
    8.795309759004));
#12636 = CARTESIAN_POINT('',(-10.83771292689,31.336270575867,
    7.56434292366));
#12637 = CARTESIAN_POINT('',(-9.606748796229,31.337048933559,
    6.333376088338));
#12638 = CARTESIAN_POINT('',(-13.4776735868,31.852151232652,
    9.848571770255));
#12639 = CARTESIAN_POINT('',(-12.24670945602,31.852929590921,
    8.617604935048));
#12640 = CARTESIAN_POINT('',(-11.01574532523,31.853707949191,
    7.386638099849));
#12641 = CARTESIAN_POINT('',(-9.784781194449,31.854486307461,
    6.155671264648));
#12642 = CARTESIAN_POINT('',(-13.84844439596,32.034638201047,
    9.477917165094));
#12643 = CARTESIAN_POINT('',(-12.61748026542,32.035416559567,
    8.246950329646));
#12644 = CARTESIAN_POINT('',(-11.38651613487,32.03619491808,
    7.015983494202));
#12645 = CARTESIAN_POINT('',(-10.15555200433,32.036973276601,
    5.785016658759));
#12646 = CARTESIAN_POINT('',(-14.00705283408,32.034537911791,
    9.31930901211));
#12647 = CARTESIAN_POINT('',(-12.77608870364,32.035316270309,
    8.088342176558));
#12648 = CARTESIAN_POINT('',(-11.5451245732,32.036094628827,
    6.857375341009));
#12649 = CARTESIAN_POINT('',(-10.31416044275,32.036872987345,
    5.626408505464));
#12650 = ADVANCED_FACE('',(#12651),#12672,.T.);
#12651 = FACE_BOUND('',#12652,.T.);
#12652 = EDGE_LOOP('',(#12653,#12661,#12668,#12669,#12670,#12671));
#12653 = ORIENTED_EDGE('',*,*,#12654,.T.);
#12654 = EDGE_CURVE('',#12606,#12655,#12657,.T.);
#12655 = VERTEX_POINT('',#12656);
#12656 = CARTESIAN_POINT('',(-14.00705283408,32.034537790568,
    36.330788692078));
#12657 = LINE('',#12658,#12659);
#12658 = CARTESIAN_POINT('',(-14.00705283408,32.034537906492,
    10.500000588648));
#12659 = VECTOR('',#12660,1.);
#12660 = DIRECTION('',(-8.374058801141E-15,-4.487852083262E-09,1.));
#12661 = ORIENTED_EDGE('',*,*,#12662,.T.);
#12662 = EDGE_CURVE('',#12655,#12373,#12663,.T.);
#12663 = ELLIPSE('',#12664,1.082391742853,1.);
#12664 = AXIS2_PLACEMENT_3D('',#12665,#12666,#12667);
#12665 = CARTESIAN_POINT('',(-14.00642052253,31.034537990477,
    36.330789940932));
#12666 = DIRECTION('',(0.382682413964,2.408207676005E-04,-0.92387992296)
  );
#12667 = DIRECTION('',(0.923879740032,5.813827136952E-04,0.382682489738)
  );
#12668 = ORIENTED_EDGE('',*,*,#12439,.F.);
#12669 = ORIENTED_EDGE('',*,*,#11507,.T.);
#12670 = ORIENTED_EDGE('',*,*,#12539,.T.);
#12671 = ORIENTED_EDGE('',*,*,#12605,.F.);
#12672 = CYLINDRICAL_SURFACE('',#12673,1.);
#12673 = AXIS2_PLACEMENT_3D('',#12674,#12675,#12676);
#12674 = CARTESIAN_POINT('',(-14.00642052253,31.034538106401,
    10.50000058416));
#12675 = DIRECTION('',(8.374058801141E-15,4.487852083262E-09,-1.));
#12676 = DIRECTION('',(0.706883189944,0.707330301751,3.174399687749E-09)
  );
#12677 = ADVANCED_FACE('',(#12678),#12689,.T.);
#12678 = FACE_BOUND('',#12679,.T.);
#12679 = EDGE_LOOP('',(#12680,#12686,#12687,#12688));
#12680 = ORIENTED_EDGE('',*,*,#12681,.T.);
#12681 = EDGE_CURVE('',#12655,#9038,#12682,.T.);
#12682 = LINE('',#12683,#12684);
#12683 = CARTESIAN_POINT('',(-7.410313200998,32.038709015672,
    29.734049058992));
#12684 = VECTOR('',#12685,1.);
#12685 = DIRECTION('',(-0.707106710507,-4.471150032108E-04,
    0.707106710507));
#12686 = ORIENTED_EDGE('',*,*,#9037,.T.);
#12687 = ORIENTED_EDGE('',*,*,#12372,.T.);
#12688 = ORIENTED_EDGE('',*,*,#12662,.F.);
#12689 = CYLINDRICAL_SURFACE('',#12690,1.);
#12690 = AXIS2_PLACEMENT_3D('',#12691,#12692,#12693);
#12691 = CARTESIAN_POINT('',(-7.409680889448,31.038709215581,
    29.734049054504));
#12692 = DIRECTION('',(0.707106710507,4.471150032108E-04,-0.707106710507
    ));
#12693 = DIRECTION('',(0.499664602877,0.707264769591,0.500111817823));
#12694 = ADVANCED_FACE('',(#12695),#12714,.F.);
#12695 = FACE_BOUND('',#12696,.F.);
#12696 = EDGE_LOOP('',(#12697,#12705,#12706,#12707));
#12697 = ORIENTED_EDGE('',*,*,#12698,.T.);
#12698 = EDGE_CURVE('',#12699,#11568,#12701,.T.);
#12699 = VERTEX_POINT('',#12700);
#12700 = CARTESIAN_POINT('',(-19.70546131568,-23.98180762238,0.4));
#12701 = LINE('',#12702,#12703);
#12702 = CARTESIAN_POINT('',(-19.70546131568,-23.98180762238,
    -1.379849994641E-06));
#12703 = VECTOR('',#12704,1.);
#12704 = DIRECTION('',(-7.398873341039E-15,-6.819040946266E-16,1.));
#12705 = ORIENTED_EDGE('',*,*,#11567,.F.);
#12706 = ORIENTED_EDGE('',*,*,#12698,.F.);
#12707 = ORIENTED_EDGE('',*,*,#12708,.T.);
#12708 = EDGE_CURVE('',#12699,#12699,#12709,.T.);
#12709 = CIRCLE('',#12710,2.35);
#12710 = AXIS2_PLACEMENT_3D('',#12711,#12712,#12713);
#12711 = CARTESIAN_POINT('',(-22.05546131568,-23.98180762238,0.4));
#12712 = DIRECTION('',(-7.258939296619E-15,6.833711162423E-29,1.));
#12713 = DIRECTION('',(-1.,2.584044089815E-14,-7.258939296619E-15));
#12714 = CYLINDRICAL_SURFACE('',#12715,2.35);
#12715 = AXIS2_PLACEMENT_3D('',#12716,#12717,#12718);
#12716 = CARTESIAN_POINT('',(-22.05546131568,-23.98180762238,
    -1.379850012029E-06));
#12717 = DIRECTION('',(-7.398873341039E-15,-6.819040946266E-16,1.));
#12718 = DIRECTION('',(-1.,2.584044089815E-14,-7.398873341039E-15));
#12719 = ADVANCED_FACE('',(#12720),#12739,.F.);
#12720 = FACE_BOUND('',#12721,.F.);
#12721 = EDGE_LOOP('',(#12722,#12730,#12731,#12732));
#12722 = ORIENTED_EDGE('',*,*,#12723,.T.);
#12723 = EDGE_CURVE('',#12724,#11585,#12726,.T.);
#12724 = VERTEX_POINT('',#12725);
#12725 = CARTESIAN_POINT('',(-15.26264780593,26.409235746883,0.4));
#12726 = LINE('',#12727,#12728);
#12727 = CARTESIAN_POINT('',(-15.26264780593,26.409235746883,
    6.249544630467E-06));
#12728 = VECTOR('',#12729,1.);
#12729 = DIRECTION('',(-1.038821646112E-15,6.819040946268E-16,1.));
#12730 = ORIENTED_EDGE('',*,*,#11584,.F.);
#12731 = ORIENTED_EDGE('',*,*,#12723,.F.);
#12732 = ORIENTED_EDGE('',*,*,#12733,.T.);
#12733 = EDGE_CURVE('',#12724,#12724,#12734,.T.);
#12734 = CIRCLE('',#12735,2.35);
#12735 = AXIS2_PLACEMENT_3D('',#12736,#12737,#12738);
#12736 = CARTESIAN_POINT('',(-12.91264780593,26.409235746883,0.4));
#12737 = DIRECTION('',(-7.258939296619E-15,6.833711162423E-29,1.));
#12738 = DIRECTION('',(1.,-1.112901003991E-14,7.258939296619E-15));
#12739 = CYLINDRICAL_SURFACE('',#12740,2.35);
#12740 = AXIS2_PLACEMENT_3D('',#12741,#12742,#12743);
#12741 = CARTESIAN_POINT('',(-12.91264780593,26.409235746883,
    6.249544632908E-06));
#12742 = DIRECTION('',(-1.038821646112E-15,6.819040946268E-16,1.));
#12743 = DIRECTION('',(1.,-1.112901003991E-14,1.038821646112E-15));
#12744 = ADVANCED_FACE('',(#12745),#12764,.F.);
#12745 = FACE_BOUND('',#12746,.F.);
#12746 = EDGE_LOOP('',(#12747,#12755,#12756,#12757));
#12747 = ORIENTED_EDGE('',*,*,#12748,.T.);
#12748 = EDGE_CURVE('',#12749,#11602,#12751,.T.);
#12749 = VERTEX_POINT('',#12750);
#12750 = CARTESIAN_POINT('',(10.592329123425,26.291053526133,0.4));
#12751 = LINE('',#12752,#12753);
#12752 = CARTESIAN_POINT('',(10.592329123425,26.291053526133,
    6.249544665994E-06));
#12753 = VECTOR('',#12754,1.);
#12754 = DIRECTION('',(-1.038821646112E-15,6.819040946268E-16,1.));
#12755 = ORIENTED_EDGE('',*,*,#11601,.F.);
#12756 = ORIENTED_EDGE('',*,*,#12748,.F.);
#12757 = ORIENTED_EDGE('',*,*,#12758,.T.);
#12758 = EDGE_CURVE('',#12749,#12749,#12759,.T.);
#12759 = CIRCLE('',#12760,2.35);
#12760 = AXIS2_PLACEMENT_3D('',#12761,#12762,#12763);
#12761 = CARTESIAN_POINT('',(12.942329123425,26.291053526133,0.4));
#12762 = DIRECTION('',(-1.115119404864E-15,-3.752163452453E-32,1.));
#12763 = DIRECTION('',(1.,-1.112901003991E-14,1.115119404864E-15));
#12764 = CYLINDRICAL_SURFACE('',#12765,2.35);
#12765 = AXIS2_PLACEMENT_3D('',#12766,#12767,#12768);
#12766 = CARTESIAN_POINT('',(12.942329123425,26.291053526133,
    6.249544668435E-06));
#12767 = DIRECTION('',(-1.038821646112E-15,6.819040946268E-16,1.));
#12768 = DIRECTION('',(1.,-1.112901003991E-14,1.038821646112E-15));
#12769 = ADVANCED_FACE('',(#12770),#12789,.F.);
#12770 = FACE_BOUND('',#12771,.F.);
#12771 = EDGE_LOOP('',(#12772,#12780,#12781,#12782));
#12772 = ORIENTED_EDGE('',*,*,#12773,.T.);
#12773 = EDGE_CURVE('',#12774,#11619,#12776,.T.);
#12774 = VERTEX_POINT('',#12775);
#12775 = CARTESIAN_POINT('',(19.272270380805,-23.98145704941,0.4));
#12776 = LINE('',#12777,#12778);
#12777 = CARTESIAN_POINT('',(19.272270380805,-23.98145704941,
    6.249544757965E-06));
#12778 = VECTOR('',#12779,1.);
#12779 = DIRECTION('',(-7.256070584013E-15,6.819040946268E-16,1.));
#12780 = ORIENTED_EDGE('',*,*,#11618,.F.);
#12781 = ORIENTED_EDGE('',*,*,#12773,.F.);
#12782 = ORIENTED_EDGE('',*,*,#12783,.T.);
#12783 = EDGE_CURVE('',#12774,#12774,#12784,.T.);
#12784 = CIRCLE('',#12785,2.35);
#12785 = AXIS2_PLACEMENT_3D('',#12786,#12787,#12788);
#12786 = CARTESIAN_POINT('',(21.622270380805,-23.98145704941,0.4));
#12787 = DIRECTION('',(-1.115119404864E-15,1.540200175918E-30,1.));
#12788 = DIRECTION('',(1.,-1.112901003991E-14,1.115119404864E-15));
#12789 = CYLINDRICAL_SURFACE('',#12790,2.35);
#12790 = AXIS2_PLACEMENT_3D('',#12791,#12792,#12793);
#12791 = CARTESIAN_POINT('',(21.622270380805,-23.98145704941,
    6.249544775017E-06));
#12792 = DIRECTION('',(-7.256070584013E-15,6.819040946268E-16,1.));
#12793 = DIRECTION('',(1.,-1.112901003991E-14,7.256070584013E-15));
#12794 = ADVANCED_FACE('',(#12795),#12806,.F.);
#12795 = FACE_BOUND('',#12796,.T.);
#12796 = EDGE_LOOP('',(#12797,#12798,#12804,#12805));
#12797 = ORIENTED_EDGE('',*,*,#4180,.T.);
#12798 = ORIENTED_EDGE('',*,*,#12799,.F.);
#12799 = EDGE_CURVE('',#620,#4173,#12800,.T.);
#12800 = LINE('',#12801,#12802);
#12801 = CARTESIAN_POINT('',(-17.56142052253,-20.7813711918,
    31.200002249963));
#12802 = VECTOR('',#12803,1.);
#12803 = DIRECTION('',(-2.001079423691E-14,-1.,7.787331452228E-15));
#12804 = ORIENTED_EDGE('',*,*,#619,.T.);
#12805 = ORIENTED_EDGE('',*,*,#4133,.F.);
#12806 = PLANE('',#12807);
#12807 = AXIS2_PLACEMENT_3D('',#12808,#12809,#12810);
#12808 = CARTESIAN_POINT('',(-17.56142052253,-20.78137164992,6.));
#12809 = DIRECTION('',(1.,-2.001079423691E-14,1.506432264117E-16));
#12810 = DIRECTION('',(-1.506432264117E-16,-9.624103043696E-29,1.));
#12811 = ADVANCED_FACE('',(#12812),#12846,.F.);
#12812 = FACE_BOUND('',#12813,.T.);
#12813 = EDGE_LOOP('',(#12814,#12815,#12823,#12831,#12839,#12845));
#12814 = ORIENTED_EDGE('',*,*,#8260,.T.);
#12815 = ORIENTED_EDGE('',*,*,#12816,.F.);
#12816 = EDGE_CURVE('',#12817,#8253,#12819,.T.);
#12817 = VERTEX_POINT('',#12818);
#12818 = CARTESIAN_POINT('',(-8.561420522535,-15.93174541885,
    40.200002249963));
#12819 = LINE('',#12820,#12821);
#12820 = CARTESIAN_POINT('',(-8.561420522535,-20.78137164992,
    40.200002249963));
#12821 = VECTOR('',#12822,1.);
#12822 = DIRECTION('',(-2.000949319431E-14,-1.,7.787331452228E-15));
#12823 = ORIENTED_EDGE('',*,*,#12824,.F.);
#12824 = EDGE_CURVE('',#12825,#12817,#12827,.T.);
#12825 = VERTEX_POINT('',#12826);
#12826 = CARTESIAN_POINT('',(-8.561420522535,-15.93174541885,
    32.200002249963));
#12827 = LINE('',#12828,#12829);
#12828 = CARTESIAN_POINT('',(-8.561420522534,-15.93174541885,
    10.050000562491));
#12829 = VECTOR('',#12830,1.);
#12830 = DIRECTION('',(-9.032427423413E-15,-1.447951251771E-30,1.));
#12831 = ORIENTED_EDGE('',*,*,#12832,.F.);
#12832 = EDGE_CURVE('',#12833,#12825,#12835,.T.);
#12833 = VERTEX_POINT('',#12834);
#12834 = CARTESIAN_POINT('',(-8.561420522535,-20.60979877467,
    32.200002249963));
#12835 = LINE('',#12836,#12837);
#12836 = CARTESIAN_POINT('',(-8.561420522535,-11.78137164992,
    32.200002249963));
#12837 = VECTOR('',#12838,1.);
#12838 = DIRECTION('',(2.220624198067E-14,1.,-7.787331452228E-15));
#12839 = ORIENTED_EDGE('',*,*,#12840,.F.);
#12840 = EDGE_CURVE('',#4158,#12833,#12841,.T.);
#12841 = LINE('',#12842,#12843);
#12842 = CARTESIAN_POINT('',(-8.561420522535,-12.14553820997,
    23.735741685259));
#12843 = VECTOR('',#12844,1.);
#12844 = DIRECTION('',(2.21067514422E-14,0.707106781187,-0.707106781187)
  );
#12845 = ORIENTED_EDGE('',*,*,#4157,.T.);
#12846 = PLANE('',#12847);
#12847 = AXIS2_PLACEMENT_3D('',#12848,#12849,#12850);
#12848 = CARTESIAN_POINT('',(-8.561420522534,0.318815234414,
    20.100001124982));
#12849 = DIRECTION('',(1.,-2.223124028616E-14,9.032427423413E-15));
#12850 = DIRECTION('',(2.223124028616E-14,1.,-7.787331452228E-15));
#12851 = ADVANCED_FACE('',(#12852),#12877,.T.);
#12852 = FACE_BOUND('',#12853,.T.);
#12853 = EDGE_LOOP('',(#12854,#12855,#12856,#12862,#12863,#12871));
#12854 = ORIENTED_EDGE('',*,*,#2686,.T.);
#12855 = ORIENTED_EDGE('',*,*,#12308,.T.);
#12856 = ORIENTED_EDGE('',*,*,#12857,.F.);
#12857 = EDGE_CURVE('',#12825,#12301,#12858,.T.);
#12858 = LINE('',#12859,#12860);
#12859 = CARTESIAN_POINT('',(-10.5238270803,-17.89415197662,
    32.200002249963));
#12860 = VECTOR('',#12861,1.);
#12861 = DIRECTION('',(0.707106781187,0.707106781187,8.80415804453E-16)
  );
#12862 = ORIENTED_EDGE('',*,*,#12824,.T.);
#12863 = ORIENTED_EDGE('',*,*,#12864,.F.);
#12864 = EDGE_CURVE('',#12865,#12817,#12867,.T.);
#12865 = VERTEX_POINT('',#12866);
#12866 = CARTESIAN_POINT('',(-6.561421438776,-13.93174633509,
    40.200002249963));
#12867 = LINE('',#12868,#12869);
#12868 = CARTESIAN_POINT('',(-10.2738270803,-17.64415197662,
    40.200002249963));
#12869 = VECTOR('',#12870,1.);
#12870 = DIRECTION('',(-0.707106781187,-0.707106781187,
    -5.921353693873E-15));
#12871 = ORIENTED_EDGE('',*,*,#12872,.T.);
#12872 = EDGE_CURVE('',#12865,#2687,#12873,.T.);
#12873 = LINE('',#12874,#12875);
#12874 = CARTESIAN_POINT('',(-6.561421438776,-13.93174633509,
    21.574429906569));
#12875 = VECTOR('',#12876,1.);
#12876 = DIRECTION('',(-9.032427202973E-15,2.204396369105E-22,1.));
#12877 = PLANE('',#12878);
#12878 = AXIS2_PLACEMENT_3D('',#12879,#12880,#12881);
#12879 = CARTESIAN_POINT('',(-6.561420522534,-13.93174541885,
    10.050000562491));
#12880 = DIRECTION('',(-0.707106781187,0.707106781187,
    -6.386890681671E-15));
#12881 = DIRECTION('',(-9.032427423413E-15,9.466330862652E-30,1.));
#12882 = ADVANCED_FACE('',(#12883),#12905,.T.);
#12883 = FACE_BOUND('',#12884,.T.);
#12884 = EDGE_LOOP('',(#12885,#12886,#12894,#12901,#12902,#12903,#12904)
  );
#12885 = ORIENTED_EDGE('',*,*,#12872,.F.);
#12886 = ORIENTED_EDGE('',*,*,#12887,.T.);
#12887 = EDGE_CURVE('',#12865,#12888,#12890,.T.);
#12888 = VERTEX_POINT('',#12889);
#12889 = CARTESIAN_POINT('',(-16.16012517278,-13.93174633509,
    40.200002249963));
#12890 = LINE('',#12891,#12892);
#12891 = CARTESIAN_POINT('',(-8.384233111384,-13.93174633509,
    40.200002249963));
#12892 = VECTOR('',#12893,1.);
#12893 = DIRECTION('',(-1.,-1.708523719122E-16,-8.374058701483E-15));
#12894 = ORIENTED_EDGE('',*,*,#12895,.F.);
#12895 = EDGE_CURVE('',#11639,#12888,#12896,.T.);
#12896 = CIRCLE('',#12897,2.);
#12897 = AXIS2_PLACEMENT_3D('',#12898,#12899,#12900);
#12898 = CARTESIAN_POINT('',(-14.26142052253,-13.93174633509,
    40.828429374709));
#12899 = DIRECTION('',(1.708523719122E-16,-1.,2.204396384538E-22));
#12900 = DIRECTION('',(-0.923879532511,-1.578470938493E-16,
    -0.382683432365));
#12901 = ORIENTED_EDGE('',*,*,#11638,.T.);
#12902 = ORIENTED_EDGE('',*,*,#2611,.F.);
#12903 = ORIENTED_EDGE('',*,*,#2642,.T.);
#12904 = ORIENTED_EDGE('',*,*,#2694,.F.);
#12905 = PLANE('',#12906);
#12906 = AXIS2_PLACEMENT_3D('',#12907,#12908,#12909);
#12907 = CARTESIAN_POINT('',(-7.045700233914E-03,-13.93174633509,
    33.098859250647));
#12908 = DIRECTION('',(-1.708523719122E-16,1.,-2.204396384538E-22));
#12909 = DIRECTION('',(-1.,-1.708523719122E-16,1.506432214824E-16));
#12910 = ADVANCED_FACE('',(#12911),#12932,.F.);
#12911 = FACE_BOUND('',#12912,.F.);
#12912 = EDGE_LOOP('',(#12913,#12914,#12915,#12916,#12917,#12926));
#12913 = ORIENTED_EDGE('',*,*,#12895,.F.);
#12914 = ORIENTED_EDGE('',*,*,#11646,.T.);
#12915 = ORIENTED_EDGE('',*,*,#9020,.T.);
#12916 = ORIENTED_EDGE('',*,*,#12381,.T.);
#12917 = ORIENTED_EDGE('',*,*,#12918,.T.);
#12918 = EDGE_CURVE('',#12382,#12919,#12921,.T.);
#12919 = VERTEX_POINT('',#12920);
#12920 = CARTESIAN_POINT('',(-16.16012517278,-3.781371649929,
    40.200002249963));
#12921 = CIRCLE('',#12922,2.);
#12922 = AXIS2_PLACEMENT_3D('',#12923,#12924,#12925);
#12923 = CARTESIAN_POINT('',(-14.26142052253,-3.781371649929,
    40.828429374709));
#12924 = DIRECTION('',(2.223124028616E-14,1.,-7.787331452228E-15));
#12925 = DIRECTION('',(-0.923879532511,1.755890515362E-14,
    -0.382683432365));
#12926 = ORIENTED_EDGE('',*,*,#12927,.T.);
#12927 = EDGE_CURVE('',#12919,#12888,#12928,.T.);
#12928 = LINE('',#12929,#12930);
#12929 = CARTESIAN_POINT('',(-16.16012517278,-11.93174541885,
    40.200002249963));
#12930 = VECTOR('',#12931,1.);
#12931 = DIRECTION('',(2.498001805407E-16,-1.,-7.787331452228E-15));
#12932 = CYLINDRICAL_SURFACE('',#12933,2.);
#12933 = AXIS2_PLACEMENT_3D('',#12934,#12935,#12936);
#12934 = CARTESIAN_POINT('',(-14.26142052253,20.256408676556,
    40.828429374709));
#12935 = DIRECTION('',(-2.220624198067E-14,-1.,-9.276139052181E-29));
#12936 = DIRECTION('',(-0.923879532511,2.051589245993E-14,
    -0.382683432365));
#12937 = ADVANCED_FACE('',(#12938),#12944,.T.);
#12938 = FACE_BOUND('',#12939,.T.);
#12939 = EDGE_LOOP('',(#12940,#12941,#12942,#12943));
#12940 = ORIENTED_EDGE('',*,*,#627,.T.);
#12941 = ORIENTED_EDGE('',*,*,#12799,.T.);
#12942 = ORIENTED_EDGE('',*,*,#4172,.F.);
#12943 = ORIENTED_EDGE('',*,*,#78,.T.);
#12944 = PLANE('',#12945);
#12945 = AXIS2_PLACEMENT_3D('',#12946,#12947,#12948);
#12946 = CARTESIAN_POINT('',(-17.06142052253,-20.7813711918,
    31.700002249963));
#12947 = DIRECTION('',(-0.707106781187,1.965624317907E-14,0.707106781187
    ));
#12948 = DIRECTION('',(0.707106781187,0.,0.707106781187));
#12949 = ADVANCED_FACE('',(#12950),#12966,.F.);
#12950 = FACE_BOUND('',#12951,.F.);
#12951 = EDGE_LOOP('',(#12952,#12958,#12959,#12965));
#12952 = ORIENTED_EDGE('',*,*,#12953,.T.);
#12953 = EDGE_CURVE('',#127,#12919,#12954,.T.);
#12954 = ( BOUNDED_CURVE() B_SPLINE_CURVE(2,(#12955,#12956,#12957),
.UNSPECIFIED.,.F.,.F.) B_SPLINE_CURVE_WITH_KNOTS((3,3),(-5.446779251292,
-5.345882264192),.PIECEWISE_BEZIER_KNOTS.) CURVE() 
GEOMETRIC_REPRESENTATION_ITEM() RATIONAL_B_SPLINE_CURVE((7.758968678716,
8.193245287175,8.609113378695)) REPRESENTATION_ITEM('') );
#12955 = CARTESIAN_POINT('',(-16.46142052253,-4.069366547458,
    40.200002249963));
#12956 = CARTESIAN_POINT('',(-16.30065488747,-3.914783861321,
    40.200002249963));
#12957 = CARTESIAN_POINT('',(-16.1601251728,-3.781371649949,
    40.200002249963));
#12958 = ORIENTED_EDGE('',*,*,#12918,.F.);
#12959 = ORIENTED_EDGE('',*,*,#12960,.T.);
#12960 = EDGE_CURVE('',#12382,#119,#12961,.T.);
#12961 = LINE('',#12962,#12963);
#12962 = CARTESIAN_POINT('',(-15.6756340849,-3.781371649929,
    39.414215812336));
#12963 = VECTOR('',#12964,1.);
#12964 = DIRECTION('',(-0.5,-0.707106781187,-0.5));
#12965 = ORIENTED_EDGE('',*,*,#126,.T.);
#12966 = CONICAL_SURFACE('',#12967,4.,0.785398163397);
#12967 = AXIS2_PLACEMENT_3D('',#12968,#12969,#12970);
#12968 = CARTESIAN_POINT('',(-14.26142052253,-5.781371649929,
    40.828429374709));
#12969 = DIRECTION('',(-2.22044604925E-14,-1.,8.881784197002E-15));
#12970 = DIRECTION('',(-0.923879532511,1.711533491745E-14,
    -0.382683432365));
#12971 = ADVANCED_FACE('',(#12972),#12983,.T.);
#12972 = FACE_BOUND('',#12973,.T.);
#12973 = EDGE_LOOP('',(#12974,#12975,#12981,#12982));
#12974 = ORIENTED_EDGE('',*,*,#118,.F.);
#12975 = ORIENTED_EDGE('',*,*,#12976,.F.);
#12976 = EDGE_CURVE('',#12390,#111,#12977,.T.);
#12977 = LINE('',#12978,#12979);
#12978 = CARTESIAN_POINT('',(-13.73299339778,-3.781371649929,
    37.471575125217));
#12979 = VECTOR('',#12980,1.);
#12980 = DIRECTION('',(-0.5,-0.707106781187,-0.5));
#12981 = ORIENTED_EDGE('',*,*,#12389,.T.);
#12982 = ORIENTED_EDGE('',*,*,#12960,.T.);
#12983 = PLANE('',#12984);
#12984 = AXIS2_PLACEMENT_3D('',#12985,#12986,#12987);
#12985 = CARTESIAN_POINT('',(-17.03984764728,-5.710660971811,
    38.050002249963));
#12986 = DIRECTION('',(0.5,-0.707106781187,0.5));
#12987 = DIRECTION('',(0.707106781187,-1.942890293094E-16,
    -0.707106781187));
#12988 = ADVANCED_FACE('',(#12989),#13008,.T.);
#12989 = FACE_BOUND('',#12990,.T.);
#12990 = EDGE_LOOP('',(#12991,#12999,#13005,#13006,#13007));
#12991 = ORIENTED_EDGE('',*,*,#12992,.F.);
#12992 = EDGE_CURVE('',#12993,#103,#12995,.T.);
#12993 = VERTEX_POINT('',#12994);
#12994 = CARTESIAN_POINT('',(-13.00642052253,-6.995171970422,
    32.200002249963));
#12995 = LINE('',#12996,#12997);
#12996 = CARTESIAN_POINT('',(-17.60046573044,-10.24365249001,
    32.200002249963));
#12997 = VECTOR('',#12998,1.);
#12998 = DIRECTION('',(-0.816496580928,-0.57735026919,
    -2.878928198482E-15));
#12999 = ORIENTED_EDGE('',*,*,#13000,.T.);
#13000 = EDGE_CURVE('',#12993,#12398,#13001,.T.);
#13001 = LINE('',#13002,#13003);
#13002 = CARTESIAN_POINT('',(-13.00642052253,-8.768697019654,
    29.691859072132));
#13003 = VECTOR('',#13004,1.);
#13004 = DIRECTION('',(5.983389486979E-15,0.57735026919,0.816496580928)
  );
#13005 = ORIENTED_EDGE('',*,*,#12397,.T.);
#13006 = ORIENTED_EDGE('',*,*,#12976,.T.);
#13007 = ORIENTED_EDGE('',*,*,#110,.F.);
#13008 = PLANE('',#13009);
#13009 = AXIS2_PLACEMENT_3D('',#13010,#13011,#13012);
#13010 = CARTESIAN_POINT('',(-15.0506340849,-5.781371649929,
    35.96078868759));
#13011 = DIRECTION('',(0.5,-0.707106781187,0.5));
#13012 = DIRECTION('',(0.707106781187,2.775557561563E-16,-0.707106781187
    ));
#13013 = ADVANCED_FACE('',(#13014),#13033,.F.);
#13014 = FACE_BOUND('',#13015,.T.);
#13015 = EDGE_LOOP('',(#13016,#13022,#13023,#13024,#13025,#13031,#13032)
  );
#13016 = ORIENTED_EDGE('',*,*,#13017,.F.);
#13017 = EDGE_CURVE('',#12833,#95,#13018,.T.);
#13018 = LINE('',#13019,#13020);
#13019 = CARTESIAN_POINT('',(-19.04892052253,-20.60979877467,
    32.200002249963));
#13020 = VECTOR('',#13021,1.);
#13021 = DIRECTION('',(-1.,2.220624198067E-14,-9.032427423413E-15));
#13022 = ORIENTED_EDGE('',*,*,#12832,.T.);
#13023 = ORIENTED_EDGE('',*,*,#12857,.T.);
#13024 = ORIENTED_EDGE('',*,*,#12300,.F.);
#13025 = ORIENTED_EDGE('',*,*,#13026,.F.);
#13026 = EDGE_CURVE('',#12993,#12293,#13027,.T.);
#13027 = LINE('',#13028,#13029);
#13028 = CARTESIAN_POINT('',(-13.00642052253,4.793815234414,
    32.200002249963));
#13029 = VECTOR('',#13030,1.);
#13030 = DIRECTION('',(-2.220624198067E-14,-1.,7.787331452228E-15));
#13031 = ORIENTED_EDGE('',*,*,#12992,.T.);
#13032 = ORIENTED_EDGE('',*,*,#102,.T.);
#13033 = PLANE('',#13034);
#13034 = AXIS2_PLACEMENT_3D('',#13035,#13036,#13037);
#13035 = CARTESIAN_POINT('',(-16.56142052253,-19.78137164992,
    32.200002249963));
#13036 = DIRECTION('',(9.032427423413E-15,-7.787331452228E-15,-1.));
#13037 = DIRECTION('',(2.220624198067E-14,1.,-7.787331452228E-15));
#13038 = ADVANCED_FACE('',(#13039),#13045,.T.);
#13039 = FACE_BOUND('',#13040,.T.);
#13040 = EDGE_LOOP('',(#13041,#13042,#13043,#13044));
#13041 = ORIENTED_EDGE('',*,*,#12840,.T.);
#13042 = ORIENTED_EDGE('',*,*,#13017,.T.);
#13043 = ORIENTED_EDGE('',*,*,#94,.T.);
#13044 = ORIENTED_EDGE('',*,*,#4165,.T.);
#13045 = PLANE('',#13046);
#13046 = AXIS2_PLACEMENT_3D('',#13047,#13048,#13049);
#13047 = CARTESIAN_POINT('',(-21.53642052253,-20.1955852123,
    31.78578868759));
#13048 = DIRECTION('',(9.315293607528E-15,0.707106781187,0.707106781187)
  );
#13049 = DIRECTION('',(1.,-1.262177448354E-29,-1.317381455725E-14));
#13050 = ADVANCED_FACE('',(#13051),#13057,.T.);
#13051 = FACE_BOUND('',#13052,.T.);
#13052 = EDGE_LOOP('',(#13053,#13054,#13055,#13056));
#13053 = ORIENTED_EDGE('',*,*,#1799,.F.);
#13054 = ORIENTED_EDGE('',*,*,#11977,.T.);
#13055 = ORIENTED_EDGE('',*,*,#1600,.F.);
#13056 = ORIENTED_EDGE('',*,*,#8723,.T.);
#13057 = PLANE('',#13058);
#13058 = AXIS2_PLACEMENT_3D('',#13059,#13060,#13061);
#13059 = CARTESIAN_POINT('',(7.864498120395,19.819002118757,0.2));
#13060 = DIRECTION('',(4.43718373762E-16,-0.707106781187,-0.707106781187
    ));
#13061 = DIRECTION('',(-1.,2.958228394579E-31,-6.275125420484E-16));
#13062 = ADVANCED_FACE('',(#13063),#13069,.F.);
#13063 = FACE_BOUND('',#13064,.T.);
#13064 = EDGE_LOOP('',(#13065,#13066,#13067,#13068));
#13065 = ORIENTED_EDGE('',*,*,#2236,.F.);
#13066 = ORIENTED_EDGE('',*,*,#2099,.T.);
#13067 = ORIENTED_EDGE('',*,*,#11925,.F.);
#13068 = ORIENTED_EDGE('',*,*,#732,.T.);
#13069 = PLANE('',#13070);
#13070 = AXIS2_PLACEMENT_3D('',#13071,#13072,#13073);
#13071 = CARTESIAN_POINT('',(16.547329122067,16.419002118757,
    7.105427357601E-14));
#13072 = DIRECTION('',(1.750789380897E-16,-1.,7.787331452228E-15));
#13073 = DIRECTION('',(3.944304526105E-31,7.787331452228E-15,1.));
#13074 = ADVANCED_FACE('',(#13075),#13086,.T.);
#13075 = FACE_BOUND('',#13076,.T.);
#13076 = EDGE_LOOP('',(#13077,#13078,#13084,#13085));
#13077 = ORIENTED_EDGE('',*,*,#2275,.F.);
#13078 = ORIENTED_EDGE('',*,*,#13079,.T.);
#13079 = EDGE_CURVE('',#2251,#11998,#13080,.T.);
#13080 = LINE('',#13081,#13082);
#13081 = CARTESIAN_POINT('',(12.992329122067,14.039442613575,
    -1.379849867195E-06));
#13082 = VECTOR('',#13083,1.);
#13083 = DIRECTION('',(0.,-2.353461917149E-17,1.));
#13084 = ORIENTED_EDGE('',*,*,#11997,.T.);
#13085 = ORIENTED_EDGE('',*,*,#2082,.T.);
#13086 = CYLINDRICAL_SURFACE('',#13087,2.);
#13087 = AXIS2_PLACEMENT_3D('',#13088,#13089,#13090);
#13088 = CARTESIAN_POINT('',(14.992329122067,14.039442613575,
    -1.379849867195E-06));
#13089 = DIRECTION('',(1.130383251043E-15,2.353461917149E-17,-1.));
#13090 = DIRECTION('',(-0.86608213843,0.499901719834,-9.672397467089E-16
    ));
#13091 = ADVANCED_FACE('',(#13092,#13110,#13113),#13116,.T.);
#13092 = FACE_BOUND('',#13093,.T.);
#13093 = EDGE_LOOP('',(#13094,#13095,#13101,#13102,#13103,#13104,#13105,
    #13106,#13107,#13108,#13109));
#13094 = ORIENTED_EDGE('',*,*,#2250,.F.);
#13095 = ORIENTED_EDGE('',*,*,#13096,.F.);
#13096 = EDGE_CURVE('',#12073,#2204,#13097,.T.);
#13097 = LINE('',#13098,#13099);
#13098 = CARTESIAN_POINT('',(12.992329122067,-14.64975299112,
    4.901144999101));
#13099 = VECTOR('',#13100,1.);
#13100 = DIRECTION('',(-4.032132200868E-31,-7.787331451716E-15,-1.));
#13101 = ORIENTED_EDGE('',*,*,#12095,.F.);
#13102 = ORIENTED_EDGE('',*,*,#12040,.F.);
#13103 = ORIENTED_EDGE('',*,*,#12240,.T.);
#13104 = ORIENTED_EDGE('',*,*,#8858,.T.);
#13105 = ORIENTED_EDGE('',*,*,#2805,.T.);
#13106 = ORIENTED_EDGE('',*,*,#2748,.T.);
#13107 = ORIENTED_EDGE('',*,*,#12318,.F.);
#13108 = ORIENTED_EDGE('',*,*,#12006,.T.);
#13109 = ORIENTED_EDGE('',*,*,#13079,.F.);
#13110 = FACE_BOUND('',#13111,.T.);
#13111 = EDGE_LOOP('',(#13112));
#13112 = ORIENTED_EDGE('',*,*,#3243,.F.);
#13113 = FACE_BOUND('',#13114,.T.);
#13114 = EDGE_LOOP('',(#13115));
#13115 = ORIENTED_EDGE('',*,*,#3123,.F.);
#13116 = PLANE('',#13117);
#13117 = AXIS2_PLACEMENT_3D('',#13118,#13119,#13120);
#13118 = CARTESIAN_POINT('',(12.992329122067,21.369002118757,0.));
#13119 = DIRECTION('',(-1.,5.177809915847E-17,0.));
#13120 = DIRECTION('',(-5.177809915847E-17,-1.,0.));
#13121 = ADVANCED_FACE('',(#13122),#13134,.T.);
#13122 = FACE_BOUND('',#13123,.T.);
#13123 = EDGE_LOOP('',(#13124,#13125,#13131,#13132,#13133));
#13124 = ORIENTED_EDGE('',*,*,#2203,.F.);
#13125 = ORIENTED_EDGE('',*,*,#13126,.T.);
#13126 = EDGE_CURVE('',#2180,#12110,#13127,.T.);
#13127 = LINE('',#13128,#13129);
#13128 = CARTESIAN_POINT('',(13.992329122067,-15.64975299451,
    4.901144999101));
#13129 = VECTOR('',#13130,1.);
#13130 = DIRECTION('',(4.032132200868E-31,7.787331451716E-15,1.));
#13131 = ORIENTED_EDGE('',*,*,#12109,.T.);
#13132 = ORIENTED_EDGE('',*,*,#12070,.T.);
#13133 = ORIENTED_EDGE('',*,*,#13096,.T.);
#13134 = PLANE('',#13135);
#13135 = AXIS2_PLACEMENT_3D('',#13136,#13137,#13138);
#13136 = CARTESIAN_POINT('',(13.492329122067,-15.14975299282,
    4.901144999101));
#13137 = DIRECTION('',(-0.707106782387,-0.707106779986,
    5.506474867509E-15));
#13138 = DIRECTION('',(7.787331425279E-15,-1.577721810442E-30,1.));
#13139 = ADVANCED_FACE('',(#13140),#13151,.F.);
#13140 = FACE_BOUND('',#13141,.T.);
#13141 = EDGE_LOOP('',(#13142,#13143,#13149,#13150));
#13142 = ORIENTED_EDGE('',*,*,#2179,.F.);
#13143 = ORIENTED_EDGE('',*,*,#13144,.F.);
#13144 = EDGE_CURVE('',#12118,#2158,#13145,.T.);
#13145 = LINE('',#13146,#13147);
#13146 = CARTESIAN_POINT('',(15.44732852602,-15.64975299945,4.9011449991
    ));
#13147 = VECTOR('',#13148,1.);
#13148 = DIRECTION('',(-4.032132200868E-31,-7.787331451716E-15,-1.));
#13149 = ORIENTED_EDGE('',*,*,#12117,.F.);
#13150 = ORIENTED_EDGE('',*,*,#13126,.F.);
#13151 = PLANE('',#13152);
#13152 = AXIS2_PLACEMENT_3D('',#13153,#13154,#13155);
#13153 = CARTESIAN_POINT('',(12.992329122065,-15.64975299112,
    9.802289998201));
#13154 = DIRECTION('',(3.394944213941E-09,1.,-7.787331451716E-15));
#13155 = DIRECTION('',(1.,-3.394944213941E-09,1.585209807297E-16));
#13156 = ADVANCED_FACE('',(#13157),#13172,.T.);
#13157 = FACE_BOUND('',#13158,.T.);
#13158 = EDGE_LOOP('',(#13159,#13160,#13161,#13162,#13168,#13169,#13170,
    #13171));
#13159 = ORIENTED_EDGE('',*,*,#2157,.F.);
#13160 = ORIENTED_EDGE('',*,*,#8965,.T.);
#13161 = ORIENTED_EDGE('',*,*,#12209,.T.);
#13162 = ORIENTED_EDGE('',*,*,#13163,.T.);
#13163 = EDGE_CURVE('',#12202,#12176,#13164,.T.);
#13164 = LINE('',#13165,#13166);
#13165 = CARTESIAN_POINT('',(15.44732852602,-16.53168754341,
    9.753971387905));
#13166 = VECTOR('',#13167,1.);
#13167 = DIRECTION('',(2.54065087293E-32,4.906805993697E-16,-1.));
#13168 = ORIENTED_EDGE('',*,*,#12175,.T.);
#13169 = ORIENTED_EDGE('',*,*,#12151,.F.);
#13170 = ORIENTED_EDGE('',*,*,#12125,.T.);
#13171 = ORIENTED_EDGE('',*,*,#13144,.T.);
#13172 = PLANE('',#13173);
#13173 = AXIS2_PLACEMENT_3D('',#13174,#13175,#13176);
#13174 = CARTESIAN_POINT('',(15.44732852602,-18.58137164993,0.));
#13175 = DIRECTION('',(-1.,5.177809915847E-17,0.));
#13176 = DIRECTION('',(0.,0.,1.));
#13177 = ADVANCED_FACE('',(#13178),#13189,.F.);
#13178 = FACE_BOUND('',#13179,.T.);
#13179 = EDGE_LOOP('',(#13180,#13181,#13187,#13188));
#13180 = ORIENTED_EDGE('',*,*,#4069,.F.);
#13181 = ORIENTED_EDGE('',*,*,#13182,.T.);
#13182 = EDGE_CURVE('',#4048,#12200,#13183,.T.);
#13183 = LINE('',#13184,#13185);
#13184 = CARTESIAN_POINT('',(-15.46141992648,-16.53168754341,
    9.753971387905));
#13185 = VECTOR('',#13186,1.);
#13186 = DIRECTION('',(-8.374058701483E-15,-4.906805993696E-16,1.));
#13187 = ORIENTED_EDGE('',*,*,#12216,.F.);
#13188 = ORIENTED_EDGE('',*,*,#8949,.F.);
#13189 = PLANE('',#13190);
#13190 = AXIS2_PLACEMENT_3D('',#13191,#13192,#13193);
#13191 = CARTESIAN_POINT('',(-15.46141992648,-18.58137164992,
    -1.29356835858E-13));
#13192 = DIRECTION('',(-1.,2.220624198067E-14,-8.374058701483E-15));
#13193 = DIRECTION('',(-8.374058701483E-15,9.319498336361E-29,1.));
#13194 = ADVANCED_FACE('',(#13195),#13209,.T.);
#13195 = FACE_BOUND('',#13196,.T.);
#13196 = EDGE_LOOP('',(#13197,#13198,#13204,#13205,#13206,#13207,#13208)
  );
#13197 = ORIENTED_EDGE('',*,*,#4047,.F.);
#13198 = ORIENTED_EDGE('',*,*,#13199,.F.);
#13199 = EDGE_CURVE('',#12267,#4024,#13200,.T.);
#13200 = LINE('',#13201,#13202);
#13201 = CARTESIAN_POINT('',(-14.00642052253,-16.53168754341,15.));
#13202 = VECTOR('',#13203,1.);
#13203 = DIRECTION('',(8.374058701483E-15,6.310887241768E-30,-1.));
#13204 = ORIENTED_EDGE('',*,*,#12266,.F.);
#13205 = ORIENTED_EDGE('',*,*,#12252,.T.);
#13206 = ORIENTED_EDGE('',*,*,#13163,.F.);
#13207 = ORIENTED_EDGE('',*,*,#12199,.F.);
#13208 = ORIENTED_EDGE('',*,*,#13182,.F.);
#13209 = PLANE('',#13210);
#13210 = AXIS2_PLACEMENT_3D('',#13211,#13212,#13213);
#13211 = CARTESIAN_POINT('',(13.776071962865,-16.53168754341,30.));
#13212 = DIRECTION('',(0.,-1.,-6.310887241768E-30));
#13213 = DIRECTION('',(-1.,6.817048920027E-62,-1.080204519407E-32));
#13214 = ADVANCED_FACE('',(#13215),#13227,.T.);
#13215 = FACE_BOUND('',#13216,.T.);
#13216 = EDGE_LOOP('',(#13217,#13218,#13224,#13225,#13226));
#13217 = ORIENTED_EDGE('',*,*,#4023,.F.);
#13218 = ORIENTED_EDGE('',*,*,#13219,.T.);
#13219 = EDGE_CURVE('',#4000,#2763,#13220,.T.);
#13220 = LINE('',#13221,#13222);
#13221 = CARTESIAN_POINT('',(-13.00642052253,-15.53168754341,15.));
#13222 = VECTOR('',#13223,1.);
#13223 = DIRECTION('',(-8.374058701483E-15,-6.310887241768E-30,1.));
#13224 = ORIENTED_EDGE('',*,*,#2770,.T.);
#13225 = ORIENTED_EDGE('',*,*,#12277,.F.);
#13226 = ORIENTED_EDGE('',*,*,#13199,.T.);
#13227 = PLANE('',#13228);
#13228 = AXIS2_PLACEMENT_3D('',#13229,#13230,#13231);
#13229 = CARTESIAN_POINT('',(-13.50642052253,-16.03168754341,15.));
#13230 = DIRECTION('',(0.707106781187,-0.707106781186,5.92135369388E-15)
  );
#13231 = DIRECTION('',(8.374058701483E-15,-4.733165431326E-30,-1.));
#13232 = ADVANCED_FACE('',(#13233),#13249,.T.);
#13233 = FACE_BOUND('',#13234,.T.);
#13234 = EDGE_LOOP('',(#13235,#13236,#13242,#13243));
#13235 = ORIENTED_EDGE('',*,*,#3975,.F.);
#13236 = ORIENTED_EDGE('',*,*,#13237,.F.);
#13237 = EDGE_CURVE('',#12333,#3952,#13238,.T.);
#13238 = LINE('',#13239,#13240);
#13239 = CARTESIAN_POINT('',(-15.00642052216,-8.531687543548,
    9.186250562485));
#13240 = VECTOR('',#13241,1.);
#13241 = DIRECTION('',(-1.506432260272E-16,1.487843172986E-11,-1.));
#13242 = ORIENTED_EDGE('',*,*,#12358,.F.);
#13243 = ORIENTED_EDGE('',*,*,#13244,.T.);
#13244 = EDGE_CURVE('',#12351,#3976,#13245,.T.);
#13245 = LINE('',#13246,#13247);
#13246 = CARTESIAN_POINT('',(-13.00642052253,-10.53168754341,
    -2.002194558042E-10));
#13247 = VECTOR('',#13248,1.);
#13248 = DIRECTION('',(8.374058701813E-15,1.487843172986E-11,-1.));
#13249 = PLANE('',#13250);
#13250 = AXIS2_PLACEMENT_3D('',#13251,#13252,#13253);
#13251 = CARTESIAN_POINT('',(-14.00642052253,-9.531687543412,
    -1.853493981331E-10));
#13252 = DIRECTION('',(0.707106781187,0.707106781187,1.05265613233E-11)
  );
#13253 = DIRECTION('',(1.488680578856E-11,-2.10026327406E-26,-1.));
#13254 = ADVANCED_FACE('',(#13255),#13266,.F.);
#13255 = FACE_BOUND('',#13256,.T.);
#13256 = EDGE_LOOP('',(#13257,#13258,#13264,#13265));
#13257 = ORIENTED_EDGE('',*,*,#3951,.F.);
#13258 = ORIENTED_EDGE('',*,*,#13259,.T.);
#13259 = EDGE_CURVE('',#3928,#12335,#13260,.T.);
#13260 = LINE('',#13261,#13262);
#13261 = CARTESIAN_POINT('',(-15.00642052216,9.112833066664,
    18.883755666633));
#13262 = VECTOR('',#13263,1.);
#13263 = DIRECTION('',(1.506432264116E-16,-5.248086028425E-17,1.));
#13264 = ORIENTED_EDGE('',*,*,#12332,.F.);
#13265 = ORIENTED_EDGE('',*,*,#13237,.T.);
#13266 = PLANE('',#13267);
#13267 = AXIS2_PLACEMENT_3D('',#13268,#13269,#13270);
#13268 = CARTESIAN_POINT('',(-15.00642052216,-0.71596276289,
    18.372501124982));
#13269 = DIRECTION('',(-1.,2.584044089815E-14,1.506432264116E-16));
#13270 = DIRECTION('',(-2.584044089815E-14,-1.,-7.787331452228E-15));
#13271 = ADVANCED_FACE('',(#13272),#13283,.T.);
#13272 = FACE_BOUND('',#13273,.T.);
#13273 = EDGE_LOOP('',(#13274,#13275,#13281,#13282));
#13274 = ORIENTED_EDGE('',*,*,#3927,.F.);
#13275 = ORIENTED_EDGE('',*,*,#13276,.T.);
#13276 = EDGE_CURVE('',#3836,#12343,#13277,.T.);
#13277 = LINE('',#13278,#13279);
#13278 = CARTESIAN_POINT('',(-13.00642052253,11.112833066664,
    9.697505104142));
#13279 = VECTOR('',#13280,1.);
#13280 = DIRECTION('',(-8.374058701483E-15,-5.248086028403E-17,1.));
#13281 = ORIENTED_EDGE('',*,*,#12342,.F.);
#13282 = ORIENTED_EDGE('',*,*,#13259,.F.);
#13283 = PLANE('',#13284);
#13284 = AXIS2_PLACEMENT_3D('',#13285,#13286,#13287);
#13285 = CARTESIAN_POINT('',(-14.00642052253,10.112833066664,
    9.697505104142));
#13286 = DIRECTION('',(0.707106781187,-0.707106781187,5.884244121683E-15
    ));
#13287 = DIRECTION('',(8.321577841199E-15,3.155443620884E-30,-1.));
#13288 = ADVANCED_FACE('',(#13289,#13309,#13312),#13315,.F.);
#13289 = FACE_BOUND('',#13290,.T.);
#13290 = EDGE_LOOP('',(#13291,#13292,#13298,#13299,#13300,#13301,#13302,
    #13303,#13304,#13305,#13306,#13307,#13308));
#13291 = ORIENTED_EDGE('',*,*,#3835,.F.);
#13292 = ORIENTED_EDGE('',*,*,#13293,.F.);
#13293 = EDGE_CURVE('',#12406,#3828,#13294,.T.);
#13294 = LINE('',#13295,#13296);
#13295 = CARTESIAN_POINT('',(-13.00642052253,14.146564858977,
    -1.379849891596E-06));
#13296 = VECTOR('',#13297,1.);
#13297 = DIRECTION('',(8.374058701483E-15,2.353461917132E-17,-1.));
#13298 = ORIENTED_EDGE('',*,*,#12405,.F.);
#13299 = ORIENTED_EDGE('',*,*,#13000,.F.);
#13300 = ORIENTED_EDGE('',*,*,#13026,.T.);
#13301 = ORIENTED_EDGE('',*,*,#12292,.T.);
#13302 = ORIENTED_EDGE('',*,*,#2731,.T.);
#13303 = ORIENTED_EDGE('',*,*,#2762,.T.);
#13304 = ORIENTED_EDGE('',*,*,#13219,.F.);
#13305 = ORIENTED_EDGE('',*,*,#3999,.F.);
#13306 = ORIENTED_EDGE('',*,*,#13244,.F.);
#13307 = ORIENTED_EDGE('',*,*,#12350,.F.);
#13308 = ORIENTED_EDGE('',*,*,#13276,.F.);
#13309 = FACE_BOUND('',#13310,.T.);
#13310 = EDGE_LOOP('',(#13311));
#13311 = ORIENTED_EDGE('',*,*,#3001,.T.);
#13312 = FACE_BOUND('',#13313,.T.);
#13313 = EDGE_LOOP('',(#13314));
#13314 = ORIENTED_EDGE('',*,*,#2923,.T.);
#13315 = PLANE('',#13316);
#13316 = AXIS2_PLACEMENT_3D('',#13317,#13318,#13319);
#13317 = CARTESIAN_POINT('',(-13.00642052253,21.369002118758,
    -1.087985267372E-13));
#13318 = DIRECTION('',(-1.,2.220624198067E-14,-8.374058701483E-15));
#13319 = DIRECTION('',(-2.220624198067E-14,-1.,-9.276139052181E-29));
#13320 = ADVANCED_FACE('',(#13321),#13332,.T.);
#13321 = FACE_BOUND('',#13322,.T.);
#13322 = EDGE_LOOP('',(#13323,#13324,#13330,#13331));
#13323 = ORIENTED_EDGE('',*,*,#3865,.F.);
#13324 = ORIENTED_EDGE('',*,*,#13325,.T.);
#13325 = EDGE_CURVE('',#3858,#12414,#13326,.T.);
#13326 = LINE('',#13327,#13328);
#13327 = CARTESIAN_POINT('',(-14.01747771795,15.884952654976,
    -1.379849907186E-06));
#13328 = VECTOR('',#13329,1.);
#13329 = DIRECTION('',(-1.130383251043E-15,-2.353461917149E-17,1.));
#13330 = ORIENTED_EDGE('',*,*,#12413,.T.);
#13331 = ORIENTED_EDGE('',*,*,#13293,.T.);
#13332 = CYLINDRICAL_SURFACE('',#13333,2.);
#13333 = AXIS2_PLACEMENT_3D('',#13334,#13335,#13336);
#13334 = CARTESIAN_POINT('',(-15.00642052253,14.146564858977,
    -1.379849908344E-06));
#13335 = DIRECTION('',(-1.130383251043E-15,-2.353461917149E-17,1.));
#13336 = DIRECTION('',(0.864427961801,0.502756699464,9.889670772109E-16)
  );
#13337 = ADVANCED_FACE('',(#13338),#13351,.F.);
#13338 = FACE_BOUND('',#13339,.F.);
#13339 = EDGE_LOOP('',(#13340,#13341,#13342,#13343,#13344,#13350));
#13340 = ORIENTED_EDGE('',*,*,#13325,.T.);
#13341 = ORIENTED_EDGE('',*,*,#12422,.T.);
#13342 = ORIENTED_EDGE('',*,*,#12454,.T.);
#13343 = ORIENTED_EDGE('',*,*,#12530,.T.);
#13344 = ORIENTED_EDGE('',*,*,#13345,.T.);
#13345 = EDGE_CURVE('',#12520,#3883,#13346,.T.);
#13346 = LINE('',#13347,#13348);
#13347 = CARTESIAN_POINT('',(-13.62111555514,21.288659856443,
    -1.37984990661E-06));
#13348 = VECTOR('',#13349,1.);
#13349 = DIRECTION('',(1.130383251043E-15,2.353461917149E-17,-1.));
#13350 = ORIENTED_EDGE('',*,*,#3882,.T.);
#13351 = CYLINDRICAL_SURFACE('',#13352,3.);
#13352 = AXIS2_PLACEMENT_3D('',#13353,#13354,#13355);
#13353 = CARTESIAN_POINT('',(-12.53406351109,18.492534348974,
    -1.379849905447E-06));
#13354 = DIRECTION('',(-1.130383251043E-15,-2.353461917149E-17,1.));
#13355 = DIRECTION('',(-1.,2.584044089815E-14,-1.130383251043E-15));
#13356 = ADVANCED_FACE('',(#13357),#13368,.T.);
#13357 = FACE_BOUND('',#13358,.T.);
#13358 = EDGE_LOOP('',(#13359,#13360,#13366,#13367));
#13359 = ORIENTED_EDGE('',*,*,#3907,.F.);
#13360 = ORIENTED_EDGE('',*,*,#13361,.F.);
#13361 = EDGE_CURVE('',#12505,#3737,#13362,.T.);
#13362 = LINE('',#13363,#13364);
#13363 = CARTESIAN_POINT('',(-10.81345125578,23.138194832822,
    -1.379849861383E-06));
#13364 = VECTOR('',#13365,1.);
#13365 = DIRECTION('',(1.130383251043E-15,2.353461917149E-17,-1.));
#13366 = ORIENTED_EDGE('',*,*,#12519,.T.);
#13367 = ORIENTED_EDGE('',*,*,#13345,.T.);
#13368 = CYLINDRICAL_SURFACE('',#13369,8.);
#13369 = AXIS2_PLACEMENT_3D('',#13370,#13371,#13372);
#13370 = CARTESIAN_POINT('',(-16.51992100596,28.744994543026,
    -1.379849909712E-06));
#13371 = DIRECTION('',(1.130383251043E-15,2.353461917149E-17,-1.));
#13372 = DIRECTION('',(0.546428184436,-0.837505963713,5.979628836739E-16
    ));
#13373 = ADVANCED_FACE('',(#13374),#13385,.T.);
#13374 = FACE_BOUND('',#13375,.T.);
#13375 = EDGE_LOOP('',(#13376,#13377,#13383,#13384));
#13376 = ORIENTED_EDGE('',*,*,#3736,.F.);
#13377 = ORIENTED_EDGE('',*,*,#13378,.T.);
#13378 = EDGE_CURVE('',#3729,#12497,#13379,.T.);
#13379 = LINE('',#13380,#13381);
#13380 = CARTESIAN_POINT('',(-9.606420522534,26.001640776962,
    14.074655067171));
#13381 = VECTOR('',#13382,1.);
#13382 = DIRECTION('',(-8.374058701483E-15,8.590256990619E-29,1.));
#13383 = ORIENTED_EDGE('',*,*,#12504,.T.);
#13384 = ORIENTED_EDGE('',*,*,#13361,.T.);
#13385 = CYLINDRICAL_SURFACE('',#13386,4.);
#13386 = AXIS2_PLACEMENT_3D('',#13387,#13388,#13389);
#13387 = CARTESIAN_POINT('',(-13.60642052253,26.001640776962,
    14.074655067171));
#13388 = DIRECTION('',(-8.374058701483E-15,8.590256990619E-29,1.));
#13389 = DIRECTION('',(0.923879532511,-0.382683432365,7.736621438348E-15
    ));
#13390 = ADVANCED_FACE('',(#13391),#13402,.F.);
#13391 = FACE_BOUND('',#13392,.T.);
#13392 = EDGE_LOOP('',(#13393,#13394,#13400,#13401));
#13393 = ORIENTED_EDGE('',*,*,#3770,.F.);
#13394 = ORIENTED_EDGE('',*,*,#13395,.F.);
#13395 = EDGE_CURVE('',#12487,#3763,#13396,.T.);
#13396 = LINE('',#13397,#13398);
#13397 = CARTESIAN_POINT('',(-9.606420522534,31.036687923993,
    19.883103950779));
#13398 = VECTOR('',#13399,1.);
#13399 = DIRECTION('',(8.374058801141E-15,4.487852083262E-09,-1.));
#13400 = ORIENTED_EDGE('',*,*,#12496,.F.);
#13401 = ORIENTED_EDGE('',*,*,#13378,.F.);
#13402 = PLANE('',#13403);
#13403 = AXIS2_PLACEMENT_3D('',#13404,#13405,#13406);
#13404 = CARTESIAN_POINT('',(-9.606420522534,26.495818863081,
    18.766206756228));
#13405 = DIRECTION('',(-1.,2.220624198067E-14,-8.374058701483E-15));
#13406 = DIRECTION('',(-2.220624198067E-14,-1.,7.787331452228E-15));
#13407 = ADVANCED_FACE('',(#13408),#13420,.T.);
#13408 = FACE_BOUND('',#13409,.T.);
#13409 = EDGE_LOOP('',(#13410,#13411,#13417,#13418,#13419));
#13410 = ORIENTED_EDGE('',*,*,#3792,.F.);
#13411 = ORIENTED_EDGE('',*,*,#13412,.T.);
#13412 = EDGE_CURVE('',#3785,#12586,#13413,.T.);
#13413 = LINE('',#13414,#13415);
#13414 = CARTESIAN_POINT('',(-10.60705283408,32.036687724084,
    19.883103955267));
#13415 = VECTOR('',#13416,1.);
#13416 = DIRECTION('',(-8.374058801141E-15,-4.487852083262E-09,1.));
#13417 = ORIENTED_EDGE('',*,*,#12585,.T.);
#13418 = ORIENTED_EDGE('',*,*,#12486,.F.);
#13419 = ORIENTED_EDGE('',*,*,#13395,.T.);
#13420 = CYLINDRICAL_SURFACE('',#13421,1.);
#13421 = AXIS2_PLACEMENT_3D('',#13422,#13423,#13424);
#13422 = CARTESIAN_POINT('',(-10.60642052253,31.036687923993,
    19.883103950779));
#13423 = DIRECTION('',(8.374058801141E-15,4.487852083262E-09,-1.));
#13424 = DIRECTION('',(0.706883189944,0.707330301751,3.174399687749E-09)
  );
#13425 = ADVANCED_FACE('',(#13426),#13440,.F.);
#13426 = FACE_BOUND('',#13427,.T.);
#13427 = EDGE_LOOP('',(#13428,#13429,#13435,#13436,#13437,#13438,#13439)
  );
#13428 = ORIENTED_EDGE('',*,*,#3809,.F.);
#13429 = ORIENTED_EDGE('',*,*,#13430,.T.);
#13430 = EDGE_CURVE('',#3706,#9047,#13431,.T.);
#13431 = LINE('',#13432,#13433);
#13432 = CARTESIAN_POINT('',(-16.64788293285,32.032868031662,
    21.000001140051));
#13433 = VECTOR('',#13434,1.);
#13434 = DIRECTION('',(-2.845950150582E-12,-4.487853877494E-09,1.));
#13435 = ORIENTED_EDGE('',*,*,#9046,.T.);
#13436 = ORIENTED_EDGE('',*,*,#12681,.F.);
#13437 = ORIENTED_EDGE('',*,*,#12654,.F.);
#13438 = ORIENTED_EDGE('',*,*,#12624,.F.);
#13439 = ORIENTED_EDGE('',*,*,#13412,.F.);
#13440 = PLANE('',#13441);
#13441 = AXIS2_PLACEMENT_3D('',#13442,#13443,#13444);
#13442 = CARTESIAN_POINT('',(-1.472371201706E-02,32.04338537246,
    21.000001129469));
#13443 = DIRECTION('',(6.323115504281E-04,-0.999999800091,
    -4.487851180805E-09));
#13444 = DIRECTION('',(0.999999800091,6.323115504281E-04,
    8.218489811513E-15));
#13445 = ADVANCED_FACE('',(#13446),#13452,.F.);
#13446 = FACE_BOUND('',#13447,.T.);
#13447 = EDGE_LOOP('',(#13448,#13449,#13450,#13451));
#13448 = ORIENTED_EDGE('',*,*,#3705,.F.);
#13449 = ORIENTED_EDGE('',*,*,#8831,.F.);
#13450 = ORIENTED_EDGE('',*,*,#9054,.F.);
#13451 = ORIENTED_EDGE('',*,*,#13430,.F.);
#13452 = PLANE('',#13453);
#13453 = AXIS2_PLACEMENT_3D('',#13454,#13455,#13456);
#13454 = CARTESIAN_POINT('',(-17.14819898867,31.532551975841,
    21.000001137804));
#13455 = DIRECTION('',(0.707106781187,-0.707106781187,-3.1713795191E-09)
  );
#13456 = DIRECTION('',(-4.485007927344E-09,9.760731228126E-23,-1.));
#13457 = ADVANCED_FACE('',(#13458),#13469,.F.);
#13458 = FACE_BOUND('',#13459,.F.);
#13459 = EDGE_LOOP('',(#13460,#13466,#13467,#13468));
#13460 = ORIENTED_EDGE('',*,*,#13461,.T.);
#13461 = EDGE_CURVE('',#12699,#547,#13462,.T.);
#13462 = LINE('',#13463,#13464);
#13463 = CARTESIAN_POINT('',(-19.50546131568,-23.98180762238,0.2));
#13464 = VECTOR('',#13465,1.);
#13465 = DIRECTION('',(0.707106781187,-1.835854659356E-14,
    -0.707106781187));
#13466 = ORIENTED_EDGE('',*,*,#546,.F.);
#13467 = ORIENTED_EDGE('',*,*,#13461,.F.);
#13468 = ORIENTED_EDGE('',*,*,#12708,.F.);
#13469 = CONICAL_SURFACE('',#13470,2.55,0.785398163397);
#13470 = AXIS2_PLACEMENT_3D('',#13471,#13472,#13473);
#13471 = CARTESIAN_POINT('',(-22.05546131568,-23.98180762238,0.2));
#13472 = DIRECTION('',(1.110223024625E-14,-7.006492321625E-44,-1.));
#13473 = DIRECTION('',(-1.,2.584044089815E-14,-1.110223024625E-14));
#13474 = ADVANCED_FACE('',(#13475),#13486,.F.);
#13475 = FACE_BOUND('',#13476,.F.);
#13476 = EDGE_LOOP('',(#13477,#13483,#13484,#13485));
#13477 = ORIENTED_EDGE('',*,*,#13478,.T.);
#13478 = EDGE_CURVE('',#12724,#569,#13479,.T.);
#13479 = LINE('',#13480,#13481);
#13480 = CARTESIAN_POINT('',(-15.46264780593,26.409235746883,0.2));
#13481 = VECTOR('',#13482,1.);
#13482 = DIRECTION('',(-0.707106781186,7.955994072737E-15,
    -0.707106781187));
#13483 = ORIENTED_EDGE('',*,*,#568,.F.);
#13484 = ORIENTED_EDGE('',*,*,#13478,.F.);
#13485 = ORIENTED_EDGE('',*,*,#12733,.F.);
#13486 = CONICAL_SURFACE('',#13487,2.55,0.785398163397);
#13487 = AXIS2_PLACEMENT_3D('',#13488,#13489,#13490);
#13488 = CARTESIAN_POINT('',(-12.91264780593,26.409235746883,0.2));
#13489 = DIRECTION('',(5.551115123124E-15,0.,-1.));
#13490 = DIRECTION('',(1.,-1.112901003991E-14,5.551115123124E-15));
#13491 = ADVANCED_FACE('',(#13492),#13503,.F.);
#13492 = FACE_BOUND('',#13493,.F.);
#13493 = EDGE_LOOP('',(#13494,#13500,#13501,#13502));
#13494 = ORIENTED_EDGE('',*,*,#13495,.T.);
#13495 = EDGE_CURVE('',#12749,#8739,#13496,.T.);
#13496 = LINE('',#13497,#13498);
#13497 = CARTESIAN_POINT('',(10.392329123425,26.291053526133,0.2));
#13498 = VECTOR('',#13499,1.);
#13499 = DIRECTION('',(-0.707106781187,7.955994072739E-15,
    -0.707106781187));
#13500 = ORIENTED_EDGE('',*,*,#8738,.F.);
#13501 = ORIENTED_EDGE('',*,*,#13495,.F.);
#13502 = ORIENTED_EDGE('',*,*,#12758,.F.);
#13503 = CONICAL_SURFACE('',#13504,2.55,0.785398163397);
#13504 = AXIS2_PLACEMENT_3D('',#13505,#13506,#13507);
#13505 = CARTESIAN_POINT('',(12.942329123425,26.291053526133,0.2));
#13506 = DIRECTION('',(0.,0.,-1.));
#13507 = DIRECTION('',(1.,-1.112901003991E-14,0.));
#13508 = ADVANCED_FACE('',(#13509),#13520,.F.);
#13509 = FACE_BOUND('',#13510,.F.);
#13510 = EDGE_LOOP('',(#13511,#13517,#13518,#13519));
#13511 = ORIENTED_EDGE('',*,*,#13512,.T.);
#13512 = EDGE_CURVE('',#12774,#558,#13513,.T.);
#13513 = LINE('',#13514,#13515);
#13514 = CARTESIAN_POINT('',(19.072270380805,-23.98145704941,0.2));
#13515 = VECTOR('',#13516,1.);
#13516 = DIRECTION('',(-0.707106781186,7.955994072735E-15,
    -0.707106781187));
#13517 = ORIENTED_EDGE('',*,*,#557,.F.);
#13518 = ORIENTED_EDGE('',*,*,#13512,.F.);
#13519 = ORIENTED_EDGE('',*,*,#12783,.F.);
#13520 = CONICAL_SURFACE('',#13521,2.55,0.785398163397);
#13521 = AXIS2_PLACEMENT_3D('',#13522,#13523,#13524);
#13522 = CARTESIAN_POINT('',(21.622270380805,-23.98145704941,0.2));
#13523 = DIRECTION('',(-3.120683753162E-30,-1.577721810442E-30,-1.));
#13524 = DIRECTION('',(1.,-1.112901003991E-14,-3.120683753162E-30));
#13525 = ADVANCED_FACE('',(#13526),#13551,.F.);
#13526 = FACE_BOUND('',#13527,.T.);
#13527 = EDGE_LOOP('',(#13528,#13529,#13537,#13545));
#13528 = ORIENTED_EDGE('',*,*,#8785,.T.);
#13529 = ORIENTED_EDGE('',*,*,#13530,.T.);
#13530 = EDGE_CURVE('',#8778,#13531,#13533,.T.);
#13531 = VERTEX_POINT('',#13532);
#13532 = CARTESIAN_POINT('',(-25.06142052253,15.218628350071,
    37.000002249963));
#13533 = LINE('',#13534,#13535);
#13534 = CARTESIAN_POINT('',(-25.06142052253,15.218628350071,
    37.000002249963));
#13535 = VECTOR('',#13536,1.);
#13536 = DIRECTION('',(1.,-1.112901003991E-14,9.614461048918E-15));
#13537 = ORIENTED_EDGE('',*,*,#13538,.F.);
#13538 = EDGE_CURVE('',#13539,#13531,#13541,.T.);
#13539 = VERTEX_POINT('',#13540);
#13540 = CARTESIAN_POINT('',(-25.06142052253,15.218628350071,
    40.200002249963));
#13541 = LINE('',#13542,#13543);
#13542 = CARTESIAN_POINT('',(-25.06142052253,15.218628350071,
    39.000002249963));
#13543 = VECTOR('',#13544,1.);
#13544 = DIRECTION('',(8.223415475071E-15,1.094452744773E-15,-1.));
#13545 = ORIENTED_EDGE('',*,*,#13546,.T.);
#13546 = EDGE_CURVE('',#13539,#8786,#13547,.T.);
#13547 = LINE('',#13548,#13549);
#13548 = CARTESIAN_POINT('',(-21.73642052253,15.218628350071,
    40.200002249963));
#13549 = VECTOR('',#13550,1.);
#13550 = DIRECTION('',(-1.,1.112901003991E-14,-8.374058701483E-15));
#13551 = PLANE('',#13552);
#13552 = AXIS2_PLACEMENT_3D('',#13553,#13554,#13555);
#13553 = CARTESIAN_POINT('',(-26.71142052253,15.218628350071,
    40.200008499508));
#13554 = DIRECTION('',(1.112901003991E-14,1.,5.669899381528E-15));
#13555 = DIRECTION('',(1.,-1.112901003991E-14,8.374058706412E-15));
#13556 = ADVANCED_FACE('',(#13557),#13568,.F.);
#13557 = FACE_BOUND('',#13558,.T.);
#13558 = EDGE_LOOP('',(#13559,#13560,#13566,#13567));
#13559 = ORIENTED_EDGE('',*,*,#1254,.F.);
#13560 = ORIENTED_EDGE('',*,*,#13561,.F.);
#13561 = EDGE_CURVE('',#13531,#1247,#13562,.T.);
#13562 = LINE('',#13563,#13564);
#13563 = CARTESIAN_POINT('',(-25.06142052253,19.569002118758,
    37.000002249963));
#13564 = VECTOR('',#13565,1.);
#13565 = DIRECTION('',(1.112901003991E-14,1.,-1.020806803192E-15));
#13566 = ORIENTED_EDGE('',*,*,#13530,.F.);
#13567 = ORIENTED_EDGE('',*,*,#8777,.T.);
#13568 = PLANE('',#13569);
#13569 = AXIS2_PLACEMENT_3D('',#13570,#13571,#13572);
#13570 = CARTESIAN_POINT('',(-26.85152198651,5.736455921534,
    37.000002249963));
#13571 = DIRECTION('',(-8.223415475071E-15,-1.094452744773E-15,1.));
#13572 = DIRECTION('',(1.112901003991E-14,1.,1.094452744774E-15));
#13573 = ADVANCED_FACE('',(#13574),#13585,.T.);
#13574 = FACE_BOUND('',#13575,.T.);
#13575 = EDGE_LOOP('',(#13576,#13577,#13583,#13584));
#13576 = ORIENTED_EDGE('',*,*,#1246,.T.);
#13577 = ORIENTED_EDGE('',*,*,#13578,.F.);
#13578 = EDGE_CURVE('',#13539,#1239,#13579,.T.);
#13579 = LINE('',#13580,#13581);
#13580 = CARTESIAN_POINT('',(-25.06142052253,-1.581371649929,
    40.200002249963));
#13581 = VECTOR('',#13582,1.);
#13582 = DIRECTION('',(2.385645932389E-14,1.,1.065804074242E-28));
#13583 = ORIENTED_EDGE('',*,*,#13538,.T.);
#13584 = ORIENTED_EDGE('',*,*,#13561,.T.);
#13585 = PLANE('',#13586);
#13586 = AXIS2_PLACEMENT_3D('',#13587,#13588,#13589);
#13587 = CARTESIAN_POINT('',(-25.06142052253,15.418628350071,
    39.000008499508));
#13588 = DIRECTION('',(1.,-2.385645932389E-14,8.223415475071E-15));
#13589 = DIRECTION('',(2.385645932389E-14,1.,-2.85241915559E-15));
#13590 = ADVANCED_FACE('',(#13591),#13605,.F.);
#13591 = FACE_BOUND('',#13592,.T.);
#13592 = EDGE_LOOP('',(#13593,#13594,#13595,#13596,#13597,#13598,#13599,
    #13600,#13601,#13602,#13603,#13604));
#13593 = ORIENTED_EDGE('',*,*,#8252,.F.);
#13594 = ORIENTED_EDGE('',*,*,#595,.T.);
#13595 = ORIENTED_EDGE('',*,*,#8793,.F.);
#13596 = ORIENTED_EDGE('',*,*,#13546,.F.);
#13597 = ORIENTED_EDGE('',*,*,#13578,.T.);
#13598 = ORIENTED_EDGE('',*,*,#1238,.T.);
#13599 = ORIENTED_EDGE('',*,*,#134,.T.);
#13600 = ORIENTED_EDGE('',*,*,#12953,.T.);
#13601 = ORIENTED_EDGE('',*,*,#12927,.T.);
#13602 = ORIENTED_EDGE('',*,*,#12887,.F.);
#13603 = ORIENTED_EDGE('',*,*,#12864,.T.);
#13604 = ORIENTED_EDGE('',*,*,#12816,.T.);
#13605 = PLANE('',#13606);
#13606 = AXIS2_PLACEMENT_3D('',#13607,#13608,#13609);
#13607 = CARTESIAN_POINT('',(-16.76142052253,-18.58137164992,
    40.200002249963));
#13608 = DIRECTION('',(-8.374058701483E-15,9.319498336361E-29,1.));
#13609 = DIRECTION('',(2.220624198067E-14,1.,9.276139052181E-29));
#13610 = ( GEOMETRIC_REPRESENTATION_CONTEXT(3) 
GLOBAL_UNCERTAINTY_ASSIGNED_CONTEXT((#13614)) 
GLOBAL_UNIT_ASSIGNED_CONTEXT((#13611,#13612,#13613)) 
REPRESENTATION_CONTEXT('Context #1',
  '3D Context with UNIT and UNCERTAINTY') );
#13611 = ( LENGTH_UNIT() NAMED_UNIT(*) SI_UNIT(.MILLI.,.METRE.) );
#13612 = ( NAMED_UNIT(*) PLANE_ANGLE_UNIT() SI_UNIT($,.RADIAN.) );
#13613 = ( NAMED_UNIT(*) SI_UNIT($,.STERADIAN.) SOLID_ANGLE_UNIT() );
#13614 = UNCERTAINTY_MEASURE_WITH_UNIT(LENGTH_MEASURE(1.E-04),#13611,
  'distance_accuracy_value','confusion accuracy');
#13615 = PRODUCT_RELATED_PRODUCT_CATEGORY('part',$,(#7));
#13616 = MECHANICAL_DESIGN_GEOMETRIC_PRESENTATION_REPRESENTATION('',(
    #13617),#13610);
#13617 = STYLED_ITEM('color',(#13618),#15);
#13618 = PRESENTATION_STYLE_ASSIGNMENT((#13619,#13625));
#13619 = SURFACE_STYLE_USAGE(.BOTH.,#13620);
#13620 = SURFACE_SIDE_STYLE('',(#13621));
#13621 = SURFACE_STYLE_FILL_AREA(#13622);
#13622 = FILL_AREA_STYLE('',(#13623));
#13623 = FILL_AREA_STYLE_COLOUR('',#13624);
#13624 = COLOUR_RGB('',1.,0.435294116471,0.);
#13625 = CURVE_STYLE('',#13626,POSITIVE_LENGTH_MEASURE(0.1),#13627);
#13626 = DRAUGHTING_PRE_DEFINED_CURVE_FONT('continuous');
#13627 = COLOUR_RGB('',9.803921802644E-02,9.803921802644E-02,
  9.803921802644E-02);
ENDSEC;
END-ISO-10303-21;
