ISO-10303-21;
HEADER;
FILE_DESCRIPTION(('FreeCAD Model'),'2;1');
FILE_NAME('Open CASCADE Shape Model','2025-11-08T21:05:32',(''),(''),
  'Open CASCADE STEP processor 7.9','FreeCAD','Unknown');
FILE_SCHEMA(('AUTOMOTIVE_DESIGN { 1 0 10303 214 1 1 1 1 }'));
ENDSEC;
DATA;
#1 = APPLICATION_PROTOCOL_DEFINITION('international standard',
  'automotive_design',2000,#2);
#2 = APPLICATION_CONTEXT(
  'core data for automotive mechanical design processes');
#3 = SHAPE_DEFINITION_REPRESENTATION(#4,#10);
#4 = PRODUCT_DEFINITION_SHAPE('','',#5);
#5 = PRODUCT_DEFINITION('design','',#6,#9);
#6 = PRODUCT_DEFINITION_FORMATION('','',#7);
#7 = PRODUCT('PCB_Mount','PCB_Mount','',(#8));
#8 = PRODUCT_CONTEXT('',#2,'mechanical');
#9 = PRODUCT_DEFINITION_CONTEXT('part definition',#2,'design');
#10 = ADVANCED_BREP_SHAPE_REPRESENTATION('',(#11,#15),#2967);
#11 = AXIS2_PLACEMENT_3D('',#12,#13,#14);
#12 = CARTESIAN_POINT('',(0.,0.,0.));
#13 = DIRECTION('',(0.,0.,1.));
#14 = DIRECTION('',(1.,0.,-0.));
#15 = MANIFOLD_SOLID_BREP('',#16);
#16 = CLOSED_SHELL('',(#17,#317,#348,#372,#662,#692,#724,#749,#773,#790,
    #807,#846,#868,#900,#925,#949,#973,#1004,#1021,#1044,#1061,#1085,
    #1109,#1138,#1156,#1168,#1192,#1209,#1226,#1243,#1255,#1267,#1306,
    #1354,#1393,#1441,#1466,#1491,#1523,#1545,#1577,#1599,#1623,#1647,
    #1666,#1726,#1744,#1804,#1853,#1877,#1919,#1936,#1989,#2014,#2039,
    #2064,#2088,#2112,#2129,#2146,#2163,#2180,#2193,#2232,#2256,#2281,
    #2293,#2311,#2327,#2358,#2382,#2406,#2430,#2454,#2471,#2488,#2522,
    #2555,#2586,#2610,#2629,#2648,#2660,#2685,#2710,#2730,#2742,#2773,
    #2797,#2821,#2845,#2869,#2886,#2903,#2920,#2942,#2955));
#17 = ADVANCED_FACE('',(#18,#212,#262),#312,.T.);
#18 = FACE_BOUND('',#19,.T.);
#19 = EDGE_LOOP('',(#20,#30,#38,#46,#54,#62,#70,#78,#86,#94,#102,#110,
    #118,#126,#134,#142,#150,#158,#166,#174,#182,#190,#198,#206));
#20 = ORIENTED_EDGE('',*,*,#21,.T.);
#21 = EDGE_CURVE('',#22,#24,#26,.T.);
#22 = VERTEX_POINT('',#23);
#23 = CARTESIAN_POINT('',(21.766717770361,290.32118703108,
    118.45663791173));
#24 = VERTEX_POINT('',#25);
#25 = CARTESIAN_POINT('',(25.76733184132,294.32180110204,118.45663791173
    ));
#26 = LINE('',#27,#28);
#27 = CARTESIAN_POINT('',(20.51733184132,289.07180110204,118.45663791173
    ));
#28 = VECTOR('',#29,1.);
#29 = DIRECTION('',(0.707106781187,0.707106781187,1.188184247935E-14));
#30 = ORIENTED_EDGE('',*,*,#31,.T.);
#31 = EDGE_CURVE('',#24,#32,#34,.T.);
#32 = VERTEX_POINT('',#33);
#33 = CARTESIAN_POINT('',(25.76733184132,297.32180110204,118.45663791173
    ));
#34 = LINE('',#35,#36);
#35 = CARTESIAN_POINT('',(25.76733184132,285.32180110204,118.45663791173
    ));
#36 = VECTOR('',#37,1.);
#37 = DIRECTION('',(-2.447060044753E-30,1.,7.787331452228E-15));
#38 = ORIENTED_EDGE('',*,*,#39,.T.);
#39 = EDGE_CURVE('',#32,#40,#42,.T.);
#40 = VERTEX_POINT('',#41);
#41 = CARTESIAN_POINT('',(22.76733184132,300.32180110204,118.45663791173
    ));
#42 = LINE('',#43,#44);
#43 = CARTESIAN_POINT('',(28.51733184132,294.57180110204,118.45663791173
    ));
#44 = VECTOR('',#45,1.);
#45 = DIRECTION('',(-0.707106781187,0.707106781187,-8.688927249188E-16)
  );
#46 = ORIENTED_EDGE('',*,*,#47,.F.);
#47 = EDGE_CURVE('',#48,#40,#50,.T.);
#48 = VERTEX_POINT('',#49);
#49 = CARTESIAN_POINT('',(13.31733184132,300.32180110204,118.45663791173
    ));
#50 = LINE('',#51,#52);
#51 = CARTESIAN_POINT('',(21.76733184132,300.32180110204,118.45663791173
    ));
#52 = VECTOR('',#53,1.);
#53 = DIRECTION('',(1.,-7.295194783082E-29,9.68226514283E-15));
#54 = ORIENTED_EDGE('',*,*,#55,.T.);
#55 = EDGE_CURVE('',#48,#56,#58,.T.);
#56 = VERTEX_POINT('',#57);
#57 = CARTESIAN_POINT('',(4.117018138475,314.96155572901,118.45663791173
    ));
#58 = LINE('',#59,#60);
#59 = CARTESIAN_POINT('',(13.31733184132,300.32180110204,118.45663791173
    ));
#60 = VECTOR('',#61,1.);
#61 = DIRECTION('',(-0.532096145867,0.846683938406,1.73736877471E-15));
#62 = ORIENTED_EDGE('',*,*,#63,.T.);
#63 = EDGE_CURVE('',#56,#64,#66,.T.);
#64 = VERTEX_POINT('',#65);
#65 = CARTESIAN_POINT('',(4.117017401667,313.96477452097,118.45663791173
    ));
#66 = LINE('',#67,#68);
#67 = CARTESIAN_POINT('',(4.117017401667,304.19661669846,118.45663791173
    ));
#68 = VECTOR('',#69,1.);
#69 = DIRECTION('',(2.447060044753E-30,-1.,-7.787331452228E-15));
#70 = ORIENTED_EDGE('',*,*,#71,.T.);
#71 = EDGE_CURVE('',#64,#72,#74,.T.);
#72 = VERTEX_POINT('',#73);
#73 = CARTESIAN_POINT('',(-3.932980061174,313.96477452097,
    118.45663791173));
#74 = LINE('',#75,#76);
#75 = CARTESIAN_POINT('',(-1.93148867096,313.96477452097,118.45663791173
    ));
#76 = VECTOR('',#77,1.);
#77 = DIRECTION('',(-1.,3.616240219242E-17,-9.016131328055E-15));
#78 = ORIENTED_EDGE('',*,*,#79,.T.);
#79 = EDGE_CURVE('',#72,#80,#82,.T.);
#80 = VERTEX_POINT('',#81);
#81 = CARTESIAN_POINT('',(-3.932980502727,314.96155527472,
    118.45663791173));
#82 = LINE('',#83,#84);
#83 = CARTESIAN_POINT('',(-3.932980061174,314.19661669846,
    118.45663791173));
#84 = VECTOR('',#85,1.);
#85 = DIRECTION('',(-2.450771646032E-30,1.,7.787331452228E-15));
#86 = ORIENTED_EDGE('',*,*,#87,.T.);
#87 = EDGE_CURVE('',#80,#88,#90,.T.);
#88 = VERTEX_POINT('',#89);
#89 = CARTESIAN_POINT('',(-13.17732640281,300.32180110204,
    118.45663791173));
#90 = LINE('',#91,#92);
#91 = CARTESIAN_POINT('',(-3.932980866337,314.96155499601,
    118.45663791173));
#92 = VECTOR('',#93,1.);
#93 = DIRECTION('',(-0.533918060754,-0.845536222997,-1.125854366277E-14)
  );
#94 = ORIENTED_EDGE('',*,*,#95,.T.);
#95 = EDGE_CURVE('',#88,#96,#98,.T.);
#96 = VERTEX_POINT('',#97);
#97 = CARTESIAN_POINT('',(-22.62732640281,300.32180110204,
    118.45663791173));
#98 = LINE('',#99,#100);
#99 = CARTESIAN_POINT('',(-21.62732640281,300.32180110204,
    118.45663791173));
#100 = VECTOR('',#101,1.);
#101 = DIRECTION('',(-1.,-2.088625429975E-28,2.650657471293E-14));
#102 = ORIENTED_EDGE('',*,*,#103,.F.);
#103 = EDGE_CURVE('',#104,#96,#106,.T.);
#104 = VERTEX_POINT('',#105);
#105 = CARTESIAN_POINT('',(-25.62732640281,297.32180110204,
    118.45663791173));
#106 = LINE('',#107,#108);
#107 = CARTESIAN_POINT('',(-28.37732640281,294.57180110204,
    118.45663791173));
#108 = VECTOR('',#109,1.);
#109 = DIRECTION('',(0.707106781187,0.707106781187,-1.276547611071E-14)
  );
#110 = ORIENTED_EDGE('',*,*,#111,.T.);
#111 = EDGE_CURVE('',#104,#112,#114,.T.);
#112 = VERTEX_POINT('',#113);
#113 = CARTESIAN_POINT('',(-25.62732640281,294.32180110204,
    118.45663791173));
#114 = LINE('',#115,#116);
#115 = CARTESIAN_POINT('',(-25.62732640281,285.32180110204,
    118.45663791173));
#116 = VECTOR('',#117,1.);
#117 = DIRECTION('',(2.447060044753E-30,-1.,-7.787331452228E-15));
#118 = ORIENTED_EDGE('',*,*,#119,.F.);
#119 = EDGE_CURVE('',#120,#112,#122,.T.);
#120 = VERTEX_POINT('',#121);
#121 = CARTESIAN_POINT('',(-21.62709083393,290.32156553317,
    118.45663791173));
#122 = LINE('',#123,#124);
#123 = CARTESIAN_POINT('',(-20.37732640281,289.07180110204,
    118.45663791173));
#124 = VECTOR('',#125,1.);
#125 = DIRECTION('',(-0.707106781187,0.707106781187,2.377842586515E-14)
  );
#126 = ORIENTED_EDGE('',*,*,#127,.T.);
#127 = EDGE_CURVE('',#120,#128,#130,.T.);
#128 = VERTEX_POINT('',#129);
#129 = CARTESIAN_POINT('',(-21.62709083393,280.72180110204,
    118.45663791173));
#130 = LINE('',#131,#132);
#131 = CARTESIAN_POINT('',(-21.62709083393,283.16322245828,
    118.45663791173));
#132 = VECTOR('',#133,1.);
#133 = DIRECTION('',(-2.958228394582E-31,-1.,-7.787331452228E-15));
#134 = ORIENTED_EDGE('',*,*,#135,.F.);
#135 = EDGE_CURVE('',#136,#128,#138,.T.);
#136 = VERTEX_POINT('',#137);
#137 = CARTESIAN_POINT('',(-16.77732620725,280.72180110204,
    118.45663791173));
#138 = LINE('',#139,#140);
#139 = CARTESIAN_POINT('',(7.00027192538E-02,280.72180110204,
    118.45663791173));
#140 = VECTOR('',#141,1.);
#141 = DIRECTION('',(-1.,6.776454302363E-29,-9.016131328055E-15));
#142 = ORIENTED_EDGE('',*,*,#143,.F.);
#143 = EDGE_CURVE('',#144,#136,#146,.T.);
#144 = VERTEX_POINT('',#145);
#145 = CARTESIAN_POINT('',(-16.17732591391,281.32180110204,
    118.45663791173));
#146 = LINE('',#147,#148);
#147 = CARTESIAN_POINT('',(-7.03552256732,290.46359997925,
    118.45663791173));
#148 = VECTOR('',#149,1.);
#149 = DIRECTION('',(-0.707106954037,-0.707106608336,-1.188184269175E-14
    ));
#150 = ORIENTED_EDGE('',*,*,#151,.T.);
#151 = EDGE_CURVE('',#144,#152,#154,.T.);
#152 = VERTEX_POINT('',#153);
#153 = CARTESIAN_POINT('',(-16.17732591391,284.07430159094,
    118.45663791173));
#154 = LINE('',#155,#156);
#155 = CARTESIAN_POINT('',(-16.17732591391,291.48173975147,
    118.45663791173));
#156 = VECTOR('',#157,1.);
#157 = DIRECTION('',(1.844410898687E-28,1.,7.787331452228E-15));
#158 = ORIENTED_EDGE('',*,*,#159,.F.);
#159 = EDGE_CURVE('',#160,#152,#162,.T.);
#160 = VERTEX_POINT('',#161);
#161 = CARTESIAN_POINT('',(-5.586851530239,294.66477597462,
    118.45663791173));
#162 = LINE('',#163,#164);
#163 = CARTESIAN_POINT('',(-6.553576402812,293.69805110204,
    118.45663791173));
#164 = VECTOR('',#165,1.);
#165 = DIRECTION('',(-0.707106781187,-0.707106781187,1.276547611072E-14)
  );
#166 = ORIENTED_EDGE('',*,*,#167,.F.);
#167 = EDGE_CURVE('',#168,#160,#170,.T.);
#168 = VERTEX_POINT('',#169);
#169 = CARTESIAN_POINT('',(5.726856968746,294.66477597462,
    118.45663791172));
#170 = LINE('',#171,#172);
#171 = CARTESIAN_POINT('',(7.000271925366E-02,294.66477597462,
    118.45663791173));
#172 = VECTOR('',#173,1.);
#173 = DIRECTION('',(-1.,4.970867803397E-29,-9.016131328055E-15));
#174 = ORIENTED_EDGE('',*,*,#175,.T.);
#175 = EDGE_CURVE('',#168,#176,#178,.T.);
#176 = VERTEX_POINT('',#177);
#177 = CARTESIAN_POINT('',(16.31733138894,284.07430155442,
    118.45663791173));
#178 = LINE('',#179,#180);
#179 = CARTESIAN_POINT('',(6.69358184132,293.69805110204,118.45663791172
    ));
#180 = VECTOR('',#181,1.);
#181 = DIRECTION('',(0.707106781187,-0.707106781187,2.551621131499E-14)
  );
#182 = ORIENTED_EDGE('',*,*,#183,.T.);
#183 = EDGE_CURVE('',#176,#184,#186,.T.);
#184 = VERTEX_POINT('',#185);
#185 = CARTESIAN_POINT('',(16.31733138894,281.32180110204,
    118.45663791173));
#186 = LINE('',#187,#188);
#187 = CARTESIAN_POINT('',(16.31733138894,291.48173975147,
    118.45663791173));
#188 = VECTOR('',#189,1.);
#189 = DIRECTION('',(9.222054381184E-29,-1.,-7.787331452228E-15));
#190 = ORIENTED_EDGE('',*,*,#191,.F.);
#191 = EDGE_CURVE('',#192,#184,#194,.T.);
#192 = VERTEX_POINT('',#193);
#193 = CARTESIAN_POINT('',(16.917331660368,280.72180110204,
    118.45663791173));
#194 = LINE('',#195,#196);
#195 = CARTESIAN_POINT('',(7.175528172408,290.46360018301,
    118.45663791173));
#196 = VECTOR('',#197,1.);
#197 = DIRECTION('',(-0.707106941127,0.707106621246,-8.688954124711E-16)
  );
#198 = ORIENTED_EDGE('',*,*,#199,.T.);
#199 = EDGE_CURVE('',#192,#200,#202,.T.);
#200 = VERTEX_POINT('',#201);
#201 = CARTESIAN_POINT('',(21.766717770361,280.72180110204,
    118.45663791173));
#202 = LINE('',#203,#204);
#203 = CARTESIAN_POINT('',(21.76733184132,280.72180110204,
    118.45663791173));
#204 = VECTOR('',#205,1.);
#205 = DIRECTION('',(1.,0.,6.674709622041E-15));
#206 = ORIENTED_EDGE('',*,*,#207,.T.);
#207 = EDGE_CURVE('',#200,#22,#208,.T.);
#208 = LINE('',#209,#210);
#209 = CARTESIAN_POINT('',(21.766717770361,287.96322245828,
    118.45663791173));
#210 = VECTOR('',#211,1.);
#211 = DIRECTION('',(2.958228394582E-31,1.,7.787331452228E-15));
#212 = FACE_BOUND('',#213,.T.);
#213 = EDGE_LOOP('',(#214,#224,#232,#240,#248,#256));
#214 = ORIENTED_EDGE('',*,*,#215,.T.);
#215 = EDGE_CURVE('',#216,#218,#220,.T.);
#216 = VERTEX_POINT('',#217);
#217 = CARTESIAN_POINT('',(24.898756825201,295.28180103208,
    118.45663791173));
#218 = VERTEX_POINT('',#219);
#219 = CARTESIAN_POINT('',(23.455381152227,292.78180103208,
    118.45663791173));
#220 = LINE('',#221,#222);
#221 = CARTESIAN_POINT('',(22.666934918006,291.41617209537,
    118.45663791173));
#222 = VECTOR('',#223,1.);
#223 = DIRECTION('',(-0.5,-0.866025403784,-1.125209252935E-14));
#224 = ORIENTED_EDGE('',*,*,#225,.T.);
#225 = EDGE_CURVE('',#218,#226,#228,.T.);
#226 = VERTEX_POINT('',#227);
#227 = CARTESIAN_POINT('',(20.568629806279,292.78180103208,
    118.45663791173));
#228 = LINE('',#229,#230);
#229 = CARTESIAN_POINT('',(10.319316262766,292.78180103208,
    118.45663791173));
#230 = VECTOR('',#231,1.);
#231 = DIRECTION('',(-1.,7.840950111416E-16,-9.016131328055E-15));
#232 = ORIENTED_EDGE('',*,*,#233,.T.);
#233 = EDGE_CURVE('',#226,#234,#236,.T.);
#234 = VERTEX_POINT('',#235);
#235 = CARTESIAN_POINT('',(19.125254133305,295.28180103208,
    118.45663791173));
#236 = LINE('',#237,#238);
#237 = CARTESIAN_POINT('',(15.149887514013,302.16733799541,
    118.45663791173));
#238 = VECTOR('',#239,1.);
#239 = DIRECTION('',(-0.5,0.866025403784,2.235961201291E-15));
#240 = ORIENTED_EDGE('',*,*,#241,.T.);
#241 = EDGE_CURVE('',#234,#242,#244,.T.);
#242 = VERTEX_POINT('',#243);
#243 = CARTESIAN_POINT('',(20.568629806279,297.78180103208,
    118.45663791173));
#244 = LINE('',#245,#246);
#245 = CARTESIAN_POINT('',(18.697647035307,294.54116381267,
    118.45663791173));
#246 = VECTOR('',#247,1.);
#247 = DIRECTION('',(0.5,0.866025403784,1.125209252935E-14));
#248 = ORIENTED_EDGE('',*,*,#249,.T.);
#249 = EDGE_CURVE('',#242,#250,#252,.T.);
#250 = VERTEX_POINT('',#251);
#251 = CARTESIAN_POINT('',(23.455381152227,297.78180103208,
    118.45663791173));
#252 = LINE('',#253,#254);
#253 = CARTESIAN_POINT('',(11.76269193574,297.78180103208,
    118.45663791173));
#254 = VECTOR('',#255,1.);
#255 = DIRECTION('',(1.,-7.840950111416E-16,9.016131328055E-15));
#256 = ORIENTED_EDGE('',*,*,#257,.T.);
#257 = EDGE_CURVE('',#250,#216,#258,.T.);
#258 = LINE('',#259,#260);
#259 = CARTESIAN_POINT('',(20.201702369423,303.41733799541,
    118.45663791173));
#260 = VECTOR('',#261,1.);
#261 = DIRECTION('',(0.5,-0.866025403784,-2.235961201291E-15));
#262 = FACE_BOUND('',#263,.T.);
#263 = EDGE_LOOP('',(#264,#274,#282,#290,#298,#306));
#264 = ORIENTED_EDGE('',*,*,#265,.T.);
#265 = EDGE_CURVE('',#266,#268,#270,.T.);
#266 = VERTEX_POINT('',#267);
#267 = CARTESIAN_POINT('',(-23.28137112732,292.78180103208,
    118.45663791173));
#268 = VERTEX_POINT('',#269);
#269 = CARTESIAN_POINT('',(-24.7247468003,295.28180103208,
    118.45663791173));
#270 = LINE('',#271,#272);
#271 = CARTESIAN_POINT('',(-23.21886330289,292.67353430429,
    118.45663791173));
#272 = VECTOR('',#273,1.);
#273 = DIRECTION('',(-0.5,0.866025403784,2.235961201291E-15));
#274 = ORIENTED_EDGE('',*,*,#275,.T.);
#275 = EDGE_CURVE('',#268,#276,#278,.T.);
#276 = VERTEX_POINT('',#277);
#277 = CARTESIAN_POINT('',(-23.28137112732,297.78180103208,
    118.45663791173));
#278 = LINE('',#279,#280);
#279 = CARTESIAN_POINT('',(-19.31025508133,304.65997578649,
    118.45663791173));
#280 = VECTOR('',#281,1.);
#281 = DIRECTION('',(0.5,0.866025403784,1.125209252935E-14));
#282 = ORIENTED_EDGE('',*,*,#283,.T.);
#283 = EDGE_CURVE('',#276,#284,#286,.T.);
#284 = VERTEX_POINT('',#285);
#285 = CARTESIAN_POINT('',(-20.39461978137,297.78180103208,
    118.45663791173));
#286 = LINE('',#287,#288);
#287 = CARTESIAN_POINT('',(-10.16230853106,297.78180103208,
    118.45663791173));
#288 = VECTOR('',#289,1.);
#289 = DIRECTION('',(1.,-6.776454302363E-29,9.016131328055E-15));
#290 = ORIENTED_EDGE('',*,*,#291,.T.);
#291 = EDGE_CURVE('',#284,#292,#294,.T.);
#292 = VERTEX_POINT('',#293);
#293 = CARTESIAN_POINT('',(-18.9512441084,295.28180103208,
    118.45663791173));
#294 = LINE('',#295,#296);
#295 = CARTESIAN_POINT('',(-18.16704844748,293.92353430429,
    118.45663791173));
#296 = VECTOR('',#297,1.);
#297 = DIRECTION('',(0.5,-0.866025403784,-2.235961201291E-15));
#298 = ORIENTED_EDGE('',*,*,#299,.T.);
#299 = EDGE_CURVE('',#292,#300,#302,.T.);
#300 = VERTEX_POINT('',#301);
#301 = CARTESIAN_POINT('',(-20.39461978137,292.78180103208,
    118.45663791173));
#302 = LINE('',#303,#304);
#303 = CARTESIAN_POINT('',(-15.34096719863,301.53498406919,
    118.45663791173));
#304 = VECTOR('',#305,1.);
#305 = DIRECTION('',(-0.5,-0.866025403784,-1.125209252935E-14));
#306 = ORIENTED_EDGE('',*,*,#307,.T.);
#307 = EDGE_CURVE('',#300,#266,#308,.T.);
#308 = LINE('',#309,#310);
#309 = CARTESIAN_POINT('',(-11.60568420403,292.78180103208,
    118.45663791173));
#310 = VECTOR('',#311,1.);
#311 = DIRECTION('',(-1.,6.776454302363E-29,-9.016131328055E-15));
#312 = PLANE('',#313);
#313 = AXIS2_PLACEMENT_3D('',#314,#315,#316);
#314 = CARTESIAN_POINT('',(7.000271925373E-02,302.6416784009,
    118.45663791173));
#315 = DIRECTION('',(-9.016131328055E-15,-7.787331452228E-15,1.));
#316 = DIRECTION('',(1.,-6.776454302363E-29,9.016131328055E-15));
#317 = ADVANCED_FACE('',(#318),#343,.T.);
#318 = FACE_BOUND('',#319,.T.);
#319 = EDGE_LOOP('',(#320,#321,#329,#337));
#320 = ORIENTED_EDGE('',*,*,#207,.F.);
#321 = ORIENTED_EDGE('',*,*,#322,.F.);
#322 = EDGE_CURVE('',#323,#200,#325,.T.);
#323 = VERTEX_POINT('',#324);
#324 = CARTESIAN_POINT('',(21.766717770361,280.72180110204,
    114.85663791173));
#325 = LINE('',#326,#327);
#326 = CARTESIAN_POINT('',(21.766717770361,280.72180110204,
    112.73537818672));
#327 = VECTOR('',#328,1.);
#328 = DIRECTION('',(4.381232810796E-29,-7.787331452228E-15,1.));
#329 = ORIENTED_EDGE('',*,*,#330,.F.);
#330 = EDGE_CURVE('',#331,#323,#333,.T.);
#331 = VERTEX_POINT('',#332);
#332 = CARTESIAN_POINT('',(21.766717770361,290.32118703108,
    114.85663791173));
#333 = LINE('',#334,#335);
#334 = CARTESIAN_POINT('',(21.766717770361,294.12316110771,
    114.85663791173));
#335 = VECTOR('',#336,1.);
#336 = DIRECTION('',(-2.958228394582E-31,-1.,-7.787331452228E-15));
#337 = ORIENTED_EDGE('',*,*,#338,.T.);
#338 = EDGE_CURVE('',#331,#22,#339,.T.);
#339 = LINE('',#340,#341);
#340 = CARTESIAN_POINT('',(21.766717770361,290.32118703108,
    114.28104229138));
#341 = VECTOR('',#342,1.);
#342 = DIRECTION('',(4.381232810796E-29,1.894933690603E-15,1.));
#343 = PLANE('',#344);
#344 = AXIS2_PLACEMENT_3D('',#345,#346,#347);
#345 = CARTESIAN_POINT('',(21.766717770361,285.60464381452,
    116.45663791173));
#346 = DIRECTION('',(1.,-2.958228394579E-31,-4.381232810796E-29));
#347 = DIRECTION('',(-4.381232810796E-29,0.,-1.));
#348 = ADVANCED_FACE('',(#349),#367,.F.);
#349 = FACE_BOUND('',#350,.T.);
#350 = EDGE_LOOP('',(#351,#352,#360,#366));
#351 = ORIENTED_EDGE('',*,*,#338,.F.);
#352 = ORIENTED_EDGE('',*,*,#353,.F.);
#353 = EDGE_CURVE('',#354,#331,#356,.T.);
#354 = VERTEX_POINT('',#355);
#355 = CARTESIAN_POINT('',(25.76733184132,294.32180110204,
    114.85663791173));
#356 = LINE('',#357,#358);
#357 = CARTESIAN_POINT('',(20.672968885519,289.22743814624,
    114.85663791173));
#358 = VECTOR('',#359,1.);
#359 = DIRECTION('',(-0.707106781187,-0.707106781187,-1.188184247935E-14
    ));
#360 = ORIENTED_EDGE('',*,*,#361,.F.);
#361 = EDGE_CURVE('',#24,#354,#362,.T.);
#362 = LINE('',#363,#364);
#363 = CARTESIAN_POINT('',(25.76733184132,294.32180110204,
    113.16397854449));
#364 = VECTOR('',#365,1.);
#365 = DIRECTION('',(9.686695889854E-15,7.791762199252E-15,-1.));
#366 = ORIENTED_EDGE('',*,*,#21,.F.);
#367 = PLANE('',#368);
#368 = AXIS2_PLACEMENT_3D('',#369,#370,#371);
#369 = CARTESIAN_POINT('',(24.26733184132,292.82180110204,
    112.10544667104));
#370 = DIRECTION('',(-0.707106781187,0.707106781187,-1.339920462524E-15)
  );
#371 = DIRECTION('',(-0.707106781187,-0.707106781187,-1.188184247935E-14
    ));
#372 = ADVANCED_FACE('',(#373,#567,#578,#612,#623),#657,.F.);
#373 = FACE_BOUND('',#374,.T.);
#374 = EDGE_LOOP('',(#375,#385,#393,#401,#409,#417,#425,#433,#441,#449,
    #457,#465,#473,#481,#489,#497,#505,#513,#521,#529,#537,#545,#553,
    #561));
#375 = ORIENTED_EDGE('',*,*,#376,.F.);
#376 = EDGE_CURVE('',#377,#379,#381,.T.);
#377 = VERTEX_POINT('',#378);
#378 = CARTESIAN_POINT('',(21.366717770361,280.72180110204,
    114.45663791173));
#379 = VERTEX_POINT('',#380);
#380 = CARTESIAN_POINT('',(21.366717770362,290.48687245603,
    114.45663791173));
#381 = LINE('',#382,#383);
#382 = CARTESIAN_POINT('',(21.366717770361,294.12316110771,
    114.45663791173));
#383 = VECTOR('',#384,1.);
#384 = DIRECTION('',(2.958228394582E-31,1.,7.787331452228E-15));
#385 = ORIENTED_EDGE('',*,*,#386,.F.);
#386 = EDGE_CURVE('',#387,#377,#389,.T.);
#387 = VERTEX_POINT('',#388);
#388 = CARTESIAN_POINT('',(17.48301721327,280.72180110204,
    114.45663791173));
#389 = LINE('',#390,#391);
#390 = CARTESIAN_POINT('',(21.76733184132,280.72180110204,
    114.45663791173));
#391 = VECTOR('',#392,1.);
#392 = DIRECTION('',(1.,0.,6.674709622041E-15));
#393 = ORIENTED_EDGE('',*,*,#394,.F.);
#394 = EDGE_CURVE('',#395,#387,#397,.T.);
#395 = VERTEX_POINT('',#396);
#396 = CARTESIAN_POINT('',(16.717331388941,281.48748657999,
    114.45663791173));
#397 = LINE('',#398,#399);
#398 = CARTESIAN_POINT('',(7.458370820907,290.74644295946,
    114.45663791173));
#399 = VECTOR('',#400,1.);
#400 = DIRECTION('',(0.707106941127,-0.707106621246,8.688954124711E-16)
  );
#401 = ORIENTED_EDGE('',*,*,#402,.F.);
#402 = EDGE_CURVE('',#403,#395,#405,.T.);
#403 = VERTEX_POINT('',#404);
#404 = CARTESIAN_POINT('',(16.717331388941,284.23998697937,
    114.45663791173));
#405 = LINE('',#406,#407);
#406 = CARTESIAN_POINT('',(16.717331388941,291.48173975147,
    114.45663791173));
#407 = VECTOR('',#408,1.);
#408 = DIRECTION('',(9.222054381184E-29,-1.,-7.787331452228E-15));
#409 = ORIENTED_EDGE('',*,*,#410,.F.);
#410 = EDGE_CURVE('',#411,#403,#413,.T.);
#411 = VERTEX_POINT('',#412);
#412 = CARTESIAN_POINT('',(5.892542393695,295.06477597462,
    114.45663791173));
#413 = LINE('',#414,#415);
#414 = CARTESIAN_POINT('',(3.084622948562,297.87269541975,
    114.45663791173));
#415 = VECTOR('',#416,1.);
#416 = DIRECTION('',(0.707106781187,-0.707106781187,8.688927249188E-16)
  );
#417 = ORIENTED_EDGE('',*,*,#418,.F.);
#418 = EDGE_CURVE('',#419,#411,#421,.T.);
#419 = VERTEX_POINT('',#420);
#420 = CARTESIAN_POINT('',(-5.752536955188,295.06477597462,
    114.45663791173));
#421 = LINE('',#422,#423);
#422 = CARTESIAN_POINT('',(7.000271925369E-02,295.06477597462,
    114.45663791173));
#423 = VECTOR('',#424,1.);
#424 = DIRECTION('',(1.,-4.970867803397E-29,9.016131328055E-15));
#425 = ORIENTED_EDGE('',*,*,#426,.F.);
#426 = EDGE_CURVE('',#427,#419,#429,.T.);
#427 = VERTEX_POINT('',#428);
#428 = CARTESIAN_POINT('',(-16.57732591391,284.23998701589,
    114.45663791173));
#429 = LINE('',#430,#431);
#430 = CARTESIAN_POINT('',(-2.944617510055,297.87269541975,
    114.45663791173));
#431 = VECTOR('',#432,1.);
#432 = DIRECTION('',(0.707106781187,0.707106781187,1.188184247935E-14));
#433 = ORIENTED_EDGE('',*,*,#434,.F.);
#434 = EDGE_CURVE('',#435,#427,#437,.T.);
#435 = VERTEX_POINT('',#436);
#436 = CARTESIAN_POINT('',(-16.57732591391,281.48748658427,
    114.45663791173));
#437 = LINE('',#438,#439);
#438 = CARTESIAN_POINT('',(-16.57732591391,291.48173975147,
    114.45663791173));
#439 = VECTOR('',#440,1.);
#440 = DIRECTION('',(1.844410898687E-28,1.,7.787331452228E-15));
#441 = ORIENTED_EDGE('',*,*,#442,.F.);
#442 = EDGE_CURVE('',#443,#435,#445,.T.);
#443 = VERTEX_POINT('',#444);
#444 = CARTESIAN_POINT('',(-17.34301177048,280.72180110204,
    114.45663791173));
#445 = LINE('',#446,#447);
#446 = CARTESIAN_POINT('',(-7.318365210655,290.74644276086,
    114.45663791173));
#447 = VECTOR('',#448,1.);
#448 = DIRECTION('',(0.707106954037,0.707106608336,1.188184269175E-14));
#449 = ORIENTED_EDGE('',*,*,#450,.F.);
#450 = EDGE_CURVE('',#451,#443,#453,.T.);
#451 = VERTEX_POINT('',#452);
#452 = CARTESIAN_POINT('',(-21.22709083393,280.72180110204,
    114.45663791173));
#453 = LINE('',#454,#455);
#454 = CARTESIAN_POINT('',(7.000271925384E-02,280.72180110204,
    114.45663791173));
#455 = VECTOR('',#456,1.);
#456 = DIRECTION('',(1.,-6.776454302363E-29,9.016131328055E-15));
#457 = ORIENTED_EDGE('',*,*,#458,.F.);
#458 = EDGE_CURVE('',#459,#451,#461,.T.);
#459 = VERTEX_POINT('',#460);
#460 = CARTESIAN_POINT('',(-21.22709083393,290.48725095812,
    114.45663791173));
#461 = LINE('',#462,#463);
#462 = CARTESIAN_POINT('',(-21.22709083393,294.12316110771,
    114.45663791173));
#463 = VECTOR('',#464,1.);
#464 = DIRECTION('',(-2.958228394582E-31,-1.,-7.787331452228E-15));
#465 = ORIENTED_EDGE('',*,*,#466,.F.);
#466 = EDGE_CURVE('',#467,#459,#469,.T.);
#467 = VERTEX_POINT('',#468);
#468 = CARTESIAN_POINT('',(-25.22732640281,294.48748652699,
    114.45663791173));
#469 = LINE('',#470,#471);
#470 = CARTESIAN_POINT('',(-20.25012073453,289.51028085872,
    114.45663791173));
#471 = VECTOR('',#472,1.);
#472 = DIRECTION('',(0.707106781187,-0.707106781187,8.688927249188E-16)
  );
#473 = ORIENTED_EDGE('',*,*,#474,.F.);
#474 = EDGE_CURVE('',#475,#467,#477,.T.);
#475 = VERTEX_POINT('',#476);
#476 = CARTESIAN_POINT('',(-25.22732640281,297.15611567709,
    114.45663791173));
#477 = LINE('',#478,#479);
#478 = CARTESIAN_POINT('',(-25.22732640281,296.48173975147,
    114.45663791173));
#479 = VECTOR('',#480,1.);
#480 = DIRECTION('',(2.447060044753E-30,-1.,-7.787331452228E-15));
#481 = ORIENTED_EDGE('',*,*,#482,.F.);
#482 = EDGE_CURVE('',#483,#475,#485,.T.);
#483 = VERTEX_POINT('',#484);
#484 = CARTESIAN_POINT('',(-22.46164097786,299.92180110204,
    114.45663791173));
#485 = LINE('',#486,#487);
#486 = CARTESIAN_POINT('',(-17.0901820851,305.2932599948,114.45663791173
    ));
#487 = VECTOR('',#488,1.);
#488 = DIRECTION('',(-0.707106781187,-0.707106781187,-1.188184247935E-14
    ));
#489 = ORIENTED_EDGE('',*,*,#490,.F.);
#490 = EDGE_CURVE('',#491,#483,#493,.T.);
#491 = VERTEX_POINT('',#492);
#492 = CARTESIAN_POINT('',(-12.24722695312,299.92180110204,
    114.45663791173));
#493 = LINE('',#494,#495);
#494 = CARTESIAN_POINT('',(7.00027192538E-02,299.92180110204,
    114.45663791173));
#495 = VECTOR('',#496,1.);
#496 = DIRECTION('',(-1.,6.776454302363E-29,-9.016131328055E-15));
#497 = ORIENTED_EDGE('',*,*,#498,.F.);
#498 = EDGE_CURVE('',#499,#491,#501,.T.);
#499 = VERTEX_POINT('',#500);
#500 = CARTESIAN_POINT('',(-2.932980061174,314.67225386994,
    114.45663791173));
#501 = LINE('',#502,#503);
#502 = CARTESIAN_POINT('',(-9.919941194421,303.60739362062,
    114.45663791173));
#503 = VECTOR('',#504,1.);
#504 = DIRECTION('',(-0.533918060754,-0.845536222997,-1.139834617753E-14
    ));
#505 = ORIENTED_EDGE('',*,*,#506,.F.);
#506 = EDGE_CURVE('',#507,#499,#509,.T.);
#507 = VERTEX_POINT('',#508);
#508 = CARTESIAN_POINT('',(-2.932980061174,329.75155499601,
    114.45663791173));
#509 = LINE('',#510,#511);
#510 = CARTESIAN_POINT('',(-2.932980061174,314.19661669846,
    114.45663791173));
#511 = VECTOR('',#512,1.);
#512 = DIRECTION('',(2.450771646032E-30,-1.,-7.787331452228E-15));
#513 = ORIENTED_EDGE('',*,*,#514,.F.);
#514 = EDGE_CURVE('',#515,#507,#517,.T.);
#515 = VERTEX_POINT('',#516);
#516 = CARTESIAN_POINT('',(3.117017401667,329.75155499601,
    114.45663791173));
#517 = LINE('',#518,#519);
#518 = CARTESIAN_POINT('',(2.09351006046,329.75155499601,114.45663791173
    ));
#519 = VECTOR('',#520,1.);
#520 = DIRECTION('',(-1.,6.776454302363E-29,-9.016131328055E-15));
#521 = ORIENTED_EDGE('',*,*,#522,.F.);
#522 = EDGE_CURVE('',#523,#515,#525,.T.);
#523 = VERTEX_POINT('',#524);
#524 = CARTESIAN_POINT('',(3.117017401667,314.67342244353,
    114.45663791173));
#525 = LINE('',#526,#527);
#526 = CARTESIAN_POINT('',(3.117017401667,304.19661669846,
    114.45663791173));
#527 = VECTOR('',#528,1.);
#528 = DIRECTION('',(-2.447060044753E-30,1.,7.787331452228E-15));
#529 = ORIENTED_EDGE('',*,*,#530,.F.);
#530 = EDGE_CURVE('',#531,#523,#533,.T.);
#531 = VERTEX_POINT('',#532);
#532 = CARTESIAN_POINT('',(12.387632450618,299.92180110204,
    114.45663791173));
#533 = LINE('',#534,#535);
#534 = CARTESIAN_POINT('',(5.472585505738,310.9251869131,114.45663791173
    ));
#535 = VECTOR('',#536,1.);
#536 = DIRECTION('',(-0.532096145867,0.846683938406,1.795959733356E-15)
  );
#537 = ORIENTED_EDGE('',*,*,#538,.F.);
#538 = EDGE_CURVE('',#539,#531,#541,.T.);
#539 = VERTEX_POINT('',#540);
#540 = CARTESIAN_POINT('',(22.601646416371,299.92180110204,
    114.45663791173));
#541 = LINE('',#542,#543);
#542 = CARTESIAN_POINT('',(7.00027192538E-02,299.92180110204,
    114.45663791173));
#543 = VECTOR('',#544,1.);
#544 = DIRECTION('',(-1.,6.776454302363E-29,-9.016131328055E-15));
#545 = ORIENTED_EDGE('',*,*,#546,.F.);
#546 = EDGE_CURVE('',#547,#539,#549,.T.);
#547 = VERTEX_POINT('',#548);
#548 = CARTESIAN_POINT('',(25.36733184132,297.15611567709,
    114.45663791173));
#549 = LINE('',#550,#551);
#550 = CARTESIAN_POINT('',(17.230187523614,305.2932599948,
    114.45663791173));
#551 = VECTOR('',#552,1.);
#552 = DIRECTION('',(-0.707106781187,0.707106781187,-8.688927249188E-16)
  );
#553 = ORIENTED_EDGE('',*,*,#554,.F.);
#554 = EDGE_CURVE('',#555,#547,#557,.T.);
#555 = VERTEX_POINT('',#556);
#556 = CARTESIAN_POINT('',(25.36733184132,294.48748652699,
    114.45663791173));
#557 = LINE('',#558,#559);
#558 = CARTESIAN_POINT('',(25.36733184132,296.48173975147,
    114.45663791173));
#559 = VECTOR('',#560,1.);
#560 = DIRECTION('',(-2.447060044753E-30,1.,7.787331452228E-15));
#561 = ORIENTED_EDGE('',*,*,#562,.F.);
#562 = EDGE_CURVE('',#379,#555,#563,.T.);
#563 = LINE('',#564,#565);
#564 = CARTESIAN_POINT('',(20.390126173044,289.51028085872,
    114.45663791173));
#565 = VECTOR('',#566,1.);
#566 = DIRECTION('',(0.707106781187,0.707106781187,1.188184247935E-14));
#567 = FACE_BOUND('',#568,.T.);
#568 = EDGE_LOOP('',(#569));
#569 = ORIENTED_EDGE('',*,*,#570,.F.);
#570 = EDGE_CURVE('',#571,#571,#573,.T.);
#571 = VERTEX_POINT('',#572);
#572 = CARTESIAN_POINT('',(19.912005479253,295.28180103208,
    114.45663791173));
#573 = CIRCLE('',#574,2.1);
#574 = AXIS2_PLACEMENT_3D('',#575,#576,#577);
#575 = CARTESIAN_POINT('',(22.012005479253,295.28180103208,
    114.45663791173));
#576 = DIRECTION('',(9.016131328055E-15,7.787331452228E-15,-1.));
#577 = DIRECTION('',(1.,-7.840950111416E-16,9.016131328055E-15));
#578 = FACE_BOUND('',#579,.T.);
#579 = EDGE_LOOP('',(#580,#590,#598,#606));
#580 = ORIENTED_EDGE('',*,*,#581,.F.);
#581 = EDGE_CURVE('',#582,#584,#586,.T.);
#582 = VERTEX_POINT('',#583);
#583 = CARTESIAN_POINT('',(-4.211038773193,309.72180110204,
    114.45663791173));
#584 = VERTEX_POINT('',#585);
#585 = CARTESIAN_POINT('',(-1.27999244248,309.72180110204,
    114.45663791173));
#586 = LINE('',#587,#588);
#587 = CARTESIAN_POINT('',(7.000271925374E-02,309.72180110204,
    114.45663791173));
#588 = VECTOR('',#589,1.);
#589 = DIRECTION('',(1.,4.134764639103E-15,9.016131328055E-15));
#590 = ORIENTED_EDGE('',*,*,#591,.F.);
#591 = EDGE_CURVE('',#592,#582,#594,.T.);
#592 = VERTEX_POINT('',#593);
#593 = CARTESIAN_POINT('',(-4.211038773193,304.92180110204,
    114.45663791173));
#594 = LINE('',#595,#596);
#595 = CARTESIAN_POINT('',(-4.211038773193,305.32180110204,
    114.45663791173));
#596 = VECTOR('',#597,1.);
#597 = DIRECTION('',(-4.134764639103E-15,1.,7.787331452228E-15));
#598 = ORIENTED_EDGE('',*,*,#599,.F.);
#599 = EDGE_CURVE('',#600,#592,#602,.T.);
#600 = VERTEX_POINT('',#601);
#601 = CARTESIAN_POINT('',(-1.27999244248,304.92180110204,
    114.45663791173));
#602 = LINE('',#603,#604);
#603 = CARTESIAN_POINT('',(7.000271925376E-02,304.92180110204,
    114.45663791173));
#604 = VECTOR('',#605,1.);
#605 = DIRECTION('',(-1.,-4.134764639103E-15,-9.016131328055E-15));
#606 = ORIENTED_EDGE('',*,*,#607,.F.);
#607 = EDGE_CURVE('',#584,#600,#608,.T.);
#608 = LINE('',#609,#610);
#609 = CARTESIAN_POINT('',(-1.27999244248,305.32180110204,
    114.45663791173));
#610 = VECTOR('',#611,1.);
#611 = DIRECTION('',(4.134764639103E-15,-1.,-7.787331452228E-15));
#612 = FACE_BOUND('',#613,.T.);
#613 = EDGE_LOOP('',(#614));
#614 = ORIENTED_EDGE('',*,*,#615,.F.);
#615 = EDGE_CURVE('',#616,#616,#618,.T.);
#616 = VERTEX_POINT('',#617);
#617 = CARTESIAN_POINT('',(-19.73799524684,295.28180103208,
    114.45663791173));
#618 = CIRCLE('',#619,2.099999974061);
#619 = AXIS2_PLACEMENT_3D('',#620,#621,#622);
#620 = CARTESIAN_POINT('',(-21.8379952209,295.28180103208,
    114.45663791173));
#621 = DIRECTION('',(9.016131328055E-15,7.787331452228E-15,-1.));
#622 = DIRECTION('',(-1.,6.776454302363E-29,-9.016131328055E-15));
#623 = FACE_BOUND('',#624,.T.);
#624 = EDGE_LOOP('',(#625,#635,#643,#651));
#625 = ORIENTED_EDGE('',*,*,#626,.F.);
#626 = EDGE_CURVE('',#627,#629,#631,.T.);
#627 = VERTEX_POINT('',#628);
#628 = CARTESIAN_POINT('',(1.419997880988,309.72180110204,
    114.45663791173));
#629 = VERTEX_POINT('',#630);
#630 = CARTESIAN_POINT('',(4.3510442117,309.72180110204,114.45663791173)
  );
#631 = LINE('',#632,#633);
#632 = CARTESIAN_POINT('',(7.000271925374E-02,309.72180110204,
    114.45663791173));
#633 = VECTOR('',#634,1.);
#634 = DIRECTION('',(1.,4.134764639103E-15,9.016131328055E-15));
#635 = ORIENTED_EDGE('',*,*,#636,.F.);
#636 = EDGE_CURVE('',#637,#627,#639,.T.);
#637 = VERTEX_POINT('',#638);
#638 = CARTESIAN_POINT('',(1.419997880988,304.92180110204,
    114.45663791173));
#639 = LINE('',#640,#641);
#640 = CARTESIAN_POINT('',(1.419997880988,305.32180110204,
    114.45663791173));
#641 = VECTOR('',#642,1.);
#642 = DIRECTION('',(-4.134764639103E-15,1.,7.787331452228E-15));
#643 = ORIENTED_EDGE('',*,*,#644,.F.);
#644 = EDGE_CURVE('',#645,#637,#647,.T.);
#645 = VERTEX_POINT('',#646);
#646 = CARTESIAN_POINT('',(4.3510442117,304.92180110204,114.45663791173)
  );
#647 = LINE('',#648,#649);
#648 = CARTESIAN_POINT('',(7.000271925376E-02,304.92180110204,
    114.45663791173));
#649 = VECTOR('',#650,1.);
#650 = DIRECTION('',(-1.,-4.134764639103E-15,-9.016131328055E-15));
#651 = ORIENTED_EDGE('',*,*,#652,.F.);
#652 = EDGE_CURVE('',#629,#645,#653,.T.);
#653 = LINE('',#654,#655);
#654 = CARTESIAN_POINT('',(4.3510442117,305.32180110204,114.45663791173)
  );
#655 = VECTOR('',#656,1.);
#656 = DIRECTION('',(4.134764639103E-15,-1.,-7.787331452228E-15));
#657 = PLANE('',#658);
#658 = AXIS2_PLACEMENT_3D('',#659,#660,#661);
#659 = CARTESIAN_POINT('',(7.000271925377E-02,302.6416784009,
    114.45663791173));
#660 = DIRECTION('',(-9.016131328055E-15,-7.787331452228E-15,1.));
#661 = DIRECTION('',(1.,-6.776454302363E-29,9.016131328055E-15));
#662 = ADVANCED_FACE('',(#663),#687,.T.);
#663 = FACE_BOUND('',#664,.T.);
#664 = EDGE_LOOP('',(#665,#666,#672,#673,#681));
#665 = ORIENTED_EDGE('',*,*,#376,.T.);
#666 = ORIENTED_EDGE('',*,*,#667,.F.);
#667 = EDGE_CURVE('',#331,#379,#668,.T.);
#668 = LINE('',#669,#670);
#669 = CARTESIAN_POINT('',(21.072397878176,290.60878374705,
    114.16231801954));
#670 = VECTOR('',#671,1.);
#671 = DIRECTION('',(-0.678598344546,0.281084637715,-0.678598344546));
#672 = ORIENTED_EDGE('',*,*,#330,.T.);
#673 = ORIENTED_EDGE('',*,*,#674,.T.);
#674 = EDGE_CURVE('',#323,#675,#677,.T.);
#675 = VERTEX_POINT('',#676);
#676 = CARTESIAN_POINT('',(21.566717770361,280.52180110204,
    114.65663791173));
#677 = LINE('',#678,#679);
#678 = CARTESIAN_POINT('',(23.513401150472,282.46848448215,
    116.60332129184));
#679 = VECTOR('',#680,1.);
#680 = DIRECTION('',(-0.57735026919,-0.57735026919,-0.57735026919));
#681 = ORIENTED_EDGE('',*,*,#682,.T.);
#682 = EDGE_CURVE('',#675,#377,#683,.T.);
#683 = LINE('',#684,#685);
#684 = CARTESIAN_POINT('',(15.313705260899,286.77481361151,
    108.40362540226));
#685 = VECTOR('',#686,1.);
#686 = DIRECTION('',(-0.57735026919,0.57735026919,-0.57735026919));
#687 = PLANE('',#688);
#688 = AXIS2_PLACEMENT_3D('',#689,#690,#691);
#689 = CARTESIAN_POINT('',(21.566717770361,294.12316110771,
    114.65663791173));
#690 = DIRECTION('',(0.707106781187,5.506474877218E-15,-0.707106781187)
  );
#691 = DIRECTION('',(-0.707106781187,3.944304526105E-31,-0.707106781187)
  );
#692 = ADVANCED_FACE('',(#693),#719,.T.);
#693 = FACE_BOUND('',#694,.T.);
#694 = EDGE_LOOP('',(#695,#696,#704,#712,#718));
#695 = ORIENTED_EDGE('',*,*,#682,.F.);
#696 = ORIENTED_EDGE('',*,*,#697,.F.);
#697 = EDGE_CURVE('',#698,#675,#700,.T.);
#698 = VERTEX_POINT('',#699);
#699 = CARTESIAN_POINT('',(21.366717770361,280.32180110204,
    114.85663791173));
#700 = LINE('',#701,#702);
#701 = CARTESIAN_POINT('',(17.900808549344,276.85589188103,
    118.32254713274));
#702 = VECTOR('',#703,1.);
#703 = DIRECTION('',(0.57735026919,0.57735026919,-0.57735026919));
#704 = ORIENTED_EDGE('',*,*,#705,.T.);
#705 = EDGE_CURVE('',#698,#706,#708,.T.);
#706 = VERTEX_POINT('',#707);
#707 = CARTESIAN_POINT('',(17.31733184132,280.32180110204,
    114.85663791173));
#708 = LINE('',#709,#710);
#709 = CARTESIAN_POINT('',(7.000271925383E-02,280.32180110204,
    114.85663791173));
#710 = VECTOR('',#711,1.);
#711 = DIRECTION('',(-1.,6.776454302363E-29,-9.016131328055E-15));
#712 = ORIENTED_EDGE('',*,*,#713,.F.);
#713 = EDGE_CURVE('',#387,#706,#714,.T.);
#714 = LINE('',#715,#716);
#715 = CARTESIAN_POINT('',(17.278882949899,280.22897723722,
    114.94946177655));
#716 = VECTOR('',#717,1.);
#717 = DIRECTION('',(-0.281084554905,-0.678598361696,0.678598361696));
#718 = ORIENTED_EDGE('',*,*,#386,.T.);
#719 = PLANE('',#720);
#720 = AXIS2_PLACEMENT_3D('',#721,#722,#723);
#721 = CARTESIAN_POINT('',(7.000271925384E-02,280.52180110204,
    114.65663791173));
#722 = DIRECTION('',(6.375367602136E-15,-0.707106781187,-0.707106781187)
  );
#723 = DIRECTION('',(1.,3.485657222621E-14,-2.584044089815E-14));
#724 = ADVANCED_FACE('',(#725),#744,.T.);
#725 = FACE_BOUND('',#726,.T.);
#726 = EDGE_LOOP('',(#727,#728,#729,#737,#743));
#727 = ORIENTED_EDGE('',*,*,#674,.F.);
#728 = ORIENTED_EDGE('',*,*,#322,.T.);
#729 = ORIENTED_EDGE('',*,*,#730,.T.);
#730 = EDGE_CURVE('',#200,#731,#733,.T.);
#731 = VERTEX_POINT('',#732);
#732 = CARTESIAN_POINT('',(21.366717770361,280.32180110204,
    118.05663791173));
#733 = LINE('',#734,#735);
#734 = CARTESIAN_POINT('',(16.66038864101,275.61547197269,
    113.35030878237));
#735 = VECTOR('',#736,1.);
#736 = DIRECTION('',(-0.57735026919,-0.57735026919,-0.57735026919));
#737 = ORIENTED_EDGE('',*,*,#738,.T.);
#738 = EDGE_CURVE('',#731,#698,#739,.T.);
#739 = LINE('',#740,#741);
#740 = CARTESIAN_POINT('',(21.366717770361,280.32180110204,
    112.73537818672));
#741 = VECTOR('',#742,1.);
#742 = DIRECTION('',(-4.381232810796E-29,7.787331452228E-15,-1.));
#743 = ORIENTED_EDGE('',*,*,#697,.T.);
#744 = PLANE('',#745);
#745 = AXIS2_PLACEMENT_3D('',#746,#747,#748);
#746 = CARTESIAN_POINT('',(21.566717770361,280.52180110204,
    112.73537818672));
#747 = DIRECTION('',(0.707106781187,-0.707106781187,-5.506474877217E-15)
  );
#748 = DIRECTION('',(-7.787331452227E-15,0.,-1.));
#749 = ADVANCED_FACE('',(#750),#768,.T.);
#750 = FACE_BOUND('',#751,.T.);
#751 = EDGE_LOOP('',(#752,#753,#754,#762));
#752 = ORIENTED_EDGE('',*,*,#730,.F.);
#753 = ORIENTED_EDGE('',*,*,#199,.F.);
#754 = ORIENTED_EDGE('',*,*,#755,.F.);
#755 = EDGE_CURVE('',#756,#192,#758,.T.);
#756 = VERTEX_POINT('',#757);
#757 = CARTESIAN_POINT('',(17.31733184132,280.32180110204,
    118.05663791173));
#758 = LINE('',#759,#760);
#759 = CARTESIAN_POINT('',(14.929651872643,282.70947999058,
    120.44431680026));
#760 = VECTOR('',#761,1.);
#761 = DIRECTION('',(-0.577350443311,0.577350182129,0.577350182129));
#762 = ORIENTED_EDGE('',*,*,#763,.T.);
#763 = EDGE_CURVE('',#756,#731,#764,.T.);
#764 = LINE('',#765,#766);
#765 = CARTESIAN_POINT('',(21.76733184132,280.32180110204,
    118.05663791173));
#766 = VECTOR('',#767,1.);
#767 = DIRECTION('',(1.,0.,6.674709622041E-15));
#768 = PLANE('',#769);
#769 = AXIS2_PLACEMENT_3D('',#770,#771,#772);
#770 = CARTESIAN_POINT('',(7.00027192538E-02,280.52180110204,
    118.25663791173));
#771 = DIRECTION('',(-6.375367602136E-15,-0.707106781187,0.707106781187)
  );
#772 = DIRECTION('',(1.,-3.485657222621E-14,-2.584044089815E-14));
#773 = ADVANCED_FACE('',(#774),#785,.T.);
#774 = FACE_BOUND('',#775,.T.);
#775 = EDGE_LOOP('',(#776,#777,#778,#784));
#776 = ORIENTED_EDGE('',*,*,#667,.T.);
#777 = ORIENTED_EDGE('',*,*,#562,.T.);
#778 = ORIENTED_EDGE('',*,*,#779,.T.);
#779 = EDGE_CURVE('',#555,#354,#780,.T.);
#780 = LINE('',#781,#782);
#781 = CARTESIAN_POINT('',(25.36733184132,294.48748652699,
    114.45663791173));
#782 = VECTOR('',#783,1.);
#783 = DIRECTION('',(0.678598344546,-0.281084637715,0.678598344546));
#784 = ORIENTED_EDGE('',*,*,#353,.T.);
#785 = PLANE('',#786);
#786 = AXIS2_PLACEMENT_3D('',#787,#788,#789);
#787 = CARTESIAN_POINT('',(20.531547529282,289.36885950248,
    114.65663791173));
#788 = DIRECTION('',(0.5,-0.5,-0.707106781187));
#789 = DIRECTION('',(0.707106781187,0.707106781187,-1.276756478319E-14)
  );
#790 = ADVANCED_FACE('',(#791),#802,.F.);
#791 = FACE_BOUND('',#792,.T.);
#792 = EDGE_LOOP('',(#793,#794,#795,#801));
#793 = ORIENTED_EDGE('',*,*,#738,.F.);
#794 = ORIENTED_EDGE('',*,*,#763,.F.);
#795 = ORIENTED_EDGE('',*,*,#796,.F.);
#796 = EDGE_CURVE('',#706,#756,#797,.T.);
#797 = LINE('',#798,#799);
#798 = CARTESIAN_POINT('',(17.31733184132,280.32180110204,
    113.73537818672));
#799 = VECTOR('',#800,1.);
#800 = DIRECTION('',(-1.184238071509E-14,-7.787331452228E-15,1.));
#801 = ORIENTED_EDGE('',*,*,#705,.F.);
#802 = PLANE('',#803);
#803 = AXIS2_PLACEMENT_3D('',#804,#805,#806);
#804 = CARTESIAN_POINT('',(7.000271925396E-02,280.32180110204,
    109.01411846172));
#805 = DIRECTION('',(-2.447060044753E-30,1.,7.787331452228E-15));
#806 = DIRECTION('',(1.,2.036751381904E-28,-2.584044089815E-14));
#807 = ADVANCED_FACE('',(#808),#841,.T.);
#808 = FACE_BOUND('',#809,.T.);
#809 = EDGE_LOOP('',(#810,#820,#828,#834,#835));
#810 = ORIENTED_EDGE('',*,*,#811,.T.);
#811 = EDGE_CURVE('',#812,#814,#816,.T.);
#812 = VERTEX_POINT('',#813);
#813 = CARTESIAN_POINT('',(-21.42709083393,280.52180110204,
    114.65663791173));
#814 = VERTEX_POINT('',#815);
#815 = CARTESIAN_POINT('',(-21.62709083393,280.72180110204,
    114.85663791173));
#816 = LINE('',#817,#818);
#817 = CARTESIAN_POINT('',(-23.37377421404,282.46848448215,
    116.60332129184));
#818 = VECTOR('',#819,1.);
#819 = DIRECTION('',(-0.57735026919,0.57735026919,0.57735026919));
#820 = ORIENTED_EDGE('',*,*,#821,.T.);
#821 = EDGE_CURVE('',#814,#822,#824,.T.);
#822 = VERTEX_POINT('',#823);
#823 = CARTESIAN_POINT('',(-21.62709083393,290.32156553317,
    114.85663791173));
#824 = LINE('',#825,#826);
#825 = CARTESIAN_POINT('',(-21.62709083393,294.12316110771,
    114.85663791173));
#826 = VECTOR('',#827,1.);
#827 = DIRECTION('',(2.958228394582E-31,1.,7.787331452228E-15));
#828 = ORIENTED_EDGE('',*,*,#829,.F.);
#829 = EDGE_CURVE('',#459,#822,#830,.T.);
#830 = LINE('',#831,#832);
#831 = CARTESIAN_POINT('',(-20.93275598929,290.60916844265,
    114.16230306708));
#832 = VECTOR('',#833,1.);
#833 = DIRECTION('',(-0.678598344546,-0.281084637715,0.678598344546));
#834 = ORIENTED_EDGE('',*,*,#458,.T.);
#835 = ORIENTED_EDGE('',*,*,#836,.T.);
#836 = EDGE_CURVE('',#451,#812,#837,.T.);
#837 = LINE('',#838,#839);
#838 = CARTESIAN_POINT('',(-15.16901524079,286.77987669519,
    108.39856231858));
#839 = VECTOR('',#840,1.);
#840 = DIRECTION('',(-0.57735026919,-0.57735026919,0.57735026919));
#841 = PLANE('',#842);
#842 = AXIS2_PLACEMENT_3D('',#843,#844,#845);
#843 = CARTESIAN_POINT('',(-21.42709083393,294.12316110771,
    114.65663791173));
#844 = DIRECTION('',(-0.707106781187,5.506474877217E-15,-0.707106781186)
  );
#845 = DIRECTION('',(-0.707106781186,-3.944304526105E-31,0.707106781187)
  );
#846 = ADVANCED_FACE('',(#847),#863,.T.);
#847 = FACE_BOUND('',#848,.T.);
#848 = EDGE_LOOP('',(#849,#850,#856,#857));
#849 = ORIENTED_EDGE('',*,*,#821,.F.);
#850 = ORIENTED_EDGE('',*,*,#851,.F.);
#851 = EDGE_CURVE('',#128,#814,#852,.T.);
#852 = LINE('',#853,#854);
#853 = CARTESIAN_POINT('',(-21.62709083393,280.72180110204,
    112.73537818672));
#854 = VECTOR('',#855,1.);
#855 = DIRECTION('',(-4.381232810796E-29,7.787331452228E-15,-1.));
#856 = ORIENTED_EDGE('',*,*,#127,.F.);
#857 = ORIENTED_EDGE('',*,*,#858,.F.);
#858 = EDGE_CURVE('',#822,#120,#859,.T.);
#859 = LINE('',#860,#861);
#860 = CARTESIAN_POINT('',(-21.62709083393,290.32156553317,
    114.28104229138));
#861 = VECTOR('',#862,1.);
#862 = DIRECTION('',(4.381232810796E-29,1.87192432607E-14,1.));
#863 = PLANE('',#864);
#864 = AXIS2_PLACEMENT_3D('',#865,#866,#867);
#865 = CARTESIAN_POINT('',(-21.62709083393,285.60464381452,
    116.45663791173));
#866 = DIRECTION('',(-1.,2.958228394579E-31,4.381232810796E-29));
#867 = DIRECTION('',(4.381232810796E-29,0.,1.));
#868 = ADVANCED_FACE('',(#869),#895,.T.);
#869 = FACE_BOUND('',#870,.T.);
#870 = EDGE_LOOP('',(#871,#872,#880,#888,#894));
#871 = ORIENTED_EDGE('',*,*,#811,.F.);
#872 = ORIENTED_EDGE('',*,*,#873,.T.);
#873 = EDGE_CURVE('',#812,#874,#876,.T.);
#874 = VERTEX_POINT('',#875);
#875 = CARTESIAN_POINT('',(-21.22709083393,280.32180110204,
    114.85663791173));
#876 = LINE('',#877,#878);
#877 = CARTESIAN_POINT('',(-17.75611852924,276.85082879734,
    118.32761021642));
#878 = VECTOR('',#879,1.);
#879 = DIRECTION('',(0.57735026919,-0.57735026919,0.57735026919));
#880 = ORIENTED_EDGE('',*,*,#881,.T.);
#881 = EDGE_CURVE('',#874,#882,#884,.T.);
#882 = VERTEX_POINT('',#883);
#883 = CARTESIAN_POINT('',(-21.22709083393,280.32180110204,
    118.05663791173));
#884 = LINE('',#885,#886);
#885 = CARTESIAN_POINT('',(-21.22709083393,280.32180110204,
    112.73537818672));
#886 = VECTOR('',#887,1.);
#887 = DIRECTION('',(4.381232810796E-29,-7.787331452228E-15,1.));
#888 = ORIENTED_EDGE('',*,*,#889,.T.);
#889 = EDGE_CURVE('',#882,#128,#890,.T.);
#890 = LINE('',#891,#892);
#891 = CARTESIAN_POINT('',(-16.5156986209,275.61040888901,113.3452456987
    ));
#892 = VECTOR('',#893,1.);
#893 = DIRECTION('',(-0.57735026919,0.57735026919,0.577350269189));
#894 = ORIENTED_EDGE('',*,*,#851,.T.);
#895 = PLANE('',#896);
#896 = AXIS2_PLACEMENT_3D('',#897,#898,#899);
#897 = CARTESIAN_POINT('',(-21.42709083393,280.52180110204,
    112.73537818672));
#898 = DIRECTION('',(-0.707106781187,-0.707106781187,-5.506474877218E-15
    ));
#899 = DIRECTION('',(-7.787331452228E-15,3.944304526105E-30,1.));
#900 = ADVANCED_FACE('',(#901),#920,.T.);
#901 = FACE_BOUND('',#902,.T.);
#902 = EDGE_LOOP('',(#903,#904,#905,#913,#919));
#903 = ORIENTED_EDGE('',*,*,#836,.F.);
#904 = ORIENTED_EDGE('',*,*,#450,.T.);
#905 = ORIENTED_EDGE('',*,*,#906,.F.);
#906 = EDGE_CURVE('',#907,#443,#909,.T.);
#907 = VERTEX_POINT('',#908);
#908 = CARTESIAN_POINT('',(-17.17732640281,280.32180110204,
    114.85663791173));
#909 = LINE('',#910,#911);
#910 = CARTESIAN_POINT('',(-17.13887751415,280.22897724149,
    114.94946177228));
#911 = VECTOR('',#912,1.);
#912 = DIRECTION('',(-0.281084548221,0.678598363081,-0.678598363081));
#913 = ORIENTED_EDGE('',*,*,#914,.T.);
#914 = EDGE_CURVE('',#907,#874,#915,.T.);
#915 = LINE('',#916,#917);
#916 = CARTESIAN_POINT('',(7.000271925383E-02,280.32180110204,
    114.85663791173));
#917 = VECTOR('',#918,1.);
#918 = DIRECTION('',(-1.,6.776454302363E-29,-9.016131328055E-15));
#919 = ORIENTED_EDGE('',*,*,#873,.F.);
#920 = PLANE('',#921);
#921 = AXIS2_PLACEMENT_3D('',#922,#923,#924);
#922 = CARTESIAN_POINT('',(7.000271925384E-02,280.52180110204,
    114.65663791173));
#923 = DIRECTION('',(6.375367602136E-15,-0.707106781187,-0.707106781187)
  );
#924 = DIRECTION('',(1.,3.485657222621E-14,-2.584044089815E-14));
#925 = ADVANCED_FACE('',(#926),#944,.T.);
#926 = FACE_BOUND('',#927,.T.);
#927 = EDGE_LOOP('',(#928,#936,#942,#943));
#928 = ORIENTED_EDGE('',*,*,#929,.T.);
#929 = EDGE_CURVE('',#822,#930,#932,.T.);
#930 = VERTEX_POINT('',#931);
#931 = CARTESIAN_POINT('',(-25.62732640281,294.32180110204,
    114.85663791173));
#932 = LINE('',#933,#934);
#933 = CARTESIAN_POINT('',(-20.53296344701,289.22743814624,
    114.85663791173));
#934 = VECTOR('',#935,1.);
#935 = DIRECTION('',(-0.707106781187,0.707106781187,-8.688927249188E-16)
  );
#936 = ORIENTED_EDGE('',*,*,#937,.F.);
#937 = EDGE_CURVE('',#467,#930,#938,.T.);
#938 = LINE('',#939,#940);
#939 = CARTESIAN_POINT('',(-25.22732640281,294.48748652699,
    114.45663791173));
#940 = VECTOR('',#941,1.);
#941 = DIRECTION('',(-0.678598344546,-0.281084637715,0.678598344546));
#942 = ORIENTED_EDGE('',*,*,#466,.T.);
#943 = ORIENTED_EDGE('',*,*,#829,.T.);
#944 = PLANE('',#945);
#945 = AXIS2_PLACEMENT_3D('',#946,#947,#948);
#946 = CARTESIAN_POINT('',(-20.39154209077,289.36885950248,
    114.65663791173));
#947 = DIRECTION('',(-0.5,-0.5,-0.707106781187));
#948 = DIRECTION('',(0.707106781187,-0.707106781187,-2.381428387821E-14)
  );
#949 = ADVANCED_FACE('',(#950),#968,.T.);
#950 = FACE_BOUND('',#951,.T.);
#951 = EDGE_LOOP('',(#952,#953,#961,#967));
#952 = ORIENTED_EDGE('',*,*,#889,.F.);
#953 = ORIENTED_EDGE('',*,*,#954,.T.);
#954 = EDGE_CURVE('',#882,#955,#957,.T.);
#955 = VERTEX_POINT('',#956);
#956 = CARTESIAN_POINT('',(-17.17732640281,280.32180110204,
    118.05663791173));
#957 = LINE('',#958,#959);
#958 = CARTESIAN_POINT('',(7.00027192538E-02,280.32180110204,
    118.05663791173));
#959 = VECTOR('',#960,1.);
#960 = DIRECTION('',(1.,-6.776454302363E-29,9.016131328055E-15));
#961 = ORIENTED_EDGE('',*,*,#962,.F.);
#962 = EDGE_CURVE('',#136,#955,#963,.T.);
#963 = LINE('',#964,#965);
#964 = CARTESIAN_POINT('',(-14.78964629401,282.70948004351,
    120.44431685319));
#965 = VECTOR('',#966,1.);
#966 = DIRECTION('',(-0.577350457366,-0.577350175102,-0.577350175101));
#967 = ORIENTED_EDGE('',*,*,#135,.T.);
#968 = PLANE('',#969);
#969 = AXIS2_PLACEMENT_3D('',#970,#971,#972);
#970 = CARTESIAN_POINT('',(7.00027192538E-02,280.52180110204,
    118.25663791173));
#971 = DIRECTION('',(-6.375367602142E-15,-0.707106781186,0.707106781187)
  );
#972 = DIRECTION('',(1.,-3.485657222626E-14,-2.584044089815E-14));
#973 = ADVANCED_FACE('',(#974),#999,.T.);
#974 = FACE_BOUND('',#975,.T.);
#975 = EDGE_LOOP('',(#976,#977,#985,#993));
#976 = ORIENTED_EDGE('',*,*,#434,.T.);
#977 = ORIENTED_EDGE('',*,*,#978,.T.);
#978 = EDGE_CURVE('',#427,#979,#981,.T.);
#979 = VERTEX_POINT('',#980);
#980 = CARTESIAN_POINT('',(-16.17732591391,284.07430159094,
    114.85663791173));
#981 = LINE('',#982,#983);
#982 = CARTESIAN_POINT('',(-16.57732591391,284.23998701589,
    114.45663791173));
#983 = VECTOR('',#984,1.);
#984 = DIRECTION('',(0.678598344546,-0.281084637715,0.678598344546));
#985 = ORIENTED_EDGE('',*,*,#986,.T.);
#986 = EDGE_CURVE('',#979,#987,#989,.T.);
#987 = VERTEX_POINT('',#988);
#988 = CARTESIAN_POINT('',(-16.17732591391,281.32180110204,
    114.85663791173));
#989 = LINE('',#990,#991);
#990 = CARTESIAN_POINT('',(-16.17732591391,291.48173975147,
    114.85663791173));
#991 = VECTOR('',#992,1.);
#992 = DIRECTION('',(-1.844410898687E-28,-1.,-7.787331452228E-15));
#993 = ORIENTED_EDGE('',*,*,#994,.T.);
#994 = EDGE_CURVE('',#987,#435,#995,.T.);
#995 = LINE('',#996,#997);
#996 = CARTESIAN_POINT('',(-16.17732591391,281.32180110204,
    114.85663791173));
#997 = VECTOR('',#998,1.);
#998 = DIRECTION('',(-0.678598326011,0.281084727209,-0.678598326011));
#999 = PLANE('',#1000);
#1000 = AXIS2_PLACEMENT_3D('',#1001,#1002,#1003);
#1001 = CARTESIAN_POINT('',(-16.37732591391,291.48173975147,
    114.65663791173));
#1002 = DIRECTION('',(0.707106781187,5.506474877218E-15,-0.707106781187)
  );
#1003 = DIRECTION('',(-0.707106781187,0.,-0.707106781187));
#1004 = ADVANCED_FACE('',(#1005),#1016,.T.);
#1005 = FACE_BOUND('',#1006,.T.);
#1006 = EDGE_LOOP('',(#1007,#1013,#1014,#1015));
#1007 = ORIENTED_EDGE('',*,*,#1008,.T.);
#1008 = EDGE_CURVE('',#987,#907,#1009,.T.);
#1009 = LINE('',#1010,#1011);
#1010 = CARTESIAN_POINT('',(-7.03552256732,290.46359997925,
    114.85663791173));
#1011 = VECTOR('',#1012,1.);
#1012 = DIRECTION('',(-0.707106954037,-0.707106608336,
    -1.188184269175E-14));
#1013 = ORIENTED_EDGE('',*,*,#906,.T.);
#1014 = ORIENTED_EDGE('',*,*,#442,.T.);
#1015 = ORIENTED_EDGE('',*,*,#994,.F.);
#1016 = PLANE('',#1017);
#1017 = AXIS2_PLACEMENT_3D('',#1018,#1019,#1020);
#1018 = CARTESIAN_POINT('',(-7.176943888987,290.60502137006,
    114.65663791173));
#1019 = DIRECTION('',(0.499999877776,-0.500000122224,-0.707106781187));
#1020 = DIRECTION('',(-0.816496647458,-5.273559366969E-16,
    -0.577350175102));
#1021 = ADVANCED_FACE('',(#1022),#1039,.T.);
#1022 = FACE_BOUND('',#1023,.T.);
#1023 = EDGE_LOOP('',(#1024,#1025,#1031,#1032,#1033));
#1024 = ORIENTED_EDGE('',*,*,#1008,.F.);
#1025 = ORIENTED_EDGE('',*,*,#1026,.T.);
#1026 = EDGE_CURVE('',#987,#144,#1027,.T.);
#1027 = LINE('',#1028,#1029);
#1028 = CARTESIAN_POINT('',(-16.17732591391,281.32180110204,
    113.73537818672));
#1029 = VECTOR('',#1030,1.);
#1030 = DIRECTION('',(2.368476171846E-14,-7.787331452228E-15,1.));
#1031 = ORIENTED_EDGE('',*,*,#143,.T.);
#1032 = ORIENTED_EDGE('',*,*,#962,.T.);
#1033 = ORIENTED_EDGE('',*,*,#1034,.T.);
#1034 = EDGE_CURVE('',#955,#907,#1035,.T.);
#1035 = LINE('',#1036,#1037);
#1036 = CARTESIAN_POINT('',(-17.17732640281,280.32180110204,
    113.73537818672));
#1037 = VECTOR('',#1038,1.);
#1038 = DIRECTION('',(-2.368476171846E-14,7.787331452228E-15,-1.));
#1039 = PLANE('',#1040);
#1040 = AXIS2_PLACEMENT_3D('',#1041,#1042,#1043);
#1041 = CARTESIAN_POINT('',(-16.67732615836,280.82180110204,
    113.73537818672));
#1042 = DIRECTION('',(0.707106608336,-0.707106954037,-2.225412775125E-14
    ));
#1043 = DIRECTION('',(-3.147209697789E-14,5.048709793414E-29,-1.));
#1044 = ADVANCED_FACE('',(#1045),#1056,.F.);
#1045 = FACE_BOUND('',#1046,.T.);
#1046 = EDGE_LOOP('',(#1047,#1048,#1054,#1055));
#1047 = ORIENTED_EDGE('',*,*,#986,.F.);
#1048 = ORIENTED_EDGE('',*,*,#1049,.F.);
#1049 = EDGE_CURVE('',#152,#979,#1050,.T.);
#1050 = LINE('',#1051,#1052);
#1051 = CARTESIAN_POINT('',(-16.17732591391,284.07430159094,
    117.39810608908));
#1052 = VECTOR('',#1053,1.);
#1053 = DIRECTION('',(-2.368476171846E-14,9.943010631914E-15,-1.));
#1054 = ORIENTED_EDGE('',*,*,#151,.F.);
#1055 = ORIENTED_EDGE('',*,*,#1026,.F.);
#1056 = PLANE('',#1057);
#1057 = AXIS2_PLACEMENT_3D('',#1058,#1059,#1060);
#1058 = CARTESIAN_POINT('',(-16.17732591391,280.32180110204,
    118.45663791173));
#1059 = DIRECTION('',(-1.,0.,2.368476171846E-14));
#1060 = DIRECTION('',(2.368476171846E-14,0.,1.));
#1061 = ADVANCED_FACE('',(#1062),#1080,.T.);
#1062 = FACE_BOUND('',#1063,.T.);
#1063 = EDGE_LOOP('',(#1064,#1065,#1066,#1074));
#1064 = ORIENTED_EDGE('',*,*,#394,.T.);
#1065 = ORIENTED_EDGE('',*,*,#713,.T.);
#1066 = ORIENTED_EDGE('',*,*,#1067,.T.);
#1067 = EDGE_CURVE('',#706,#1068,#1070,.T.);
#1068 = VERTEX_POINT('',#1069);
#1069 = CARTESIAN_POINT('',(16.31733138894,281.32180110204,
    114.85663791173));
#1070 = LINE('',#1071,#1072);
#1071 = CARTESIAN_POINT('',(7.175528172408,290.46360018301,
    114.85663791173));
#1072 = VECTOR('',#1073,1.);
#1073 = DIRECTION('',(-0.707106941127,0.707106621246,-8.688954124711E-16
    ));
#1074 = ORIENTED_EDGE('',*,*,#1075,.T.);
#1075 = EDGE_CURVE('',#1068,#395,#1076,.T.);
#1076 = LINE('',#1077,#1078);
#1077 = CARTESIAN_POINT('',(16.31733138894,281.32180110204,
    114.85663791173));
#1078 = VECTOR('',#1079,1.);
#1079 = DIRECTION('',(0.678598327395,0.281084720525,-0.678598327395));
#1080 = PLANE('',#1081);
#1081 = AXIS2_PLACEMENT_3D('',#1082,#1083,#1084);
#1082 = CARTESIAN_POINT('',(7.316949496658,290.60502157123,
    114.65663791173));
#1083 = DIRECTION('',(-0.499999886905,-0.500000113095,-0.707106781187));
#1084 = DIRECTION('',(-0.816496642489,2.775557561563E-16,0.577350182129)
  );
#1085 = ADVANCED_FACE('',(#1086),#1104,.T.);
#1086 = FACE_BOUND('',#1087,.T.);
#1087 = EDGE_LOOP('',(#1088,#1096,#1102,#1103));
#1088 = ORIENTED_EDGE('',*,*,#1089,.T.);
#1089 = EDGE_CURVE('',#1068,#1090,#1092,.T.);
#1090 = VERTEX_POINT('',#1091);
#1091 = CARTESIAN_POINT('',(16.31733138894,284.07430155442,
    114.85663791173));
#1092 = LINE('',#1093,#1094);
#1093 = CARTESIAN_POINT('',(16.31733138894,291.48173975147,
    114.85663791173));
#1094 = VECTOR('',#1095,1.);
#1095 = DIRECTION('',(-9.222054381184E-29,1.,7.787331452228E-15));
#1096 = ORIENTED_EDGE('',*,*,#1097,.F.);
#1097 = EDGE_CURVE('',#403,#1090,#1098,.T.);
#1098 = LINE('',#1099,#1100);
#1099 = CARTESIAN_POINT('',(16.717331388941,284.23998697937,
    114.45663791173));
#1100 = VECTOR('',#1101,1.);
#1101 = DIRECTION('',(-0.678598344546,-0.281084637715,0.678598344546));
#1102 = ORIENTED_EDGE('',*,*,#402,.T.);
#1103 = ORIENTED_EDGE('',*,*,#1075,.F.);
#1104 = PLANE('',#1105);
#1105 = AXIS2_PLACEMENT_3D('',#1106,#1107,#1108);
#1106 = CARTESIAN_POINT('',(16.517331388941,291.48173975147,
    114.65663791173));
#1107 = DIRECTION('',(-0.707106781187,5.506474877218E-15,-0.707106781187
    ));
#1108 = DIRECTION('',(-0.707106781187,3.944304526105E-31,0.707106781187)
  );
#1109 = ADVANCED_FACE('',(#1110),#1133,.F.);
#1110 = FACE_BOUND('',#1111,.T.);
#1111 = EDGE_LOOP('',(#1112,#1120,#1126,#1127));
#1112 = ORIENTED_EDGE('',*,*,#1113,.F.);
#1113 = EDGE_CURVE('',#1090,#1114,#1116,.T.);
#1114 = VERTEX_POINT('',#1115);
#1115 = CARTESIAN_POINT('',(5.726856968746,294.66477597462,
    114.85663791173));
#1116 = LINE('',#1117,#1118);
#1117 = CARTESIAN_POINT('',(2.801780236088,297.58985270727,
    114.85663791173));
#1118 = VECTOR('',#1119,1.);
#1119 = DIRECTION('',(-0.707106781187,0.707106781187,-8.688927249188E-16
    ));
#1120 = ORIENTED_EDGE('',*,*,#1121,.T.);
#1121 = EDGE_CURVE('',#1090,#176,#1122,.T.);
#1122 = LINE('',#1123,#1124);
#1123 = CARTESIAN_POINT('',(16.31733138894,284.07430155442,
    117.39810608908));
#1124 = VECTOR('',#1125,1.);
#1125 = DIRECTION('',(-1.184238071509E-14,-3.98176542914E-14,1.));
#1126 = ORIENTED_EDGE('',*,*,#175,.F.);
#1127 = ORIENTED_EDGE('',*,*,#1128,.F.);
#1128 = EDGE_CURVE('',#1114,#168,#1129,.T.);
#1129 = LINE('',#1130,#1131);
#1130 = CARTESIAN_POINT('',(5.726856968746,294.66477597462,
    116.33957426644));
#1131 = VECTOR('',#1132,1.);
#1132 = DIRECTION('',(-9.016131328055E-15,-4.264390367843E-14,1.));
#1133 = PLANE('',#1134);
#1134 = AXIS2_PLACEMENT_3D('',#1135,#1136,#1137);
#1135 = CARTESIAN_POINT('',(6.69358184132,293.69805110204,
    116.33957426644));
#1136 = DIRECTION('',(0.707106781187,0.707106781187,3.652916106942E-14)
  );
#1137 = DIRECTION('',(-0.707106781187,0.707106781187,-2.551621131499E-14
    ));
#1138 = ADVANCED_FACE('',(#1139),#1151,.T.);
#1139 = FACE_BOUND('',#1140,.T.);
#1140 = EDGE_LOOP('',(#1141,#1142,#1143,#1144,#1145));
#1141 = ORIENTED_EDGE('',*,*,#1067,.F.);
#1142 = ORIENTED_EDGE('',*,*,#796,.T.);
#1143 = ORIENTED_EDGE('',*,*,#755,.T.);
#1144 = ORIENTED_EDGE('',*,*,#191,.T.);
#1145 = ORIENTED_EDGE('',*,*,#1146,.T.);
#1146 = EDGE_CURVE('',#184,#1068,#1147,.T.);
#1147 = LINE('',#1148,#1149);
#1148 = CARTESIAN_POINT('',(16.31733138894,281.32180110204,
    113.73537818672));
#1149 = VECTOR('',#1150,1.);
#1150 = DIRECTION('',(1.184238071509E-14,7.787331452228E-15,-1.));
#1151 = PLANE('',#1152);
#1152 = AXIS2_PLACEMENT_3D('',#1153,#1154,#1155);
#1153 = CARTESIAN_POINT('',(16.81733161513,280.82180110204,
    113.73537818672));
#1154 = DIRECTION('',(-0.707106621246,-0.707106941127,
    -1.388030193768E-14));
#1155 = DIRECTION('',(-1.962971569015E-14,3.628760164017E-29,1.));
#1156 = ADVANCED_FACE('',(#1157),#1163,.F.);
#1157 = FACE_BOUND('',#1158,.T.);
#1158 = EDGE_LOOP('',(#1159,#1160,#1161,#1162));
#1159 = ORIENTED_EDGE('',*,*,#1089,.F.);
#1160 = ORIENTED_EDGE('',*,*,#1146,.F.);
#1161 = ORIENTED_EDGE('',*,*,#183,.F.);
#1162 = ORIENTED_EDGE('',*,*,#1121,.F.);
#1163 = PLANE('',#1164);
#1164 = AXIS2_PLACEMENT_3D('',#1165,#1166,#1167);
#1165 = CARTESIAN_POINT('',(16.31733138894,280.32180110204,
    118.45663791173));
#1166 = DIRECTION('',(1.,0.,1.184238071509E-14));
#1167 = DIRECTION('',(1.184238071509E-14,0.,-1.));
#1168 = ADVANCED_FACE('',(#1169),#1187,.T.);
#1169 = FACE_BOUND('',#1170,.T.);
#1170 = EDGE_LOOP('',(#1171,#1179,#1185,#1186));
#1171 = ORIENTED_EDGE('',*,*,#1172,.F.);
#1172 = EDGE_CURVE('',#1173,#979,#1175,.T.);
#1173 = VERTEX_POINT('',#1174);
#1174 = CARTESIAN_POINT('',(-5.586851530239,294.66477597462,
    114.85663791173));
#1175 = LINE('',#1176,#1177);
#1176 = CARTESIAN_POINT('',(-2.661774797581,297.58985270727,
    114.85663791173));
#1177 = VECTOR('',#1178,1.);
#1178 = DIRECTION('',(-0.707106781187,-0.707106781187,
    -1.188184247935E-14));
#1179 = ORIENTED_EDGE('',*,*,#1180,.F.);
#1180 = EDGE_CURVE('',#160,#1173,#1181,.T.);
#1181 = LINE('',#1182,#1183);
#1182 = CARTESIAN_POINT('',(-5.586851530239,294.66477597462,
    116.33957426644));
#1183 = VECTOR('',#1184,1.);
#1184 = DIRECTION('',(9.016131328055E-15,4.264390367843E-14,-1.));
#1185 = ORIENTED_EDGE('',*,*,#159,.T.);
#1186 = ORIENTED_EDGE('',*,*,#1049,.T.);
#1187 = PLANE('',#1188);
#1188 = AXIS2_PLACEMENT_3D('',#1189,#1190,#1191);
#1189 = CARTESIAN_POINT('',(-6.553576402812,293.69805110204,
    116.33957426644));
#1190 = DIRECTION('',(0.707106781187,-0.707106781187,-2.377842586515E-14
    ));
#1191 = DIRECTION('',(0.707106781187,0.707106781187,-1.276547611072E-14)
  );
#1192 = ADVANCED_FACE('',(#1193),#1204,.T.);
#1193 = FACE_BOUND('',#1194,.T.);
#1194 = EDGE_LOOP('',(#1195,#1196,#1197,#1198));
#1195 = ORIENTED_EDGE('',*,*,#410,.T.);
#1196 = ORIENTED_EDGE('',*,*,#1097,.T.);
#1197 = ORIENTED_EDGE('',*,*,#1113,.T.);
#1198 = ORIENTED_EDGE('',*,*,#1199,.T.);
#1199 = EDGE_CURVE('',#1114,#411,#1200,.T.);
#1200 = LINE('',#1201,#1202);
#1201 = CARTESIAN_POINT('',(5.726856968746,294.66477597462,
    114.85663791173));
#1202 = VECTOR('',#1203,1.);
#1203 = DIRECTION('',(0.281084637715,0.678598344546,-0.678598344546));
#1204 = PLANE('',#1205);
#1205 = AXIS2_PLACEMENT_3D('',#1206,#1207,#1208);
#1206 = CARTESIAN_POINT('',(2.943201592325,297.73127406351,
    114.65663791173));
#1207 = DIRECTION('',(-0.5,-0.5,-0.707106781187));
#1208 = DIRECTION('',(-0.816496580928,5.551115123126E-17,0.57735026919)
  );
#1209 = ADVANCED_FACE('',(#1210),#1221,.T.);
#1210 = FACE_BOUND('',#1211,.T.);
#1211 = EDGE_LOOP('',(#1212,#1213,#1214,#1215));
#1212 = ORIENTED_EDGE('',*,*,#1172,.T.);
#1213 = ORIENTED_EDGE('',*,*,#978,.F.);
#1214 = ORIENTED_EDGE('',*,*,#426,.T.);
#1215 = ORIENTED_EDGE('',*,*,#1216,.T.);
#1216 = EDGE_CURVE('',#419,#1173,#1217,.T.);
#1217 = LINE('',#1218,#1219);
#1218 = CARTESIAN_POINT('',(-5.752536955188,295.06477597462,
    114.45663791173));
#1219 = VECTOR('',#1220,1.);
#1220 = DIRECTION('',(0.281084637715,-0.678598344546,0.678598344546));
#1221 = PLANE('',#1222);
#1222 = AXIS2_PLACEMENT_3D('',#1223,#1224,#1225);
#1223 = CARTESIAN_POINT('',(-2.803196153818,297.73127406351,
    114.65663791173));
#1224 = DIRECTION('',(0.5,-0.5,-0.707106781187));
#1225 = DIRECTION('',(-0.816496580928,-1.110223024625E-16,-0.57735026919
    ));
#1226 = ADVANCED_FACE('',(#1227),#1238,.T.);
#1227 = FACE_BOUND('',#1228,.T.);
#1228 = EDGE_LOOP('',(#1229,#1235,#1236,#1237));
#1229 = ORIENTED_EDGE('',*,*,#1230,.T.);
#1230 = EDGE_CURVE('',#1114,#1173,#1231,.T.);
#1231 = LINE('',#1232,#1233);
#1232 = CARTESIAN_POINT('',(7.000271925369E-02,294.66477597462,
    114.85663791173));
#1233 = VECTOR('',#1234,1.);
#1234 = DIRECTION('',(-1.,4.970867803397E-29,-9.016131328055E-15));
#1235 = ORIENTED_EDGE('',*,*,#1216,.F.);
#1236 = ORIENTED_EDGE('',*,*,#418,.T.);
#1237 = ORIENTED_EDGE('',*,*,#1199,.F.);
#1238 = PLANE('',#1239);
#1239 = AXIS2_PLACEMENT_3D('',#1240,#1241,#1242);
#1240 = CARTESIAN_POINT('',(7.000271925369E-02,294.86477597462,
    114.65663791173));
#1241 = DIRECTION('',(6.375367602137E-15,-0.707106781187,-0.707106781187
    ));
#1242 = DIRECTION('',(-1.,2.366582715663E-30,-9.016131328055E-15));
#1243 = ADVANCED_FACE('',(#1244),#1250,.T.);
#1244 = FACE_BOUND('',#1245,.T.);
#1245 = EDGE_LOOP('',(#1246,#1247,#1248,#1249));
#1246 = ORIENTED_EDGE('',*,*,#1230,.F.);
#1247 = ORIENTED_EDGE('',*,*,#1128,.T.);
#1248 = ORIENTED_EDGE('',*,*,#167,.T.);
#1249 = ORIENTED_EDGE('',*,*,#1180,.T.);
#1250 = PLANE('',#1251);
#1251 = AXIS2_PLACEMENT_3D('',#1252,#1253,#1254);
#1252 = CARTESIAN_POINT('',(7.000271925361E-02,294.66477597462,
    116.33957426644));
#1253 = DIRECTION('',(3.347743578717E-28,-1.,-4.264390367843E-14));
#1254 = DIRECTION('',(0.,4.264390367843E-14,-1.));
#1255 = ADVANCED_FACE('',(#1256),#1262,.F.);
#1256 = FACE_BOUND('',#1257,.T.);
#1257 = EDGE_LOOP('',(#1258,#1259,#1260,#1261));
#1258 = ORIENTED_EDGE('',*,*,#881,.F.);
#1259 = ORIENTED_EDGE('',*,*,#914,.F.);
#1260 = ORIENTED_EDGE('',*,*,#1034,.F.);
#1261 = ORIENTED_EDGE('',*,*,#954,.F.);
#1262 = PLANE('',#1263);
#1263 = AXIS2_PLACEMENT_3D('',#1264,#1265,#1266);
#1264 = CARTESIAN_POINT('',(7.000271925396E-02,280.32180110204,
    109.01411846172));
#1265 = DIRECTION('',(-2.447060044753E-30,1.,7.787331452228E-15));
#1266 = DIRECTION('',(1.,2.036751381904E-28,-2.584044089815E-14));
#1267 = ADVANCED_FACE('',(#1268),#1301,.T.);
#1268 = FACE_BOUND('',#1269,.T.);
#1269 = EDGE_LOOP('',(#1270,#1280,#1288,#1294,#1295));
#1270 = ORIENTED_EDGE('',*,*,#1271,.F.);
#1271 = EDGE_CURVE('',#1272,#1274,#1276,.T.);
#1272 = VERTEX_POINT('',#1273);
#1273 = CARTESIAN_POINT('',(4.117017401667,329.75155499601,
    115.45663791173));
#1274 = VERTEX_POINT('',#1275);
#1275 = CARTESIAN_POINT('',(3.617017401667,330.25155499601,
    114.95663791173));
#1276 = LINE('',#1277,#1278);
#1277 = CARTESIAN_POINT('',(7.876173784592,325.99239861309,
    119.21579429465));
#1278 = VECTOR('',#1279,1.);
#1279 = DIRECTION('',(-0.57735026919,0.57735026919,-0.57735026919));
#1280 = ORIENTED_EDGE('',*,*,#1281,.T.);
#1281 = EDGE_CURVE('',#1272,#1282,#1284,.T.);
#1282 = VERTEX_POINT('',#1283);
#1283 = CARTESIAN_POINT('',(4.117017820065,314.96155685539,
    115.4566379059));
#1284 = LINE('',#1285,#1286);
#1285 = CARTESIAN_POINT('',(4.117017401667,304.19661669846,
    115.45663791173));
#1286 = VECTOR('',#1287,1.);
#1287 = DIRECTION('',(2.447060044753E-30,-1.,-7.787331452228E-15));
#1288 = ORIENTED_EDGE('',*,*,#1289,.T.);
#1289 = EDGE_CURVE('',#1282,#523,#1290,.T.);
#1290 = LINE('',#1291,#1292);
#1291 = CARTESIAN_POINT('',(3.178663748304,314.69118497601,
    114.51828425836));
#1292 = VECTOR('',#1293,1.);
#1293 = DIRECTION('',(-0.692872036235,-0.199641385508,-0.692872036235));
#1294 = ORIENTED_EDGE('',*,*,#522,.T.);
#1295 = ORIENTED_EDGE('',*,*,#1296,.F.);
#1296 = EDGE_CURVE('',#1274,#515,#1297,.T.);
#1297 = LINE('',#1298,#1299);
#1298 = CARTESIAN_POINT('',(-0.979390204793,325.65514738955,
    110.36023030527));
#1299 = VECTOR('',#1300,1.);
#1300 = DIRECTION('',(-0.57735026919,-0.57735026919,-0.57735026919));
#1301 = PLANE('',#1302);
#1302 = AXIS2_PLACEMENT_3D('',#1303,#1304,#1305);
#1303 = CARTESIAN_POINT('',(3.617017401667,304.19661669846,
    114.95663791173));
#1304 = DIRECTION('',(0.707106781187,5.506474877217E-15,-0.707106781187)
  );
#1305 = DIRECTION('',(-2.366582715663E-30,1.,7.787331452228E-15));
#1306 = ADVANCED_FACE('',(#1307),#1349,.T.);
#1307 = FACE_BOUND('',#1308,.T.);
#1308 = EDGE_LOOP('',(#1309,#1310,#1318,#1326,#1335,#1343));
#1309 = ORIENTED_EDGE('',*,*,#1271,.T.);
#1310 = ORIENTED_EDGE('',*,*,#1311,.F.);
#1311 = EDGE_CURVE('',#1312,#1274,#1314,.T.);
#1312 = VERTEX_POINT('',#1313);
#1313 = CARTESIAN_POINT('',(3.117017401667,330.75155499601,
    115.45663791173));
#1314 = LINE('',#1315,#1316);
#1315 = CARTESIAN_POINT('',(3.446432844799,330.42213955288,
    115.12722246859));
#1316 = VECTOR('',#1317,1.);
#1317 = DIRECTION('',(0.57735026919,-0.57735026919,-0.57735026919));
#1318 = ORIENTED_EDGE('',*,*,#1319,.T.);
#1319 = EDGE_CURVE('',#1312,#1320,#1322,.T.);
#1320 = VERTEX_POINT('',#1321);
#1321 = CARTESIAN_POINT('',(3.117017401667,330.75155499601,
    121.37518272904));
#1322 = LINE('',#1323,#1324);
#1323 = CARTESIAN_POINT('',(3.117017401667,330.75155499601,
    114.45663791173));
#1324 = VECTOR('',#1325,1.);
#1325 = DIRECTION('',(-9.043271182401E-15,-7.787331452228E-15,1.));
#1326 = ORIENTED_EDGE('',*,*,#1327,.T.);
#1327 = EDGE_CURVE('',#1320,#1328,#1330,.T.);
#1328 = VERTEX_POINT('',#1329);
#1329 = CARTESIAN_POINT('',(3.783300534474,330.08527186213,
    122.69556719714));
#1330 = B_SPLINE_CURVE_WITH_KNOTS('',3,(#1331,#1332,#1333,#1334),
  .UNSPECIFIED.,.F.,.F.,(4,4),(0.,0.157471880134),
  .PIECEWISE_BEZIER_KNOTS.);
#1331 = CARTESIAN_POINT('',(3.117017401667,330.75155499601,
    121.37518272904));
#1332 = CARTESIAN_POINT('',(3.371129884622,330.49744251306,
    121.81531088695));
#1333 = CARTESIAN_POINT('',(3.593224262371,330.27534813531,
    122.25543904425));
#1334 = CARTESIAN_POINT('',(3.783300534914,330.08527186276,
    122.69556720096));
#1335 = ORIENTED_EDGE('',*,*,#1336,.T.);
#1336 = EDGE_CURVE('',#1328,#1337,#1339,.T.);
#1337 = VERTEX_POINT('',#1338);
#1338 = CARTESIAN_POINT('',(4.117017401667,329.75155499601,
    122.56466093058));
#1339 = LINE('',#1340,#1341);
#1340 = CARTESIAN_POINT('',(4.300000750672,329.56857164701,
    122.49288251885));
#1341 = VECTOR('',#1342,1.);
#1342 = DIRECTION('',(0.681380778402,-0.681380778402,-0.267283500515));
#1343 = ORIENTED_EDGE('',*,*,#1344,.T.);
#1344 = EDGE_CURVE('',#1337,#1272,#1345,.T.);
#1345 = LINE('',#1346,#1347);
#1346 = CARTESIAN_POINT('',(4.117017401667,329.75155499601,
    114.45663791173));
#1347 = VECTOR('',#1348,1.);
#1348 = DIRECTION('',(9.043271182401E-15,7.787331452228E-15,-1.));
#1349 = PLANE('',#1350);
#1350 = AXIS2_PLACEMENT_3D('',#1351,#1352,#1353);
#1351 = CARTESIAN_POINT('',(3.617017401667,330.25155499601,
    114.45663791173));
#1352 = DIRECTION('',(0.707106781187,0.707106781187,1.19010332544E-14));
#1353 = DIRECTION('',(-0.707106781187,0.707106781187,2.377842586515E-14)
  );
#1354 = ADVANCED_FACE('',(#1355),#1388,.T.);
#1355 = FACE_BOUND('',#1356,.T.);
#1356 = EDGE_LOOP('',(#1357,#1358,#1366,#1374,#1382));
#1357 = ORIENTED_EDGE('',*,*,#506,.T.);
#1358 = ORIENTED_EDGE('',*,*,#1359,.T.);
#1359 = EDGE_CURVE('',#499,#1360,#1362,.T.);
#1360 = VERTEX_POINT('',#1361);
#1361 = CARTESIAN_POINT('',(-3.932980372642,314.96155566176,
    115.4566379374));
#1362 = LINE('',#1363,#1364);
#1363 = CARTESIAN_POINT('',(-4.288328405142,315.06435940027,
    115.81198625569));
#1364 = VECTOR('',#1365,1.);
#1365 = DIRECTION('',(-0.69276004788,0.200417145284,0.69276004788));
#1366 = ORIENTED_EDGE('',*,*,#1367,.T.);
#1367 = EDGE_CURVE('',#1360,#1368,#1370,.T.);
#1368 = VERTEX_POINT('',#1369);
#1369 = CARTESIAN_POINT('',(-3.932980061174,329.75155499601,
    115.45663791173));
#1370 = LINE('',#1371,#1372);
#1371 = CARTESIAN_POINT('',(-3.932980061174,314.19661669846,
    115.45663791173));
#1372 = VECTOR('',#1373,1.);
#1373 = DIRECTION('',(-2.450771646032E-30,1.,7.787331452228E-15));
#1374 = ORIENTED_EDGE('',*,*,#1375,.F.);
#1375 = EDGE_CURVE('',#1376,#1368,#1378,.T.);
#1376 = VERTEX_POINT('',#1377);
#1377 = CARTESIAN_POINT('',(-3.432980061174,330.25155499601,
    114.95663791173));
#1378 = LINE('',#1379,#1380);
#1379 = CARTESIAN_POINT('',(-6.025469777433,327.65906527975,
    117.54912762798));
#1380 = VECTOR('',#1381,1.);
#1381 = DIRECTION('',(-0.57735026919,-0.57735026919,0.57735026919));
#1382 = ORIENTED_EDGE('',*,*,#1383,.F.);
#1383 = EDGE_CURVE('',#507,#1376,#1384,.T.);
#1384 = LINE('',#1385,#1386);
#1385 = CARTESIAN_POINT('',(0.163924675358,326.65465025948,
    111.35973317519));
#1386 = VECTOR('',#1387,1.);
#1387 = DIRECTION('',(-0.57735026919,0.57735026919,0.57735026919));
#1388 = PLANE('',#1389);
#1389 = AXIS2_PLACEMENT_3D('',#1390,#1391,#1392);
#1390 = CARTESIAN_POINT('',(-3.432980061174,314.19661669846,
    114.95663791173));
#1391 = DIRECTION('',(-0.707106781187,5.506474877218E-15,-0.707106781187
    ));
#1392 = DIRECTION('',(7.88860905221E-30,-1.,-7.787331452228E-15));
#1393 = ADVANCED_FACE('',(#1394),#1436,.T.);
#1394 = FACE_BOUND('',#1395,.T.);
#1395 = EDGE_LOOP('',(#1396,#1397,#1405,#1413,#1422,#1430));
#1396 = ORIENTED_EDGE('',*,*,#1375,.T.);
#1397 = ORIENTED_EDGE('',*,*,#1398,.T.);
#1398 = EDGE_CURVE('',#1368,#1399,#1401,.T.);
#1399 = VERTEX_POINT('',#1400);
#1400 = CARTESIAN_POINT('',(-3.932980061174,329.75155499601,
    122.56466093058));
#1401 = LINE('',#1402,#1403);
#1402 = CARTESIAN_POINT('',(-3.932980061174,329.75155499601,
    114.45663791173));
#1403 = VECTOR('',#1404,1.);
#1404 = DIRECTION('',(-9.043271182401E-15,-7.787331452228E-15,1.));
#1405 = ORIENTED_EDGE('',*,*,#1406,.T.);
#1406 = EDGE_CURVE('',#1399,#1407,#1409,.T.);
#1407 = VERTEX_POINT('',#1408);
#1408 = CARTESIAN_POINT('',(-3.599263193981,330.08527186213,
    122.69556719714));
#1409 = LINE('',#1410,#1411);
#1410 = CARTESIAN_POINT('',(-4.115963410178,329.56857164701,
    122.49288251885));
#1411 = VECTOR('',#1412,1.);
#1412 = DIRECTION('',(0.681380778402,0.681380778402,0.267283500515));
#1413 = ORIENTED_EDGE('',*,*,#1414,.T.);
#1414 = EDGE_CURVE('',#1407,#1415,#1417,.T.);
#1415 = VERTEX_POINT('',#1416);
#1416 = CARTESIAN_POINT('',(-2.932980061174,330.75155499601,
    121.37518272904));
#1417 = B_SPLINE_CURVE_WITH_KNOTS('',3,(#1418,#1419,#1420,#1421),
  .UNSPECIFIED.,.F.,.F.,(4,4),(0.103650109242,0.261121989376),
  .PIECEWISE_BEZIER_KNOTS.);
#1418 = CARTESIAN_POINT('',(-3.599263194421,330.08527186276,
    122.69556720096));
#1419 = CARTESIAN_POINT('',(-3.409186921878,330.27534813531,
    122.25543904425));
#1420 = CARTESIAN_POINT('',(-3.187092544129,330.49744251306,
    121.81531088695));
#1421 = CARTESIAN_POINT('',(-2.932980061174,330.75155499601,
    121.37518272904));
#1422 = ORIENTED_EDGE('',*,*,#1423,.T.);
#1423 = EDGE_CURVE('',#1415,#1424,#1426,.T.);
#1424 = VERTEX_POINT('',#1425);
#1425 = CARTESIAN_POINT('',(-2.932980061174,330.75155499601,
    115.45663791173));
#1426 = LINE('',#1427,#1428);
#1427 = CARTESIAN_POINT('',(-2.932980061174,330.75155499601,
    114.45663791173));
#1428 = VECTOR('',#1429,1.);
#1429 = DIRECTION('',(9.043271182401E-15,7.787331452228E-15,-1.));
#1430 = ORIENTED_EDGE('',*,*,#1431,.T.);
#1431 = EDGE_CURVE('',#1424,#1376,#1432,.T.);
#1432 = LINE('',#1433,#1434);
#1433 = CARTESIAN_POINT('',(-2.595231707568,331.08930334962,
    115.79438626533));
#1434 = VECTOR('',#1435,1.);
#1435 = DIRECTION('',(-0.57735026919,-0.57735026919,-0.57735026919));
#1436 = PLANE('',#1437);
#1437 = AXIS2_PLACEMENT_3D('',#1438,#1439,#1440);
#1438 = CARTESIAN_POINT('',(-3.432980061174,330.25155499601,
    114.45663791173));
#1439 = DIRECTION('',(-0.707106781187,0.707106781187,-8.880834999673E-16
    ));
#1440 = DIRECTION('',(-0.707106781187,-0.707106781187,1.276547611071E-14
    ));
#1441 = ADVANCED_FACE('',(#1442),#1461,.F.);
#1442 = FACE_BOUND('',#1443,.F.);
#1443 = EDGE_LOOP('',(#1444,#1452,#1453,#1454));
#1444 = ORIENTED_EDGE('',*,*,#1445,.T.);
#1445 = EDGE_CURVE('',#1446,#571,#1448,.T.);
#1446 = VERTEX_POINT('',#1447);
#1447 = CARTESIAN_POINT('',(20.312005479253,295.28180103208,
    114.85663791173));
#1448 = LINE('',#1449,#1450);
#1449 = CARTESIAN_POINT('',(20.112005479253,295.28180103208,
    114.65663791173));
#1450 = VECTOR('',#1451,1.);
#1451 = DIRECTION('',(-0.707106781187,6.147509382311E-15,-0.707106781186
    ));
#1452 = ORIENTED_EDGE('',*,*,#570,.F.);
#1453 = ORIENTED_EDGE('',*,*,#1445,.F.);
#1454 = ORIENTED_EDGE('',*,*,#1455,.F.);
#1455 = EDGE_CURVE('',#1446,#1446,#1456,.T.);
#1456 = CIRCLE('',#1457,1.7);
#1457 = AXIS2_PLACEMENT_3D('',#1458,#1459,#1460);
#1458 = CARTESIAN_POINT('',(22.012005479253,295.28180103208,
    114.85663791173));
#1459 = DIRECTION('',(-9.016131328055E-15,-7.787331452228E-15,1.));
#1460 = DIRECTION('',(1.,-7.840950111416E-16,9.016131328055E-15));
#1461 = CONICAL_SURFACE('',#1462,1.9,0.785398163398);
#1462 = AXIS2_PLACEMENT_3D('',#1463,#1464,#1465);
#1463 = CARTESIAN_POINT('',(22.012005479253,295.28180103208,
    114.65663791173));
#1464 = DIRECTION('',(7.466249840646E-15,7.787331452228E-15,-1.));
#1465 = DIRECTION('',(1.,-7.840950111416E-16,7.466249840646E-15));
#1466 = ADVANCED_FACE('',(#1467),#1486,.F.);
#1467 = FACE_BOUND('',#1468,.F.);
#1468 = EDGE_LOOP('',(#1469,#1477,#1484,#1485));
#1469 = ORIENTED_EDGE('',*,*,#1470,.T.);
#1470 = EDGE_CURVE('',#1446,#1471,#1473,.T.);
#1471 = VERTEX_POINT('',#1472);
#1472 = CARTESIAN_POINT('',(20.312005479253,295.28180103208,
    122.56466093058));
#1473 = LINE('',#1474,#1475);
#1474 = CARTESIAN_POINT('',(20.312005479253,295.28180103208,
    118.45663791173));
#1475 = VECTOR('',#1476,1.);
#1476 = DIRECTION('',(2.248201624866E-15,-6.718741791026E-15,1.));
#1477 = ORIENTED_EDGE('',*,*,#1478,.T.);
#1478 = EDGE_CURVE('',#1471,#1471,#1479,.T.);
#1479 = CIRCLE('',#1480,1.7);
#1480 = AXIS2_PLACEMENT_3D('',#1481,#1482,#1483);
#1481 = CARTESIAN_POINT('',(22.012005479253,295.28180103208,
    122.56466093058));
#1482 = DIRECTION('',(-1.390554338343E-14,7.253036621627E-15,-1.));
#1483 = DIRECTION('',(1.,-7.840950111414E-16,-1.390554338343E-14));
#1484 = ORIENTED_EDGE('',*,*,#1470,.F.);
#1485 = ORIENTED_EDGE('',*,*,#1455,.T.);
#1486 = CYLINDRICAL_SURFACE('',#1487,1.7);
#1487 = AXIS2_PLACEMENT_3D('',#1488,#1489,#1490);
#1488 = CARTESIAN_POINT('',(22.012005479253,295.28180103208,
    118.45663791173));
#1489 = DIRECTION('',(2.248201624866E-15,-6.718741791026E-15,1.));
#1490 = DIRECTION('',(1.,-7.840950111415E-16,-2.248201624866E-15));
#1491 = ADVANCED_FACE('',(#1492),#1518,.T.);
#1492 = FACE_BOUND('',#1493,.T.);
#1493 = EDGE_LOOP('',(#1494,#1504,#1510,#1511,#1512));
#1494 = ORIENTED_EDGE('',*,*,#1495,.F.);
#1495 = EDGE_CURVE('',#1496,#1498,#1500,.T.);
#1496 = VERTEX_POINT('',#1497);
#1497 = CARTESIAN_POINT('',(-13.17732640281,300.32180110204,
    115.45663791173));
#1498 = VERTEX_POINT('',#1499);
#1499 = CARTESIAN_POINT('',(-12.46771753724,300.32180110204,
    114.85663791173));
#1500 = LINE('',#1501,#1502);
#1501 = CARTESIAN_POINT('',(-6.777042240886,300.32180110204,
    110.04496581534));
#1502 = VECTOR('',#1503,1.);
#1503 = DIRECTION('',(0.763618797607,5.028025692999E-15,-0.645667353938)
  );
#1504 = ORIENTED_EDGE('',*,*,#1505,.T.);
#1505 = EDGE_CURVE('',#1496,#1360,#1506,.T.);
#1506 = LINE('',#1507,#1508);
#1507 = CARTESIAN_POINT('',(-10.76547741741,304.14131168138,
    115.45663791173));
#1508 = VECTOR('',#1509,1.);
#1509 = DIRECTION('',(0.533918060754,0.845536222997,1.139834617753E-14)
  );
#1510 = ORIENTED_EDGE('',*,*,#1359,.F.);
#1511 = ORIENTED_EDGE('',*,*,#498,.T.);
#1512 = ORIENTED_EDGE('',*,*,#1513,.F.);
#1513 = EDGE_CURVE('',#1498,#491,#1514,.T.);
#1514 = LINE('',#1515,#1516);
#1515 = CARTESIAN_POINT('',(-11.8899052187,299.2735707282,
    113.80840753788));
#1516 = VECTOR('',#1517,1.);
#1517 = DIRECTION('',(0.363164090709,-0.658829205189,-0.658829205189));
#1518 = PLANE('',#1519);
#1519 = AXIS2_PLACEMENT_3D('',#1520,#1521,#1522);
#1520 = CARTESIAN_POINT('',(-10.34270930592,303.874352651,
    114.95663791173));
#1521 = DIRECTION('',(-0.59788439702,0.377537081357,-0.707106781187));
#1522 = DIRECTION('',(-0.533918060755,-0.845536222997,6.938893903907E-15
    ));
#1523 = ADVANCED_FACE('',(#1524),#1540,.T.);
#1524 = FACE_BOUND('',#1525,.T.);
#1525 = EDGE_LOOP('',(#1526,#1527,#1533,#1534));
#1526 = ORIENTED_EDGE('',*,*,#1505,.F.);
#1527 = ORIENTED_EDGE('',*,*,#1528,.T.);
#1528 = EDGE_CURVE('',#1496,#88,#1529,.T.);
#1529 = LINE('',#1530,#1531);
#1530 = CARTESIAN_POINT('',(-13.17732640281,300.32180110204,
    113.73537818672));
#1531 = VECTOR('',#1532,1.);
#1532 = DIRECTION('',(2.584044089815E-14,-7.787331452228E-15,1.));
#1533 = ORIENTED_EDGE('',*,*,#87,.F.);
#1534 = ORIENTED_EDGE('',*,*,#1535,.T.);
#1535 = EDGE_CURVE('',#80,#1360,#1536,.T.);
#1536 = LINE('',#1537,#1538);
#1537 = CARTESIAN_POINT('',(-3.932980866337,314.96155499601,
    118.45663791173));
#1538 = VECTOR('',#1539,1.);
#1539 = DIRECTION('',(8.992806499464E-15,7.787331452228E-15,-1.));
#1540 = PLANE('',#1541);
#1541 = AXIS2_PLACEMENT_3D('',#1542,#1543,#1544);
#1542 = CARTESIAN_POINT('',(-13.17732640281,300.32180110204,
    118.45663791173));
#1543 = DIRECTION('',(-0.845536222997,0.533918060754,-3.445946734274E-15
    ));
#1544 = DIRECTION('',(0.533918060754,0.845536222997,1.125854366277E-14)
  );
#1545 = ADVANCED_FACE('',(#1546),#1572,.T.);
#1546 = FACE_BOUND('',#1547,.T.);
#1547 = EDGE_LOOP('',(#1548,#1556,#1557,#1558,#1566));
#1548 = ORIENTED_EDGE('',*,*,#1549,.F.);
#1549 = EDGE_CURVE('',#531,#1550,#1552,.T.);
#1550 = VERTEX_POINT('',#1551);
#1551 = CARTESIAN_POINT('',(12.608684880177,300.32180110204,
    114.85663791173));
#1552 = LINE('',#1553,#1554);
#1553 = CARTESIAN_POINT('',(12.600353727715,300.30672566952,
    114.84156247921));
#1554 = VECTOR('',#1555,1.);
#1555 = DIRECTION('',(0.363967036724,0.658607620734,0.658607620734));
#1556 = ORIENTED_EDGE('',*,*,#530,.T.);
#1557 = ORIENTED_EDGE('',*,*,#1289,.F.);
#1558 = ORIENTED_EDGE('',*,*,#1559,.T.);
#1559 = EDGE_CURVE('',#1282,#1560,#1562,.T.);
#1560 = VERTEX_POINT('',#1561);
#1561 = CARTESIAN_POINT('',(13.31733184132,300.32180110204,
    115.45663791173));
#1562 = LINE('',#1563,#1564);
#1563 = CARTESIAN_POINT('',(6.319269444143,311.45728305897,
    115.45663791173));
#1564 = VECTOR('',#1565,1.);
#1565 = DIRECTION('',(0.532096145867,-0.846683938406,-1.795959733356E-15
    ));
#1566 = ORIENTED_EDGE('',*,*,#1567,.F.);
#1567 = EDGE_CURVE('',#1550,#1560,#1568,.T.);
#1568 = LINE('',#1569,#1570);
#1569 = CARTESIAN_POINT('',(5.586171031579,300.32180110204,
    108.91078822889));
#1570 = VECTOR('',#1571,1.);
#1571 = DIRECTION('',(0.763186759334,-5.032002038335E-15,0.646177971132)
  );
#1572 = PLANE('',#1573);
#1573 = AXIS2_PLACEMENT_3D('',#1574,#1575,#1576);
#1574 = CARTESIAN_POINT('',(5.895927474941,311.19123498604,
    114.95663791173));
#1575 = DIRECTION('',(0.598695954368,0.376248792986,-0.707106781187));
#1576 = DIRECTION('',(-0.532096145867,0.846683938406,2.053912595557E-14)
  );
#1577 = ADVANCED_FACE('',(#1578),#1594,.T.);
#1578 = FACE_BOUND('',#1579,.T.);
#1579 = EDGE_LOOP('',(#1580,#1581,#1587,#1588));
#1580 = ORIENTED_EDGE('',*,*,#1559,.F.);
#1581 = ORIENTED_EDGE('',*,*,#1582,.F.);
#1582 = EDGE_CURVE('',#56,#1282,#1583,.T.);
#1583 = LINE('',#1584,#1585);
#1584 = CARTESIAN_POINT('',(4.117018259435,314.96155499601,
    118.45663791173));
#1585 = VECTOR('',#1586,1.);
#1586 = DIRECTION('',(8.992806499464E-15,7.787331452228E-15,-1.));
#1587 = ORIENTED_EDGE('',*,*,#55,.F.);
#1588 = ORIENTED_EDGE('',*,*,#1589,.F.);
#1589 = EDGE_CURVE('',#1560,#48,#1590,.T.);
#1590 = LINE('',#1591,#1592);
#1591 = CARTESIAN_POINT('',(13.31733184132,300.32180110204,
    118.45663791173));
#1592 = VECTOR('',#1593,1.);
#1593 = DIRECTION('',(-9.016131328055E-15,-7.750216434786E-15,1.));
#1594 = PLANE('',#1595);
#1595 = AXIS2_PLACEMENT_3D('',#1596,#1597,#1598);
#1596 = CARTESIAN_POINT('',(4.117019203199,314.96155558912,
    118.45663791173));
#1597 = DIRECTION('',(0.846683938406,0.532096145867,1.17576738766E-14));
#1598 = DIRECTION('',(0.532096145867,-0.846683938406,-1.73736877471E-15)
  );
#1599 = ADVANCED_FACE('',(#1600),#1618,.T.);
#1600 = FACE_BOUND('',#1601,.T.);
#1601 = EDGE_LOOP('',(#1602,#1610,#1616,#1617));
#1602 = ORIENTED_EDGE('',*,*,#1603,.F.);
#1603 = EDGE_CURVE('',#1604,#1550,#1606,.T.);
#1604 = VERTEX_POINT('',#1605);
#1605 = CARTESIAN_POINT('',(22.76733184132,300.32180110204,
    114.85663791173));
#1606 = LINE('',#1607,#1608);
#1607 = CARTESIAN_POINT('',(7.000271925357E-02,300.32180110204,
    114.85663791173));
#1608 = VECTOR('',#1609,1.);
#1609 = DIRECTION('',(-1.,6.776454302363E-29,-9.016131328055E-15));
#1610 = ORIENTED_EDGE('',*,*,#1611,.F.);
#1611 = EDGE_CURVE('',#539,#1604,#1612,.T.);
#1612 = LINE('',#1613,#1614);
#1613 = CARTESIAN_POINT('',(22.601646416371,299.92180110204,
    114.45663791173));
#1614 = VECTOR('',#1615,1.);
#1615 = DIRECTION('',(0.281084637715,0.678598344546,0.678598344546));
#1616 = ORIENTED_EDGE('',*,*,#538,.T.);
#1617 = ORIENTED_EDGE('',*,*,#1549,.T.);
#1618 = PLANE('',#1619);
#1619 = AXIS2_PLACEMENT_3D('',#1620,#1621,#1622);
#1620 = CARTESIAN_POINT('',(7.000271925384E-02,300.12180110204,
    114.65663791173));
#1621 = DIRECTION('',(6.375367602136E-15,0.707106781187,-0.707106781187)
  );
#1622 = DIRECTION('',(-1.,3.485657222621E-14,2.584044089815E-14));
#1623 = ADVANCED_FACE('',(#1624),#1642,.T.);
#1624 = FACE_BOUND('',#1625,.T.);
#1625 = EDGE_LOOP('',(#1626,#1627,#1635,#1641));
#1626 = ORIENTED_EDGE('',*,*,#490,.T.);
#1627 = ORIENTED_EDGE('',*,*,#1628,.F.);
#1628 = EDGE_CURVE('',#1629,#483,#1631,.T.);
#1629 = VERTEX_POINT('',#1630);
#1630 = CARTESIAN_POINT('',(-22.62732640281,300.32180110204,
    114.85663791173));
#1631 = LINE('',#1632,#1633);
#1632 = CARTESIAN_POINT('',(-22.62732640281,300.32180110204,
    114.85663791173));
#1633 = VECTOR('',#1634,1.);
#1634 = DIRECTION('',(0.281084637715,-0.678598344546,-0.678598344546));
#1635 = ORIENTED_EDGE('',*,*,#1636,.T.);
#1636 = EDGE_CURVE('',#1629,#1498,#1637,.T.);
#1637 = LINE('',#1638,#1639);
#1638 = CARTESIAN_POINT('',(7.000271925383E-02,300.32180110204,
    114.85663791173));
#1639 = VECTOR('',#1640,1.);
#1640 = DIRECTION('',(1.,-6.776454302363E-29,9.016131328055E-15));
#1641 = ORIENTED_EDGE('',*,*,#1513,.T.);
#1642 = PLANE('',#1643);
#1643 = AXIS2_PLACEMENT_3D('',#1644,#1645,#1646);
#1644 = CARTESIAN_POINT('',(7.000271925384E-02,300.12180110204,
    114.65663791173));
#1645 = DIRECTION('',(6.375367602136E-15,0.707106781187,-0.707106781187)
  );
#1646 = DIRECTION('',(-1.,3.485657222621E-14,2.584044089815E-14));
#1647 = ADVANCED_FACE('',(#1648),#1661,.T.);
#1648 = FACE_BOUND('',#1649,.T.);
#1649 = EDGE_LOOP('',(#1650,#1651,#1652,#1653,#1654,#1660));
#1650 = ORIENTED_EDGE('',*,*,#1296,.T.);
#1651 = ORIENTED_EDGE('',*,*,#514,.T.);
#1652 = ORIENTED_EDGE('',*,*,#1383,.T.);
#1653 = ORIENTED_EDGE('',*,*,#1431,.F.);
#1654 = ORIENTED_EDGE('',*,*,#1655,.T.);
#1655 = EDGE_CURVE('',#1424,#1312,#1656,.T.);
#1656 = LINE('',#1657,#1658);
#1657 = CARTESIAN_POINT('',(2.09351006046,330.75155499601,
    115.45663791173));
#1658 = VECTOR('',#1659,1.);
#1659 = DIRECTION('',(1.,-6.776454302363E-29,9.016131328055E-15));
#1660 = ORIENTED_EDGE('',*,*,#1311,.T.);
#1661 = PLANE('',#1662);
#1662 = AXIS2_PLACEMENT_3D('',#1663,#1664,#1665);
#1663 = CARTESIAN_POINT('',(2.09351006046,330.25155499601,
    114.95663791173));
#1664 = DIRECTION('',(6.375367602136E-15,0.707106781187,-0.707106781187)
  );
#1665 = DIRECTION('',(-1.,3.485657222621E-14,2.584044089815E-14));
#1666 = ADVANCED_FACE('',(#1667,#1687),#1721,.T.);
#1667 = FACE_BOUND('',#1668,.T.);
#1668 = EDGE_LOOP('',(#1669,#1670,#1671,#1679,#1685,#1686));
#1669 = ORIENTED_EDGE('',*,*,#1281,.F.);
#1670 = ORIENTED_EDGE('',*,*,#1344,.F.);
#1671 = ORIENTED_EDGE('',*,*,#1672,.F.);
#1672 = EDGE_CURVE('',#1673,#1337,#1675,.T.);
#1673 = VERTEX_POINT('',#1674);
#1674 = CARTESIAN_POINT('',(4.117017401667,318.07279753982,
    122.56466093058));
#1675 = LINE('',#1676,#1677);
#1676 = CARTESIAN_POINT('',(4.117017401667,330.75155499601,
    122.56466093058));
#1677 = VECTOR('',#1678,1.);
#1678 = DIRECTION('',(-2.447060044753E-30,1.,7.787331452228E-15));
#1679 = ORIENTED_EDGE('',*,*,#1680,.F.);
#1680 = EDGE_CURVE('',#64,#1673,#1681,.T.);
#1681 = LINE('',#1682,#1683);
#1682 = CARTESIAN_POINT('',(4.117017401667,312.44048114916,
    116.93234453992));
#1683 = VECTOR('',#1684,1.);
#1684 = DIRECTION('',(-6.394558377185E-15,0.707106781187,0.707106781187)
  );
#1685 = ORIENTED_EDGE('',*,*,#63,.F.);
#1686 = ORIENTED_EDGE('',*,*,#1582,.T.);
#1687 = FACE_BOUND('',#1688,.T.);
#1688 = EDGE_LOOP('',(#1689,#1699,#1707,#1715));
#1689 = ORIENTED_EDGE('',*,*,#1690,.T.);
#1690 = EDGE_CURVE('',#1691,#1693,#1695,.T.);
#1691 = VERTEX_POINT('',#1692);
#1692 = CARTESIAN_POINT('',(4.117017401667,325.91217626792,
    122.06466093058));
#1693 = VERTEX_POINT('',#1694);
#1694 = CARTESIAN_POINT('',(4.117017401667,325.91217626792,
    118.56466093058));
#1695 = LINE('',#1696,#1697);
#1696 = CARTESIAN_POINT('',(4.117017401667,325.91217626792,
    117.26064942115));
#1697 = VECTOR('',#1698,1.);
#1698 = DIRECTION('',(9.043271182401E-15,7.787331452228E-15,-1.));
#1699 = ORIENTED_EDGE('',*,*,#1700,.T.);
#1700 = EDGE_CURVE('',#1693,#1701,#1703,.T.);
#1701 = VERTEX_POINT('',#1702);
#1702 = CARTESIAN_POINT('',(4.117017401667,320.91217626792,
    118.56466093058));
#1703 = LINE('',#1704,#1705);
#1704 = CARTESIAN_POINT('',(4.117017401667,315.83186563196,
    118.56466093058));
#1705 = VECTOR('',#1706,1.);
#1706 = DIRECTION('',(2.447060044753E-30,-1.,-7.787331452228E-15));
#1707 = ORIENTED_EDGE('',*,*,#1708,.T.);
#1708 = EDGE_CURVE('',#1701,#1709,#1711,.T.);
#1709 = VERTEX_POINT('',#1710);
#1710 = CARTESIAN_POINT('',(4.117017401667,320.91217626792,
    122.06466093058));
#1711 = LINE('',#1712,#1713);
#1712 = CARTESIAN_POINT('',(4.117017401667,320.91217626792,
    116.01064942115));
#1713 = VECTOR('',#1714,1.);
#1714 = DIRECTION('',(-9.043271182401E-15,-7.787331452228E-15,1.));
#1715 = ORIENTED_EDGE('',*,*,#1716,.F.);
#1716 = EDGE_CURVE('',#1691,#1709,#1717,.T.);
#1717 = LINE('',#1718,#1719);
#1718 = CARTESIAN_POINT('',(4.117017401667,313.33186563196,
    122.06466093058));
#1719 = VECTOR('',#1720,1.);
#1720 = DIRECTION('',(2.447060044753E-30,-1.,-7.787331452228E-15));
#1721 = PLANE('',#1722);
#1722 = AXIS2_PLACEMENT_3D('',#1723,#1724,#1725);
#1723 = CARTESIAN_POINT('',(4.117017401667,305.75155499601,
    114.45663791173));
#1724 = DIRECTION('',(1.,-6.797589006498E-29,9.043271182401E-15));
#1725 = DIRECTION('',(-2.447060044753E-30,1.,7.787331452228E-15));
#1726 = ADVANCED_FACE('',(#1727),#1739,.T.);
#1727 = FACE_BOUND('',#1728,.T.);
#1728 = EDGE_LOOP('',(#1729,#1730,#1731,#1738));
#1729 = ORIENTED_EDGE('',*,*,#1655,.F.);
#1730 = ORIENTED_EDGE('',*,*,#1423,.F.);
#1731 = ORIENTED_EDGE('',*,*,#1732,.F.);
#1732 = EDGE_CURVE('',#1320,#1415,#1733,.T.);
#1733 = CIRCLE('',#1734,6.050153696983);
#1734 = AXIS2_PLACEMENT_3D('',#1735,#1736,#1737);
#1735 = CARTESIAN_POINT('',(9.201867024648E-02,330.75155499601,
    126.61481462757));
#1736 = DIRECTION('',(-2.366582715663E-30,1.,7.787331452228E-15));
#1737 = DIRECTION('',(0.797005194876,4.703333649595E-15,-0.603972449156)
  );
#1738 = ORIENTED_EDGE('',*,*,#1319,.F.);
#1739 = PLANE('',#1740);
#1740 = AXIS2_PLACEMENT_3D('',#1741,#1742,#1743);
#1741 = CARTESIAN_POINT('',(4.117017401667,330.75155499601,
    114.45663791173));
#1742 = DIRECTION('',(-2.447060044753E-30,1.,7.787331452228E-15));
#1743 = DIRECTION('',(-1.,6.776454302363E-29,-9.016131328055E-15));
#1744 = ADVANCED_FACE('',(#1745,#1765),#1799,.T.);
#1745 = FACE_BOUND('',#1746,.T.);
#1746 = EDGE_LOOP('',(#1747,#1748,#1749,#1750,#1758,#1764));
#1747 = ORIENTED_EDGE('',*,*,#1367,.F.);
#1748 = ORIENTED_EDGE('',*,*,#1535,.F.);
#1749 = ORIENTED_EDGE('',*,*,#79,.F.);
#1750 = ORIENTED_EDGE('',*,*,#1751,.F.);
#1751 = EDGE_CURVE('',#1752,#72,#1754,.T.);
#1752 = VERTEX_POINT('',#1753);
#1753 = CARTESIAN_POINT('',(-3.932980061174,318.07279753982,
    122.56466093058));
#1754 = LINE('',#1755,#1756);
#1755 = CARTESIAN_POINT('',(-3.932980061174,317.44048114916,
    121.93234453992));
#1756 = VECTOR('',#1757,1.);
#1757 = DIRECTION('',(6.394558377185E-15,-0.707106781187,-0.707106781187
    ));
#1758 = ORIENTED_EDGE('',*,*,#1759,.F.);
#1759 = EDGE_CURVE('',#1399,#1752,#1760,.T.);
#1760 = LINE('',#1761,#1762);
#1761 = CARTESIAN_POINT('',(-3.932980061174,330.75155499601,
    122.56466093058));
#1762 = VECTOR('',#1763,1.);
#1763 = DIRECTION('',(2.450771646032E-30,-1.,-7.787331452228E-15));
#1764 = ORIENTED_EDGE('',*,*,#1398,.F.);
#1765 = FACE_BOUND('',#1766,.T.);
#1766 = EDGE_LOOP('',(#1767,#1777,#1785,#1793));
#1767 = ORIENTED_EDGE('',*,*,#1768,.T.);
#1768 = EDGE_CURVE('',#1769,#1771,#1773,.T.);
#1769 = VERTEX_POINT('',#1770);
#1770 = CARTESIAN_POINT('',(-3.932980061174,320.91217626792,
    122.06466093058));
#1771 = VERTEX_POINT('',#1772);
#1772 = CARTESIAN_POINT('',(-3.932980061174,320.91217626792,
    118.56466093058));
#1773 = LINE('',#1774,#1775);
#1774 = CARTESIAN_POINT('',(-3.932980061174,320.91217626792,
    116.01064942115));
#1775 = VECTOR('',#1776,1.);
#1776 = DIRECTION('',(9.043271182401E-15,7.787331452228E-15,-1.));
#1777 = ORIENTED_EDGE('',*,*,#1778,.T.);
#1778 = EDGE_CURVE('',#1771,#1779,#1781,.T.);
#1779 = VERTEX_POINT('',#1780);
#1780 = CARTESIAN_POINT('',(-3.932980061174,325.91217626792,
    118.56466093058));
#1781 = LINE('',#1782,#1783);
#1782 = CARTESIAN_POINT('',(-3.932980061174,325.83186563196,
    118.56466093058));
#1783 = VECTOR('',#1784,1.);
#1784 = DIRECTION('',(-2.450771646032E-30,1.,7.787331452228E-15));
#1785 = ORIENTED_EDGE('',*,*,#1786,.T.);
#1786 = EDGE_CURVE('',#1779,#1787,#1789,.T.);
#1787 = VERTEX_POINT('',#1788);
#1788 = CARTESIAN_POINT('',(-3.932980061174,325.91217626792,
    122.06466093058));
#1789 = LINE('',#1790,#1791);
#1790 = CARTESIAN_POINT('',(-3.932980061174,325.91217626792,
    117.26064942115));
#1791 = VECTOR('',#1792,1.);
#1792 = DIRECTION('',(-9.043271182401E-15,-7.787331452228E-15,1.));
#1793 = ORIENTED_EDGE('',*,*,#1794,.F.);
#1794 = EDGE_CURVE('',#1769,#1787,#1795,.T.);
#1795 = LINE('',#1796,#1797);
#1796 = CARTESIAN_POINT('',(-3.932980061174,323.33186563196,
    122.06466093058));
#1797 = VECTOR('',#1798,1.);
#1798 = DIRECTION('',(-2.450771646032E-30,1.,7.787331452228E-15));
#1799 = PLANE('',#1800);
#1800 = AXIS2_PLACEMENT_3D('',#1801,#1802,#1803);
#1801 = CARTESIAN_POINT('',(-3.932980061174,325.75155499601,
    114.45663791173));
#1802 = DIRECTION('',(-1.,6.79721784637E-29,-9.043271182401E-15));
#1803 = DIRECTION('',(1.214028940695E-30,-1.,-7.650573117728E-15));
#1804 = ADVANCED_FACE('',(#1805),#1848,.T.);
#1805 = FACE_BOUND('',#1806,.T.);
#1806 = EDGE_LOOP('',(#1807,#1808,#1816,#1825,#1833,#1842));
#1807 = ORIENTED_EDGE('',*,*,#599,.T.);
#1808 = ORIENTED_EDGE('',*,*,#1809,.T.);
#1809 = EDGE_CURVE('',#592,#1810,#1812,.T.);
#1810 = VERTEX_POINT('',#1811);
#1811 = CARTESIAN_POINT('',(-3.694929215178,305.30457854461,
    114.83941535429));
#1812 = LINE('',#1813,#1814);
#1813 = CARTESIAN_POINT('',(-4.211038773193,304.92180110204,
    114.45663791173));
#1814 = VECTOR('',#1815,1.);
#1815 = DIRECTION('',(0.690046341558,0.511779272002,0.511779272002));
#1816 = ORIENTED_EDGE('',*,*,#1817,.T.);
#1817 = EDGE_CURVE('',#1810,#1818,#1820,.T.);
#1818 = VERTEX_POINT('',#1819);
#1819 = CARTESIAN_POINT('',(-3.688704425654,305.32180110204,
    114.85663791173));
#1820 = ELLIPSE('',#1821,5.656854249492,4.);
#1821 = AXIS2_PLACEMENT_3D('',#1822,#1823,#1824);
#1822 = CARTESIAN_POINT('',(7.000271925377E-02,303.9535465209,
    113.48838333058));
#1823 = DIRECTION('',(3.451647487216E-15,0.707106781187,-0.707106781187)
  );
#1824 = DIRECTION('',(1.505383853701E-14,0.707106781187,0.707106781187)
  );
#1825 = ORIENTED_EDGE('',*,*,#1826,.T.);
#1826 = EDGE_CURVE('',#1818,#1827,#1829,.T.);
#1827 = VERTEX_POINT('',#1828);
#1828 = CARTESIAN_POINT('',(-1.388722546578,305.32180110204,
    114.85663791173));
#1829 = LINE('',#1830,#1831);
#1830 = CARTESIAN_POINT('',(7.000271925375E-02,305.32180110204,
    114.85663791173));
#1831 = VECTOR('',#1832,1.);
#1832 = DIRECTION('',(1.,4.134764639103E-15,9.016131328055E-15));
#1833 = ORIENTED_EDGE('',*,*,#1834,.T.);
#1834 = EDGE_CURVE('',#1827,#1835,#1837,.T.);
#1835 = VERTEX_POINT('',#1836);
#1836 = CARTESIAN_POINT('',(-1.452312310413,305.2506806506,
    114.78551746029));
#1837 = ELLIPSE('',#1838,2.828427124746,2.);
#1838 = AXIS2_PLACEMENT_3D('',#1839,#1840,#1841);
#1839 = CARTESIAN_POINT('',(7.000271925398E-02,303.9535465209,
    113.48838333058));
#1840 = DIRECTION('',(-3.451647487216E-15,-0.707106781187,0.707106781187
    ));
#1841 = DIRECTION('',(-1.505383853701E-14,-0.707106781187,
    -0.707106781187));
#1842 = ORIENTED_EDGE('',*,*,#1843,.F.);
#1843 = EDGE_CURVE('',#600,#1835,#1844,.T.);
#1844 = LINE('',#1845,#1846);
#1845 = CARTESIAN_POINT('',(-1.27999244248,304.92180110204,
    114.45663791173));
#1846 = VECTOR('',#1847,1.);
#1847 = DIRECTION('',(-0.347417922255,0.66306138,0.66306138));
#1848 = PLANE('',#1849);
#1849 = AXIS2_PLACEMENT_3D('',#1850,#1851,#1852);
#1850 = CARTESIAN_POINT('',(7.000271925375E-02,305.12180110204,
    114.65663791173));
#1851 = DIRECTION('',(3.451647487216E-15,0.707106781187,-0.707106781187)
  );
#1852 = DIRECTION('',(-1.,3.07218075871E-14,2.584044089815E-14));
#1853 = ADVANCED_FACE('',(#1854),#1872,.T.);
#1854 = FACE_BOUND('',#1855,.T.);
#1855 = EDGE_LOOP('',(#1856,#1857,#1865,#1871));
#1856 = ORIENTED_EDGE('',*,*,#591,.T.);
#1857 = ORIENTED_EDGE('',*,*,#1858,.T.);
#1858 = EDGE_CURVE('',#582,#1859,#1861,.T.);
#1859 = VERTEX_POINT('',#1860);
#1860 = CARTESIAN_POINT('',(-3.694929215178,309.33902365948,
    114.83941535429));
#1861 = LINE('',#1862,#1863);
#1862 = CARTESIAN_POINT('',(-4.211038773193,309.72180110204,
    114.45663791173));
#1863 = VECTOR('',#1864,1.);
#1864 = DIRECTION('',(0.690046341558,-0.511779272002,0.511779272002));
#1865 = ORIENTED_EDGE('',*,*,#1866,.T.);
#1866 = EDGE_CURVE('',#1859,#1810,#1867,.T.);
#1867 = LINE('',#1868,#1869);
#1868 = CARTESIAN_POINT('',(-3.694929215178,305.32180110204,
    114.83941535429));
#1869 = VECTOR('',#1870,1.);
#1870 = DIRECTION('',(4.134764639104E-15,-1.,-1.278333506304E-14));
#1871 = ORIENTED_EDGE('',*,*,#1809,.F.);
#1872 = PLANE('',#1873);
#1873 = AXIS2_PLACEMENT_3D('',#1874,#1875,#1876);
#1874 = CARTESIAN_POINT('',(-3.952983994186,305.32180110204,
    114.64802663301));
#1875 = DIRECTION('',(0.595703829501,1.273072322887E-14,-0.803204175486)
  );
#1876 = DIRECTION('',(-1.087101638405E-14,1.,7.787331452228E-15));
#1877 = ADVANCED_FACE('',(#1878),#1914,.T.);
#1878 = FACE_BOUND('',#1879,.T.);
#1879 = EDGE_LOOP('',(#1880,#1890,#1897,#1898,#1899,#1907));
#1880 = ORIENTED_EDGE('',*,*,#1881,.T.);
#1881 = EDGE_CURVE('',#1882,#1884,#1886,.T.);
#1882 = VERTEX_POINT('',#1883);
#1883 = CARTESIAN_POINT('',(-1.388722546578,309.32180110204,
    114.85663791173));
#1884 = VERTEX_POINT('',#1885);
#1885 = CARTESIAN_POINT('',(-3.688704425654,309.32180110204,
    114.85663791173));
#1886 = LINE('',#1887,#1888);
#1887 = CARTESIAN_POINT('',(7.000271925374E-02,309.32180110204,
    114.85663791173));
#1888 = VECTOR('',#1889,1.);
#1889 = DIRECTION('',(-1.,-4.134764639103E-15,-9.016131328055E-15));
#1890 = ORIENTED_EDGE('',*,*,#1891,.T.);
#1891 = EDGE_CURVE('',#1884,#1859,#1892,.T.);
#1892 = ELLIPSE('',#1893,5.656854249492,4.);
#1893 = AXIS2_PLACEMENT_3D('',#1894,#1895,#1896);
#1894 = CARTESIAN_POINT('',(7.000271925374E-02,310.69005568319,
    113.48838333058));
#1895 = DIRECTION('',(9.299087717057E-15,-0.707106781187,-0.707106781187
    ));
#1896 = DIRECTION('',(2.090127876685E-14,-0.707106781187,0.707106781187)
  );
#1897 = ORIENTED_EDGE('',*,*,#1858,.F.);
#1898 = ORIENTED_EDGE('',*,*,#581,.T.);
#1899 = ORIENTED_EDGE('',*,*,#1900,.T.);
#1900 = EDGE_CURVE('',#584,#1901,#1903,.T.);
#1901 = VERTEX_POINT('',#1902);
#1902 = CARTESIAN_POINT('',(-1.452312310413,309.39292155348,
    114.78551746029));
#1903 = LINE('',#1904,#1905);
#1904 = CARTESIAN_POINT('',(-1.27999244248,309.72180110204,
    114.45663791173));
#1905 = VECTOR('',#1906,1.);
#1906 = DIRECTION('',(-0.347417922255,-0.66306138,0.66306138));
#1907 = ORIENTED_EDGE('',*,*,#1908,.T.);
#1908 = EDGE_CURVE('',#1901,#1882,#1909,.T.);
#1909 = ELLIPSE('',#1910,2.828427124746,2.);
#1910 = AXIS2_PLACEMENT_3D('',#1911,#1912,#1913);
#1911 = CARTESIAN_POINT('',(7.000271925396E-02,310.69005568319,
    113.48838333058));
#1912 = DIRECTION('',(-9.299087717057E-15,0.707106781187,0.707106781187)
  );
#1913 = DIRECTION('',(-2.090127876685E-14,0.707106781187,-0.707106781187
    ));
#1914 = PLANE('',#1915);
#1915 = AXIS2_PLACEMENT_3D('',#1916,#1917,#1918);
#1916 = CARTESIAN_POINT('',(7.000271925374E-02,309.52180110204,
    114.65663791173));
#1917 = DIRECTION('',(9.299087717057E-15,-0.707106781187,-0.707106781187
    ));
#1918 = DIRECTION('',(1.,3.899133686531E-14,-2.584044089815E-14));
#1919 = ADVANCED_FACE('',(#1920),#1931,.T.);
#1920 = FACE_BOUND('',#1921,.T.);
#1921 = EDGE_LOOP('',(#1922,#1928,#1929,#1930));
#1922 = ORIENTED_EDGE('',*,*,#1923,.T.);
#1923 = EDGE_CURVE('',#1835,#1901,#1924,.T.);
#1924 = LINE('',#1925,#1926);
#1925 = CARTESIAN_POINT('',(-1.452312310413,305.32180110204,
    114.78551746029));
#1926 = VECTOR('',#1927,1.);
#1927 = DIRECTION('',(-4.134764639104E-15,1.,1.278333506304E-14));
#1928 = ORIENTED_EDGE('',*,*,#1900,.F.);
#1929 = ORIENTED_EDGE('',*,*,#607,.T.);
#1930 = ORIENTED_EDGE('',*,*,#1843,.T.);
#1931 = PLANE('',#1932);
#1932 = AXIS2_PLACEMENT_3D('',#1933,#1934,#1935);
#1933 = CARTESIAN_POINT('',(-1.366152376447,305.32180110204,
    114.62107768601));
#1934 = DIRECTION('',(-0.885776588697,2.270419920835E-15,-0.464111877586
    ));
#1935 = DIRECTION('',(1.517056465472E-15,-1.,-7.787331452228E-15));
#1936 = ADVANCED_FACE('',(#1937),#1984,.F.);
#1937 = FACE_BOUND('',#1938,.F.);
#1938 = EDGE_LOOP('',(#1939,#1940,#1949,#1958,#1966,#1975,#1982,#1983));
#1939 = ORIENTED_EDGE('',*,*,#1817,.T.);
#1940 = ORIENTED_EDGE('',*,*,#1941,.F.);
#1941 = EDGE_CURVE('',#1942,#1818,#1944,.T.);
#1942 = VERTEX_POINT('',#1943);
#1943 = CARTESIAN_POINT('',(3.828709864161,305.32180110204,
    114.85663791173));
#1944 = CIRCLE('',#1945,4.);
#1945 = AXIS2_PLACEMENT_3D('',#1946,#1947,#1948);
#1946 = CARTESIAN_POINT('',(7.000271925377E-02,305.32180110204,
    113.48838333058));
#1947 = DIRECTION('',(4.134764639104E-15,-1.,-1.278333506304E-14));
#1948 = DIRECTION('',(2.542410726392E-14,-1.278333506304E-14,1.));
#1949 = ORIENTED_EDGE('',*,*,#1950,.T.);
#1950 = EDGE_CURVE('',#1942,#1951,#1953,.T.);
#1951 = VERTEX_POINT('',#1952);
#1952 = CARTESIAN_POINT('',(3.834934653686,305.30457854461,
    114.83941535429));
#1953 = ELLIPSE('',#1954,5.656854249492,4.);
#1954 = AXIS2_PLACEMENT_3D('',#1955,#1956,#1957);
#1955 = CARTESIAN_POINT('',(7.000271925377E-02,303.9535465209,
    113.48838333058));
#1956 = DIRECTION('',(3.451647487216E-15,0.707106781187,-0.707106781187)
  );
#1957 = DIRECTION('',(1.505383853701E-14,0.707106781187,0.707106781187)
  );
#1958 = ORIENTED_EDGE('',*,*,#1959,.T.);
#1959 = EDGE_CURVE('',#1951,#1960,#1962,.T.);
#1960 = VERTEX_POINT('',#1961);
#1961 = CARTESIAN_POINT('',(3.834934653686,309.33902365948,
    114.83941535429));
#1962 = LINE('',#1963,#1964);
#1963 = CARTESIAN_POINT('',(3.834934653686,305.32180110204,
    114.83941535429));
#1964 = VECTOR('',#1965,1.);
#1965 = DIRECTION('',(-4.134764639104E-15,1.,1.278333506304E-14));
#1966 = ORIENTED_EDGE('',*,*,#1967,.T.);
#1967 = EDGE_CURVE('',#1960,#1968,#1970,.T.);
#1968 = VERTEX_POINT('',#1969);
#1969 = CARTESIAN_POINT('',(3.828709864161,309.32180110204,
    114.85663791173));
#1970 = ELLIPSE('',#1971,5.656854249492,4.);
#1971 = AXIS2_PLACEMENT_3D('',#1972,#1973,#1974);
#1972 = CARTESIAN_POINT('',(7.000271925374E-02,310.69005568319,
    113.48838333058));
#1973 = DIRECTION('',(9.299087717057E-15,-0.707106781187,-0.707106781187
    ));
#1974 = DIRECTION('',(2.090127876685E-14,-0.707106781187,0.707106781187)
  );
#1975 = ORIENTED_EDGE('',*,*,#1976,.F.);
#1976 = EDGE_CURVE('',#1884,#1968,#1977,.T.);
#1977 = CIRCLE('',#1978,4.);
#1978 = AXIS2_PLACEMENT_3D('',#1979,#1980,#1981);
#1979 = CARTESIAN_POINT('',(7.000271925375E-02,309.32180110204,
    113.48838333058));
#1980 = DIRECTION('',(-4.134764639104E-15,1.,1.278333506304E-14));
#1981 = DIRECTION('',(2.542410726392E-14,-1.278333506304E-14,1.));
#1982 = ORIENTED_EDGE('',*,*,#1891,.T.);
#1983 = ORIENTED_EDGE('',*,*,#1866,.T.);
#1984 = CYLINDRICAL_SURFACE('',#1985,4.);
#1985 = AXIS2_PLACEMENT_3D('',#1986,#1987,#1988);
#1986 = CARTESIAN_POINT('',(7.000271925377E-02,305.32180110204,
    113.48838333058));
#1987 = DIRECTION('',(4.134764639104E-15,-1.,-1.278333506304E-14));
#1988 = DIRECTION('',(2.542410726392E-14,-1.278333506304E-14,1.));
#1989 = ADVANCED_FACE('',(#1990),#2009,.F.);
#1990 = FACE_BOUND('',#1991,.T.);
#1991 = EDGE_LOOP('',(#1992,#1993,#2002,#2008));
#1992 = ORIENTED_EDGE('',*,*,#1881,.F.);
#1993 = ORIENTED_EDGE('',*,*,#1994,.F.);
#1994 = EDGE_CURVE('',#1995,#1882,#1997,.T.);
#1995 = VERTEX_POINT('',#1996);
#1996 = CARTESIAN_POINT('',(1.528727985086,309.32180110204,
    114.85663791173));
#1997 = CIRCLE('',#1998,2.);
#1998 = AXIS2_PLACEMENT_3D('',#1999,#2000,#2001);
#1999 = CARTESIAN_POINT('',(7.000271925396E-02,309.32180110204,
    113.48838333058));
#2000 = DIRECTION('',(4.134764639104E-15,-1.,-1.278333506304E-14));
#2001 = DIRECTION('',(-1.,-4.134764639104E-15,2.542410726392E-14));
#2002 = ORIENTED_EDGE('',*,*,#2003,.F.);
#2003 = EDGE_CURVE('',#1968,#1995,#2004,.T.);
#2004 = LINE('',#2005,#2006);
#2005 = CARTESIAN_POINT('',(7.000271925374E-02,309.32180110204,
    114.85663791173));
#2006 = VECTOR('',#2007,1.);
#2007 = DIRECTION('',(-1.,-4.134764639103E-15,-9.016131328055E-15));
#2008 = ORIENTED_EDGE('',*,*,#1976,.F.);
#2009 = PLANE('',#2010);
#2010 = AXIS2_PLACEMENT_3D('',#2011,#2012,#2013);
#2011 = CARTESIAN_POINT('',(7.000271925375E-02,309.32180110204,
    113.48838333058));
#2012 = DIRECTION('',(-4.134764639104E-15,1.,1.278333506304E-14));
#2013 = DIRECTION('',(-2.542410726392E-14,1.278333506304E-14,-1.));
#2014 = ADVANCED_FACE('',(#2015),#2034,.F.);
#2015 = FACE_BOUND('',#2016,.F.);
#2016 = EDGE_LOOP('',(#2017,#2025,#2026,#2027));
#2017 = ORIENTED_EDGE('',*,*,#2018,.T.);
#2018 = EDGE_CURVE('',#2019,#616,#2021,.T.);
#2019 = VERTEX_POINT('',#2020);
#2020 = CARTESIAN_POINT('',(-20.1379952209,295.28180103208,
    114.85663788579));
#2021 = LINE('',#2022,#2023);
#2022 = CARTESIAN_POINT('',(-19.93799523387,295.28180103208,
    114.65663789876));
#2023 = VECTOR('',#2024,1.);
#2024 = DIRECTION('',(0.707106781187,5.419879271594E-15,-0.707106781187)
  );
#2025 = ORIENTED_EDGE('',*,*,#615,.F.);
#2026 = ORIENTED_EDGE('',*,*,#2018,.F.);
#2027 = ORIENTED_EDGE('',*,*,#2028,.F.);
#2028 = EDGE_CURVE('',#2019,#2019,#2029,.T.);
#2029 = CIRCLE('',#2030,1.7);
#2030 = AXIS2_PLACEMENT_3D('',#2031,#2032,#2033);
#2031 = CARTESIAN_POINT('',(-21.8379952209,295.28180103208,
    114.85663788579));
#2032 = DIRECTION('',(-9.016131328055E-15,-7.787331452228E-15,1.));
#2033 = DIRECTION('',(-1.,6.776454302363E-29,-9.016131328055E-15));
#2034 = CONICAL_SURFACE('',#2035,1.899999987031,0.785398163397);
#2035 = AXIS2_PLACEMENT_3D('',#2036,#2037,#2038);
#2036 = CARTESIAN_POINT('',(-21.8379952209,295.28180103208,
    114.65663789876));
#2037 = DIRECTION('',(7.466252000459E-15,7.787331452228E-15,-1.));
#2038 = DIRECTION('',(-1.,5.569511898868E-29,-7.466252000459E-15));
#2039 = ADVANCED_FACE('',(#2040),#2059,.F.);
#2040 = FACE_BOUND('',#2041,.F.);
#2041 = EDGE_LOOP('',(#2042,#2050,#2057,#2058));
#2042 = ORIENTED_EDGE('',*,*,#2043,.T.);
#2043 = EDGE_CURVE('',#2019,#2044,#2046,.T.);
#2044 = VERTEX_POINT('',#2045);
#2045 = CARTESIAN_POINT('',(-20.13799572074,295.28180103208,
    122.56466093058));
#2046 = LINE('',#2047,#2048);
#2047 = CARTESIAN_POINT('',(-20.1379949052,295.28180103208,
    109.98838302073));
#2048 = VECTOR('',#2049,1.);
#2049 = DIRECTION('',(-6.484749526227E-08,-7.787331452228E-15,1.));
#2050 = ORIENTED_EDGE('',*,*,#2051,.F.);
#2051 = EDGE_CURVE('',#2044,#2044,#2052,.T.);
#2052 = CIRCLE('',#2053,1.7);
#2053 = AXIS2_PLACEMENT_3D('',#2054,#2055,#2056);
#2054 = CARTESIAN_POINT('',(-21.83799572074,295.28180103208,
    122.56466093058));
#2055 = DIRECTION('',(1.418309913959E-14,-7.253036621627E-15,1.));
#2056 = DIRECTION('',(-1.,-1.128955540666E-28,1.418309913959E-14));
#2057 = ORIENTED_EDGE('',*,*,#2043,.F.);
#2058 = ORIENTED_EDGE('',*,*,#2028,.T.);
#2059 = CYLINDRICAL_SURFACE('',#2060,1.7);
#2060 = AXIS2_PLACEMENT_3D('',#2061,#2062,#2063);
#2061 = CARTESIAN_POINT('',(-21.8379949052,295.28180103208,
    109.98838291049));
#2062 = DIRECTION('',(-6.484749526227E-08,-7.787331452228E-15,1.));
#2063 = DIRECTION('',(-1.,5.04988937007E-22,-6.484749526227E-08));
#2064 = ADVANCED_FACE('',(#2065),#2083,.T.);
#2065 = FACE_BOUND('',#2066,.T.);
#2066 = EDGE_LOOP('',(#2067,#2068,#2069,#2077));
#2067 = ORIENTED_EDGE('',*,*,#546,.T.);
#2068 = ORIENTED_EDGE('',*,*,#1611,.T.);
#2069 = ORIENTED_EDGE('',*,*,#2070,.T.);
#2070 = EDGE_CURVE('',#1604,#2071,#2073,.T.);
#2071 = VERTEX_POINT('',#2072);
#2072 = CARTESIAN_POINT('',(25.76733184132,297.32180110204,
    114.85663791173));
#2073 = LINE('',#2074,#2075);
#2074 = CARTESIAN_POINT('',(17.513030236088,305.57610270727,
    114.85663791173));
#2075 = VECTOR('',#2076,1.);
#2076 = DIRECTION('',(0.707106781187,-0.707106781187,8.688927249188E-16)
  );
#2077 = ORIENTED_EDGE('',*,*,#2078,.T.);
#2078 = EDGE_CURVE('',#2071,#547,#2079,.T.);
#2079 = LINE('',#2080,#2081);
#2080 = CARTESIAN_POINT('',(25.76733184132,297.32180110204,
    114.85663791173));
#2081 = VECTOR('',#2082,1.);
#2082 = DIRECTION('',(-0.678598344546,-0.281084637715,-0.678598344546));
#2083 = PLANE('',#2084);
#2084 = AXIS2_PLACEMENT_3D('',#2085,#2086,#2087);
#2085 = CARTESIAN_POINT('',(17.371608879851,305.43468135104,
    114.65663791173));
#2086 = DIRECTION('',(0.5,0.5,-0.707106781187));
#2087 = DIRECTION('',(-0.707106781187,0.707106781187,2.328692794151E-14)
  );
#2088 = ADVANCED_FACE('',(#2089),#2107,.T.);
#2089 = FACE_BOUND('',#2090,.T.);
#2090 = EDGE_LOOP('',(#2091,#2099,#2105,#2106));
#2091 = ORIENTED_EDGE('',*,*,#2092,.T.);
#2092 = EDGE_CURVE('',#930,#2093,#2095,.T.);
#2093 = VERTEX_POINT('',#2094);
#2094 = CARTESIAN_POINT('',(-25.62732640281,297.32180110204,
    114.85663791173));
#2095 = LINE('',#2096,#2097);
#2096 = CARTESIAN_POINT('',(-25.62732640281,296.48173975147,
    114.85663791173));
#2097 = VECTOR('',#2098,1.);
#2098 = DIRECTION('',(-2.447060044753E-30,1.,7.787331452228E-15));
#2099 = ORIENTED_EDGE('',*,*,#2100,.T.);
#2100 = EDGE_CURVE('',#2093,#475,#2101,.T.);
#2101 = LINE('',#2102,#2103);
#2102 = CARTESIAN_POINT('',(-25.62732640281,297.32180110204,
    114.85663791173));
#2103 = VECTOR('',#2104,1.);
#2104 = DIRECTION('',(0.678598344546,-0.281084637715,-0.678598344546));
#2105 = ORIENTED_EDGE('',*,*,#474,.T.);
#2106 = ORIENTED_EDGE('',*,*,#937,.T.);
#2107 = PLANE('',#2108);
#2108 = AXIS2_PLACEMENT_3D('',#2109,#2110,#2111);
#2109 = CARTESIAN_POINT('',(-25.42732640281,296.48173975147,
    114.65663791173));
#2110 = DIRECTION('',(-0.707106781187,5.506474877217E-15,-0.707106781187
    ));
#2111 = DIRECTION('',(-1.577721810442E-30,-1.,-7.787331452228E-15));
#2112 = ADVANCED_FACE('',(#2113),#2124,.T.);
#2113 = FACE_BOUND('',#2114,.T.);
#2114 = EDGE_LOOP('',(#2115,#2121,#2122,#2123));
#2115 = ORIENTED_EDGE('',*,*,#2116,.T.);
#2116 = EDGE_CURVE('',#2093,#1629,#2117,.T.);
#2117 = LINE('',#2118,#2119);
#2118 = CARTESIAN_POINT('',(-17.37302479758,305.57610270727,
    114.85663791173));
#2119 = VECTOR('',#2120,1.);
#2120 = DIRECTION('',(0.707106781187,0.707106781187,1.188184247935E-14)
  );
#2121 = ORIENTED_EDGE('',*,*,#1628,.T.);
#2122 = ORIENTED_EDGE('',*,*,#482,.T.);
#2123 = ORIENTED_EDGE('',*,*,#2100,.F.);
#2124 = PLANE('',#2125);
#2125 = AXIS2_PLACEMENT_3D('',#2126,#2127,#2128);
#2126 = CARTESIAN_POINT('',(-17.23160344134,305.43468135104,
    114.65663791173));
#2127 = DIRECTION('',(-0.5,0.5,-0.707106781187));
#2128 = DIRECTION('',(-0.707106781187,-0.707106781187,1.315614284181E-14
    ));
#2129 = ADVANCED_FACE('',(#2130),#2141,.T.);
#2130 = FACE_BOUND('',#2131,.T.);
#2131 = EDGE_LOOP('',(#2132,#2133,#2134,#2140));
#2132 = ORIENTED_EDGE('',*,*,#554,.T.);
#2133 = ORIENTED_EDGE('',*,*,#2078,.F.);
#2134 = ORIENTED_EDGE('',*,*,#2135,.T.);
#2135 = EDGE_CURVE('',#2071,#354,#2136,.T.);
#2136 = LINE('',#2137,#2138);
#2137 = CARTESIAN_POINT('',(25.76733184132,296.48173975147,
    114.85663791173));
#2138 = VECTOR('',#2139,1.);
#2139 = DIRECTION('',(2.447060044753E-30,-1.,-7.787331452228E-15));
#2140 = ORIENTED_EDGE('',*,*,#779,.F.);
#2141 = PLANE('',#2142);
#2142 = AXIS2_PLACEMENT_3D('',#2143,#2144,#2145);
#2143 = CARTESIAN_POINT('',(25.56733184132,296.48173975147,
    114.65663791173));
#2144 = DIRECTION('',(0.707106781187,5.506474877217E-15,-0.707106781187)
  );
#2145 = DIRECTION('',(-2.366582715663E-30,1.,7.787331452228E-15));
#2146 = ADVANCED_FACE('',(#2147),#2158,.F.);
#2147 = FACE_BOUND('',#2148,.T.);
#2148 = EDGE_LOOP('',(#2149,#2150,#2156,#2157));
#2149 = ORIENTED_EDGE('',*,*,#2135,.F.);
#2150 = ORIENTED_EDGE('',*,*,#2151,.F.);
#2151 = EDGE_CURVE('',#32,#2071,#2152,.T.);
#2152 = LINE('',#2153,#2154);
#2153 = CARTESIAN_POINT('',(25.76733184132,297.32180110204,
    112.92041242888));
#2154 = VECTOR('',#2155,1.);
#2155 = DIRECTION('',(9.686695889854E-15,7.782900705204E-15,-1.));
#2156 = ORIENTED_EDGE('',*,*,#31,.F.);
#2157 = ORIENTED_EDGE('',*,*,#361,.T.);
#2158 = PLANE('',#2159);
#2159 = AXIS2_PLACEMENT_3D('',#2160,#2161,#2162);
#2160 = CARTESIAN_POINT('',(25.76733184132,290.32180110204,
    114.22251041794));
#2161 = DIRECTION('',(-1.,7.298645152648E-29,-9.686695889854E-15));
#2162 = DIRECTION('',(2.447060044753E-30,-1.,-7.787331452228E-15));
#2163 = ADVANCED_FACE('',(#2164),#2175,.F.);
#2164 = FACE_BOUND('',#2165,.T.);
#2165 = EDGE_LOOP('',(#2166,#2167,#2173,#2174));
#2166 = ORIENTED_EDGE('',*,*,#2070,.F.);
#2167 = ORIENTED_EDGE('',*,*,#2168,.F.);
#2168 = EDGE_CURVE('',#40,#1604,#2169,.T.);
#2169 = LINE('',#2170,#2171);
#2170 = CARTESIAN_POINT('',(22.76733184132,300.32180110204,
    111.61831443983));
#2171 = VECTOR('',#2172,1.);
#2172 = DIRECTION('',(9.68226514283E-15,7.787331452228E-15,-1.));
#2173 = ORIENTED_EDGE('',*,*,#39,.F.);
#2174 = ORIENTED_EDGE('',*,*,#2151,.T.);
#2175 = PLANE('',#2176);
#2176 = AXIS2_PLACEMENT_3D('',#2177,#2178,#2179);
#2177 = CARTESIAN_POINT('',(24.76733184132,298.32180110204,
    111.61831443983));
#2178 = DIRECTION('',(-0.707106781187,-0.707106781187,
    -1.235287021696E-14));
#2179 = DIRECTION('',(0.707106781187,-0.707106781187,8.688927249188E-16)
  );
#2180 = ADVANCED_FACE('',(#2181),#2188,.F.);
#2181 = FACE_BOUND('',#2182,.T.);
#2182 = EDGE_LOOP('',(#2183,#2184,#2185,#2186,#2187));
#2183 = ORIENTED_EDGE('',*,*,#1603,.T.);
#2184 = ORIENTED_EDGE('',*,*,#1567,.T.);
#2185 = ORIENTED_EDGE('',*,*,#1589,.T.);
#2186 = ORIENTED_EDGE('',*,*,#47,.T.);
#2187 = ORIENTED_EDGE('',*,*,#2168,.T.);
#2188 = PLANE('',#2189);
#2189 = AXIS2_PLACEMENT_3D('',#2190,#2191,#2192);
#2190 = CARTESIAN_POINT('',(7.000271925336E-02,300.32180110204,
    109.01411846172));
#2191 = DIRECTION('',(2.447060044753E-30,-1.,-7.787331452228E-15));
#2192 = DIRECTION('',(1.,-6.776454302363E-29,9.016131328055E-15));
#2193 = ADVANCED_FACE('',(#2194),#2227,.T.);
#2194 = FACE_BOUND('',#2195,.T.);
#2195 = EDGE_LOOP('',(#2196,#2197,#2205,#2214,#2220,#2221));
#2196 = ORIENTED_EDGE('',*,*,#644,.T.);
#2197 = ORIENTED_EDGE('',*,*,#2198,.T.);
#2198 = EDGE_CURVE('',#637,#2199,#2201,.T.);
#2199 = VERTEX_POINT('',#2200);
#2200 = CARTESIAN_POINT('',(1.592317748921,305.2506806506,
    114.78551746029));
#2201 = LINE('',#2202,#2203);
#2202 = CARTESIAN_POINT('',(1.419997880988,304.92180110204,
    114.45663791173));
#2203 = VECTOR('',#2204,1.);
#2204 = DIRECTION('',(0.347417922255,0.66306138,0.66306138));
#2205 = ORIENTED_EDGE('',*,*,#2206,.T.);
#2206 = EDGE_CURVE('',#2199,#2207,#2209,.T.);
#2207 = VERTEX_POINT('',#2208);
#2208 = CARTESIAN_POINT('',(1.528727985086,305.32180110204,
    114.85663791173));
#2209 = ELLIPSE('',#2210,2.828427124746,2.);
#2210 = AXIS2_PLACEMENT_3D('',#2211,#2212,#2213);
#2211 = CARTESIAN_POINT('',(7.000271925398E-02,303.9535465209,
    113.48838333058));
#2212 = DIRECTION('',(-3.451647487216E-15,-0.707106781187,0.707106781187
    ));
#2213 = DIRECTION('',(-1.505383853701E-14,-0.707106781187,
    -0.707106781187));
#2214 = ORIENTED_EDGE('',*,*,#2215,.T.);
#2215 = EDGE_CURVE('',#2207,#1942,#2216,.T.);
#2216 = LINE('',#2217,#2218);
#2217 = CARTESIAN_POINT('',(7.000271925375E-02,305.32180110204,
    114.85663791173));
#2218 = VECTOR('',#2219,1.);
#2219 = DIRECTION('',(1.,4.134764639103E-15,9.016131328055E-15));
#2220 = ORIENTED_EDGE('',*,*,#1950,.T.);
#2221 = ORIENTED_EDGE('',*,*,#2222,.F.);
#2222 = EDGE_CURVE('',#645,#1951,#2223,.T.);
#2223 = LINE('',#2224,#2225);
#2224 = CARTESIAN_POINT('',(4.3510442117,304.92180110204,114.45663791173
    ));
#2225 = VECTOR('',#2226,1.);
#2226 = DIRECTION('',(-0.690046341558,0.511779272002,0.511779272002));
#2227 = PLANE('',#2228);
#2228 = AXIS2_PLACEMENT_3D('',#2229,#2230,#2231);
#2229 = CARTESIAN_POINT('',(7.000271925375E-02,305.12180110204,
    114.65663791173));
#2230 = DIRECTION('',(3.451647487216E-15,0.707106781187,-0.707106781187)
  );
#2231 = DIRECTION('',(-1.,3.07218075871E-14,2.584044089815E-14));
#2232 = ADVANCED_FACE('',(#2233),#2251,.T.);
#2233 = FACE_BOUND('',#2234,.T.);
#2234 = EDGE_LOOP('',(#2235,#2243,#2244,#2245));
#2235 = ORIENTED_EDGE('',*,*,#2236,.T.);
#2236 = EDGE_CURVE('',#2237,#2199,#2239,.T.);
#2237 = VERTEX_POINT('',#2238);
#2238 = CARTESIAN_POINT('',(1.592317748921,309.39292155348,
    114.78551746029));
#2239 = LINE('',#2240,#2241);
#2240 = CARTESIAN_POINT('',(1.592317748921,305.32180110204,
    114.78551746029));
#2241 = VECTOR('',#2242,1.);
#2242 = DIRECTION('',(4.134764639104E-15,-1.,-1.278333506304E-14));
#2243 = ORIENTED_EDGE('',*,*,#2198,.F.);
#2244 = ORIENTED_EDGE('',*,*,#636,.T.);
#2245 = ORIENTED_EDGE('',*,*,#2246,.T.);
#2246 = EDGE_CURVE('',#627,#2237,#2247,.T.);
#2247 = LINE('',#2248,#2249);
#2248 = CARTESIAN_POINT('',(1.419997880988,309.72180110204,
    114.45663791173));
#2249 = VECTOR('',#2250,1.);
#2250 = DIRECTION('',(0.347417922255,-0.66306138,0.66306138));
#2251 = PLANE('',#2252);
#2252 = AXIS2_PLACEMENT_3D('',#2253,#2254,#2255);
#2253 = CARTESIAN_POINT('',(1.506157814955,305.32180110204,
    114.62107768601));
#2254 = DIRECTION('',(0.885776588697,7.27667073877E-15,-0.464111877586)
  );
#2255 = DIRECTION('',(-4.134764639103E-15,1.,7.787331452228E-15));
#2256 = ADVANCED_FACE('',(#2257),#2276,.T.);
#2257 = FACE_BOUND('',#2258,.T.);
#2258 = EDGE_LOOP('',(#2259,#2260,#2267,#2268,#2269,#2275));
#2259 = ORIENTED_EDGE('',*,*,#2003,.T.);
#2260 = ORIENTED_EDGE('',*,*,#2261,.T.);
#2261 = EDGE_CURVE('',#1995,#2237,#2262,.T.);
#2262 = ELLIPSE('',#2263,2.828427124746,2.);
#2263 = AXIS2_PLACEMENT_3D('',#2264,#2265,#2266);
#2264 = CARTESIAN_POINT('',(7.000271925396E-02,310.69005568319,
    113.48838333058));
#2265 = DIRECTION('',(-9.299087717057E-15,0.707106781187,0.707106781187)
  );
#2266 = DIRECTION('',(-2.090127876685E-14,0.707106781187,-0.707106781187
    ));
#2267 = ORIENTED_EDGE('',*,*,#2246,.F.);
#2268 = ORIENTED_EDGE('',*,*,#626,.T.);
#2269 = ORIENTED_EDGE('',*,*,#2270,.T.);
#2270 = EDGE_CURVE('',#629,#1960,#2271,.T.);
#2271 = LINE('',#2272,#2273);
#2272 = CARTESIAN_POINT('',(4.3510442117,309.72180110204,114.45663791173
    ));
#2273 = VECTOR('',#2274,1.);
#2274 = DIRECTION('',(-0.690046341558,-0.511779272002,0.511779272002));
#2275 = ORIENTED_EDGE('',*,*,#1967,.T.);
#2276 = PLANE('',#2277);
#2277 = AXIS2_PLACEMENT_3D('',#2278,#2279,#2280);
#2278 = CARTESIAN_POINT('',(7.000271925374E-02,309.52180110204,
    114.65663791173));
#2279 = DIRECTION('',(9.299087717057E-15,-0.707106781187,-0.707106781187
    ));
#2280 = DIRECTION('',(1.,3.899133686531E-14,-2.584044089815E-14));
#2281 = ADVANCED_FACE('',(#2282),#2288,.T.);
#2282 = FACE_BOUND('',#2283,.T.);
#2283 = EDGE_LOOP('',(#2284,#2285,#2286,#2287));
#2284 = ORIENTED_EDGE('',*,*,#1959,.T.);
#2285 = ORIENTED_EDGE('',*,*,#2270,.F.);
#2286 = ORIENTED_EDGE('',*,*,#652,.T.);
#2287 = ORIENTED_EDGE('',*,*,#2222,.T.);
#2288 = PLANE('',#2289);
#2289 = AXIS2_PLACEMENT_3D('',#2290,#2291,#2292);
#2290 = CARTESIAN_POINT('',(4.092989432693,305.32180110204,
    114.64802663301));
#2291 = DIRECTION('',(-0.595703829501,3.791722008724E-15,-0.803204175486
    ));
#2292 = DIRECTION('',(4.134764639104E-15,-1.,-7.787331452228E-15));
#2293 = ADVANCED_FACE('',(#2294),#2306,.F.);
#2294 = FACE_BOUND('',#2295,.T.);
#2295 = EDGE_LOOP('',(#2296,#2297,#2298,#2299));
#2296 = ORIENTED_EDGE('',*,*,#1826,.F.);
#2297 = ORIENTED_EDGE('',*,*,#1941,.F.);
#2298 = ORIENTED_EDGE('',*,*,#2215,.F.);
#2299 = ORIENTED_EDGE('',*,*,#2300,.F.);
#2300 = EDGE_CURVE('',#1827,#2207,#2301,.T.);
#2301 = CIRCLE('',#2302,2.);
#2302 = AXIS2_PLACEMENT_3D('',#2303,#2304,#2305);
#2303 = CARTESIAN_POINT('',(7.000271925398E-02,305.32180110204,
    113.48838333058));
#2304 = DIRECTION('',(-4.134764639104E-15,1.,1.278333506304E-14));
#2305 = DIRECTION('',(-1.,-4.134764639104E-15,2.542410726392E-14));
#2306 = PLANE('',#2307);
#2307 = AXIS2_PLACEMENT_3D('',#2308,#2309,#2310);
#2308 = CARTESIAN_POINT('',(7.000271925377E-02,305.32180110204,
    113.48838333058));
#2309 = DIRECTION('',(4.134764639104E-15,-1.,-1.278333506304E-14));
#2310 = DIRECTION('',(2.542410726392E-14,-1.278333506304E-14,1.));
#2311 = ADVANCED_FACE('',(#2312),#2322,.T.);
#2312 = FACE_BOUND('',#2313,.T.);
#2313 = EDGE_LOOP('',(#2314,#2315,#2316,#2317,#2318,#2319,#2320,#2321));
#2314 = ORIENTED_EDGE('',*,*,#1923,.F.);
#2315 = ORIENTED_EDGE('',*,*,#1834,.F.);
#2316 = ORIENTED_EDGE('',*,*,#2300,.T.);
#2317 = ORIENTED_EDGE('',*,*,#2206,.F.);
#2318 = ORIENTED_EDGE('',*,*,#2236,.F.);
#2319 = ORIENTED_EDGE('',*,*,#2261,.F.);
#2320 = ORIENTED_EDGE('',*,*,#1994,.T.);
#2321 = ORIENTED_EDGE('',*,*,#1908,.F.);
#2322 = CYLINDRICAL_SURFACE('',#2323,2.);
#2323 = AXIS2_PLACEMENT_3D('',#2324,#2325,#2326);
#2324 = CARTESIAN_POINT('',(7.000271925398E-02,305.32180110204,
    113.48838333058));
#2325 = DIRECTION('',(4.134764639104E-15,-1.,-1.278333506304E-14));
#2326 = DIRECTION('',(-1.,-4.134764639104E-15,2.542410726392E-14));
#2327 = ADVANCED_FACE('',(#2328),#2353,.T.);
#2328 = FACE_BOUND('',#2329,.T.);
#2329 = EDGE_LOOP('',(#2330,#2331,#2339,#2347));
#2330 = ORIENTED_EDGE('',*,*,#241,.F.);
#2331 = ORIENTED_EDGE('',*,*,#2332,.T.);
#2332 = EDGE_CURVE('',#234,#2333,#2335,.T.);
#2333 = VERTEX_POINT('',#2334);
#2334 = CARTESIAN_POINT('',(19.125254133305,295.28180103208,
    122.56466093058));
#2335 = LINE('',#2336,#2337);
#2336 = CARTESIAN_POINT('',(19.125254133305,295.28180103208,
    118.45663791173));
#2337 = VECTOR('',#2338,1.);
#2338 = DIRECTION('',(2.248201624866E-15,-6.718741791026E-15,1.));
#2339 = ORIENTED_EDGE('',*,*,#2340,.F.);
#2340 = EDGE_CURVE('',#2341,#2333,#2343,.T.);
#2341 = VERTEX_POINT('',#2342);
#2342 = CARTESIAN_POINT('',(20.568629806279,297.78180103208,
    122.56466093058));
#2343 = LINE('',#2344,#2345);
#2344 = CARTESIAN_POINT('',(19.846937187771,296.53179274938,
    122.56466093058));
#2345 = VECTOR('',#2346,1.);
#2346 = DIRECTION('',(-0.5,-0.866025403784,6.714577228072E-16));
#2347 = ORIENTED_EDGE('',*,*,#2348,.F.);
#2348 = EDGE_CURVE('',#242,#2341,#2349,.T.);
#2349 = LINE('',#2350,#2351);
#2350 = CARTESIAN_POINT('',(20.568629806279,297.78180103208,
    118.45663791173));
#2351 = VECTOR('',#2352,1.);
#2352 = DIRECTION('',(2.248201624866E-15,-6.718741791026E-15,1.));
#2353 = PLANE('',#2354);
#2354 = AXIS2_PLACEMENT_3D('',#2355,#2356,#2357);
#2355 = CARTESIAN_POINT('',(19.846932405751,296.53178446667,
    118.45663791173));
#2356 = DIRECTION('',(-0.866025403784,0.5,5.306370615476E-15));
#2357 = DIRECTION('',(-0.5,-0.866025403784,-4.694500260064E-15));
#2358 = ADVANCED_FACE('',(#2359),#2377,.T.);
#2359 = FACE_BOUND('',#2360,.T.);
#2360 = EDGE_LOOP('',(#2361,#2362,#2370,#2376));
#2361 = ORIENTED_EDGE('',*,*,#2348,.T.);
#2362 = ORIENTED_EDGE('',*,*,#2363,.F.);
#2363 = EDGE_CURVE('',#2364,#2341,#2366,.T.);
#2364 = VERTEX_POINT('',#2365);
#2365 = CARTESIAN_POINT('',(23.455381152227,297.78180103208,
    122.56466093058));
#2366 = LINE('',#2367,#2368);
#2367 = CARTESIAN_POINT('',(22.73369331574,297.78180103208,
    122.56466093058));
#2368 = VECTOR('',#2369,1.);
#2369 = DIRECTION('',(-1.,7.840950111414E-16,1.390554338343E-14));
#2370 = ORIENTED_EDGE('',*,*,#2371,.F.);
#2371 = EDGE_CURVE('',#250,#2364,#2372,.T.);
#2372 = LINE('',#2373,#2374);
#2373 = CARTESIAN_POINT('',(23.455381152227,297.78180103208,
    118.45663791173));
#2374 = VECTOR('',#2375,1.);
#2375 = DIRECTION('',(2.248201624866E-15,-6.718741791026E-15,1.));
#2376 = ORIENTED_EDGE('',*,*,#249,.F.);
#2377 = PLANE('',#2378);
#2378 = AXIS2_PLACEMENT_3D('',#2379,#2380,#2381);
#2379 = CARTESIAN_POINT('',(23.455381152227,297.78180103208,
    118.45663791173));
#2380 = DIRECTION('',(7.840950111415E-16,1.,6.718741791026E-15));
#2381 = DIRECTION('',(-1.,7.840950111415E-16,2.248201624866E-15));
#2382 = ADVANCED_FACE('',(#2383),#2401,.T.);
#2383 = FACE_BOUND('',#2384,.T.);
#2384 = EDGE_LOOP('',(#2385,#2393,#2394,#2395));
#2385 = ORIENTED_EDGE('',*,*,#2386,.F.);
#2386 = EDGE_CURVE('',#2333,#2387,#2389,.T.);
#2387 = VERTEX_POINT('',#2388);
#2388 = CARTESIAN_POINT('',(20.568629806279,292.78180103208,
    122.56466093058));
#2389 = LINE('',#2390,#2391);
#2390 = CARTESIAN_POINT('',(19.486098051548,294.65680103208,
    122.56466093058));
#2391 = VECTOR('',#2392,1.);
#2392 = DIRECTION('',(0.5,-0.866025403784,-1.323408566062E-14));
#2393 = ORIENTED_EDGE('',*,*,#2332,.F.);
#2394 = ORIENTED_EDGE('',*,*,#233,.F.);
#2395 = ORIENTED_EDGE('',*,*,#2396,.T.);
#2396 = EDGE_CURVE('',#226,#2387,#2397,.T.);
#2397 = LINE('',#2398,#2399);
#2398 = CARTESIAN_POINT('',(20.568629806279,292.78180103208,
    118.45663791173));
#2399 = VECTOR('',#2400,1.);
#2400 = DIRECTION('',(2.248201624866E-15,-6.718741791026E-15,1.));
#2401 = PLANE('',#2402);
#2402 = AXIS2_PLACEMENT_3D('',#2403,#2404,#2405);
#2403 = CARTESIAN_POINT('',(19.125254133305,295.28180103208,
    118.45663791173));
#2404 = DIRECTION('',(-0.866025403784,-0.5,-1.41237117555E-15));
#2405 = DIRECTION('',(0.5,-0.866025403784,-6.94270188493E-15));
#2406 = ADVANCED_FACE('',(#2407),#2425,.T.);
#2407 = FACE_BOUND('',#2408,.T.);
#2408 = EDGE_LOOP('',(#2409,#2417,#2423,#2424));
#2409 = ORIENTED_EDGE('',*,*,#2410,.F.);
#2410 = EDGE_CURVE('',#2411,#2364,#2413,.T.);
#2411 = VERTEX_POINT('',#2412);
#2412 = CARTESIAN_POINT('',(24.898756825201,295.28180103208,
    122.56466093058));
#2413 = LINE('',#2414,#2415);
#2414 = CARTESIAN_POINT('',(24.537912906958,295.90680103208,
    122.56466093058));
#2415 = VECTOR('',#2416,1.);
#2416 = DIRECTION('',(-0.5,0.866025403784,1.323408566062E-14));
#2417 = ORIENTED_EDGE('',*,*,#2418,.F.);
#2418 = EDGE_CURVE('',#216,#2411,#2419,.T.);
#2419 = LINE('',#2420,#2421);
#2420 = CARTESIAN_POINT('',(24.898756825201,295.28180103208,
    118.45663791173));
#2421 = VECTOR('',#2422,1.);
#2422 = DIRECTION('',(2.248201624866E-15,-6.718741791026E-15,1.));
#2423 = ORIENTED_EDGE('',*,*,#257,.F.);
#2424 = ORIENTED_EDGE('',*,*,#2371,.T.);
#2425 = PLANE('',#2426);
#2426 = AXIS2_PLACEMENT_3D('',#2427,#2428,#2429);
#2427 = CARTESIAN_POINT('',(24.898756825201,295.28180103208,
    118.45663791173));
#2428 = DIRECTION('',(0.866025403784,0.5,1.41237117555E-15));
#2429 = DIRECTION('',(-0.5,0.866025403784,6.94270188493E-15));
#2430 = ADVANCED_FACE('',(#2431),#2449,.T.);
#2431 = FACE_BOUND('',#2432,.T.);
#2432 = EDGE_LOOP('',(#2433,#2441,#2447,#2448));
#2433 = ORIENTED_EDGE('',*,*,#2434,.F.);
#2434 = EDGE_CURVE('',#2435,#2411,#2437,.T.);
#2435 = VERTEX_POINT('',#2436);
#2436 = CARTESIAN_POINT('',(23.455381152227,292.78180103208,
    122.56466093058));
#2437 = LINE('',#2438,#2439);
#2438 = CARTESIAN_POINT('',(23.816225070471,293.40680103208,
    122.56466093058));
#2439 = VECTOR('',#2440,1.);
#2440 = DIRECTION('',(0.5,0.866025403784,-6.714577228072E-16));
#2441 = ORIENTED_EDGE('',*,*,#2442,.F.);
#2442 = EDGE_CURVE('',#218,#2435,#2443,.T.);
#2443 = LINE('',#2444,#2445);
#2444 = CARTESIAN_POINT('',(23.455381152227,292.78180103208,
    118.45663791173));
#2445 = VECTOR('',#2446,1.);
#2446 = DIRECTION('',(2.248201624866E-15,-6.718741791026E-15,1.));
#2447 = ORIENTED_EDGE('',*,*,#215,.F.);
#2448 = ORIENTED_EDGE('',*,*,#2418,.T.);
#2449 = PLANE('',#2450);
#2450 = AXIS2_PLACEMENT_3D('',#2451,#2452,#2453);
#2451 = CARTESIAN_POINT('',(23.455381152227,292.78180103208,
    118.45663791173));
#2452 = DIRECTION('',(0.866025403784,-0.5,-5.306370615476E-15));
#2453 = DIRECTION('',(0.5,0.866025403784,4.694500260064E-15));
#2454 = ADVANCED_FACE('',(#2455),#2466,.T.);
#2455 = FACE_BOUND('',#2456,.T.);
#2456 = EDGE_LOOP('',(#2457,#2463,#2464,#2465));
#2457 = ORIENTED_EDGE('',*,*,#2458,.F.);
#2458 = EDGE_CURVE('',#2387,#2435,#2459,.T.);
#2459 = LINE('',#2460,#2461);
#2460 = CARTESIAN_POINT('',(21.290317642766,292.78180103208,
    122.56466093058));
#2461 = VECTOR('',#2462,1.);
#2462 = DIRECTION('',(1.,-7.840950111414E-16,-1.390554338343E-14));
#2463 = ORIENTED_EDGE('',*,*,#2396,.F.);
#2464 = ORIENTED_EDGE('',*,*,#225,.F.);
#2465 = ORIENTED_EDGE('',*,*,#2442,.T.);
#2466 = PLANE('',#2467);
#2467 = AXIS2_PLACEMENT_3D('',#2468,#2469,#2470);
#2468 = CARTESIAN_POINT('',(20.568629806279,292.78180103208,
    118.45663791173));
#2469 = DIRECTION('',(-7.840950111415E-16,-1.,-6.718741791026E-15));
#2470 = DIRECTION('',(1.,-7.840950111415E-16,-2.248201624866E-15));
#2471 = ADVANCED_FACE('',(#2472,#2480),#2483,.F.);
#2472 = FACE_BOUND('',#2473,.T.);
#2473 = EDGE_LOOP('',(#2474,#2475,#2476,#2477,#2478,#2479));
#2474 = ORIENTED_EDGE('',*,*,#2340,.T.);
#2475 = ORIENTED_EDGE('',*,*,#2386,.T.);
#2476 = ORIENTED_EDGE('',*,*,#2458,.T.);
#2477 = ORIENTED_EDGE('',*,*,#2434,.T.);
#2478 = ORIENTED_EDGE('',*,*,#2410,.T.);
#2479 = ORIENTED_EDGE('',*,*,#2363,.T.);
#2480 = FACE_BOUND('',#2481,.T.);
#2481 = EDGE_LOOP('',(#2482));
#2482 = ORIENTED_EDGE('',*,*,#1478,.T.);
#2483 = PLANE('',#2484);
#2484 = AXIS2_PLACEMENT_3D('',#2485,#2486,#2487);
#2485 = CARTESIAN_POINT('',(22.012005479253,295.28180103208,
    122.56466093058));
#2486 = DIRECTION('',(-1.390554338343E-14,7.253036621627E-15,-1.));
#2487 = DIRECTION('',(7.840950111415E-16,1.,7.253036621627E-15));
#2488 = ADVANCED_FACE('',(#2489),#2517,.F.);
#2489 = FACE_BOUND('',#2490,.F.);
#2490 = EDGE_LOOP('',(#2491,#2492,#2493,#2501,#2510,#2516));
#2491 = ORIENTED_EDGE('',*,*,#1732,.F.);
#2492 = ORIENTED_EDGE('',*,*,#1327,.T.);
#2493 = ORIENTED_EDGE('',*,*,#2494,.F.);
#2494 = EDGE_CURVE('',#2495,#1328,#2497,.T.);
#2495 = VERTEX_POINT('',#2496);
#2496 = CARTESIAN_POINT('',(3.437103417477,329.75155499601,
    122.83136905547));
#2497 = ( BOUNDED_CURVE() B_SPLINE_CURVE(2,(#2498,#2499,#2500),
.UNSPECIFIED.,.F.,.F.) B_SPLINE_CURVE_WITH_KNOTS((3,3),(-0.116085559943,
-9.101502405324E-02),.PIECEWISE_BEZIER_KNOTS.) CURVE() 
GEOMETRIC_REPRESENTATION_ITEM() RATIONAL_B_SPLINE_CURVE((1.272080690586,
1.24494350401,1.216837535005)) REPRESENTATION_ITEM('') );
#2498 = CARTESIAN_POINT('',(3.437103417483,329.75155499602,
    122.83136905547));
#2499 = CARTESIAN_POINT('',(3.604665673615,329.91178633117,
    122.76563983652));
#2500 = CARTESIAN_POINT('',(3.783300533504,330.08527186095,
    122.69556719552));
#2501 = ORIENTED_EDGE('',*,*,#2502,.F.);
#2502 = EDGE_CURVE('',#2503,#2495,#2505,.T.);
#2503 = VERTEX_POINT('',#2504);
#2504 = CARTESIAN_POINT('',(-3.253066076984,329.75155499601,
    122.83136905547));
#2505 = CIRCLE('',#2506,5.050153696983);
#2506 = AXIS2_PLACEMENT_3D('',#2507,#2508,#2509);
#2507 = CARTESIAN_POINT('',(9.201867024648E-02,329.75155499601,
    126.61481462757));
#2508 = DIRECTION('',(2.366582715663E-30,-1.,-7.787331452228E-15));
#2509 = DIRECTION('',(0.797005194876,4.703333649595E-15,-0.603972449156)
  );
#2510 = ORIENTED_EDGE('',*,*,#2511,.T.);
#2511 = EDGE_CURVE('',#2503,#1407,#2512,.T.);
#2512 = ( BOUNDED_CURVE() B_SPLINE_CURVE(2,(#2513,#2514,#2515),
.UNSPECIFIED.,.F.,.F.) B_SPLINE_CURVE_WITH_KNOTS((3,3),(1.520619310624,
1.545689846513),.PIECEWISE_BEZIER_KNOTS.) CURVE() 
GEOMETRIC_REPRESENTATION_ITEM() RATIONAL_B_SPLINE_CURVE((1.272080690586,
1.244943504011,1.216837535005)) REPRESENTATION_ITEM('') );
#2513 = CARTESIAN_POINT('',(-3.25306607699,329.75155499602,
    122.83136905547));
#2514 = CARTESIAN_POINT('',(-3.420628333122,329.91178633117,
    122.76563983652));
#2515 = CARTESIAN_POINT('',(-3.59926319301,330.08527186095,
    122.69556719552));
#2516 = ORIENTED_EDGE('',*,*,#1414,.T.);
#2517 = CONICAL_SURFACE('',#2518,5.550153696983,0.785398163397);
#2518 = AXIS2_PLACEMENT_3D('',#2519,#2520,#2521);
#2519 = CARTESIAN_POINT('',(9.201867024648E-02,330.25155499601,
    126.61481462757));
#2520 = DIRECTION('',(-2.447060044753E-30,1.,7.787331452228E-15));
#2521 = DIRECTION('',(0.797005194876,4.703333649595E-15,-0.603972449156)
  );
#2522 = ADVANCED_FACE('',(#2523),#2550,.T.);
#2523 = FACE_BOUND('',#2524,.T.);
#2524 = EDGE_LOOP('',(#2525,#2534,#2542,#2549));
#2525 = ORIENTED_EDGE('',*,*,#2526,.F.);
#2526 = EDGE_CURVE('',#2527,#1709,#2529,.T.);
#2527 = VERTEX_POINT('',#2528);
#2528 = CARTESIAN_POINT('',(2.117017401667,320.91217626792,
    120.06466093058));
#2529 = CIRCLE('',#2530,2.);
#2530 = AXIS2_PLACEMENT_3D('',#2531,#2532,#2533);
#2531 = CARTESIAN_POINT('',(2.117017401667,320.91217626792,
    122.06466093058));
#2532 = DIRECTION('',(2.366582715663E-30,-1.,-7.787331452228E-15));
#2533 = DIRECTION('',(0.707106781187,5.506474877217E-15,-0.707106781187)
  );
#2534 = ORIENTED_EDGE('',*,*,#2535,.T.);
#2535 = EDGE_CURVE('',#2527,#2536,#2538,.T.);
#2536 = VERTEX_POINT('',#2537);
#2537 = CARTESIAN_POINT('',(2.117017401667,325.91217626792,
    120.06466093058));
#2538 = LINE('',#2539,#2540);
#2539 = CARTESIAN_POINT('',(2.117017401667,313.33186563196,
    120.06466093058));
#2540 = VECTOR('',#2541,1.);
#2541 = DIRECTION('',(-2.447060044753E-30,1.,7.787331452228E-15));
#2542 = ORIENTED_EDGE('',*,*,#2543,.F.);
#2543 = EDGE_CURVE('',#1691,#2536,#2544,.T.);
#2544 = CIRCLE('',#2545,2.);
#2545 = AXIS2_PLACEMENT_3D('',#2546,#2547,#2548);
#2546 = CARTESIAN_POINT('',(2.117017401667,325.91217626792,
    122.06466093058));
#2547 = DIRECTION('',(-2.366582715663E-30,1.,7.787331452228E-15));
#2548 = DIRECTION('',(0.707106781187,5.506474877217E-15,-0.707106781187)
  );
#2549 = ORIENTED_EDGE('',*,*,#1716,.T.);
#2550 = CYLINDRICAL_SURFACE('',#2551,2.);
#2551 = AXIS2_PLACEMENT_3D('',#2552,#2553,#2554);
#2552 = CARTESIAN_POINT('',(2.117017401667,313.33186563196,
    122.06466093058));
#2553 = DIRECTION('',(-2.447060044753E-30,1.,7.787331452228E-15));
#2554 = DIRECTION('',(0.707106781187,5.506474877217E-15,-0.707106781187)
  );
#2555 = ADVANCED_FACE('',(#2556),#2581,.F.);
#2556 = FACE_BOUND('',#2557,.T.);
#2557 = EDGE_LOOP('',(#2558,#2559,#2567,#2575));
#2558 = ORIENTED_EDGE('',*,*,#2535,.F.);
#2559 = ORIENTED_EDGE('',*,*,#2560,.T.);
#2560 = EDGE_CURVE('',#2527,#2561,#2563,.T.);
#2561 = VERTEX_POINT('',#2562);
#2562 = CARTESIAN_POINT('',(-1.932980061174,320.91217626792,
    120.06466093058));
#2563 = LINE('',#2564,#2565);
#2564 = CARTESIAN_POINT('',(4.117017401667,320.91217626792,
    120.06466093058));
#2565 = VECTOR('',#2566,1.);
#2566 = DIRECTION('',(-1.,6.804615163561E-29,-9.052293730248E-15));
#2567 = ORIENTED_EDGE('',*,*,#2568,.F.);
#2568 = EDGE_CURVE('',#2569,#2561,#2571,.T.);
#2569 = VERTEX_POINT('',#2570);
#2570 = CARTESIAN_POINT('',(-1.932980061174,325.91217626792,
    120.06466093058));
#2571 = LINE('',#2572,#2573);
#2572 = CARTESIAN_POINT('',(-1.932980061174,323.33186563196,
    120.06466093058));
#2573 = VECTOR('',#2574,1.);
#2574 = DIRECTION('',(2.450771646032E-30,-1.,-7.787331452228E-15));
#2575 = ORIENTED_EDGE('',*,*,#2576,.F.);
#2576 = EDGE_CURVE('',#2536,#2569,#2577,.T.);
#2577 = LINE('',#2578,#2579);
#2578 = CARTESIAN_POINT('',(4.117017401667,325.91217626792,
    120.06466093058));
#2579 = VECTOR('',#2580,1.);
#2580 = DIRECTION('',(-1.,6.804615163561E-29,-9.052293730248E-15));
#2581 = PLANE('',#2582);
#2582 = AXIS2_PLACEMENT_3D('',#2583,#2584,#2585);
#2583 = CARTESIAN_POINT('',(4.117017401667,320.91217626792,
    120.06466093058));
#2584 = DIRECTION('',(-9.052293730248E-15,-7.787331452228E-15,1.));
#2585 = DIRECTION('',(-2.447060044753E-30,1.,7.787331452228E-15));
#2586 = ADVANCED_FACE('',(#2587),#2605,.T.);
#2587 = FACE_BOUND('',#2588,.T.);
#2588 = EDGE_LOOP('',(#2589,#2596,#2597,#2604));
#2589 = ORIENTED_EDGE('',*,*,#2590,.F.);
#2590 = EDGE_CURVE('',#2569,#1787,#2591,.T.);
#2591 = CIRCLE('',#2592,2.);
#2592 = AXIS2_PLACEMENT_3D('',#2593,#2594,#2595);
#2593 = CARTESIAN_POINT('',(-1.932980061174,325.91217626792,
    122.06466093058));
#2594 = DIRECTION('',(-1.577721810442E-30,1.,7.787331452228E-15));
#2595 = DIRECTION('',(-0.707106781187,5.506474877218E-15,-0.707106781187
    ));
#2596 = ORIENTED_EDGE('',*,*,#2568,.T.);
#2597 = ORIENTED_EDGE('',*,*,#2598,.F.);
#2598 = EDGE_CURVE('',#1769,#2561,#2599,.T.);
#2599 = CIRCLE('',#2600,2.);
#2600 = AXIS2_PLACEMENT_3D('',#2601,#2602,#2603);
#2601 = CARTESIAN_POINT('',(-1.932980061174,320.91217626792,
    122.06466093058));
#2602 = DIRECTION('',(1.577721810442E-30,-1.,-7.787331452228E-15));
#2603 = DIRECTION('',(-0.707106781187,5.506474877218E-15,-0.707106781187
    ));
#2604 = ORIENTED_EDGE('',*,*,#1794,.T.);
#2605 = CYLINDRICAL_SURFACE('',#2606,2.);
#2606 = AXIS2_PLACEMENT_3D('',#2607,#2608,#2609);
#2607 = CARTESIAN_POINT('',(-1.932980061174,323.33186563196,
    122.06466093058));
#2608 = DIRECTION('',(2.450771646032E-30,-1.,-7.787331452228E-15));
#2609 = DIRECTION('',(-0.707106781187,5.506474877218E-15,-0.707106781187
    ));
#2610 = ADVANCED_FACE('',(#2611),#2624,.F.);
#2611 = FACE_BOUND('',#2612,.T.);
#2612 = EDGE_LOOP('',(#2613,#2614,#2615,#2616,#2617,#2618));
#2613 = ORIENTED_EDGE('',*,*,#1690,.F.);
#2614 = ORIENTED_EDGE('',*,*,#2543,.T.);
#2615 = ORIENTED_EDGE('',*,*,#2576,.T.);
#2616 = ORIENTED_EDGE('',*,*,#2590,.T.);
#2617 = ORIENTED_EDGE('',*,*,#1786,.F.);
#2618 = ORIENTED_EDGE('',*,*,#2619,.T.);
#2619 = EDGE_CURVE('',#1779,#1693,#2620,.T.);
#2620 = LINE('',#2621,#2622);
#2621 = CARTESIAN_POINT('',(4.117017401667,325.91217626792,
    118.56466093058));
#2622 = VECTOR('',#2623,1.);
#2623 = DIRECTION('',(1.,-6.804615163561E-29,9.052293730248E-15));
#2624 = PLANE('',#2625);
#2625 = AXIS2_PLACEMENT_3D('',#2626,#2627,#2628);
#2626 = CARTESIAN_POINT('',(4.117017401667,325.91217626792,
    120.06466093058));
#2627 = DIRECTION('',(-2.447060044753E-30,1.,7.787331452228E-15));
#2628 = DIRECTION('',(9.043271182401E-15,7.787331452228E-15,-1.));
#2629 = ADVANCED_FACE('',(#2630),#2643,.F.);
#2630 = FACE_BOUND('',#2631,.T.);
#2631 = EDGE_LOOP('',(#2632,#2633,#2639,#2640,#2641,#2642));
#2632 = ORIENTED_EDGE('',*,*,#1708,.F.);
#2633 = ORIENTED_EDGE('',*,*,#2634,.T.);
#2634 = EDGE_CURVE('',#1701,#1771,#2635,.T.);
#2635 = LINE('',#2636,#2637);
#2636 = CARTESIAN_POINT('',(4.117017401667,320.91217626792,
    118.56466093058));
#2637 = VECTOR('',#2638,1.);
#2638 = DIRECTION('',(-1.,6.804615163561E-29,-9.052293730248E-15));
#2639 = ORIENTED_EDGE('',*,*,#1768,.F.);
#2640 = ORIENTED_EDGE('',*,*,#2598,.T.);
#2641 = ORIENTED_EDGE('',*,*,#2560,.F.);
#2642 = ORIENTED_EDGE('',*,*,#2526,.T.);
#2643 = PLANE('',#2644);
#2644 = AXIS2_PLACEMENT_3D('',#2645,#2646,#2647);
#2645 = CARTESIAN_POINT('',(4.117017401667,320.91217626792,
    117.56466093058));
#2646 = DIRECTION('',(2.447060044753E-30,-1.,-7.787331452228E-15));
#2647 = DIRECTION('',(-9.043271182401E-15,-7.787331452228E-15,1.));
#2648 = ADVANCED_FACE('',(#2649),#2655,.F.);
#2649 = FACE_BOUND('',#2650,.T.);
#2650 = EDGE_LOOP('',(#2651,#2652,#2653,#2654));
#2651 = ORIENTED_EDGE('',*,*,#1700,.F.);
#2652 = ORIENTED_EDGE('',*,*,#2619,.F.);
#2653 = ORIENTED_EDGE('',*,*,#1778,.F.);
#2654 = ORIENTED_EDGE('',*,*,#2634,.F.);
#2655 = PLANE('',#2656);
#2656 = AXIS2_PLACEMENT_3D('',#2657,#2658,#2659);
#2657 = CARTESIAN_POINT('',(4.117017401667,325.91217626792,
    118.56466093058));
#2658 = DIRECTION('',(9.052293730248E-15,7.787331452228E-15,-1.));
#2659 = DIRECTION('',(-1.123934578506E-15,-1.,-7.787331452228E-15));
#2660 = ADVANCED_FACE('',(#2661),#2680,.T.);
#2661 = FACE_BOUND('',#2662,.T.);
#2662 = EDGE_LOOP('',(#2663,#2664,#2665,#2673,#2679));
#2663 = ORIENTED_EDGE('',*,*,#1406,.F.);
#2664 = ORIENTED_EDGE('',*,*,#1759,.T.);
#2665 = ORIENTED_EDGE('',*,*,#2666,.T.);
#2666 = EDGE_CURVE('',#1752,#2667,#2669,.T.);
#2667 = VERTEX_POINT('',#2668);
#2668 = CARTESIAN_POINT('',(-3.253066076984,318.33950566471,
    122.83136905547));
#2669 = LINE('',#2670,#2671);
#2670 = CARTESIAN_POINT('',(-2.196417901371,318.75399435025,
    123.24585774101));
#2671 = VECTOR('',#2672,1.);
#2672 = DIRECTION('',(0.874456177164,0.343020694871,0.343020694871));
#2673 = ORIENTED_EDGE('',*,*,#2674,.T.);
#2674 = EDGE_CURVE('',#2667,#2503,#2675,.T.);
#2675 = LINE('',#2676,#2677);
#2676 = CARTESIAN_POINT('',(-3.253066076984,330.75155499601,
    122.83136905547));
#2677 = VECTOR('',#2678,1.);
#2678 = DIRECTION('',(-2.447060044753E-30,1.,7.787331452228E-15));
#2679 = ORIENTED_EDGE('',*,*,#2511,.T.);
#2680 = PLANE('',#2681);
#2681 = AXIS2_PLACEMENT_3D('',#2682,#2683,#2684);
#2682 = CARTESIAN_POINT('',(-3.593023069079,330.75155499601,
    122.69801499303));
#2683 = DIRECTION('',(-0.365176755072,-7.249524347259E-15,0.930938202866
    ));
#2684 = DIRECTION('',(-3.155443620884E-30,1.,7.787331452228E-15));
#2685 = ADVANCED_FACE('',(#2686),#2705,.T.);
#2686 = FACE_BOUND('',#2687,.T.);
#2687 = EDGE_LOOP('',(#2688,#2689,#2690,#2698,#2704));
#2688 = ORIENTED_EDGE('',*,*,#1336,.F.);
#2689 = ORIENTED_EDGE('',*,*,#2494,.F.);
#2690 = ORIENTED_EDGE('',*,*,#2691,.T.);
#2691 = EDGE_CURVE('',#2495,#2692,#2694,.T.);
#2692 = VERTEX_POINT('',#2693);
#2693 = CARTESIAN_POINT('',(3.437103417477,318.33950566471,
    122.83136905547));
#2694 = LINE('',#2695,#2696);
#2695 = CARTESIAN_POINT('',(3.437103417477,330.75155499601,
    122.83136905547));
#2696 = VECTOR('',#2697,1.);
#2697 = DIRECTION('',(2.447060044753E-30,-1.,-7.787331452228E-15));
#2698 = ORIENTED_EDGE('',*,*,#2699,.T.);
#2699 = EDGE_CURVE('',#2692,#1673,#2700,.T.);
#2700 = LINE('',#2701,#2702);
#2701 = CARTESIAN_POINT('',(-0.697355051353,319.96131914597,
    124.45318253673));
#2702 = VECTOR('',#2703,1.);
#2703 = DIRECTION('',(0.874456177164,-0.343020694871,-0.343020694871));
#2704 = ORIENTED_EDGE('',*,*,#1672,.T.);
#2705 = PLANE('',#2706);
#2706 = AXIS2_PLACEMENT_3D('',#2707,#2708,#2709);
#2707 = CARTESIAN_POINT('',(3.777060409572,330.75155499601,
    122.69801499303));
#2708 = DIRECTION('',(0.365176755072,-7.249524347259E-15,0.930938202866)
  );
#2709 = DIRECTION('',(-2.761013168274E-30,1.,7.787331452228E-15));
#2710 = ADVANCED_FACE('',(#2711),#2725,.T.);
#2711 = FACE_BOUND('',#2712,.T.);
#2712 = EDGE_LOOP('',(#2713,#2714,#2715,#2716,#2717,#2718));
#2713 = ORIENTED_EDGE('',*,*,#2666,.F.);
#2714 = ORIENTED_EDGE('',*,*,#1751,.T.);
#2715 = ORIENTED_EDGE('',*,*,#71,.F.);
#2716 = ORIENTED_EDGE('',*,*,#1680,.T.);
#2717 = ORIENTED_EDGE('',*,*,#2699,.F.);
#2718 = ORIENTED_EDGE('',*,*,#2719,.T.);
#2719 = EDGE_CURVE('',#2692,#2667,#2720,.T.);
#2720 = ELLIPSE('',#2721,7.141995850343,5.050153696983);
#2721 = AXIS2_PLACEMENT_3D('',#2722,#2723,#2724);
#2722 = CARTESIAN_POINT('',(9.201867024648E-02,322.12295123681,
    126.61481462757));
#2723 = DIRECTION('',(6.400938281951E-15,0.707106781187,-0.707106781187)
  );
#2724 = DIRECTION('',(6.483456376673E-15,-0.707106781187,-0.707106781187
    ));
#2725 = PLANE('',#2726);
#2726 = AXIS2_PLACEMENT_3D('',#2727,#2728,#2729);
#2727 = CARTESIAN_POINT('',(-3.932980061174,317.02279753982,
    121.51466093058));
#2728 = DIRECTION('',(-6.400938281951E-15,-0.707106781187,0.707106781187
    ));
#2729 = DIRECTION('',(1.,-3.48927346284E-14,-2.584044089815E-14));
#2730 = ADVANCED_FACE('',(#2731),#2737,.F.);
#2731 = FACE_BOUND('',#2732,.F.);
#2732 = EDGE_LOOP('',(#2733,#2734,#2735,#2736));
#2733 = ORIENTED_EDGE('',*,*,#2502,.T.);
#2734 = ORIENTED_EDGE('',*,*,#2691,.T.);
#2735 = ORIENTED_EDGE('',*,*,#2719,.T.);
#2736 = ORIENTED_EDGE('',*,*,#2674,.T.);
#2737 = CYLINDRICAL_SURFACE('',#2738,5.050153696983);
#2738 = AXIS2_PLACEMENT_3D('',#2739,#2740,#2741);
#2739 = CARTESIAN_POINT('',(9.201867024648E-02,330.75155499601,
    126.61481462757));
#2740 = DIRECTION('',(2.447060044753E-30,-1.,-7.787331452228E-15));
#2741 = DIRECTION('',(0.797005194876,4.703333649595E-15,-0.603972449156)
  );
#2742 = ADVANCED_FACE('',(#2743),#2768,.T.);
#2743 = FACE_BOUND('',#2744,.T.);
#2744 = EDGE_LOOP('',(#2745,#2746,#2754,#2762));
#2745 = ORIENTED_EDGE('',*,*,#299,.F.);
#2746 = ORIENTED_EDGE('',*,*,#2747,.T.);
#2747 = EDGE_CURVE('',#292,#2748,#2750,.T.);
#2748 = VERTEX_POINT('',#2749);
#2749 = CARTESIAN_POINT('',(-18.9512441084,295.28180103208,
    122.56466093058));
#2750 = LINE('',#2751,#2752);
#2751 = CARTESIAN_POINT('',(-18.9512441084,295.28180103208,
    118.45663791173));
#2752 = VECTOR('',#2753,1.);
#2753 = DIRECTION('',(2.584044089815E-14,-7.787331452228E-15,1.));
#2754 = ORIENTED_EDGE('',*,*,#2755,.F.);
#2755 = EDGE_CURVE('',#2756,#2748,#2758,.T.);
#2756 = VERTEX_POINT('',#2757);
#2757 = CARTESIAN_POINT('',(-20.39461978137,292.78180103208,
    122.56466093058));
#2758 = LINE('',#2759,#2760);
#2759 = CARTESIAN_POINT('',(-19.67292716287,294.03180931478,
    122.56466093058));
#2760 = VECTOR('',#2761,1.);
#2761 = DIRECTION('',(0.5,0.866025403784,-8.102356008856E-16));
#2762 = ORIENTED_EDGE('',*,*,#2763,.F.);
#2763 = EDGE_CURVE('',#300,#2756,#2764,.T.);
#2764 = LINE('',#2765,#2766);
#2765 = CARTESIAN_POINT('',(-20.39461978137,292.78180103208,
    118.45663791173));
#2766 = VECTOR('',#2767,1.);
#2767 = DIRECTION('',(2.584044089815E-14,-7.787331452228E-15,1.));
#2768 = PLANE('',#2769);
#2769 = AXIS2_PLACEMENT_3D('',#2770,#2771,#2772);
#2770 = CARTESIAN_POINT('',(-19.67292238085,294.03181759748,
    118.45663791173));
#2771 = DIRECTION('',(0.866025403784,-0.5,-2.62721439889E-14));
#2772 = DIRECTION('',(0.5,0.866025403784,-6.176193583756E-15));
#2773 = ADVANCED_FACE('',(#2774),#2792,.T.);
#2774 = FACE_BOUND('',#2775,.T.);
#2775 = EDGE_LOOP('',(#2776,#2777,#2785,#2791));
#2776 = ORIENTED_EDGE('',*,*,#2763,.T.);
#2777 = ORIENTED_EDGE('',*,*,#2778,.F.);
#2778 = EDGE_CURVE('',#2779,#2756,#2781,.T.);
#2779 = VERTEX_POINT('',#2780);
#2780 = CARTESIAN_POINT('',(-23.28137112732,292.78180103208,
    122.56466093058));
#2781 = LINE('',#2782,#2783);
#2782 = CARTESIAN_POINT('',(-22.55968329083,292.78180103208,
    122.56466093058));
#2783 = VECTOR('',#2784,1.);
#2784 = DIRECTION('',(1.,1.128955540645E-28,-1.418309913959E-14));
#2785 = ORIENTED_EDGE('',*,*,#2786,.F.);
#2786 = EDGE_CURVE('',#266,#2779,#2787,.T.);
#2787 = LINE('',#2788,#2789);
#2788 = CARTESIAN_POINT('',(-23.28137112732,292.78180103208,
    118.45663791173));
#2789 = VECTOR('',#2790,1.);
#2790 = DIRECTION('',(2.584044089815E-14,-7.787331452228E-15,1.));
#2791 = ORIENTED_EDGE('',*,*,#307,.F.);
#2792 = PLANE('',#2793);
#2793 = AXIS2_PLACEMENT_3D('',#2794,#2795,#2796);
#2794 = CARTESIAN_POINT('',(-23.28137112732,292.78180103208,
    118.45663791173));
#2795 = DIRECTION('',(2.447060044753E-30,-1.,-7.787331452228E-15));
#2796 = DIRECTION('',(1.,2.036751381904E-28,-2.584044089815E-14));
#2797 = ADVANCED_FACE('',(#2798),#2816,.T.);
#2798 = FACE_BOUND('',#2799,.T.);
#2799 = EDGE_LOOP('',(#2800,#2808,#2809,#2810));
#2800 = ORIENTED_EDGE('',*,*,#2801,.F.);
#2801 = EDGE_CURVE('',#2748,#2802,#2804,.T.);
#2802 = VERTEX_POINT('',#2803);
#2803 = CARTESIAN_POINT('',(-20.39461978137,297.78180103208,
    122.56466093058));
#2804 = LINE('',#2805,#2806);
#2805 = CARTESIAN_POINT('',(-19.31208802664,295.90680103208,
    122.56466093058));
#2806 = VECTOR('',#2807,1.);
#2807 = DIRECTION('',(-0.5,0.866025403784,1.33728635387E-14));
#2808 = ORIENTED_EDGE('',*,*,#2747,.F.);
#2809 = ORIENTED_EDGE('',*,*,#291,.F.);
#2810 = ORIENTED_EDGE('',*,*,#2811,.T.);
#2811 = EDGE_CURVE('',#284,#2802,#2812,.T.);
#2812 = LINE('',#2813,#2814);
#2813 = CARTESIAN_POINT('',(-20.39461978137,297.78180103208,
    118.45663791173));
#2814 = VECTOR('',#2815,1.);
#2815 = DIRECTION('',(2.584044089815E-14,-7.787331452228E-15,1.));
#2816 = PLANE('',#2817);
#2817 = AXIS2_PLACEMENT_3D('',#2818,#2819,#2820);
#2818 = CARTESIAN_POINT('',(-18.9512441084,295.28180103208,
    118.45663791173));
#2819 = DIRECTION('',(0.866025403784,0.5,-1.848481253667E-14));
#2820 = DIRECTION('',(-0.5,0.866025403784,1.966424731439E-14));
#2821 = ADVANCED_FACE('',(#2822),#2840,.T.);
#2822 = FACE_BOUND('',#2823,.T.);
#2823 = EDGE_LOOP('',(#2824,#2832,#2838,#2839));
#2824 = ORIENTED_EDGE('',*,*,#2825,.F.);
#2825 = EDGE_CURVE('',#2826,#2779,#2828,.T.);
#2826 = VERTEX_POINT('',#2827);
#2827 = CARTESIAN_POINT('',(-24.7247468003,295.28180103208,
    122.56466093058));
#2828 = LINE('',#2829,#2830);
#2829 = CARTESIAN_POINT('',(-24.36390288205,294.65680103208,
    122.56466093058));
#2830 = VECTOR('',#2831,1.);
#2831 = DIRECTION('',(0.5,-0.866025403784,-1.33728635387E-14));
#2832 = ORIENTED_EDGE('',*,*,#2833,.F.);
#2833 = EDGE_CURVE('',#268,#2826,#2834,.T.);
#2834 = LINE('',#2835,#2836);
#2835 = CARTESIAN_POINT('',(-24.7247468003,295.28180103208,
    118.45663791173));
#2836 = VECTOR('',#2837,1.);
#2837 = DIRECTION('',(2.584044089815E-14,-7.787331452228E-15,1.));
#2838 = ORIENTED_EDGE('',*,*,#265,.F.);
#2839 = ORIENTED_EDGE('',*,*,#2786,.T.);
#2840 = PLANE('',#2841);
#2841 = AXIS2_PLACEMENT_3D('',#2842,#2843,#2844);
#2842 = CARTESIAN_POINT('',(-24.7247468003,295.28180103208,
    118.45663791173));
#2843 = DIRECTION('',(-0.866025403784,-0.5,1.848481253667E-14));
#2844 = DIRECTION('',(0.5,-0.866025403784,-1.966424731439E-14));
#2845 = ADVANCED_FACE('',(#2846),#2864,.T.);
#2846 = FACE_BOUND('',#2847,.T.);
#2847 = EDGE_LOOP('',(#2848,#2856,#2862,#2863));
#2848 = ORIENTED_EDGE('',*,*,#2849,.F.);
#2849 = EDGE_CURVE('',#2850,#2826,#2852,.T.);
#2850 = VERTEX_POINT('',#2851);
#2851 = CARTESIAN_POINT('',(-23.28137112732,297.78180103208,
    122.56466093058));
#2852 = LINE('',#2853,#2854);
#2853 = CARTESIAN_POINT('',(-23.64221504557,297.15680103208,
    122.56466093058));
#2854 = VECTOR('',#2855,1.);
#2855 = DIRECTION('',(-0.5,-0.866025403784,8.102356008856E-16));
#2856 = ORIENTED_EDGE('',*,*,#2857,.F.);
#2857 = EDGE_CURVE('',#276,#2850,#2858,.T.);
#2858 = LINE('',#2859,#2860);
#2859 = CARTESIAN_POINT('',(-23.28137112732,297.78180103208,
    118.45663791173));
#2860 = VECTOR('',#2861,1.);
#2861 = DIRECTION('',(2.584044089815E-14,-7.787331452228E-15,1.));
#2862 = ORIENTED_EDGE('',*,*,#275,.F.);
#2863 = ORIENTED_EDGE('',*,*,#2833,.T.);
#2864 = PLANE('',#2865);
#2865 = AXIS2_PLACEMENT_3D('',#2866,#2867,#2868);
#2866 = CARTESIAN_POINT('',(-23.28137112732,297.78180103208,
    118.45663791173));
#2867 = DIRECTION('',(-0.866025403784,0.5,2.62721439889E-14));
#2868 = DIRECTION('',(-0.5,-0.866025403784,6.176193583757E-15));
#2869 = ADVANCED_FACE('',(#2870),#2881,.T.);
#2870 = FACE_BOUND('',#2871,.T.);
#2871 = EDGE_LOOP('',(#2872,#2878,#2879,#2880));
#2872 = ORIENTED_EDGE('',*,*,#2873,.F.);
#2873 = EDGE_CURVE('',#2802,#2850,#2874,.T.);
#2874 = LINE('',#2875,#2876);
#2875 = CARTESIAN_POINT('',(-21.11630761786,297.78180103208,
    122.56466093058));
#2876 = VECTOR('',#2877,1.);
#2877 = DIRECTION('',(-1.,-1.128955540645E-28,1.418309913959E-14));
#2878 = ORIENTED_EDGE('',*,*,#2811,.F.);
#2879 = ORIENTED_EDGE('',*,*,#283,.F.);
#2880 = ORIENTED_EDGE('',*,*,#2857,.T.);
#2881 = PLANE('',#2882);
#2882 = AXIS2_PLACEMENT_3D('',#2883,#2884,#2885);
#2883 = CARTESIAN_POINT('',(-20.39461978137,297.78180103208,
    118.45663791173));
#2884 = DIRECTION('',(-2.447060044753E-30,1.,7.787331452228E-15));
#2885 = DIRECTION('',(-1.,-2.036751381904E-28,2.584044089815E-14));
#2886 = ADVANCED_FACE('',(#2887,#2895),#2898,.F.);
#2887 = FACE_BOUND('',#2888,.T.);
#2888 = EDGE_LOOP('',(#2889,#2890,#2891,#2892,#2893,#2894));
#2889 = ORIENTED_EDGE('',*,*,#2755,.T.);
#2890 = ORIENTED_EDGE('',*,*,#2801,.T.);
#2891 = ORIENTED_EDGE('',*,*,#2873,.T.);
#2892 = ORIENTED_EDGE('',*,*,#2849,.T.);
#2893 = ORIENTED_EDGE('',*,*,#2825,.T.);
#2894 = ORIENTED_EDGE('',*,*,#2778,.T.);
#2895 = FACE_BOUND('',#2896,.T.);
#2896 = EDGE_LOOP('',(#2897));
#2897 = ORIENTED_EDGE('',*,*,#2051,.F.);
#2898 = PLANE('',#2899);
#2899 = AXIS2_PLACEMENT_3D('',#2900,#2901,#2902);
#2900 = CARTESIAN_POINT('',(-21.83799545435,295.28180103208,
    122.56466093058));
#2901 = DIRECTION('',(-1.418309913959E-14,7.253036621627E-15,-1.));
#2902 = DIRECTION('',(1.625347403709E-29,-1.,-7.253036621627E-15));
#2903 = ADVANCED_FACE('',(#2904),#2915,.T.);
#2904 = FACE_BOUND('',#2905,.T.);
#2905 = EDGE_LOOP('',(#2906,#2907,#2908,#2914));
#2906 = ORIENTED_EDGE('',*,*,#858,.T.);
#2907 = ORIENTED_EDGE('',*,*,#119,.T.);
#2908 = ORIENTED_EDGE('',*,*,#2909,.F.);
#2909 = EDGE_CURVE('',#930,#112,#2910,.T.);
#2910 = LINE('',#2911,#2912);
#2911 = CARTESIAN_POINT('',(-25.62732640281,294.32180110204,
    113.16397854449));
#2912 = VECTOR('',#2913,1.);
#2913 = DIRECTION('',(2.639555241046E-14,-7.676309149765E-15,1.));
#2914 = ORIENTED_EDGE('',*,*,#929,.F.);
#2915 = PLANE('',#2916);
#2916 = AXIS2_PLACEMENT_3D('',#2917,#2918,#2919);
#2917 = CARTESIAN_POINT('',(-24.12732640281,292.82180110204,
    112.10544667104));
#2918 = DIRECTION('',(-0.707106781187,-0.707106781187,1.323650384832E-14
    ));
#2919 = DIRECTION('',(0.707106781187,-0.707106781187,-2.377842586515E-14
    ));
#2920 = ADVANCED_FACE('',(#2921),#2937,.T.);
#2921 = FACE_BOUND('',#2922,.T.);
#2922 = EDGE_LOOP('',(#2923,#2924,#2930,#2931));
#2923 = ORIENTED_EDGE('',*,*,#2116,.F.);
#2924 = ORIENTED_EDGE('',*,*,#2925,.T.);
#2925 = EDGE_CURVE('',#2093,#104,#2926,.T.);
#2926 = LINE('',#2927,#2928);
#2927 = CARTESIAN_POINT('',(-25.62732640281,297.32180110204,
    112.92041242888));
#2928 = VECTOR('',#2929,1.);
#2929 = DIRECTION('',(2.639555241046E-14,-7.89835375469E-15,1.));
#2930 = ORIENTED_EDGE('',*,*,#103,.T.);
#2931 = ORIENTED_EDGE('',*,*,#2932,.T.);
#2932 = EDGE_CURVE('',#96,#1629,#2933,.T.);
#2933 = LINE('',#2934,#2935);
#2934 = CARTESIAN_POINT('',(-22.62732640281,300.32180110204,
    111.61831443983));
#2935 = VECTOR('',#2936,1.);
#2936 = DIRECTION('',(-2.650657471293E-14,7.787331452228E-15,-1.));
#2937 = PLANE('',#2938);
#2938 = AXIS2_PLACEMENT_3D('',#2939,#2940,#2941);
#2939 = CARTESIAN_POINT('',(-24.62732640281,298.32180110204,
    111.61831443983));
#2940 = DIRECTION('',(-0.707106781187,0.707106781187,2.424945360276E-14)
  );
#2941 = DIRECTION('',(-0.707106781187,-0.707106781187,1.276547611071E-14
    ));
#2942 = ADVANCED_FACE('',(#2943),#2950,.T.);
#2943 = FACE_BOUND('',#2944,.T.);
#2944 = EDGE_LOOP('',(#2945,#2946,#2947,#2948,#2949));
#2945 = ORIENTED_EDGE('',*,*,#1636,.F.);
#2946 = ORIENTED_EDGE('',*,*,#2932,.F.);
#2947 = ORIENTED_EDGE('',*,*,#95,.F.);
#2948 = ORIENTED_EDGE('',*,*,#1528,.F.);
#2949 = ORIENTED_EDGE('',*,*,#1495,.T.);
#2950 = PLANE('',#2951);
#2951 = AXIS2_PLACEMENT_3D('',#2952,#2953,#2954);
#2952 = CARTESIAN_POINT('',(7.000271925396E-02,300.32180110204,
    109.01411846172));
#2953 = DIRECTION('',(-2.447060044753E-30,1.,7.787331452228E-15));
#2954 = DIRECTION('',(-1.,-2.036751381904E-28,2.584044089815E-14));
#2955 = ADVANCED_FACE('',(#2956),#2962,.F.);
#2956 = FACE_BOUND('',#2957,.T.);
#2957 = EDGE_LOOP('',(#2958,#2959,#2960,#2961));
#2958 = ORIENTED_EDGE('',*,*,#2092,.F.);
#2959 = ORIENTED_EDGE('',*,*,#2909,.T.);
#2960 = ORIENTED_EDGE('',*,*,#111,.F.);
#2961 = ORIENTED_EDGE('',*,*,#2925,.F.);
#2962 = PLANE('',#2963);
#2963 = AXIS2_PLACEMENT_3D('',#2964,#2965,#2966);
#2964 = CARTESIAN_POINT('',(-25.62732640281,290.32180110204,
    114.22251041794));
#2965 = DIRECTION('',(1.,2.079979755297E-28,-2.639555241046E-14));
#2966 = DIRECTION('',(-2.447060044753E-30,1.,7.787331452228E-15));
#2967 = ( GEOMETRIC_REPRESENTATION_CONTEXT(3) 
GLOBAL_UNCERTAINTY_ASSIGNED_CONTEXT((#2971)) 
GLOBAL_UNIT_ASSIGNED_CONTEXT((#2968,#2969,#2970)) REPRESENTATION_CONTEXT
('Context #1','3D Context with UNIT and UNCERTAINTY') );
#2968 = ( LENGTH_UNIT() NAMED_UNIT(*) SI_UNIT(.MILLI.,.METRE.) );
#2969 = ( NAMED_UNIT(*) PLANE_ANGLE_UNIT() SI_UNIT($,.RADIAN.) );
#2970 = ( NAMED_UNIT(*) SI_UNIT($,.STERADIAN.) SOLID_ANGLE_UNIT() );
#2971 = UNCERTAINTY_MEASURE_WITH_UNIT(LENGTH_MEASURE(2.E-04),#2968,
  'distance_accuracy_value','confusion accuracy');
#2972 = PRODUCT_RELATED_PRODUCT_CATEGORY('part',$,(#7));
#2973 = MECHANICAL_DESIGN_GEOMETRIC_PRESENTATION_REPRESENTATION('',(
    #2974),#2967);
#2974 = STYLED_ITEM('color',(#2975),#15);
#2975 = PRESENTATION_STYLE_ASSIGNMENT((#2976,#2982));
#2976 = SURFACE_STYLE_USAGE(.BOTH.,#2977);
#2977 = SURFACE_SIDE_STYLE('',(#2978));
#2978 = SURFACE_STYLE_FILL_AREA(#2979);
#2979 = FILL_AREA_STYLE('',(#2980));
#2980 = FILL_AREA_STYLE_COLOUR('',#2981);
#2981 = COLOUR_RGB('',0.623529443769,0.713725498821,0.858823546443);
#2982 = CURVE_STYLE('',#2983,POSITIVE_LENGTH_MEASURE(0.1),#2984);
#2983 = DRAUGHTING_PRE_DEFINED_CURVE_FONT('continuous');
#2984 = COLOUR_RGB('',9.803921802644E-02,9.803921802644E-02,
  9.803921802644E-02);
ENDSEC;
END-ISO-10303-21;
