ISO-10303-21;
HEADER;
FILE_DESCRIPTION(('FreeCAD Model'),'2;1');
FILE_NAME('Open CASCADE Shape Model','2025-11-08T20:30:26',(''),(''),
  'Open CASCADE STEP processor 7.9','FreeCAD','Unknown');
FILE_SCHEMA(('AUTOMOTIVE_DESIGN { 1 0 10303 214 1 1 1 1 }'));
ENDSEC;
DATA;
#1 = APPLICATION_PROTOCOL_DEFINITION('international standard',
  'automotive_design',2000,#2);
#2 = APPLICATION_CONTEXT(
  'core data for automotive mechanical design processes');
#3 = SHAPE_DEFINITION_REPRESENTATION(#4,#10);
#4 = PRODUCT_DEFINITION_SHAPE('','',#5);
#5 = PRODUCT_DEFINITION('design','',#6,#9);
#6 = PRODUCT_DEFINITION_FORMATION('','',#7);
#7 = PRODUCT('cover_door_bottom_x1','cover_door_bottom_x1','',(#8));
#8 = PRODUCT_CONTEXT('',#2,'mechanical');
#9 = PRODUCT_DEFINITION_CONTEXT('part definition',#2,'design');
#10 = ADVANCED_BREP_SHAPE_REPRESENTATION('',(#11,#15),#7603);
#11 = AXIS2_PLACEMENT_3D('',#12,#13,#14);
#12 = CARTESIAN_POINT('',(0.,0.,0.));
#13 = DIRECTION('',(0.,0.,1.));
#14 = DIRECTION('',(1.,0.,-0.));
#15 = MANIFOLD_SOLID_BREP('',#16);
#16 = CLOSED_SHELL('',(#17,#65,#96,#135,#175,#213,#273,#309,#349,#385,
    #439,#475,#515,#551,#605,#636,#717,#753,#793,#829,#913,#944,#991,
    #1022,#1062,#1125,#1163,#1203,#1239,#1293,#1329,#1369,#1405,#1459,
    #1495,#1535,#1571,#1625,#1656,#1703,#1759,#1790,#1871,#1893,#1933,
    #1969,#2053,#2084,#2129,#2165,#2205,#2241,#2295,#2331,#2371,#2407,
    #2467,#2503,#2543,#2590,#2629,#2660,#2699,#2735,#2771,#2837,#2873,
    #2921,#2952,#2991,#3027,#3087,#3123,#3163,#3199,#3259,#3295,#3343,
    #3374,#3413,#3460,#3491,#3527,#3563,#3623,#3659,#3699,#3735,#3801,
    #3837,#3873,#3906,#3931,#3956,#4022,#4057,#4083,#4108,#4151,#4176,
    #4206,#4231,#4255,#4280,#4306,#4330,#4357,#4381,#4407,#4431,#4461,
    #4486,#4516,#4541,#4567,#4592,#4616,#4642,#4668,#4693,#4718,#4817,
    #4875,#4900,#4932,#4994,#5011,#5028,#5053,#5103,#5128,#5182,#5205,
    #5216,#5239,#5271,#5331,#5363,#5425,#5455,#5479,#5496,#5556,#5596,
    #5609,#5642,#5692,#5715,#5740,#5792,#5814,#5831,#5848,#5861,#5884,
    #5924,#5937,#5955,#5995,#6020,#6074,#6143,#6184,#6203,#6244,#6285,
    #6298,#6317,#6358,#6388,#6420,#6446,#6470,#6502,#6526,#6759,#6771,
    #6788,#6810,#6822,#6839,#6856,#6873,#6895,#6912,#6929,#6941,#6958,
    #6987,#7004,#7021,#7038,#7055,#7079,#7096,#7120,#7132,#7149,#7161,
    #7178,#7190,#7204,#7218,#7235,#7259,#7272,#7289,#7320,#7351,#7368,
    #7392,#7405,#7419,#7437,#7449,#7474,#7535,#7558,#7570,#7589));
#17 = ADVANCED_FACE('',(#18),#60,.T.);
#18 = FACE_BOUND('',#19,.T.);
#19 = EDGE_LOOP('',(#20,#30,#38,#46,#54));
#20 = ORIENTED_EDGE('',*,*,#21,.T.);
#21 = EDGE_CURVE('',#22,#24,#26,.T.);
#22 = VERTEX_POINT('',#23);
#23 = CARTESIAN_POINT('',(19.115192459956,328.50533202992,
    -122.7516635766));
#24 = VERTEX_POINT('',#25);
#25 = CARTESIAN_POINT('',(22.791186946114,324.82937414616,
    -129.1186653508));
#26 = LINE('',#27,#28);
#27 = CARTESIAN_POINT('',(31.607590247196,316.01305863125,
    -144.3891059543));
#28 = VECTOR('',#29,1.);
#29 = DIRECTION('',(0.447214799819,-0.447210346838,-0.774597849535));
#30 = ORIENTED_EDGE('',*,*,#31,.T.);
#31 = EDGE_CURVE('',#24,#32,#34,.T.);
#32 = VERTEX_POINT('',#33);
#33 = CARTESIAN_POINT('',(22.58189473987,324.95072054006,-129.3095591612
    ));
#34 = LINE('',#35,#36);
#35 = CARTESIAN_POINT('',(22.791186946114,324.82937414616,
    -129.1186653508));
#36 = VECTOR('',#37,1.);
#37 = DIRECTION('',(-0.679145751852,0.393764724425,-0.619443612881));
#38 = ORIENTED_EDGE('',*,*,#39,.T.);
#39 = EDGE_CURVE('',#32,#40,#42,.T.);
#40 = VERTEX_POINT('',#41);
#41 = CARTESIAN_POINT('',(18.917980733634,328.61459806418,
    -122.9634813676));
#42 = LINE('',#43,#44);
#43 = CARTESIAN_POINT('',(31.398298040953,316.13440502515,
    -144.5799997647));
#44 = VECTOR('',#45,1.);
#45 = DIRECTION('',(-0.447214799819,0.447210346838,0.774597849535));
#46 = ORIENTED_EDGE('',*,*,#47,.T.);
#47 = EDGE_CURVE('',#40,#48,#50,.T.);
#48 = VERTEX_POINT('',#49);
#49 = CARTESIAN_POINT('',(19.086428485803,328.52740324561,
    -122.7439562799));
#50 = LINE('',#51,#52);
#51 = CARTESIAN_POINT('',(18.917980733634,328.61459806418,
    -122.9634813676));
#52 = VECTOR('',#53,1.);
#53 = DIRECTION('',(0.580616714961,-0.30054879611,0.756673411363));
#54 = ORIENTED_EDGE('',*,*,#55,.T.);
#55 = EDGE_CURVE('',#48,#22,#56,.T.);
#56 = LINE('',#57,#58);
#57 = CARTESIAN_POINT('',(60.799979252617,296.51969905622,
    -133.9210875446));
#58 = VECTOR('',#59,1.);
#59 = DIRECTION('',(0.776015133917,-0.59545309369,-0.207932982346));
#60 = PLANE('',#61);
#61 = AXIS2_PLACEMENT_3D('',#62,#63,#64);
#62 = CARTESIAN_POINT('',(31.502944144074,316.0737318282,-144.4845528595
    ));
#63 = DIRECTION('',(0.582030901726,0.803089190239,-0.12762359483));
#64 = DIRECTION('',(-0.214184278397,2.914335439641E-16,-0.976793271316)
  );
#65 = ADVANCED_FACE('',(#66),#91,.T.);
#66 = FACE_BOUND('',#67,.T.);
#67 = EDGE_LOOP('',(#68,#76,#77,#85));
#68 = ORIENTED_EDGE('',*,*,#69,.T.);
#69 = EDGE_CURVE('',#70,#48,#72,.T.);
#70 = VERTEX_POINT('',#71);
#71 = CARTESIAN_POINT('',(18.530196032947,328.37835888652,
    -122.5949143319));
#72 = LINE('',#73,#74);
#73 = CARTESIAN_POINT('',(7.790048199937,325.50050010274,-119.7171021038
    ));
#74 = VECTOR('',#75,1.);
#75 = DIRECTION('',(0.935112246563,0.250566475847,-0.25056242238));
#76 = ORIENTED_EDGE('',*,*,#47,.F.);
#77 = ORIENTED_EDGE('',*,*,#78,.T.);
#78 = EDGE_CURVE('',#40,#79,#81,.T.);
#79 = VERTEX_POINT('',#80);
#80 = CARTESIAN_POINT('',(18.566313085706,328.52036753353,
    -122.8692523613));
#81 = LINE('',#82,#83);
#82 = CARTESIAN_POINT('',(7.697031015128,325.60790679588,-119.9568387391
    ));
#83 = VECTOR('',#84,1.);
#84 = DIRECTION('',(-0.935112246563,-0.250566475847,0.25056242238));
#85 = ORIENTED_EDGE('',*,*,#86,.T.);
#86 = EDGE_CURVE('',#79,#70,#87,.T.);
#87 = LINE('',#88,#89);
#88 = CARTESIAN_POINT('',(18.566313085706,328.52036753353,
    -122.8692523613));
#89 = VECTOR('',#90,1.);
#90 = DIRECTION('',(-0.116125248124,-0.456592886467,0.882064545697));
#91 = PLANE('',#92);
#92 = AXIS2_PLACEMENT_3D('',#93,#94,#95);
#93 = CARTESIAN_POINT('',(7.743539607532,325.55420344931,-119.8369704215
    ));
#94 = DIRECTION('',(-0.118982302338,0.88807256135,0.444038666681));
#95 = DIRECTION('',(-6.245004513517E-17,-0.44721551796,0.894426229767));
#96 = ADVANCED_FACE('',(#97),#130,.T.);
#97 = FACE_BOUND('',#98,.T.);
#98 = EDGE_LOOP('',(#99,#107,#115,#123,#129));
#99 = ORIENTED_EDGE('',*,*,#100,.T.);
#100 = EDGE_CURVE('',#79,#101,#103,.T.);
#101 = VERTEX_POINT('',#102);
#102 = CARTESIAN_POINT('',(17.045018857566,326.99906804648,
    -123.7475751983));
#103 = LINE('',#104,#105);
#104 = CARTESIAN_POINT('',(-5.984972630118,303.96899694714,
    -137.0439954998));
#105 = VECTOR('',#106,1.);
#106 = DIRECTION('',(-0.654652359581,-0.654654622629,-0.377965095168));
#107 = ORIENTED_EDGE('',*,*,#108,.T.);
#108 = EDGE_CURVE('',#101,#109,#111,.T.);
#109 = VERTEX_POINT('',#110);
#110 = CARTESIAN_POINT('',(16.763878958438,326.58231450544,
    -123.5318488416));
#111 = LINE('',#112,#113);
#112 = CARTESIAN_POINT('',(17.045018857566,326.99906804648,
    -123.7475751983));
#113 = VECTOR('',#114,1.);
#114 = DIRECTION('',(-0.513922237802,-0.761823252713,0.394346630667));
#115 = ORIENTED_EDGE('',*,*,#116,.T.);
#116 = EDGE_CURVE('',#109,#117,#119,.T.);
#117 = VERTEX_POINT('',#118);
#118 = CARTESIAN_POINT('',(18.432180213767,328.25062152787,
    -122.5686511482));
#119 = LINE('',#120,#121);
#120 = CARTESIAN_POINT('',(-6.020394332227,303.79796245254,
    -136.6864031583));
#121 = VECTOR('',#122,1.);
#122 = DIRECTION('',(0.654652359581,0.654654622629,0.377965095168));
#123 = ORIENTED_EDGE('',*,*,#124,.T.);
#124 = EDGE_CURVE('',#117,#70,#125,.T.);
#125 = LINE('',#126,#127);
#126 = CARTESIAN_POINT('',(-25.1153091847,271.4981368962,-110.9001702614
    ));
#127 = VECTOR('',#128,1.);
#128 = DIRECTION('',(0.600818974776,0.783006554531,-0.160988493722));
#129 = ORIENTED_EDGE('',*,*,#86,.F.);
#130 = PLANE('',#131);
#131 = AXIS2_PLACEMENT_3D('',#132,#133,#134);
#132 = CARTESIAN_POINT('',(-6.002683481173,303.88347969984,
    -136.865199329));
#133 = DIRECTION('',(-0.750671839045,0.621873771973,0.223080258644));
#134 = DIRECTION('',(0.284861799066,-2.775557561563E-16,0.958568597145)
  );
#135 = ADVANCED_FACE('',(#136),#170,.T.);
#136 = FACE_BOUND('',#137,.T.);
#137 = EDGE_LOOP('',(#138,#148,#156,#164));
#138 = ORIENTED_EDGE('',*,*,#139,.T.);
#139 = EDGE_CURVE('',#140,#142,#144,.T.);
#140 = VERTEX_POINT('',#141);
#141 = CARTESIAN_POINT('',(16.905007608617,326.4765364726,-124.270108343
    ));
#142 = VERTEX_POINT('',#143);
#143 = CARTESIAN_POINT('',(25.530466197017,317.8511637673,
    -139.2098233914));
#144 = LINE('',#145,#146);
#145 = CARTESIAN_POINT('',(32.809933106184,310.57176933928,
    -151.8182151904));
#146 = VECTOR('',#147,1.);
#147 = DIRECTION('',(0.447214799763,-0.447210346876,-0.774597849546));
#148 = ORIENTED_EDGE('',*,*,#149,.T.);
#149 = EDGE_CURVE('',#142,#150,#152,.T.);
#150 = VERTEX_POINT('',#151);
#151 = CARTESIAN_POINT('',(25.164650918394,317.34640999049,-139.12961002
    ));
#152 = LINE('',#153,#154);
#153 = CARTESIAN_POINT('',(25.530466197017,317.8511637673,
    -139.2098233914));
#154 = VECTOR('',#155,1.);
#155 = DIRECTION('',(-0.582030901744,-0.803089190217,0.127623594886));
#156 = ORIENTED_EDGE('',*,*,#157,.T.);
#157 = EDGE_CURVE('',#150,#158,#160,.T.);
#158 = VERTEX_POINT('',#159);
#159 = CARTESIAN_POINT('',(16.608073871756,325.90290183988,
    -124.3092011621));
#160 = LINE('',#161,#162);
#161 = CARTESIAN_POINT('',(32.444117827562,310.06701556247,
    -151.7380018189));
#162 = VECTOR('',#163,1.);
#163 = DIRECTION('',(-0.447214799763,0.447210346876,0.774597849546));
#164 = ORIENTED_EDGE('',*,*,#165,.T.);
#165 = EDGE_CURVE('',#158,#140,#166,.T.);
#166 = LINE('',#167,#168);
#167 = CARTESIAN_POINT('',(16.608073871756,325.90290183988,
    -124.3092011621));
#168 = VECTOR('',#169,1.);
#169 = DIRECTION('',(0.458859530601,0.886452718684,6.041116382508E-02));
#170 = PLANE('',#171);
#171 = AXIS2_PLACEMENT_3D('',#172,#173,#174);
#172 = CARTESIAN_POINT('',(32.627025466873,310.31939245088,
    -151.7781085046));
#173 = DIRECTION('',(-0.679145751874,0.393764724428,-0.619443612856));
#174 = DIRECTION('',(-0.673886014391,1.942890293094E-16,0.738835326449)
  );
#175 = ADVANCED_FACE('',(#176),#208,.T.);
#176 = FACE_BOUND('',#177,.T.);
#177 = EDGE_LOOP('',(#178,#184,#185,#193,#201,#207));
#178 = ORIENTED_EDGE('',*,*,#179,.T.);
#179 = EDGE_CURVE('',#101,#140,#180,.T.);
#180 = LINE('',#181,#182);
#181 = CARTESIAN_POINT('',(9.666512708167,299.46197756237,
    -151.2847484621));
#182 = VECTOR('',#183,1.);
#183 = DIRECTION('',(-0.186155665171,-0.694745696779,-0.694747785266));
#184 = ORIENTED_EDGE('',*,*,#165,.F.);
#185 = ORIENTED_EDGE('',*,*,#186,.T.);
#186 = EDGE_CURVE('',#158,#187,#189,.T.);
#187 = VERTEX_POINT('',#188);
#188 = CARTESIAN_POINT('',(16.560422419865,325.85524994953,
    -124.2266663298));
#189 = LINE('',#190,#191);
#190 = CARTESIAN_POINT('',(7.306553412646,316.60129579512,
    -108.1984763003));
#191 = VECTOR('',#192,1.);
#192 = DIRECTION('',(-0.447212458748,-0.447216573663,0.774595606095));
#193 = ORIENTED_EDGE('',*,*,#194,.T.);
#194 = EDGE_CURVE('',#187,#195,#197,.T.);
#195 = VERTEX_POINT('',#196);
#196 = CARTESIAN_POINT('',(16.743433899802,326.53826133159,
    -123.5436528945));
#197 = LINE('',#198,#199);
#198 = CARTESIAN_POINT('',(9.408601854195,299.16416559514,
    -150.9178309207));
#199 = VECTOR('',#200,1.);
#200 = DIRECTION('',(0.186155665171,0.694745696779,0.694747785266));
#201 = ORIENTED_EDGE('',*,*,#202,.T.);
#202 = EDGE_CURVE('',#195,#109,#203,.T.);
#203 = LINE('',#204,#205);
#204 = CARTESIAN_POINT('',(-15.92223442042,256.15321666003,
    -142.4033335703));
#205 = VECTOR('',#206,1.);
#206 = DIRECTION('',(0.409063340067,0.881412900599,0.236174686346));
#207 = ORIENTED_EDGE('',*,*,#108,.F.);
#208 = PLANE('',#209);
#209 = AXIS2_PLACEMENT_3D('',#210,#211,#212);
#210 = CARTESIAN_POINT('',(9.537557281181,299.31307157876,
    -151.1012896914));
#211 = DIRECTION('',(-0.857814539517,0.459699454301,-0.229849140762));
#212 = DIRECTION('',(-0.258817393181,0.,0.965926268918));
#213 = ADVANCED_FACE('',(#214),#252,.T.);
#214 = FACE_BOUND('',#215,.T.);
#215 = EDGE_LOOP('',(#216,#226,#236,#244));
#216 = ORIENTED_EDGE('',*,*,#217,.T.);
#217 = EDGE_CURVE('',#218,#220,#222,.T.);
#218 = VERTEX_POINT('',#219);
#219 = CARTESIAN_POINT('',(25.242913158623,317.26594263599,
    -139.2651640334));
#220 = VERTEX_POINT('',#221);
#221 = CARTESIAN_POINT('',(25.615394727359,317.76128865789,
    -139.3626365618));
#222 = LINE('',#223,#224);
#223 = CARTESIAN_POINT('',(25.242913158623,317.26594263599,
    -139.2651640334));
#224 = VECTOR('',#225,1.);
#225 = DIRECTION('',(0.593705568469,0.789541594019,-0.155363346007));
#226 = ORIENTED_EDGE('',*,*,#227,.T.);
#227 = EDGE_CURVE('',#220,#228,#230,.T.);
#228 = VERTEX_POINT('',#229);
#229 = CARTESIAN_POINT('',(25.546052091833,313.32939461988,
    -144.4401284239));
#230 = B_SPLINE_CURVE_WITH_KNOTS('',3,(#231,#232,#233,#234,#235),
  .UNSPECIFIED.,.F.,.F.,(4,1,4),(0.556287095203,0.991071993806,
    1.570785191944),.UNSPECIFIED.);
#231 = CARTESIAN_POINT('',(25.615394727359,317.76128865789,
    -139.3626365618));
#232 = CARTESIAN_POINT('',(25.980395986577,317.35246002173,
    -140.045448407));
#233 = CARTESIAN_POINT('',(26.469306037723,316.07644181305,
    -141.8011472865));
#234 = CARTESIAN_POINT('',(26.046045187431,314.32939912095,
    -143.574092882));
#235 = CARTESIAN_POINT('',(25.546052091833,313.32939461988,
    -144.4401284239));
#236 = ORIENTED_EDGE('',*,*,#237,.T.);
#237 = EDGE_CURVE('',#228,#238,#240,.T.);
#238 = VERTEX_POINT('',#239);
#239 = CARTESIAN_POINT('',(25.361359752748,313.0819423752,
    -144.0477677915));
#240 = LINE('',#241,#242);
#241 = CARTESIAN_POINT('',(25.546052091833,313.32939461988,
    -144.4401284239));
#242 = VECTOR('',#243,1.);
#243 = DIRECTION('',(-0.369909775778,-0.495608019261,0.785836782689));
#244 = ORIENTED_EDGE('',*,*,#245,.T.);
#245 = EDGE_CURVE('',#238,#218,#246,.T.);
#246 = B_SPLINE_CURVE_WITH_KNOTS('',3,(#247,#248,#249,#250,#251),
  .UNSPECIFIED.,.F.,.F.,(4,1,4),(-1.570785191944,-0.991071993806,
    -0.556287095203),.UNSPECIFIED.);
#247 = CARTESIAN_POINT('',(25.361359752748,313.0819423752,
    -144.0477677915));
#248 = CARTESIAN_POINT('',(25.80244220936,314.04812990814,
    -143.1881361588));
#249 = CARTESIAN_POINT('',(26.117003762672,315.72355763035,
    -141.4677418576));
#250 = CARTESIAN_POINT('',(25.590335280422,316.8990415668,
    -139.8669160571));
#251 = CARTESIAN_POINT('',(25.242913158623,317.26594263599,
    -139.2651640334));
#252 = B_SPLINE_SURFACE_WITH_KNOTS('',3,3,(
    (#253,#254,#255,#256,#257)
    ,(#258,#259,#260,#261,#262)
    ,(#263,#264,#265,#266,#267)
    ,(#268,#269,#270,#271,#272
  )),.UNSPECIFIED.,.F.,.F.,.F.,(4,4),(4,1,4),(0.,1.),(0.556287095203,
    0.991071993806,1.570785191944),.UNSPECIFIED.);
#253 = CARTESIAN_POINT('',(25.242913158623,317.26594263599,
    -139.2651640334));
#254 = CARTESIAN_POINT('',(25.590335280422,316.8990415668,
    -139.8669160571));
#255 = CARTESIAN_POINT('',(26.117003762672,315.72355763035,
    -141.4677418576));
#256 = CARTESIAN_POINT('',(25.80244220936,314.04812990814,
    -143.1881361588));
#257 = CARTESIAN_POINT('',(25.361359752748,313.0819423752,
    -144.0477677915));
#258 = CARTESIAN_POINT('',(25.367073681535,317.43105797662,
    -139.2976548762));
#259 = CARTESIAN_POINT('',(25.720355515807,317.05018105178,
    -139.9264268404));
#260 = CARTESIAN_POINT('',(26.234437854356,315.84118569125,
    -141.5788770006));
#261 = CARTESIAN_POINT('',(25.883643202051,314.14188631241,
    -143.3167883999));
#262 = CARTESIAN_POINT('',(25.422923865776,313.16442645676,
    -144.178554669));
#263 = CARTESIAN_POINT('',(25.491234204447,317.59617331725,
    -139.330145719));
#264 = CARTESIAN_POINT('',(25.850375751192,317.20132053675,
    -139.9859376237));
#265 = CARTESIAN_POINT('',(26.351871946039,315.95881375215,
    -141.6900121435));
#266 = CARTESIAN_POINT('',(25.964844194741,314.23564271668,
    -143.445440641));
#267 = CARTESIAN_POINT('',(25.484487978805,313.24691053832,
    -144.3093415464));
#268 = CARTESIAN_POINT('',(25.615394727359,317.76128865789,
    -139.3626365618));
#269 = CARTESIAN_POINT('',(25.980395986577,317.35246002173,
    -140.045448407));
#270 = CARTESIAN_POINT('',(26.469306037723,316.07644181305,
    -141.8011472865));
#271 = CARTESIAN_POINT('',(26.046045187431,314.32939912095,
    -143.574092882));
#272 = CARTESIAN_POINT('',(25.546052091833,313.32939461988,
    -144.4401284239));
#273 = ADVANCED_FACE('',(#274),#292,.T.);
#274 = FACE_BOUND('',#275,.T.);
#275 = EDGE_LOOP('',(#276,#277,#284,#285));
#276 = ORIENTED_EDGE('',*,*,#217,.F.);
#277 = ORIENTED_EDGE('',*,*,#278,.T.);
#278 = EDGE_CURVE('',#218,#150,#279,.T.);
#279 = B_SPLINE_CURVE_WITH_KNOTS('',3,(#280,#281,#282,#283),
  .UNSPECIFIED.,.F.,.F.,(4,4),(-0.556287095203,-0.523596602901),
  .PIECEWISE_BEZIER_KNOTS.);
#280 = CARTESIAN_POINT('',(25.242913158623,317.26594263599,
    -139.2651640334));
#281 = CARTESIAN_POINT('',(25.216791275745,317.29352909682,
    -139.219919661));
#282 = CARTESIAN_POINT('',(25.190711347308,317.32034982105,
    -139.1747479542));
#283 = CARTESIAN_POINT('',(25.164650918394,317.34640999049,-139.12961002
    ));
#284 = ORIENTED_EDGE('',*,*,#149,.F.);
#285 = ORIENTED_EDGE('',*,*,#286,.T.);
#286 = EDGE_CURVE('',#142,#220,#287,.T.);
#287 = B_SPLINE_CURVE_WITH_KNOTS('',3,(#288,#289,#290,#291),
  .UNSPECIFIED.,.F.,.F.,(4,4),(0.523596602901,0.556287095203),
  .PIECEWISE_BEZIER_KNOTS.);
#288 = CARTESIAN_POINT('',(25.530466197017,317.8511637673,
    -139.2098233914));
#289 = CARTESIAN_POINT('',(25.559638023679,317.8219922311,
    -139.2603504183));
#290 = CARTESIAN_POINT('',(25.587951108932,317.79202755757,
    -139.3112974848));
#291 = CARTESIAN_POINT('',(25.615394727359,317.76128865789,
    -139.3626365618));
#292 = B_SPLINE_SURFACE_WITH_KNOTS('',3,3,(
    (#293,#294,#295,#296)
    ,(#297,#298,#299,#300)
    ,(#301,#302,#303,#304)
    ,(#305,#306,#307,#308
    )),.UNSPECIFIED.,.F.,.F.,.F.,(4,4),(4,4),(0.,1.),(0.523596602901,
    0.556287095203),.PIECEWISE_BEZIER_KNOTS.);
#293 = CARTESIAN_POINT('',(25.164650918394,317.34640999049,-139.12961002
    ));
#294 = CARTESIAN_POINT('',(25.190711347308,317.32034982105,
    -139.1747479542));
#295 = CARTESIAN_POINT('',(25.216791275745,317.29352909682,
    -139.219919661));
#296 = CARTESIAN_POINT('',(25.242913158623,317.26594263599,
    -139.2651640334));
#297 = CARTESIAN_POINT('',(25.286589344602,317.51466124942,
    -139.1563478105));
#298 = CARTESIAN_POINT('',(25.313686906098,317.48756395774,
    -139.2032821089));
#299 = CARTESIAN_POINT('',(25.34051122014,317.45969525041,
    -139.2503789356));
#300 = CARTESIAN_POINT('',(25.367073681535,317.43105797662,
    -139.2976548762));
#301 = CARTESIAN_POINT('',(25.408527770809,317.68291250836,
    -139.183085601));
#302 = CARTESIAN_POINT('',(25.436662464889,317.65477809442,
    -139.2318162636));
#303 = CARTESIAN_POINT('',(25.464231164536,317.62586140399,
    -139.2808382102));
#304 = CARTESIAN_POINT('',(25.491234204447,317.59617331725,
    -139.330145719));
#305 = CARTESIAN_POINT('',(25.530466197017,317.8511637673,
    -139.2098233914));
#306 = CARTESIAN_POINT('',(25.559638023679,317.8219922311,
    -139.2603504183));
#307 = CARTESIAN_POINT('',(25.587951108932,317.79202755757,
    -139.3112974848));
#308 = CARTESIAN_POINT('',(25.615394727359,317.76128865789,
    -139.3626365618));
#309 = ADVANCED_FACE('',(#310),#344,.T.);
#310 = FACE_BOUND('',#311,.T.);
#311 = EDGE_LOOP('',(#312,#322,#330,#338));
#312 = ORIENTED_EDGE('',*,*,#313,.T.);
#313 = EDGE_CURVE('',#314,#316,#318,.T.);
#314 = VERTEX_POINT('',#315);
#315 = CARTESIAN_POINT('',(25.242943492015,312.83441738134,
    -144.2651299843));
#316 = VERTEX_POINT('',#317);
#317 = CARTESIAN_POINT('',(25.422310815531,313.08190753584,
    -144.6544600701));
#318 = LINE('',#319,#320);
#319 = CARTESIAN_POINT('',(25.242943492015,312.83441738134,
    -144.2651299843));
#320 = VECTOR('',#321,1.);
#321 = DIRECTION('',(0.362375289936,0.500003650244,-0.786562457142));
#322 = ORIENTED_EDGE('',*,*,#323,.T.);
#323 = EDGE_CURVE('',#316,#324,#326,.T.);
#324 = VERTEX_POINT('',#325);
#325 = CARTESIAN_POINT('',(21.746946607089,305.7310445262,
    -151.0205400456));
#326 = LINE('',#327,#328);
#327 = CARTESIAN_POINT('',(15.971903950837,294.18074773019,
    -161.0234625662));
#328 = VECTOR('',#329,1.);
#329 = DIRECTION('',(-0.353546770981,-0.707106488933,-0.612376594947));
#330 = ORIENTED_EDGE('',*,*,#331,.T.);
#331 = EDGE_CURVE('',#324,#332,#334,.T.);
#332 = VERTEX_POINT('',#333);
#333 = CARTESIAN_POINT('',(21.567579283573,305.4835543717,
    -150.6312099599));
#334 = LINE('',#335,#336);
#335 = CARTESIAN_POINT('',(21.746946607089,305.7310445262,
    -151.0205400456));
#336 = VECTOR('',#337,1.);
#337 = DIRECTION('',(-0.362375289936,-0.500003650244,0.786562457142));
#338 = ORIENTED_EDGE('',*,*,#339,.T.);
#339 = EDGE_CURVE('',#332,#314,#340,.T.);
#340 = LINE('',#341,#342);
#341 = CARTESIAN_POINT('',(15.792536627321,293.93325757569,
    -160.6341324804));
#342 = VECTOR('',#343,1.);
#343 = DIRECTION('',(0.353546770981,0.707106488933,0.612376594947));
#344 = PLANE('',#345);
#345 = AXIS2_PLACEMENT_3D('',#346,#347,#348);
#346 = CARTESIAN_POINT('',(15.882220289079,294.05700265294,
    -160.8287975233));
#347 = DIRECTION('',(-0.862373950194,0.499996763041,-7.946324292007E-02)
  );
#348 = DIRECTION('',(-9.175605137498E-02,-2.775557561563E-17,
    0.995781515713));
#349 = ADVANCED_FACE('',(#350),#368,.T.);
#350 = FACE_BOUND('',#351,.T.);
#351 = EDGE_LOOP('',(#352,#353,#360,#361));
#352 = ORIENTED_EDGE('',*,*,#313,.F.);
#353 = ORIENTED_EDGE('',*,*,#354,.T.);
#354 = EDGE_CURVE('',#314,#238,#355,.T.);
#355 = B_SPLINE_CURVE_WITH_KNOTS('',3,(#356,#357,#358,#359),
  .UNSPECIFIED.,.F.,.F.,(4,4),(2.673028758962,2.708028732504),
  .PIECEWISE_BEZIER_KNOTS.);
#356 = CARTESIAN_POINT('',(25.242943492015,312.83441738134,
    -144.2651299843));
#357 = CARTESIAN_POINT('',(25.284190584115,312.91691307602,
    -144.1936861022));
#358 = CARTESIAN_POINT('',(25.323675859661,312.99939611395,
    -144.1212104462));
#359 = CARTESIAN_POINT('',(25.361359752748,313.0819423752,
    -144.0477677915));
#360 = ORIENTED_EDGE('',*,*,#237,.F.);
#361 = ORIENTED_EDGE('',*,*,#362,.T.);
#362 = EDGE_CURVE('',#228,#316,#363,.T.);
#363 = B_SPLINE_CURVE_WITH_KNOTS('',3,(#364,#365,#366,#367),
  .UNSPECIFIED.,.F.,.F.,(4,4),(-2.708028732504,-2.673028758962),
  .PIECEWISE_BEZIER_KNOTS.);
#364 = CARTESIAN_POINT('',(25.546052091833,313.32939461988,
    -144.4401284239));
#365 = CARTESIAN_POINT('',(25.504804999732,313.2468989252,-144.511572306
    ));
#366 = CARTESIAN_POINT('',(25.463557907632,313.16440323052,
    -144.583016188));
#367 = CARTESIAN_POINT('',(25.422310815531,313.08190753584,
    -144.6544600701));
#368 = B_SPLINE_SURFACE_WITH_KNOTS('',3,3,(
    (#369,#370,#371,#372)
    ,(#373,#374,#375,#376)
    ,(#377,#378,#379,#380)
    ,(#381,#382,#383,#384
    )),.UNSPECIFIED.,.F.,.F.,.F.,(4,4),(4,4),(0.,1.),(-2.708028732504,
    -2.673028758962),.PIECEWISE_BEZIER_KNOTS.);
#369 = CARTESIAN_POINT('',(25.361359752748,313.0819423752,
    -144.0477677915));
#370 = CARTESIAN_POINT('',(25.323675859661,312.99939611395,
    -144.1212104462));
#371 = CARTESIAN_POINT('',(25.284190584115,312.91691307602,
    -144.1936861022));
#372 = CARTESIAN_POINT('',(25.242943492015,312.83441738134,
    -144.2651299843));
#373 = CARTESIAN_POINT('',(25.422923865776,313.16442645676,
    -144.178554669));
#374 = CARTESIAN_POINT('',(25.384052239685,313.08189705103,
    -144.2513310661));
#375 = CARTESIAN_POINT('',(25.343979691954,312.99940979419,
    -144.3234627975));
#376 = CARTESIAN_POINT('',(25.302732599853,312.91691409951,
    -144.3949066796));
#377 = CARTESIAN_POINT('',(25.484487978805,313.24691053832,
    -144.3093415464));
#378 = CARTESIAN_POINT('',(25.444428619708,313.16439798812,
    -144.381451686));
#379 = CARTESIAN_POINT('',(25.403768799793,313.08190651235,
    -144.4532394928));
#380 = CARTESIAN_POINT('',(25.362521707692,312.99941081767,
    -144.5246833748));
#381 = CARTESIAN_POINT('',(25.546052091833,313.32939461988,
    -144.4401284239));
#382 = CARTESIAN_POINT('',(25.504804999732,313.2468989252,-144.511572306
    ));
#383 = CARTESIAN_POINT('',(25.463557907632,313.16440323052,
    -144.583016188));
#384 = CARTESIAN_POINT('',(25.422310815531,313.08190753584,
    -144.6544600701));
#385 = ADVANCED_FACE('',(#386),#422,.T.);
#386 = FACE_BOUND('',#387,.T.);
#387 = EDGE_LOOP('',(#388,#398,#407,#415));
#388 = ORIENTED_EDGE('',*,*,#389,.T.);
#389 = EDGE_CURVE('',#390,#392,#394,.T.);
#390 = VERTEX_POINT('',#391);
#391 = CARTESIAN_POINT('',(21.443838006427,305.23653923707,
    -150.8455416056));
#392 = VERTEX_POINT('',#393);
#393 = CARTESIAN_POINT('',(21.598633455652,305.46310378853,
    -151.244302896));
#394 = LINE('',#395,#396);
#395 = CARTESIAN_POINT('',(21.443838006427,305.23653923707,
    -150.8455416056));
#396 = VECTOR('',#397,1.);
#397 = DIRECTION('',(0.319792755519,0.468060931883,-0.823803106065));
#398 = ORIENTED_EDGE('',*,*,#399,.T.);
#399 = EDGE_CURVE('',#392,#400,#402,.T.);
#400 = VERTEX_POINT('',#401);
#401 = CARTESIAN_POINT('',(20.405482987638,304.17393843617,
    -152.0440351937));
#402 = B_SPLINE_CURVE_WITH_KNOTS('',3,(#403,#404,#405,#406),
  .UNSPECIFIED.,.F.,.F.,(4,4),(-1.447340654736,-0.785409882702),
  .PIECEWISE_BEZIER_KNOTS.);
#403 = CARTESIAN_POINT('',(21.598633455652,305.46310378853,
    -151.244302896));
#404 = CARTESIAN_POINT('',(21.309063932321,304.9864167431,
    -151.6275508058));
#405 = CARTESIAN_POINT('',(20.889153538786,304.52801583122,
    -151.9144305613));
#406 = CARTESIAN_POINT('',(20.405482987638,304.17393843617,
    -152.0440351937));
#407 = ORIENTED_EDGE('',*,*,#408,.T.);
#408 = EDGE_CURVE('',#400,#409,#411,.T.);
#409 = VERTEX_POINT('',#410);
#410 = CARTESIAN_POINT('',(20.421894909532,304.03117200212,
    -151.7152475342));
#411 = LINE('',#412,#413);
#412 = CARTESIAN_POINT('',(20.405482987638,304.17393843617,
    -152.0440351937));
#413 = VECTOR('',#414,1.);
#414 = DIRECTION('',(4.57383906412E-02,-0.397875823027,0.916298438868));
#415 = ORIENTED_EDGE('',*,*,#416,.T.);
#416 = EDGE_CURVE('',#409,#390,#417,.T.);
#417 = B_SPLINE_CURVE_WITH_KNOTS('',3,(#418,#419,#420,#421),
  .UNSPECIFIED.,.F.,.F.,(4,4),(0.785409882702,1.447340654736),
  .PIECEWISE_BEZIER_KNOTS.);
#418 = CARTESIAN_POINT('',(20.421894909532,304.03117200212,
    -151.7152475342));
#419 = CARTESIAN_POINT('',(20.86229905018,304.36429386355,
    -151.5479799049));
#420 = CARTESIAN_POINT('',(21.221493330689,304.79522633793,
    -151.230663693));
#421 = CARTESIAN_POINT('',(21.443838006427,305.23653923707,
    -150.8455416056));
#422 = B_SPLINE_SURFACE_WITH_KNOTS('',3,3,(
    (#423,#424,#425,#426)
    ,(#427,#428,#429,#430)
    ,(#431,#432,#433,#434)
    ,(#435,#436,#437,#438
    )),.UNSPECIFIED.,.F.,.F.,.F.,(4,4),(4,4),(0.,1.),(-1.447340654736,
    -0.785409882702),.PIECEWISE_BEZIER_KNOTS.);
#423 = CARTESIAN_POINT('',(21.443838006427,305.23653923707,
    -150.8455416056));
#424 = CARTESIAN_POINT('',(21.221493330689,304.79522633793,
    -151.230663693));
#425 = CARTESIAN_POINT('',(20.86229905018,304.36429386355,
    -151.5479799049));
#426 = CARTESIAN_POINT('',(20.421894909532,304.03117200212,
    -151.7152475342));
#427 = CARTESIAN_POINT('',(21.495436489502,305.31206075422,
    -150.9784620357));
#428 = CARTESIAN_POINT('',(21.250683531233,304.85895647299,
    -151.3629593973));
#429 = CARTESIAN_POINT('',(20.871250546382,304.41886785277,
    -151.6701301237));
#430 = CARTESIAN_POINT('',(20.416424268901,304.07876081347,
    -151.8248434207));
#431 = CARTESIAN_POINT('',(21.547034972577,305.38758227138,
    -151.1113824659));
#432 = CARTESIAN_POINT('',(21.279873731777,304.92268660804,
    -151.4952551015));
#433 = CARTESIAN_POINT('',(20.880202042584,304.47344184199,
    -151.7922803425));
#434 = CARTESIAN_POINT('',(20.410953628269,304.12634962482,
    -151.9344393072));
#435 = CARTESIAN_POINT('',(21.598633455652,305.46310378853,
    -151.244302896));
#436 = CARTESIAN_POINT('',(21.309063932321,304.9864167431,
    -151.6275508058));
#437 = CARTESIAN_POINT('',(20.889153538786,304.52801583122,
    -151.9144305613));
#438 = CARTESIAN_POINT('',(20.405482987638,304.17393843617,
    -152.0440351937));
#439 = ADVANCED_FACE('',(#440),#458,.T.);
#440 = FACE_BOUND('',#441,.T.);
#441 = EDGE_LOOP('',(#442,#443,#450,#451));
#442 = ORIENTED_EDGE('',*,*,#389,.F.);
#443 = ORIENTED_EDGE('',*,*,#444,.T.);
#444 = EDGE_CURVE('',#390,#332,#445,.T.);
#445 = B_SPLINE_CURVE_WITH_KNOTS('',3,(#446,#447,#448,#449),
  .UNSPECIFIED.,.F.,.F.,(4,4),(1.447340654736,1.570807461646),
  .PIECEWISE_BEZIER_KNOTS.);
#446 = CARTESIAN_POINT('',(21.443838006427,305.23653923707,
    -150.8455416056));
#447 = CARTESIAN_POINT('',(21.485310904057,305.31885523869,
    -150.7737066095));
#448 = CARTESIAN_POINT('',(21.526424495738,305.40124328893,
    -150.7024939622));
#449 = CARTESIAN_POINT('',(21.567579283573,305.4835543717,
    -150.6312099598));
#450 = ORIENTED_EDGE('',*,*,#331,.F.);
#451 = ORIENTED_EDGE('',*,*,#452,.T.);
#452 = EDGE_CURVE('',#324,#392,#453,.T.);
#453 = B_SPLINE_CURVE_WITH_KNOTS('',3,(#454,#455,#456,#457),
  .UNSPECIFIED.,.F.,.F.,(4,4),(-1.570807461646,-1.447340654736),
  .PIECEWISE_BEZIER_KNOTS.);
#454 = CARTESIAN_POINT('',(21.74694660709,305.7310445262,-151.0205400456
    ));
#455 = CARTESIAN_POINT('',(21.702190741763,305.64153115657,
    -151.0980614563));
#456 = CARTESIAN_POINT('',(21.65264548521,305.55201796186,
    -151.1728174814));
#457 = CARTESIAN_POINT('',(21.598633455652,305.46310378853,
    -151.244302896));
#458 = B_SPLINE_SURFACE_WITH_KNOTS('',3,3,(
    (#459,#460,#461,#462)
    ,(#463,#464,#465,#466)
    ,(#467,#468,#469,#470)
    ,(#471,#472,#473,#474
    )),.UNSPECIFIED.,.F.,.F.,.F.,(4,4),(4,4),(0.,1.),(-1.570807461646,
    -1.447340654736),.PIECEWISE_BEZIER_KNOTS.);
#459 = CARTESIAN_POINT('',(21.567579283573,305.4835543717,
    -150.6312099598));
#460 = CARTESIAN_POINT('',(21.526424495738,305.40124328893,
    -150.7024939622));
#461 = CARTESIAN_POINT('',(21.485310904057,305.31885523869,
    -150.7737066095));
#462 = CARTESIAN_POINT('',(21.443838006427,305.23653923707,
    -150.8455416056));
#463 = CARTESIAN_POINT('',(21.627368391412,305.56605108987,
    -150.7609866551));
#464 = CARTESIAN_POINT('',(21.585013244413,305.48133924481,
    -150.8343497935));
#465 = CARTESIAN_POINT('',(21.541089097775,305.39657614641,
    -150.9067435668));
#466 = CARTESIAN_POINT('',(21.495436489502,305.31206075422,
    -150.9784620357));
#467 = CARTESIAN_POINT('',(21.687157499251,305.64854780803,
    -150.8907633504));
#468 = CARTESIAN_POINT('',(21.643601993088,305.56143520069,
    -150.9662056249));
#469 = CARTESIAN_POINT('',(21.596867291493,305.47429705413,
    -151.0397805241));
#470 = CARTESIAN_POINT('',(21.547034972577,305.38758227138,
    -151.1113824659));
#471 = CARTESIAN_POINT('',(21.74694660709,305.7310445262,-151.0205400456
    ));
#472 = CARTESIAN_POINT('',(21.702190741763,305.64153115657,
    -151.0980614563));
#473 = CARTESIAN_POINT('',(21.65264548521,305.55201796186,
    -151.1728174814));
#474 = CARTESIAN_POINT('',(21.598633455652,305.46310378853,
    -151.244302896));
#475 = ADVANCED_FACE('',(#476),#510,.T.);
#476 = FACE_BOUND('',#477,.T.);
#477 = EDGE_LOOP('',(#478,#488,#496,#504));
#478 = ORIENTED_EDGE('',*,*,#479,.T.);
#479 = EDGE_CURVE('',#480,#482,#484,.T.);
#480 = VERTEX_POINT('',#481);
#481 = CARTESIAN_POINT('',(20.229436052845,303.88816195095,
    -151.7774055896));
#482 = VERTEX_POINT('',#483);
#483 = CARTESIAN_POINT('',(20.210293035118,304.03105031149,
    -152.0963346503));
#484 = LINE('',#485,#486);
#485 = CARTESIAN_POINT('',(20.229436052845,303.88816195095,
    -151.7774055896));
#486 = VECTOR('',#487,1.);
#487 = DIRECTION('',(-5.469449610039E-02,0.408253650986,-0.911228549022)
  );
#488 = ORIENTED_EDGE('',*,*,#489,.T.);
#489 = EDGE_CURVE('',#482,#490,#492,.T.);
#490 = VERTEX_POINT('',#491);
#491 = CARTESIAN_POINT('',(17.907812166695,302.34549012606,
    -152.7133072741));
#492 = LINE('',#493,#494);
#493 = CARTESIAN_POINT('',(8.853108516883,295.71688001587,
    -155.1396050754));
#494 = VECTOR('',#495,1.);
#495 = DIRECTION('',(-0.788669479179,-0.577355448115,-0.211331822365));
#496 = ORIENTED_EDGE('',*,*,#497,.T.);
#497 = EDGE_CURVE('',#490,#498,#500,.T.);
#498 = VERTEX_POINT('',#499);
#499 = CARTESIAN_POINT('',(17.926955184422,302.20260176552,
    -152.3943782134));
#500 = LINE('',#501,#502);
#501 = CARTESIAN_POINT('',(17.907812166695,302.34549012606,
    -152.7133072741));
#502 = VECTOR('',#503,1.);
#503 = DIRECTION('',(5.469449610038E-02,-0.408253650986,0.911228549022)
  );
#504 = ORIENTED_EDGE('',*,*,#505,.T.);
#505 = EDGE_CURVE('',#498,#480,#506,.T.);
#506 = LINE('',#507,#508);
#507 = CARTESIAN_POINT('',(8.87225153461,295.57399165533,-154.8206760147
    ));
#508 = VECTOR('',#509,1.);
#509 = DIRECTION('',(0.788669479179,0.577355448115,0.211331822365));
#510 = PLANE('',#511);
#511 = AXIS2_PLACEMENT_3D('',#512,#513,#514);
#512 = CARTESIAN_POINT('',(8.862680025746,295.6454358356,-154.980140545)
  );
#513 = DIRECTION('',(-0.612379755306,0.707099457636,0.353555359601));
#514 = DIRECTION('',(0.499997606144,-5.551115123126E-17,0.866026785873)
  );
#515 = ADVANCED_FACE('',(#516),#534,.T.);
#516 = FACE_BOUND('',#517,.T.);
#517 = EDGE_LOOP('',(#518,#519,#526,#527));
#518 = ORIENTED_EDGE('',*,*,#479,.F.);
#519 = ORIENTED_EDGE('',*,*,#520,.T.);
#520 = EDGE_CURVE('',#480,#409,#521,.T.);
#521 = B_SPLINE_CURVE_WITH_KNOTS('',3,(#522,#523,#524,#525),
  .UNSPECIFIED.,.F.,.F.,(4,4),(1.555514329694,1.580263333514),
  .PIECEWISE_BEZIER_KNOTS.);
#522 = CARTESIAN_POINT('',(20.229436052845,303.88816195095,
    -151.7774055896));
#523 = CARTESIAN_POINT('',(20.29449866602,303.93579185825,-151.759971416
    ));
#524 = CARTESIAN_POINT('',(20.358709253442,303.9833808233,
    -151.7392457128));
#525 = CARTESIAN_POINT('',(20.4218938721,304.03117357151,-151.7152479282
    ));
#526 = ORIENTED_EDGE('',*,*,#408,.F.);
#527 = ORIENTED_EDGE('',*,*,#528,.T.);
#528 = EDGE_CURVE('',#400,#482,#529,.T.);
#529 = B_SPLINE_CURVE_WITH_KNOTS('',3,(#530,#531,#532,#533),
  .UNSPECIFIED.,.F.,.F.,(4,4),(-1.580263343185,-1.555514329694),
  .PIECEWISE_BEZIER_KNOTS.);
#530 = CARTESIAN_POINT('',(20.40548095092,304.17394008923,-152.044032109
    ));
#531 = CARTESIAN_POINT('',(20.34041831232,304.12631016332,
    -152.0614662895));
#532 = CARTESIAN_POINT('',(20.275355673719,304.0786802374,
    -152.0789004699));
#533 = CARTESIAN_POINT('',(20.210293035118,304.03105031149,
    -152.0963346503));
#534 = B_SPLINE_SURFACE_WITH_KNOTS('',3,3,(
    (#535,#536,#537,#538)
    ,(#539,#540,#541,#542)
    ,(#543,#544,#545,#546)
    ,(#547,#548,#549,#550
    )),.UNSPECIFIED.,.F.,.F.,.F.,(4,4),(4,4),(-2.893179149805E-06,
    1.000005784604),(-1.580263343185,-1.555514329694),
  .PIECEWISE_BEZIER_KNOTS.);
#535 = CARTESIAN_POINT('',(20.421893993661,304.03117321449,
    -151.7152469488));
#536 = CARTESIAN_POINT('',(20.358709356547,303.98338044698,
    -151.7392447644));
#537 = CARTESIAN_POINT('',(20.29449874683,303.93579146346,
    -151.7599704864));
#538 = CARTESIAN_POINT('',(20.229436108229,303.88816153755,
    -151.7774046668));
#539 = CARTESIAN_POINT('',(20.416422947767,304.07876244802,
    -151.8248426362));
#540 = CARTESIAN_POINT('',(20.352612306536,304.03102396135,
    -151.8466525607));
#541 = CARTESIAN_POINT('',(20.288117685548,303.98342133029,
    -151.8662810959));
#542 = CARTESIAN_POINT('',(20.223055046948,303.93579140438,
    -151.8837152763));
#543 = CARTESIAN_POINT('',(20.410951901872,304.12635168155,
    -151.9344383236));
#544 = CARTESIAN_POINT('',(20.346515256525,304.07866747573,
    -151.954060357));
#545 = CARTESIAN_POINT('',(20.281736624266,304.03105119712,
    -151.9725917053));
#546 = CARTESIAN_POINT('',(20.216673985665,303.98342127121,
    -151.9900258857));
#547 = CARTESIAN_POINT('',(20.405480855978,304.17394091508,
    -152.0440340109));
#548 = CARTESIAN_POINT('',(20.340418206513,304.12631099011,
    -152.0614681534));
#549 = CARTESIAN_POINT('',(20.275355562984,304.07868106395,
    -152.0789023147));
#550 = CARTESIAN_POINT('',(20.210292924383,304.03105113804,
    -152.0963364951));
#551 = ADVANCED_FACE('',(#552),#588,.T.);
#552 = FACE_BOUND('',#553,.T.);
#553 = EDGE_LOOP('',(#554,#564,#573,#581));
#554 = ORIENTED_EDGE('',*,*,#555,.T.);
#555 = EDGE_CURVE('',#556,#558,#560,.T.);
#556 = VERTEX_POINT('',#557);
#557 = CARTESIAN_POINT('',(17.731767408387,302.06660701768,
    -152.4466807064));
#558 = VERTEX_POINT('',#559);
#559 = CARTESIAN_POINT('',(17.697832183239,302.20085675463,
    -152.7590828622));
#560 = LINE('',#561,#562);
#561 = CARTESIAN_POINT('',(17.731767408387,302.06660701768,
    -152.4466807064));
#562 = VECTOR('',#563,1.);
#563 = DIRECTION('',(-9.93083247591E-02,0.392869545359,-0.914216263782)
  );
#564 = ORIENTED_EDGE('',*,*,#565,.T.);
#565 = EDGE_CURVE('',#558,#566,#568,.T.);
#566 = VERTEX_POINT('',#567);
#567 = CARTESIAN_POINT('',(16.090385254492,301.65507986476,
    -152.4612247561));
#568 = B_SPLINE_CURVE_WITH_KNOTS('',3,(#569,#570,#571,#572),
  .UNSPECIFIED.,.F.,.F.,(4,4),(-0.691229404563,-9.47647027863E-06),
  .PIECEWISE_BEZIER_KNOTS.);
#569 = CARTESIAN_POINT('',(17.697832183239,302.20085675463,
    -152.7590828622));
#570 = CARTESIAN_POINT('',(17.176058359099,301.86350427761,
    -152.8473760081));
#571 = CARTESIAN_POINT('',(16.588229601874,301.6550865117,
    -152.7486504759));
#572 = CARTESIAN_POINT('',(16.090385254492,301.65507986476,
    -152.4612247561));
#573 = ORIENTED_EDGE('',*,*,#574,.T.);
#574 = EDGE_CURVE('',#566,#575,#577,.T.);
#575 = VERTEX_POINT('',#576);
#576 = CARTESIAN_POINT('',(16.21412844728,301.55256713589,
    -152.2468940146));
#577 = LINE('',#578,#579);
#578 = CARTESIAN_POINT('',(16.090385254492,301.65507986476,
    -152.4612247561));
#579 = VECTOR('',#580,1.);
#580 = DIRECTION('',(0.461937711665,-0.382683639586,0.800104232294));
#581 = ORIENTED_EDGE('',*,*,#582,.T.);
#582 = EDGE_CURVE('',#575,#556,#583,.T.);
#583 = B_SPLINE_CURVE_WITH_KNOTS('',3,(#584,#585,#586,#587),
  .UNSPECIFIED.,.F.,.F.,(4,4),(9.47647027863E-06,0.691229404563),
  .PIECEWISE_BEZIER_KNOTS.);
#584 = CARTESIAN_POINT('',(16.21412844728,301.55256713589,
    -152.2468940146));
#585 = CARTESIAN_POINT('',(16.683045134313,301.5525733966,
    -152.5176175868));
#586 = CARTESIAN_POINT('',(17.250572189026,301.74902959049,
    -152.5756216923));
#587 = CARTESIAN_POINT('',(17.731767408387,302.06660701768,
    -152.4466807064));
#588 = B_SPLINE_SURFACE_WITH_KNOTS('',3,3,(
    (#589,#590,#591,#592)
    ,(#593,#594,#595,#596)
    ,(#597,#598,#599,#600)
    ,(#601,#602,#603,#604
    )),.UNSPECIFIED.,.F.,.F.,.F.,(4,4),(4,4),(0.,1.),(-0.691229404563,
    -9.47647027863E-06),.PIECEWISE_BEZIER_KNOTS.);
#589 = CARTESIAN_POINT('',(17.731767408387,302.06660701768,
    -152.4466807064));
#590 = CARTESIAN_POINT('',(17.250572189026,301.74902959049,
    -152.5756216923));
#591 = CARTESIAN_POINT('',(16.683045134313,301.5525733966,
    -152.5176175868));
#592 = CARTESIAN_POINT('',(16.21412844728,301.55256713589,
    -152.2468940146));
#593 = CARTESIAN_POINT('',(17.720455666671,302.11135693,-152.5508147584)
  );
#594 = CARTESIAN_POINT('',(17.225734245717,301.78718781953,
    -152.6662064642));
#595 = CARTESIAN_POINT('',(16.651439956833,301.58674443496,
    -152.5946285498));
#596 = CARTESIAN_POINT('',(16.172880716351,301.58673804551,
    -152.3183375951));
#597 = CARTESIAN_POINT('',(17.709143924955,302.15610684231,
    -152.6549488103));
#598 = CARTESIAN_POINT('',(17.200896302408,301.82534604857,
    -152.7567912361));
#599 = CARTESIAN_POINT('',(16.619834779353,301.62091547333,
    -152.6716395129));
#600 = CARTESIAN_POINT('',(16.131632985421,301.62090895513,
    -152.3897811756));
#601 = CARTESIAN_POINT('',(17.697832183239,302.20085675463,
    -152.7590828622));
#602 = CARTESIAN_POINT('',(17.176058359099,301.86350427761,
    -152.8473760081));
#603 = CARTESIAN_POINT('',(16.588229601874,301.6550865117,
    -152.7486504759));
#604 = CARTESIAN_POINT('',(16.090385254492,301.65507986476,
    -152.4612247561));
#605 = ADVANCED_FACE('',(#606),#631,.T.);
#606 = FACE_BOUND('',#607,.T.);
#607 = EDGE_LOOP('',(#608,#618,#624,#625));
#608 = ORIENTED_EDGE('',*,*,#609,.T.);
#609 = EDGE_CURVE('',#610,#612,#614,.T.);
#610 = VERTEX_POINT('',#611);
#611 = CARTESIAN_POINT('',(1.926907030021,301.65486859935,
    -144.2841003091));
#612 = VERTEX_POINT('',#613);
#613 = CARTESIAN_POINT('',(2.050647534983,301.55235587052,
    -144.0697737422));
#614 = LINE('',#615,#616);
#615 = CARTESIAN_POINT('',(1.926907030021,301.65486859935,
    -144.2841003091));
#616 = VECTOR('',#617,1.);
#617 = DIRECTION('',(0.461935578877,-0.382690185013,0.800102332994));
#618 = ORIENTED_EDGE('',*,*,#619,.T.);
#619 = EDGE_CURVE('',#612,#575,#620,.T.);
#620 = LINE('',#621,#622);
#621 = CARTESIAN_POINT('',(4.503099547088,301.55239331052,
    -145.4856682663));
#622 = VECTOR('',#623,1.);
#623 = DIRECTION('',(0.866029884721,1.322111821729E-05,-0.499992238536)
  );
#624 = ORIENTED_EDGE('',*,*,#574,.F.);
#625 = ORIENTED_EDGE('',*,*,#626,.T.);
#626 = EDGE_CURVE('',#566,#610,#627,.T.);
#627 = LINE('',#628,#629);
#628 = CARTESIAN_POINT('',(4.379359042127,301.65490603935,
    -145.6999948331));
#629 = VECTOR('',#630,1.);
#630 = DIRECTION('',(-0.866029884721,-1.322111821729E-05,0.499992238536)
  );
#631 = PLANE('',#632);
#632 = AXIS2_PLACEMENT_3D('',#633,#634,#635);
#633 = CARTESIAN_POINT('',(4.441229294608,301.60364967493,
    -145.5928315497));
#634 = DIRECTION('',(0.191331544023,0.923876735349,0.331427244116));
#635 = DIRECTION('',(-2.775557561563E-17,-0.33766545609,0.941266189642)
  );
#636 = ADVANCED_FACE('',(#637),#676,.T.);
#637 = FACE_BOUND('',#638,.T.);
#638 = EDGE_LOOP('',(#639,#649,#662,#663));
#639 = ORIENTED_EDGE('',*,*,#640,.T.);
#640 = EDGE_CURVE('',#641,#643,#645,.T.);
#641 = VERTEX_POINT('',#642);
#642 = CARTESIAN_POINT('',(1.670746227062,301.40234737508,
    -144.4277916975));
#643 = VERTEX_POINT('',#644);
#644 = CARTESIAN_POINT('',(1.544118159953,301.15893210926,
    -144.0736151009));
#645 = LINE('',#646,#647);
#646 = CARTESIAN_POINT('',(1.670746227062,301.40234737508,
    -144.4277916975));
#647 = VECTOR('',#648,1.);
#648 = DIRECTION('',(-0.28263593816,-0.543306895443,0.790528015838));
#649 = ORIENTED_EDGE('',*,*,#650,.T.);
#650 = EDGE_CURVE('',#643,#612,#651,.T.);
#651 = B_SPLINE_CURVE_WITH_KNOTS('',3,(#652,#653,#654,#655,#656,#657,
    #658,#659,#660,#661),.UNSPECIFIED.,.F.,.F.,(4,1,1,1,1,1,1,4),(
    -1.570807461646,-1.122008511133,-0.897609035877,-0.673209560621,
    -0.617109691806,-0.336610347736,-0.224410610108,-6.30944761248E-05),
  .UNSPECIFIED.);
#652 = CARTESIAN_POINT('',(1.544118159953,301.15893210926,
    -144.0736151009));
#653 = CARTESIAN_POINT('',(1.608322493079,301.23373216789,
    -144.0352375189));
#654 = CARTESIAN_POINT('',(1.711864728727,301.33930610385,
    -144.0033244404));
#655 = CARTESIAN_POINT('',(1.836466008585,301.4446049144,-144.001593276)
  );
#656 = CARTESIAN_POINT('',(1.896516026921,301.48735632625,-144.011301653
    ));
#657 = CARTESIAN_POINT('',(1.953882566001,301.52289317564,
    -144.0257741901));
#658 = CARTESIAN_POINT('',(1.990039521299,301.53990617961,
    -144.0394485556));
#659 = CARTESIAN_POINT('',(2.025985206901,301.55064335867,-144.056086267
    ));
#660 = CARTESIAN_POINT('',(2.040929489677,301.55235023594,
    -144.0641632114));
#661 = CARTESIAN_POINT('',(2.050644160262,301.55235091094,
    -144.0697717939));
#662 = ORIENTED_EDGE('',*,*,#609,.F.);
#663 = ORIENTED_EDGE('',*,*,#664,.T.);
#664 = EDGE_CURVE('',#610,#641,#665,.T.);
#665 = B_SPLINE_CURVE_WITH_KNOTS('',3,(#666,#667,#668,#669,#670,#671,
    #672,#673,#674,#675),.UNSPECIFIED.,.F.,.F.,(4,1,1,1,1,1,1,4),(
    7.850896176477E-04,0.224410610108,0.336610347736,0.617109691806,
    0.673209560621,0.897609035877,1.122008511133,1.570807461646),
  .UNSPECIFIED.);
#666 = CARTESIAN_POINT('',(1.926904554017,301.65486364375,
    -144.2841046018));
#667 = CARTESIAN_POINT('',(1.926579529171,301.65486434832,
    -144.2839161332));
#668 = CARTESIAN_POINT('',(1.925954185102,301.65501709822,
    -144.2833787061));
#669 = CARTESIAN_POINT('',(1.914971102339,301.65214714634,
    -144.2803515038));
#670 = CARTESIAN_POINT('',(1.895597752339,301.64412717386,
    -144.2784268819));
#671 = CARTESIAN_POINT('',(1.860452643918,301.62289655808,
    -144.2826507285));
#672 = CARTESIAN_POINT('',(1.822240096968,301.59534087605,
    -144.2924071527));
#673 = CARTESIAN_POINT('',(1.746581987983,301.52367838917,
    -144.3314744775));
#674 = CARTESIAN_POINT('',(1.695055695974,301.45096720312,
    -144.3856853879));
#675 = CARTESIAN_POINT('',(1.670746227062,301.40234737508,
    -144.4277916975));
#676 = B_SPLINE_SURFACE_WITH_KNOTS('',3,3,(
    (#677,#678,#679,#680,#681,#682,#683,#684,#685,#686)
    ,(#687,#688,#689,#690,#691,#692,#693,#694,#695,#696)
    ,(#697,#698,#699,#700,#701,#702,#703,#704,#705,#706)
    ,(#707,#708,#709,#710,#711,#712,#713,#714,#715,#716
  )),.UNSPECIFIED.,.F.,.F.,.F.,(4,4),(4,1,1,1,1,1,1,4),(0.,1.),(
    1.113485137377E-05,0.224410610108,0.336610347736,0.617109691806,
    0.673209560621,0.897609035877,1.122008511133,1.570807461646),
  .UNSPECIFIED.);
#677 = CARTESIAN_POINT('',(2.050650910071,301.55235091123,
    -144.0697756908));
#678 = CARTESIAN_POINT('',(2.04093410407,301.55235076289,-144.0641657054
    ));
#679 = CARTESIAN_POINT('',(2.025988233779,301.55064426282,-144.056087668
    ));
#680 = CARTESIAN_POINT('',(1.990039521299,301.53990617961,
    -144.0394485556));
#681 = CARTESIAN_POINT('',(1.953882566001,301.52289317564,
    -144.0257741901));
#682 = CARTESIAN_POINT('',(1.896516026921,301.48735632625,-144.011301653
    ));
#683 = CARTESIAN_POINT('',(1.836466008585,301.4446049144,-144.001593276)
  );
#684 = CARTESIAN_POINT('',(1.711864728727,301.33930610385,
    -144.0033244404));
#685 = CARTESIAN_POINT('',(1.608322493079,301.23373216789,
    -144.0352375189));
#686 = CARTESIAN_POINT('',(1.544118159953,301.15893210926,
    -144.0736151009));
#687 = CARTESIAN_POINT('',(2.009403248549,301.58652182085,
    -144.1412193114));
#688 = CARTESIAN_POINT('',(2.002816863742,301.5865217203,-144.1374166717
    ));
#689 = CARTESIAN_POINT('',(1.992648148253,301.58543640927,
    -144.1318526145));
#690 = CARTESIAN_POINT('',(1.965016714979,301.57731983519,
    -144.1197495383));
#691 = CARTESIAN_POINT('',(1.93445429478,301.56330450838,-144.109991754)
  );
#692 = CARTESIAN_POINT('',(1.884494899253,301.53253640353,
    -144.1017513448));
#693 = CARTESIAN_POINT('',(1.831724038046,301.49485023495,
    -144.0985312349));
#694 = CARTESIAN_POINT('',(1.723437148479,301.40076353229,
    -144.1127077861));
#695 = CARTESIAN_POINT('',(1.63723356071,301.3061438463,-144.1520534752)
  );
#696 = CARTESIAN_POINT('',(1.586327515656,301.2400705312,-144.1916739664
    ));
#697 = CARTESIAN_POINT('',(1.968155587026,301.62069273048,-144.212662932
    ));
#698 = CARTESIAN_POINT('',(1.964699623415,301.62069267772,
    -144.2106676381));
#699 = CARTESIAN_POINT('',(1.959308062726,301.62022855573,-144.207617561
    ));
#700 = CARTESIAN_POINT('',(1.939993908659,301.61473349076,
    -144.2000505211));
#701 = CARTESIAN_POINT('',(1.91502602356,301.60371584112,-144.194209318)
  );
#702 = CARTESIAN_POINT('',(1.872473771586,301.5777164808,-144.1922010367
    ));
#703 = CARTESIAN_POINT('',(1.826982067507,301.5450955555,-144.1954691938
    ));
#704 = CARTESIAN_POINT('',(1.735009568231,301.46222096073,
    -144.2220911318));
#705 = CARTESIAN_POINT('',(1.666144628342,301.37855552471,
    -144.2688694316));
#706 = CARTESIAN_POINT('',(1.628536871359,301.32120895314,
    -144.3097328319));
#707 = CARTESIAN_POINT('',(1.926907925503,301.6548636401,-144.2841065525
    ));
#708 = CARTESIAN_POINT('',(1.926582383087,301.65486363513,
    -144.2839186044));
#709 = CARTESIAN_POINT('',(1.9259679772,301.65502070218,-144.2833825075)
  );
#710 = CARTESIAN_POINT('',(1.914971102339,301.65214714634,
    -144.2803515038));
#711 = CARTESIAN_POINT('',(1.895597752339,301.64412717386,
    -144.2784268819));
#712 = CARTESIAN_POINT('',(1.860452643918,301.62289655808,
    -144.2826507285));
#713 = CARTESIAN_POINT('',(1.822240096968,301.59534087605,
    -144.2924071527));
#714 = CARTESIAN_POINT('',(1.746581987983,301.52367838917,
    -144.3314744775));
#715 = CARTESIAN_POINT('',(1.695055695974,301.45096720312,
    -144.3856853879));
#716 = CARTESIAN_POINT('',(1.670746227062,301.40234737508,
    -144.4277916975));
#717 = ADVANCED_FACE('',(#718),#736,.T.);
#718 = FACE_BOUND('',#719,.T.);
#719 = EDGE_LOOP('',(#720,#721,#728,#729));
#720 = ORIENTED_EDGE('',*,*,#555,.F.);
#721 = ORIENTED_EDGE('',*,*,#722,.T.);
#722 = EDGE_CURVE('',#556,#498,#723,.T.);
#723 = B_SPLINE_CURVE_WITH_KNOTS('',3,(#724,#725,#726,#727),
  .UNSPECIFIED.,.F.,.F.,(4,4),(0.691229404563,0.785409813315),
  .PIECEWISE_BEZIER_KNOTS.);
#724 = CARTESIAN_POINT('',(17.731767408387,302.06660701768,
    -152.4466807064));
#725 = CARTESIAN_POINT('',(17.797331435996,302.10987772023,
    -152.4291121812));
#726 = CARTESIAN_POINT('',(17.862223986055,302.15521197057,
    -152.4117235811));
#727 = CARTESIAN_POINT('',(17.926956246486,302.20260006339,
    -152.3943779288));
#728 = ORIENTED_EDGE('',*,*,#497,.F.);
#729 = ORIENTED_EDGE('',*,*,#730,.T.);
#730 = EDGE_CURVE('',#490,#558,#731,.T.);
#731 = B_SPLINE_CURVE_WITH_KNOTS('',3,(#732,#733,#734,#735),
  .UNSPECIFIED.,.F.,.F.,(4,4),(-0.785409813315,-0.691229404563),
  .PIECEWISE_BEZIER_KNOTS.);
#732 = CARTESIAN_POINT('',(17.907814203414,302.345488473,-152.7133103588
    ));
#733 = CARTESIAN_POINT('',(17.838996899014,302.29510986369,
    -152.7317506772));
#734 = CARTESIAN_POINT('',(17.76892514517,302.24682185616,
    -152.7470527048));
#735 = CARTESIAN_POINT('',(17.697832183239,302.20085675463,
    -152.7590828622));
#736 = B_SPLINE_SURFACE_WITH_KNOTS('',3,3,(
    (#737,#738,#739,#740)
    ,(#741,#742,#743,#744)
    ,(#745,#746,#747,#748)
    ,(#749,#750,#751,#752
    )),.UNSPECIFIED.,.F.,.F.,.F.,(4,4),(4,4),(0.,1.),(-0.785409813315,
    -0.691229404563),.PIECEWISE_BEZIER_KNOTS.);
#737 = CARTESIAN_POINT('',(17.926956246486,302.20260006339,
    -152.3943779288));
#738 = CARTESIAN_POINT('',(17.862223986055,302.15521197057,
    -152.4117235811));
#739 = CARTESIAN_POINT('',(17.797331435996,302.10987772023,
    -152.4291121812));
#740 = CARTESIAN_POINT('',(17.731767408387,302.06660701768,
    -152.4466807064));
#741 = CARTESIAN_POINT('',(17.920575565462,302.25022953326,
    -152.5006887388));
#742 = CARTESIAN_POINT('',(17.854481623708,302.20184460161,
    -152.5183992798));
#743 = CARTESIAN_POINT('',(17.787862672387,302.15552576554,
    -152.5350923557));
#744 = CARTESIAN_POINT('',(17.720455666671,302.11135693,-152.5508147584)
  );
#745 = CARTESIAN_POINT('',(17.914194884438,302.29785900313,
    -152.6069995488));
#746 = CARTESIAN_POINT('',(17.846739261361,302.24847723265,
    -152.6250749785));
#747 = CARTESIAN_POINT('',(17.778393908779,302.20117381085,
    -152.6410725303));
#748 = CARTESIAN_POINT('',(17.709143924955,302.15610684231,
    -152.6549488103));
#749 = CARTESIAN_POINT('',(17.907814203414,302.345488473,-152.7133103588
    ));
#750 = CARTESIAN_POINT('',(17.838996899014,302.29510986369,
    -152.7317506772));
#751 = CARTESIAN_POINT('',(17.76892514517,302.24682185616,
    -152.7470527048));
#752 = CARTESIAN_POINT('',(17.697832183239,302.20085675463,
    -152.7590828622));
#753 = ADVANCED_FACE('',(#754),#788,.T.);
#754 = FACE_BOUND('',#755,.T.);
#755 = EDGE_LOOP('',(#756,#766,#774,#782));
#756 = ORIENTED_EDGE('',*,*,#757,.T.);
#757 = EDGE_CURVE('',#758,#760,#762,.T.);
#758 = VERTEX_POINT('',#759);
#759 = CARTESIAN_POINT('',(1.367637627244,300.90737013654,
    -144.2527932579));
#760 = VERTEX_POINT('',#761);
#761 = CARTESIAN_POINT('',(1.547004950779,301.15486029104,
    -144.6421233437));
#762 = LINE('',#763,#764);
#763 = CARTESIAN_POINT('',(1.367637627244,300.90737013654,
    -144.2527932579));
#764 = VECTOR('',#765,1.);
#765 = DIRECTION('',(0.362375289963,0.500003650229,-0.78656245714));
#766 = ORIENTED_EDGE('',*,*,#767,.T.);
#767 = EDGE_CURVE('',#760,#768,#770,.T.);
#768 = VERTEX_POINT('',#769);
#769 = CARTESIAN_POINT('',(0.670851285886,299.40252087628,
    -146.1597047275));
#770 = LINE('',#771,#772);
#771 = CARTESIAN_POINT('',(-2.483780417488,293.09314194613,
    -151.6238265337));
#772 = VECTOR('',#773,1.);
#773 = DIRECTION('',(-0.353546770981,-0.707106488933,-0.612376594947));
#774 = ORIENTED_EDGE('',*,*,#775,.T.);
#775 = EDGE_CURVE('',#768,#776,#778,.T.);
#776 = VERTEX_POINT('',#777);
#777 = CARTESIAN_POINT('',(0.491483962351,299.15503072179,
    -145.7703746417));
#778 = LINE('',#779,#780);
#779 = CARTESIAN_POINT('',(0.670851285886,299.40252087628,
    -146.1597047275));
#780 = VECTOR('',#781,1.);
#781 = DIRECTION('',(-0.362375289963,-0.500003650229,0.78656245714));
#782 = ORIENTED_EDGE('',*,*,#783,.T.);
#783 = EDGE_CURVE('',#776,#758,#784,.T.);
#784 = LINE('',#785,#786);
#785 = CARTESIAN_POINT('',(-2.663147741023,292.84565179164,
    -151.2344964479));
#786 = VECTOR('',#787,1.);
#787 = DIRECTION('',(0.353546770981,0.707106488933,0.612376594947));
#788 = PLANE('',#789);
#789 = AXIS2_PLACEMENT_3D('',#790,#791,#792);
#790 = CARTESIAN_POINT('',(-2.573464079255,292.96939686888,
    -151.4291614908));
#791 = DIRECTION('',(-0.862373950182,0.499996763057,-7.9463242945E-02));
#792 = DIRECTION('',(-9.175605140474E-02,0.,0.99578151571));
#793 = ADVANCED_FACE('',(#794),#812,.T.);
#794 = FACE_BOUND('',#795,.T.);
#795 = EDGE_LOOP('',(#796,#797,#804,#805));
#796 = ORIENTED_EDGE('',*,*,#757,.F.);
#797 = ORIENTED_EDGE('',*,*,#798,.T.);
#798 = EDGE_CURVE('',#758,#643,#799,.T.);
#799 = B_SPLINE_CURVE_WITH_KNOTS('',3,(#800,#801,#802,#803),
  .UNSPECIFIED.,.F.,.F.,(4,4),(1.281520740599,1.316520714141),
  .PIECEWISE_BEZIER_KNOTS.);
#800 = CARTESIAN_POINT('',(1.367637627244,300.90737013654,
    -144.2527932579));
#801 = CARTESIAN_POINT('',(1.408884719344,300.98986583122,
    -144.1813493758));
#802 = CARTESIAN_POINT('',(1.468527077289,301.07086613085,
    -144.1187990134));
#803 = CARTESIAN_POINT('',(1.544118159956,301.15893210926,
    -144.0736151009));
#804 = ORIENTED_EDGE('',*,*,#640,.F.);
#805 = ORIENTED_EDGE('',*,*,#806,.T.);
#806 = EDGE_CURVE('',#641,#760,#807,.T.);
#807 = B_SPLINE_CURVE_WITH_KNOTS('',3,(#808,#809,#810,#811),
  .UNSPECIFIED.,.F.,.F.,(4,4),(-1.316520714141,-1.281520740599),
  .PIECEWISE_BEZIER_KNOTS.);
#808 = CARTESIAN_POINT('',(1.670746227081,301.40234737508,
    -144.4277916975));
#809 = CARTESIAN_POINT('',(1.62949913498,301.3198516804,-144.4992355795)
  );
#810 = CARTESIAN_POINT('',(1.58825204288,301.23735598572,-144.5706794616
    ));
#811 = CARTESIAN_POINT('',(1.547004950779,301.15486029104,
    -144.6421233437));
#812 = B_SPLINE_SURFACE_WITH_KNOTS('',3,3,(
    (#813,#814,#815,#816)
    ,(#817,#818,#819,#820)
    ,(#821,#822,#823,#824)
    ,(#825,#826,#827,#828
    )),.UNSPECIFIED.,.F.,.F.,.F.,(4,4),(4,4),(0.,1.),(-1.316520714141,
    -1.281520740599),.PIECEWISE_BEZIER_KNOTS.);
#813 = CARTESIAN_POINT('',(1.544118159956,301.15893210926,
    -144.0736151009));
#814 = CARTESIAN_POINT('',(1.468527077289,301.07086613085,
    -144.1187990134));
#815 = CARTESIAN_POINT('',(1.408884719344,300.98986583122,
    -144.1813493758));
#816 = CARTESIAN_POINT('',(1.367637627244,300.90737013654,
    -144.2527932579));
#817 = CARTESIAN_POINT('',(1.586327515664,301.2400705312,-144.1916739664
    ));
#818 = CARTESIAN_POINT('',(1.522184429853,301.15386131403,
    -144.2456112021));
#819 = CARTESIAN_POINT('',(1.468673827189,301.07236254938,
    -144.3111260711));
#820 = CARTESIAN_POINT('',(1.427426735089,300.9898668547,-144.3825699532
    ));
#821 = CARTESIAN_POINT('',(1.628536871373,301.32120895314,-144.309732832
    ));
#822 = CARTESIAN_POINT('',(1.575841782417,301.23685649721,
    -144.3724233908));
#823 = CARTESIAN_POINT('',(1.528462935035,301.15485926755,
    -144.4409027663));
#824 = CARTESIAN_POINT('',(1.487215842934,301.07236357287,
    -144.5123466484));
#825 = CARTESIAN_POINT('',(1.670746227081,301.40234737508,
    -144.4277916975));
#826 = CARTESIAN_POINT('',(1.62949913498,301.3198516804,-144.4992355795)
  );
#827 = CARTESIAN_POINT('',(1.58825204288,301.23735598572,-144.5706794616
    ));
#828 = CARTESIAN_POINT('',(1.547004950779,301.15486029104,
    -144.6421233437));
#829 = ADVANCED_FACE('',(#830),#876,.T.);
#830 = FACE_BOUND('',#831,.T.);
#831 = EDGE_LOOP('',(#832,#842,#856,#864));
#832 = ORIENTED_EDGE('',*,*,#833,.T.);
#833 = EDGE_CURVE('',#834,#836,#838,.T.);
#834 = VERTEX_POINT('',#835);
#835 = CARTESIAN_POINT('',(0.367742673207,298.91472045637,
    -145.9847062802));
#836 = VERTEX_POINT('',#837);
#837 = CARTESIAN_POINT('',(0.628469609843,299.25794952209,
    -146.3021725838));
#838 = LINE('',#839,#840);
#839 = CARTESIAN_POINT('',(0.367742673207,298.91472045637,
    -145.9847062802));
#840 = VECTOR('',#841,1.);
#841 = DIRECTION('',(0.487046983292,0.641163829077,-0.593038093507));
#842 = ORIENTED_EDGE('',*,*,#843,.T.);
#843 = EDGE_CURVE('',#836,#844,#846,.T.);
#844 = VERTEX_POINT('',#845);
#845 = CARTESIAN_POINT('',(0.674500458539,299.15001247478,
    -146.4533841442));
#846 = B_SPLINE_CURVE_WITH_KNOTS('',3,(#847,#848,#849,#850,#851,#852,
    #853,#854,#855),.UNSPECIFIED.,.F.,.F.,(4,1,1,1,1,1,4),(
    -1.093936477096,-0.781382832756,-0.625106010586,-0.468829188417,
    -0.312552366247,-0.156275544077,1.278092761921E-06),.UNSPECIFIED.);
#847 = CARTESIAN_POINT('',(0.628469609843,299.25794952209,
    -146.3021725838));
#848 = CARTESIAN_POINT('',(0.62704237821,299.23081038372,-146.3326862437
    ));
#849 = CARTESIAN_POINT('',(0.632575251436,299.19670897771,
    -146.3752577223));
#850 = CARTESIAN_POINT('',(0.647664823442,299.16888073474,
    -146.4161031691));
#851 = CARTESIAN_POINT('',(0.659624369241,299.15651647912,
    -146.4372851435));
#852 = CARTESIAN_POINT('',(0.669060775958,299.1511541822,-146.4489251766
    ));
#853 = CARTESIAN_POINT('',(0.673799790308,299.14998492086,
    -146.4530114258));
#854 = CARTESIAN_POINT('',(0.674273744801,299.1500124739,-146.4532532507
    ));
#855 = CARTESIAN_POINT('',(0.674500458539,299.15001247478,
    -146.4533841442));
#856 = ORIENTED_EDGE('',*,*,#857,.T.);
#857 = EDGE_CURVE('',#844,#858,#860,.T.);
#858 = VERTEX_POINT('',#859);
#859 = CARTESIAN_POINT('',(0.550758263614,298.55252520365,
    -146.6677154903));
#860 = LINE('',#861,#862);
#861 = CARTESIAN_POINT('',(0.674500458539,299.15001247478,
    -146.4533841442));
#862 = VECTOR('',#863,1.);
#863 = DIRECTION('',(-0.191339424454,-0.923879446675,-0.331415136438));
#864 = ORIENTED_EDGE('',*,*,#865,.T.);
#865 = EDGE_CURVE('',#858,#834,#866,.T.);
#866 = B_SPLINE_CURVE_WITH_KNOTS('',3,(#867,#868,#869,#870,#871,#872,
    #873,#874,#875),.UNSPECIFIED.,.F.,.F.,(4,1,1,1,1,1,4),(
    -1.278092761921E-06,0.156275544077,0.312552366247,0.468829188417,
    0.625106010586,0.781382832756,1.093936477096),.UNSPECIFIED.);
#867 = CARTESIAN_POINT('',(0.550758263614,298.55252520365,
    -146.6677154903));
#868 = CARTESIAN_POINT('',(0.512412027776,298.55252505468,
    -146.6455762807));
#869 = CARTESIAN_POINT('',(0.441717171639,298.55951650173,
    -146.5909484887));
#870 = CARTESIAN_POINT('',(0.363537856598,298.58964740801,
    -146.4878954011));
#871 = CARTESIAN_POINT('',(0.316366147325,298.63604834127,
    -146.3758809769));
#872 = CARTESIAN_POINT('',(0.297735854869,298.69477216356,-146.264712469
    ));
#873 = CARTESIAN_POINT('',(0.304641638733,298.78494453135,-146.125580354
    ));
#874 = CARTESIAN_POINT('',(0.338015952371,298.86189865895,
    -146.0361957571));
#875 = CARTESIAN_POINT('',(0.367742673207,298.91472045638,
    -145.9847062802));
#876 = B_SPLINE_SURFACE_WITH_KNOTS('',3,3,(
    (#877,#878,#879,#880,#881,#882,#883,#884,#885)
    ,(#886,#887,#888,#889,#890,#891,#892,#893,#894)
    ,(#895,#896,#897,#898,#899,#900,#901,#902,#903)
    ,(#904,#905,#906,#907,#908,#909,#910,#911,#912
  )),.UNSPECIFIED.,.F.,.F.,.F.,(4,4),(4,1,1,1,1,1,4),(0.,1.),(
    -1.093936477096,-0.781382832756,-0.625106010586,-0.468829188417,
    -0.312552366247,-0.156275544077,1.278092761921E-06),.UNSPECIFIED.);
#877 = CARTESIAN_POINT('',(0.367742673207,298.91472045638,
    -145.9847062802));
#878 = CARTESIAN_POINT('',(0.338015952371,298.86189865895,
    -146.0361957571));
#879 = CARTESIAN_POINT('',(0.304641638733,298.78494453135,-146.125580354
    ));
#880 = CARTESIAN_POINT('',(0.297735854869,298.69477216356,-146.264712469
    ));
#881 = CARTESIAN_POINT('',(0.316366147325,298.63604834127,
    -146.3758809769));
#882 = CARTESIAN_POINT('',(0.363537856598,298.58964740801,
    -146.4878954011));
#883 = CARTESIAN_POINT('',(0.441717171639,298.55951650173,
    -146.5909484887));
#884 = CARTESIAN_POINT('',(0.512412027776,298.55252505468,
    -146.6455762807));
#885 = CARTESIAN_POINT('',(0.550758263614,298.55252520365,
    -146.6677154903));
#886 = CARTESIAN_POINT('',(0.454651652086,299.02913014495,
    -146.0905283814));
#887 = CARTESIAN_POINT('',(0.434358094317,298.98486923387,
    -146.1350259193));
#888 = CARTESIAN_POINT('',(0.413952842967,298.9221993468,-146.2088061434
    ));
#889 = CARTESIAN_POINT('',(0.414378844393,298.85280835395,
    -146.3151760357));
#890 = CARTESIAN_POINT('',(0.43078555463,298.80953772055,-146.3963490324
    ));
#891 = CARTESIAN_POINT('',(0.465378829718,298.77681633274,
    -146.4749053263));
#892 = CARTESIAN_POINT('',(0.519078044528,298.75633930811,
    -146.5449694677));
#893 = CARTESIAN_POINT('',(0.566365933451,298.75168752775,-146.581468604
    ));
#894 = CARTESIAN_POINT('',(0.592005661922,298.75168762736,
    -146.5962717083));
#895 = CARTESIAN_POINT('',(0.541560630965,299.14353983352,
    -146.1963504826));
#896 = CARTESIAN_POINT('',(0.530700236264,299.1078398088,-146.2338560815
    ));
#897 = CARTESIAN_POINT('',(0.523264047202,299.05945416225,
    -146.2920319328));
#898 = CARTESIAN_POINT('',(0.531021833918,299.01084454435,
    -146.3656396024));
#899 = CARTESIAN_POINT('',(0.545204961935,298.98302709984,-146.416817088
    ));
#900 = CARTESIAN_POINT('',(0.567219802838,298.96398525747,
    -146.4619152514));
#901 = CARTESIAN_POINT('',(0.596438917418,298.95316211448,
    -146.4989904468));
#902 = CARTESIAN_POINT('',(0.620319839126,298.95085000083,
    -146.5173609273));
#903 = CARTESIAN_POINT('',(0.63325306023,298.95085005107,-146.5248279262
    ));
#904 = CARTESIAN_POINT('',(0.628469609843,299.25794952209,
    -146.3021725838));
#905 = CARTESIAN_POINT('',(0.62704237821,299.23081038372,-146.3326862437
    ));
#906 = CARTESIAN_POINT('',(0.632575251436,299.19670897771,
    -146.3752577223));
#907 = CARTESIAN_POINT('',(0.647664823442,299.16888073474,
    -146.4161031691));
#908 = CARTESIAN_POINT('',(0.659624369241,299.15651647912,
    -146.4372851435));
#909 = CARTESIAN_POINT('',(0.669060775958,299.1511541822,-146.4489251766
    ));
#910 = CARTESIAN_POINT('',(0.673799790308,299.14998492086,
    -146.4530114258));
#911 = CARTESIAN_POINT('',(0.674273744801,299.1500124739,-146.4532532507
    ));
#912 = CARTESIAN_POINT('',(0.674500458539,299.15001247478,
    -146.4533841442));
#913 = ADVANCED_FACE('',(#914),#939,.T.);
#914 = FACE_BOUND('',#915,.T.);
#915 = EDGE_LOOP('',(#916,#924,#925,#933));
#916 = ORIENTED_EDGE('',*,*,#917,.T.);
#917 = EDGE_CURVE('',#918,#858,#920,.T.);
#918 = VERTEX_POINT('',#919);
#919 = CARTESIAN_POINT('',(4.155734631194,298.55254789193,
    -148.7490495666));
#920 = LINE('',#921,#922);
#921 = CARTESIAN_POINT('',(5.601394067419,298.55255500154,
    -149.5837014312));
#922 = VECTOR('',#923,1.);
#923 = DIRECTION('',(-0.866025403777,-4.259032522214E-06,0.499999999995)
  );
#924 = ORIENTED_EDGE('',*,*,#857,.F.);
#925 = ORIENTED_EDGE('',*,*,#926,.T.);
#926 = EDGE_CURVE('',#844,#927,#929,.T.);
#927 = VERTEX_POINT('',#928);
#928 = CARTESIAN_POINT('',(4.368249757937,299.15003559959,-148.58596557)
  );
#929 = LINE('',#930,#931);
#930 = CARTESIAN_POINT('',(5.725138087309,299.15004227264,
    -149.3693654122));
#931 = VECTOR('',#932,1.);
#932 = DIRECTION('',(0.866025403777,4.259032522175E-06,-0.499999999995)
  );
#933 = ORIENTED_EDGE('',*,*,#934,.T.);
#934 = EDGE_CURVE('',#927,#918,#935,.T.);
#935 = LINE('',#936,#937);
#936 = CARTESIAN_POINT('',(4.368249757937,299.15003559959,-148.58596557)
  );
#937 = VECTOR('',#938,1.);
#938 = DIRECTION('',(-0.324554371316,-0.912486797069,-0.249062853984));
#939 = PLANE('',#940);
#940 = AXIS2_PLACEMENT_3D('',#941,#942,#943);
#941 = CARTESIAN_POINT('',(5.663266077364,298.85129863709,
    -149.4765334217));
#942 = DIRECTION('',(-0.46193977925,0.382690184999,-0.800099907919));
#943 = DIRECTION('',(-0.866024521691,1.110223024625E-16,0.500001527828)
  );
#944 = ADVANCED_FACE('',(#945),#986,.T.);
#945 = FACE_BOUND('',#946,.T.);
#946 = EDGE_LOOP('',(#947,#955,#963,#971,#979,#985));
#947 = ORIENTED_EDGE('',*,*,#948,.T.);
#948 = EDGE_CURVE('',#927,#949,#951,.T.);
#949 = VERTEX_POINT('',#950);
#950 = CARTESIAN_POINT('',(4.551263361731,298.65003810463,
    -149.2689788362));
#951 = LINE('',#952,#953);
#952 = CARTESIAN_POINT('',(6.532109530723,293.23831951171,
    -156.6615670572));
#953 = VECTOR('',#954,1.);
#954 = DIRECTION('',(0.211326104643,-0.57734791705,-0.788676524423));
#955 = ORIENTED_EDGE('',*,*,#956,.T.);
#956 = EDGE_CURVE('',#949,#957,#959,.T.);
#957 = VERTEX_POINT('',#958);
#958 = CARTESIAN_POINT('',(4.338742124841,298.05255039688,
    -149.4320535785));
#959 = LINE('',#960,#961);
#960 = CARTESIAN_POINT('',(4.551263361731,298.65003810463,
    -149.2689788362));
#961 = VECTOR('',#962,1.);
#962 = DIRECTION('',(-0.324563862197,-0.912487245411,-0.249048843237));
#963 = ORIENTED_EDGE('',*,*,#964,.T.);
#964 = EDGE_CURVE('',#957,#965,#967,.T.);
#965 = VERTEX_POINT('',#966);
#966 = CARTESIAN_POINT('',(4.270620433429,297.97388977534,
    -149.3927235049));
#967 = LINE('',#968,#969);
#968 = CARTESIAN_POINT('',(-19.49656220586,270.52974797684,
    -135.6707353294));
#969 = VECTOR('',#970,1.);
#970 = DIRECTION('',(-0.612370621055,-0.707108890966,0.353552314072));
#971 = ORIENTED_EDGE('',*,*,#972,.T.);
#972 = EDGE_CURVE('',#965,#973,#975,.T.);
#973 = VERTEX_POINT('',#974);
#974 = CARTESIAN_POINT('',(4.08760435736,298.47388477057,-148.709714561)
  );
#975 = LINE('',#976,#977);
#976 = CARTESIAN_POINT('',(6.160879518919,292.8096572375,-156.4472375145
    ));
#977 = VECTOR('',#978,1.);
#978 = DIRECTION('',(-0.211326104643,0.57734791705,0.788676524423));
#979 = ORIENTED_EDGE('',*,*,#980,.T.);
#980 = EDGE_CURVE('',#973,#918,#981,.T.);
#981 = LINE('',#982,#983);
#982 = CARTESIAN_POINT('',(-20.45003399632,270.14008464277,
    -134.5429035846));
#983 = VECTOR('',#984,1.);
#984 = DIRECTION('',(0.612370621055,0.707108890966,-0.353552314072));
#985 = ORIENTED_EDGE('',*,*,#934,.F.);
#986 = PLANE('',#987);
#987 = AXIS2_PLACEMENT_3D('',#988,#989,#990);
#988 = CARTESIAN_POINT('',(6.346494524821,293.02398837461,
    -156.5544022858));
#989 = DIRECTION('',(-0.761802874613,0.408247499751,-0.502981470014));
#990 = DIRECTION('',(-0.550988380833,1.942890293094E-16,0.834512914332)
  );
#991 = ADVANCED_FACE('',(#992),#1017,.T.);
#992 = FACE_BOUND('',#993,.T.);
#993 = EDGE_LOOP('',(#994,#1002,#1010,#1016));
#994 = ORIENTED_EDGE('',*,*,#995,.T.);
#995 = EDGE_CURVE('',#949,#996,#998,.T.);
#996 = VERTEX_POINT('',#997);
#997 = CARTESIAN_POINT('',(8.567589033841,298.65005785654,
    -151.5878055441));
#998 = LINE('',#999,#1000);
#999 = CARTESIAN_POINT('',(9.192113384361,298.6500609279,-151.948374846)
  );
#1000 = VECTOR('',#1001,1.);
#1001 = DIRECTION('',(0.866025403777,4.259032490969E-06,-0.499999999995)
  );
#1002 = ORIENTED_EDGE('',*,*,#1003,.T.);
#1003 = EDGE_CURVE('',#996,#1004,#1006,.T.);
#1004 = VERTEX_POINT('',#1005);
#1005 = CARTESIAN_POINT('',(8.532624941719,298.05257102201,
    -151.8533929518));
#1006 = LINE('',#1007,#1008);
#1007 = CARTESIAN_POINT('',(8.567589033841,298.65005785654,
    -151.5878055441));
#1008 = VECTOR('',#1009,1.);
#1009 = DIRECTION('',(-5.339742977352E-02,-0.9124864783,-0.405607126926)
  );
#1010 = ORIENTED_EDGE('',*,*,#1011,.T.);
#1011 = EDGE_CURVE('',#1004,#957,#1012,.T.);
#1012 = LINE('',#1013,#1014);
#1013 = CARTESIAN_POINT('',(9.068371844125,298.05257365676,
    -152.1627065701));
#1014 = VECTOR('',#1015,1.);
#1015 = DIRECTION('',(-0.866025403777,-4.259032490969E-06,0.499999999995
    ));
#1016 = ORIENTED_EDGE('',*,*,#956,.F.);
#1017 = PLANE('',#1018);
#1018 = AXIS2_PLACEMENT_3D('',#1019,#1020,#1021);
#1019 = CARTESIAN_POINT('',(9.130242614243,298.35131729233,
    -152.0555407081));
#1020 = DIRECTION('',(-0.461941134841,0.382683639578,-0.800102255928));
#1021 = DIRECTION('',(-0.866024521708,0.,0.500001527798));
#1022 = ADVANCED_FACE('',(#1023),#1057,.T.);
#1023 = FACE_BOUND('',#1024,.T.);
#1024 = EDGE_LOOP('',(#1025,#1035,#1043,#1051));
#1025 = ORIENTED_EDGE('',*,*,#1026,.T.);
#1026 = EDGE_CURVE('',#1027,#1029,#1031,.T.);
#1027 = VERTEX_POINT('',#1028);
#1028 = CARTESIAN_POINT('',(9.250600868609,299.15005961054,
    -151.404792298));
#1029 = VERTEX_POINT('',#1030);
#1030 = CARTESIAN_POINT('',(15.27095069374,299.15008921806,
    -154.8806428902));
#1031 = LINE('',#1032,#1033);
#1032 = CARTESIAN_POINT('',(5.725138087309,299.15004227264,
    -149.3693654122));
#1033 = VECTOR('',#1034,1.);
#1034 = DIRECTION('',(0.866025403777,4.259032522175E-06,-0.499999999995)
  );
#1035 = ORIENTED_EDGE('',*,*,#1036,.T.);
#1036 = EDGE_CURVE('',#1029,#1037,#1039,.T.);
#1037 = VERTEX_POINT('',#1038);
#1038 = CARTESIAN_POINT('',(15.14720667385,298.55260194696,
    -155.0949789092));
#1039 = LINE('',#1040,#1041);
#1040 = CARTESIAN_POINT('',(15.27095069374,299.15008921806,
    -154.8806428902));
#1041 = VECTOR('',#1042,1.);
#1042 = DIRECTION('',(-0.191341684846,-0.92387673544,-0.331421389401));
#1043 = ORIENTED_EDGE('',*,*,#1044,.T.);
#1044 = EDGE_CURVE('',#1037,#1045,#1047,.T.);
#1045 = VERTEX_POINT('',#1046);
#1046 = CARTESIAN_POINT('',(9.215625707034,298.552572776,-151.6703790413
    ));
#1047 = LINE('',#1048,#1049);
#1048 = CARTESIAN_POINT('',(5.601394067419,298.55255500154,
    -149.5837014312));
#1049 = VECTOR('',#1050,1.);
#1050 = DIRECTION('',(-0.866025403777,-4.259032522214E-06,0.499999999995
    ));
#1051 = ORIENTED_EDGE('',*,*,#1052,.T.);
#1052 = EDGE_CURVE('',#1045,#1027,#1053,.T.);
#1053 = LINE('',#1054,#1055);
#1054 = CARTESIAN_POINT('',(9.215625707034,298.552572776,-151.6703790413
    ));
#1055 = VECTOR('',#1056,1.);
#1056 = DIRECTION('',(5.341430888598E-02,0.912486030032,0.405605912929)
  );
#1057 = PLANE('',#1058);
#1058 = AXIS2_PLACEMENT_3D('',#1059,#1060,#1061);
#1059 = CARTESIAN_POINT('',(5.663266077364,298.85129863709,
    -149.4765334217));
#1060 = DIRECTION('',(-0.46193977925,0.382690184999,-0.800099907919));
#1061 = DIRECTION('',(-0.866024521691,1.110223024625E-16,0.500001527828)
  );
#1062 = ADVANCED_FACE('',(#1063),#1108,.T.);
#1063 = FACE_BOUND('',#1064,.T.);
#1064 = EDGE_LOOP('',(#1065,#1075,#1084,#1091,#1092,#1101));
#1065 = ORIENTED_EDGE('',*,*,#1066,.T.);
#1066 = EDGE_CURVE('',#1067,#1069,#1071,.T.);
#1067 = VERTEX_POINT('',#1068);
#1068 = CARTESIAN_POINT('',(16.397987478263,298.45970945873,
    -156.3285287801));
#1069 = VERTEX_POINT('',#1070);
#1070 = CARTESIAN_POINT('',(16.016902293336,298.03116835539,
    -156.1169304393));
#1071 = LINE('',#1072,#1073);
#1072 = CARTESIAN_POINT('',(16.397987478263,298.45970945873,
    -156.3285287801));
#1073 = VECTOR('',#1074,1.);
#1074 = DIRECTION('',(-0.623434983165,-0.701070327875,0.346163569919));
#1075 = ORIENTED_EDGE('',*,*,#1076,.T.);
#1076 = EDGE_CURVE('',#1069,#1077,#1079,.T.);
#1077 = VERTEX_POINT('',#1078);
#1078 = CARTESIAN_POINT('',(15.640055840149,298.43181846152,
    -155.4960895728));
#1079 = B_SPLINE_CURVE_WITH_KNOTS('',3,(#1080,#1081,#1082,#1083),
  .UNSPECIFIED.,.F.,.F.,(4,4),(-0.785393165654,-0.377461322916),
  .PIECEWISE_BEZIER_KNOTS.);
#1080 = CARTESIAN_POINT('',(16.016902293336,298.03116835539,
    -156.1169304393));
#1081 = CARTESIAN_POINT('',(15.926867922666,298.21047602451,
    -155.8798703633));
#1082 = CARTESIAN_POINT('',(15.796661105274,298.34418791787,
    -155.6716385399));
#1083 = CARTESIAN_POINT('',(15.639883684869,298.43129600247,
    -155.4959772777));
#1084 = ORIENTED_EDGE('',*,*,#1085,.T.);
#1085 = EDGE_CURVE('',#1077,#1037,#1086,.T.);
#1086 = B_SPLINE_CURVE_WITH_KNOTS('',3,(#1087,#1088,#1089,#1090),
  .UNSPECIFIED.,.F.,.F.,(4,4),(-0.377461322916,2.632875003396E-06),
  .PIECEWISE_BEZIER_KNOTS.);
#1087 = CARTESIAN_POINT('',(15.639883684869,298.43129600247,
    -155.4959772777));
#1088 = CARTESIAN_POINT('',(15.494815761542,298.51189810006,
    -155.3334359216));
#1089 = CARTESIAN_POINT('',(15.326998059839,298.55259796734,
    -155.1987815144));
#1090 = CARTESIAN_POINT('',(15.147206674961,298.55259698763,
    -155.0949789098));
#1091 = ORIENTED_EDGE('',*,*,#1036,.F.);
#1092 = ORIENTED_EDGE('',*,*,#1093,.T.);
#1093 = EDGE_CURVE('',#1029,#1094,#1096,.T.);
#1094 = VERTEX_POINT('',#1095);
#1095 = CARTESIAN_POINT('',(15.975084878481,298.9754506289,
    -155.4888348853));
#1096 = B_SPLINE_CURVE_WITH_KNOTS('',3,(#1097,#1098,#1099,#1100),
  .UNSPECIFIED.,.F.,.F.,(4,4),(-2.476707674751E-06,0.381212731978),
  .PIECEWISE_BEZIER_KNOTS.);
#1097 = CARTESIAN_POINT('',(15.270948215931,299.15008425876,
    -154.8806471861));
#1098 = CARTESIAN_POINT('',(15.545513601128,299.15008570274,
    -155.039167477));
#1099 = CARTESIAN_POINT('',(15.782836673311,299.08641374976,
    -155.2497096442));
#1100 = CARTESIAN_POINT('',(15.971969522711,298.97283872941,
    -155.4900521878));
#1101 = ORIENTED_EDGE('',*,*,#1102,.T.);
#1102 = EDGE_CURVE('',#1094,#1067,#1103,.T.);
#1103 = B_SPLINE_CURVE_WITH_KNOTS('',3,(#1104,#1105,#1106,#1107),
  .UNSPECIFIED.,.F.,.F.,(4,4),(0.381212731978,0.785393165654),
  .PIECEWISE_BEZIER_KNOTS.);
#1104 = CARTESIAN_POINT('',(15.971969522711,298.97283872941,
    -155.4900521878));
#1105 = CARTESIAN_POINT('',(16.172496142192,298.85242170528,
    -155.7448734837));
#1106 = CARTESIAN_POINT('',(16.318851485368,298.67590797323,
    -156.0331937826));
#1107 = CARTESIAN_POINT('',(16.397987478263,298.45970945873,
    -156.3285287801));
#1108 = B_SPLINE_SURFACE_WITH_KNOTS('',3,3,(
    (#1109,#1110,#1111,#1112)
    ,(#1113,#1114,#1115,#1116)
    ,(#1117,#1118,#1119,#1120)
    ,(#1121,#1122,#1123,#1124
    )),.UNSPECIFIED.,.F.,.F.,.F.,(4,4),(4,4),(0.,1.),(
    -2.633638416626E-06,0.785393165654),.PIECEWISE_BEZIER_KNOTS.);
#1109 = CARTESIAN_POINT('',(15.14720667387,298.55259698763,
    -155.0949789092));
#1110 = CARTESIAN_POINT('',(15.521301726666,298.55259902648,
    -155.3109627886));
#1111 = CARTESIAN_POINT('',(15.843558099263,298.37639144257,
    -155.6605159888));
#1112 = CARTESIAN_POINT('',(16.016902293336,298.03116835539,
    -156.1169304393));
#1113 = CARTESIAN_POINT('',(15.18845374153,298.75175941134,
    -155.0235349362));
#1114 = CARTESIAN_POINT('',(15.626407562254,298.75176179822,
    -155.2763875767));
#1115 = CARTESIAN_POINT('',(15.977109369077,298.54420174053,
    -155.6918904527));
#1116 = CARTESIAN_POINT('',(16.143930688311,298.17401538984,
    -156.1874632196));
#1117 = CARTESIAN_POINT('',(15.229700809189,298.95092183505,
    -154.9520909633));
#1118 = CARTESIAN_POINT('',(15.731513397842,298.95092456997,
    -155.2418123647));
#1119 = CARTESIAN_POINT('',(16.110660638892,298.71201203848,
    -155.7232649166));
#1120 = CARTESIAN_POINT('',(16.270959083287,298.31686242428,
    -156.2579959999));
#1121 = CARTESIAN_POINT('',(15.270947876849,299.15008425876,
    -154.8806469903));
#1122 = CARTESIAN_POINT('',(15.83661923343,299.15008734171,
    -155.2072371527));
#1123 = CARTESIAN_POINT('',(16.244211908706,298.87982233644,
    -155.7546393805));
#1124 = CARTESIAN_POINT('',(16.397987478263,298.45970945873,
    -156.3285287801));
#1125 = ADVANCED_FACE('',(#1126),#1158,.T.);
#1126 = FACE_BOUND('',#1127,.T.);
#1127 = EDGE_LOOP('',(#1128,#1134,#1135,#1143,#1151,#1157));
#1128 = ORIENTED_EDGE('',*,*,#1129,.T.);
#1129 = EDGE_CURVE('',#996,#1027,#1130,.T.);
#1130 = LINE('',#1131,#1132);
#1131 = CARTESIAN_POINT('',(2.577451130207,294.26495161673,
    -153.1928649685));
#1132 = VECTOR('',#1133,1.);
#1133 = DIRECTION('',(0.788673729165,0.577351998664,0.211325385514));
#1134 = ORIENTED_EDGE('',*,*,#1052,.F.);
#1135 = ORIENTED_EDGE('',*,*,#1136,.T.);
#1136 = EDGE_CURVE('',#1045,#1137,#1139,.T.);
#1137 = VERTEX_POINT('',#1138);
#1138 = CARTESIAN_POINT('',(9.283756780033,298.47390970386,
    -151.709714561));
#1139 = LINE('',#1140,#1141);
#1140 = CARTESIAN_POINT('',(31.403550517819,272.93233578091,
    -164.4805844484));
#1141 = VECTOR('',#1142,1.);
#1142 = DIRECTION('',(0.612374481772,-0.707104404154,-0.353554600733));
#1143 = ORIENTED_EDGE('',*,*,#1144,.T.);
#1144 = EDGE_CURVE('',#1137,#1145,#1147,.T.);
#1145 = VERTEX_POINT('',#1146);
#1146 = CARTESIAN_POINT('',(8.600747452324,297.97391044959,
    -151.8927235048));
#1147 = LINE('',#1148,#1149);
#1148 = CARTESIAN_POINT('',(2.948683051574,293.83629237297,
    -153.4071960228));
#1149 = VECTOR('',#1150,1.);
#1150 = DIRECTION('',(-0.788673729165,-0.577351998664,-0.211325385514));
#1151 = ORIENTED_EDGE('',*,*,#1152,.T.);
#1152 = EDGE_CURVE('',#1145,#1004,#1153,.T.);
#1153 = LINE('',#1154,#1155);
#1154 = CARTESIAN_POINT('',(33.667069555705,269.0300088292,
    -166.3647724992));
#1155 = VECTOR('',#1156,1.);
#1156 = DIRECTION('',(-0.612374481772,0.707104404154,0.353554600733));
#1157 = ORIENTED_EDGE('',*,*,#1003,.F.);
#1158 = PLANE('',#1159);
#1159 = AXIS2_PLACEMENT_3D('',#1160,#1161,#1162);
#1160 = CARTESIAN_POINT('',(2.763067090891,294.05062199485,
    -153.3000304956));
#1161 = DIRECTION('',(-5.469634456313E-02,0.408249498863,-0.911230298316
    ));
#1162 = DIRECTION('',(-0.99820336987,-2.428612866368E-17,
    5.991687893101E-02));
#1163 = ADVANCED_FACE('',(#1164),#1198,.T.);
#1164 = FACE_BOUND('',#1165,.T.);
#1165 = EDGE_LOOP('',(#1166,#1176,#1184,#1192));
#1166 = ORIENTED_EDGE('',*,*,#1167,.T.);
#1167 = EDGE_CURVE('',#1168,#1170,#1172,.T.);
#1168 = VERTEX_POINT('',#1169);
#1169 = CARTESIAN_POINT('',(16.079058355398,297.88816271852,
    -156.3093880116));
#1170 = VERTEX_POINT('',#1171);
#1171 = CARTESIAN_POINT('',(16.450291957416,298.316825633,
    -156.5237156548));
#1172 = LINE('',#1173,#1174);
#1173 = CARTESIAN_POINT('',(16.079058355398,297.88816271852,
    -156.3093880116));
#1174 = VECTOR('',#1175,1.);
#1175 = DIRECTION('',(0.612374445708,0.707107905172,-0.353547661124));
#1176 = ORIENTED_EDGE('',*,*,#1177,.T.);
#1177 = EDGE_CURVE('',#1170,#1178,#1180,.T.);
#1178 = VERTEX_POINT('',#1179);
#1179 = CARTESIAN_POINT('',(16.884239135077,297.13128424754,
    -158.1432074126));
#1180 = LINE('',#1181,#1182);
#1181 = CARTESIAN_POINT('',(10.851264544784,313.61333879798,
    -135.6281338577));
#1182 = VECTOR('',#1183,1.);
#1183 = DIRECTION('',(0.211328029518,-0.577347054661,-0.788676639957));
#1184 = ORIENTED_EDGE('',*,*,#1185,.T.);
#1185 = EDGE_CURVE('',#1178,#1186,#1188,.T.);
#1186 = VERTEX_POINT('',#1187);
#1187 = CARTESIAN_POINT('',(16.513005533059,296.70262133306,
    -157.9288797694));
#1188 = LINE('',#1189,#1190);
#1189 = CARTESIAN_POINT('',(16.884239135077,297.13128424754,
    -158.1432074126));
#1190 = VECTOR('',#1191,1.);
#1191 = DIRECTION('',(-0.612374445708,-0.707107905172,0.353547661124));
#1192 = ORIENTED_EDGE('',*,*,#1193,.T.);
#1193 = EDGE_CURVE('',#1186,#1168,#1194,.T.);
#1194 = LINE('',#1195,#1196);
#1195 = CARTESIAN_POINT('',(10.480030942766,313.1846758835,
    -135.4138062144));
#1196 = VECTOR('',#1197,1.);
#1197 = DIRECTION('',(-0.211328029518,0.577347054661,0.788676639957));
#1198 = PLANE('',#1199);
#1199 = AXIS2_PLACEMENT_3D('',#1200,#1201,#1202);
#1200 = CARTESIAN_POINT('',(10.665647743775,313.39900734074,
    -135.5209700361));
#1201 = DIRECTION('',(-0.761799187571,0.40825088967,-0.502984302836));
#1202 = DIRECTION('',(-0.550992399075,-1.110223024625E-16,0.834510261268
    ));
#1203 = ADVANCED_FACE('',(#1204),#1222,.T.);
#1204 = FACE_BOUND('',#1205,.T.);
#1205 = EDGE_LOOP('',(#1206,#1207,#1214,#1215));
#1206 = ORIENTED_EDGE('',*,*,#1167,.F.);
#1207 = ORIENTED_EDGE('',*,*,#1208,.T.);
#1208 = EDGE_CURVE('',#1168,#1069,#1209,.T.);
#1209 = B_SPLINE_CURVE_WITH_KNOTS('',3,(#1210,#1211,#1212,#1213),
  .UNSPECIFIED.,.F.,.F.,(4,4),(-2.533979036694,-2.509230436899),
  .PIECEWISE_BEZIER_KNOTS.);
#1210 = CARTESIAN_POINT('',(16.079058355398,297.88816271852,
    -156.3093880116));
#1211 = CARTESIAN_POINT('',(16.061624779305,297.93579115585,
    -156.2443258698));
#1212 = CARTESIAN_POINT('',(16.040899751776,297.98337870831,
    -156.1801157518));
#1213 = CARTESIAN_POINT('',(16.016902729372,298.03117009221,
    -156.1169315874));
#1214 = ORIENTED_EDGE('',*,*,#1066,.F.);
#1215 = ORIENTED_EDGE('',*,*,#1216,.T.);
#1216 = EDGE_CURVE('',#1067,#1170,#1217,.T.);
#1217 = B_SPLINE_CURVE_WITH_KNOTS('',3,(#1218,#1219,#1220,#1221),
  .UNSPECIFIED.,.F.,.F.,(4,4),(2.509230407998,2.533979036694),
  .PIECEWISE_BEZIER_KNOTS.);
#1218 = CARTESIAN_POINT('',(16.397991168061,298.45971111184,
    -156.3285290016));
#1219 = CARTESIAN_POINT('',(16.415424764513,298.4120826189,
    -156.3935912193));
#1220 = CARTESIAN_POINT('',(16.432858360964,298.36445412595,
    -156.4586534371));
#1221 = CARTESIAN_POINT('',(16.450291957416,298.316825633,
    -156.5237156548));
#1222 = B_SPLINE_SURFACE_WITH_KNOTS('',3,3,(
    (#1223,#1224,#1225,#1226)
    ,(#1227,#1228,#1229,#1230)
    ,(#1231,#1232,#1233,#1234)
    ,(#1235,#1236,#1237,#1238
    )),.UNSPECIFIED.,.F.,.F.,.F.,(4,4),(4,4),(-3.091843274875E-06,1.),(
    2.509230407998,2.533979036694),.PIECEWISE_BEZIER_KNOTS.);
#1223 = CARTESIAN_POINT('',(16.016901467037,298.03116893465,
    -156.1169307118));
#1224 = CARTESIAN_POINT('',(16.040898545399,297.98337749397,
    -156.1801149418));
#1225 = CARTESIAN_POINT('',(16.06162361115,297.93578988611,
    -156.2443251312));
#1226 = CARTESIAN_POINT('',(16.079057207602,297.88816139316,
    -156.3093873489));
#1227 = CARTESIAN_POINT('',(16.143931367378,298.17401632705,
    -156.1874634751));
#1228 = CARTESIAN_POINT('',(16.165740618437,298.12627920228,
    -156.251273701));
#1229 = CARTESIAN_POINT('',(16.185368527755,298.07867796605,
    -156.3157678998));
#1230 = CARTESIAN_POINT('',(16.202802124207,298.03104947311,
    -156.3808301176));
#1231 = CARTESIAN_POINT('',(16.27096126772,298.31686371945,
    -156.2579962383));
#1232 = CARTESIAN_POINT('',(16.290582691475,298.26918091059,
    -156.3224324601));
#1233 = CARTESIAN_POINT('',(16.30911344436,298.221566046,-156.3872106685
    ));
#1234 = CARTESIAN_POINT('',(16.326547040812,298.17393755305,
    -156.4522728862));
#1235 = CARTESIAN_POINT('',(16.397991168061,298.45971111184,
    -156.3285290016));
#1236 = CARTESIAN_POINT('',(16.415424764513,298.4120826189,
    -156.3935912193));
#1237 = CARTESIAN_POINT('',(16.432858360964,298.36445412595,
    -156.4586534371));
#1238 = CARTESIAN_POINT('',(16.450291957416,298.316825633,
    -156.5237156548));
#1239 = ADVANCED_FACE('',(#1240),#1276,.T.);
#1240 = FACE_BOUND('',#1241,.T.);
#1241 = EDGE_LOOP('',(#1242,#1252,#1261,#1269));
#1242 = ORIENTED_EDGE('',*,*,#1243,.T.);
#1243 = EDGE_CURVE('',#1244,#1246,#1248,.T.);
#1244 = VERTEX_POINT('',#1245);
#1245 = CARTESIAN_POINT('',(16.565306295078,296.55223500062,
    -158.1240662786));
#1246 = VERTEX_POINT('',#1247);
#1247 = CARTESIAN_POINT('',(16.934393197876,296.95060860899,
    -158.3807911016));
#1248 = LINE('',#1249,#1250);
#1249 = CARTESIAN_POINT('',(16.565306295078,296.55223500062,
    -158.1240662786));
#1250 = VECTOR('',#1251,1.);
#1251 = DIRECTION('',(0.61443326828,0.663187981818,-0.427379760405));
#1252 = ORIENTED_EDGE('',*,*,#1253,.T.);
#1253 = EDGE_CURVE('',#1246,#1254,#1256,.T.);
#1254 = VERTEX_POINT('',#1255);
#1255 = CARTESIAN_POINT('',(16.668621934019,295.57419119185,
    -159.816701636));
#1256 = B_SPLINE_CURVE_WITH_KNOTS('',3,(#1257,#1258,#1259,#1260),
  .UNSPECIFIED.,.F.,.F.,(4,4),(0.893088547634,1.570789672983),
  .PIECEWISE_BEZIER_KNOTS.);
#1257 = CARTESIAN_POINT('',(16.934393197876,296.95060860899,
    -158.3807911016));
#1258 = CARTESIAN_POINT('',(17.012170482839,296.55588746426,
    -158.8814824955));
#1259 = CARTESIAN_POINT('',(16.914285821128,296.06552414885,
    -159.3911928485));
#1260 = CARTESIAN_POINT('',(16.668621934019,295.57419119185,
    -159.816701636));
#1261 = ORIENTED_EDGE('',*,*,#1262,.T.);
#1262 = EDGE_CURVE('',#1254,#1263,#1265,.T.);
#1263 = VERTEX_POINT('',#1264);
#1264 = CARTESIAN_POINT('',(16.4758505061,295.32693966781,
    -159.4199065388));
#1265 = LINE('',#1266,#1267);
#1266 = CARTESIAN_POINT('',(16.668621934019,295.57419119185,
    -159.816701636));
#1267 = VECTOR('',#1268,1.);
#1268 = DIRECTION('',(-0.381191246295,-0.488921608431,0.784632968054));
#1269 = ORIENTED_EDGE('',*,*,#1270,.T.);
#1270 = EDGE_CURVE('',#1263,#1244,#1271,.T.);
#1271 = B_SPLINE_CURVE_WITH_KNOTS('',3,(#1272,#1273,#1274,#1275),
  .UNSPECIFIED.,.F.,.F.,(4,4),(-1.570789672983,-0.893088547634),
  .PIECEWISE_BEZIER_KNOTS.);
#1272 = CARTESIAN_POINT('',(16.4758505061,295.32693966781,
    -159.4199065388));
#1273 = CARTESIAN_POINT('',(16.651644512341,295.77873975763,
    -159.003709066));
#1274 = CARTESIAN_POINT('',(16.675923886588,296.21929576,-158.536891185)
  );
#1275 = CARTESIAN_POINT('',(16.565306295078,296.55223500062,
    -158.1240662786));
#1276 = B_SPLINE_SURFACE_WITH_KNOTS('',3,3,(
    (#1277,#1278,#1279,#1280)
    ,(#1281,#1282,#1283,#1284)
    ,(#1285,#1286,#1287,#1288)
    ,(#1289,#1290,#1291,#1292
    )),.UNSPECIFIED.,.F.,.F.,.F.,(4,4),(4,4),(0.,1.),(0.893088547634,
    1.570789672983),.PIECEWISE_BEZIER_KNOTS.);
#1277 = CARTESIAN_POINT('',(16.565306295078,296.55223500062,
    -158.1240662786));
#1278 = CARTESIAN_POINT('',(16.675923886588,296.21929576,-158.536891185)
  );
#1279 = CARTESIAN_POINT('',(16.651644512341,295.77873975763,
    -159.003709066));
#1280 = CARTESIAN_POINT('',(16.4758505061,295.32693966781,
    -159.4199065388));
#1281 = CARTESIAN_POINT('',(16.688335262677,296.68502620341,
    -158.2096412196));
#1282 = CARTESIAN_POINT('',(16.788006085338,296.33149299475,
    -158.6517549551));
#1283 = CARTESIAN_POINT('',(16.73919161527,295.8743345547,
    -159.1328703269));
#1284 = CARTESIAN_POINT('',(16.54010764874,295.40935684249,
    -159.5521715712));
#1285 = CARTESIAN_POINT('',(16.811364230276,296.8178174062,
    -158.2952161606));
#1286 = CARTESIAN_POINT('',(16.900088284088,296.44369022951,
    -158.7666187253));
#1287 = CARTESIAN_POINT('',(16.826738718199,295.96992935178,
    -159.2620315877));
#1288 = CARTESIAN_POINT('',(16.604364791379,295.49177401717,
    -159.6844366036));
#1289 = CARTESIAN_POINT('',(16.934393197876,296.95060860899,
    -158.3807911016));
#1290 = CARTESIAN_POINT('',(17.012170482839,296.55588746426,
    -158.8814824955));
#1291 = CARTESIAN_POINT('',(16.914285821128,296.06552414885,
    -159.3911928485));
#1292 = CARTESIAN_POINT('',(16.668621934019,295.57419119185,
    -159.816701636));
#1293 = ADVANCED_FACE('',(#1294),#1312,.T.);
#1294 = FACE_BOUND('',#1295,.T.);
#1295 = EDGE_LOOP('',(#1296,#1297,#1304,#1305));
#1296 = ORIENTED_EDGE('',*,*,#1243,.F.);
#1297 = ORIENTED_EDGE('',*,*,#1298,.T.);
#1298 = EDGE_CURVE('',#1244,#1186,#1299,.T.);
#1299 = B_SPLINE_CURVE_WITH_KNOTS('',3,(#1300,#1301,#1302,#1303),
  .UNSPECIFIED.,.F.,.F.,(4,4),(-0.893088547634,-0.785393235041),
  .PIECEWISE_BEZIER_KNOTS.);
#1300 = CARTESIAN_POINT('',(16.565306295078,296.55223500062,
    -158.1240662786));
#1301 = CARTESIAN_POINT('',(16.547727755438,296.6051432728,
    -158.0584631599));
#1302 = CARTESIAN_POINT('',(16.530336236474,296.65527148806,
    -157.9935579901));
#1303 = CARTESIAN_POINT('',(16.513005284396,296.70261953274,
    -157.9288788414));
#1304 = ORIENTED_EDGE('',*,*,#1185,.F.);
#1305 = ORIENTED_EDGE('',*,*,#1306,.T.);
#1306 = EDGE_CURVE('',#1178,#1246,#1307,.T.);
#1307 = B_SPLINE_CURVE_WITH_KNOTS('',3,(#1308,#1309,#1310,#1311),
  .UNSPECIFIED.,.F.,.F.,(4,4),(0.785393235041,0.893088547634),
  .PIECEWISE_BEZIER_KNOTS.);
#1308 = CARTESIAN_POINT('',(16.884235445279,297.13128259442,
    -158.1432071912));
#1309 = CARTESIAN_POINT('',(16.905321506119,297.07367572857,
    -158.2219002514));
#1310 = CARTESIAN_POINT('',(16.922033399871,297.01333481008,
    -158.3012248826));
#1311 = CARTESIAN_POINT('',(16.934393197876,296.95060860899,
    -158.3807911016));
#1312 = B_SPLINE_SURFACE_WITH_KNOTS('',3,3,(
    (#1313,#1314,#1315,#1316)
    ,(#1317,#1318,#1319,#1320)
    ,(#1321,#1322,#1323,#1324)
    ,(#1325,#1326,#1327,#1328
    )),.UNSPECIFIED.,.F.,.F.,.F.,(4,4),(4,4),(0.,1.000005784648),(
    0.785393235041,0.893088547634),.PIECEWISE_BEZIER_KNOTS.);
#1313 = CARTESIAN_POINT('',(16.513005284396,296.70261953274,
    -157.9288788414));
#1314 = CARTESIAN_POINT('',(16.530336236474,296.65527148806,
    -157.9935579901));
#1315 = CARTESIAN_POINT('',(16.547727755438,296.6051432728,
    -158.0584631599));
#1316 = CARTESIAN_POINT('',(16.565306295078,296.55223500062,
    -158.1240662786));
#1317 = CARTESIAN_POINT('',(16.636749387169,296.84550804652,
    -158.0003220379));
#1318 = CARTESIAN_POINT('',(16.655332049408,296.794740375,
    -158.0696725175));
#1319 = CARTESIAN_POINT('',(16.672497025324,296.74120790564,
    -158.1393842023));
#1320 = CARTESIAN_POINT('',(16.688335974356,296.68502697156,
    -158.2096417146));
#1321 = CARTESIAN_POINT('',(16.760493489942,296.98839656031,
    -158.0717652344));
#1322 = CARTESIAN_POINT('',(16.780327862343,296.93420926195,
    -158.1457870449));
#1323 = CARTESIAN_POINT('',(16.797266295211,296.87727253848,
    -158.2203052446));
#1324 = CARTESIAN_POINT('',(16.811365653635,296.8178189425,
    -158.2952171507));
#1325 = CARTESIAN_POINT('',(16.884237592715,297.13128507409,
    -158.143208431));
#1326 = CARTESIAN_POINT('',(16.905323675277,297.07367814889,
    -158.2219015723));
#1327 = CARTESIAN_POINT('',(16.922035565098,297.01333717132,
    -158.3012262869));
#1328 = CARTESIAN_POINT('',(16.934395332913,296.95061091344,
    -158.3807925867));
#1329 = ADVANCED_FACE('',(#1330),#1364,.T.);
#1330 = FACE_BOUND('',#1331,.T.);
#1331 = EDGE_LOOP('',(#1332,#1342,#1350,#1358));
#1332 = ORIENTED_EDGE('',*,*,#1333,.T.);
#1333 = EDGE_CURVE('',#1334,#1336,#1338,.T.);
#1334 = VERTEX_POINT('',#1335);
#1335 = CARTESIAN_POINT('',(16.365513726286,295.07921473748,
    -159.6417025173));
#1336 = VERTEX_POINT('',#1337);
#1337 = CARTESIAN_POINT('',(16.544879697288,295.32670410779,
    -160.0310327278));
#1338 = LINE('',#1339,#1340);
#1339 = CARTESIAN_POINT('',(16.365513726286,295.07921473748,
    -159.6417025173));
#1340 = VECTOR('',#1341,1.);
#1341 = DIRECTION('',(0.362373131555,0.500002858091,-0.786563955078));
#1342 = ORIENTED_EDGE('',*,*,#1343,.T.);
#1343 = EDGE_CURVE('',#1336,#1344,#1346,.T.);
#1344 = VERTEX_POINT('',#1345);
#1345 = CARTESIAN_POINT('',(9.997124741177,282.23105605725,
    -171.3722489942));
#1346 = LINE('',#1347,#1348);
#1347 = CARTESIAN_POINT('',(39.540747368392,341.31892459501,
    -120.2004174649));
#1348 = VECTOR('',#1349,1.);
#1349 = DIRECTION('',(-0.35354951505,-0.707106488953,-0.612375010666));
#1350 = ORIENTED_EDGE('',*,*,#1351,.T.);
#1351 = EDGE_CURVE('',#1344,#1352,#1354,.T.);
#1352 = VERTEX_POINT('',#1353);
#1353 = CARTESIAN_POINT('',(9.817758770175,281.98356668694,
    -170.9829187838));
#1354 = LINE('',#1355,#1356);
#1355 = CARTESIAN_POINT('',(9.997124741177,282.23105605725,
    -171.3722489942));
#1356 = VECTOR('',#1357,1.);
#1357 = DIRECTION('',(-0.362373131555,-0.500002858091,0.786563955078));
#1358 = ORIENTED_EDGE('',*,*,#1359,.T.);
#1359 = EDGE_CURVE('',#1352,#1334,#1360,.T.);
#1360 = LINE('',#1361,#1362);
#1361 = CARTESIAN_POINT('',(39.36138139739,341.0714352247,
    -119.8110872544));
#1362 = VECTOR('',#1363,1.);
#1363 = DIRECTION('',(0.35354951505,0.707106488953,0.612375010666));
#1364 = PLANE('',#1365);
#1365 = AXIS2_PLACEMENT_3D('',#1366,#1367,#1368);
#1366 = CARTESIAN_POINT('',(39.451064382891,341.19517990985,
    -120.0057523597));
#1367 = DIRECTION('',(-0.862373732169,0.499997555175,-7.946062474249E-02
    ));
#1368 = DIRECTION('',(-9.175307662376E-02,1.387778780781E-17,
    0.995781789816));
#1369 = ADVANCED_FACE('',(#1370),#1388,.T.);
#1370 = FACE_BOUND('',#1371,.T.);
#1371 = EDGE_LOOP('',(#1372,#1373,#1380,#1381));
#1372 = ORIENTED_EDGE('',*,*,#1333,.F.);
#1373 = ORIENTED_EDGE('',*,*,#1374,.T.);
#1374 = EDGE_CURVE('',#1334,#1263,#1375,.T.);
#1375 = B_SPLINE_CURVE_WITH_KNOTS('',3,(#1376,#1377,#1378,#1379),
  .UNSPECIFIED.,.F.,.F.,(4,4),(-6.50428488576,-6.469284912217),
  .PIECEWISE_BEZIER_KNOTS.);
#1376 = CARTESIAN_POINT('',(16.365513726286,295.07921473748,
    -159.6417025173));
#1377 = CARTESIAN_POINT('',(16.406761138529,295.16171043217,
    -159.5702588201));
#1378 = CARTESIAN_POINT('',(16.443628108412,295.24412636558,
    -159.4961940117));
#1379 = CARTESIAN_POINT('',(16.4758505061,295.32693966781,
    -159.4199065388));
#1380 = ORIENTED_EDGE('',*,*,#1262,.F.);
#1381 = ORIENTED_EDGE('',*,*,#1382,.T.);
#1382 = EDGE_CURVE('',#1254,#1336,#1383,.T.);
#1383 = B_SPLINE_CURVE_WITH_KNOTS('',3,(#1384,#1385,#1386,#1387),
  .UNSPECIFIED.,.F.,.F.,(4,4),(6.469284912217,6.50428488576),
  .PIECEWISE_BEZIER_KNOTS.);
#1384 = CARTESIAN_POINT('',(16.668621934019,295.57419119185,
    -159.816701636));
#1385 = CARTESIAN_POINT('',(16.627374521775,295.49169549717,
    -159.8881453333));
#1386 = CARTESIAN_POINT('',(16.586127109531,295.40919980248,
    -159.9595890305));
#1387 = CARTESIAN_POINT('',(16.544879697288,295.32670410779,
    -160.0310327278));
#1388 = B_SPLINE_SURFACE_WITH_KNOTS('',3,3,(
    (#1389,#1390,#1391,#1392)
    ,(#1393,#1394,#1395,#1396)
    ,(#1397,#1398,#1399,#1400)
    ,(#1401,#1402,#1403,#1404
    )),.UNSPECIFIED.,.F.,.F.,.F.,(4,4),(4,4),(0.,1.),(6.469284912217,
    6.50428488576),.PIECEWISE_BEZIER_KNOTS.);
#1389 = CARTESIAN_POINT('',(16.4758505061,295.32693966781,
    -159.4199065388));
#1390 = CARTESIAN_POINT('',(16.443628108412,295.24412636558,
    -159.4961940117));
#1391 = CARTESIAN_POINT('',(16.406761138529,295.16171043217,
    -159.5702588201));
#1392 = CARTESIAN_POINT('',(16.365513726286,295.07921473748,
    -159.6417025173));
#1393 = CARTESIAN_POINT('',(16.54010764874,295.40935684249,
    -159.5521715712));
#1394 = CARTESIAN_POINT('',(16.504876912866,295.32664940944,
    -159.6268444522));
#1395 = CARTESIAN_POINT('',(16.46654979553,295.24420688894,
    -159.7000355569));
#1396 = CARTESIAN_POINT('',(16.425302383286,295.16171119425,
    -159.7714792541));
#1397 = CARTESIAN_POINT('',(16.604364791379,295.49177401717,
    -159.6844366036));
#1398 = CARTESIAN_POINT('',(16.566125717321,295.4091724533,
    -159.7574948927));
#1399 = CARTESIAN_POINT('',(16.526338452531,295.32670334571,
    -159.8298122937));
#1400 = CARTESIAN_POINT('',(16.485091040287,295.24420765102,
    -159.901255991));
#1401 = CARTESIAN_POINT('',(16.668621934019,295.57419119185,
    -159.816701636));
#1402 = CARTESIAN_POINT('',(16.627374521775,295.49169549717,
    -159.8881453333));
#1403 = CARTESIAN_POINT('',(16.586127109531,295.40919980248,
    -159.9595890305));
#1404 = CARTESIAN_POINT('',(16.544879697288,295.32670410779,
    -160.0310327278));
#1405 = ADVANCED_FACE('',(#1406),#1442,.T.);
#1406 = FACE_BOUND('',#1407,.T.);
#1407 = EDGE_LOOP('',(#1408,#1418,#1427,#1435));
#1408 = ORIENTED_EDGE('',*,*,#1409,.T.);
#1409 = EDGE_CURVE('',#1410,#1412,#1414,.T.);
#1410 = VERTEX_POINT('',#1411);
#1411 = CARTESIAN_POINT('',(9.6940165326,281.73655162051,-171.197249875)
  );
#1412 = VERTEX_POINT('',#1413);
#1413 = CARTESIAN_POINT('',(9.848810627031,281.96311545907,
    -171.5960111277));
#1414 = LINE('',#1415,#1416);
#1415 = CARTESIAN_POINT('',(9.6940165326,281.73655162051,-171.197249875)
  );
#1416 = VECTOR('',#1417,1.);
#1417 = DIRECTION('',(0.31979048388,0.468060230788,-0.823804386232));
#1418 = ORIENTED_EDGE('',*,*,#1419,.T.);
#1419 = EDGE_CURVE('',#1412,#1420,#1422,.T.);
#1420 = VERTEX_POINT('',#1421);
#1421 = CARTESIAN_POINT('',(8.655651260501,280.6739489271,
    -172.3957396499));
#1422 = B_SPLINE_CURVE_WITH_KNOTS('',3,(#1423,#1424,#1425,#1426),
  .UNSPECIFIED.,.F.,.F.,(4,4),(-1.447336208064,-0.785403161143),
  .PIECEWISE_BEZIER_KNOTS.);
#1423 = CARTESIAN_POINT('',(9.848810627031,281.96311545907,
    -171.5960111277));
#1424 = CARTESIAN_POINT('',(9.559238385006,281.48642700658,
    -171.9792590926));
#1425 = CARTESIAN_POINT('',(9.139324731004,281.02802544166,
    -172.2661377197));
#1426 = CARTESIAN_POINT('',(8.655651260501,280.6739489271,
    -172.3957396499));
#1427 = ORIENTED_EDGE('',*,*,#1428,.T.);
#1428 = EDGE_CURVE('',#1420,#1429,#1431,.T.);
#1429 = VERTEX_POINT('',#1430);
#1430 = CARTESIAN_POINT('',(8.672064500434,280.53118313142,
    -172.0669531377));
#1431 = LINE('',#1432,#1433);
#1432 = CARTESIAN_POINT('',(8.655651260501,280.6739489271,
    -172.3957396499));
#1433 = VECTOR('',#1434,1.);
#1434 = DIRECTION('',(4.574222259611E-02,-0.397875424464,0.916298420647)
  );
#1435 = ORIENTED_EDGE('',*,*,#1436,.T.);
#1436 = EDGE_CURVE('',#1429,#1410,#1437,.T.);
#1437 = B_SPLINE_CURVE_WITH_KNOTS('',3,(#1438,#1439,#1440,#1441),
  .UNSPECIFIED.,.F.,.F.,(4,4),(0.785403161143,1.447336208064),
  .PIECEWISE_BEZIER_KNOTS.);
#1438 = CARTESIAN_POINT('',(8.672064500434,280.53118313142,
    -172.0669531377));
#1439 = CARTESIAN_POINT('',(9.112471729338,280.86430418189,
    -171.8996879516));
#1440 = CARTESIAN_POINT('',(9.471669304458,281.29523732413,
    -171.5823723979));
#1441 = CARTESIAN_POINT('',(9.6940165326,281.73655162051,-171.197249875)
  );
#1442 = B_SPLINE_SURFACE_WITH_KNOTS('',3,3,(
    (#1443,#1444,#1445,#1446)
    ,(#1447,#1448,#1449,#1450)
    ,(#1451,#1452,#1453,#1454)
    ,(#1455,#1456,#1457,#1458
    )),.UNSPECIFIED.,.F.,.F.,.F.,(4,4),(4,4),(0.,1.),(-1.447336208064,
    -0.785403161143),.PIECEWISE_BEZIER_KNOTS.);
#1443 = CARTESIAN_POINT('',(9.6940165326,281.73655162051,-171.197249875)
  );
#1444 = CARTESIAN_POINT('',(9.471669304458,281.29523732413,
    -171.5823723979));
#1445 = CARTESIAN_POINT('',(9.112471729338,280.86430418189,
    -171.8996879516));
#1446 = CARTESIAN_POINT('',(8.672064500434,280.53118313142,
    -172.0669531377));
#1447 = CARTESIAN_POINT('',(9.745614564077,281.81207290003,
    -171.3301702926));
#1448 = CARTESIAN_POINT('',(9.500858997974,281.35896721828,
    -171.7146679628));
#1449 = CARTESIAN_POINT('',(9.121422729893,280.91887793514,
    -172.0218378743));
#1450 = CARTESIAN_POINT('',(8.666593420456,280.57877172998,
    -172.1765486418));
#1451 = CARTESIAN_POINT('',(9.797212595554,281.88759417955,
    -171.4630907101));
#1452 = CARTESIAN_POINT('',(9.53004869149,281.42269711243,
    -171.8469635277));
#1453 = CARTESIAN_POINT('',(9.130373730449,280.9734516884,-172.143987797
    ));
#1454 = CARTESIAN_POINT('',(8.661122340479,280.62636032854,
    -172.2861441459));
#1455 = CARTESIAN_POINT('',(9.848810627031,281.96311545907,
    -171.5960111277));
#1456 = CARTESIAN_POINT('',(9.559238385006,281.48642700658,
    -171.9792590926));
#1457 = CARTESIAN_POINT('',(9.139324731004,281.02802544166,
    -172.2661377197));
#1458 = CARTESIAN_POINT('',(8.655651260501,280.6739489271,
    -172.3957396499));
#1459 = ADVANCED_FACE('',(#1460),#1478,.T.);
#1460 = FACE_BOUND('',#1461,.T.);
#1461 = EDGE_LOOP('',(#1462,#1463,#1470,#1471));
#1462 = ORIENTED_EDGE('',*,*,#1409,.F.);
#1463 = ORIENTED_EDGE('',*,*,#1464,.T.);
#1464 = EDGE_CURVE('',#1410,#1352,#1465,.T.);
#1465 = B_SPLINE_CURVE_WITH_KNOTS('',3,(#1466,#1467,#1468,#1469),
  .UNSPECIFIED.,.F.,.F.,(4,4),(1.447336208064,1.570802980607),
  .PIECEWISE_BEZIER_KNOTS.);
#1466 = CARTESIAN_POINT('',(9.6940165326,281.73655162051,-171.197249875)
  );
#1467 = CARTESIAN_POINT('',(9.73548975224,281.81886757694,
    -171.1254150646));
#1468 = CARTESIAN_POINT('',(9.77660366296,281.90125560426,
    -171.0542026016));
#1469 = CARTESIAN_POINT('',(9.817758770175,281.98356668694,
    -170.9829187838));
#1470 = ORIENTED_EDGE('',*,*,#1351,.F.);
#1471 = ORIENTED_EDGE('',*,*,#1472,.T.);
#1472 = EDGE_CURVE('',#1344,#1412,#1473,.T.);
#1473 = B_SPLINE_CURVE_WITH_KNOTS('',3,(#1474,#1475,#1476,#1477),
  .UNSPECIFIED.,.F.,.F.,(4,4),(-1.570802980607,-1.447336208064),
  .PIECEWISE_BEZIER_KNOTS.);
#1474 = CARTESIAN_POINT('',(9.997124741177,282.23105605725,
    -171.3722489942));
#1475 = CARTESIAN_POINT('',(9.952368540933,282.14154271254,
    -171.4497701827));
#1476 = CARTESIAN_POINT('',(9.902822963032,282.05202956453,
    -171.5245259684));
#1477 = CARTESIAN_POINT('',(9.848810627031,281.96311545907,
    -171.5960111277));
#1478 = B_SPLINE_SURFACE_WITH_KNOTS('',3,3,(
    (#1479,#1480,#1481,#1482)
    ,(#1483,#1484,#1485,#1486)
    ,(#1487,#1488,#1489,#1490)
    ,(#1491,#1492,#1493,#1494
    )),.UNSPECIFIED.,.F.,.F.,.F.,(4,4),(4,4),(0.,1.),(-1.570802980607,
    -1.447336208064),.PIECEWISE_BEZIER_KNOTS.);
#1479 = CARTESIAN_POINT('',(9.817758770175,281.98356668694,
    -170.9829187838));
#1480 = CARTESIAN_POINT('',(9.77660366296,281.90125560426,
    -171.0542026016));
#1481 = CARTESIAN_POINT('',(9.73548975224,281.81886757694,
    -171.1254150646));
#1482 = CARTESIAN_POINT('',(9.6940165326,281.73655162051,-171.197249875)
  );
#1483 = CARTESIAN_POINT('',(9.877547427176,282.06606314371,
    -171.1126955206));
#1484 = CARTESIAN_POINT('',(9.835191955618,281.98135130702,
    -171.186058462));
#1485 = CARTESIAN_POINT('',(9.791267489171,281.89658823947,
    -171.2584520325));
#1486 = CARTESIAN_POINT('',(9.745614564077,281.81207290003,
    -171.3301702926));
#1487 = CARTESIAN_POINT('',(9.937336084176,282.14855960048,
    -171.2424722574));
#1488 = CARTESIAN_POINT('',(9.893780248275,282.06144700978,
    -171.3179143223));
#1489 = CARTESIAN_POINT('',(9.847045226102,281.974308902,-171.3914890005
    ));
#1490 = CARTESIAN_POINT('',(9.797212595554,281.88759417955,
    -171.4630907101));
#1491 = CARTESIAN_POINT('',(9.997124741177,282.23105605725,
    -171.3722489942));
#1492 = CARTESIAN_POINT('',(9.952368540933,282.14154271254,
    -171.4497701827));
#1493 = CARTESIAN_POINT('',(9.902822963032,282.05202956453,
    -171.5245259684));
#1494 = CARTESIAN_POINT('',(9.848810627031,281.96311545907,
    -171.5960111277));
#1495 = ADVANCED_FACE('',(#1496),#1530,.T.);
#1496 = FACE_BOUND('',#1497,.T.);
#1497 = EDGE_LOOP('',(#1498,#1508,#1516,#1524));
#1498 = ORIENTED_EDGE('',*,*,#1499,.T.);
#1499 = EDGE_CURVE('',#1500,#1502,#1504,.T.);
#1500 = VERTEX_POINT('',#1501);
#1501 = CARTESIAN_POINT('',(8.479606074956,280.38817468289,
    -172.129109577));
#1502 = VERTEX_POINT('',#1503);
#1503 = CARTESIAN_POINT('',(8.460461831056,280.53106240313,
    -172.4480375601));
#1504 = LINE('',#1505,#1506);
#1505 = CARTESIAN_POINT('',(8.479606074956,280.38817468289,
    -172.129109577));
#1506 = VECTOR('',#1507,1.);
#1507 = DIRECTION('',(-5.469818329331E-02,0.408253193665,-0.91122853259)
  );
#1508 = ORIENTED_EDGE('',*,*,#1509,.T.);
#1509 = EDGE_CURVE('',#1502,#1510,#1512,.T.);
#1510 = VERTEX_POINT('',#1511);
#1511 = CARTESIAN_POINT('',(6.841000060867,279.34552507457,
    -172.8819767638));
#1512 = LINE('',#1513,#1514);
#1513 = CARTESIAN_POINT('',(37.315882250728,301.65485715308,
    -164.7161488605));
#1514 = VECTOR('',#1515,1.);
#1515 = DIRECTION('',(-0.78867266667,-0.577352861034,-0.211326994735));
#1516 = ORIENTED_EDGE('',*,*,#1517,.T.);
#1517 = EDGE_CURVE('',#1510,#1518,#1520,.T.);
#1518 = VERTEX_POINT('',#1519);
#1519 = CARTESIAN_POINT('',(6.860144304767,279.20263735433,
    -172.5630487807));
#1520 = LINE('',#1521,#1522);
#1521 = CARTESIAN_POINT('',(6.841000060867,279.34552507457,
    -172.8819767638));
#1522 = VECTOR('',#1523,1.);
#1523 = DIRECTION('',(5.46981832933E-02,-0.408253193665,0.91122853259));
#1524 = ORIENTED_EDGE('',*,*,#1525,.T.);
#1525 = EDGE_CURVE('',#1518,#1500,#1526,.T.);
#1526 = LINE('',#1527,#1528);
#1527 = CARTESIAN_POINT('',(37.335026494628,301.51196943284,
    -164.3972208774));
#1528 = VECTOR('',#1529,1.);
#1529 = DIRECTION('',(0.78867266667,0.577352861034,0.211326994735));
#1530 = PLANE('',#1531);
#1531 = AXIS2_PLACEMENT_3D('',#1532,#1533,#1534);
#1532 = CARTESIAN_POINT('',(37.325454372678,301.58341329296,
    -164.556684869));
#1533 = DIRECTION('',(-0.612375320855,0.707101834051,0.353558287542));
#1534 = DIRECTION('',(0.500003427179,3.608224830032E-16,0.866023425093)
  );
#1535 = ADVANCED_FACE('',(#1536),#1554,.T.);
#1536 = FACE_BOUND('',#1537,.T.);
#1537 = EDGE_LOOP('',(#1538,#1539,#1546,#1547));
#1538 = ORIENTED_EDGE('',*,*,#1499,.F.);
#1539 = ORIENTED_EDGE('',*,*,#1540,.T.);
#1540 = EDGE_CURVE('',#1500,#1429,#1541,.T.);
#1541 = B_SPLINE_CURVE_WITH_KNOTS('',3,(#1542,#1543,#1544,#1545),
  .UNSPECIFIED.,.F.,.F.,(4,4),(-3.543261958533,-3.518513121063),
  .PIECEWISE_BEZIER_KNOTS.);
#1542 = CARTESIAN_POINT('',(8.479606074956,280.38817468289,
    -172.129109577));
#1543 = CARTESIAN_POINT('',(8.544668513773,280.43580405663,
    -172.1116759188));
#1544 = CARTESIAN_POINT('',(8.608878956226,280.48339248876,
    -172.090950755));
#1545 = CARTESIAN_POINT('',(8.672063462986,280.53118470084,
    -172.0669535317));
#1546 = ORIENTED_EDGE('',*,*,#1428,.F.);
#1547 = ORIENTED_EDGE('',*,*,#1548,.T.);
#1548 = EDGE_CURVE('',#1420,#1502,#1549,.T.);
#1549 = B_SPLINE_CURVE_WITH_KNOTS('',3,(#1550,#1551,#1552,#1553),
  .UNSPECIFIED.,.F.,.F.,(4,4),(3.518513111391,3.543261958533),
  .PIECEWISE_BEZIER_KNOTS.);
#1550 = CARTESIAN_POINT('',(8.655649223786,280.67395058019,
    -172.3957365652));
#1551 = CARTESIAN_POINT('',(8.590586759542,280.62632118783,
    -172.4131702302));
#1552 = CARTESIAN_POINT('',(8.525524295299,280.57869179548,
    -172.4306038951));
#1553 = CARTESIAN_POINT('',(8.460461831056,280.53106240313,
    -172.4480375601));
#1554 = B_SPLINE_SURFACE_WITH_KNOTS('',3,3,(
    (#1555,#1556,#1557,#1558)
    ,(#1559,#1560,#1561,#1562)
    ,(#1563,#1564,#1565,#1566)
    ,(#1567,#1568,#1569,#1570
    )),.UNSPECIFIED.,.F.,.F.,.F.,(4,4),(4,4),(-2.893226738053E-06,
    1.000005784656),(3.518513111391,3.543261958533),
  .PIECEWISE_BEZIER_KNOTS.);
#1555 = CARTESIAN_POINT('',(8.672063584553,280.53118434382,
    -172.0669525524));
#1556 = CARTESIAN_POINT('',(8.608879059336,280.48339211243,
    -172.0909498066));
#1557 = CARTESIAN_POINT('',(8.544668594587,280.43580366183,
    -172.1116749893));
#1558 = CARTESIAN_POINT('',(8.479606130344,280.38817426948,
    -172.1291086543));
#1559 = CARTESIAN_POINT('',(8.666592099314,280.57877336456,
    -172.1765478573));
#1560 = CARTESIAN_POINT('',(8.6027815908,280.53103541316,-172.1983572358
    ));
#1561 = CARTESIAN_POINT('',(8.538287124577,280.48343331524,
    -172.2179852395));
#1562 = CARTESIAN_POINT('',(8.473224660334,280.43580392289,
    -172.2354189045));
#1563 = CARTESIAN_POINT('',(8.661120614074,280.6263623853,
    -172.2861431622));
#1564 = CARTESIAN_POINT('',(8.596684122264,280.57867871389,
    -172.3057646649));
#1565 = CARTESIAN_POINT('',(8.531905654567,280.53106296864,
    -172.3242954898));
#1566 = CARTESIAN_POINT('',(8.466843190324,280.48343357629,
    -172.3417291547));
#1567 = CARTESIAN_POINT('',(8.655649128834,280.67395140604,
    -172.3957384671));
#1568 = CARTESIAN_POINT('',(8.590586653728,280.62632201463,
    -172.4131720941));
#1569 = CARTESIAN_POINT('',(8.525524184556,280.57869262204,-172.43060574
    ));
#1570 = CARTESIAN_POINT('',(8.460461720313,280.53106322969,
    -172.448039405));
#1571 = ADVANCED_FACE('',(#1572),#1608,.T.);
#1572 = FACE_BOUND('',#1573,.T.);
#1573 = EDGE_LOOP('',(#1574,#1584,#1593,#1601));
#1574 = ORIENTED_EDGE('',*,*,#1575,.T.);
#1575 = EDGE_CURVE('',#1576,#1578,#1580,.T.);
#1576 = VERTEX_POINT('',#1577);
#1577 = CARTESIAN_POINT('',(6.664957051808,279.06664418277,
    -172.6153497275));
#1578 = VERTEX_POINT('',#1579);
#1579 = CARTESIAN_POINT('',(6.631020731654,279.20089338609,
    -172.9277507864));
#1580 = LINE('',#1581,#1582);
#1581 = CARTESIAN_POINT('',(6.664957051808,279.06664418277,
    -172.6153497275));
#1582 = VECTOR('',#1583,1.);
#1583 = DIRECTION('',(-9.931184995602E-02,0.392869252653,-0.91421600663)
  );
#1584 = ORIENTED_EDGE('',*,*,#1585,.T.);
#1585 = EDGE_CURVE('',#1578,#1586,#1588,.T.);
#1586 = VERTEX_POINT('',#1587);
#1587 = CARTESIAN_POINT('',(5.02357140249,278.65512559947,
    -172.6298807828));
#1588 = B_SPLINE_CURVE_WITH_KNOTS('',3,(#1589,#1590,#1591,#1592),
  .UNSPECIFIED.,.F.,.F.,(4,4),(-0.691223187058,-1.849156457392E-06),
  .PIECEWISE_BEZIER_KNOTS.);
#1589 = CARTESIAN_POINT('',(6.631020731654,279.20089338609,
    -172.9277507864));
#1590 = CARTESIAN_POINT('',(6.109244855165,278.86354247209,
    -173.0160409425));
#1591 = CARTESIAN_POINT('',(5.521414572988,278.65512786179,
    -172.9173108861));
#1592 = CARTESIAN_POINT('',(5.02357140249,278.65512559947,
    -172.6298807828));
#1593 = ORIENTED_EDGE('',*,*,#1594,.T.);
#1594 = EDGE_CURVE('',#1586,#1595,#1597,.T.);
#1595 = VERTEX_POINT('',#1596);
#1596 = CARTESIAN_POINT('',(5.147315552895,278.55261287061,
    -172.4155505942));
#1597 = LINE('',#1598,#1599);
#1598 = CARTESIAN_POINT('',(5.02357140249,278.65512559947,
    -172.6298807828));
#1599 = VECTOR('',#1600,1.);
#1600 = DIRECTION('',(0.46194128651,-0.382683639577,0.800102168362));
#1601 = ORIENTED_EDGE('',*,*,#1602,.T.);
#1602 = EDGE_CURVE('',#1595,#1576,#1603,.T.);
#1603 = B_SPLINE_CURVE_WITH_KNOTS('',3,(#1604,#1605,#1606,#1607),
  .UNSPECIFIED.,.F.,.F.,(4,4),(1.849156457392E-06,0.691223187058),
  .PIECEWISE_BEZIER_KNOTS.);
#1604 = CARTESIAN_POINT('',(5.147315552895,278.55261287061,
    -172.4155505942));
#1605 = CARTESIAN_POINT('',(5.616230770073,278.55261500148,
    -172.686278921));
#1606 = CARTESIAN_POINT('',(6.183759564099,278.74906821694,
    -172.7442878545));
#1607 = CARTESIAN_POINT('',(6.664957051808,279.06664418277,
    -172.6153497275));
#1608 = B_SPLINE_SURFACE_WITH_KNOTS('',3,3,(
    (#1609,#1610,#1611,#1612)
    ,(#1613,#1614,#1615,#1616)
    ,(#1617,#1618,#1619,#1620)
    ,(#1621,#1622,#1623,#1624
    )),.UNSPECIFIED.,.F.,.F.,.F.,(4,4),(4,4),(0.,1.),(-0.691223187058,
    -1.849156457392E-06),.PIECEWISE_BEZIER_KNOTS.);
#1609 = CARTESIAN_POINT('',(6.664957051808,279.06664418277,
    -172.6153497275));
#1610 = CARTESIAN_POINT('',(6.183759564099,278.74906821694,
    -172.7442878545));
#1611 = CARTESIAN_POINT('',(5.616230770073,278.55261500148,
    -172.686278921));
#1612 = CARTESIAN_POINT('',(5.147315552895,278.55261287061,
    -172.4155505942));
#1613 = CARTESIAN_POINT('',(6.65364494509,279.11139391721,
    -172.7194834138));
#1614 = CARTESIAN_POINT('',(6.158921327788,278.78722630199,
    -172.8348722171));
#1615 = CARTESIAN_POINT('',(5.584625371045,278.58678595492,
    -172.7632895761));
#1616 = CARTESIAN_POINT('',(5.10606750276,278.58678378023,
    -172.4869939904));
#1617 = CARTESIAN_POINT('',(6.642332838372,279.15614365165,
    -172.8236171001));
#1618 = CARTESIAN_POINT('',(6.134083091477,278.82538438704,
    -172.9254565798));
#1619 = CARTESIAN_POINT('',(5.553019972016,278.62095690835,
    -172.8403002311));
#1620 = CARTESIAN_POINT('',(5.064819452625,278.62095468985,
    -172.5584373866));
#1621 = CARTESIAN_POINT('',(6.631020731654,279.20089338609,
    -172.9277507864));
#1622 = CARTESIAN_POINT('',(6.109244855165,278.86354247209,
    -173.0160409425));
#1623 = CARTESIAN_POINT('',(5.521414572988,278.65512786179,
    -172.9173108861));
#1624 = CARTESIAN_POINT('',(5.02357140249,278.65512559947,
    -172.6298807828));
#1625 = ADVANCED_FACE('',(#1626),#1651,.T.);
#1626 = FACE_BOUND('',#1627,.T.);
#1627 = EDGE_LOOP('',(#1628,#1636,#1637,#1645));
#1628 = ORIENTED_EDGE('',*,*,#1629,.T.);
#1629 = EDGE_CURVE('',#1630,#1595,#1632,.T.);
#1630 = VERTEX_POINT('',#1631);
#1631 = CARTESIAN_POINT('',(-0.784312478451,278.55258865875,
    -168.9909235535));
#1632 = LINE('',#1633,#1634);
#1633 = CARTESIAN_POINT('',(-6.996600244057,278.5525581073,
    -165.4042575398));
#1634 = VECTOR('',#1635,1.);
#1635 = DIRECTION('',(0.866025403777,4.259032486495E-06,-0.499999999995)
  );
#1636 = ORIENTED_EDGE('',*,*,#1594,.F.);
#1637 = ORIENTED_EDGE('',*,*,#1638,.T.);
#1638 = EDGE_CURVE('',#1586,#1639,#1641,.T.);
#1639 = VERTEX_POINT('',#1640);
#1640 = CARTESIAN_POINT('',(-0.996832488034,278.65510095098,
    -169.1539932494));
#1641 = LINE('',#1642,#1643);
#1642 = CARTESIAN_POINT('',(-7.120341874181,278.65507083612,
    -165.618583457));
#1643 = VECTOR('',#1644,1.);
#1644 = DIRECTION('',(-0.866025403777,-4.259032486455E-06,0.499999999995
    ));
#1645 = ORIENTED_EDGE('',*,*,#1646,.T.);
#1646 = EDGE_CURVE('',#1639,#1630,#1647,.T.);
#1647 = LINE('',#1648,#1649);
#1648 = CARTESIAN_POINT('',(-0.996832488034,278.65510095098,
    -169.1539932494));
#1649 = VECTOR('',#1650,1.);
#1650 = DIRECTION('',(0.740954628449,-0.357410850598,0.568545268607));
#1651 = PLANE('',#1652);
#1652 = AXIS2_PLACEMENT_3D('',#1653,#1654,#1655);
#1653 = CARTESIAN_POINT('',(-7.058471059119,278.60381447171,
    -165.5114204984));
#1654 = DIRECTION('',(0.191341684846,0.92387673544,0.331421389401));
#1655 = DIRECTION('',(-1.040834085586E-16,-0.337660171238,0.941268085489
    ));
#1656 = ADVANCED_FACE('',(#1657),#1698,.T.);
#1657 = FACE_BOUND('',#1658,.T.);
#1658 = EDGE_LOOP('',(#1659,#1667,#1675,#1683,#1691,#1697));
#1659 = ORIENTED_EDGE('',*,*,#1660,.T.);
#1660 = EDGE_CURVE('',#1639,#1661,#1663,.T.);
#1661 = VERTEX_POINT('',#1662);
#1662 = CARTESIAN_POINT('',(-1.179846077127,279.15509840578,
    -168.4709800381));
#1663 = LINE('',#1664,#1665);
#1664 = CARTESIAN_POINT('',(-2.996848336507,284.11919156172,
    -161.6898631041));
#1665 = VECTOR('',#1666,1.);
#1666 = DIRECTION('',(-0.211326104643,0.57734791705,0.788676524423));
#1667 = ORIENTED_EDGE('',*,*,#1668,.T.);
#1668 = EDGE_CURVE('',#1661,#1669,#1671,.T.);
#1669 = VERTEX_POINT('',#1670);
#1670 = CARTESIAN_POINT('',(-0.967323587862,279.05258611352,
    -168.3079060474));
#1671 = LINE('',#1672,#1673);
#1672 = CARTESIAN_POINT('',(-1.179846077127,279.15509840578,
    -168.4709800381));
#1673 = VECTOR('',#1674,1.);
#1674 = DIRECTION('',(0.740952219307,-0.357405518429,0.568551760264));
#1675 = ORIENTED_EDGE('',*,*,#1676,.T.);
#1676 = EDGE_CURVE('',#1669,#1677,#1679,.T.);
#1677 = VERTEX_POINT('',#1678);
#1678 = CARTESIAN_POINT('',(-0.899201614987,278.97392616201,
    -168.3472362899));
#1679 = LINE('',#1680,#1681);
#1680 = CARTESIAN_POINT('',(16.6502148902,258.70974130368,
    -178.4793974597));
#1681 = VECTOR('',#1682,1.);
#1682 = DIRECTION('',(0.612374481772,-0.707104404155,-0.353554600733));
#1683 = ORIENTED_EDGE('',*,*,#1684,.T.);
#1684 = EDGE_CURVE('',#1677,#1685,#1687,.T.);
#1685 = VERTEX_POINT('',#1686);
#1686 = CARTESIAN_POINT('',(-0.716190498171,278.47392620747,
    -169.0302538236));
#1687 = LINE('',#1688,#1689);
#1688 = CARTESIAN_POINT('',(-2.73021756967,283.97630506503,
    -161.5138197476));
#1689 = VECTOR('',#1690,1.);
#1690 = DIRECTION('',(0.211326104643,-0.57734791705,-0.788676524423));
#1691 = ORIENTED_EDGE('',*,*,#1692,.T.);
#1692 = EDGE_CURVE('',#1685,#1630,#1693,.T.);
#1693 = LINE('',#1694,#1695);
#1694 = CARTESIAN_POINT('',(13.453688649769,262.11207128941,
    -177.2112380081));
#1695 = VECTOR('',#1696,1.);
#1696 = DIRECTION('',(-0.612374481772,0.707104404154,0.353554600733));
#1697 = ORIENTED_EDGE('',*,*,#1646,.F.);
#1698 = PLANE('',#1699);
#1699 = AXIS2_PLACEMENT_3D('',#1700,#1701,#1702);
#1700 = CARTESIAN_POINT('',(-2.863532953088,284.04774831337,
    -161.6018414258));
#1701 = DIRECTION('',(0.612370523235,0.707109158211,-0.353551949008));
#1702 = DIRECTION('',(-0.499999642104,-3.330669073875E-16,
    -0.866025610415));
#1703 = ADVANCED_FACE('',(#1704),#1754,.T.);
#1704 = FACE_BOUND('',#1705,.T.);
#1705 = EDGE_LOOP('',(#1706,#1716,#1724,#1732,#1740,#1748));
#1706 = ORIENTED_EDGE('',*,*,#1707,.T.);
#1707 = EDGE_CURVE('',#1708,#1710,#1712,.T.);
#1708 = VERTEX_POINT('',#1709);
#1709 = CARTESIAN_POINT('',(-5.196171749237,279.15507865386,
    -166.1521533302));
#1710 = VERTEX_POINT('',#1711);
#1711 = CARTESIAN_POINT('',(-5.879183529141,278.65507694003,
    -166.3351665616));
#1712 = LINE('',#1713,#1714);
#1713 = CARTESIAN_POINT('',(2.987363030954,285.14587051969,
    -163.9593724902));
#1714 = VECTOR('',#1715,1.);
#1715 = DIRECTION('',(-0.788673729165,-0.577351998664,-0.211325385514));
#1716 = ORIENTED_EDGE('',*,*,#1717,.T.);
#1717 = EDGE_CURVE('',#1710,#1718,#1720,.T.);
#1718 = VERTEX_POINT('',#1719);
#1719 = CARTESIAN_POINT('',(-5.844220664267,278.5525637746,
    -166.0695842004));
#1720 = LINE('',#1721,#1722);
#1721 = CARTESIAN_POINT('',(-5.879183529141,278.65507694003,
    -166.3351665616));
#1722 = VECTOR('',#1723,1.);
#1723 = DIRECTION('',(0.121898555446,-0.357413696653,0.925956905922));
#1724 = ORIENTED_EDGE('',*,*,#1725,.T.);
#1725 = EDGE_CURVE('',#1718,#1726,#1728,.T.);
#1726 = VERTEX_POINT('',#1727);
#1727 = CARTESIAN_POINT('',(-5.912342920842,278.47390003238,
    -166.0302538236));
#1728 = LINE('',#1729,#1730);
#1729 = CARTESIAN_POINT('',(-24.65361816426,256.83321319069,
    -155.2099743762));
#1730 = VECTOR('',#1731,1.);
#1731 = DIRECTION('',(-0.612370621054,-0.707108890966,0.353552314072));
#1732 = ORIENTED_EDGE('',*,*,#1733,.T.);
#1733 = EDGE_CURVE('',#1726,#1734,#1736,.T.);
#1734 = VERTEX_POINT('',#1735);
#1735 = CARTESIAN_POINT('',(-5.229328633879,278.97390424594,
    -165.84723629));
#1736 = LINE('',#1737,#1738);
#1737 = CARTESIAN_POINT('',(3.006506775966,285.00298301286,
    -163.6404414791));
#1738 = VECTOR('',#1739,1.);
#1739 = DIRECTION('',(0.788673729165,0.577351998664,0.211325385514));
#1740 = ORIENTED_EDGE('',*,*,#1741,.T.);
#1741 = EDGE_CURVE('',#1734,#1742,#1744,.T.);
#1742 = VERTEX_POINT('',#1743);
#1743 = CARTESIAN_POINT('',(-5.161206404739,279.05256548839,
    -165.8865666741));
#1744 = LINE('',#1745,#1746);
#1745 = CARTESIAN_POINT('',(-23.63315536544,257.72286923174,
    -155.221782839));
#1746 = VECTOR('',#1747,1.);
#1747 = DIRECTION('',(0.612370621054,0.707108890966,-0.353552314072));
#1748 = ORIENTED_EDGE('',*,*,#1749,.T.);
#1749 = EDGE_CURVE('',#1742,#1708,#1750,.T.);
#1750 = LINE('',#1751,#1752);
#1751 = CARTESIAN_POINT('',(-5.161206404739,279.05256548839,
    -165.8865666741));
#1752 = VECTOR('',#1753,1.);
#1753 = DIRECTION('',(-0.121905381935,0.357408364448,-0.925958065399));
#1754 = PLANE('',#1755);
#1755 = AXIS2_PLACEMENT_3D('',#1756,#1757,#1758);
#1756 = CARTESIAN_POINT('',(2.99693490346,285.07442676628,
    -163.7999069846));
#1757 = DIRECTION('',(-0.612374116709,0.7071046714,0.353554698552));
#1758 = DIRECTION('',(0.500000357892,-1.110223024625E-16,0.866025197155)
  );
#1759 = ADVANCED_FACE('',(#1760),#1785,.T.);
#1760 = FACE_BOUND('',#1761,.T.);
#1761 = EDGE_LOOP('',(#1762,#1770,#1778,#1784));
#1762 = ORIENTED_EDGE('',*,*,#1763,.T.);
#1763 = EDGE_CURVE('',#1710,#1764,#1766,.T.);
#1764 = VERTEX_POINT('',#1765);
#1765 = CARTESIAN_POINT('',(-9.572926764177,278.65505877454,
    -164.2025829105));
#1766 = LINE('',#1767,#1768);
#1767 = CARTESIAN_POINT('',(-7.120341874181,278.65507083612,
    -165.618583457));
#1768 = VECTOR('',#1769,1.);
#1769 = DIRECTION('',(-0.866025403777,-4.259032486455E-06,0.499999999995
    ));
#1770 = ORIENTED_EDGE('',*,*,#1771,.T.);
#1771 = EDGE_CURVE('',#1764,#1772,#1774,.T.);
#1772 = VERTEX_POINT('',#1773);
#1773 = CARTESIAN_POINT('',(-9.449185134054,278.55254604572,
    -163.9882569933));
#1774 = LINE('',#1775,#1776);
#1775 = CARTESIAN_POINT('',(-9.572926764177,278.65505877454,
    -164.2025829105));
#1776 = VECTOR('',#1777,1.);
#1777 = DIRECTION('',(0.46193977925,-0.382690184999,0.800099907919));
#1778 = ORIENTED_EDGE('',*,*,#1779,.T.);
#1779 = EDGE_CURVE('',#1772,#1718,#1780,.T.);
#1780 = LINE('',#1781,#1782);
#1781 = CARTESIAN_POINT('',(-6.996600244058,278.5525581073,
    -165.4042575398));
#1782 = VECTOR('',#1783,1.);
#1783 = DIRECTION('',(0.866025403777,4.259032486495E-06,-0.499999999995)
  );
#1784 = ORIENTED_EDGE('',*,*,#1717,.F.);
#1785 = PLANE('',#1786);
#1786 = AXIS2_PLACEMENT_3D('',#1787,#1788,#1789);
#1787 = CARTESIAN_POINT('',(-7.058471059119,278.60381447171,
    -165.5114204984));
#1788 = DIRECTION('',(0.191341684846,0.92387673544,0.331421389401));
#1789 = DIRECTION('',(-1.595945597899E-16,-0.337660171238,0.941268085489
    ));
#1790 = ADVANCED_FACE('',(#1791),#1830,.T.);
#1791 = FACE_BOUND('',#1792,.T.);
#1792 = EDGE_LOOP('',(#1793,#1803,#1816,#1817));
#1793 = ORIENTED_EDGE('',*,*,#1794,.T.);
#1794 = EDGE_CURVE('',#1795,#1797,#1799,.T.);
#1795 = VERTEX_POINT('',#1796);
#1796 = CARTESIAN_POINT('',(-9.829088866362,278.40254046289,
    -164.3462701856));
#1797 = VERTEX_POINT('',#1798);
#1798 = CARTESIAN_POINT('',(-9.955714543487,278.15912676545,
    -163.9920938124));
#1799 = LINE('',#1800,#1801);
#1800 = CARTESIAN_POINT('',(-9.829088866362,278.40254046289,
    -164.3462701856));
#1801 = VECTOR('',#1802,1.);
#1802 = DIRECTION('',(-0.282631678752,-0.543305461419,0.790530524242));
#1803 = ORIENTED_EDGE('',*,*,#1804,.T.);
#1804 = EDGE_CURVE('',#1797,#1772,#1805,.T.);
#1805 = B_SPLINE_CURVE_WITH_KNOTS('',3,(#1806,#1807,#1808,#1809,#1810,
    #1811,#1812,#1813,#1814,#1815),.UNSPECIFIED.,.F.,.F.,(4,1,1,1,1,1,1,
    4),(-1.570798499553,-1.121999549041,-0.897600073784,-0.673200598528,
    -0.617100729714,-0.336601385643,-0.224401648015,-1.231177772238E-05)
  ,.UNSPECIFIED.);
#1806 = CARTESIAN_POINT('',(-9.955714543487,278.15912676545,
    -163.9920938124));
#1807 = CARTESIAN_POINT('',(-9.891510015939,278.23392664989,
    -163.9537168952));
#1808 = CARTESIAN_POINT('',(-9.787967820425,278.3395000747,
    -163.921804868));
#1809 = CARTESIAN_POINT('',(-9.663367074224,278.44479781616,
    -163.9200746187));
#1810 = CARTESIAN_POINT('',(-9.603317541326,278.4875485404,
    -163.9297833101));
#1811 = CARTESIAN_POINT('',(-9.545951611176,278.52308463973,
    -163.9442560329));
#1812 = CARTESIAN_POINT('',(-9.509795178204,278.5400971021,
    -163.9579303705));
#1813 = CARTESIAN_POINT('',(-9.473847598971,278.55083452526,
    -163.9745690974));
#1814 = CARTESIAN_POINT('',(-9.458902166771,278.55254093579,
    -163.9826468754));
#1815 = CARTESIAN_POINT('',(-9.449185792563,278.55254108637,
    -163.9882566132));
#1816 = ORIENTED_EDGE('',*,*,#1771,.F.);
#1817 = ORIENTED_EDGE('',*,*,#1818,.T.);
#1818 = EDGE_CURVE('',#1764,#1795,#1819,.T.);
#1819 = B_SPLINE_CURVE_WITH_KNOTS('',3,(#1820,#1821,#1822,#1823,#1824,
    #1825,#1826,#1827,#1828,#1829),.UNSPECIFIED.,.F.,.F.,(4,1,1,1,1,1,1,
    4),(1.531955846554E-04,0.224401648015,0.336601385643,0.617100729714,
    0.673200598528,0.897600073784,1.121999549041,1.570798499553),
  .UNSPECIFIED.);
#1820 = CARTESIAN_POINT('',(-9.572929242629,278.65505381538,
    -164.2025872059));
#1821 = CARTESIAN_POINT('',(-9.573254678219,278.65505395425,
    -164.2023991534));
#1822 = CARTESIAN_POINT('',(-9.573871040107,278.65521019287,
    -164.2018628838));
#1823 = CARTESIAN_POINT('',(-9.584864584044,278.65233760223,
    -164.1988326887));
#1824 = CARTESIAN_POINT('',(-9.604237355171,278.64431803255,
    -164.1969079359));
#1825 = CARTESIAN_POINT('',(-9.639381946489,278.62308799953,
    -164.2011314081));
#1826 = CARTESIAN_POINT('',(-9.677594180218,278.59553285597,
    -164.2108873914));
#1827 = CARTESIAN_POINT('',(-9.753252205926,278.52387116589,
    -164.2499538442));
#1828 = CARTESIAN_POINT('',(-9.80477902009,278.45116029094,
    -164.3041640939));
#1829 = CARTESIAN_POINT('',(-9.829088866362,278.40254046289,
    -164.3462701856));
#1830 = B_SPLINE_SURFACE_WITH_KNOTS('',3,3,(
    (#1831,#1832,#1833,#1834,#1835,#1836,#1837,#1838,#1839,#1840)
    ,(#1841,#1842,#1843,#1844,#1845,#1846,#1847,#1848,#1849,#1850)
    ,(#1851,#1852,#1853,#1854,#1855,#1856,#1857,#1858,#1859,#1860)
    ,(#1861,#1862,#1863,#1864,#1865,#1866,#1867,#1868,#1869,#1870
  )),.UNSPECIFIED.,.F.,.F.,.F.,(4,4),(4,1,1,1,1,1,1,4),(0.,1.),(
    2.172758510083E-06,0.224401648015,0.336601385643,0.617100729714,
    0.673200598528,0.897600073784,1.121999549041,1.570798499553),
  .UNSPECIFIED.);
#1831 = CARTESIAN_POINT('',(-9.449184475463,278.55254108638,
    -163.9882573736));
#1832 = CARTESIAN_POINT('',(-9.458901266377,278.55254103859,
    -163.982647362));
#1833 = CARTESIAN_POINT('',(-9.473847008337,278.55083470168,
    -163.9745693708));
#1834 = CARTESIAN_POINT('',(-9.509795178204,278.5400971021,
    -163.9579303705));
#1835 = CARTESIAN_POINT('',(-9.545951611176,278.52308463973,
    -163.9442560329));
#1836 = CARTESIAN_POINT('',(-9.603317541326,278.4875485404,
    -163.9297833101));
#1837 = CARTESIAN_POINT('',(-9.663367074224,278.44479781616,
    -163.9200746187));
#1838 = CARTESIAN_POINT('',(-9.787967820425,278.3395000747,
    -163.921804868));
#1839 = CARTESIAN_POINT('',(-9.891510015939,278.23392664989,
    -163.9537168952));
#1840 = CARTESIAN_POINT('',(-9.955714543487,278.15912676545,
    -163.9920938124));
#1841 = CARTESIAN_POINT('',(-9.490432512055,278.586711996,
    -164.0597007776));
#1842 = CARTESIAN_POINT('',(-9.49701888624,278.58671196361,
    -164.0558981196));
#1843 = CARTESIAN_POINT('',(-9.507187455223,278.58562676647,
    -164.0503341224));
#1844 = CARTESIAN_POINT('',(-9.534818313484,278.57751060214,
    -164.0382311432));
#1845 = CARTESIAN_POINT('',(-9.565380192508,278.56349577067,
    -164.0284733339));
#1846 = CARTESIAN_POINT('',(-9.615339009714,278.53272836011,
    -164.0202326761));
#1847 = CARTESIAN_POINT('',(-9.668109442888,278.49504282943,
    -164.0170122096));
#1848 = CARTESIAN_POINT('',(-9.776395948926,278.40095710509,
    -164.0311878601));
#1849 = CARTESIAN_POINT('',(-9.862599683989,278.30633786357,
    -164.0705326281));
#1850 = CARTESIAN_POINT('',(-9.913505984445,278.2402646646,
    -164.1101526035));
#1851 = CARTESIAN_POINT('',(-9.531680548647,278.62088290562,
    -164.1311441816));
#1852 = CARTESIAN_POINT('',(-9.535136506102,278.62088288862,
    -164.1291488771));
#1853 = CARTESIAN_POINT('',(-9.540527902108,278.62041883126,
    -164.126098874));
#1854 = CARTESIAN_POINT('',(-9.559841448764,278.61492410218,
    -164.1185319159));
#1855 = CARTESIAN_POINT('',(-9.584808773839,278.60390690161,
    -164.1126906349));
#1856 = CARTESIAN_POINT('',(-9.627360478101,278.57790817982,
    -164.1106820421));
#1857 = CARTESIAN_POINT('',(-9.672851811553,278.5452878427,
    -164.1139498005));
#1858 = CARTESIAN_POINT('',(-9.764824077426,278.46241413549,
    -164.1405708521));
#1859 = CARTESIAN_POINT('',(-9.83368935204,278.37874907726,
    -164.187348361));
#1860 = CARTESIAN_POINT('',(-9.871297425404,278.32140256374,
    -164.2282113945));
#1861 = CARTESIAN_POINT('',(-9.572928585239,278.65505381524,
    -164.2025875856));
#1862 = CARTESIAN_POINT('',(-9.573254125965,278.65505381364,
    -164.2023996346));
#1863 = CARTESIAN_POINT('',(-9.573868348994,278.65521089605,
    -164.2018636256));
#1864 = CARTESIAN_POINT('',(-9.584864584044,278.65233760223,
    -164.1988326887));
#1865 = CARTESIAN_POINT('',(-9.604237355171,278.64431803255,
    -164.1969079359));
#1866 = CARTESIAN_POINT('',(-9.639381946489,278.62308799953,
    -164.2011314081));
#1867 = CARTESIAN_POINT('',(-9.677594180218,278.59553285597,
    -164.2108873914));
#1868 = CARTESIAN_POINT('',(-9.753252205926,278.52387116589,
    -164.2499538442));
#1869 = CARTESIAN_POINT('',(-9.80477902009,278.45116029094,
    -164.3041640939));
#1870 = CARTESIAN_POINT('',(-9.829088866362,278.40254046289,
    -164.3462701856));
#1871 = ADVANCED_FACE('',(#1872),#1888,.T.);
#1872 = FACE_BOUND('',#1873,.T.);
#1873 = EDGE_LOOP('',(#1874,#1880,#1881,#1887));
#1874 = ORIENTED_EDGE('',*,*,#1875,.T.);
#1875 = EDGE_CURVE('',#1661,#1708,#1876,.T.);
#1876 = LINE('',#1877,#1878);
#1877 = CARTESIAN_POINT('',(-3.153370247897,279.15508870017,
    -167.3315653269));
#1878 = VECTOR('',#1879,1.);
#1879 = DIRECTION('',(-0.866025403777,-4.259032490969E-06,0.499999999995
    ));
#1880 = ORIENTED_EDGE('',*,*,#1749,.F.);
#1881 = ORIENTED_EDGE('',*,*,#1882,.T.);
#1882 = EDGE_CURVE('',#1742,#1669,#1883,.T.);
#1883 = LINE('',#1884,#1885);
#1884 = CARTESIAN_POINT('',(-3.029626138121,279.05257597131,
    -167.1172351148));
#1885 = VECTOR('',#1886,1.);
#1886 = DIRECTION('',(0.866025403777,4.259032490969E-06,-0.499999999995)
  );
#1887 = ORIENTED_EDGE('',*,*,#1668,.F.);
#1888 = PLANE('',#1889);
#1889 = AXIS2_PLACEMENT_3D('',#1890,#1891,#1892);
#1890 = CARTESIAN_POINT('',(-3.091498193009,279.10383233574,
    -167.2244002208));
#1891 = DIRECTION('',(0.191338412125,0.923879446671,0.331415720906));
#1892 = DIRECTION('',(-9.020562075079E-17,-0.337654176562,0.941270235931
    ));
#1893 = ADVANCED_FACE('',(#1894),#1928,.T.);
#1894 = FACE_BOUND('',#1895,.T.);
#1895 = EDGE_LOOP('',(#1896,#1906,#1914,#1922));
#1896 = ORIENTED_EDGE('',*,*,#1897,.T.);
#1897 = EDGE_CURVE('',#1898,#1900,#1902,.T.);
#1898 = VERTEX_POINT('',#1899);
#1899 = CARTESIAN_POINT('',(-10.132196682,277.9075647927,-164.1712703878
    ));
#1900 = VERTEX_POINT('',#1901);
#1901 = CARTESIAN_POINT('',(-9.95283206354,278.15505337882,
    -164.5606007228));
#1902 = LINE('',#1903,#1904);
#1903 = CARTESIAN_POINT('',(-10.132196682,277.9075647927,-164.1712703878
    ));
#1904 = VECTOR('',#1905,1.);
#1905 = DIRECTION('',(0.362370973135,0.500002065956,-0.78656545301));
#1906 = ORIENTED_EDGE('',*,*,#1907,.T.);
#1907 = EDGE_CURVE('',#1900,#1908,#1910,.T.);
#1908 = VERTEX_POINT('',#1909);
#1909 = CARTESIAN_POINT('',(-10.82908528816,276.40254204529,
    -166.0783231406));
#1910 = LINE('',#1911,#1912);
#1911 = CARTESIAN_POINT('',(-5.358793793652,287.34315552598,
    -156.6034546896));
#1912 = VECTOR('',#1913,1.);
#1913 = DIRECTION('',(-0.353552259125,-0.707106488967,-0.612373426374));
#1914 = ORIENTED_EDGE('',*,*,#1915,.T.);
#1915 = EDGE_CURVE('',#1908,#1916,#1918,.T.);
#1916 = VERTEX_POINT('',#1917);
#1917 = CARTESIAN_POINT('',(-11.00844990663,276.15505345917,
    -165.6889928056));
#1918 = LINE('',#1919,#1920);
#1919 = CARTESIAN_POINT('',(-10.82908528816,276.40254204529,
    -166.0783231406));
#1920 = VECTOR('',#1921,1.);
#1921 = DIRECTION('',(-0.362370973135,-0.500002065956,0.78656545301));
#1922 = ORIENTED_EDGE('',*,*,#1923,.T.);
#1923 = EDGE_CURVE('',#1916,#1898,#1924,.T.);
#1924 = LINE('',#1925,#1926);
#1925 = CARTESIAN_POINT('',(-5.538158412118,287.09566693986,
    -156.2141243546));
#1926 = VECTOR('',#1927,1.);
#1927 = DIRECTION('',(0.353552259125,0.707106488967,0.612373426374));
#1928 = PLANE('',#1929);
#1929 = AXIS2_PLACEMENT_3D('',#1930,#1931,#1932);
#1930 = CARTESIAN_POINT('',(-5.448476102885,287.21941123292,
    -156.4087895221));
#1931 = DIRECTION('',(-0.862373514144,0.499998347298,-7.945800653109E-02
    ));
#1932 = DIRECTION('',(-9.175010182986E-02,2.081668171172E-17,
    0.995782063915));
#1933 = ADVANCED_FACE('',(#1934),#1952,.T.);
#1934 = FACE_BOUND('',#1935,.T.);
#1935 = EDGE_LOOP('',(#1936,#1937,#1944,#1945));
#1936 = ORIENTED_EDGE('',*,*,#1897,.F.);
#1937 = ORIENTED_EDGE('',*,*,#1938,.T.);
#1938 = EDGE_CURVE('',#1898,#1797,#1939,.T.);
#1939 = B_SPLINE_CURVE_WITH_KNOTS('',3,(#1940,#1941,#1942,#1943),
  .UNSPECIFIED.,.F.,.F.,(4,4),(-1.157973276437,-1.122973302893),
  .PIECEWISE_BEZIER_KNOTS.);
#1940 = CARTESIAN_POINT('',(-10.132196682,277.9075647927,-164.1712703878
    ));
#1941 = CARTESIAN_POINT('',(-10.09094894961,277.99006048739,
    -164.0998268754));
#1942 = CARTESIAN_POINT('',(-10.03130603109,278.07106078703,
    -164.0372770475));
#1943 = CARTESIAN_POINT('',(-9.95571454349,278.15912676546,
    -163.9920938124));
#1944 = ORIENTED_EDGE('',*,*,#1794,.F.);
#1945 = ORIENTED_EDGE('',*,*,#1946,.T.);
#1946 = EDGE_CURVE('',#1795,#1900,#1947,.T.);
#1947 = B_SPLINE_CURVE_WITH_KNOTS('',3,(#1948,#1949,#1950,#1951),
  .UNSPECIFIED.,.F.,.F.,(4,4),(1.122973302893,1.157973276437),
  .PIECEWISE_BEZIER_KNOTS.);
#1948 = CARTESIAN_POINT('',(-9.829088866381,278.40254046289,
    -164.3462701856));
#1949 = CARTESIAN_POINT('',(-9.870336598767,278.3200447682,
    -164.417713698));
#1950 = CARTESIAN_POINT('',(-9.911584331154,278.23754907351,
    -164.4891572104));
#1951 = CARTESIAN_POINT('',(-9.95283206354,278.15505337882,
    -164.5606007228));
#1952 = B_SPLINE_SURFACE_WITH_KNOTS('',3,3,(
    (#1953,#1954,#1955,#1956)
    ,(#1957,#1958,#1959,#1960)
    ,(#1961,#1962,#1963,#1964)
    ,(#1965,#1966,#1967,#1968
    )),.UNSPECIFIED.,.F.,.F.,.F.,(4,4),(4,4),(0.,1.),(1.122973302893,
    1.157973276437),.PIECEWISE_BEZIER_KNOTS.);
#1953 = CARTESIAN_POINT('',(-9.95571454349,278.15912676546,
    -163.9920938124));
#1954 = CARTESIAN_POINT('',(-10.03130603109,278.07106078703,
    -164.0372770475));
#1955 = CARTESIAN_POINT('',(-10.09094894961,277.99006048739,
    -164.0998268754));
#1956 = CARTESIAN_POINT('',(-10.132196682,277.9075647927,-164.1712703878
    ));
#1957 = CARTESIAN_POINT('',(-9.913505984454,278.2402646646,
    -164.1101526035));
#1958 = CARTESIAN_POINT('',(-9.977649553651,278.15405544742,
    -164.1640892643));
#1959 = CARTESIAN_POINT('',(-10.03116074346,278.07255668277,
    -164.2296036537));
#1960 = CARTESIAN_POINT('',(-10.07240847585,277.99006098808,
    -164.3010471661));
#1961 = CARTESIAN_POINT('',(-9.871297425417,278.32140256375,
    -164.2282113945));
#1962 = CARTESIAN_POINT('',(-9.923993076209,278.23705010781,
    -164.2909014812));
#1963 = CARTESIAN_POINT('',(-9.971372537309,278.15505287814,
    -164.3593804321));
#1964 = CARTESIAN_POINT('',(-10.01262026969,278.07255718345,
    -164.4308239445));
#1965 = CARTESIAN_POINT('',(-9.829088866381,278.40254046289,
    -164.3462701856));
#1966 = CARTESIAN_POINT('',(-9.870336598767,278.3200447682,
    -164.417713698));
#1967 = CARTESIAN_POINT('',(-9.911584331154,278.23754907351,
    -164.4891572104));
#1968 = CARTESIAN_POINT('',(-9.95283206354,278.15505337882,
    -164.5606007228));
#1969 = ADVANCED_FACE('',(#1970),#2016,.T.);
#1970 = FACE_BOUND('',#1971,.T.);
#1971 = EDGE_LOOP('',(#1972,#1982,#1996,#2004));
#1972 = ORIENTED_EDGE('',*,*,#1973,.T.);
#1973 = EDGE_CURVE('',#1974,#1976,#1978,.T.);
#1974 = VERTEX_POINT('',#1975);
#1975 = CARTESIAN_POINT('',(-11.13219311663,275.91474269386,
    -165.9033233351));
#1976 = VERTEX_POINT('',#1977);
#1977 = CARTESIAN_POINT('',(-10.87146831291,276.2579698239,
    -166.2207912195));
#1978 = LINE('',#1979,#1980);
#1979 = CARTESIAN_POINT('',(-11.13219311663,275.91474269386,
    -165.9033233351));
#1980 = VECTOR('',#1981,1.);
#1981 = DIRECTION('',(0.487044220231,0.64116182093,-0.593042533821));
#1982 = ORIENTED_EDGE('',*,*,#1983,.T.);
#1983 = EDGE_CURVE('',#1976,#1984,#1986,.T.);
#1984 = VERTEX_POINT('',#1985);
#1985 = CARTESIAN_POINT('',(-10.82543757179,276.15003073112,
    -166.3720050797));
#1986 = B_SPLINE_CURVE_WITH_KNOTS('',3,(#1987,#1988,#1989,#1990,#1991,
    #1992,#1993,#1994,#1995),.UNSPECIFIED.,.F.,.F.,(4,1,1,1,1,1,4),(
    -1.093944329419,-0.781388441557,-0.625110497626,-0.468832553695,
    -0.312554609764,-0.156276665833,1.278097896601E-06),.UNSPECIFIED.);
#1987 = CARTESIAN_POINT('',(-10.87146831291,276.2579698239,
    -166.2207912195));
#1988 = CARTESIAN_POINT('',(-10.8728957998,276.23083027786,
    -166.2513052029));
#1989 = CARTESIAN_POINT('',(-10.86736311362,276.19672828726,
    -166.2938772484));
#1990 = CARTESIAN_POINT('',(-10.85227353366,276.16889945793,
    -166.3347233769));
#1991 = CARTESIAN_POINT('',(-10.84031386945,276.15653491643,
    -166.3559057498));
#1992 = CARTESIAN_POINT('',(-10.8308773273,276.15117247842,
    -166.367546024));
#1993 = CARTESIAN_POINT('',(-10.82613822859,276.15000318532,
    -166.3716323586));
#1994 = CARTESIAN_POINT('',(-10.82566428716,276.15003073024,
    -166.3718741853));
#1995 = CARTESIAN_POINT('',(-10.82543757179,276.15003073112,
    -166.3720050797));
#1996 = ORIENTED_EDGE('',*,*,#1997,.T.);
#1997 = EDGE_CURVE('',#1984,#1998,#2000,.T.);
#1998 = VERTEX_POINT('',#1999);
#1999 = CARTESIAN_POINT('',(-10.94917976672,275.55254345998,
    -166.5863364259));
#2000 = LINE('',#2001,#2002);
#2001 = CARTESIAN_POINT('',(-10.82543757179,276.15003073112,
    -166.3720050797));
#2002 = VECTOR('',#2003,1.);
#2003 = DIRECTION('',(-0.191339424451,-0.923879446675,-0.33141513644));
#2004 = ORIENTED_EDGE('',*,*,#2005,.T.);
#2005 = EDGE_CURVE('',#1998,#1974,#2006,.T.);
#2006 = B_SPLINE_CURVE_WITH_KNOTS('',3,(#2007,#2008,#2009,#2010,#2011,
    #2012,#2013,#2014,#2015),.UNSPECIFIED.,.F.,.F.,(4,1,1,1,1,1,4),(
    -1.278097896601E-06,0.156276665833,0.312554609764,0.468832553695,
    0.625110497626,0.781388441557,1.093944329419),.UNSPECIFIED.);
#2007 = CARTESIAN_POINT('',(-10.94917976672,275.55254345998,
    -166.5863364259));
#2008 = CARTESIAN_POINT('',(-10.9875262778,275.55254331101,
    -166.5641970574));
#2009 = CARTESIAN_POINT('',(-11.05822161249,275.55953485619,
    -166.5095688032));
#2010 = CARTESIAN_POINT('',(-11.13640116653,275.58966618027,
    -166.4065147938));
#2011 = CARTESIAN_POINT('',(-11.18357266967,275.63606770834,
    -166.29449949));
#2012 = CARTESIAN_POINT('',(-11.20220242343,275.69479222219,
    -166.1833302845));
#2013 = CARTESIAN_POINT('',(-11.1952956711,275.78496556167,
    -166.0441975476));
#2014 = CARTESIAN_POINT('',(-11.16192043639,275.86192043787,
    -165.9548127837));
#2015 = CARTESIAN_POINT('',(-11.13219311663,275.91474269386,
    -165.9033233351));
#2016 = B_SPLINE_SURFACE_WITH_KNOTS('',3,3,(
    (#2017,#2018,#2019,#2020,#2021,#2022,#2023,#2024,#2025)
    ,(#2026,#2027,#2028,#2029,#2030,#2031,#2032,#2033,#2034)
    ,(#2035,#2036,#2037,#2038,#2039,#2040,#2041,#2042,#2043)
    ,(#2044,#2045,#2046,#2047,#2048,#2049,#2050,#2051,#2052
  )),.UNSPECIFIED.,.F.,.F.,.F.,(4,4),(4,1,1,1,1,1,4),(0.,1.),(
    -1.093944329419,-0.781388441557,-0.625110497626,-0.468832553695,
    -0.312554609764,-0.156276665833,1.278097896601E-06),.UNSPECIFIED.);
#2017 = CARTESIAN_POINT('',(-11.13219311663,275.91474269386,
    -165.9033233351));
#2018 = CARTESIAN_POINT('',(-11.16192043639,275.86192043787,
    -165.9548127837));
#2019 = CARTESIAN_POINT('',(-11.1952956711,275.78496556167,
    -166.0441975476));
#2020 = CARTESIAN_POINT('',(-11.20220242343,275.69479222219,
    -166.1833302845));
#2021 = CARTESIAN_POINT('',(-11.18357266967,275.63606770834,
    -166.29449949));
#2022 = CARTESIAN_POINT('',(-11.13640116653,275.58966618027,
    -166.4065147938));
#2023 = CARTESIAN_POINT('',(-11.05822161249,275.55953485619,
    -166.5095688032));
#2024 = CARTESIAN_POINT('',(-10.9875262778,275.55254331101,
    -166.5641970574));
#2025 = CARTESIAN_POINT('',(-10.94917976672,275.55254345998,
    -166.5863364259));
#2026 = CARTESIAN_POINT('',(-11.04528484872,276.0291517372,
    -166.0091459632));
#2027 = CARTESIAN_POINT('',(-11.06557889086,275.98489038453,
    -166.0536435901));
#2028 = CARTESIAN_POINT('',(-11.08598481861,275.92221980354,
    -166.1274241145));
#2029 = CARTESIAN_POINT('',(-11.08555946017,275.85282796744,
    -166.2337946487));
#2030 = CARTESIAN_POINT('',(-11.0691530696,275.8095567777,
    -166.3149682433));
#2031 = CARTESIAN_POINT('',(-11.03455988679,275.77683494632,
    -166.3935252038));
#2032 = CARTESIAN_POINT('',(-10.98086048453,275.75635763257,
    -166.4635899883));
#2033 = CARTESIAN_POINT('',(-10.93357228092,275.75170578409,
    -166.5000894333));
#2034 = CARTESIAN_POINT('',(-10.90793236841,275.75170588369,
    -166.5148926438));
#2035 = CARTESIAN_POINT('',(-10.95837658082,276.14356078055,
    -166.1149685914));
#2036 = CARTESIAN_POINT('',(-10.96923734533,276.1078603312,
    -166.1524743965));
#2037 = CARTESIAN_POINT('',(-10.97667396611,276.0594740454,
    -166.2106506815));
#2038 = CARTESIAN_POINT('',(-10.96891649692,276.01086371268,
    -166.2842590128));
#2039 = CARTESIAN_POINT('',(-10.95473346952,275.98304584707,
    -166.3354369966));
#2040 = CARTESIAN_POINT('',(-10.93271860704,275.96400371237,
    -166.3805356139));
#2041 = CARTESIAN_POINT('',(-10.90349935656,275.95318040895,
    -166.4176111735));
#2042 = CARTESIAN_POINT('',(-10.87961828404,275.95086825716,
    -166.4359818093));
#2043 = CARTESIAN_POINT('',(-10.8666849701,275.95086830741,
    -166.4434488618));
#2044 = CARTESIAN_POINT('',(-10.87146831291,276.2579698239,
    -166.2207912195));
#2045 = CARTESIAN_POINT('',(-10.8728957998,276.23083027786,
    -166.2513052029));
#2046 = CARTESIAN_POINT('',(-10.86736311362,276.19672828726,
    -166.2938772484));
#2047 = CARTESIAN_POINT('',(-10.85227353366,276.16889945793,
    -166.3347233769));
#2048 = CARTESIAN_POINT('',(-10.84031386945,276.15653491643,
    -166.3559057498));
#2049 = CARTESIAN_POINT('',(-10.8308773273,276.15117247842,
    -166.367546024));
#2050 = CARTESIAN_POINT('',(-10.82613822859,276.15000318532,
    -166.3716323586));
#2051 = CARTESIAN_POINT('',(-10.82566428716,276.15003073024,
    -166.3718741853));
#2052 = CARTESIAN_POINT('',(-10.82543757179,276.15003073112,
    -166.3720050797));
#2053 = ADVANCED_FACE('',(#2054),#2079,.T.);
#2054 = FACE_BOUND('',#2055,.T.);
#2055 = EDGE_LOOP('',(#2056,#2066,#2072,#2073));
#2056 = ORIENTED_EDGE('',*,*,#2057,.T.);
#2057 = EDGE_CURVE('',#2058,#2060,#2062,.T.);
#2058 = VERTEX_POINT('',#2059);
#2059 = CARTESIAN_POINT('',(3.338104268218,276.15010534539,
    -174.5493240472));
#2060 = VERTEX_POINT('',#2061);
#2061 = CARTESIAN_POINT('',(3.214360248328,275.55261807429,
    -174.7636600662));
#2062 = LINE('',#2063,#2064);
#2063 = CARTESIAN_POINT('',(3.338104268218,276.15010534539,
    -174.5493240472));
#2064 = VECTOR('',#2065,1.);
#2065 = DIRECTION('',(-0.191341684846,-0.92387673544,-0.331421389401));
#2066 = ORIENTED_EDGE('',*,*,#2067,.T.);
#2067 = EDGE_CURVE('',#2060,#1998,#2068,.T.);
#2068 = LINE('',#2069,#2070);
#2069 = CARTESIAN_POINT('',(1.325476270963,275.55260878494,
    -173.6731123934));
#2070 = VECTOR('',#2071,1.);
#2071 = DIRECTION('',(-0.866025403777,-4.259032486495E-06,0.499999999995
    ));
#2072 = ORIENTED_EDGE('',*,*,#1997,.F.);
#2073 = ORIENTED_EDGE('',*,*,#2074,.T.);
#2074 = EDGE_CURVE('',#1984,#2058,#2075,.T.);
#2075 = LINE('',#2076,#2077);
#2076 = CARTESIAN_POINT('',(1.449220290853,276.15009605604,
    -173.4587763744));
#2077 = VECTOR('',#2078,1.);
#2078 = DIRECTION('',(0.866025403777,4.259032486455E-06,-0.499999999995)
  );
#2079 = PLANE('',#2080);
#2080 = AXIS2_PLACEMENT_3D('',#2081,#2082,#2083);
#2081 = CARTESIAN_POINT('',(1.387348280908,275.85135242049,
    -173.5659443839));
#2082 = DIRECTION('',(-0.46193977925,0.382690184999,-0.800099907919));
#2083 = DIRECTION('',(-0.86602452169,0.,0.500001527828));
#2084 = ADVANCED_FACE('',(#2085),#2112,.T.);
#2085 = FACE_BOUND('',#2086,.T.);
#2086 = EDGE_LOOP('',(#2087,#2097,#2104,#2105));
#2087 = ORIENTED_EDGE('',*,*,#2088,.T.);
#2088 = EDGE_CURVE('',#2089,#2091,#2093,.T.);
#2089 = VERTEX_POINT('',#2090);
#2090 = CARTESIAN_POINT('',(4.465139736694,275.45972918146,
    -175.9972050257));
#2091 = VERTEX_POINT('',#2092);
#2092 = CARTESIAN_POINT('',(4.084054384298,275.0311874372,
    -175.7856076903));
#2093 = LINE('',#2094,#2095);
#2094 = CARTESIAN_POINT('',(4.465139736694,275.45972918146,
    -175.9972050257));
#2095 = VECTOR('',#2096,1.);
#2096 = DIRECTION('',(-0.623435047327,-0.70107114045,0.346161808684));
#2097 = ORIENTED_EDGE('',*,*,#2098,.T.);
#2098 = EDGE_CURVE('',#2091,#2060,#2099,.T.);
#2099 = B_SPLINE_CURVE_WITH_KNOTS('',3,(#2100,#2101,#2102,#2103),
  .UNSPECIFIED.,.F.,.F.,(4,4),(-0.785390925132,2.633646338984E-06),
  .PIECEWISE_BEZIER_KNOTS.);
#2100 = CARTESIAN_POINT('',(4.084054384298,275.0311874372,
    -175.7856076903));
#2101 = CARTESIAN_POINT('',(3.910709787461,275.37640865405,
    -175.3291950521));
#2102 = CARTESIAN_POINT('',(3.588454233945,275.5526151538,
    -174.9796433295));
#2103 = CARTESIAN_POINT('',(3.214360248337,275.55261311496,
    -174.7636600662));
#2104 = ORIENTED_EDGE('',*,*,#2057,.F.);
#2105 = ORIENTED_EDGE('',*,*,#2106,.T.);
#2106 = EDGE_CURVE('',#2058,#2089,#2107,.T.);
#2107 = B_SPLINE_CURVE_WITH_KNOTS('',3,(#2108,#2109,#2110,#2111),
  .UNSPECIFIED.,.F.,.F.,(4,4),(-2.477551692121E-06,0.785390925132),
  .PIECEWISE_BEZIER_KNOTS.);
#2108 = CARTESIAN_POINT('',(3.338101788585,276.15010038609,
    -174.5493283421));
#2109 = CARTESIAN_POINT('',(3.903771356207,276.15010336161,
    -174.8759175957));
#2110 = CARTESIAN_POINT('',(4.311363309669,275.87983994768,
    -175.4233175692));
#2111 = CARTESIAN_POINT('',(4.465139736694,275.45972918146,
    -175.9972050257));
#2112 = B_SPLINE_SURFACE_WITH_KNOTS('',3,3,(
    (#2113,#2114,#2115,#2116)
    ,(#2117,#2118,#2119,#2120)
    ,(#2121,#2122,#2123,#2124)
    ,(#2125,#2126,#2127,#2128
    )),.UNSPECIFIED.,.F.,.F.,.F.,(4,4),(4,4),(0.,1.),(
    -2.633646338984E-06,0.785390925132),.PIECEWISE_BEZIER_KNOTS.);
#2113 = CARTESIAN_POINT('',(3.214360248337,275.55261311496,
    -174.7636600662));
#2114 = CARTESIAN_POINT('',(3.588454233945,275.5526151538,
    -174.9796433295));
#2115 = CARTESIAN_POINT('',(3.910709787461,275.37640865405,
    -175.3291950521));
#2116 = CARTESIAN_POINT('',(4.084054384298,275.0311874372,
    -175.7856076903));
#2117 = CARTESIAN_POINT('',(3.255607315995,275.75177553867,
    -174.6922160933));
#2118 = CARTESIAN_POINT('',(3.693559887361,275.75177792555,
    -174.9450680124));
#2119 = CARTESIAN_POINT('',(4.044260951343,275.54421911309,
    -175.3605691864));
#2120 = CARTESIAN_POINT('',(4.211082835097,275.17403468529,
    -175.8561401354));
#2121 = CARTESIAN_POINT('',(3.296854383652,275.95093796238,
    -174.6207721203));
#2122 = CARTESIAN_POINT('',(3.798665540776,275.95094069729,
    -174.9104926952));
#2123 = CARTESIAN_POINT('',(4.177812115225,275.71202957213,
    -175.3919433208));
#2124 = CARTESIAN_POINT('',(4.338111285896,275.31688193337,
    -175.9266725806));
#2125 = CARTESIAN_POINT('',(3.33810145131,276.15010038609,
    -174.5493281474));
#2126 = CARTESIAN_POINT('',(3.903771194192,276.15010346904,
    -174.8759173781));
#2127 = CARTESIAN_POINT('',(4.311363279107,275.87984003117,
    -175.4233174552));
#2128 = CARTESIAN_POINT('',(4.465139736694,275.45972918146,
    -175.9972050257));
#2129 = ADVANCED_FACE('',(#2130),#2148,.T.);
#2130 = FACE_BOUND('',#2131,.T.);
#2131 = EDGE_LOOP('',(#2132,#2133,#2140,#2141));
#2132 = ORIENTED_EDGE('',*,*,#1973,.F.);
#2133 = ORIENTED_EDGE('',*,*,#2134,.T.);
#2134 = EDGE_CURVE('',#1974,#1916,#2135,.T.);
#2135 = B_SPLINE_CURVE_WITH_KNOTS('',3,(#2136,#2137,#2138,#2139),
  .UNSPECIFIED.,.F.,.F.,(4,4),(1.093944329419,1.570794154036),
  .PIECEWISE_BEZIER_KNOTS.);
#2136 = CARTESIAN_POINT('',(-11.13219311663,275.91474269386,
    -165.9033233351));
#2137 = CARTESIAN_POINT('',(-11.08683973259,275.9953307886,
    -165.8247686334));
#2138 = CARTESIAN_POINT('',(-11.04818727119,276.07557850855,
    -165.7578202716));
#2139 = CARTESIAN_POINT('',(-11.00844990663,276.15505345917,
    -165.6889928056));
#2140 = ORIENTED_EDGE('',*,*,#1915,.F.);
#2141 = ORIENTED_EDGE('',*,*,#2142,.T.);
#2142 = EDGE_CURVE('',#1908,#1976,#2143,.T.);
#2143 = B_SPLINE_CURVE_WITH_KNOTS('',3,(#2144,#2145,#2146,#2147),
  .UNSPECIFIED.,.F.,.F.,(4,4),(-1.570794154036,-1.093944329419),
  .PIECEWISE_BEZIER_KNOTS.);
#2144 = CARTESIAN_POINT('',(-10.82908528814,276.40254204529,
    -166.0783231406));
#2145 = CARTESIAN_POINT('',(-10.85491455071,276.35088337619,
    -166.1230609512));
#2146 = CARTESIAN_POINT('',(-10.86929047241,276.29937517977,
    -166.1742376649));
#2147 = CARTESIAN_POINT('',(-10.87146831291,276.2579698239,
    -166.2207912195));
#2148 = B_SPLINE_SURFACE_WITH_KNOTS('',3,3,(
    (#2149,#2150,#2151,#2152)
    ,(#2153,#2154,#2155,#2156)
    ,(#2157,#2158,#2159,#2160)
    ,(#2161,#2162,#2163,#2164
    )),.UNSPECIFIED.,.F.,.F.,.F.,(4,4),(4,4),(0.,1.),(-1.570794154036,
    -1.093944329419),.PIECEWISE_BEZIER_KNOTS.);
#2149 = CARTESIAN_POINT('',(-11.00844990663,276.15505345917,
    -165.6889928056));
#2150 = CARTESIAN_POINT('',(-11.04818727119,276.07557850855,
    -165.7578202716));
#2151 = CARTESIAN_POINT('',(-11.08683973259,275.9953307886,
    -165.8247686334));
#2152 = CARTESIAN_POINT('',(-11.13219311663,275.91474269386,
    -165.9033233351));
#2153 = CARTESIAN_POINT('',(-10.94866170047,276.23754965455,
    -165.8187695839));
#2154 = CARTESIAN_POINT('',(-10.98376303103,276.16734679776,
    -165.8795671648));
#2155 = CARTESIAN_POINT('',(-11.01432331253,276.09667891899,
    -165.9412583106));
#2156 = CARTESIAN_POINT('',(-11.04528484872,276.0291517372,
    -166.0091459632));
#2157 = CARTESIAN_POINT('',(-10.8888734943,276.32004584992,
    -165.9485463623));
#2158 = CARTESIAN_POINT('',(-10.91933879087,276.25911508698,
    -166.001314058));
#2159 = CARTESIAN_POINT('',(-10.94180689247,276.19802704938,
    -166.0577479877));
#2160 = CARTESIAN_POINT('',(-10.95837658082,276.14356078055,
    -166.1149685914));
#2161 = CARTESIAN_POINT('',(-10.82908528814,276.40254204529,
    -166.0783231406));
#2162 = CARTESIAN_POINT('',(-10.85491455071,276.35088337619,
    -166.1230609512));
#2163 = CARTESIAN_POINT('',(-10.86929047241,276.29937517977,
    -166.1742376649));
#2164 = CARTESIAN_POINT('',(-10.87146831291,276.2579698239,
    -166.2207912195));
#2165 = ADVANCED_FACE('',(#2166),#2200,.T.);
#2166 = FACE_BOUND('',#2167,.T.);
#2167 = EDGE_LOOP('',(#2168,#2178,#2186,#2194));
#2168 = ORIENTED_EDGE('',*,*,#2169,.T.);
#2169 = EDGE_CURVE('',#2170,#2172,#2174,.T.);
#2170 = VERTEX_POINT('',#2171);
#2171 = CARTESIAN_POINT('',(4.146210770077,274.88818233455,
    -175.9780648403));
#2172 = VERTEX_POINT('',#2173);
#2173 = CARTESIAN_POINT('',(4.517444575054,275.31684588931,
    -176.1923914917));
#2174 = LINE('',#2175,#2176);
#2175 = CARTESIAN_POINT('',(4.146210770077,274.88818233455,
    -175.9780648403));
#2176 = VECTOR('',#2177,1.);
#2177 = DIRECTION('',(0.612374551829,0.707108697312,-0.353545893001));
#2178 = ORIENTED_EDGE('',*,*,#2179,.T.);
#2179 = EDGE_CURVE('',#2172,#2180,#2182,.T.);
#2180 = VERTEX_POINT('',#2181);
#2181 = CARTESIAN_POINT('',(5.13441634554,273.63130015842,
    -178.4949107705));
#2182 = LINE('',#2183,#2184);
#2183 = CARTESIAN_POINT('',(1.213780570388,284.34234272032,
    -163.8632211384));
#2184 = VECTOR('',#2185,1.);
#2185 = DIRECTION('',(0.211329954389,-0.577346192272,-0.788676755488));
#2186 = ORIENTED_EDGE('',*,*,#2187,.T.);
#2187 = EDGE_CURVE('',#2180,#2188,#2190,.T.);
#2188 = VERTEX_POINT('',#2189);
#2189 = CARTESIAN_POINT('',(4.763182540564,273.20263660366,
    -178.2805841191));
#2190 = LINE('',#2191,#2192);
#2191 = CARTESIAN_POINT('',(5.13441634554,273.63130015842,
    -178.4949107705));
#2192 = VECTOR('',#2193,1.);
#2193 = DIRECTION('',(-0.612374551829,-0.707108697312,0.353545893001));
#2194 = ORIENTED_EDGE('',*,*,#2195,.T.);
#2195 = EDGE_CURVE('',#2188,#2170,#2196,.T.);
#2196 = LINE('',#2197,#2198);
#2197 = CARTESIAN_POINT('',(0.842546765411,283.91367916556,
    -163.648894487));
#2198 = VECTOR('',#2199,1.);
#2199 = DIRECTION('',(-0.211329954389,0.577346192272,0.788676755488));
#2200 = PLANE('',#2201);
#2201 = AXIS2_PLACEMENT_3D('',#2202,#2203,#2204);
#2202 = CARTESIAN_POINT('',(1.028163667899,284.12801094294,
    -163.7560578127));
#2203 = DIRECTION('',(-0.761798568291,0.408250737238,-0.502985364494));
#2204 = DIRECTION('',(-0.550993520918,-8.326672684689E-17,0.834509520561
    ));
#2205 = ADVANCED_FACE('',(#2206),#2224,.T.);
#2206 = FACE_BOUND('',#2207,.T.);
#2207 = EDGE_LOOP('',(#2208,#2209,#2216,#2217));
#2208 = ORIENTED_EDGE('',*,*,#2169,.F.);
#2209 = ORIENTED_EDGE('',*,*,#2210,.T.);
#2210 = EDGE_CURVE('',#2170,#2091,#2211,.T.);
#2211 = B_SPLINE_CURVE_WITH_KNOTS('',3,(#2212,#2213,#2214,#2215),
  .UNSPECIFIED.,.F.,.F.,(4,4),(-1.447803606154,-1.42305506181),
  .PIECEWISE_BEZIER_KNOTS.);
#2212 = CARTESIAN_POINT('',(4.146210770077,274.88818233455,
    -175.9780648403));
#2213 = CARTESIAN_POINT('',(4.128777074252,274.93581059402,
    -175.9130028348));
#2214 = CARTESIAN_POINT('',(4.108051938775,274.98339796884,
    -175.8487928579));
#2215 = CARTESIAN_POINT('',(4.084054820338,275.03118917403,
    -175.7856088384));
#2216 = ORIENTED_EDGE('',*,*,#2088,.F.);
#2217 = ORIENTED_EDGE('',*,*,#2218,.T.);
#2218 = EDGE_CURVE('',#2089,#2172,#2219,.T.);
#2219 = B_SPLINE_CURVE_WITH_KNOTS('',3,(#2220,#2221,#2222,#2223),
  .UNSPECIFIED.,.F.,.F.,(4,4),(1.423055032909,1.447803606154),
  .PIECEWISE_BEZIER_KNOTS.);
#2220 = CARTESIAN_POINT('',(4.465143426502,275.45973083459,
    -175.9972052472));
#2221 = CARTESIAN_POINT('',(4.482577142686,275.41210251949,
    -176.0622673287));
#2222 = CARTESIAN_POINT('',(4.50001085887,275.3644742044,-176.1273294102
    ));
#2223 = CARTESIAN_POINT('',(4.517444575054,275.31684588931,
    -176.1923914917));
#2224 = B_SPLINE_SURFACE_WITH_KNOTS('',3,3,(
    (#2225,#2226,#2227,#2228)
    ,(#2229,#2230,#2231,#2232)
    ,(#2233,#2234,#2235,#2236)
    ,(#2237,#2238,#2239,#2240
    )),.UNSPECIFIED.,.F.,.F.,.F.,(4,4),(4,4),(-3.091858331618E-06,1.),(
    1.423055032909,1.447803606154),.PIECEWISE_BEZIER_KNOTS.);
#2225 = CARTESIAN_POINT('',(4.084053557995,275.03118801646,
    -175.7856079628));
#2226 = CARTESIAN_POINT('',(4.108050732392,274.98339675449,
    -175.8487920479));
#2227 = CARTESIAN_POINT('',(4.128775906091,274.93580932427,
    -175.9130020961));
#2228 = CARTESIAN_POINT('',(4.146209622275,274.88818100918,
    -175.9780641776));
#2229 = CARTESIAN_POINT('',(4.211083514164,275.17403562251,
    -175.8561403909));
#2230 = CARTESIAN_POINT('',(4.232892869156,275.12629867616,
    -175.9199504748));
#2231 = CARTESIAN_POINT('',(4.252520890351,275.07869761765,
    -175.9844445342));
#2232 = CARTESIAN_POINT('',(4.269954606535,275.03106930256,
    -176.0495066157));
#2233 = CARTESIAN_POINT('',(4.338113470333,275.31688322855,
    -175.9266728191));
#2234 = CARTESIAN_POINT('',(4.357735005921,275.26920059783,
    -175.9911089018));
#2235 = CARTESIAN_POINT('',(4.37626587461,275.22158591103,
    -176.0558869722));
#2236 = CARTESIAN_POINT('',(4.393699590794,275.17395759593,
    -176.1209490537));
#2237 = CARTESIAN_POINT('',(4.465143426502,275.45973083459,
    -175.9972052472));
#2238 = CARTESIAN_POINT('',(4.482577142686,275.41210251949,
    -176.0622673287));
#2239 = CARTESIAN_POINT('',(4.50001085887,275.3644742044,-176.1273294102
    ));
#2240 = CARTESIAN_POINT('',(4.517444575054,275.31684588931,
    -176.1923914917));
#2241 = ADVANCED_FACE('',(#2242),#2278,.T.);
#2242 = FACE_BOUND('',#2243,.T.);
#2243 = EDGE_LOOP('',(#2244,#2254,#2263,#2271));
#2244 = ORIENTED_EDGE('',*,*,#2245,.T.);
#2245 = EDGE_CURVE('',#2246,#2248,#2250,.T.);
#2246 = VERTEX_POINT('',#2247);
#2247 = CARTESIAN_POINT('',(4.815483661778,273.05225080687,
    -178.4757702196));
#2248 = VERTEX_POINT('',#2249);
#2249 = CARTESIAN_POINT('',(5.184570908896,273.45062506299,
    -178.7324941214));
#2250 = LINE('',#2251,#2252);
#2251 = CARTESIAN_POINT('',(4.815483661778,273.05225080687,
    -178.4757702196));
#2252 = VECTOR('',#2253,1.);
#2253 = DIRECTION('',(0.614433588396,0.663188787011,-0.427378050715));
#2254 = ORIENTED_EDGE('',*,*,#2255,.T.);
#2255 = EDGE_CURVE('',#2248,#2256,#2258,.T.);
#2256 = VERTEX_POINT('',#2257);
#2257 = CARTESIAN_POINT('',(4.918805333575,272.07421325358,
    -180.1684014649));
#2258 = B_SPLINE_CURVE_WITH_KNOTS('',3,(#2259,#2260,#2261,#2262),
  .UNSPECIFIED.,.F.,.F.,(4,4),(0.893086179132,1.570785191944),
  .PIECEWISE_BEZIER_KNOTS.);
#2259 = CARTESIAN_POINT('',(5.184570908896,273.45062506299,
    -178.7324941214));
#2260 = CARTESIAN_POINT('',(5.262349155494,273.05590580881,
    -179.2331838875));
#2261 = CARTESIAN_POINT('',(5.164466548184,272.56554467897,
    -179.7428929029));
#2262 = CARTESIAN_POINT('',(4.918805333575,272.07421325358,
    -180.1684014649));
#2263 = ORIENTED_EDGE('',*,*,#2264,.T.);
#2264 = EDGE_CURVE('',#2256,#2265,#2267,.T.);
#2265 = VERTEX_POINT('',#2266);
#2266 = CARTESIAN_POINT('',(4.726032519693,271.82696094535,
    -179.7716065523));
#2267 = LINE('',#2268,#2269);
#2268 = CARTESIAN_POINT('',(4.918805333575,272.07421325358,
    -180.1684014649));
#2269 = VECTOR('',#2270,1.);
#2270 = DIRECTION('',(-0.381193408937,-0.48892241776,0.784631413082));
#2271 = ORIENTED_EDGE('',*,*,#2272,.T.);
#2272 = EDGE_CURVE('',#2265,#2246,#2273,.T.);
#2273 = B_SPLINE_CURVE_WITH_KNOTS('',3,(#2274,#2275,#2276,#2277),
  .UNSPECIFIED.,.F.,.F.,(4,4),(-1.570785191944,-0.893086179132),
  .PIECEWISE_BEZIER_KNOTS.);
#2274 = CARTESIAN_POINT('',(4.726032519693,271.82696094535,
    -179.7716065523));
#2275 = CARTESIAN_POINT('',(4.901824064078,272.27875950116,
    -179.3554097049));
#2276 = CARTESIAN_POINT('',(4.92610180117,272.71931333581,-178.888593471
    ));
#2277 = CARTESIAN_POINT('',(4.815483661778,273.05225080687,
    -178.4757702196));
#2278 = B_SPLINE_SURFACE_WITH_KNOTS('',3,3,(
    (#2279,#2280,#2281,#2282)
    ,(#2283,#2284,#2285,#2286)
    ,(#2287,#2288,#2289,#2290)
    ,(#2291,#2292,#2293,#2294
    )),.UNSPECIFIED.,.F.,.F.,.F.,(4,4),(4,4),(0.,1.),(0.893086179132,
    1.570785191944),.PIECEWISE_BEZIER_KNOTS.);
#2279 = CARTESIAN_POINT('',(4.815483661778,273.05225080687,
    -178.4757702196));
#2280 = CARTESIAN_POINT('',(4.92610180117,272.71931333581,-178.888593471
    ));
#2281 = CARTESIAN_POINT('',(4.901824064078,272.27875950116,
    -179.3554097049));
#2282 = CARTESIAN_POINT('',(4.726032519693,271.82696094535,
    -179.7716065523));
#2283 = CARTESIAN_POINT('',(4.938512744151,273.18504222557,
    -178.5613448535));
#2284 = CARTESIAN_POINT('',(5.038184252611,272.83151082681,
    -179.0034569431));
#2285 = CARTESIAN_POINT('',(4.98937155878,272.37435456043,
    -179.4845707709));
#2286 = CARTESIAN_POINT('',(4.79029012432,271.90937838142,
    -179.9038715232));
#2287 = CARTESIAN_POINT('',(5.061541826524,273.31783364428,
    -178.6469194875));
#2288 = CARTESIAN_POINT('',(5.150266704053,272.94370831781,
    -179.1183204153));
#2289 = CARTESIAN_POINT('',(5.076919053482,272.4699496197,
    -179.6137318369));
#2290 = CARTESIAN_POINT('',(4.854547728948,271.9917958175,-180.036136494
    ));
#2291 = CARTESIAN_POINT('',(5.184570908896,273.45062506299,
    -178.7324941214));
#2292 = CARTESIAN_POINT('',(5.262349155494,273.05590580881,
    -179.2331838875));
#2293 = CARTESIAN_POINT('',(5.164466548184,272.56554467897,
    -179.7428929029));
#2294 = CARTESIAN_POINT('',(4.918805333575,272.07421325358,
    -180.1684014649));
#2295 = ADVANCED_FACE('',(#2296),#2314,.T.);
#2296 = FACE_BOUND('',#2297,.T.);
#2297 = EDGE_LOOP('',(#2298,#2299,#2306,#2307));
#2298 = ORIENTED_EDGE('',*,*,#2245,.F.);
#2299 = ORIENTED_EDGE('',*,*,#2300,.T.);
#2300 = EDGE_CURVE('',#2246,#2188,#2301,.T.);
#2301 = B_SPLINE_CURVE_WITH_KNOTS('',3,(#2302,#2303,#2304,#2305),
  .UNSPECIFIED.,.F.,.F.,(4,4),(-0.893086179132,-0.78539099452),
  .PIECEWISE_BEZIER_KNOTS.);
#2302 = CARTESIAN_POINT('',(4.815483661778,273.05225080687,
    -178.4757702196));
#2303 = CARTESIAN_POINT('',(4.797905001166,273.10515889989,
    -178.4101672374));
#2304 = CARTESIAN_POINT('',(4.780513362686,273.15528693633,
    -178.3452622032));
#2305 = CARTESIAN_POINT('',(4.763182291898,273.20263480333,
    -178.2805831911));
#2306 = ORIENTED_EDGE('',*,*,#2187,.F.);
#2307 = ORIENTED_EDGE('',*,*,#2308,.T.);
#2308 = EDGE_CURVE('',#2180,#2248,#2309,.T.);
#2309 = B_SPLINE_CURVE_WITH_KNOTS('',3,(#2310,#2311,#2312,#2313),
  .UNSPECIFIED.,.F.,.F.,(4,4),(0.78539099452,0.893086179132),
  .PIECEWISE_BEZIER_KNOTS.);
#2310 = CARTESIAN_POINT('',(5.134412655733,273.6312985053,
    -178.4949105491));
#2311 = CARTESIAN_POINT('',(5.155498873437,273.57369182164,
    -178.5736034895));
#2312 = CARTESIAN_POINT('',(5.172210934235,273.51335108464,
    -178.6529280076));
#2313 = CARTESIAN_POINT('',(5.184570908896,273.45062506299,
    -178.7324941214));
#2314 = B_SPLINE_SURFACE_WITH_KNOTS('',3,3,(
    (#2315,#2316,#2317,#2318)
    ,(#2319,#2320,#2321,#2322)
    ,(#2323,#2324,#2325,#2326)
    ,(#2327,#2328,#2329,#2330
    )),.UNSPECIFIED.,.F.,.F.,.F.,(4,4),(4,4),(0.,1.000005784665),(
    0.78539099452,0.893086179132),.PIECEWISE_BEZIER_KNOTS.);
#2315 = CARTESIAN_POINT('',(4.763182291898,273.20263480333,
    -178.2805831911));
#2316 = CARTESIAN_POINT('',(4.780513362686,273.15528693633,
    -178.3452622032));
#2317 = CARTESIAN_POINT('',(4.797905001166,273.10515889989,
    -178.4101672374));
#2318 = CARTESIAN_POINT('',(4.815483661778,273.05225080687,
    -178.4757702196));
#2319 = CARTESIAN_POINT('',(4.886926462324,273.34552353054,
    -178.352026057));
#2320 = CARTESIAN_POINT('',(4.905509255992,273.29475603821,
    -178.4213764056));
#2321 = CARTESIAN_POINT('',(4.922674367267,273.24122374856,
    -178.4910879622));
#2322 = CARTESIAN_POINT('',(4.938513455833,273.18504299373,
    -178.5613453485));
#2323 = CARTESIAN_POINT('',(5.01067063275,273.48841225776,-178.423468923
    ));
#2324 = CARTESIAN_POINT('',(5.030505149297,273.43422514009,
    -178.497490608));
#2325 = CARTESIAN_POINT('',(5.047443733369,273.37728859723,
    -178.572008687));
#2326 = CARTESIAN_POINT('',(5.061543249888,273.31783518059,
    -178.6469204775));
#2327 = CARTESIAN_POINT('',(5.134414803177,273.63130098497,
    -178.4949117889));
#2328 = CARTESIAN_POINT('',(5.155501042603,273.57369424197,
    -178.5736048103));
#2329 = CARTESIAN_POINT('',(5.17221309947,273.5133534459,-178.6529294119
    ));
#2330 = CARTESIAN_POINT('',(5.184573043942,273.45062736745,
    -178.7324956065));
#2331 = ADVANCED_FACE('',(#2332),#2366,.T.);
#2332 = FACE_BOUND('',#2333,.T.);
#2333 = EDGE_LOOP('',(#2334,#2344,#2352,#2360));
#2334 = ORIENTED_EDGE('',*,*,#2335,.T.);
#2335 = EDGE_CURVE('',#2336,#2338,#2340,.T.);
#2336 = VERTEX_POINT('',#2337);
#2337 = CARTESIAN_POINT('',(4.615696733757,271.57923601504,
    -179.9934030253));
#2338 = VERTEX_POINT('',#2339);
#2339 = CARTESIAN_POINT('',(4.795064057273,271.82672616954,
    -180.3827331111));
#2340 = LINE('',#2341,#2342);
#2341 = CARTESIAN_POINT('',(4.615696733757,271.57923601504,
    -179.9934030253));
#2342 = VECTOR('',#2343,1.);
#2343 = DIRECTION('',(0.362375289936,0.500003650245,-0.786562457142));
#2344 = ORIENTED_EDGE('',*,*,#2345,.T.);
#2345 = EDGE_CURVE('',#2338,#2346,#2348,.T.);
#2346 = VERTEX_POINT('',#2347);
#2347 = CARTESIAN_POINT('',(1.101733947588,264.43993069949,
    -186.7799317343));
#2348 = LINE('',#2349,#2350);
#2349 = CARTESIAN_POINT('',(11.125548539782,284.48792695848,
    -169.4177325794));
#2350 = VECTOR('',#2351,1.);
#2351 = DIRECTION('',(-0.353546770981,-0.707106488933,-0.612376594947));
#2352 = ORIENTED_EDGE('',*,*,#2353,.T.);
#2353 = EDGE_CURVE('',#2346,#2354,#2356,.T.);
#2354 = VERTEX_POINT('',#2355);
#2355 = CARTESIAN_POINT('',(0.922366624072,264.19244054499,
    -186.3906016486));
#2356 = LINE('',#2357,#2358);
#2357 = CARTESIAN_POINT('',(1.101733947588,264.43993069949,
    -186.7799317343));
#2358 = VECTOR('',#2359,1.);
#2359 = DIRECTION('',(-0.362375289936,-0.500003650245,0.786562457142));
#2360 = ORIENTED_EDGE('',*,*,#2361,.T.);
#2361 = EDGE_CURVE('',#2354,#2336,#2362,.T.);
#2362 = LINE('',#2363,#2364);
#2363 = CARTESIAN_POINT('',(10.946181216266,284.24043680398,
    -169.0284024936));
#2364 = VECTOR('',#2365,1.);
#2365 = DIRECTION('',(0.353546770981,0.707106488933,0.612376594947));
#2366 = PLANE('',#2367);
#2367 = AXIS2_PLACEMENT_3D('',#2368,#2369,#2370);
#2368 = CARTESIAN_POINT('',(11.035864878024,284.36418188123,
    -169.2230675365));
#2369 = DIRECTION('',(-0.862373950194,0.499996763041,-7.946324291997E-02
    ));
#2370 = DIRECTION('',(-9.175605137487E-02,-4.857225732735E-17,
    0.995781515713));
#2371 = ADVANCED_FACE('',(#2372),#2390,.T.);
#2372 = FACE_BOUND('',#2373,.T.);
#2373 = EDGE_LOOP('',(#2374,#2375,#2382,#2383));
#2374 = ORIENTED_EDGE('',*,*,#2335,.F.);
#2375 = ORIENTED_EDGE('',*,*,#2376,.T.);
#2376 = EDGE_CURVE('',#2336,#2265,#2377,.T.);
#2377 = B_SPLINE_CURVE_WITH_KNOTS('',3,(#2378,#2379,#2380,#2381),
  .UNSPECIFIED.,.F.,.F.,(4,4),(-1.790564927223,-1.755564953681),
  .PIECEWISE_BEZIER_KNOTS.);
#2378 = CARTESIAN_POINT('',(4.615696733757,271.57923601504,
    -179.9934030253));
#2379 = CARTESIAN_POINT('',(4.656943825858,271.66173170972,
    -179.9219591432));
#2380 = CARTESIAN_POINT('',(4.693810463852,271.74414764312,
    -179.8478941696));
#2381 = CARTESIAN_POINT('',(4.726032519693,271.82696094535,
    -179.7716065523));
#2382 = ORIENTED_EDGE('',*,*,#2264,.F.);
#2383 = ORIENTED_EDGE('',*,*,#2384,.T.);
#2384 = EDGE_CURVE('',#2256,#2338,#2385,.T.);
#2385 = B_SPLINE_CURVE_WITH_KNOTS('',3,(#2386,#2387,#2388,#2389),
  .UNSPECIFIED.,.F.,.F.,(4,4),(1.755564953681,1.790564927223),
  .PIECEWISE_BEZIER_KNOTS.);
#2386 = CARTESIAN_POINT('',(4.918805333575,272.07421325358,
    -180.1684014649));
#2387 = CARTESIAN_POINT('',(4.877558241474,271.9917175589,
    -180.2398453469));
#2388 = CARTESIAN_POINT('',(4.836311149374,271.90922186422,
    -180.311289229));
#2389 = CARTESIAN_POINT('',(4.795064057273,271.82672616954,
    -180.3827331111));
#2390 = B_SPLINE_SURFACE_WITH_KNOTS('',3,3,(
    (#2391,#2392,#2393,#2394)
    ,(#2395,#2396,#2397,#2398)
    ,(#2399,#2400,#2401,#2402)
    ,(#2403,#2404,#2405,#2406
    )),.UNSPECIFIED.,.F.,.F.,.F.,(4,4),(4,4),(0.,1.),(1.755564953681,
    1.790564927223),.PIECEWISE_BEZIER_KNOTS.);
#2391 = CARTESIAN_POINT('',(4.726032519693,271.82696094535,
    -179.7716065523));
#2392 = CARTESIAN_POINT('',(4.693810463852,271.74414764312,
    -179.8478941696));
#2393 = CARTESIAN_POINT('',(4.656943825858,271.66173170972,
    -179.9219591432));
#2394 = CARTESIAN_POINT('',(4.615696733757,271.57923601504,
    -179.9934030253));
#2395 = CARTESIAN_POINT('',(4.79029012432,271.90937838142,
    -179.9038715232));
#2396 = CARTESIAN_POINT('',(4.755059723059,271.82667094838,
    -179.978544562));
#2397 = CARTESIAN_POINT('',(4.716732933696,271.74422842788,
    -180.0517358385));
#2398 = CARTESIAN_POINT('',(4.675485841596,271.6617327332,
    -180.1231797205));
#2399 = CARTESIAN_POINT('',(4.854547728948,271.9917958175,-180.036136494
    ));
#2400 = CARTESIAN_POINT('',(4.816308982267,271.90919425364,
    -180.1091949545));
#2401 = CARTESIAN_POINT('',(4.776522041535,271.82672514605,
    -180.1815125337));
#2402 = CARTESIAN_POINT('',(4.735274949434,271.74422945137,
    -180.2529564158));
#2403 = CARTESIAN_POINT('',(4.918805333575,272.07421325358,
    -180.1684014649));
#2404 = CARTESIAN_POINT('',(4.877558241474,271.9917175589,
    -180.2398453469));
#2405 = CARTESIAN_POINT('',(4.836311149374,271.90922186422,
    -180.311289229));
#2406 = CARTESIAN_POINT('',(4.795064057273,271.82672616954,
    -180.3827331111));
#2407 = ADVANCED_FACE('',(#2408),#2446,.T.);
#2408 = FACE_BOUND('',#2409,.T.);
#2409 = EDGE_LOOP('',(#2410,#2420,#2430,#2438));
#2410 = ORIENTED_EDGE('',*,*,#2411,.T.);
#2411 = EDGE_CURVE('',#2412,#2414,#2416,.T.);
#2412 = VERTEX_POINT('',#2413);
#2413 = CARTESIAN_POINT('',(0.798625347634,263.94502914506,
    -186.6049332947));
#2414 = VERTEX_POINT('',#2415);
#2415 = CARTESIAN_POINT('',(0.968271835015,264.18397213305,
    -186.9984330553));
#2416 = LINE('',#2417,#2418);
#2417 = CARTESIAN_POINT('',(0.798625347634,263.94502914506,
    -186.6049332947));
#2418 = VECTOR('',#2419,1.);
#2419 = DIRECTION('',(0.345774230765,0.487014668821,-0.802032975439));
#2420 = ORIENTED_EDGE('',*,*,#2421,.T.);
#2421 = EDGE_CURVE('',#2414,#2422,#2424,.T.);
#2422 = VERTEX_POINT('',#2423);
#2423 = CARTESIAN_POINT('',(-3.435665349933,259.91804697147,
    -189.3816759919));
#2424 = B_SPLINE_CURVE_WITH_KNOTS('',3,(#2425,#2426,#2427,#2428,#2429),
  .UNSPECIFIED.,.F.,.F.,(4,1,4),(-1.521327683193,-0.951198120429,
    -0.523600948356),.UNSPECIFIED.);
#2425 = CARTESIAN_POINT('',(0.968271835015,264.18397213305,
    -186.9984330553));
#2426 = CARTESIAN_POINT('',(0.434987562498,263.20164138607,
    -187.8248397778));
#2427 = CARTESIAN_POINT('',(-0.919598685389,261.50887486845,
    -188.9974061818));
#2428 = CARTESIAN_POINT('',(-2.672522765893,260.29962111773,
    -189.3816755822));
#2429 = CARTESIAN_POINT('',(-3.435665349933,259.91804697147,
    -189.3816759919));
#2430 = ORIENTED_EDGE('',*,*,#2431,.T.);
#2431 = EDGE_CURVE('',#2422,#2432,#2434,.T.);
#2432 = VERTEX_POINT('',#2433);
#2433 = CARTESIAN_POINT('',(-3.374995355992,259.7967075915,
    -189.1025260638));
#2434 = LINE('',#2435,#2436);
#2435 = CARTESIAN_POINT('',(-3.435665349933,259.91804697147,
    -189.3816759919));
#2436 = VECTOR('',#2437,1.);
#2437 = DIRECTION('',(0.195477119738,-0.390952280793,0.899413703365));
#2438 = ORIENTED_EDGE('',*,*,#2439,.T.);
#2439 = EDGE_CURVE('',#2432,#2412,#2440,.T.);
#2440 = B_SPLINE_CURVE_WITH_KNOTS('',3,(#2441,#2442,#2443,#2444,#2445),
  .UNSPECIFIED.,.F.,.F.,(4,1,4),(0.523600948356,0.951198120429,
    1.521327683193),.UNSPECIFIED.);
#2441 = CARTESIAN_POINT('',(-3.374995355992,259.7967075915,
    -189.1025260638));
#2442 = CARTESIAN_POINT('',(-2.631773816863,260.16850333184,
    -189.0792482354));
#2443 = CARTESIAN_POINT('',(-0.937209843757,261.34729897473,
    -188.6352928658));
#2444 = CARTESIAN_POINT('',(0.322943695598,262.99481227228,
    -187.4288591018));
#2445 = CARTESIAN_POINT('',(0.798625347634,263.94502914506,
    -186.6049332947));
#2446 = B_SPLINE_SURFACE_WITH_KNOTS('',3,3,(
    (#2447,#2448,#2449,#2450,#2451)
    ,(#2452,#2453,#2454,#2455,#2456)
    ,(#2457,#2458,#2459,#2460,#2461)
    ,(#2462,#2463,#2464,#2465,#2466
    )),.UNSPECIFIED.,.F.,.F.,.F.,(4,4),(4,1,4),(0.,1.),(-1.521327683193,
    -0.951198120429,-0.523600948356),.UNSPECIFIED.);
#2447 = CARTESIAN_POINT('',(0.798625347634,263.94502914506,
    -186.6049332947));
#2448 = CARTESIAN_POINT('',(0.322943695598,262.99481227228,
    -187.4288591018));
#2449 = CARTESIAN_POINT('',(-0.937209843757,261.34729897473,
    -188.6352928658));
#2450 = CARTESIAN_POINT('',(-2.631773816863,260.16850333184,
    -189.0792482354));
#2451 = CARTESIAN_POINT('',(-3.374995355992,259.7967075915,
    -189.1025260638));
#2452 = CARTESIAN_POINT('',(0.855174176761,264.02467680772,
    -186.7360998816));
#2453 = CARTESIAN_POINT('',(0.360291651231,263.06375531021,
    -187.5608526605));
#2454 = CARTESIAN_POINT('',(-0.931339457634,261.40115760597,
    -188.7559973045));
#2455 = CARTESIAN_POINT('',(-2.645356799873,260.21220926047,
    -189.180057351));
#2456 = CARTESIAN_POINT('',(-3.395218687306,259.83715405149,
    -189.1955760398));
#2457 = CARTESIAN_POINT('',(0.911723005888,264.10432447039,
    -186.8672664685));
#2458 = CARTESIAN_POINT('',(0.397639606865,263.13269834814,
    -187.6928462191));
#2459 = CARTESIAN_POINT('',(-0.925469071512,261.45501623721,
    -188.8767017431));
#2460 = CARTESIAN_POINT('',(-2.658939782883,260.2559151891,
    -189.2808664666));
#2461 = CARTESIAN_POINT('',(-3.415442018619,259.87760051148,
    -189.2886260159));
#2462 = CARTESIAN_POINT('',(0.968271835015,264.18397213305,
    -186.9984330553));
#2463 = CARTESIAN_POINT('',(0.434987562498,263.20164138607,
    -187.8248397778));
#2464 = CARTESIAN_POINT('',(-0.919598685389,261.50887486845,
    -188.9974061818));
#2465 = CARTESIAN_POINT('',(-2.672522765893,260.29962111773,
    -189.3816755822));
#2466 = CARTESIAN_POINT('',(-3.435665349933,259.91804697147,
    -189.3816759919));
#2467 = ADVANCED_FACE('',(#2468),#2486,.T.);
#2468 = FACE_BOUND('',#2469,.T.);
#2469 = EDGE_LOOP('',(#2470,#2471,#2478,#2479));
#2470 = ORIENTED_EDGE('',*,*,#2411,.F.);
#2471 = ORIENTED_EDGE('',*,*,#2472,.T.);
#2472 = EDGE_CURVE('',#2412,#2354,#2473,.T.);
#2473 = B_SPLINE_CURVE_WITH_KNOTS('',3,(#2474,#2475,#2476,#2477),
  .UNSPECIFIED.,.F.,.F.,(4,4),(1.521327683193,1.570807461646),
  .PIECEWISE_BEZIER_KNOTS.);
#2474 = CARTESIAN_POINT('',(0.798625347634,263.94502914506,
    -186.6049332947));
#2475 = CARTESIAN_POINT('',(0.839908284522,264.02749552362,
    -186.5334273265));
#2476 = CARTESIAN_POINT('',(0.88113427432,264.10997433555,
    -186.4620199955));
#2477 = CARTESIAN_POINT('',(0.922366624072,264.19244054499,
    -186.3906016486));
#2478 = ORIENTED_EDGE('',*,*,#2353,.F.);
#2479 = ORIENTED_EDGE('',*,*,#2480,.T.);
#2480 = EDGE_CURVE('',#2346,#2414,#2481,.T.);
#2481 = B_SPLINE_CURVE_WITH_KNOTS('',3,(#2482,#2483,#2484,#2485),
  .UNSPECIFIED.,.F.,.F.,(4,4),(-1.570807461646,-1.521327683193),
  .PIECEWISE_BEZIER_KNOTS.);
#2482 = CARTESIAN_POINT('',(1.101733947588,264.43993069949,
    -186.7799317343));
#2483 = CARTESIAN_POINT('',(1.059058452744,264.35457814702,
    -186.8538497457));
#2484 = CARTESIAN_POINT('',(1.014553924877,264.26922557525,
    -186.9267117762));
#2485 = CARTESIAN_POINT('',(0.968271835015,264.18397213305,
    -186.9984330553));
#2486 = B_SPLINE_SURFACE_WITH_KNOTS('',3,3,(
    (#2487,#2488,#2489,#2490)
    ,(#2491,#2492,#2493,#2494)
    ,(#2495,#2496,#2497,#2498)
    ,(#2499,#2500,#2501,#2502
    )),.UNSPECIFIED.,.F.,.F.,.F.,(4,4),(4,4),(0.,1.),(-1.570807461646,
    -1.521327683193),.PIECEWISE_BEZIER_KNOTS.);
#2487 = CARTESIAN_POINT('',(0.922366624072,264.19244054499,
    -186.3906016486));
#2488 = CARTESIAN_POINT('',(0.88113427432,264.10997433555,
    -186.4620199955));
#2489 = CARTESIAN_POINT('',(0.839908284522,264.02749552362,
    -186.5334273265));
#2490 = CARTESIAN_POINT('',(0.798625347634,263.94502914506,
    -186.6049332947));
#2491 = CARTESIAN_POINT('',(0.982155731911,264.27493726316,
    -186.5203783438));
#2492 = CARTESIAN_POINT('',(0.940442333795,264.19150893937,
    -186.5926299122));
#2493 = CARTESIAN_POINT('',(0.898123497973,264.10807220749,
    -186.664522143));
#2494 = CARTESIAN_POINT('',(0.855174176761,264.02467680772,
    -186.7360998816));
#2495 = CARTESIAN_POINT('',(1.041944839749,264.35743398133,
    -186.6501550391));
#2496 = CARTESIAN_POINT('',(0.999750393269,264.2730435432,
    -186.7232398289));
#2497 = CARTESIAN_POINT('',(0.956338711425,264.18864889137,
    -186.7956169596));
#2498 = CARTESIAN_POINT('',(0.911723005888,264.10432447039,
    -186.8672664685));
#2499 = CARTESIAN_POINT('',(1.101733947588,264.43993069949,
    -186.7799317343));
#2500 = CARTESIAN_POINT('',(1.059058452744,264.35457814702,
    -186.8538497457));
#2501 = CARTESIAN_POINT('',(1.014553924877,264.26922557525,
    -186.9267117762));
#2502 = CARTESIAN_POINT('',(0.968271835015,264.18397213305,
    -186.9984330553));
#2503 = ADVANCED_FACE('',(#2504),#2538,.T.);
#2504 = FACE_BOUND('',#2505,.T.);
#2505 = EDGE_LOOP('',(#2506,#2516,#2524,#2532));
#2506 = ORIENTED_EDGE('',*,*,#2507,.T.);
#2507 = EDGE_CURVE('',#2508,#2510,#2512,.T.);
#2508 = VERTEX_POINT('',#2509);
#2509 = CARTESIAN_POINT('',(-20.72911258883,251.11957448024,
    -189.1049858728));
#2510 = VERTEX_POINT('',#2511);
#2511 = CARTESIAN_POINT('',(-3.53151651452,259.71843683833,-189.10497664
    ));
#2512 = LINE('',#2513,#2514);
#2513 = CARTESIAN_POINT('',(4.931327613656,263.94989055441,
    -189.1049720966));
#2514 = VECTOR('',#2515,1.);
#2515 = DIRECTION('',(0.894425852895,0.4472162717,4.80185893032E-07));
#2516 = ORIENTED_EDGE('',*,*,#2517,.T.);
#2517 = EDGE_CURVE('',#2510,#2518,#2520,.T.);
#2518 = VERTEX_POINT('',#2519);
#2519 = CARTESIAN_POINT('',(-3.592190344928,259.83978388855,
    -189.381676076));
#2520 = LINE('',#2521,#2522);
#2521 = CARTESIAN_POINT('',(-3.53151651452,259.71843683833,-189.10497664
    ));
#2522 = VECTOR('',#2523,1.);
#2523 = DIRECTION('',(-0.196884027594,0.393766073808,-0.897878031136));
#2524 = ORIENTED_EDGE('',*,*,#2525,.T.);
#2525 = EDGE_CURVE('',#2518,#2526,#2528,.T.);
#2526 = VERTEX_POINT('',#2527);
#2527 = CARTESIAN_POINT('',(-20.61450024968,251.32856527083,
    -189.3816852146));
#2528 = LINE('',#2529,#2530);
#2529 = CARTESIAN_POINT('',(4.870653783247,264.07123760462,
    -189.3816715326));
#2530 = VECTOR('',#2531,1.);
#2531 = DIRECTION('',(-0.894425852895,-0.4472162717,-4.801858930038E-07)
  );
#2532 = ORIENTED_EDGE('',*,*,#2533,.T.);
#2533 = EDGE_CURVE('',#2526,#2508,#2534,.T.);
#2534 = LINE('',#2535,#2536);
#2535 = CARTESIAN_POINT('',(-20.61450024968,251.32856527083,
    -189.3816852146));
#2536 = VECTOR('',#2537,1.);
#2537 = DIRECTION('',(-0.313829003594,-0.572254017824,0.757652094029));
#2538 = PLANE('',#2539);
#2539 = AXIS2_PLACEMENT_3D('',#2540,#2541,#2542);
#2540 = CARTESIAN_POINT('',(4.900990698451,264.01056407951,
    -189.2433218146));
#2541 = DIRECTION('',(-0.401545854607,0.803085229253,0.440244297185));
#2542 = DIRECTION('',(0.73883330457,2.22044604925E-16,0.673888231132));
#2543 = ADVANCED_FACE('',(#2544),#2585,.T.);
#2544 = FACE_BOUND('',#2545,.T.);
#2545 = EDGE_LOOP('',(#2546,#2556,#2562,#2563,#2571,#2579));
#2546 = ORIENTED_EDGE('',*,*,#2547,.T.);
#2547 = EDGE_CURVE('',#2548,#2550,#2552,.T.);
#2548 = VERTEX_POINT('',#2549);
#2549 = CARTESIAN_POINT('',(-21.32428012831,250.2937898182,
    -189.6048530176));
#2550 = VERTEX_POINT('',#2551);
#2551 = CARTESIAN_POINT('',(-20.8244150918,250.97662006435,
    -189.1049860263));
#2552 = LINE('',#2553,#2554);
#2553 = CARTESIAN_POINT('',(-9.750127369007E-02,279.2901899892,
    -168.3779911512));
#2554 = VECTOR('',#2555,1.);
#2555 = DIRECTION('',(0.508588602371,0.694746892015,0.508590591314));
#2556 = ORIENTED_EDGE('',*,*,#2557,.T.);
#2557 = EDGE_CURVE('',#2550,#2508,#2558,.T.);
#2558 = LINE('',#2559,#2560);
#2559 = CARTESIAN_POINT('',(-26.68905973287,242.17961239972,
    -189.1049954718));
#2560 = VECTOR('',#2561,1.);
#2561 = DIRECTION('',(0.554698419378,0.832051478899,8.93393132937E-07));
#2562 = ORIENTED_EDGE('',*,*,#2533,.F.);
#2563 = ORIENTED_EDGE('',*,*,#2564,.T.);
#2564 = EDGE_CURVE('',#2526,#2565,#2567,.T.);
#2565 = VERTEX_POINT('',#2566);
#2566 = CARTESIAN_POINT('',(-20.99688618209,250.80621491367,
    -189.7640726425));
#2567 = LINE('',#2568,#2569);
#2568 = CARTESIAN_POINT('',(5.332002648056E-03,279.49585864785,
    -168.7617723241));
#2569 = VECTOR('',#2570,1.);
#2570 = DIRECTION('',(-0.508588602371,-0.694746892015,-0.508590591314));
#2571 = ORIENTED_EDGE('',*,*,#2572,.T.);
#2572 = EDGE_CURVE('',#2565,#2573,#2575,.T.);
#2573 = VERTEX_POINT('',#2574);
#2574 = CARTESIAN_POINT('',(-21.32428013397,250.29695285284,
    -189.6284617968));
#2575 = LINE('',#2576,#2577);
#2576 = CARTESIAN_POINT('',(-20.99688618209,250.80621491367,
    -189.7640726425));
#2577 = VECTOR('',#2578,1.);
#2578 = DIRECTION('',(-0.527694566515,-0.820830137182,0.218577973191));
#2579 = ORIENTED_EDGE('',*,*,#2580,.T.);
#2580 = EDGE_CURVE('',#2573,#2548,#2581,.T.);
#2581 = LINE('',#2582,#2583);
#2582 = CARTESIAN_POINT('',(-21.32427728353,248.7037288894,
    -177.7366942402));
#2583 = VECTOR('',#2584,1.);
#2584 = DIRECTION('',(2.375757549648E-07,-0.13279056747,0.991144119284)
  );
#2585 = PLANE('',#2586);
#2586 = AXIS2_PLACEMENT_3D('',#2587,#2588,#2589);
#2587 = CARTESIAN_POINT('',(-4.608463552101E-02,279.39302431853,
    -168.5698817376));
#2588 = DIRECTION('',(-0.829763269623,0.553172874009,7.411266994502E-02)
  );
#2589 = DIRECTION('',(8.89636915152E-02,-1.387778780781E-17,
    0.996034869667));
#2590 = ADVANCED_FACE('',(#2591),#2624,.T.);
#2591 = FACE_BOUND('',#2592,.T.);
#2592 = EDGE_LOOP('',(#2593,#2601,#2602,#2610,#2618));
#2593 = ORIENTED_EDGE('',*,*,#2594,.T.);
#2594 = EDGE_CURVE('',#2595,#2573,#2597,.T.);
#2595 = VERTEX_POINT('',#2596);
#2596 = CARTESIAN_POINT('',(-21.32427327535,246.46341536474,
    -194.0550681015));
#2597 = LINE('',#2598,#2599);
#2598 = CARTESIAN_POINT('',(-21.324322876,274.18706453669,
    -162.0424216632));
#2599 = VECTOR('',#2600,1.);
#2600 = DIRECTION('',(-1.171244484438E-06,0.654652107008,0.755930300218)
  );
#2601 = ORIENTED_EDGE('',*,*,#2572,.F.);
#2602 = ORIENTED_EDGE('',*,*,#2603,.T.);
#2603 = EDGE_CURVE('',#2565,#2604,#2606,.T.);
#2604 = VERTEX_POINT('',#2605);
#2605 = CARTESIAN_POINT('',(-20.99687958648,247.11968409778,
    -194.0209295541));
#2606 = LINE('',#2607,#2608);
#2607 = CARTESIAN_POINT('',(-20.99692865371,274.54518264643,
    -162.3525592402));
#2608 = VECTOR('',#2609,1.);
#2609 = DIRECTION('',(1.171244484418E-06,-0.654652107008,-0.755930300218
    ));
#2610 = ORIENTED_EDGE('',*,*,#2611,.T.);
#2611 = EDGE_CURVE('',#2604,#2612,#2614,.T.);
#2612 = VERTEX_POINT('',#2613);
#2613 = CARTESIAN_POINT('',(-21.25252077477,246.53862602713,
    -194.1268206559));
#2614 = LINE('',#2615,#2616);
#2615 = CARTESIAN_POINT('',(-20.99687958648,247.11968409778,
    -194.0209295541));
#2616 = VECTOR('',#2617,1.);
#2617 = DIRECTION('',(-0.397218089377,-0.902854419478,-0.164534758336));
#2618 = ORIENTED_EDGE('',*,*,#2619,.T.);
#2619 = EDGE_CURVE('',#2612,#2595,#2620,.T.);
#2620 = LINE('',#2621,#2622);
#2621 = CARTESIAN_POINT('',(-32.32233077193,234.93529881761,
    -183.0570023578));
#2622 = VECTOR('',#2623,1.);
#2623 = DIRECTION('',(-0.568079519557,-0.595458508153,0.568079945543));
#2624 = PLANE('',#2625);
#2625 = AXIS2_PLACEMENT_3D('',#2626,#2627,#2628);
#2626 = CARTESIAN_POINT('',(-21.16062576486,274.36612359156,
    -162.1974904517));
#2627 = DIRECTION('',(-0.822665520636,0.429765152084,-0.372187258259));
#2628 = DIRECTION('',(-0.412194573589,1.942890293094E-16,0.911095842107)
  );
#2629 = ADVANCED_FACE('',(#2630),#2655,.T.);
#2630 = FACE_BOUND('',#2631,.T.);
#2631 = EDGE_LOOP('',(#2632,#2640,#2641,#2649));
#2632 = ORIENTED_EDGE('',*,*,#2633,.T.);
#2633 = EDGE_CURVE('',#2634,#2612,#2636,.T.);
#2634 = VERTEX_POINT('',#2635);
#2635 = CARTESIAN_POINT('',(-20.84533048168,246.38958662021,
    -194.5340108423));
#2636 = LINE('',#2637,#2638);
#2637 = CARTESIAN_POINT('',(-30.57272551281,249.94999857227,
    -184.8066183582));
#2638 = VECTOR('',#2639,1.);
#2639 = DIRECTION('',(-0.6845511487,0.250558765613,0.684550969459));
#2640 = ORIENTED_EDGE('',*,*,#2611,.F.);
#2641 = ORIENTED_EDGE('',*,*,#2642,.T.);
#2642 = EDGE_CURVE('',#2604,#2643,#2645,.T.);
#2643 = VERTEX_POINT('',#2644);
#2644 = CARTESIAN_POINT('',(-20.73944114143,247.025456721,
    -194.2783679317));
#2645 = LINE('',#2646,#2647);
#2646 = CARTESIAN_POINT('',(-30.2875955175,250.5202631776,
    -184.7302160557));
#2647 = VECTOR('',#2648,1.);
#2648 = DIRECTION('',(0.6845511487,-0.250558765613,-0.684550969459));
#2649 = ORIENTED_EDGE('',*,*,#2650,.T.);
#2650 = EDGE_CURVE('',#2643,#2634,#2651,.T.);
#2651 = LINE('',#2652,#2653);
#2652 = CARTESIAN_POINT('',(-20.73944114143,247.025456721,
    -194.2783679317));
#2653 = VECTOR('',#2654,1.);
#2654 = DIRECTION('',(-0.152695547412,-0.916943413659,-0.368644606564));
#2655 = PLANE('',#2656);
#2656 = AXIS2_PLACEMENT_3D('',#2657,#2658,#2659);
#2657 = CARTESIAN_POINT('',(-30.43016051516,250.23513087493,
    -184.7684172069));
#2658 = DIRECTION('',(-0.578120748972,0.38541282158,-0.719189374622));
#2659 = DIRECTION('',(-0.779402713228,-1.942890293094E-16,0.626523272203
    ));
#2660 = ADVANCED_FACE('',(#2661),#2694,.T.);
#2661 = FACE_BOUND('',#2662,.T.);
#2662 = EDGE_LOOP('',(#2663,#2671,#2679,#2687,#2693));
#2663 = ORIENTED_EDGE('',*,*,#2664,.T.);
#2664 = EDGE_CURVE('',#2643,#2665,#2667,.T.);
#2665 = VERTEX_POINT('',#2666);
#2666 = CARTESIAN_POINT('',(-12.57665822799,251.10687870744,
    -194.2783635494));
#2667 = LINE('',#2668,#2669);
#2668 = CARTESIAN_POINT('',(9.966963957915,262.37877411607,
    -194.2783514465));
#2669 = VECTOR('',#2670,1.);
#2670 = DIRECTION('',(0.894425852895,0.4472162717,4.801858818744E-07));
#2671 = ORIENTED_EDGE('',*,*,#2672,.T.);
#2672 = EDGE_CURVE('',#2665,#2673,#2675,.T.);
#2673 = VERTEX_POINT('',#2674);
#2674 = CARTESIAN_POINT('',(-12.32428066821,250.60212766063,
    -194.5550636576));
#2675 = LINE('',#2676,#2677);
#2676 = CARTESIAN_POINT('',(-12.57665822799,251.10687870744,
    -194.2783635494));
#2677 = VECTOR('',#2678,1.);
#2678 = DIRECTION('',(0.401545854607,-0.803085229253,-0.440244297185));
#2679 = ORIENTED_EDGE('',*,*,#2680,.T.);
#2680 = EDGE_CURVE('',#2673,#2681,#2683,.T.);
#2681 = VERTEX_POINT('',#2682);
#2682 = CARTESIAN_POINT('',(-20.8242730762,246.35209966571,
    -194.555068221));
#2683 = LINE('',#2684,#2685);
#2684 = CARTESIAN_POINT('',(10.219341517697,261.87402306925,
    -194.5550515548));
#2685 = VECTOR('',#2686,1.);
#2686 = DIRECTION('',(-0.894425852895,-0.4472162717,-4.801858818606E-07)
  );
#2687 = ORIENTED_EDGE('',*,*,#2688,.T.);
#2688 = EDGE_CURVE('',#2681,#2634,#2689,.T.);
#2689 = LINE('',#2690,#2691);
#2690 = CARTESIAN_POINT('',(-9.753486865508,226.643590972,
    -205.6258403326));
#2691 = VECTOR('',#2692,1.);
#2692 = DIRECTION('',(-0.43983334124,0.78300303742,0.439832781095));
#2693 = ORIENTED_EDGE('',*,*,#2650,.F.);
#2694 = PLANE('',#2695);
#2695 = AXIS2_PLACEMENT_3D('',#2696,#2697,#2698);
#2696 = CARTESIAN_POINT('',(10.093152737806,262.12639859266,
    -194.4167015006));
#2697 = DIRECTION('',(-0.196884027594,0.393766073808,-0.897878031136));
#2698 = DIRECTION('',(-0.976792424275,1.387778780781E-17,0.214188141313)
  );
#2699 = ADVANCED_FACE('',(#2700),#2718,.T.);
#2700 = FACE_BOUND('',#2701,.T.);
#2701 = EDGE_LOOP('',(#2702,#2703,#2710,#2711));
#2702 = ORIENTED_EDGE('',*,*,#2517,.F.);
#2703 = ORIENTED_EDGE('',*,*,#2704,.T.);
#2704 = EDGE_CURVE('',#2510,#2432,#2705,.T.);
#2705 = B_SPLINE_CURVE_WITH_KNOTS('',3,(#2706,#2707,#2708,#2709),
  .UNSPECIFIED.,.F.,.F.,(4,4),(-0.946176153203,-0.928676100573),
  .PIECEWISE_BEZIER_KNOTS.);
#2706 = CARTESIAN_POINT('',(-3.53151651452,259.71843683833,-189.10497664
    ));
#2707 = CARTESIAN_POINT('',(-3.479341516188,259.74452453264,
    -189.104976612));
#2708 = CARTESIAN_POINT('',(-3.427165238093,259.77060966656,
    -189.1041600336));
#2709 = CARTESIAN_POINT('',(-3.374995355992,259.7967075915,
    -189.1025260638));
#2710 = ORIENTED_EDGE('',*,*,#2431,.F.);
#2711 = ORIENTED_EDGE('',*,*,#2712,.T.);
#2712 = EDGE_CURVE('',#2422,#2518,#2713,.T.);
#2713 = B_SPLINE_CURVE_WITH_KNOTS('',3,(#2714,#2715,#2716,#2717),
  .UNSPECIFIED.,.F.,.F.,(4,4),(0.928676100573,0.946176153203),
  .PIECEWISE_BEZIER_KNOTS.);
#2714 = CARTESIAN_POINT('',(-3.435665349933,259.91804697147,
    -189.3816759919));
#2715 = CARTESIAN_POINT('',(-3.487840348265,259.89195927716,
    -189.3816760199));
#2716 = CARTESIAN_POINT('',(-3.540015346596,259.86587158286,
    -189.3816760479));
#2717 = CARTESIAN_POINT('',(-3.592190344928,259.83978388855,
    -189.381676076));
#2718 = B_SPLINE_SURFACE_WITH_KNOTS('',3,3,(
    (#2719,#2720,#2721,#2722)
    ,(#2723,#2724,#2725,#2726)
    ,(#2727,#2728,#2729,#2730)
    ,(#2731,#2732,#2733,#2734
    )),.UNSPECIFIED.,.F.,.F.,.F.,(4,4),(4,4),(0.,1.),(0.928676100573,
    0.946176153203),.PIECEWISE_BEZIER_KNOTS.);
#2719 = CARTESIAN_POINT('',(-3.374995355992,259.7967075915,
    -189.1025260638));
#2720 = CARTESIAN_POINT('',(-3.427165238093,259.77060966656,
    -189.1041600336));
#2721 = CARTESIAN_POINT('',(-3.479341516188,259.74452453264,
    -189.104976612));
#2722 = CARTESIAN_POINT('',(-3.53151651452,259.71843683833,-189.10497664
    ));
#2723 = CARTESIAN_POINT('',(-3.395218687306,259.83715405149,
    -189.1955760398));
#2724 = CARTESIAN_POINT('',(-3.447390274817,259.81105953676,
    -189.1966653624));
#2725 = CARTESIAN_POINT('',(-3.499566126324,259.78497354938,
    -189.1972097573));
#2726 = CARTESIAN_POINT('',(-3.551741124656,259.75888585507,
    -189.1972097853));
#2727 = CARTESIAN_POINT('',(-3.415442018619,259.87760051148,
    -189.2886260159));
#2728 = CARTESIAN_POINT('',(-3.467615311541,259.85150940696,
    -189.2891706912));
#2729 = CARTESIAN_POINT('',(-3.51979073646,259.82542256612,
    -189.2894429026));
#2730 = CARTESIAN_POINT('',(-3.571965734792,259.79933487181,
    -189.2894429306));
#2731 = CARTESIAN_POINT('',(-3.435665349933,259.91804697147,
    -189.3816759919));
#2732 = CARTESIAN_POINT('',(-3.487840348265,259.89195927716,
    -189.3816760199));
#2733 = CARTESIAN_POINT('',(-3.540015346596,259.86587158286,
    -189.3816760479));
#2734 = CARTESIAN_POINT('',(-3.592190344928,259.83978388855,
    -189.381676076));
#2735 = ADVANCED_FACE('',(#2736),#2754,.T.);
#2736 = FACE_BOUND('',#2737,.T.);
#2737 = EDGE_LOOP('',(#2738,#2739,#2746,#2747));
#2738 = ORIENTED_EDGE('',*,*,#1575,.F.);
#2739 = ORIENTED_EDGE('',*,*,#2740,.T.);
#2740 = EDGE_CURVE('',#1576,#1518,#2741,.T.);
#2741 = B_SPLINE_CURVE_WITH_KNOTS('',3,(#2742,#2743,#2744,#2745),
  .UNSPECIFIED.,.F.,.F.,(4,4),(0.691223187058,0.785403091755),
  .PIECEWISE_BEZIER_KNOTS.);
#2742 = CARTESIAN_POINT('',(6.664957051808,279.06664418277,
    -172.6153497275));
#2743 = CARTESIAN_POINT('',(6.73052090386,279.10991436637,
    -172.5977817216));
#2744 = CARTESIAN_POINT('',(6.795413281359,279.15524809128,
    -172.5803936352));
#2745 = CARTESIAN_POINT('',(6.860145366845,279.20263565216,
    -172.5630484962));
#2746 = ORIENTED_EDGE('',*,*,#1517,.F.);
#2747 = ORIENTED_EDGE('',*,*,#2748,.T.);
#2748 = EDGE_CURVE('',#1510,#1578,#2749,.T.);
#2749 = B_SPLINE_CURVE_WITH_KNOTS('',3,(#2750,#2751,#2752,#2753),
  .UNSPECIFIED.,.F.,.F.,(4,4),(-0.785403091755,-0.691223187058),
  .PIECEWISE_BEZIER_KNOTS.);
#2750 = CARTESIAN_POINT('',(6.841002097585,279.34552342149,
    -172.8819798486));
#2751 = CARTESIAN_POINT('',(6.772184982636,279.29514538022,
    -172.9004196204));
#2752 = CARTESIAN_POINT('',(6.70211344773,279.24685793491,
    -172.9157211252));
#2753 = CARTESIAN_POINT('',(6.631020731654,279.20089338609,
    -172.9277507864));
#2754 = B_SPLINE_SURFACE_WITH_KNOTS('',3,3,(
    (#2755,#2756,#2757,#2758)
    ,(#2759,#2760,#2761,#2762)
    ,(#2763,#2764,#2765,#2766)
    ,(#2767,#2768,#2769,#2770
    )),.UNSPECIFIED.,.F.,.F.,.F.,(4,4),(4,4),(0.,1.),(-0.785403091755,
    -0.691223187058),.PIECEWISE_BEZIER_KNOTS.);
#2755 = CARTESIAN_POINT('',(6.860145366845,279.20263565216,
    -172.5630484962));
#2756 = CARTESIAN_POINT('',(6.795413281359,279.15524809128,
    -172.5803936352));
#2757 = CARTESIAN_POINT('',(6.73052090386,279.10991436637,
    -172.5977817216));
#2758 = CARTESIAN_POINT('',(6.664957051808,279.06664418277,
    -172.6153497275));
#2759 = CARTESIAN_POINT('',(6.853764277091,279.2502649086,-172.669358947
    ));
#2760 = CARTESIAN_POINT('',(6.787670515118,279.20188052093,
    -172.6870689636));
#2761 = CARTESIAN_POINT('',(6.721051751816,279.15556222255,
    -172.7037615228));
#2762 = CARTESIAN_POINT('',(6.65364494509,279.11139391721,
    -172.7194834138));
#2763 = CARTESIAN_POINT('',(6.847383187338,279.29789416505,
    -172.7756693978));
#2764 = CARTESIAN_POINT('',(6.779927748877,279.24851295057,
    -172.793744292));
#2765 = CARTESIAN_POINT('',(6.711582599773,279.20121007873,
    -172.809741324));
#2766 = CARTESIAN_POINT('',(6.642332838372,279.15614365165,
    -172.8236171001));
#2767 = CARTESIAN_POINT('',(6.841002097585,279.34552342149,
    -172.8819798486));
#2768 = CARTESIAN_POINT('',(6.772184982636,279.29514538022,
    -172.9004196204));
#2769 = CARTESIAN_POINT('',(6.70211344773,279.24685793491,
    -172.9157211252));
#2770 = CARTESIAN_POINT('',(6.631020731654,279.20089338609,
    -172.9277507864));
#2771 = ADVANCED_FACE('',(#2772),#2812,.T.);
#2772 = FACE_BOUND('',#2773,.T.);
#2773 = EDGE_LOOP('',(#2774,#2784,#2795,#2803));
#2774 = ORIENTED_EDGE('',*,*,#2775,.T.);
#2775 = EDGE_CURVE('',#2776,#2778,#2780,.T.);
#2776 = VERTEX_POINT('',#2777);
#2777 = CARTESIAN_POINT('',(-10.99688601781,250.72096300049,
    -195.63607297));
#2778 = VERTEX_POINT('',#2779);
#2779 = CARTESIAN_POINT('',(-11.35073006525,250.36360141614,
    -195.3265906015));
#2780 = LINE('',#2781,#2782);
#2781 = CARTESIAN_POINT('',(-10.99688601781,250.72096300049,
    -195.63607297));
#2782 = VECTOR('',#2783,1.);
#2783 = DIRECTION('',(-0.599226136396,-0.605182998076,0.524100731061));
#2784 = ORIENTED_EDGE('',*,*,#2785,.T.);
#2785 = EDGE_CURVE('',#2778,#2786,#2788,.T.);
#2786 = VERTEX_POINT('',#2787);
#2787 = CARTESIAN_POINT('',(-12.16785252731,250.68058446353,
    -194.5673742534));
#2788 = B_SPLINE_CURVE_WITH_KNOTS('',3,(#2789,#2790,#2791,#2792,#2793,
    #2794),.UNSPECIFIED.,.F.,.F.,(4,1,1,4),(-1.047195378438,
    -0.149597477413,0.187001735472,0.523600948356),.UNSPECIFIED.);
#2789 = CARTESIAN_POINT('',(-11.35073006525,250.36360141614,
    -195.3265906015));
#2790 = CARTESIAN_POINT('',(-11.41385776328,250.60288370771,
    -195.0575980314));
#2791 = CARTESIAN_POINT('',(-11.64123030983,250.78921819331,
    -194.7860448354));
#2792 = CARTESIAN_POINT('',(-11.92464199207,250.77542214115,
    -194.6324737021));
#2793 = CARTESIAN_POINT('',(-12.08129317092,250.72440392596,
    -194.5810833185));
#2794 = CARTESIAN_POINT('',(-12.16785252732,250.68058446353,
    -194.5673742534));
#2795 = ORIENTED_EDGE('',*,*,#2796,.T.);
#2796 = EDGE_CURVE('',#2786,#2797,#2799,.T.);
#2797 = VERTEX_POINT('',#2798);
#2798 = CARTESIAN_POINT('',(-12.42013323299,251.18514179036,
    -194.2783634654));
#2799 = LINE('',#2800,#2801);
#2800 = CARTESIAN_POINT('',(-12.16785252731,250.68058446353,
    -194.5673742534));
#2801 = VECTOR('',#2802,1.);
#2802 = DIRECTION('',(-0.398020659946,0.796034875784,0.455969330977));
#2803 = ORIENTED_EDGE('',*,*,#2804,.T.);
#2804 = EDGE_CURVE('',#2797,#2776,#2805,.T.);
#2805 = B_SPLINE_CURVE_WITH_KNOTS('',3,(#2806,#2807,#2808,#2809,#2810,
    #2811),.UNSPECIFIED.,.F.,.F.,(4,1,1,4),(-0.523600948356,
    -0.187001735472,0.149597477413,1.047195378438),.UNSPECIFIED.);
#2806 = CARTESIAN_POINT('',(-12.42013323299,251.18514179036,
    -194.2783634654));
#2807 = CARTESIAN_POINT('',(-12.26819536494,251.26111129265,
    -194.2783633838));
#2808 = CARTESIAN_POINT('',(-11.95141892259,251.37759000512,
    -194.3267576731));
#2809 = CARTESIAN_POINT('',(-11.23787021613,251.39024958514,
    -194.724111191));
#2810 = CARTESIAN_POINT('',(-10.99688658051,251.03547724063,
    -195.2729016895));
#2811 = CARTESIAN_POINT('',(-10.99688601781,250.72096300049,
    -195.63607297));
#2812 = B_SPLINE_SURFACE_WITH_KNOTS('',3,3,(
    (#2813,#2814,#2815,#2816,#2817,#2818)
    ,(#2819,#2820,#2821,#2822,#2823,#2824)
    ,(#2825,#2826,#2827,#2828,#2829,#2830)
    ,(#2831,#2832,#2833,#2834,#2835,#2836
    )),.UNSPECIFIED.,.F.,.F.,.F.,(4,4),(4,1,1,4),(0.,1.),(
    -0.523600948356,-0.187001735472,0.149597477413,1.047195378438),
  .UNSPECIFIED.);
#2813 = CARTESIAN_POINT('',(-12.16785252732,250.68058446353,
    -194.5673742534));
#2814 = CARTESIAN_POINT('',(-12.08129317092,250.72440392596,
    -194.5810833185));
#2815 = CARTESIAN_POINT('',(-11.92464199207,250.77542214115,
    -194.6324737021));
#2816 = CARTESIAN_POINT('',(-11.64123030983,250.78921819331,
    -194.7860448354));
#2817 = CARTESIAN_POINT('',(-11.41385776328,250.60288370771,
    -195.0575980314));
#2818 = CARTESIAN_POINT('',(-11.35073006525,250.36360141614,
    -195.3265906015));
#2819 = CARTESIAN_POINT('',(-12.25194609587,250.84877023914,
    -194.4710373241));
#2820 = CARTESIAN_POINT('',(-12.14359390226,250.90330638152,
    -194.4801766736));
#2821 = CARTESIAN_POINT('',(-11.93356763558,250.97614476247,
    -194.5305683591));
#2822 = CARTESIAN_POINT('',(-11.50677694526,250.98956199059,
    -194.7654002872));
#2823 = CARTESIAN_POINT('',(-11.27486736902,250.74708155202,
    -195.1293659175));
#2824 = CARTESIAN_POINT('',(-11.23278204944,250.48272194425,
    -195.429751391));
#2825 = CARTESIAN_POINT('',(-12.33603966443,251.01695601475,
    -194.3747003947));
#2826 = CARTESIAN_POINT('',(-12.2058946336,251.08220883709,
    -194.3792700287));
#2827 = CARTESIAN_POINT('',(-11.94249327909,251.1768673838,
    -194.4286630161));
#2828 = CARTESIAN_POINT('',(-11.37232358069,251.18990578787,
    -194.7447557391));
#2829 = CARTESIAN_POINT('',(-11.13587697476,250.89127939632,
    -195.2011338035));
#2830 = CARTESIAN_POINT('',(-11.11483403362,250.60184247237,
    -195.5329121805));
#2831 = CARTESIAN_POINT('',(-12.42013323299,251.18514179036,
    -194.2783634654));
#2832 = CARTESIAN_POINT('',(-12.26819536494,251.26111129265,
    -194.2783633838));
#2833 = CARTESIAN_POINT('',(-11.95141892259,251.37759000512,
    -194.3267576731));
#2834 = CARTESIAN_POINT('',(-11.23787021613,251.39024958514,
    -194.724111191));
#2835 = CARTESIAN_POINT('',(-10.99688658051,251.03547724063,
    -195.2729016895));
#2836 = CARTESIAN_POINT('',(-10.99688601781,250.72096300049,
    -195.63607297));
#2837 = ADVANCED_FACE('',(#2838),#2856,.T.);
#2838 = FACE_BOUND('',#2839,.T.);
#2839 = EDGE_LOOP('',(#2840,#2841,#2848,#2849));
#2840 = ORIENTED_EDGE('',*,*,#2796,.F.);
#2841 = ORIENTED_EDGE('',*,*,#2842,.T.);
#2842 = EDGE_CURVE('',#2786,#2673,#2843,.T.);
#2843 = B_SPLINE_CURVE_WITH_KNOTS('',3,(#2844,#2845,#2846,#2847),
  .UNSPECIFIED.,.F.,.F.,(4,4),(2.502957301431,2.520457354061),
  .PIECEWISE_BEZIER_KNOTS.);
#2844 = CARTESIAN_POINT('',(-12.16785252731,250.68058446353,
    -194.5673742534));
#2845 = CARTESIAN_POINT('',(-12.21989778475,250.65423728053,
    -194.5591314493));
#2846 = CARTESIAN_POINT('',(-12.27210566987,250.62821535494,
    -194.5550636296));
#2847 = CARTESIAN_POINT('',(-12.32428066821,250.60212766063,
    -194.5550636576));
#2848 = ORIENTED_EDGE('',*,*,#2672,.F.);
#2849 = ORIENTED_EDGE('',*,*,#2850,.T.);
#2850 = EDGE_CURVE('',#2665,#2797,#2851,.T.);
#2851 = B_SPLINE_CURVE_WITH_KNOTS('',3,(#2852,#2853,#2854,#2855),
  .UNSPECIFIED.,.F.,.F.,(4,4),(-2.520457354061,-2.502957301431),
  .PIECEWISE_BEZIER_KNOTS.);
#2852 = CARTESIAN_POINT('',(-12.57665822799,251.10687870744,
    -194.2783635494));
#2853 = CARTESIAN_POINT('',(-12.52448322966,251.13296640175,
    -194.2783635214));
#2854 = CARTESIAN_POINT('',(-12.47230823132,251.15905409605,
    -194.2783634934));
#2855 = CARTESIAN_POINT('',(-12.42013323299,251.18514179036,
    -194.2783634654));
#2856 = B_SPLINE_SURFACE_WITH_KNOTS('',3,3,(
    (#2857,#2858,#2859,#2860)
    ,(#2861,#2862,#2863,#2864)
    ,(#2865,#2866,#2867,#2868)
    ,(#2869,#2870,#2871,#2872
    )),.UNSPECIFIED.,.F.,.F.,.F.,(4,4),(4,4),(0.,1.),(-2.520457354061,
    -2.502957301431),.PIECEWISE_BEZIER_KNOTS.);
#2857 = CARTESIAN_POINT('',(-12.32428066821,250.60212766063,
    -194.5550636576));
#2858 = CARTESIAN_POINT('',(-12.27210566987,250.62821535494,
    -194.5550636296));
#2859 = CARTESIAN_POINT('',(-12.21989778475,250.65423728053,
    -194.5591314493));
#2860 = CARTESIAN_POINT('',(-12.16785252731,250.68058446353,
    -194.5673742534));
#2861 = CARTESIAN_POINT('',(-12.40840652147,250.77037800957,
    -194.4628302882));
#2862 = CARTESIAN_POINT('',(-12.35623152314,250.79646570387,
    -194.4628302602));
#2863 = CARTESIAN_POINT('',(-12.30403460028,250.82250955237,
    -194.4655421306));
#2864 = CARTESIAN_POINT('',(-12.25194609587,250.84877023914,
    -194.4710373241));
#2865 = CARTESIAN_POINT('',(-12.49253237473,250.9386283585,
    -194.3705969188));
#2866 = CARTESIAN_POINT('',(-12.4403573764,250.96471605281,
    -194.3705968908));
#2867 = CARTESIAN_POINT('',(-12.3881714158,250.99078182421,
    -194.371952812));
#2868 = CARTESIAN_POINT('',(-12.33603966443,251.01695601475,
    -194.3747003947));
#2869 = CARTESIAN_POINT('',(-12.57665822799,251.10687870744,
    -194.2783635494));
#2870 = CARTESIAN_POINT('',(-12.52448322966,251.13296640175,
    -194.2783635214));
#2871 = CARTESIAN_POINT('',(-12.47230823132,251.15905409605,
    -194.2783634934));
#2872 = CARTESIAN_POINT('',(-12.42013323299,251.18514179036,
    -194.2783634654));
#2873 = ADVANCED_FACE('',(#2874),#2916,.T.);
#2874 = FACE_BOUND('',#2875,.T.);
#2875 = EDGE_LOOP('',(#2876,#2886,#2894,#2902,#2910));
#2876 = ORIENTED_EDGE('',*,*,#2877,.T.);
#2877 = EDGE_CURVE('',#2878,#2880,#2882,.T.);
#2878 = VERTEX_POINT('',#2879);
#2879 = CARTESIAN_POINT('',(-11.32427531445,247.60971465983,
    -198.5049896414));
#2880 = VERTEX_POINT('',#2881);
#2881 = CARTESIAN_POINT('',(-11.32427988509,250.1644144153,
    -195.5550641276));
#2882 = LINE('',#2883,#2884);
#2883 = CARTESIAN_POINT('',(-11.32432620532,276.0545135752,
    -165.6596277254));
#2884 = VECTOR('',#2885,1.);
#2885 = DIRECTION('',(-1.171244475668E-06,0.654652107008,0.755930300218)
  );
#2886 = ORIENTED_EDGE('',*,*,#2887,.T.);
#2887 = EDGE_CURVE('',#2880,#2888,#2890,.T.);
#2888 = VERTEX_POINT('',#2889);
#2889 = CARTESIAN_POINT('',(-10.99688566279,250.52253252504,
    -195.8652017046));
#2890 = LINE('',#2891,#2892);
#2891 = CARTESIAN_POINT('',(-11.32427988509,250.1644144153,
    -195.5550641276));
#2892 = VECTOR('',#2893,1.);
#2893 = DIRECTION('',(0.568525673259,0.621878229916,-0.538559213088));
#2894 = ORIENTED_EDGE('',*,*,#2895,.T.);
#2895 = EDGE_CURVE('',#2888,#2896,#2898,.T.);
#2896 = VERTEX_POINT('',#2897);
#2897 = CARTESIAN_POINT('',(-10.99688162558,248.26598339288,
    -198.470851094));
#2898 = LINE('',#2899,#2900);
#2899 = CARTESIAN_POINT('',(-10.99693198302,276.41263168494,
    -165.9697653024));
#2900 = VECTOR('',#2901,1.);
#2901 = DIRECTION('',(1.171244475668E-06,-0.654652107008,-0.755930300218
    ));
#2902 = ORIENTED_EDGE('',*,*,#2903,.T.);
#2903 = EDGE_CURVE('',#2896,#2904,#2906,.T.);
#2904 = VERTEX_POINT('',#2905);
#2905 = CARTESIAN_POINT('',(-11.25252281386,247.68492532222,
    -198.5767421958));
#2906 = LINE('',#2907,#2908);
#2907 = CARTESIAN_POINT('',(-10.99688162558,248.26598339288,
    -198.470851094));
#2908 = VECTOR('',#2909,1.);
#2909 = DIRECTION('',(-0.397218089376,-0.902854419478,-0.164534758337));
#2910 = ORIENTED_EDGE('',*,*,#2911,.T.);
#2911 = EDGE_CURVE('',#2904,#2878,#2912,.T.);
#2912 = LINE('',#2913,#2914);
#2913 = CARTESIAN_POINT('',(-22.52860020461,235.86538951819,
    -187.3006563495));
#2914 = VECTOR('',#2915,1.);
#2915 = DIRECTION('',(-0.568079519557,-0.595458508156,0.56807994554));
#2916 = PLANE('',#2917);
#2917 = AXIS2_PLACEMENT_3D('',#2918,#2919,#2920);
#2918 = CARTESIAN_POINT('',(-11.16062909417,276.23357263007,
    -165.8146965139));
#2919 = DIRECTION('',(-0.822665520636,0.429765152084,-0.372187258259));
#2920 = DIRECTION('',(-0.412194573589,5.551115123126E-17,0.911095842107)
  );
#2921 = ADVANCED_FACE('',(#2922),#2947,.T.);
#2922 = FACE_BOUND('',#2923,.T.);
#2923 = EDGE_LOOP('',(#2924,#2932,#2933,#2941));
#2924 = ORIENTED_EDGE('',*,*,#2925,.T.);
#2925 = EDGE_CURVE('',#2926,#2904,#2928,.T.);
#2926 = VERTEX_POINT('',#2927);
#2927 = CARTESIAN_POINT('',(-10.84533252077,247.53588591531,
    -198.9839323823));
#2928 = LINE('',#2929,#2930);
#2929 = CARTESIAN_POINT('',(-23.76180542655,252.26356114226,
    -186.0674628586));
#2930 = VECTOR('',#2931,1.);
#2931 = DIRECTION('',(-0.684551148703,0.25055876561,0.684550969458));
#2932 = ORIENTED_EDGE('',*,*,#2903,.F.);
#2933 = ORIENTED_EDGE('',*,*,#2934,.T.);
#2934 = EDGE_CURVE('',#2896,#2935,#2937,.T.);
#2935 = VERTEX_POINT('',#2936);
#2936 = CARTESIAN_POINT('',(-10.73944318052,248.1717560161,
    -198.7282894717));
#2937 = LINE('',#2938,#2939);
#2938 = CARTESIAN_POINT('',(-23.47667543124,252.83382574759,
    -185.9910605561));
#2939 = VECTOR('',#2940,1.);
#2940 = DIRECTION('',(0.684551148703,-0.25055876561,-0.684550969458));
#2941 = ORIENTED_EDGE('',*,*,#2942,.T.);
#2942 = EDGE_CURVE('',#2935,#2926,#2943,.T.);
#2943 = LINE('',#2944,#2945);
#2944 = CARTESIAN_POINT('',(-10.73944318052,248.1717560161,
    -198.7282894717));
#2945 = VECTOR('',#2946,1.);
#2946 = DIRECTION('',(-0.152695547412,-0.916943413659,-0.368644606564));
#2947 = PLANE('',#2948);
#2948 = AXIS2_PLACEMENT_3D('',#2949,#2950,#2951);
#2949 = CARTESIAN_POINT('',(-23.61924042889,252.54869344493,
    -186.0292617073));
#2950 = DIRECTION('',(-0.578120748971,0.38541282158,-0.719189374623));
#2951 = DIRECTION('',(-0.779402713229,8.326672684689E-17,0.626523272202)
  );
#2952 = ADVANCED_FACE('',(#2953),#2986,.T.);
#2953 = FACE_BOUND('',#2954,.T.);
#2954 = EDGE_LOOP('',(#2955,#2963,#2971,#2979,#2985));
#2955 = ORIENTED_EDGE('',*,*,#2956,.T.);
#2956 = EDGE_CURVE('',#2935,#2957,#2959,.T.);
#2957 = VERTEX_POINT('',#2958);
#2958 = CARTESIAN_POINT('',(-5.573767204034,250.75461332455,
    -198.7282866984));
#2959 = LINE('',#2960,#2961);
#2960 = CARTESIAN_POINT('',(15.233354864498,261.15825217978,
    -198.7282755278));
#2961 = VECTOR('',#2962,1.);
#2962 = DIRECTION('',(0.894425852895,0.4472162717,4.801858930038E-07));
#2963 = ORIENTED_EDGE('',*,*,#2964,.T.);
#2964 = EDGE_CURVE('',#2957,#2965,#2967,.T.);
#2965 = VERTEX_POINT('',#2966);
#2966 = CARTESIAN_POINT('',(-5.321389644252,250.24986227774,
    -199.0049868066));
#2967 = LINE('',#2968,#2969);
#2968 = CARTESIAN_POINT('',(-5.573767204034,250.75461332455,
    -198.7282866984));
#2969 = VECTOR('',#2970,1.);
#2970 = DIRECTION('',(0.401545854607,-0.803085229253,-0.440244297185));
#2971 = ORIENTED_EDGE('',*,*,#2972,.T.);
#2972 = EDGE_CURVE('',#2965,#2973,#2975,.T.);
#2973 = VERTEX_POINT('',#2974);
#2974 = CARTESIAN_POINT('',(-10.82427511529,247.49839896081,
    -199.0049897609));
#2975 = LINE('',#2976,#2977);
#2976 = CARTESIAN_POINT('',(15.48573242428,260.65350113297,
    -199.004975636));
#2977 = VECTOR('',#2978,1.);
#2978 = DIRECTION('',(-0.894425852895,-0.4472162717,-4.80185893032E-07)
  );
#2979 = ORIENTED_EDGE('',*,*,#2980,.T.);
#2980 = EDGE_CURVE('',#2973,#2926,#2981,.T.);
#2981 = LINE('',#2982,#2983);
#2982 = CARTESIAN_POINT('',(0.393584540009,227.52806620106,
    -210.2228351298));
#2983 = VECTOR('',#2984,1.);
#2984 = DIRECTION('',(-0.439833341242,0.783003037418,0.439832781094));
#2985 = ORIENTED_EDGE('',*,*,#2942,.F.);
#2986 = PLANE('',#2987);
#2987 = AXIS2_PLACEMENT_3D('',#2988,#2989,#2990);
#2988 = CARTESIAN_POINT('',(15.359543644389,260.90587665638,
    -198.8666255819));
#2989 = DIRECTION('',(-0.196884027594,0.393766073808,-0.897878031136));
#2990 = DIRECTION('',(-0.976792424275,-2.775557561563E-17,0.214188141313
    ));
#2991 = ADVANCED_FACE('',(#2992),#3010,.T.);
#2992 = FACE_BOUND('',#2993,.T.);
#2993 = EDGE_LOOP('',(#2994,#2995,#3002,#3003));
#2994 = ORIENTED_EDGE('',*,*,#2887,.F.);
#2995 = ORIENTED_EDGE('',*,*,#2996,.T.);
#2996 = EDGE_CURVE('',#2880,#2778,#2997,.T.);
#2997 = B_SPLINE_CURVE_WITH_KNOTS('',3,(#2998,#2999,#3000,#3001),
  .UNSPECIFIED.,.F.,.F.,(4,4),(-3.95478741804,-3.924476589842),
  .PIECEWISE_BEZIER_KNOTS.);
#2998 = CARTESIAN_POINT('',(-11.32427988509,250.1644144153,
    -195.5550641276));
#2999 = CARTESIAN_POINT('',(-11.32428000343,250.23055790711,
    -195.4786878828));
#3000 = CARTESIAN_POINT('',(-11.33301223853,250.29644290547,
    -195.4020877905));
#3001 = CARTESIAN_POINT('',(-11.35073006525,250.36360141614,
    -195.3265906015));
#3002 = ORIENTED_EDGE('',*,*,#2775,.F.);
#3003 = ORIENTED_EDGE('',*,*,#3004,.T.);
#3004 = EDGE_CURVE('',#2776,#2888,#3005,.T.);
#3005 = B_SPLINE_CURVE_WITH_KNOTS('',3,(#3006,#3007,#3008,#3009),
  .UNSPECIFIED.,.F.,.F.,(4,4),(3.924476589842,3.95478741804),
  .PIECEWISE_BEZIER_KNOTS.);
#3006 = CARTESIAN_POINT('',(-10.99688601781,250.72096300049,
    -195.63607297));
#3007 = CARTESIAN_POINT('',(-10.99688589947,250.65481950867,
    -195.7124492148));
#3008 = CARTESIAN_POINT('',(-10.99688578113,250.58867601685,
    -195.7888254597));
#3009 = CARTESIAN_POINT('',(-10.99688566279,250.52253252504,
    -195.8652017046));
#3010 = B_SPLINE_SURFACE_WITH_KNOTS('',3,3,(
    (#3011,#3012,#3013,#3014)
    ,(#3015,#3016,#3017,#3018)
    ,(#3019,#3020,#3021,#3022)
    ,(#3023,#3024,#3025,#3026
    )),.UNSPECIFIED.,.F.,.F.,.F.,(4,4),(4,4),(0.,1.),(3.924476589842,
    3.95478741804),.PIECEWISE_BEZIER_KNOTS.);
#3011 = CARTESIAN_POINT('',(-11.35073006525,250.36360141614,
    -195.3265906015));
#3012 = CARTESIAN_POINT('',(-11.33301223853,250.29644290547,
    -195.4020877905));
#3013 = CARTESIAN_POINT('',(-11.32428000343,250.23055790711,
    -195.4786878828));
#3014 = CARTESIAN_POINT('',(-11.32427988509,250.1644144153,
    -195.5550641276));
#3015 = CARTESIAN_POINT('',(-11.23278204944,250.48272194425,
    -195.429751391));
#3016 = CARTESIAN_POINT('',(-11.22097012551,250.4159017732,
    -195.5055415986));
#3017 = CARTESIAN_POINT('',(-11.21514859599,250.34993061036,
    -195.5820670751));
#3018 = CARTESIAN_POINT('',(-11.21514847766,250.28378711854,
    -195.6584433199));
#3019 = CARTESIAN_POINT('',(-11.11483403362,250.60184247237,
    -195.5329121805));
#3020 = CARTESIAN_POINT('',(-11.10892801249,250.53536064093,
    -195.6089954067));
#3021 = CARTESIAN_POINT('',(-11.10601718856,250.46930331361,
    -195.6854462674));
#3022 = CARTESIAN_POINT('',(-11.10601707022,250.40315982179,
    -195.7618225122));
#3023 = CARTESIAN_POINT('',(-10.99688601781,250.72096300049,
    -195.63607297));
#3024 = CARTESIAN_POINT('',(-10.99688589947,250.65481950867,
    -195.7124492148));
#3025 = CARTESIAN_POINT('',(-10.99688578113,250.58867601685,
    -195.7888254597));
#3026 = CARTESIAN_POINT('',(-10.99688566279,250.52253252504,
    -195.8652017046));
#3027 = ADVANCED_FACE('',(#3028),#3066,.T.);
#3028 = FACE_BOUND('',#3029,.T.);
#3029 = EDGE_LOOP('',(#3030,#3040,#3050,#3058));
#3030 = ORIENTED_EDGE('',*,*,#3031,.T.);
#3031 = EDGE_CURVE('',#3032,#3034,#3036,.T.);
#3032 = VERTEX_POINT('',#3033);
#3033 = CARTESIAN_POINT('',(8.107899149427,264.25291202236,
    -191.0409341624));
#3034 = VERTEX_POINT('',#3035);
#3035 = CARTESIAN_POINT('',(8.535028059271,264.00270850434,
    -191.0049099485));
#3036 = LINE('',#3037,#3038);
#3037 = CARTESIAN_POINT('',(8.107899149427,264.25291202236,
    -191.0409341624));
#3038 = VECTOR('',#3039,1.);
#3039 = DIRECTION('',(0.86058285326,-0.504112113381,7.258188353677E-02)
  );
#3040 = ORIENTED_EDGE('',*,*,#3041,.T.);
#3041 = EDGE_CURVE('',#3034,#3042,#3044,.T.);
#3042 = VERTEX_POINT('',#3043);
#3043 = CARTESIAN_POINT('',(-5.164865023775,250.32812610886,
    -199.0042210793));
#3044 = B_SPLINE_CURVE_WITH_KNOTS('',3,(#3045,#3046,#3047,#3048,#3049),
  .UNSPECIFIED.,.F.,.F.,(4,1,4),(-1.555335564541,-1.113163586176,
    -0.523600948356),.UNSPECIFIED.);
#3045 = CARTESIAN_POINT('',(8.535028059271,264.00270850434,
    -191.0049099485));
#3046 = CARTESIAN_POINT('',(7.355775137717,261.64445966372,
    -193.0474669009));
#3047 = CARTESIAN_POINT('',(3.529866079075,256.15001262664,
    -197.2061545333));
#3048 = CARTESIAN_POINT('',(-1.978062106559,251.92161570559,
    -198.9730420008));
#3049 = CARTESIAN_POINT('',(-5.164865023775,250.32812610886,
    -199.0042210793));
#3050 = ORIENTED_EDGE('',*,*,#3051,.T.);
#3051 = EDGE_CURVE('',#3042,#3052,#3054,.T.);
#3052 = VERTEX_POINT('',#3053);
#3053 = CARTESIAN_POINT('',(-5.417242209039,250.83287640747,
    -198.7282866144));
#3054 = LINE('',#3055,#3056);
#3055 = CARTESIAN_POINT('',(-5.164865023775,250.32812610886,
    -199.0042210793));
#3056 = VECTOR('',#3057,1.);
#3057 = DIRECTION('',(-0.401760961605,0.803515441085,0.439261955635));
#3058 = ORIENTED_EDGE('',*,*,#3059,.T.);
#3059 = EDGE_CURVE('',#3052,#3032,#3060,.T.);
#3060 = B_SPLINE_CURVE_WITH_KNOTS('',3,(#3061,#3062,#3063,#3064,#3065),
  .UNSPECIFIED.,.F.,.F.,(4,1,4),(0.523600948356,1.113163586176,
    1.555335564541),.UNSPECIFIED.);
#3061 = CARTESIAN_POINT('',(-5.417242209039,250.83287640747,
    -198.7282866144));
#3062 = CARTESIAN_POINT('',(-2.342513540956,252.37025224134,
    -198.7282849636));
#3063 = CARTESIAN_POINT('',(3.067138910246,256.495441989,-197.0882055101
    ));
#3064 = CARTESIAN_POINT('',(6.910583157638,261.92074001396,
    -193.0426257743));
#3065 = CARTESIAN_POINT('',(8.107899149427,264.25291202236,
    -191.0409341624));
#3066 = B_SPLINE_SURFACE_WITH_KNOTS('',3,3,(
    (#3067,#3068,#3069,#3070,#3071)
    ,(#3072,#3073,#3074,#3075,#3076)
    ,(#3077,#3078,#3079,#3080,#3081)
    ,(#3082,#3083,#3084,#3085,#3086
    )),.UNSPECIFIED.,.F.,.F.,.F.,(4,4),(4,1,4),(0.,1.),(0.523600948356,
    1.113163586176,1.555335564541),.UNSPECIFIED.);
#3067 = CARTESIAN_POINT('',(-5.164865023775,250.32812610886,
    -199.0042210793));
#3068 = CARTESIAN_POINT('',(-1.978062106559,251.92161570559,
    -198.9730420008));
#3069 = CARTESIAN_POINT('',(3.529866079075,256.15001262664,
    -197.2061545333));
#3070 = CARTESIAN_POINT('',(7.355775137717,261.64445966372,
    -193.0474669009));
#3071 = CARTESIAN_POINT('',(8.535028059271,264.00270850434,
    -191.0049099485));
#3072 = CARTESIAN_POINT('',(-5.248990752197,250.4963762084,
    -198.9122429243));
#3073 = CARTESIAN_POINT('',(-2.099545918024,252.0711612175,
    -198.8914563217));
#3074 = CARTESIAN_POINT('',(3.375623689465,256.26515574743,
    -197.1668381922));
#3075 = CARTESIAN_POINT('',(7.207377811024,261.7365531138,
    -193.0458531921));
#3076 = CARTESIAN_POINT('',(8.39265175599,264.08610967701,
    -191.0169180198));
#3077 = CARTESIAN_POINT('',(-5.333116480618,250.66462630793,
    -198.8202647693));
#3078 = CARTESIAN_POINT('',(-2.22102972949,252.22070672942,
    -198.8098706427));
#3079 = CARTESIAN_POINT('',(3.221381299856,256.38029886821,
    -197.1275218511));
#3080 = CARTESIAN_POINT('',(7.058980484331,261.82864656388,
    -193.0442394832));
#3081 = CARTESIAN_POINT('',(8.250275452708,264.16951084969,
    -191.0289260911));
#3082 = CARTESIAN_POINT('',(-5.417242209039,250.83287640747,
    -198.7282866144));
#3083 = CARTESIAN_POINT('',(-2.342513540956,252.37025224134,
    -198.7282849636));
#3084 = CARTESIAN_POINT('',(3.067138910246,256.495441989,-197.0882055101
    ));
#3085 = CARTESIAN_POINT('',(6.910583157638,261.92074001396,
    -193.0426257743));
#3086 = CARTESIAN_POINT('',(8.107899149427,264.25291202236,
    -191.0409341624));
#3087 = ADVANCED_FACE('',(#3088),#3106,.T.);
#3088 = FACE_BOUND('',#3089,.T.);
#3089 = EDGE_LOOP('',(#3090,#3091,#3098,#3099));
#3090 = ORIENTED_EDGE('',*,*,#3051,.F.);
#3091 = ORIENTED_EDGE('',*,*,#3092,.T.);
#3092 = EDGE_CURVE('',#3042,#2965,#3093,.T.);
#3093 = B_SPLINE_CURVE_WITH_KNOTS('',3,(#3094,#3095,#3096,#3097),
  .UNSPECIFIED.,.F.,.F.,(4,4),(2.308810395709,2.326310448339),
  .PIECEWISE_BEZIER_KNOTS.);
#3094 = CARTESIAN_POINT('',(-5.164865023775,250.32812610886,
    -199.0042210793));
#3095 = CARTESIAN_POINT('',(-5.21703952274,250.30203741638,
    -199.0047315447));
#3096 = CARTESIAN_POINT('',(-5.26921464592,250.27594997204,
    -199.0049867786));
#3097 = CARTESIAN_POINT('',(-5.321389644252,250.24986227774,
    -199.0049868066));
#3098 = ORIENTED_EDGE('',*,*,#2964,.F.);
#3099 = ORIENTED_EDGE('',*,*,#3100,.T.);
#3100 = EDGE_CURVE('',#2957,#3052,#3101,.T.);
#3101 = B_SPLINE_CURVE_WITH_KNOTS('',3,(#3102,#3103,#3104,#3105),
  .UNSPECIFIED.,.F.,.F.,(4,4),(-2.326310448339,-2.308810395709),
  .PIECEWISE_BEZIER_KNOTS.);
#3102 = CARTESIAN_POINT('',(-5.573767204034,250.75461332455,
    -198.7282866984));
#3103 = CARTESIAN_POINT('',(-5.521592205702,250.78070101885,
    -198.7282866704));
#3104 = CARTESIAN_POINT('',(-5.469417207371,250.80678871316,
    -198.7282866424));
#3105 = CARTESIAN_POINT('',(-5.417242209039,250.83287640747,
    -198.7282866144));
#3106 = B_SPLINE_SURFACE_WITH_KNOTS('',3,3,(
    (#3107,#3108,#3109,#3110)
    ,(#3111,#3112,#3113,#3114)
    ,(#3115,#3116,#3117,#3118)
    ,(#3119,#3120,#3121,#3122
    )),.UNSPECIFIED.,.F.,.F.,.F.,(4,4),(4,4),(0.,1.),(-2.326310448339,
    -2.308810395709),.PIECEWISE_BEZIER_KNOTS.);
#3107 = CARTESIAN_POINT('',(-5.321389644252,250.24986227774,
    -199.0049868066));
#3108 = CARTESIAN_POINT('',(-5.26921464592,250.27594997204,
    -199.0049867786));
#3109 = CARTESIAN_POINT('',(-5.21703952274,250.30203741638,
    -199.0047315447));
#3110 = CARTESIAN_POINT('',(-5.164865023775,250.32812610886,
    -199.0042210793));
#3111 = CARTESIAN_POINT('',(-5.405515497513,250.41811262667,
    -198.9127534372));
#3112 = CARTESIAN_POINT('',(-5.353340499181,250.44420032098,
    -198.9127534092));
#3113 = CARTESIAN_POINT('',(-5.301165417617,250.47028784864,
    -198.9125832439));
#3114 = CARTESIAN_POINT('',(-5.248990752197,250.4963762084,
    -198.9122429243));
#3115 = CARTESIAN_POINT('',(-5.489641350774,250.58636297561,
    -198.8205200678));
#3116 = CARTESIAN_POINT('',(-5.437466352442,250.61245066992,
    -198.8205200398));
#3117 = CARTESIAN_POINT('',(-5.385291312494,250.6385382809,
    -198.8204349431));
#3118 = CARTESIAN_POINT('',(-5.333116480618,250.66462630793,
    -198.8202647693));
#3119 = CARTESIAN_POINT('',(-5.573767204034,250.75461332455,
    -198.7282866984));
#3120 = CARTESIAN_POINT('',(-5.521592205702,250.78070101885,
    -198.7282866704));
#3121 = CARTESIAN_POINT('',(-5.469417207371,250.80678871316,
    -198.7282866424));
#3122 = CARTESIAN_POINT('',(-5.417242209039,250.83287640747,
    -198.7282866144));
#3123 = ADVANCED_FACE('',(#3124),#3158,.T.);
#3124 = FACE_BOUND('',#3125,.T.);
#3125 = EDGE_LOOP('',(#3126,#3136,#3144,#3152));
#3126 = ORIENTED_EDGE('',*,*,#3127,.T.);
#3127 = EDGE_CURVE('',#3128,#3130,#3132,.T.);
#3128 = VERTEX_POINT('',#3129);
#3129 = CARTESIAN_POINT('',(32.494960141642,313.02426978204,
    -148.8044507901));
#3130 = VERTEX_POINT('',#3131);
#3131 = CARTESIAN_POINT('',(32.921812357232,312.77678420096,
    -148.76511988));
#3132 = LINE('',#3133,#3134);
#3133 = CARTESIAN_POINT('',(32.494960141642,313.02426978204,
    -148.8044507901));
#3134 = VECTOR('',#3135,1.);
#3135 = DIRECTION('',(0.862373732169,-0.499997555175,7.946062474249E-02)
  );
#3136 = ORIENTED_EDGE('',*,*,#3137,.T.);
#3137 = EDGE_CURVE('',#3130,#3138,#3140,.T.);
#3138 = VERTEX_POINT('',#3139);
#3139 = CARTESIAN_POINT('',(8.658770296015,264.25018819988,
    -190.7905788568));
#3140 = LINE('',#3141,#3142);
#3141 = CARTESIAN_POINT('',(33.977241996039,314.88766574503,
    -146.937034396));
#3142 = VECTOR('',#3143,1.);
#3143 = DIRECTION('',(-0.35354951505,-0.707106488953,-0.612375010666));
#3144 = ORIENTED_EDGE('',*,*,#3145,.T.);
#3145 = EDGE_CURVE('',#3138,#3146,#3148,.T.);
#3146 = VERTEX_POINT('',#3147);
#3147 = CARTESIAN_POINT('',(8.231918080425,264.49767378096,
    -190.8299097669));
#3148 = LINE('',#3149,#3150);
#3149 = CARTESIAN_POINT('',(8.658770296015,264.25018819988,
    -190.7905788568));
#3150 = VECTOR('',#3151,1.);
#3151 = DIRECTION('',(-0.862373732169,0.499997555175,-7.946062474249E-02
    ));
#3152 = ORIENTED_EDGE('',*,*,#3153,.T.);
#3153 = EDGE_CURVE('',#3146,#3128,#3154,.T.);
#3154 = LINE('',#3155,#3156);
#3155 = CARTESIAN_POINT('',(33.550389780448,315.13515132611,
    -146.9763653061));
#3156 = VECTOR('',#3157,1.);
#3157 = DIRECTION('',(0.35354951505,0.707106488953,0.612375010666));
#3158 = PLANE('',#3159);
#3159 = AXIS2_PLACEMENT_3D('',#3160,#3161,#3162);
#3160 = CARTESIAN_POINT('',(33.763815888244,315.01140853557,
    -146.9566998511));
#3161 = DIRECTION('',(0.362373131555,0.500002858091,-0.786563955078));
#3162 = DIRECTION('',(-0.908247552974,3.330669073875E-16,-0.418433247384
    ));
#3163 = ADVANCED_FACE('',(#3164),#3182,.T.);
#3164 = FACE_BOUND('',#3165,.T.);
#3165 = EDGE_LOOP('',(#3166,#3167,#3174,#3175));
#3166 = ORIENTED_EDGE('',*,*,#3145,.F.);
#3167 = ORIENTED_EDGE('',*,*,#3168,.T.);
#3168 = EDGE_CURVE('',#3138,#3034,#3169,.T.);
#3169 = B_SPLINE_CURVE_WITH_KNOTS('',3,(#3170,#3171,#3172,#3173),
  .UNSPECIFIED.,.F.,.F.,(4,4),(-1.570802980607,-1.555335564541),
  .PIECEWISE_BEZIER_KNOTS.);
#3170 = CARTESIAN_POINT('',(8.658770296015,264.25018819988,
    -190.7905788568));
#3171 = CARTESIAN_POINT('',(8.617524323016,264.16769538371,
    -190.8620200611));
#3172 = CARTESIAN_POINT('',(8.576278967237,264.08520133019,
    -190.9334601964));
#3173 = CARTESIAN_POINT('',(8.535028059271,264.00270850434,
    -191.0049099485));
#3174 = ORIENTED_EDGE('',*,*,#3031,.F.);
#3175 = ORIENTED_EDGE('',*,*,#3176,.T.);
#3176 = EDGE_CURVE('',#3032,#3146,#3177,.T.);
#3177 = B_SPLINE_CURVE_WITH_KNOTS('',3,(#3178,#3179,#3180,#3181),
  .UNSPECIFIED.,.F.,.F.,(4,4),(1.555335564541,1.570802980607),
  .PIECEWISE_BEZIER_KNOTS.);
#3178 = CARTESIAN_POINT('',(8.107899149427,264.25291202236,
    -191.0409341624));
#3179 = CARTESIAN_POINT('',(8.149781913404,264.33449266644,
    -190.9709139022));
#3180 = CARTESIAN_POINT('',(8.191123233497,264.41608322645,
    -190.9005695861));
#3181 = CARTESIAN_POINT('',(8.231918080425,264.49767378096,
    -190.8299097669));
#3182 = B_SPLINE_SURFACE_WITH_KNOTS('',3,3,(
    (#3183,#3184,#3185,#3186)
    ,(#3187,#3188,#3189,#3190)
    ,(#3191,#3192,#3193,#3194)
    ,(#3195,#3196,#3197,#3198
    )),.UNSPECIFIED.,.F.,.F.,.F.,(4,4),(4,4),(0.,1.),(1.555335564541,
    1.570802980607),.PIECEWISE_BEZIER_KNOTS.);
#3183 = CARTESIAN_POINT('',(8.535028059271,264.00270850434,
    -191.0049099485));
#3184 = CARTESIAN_POINT('',(8.576278967237,264.08520133019,
    -190.9334601964));
#3185 = CARTESIAN_POINT('',(8.617524323016,264.16769538371,
    -190.8620200611));
#3186 = CARTESIAN_POINT('',(8.658770296015,264.25018819988,
    -190.7905788568));
#3187 = CARTESIAN_POINT('',(8.39265175599,264.08610967701,
    -191.0169180198));
#3188 = CARTESIAN_POINT('',(8.434113282626,264.16829844227,
    -190.945944765));
#3189 = CARTESIAN_POINT('',(8.47539062651,264.25049133129,
    -190.8748699028));
#3190 = CARTESIAN_POINT('',(8.516486224152,264.33268339357,
    -190.8036891601));
#3191 = CARTESIAN_POINT('',(8.250275452708,264.16951084969,
    -191.0289260911));
#3192 = CARTESIAN_POINT('',(8.291947598015,264.25139555436,
    -190.9584293336));
#3193 = CARTESIAN_POINT('',(8.333256930003,264.33328727887,
    -190.8877197444));
#3194 = CARTESIAN_POINT('',(8.374202152289,264.41517858726,
    -190.8167994635));
#3195 = CARTESIAN_POINT('',(8.107899149427,264.25291202236,
    -191.0409341624));
#3196 = CARTESIAN_POINT('',(8.149781913404,264.33449266644,
    -190.9709139022));
#3197 = CARTESIAN_POINT('',(8.191123233497,264.41608322645,
    -190.9005695861));
#3198 = CARTESIAN_POINT('',(8.231918080425,264.49767378096,
    -190.8299097669));
#3199 = ADVANCED_FACE('',(#3200),#3238,.T.);
#3200 = FACE_BOUND('',#3201,.T.);
#3201 = EDGE_LOOP('',(#3202,#3212,#3222,#3230));
#3202 = ORIENTED_EDGE('',*,*,#3203,.T.);
#3203 = EDGE_CURVE('',#3204,#3206,#3208,.T.);
#3204 = VERTEX_POINT('',#3205);
#3205 = CARTESIAN_POINT('',(32.711112608675,326.85809749047,
    -132.9552669179));
#3206 = VERTEX_POINT('',#3207);
#3207 = CARTESIAN_POINT('',(32.921751534257,326.73606579581,
    -132.7651669829));
#3208 = LINE('',#3209,#3210);
#3209 = CARTESIAN_POINT('',(32.711112608675,326.85809749047,
    -132.9552669179));
#3210 = VECTOR('',#3211,1.);
#3211 = DIRECTION('',(0.681974146205,-0.395095353554,0.615476177856));
#3212 = ORIENTED_EDGE('',*,*,#3213,.T.);
#3213 = EDGE_CURVE('',#3206,#3214,#3216,.T.);
#3214 = VERTEX_POINT('',#3215);
#3215 = CARTESIAN_POINT('',(33.043895064071,313.0242749821,
    -148.5498349418));
#3216 = B_SPLINE_CURVE_WITH_KNOTS('',3,(#3217,#3218,#3219,#3220,#3221),
  .UNSPECIFIED.,.F.,.F.,(4,1,4),(0.533512846244,1.126242461524,
    1.570789672983),.UNSPECIFIED.);
#3217 = CARTESIAN_POINT('',(32.921751534257,326.73606579581,
    -132.7651669829));
#3218 = CARTESIAN_POINT('',(34.481282535861,325.14984189244,
    -135.4663507014));
#3219 = CARTESIAN_POINT('',(35.795272546,320.92066392296,-141.0441182143
    ));
#3220 = CARTESIAN_POINT('',(34.197439392316,315.39519136876,
    -146.4784609984));
#3221 = CARTESIAN_POINT('',(33.043895064071,313.0242749821,
    -148.5498349418));
#3222 = ORIENTED_EDGE('',*,*,#3223,.T.);
#3223 = EDGE_CURVE('',#3214,#3224,#3226,.T.);
#3224 = VERTEX_POINT('',#3225);
#3225 = CARTESIAN_POINT('',(32.618702378373,313.2717568661,
    -148.5901196983));
#3226 = LINE('',#3227,#3228);
#3227 = CARTESIAN_POINT('',(33.043895064071,313.0242749821,
    -148.5498349418));
#3228 = VECTOR('',#3229,1.);
#3229 = DIRECTION('',(-0.861379611427,0.50136292614,-8.161115922377E-02)
  );
#3230 = ORIENTED_EDGE('',*,*,#3231,.T.);
#3231 = EDGE_CURVE('',#3224,#3204,#3232,.T.);
#3232 = B_SPLINE_CURVE_WITH_KNOTS('',3,(#3233,#3234,#3235,#3236,#3237),
  .UNSPECIFIED.,.F.,.F.,(4,1,4),(-1.570789672983,-1.126242461524,
    -0.533512846244),.UNSPECIFIED.);
#3233 = CARTESIAN_POINT('',(32.618702378373,313.2717568661,
    -148.5901196983));
#3234 = CARTESIAN_POINT('',(33.791182343149,315.61674153152,
    -146.5592940279));
#3235 = CARTESIAN_POINT('',(35.458748692176,321.09114847337,
    -141.2007519665));
#3236 = CARTESIAN_POINT('',(34.23047028632,325.28565019774,
    -135.648188811));
#3237 = CARTESIAN_POINT('',(32.711112608675,326.85809749047,
    -132.9552669179));
#3238 = B_SPLINE_SURFACE_WITH_KNOTS('',3,3,(
    (#3239,#3240,#3241,#3242,#3243)
    ,(#3244,#3245,#3246,#3247,#3248)
    ,(#3249,#3250,#3251,#3252,#3253)
    ,(#3254,#3255,#3256,#3257,#3258
    )),.UNSPECIFIED.,.F.,.F.,.F.,(4,4),(4,1,4),(0.,1.),(-1.570789672983,
    -1.126242461524,-0.533512846244),.UNSPECIFIED.);
#3239 = CARTESIAN_POINT('',(33.043895064071,313.0242749821,
    -148.5498349418));
#3240 = CARTESIAN_POINT('',(34.197439392316,315.39519136876,
    -146.4784609984));
#3241 = CARTESIAN_POINT('',(35.795272546,320.92066392296,-141.0441182143
    ));
#3242 = CARTESIAN_POINT('',(34.481282535861,325.14984189244,
    -135.4663507014));
#3243 = CARTESIAN_POINT('',(32.921751534257,326.73606579581,
    -132.7651669829));
#3244 = CARTESIAN_POINT('',(32.902164168839,313.10676894343,
    -148.563263194));
#3245 = CARTESIAN_POINT('',(34.062020375927,315.46904142302,
    -146.5054053415));
#3246 = CARTESIAN_POINT('',(35.683097928058,320.97749210643,
    -141.096329465));
#3247 = CARTESIAN_POINT('',(34.397678452681,325.19511132754,
    -135.5269634046));
#3248 = CARTESIAN_POINT('',(32.851538559063,326.77674302737,
    -132.8285336279));
#3249 = CARTESIAN_POINT('',(32.760433273606,313.18926290477,
    -148.5766914462));
#3250 = CARTESIAN_POINT('',(33.926601359538,315.54289147727,
    -146.5323496847));
#3251 = CARTESIAN_POINT('',(35.570923310117,321.0343202899,
    -141.1485407158));
#3252 = CARTESIAN_POINT('',(34.3140743695,325.24038076264,
    -135.5875761078));
#3253 = CARTESIAN_POINT('',(32.781325583869,326.81742025892,
    -132.8919002729));
#3254 = CARTESIAN_POINT('',(32.618702378373,313.2717568661,
    -148.5901196983));
#3255 = CARTESIAN_POINT('',(33.791182343149,315.61674153152,
    -146.5592940279));
#3256 = CARTESIAN_POINT('',(35.458748692176,321.09114847337,
    -141.2007519665));
#3257 = CARTESIAN_POINT('',(34.23047028632,325.28565019774,
    -135.648188811));
#3258 = CARTESIAN_POINT('',(32.711112608675,326.85809749047,
    -132.9552669179));
#3259 = ADVANCED_FACE('',(#3260),#3278,.T.);
#3260 = FACE_BOUND('',#3261,.T.);
#3261 = EDGE_LOOP('',(#3262,#3263,#3270,#3271));
#3262 = ORIENTED_EDGE('',*,*,#3223,.F.);
#3263 = ORIENTED_EDGE('',*,*,#3264,.T.);
#3264 = EDGE_CURVE('',#3214,#3130,#3265,.T.);
#3265 = B_SPLINE_CURVE_WITH_KNOTS('',3,(#3266,#3267,#3268,#3269),
  .UNSPECIFIED.,.F.,.F.,(4,4),(0.263523880649,0.298523854192),
  .PIECEWISE_BEZIER_KNOTS.);
#3266 = CARTESIAN_POINT('',(33.043895064071,313.0242749821,
    -148.5498349418));
#3267 = CARTESIAN_POINT('',(33.003755255357,312.9417743552,
    -148.6219124093));
#3268 = CARTESIAN_POINT('',(32.963059769476,312.85927989565,
    -148.6936761827));
#3269 = CARTESIAN_POINT('',(32.921812357232,312.77678420096,
    -148.76511988));
#3270 = ORIENTED_EDGE('',*,*,#3127,.F.);
#3271 = ORIENTED_EDGE('',*,*,#3272,.T.);
#3272 = EDGE_CURVE('',#3128,#3224,#3273,.T.);
#3273 = B_SPLINE_CURVE_WITH_KNOTS('',3,(#3274,#3275,#3276,#3277),
  .UNSPECIFIED.,.F.,.F.,(4,4),(-0.298523854192,-0.263523880649),
  .PIECEWISE_BEZIER_KNOTS.);
#3274 = CARTESIAN_POINT('',(32.494960141642,313.02426978204,
    -148.8044507901));
#3275 = CARTESIAN_POINT('',(32.536207553886,313.10676547673,
    -148.7330070928));
#3276 = CARTESIAN_POINT('',(32.577454966129,313.18926117141,
    -148.6615633956));
#3277 = CARTESIAN_POINT('',(32.618702378373,313.2717568661,
    -148.5901196983));
#3278 = B_SPLINE_SURFACE_WITH_KNOTS('',3,3,(
    (#3279,#3280,#3281,#3282)
    ,(#3283,#3284,#3285,#3286)
    ,(#3287,#3288,#3289,#3290)
    ,(#3291,#3292,#3293,#3294
    )),.UNSPECIFIED.,.F.,.F.,.F.,(4,4),(4,4),(0.,1.),(-0.298523854192,
    -0.263523880649),.PIECEWISE_BEZIER_KNOTS.);
#3279 = CARTESIAN_POINT('',(32.921812357232,312.77678420096,
    -148.76511988));
#3280 = CARTESIAN_POINT('',(32.963059769476,312.85927989565,
    -148.6936761827));
#3281 = CARTESIAN_POINT('',(33.003755255357,312.9417743552,
    -148.6219124093));
#3282 = CARTESIAN_POINT('',(33.043895064071,313.0242749821,
    -148.5498349418));
#3283 = CARTESIAN_POINT('',(32.779528285369,312.85927939465,
    -148.7782301833));
#3284 = CARTESIAN_POINT('',(32.820775697612,312.94177508934,
    -148.7067864861));
#3285 = CARTESIAN_POINT('',(32.861655158947,313.0242699606,
    -148.6351294047));
#3286 = CARTESIAN_POINT('',(32.902164168839,313.10676894343,
    -148.563263194));
#3287 = CARTESIAN_POINT('',(32.637244213505,312.94177458835,
    -148.7913404867));
#3288 = CARTESIAN_POINT('',(32.678491625749,313.02427028303,
    -148.7198967895));
#3289 = CARTESIAN_POINT('',(32.719555062538,313.10676556601,
    -148.6483464002));
#3290 = CARTESIAN_POINT('',(32.760433273606,313.18926290477,
    -148.5766914462));
#3291 = CARTESIAN_POINT('',(32.494960141642,313.02426978204,
    -148.8044507901));
#3292 = CARTESIAN_POINT('',(32.536207553886,313.10676547673,
    -148.7330070928));
#3293 = CARTESIAN_POINT('',(32.577454966129,313.18926117141,
    -148.6615633956));
#3294 = CARTESIAN_POINT('',(32.618702378373,313.2717568661,
    -148.5901196983));
#3295 = ADVANCED_FACE('',(#3296),#3338,.T.);
#3296 = FACE_BOUND('',#3297,.T.);
#3297 = EDGE_LOOP('',(#3298,#3308,#3316,#3324,#3332));
#3298 = ORIENTED_EDGE('',*,*,#3299,.T.);
#3299 = EDGE_CURVE('',#3300,#3302,#3304,.T.);
#3300 = VERTEX_POINT('',#3301);
#3301 = CARTESIAN_POINT('',(25.134163890028,334.52424704755,
    -119.2766852866));
#3302 = VERTEX_POINT('',#3303);
#3303 = CARTESIAN_POINT('',(32.843489296773,326.81499840365,
    -132.6296129711));
#3304 = LINE('',#3305,#3306);
#3305 = CARTESIAN_POINT('',(39.028627307281,320.62992197943,
    -143.3425737317));
#3306 = VECTOR('',#3307,1.);
#3307 = DIRECTION('',(0.447214799819,-0.447210346838,-0.774597849535));
#3308 = ORIENTED_EDGE('',*,*,#3309,.T.);
#3309 = EDGE_CURVE('',#3302,#3310,#3312,.T.);
#3310 = VERTEX_POINT('',#3311);
#3311 = CARTESIAN_POINT('',(32.634197090529,326.93634479754,
    -132.8205067815));
#3312 = LINE('',#3313,#3314);
#3313 = CARTESIAN_POINT('',(32.843489296773,326.81499840365,
    -132.6296129711));
#3314 = VECTOR('',#3315,1.);
#3315 = DIRECTION('',(-0.679145751852,0.393764724425,-0.619443612881));
#3316 = ORIENTED_EDGE('',*,*,#3317,.T.);
#3317 = EDGE_CURVE('',#3310,#3318,#3320,.T.);
#3318 = VERTEX_POINT('',#3319);
#3319 = CARTESIAN_POINT('',(24.936952163706,334.63351308181,
    -119.4885030776));
#3320 = LINE('',#3321,#3322);
#3321 = CARTESIAN_POINT('',(38.819335101037,320.75126837333,
    -143.5334675421));
#3322 = VECTOR('',#3323,1.);
#3323 = DIRECTION('',(-0.447214799819,0.447210346838,0.774597849535));
#3324 = ORIENTED_EDGE('',*,*,#3325,.T.);
#3325 = EDGE_CURVE('',#3318,#3326,#3328,.T.);
#3326 = VERTEX_POINT('',#3327);
#3327 = CARTESIAN_POINT('',(25.105399915875,334.54631826323,
    -119.2689779899));
#3328 = LINE('',#3329,#3330);
#3329 = CARTESIAN_POINT('',(24.936952163706,334.63351308181,
    -119.4885030776));
#3330 = VECTOR('',#3331,1.);
#3331 = DIRECTION('',(0.580616714961,-0.30054879611,0.756673411363));
#3332 = ORIENTED_EDGE('',*,*,#3333,.T.);
#3333 = EDGE_CURVE('',#3326,#3300,#3334,.T.);
#3334 = LINE('',#3335,#3336);
#3335 = CARTESIAN_POINT('',(69.151548782519,300.74876140967,
    -131.0711280954));
#3336 = VECTOR('',#3337,1.);
#3337 = DIRECTION('',(0.776015133917,-0.59545309369,-0.207932982346));
#3338 = PLANE('',#3339);
#3339 = AXIS2_PLACEMENT_3D('',#3340,#3341,#3342);
#3340 = CARTESIAN_POINT('',(38.923981204159,320.69059517638,
    -143.4380206369));
#3341 = DIRECTION('',(0.582030901726,0.803089190239,-0.12762359483));
#3342 = DIRECTION('',(-0.214184278397,4.163336342344E-17,-0.976793271316
    ));
#3343 = ADVANCED_FACE('',(#3344),#3369,.T.);
#3344 = FACE_BOUND('',#3345,.T.);
#3345 = EDGE_LOOP('',(#3346,#3354,#3355,#3363));
#3346 = ORIENTED_EDGE('',*,*,#3347,.T.);
#3347 = EDGE_CURVE('',#3348,#3326,#3350,.T.);
#3348 = VERTEX_POINT('',#3349);
#3349 = CARTESIAN_POINT('',(24.54906197947,334.39724563947,
    -119.1199077777));
#3350 = LINE('',#3351,#3352);
#3351 = CARTESIAN_POINT('',(10.174199129857,330.54545272557,
    -115.2681771751));
#3352 = VECTOR('',#3353,1.);
#3353 = DIRECTION('',(0.935112246563,0.250566475847,-0.25056242238));
#3354 = ORIENTED_EDGE('',*,*,#3325,.F.);
#3355 = ORIENTED_EDGE('',*,*,#3356,.T.);
#3356 = EDGE_CURVE('',#3318,#3357,#3359,.T.);
#3357 = VERTEX_POINT('',#3358);
#3358 = CARTESIAN_POINT('',(24.585179032229,334.53925428648,
    -119.3942458071));
#3359 = LINE('',#3360,#3361);
#3360 = CARTESIAN_POINT('',(10.081181945049,330.65285941871,
    -115.5079138103));
#3361 = VECTOR('',#3362,1.);
#3362 = DIRECTION('',(-0.935112246563,-0.250566475847,0.25056242238));
#3363 = ORIENTED_EDGE('',*,*,#3364,.T.);
#3364 = EDGE_CURVE('',#3357,#3348,#3365,.T.);
#3365 = LINE('',#3366,#3367);
#3366 = CARTESIAN_POINT('',(24.585179032229,334.53925428648,
    -119.3942458071));
#3367 = VECTOR('',#3368,1.);
#3368 = DIRECTION('',(-0.116125248124,-0.456592886467,0.882064545697));
#3369 = PLANE('',#3370);
#3370 = AXIS2_PLACEMENT_3D('',#3371,#3372,#3373);
#3371 = CARTESIAN_POINT('',(10.127690537453,330.59915607214,
    -115.3880454927));
#3372 = DIRECTION('',(-0.118982302338,0.88807256135,0.444038666681));
#3373 = DIRECTION('',(-6.938893903907E-18,-0.44721551796,0.894426229767)
  );
#3374 = ADVANCED_FACE('',(#3375),#3408,.T.);
#3375 = FACE_BOUND('',#3376,.T.);
#3376 = EDGE_LOOP('',(#3377,#3387,#3393,#3394,#3402));
#3377 = ORIENTED_EDGE('',*,*,#3378,.T.);
#3378 = EDGE_CURVE('',#3379,#3381,#3383,.T.);
#3379 = VERTEX_POINT('',#3380);
#3380 = CARTESIAN_POINT('',(22.782927278692,332.60138363276,
    -120.0567369935));
#3381 = VERTEX_POINT('',#3382);
#3382 = CARTESIAN_POINT('',(24.451046160291,334.26950828082,
    -119.093644594));
#3383 = LINE('',#3384,#3385);
#3384 = CARTESIAN_POINT('',(-4.300666975701,305.51769575394,
    -135.6935144832));
#3385 = VECTOR('',#3386,1.);
#3386 = DIRECTION('',(0.654652359581,0.654654622629,0.377965095168));
#3387 = ORIENTED_EDGE('',*,*,#3388,.T.);
#3388 = EDGE_CURVE('',#3381,#3348,#3389,.T.);
#3389 = LINE('',#3390,#3391);
#3390 = CARTESIAN_POINT('',(-22.17939311249,273.49922451127,
    -106.599092166));
#3391 = VECTOR('',#3392,1.);
#3392 = DIRECTION('',(0.600818974776,0.783006554531,-0.160988493722));
#3393 = ORIENTED_EDGE('',*,*,#3364,.F.);
#3394 = ORIENTED_EDGE('',*,*,#3395,.T.);
#3395 = EDGE_CURVE('',#3357,#3396,#3398,.T.);
#3396 = VERTEX_POINT('',#3397);
#3397 = CARTESIAN_POINT('',(23.064067177825,333.0181371738,
    -120.2724633502));
#3398 = LINE('',#3399,#3400);
#3399 = CARTESIAN_POINT('',(-4.265245273591,305.68873024854,
    -136.0511068247));
#3400 = VECTOR('',#3401,1.);
#3401 = DIRECTION('',(-0.654652359581,-0.654654622629,-0.377965095168));
#3402 = ORIENTED_EDGE('',*,*,#3403,.T.);
#3403 = EDGE_CURVE('',#3396,#3379,#3404,.T.);
#3404 = LINE('',#3405,#3406);
#3405 = CARTESIAN_POINT('',(23.064067177825,333.0181371738,
    -120.2724633502));
#3406 = VECTOR('',#3407,1.);
#3407 = DIRECTION('',(-0.513922237806,-0.761823252715,0.394346630658));
#3408 = PLANE('',#3409);
#3409 = AXIS2_PLACEMENT_3D('',#3410,#3411,#3412);
#3410 = CARTESIAN_POINT('',(-4.282956124646,305.60321300124,
    -135.8723106539));
#3411 = DIRECTION('',(-0.750671839045,0.621873771973,0.223080258644));
#3412 = DIRECTION('',(0.284861799066,-1.387778780781E-16,0.958568597145)
  );
#3413 = ADVANCED_FACE('',(#3414),#3455,.T.);
#3414 = FACE_BOUND('',#3415,.T.);
#3415 = EDGE_LOOP('',(#3416,#3426,#3432,#3433,#3441,#3449));
#3416 = ORIENTED_EDGE('',*,*,#3417,.T.);
#3417 = EDGE_CURVE('',#3418,#3420,#3422,.T.);
#3418 = VERTEX_POINT('',#3419);
#3419 = CARTESIAN_POINT('',(22.579393525714,331.87403090732,
    -120.7518426521));
#3420 = VERTEX_POINT('',#3421);
#3421 = CARTESIAN_POINT('',(22.762482220059,332.55733045891,
    -120.0685410464));
#3422 = LINE('',#3423,#3424);
#3423 = CARTESIAN_POINT('',(14.320167016235,301.05003169404,
    -151.5759345264));
#3424 = VECTOR('',#3425,1.);
#3425 = DIRECTION('',(0.186155665151,0.694745696776,0.694747785274));
#3426 = ORIENTED_EDGE('',*,*,#3427,.T.);
#3427 = EDGE_CURVE('',#3420,#3379,#3428,.T.);
#3428 = LINE('',#3429,#3430);
#3429 = CARTESIAN_POINT('',(-12.02571886233,257.59884305668,
    -140.1536762184));
#3430 = VECTOR('',#3431,1.);
#3431 = DIRECTION('',(0.409063340062,0.881412900602,0.236174686343));
#3432 = ORIENTED_EDGE('',*,*,#3403,.F.);
#3433 = ORIENTED_EDGE('',*,*,#3434,.T.);
#3434 = EDGE_CURVE('',#3396,#3435,#3437,.T.);
#3435 = VERTEX_POINT('',#3436);
#3436 = CARTESIAN_POINT('',(22.923978714466,332.4953174304,
    -120.7952846652));
#3437 = LINE('',#3438,#3439);
#3438 = CARTESIAN_POINT('',(14.578077870216,301.34784366128,
    -151.9428520678));
#3439 = VECTOR('',#3440,1.);
#3440 = DIRECTION('',(-0.186155665151,-0.694745696776,-0.694747785274));
#3441 = ORIENTED_EDGE('',*,*,#3442,.T.);
#3442 = EDGE_CURVE('',#3435,#3443,#3445,.T.);
#3443 = VERTEX_POINT('',#3444);
#3444 = CARTESIAN_POINT('',(22.627044977612,331.92168279767,
    -120.8343774843));
#3445 = LINE('',#3446,#3447);
#3446 = CARTESIAN_POINT('',(22.923978714466,332.4953174304,
    -120.7952846652));
#3447 = VECTOR('',#3448,1.);
#3448 = DIRECTION('',(-0.458859530593,-0.886452718687,
    -6.041116384516E-02));
#3449 = ORIENTED_EDGE('',*,*,#3450,.T.);
#3450 = EDGE_CURVE('',#3443,#3418,#3451,.T.);
#3451 = LINE('',#3452,#3453);
#3452 = CARTESIAN_POINT('',(10.713181393764,320.00770959062,
    -100.1989363157));
#3453 = VECTOR('',#3454,1.);
#3454 = DIRECTION('',(-0.44721245878,-0.447216573722,0.774595606042));
#3455 = PLANE('',#3456);
#3456 = AXIS2_PLACEMENT_3D('',#3457,#3458,#3459);
#3457 = CARTESIAN_POINT('',(14.449122443225,301.19893767766,
    -151.7593932971));
#3458 = DIRECTION('',(-0.857814539514,0.459699454297,-0.22984914078));
#3459 = DIRECTION('',(-0.2588173932,1.52655665886E-16,0.965926268913));
#3460 = ADVANCED_FACE('',(#3461),#3486,.T.);
#3461 = FACE_BOUND('',#3462,.T.);
#3462 = EDGE_LOOP('',(#3463,#3471,#3479,#3485));
#3463 = ORIENTED_EDGE('',*,*,#3464,.T.);
#3464 = EDGE_CURVE('',#3435,#3465,#3467,.T.);
#3465 = VERTEX_POINT('',#3466);
#3466 = CARTESIAN_POINT('',(26.621097642206,328.79823531539,
    -127.1988750027));
#3467 = LINE('',#3468,#3469);
#3468 = CARTESIAN_POINT('',(37.830327089515,317.58911747997,
    -146.6138072195));
#3469 = VECTOR('',#3470,1.);
#3470 = DIRECTION('',(0.447214799819,-0.447210346838,-0.774597849535));
#3471 = ORIENTED_EDGE('',*,*,#3472,.T.);
#3472 = EDGE_CURVE('',#3465,#3473,#3475,.T.);
#3473 = VERTEX_POINT('',#3474);
#3474 = CARTESIAN_POINT('',(26.255282363592,328.29348153856,
    -127.1186616313));
#3475 = LINE('',#3476,#3477);
#3476 = CARTESIAN_POINT('',(26.621097642206,328.79823531539,
    -127.1988750027));
#3477 = VECTOR('',#3478,1.);
#3478 = DIRECTION('',(-0.582030901726,-0.803089190239,0.12762359483));
#3479 = ORIENTED_EDGE('',*,*,#3480,.T.);
#3480 = EDGE_CURVE('',#3473,#3443,#3481,.T.);
#3481 = LINE('',#3482,#3483);
#3482 = CARTESIAN_POINT('',(37.464511810902,317.08436370314,
    -146.5335938481));
#3483 = VECTOR('',#3484,1.);
#3484 = DIRECTION('',(-0.447214799819,0.447210346838,0.774597849535));
#3485 = ORIENTED_EDGE('',*,*,#3442,.F.);
#3486 = PLANE('',#3487);
#3487 = AXIS2_PLACEMENT_3D('',#3488,#3489,#3490);
#3488 = CARTESIAN_POINT('',(37.647419450208,317.33674059155,
    -146.5737005338));
#3489 = DIRECTION('',(-0.679145751852,0.393764724425,-0.619443612881));
#3490 = DIRECTION('',(-0.673886014417,0.,0.738835326424));
#3491 = ADVANCED_FACE('',(#3492),#3510,.T.);
#3492 = FACE_BOUND('',#3493,.T.);
#3493 = EDGE_LOOP('',(#3494,#3495,#3502,#3503));
#3494 = ORIENTED_EDGE('',*,*,#3309,.F.);
#3495 = ORIENTED_EDGE('',*,*,#3496,.T.);
#3496 = EDGE_CURVE('',#3302,#3206,#3497,.T.);
#3497 = B_SPLINE_CURVE_WITH_KNOTS('',3,(#3498,#3499,#3500,#3501),
  .UNSPECIFIED.,.F.,.F.,(4,4),(0.52359660284,0.533512846244),
  .PIECEWISE_BEZIER_KNOTS.);
#3498 = CARTESIAN_POINT('',(32.843489296773,326.81499840365,
    -132.6296129711));
#3499 = CARTESIAN_POINT('',(32.86957420721,326.78891375294,
    -132.6747933085));
#3500 = CARTESIAN_POINT('',(32.895660904382,326.76260299239,
    -132.7199767401));
#3501 = CARTESIAN_POINT('',(32.921751534257,326.73606579581,
    -132.7651669829));
#3502 = ORIENTED_EDGE('',*,*,#3203,.F.);
#3503 = ORIENTED_EDGE('',*,*,#3504,.T.);
#3504 = EDGE_CURVE('',#3204,#3310,#3505,.T.);
#3505 = B_SPLINE_CURVE_WITH_KNOTS('',3,(#3506,#3507,#3508,#3509),
  .UNSPECIFIED.,.F.,.F.,(4,4),(-0.533512846244,-0.52359660284),
  .PIECEWISE_BEZIER_KNOTS.);
#3506 = CARTESIAN_POINT('',(32.711112608675,326.85809749047,
    -132.9552669179));
#3507 = CARTESIAN_POINT('',(32.68569407017,326.88440420722,
    -132.9102148937));
#3508 = CARTESIAN_POINT('',(32.660055103423,326.91048704212,
    -132.8652941213));
#3509 = CARTESIAN_POINT('',(32.634197090529,326.93634479754,
    -132.8205067815));
#3510 = B_SPLINE_SURFACE_WITH_KNOTS('',3,3,(
    (#3511,#3512,#3513,#3514)
    ,(#3515,#3516,#3517,#3518)
    ,(#3519,#3520,#3521,#3522)
    ,(#3523,#3524,#3525,#3526
    )),.UNSPECIFIED.,.F.,.F.,.F.,(4,4),(4,4),(0.,1.),(-0.533512846244,
    -0.52359660284),.PIECEWISE_BEZIER_KNOTS.);
#3511 = CARTESIAN_POINT('',(32.921751534257,326.73606579581,
    -132.7651669829));
#3512 = CARTESIAN_POINT('',(32.895660904382,326.76260299239,
    -132.7199767401));
#3513 = CARTESIAN_POINT('',(32.86957420721,326.78891375294,
    -132.6747933085));
#3514 = CARTESIAN_POINT('',(32.843489296773,326.81499840365,
    -132.6296129711));
#3515 = CARTESIAN_POINT('',(32.851538559063,326.77674302737,
    -132.8285336279));
#3516 = CARTESIAN_POINT('',(32.825671959645,326.80320339733,
    -132.783389458));
#3517 = CARTESIAN_POINT('',(32.799734505947,326.82943818267,
    -132.7382935794));
#3518 = CARTESIAN_POINT('',(32.773725228025,326.85544720161,
    -132.6932442413));
#3519 = CARTESIAN_POINT('',(32.781325583869,326.81742025892,
    -132.8919002729));
#3520 = CARTESIAN_POINT('',(32.755683014907,326.84380380228,
    -132.8468021758));
#3521 = CARTESIAN_POINT('',(32.729894804685,326.86996261239,
    -132.8017938503));
#3522 = CARTESIAN_POINT('',(32.703961159277,326.89589599958,
    -132.7568755114));
#3523 = CARTESIAN_POINT('',(32.711112608675,326.85809749047,
    -132.9552669179));
#3524 = CARTESIAN_POINT('',(32.68569407017,326.88440420722,
    -132.9102148937));
#3525 = CARTESIAN_POINT('',(32.660055103423,326.91048704212,
    -132.8652941213));
#3526 = CARTESIAN_POINT('',(32.634197090529,326.93634479754,
    -132.8205067815));
#3527 = ADVANCED_FACE('',(#3528),#3546,.T.);
#3528 = FACE_BOUND('',#3529,.T.);
#3529 = EDGE_LOOP('',(#3530,#3531,#3538,#3539));
#3530 = ORIENTED_EDGE('',*,*,#833,.F.);
#3531 = ORIENTED_EDGE('',*,*,#3532,.T.);
#3532 = EDGE_CURVE('',#834,#776,#3533,.T.);
#3533 = B_SPLINE_CURVE_WITH_KNOTS('',3,(#3534,#3535,#3536,#3537),
  .UNSPECIFIED.,.F.,.F.,(4,4),(1.093936477095,1.570785191944),
  .PIECEWISE_BEZIER_KNOTS.);
#3534 = CARTESIAN_POINT('',(0.367742673207,298.91472045638,
    -145.9847062802));
#3535 = CARTESIAN_POINT('',(0.413095363486,298.99530824242,
    -145.9061511543));
#3536 = CARTESIAN_POINT('',(0.451747218969,299.07555577985,
    -145.8392024563));
#3537 = CARTESIAN_POINT('',(0.491483962351,299.15503072179,
    -145.7703746417));
#3538 = ORIENTED_EDGE('',*,*,#775,.F.);
#3539 = ORIENTED_EDGE('',*,*,#3540,.T.);
#3540 = EDGE_CURVE('',#768,#836,#3541,.T.);
#3541 = B_SPLINE_CURVE_WITH_KNOTS('',3,(#3542,#3543,#3544,#3545),
  .UNSPECIFIED.,.F.,.F.,(4,4),(-1.570785191944,-1.093936477095),
  .PIECEWISE_BEZIER_KNOTS.);
#3542 = CARTESIAN_POINT('',(0.670851285867,299.40252087628,
    -146.1597047275));
#3543 = CARTESIAN_POINT('',(0.64502248436,299.35086232741,
    -146.2044426655));
#3544 = CARTESIAN_POINT('',(0.63064707148,299.29935445686,
    -146.2556192966));
#3545 = CARTESIAN_POINT('',(0.628469609843,299.25794952209,
    -146.3021725838));
#3546 = B_SPLINE_SURFACE_WITH_KNOTS('',3,3,(
    (#3547,#3548,#3549,#3550)
    ,(#3551,#3552,#3553,#3554)
    ,(#3555,#3556,#3557,#3558)
    ,(#3559,#3560,#3561,#3562
    )),.UNSPECIFIED.,.F.,.F.,.F.,(4,4),(4,4),(0.,1.),(-1.570785191944,
    -1.093936477095),.PIECEWISE_BEZIER_KNOTS.);
#3547 = CARTESIAN_POINT('',(0.491483962351,299.15503072179,
    -145.7703746417));
#3548 = CARTESIAN_POINT('',(0.451747218969,299.07555577985,
    -145.8392024563));
#3549 = CARTESIAN_POINT('',(0.413095363486,298.99530824242,
    -145.9061511543));
#3550 = CARTESIAN_POINT('',(0.367742673207,298.91472045638,
    -145.9847062802));
#3551 = CARTESIAN_POINT('',(0.551273070189,299.23752743995,
    -145.900151337));
#3552 = CARTESIAN_POINT('',(0.516172307433,299.16732462904,
    -145.9609491927));
#3553 = CARTESIAN_POINT('',(0.485612599484,299.09665698057,
    -146.0226405351));
#3554 = CARTESIAN_POINT('',(0.454651652086,299.02913014495,
    -146.0905283814));
#3555 = CARTESIAN_POINT('',(0.611062178028,299.32002415812,
    -146.0299280323));
#3556 = CARTESIAN_POINT('',(0.580597395896,299.25909347823,
    -146.0826959291));
#3557 = CARTESIAN_POINT('',(0.558129835482,299.19800571871,
    -146.1391299159));
#3558 = CARTESIAN_POINT('',(0.541560630964,299.14353983352,
    -146.1963504826));
#3559 = CARTESIAN_POINT('',(0.670851285867,299.40252087628,
    -146.1597047275));
#3560 = CARTESIAN_POINT('',(0.64502248436,299.35086232741,
    -146.2044426655));
#3561 = CARTESIAN_POINT('',(0.63064707148,299.29935445686,
    -146.2556192966));
#3562 = CARTESIAN_POINT('',(0.628469609843,299.25794952209,
    -146.3021725838));
#3563 = ADVANCED_FACE('',(#3564),#3602,.T.);
#3564 = FACE_BOUND('',#3565,.T.);
#3565 = EDGE_LOOP('',(#3566,#3576,#3586,#3594));
#3566 = ORIENTED_EDGE('',*,*,#3567,.T.);
#3567 = EDGE_CURVE('',#3568,#3570,#3572,.T.);
#3568 = VERTEX_POINT('',#3569);
#3569 = CARTESIAN_POINT('',(26.33354462291,328.20237529395,
    -127.2542156562));
#3570 = VERTEX_POINT('',#3571);
#3571 = CARTESIAN_POINT('',(26.726723266276,328.65045799351,
    -127.4304976988));
#3572 = LINE('',#3573,#3574);
#3573 = CARTESIAN_POINT('',(26.33354462291,328.20237529395,
    -127.2542156562));
#3574 = VECTOR('',#3575,1.);
#3575 = DIRECTION('',(0.632480656929,0.720801205652,-0.283573342438));
#3576 = ORIENTED_EDGE('',*,*,#3577,.T.);
#3577 = EDGE_CURVE('',#3570,#3578,#3580,.T.);
#3578 = VERTEX_POINT('',#3579);
#3579 = CARTESIAN_POINT('',(26.20137452028,327.14696851189,
    -128.8632702933));
#3580 = B_SPLINE_CURVE_WITH_KNOTS('',3,(#3581,#3582,#3583,#3584,#3585),
  .UNSPECIFIED.,.F.,.F.,(4,1,4),(0.716683059909,1.307130146935,
    2.094392929635),.UNSPECIFIED.);
#3581 = CARTESIAN_POINT('',(26.726723266276,328.65045799351,
    -127.4304976988));
#3582 = CARTESIAN_POINT('',(26.809054658079,328.48380938836,
    -127.6704620839));
#3583 = CARTESIAN_POINT('',(26.82293975319,327.99100455716,
    -128.2475225996));
#3584 = CARTESIAN_POINT('',(26.477228080861,327.42282302606,
    -128.7040055847));
#3585 = CARTESIAN_POINT('',(26.20137452028,327.14696851189,
    -128.8632702933));
#3586 = ORIENTED_EDGE('',*,*,#3587,.T.);
#3587 = EDGE_CURVE('',#3578,#3588,#3590,.T.);
#3588 = VERTEX_POINT('',#3589);
#3589 = CARTESIAN_POINT('',(26.152160434981,326.97669054391,
    -128.4830992728));
#3590 = LINE('',#3591,#3592);
#3591 = CARTESIAN_POINT('',(26.20137452028,327.14696851189,
    -128.8632702933));
#3592 = VECTOR('',#3593,1.);
#3593 = DIRECTION('',(-0.117327267629,-0.405945749038,0.906334574596));
#3594 = ORIENTED_EDGE('',*,*,#3595,.T.);
#3595 = EDGE_CURVE('',#3588,#3568,#3596,.T.);
#3596 = B_SPLINE_CURVE_WITH_KNOTS('',3,(#3597,#3598,#3599,#3600,#3601),
  .UNSPECIFIED.,.F.,.F.,(4,1,4),(-2.094392929635,-1.307130146935,
    -0.716683059909),.UNSPECIFIED.);
#3597 = CARTESIAN_POINT('',(26.152160434981,326.97669054391,
    -128.4830992728));
#3598 = CARTESIAN_POINT('',(26.35807275251,327.22134716805,
    -128.2896851936));
#3599 = CARTESIAN_POINT('',(26.542009792027,327.71937432437,
    -127.8224648464));
#3600 = CARTESIAN_POINT('',(26.416612258383,328.09324377745,
    -127.3980928004));
#3601 = CARTESIAN_POINT('',(26.333544622926,328.202375294,
    -127.2542156563));
#3602 = B_SPLINE_SURFACE_WITH_KNOTS('',3,3,(
    (#3603,#3604,#3605,#3606,#3607)
    ,(#3608,#3609,#3610,#3611,#3612)
    ,(#3613,#3614,#3615,#3616,#3617)
    ,(#3618,#3619,#3620,#3621,#3622
    )),.UNSPECIFIED.,.F.,.F.,.F.,(4,4),(4,1,4),(0.,1.),(0.716683059909,
    1.307130146935,2.094392929635),.UNSPECIFIED.);
#3603 = CARTESIAN_POINT('',(26.333544622926,328.202375294,
    -127.2542156563));
#3604 = CARTESIAN_POINT('',(26.416612258383,328.09324377745,
    -127.3980928004));
#3605 = CARTESIAN_POINT('',(26.542009792027,327.71937432437,
    -127.8224648464));
#3606 = CARTESIAN_POINT('',(26.35807275251,327.22134716805,
    -128.2896851936));
#3607 = CARTESIAN_POINT('',(26.152160434981,326.97669054391,
    -128.4830992728));
#3608 = CARTESIAN_POINT('',(26.464604170709,328.35173619384,
    -127.3129763371));
#3609 = CARTESIAN_POINT('',(26.547426391615,328.22343231442,
    -127.4888825615));
#3610 = CARTESIAN_POINT('',(26.635653112414,327.8099177353,
    -127.9641507641));
#3611 = CARTESIAN_POINT('',(26.397791195294,327.28850578739,
    -128.4277919906));
#3612 = CARTESIAN_POINT('',(26.168565130081,327.03344986657,
    -128.6098229463));
#3613 = CARTESIAN_POINT('',(26.595663718493,328.50109709368,
    -127.371737018));
#3614 = CARTESIAN_POINT('',(26.678240524847,328.35362085139,
    -127.5796723227));
#3615 = CARTESIAN_POINT('',(26.729296432802,327.90046114623,
    -128.1058366819));
#3616 = CARTESIAN_POINT('',(26.437509638078,327.35566440672,
    -128.5658987877));
#3617 = CARTESIAN_POINT('',(26.18496982518,327.09020918923,
    -128.7365466198));
#3618 = CARTESIAN_POINT('',(26.726723266276,328.65045799351,
    -127.4304976988));
#3619 = CARTESIAN_POINT('',(26.809054658079,328.48380938836,
    -127.6704620839));
#3620 = CARTESIAN_POINT('',(26.82293975319,327.99100455716,
    -128.2475225996));
#3621 = CARTESIAN_POINT('',(26.477228080861,327.42282302606,
    -128.7040055847));
#3622 = CARTESIAN_POINT('',(26.20137452028,327.14696851189,
    -128.8632702933));
#3623 = ADVANCED_FACE('',(#3624),#3642,.T.);
#3624 = FACE_BOUND('',#3625,.T.);
#3625 = EDGE_LOOP('',(#3626,#3627,#3634,#3635));
#3626 = ORIENTED_EDGE('',*,*,#3567,.F.);
#3627 = ORIENTED_EDGE('',*,*,#3628,.T.);
#3628 = EDGE_CURVE('',#3568,#3473,#3629,.T.);
#3629 = B_SPLINE_CURVE_WITH_KNOTS('',3,(#3630,#3631,#3632,#3633),
  .UNSPECIFIED.,.F.,.F.,(4,4),(-0.716683059909,-0.52359660284),
  .PIECEWISE_BEZIER_KNOTS.);
#3630 = CARTESIAN_POINT('',(26.333544622926,328.202375294,
    -127.2542156563));
#3631 = CARTESIAN_POINT('',(26.30638006274,328.23806319618,
    -127.2071653301));
#3632 = CARTESIAN_POINT('',(26.280483803215,328.26828034987,
    -127.1623117541));
#3633 = CARTESIAN_POINT('',(26.255282363592,328.29348153856,
    -127.1186616313));
#3634 = ORIENTED_EDGE('',*,*,#3472,.F.);
#3635 = ORIENTED_EDGE('',*,*,#3636,.T.);
#3636 = EDGE_CURVE('',#3465,#3570,#3637,.T.);
#3637 = B_SPLINE_CURVE_WITH_KNOTS('',3,(#3638,#3639,#3640,#3641),
  .UNSPECIFIED.,.F.,.F.,(4,4),(0.52359660284,0.716683059909),
  .PIECEWISE_BEZIER_KNOTS.);
#3638 = CARTESIAN_POINT('',(26.621097642206,328.79823531539,
    -127.1988750027));
#3639 = CARTESIAN_POINT('',(26.664676558755,328.75465683277,
    -127.2743558121));
#3640 = CARTESIAN_POINT('',(26.699799470566,328.70495498308,
    -127.3520251753));
#3641 = CARTESIAN_POINT('',(26.726723266276,328.65045799351,
    -127.4304976988));
#3642 = B_SPLINE_SURFACE_WITH_KNOTS('',3,3,(
    (#3643,#3644,#3645,#3646)
    ,(#3647,#3648,#3649,#3650)
    ,(#3651,#3652,#3653,#3654)
    ,(#3655,#3656,#3657,#3658
    )),.UNSPECIFIED.,.F.,.F.,.F.,(4,4),(4,4),(0.,1.),(0.52359660284,
    0.716683059909),.PIECEWISE_BEZIER_KNOTS.);
#3643 = CARTESIAN_POINT('',(26.255282363592,328.29348153856,
    -127.1186616313));
#3644 = CARTESIAN_POINT('',(26.280483803215,328.26828034987,
    -127.1623117541));
#3645 = CARTESIAN_POINT('',(26.30638006274,328.23806319618,
    -127.2071653301));
#3646 = CARTESIAN_POINT('',(26.333544622926,328.202375294,
    -127.2542156563));
#3647 = CARTESIAN_POINT('',(26.377220789797,328.46173279751,
    -127.1453994218));
#3648 = CARTESIAN_POINT('',(26.408548055062,328.43040584417,
    -127.1996597734));
#3649 = CARTESIAN_POINT('',(26.437519865349,328.39369379182,
    -127.2554519452));
#3650 = CARTESIAN_POINT('',(26.464604170709,328.35173619384,
    -127.3129763371));
#3651 = CARTESIAN_POINT('',(26.499159216001,328.62998405645,
    -127.1721372122));
#3652 = CARTESIAN_POINT('',(26.536612306909,328.59253133847,
    -127.2370077927));
#3653 = CARTESIAN_POINT('',(26.568659667958,328.54932438745,
    -127.3037385602));
#3654 = CARTESIAN_POINT('',(26.595663718493,328.50109709368,
    -127.371737018));
#3655 = CARTESIAN_POINT('',(26.621097642206,328.79823531539,
    -127.1988750027));
#3656 = CARTESIAN_POINT('',(26.664676558755,328.75465683277,
    -127.2743558121));
#3657 = CARTESIAN_POINT('',(26.699799470566,328.70495498308,
    -127.3520251753));
#3658 = CARTESIAN_POINT('',(26.726723266276,328.65045799351,
    -127.4304976988));
#3659 = ADVANCED_FACE('',(#3660),#3694,.T.);
#3660 = FACE_BOUND('',#3661,.T.);
#3661 = EDGE_LOOP('',(#3662,#3672,#3680,#3688));
#3662 = ORIENTED_EDGE('',*,*,#3663,.T.);
#3663 = EDGE_CURVE('',#3664,#3666,#3668,.T.);
#3664 = VERTEX_POINT('',#3665);
#3665 = CARTESIAN_POINT('',(25.967521768325,326.77750228149,
    -128.6202425899));
#3666 = VERTEX_POINT('',#3667);
#3667 = CARTESIAN_POINT('',(26.002943470434,326.94853677609,
    -128.9778349314));
#3668 = LINE('',#3669,#3670);
#3669 = CARTESIAN_POINT('',(25.967521768325,326.77750228149,
    -128.6202425899));
#3670 = VECTOR('',#3671,1.);
#3671 = DIRECTION('',(8.900605686778E-02,0.429767770782,-0.898541921692)
  );
#3672 = ORIENTED_EDGE('',*,*,#3673,.T.);
#3673 = EDGE_CURVE('',#3666,#3674,#3676,.T.);
#3674 = VERTEX_POINT('',#3675);
#3675 = CARTESIAN_POINT('',(24.469326811544,325.41491481569,
    -129.863272153));
#3676 = LINE('',#3677,#3678);
#3677 = CARTESIAN_POINT('',(1.303318017444,302.24882593974,
    -143.2382223695));
#3678 = VECTOR('',#3679,1.);
#3679 = DIRECTION('',(-0.654652359581,-0.654654622629,-0.377965095168));
#3680 = ORIENTED_EDGE('',*,*,#3681,.T.);
#3681 = EDGE_CURVE('',#3674,#3682,#3684,.T.);
#3682 = VERTEX_POINT('',#3683);
#3683 = CARTESIAN_POINT('',(24.433905109435,325.24388032109,
    -129.5056798115));
#3684 = LINE('',#3685,#3686);
#3685 = CARTESIAN_POINT('',(24.469326811544,325.41491481569,
    -129.863272153));
#3686 = VECTOR('',#3687,1.);
#3687 = DIRECTION('',(-8.900605686809E-02,-0.429767770782,0.898541921692
    ));
#3688 = ORIENTED_EDGE('',*,*,#3689,.T.);
#3689 = EDGE_CURVE('',#3682,#3664,#3690,.T.);
#3690 = LINE('',#3691,#3692);
#3691 = CARTESIAN_POINT('',(1.267896315334,302.07779144514,
    -142.880630028));
#3692 = VECTOR('',#3693,1.);
#3693 = DIRECTION('',(0.654652359581,0.654654622629,0.377965095168));
#3694 = PLANE('',#3695);
#3695 = AXIS2_PLACEMENT_3D('',#3696,#3697,#3698);
#3696 = CARTESIAN_POINT('',(1.285607166389,302.16330869244,
    -143.0594261988));
#3697 = DIRECTION('',(-0.750671839045,0.621873771973,0.223080258644));
#3698 = DIRECTION('',(0.284861799066,-3.053113317719E-16,0.958568597145)
  );
#3699 = ADVANCED_FACE('',(#3700),#3718,.T.);
#3700 = FACE_BOUND('',#3701,.T.);
#3701 = EDGE_LOOP('',(#3702,#3703,#3710,#3711));
#3702 = ORIENTED_EDGE('',*,*,#3663,.F.);
#3703 = ORIENTED_EDGE('',*,*,#3704,.T.);
#3704 = EDGE_CURVE('',#3664,#3588,#3705,.T.);
#3705 = B_SPLINE_CURVE_WITH_KNOTS('',3,(#3706,#3707,#3708,#3709),
  .UNSPECIFIED.,.F.,.F.,(4,4),(3.772937665539,3.803248569783),
  .PIECEWISE_BEZIER_KNOTS.);
#3706 = CARTESIAN_POINT('',(25.967521768324,326.77750228149,
    -128.6202425899));
#3707 = CARTESIAN_POINT('',(26.033665451607,326.84364619342,
    -128.5820543772));
#3708 = CARTESIAN_POINT('',(26.095636923302,326.90953161084,
    -128.5361919828));
#3709 = CARTESIAN_POINT('',(26.152160434981,326.97669054391,
    -128.4830992728));
#3710 = ORIENTED_EDGE('',*,*,#3587,.F.);
#3711 = ORIENTED_EDGE('',*,*,#3712,.T.);
#3712 = EDGE_CURVE('',#3578,#3666,#3713,.T.);
#3713 = B_SPLINE_CURVE_WITH_KNOTS('',3,(#3714,#3715,#3716,#3717),
  .UNSPECIFIED.,.F.,.F.,(4,4),(-3.803248569783,-3.772937665539),
  .PIECEWISE_BEZIER_KNOTS.);
#3714 = CARTESIAN_POINT('',(26.20137452028,327.14696851189,
    -128.8632702933));
#3715 = CARTESIAN_POINT('',(26.135230836998,327.08082459996,
    -128.901458506));
#3716 = CARTESIAN_POINT('',(26.069087153716,327.01468068802,
    -128.9396467187));
#3717 = CARTESIAN_POINT('',(26.002943470434,326.94853677609,
    -128.9778349314));
#3718 = B_SPLINE_SURFACE_WITH_KNOTS('',3,3,(
    (#3719,#3720,#3721,#3722)
    ,(#3723,#3724,#3725,#3726)
    ,(#3727,#3728,#3729,#3730)
    ,(#3731,#3732,#3733,#3734
    )),.UNSPECIFIED.,.F.,.F.,.F.,(4,4),(4,4),(0.,1.),(-3.803248569783,
    -3.772937665539),.PIECEWISE_BEZIER_KNOTS.);
#3719 = CARTESIAN_POINT('',(26.152160434981,326.97669054391,
    -128.4830992728));
#3720 = CARTESIAN_POINT('',(26.095636923302,326.90953161084,
    -128.5361919828));
#3721 = CARTESIAN_POINT('',(26.033665451607,326.84364619342,
    -128.5820543772));
#3722 = CARTESIAN_POINT('',(25.967521768324,326.77750228149,
    -128.6202425899));
#3723 = CARTESIAN_POINT('',(26.168565130081,327.03344986657,
    -128.6098229463));
#3724 = CARTESIAN_POINT('',(26.108834894534,326.96662927388,
    -128.6579474906));
#3725 = CARTESIAN_POINT('',(26.045472685643,326.90065769162,
    -128.7012518243));
#3726 = CARTESIAN_POINT('',(25.979329002361,326.83451377969,
    -128.739440037));
#3727 = CARTESIAN_POINT('',(26.184969825181,327.09020918923,
    -128.7365466198));
#3728 = CARTESIAN_POINT('',(26.122032865766,327.02372693692,
    -128.7797029983));
#3729 = CARTESIAN_POINT('',(26.05727991968,326.95766918982,
    -128.8204492715));
#3730 = CARTESIAN_POINT('',(25.991136236398,326.89152527789,
    -128.8586374842));
#3731 = CARTESIAN_POINT('',(26.20137452028,327.14696851189,
    -128.8632702933));
#3732 = CARTESIAN_POINT('',(26.135230836998,327.08082459996,
    -128.901458506));
#3733 = CARTESIAN_POINT('',(26.069087153716,327.01468068802,
    -128.9396467187));
#3734 = CARTESIAN_POINT('',(26.002943470434,326.94853677609,
    -128.9778349314));
#3735 = ADVANCED_FACE('',(#3736),#3776,.T.);
#3736 = FACE_BOUND('',#3737,.T.);
#3737 = EDGE_LOOP('',(#3738,#3748,#3759,#3767));
#3738 = ORIENTED_EDGE('',*,*,#3739,.T.);
#3739 = EDGE_CURVE('',#3740,#3742,#3744,.T.);
#3740 = VERTEX_POINT('',#3741);
#3741 = CARTESIAN_POINT('',(24.235474036025,325.05861909006,
    -129.6202444355));
#3742 = VERTEX_POINT('',#3743);
#3743 = CARTESIAN_POINT('',(24.23323443276,325.20603144014,
    -129.9681613525));
#3744 = LINE('',#3745,#3746);
#3745 = CARTESIAN_POINT('',(24.235474036025,325.05861909006,
    -129.6202444355));
#3746 = VECTOR('',#3747,1.);
#3747 = DIRECTION('',(-5.927000622203E-03,0.390119582518,-0.920745123256
    ));
#3748 = ORIENTED_EDGE('',*,*,#3749,.T.);
#3749 = EDGE_CURVE('',#3742,#3750,#3752,.T.);
#3750 = VERTEX_POINT('',#3751);
#3751 = CARTESIAN_POINT('',(22.678431525055,324.87337548617,
    -129.4546059171));
#3752 = B_SPLINE_CURVE_WITH_KNOTS('',3,(#3753,#3754,#3755,#3756,#3757,
    #3758),.UNSPECIFIED.,.F.,.F.,(4,1,1,4),(-0.837356665517,
    -0.308322845223,4.436636830612E-02,0.397055581836),.UNSPECIFIED.);
#3753 = CARTESIAN_POINT('',(24.23323443276,325.20603144014,
    -129.9681613525));
#3754 = CARTESIAN_POINT('',(24.022552568407,325.04148767081,
    -130.0365223283));
#3755 = CARTESIAN_POINT('',(23.618526029864,324.81551039185,
    -130.0641921461));
#3756 = CARTESIAN_POINT('',(23.036354068066,324.72989486646,
    -129.8269323193));
#3757 = CARTESIAN_POINT('',(22.778170603544,324.80965592877,
    -129.5857681163));
#3758 = CARTESIAN_POINT('',(22.678431525055,324.87337548617,
    -129.4546059171));
#3759 = ORIENTED_EDGE('',*,*,#3760,.T.);
#3760 = EDGE_CURVE('',#3750,#3761,#3763,.T.);
#3761 = VERTEX_POINT('',#3762);
#3762 = CARTESIAN_POINT('',(22.8694491667,324.75989040801,
    -129.2542193524));
#3763 = LINE('',#3764,#3765);
#3764 = CARTESIAN_POINT('',(22.678431525055,324.87337548617,
    -129.4546059171));
#3765 = VECTOR('',#3766,1.);
#3766 = DIRECTION('',(0.638425316282,-0.379293484593,0.669738432581));
#3767 = ORIENTED_EDGE('',*,*,#3768,.T.);
#3768 = EDGE_CURVE('',#3761,#3740,#3769,.T.);
#3769 = B_SPLINE_CURVE_WITH_KNOTS('',3,(#3770,#3771,#3772,#3773,#3774,
    #3775),.UNSPECIFIED.,.F.,.F.,(4,1,1,4),(-0.397055581836,
    -4.436636830612E-02,0.308322845223,0.837356665517),.UNSPECIFIED.);
#3770 = CARTESIAN_POINT('',(22.869449166701,324.75989040802,
    -129.2542193524));
#3771 = CARTESIAN_POINT('',(22.943728500184,324.70244247176,
    -129.3828748156));
#3772 = CARTESIAN_POINT('',(23.161012775155,324.63039320429,
    -129.6221772069));
#3773 = CARTESIAN_POINT('',(23.704144744676,324.70774781572,
    -129.8121054857));
#3774 = CARTESIAN_POINT('',(24.064017854544,324.91154374144,
    -129.7192350178));
#3775 = CARTESIAN_POINT('',(24.235474036024,325.05861909006,
    -129.6202444355));
#3776 = B_SPLINE_SURFACE_WITH_KNOTS('',3,3,(
    (#3777,#3778,#3779,#3780,#3781,#3782)
    ,(#3783,#3784,#3785,#3786,#3787,#3788)
    ,(#3789,#3790,#3791,#3792,#3793,#3794)
    ,(#3795,#3796,#3797,#3798,#3799,#3800
    )),.UNSPECIFIED.,.F.,.F.,.F.,(4,4),(4,1,1,4),(0.,1.),(
    -0.837356665517,-0.308322845223,4.436636830612E-02,0.397055581836),
  .UNSPECIFIED.);
#3777 = CARTESIAN_POINT('',(24.235474036024,325.05861909006,
    -129.6202444355));
#3778 = CARTESIAN_POINT('',(24.064017854544,324.91154374144,
    -129.7192350178));
#3779 = CARTESIAN_POINT('',(23.704144744676,324.70774781572,
    -129.8121054857));
#3780 = CARTESIAN_POINT('',(23.161012775155,324.63039320429,
    -129.6221772069));
#3781 = CARTESIAN_POINT('',(22.943728500184,324.70244247176,
    -129.3828748156));
#3782 = CARTESIAN_POINT('',(22.869449166701,324.75989040802,
    -129.2542193524));
#3783 = CARTESIAN_POINT('',(24.234727501603,325.10775654009,
    -129.7362167412));
#3784 = CARTESIAN_POINT('',(24.050196092499,324.95485838456,
    -129.8249974547));
#3785 = CARTESIAN_POINT('',(23.675605173072,324.74366867443,
    -129.8961343725));
#3786 = CARTESIAN_POINT('',(23.119459872792,324.66356042502,
    -129.690428911));
#3787 = CARTESIAN_POINT('',(22.888542534637,324.73818029077,
    -129.4505059159));
#3788 = CARTESIAN_POINT('',(22.805776619486,324.7977187674,
    -129.321014874));
#3789 = CARTESIAN_POINT('',(24.233980967181,325.15689399011,
    -129.8521890468));
#3790 = CARTESIAN_POINT('',(24.036374330453,324.99817302769,
    -129.9307598915));
#3791 = CARTESIAN_POINT('',(23.647065601468,324.77958953314,
    -129.9801632593));
#3792 = CARTESIAN_POINT('',(23.077906970429,324.69672764574,
    -129.7586806152));
#3793 = CARTESIAN_POINT('',(22.833356569091,324.77391810977,
    -129.5181370161));
#3794 = CARTESIAN_POINT('',(22.742104072271,324.83554712679,
    -129.3878103955));
#3795 = CARTESIAN_POINT('',(24.23323443276,325.20603144014,
    -129.9681613525));
#3796 = CARTESIAN_POINT('',(24.022552568407,325.04148767081,
    -130.0365223283));
#3797 = CARTESIAN_POINT('',(23.618526029864,324.81551039185,
    -130.0641921461));
#3798 = CARTESIAN_POINT('',(23.036354068066,324.72989486646,
    -129.8269323193));
#3799 = CARTESIAN_POINT('',(22.778170603544,324.80965592877,
    -129.5857681163));
#3800 = CARTESIAN_POINT('',(22.678431525055,324.87337548617,
    -129.4546059171));
#3801 = ADVANCED_FACE('',(#3802),#3820,.T.);
#3802 = FACE_BOUND('',#3803,.T.);
#3803 = EDGE_LOOP('',(#3804,#3805,#3812,#3813));
#3804 = ORIENTED_EDGE('',*,*,#3739,.F.);
#3805 = ORIENTED_EDGE('',*,*,#3806,.T.);
#3806 = EDGE_CURVE('',#3740,#3682,#3807,.T.);
#3807 = B_SPLINE_CURVE_WITH_KNOTS('',3,(#3808,#3809,#3810,#3811),
  .UNSPECIFIED.,.F.,.F.,(4,4),(0.837356665517,1.047199723957),
  .PIECEWISE_BEZIER_KNOTS.);
#3808 = CARTESIAN_POINT('',(24.235474036024,325.05861909006,
    -129.6202444355));
#3809 = CARTESIAN_POINT('',(24.303482711709,325.11695702573,
    -129.5809794853));
#3810 = CARTESIAN_POINT('',(24.368749625546,325.17872461197,
    -129.543297485));
#3811 = CARTESIAN_POINT('',(24.433905109434,325.24388032109,
    -129.5056798115));
#3812 = ORIENTED_EDGE('',*,*,#3681,.F.);
#3813 = ORIENTED_EDGE('',*,*,#3814,.T.);
#3814 = EDGE_CURVE('',#3674,#3742,#3815,.T.);
#3815 = B_SPLINE_CURVE_WITH_KNOTS('',3,(#3816,#3817,#3818,#3819),
  .UNSPECIFIED.,.F.,.F.,(4,4),(-1.047199723957,-0.837356665517),
  .PIECEWISE_BEZIER_KNOTS.);
#3816 = CARTESIAN_POINT('',(24.469326811544,325.41491481569,
    -129.863272153));
#3817 = CARTESIAN_POINT('',(24.395798688399,325.34138643837,
    -129.9057237896));
#3818 = CARTESIAN_POINT('',(24.316802108545,325.27129828411,
    -129.9410457397));
#3819 = CARTESIAN_POINT('',(24.23323443276,325.20603144014,
    -129.9681613525));
#3820 = B_SPLINE_SURFACE_WITH_KNOTS('',3,3,(
    (#3821,#3822,#3823,#3824)
    ,(#3825,#3826,#3827,#3828)
    ,(#3829,#3830,#3831,#3832)
    ,(#3833,#3834,#3835,#3836
    )),.UNSPECIFIED.,.F.,.F.,.F.,(4,4),(4,4),(0.,1.),(-1.047199723957,
    -0.837356665517),.PIECEWISE_BEZIER_KNOTS.);
#3821 = CARTESIAN_POINT('',(24.433905109434,325.24388032109,
    -129.5056798115));
#3822 = CARTESIAN_POINT('',(24.368749625546,325.17872461197,
    -129.543297485));
#3823 = CARTESIAN_POINT('',(24.303482711709,325.11695702573,
    -129.5809794853));
#3824 = CARTESIAN_POINT('',(24.235474036024,325.05861909006,
    -129.6202444355));
#3825 = CARTESIAN_POINT('',(24.445712343471,325.30089181929,
    -129.6248772587));
#3826 = CARTESIAN_POINT('',(24.37776597983,325.23294522077,
    -129.6641062532));
#3827 = CARTESIAN_POINT('',(24.307922510654,325.16840411186,
    -129.7010015701));
#3828 = CARTESIAN_POINT('',(24.234727501603,325.10775654009,
    -129.7362167412));
#3829 = CARTESIAN_POINT('',(24.457519577508,325.35790331749,
    -129.7440747059));
#3830 = CARTESIAN_POINT('',(24.386782334115,325.28716582957,
    -129.7849150214));
#3831 = CARTESIAN_POINT('',(24.3123623096,325.21985119798,
    -129.8210236549));
#3832 = CARTESIAN_POINT('',(24.233980967181,325.15689399011,
    -129.8521890468));
#3833 = CARTESIAN_POINT('',(24.469326811544,325.41491481569,
    -129.863272153));
#3834 = CARTESIAN_POINT('',(24.395798688399,325.34138643837,
    -129.9057237896));
#3835 = CARTESIAN_POINT('',(24.316802108545,325.27129828411,
    -129.9410457397));
#3836 = CARTESIAN_POINT('',(24.23323443276,325.20603144014,
    -129.9681613525));
#3837 = ADVANCED_FACE('',(#3838),#3856,.T.);
#3838 = FACE_BOUND('',#3839,.T.);
#3839 = EDGE_LOOP('',(#3840,#3841,#3848,#3849));
#3840 = ORIENTED_EDGE('',*,*,#31,.F.);
#3841 = ORIENTED_EDGE('',*,*,#3842,.T.);
#3842 = EDGE_CURVE('',#24,#3761,#3843,.T.);
#3843 = B_SPLINE_CURVE_WITH_KNOTS('',3,(#3844,#3845,#3846,#3847),
  .UNSPECIFIED.,.F.,.F.,(4,4),(-0.52359660284,-0.397055581835),
  .PIECEWISE_BEZIER_KNOTS.);
#3844 = CARTESIAN_POINT('',(22.791186946114,324.82937414616,
    -129.1186653508));
#3845 = CARTESIAN_POINT('',(22.81685136204,324.80370998578,
    -129.1631173711));
#3846 = CARTESIAN_POINT('',(22.842798556652,324.78050209737,
    -129.2080591835));
#3847 = CARTESIAN_POINT('',(22.869449166701,324.75989040802,
    -129.2542193524));
#3848 = ORIENTED_EDGE('',*,*,#3760,.F.);
#3849 = ORIENTED_EDGE('',*,*,#3850,.T.);
#3850 = EDGE_CURVE('',#3750,#32,#3851,.T.);
#3851 = B_SPLINE_CURVE_WITH_KNOTS('',3,(#3852,#3853,#3854,#3855),
  .UNSPECIFIED.,.F.,.F.,(4,4),(0.397055581835,0.52359660284),
  .PIECEWISE_BEZIER_KNOTS.);
#3852 = CARTESIAN_POINT('',(22.678431525055,324.87337548617,
    -129.4546059171));
#3853 = CARTESIAN_POINT('',(22.642646237778,324.8962373644,
    -129.4075463588));
#3854 = CARTESIAN_POINT('',(22.61045459165,324.92216097265,
    -129.3590262177));
#3855 = CARTESIAN_POINT('',(22.581894739871,324.95072054006,
    -129.3095591612));
#3856 = B_SPLINE_SURFACE_WITH_KNOTS('',3,3,(
    (#3857,#3858,#3859,#3860)
    ,(#3861,#3862,#3863,#3864)
    ,(#3865,#3866,#3867,#3868)
    ,(#3869,#3870,#3871,#3872
    )),.UNSPECIFIED.,.F.,.F.,.F.,(4,4),(4,4),(0.,1.),(0.397055581835,
    0.52359660284),.PIECEWISE_BEZIER_KNOTS.);
#3857 = CARTESIAN_POINT('',(22.869449166701,324.75989040802,
    -129.2542193524));
#3858 = CARTESIAN_POINT('',(22.842798556652,324.78050209737,
    -129.2080591835));
#3859 = CARTESIAN_POINT('',(22.81685136204,324.80370998578,
    -129.1631173711));
#3860 = CARTESIAN_POINT('',(22.791186946114,324.82937414616,
    -129.1186653508));
#3861 = CARTESIAN_POINT('',(22.805776619486,324.7977187674,
    -129.321014874));
#3862 = CARTESIAN_POINT('',(22.776081117027,324.81908051972,
    -129.2745549086));
#3863 = CARTESIAN_POINT('',(22.748052438576,324.84319364807,
    -129.22842032));
#3864 = CARTESIAN_POINT('',(22.721422877366,324.86982294413,
    -129.1822966209));
#3865 = CARTESIAN_POINT('',(22.742104072271,324.83554712679,
    -129.3878103955));
#3866 = CARTESIAN_POINT('',(22.709363677402,324.85765894206,
    -129.3410506337));
#3867 = CARTESIAN_POINT('',(22.679253515113,324.88267731036,
    -129.2937232688));
#3868 = CARTESIAN_POINT('',(22.651658808618,324.91027174209,
    -129.245927891));
#3869 = CARTESIAN_POINT('',(22.678431525055,324.87337548617,
    -129.4546059171));
#3870 = CARTESIAN_POINT('',(22.642646237778,324.8962373644,
    -129.4075463588));
#3871 = CARTESIAN_POINT('',(22.61045459165,324.92216097265,
    -129.3590262177));
#3872 = CARTESIAN_POINT('',(22.581894739871,324.95072054006,
    -129.3095591612));
#3873 = ADVANCED_FACE('',(#3874),#3901,.T.);
#3874 = FACE_BOUND('',#3875,.T.);
#3875 = EDGE_LOOP('',(#3876,#3877,#3878,#3886,#3895));
#3876 = ORIENTED_EDGE('',*,*,#1804,.F.);
#3877 = ORIENTED_EDGE('',*,*,#1938,.F.);
#3878 = ORIENTED_EDGE('',*,*,#3879,.T.);
#3879 = EDGE_CURVE('',#1898,#3880,#3882,.T.);
#3880 = VERTEX_POINT('',#3881);
#3881 = CARTESIAN_POINT('',(-10.13213232238,241.93455632986,
    -164.1713090129));
#3882 = LINE('',#3883,#3884);
#3883 = CARTESIAN_POINT('',(-10.1320345653,187.29444954879,
    -164.1713676813));
#3884 = VECTOR('',#3885,1.);
#3885 = DIRECTION('',(1.789108618167E-06,-0.999999999998,
    -1.073724145381E-06));
#3886 = ORIENTED_EDGE('',*,*,#3887,.T.);
#3887 = EDGE_CURVE('',#3880,#3888,#3890,.T.);
#3888 = VERTEX_POINT('',#3889);
#3889 = CARTESIAN_POINT('',(-9.449119620495,241.93455735533,
    -163.988296311));
#3890 = CIRCLE('',#3891,0.5);
#3891 = AXIS2_PLACEMENT_3D('',#3892,#3893,#3894);
#3892 = CARTESIAN_POINT('',(-9.699119620495,241.93455737299,
    -164.4213090129));
#3893 = DIRECTION('',(-1.789108633885E-06,0.999999999998,
    1.073724174827E-06));
#3894 = DIRECTION('',(-0.866025403783,-2.086275614488E-06,0.499999999999
    ));
#3895 = ORIENTED_EDGE('',*,*,#3896,.T.);
#3896 = EDGE_CURVE('',#3888,#1772,#3897,.T.);
#3897 = LINE('',#3898,#3899);
#3898 = CARTESIAN_POINT('',(-9.449021863409,187.29445057427,
    -163.9883549794));
#3899 = VECTOR('',#3900,1.);
#3900 = DIRECTION('',(-1.789108618167E-06,0.999999999998,
    1.073724145381E-06));
#3901 = CYLINDRICAL_SURFACE('',#3902,0.5);
#3902 = AXIS2_PLACEMENT_3D('',#3903,#3904,#3905);
#3903 = CARTESIAN_POINT('',(-9.699021863409,187.29445059193,
    -164.4213676813));
#3904 = DIRECTION('',(-1.789108618167E-06,0.999999999998,
    1.073724145381E-06));
#3905 = DIRECTION('',(-0.258819045101,-1.500193266472E-06,0.965925826288
    ));
#3906 = ADVANCED_FACE('',(#3907),#3926,.T.);
#3907 = FACE_BOUND('',#3908,.T.);
#3908 = EDGE_LOOP('',(#3909,#3910,#3911,#3919,#3925));
#3909 = ORIENTED_EDGE('',*,*,#1923,.F.);
#3910 = ORIENTED_EDGE('',*,*,#2134,.F.);
#3911 = ORIENTED_EDGE('',*,*,#3912,.F.);
#3912 = EDGE_CURVE('',#3913,#1974,#3915,.T.);
#3913 = VERTEX_POINT('',#3914);
#3914 = CARTESIAN_POINT('',(-11.13213232238,241.93455640049,
    -165.9033598204));
#3915 = LINE('',#3916,#3917);
#3916 = CARTESIAN_POINT('',(-11.1320345653,187.29444961942,
    -165.9034184888));
#3917 = VECTOR('',#3918,1.);
#3918 = DIRECTION('',(-1.789108618167E-06,0.999999999998,
    1.073724145381E-06));
#3919 = ORIENTED_EDGE('',*,*,#3920,.F.);
#3920 = EDGE_CURVE('',#3880,#3913,#3921,.T.);
#3921 = LINE('',#3922,#3923);
#3922 = CARTESIAN_POINT('',(-10.99144313755,241.93455639055,
    -165.6596790042));
#3923 = VECTOR('',#3924,1.);
#3924 = DIRECTION('',(-0.5,3.531807683108E-08,-0.866025403785));
#3925 = ORIENTED_EDGE('',*,*,#3879,.F.);
#3926 = PLANE('',#3927);
#3927 = AXIS2_PLACEMENT_3D('',#3928,#3929,#3930);
#3928 = CARTESIAN_POINT('',(-11.3820345653,187.29444963708,
    -166.3364311907));
#3929 = DIRECTION('',(-0.866025403783,-2.086275586153E-06,0.499999999999
    ));
#3930 = DIRECTION('',(0.5,-3.531807747104E-08,0.866025403785));
#3931 = ADVANCED_FACE('',(#3932),#3951,.T.);
#3932 = FACE_BOUND('',#3933,.T.);
#3933 = EDGE_LOOP('',(#3934,#3935,#3943,#3950));
#3934 = ORIENTED_EDGE('',*,*,#2005,.F.);
#3935 = ORIENTED_EDGE('',*,*,#3936,.T.);
#3936 = EDGE_CURVE('',#1998,#3937,#3939,.T.);
#3937 = VERTEX_POINT('',#3938);
#3938 = CARTESIAN_POINT('',(-10.94911962049,241.93455746129,
    -166.5863725223));
#3939 = LINE('',#3940,#3941);
#3940 = CARTESIAN_POINT('',(-10.9490218634,187.29445068022,
    -166.5864311907));
#3941 = VECTOR('',#3942,1.);
#3942 = DIRECTION('',(1.789108618167E-06,-0.999999999998,
    -1.073724145381E-06));
#3943 = ORIENTED_EDGE('',*,*,#3944,.T.);
#3944 = EDGE_CURVE('',#3937,#3913,#3945,.T.);
#3945 = CIRCLE('',#3946,0.5);
#3946 = AXIS2_PLACEMENT_3D('',#3947,#3948,#3949);
#3947 = CARTESIAN_POINT('',(-10.69911962049,241.93455744363,
    -166.1533598204));
#3948 = DIRECTION('',(-1.789108633885E-06,0.999999999998,
    1.073724174827E-06));
#3949 = DIRECTION('',(-0.5,3.531809511514E-08,-0.866025403785));
#3950 = ORIENTED_EDGE('',*,*,#3912,.T.);
#3951 = CYLINDRICAL_SURFACE('',#3952,0.5);
#3952 = AXIS2_PLACEMENT_3D('',#3953,#3954,#3955);
#3953 = CARTESIAN_POINT('',(-10.6990218634,187.29445066256,
    -166.1534184888));
#3954 = DIRECTION('',(1.789108618167E-06,-0.999999999998,
    -1.073724145381E-06));
#3955 = DIRECTION('',(-0.965925826288,-1.450245962313E-06,
    -0.258819045104));
#3956 = ADVANCED_FACE('',(#3957),#4017,.T.);
#3957 = FACE_BOUND('',#3958,.T.);
#3958 = EDGE_LOOP('',(#3959,#3960,#3961,#3969,#3975,#3976,#3977,#3985,
    #3993,#4001,#4010,#4016));
#3959 = ORIENTED_EDGE('',*,*,#1779,.F.);
#3960 = ORIENTED_EDGE('',*,*,#3896,.F.);
#3961 = ORIENTED_EDGE('',*,*,#3962,.F.);
#3962 = EDGE_CURVE('',#3963,#3888,#3965,.T.);
#3963 = VERTEX_POINT('',#3964);
#3964 = CARTESIAN_POINT('',(5.147411221198,225.08000531691,
    -172.415608009));
#3965 = LINE('',#3966,#3967);
#3966 = CARTESIAN_POINT('',(4.737967584358,225.55278814173,
    -172.1792155958));
#3967 = VECTOR('',#3968,1.);
#3968 = DIRECTION('',(-0.612373700785,0.707105305965,0.35355414983));
#3969 = ORIENTED_EDGE('',*,*,#3970,.F.);
#3970 = EDGE_CURVE('',#1595,#3963,#3971,.T.);
#3971 = LINE('',#3972,#3973);
#3972 = CARTESIAN_POINT('',(5.147384335,240.1077109324,-172.4155918734)
  );
#3973 = VECTOR('',#3974,1.);
#3974 = DIRECTION('',(1.789108618154E-06,-0.999999999998,
    -1.073724145373E-06));
#3975 = ORIENTED_EDGE('',*,*,#1629,.F.);
#3976 = ORIENTED_EDGE('',*,*,#1692,.F.);
#3977 = ORIENTED_EDGE('',*,*,#3978,.T.);
#3978 = EDGE_CURVE('',#1685,#3979,#3981,.T.);
#3979 = VERTEX_POINT('',#3980);
#3980 = CARTESIAN_POINT('',(-0.716112185628,234.70210436349,
    -169.0303008225));
#3981 = LINE('',#3982,#3983);
#3982 = CARTESIAN_POINT('',(-0.716025533732,186.2691043636,
    -169.0303528261));
#3983 = VECTOR('',#3984,1.);
#3984 = DIRECTION('',(1.789108594635E-06,-0.999999999998,
    -1.073724156911E-06));
#3985 = ORIENTED_EDGE('',*,*,#3986,.T.);
#3986 = EDGE_CURVE('',#3979,#3987,#3989,.T.);
#3987 = VERTEX_POINT('',#3988);
#3988 = CARTESIAN_POINT('',(-5.912275342975,240.70209184583,
    -166.0302943801));
#3989 = LINE('',#3990,#3991);
#3990 = CARTESIAN_POINT('',(11.165811081378,220.98209817788,
    -175.8903329555));
#3991 = VECTOR('',#3992,1.);
#3992 = DIRECTION('',(-0.612373700785,0.707105305965,0.35355414983));
#3993 = ORIENTED_EDGE('',*,*,#3994,.F.);
#3994 = EDGE_CURVE('',#3995,#3987,#3997,.T.);
#3995 = VERTEX_POINT('',#3996);
#3996 = CARTESIAN_POINT('',(-5.912298749741,253.27770957573,
    -166.0302774901));
#3997 = LINE('',#3998,#3999);
#3998 = CARTESIAN_POINT('',(-5.912177956427,186.26909184594,
    -166.0303528261));
#3999 = VECTOR('',#4000,1.);
#4000 = DIRECTION('',(1.789108594635E-06,-0.999999999998,
    -1.073724156911E-06));
#4001 = ORIENTED_EDGE('',*,*,#4002,.T.);
#4002 = EDGE_CURVE('',#3995,#4003,#4005,.T.);
#4003 = VERTEX_POINT('',#4004);
#4004 = CARTESIAN_POINT('',(-5.912295406562,253.30234397189,
    -166.030276556));
#4005 = CIRCLE('',#4006,3.);
#4006 = AXIS2_PLACEMENT_3D('',#4007,#4008,#4009);
#4007 = CARTESIAN_POINT('',(-3.314242159453,253.2897305383,
    -167.5302632981));
#4008 = DIRECTION('',(-0.5,3.531807749959E-08,-0.866025403785));
#4009 = DIRECTION('',(-1.169151132783E-06,0.999999999999,
    7.157915243385E-07));
#4010 = ORIENTED_EDGE('',*,*,#4011,.F.);
#4011 = EDGE_CURVE('',#1726,#4003,#4012,.T.);
#4012 = LINE('',#4013,#4014);
#4013 = CARTESIAN_POINT('',(-5.912177956427,186.26909184594,
    -166.0303528261));
#4014 = VECTOR('',#4015,1.);
#4015 = DIRECTION('',(1.789108594635E-06,-0.999999999998,
    -1.073724156911E-06));
#4016 = ORIENTED_EDGE('',*,*,#1725,.F.);
#4017 = PLANE('',#4018);
#4018 = AXIS2_PLACEMENT_3D('',#4019,#4020,#4021);
#4019 = CARTESIAN_POINT('',(-13.34613618043,187.29444118603,
    -161.7383549794));
#4020 = DIRECTION('',(0.5,-3.531807747309E-08,0.866025403785));
#4021 = DIRECTION('',(0.866025403783,2.086275586154E-06,-0.499999999999)
  );
#4022 = ADVANCED_FACE('',(#4023,#4041),#4052,.T.);
#4023 = FACE_BOUND('',#4024,.T.);
#4024 = EDGE_LOOP('',(#4025,#4026,#4034,#4040));
#4025 = ORIENTED_EDGE('',*,*,#2067,.F.);
#4026 = ORIENTED_EDGE('',*,*,#4027,.F.);
#4027 = EDGE_CURVE('',#4028,#2060,#4030,.T.);
#4028 = VERTEX_POINT('',#4029);
#4029 = CARTESIAN_POINT('',(3.214449654869,225.57994430077,
    -174.7637137231));
#4030 = LINE('',#4031,#4032);
#4031 = CARTESIAN_POINT('',(3.214518151718,187.29448337399,
    -174.7637548311));
#4032 = VECTOR('',#4033,1.);
#4033 = DIRECTION('',(-1.789108618167E-06,0.999999999998,
    1.073724145381E-06));
#4034 = ORIENTED_EDGE('',*,*,#4035,.F.);
#4035 = EDGE_CURVE('',#3937,#4028,#4036,.T.);
#4036 = LINE('',#4037,#4038);
#4037 = CARTESIAN_POINT('',(8.149010481388,219.88202791644,
    -177.612683977));
#4038 = VECTOR('',#4039,1.);
#4039 = DIRECTION('',(0.612373700785,-0.707105305965,-0.35355414983));
#4040 = ORIENTED_EDGE('',*,*,#3936,.F.);
#4041 = FACE_BOUND('',#4042,.T.);
#4042 = EDGE_LOOP('',(#4043));
#4043 = ORIENTED_EDGE('',*,*,#4044,.T.);
#4044 = EDGE_CURVE('',#4045,#4045,#4047,.T.);
#4045 = VERTEX_POINT('',#4046);
#4046 = CARTESIAN_POINT('',(-4.814238652,250.28973064426,-170.1283416569
    ));
#4047 = CIRCLE('',#4048,3.);
#4048 = AXIS2_PLACEMENT_3D('',#4049,#4050,#4051);
#4049 = CARTESIAN_POINT('',(-4.814242159453,253.28973064425,
    -170.1283395095));
#4050 = DIRECTION('',(0.5,-3.531807749959E-08,0.866025403785));
#4051 = DIRECTION('',(-1.169151132783E-06,0.999999999999,
    7.157915243385E-07));
#4052 = PLANE('',#4053);
#4053 = AXIS2_PLACEMENT_3D('',#4054,#4055,#4056);
#4054 = CARTESIAN_POINT('',(4.79799482518,187.29448861516,
    -175.6779755148));
#4055 = DIRECTION('',(-0.5,3.531807747309E-08,-0.866025403785));
#4056 = DIRECTION('',(-0.866025403783,-2.086275586154E-06,0.499999999999
    ));
#4057 = ADVANCED_FACE('',(#4058),#4078,.F.);
#4058 = FACE_BOUND('',#4059,.F.);
#4059 = EDGE_LOOP('',(#4060,#4061,#4070,#4076,#4077));
#4060 = ORIENTED_EDGE('',*,*,#4027,.F.);
#4061 = ORIENTED_EDGE('',*,*,#4062,.T.);
#4062 = EDGE_CURVE('',#4028,#4063,#4065,.T.);
#4063 = VERTEX_POINT('',#4064);
#4064 = CARTESIAN_POINT('',(4.146302150578,223.81218824039,
    -175.9781196818));
#4065 = ELLIPSE('',#4066,3.201562118716,2.);
#4066 = AXIS2_PLACEMENT_3D('',#4067,#4068,#4069);
#4067 = CARTESIAN_POINT('',(2.21444965487,225.57994437141,
    -176.4957645307));
#4068 = DIRECTION('',(0.676251108352,0.624696676661,-0.39043373397));
#4069 = DIRECTION('',(0.541003177858,-0.780867506155,-0.312348362214));
#4070 = ORIENTED_EDGE('',*,*,#4071,.F.);
#4071 = EDGE_CURVE('',#2170,#4063,#4072,.T.);
#4072 = LINE('',#4073,#4074);
#4073 = CARTESIAN_POINT('',(4.146367484714,187.29448634511,
    -175.9781588918));
#4074 = VECTOR('',#4075,1.);
#4075 = DIRECTION('',(1.789108618167E-06,-0.999999999998,
    -1.073724145381E-06));
#4076 = ORIENTED_EDGE('',*,*,#2210,.T.);
#4077 = ORIENTED_EDGE('',*,*,#2098,.T.);
#4078 = CYLINDRICAL_SURFACE('',#4079,2.);
#4079 = AXIS2_PLACEMENT_3D('',#4080,#4081,#4082);
#4080 = CARTESIAN_POINT('',(2.214518151718,187.29448344463,
    -176.4958056387));
#4081 = DIRECTION('',(-1.789108618167E-06,0.999999999998,
    1.073724145381E-06));
#4082 = DIRECTION('',(0.793351976344,7.657491044441E-07,0.608763206534)
  );
#4083 = ADVANCED_FACE('',(#4084),#4103,.T.);
#4084 = FACE_BOUND('',#4085,.T.);
#4085 = EDGE_LOOP('',(#4086,#4087,#4088,#4096,#4102));
#4086 = ORIENTED_EDGE('',*,*,#2195,.F.);
#4087 = ORIENTED_EDGE('',*,*,#2300,.F.);
#4088 = ORIENTED_EDGE('',*,*,#4089,.F.);
#4089 = EDGE_CURVE('',#4090,#2246,#4092,.T.);
#4090 = VERTEX_POINT('',#4091);
#4091 = CARTESIAN_POINT('',(4.815575028898,221.98373593398,
    -178.4758250531));
#4092 = LINE('',#4093,#4094);
#4093 = CARTESIAN_POINT('',(4.815640669949,185.2944873713,
    -178.4758644472));
#4094 = VECTOR('',#4095,1.);
#4095 = DIRECTION('',(-1.789108618167E-06,0.999999999998,
    1.073724145381E-06));
#4096 = ORIENTED_EDGE('',*,*,#4097,.F.);
#4097 = EDGE_CURVE('',#4063,#4090,#4098,.T.);
#4098 = LINE('',#4099,#4100);
#4099 = CARTESIAN_POINT('',(5.103692477743,221.19659957911,
    -179.5510703272));
#4100 = VECTOR('',#4101,1.);
#4101 = DIRECTION('',(0.211329116781,-0.57735076903,-0.788673629521));
#4102 = ORIENTED_EDGE('',*,*,#4071,.F.);
#4103 = PLANE('',#4104);
#4104 = AXIS2_PLACEMENT_3D('',#4105,#4106,#4107);
#4105 = CARTESIAN_POINT('',(4.481002288219,187.2944868582,
    -177.2270105958));
#4106 = DIRECTION('',(-0.965924666498,-1.450239239863E-06,
    -0.258823373459));
#4107 = DIRECTION('',(-0.258823373457,-1.393226788613E-06,0.965924666498
    ));
#4108 = ADVANCED_FACE('',(#4109),#4146,.F.);
#4109 = FACE_BOUND('',#4110,.F.);
#4110 = EDGE_LOOP('',(#4111,#4112,#4121,#4129,#4138,#4144,#4145));
#4111 = ORIENTED_EDGE('',*,*,#4089,.F.);
#4112 = ORIENTED_EDGE('',*,*,#4113,.T.);
#4113 = EDGE_CURVE('',#4090,#4114,#4116,.T.);
#4114 = VERTEX_POINT('',#4115);
#4115 = CARTESIAN_POINT('',(4.668619133654,221.25535119463,
    -179.8957807711));
#4116 = ELLIPSE('',#4117,3.201562118716,2.);
#4117 = AXIS2_PLACEMENT_3D('',#4118,#4119,#4120);
#4118 = CARTESIAN_POINT('',(2.88372253319,223.751492065,-178.9934699019)
  );
#4119 = DIRECTION('',(0.676251108352,0.624696676661,-0.39043373397));
#4120 = DIRECTION('',(0.541003177858,-0.780867506155,-0.312348362214));
#4121 = ORIENTED_EDGE('',*,*,#4122,.F.);
#4122 = EDGE_CURVE('',#4123,#4114,#4125,.T.);
#4123 = VERTEX_POINT('',#4124);
#4124 = CARTESIAN_POINT('',(4.668686776018,183.44749291261,
    -179.8958213663));
#4125 = LINE('',#4126,#4127);
#4126 = CARTESIAN_POINT('',(4.668683471543,185.29448863302,
    -179.8958193831));
#4127 = VECTOR('',#4128,1.);
#4128 = DIRECTION('',(-1.789108618167E-06,0.999999999998,
    1.073724145381E-06));
#4129 = ORIENTED_EDGE('',*,*,#4130,.F.);
#4130 = EDGE_CURVE('',#4131,#4123,#4133,.T.);
#4131 = VERTEX_POINT('',#4132);
#4132 = CARTESIAN_POINT('',(4.615856890644,183.44749292296,
    -179.9934933595));
#4133 = CIRCLE('',#4134,2.);
#4134 = AXIS2_PLACEMENT_3D('',#4135,#4136,#4137);
#4135 = CARTESIAN_POINT('',(2.883794641429,183.44748875041,
    -178.9935131773));
#4136 = DIRECTION('',(1.789108618167E-06,-0.999999999998,
    -1.073724145381E-06));
#4137 = DIRECTION('',(0.991445738691,1.913946084359E-06,-0.13051952815)
  );
#4138 = ORIENTED_EDGE('',*,*,#4139,.F.);
#4139 = EDGE_CURVE('',#2336,#4131,#4140,.T.);
#4140 = LINE('',#4141,#4142);
#4141 = CARTESIAN_POINT('',(4.615851106542,185.29448864337,
    -179.9934956713));
#4142 = VECTOR('',#4143,1.);
#4143 = DIRECTION('',(1.789108618167E-06,-0.999999999998,
    -1.073724145381E-06));
#4144 = ORIENTED_EDGE('',*,*,#2376,.T.);
#4145 = ORIENTED_EDGE('',*,*,#2272,.T.);
#4146 = CYLINDRICAL_SURFACE('',#4147,2.);
#4147 = AXIS2_PLACEMENT_3D('',#4148,#4149,#4150);
#4148 = CARTESIAN_POINT('',(2.883791336953,185.29448447082,
    -178.9935111941));
#4149 = DIRECTION('',(-1.789108618167E-06,0.999999999998,
    1.073724145381E-06));
#4150 = DIRECTION('',(0.991445738691,1.913946084359E-06,-0.13051952815)
  );
#4151 = ADVANCED_FACE('',(#4152),#4171,.T.);
#4152 = FACE_BOUND('',#4153,.T.);
#4153 = EDGE_LOOP('',(#4154,#4155,#4156,#4164,#4170));
#4154 = ORIENTED_EDGE('',*,*,#2361,.F.);
#4155 = ORIENTED_EDGE('',*,*,#2472,.F.);
#4156 = ORIENTED_EDGE('',*,*,#4157,.F.);
#4157 = EDGE_CURVE('',#4158,#2412,#4160,.T.);
#4158 = VERTEX_POINT('',#4159);
#4159 = CARTESIAN_POINT('',(0.79876936647,183.44749319273,
    -186.6050197268));
#4160 = LINE('',#4161,#4162);
#4161 = CARTESIAN_POINT('',(0.798769640214,183.29448748725,
    -186.6050198911));
#4162 = VECTOR('',#4163,1.);
#4163 = DIRECTION('',(-1.789108618167E-06,0.999999999998,
    1.073724145381E-06));
#4164 = ORIENTED_EDGE('',*,*,#4165,.F.);
#4165 = EDGE_CURVE('',#4131,#4158,#4166,.T.);
#4166 = LINE('',#4167,#4168);
#4167 = CARTESIAN_POINT('',(7.518671664084,183.44749271781,
    -174.9655666242));
#4168 = VECTOR('',#4169,1.);
#4169 = DIRECTION('',(-0.49999223858,3.533677486509E-08,-0.866029884796)
  );
#4170 = ORIENTED_EDGE('',*,*,#4139,.F.);
#4171 = PLANE('',#4172);
#4172 = AXIS2_PLACEMENT_3D('',#4173,#4174,#4175);
#4173 = CARTESIAN_POINT('',(2.819458240458,183.29448734381,
    -183.1050121297));
#4174 = DIRECTION('',(-0.866029884794,-2.086275269545E-06,0.499992238579
    ));
#4175 = DIRECTION('',(0.49999223858,-3.536448695986E-08,0.866029884796)
  );
#4176 = ADVANCED_FACE('',(#4177),#4201,.F.);
#4177 = FACE_BOUND('',#4178,.F.);
#4178 = EDGE_LOOP('',(#4179,#4180,#4193,#4199,#4200));
#4179 = ORIENTED_EDGE('',*,*,#4157,.F.);
#4180 = ORIENTED_EDGE('',*,*,#4181,.F.);
#4181 = EDGE_CURVE('',#4182,#4158,#4184,.T.);
#4182 = VERTEX_POINT('',#4183);
#4183 = CARTESIAN_POINT('',(-3.531380057507,183.44748812998,
    -189.1050585339));
#4184 = B_SPLINE_CURVE_WITH_KNOTS('',3,(#4185,#4186,#4187,#4188,#4189,
    #4190,#4191,#4192),.UNSPECIFIED.,.F.,.F.,(4,2,2,4),(0.,
    0.195322236694,0.3601389832,0.524955729707),.UNSPECIFIED.);
#4185 = CARTESIAN_POINT('',(-3.531380057507,183.44748812998,
    -189.1050585339));
#4186 = CARTESIAN_POINT('',(-2.880305935197,183.44748929482,
    -189.1050585339));
#4187 = CARTESIAN_POINT('',(-2.235456436358,183.44749031198,
    -188.9778892801));
#4188 = CARTESIAN_POINT('',(-1.124871793099,183.44749180958,
    -188.5221329523));
#4189 = CARTESIAN_POINT('',(-0.654449685243,183.44749233884,
    -188.2312068683));
#4190 = CARTESIAN_POINT('',(0.172839642163,183.44749304252,
    -187.5080843728));
#4191 = CARTESIAN_POINT('',(0.524079052999,183.44749321215,
    -187.0808071535));
#4192 = CARTESIAN_POINT('',(0.79876936647,183.44749319273,
    -186.6050197268));
#4193 = ORIENTED_EDGE('',*,*,#4194,.F.);
#4194 = EDGE_CURVE('',#2510,#4182,#4195,.T.);
#4195 = LINE('',#4196,#4197);
#4196 = CARTESIAN_POINT('',(-3.531379783764,183.2944824245,
    -189.1050586982));
#4197 = VECTOR('',#4198,1.);
#4198 = DIRECTION('',(1.789108618167E-06,-0.999999999998,
    -1.073724145381E-06));
#4199 = ORIENTED_EDGE('',*,*,#2704,.T.);
#4200 = ORIENTED_EDGE('',*,*,#2439,.T.);
#4201 = CYLINDRICAL_SURFACE('',#4202,5.000000000001);
#4202 = AXIS2_PLACEMENT_3D('',#4203,#4204,#4205);
#4203 = CARTESIAN_POINT('',(-3.531379783759,183.29447705588,
    -184.1050586982));
#4204 = DIRECTION('',(-1.789108618167E-06,0.999999999998,
    1.073724145381E-06));
#4205 = DIRECTION('',(0.500003880693,1.824431232912E-06,-0.866023163252)
  );
#4206 = ADVANCED_FACE('',(#4207),#4226,.T.);
#4207 = FACE_BOUND('',#4208,.T.);
#4208 = EDGE_LOOP('',(#4209,#4210,#4211,#4219,#4225));
#4209 = ORIENTED_EDGE('',*,*,#2507,.F.);
#4210 = ORIENTED_EDGE('',*,*,#2557,.F.);
#4211 = ORIENTED_EDGE('',*,*,#4212,.F.);
#4212 = EDGE_CURVE('',#4213,#2550,#4215,.T.);
#4213 = VERTEX_POINT('',#4214);
#4214 = CARTESIAN_POINT('',(-20.82429427479,183.44745719107,
    -189.105058534));
#4215 = LINE('',#4216,#4217);
#4216 = CARTESIAN_POINT('',(-20.82429400105,183.29445148623,
    -189.1050586982));
#4217 = VECTOR('',#4218,1.);
#4218 = DIRECTION('',(-1.789108617963E-06,0.999999999998,
    1.073724145498E-06));
#4219 = ORIENTED_EDGE('',*,*,#4220,.F.);
#4220 = EDGE_CURVE('',#4182,#4213,#4221,.T.);
#4221 = LINE('',#4222,#4223);
#4222 = CARTESIAN_POINT('',(-8.641621649083,183.4474789872,
    -189.1050585339));
#4223 = VECTOR('',#4224,1.);
#4224 = DIRECTION('',(-0.999999999998,-1.789108618169E-06,
    -7.84973412091E-13));
#4225 = ORIENTED_EDGE('',*,*,#4194,.F.);
#4226 = PLANE('',#4227);
#4227 = AXIS2_PLACEMENT_3D('',#4228,#4229,#4230);
#4228 = CARTESIAN_POINT('',(-20.82429400105,183.29445148623,
    -189.1050586982));
#4229 = DIRECTION('',(1.136035709948E-12,-1.07372414538E-06,
    0.999999999999));
#4230 = DIRECTION('',(0.999999999998,1.789053193113E-06,
    7.849139008694E-13));
#4231 = ADVANCED_FACE('',(#4232),#4250,.T.);
#4232 = FACE_BOUND('',#4233,.T.);
#4233 = EDGE_LOOP('',(#4234,#4235,#4243,#4249));
#4234 = ORIENTED_EDGE('',*,*,#2547,.F.);
#4235 = ORIENTED_EDGE('',*,*,#4236,.F.);
#4236 = EDGE_CURVE('',#4237,#2548,#4239,.T.);
#4237 = VERTEX_POINT('',#4238);
#4238 = CARTESIAN_POINT('',(-21.32416053296,183.44745683348,
    -189.6049247921));
#4239 = LINE('',#4240,#4241);
#4240 = CARTESIAN_POINT('',(-21.32416025922,183.29445112866,
    -189.6049249564));
#4241 = VECTOR('',#4242,1.);
#4242 = DIRECTION('',(-1.789108617963E-06,0.999999999998,
    1.073724145498E-06));
#4243 = ORIENTED_EDGE('',*,*,#4244,.F.);
#4244 = EDGE_CURVE('',#4213,#4237,#4245,.T.);
#4245 = LINE('',#4246,#4247);
#4246 = CARTESIAN_POINT('',(-9.160789532055,183.44746553497,
    -177.4415537912));
#4247 = VECTOR('',#4248,1.);
#4248 = DIRECTION('',(-0.707106781186,-5.058532118654E-07,
    -0.707106781187));
#4249 = ORIENTED_EDGE('',*,*,#4212,.T.);
#4250 = PLANE('',#4251);
#4251 = AXIS2_PLACEMENT_3D('',#4252,#4253,#4254);
#4252 = CARTESIAN_POINT('',(-21.32416025922,183.29445112866,
    -189.6049249564));
#4253 = DIRECTION('',(-0.707106781185,-2.024328460508E-06,0.707106781186
    ));
#4254 = DIRECTION('',(0.707106781186,5.058140204348E-07,0.707106781187)
  );
#4255 = ADVANCED_FACE('',(#4256),#4275,.T.);
#4256 = FACE_BOUND('',#4257,.T.);
#4257 = EDGE_LOOP('',(#4258,#4259,#4260,#4268,#4274));
#4258 = ORIENTED_EDGE('',*,*,#2580,.F.);
#4259 = ORIENTED_EDGE('',*,*,#2594,.F.);
#4260 = ORIENTED_EDGE('',*,*,#4261,.F.);
#4261 = EDGE_CURVE('',#4262,#2595,#4264,.T.);
#4262 = VERTEX_POINT('',#4263);
#4263 = CARTESIAN_POINT('',(-21.32416053297,183.44746089606,
    -194.0551357632));
#4264 = LINE('',#4265,#4266);
#4265 = CARTESIAN_POINT('',(-21.32416025922,183.29445375955,
    -194.0551359275));
#4266 = VECTOR('',#4267,1.);
#4267 = DIRECTION('',(-1.789108618167E-06,0.999999999998,
    1.073724145381E-06));
#4268 = ORIENTED_EDGE('',*,*,#4269,.F.);
#4269 = EDGE_CURVE('',#4237,#4262,#4270,.T.);
#4270 = LINE('',#4271,#4272);
#4271 = CARTESIAN_POINT('',(-21.32416053295,183.44744510948,
    -178.6859222919));
#4272 = VECTOR('',#4273,1.);
#4273 = DIRECTION('',(-9.184222196468E-13,1.073724145379E-06,
    -0.999999999999));
#4274 = ORIENTED_EDGE('',*,*,#4236,.T.);
#4275 = PLANE('',#4276);
#4276 = AXIS2_PLACEMENT_3D('',#4277,#4278,#4279);
#4277 = CARTESIAN_POINT('',(-21.32416025922,183.29445322271,
    -191.55519245));
#4278 = DIRECTION('',(-0.999999999998,-1.789108618167E-06,
    -1.002586902388E-12));
#4279 = DIRECTION('',(9.184222196399E-13,-1.073724145376E-06,
    0.999999999999));
#4280 = ADVANCED_FACE('',(#4281),#4301,.T.);
#4281 = FACE_BOUND('',#4282,.T.);
#4282 = EDGE_LOOP('',(#4283,#4284,#4285,#4286,#4294,#4300));
#4283 = ORIENTED_EDGE('',*,*,#2619,.F.);
#4284 = ORIENTED_EDGE('',*,*,#2633,.F.);
#4285 = ORIENTED_EDGE('',*,*,#2688,.F.);
#4286 = ORIENTED_EDGE('',*,*,#4287,.T.);
#4287 = EDGE_CURVE('',#2681,#4288,#4290,.T.);
#4288 = VERTEX_POINT('',#4289);
#4289 = CARTESIAN_POINT('',(-20.82416053297,183.4474594646,
    -194.5551357632));
#4290 = LINE('',#4291,#4292);
#4291 = CARTESIAN_POINT('',(-20.82416025923,183.29445519097,
    -194.5551359275));
#4292 = VECTOR('',#4293,1.);
#4293 = DIRECTION('',(1.789108618167E-06,-0.999999999998,
    -1.073724145381E-06));
#4294 = ORIENTED_EDGE('',*,*,#4295,.F.);
#4295 = EDGE_CURVE('',#4262,#4288,#4296,.T.);
#4296 = LINE('',#4297,#4298);
#4297 = CARTESIAN_POINT('',(-21.91747852189,183.44745919749,
    -193.4618177743));
#4298 = VECTOR('',#4299,1.);
#4299 = DIRECTION('',(0.707106781182,2.024328460506E-06,-0.707106781188)
  );
#4300 = ORIENTED_EDGE('',*,*,#4261,.T.);
#4301 = PLANE('',#4302);
#4302 = AXIS2_PLACEMENT_3D('',#4303,#4304,#4305);
#4303 = CARTESIAN_POINT('',(-21.07416025922,183.29445447526,
    -194.3051359275));
#4304 = DIRECTION('',(-0.707106781189,-5.058532118714E-07,
    -0.707106781184));
#4305 = DIRECTION('',(-0.707106781184,3.176373552204E-22,0.707106781189)
  );
#4306 = ADVANCED_FACE('',(#4307),#4325,.T.);
#4307 = FACE_BOUND('',#4308,.T.);
#4308 = EDGE_LOOP('',(#4309,#4310,#4318,#4324));
#4309 = ORIENTED_EDGE('',*,*,#2680,.F.);
#4310 = ORIENTED_EDGE('',*,*,#4311,.F.);
#4311 = EDGE_CURVE('',#4312,#2673,#4314,.T.);
#4312 = VERTEX_POINT('',#4313);
#4313 = CARTESIAN_POINT('',(-12.32416052124,183.4474775349,
    -194.5551357632));
#4314 = LINE('',#4315,#4316);
#4315 = CARTESIAN_POINT('',(-12.3241602475,183.29447039812,
    -194.5551359275));
#4316 = VECTOR('',#4317,1.);
#4317 = DIRECTION('',(-1.789108618167E-06,0.999999999998,
    1.073724145381E-06));
#4318 = ORIENTED_EDGE('',*,*,#4319,.F.);
#4319 = EDGE_CURVE('',#4288,#4312,#4320,.T.);
#4320 = LINE('',#4321,#4322);
#4321 = CARTESIAN_POINT('',(-4.39155508473,183.44749172719,
    -194.5551357632));
#4322 = VECTOR('',#4323,1.);
#4323 = DIRECTION('',(0.999999999998,1.789108618169E-06,
    7.724834030639E-13));
#4324 = ORIENTED_EDGE('',*,*,#4287,.F.);
#4325 = PLANE('',#4326);
#4326 = AXIS2_PLACEMENT_3D('',#4327,#4328,#4329);
#4327 = CARTESIAN_POINT('',(-12.32416087233,183.29446896671,
    -194.5551359275));
#4328 = DIRECTION('',(-1.148525718975E-12,1.07372414538E-06,
    -0.999999999999));
#4329 = DIRECTION('',(-0.999999999998,-1.789053193113E-06,
    -7.724238918423E-13));
#4330 = ADVANCED_FACE('',(#4331),#4352,.F.);
#4331 = FACE_BOUND('',#4332,.F.);
#4332 = EDGE_LOOP('',(#4333,#4334,#4343,#4349,#4350,#4351));
#4333 = ORIENTED_EDGE('',*,*,#4311,.F.);
#4334 = ORIENTED_EDGE('',*,*,#4335,.T.);
#4335 = EDGE_CURVE('',#4312,#4336,#4338,.T.);
#4336 = VERTEX_POINT('',#4337);
#4337 = CARTESIAN_POINT('',(-11.32416052125,183.44748039773,
    -195.5551357632));
#4338 = CIRCLE('',#4339,1.);
#4339 = AXIS2_PLACEMENT_3D('',#4340,#4341,#4342);
#4340 = CARTESIAN_POINT('',(-12.32416052124,183.44747860862,
    -195.5551357632));
#4341 = DIRECTION('',(-1.789108618169E-06,0.999999999998,
    1.073724145379E-06));
#4342 = DIRECTION('',(0.707106781186,5.058532118655E-07,0.707106781187)
  );
#4343 = ORIENTED_EDGE('',*,*,#4344,.F.);
#4344 = EDGE_CURVE('',#2880,#4336,#4345,.T.);
#4345 = LINE('',#4346,#4347);
#4346 = CARTESIAN_POINT('',(-11.3241602475,183.29447326095,
    -195.5551359275));
#4347 = VECTOR('',#4348,1.);
#4348 = DIRECTION('',(1.789108618167E-06,-0.999999999998,
    -1.073724145381E-06));
#4349 = ORIENTED_EDGE('',*,*,#2996,.T.);
#4350 = ORIENTED_EDGE('',*,*,#2785,.T.);
#4351 = ORIENTED_EDGE('',*,*,#2842,.T.);
#4352 = CYLINDRICAL_SURFACE('',#4353,1.);
#4353 = AXIS2_PLACEMENT_3D('',#4354,#4355,#4356);
#4354 = CARTESIAN_POINT('',(-12.3241602475,183.29447147184,
    -195.5551359275));
#4355 = DIRECTION('',(1.789108618167E-06,-0.999999999998,
    -1.073724145381E-06));
#4356 = DIRECTION('',(0.707106781186,5.058532118632E-07,0.707106781187)
  );
#4357 = ADVANCED_FACE('',(#4358),#4376,.T.);
#4358 = FACE_BOUND('',#4359,.T.);
#4359 = EDGE_LOOP('',(#4360,#4361,#4369,#4375));
#4360 = ORIENTED_EDGE('',*,*,#2877,.F.);
#4361 = ORIENTED_EDGE('',*,*,#4362,.F.);
#4362 = EDGE_CURVE('',#4363,#2878,#4365,.T.);
#4363 = VERTEX_POINT('',#4364);
#4364 = CARTESIAN_POINT('',(-11.32416052125,183.44748428085,
    -198.5050585339));
#4365 = LINE('',#4366,#4367);
#4366 = CARTESIAN_POINT('',(-11.3241602475,183.29447857525,
    -198.5050586982));
#4367 = VECTOR('',#4368,1.);
#4368 = DIRECTION('',(-1.789108618167E-06,0.999999999998,
    1.073724145381E-06));
#4369 = ORIENTED_EDGE('',*,*,#4370,.F.);
#4370 = EDGE_CURVE('',#4336,#4363,#4371,.T.);
#4371 = LINE('',#4372,#4373);
#4372 = CARTESIAN_POINT('',(-11.32416052123,183.44746443227,
    -180.6858938503));
#4373 = VECTOR('',#4374,1.);
#4374 = DIRECTION('',(-9.300240502542E-13,1.073724145379E-06,
    -0.999999999999));
#4375 = ORIENTED_EDGE('',*,*,#4344,.F.);
#4376 = PLANE('',#4377);
#4377 = AXIS2_PLACEMENT_3D('',#4378,#4379,#4380);
#4378 = CARTESIAN_POINT('',(-11.3241602475,183.29447469236,
    -195.5551355667));
#4379 = DIRECTION('',(-0.999999999998,-1.789108618167E-06,
    -9.909850717804E-13));
#4380 = DIRECTION('',(9.300240502472E-13,-1.073724145376E-06,
    0.999999999999));
#4381 = ADVANCED_FACE('',(#4382),#4402,.T.);
#4382 = FACE_BOUND('',#4383,.T.);
#4383 = EDGE_LOOP('',(#4384,#4385,#4386,#4387,#4395,#4401));
#4384 = ORIENTED_EDGE('',*,*,#2911,.F.);
#4385 = ORIENTED_EDGE('',*,*,#2925,.F.);
#4386 = ORIENTED_EDGE('',*,*,#2980,.F.);
#4387 = ORIENTED_EDGE('',*,*,#4388,.T.);
#4388 = EDGE_CURVE('',#2973,#4389,#4391,.T.);
#4389 = VERTEX_POINT('',#4390);
#4390 = CARTESIAN_POINT('',(-10.82416052125,183.44748571227,
    -199.0050585339));
#4391 = LINE('',#4392,#4393);
#4392 = CARTESIAN_POINT('',(-10.82416024751,183.29448000666,
    -199.0050586982));
#4393 = VECTOR('',#4394,1.);
#4394 = DIRECTION('',(1.789108618167E-06,-0.999999999998,
    -1.073724145381E-06));
#4395 = ORIENTED_EDGE('',*,*,#4396,.F.);
#4396 = EDGE_CURVE('',#4363,#4389,#4397,.T.);
#4397 = LINE('',#4398,#4399);
#4398 = CARTESIAN_POINT('',(-15.65495920574,183.4474718825,
    -194.1742598494));
#4399 = VECTOR('',#4400,1.);
#4400 = DIRECTION('',(0.707106781184,2.024328460508E-06,-0.707106781186)
  );
#4401 = ORIENTED_EDGE('',*,*,#4362,.T.);
#4402 = PLANE('',#4403);
#4403 = AXIS2_PLACEMENT_3D('',#4404,#4405,#4406);
#4404 = CARTESIAN_POINT('',(-11.07416024751,183.29447929096,
    -198.7550586982));
#4405 = DIRECTION('',(-0.707106781187,-5.058532118653E-07,
    -0.707106781186));
#4406 = DIRECTION('',(-0.707106781186,3.176373552204E-22,0.707106781187)
  );
#4407 = ADVANCED_FACE('',(#4408),#4426,.T.);
#4408 = FACE_BOUND('',#4409,.T.);
#4409 = EDGE_LOOP('',(#4410,#4411,#4419,#4425));
#4410 = ORIENTED_EDGE('',*,*,#2972,.F.);
#4411 = ORIENTED_EDGE('',*,*,#4412,.F.);
#4412 = EDGE_CURVE('',#4413,#2965,#4415,.T.);
#4413 = VERTEX_POINT('',#4414);
#4414 = CARTESIAN_POINT('',(-5.321270127562,183.44749555754,
    -199.0050585339));
#4415 = LINE('',#4416,#4417);
#4416 = CARTESIAN_POINT('',(-5.321364231952,236.04597302381,
    -199.0050020577));
#4417 = VECTOR('',#4418,1.);
#4418 = DIRECTION('',(-1.78910861815E-06,0.999999999998,
    1.073724145381E-06));
#4419 = ORIENTED_EDGE('',*,*,#4420,.F.);
#4420 = EDGE_CURVE('',#4389,#4413,#4421,.T.);
#4421 = LINE('',#4422,#4423);
#4422 = CARTESIAN_POINT('',(0.264562840103,183.4475055512,
    -199.0050585339));
#4423 = VECTOR('',#4424,1.);
#4424 = DIRECTION('',(0.999999999998,1.789108618169E-06,
    7.84973412091E-13));
#4425 = ORIENTED_EDGE('',*,*,#4388,.F.);
#4426 = PLANE('',#4427);
#4427 = AXIS2_PLACEMENT_3D('',#4428,#4429,#4430);
#4428 = CARTESIAN_POINT('',(-3.01192502267,183.29449398337,
    -199.0050586982));
#4429 = DIRECTION('',(-1.136035709948E-12,1.07372414538E-06,
    -0.999999999999));
#4430 = DIRECTION('',(-0.999999999998,-1.789053193113E-06,
    -7.849139008694E-13));
#4431 = ADVANCED_FACE('',(#4432),#4456,.T.);
#4432 = FACE_BOUND('',#4433,.T.);
#4433 = EDGE_LOOP('',(#4434,#4435,#4436,#4444,#4455));
#4434 = ORIENTED_EDGE('',*,*,#3092,.F.);
#4435 = ORIENTED_EDGE('',*,*,#3041,.F.);
#4436 = ORIENTED_EDGE('',*,*,#4437,.T.);
#4437 = EDGE_CURVE('',#3034,#4438,#4440,.T.);
#4438 = VERTEX_POINT('',#4439);
#4439 = CARTESIAN_POINT('',(8.535172181268,183.44751175836,
    -191.0049964425));
#4440 = LINE('',#4441,#4442);
#4441 = CARTESIAN_POINT('',(8.535078076879,236.04598922463,
    -191.0049399663));
#4442 = VECTOR('',#4443,1.);
#4443 = DIRECTION('',(1.78910861815E-06,-0.999999999998,
    -1.073724145381E-06));
#4444 = ORIENTED_EDGE('',*,*,#4445,.T.);
#4445 = EDGE_CURVE('',#4438,#4413,#4446,.T.);
#4446 = B_SPLINE_CURVE_WITH_KNOTS('',3,(#4447,#4448,#4449,#4450,#4451,
    #4452,#4453,#4454),.UNSPECIFIED.,.F.,.F.,(4,2,2,4),(0.,
    0.625031157419,1.15244113727,1.679851117122),.UNSPECIFIED.);
#4447 = CARTESIAN_POINT('',(8.535172181268,183.44751175836,
    -191.0049964425));
#4448 = CARTESIAN_POINT('',(7.493461670787,183.44751183196,
    -192.8093106455));
#4449 = CARTESIAN_POINT('',(6.109287794752,183.44751105587,
    -194.3929053943));
#4450 = CARTESIAN_POINT('',(3.069343424168,183.44750813876,
    -196.7414439825));
#4451 = CARTESIAN_POINT('',(1.510445543284,183.44750624971,
    -197.5796371542));
#4452 = CARTESIAN_POINT('',(-1.817162820342,183.44750151565,
    -198.7153071935));
#4453 = CARTESIAN_POINT('',(-3.563236861394,183.44749870285,
    -199.0050585339));
#4454 = CARTESIAN_POINT('',(-5.321270127562,183.44749555754,
    -199.0050585339));
#4455 = ORIENTED_EDGE('',*,*,#4412,.T.);
#4456 = CYLINDRICAL_SURFACE('',#4457,16.000000000003);
#4457 = AXIS2_PLACEMENT_3D('',#4458,#4459,#4460);
#4458 = CARTESIAN_POINT('',(-5.321364231933,236.04595584422,
    -183.0050020577));
#4459 = DIRECTION('',(1.78910861815E-06,-0.999999999998,
    -1.073724145381E-06));
#4460 = DIRECTION('',(0.50000194035,1.824428964275E-06,-0.866024283518)
  );
#4461 = ADVANCED_FACE('',(#4462),#4481,.T.);
#4462 = FACE_BOUND('',#4463,.T.);
#4463 = EDGE_LOOP('',(#4464,#4465,#4466,#4474,#4480));
#4464 = ORIENTED_EDGE('',*,*,#3168,.F.);
#4465 = ORIENTED_EDGE('',*,*,#3137,.F.);
#4466 = ORIENTED_EDGE('',*,*,#4467,.F.);
#4467 = EDGE_CURVE('',#4468,#3130,#4470,.T.);
#4468 = VERTEX_POINT('',#4469);
#4469 = CARTESIAN_POINT('',(32.922043741351,183.44751003529,
    -148.7652587439));
#4470 = LINE('',#4471,#4472);
#4471 = CARTESIAN_POINT('',(32.921949636962,236.04598750089,
    -148.7652022677));
#4472 = VECTOR('',#4473,1.);
#4473 = DIRECTION('',(-1.789108618159E-06,0.999999999998,
    1.073724145366E-06));
#4474 = ORIENTED_EDGE('',*,*,#4475,.F.);
#4475 = EDGE_CURVE('',#4438,#4468,#4476,.T.);
#4476 = LINE('',#4477,#4478);
#4477 = CARTESIAN_POINT('',(19.497718947031,183.4475109838,
    -172.0171119673));
#4478 = VECTOR('',#4479,1.);
#4479 = DIRECTION('',(0.499996119289,-3.532742618269E-08,0.866027644302)
  );
#4480 = ORIENTED_EDGE('',*,*,#4437,.F.);
#4481 = PLANE('',#4482);
#4482 = AXIS2_PLACEMENT_3D('',#4483,#4484,#4485);
#4483 = CARTESIAN_POINT('',(19.069729786771,288.7974716524,
    -172.757979028));
#4484 = DIRECTION('',(0.866027644301,2.086275427855E-06,-0.499996119288)
  );
#4485 = DIRECTION('',(-0.499996119289,2.419783253531E-07,-0.866027644302
    ));
#4486 = ADVANCED_FACE('',(#4487),#4511,.T.);
#4487 = FACE_BOUND('',#4488,.T.);
#4488 = EDGE_LOOP('',(#4489,#4490,#4491,#4499,#4510));
#4489 = ORIENTED_EDGE('',*,*,#3264,.F.);
#4490 = ORIENTED_EDGE('',*,*,#3213,.F.);
#4491 = ORIENTED_EDGE('',*,*,#4492,.T.);
#4492 = EDGE_CURVE('',#3206,#4493,#4495,.T.);
#4493 = VERTEX_POINT('',#4494);
#4494 = CARTESIAN_POINT('',(32.922007892912,183.44749285549,
    -132.765320835));
#4495 = LINE('',#4496,#4497);
#4496 = CARTESIAN_POINT('',(32.921913788688,236.04597032131,
    -132.7652643591));
#4497 = VECTOR('',#4498,1.);
#4498 = DIRECTION('',(1.789108618159E-06,-0.999999999998,
    -1.073724145366E-06));
#4499 = ORIENTED_EDGE('',*,*,#4500,.T.);
#4500 = EDGE_CURVE('',#4493,#4468,#4501,.T.);
#4501 = B_SPLINE_CURVE_WITH_KNOTS('',3,(#4502,#4503,#4504,#4505,#4506,
    #4507,#4508,#4509),.UNSPECIFIED.,.F.,.F.,(4,2,2,4),(0.,
    0.625031157419,1.152433919307,1.679836681194),.UNSPECIFIED.);
#4502 = CARTESIAN_POINT('',(32.922007893078,183.44749285549,
    -132.7653208353));
#4503 = CARTESIAN_POINT('',(33.963726488774,183.44749665661,
    -134.5696303703));
#4504 = CARTESIAN_POINT('',(34.643063912863,183.44750000934,
    -136.5601605287));
#4505 = CARTESIAN_POINT('',(35.1569655289,183.44750501641,
    -140.3670773331));
#4506 = CARTESIAN_POINT('',(35.103409947445,183.44750682016,
    -142.1361944283));
#4507 = CARTESIAN_POINT('',(34.423134180142,183.44750930701,
    -145.5857756142));
#4508 = CARTESIAN_POINT('',(33.80104152219,183.44750997318,
    -147.2427741723));
#4509 = CARTESIAN_POINT('',(32.922043741374,183.44751003529,
    -148.7652587439));
#4510 = ORIENTED_EDGE('',*,*,#4467,.T.);
#4511 = CYLINDRICAL_SURFACE('',#4512,16.000000000009);
#4512 = AXIS2_PLACEMENT_3D('',#4513,#4514,#4515);
#4513 = CARTESIAN_POINT('',(19.065507328144,236.04595412048,
    -140.7652643591));
#4514 = DIRECTION('',(1.789108618159E-06,-0.999999999998,
    -1.073724145366E-06));
#4515 = DIRECTION('',(0.999999999996,1.789106212446E-06,
    2.240527703248E-06));
#4516 = ADVANCED_FACE('',(#4517),#4536,.T.);
#4517 = FACE_BOUND('',#4518,.T.);
#4518 = EDGE_LOOP('',(#4519,#4520,#4521,#4529,#4535));
#4519 = ORIENTED_EDGE('',*,*,#3496,.F.);
#4520 = ORIENTED_EDGE('',*,*,#3299,.F.);
#4521 = ORIENTED_EDGE('',*,*,#4522,.F.);
#4522 = EDGE_CURVE('',#4523,#3300,#4525,.T.);
#4523 = VERTEX_POINT('',#4524);
#4524 = CARTESIAN_POINT('',(25.134434182802,183.44746443978,
    -119.2768475014));
#4525 = LINE('',#4526,#4527);
#4526 = CARTESIAN_POINT('',(25.134434456546,183.29445873281,
    -119.2768476657));
#4527 = VECTOR('',#4528,1.);
#4528 = DIRECTION('',(-1.789108617963E-06,0.999999999998,
    1.073724145498E-06));
#4529 = ORIENTED_EDGE('',*,*,#4530,.F.);
#4530 = EDGE_CURVE('',#4493,#4523,#4531,.T.);
#4531 = LINE('',#4532,#4533);
#4532 = CARTESIAN_POINT('',(31.645399188503,183.44748819733,
    -130.5541696976));
#4533 = VECTOR('',#4534,1.);
#4534 = DIRECTION('',(-0.499999999998,-1.82442669564E-06,0.866025403783)
  );
#4535 = ORIENTED_EDGE('',*,*,#4492,.F.);
#4536 = PLANE('',#4537);
#4537 = AXIS2_PLACEMENT_3D('',#4538,#4539,#4540);
#4538 = CARTESIAN_POINT('',(25.134434456546,183.29445873281,
    -119.2768476657));
#4539 = DIRECTION('',(0.866025403784,1.012551440772E-06,0.500000000001)
  );
#4540 = DIRECTION('',(0.499999999998,1.824398983108E-06,-0.866025403783)
  );
#4541 = ADVANCED_FACE('',(#4542),#4562,.T.);
#4542 = FACE_BOUND('',#4543,.T.);
#4543 = EDGE_LOOP('',(#4544,#4545,#4546,#4547,#4555,#4561));
#4544 = ORIENTED_EDGE('',*,*,#3333,.F.);
#4545 = ORIENTED_EDGE('',*,*,#3347,.F.);
#4546 = ORIENTED_EDGE('',*,*,#3388,.F.);
#4547 = ORIENTED_EDGE('',*,*,#4548,.F.);
#4548 = EDGE_CURVE('',#4549,#3381,#4551,.T.);
#4549 = VERTEX_POINT('',#4550);
#4550 = CARTESIAN_POINT('',(24.451315997312,183.44746302107,
    -119.0938065353));
#4551 = LINE('',#4552,#4553);
#4552 = CARTESIAN_POINT('',(24.451316271056,183.29445731414,
    -119.0938066996));
#4553 = VECTOR('',#4554,1.);
#4554 = DIRECTION('',(-1.789108617963E-06,0.999999999998,
    1.073724145498E-06));
#4555 = ORIENTED_EDGE('',*,*,#4556,.F.);
#4556 = EDGE_CURVE('',#4523,#4549,#4557,.T.);
#4557 = LINE('',#4558,#4559);
#4558 = CARTESIAN_POINT('',(21.40292568936,183.44745669014,
    -118.276992814));
#4559 = VECTOR('',#4560,1.);
#4560 = DIRECTION('',(-0.965925826287,-2.006046478337E-06,0.258819045102
    ));
#4561 = ORIENTED_EDGE('',*,*,#4522,.T.);
#4562 = PLANE('',#4563);
#4563 = AXIS2_PLACEMENT_3D('',#4564,#4565,#4566);
#4564 = CARTESIAN_POINT('',(24.451316271055,183.29445731414,
    -119.0938066996));
#4565 = DIRECTION('',(0.258819045103,-5.740824981943E-07,0.965925826289)
  );
#4566 = DIRECTION('',(0.965925826287,2.005992941842E-06,-0.258819045102)
  );
#4567 = ADVANCED_FACE('',(#4568),#4587,.T.);
#4568 = FACE_BOUND('',#4569,.T.);
#4569 = EDGE_LOOP('',(#4570,#4571,#4572,#4580,#4586));
#4570 = ORIENTED_EDGE('',*,*,#3378,.F.);
#4571 = ORIENTED_EDGE('',*,*,#3427,.F.);
#4572 = ORIENTED_EDGE('',*,*,#4573,.F.);
#4573 = EDGE_CURVE('',#4574,#3420,#4576,.T.);
#4574 = VERTEX_POINT('',#4575);
#4575 = CARTESIAN_POINT('',(22.762748993811,183.44746104681,
    -120.0687011493));
#4576 = LINE('',#4577,#4578);
#4577 = CARTESIAN_POINT('',(22.762749267555,183.29445533998,
    -120.0687013136));
#4578 = VECTOR('',#4579,1.);
#4579 = DIRECTION('',(-1.789108617963E-06,0.999999999998,
    1.073724145498E-06));
#4580 = ORIENTED_EDGE('',*,*,#4581,.F.);
#4581 = EDGE_CURVE('',#4549,#4574,#4582,.T.);
#4582 = LINE('',#4583,#4584);
#4583 = CARTESIAN_POINT('',(8.247966482265,183.44744407622,
    -128.4488147396));
#4584 = VECTOR('',#4585,1.);
#4585 = DIRECTION('',(-0.866025403784,-1.012551440775E-06,-0.5));
#4586 = ORIENTED_EDGE('',*,*,#4548,.T.);
#4587 = PLANE('',#4588);
#4588 = AXIS2_PLACEMENT_3D('',#4589,#4590,#4591);
#4589 = CARTESIAN_POINT('',(22.762749267555,183.29445533998,
    -120.0687013136));
#4590 = DIRECTION('',(-0.499999999998,-1.82442669564E-06,0.866025403784)
  );
#4591 = DIRECTION('',(0.866025403784,1.01250344127E-06,0.5));
#4592 = ADVANCED_FACE('',(#4593),#4611,.T.);
#4593 = FACE_BOUND('',#4594,.T.);
#4594 = EDGE_LOOP('',(#4595,#4596,#4604,#4610));
#4595 = ORIENTED_EDGE('',*,*,#3417,.F.);
#4596 = ORIENTED_EDGE('',*,*,#4597,.F.);
#4597 = EDGE_CURVE('',#4598,#3418,#4600,.T.);
#4598 = VERTEX_POINT('',#4599);
#4599 = CARTESIAN_POINT('',(22.579659076968,183.44746145292,
    -120.7520020213));
#4600 = LINE('',#4601,#4602);
#4601 = CARTESIAN_POINT('',(22.579659350712,183.29445574609,
    -120.7520021856));
#4602 = VECTOR('',#4603,1.);
#4603 = DIRECTION('',(-1.789108617963E-06,0.999999999998,
    1.073724145498E-06));
#4604 = ORIENTED_EDGE('',*,*,#4605,.F.);
#4605 = EDGE_CURVE('',#4574,#4598,#4606,.T.);
#4606 = LINE('',#4607,#4608);
#4607 = CARTESIAN_POINT('',(17.174930737956,183.44747344106,
    -140.9227227835));
#4608 = VECTOR('',#4609,1.);
#4609 = DIRECTION('',(-0.258819045103,5.740824981927E-07,-0.965925826289
    ));
#4610 = ORIENTED_EDGE('',*,*,#4573,.T.);
#4611 = PLANE('',#4612);
#4612 = AXIS2_PLACEMENT_3D('',#4613,#4614,#4615);
#4613 = CARTESIAN_POINT('',(22.579659350712,183.29445574609,
    -120.7520021856));
#4614 = DIRECTION('',(-0.965925826287,-2.006046478335E-06,0.258819045101
    ));
#4615 = DIRECTION('',(0.258819045103,-5.740968432492E-07,0.965925826289)
  );
#4616 = ADVANCED_FACE('',(#4617),#4637,.T.);
#4617 = FACE_BOUND('',#4618,.T.);
#4618 = EDGE_LOOP('',(#4619,#4620,#4621,#4622,#4630,#4636));
#4619 = ORIENTED_EDGE('',*,*,#3450,.F.);
#4620 = ORIENTED_EDGE('',*,*,#3480,.F.);
#4621 = ORIENTED_EDGE('',*,*,#3628,.F.);
#4622 = ORIENTED_EDGE('',*,*,#4623,.F.);
#4623 = EDGE_CURVE('',#4624,#3568,#4626,.T.);
#4624 = VERTEX_POINT('',#4625);
#4625 = CARTESIAN_POINT('',(26.333803605096,183.44747515146,
    -127.254371083));
#4626 = LINE('',#4627,#4628);
#4627 = CARTESIAN_POINT('',(26.33380387884,183.29446944418,
    -127.2543712473));
#4628 = VECTOR('',#4629,1.);
#4629 = DIRECTION('',(-1.789108617963E-06,0.999999999998,
    1.073724145498E-06));
#4630 = ORIENTED_EDGE('',*,*,#4631,.F.);
#4631 = EDGE_CURVE('',#4598,#4624,#4632,.T.);
#4632 = LINE('',#4633,#4634);
#4633 = CARTESIAN_POINT('',(30.967663068988,183.44749205973,
    -135.2804511096));
#4634 = VECTOR('',#4635,1.);
#4635 = DIRECTION('',(0.499999999998,1.82442669564E-06,-0.866025403783)
  );
#4636 = ORIENTED_EDGE('',*,*,#4597,.T.);
#4637 = PLANE('',#4638);
#4638 = AXIS2_PLACEMENT_3D('',#4639,#4640,#4641);
#4639 = CARTESIAN_POINT('',(26.333804191256,183.29446944418,
    -127.2543717884));
#4640 = DIRECTION('',(-0.866025403784,-1.012551440772E-06,
    -0.500000000001));
#4641 = DIRECTION('',(-0.499999999998,-1.824398983108E-06,0.866025403783
    ));
#4642 = ADVANCED_FACE('',(#4643),#4663,.F.);
#4643 = FACE_BOUND('',#4644,.F.);
#4644 = EDGE_LOOP('',(#4645,#4646,#4655,#4661,#4662));
#4645 = ORIENTED_EDGE('',*,*,#4623,.F.);
#4646 = ORIENTED_EDGE('',*,*,#4647,.T.);
#4647 = EDGE_CURVE('',#4624,#4648,#4650,.T.);
#4648 = VERTEX_POINT('',#4649);
#4649 = CARTESIAN_POINT('',(25.96777820131,183.44747596333,
    -128.6203964868));
#4650 = CIRCLE('',#4651,1.);
#4651 = AXIS2_PLACEMENT_3D('',#4652,#4653,#4654);
#4652 = CARTESIAN_POINT('',(25.467778201312,183.44747413891,
    -127.754371083));
#4653 = DIRECTION('',(-1.789108618169E-06,0.999999999998,
    1.073724145379E-06));
#4654 = DIRECTION('',(0.965925826287,2.006046478337E-06,-0.258819045102)
  );
#4655 = ORIENTED_EDGE('',*,*,#4656,.T.);
#4656 = EDGE_CURVE('',#4648,#3664,#4657,.T.);
#4657 = LINE('',#4658,#4659);
#4658 = CARTESIAN_POINT('',(25.967778475054,183.29447025608,
    -128.6203966511));
#4659 = VECTOR('',#4660,1.);
#4660 = DIRECTION('',(-1.789108617963E-06,0.999999999998,
    1.073724145498E-06));
#4661 = ORIENTED_EDGE('',*,*,#3704,.T.);
#4662 = ORIENTED_EDGE('',*,*,#3595,.T.);
#4663 = CYLINDRICAL_SURFACE('',#4664,1.);
#4664 = AXIS2_PLACEMENT_3D('',#4665,#4666,#4667);
#4665 = CARTESIAN_POINT('',(25.467778475056,183.29446843168,
    -127.7543712473));
#4666 = DIRECTION('',(-1.789108618167E-06,0.999999999998,
    1.073724145381E-06));
#4667 = DIRECTION('',(0.965925826287,2.006046478335E-06,-0.258819045102)
  );
#4668 = ADVANCED_FACE('',(#4669),#4688,.T.);
#4669 = FACE_BOUND('',#4670,.T.);
#4670 = EDGE_LOOP('',(#4671,#4672,#4673,#4681,#4687));
#4671 = ORIENTED_EDGE('',*,*,#3689,.F.);
#4672 = ORIENTED_EDGE('',*,*,#3806,.F.);
#4673 = ORIENTED_EDGE('',*,*,#4674,.T.);
#4674 = EDGE_CURVE('',#3740,#4675,#4677,.T.);
#4675 = VERTEX_POINT('',#4676);
#4676 = CARTESIAN_POINT('',(24.235727393742,183.44747393823,
    -129.6203964868));
#4677 = LINE('',#4678,#4679);
#4678 = CARTESIAN_POINT('',(24.235727667486,183.29446823107,
    -129.6203966511));
#4679 = VECTOR('',#4680,1.);
#4680 = DIRECTION('',(1.789108594646E-06,-0.999999999998,
    -1.073724156887E-06));
#4681 = ORIENTED_EDGE('',*,*,#4682,.F.);
#4682 = EDGE_CURVE('',#4648,#4675,#4683,.T.);
#4683 = LINE('',#4684,#4685);
#4684 = CARTESIAN_POINT('',(11.236580841293,183.44745873971,
    -137.1254572481));
#4685 = VECTOR('',#4686,1.);
#4686 = DIRECTION('',(-0.866025403784,-1.012551440775E-06,-0.5));
#4687 = ORIENTED_EDGE('',*,*,#4656,.T.);
#4688 = PLANE('',#4689);
#4689 = AXIS2_PLACEMENT_3D('',#4690,#4691,#4692);
#4690 = CARTESIAN_POINT('',(24.235727979903,183.29446823107,
    -129.6203964707));
#4691 = DIRECTION('',(-0.499999999998,-1.82442669564E-06,0.866025403784)
  );
#4692 = DIRECTION('',(0.866025403784,1.01250344127E-06,0.5));
#4693 = ADVANCED_FACE('',(#4694),#4713,.F.);
#4694 = FACE_BOUND('',#4695,.F.);
#4695 = EDGE_LOOP('',(#4696,#4697,#4706,#4712));
#4696 = ORIENTED_EDGE('',*,*,#4674,.T.);
#4697 = ORIENTED_EDGE('',*,*,#4698,.T.);
#4698 = EDGE_CURVE('',#4675,#4699,#4701,.T.);
#4699 = VERTEX_POINT('',#4700);
#4700 = CARTESIAN_POINT('',(22.869701989961,183.44747110125,
    -129.254371083));
#4701 = CIRCLE('',#4702,1.);
#4702 = AXIS2_PLACEMENT_3D('',#4703,#4704,#4705);
#4703 = CARTESIAN_POINT('',(23.735727393745,183.4474721138,
    -128.754371083));
#4704 = DIRECTION('',(-1.789108618169E-06,0.999999999998,
    1.073724145379E-06));
#4705 = DIRECTION('',(-0.965925826287,-2.006046478337E-06,0.258819045102
    ));
#4706 = ORIENTED_EDGE('',*,*,#4707,.T.);
#4707 = EDGE_CURVE('',#4699,#3761,#4708,.T.);
#4708 = LINE('',#4709,#4710);
#4709 = CARTESIAN_POINT('',(22.869702263705,183.29446539417,
    -129.2543712473));
#4710 = VECTOR('',#4711,1.);
#4711 = DIRECTION('',(-1.789108617963E-06,0.999999999998,
    1.073724145498E-06));
#4712 = ORIENTED_EDGE('',*,*,#3768,.T.);
#4713 = CYLINDRICAL_SURFACE('',#4714,1.);
#4714 = AXIS2_PLACEMENT_3D('',#4715,#4716,#4717);
#4715 = CARTESIAN_POINT('',(23.735727667489,183.29446640667,
    -128.7543712473));
#4716 = DIRECTION('',(-1.789108618167E-06,0.999999999998,
    1.073724145381E-06));
#4717 = DIRECTION('',(-0.965925826287,-2.006046478335E-06,0.258819045102
    ));
#4718 = ADVANCED_FACE('',(#4719),#4812,.F.);
#4719 = FACE_BOUND('',#4720,.T.);
#4720 = EDGE_LOOP('',(#4721,#4722,#4723,#4724,#4725,#4726,#4727,#4728,
    #4729,#4730,#4731,#4732,#4733,#4734,#4735,#4736,#4737,#4738,#4739,
    #4740,#4741,#4742,#4743,#4744,#4745,#4746,#4747,#4748,#4749,#4750,
    #4751,#4752,#4753,#4754,#4755,#4756,#4757,#4758,#4759,#4760,#4761,
    #4762,#4763,#4764,#4765,#4766,#4767,#4768,#4769,#4770,#4771,#4772,
    #4773,#4774,#4775,#4776,#4777,#4778,#4779,#4780,#4781,#4782,#4783,
    #4784,#4785,#4786,#4787,#4788,#4789,#4790,#4791,#4792,#4793,#4794,
    #4795,#4796,#4797,#4798,#4799,#4800,#4801,#4802,#4803,#4804,#4805,
    #4806,#4807,#4808,#4809,#4810,#4811));
#4721 = ORIENTED_EDGE('',*,*,#3749,.F.);
#4722 = ORIENTED_EDGE('',*,*,#3814,.F.);
#4723 = ORIENTED_EDGE('',*,*,#3673,.F.);
#4724 = ORIENTED_EDGE('',*,*,#3712,.F.);
#4725 = ORIENTED_EDGE('',*,*,#3577,.F.);
#4726 = ORIENTED_EDGE('',*,*,#3636,.F.);
#4727 = ORIENTED_EDGE('',*,*,#3464,.F.);
#4728 = ORIENTED_EDGE('',*,*,#3434,.F.);
#4729 = ORIENTED_EDGE('',*,*,#3395,.F.);
#4730 = ORIENTED_EDGE('',*,*,#3356,.F.);
#4731 = ORIENTED_EDGE('',*,*,#3317,.F.);
#4732 = ORIENTED_EDGE('',*,*,#3504,.F.);
#4733 = ORIENTED_EDGE('',*,*,#3231,.F.);
#4734 = ORIENTED_EDGE('',*,*,#3272,.F.);
#4735 = ORIENTED_EDGE('',*,*,#3153,.F.);
#4736 = ORIENTED_EDGE('',*,*,#3176,.F.);
#4737 = ORIENTED_EDGE('',*,*,#3059,.F.);
#4738 = ORIENTED_EDGE('',*,*,#3100,.F.);
#4739 = ORIENTED_EDGE('',*,*,#2956,.F.);
#4740 = ORIENTED_EDGE('',*,*,#2934,.F.);
#4741 = ORIENTED_EDGE('',*,*,#2895,.F.);
#4742 = ORIENTED_EDGE('',*,*,#3004,.F.);
#4743 = ORIENTED_EDGE('',*,*,#2804,.F.);
#4744 = ORIENTED_EDGE('',*,*,#2850,.F.);
#4745 = ORIENTED_EDGE('',*,*,#2664,.F.);
#4746 = ORIENTED_EDGE('',*,*,#2642,.F.);
#4747 = ORIENTED_EDGE('',*,*,#2603,.F.);
#4748 = ORIENTED_EDGE('',*,*,#2564,.F.);
#4749 = ORIENTED_EDGE('',*,*,#2525,.F.);
#4750 = ORIENTED_EDGE('',*,*,#2712,.F.);
#4751 = ORIENTED_EDGE('',*,*,#2421,.F.);
#4752 = ORIENTED_EDGE('',*,*,#2480,.F.);
#4753 = ORIENTED_EDGE('',*,*,#2345,.F.);
#4754 = ORIENTED_EDGE('',*,*,#2384,.F.);
#4755 = ORIENTED_EDGE('',*,*,#2255,.F.);
#4756 = ORIENTED_EDGE('',*,*,#2308,.F.);
#4757 = ORIENTED_EDGE('',*,*,#2179,.F.);
#4758 = ORIENTED_EDGE('',*,*,#2218,.F.);
#4759 = ORIENTED_EDGE('',*,*,#2106,.F.);
#4760 = ORIENTED_EDGE('',*,*,#2074,.F.);
#4761 = ORIENTED_EDGE('',*,*,#1983,.F.);
#4762 = ORIENTED_EDGE('',*,*,#2142,.F.);
#4763 = ORIENTED_EDGE('',*,*,#1907,.F.);
#4764 = ORIENTED_EDGE('',*,*,#1946,.F.);
#4765 = ORIENTED_EDGE('',*,*,#1818,.F.);
#4766 = ORIENTED_EDGE('',*,*,#1763,.F.);
#4767 = ORIENTED_EDGE('',*,*,#1707,.F.);
#4768 = ORIENTED_EDGE('',*,*,#1875,.F.);
#4769 = ORIENTED_EDGE('',*,*,#1660,.F.);
#4770 = ORIENTED_EDGE('',*,*,#1638,.F.);
#4771 = ORIENTED_EDGE('',*,*,#1585,.F.);
#4772 = ORIENTED_EDGE('',*,*,#2748,.F.);
#4773 = ORIENTED_EDGE('',*,*,#1509,.F.);
#4774 = ORIENTED_EDGE('',*,*,#1548,.F.);
#4775 = ORIENTED_EDGE('',*,*,#1419,.F.);
#4776 = ORIENTED_EDGE('',*,*,#1472,.F.);
#4777 = ORIENTED_EDGE('',*,*,#1343,.F.);
#4778 = ORIENTED_EDGE('',*,*,#1382,.F.);
#4779 = ORIENTED_EDGE('',*,*,#1253,.F.);
#4780 = ORIENTED_EDGE('',*,*,#1306,.F.);
#4781 = ORIENTED_EDGE('',*,*,#1177,.F.);
#4782 = ORIENTED_EDGE('',*,*,#1216,.F.);
#4783 = ORIENTED_EDGE('',*,*,#1102,.F.);
#4784 = ORIENTED_EDGE('',*,*,#1093,.F.);
#4785 = ORIENTED_EDGE('',*,*,#1026,.F.);
#4786 = ORIENTED_EDGE('',*,*,#1129,.F.);
#4787 = ORIENTED_EDGE('',*,*,#995,.F.);
#4788 = ORIENTED_EDGE('',*,*,#948,.F.);
#4789 = ORIENTED_EDGE('',*,*,#926,.F.);
#4790 = ORIENTED_EDGE('',*,*,#843,.F.);
#4791 = ORIENTED_EDGE('',*,*,#3540,.F.);
#4792 = ORIENTED_EDGE('',*,*,#767,.F.);
#4793 = ORIENTED_EDGE('',*,*,#806,.F.);
#4794 = ORIENTED_EDGE('',*,*,#664,.F.);
#4795 = ORIENTED_EDGE('',*,*,#626,.F.);
#4796 = ORIENTED_EDGE('',*,*,#565,.F.);
#4797 = ORIENTED_EDGE('',*,*,#730,.F.);
#4798 = ORIENTED_EDGE('',*,*,#489,.F.);
#4799 = ORIENTED_EDGE('',*,*,#528,.F.);
#4800 = ORIENTED_EDGE('',*,*,#399,.F.);
#4801 = ORIENTED_EDGE('',*,*,#452,.F.);
#4802 = ORIENTED_EDGE('',*,*,#323,.F.);
#4803 = ORIENTED_EDGE('',*,*,#362,.F.);
#4804 = ORIENTED_EDGE('',*,*,#227,.F.);
#4805 = ORIENTED_EDGE('',*,*,#286,.F.);
#4806 = ORIENTED_EDGE('',*,*,#139,.F.);
#4807 = ORIENTED_EDGE('',*,*,#179,.F.);
#4808 = ORIENTED_EDGE('',*,*,#100,.F.);
#4809 = ORIENTED_EDGE('',*,*,#78,.F.);
#4810 = ORIENTED_EDGE('',*,*,#39,.F.);
#4811 = ORIENTED_EDGE('',*,*,#3850,.F.);
#4812 = PLANE('',#4813);
#4813 = AXIS2_PLACEMENT_3D('',#4814,#4815,#4816);
#4814 = CARTESIAN_POINT('',(31.445673053526,343.08781212737,
    -113.4841360637));
#4815 = DIRECTION('',(0.353555852599,-0.707107073399,0.612370676831));
#4816 = DIRECTION('',(0.894425963789,0.447216049913,1.60061804283E-07));
#4817 = ADVANCED_FACE('',(#4818),#4854,.F.);
#4818 = FACE_BOUND('',#4819,.F.);
#4819 = EDGE_LOOP('',(#4820,#4831,#4840,#4847));
#4820 = ORIENTED_EDGE('',*,*,#4821,.T.);
#4821 = EDGE_CURVE('',#4822,#4824,#4826,.T.);
#4822 = VERTEX_POINT('',#4823);
#4823 = CARTESIAN_POINT('',(6.665056802498,223.31223733298,
    -172.6154095923));
#4824 = VERTEX_POINT('',#4825);
#4825 = CARTESIAN_POINT('',(6.488281821838,222.95868395488,
    -172.9215958998));
#4826 = CIRCLE('',#4827,0.5);
#4827 = AXIS2_PLACEMENT_3D('',#4828,#4829,#4830);
#4828 = CARTESIAN_POINT('',(6.79446740714,223.31223808308,
    -173.0983722155));
#4829 = DIRECTION('',(0.78867628307,-0.577348222688,0.211326170367));
#4830 = DIRECTION('',(-0.258821209283,-1.500196518192E-06,0.965925246395
    ));
#4831 = ORIENTED_EDGE('',*,*,#4832,.F.);
#4832 = EDGE_CURVE('',#4833,#4824,#4835,.T.);
#4833 = VERTEX_POINT('',#4834);
#4834 = CARTESIAN_POINT('',(4.591225635896,224.72645120637,
    -172.6718443952));
#4835 = ELLIPSE('',#4836,3.535533905933,2.5);
#4836 = AXIS2_PLACEMENT_3D('',#4837,#4838,#4839);
#4837 = CARTESIAN_POINT('',(5.841225635896,224.72645111807,
    -170.5067808858));
#4838 = DIRECTION('',(-0.612371170604,-0.707108256405,0.353552631355));
#4839 = DIRECTION('',(0.612373700785,-0.707105305965,-0.35355414983));
#4840 = ORIENTED_EDGE('',*,*,#4841,.T.);
#4841 = EDGE_CURVE('',#4833,#3963,#4842,.T.);
#4842 = CIRCLE('',#4843,0.5);
#4843 = AXIS2_PLACEMENT_3D('',#4844,#4845,#4846);
#4844 = CARTESIAN_POINT('',(4.897411221198,225.08000533457,
    -172.8486207109));
#4845 = DIRECTION('',(-0.612373700785,0.707105305965,0.35355414983));
#4846 = DIRECTION('',(-0.612371170604,-0.707108256405,0.353552631355));
#4847 = ORIENTED_EDGE('',*,*,#4848,.F.);
#4848 = EDGE_CURVE('',#4822,#3963,#4849,.T.);
#4849 = ELLIPSE('',#4850,3.201562118716,2.);
#4850 = AXIS2_PLACEMENT_3D('',#4851,#4852,#4853);
#4851 = CARTESIAN_POINT('',(6.147411221198,225.08000524628,
    -170.6835572014));
#4852 = DIRECTION('',(0.676251108352,0.624696676661,-0.39043373397));
#4853 = DIRECTION('',(0.541003177858,-0.780867506155,-0.312348362214));
#4854 = B_SPLINE_SURFACE_WITH_KNOTS('',3,3,(
    (#4855,#4856,#4857,#4858)
    ,(#4859,#4860,#4861,#4862)
    ,(#4863,#4864,#4865,#4866)
    ,(#4867,#4868,#4869,#4870)
    ,(#4871,#4872,#4873,#4874
  )),.UNSPECIFIED.,.F.,.F.,.F.,(4,1,4),(4,4),(0.,0.5,1.),(0.785395922871
    ,1.570796326795),.UNSPECIFIED.);
#4855 = CARTESIAN_POINT('',(6.665056802498,223.31223733298,
    -172.6154095923));
#4856 = CARTESIAN_POINT('',(6.159297255379,223.77503716301,
    -172.7509279503));
#4857 = CARTESIAN_POINT('',(5.600863526796,224.42550607268,
    -172.6774088464));
#4858 = CARTESIAN_POINT('',(5.147411221198,225.08000531691,
    -172.415608009));
#4859 = CARTESIAN_POINT('',(6.61639054618,223.24098452637,
    -172.6284499039));
#4860 = CARTESIAN_POINT('',(6.091703546137,223.69970234378,
    -172.755256894));
#4861 = CARTESIAN_POINT('',(5.517615586064,224.34396129866,
    -172.6579589609));
#4862 = CARTESIAN_POINT('',(5.067252022413,224.9874450626,
    -172.3693280778));
#4863 = CARTESIAN_POINT('',(6.531258115973,223.09860230973,
    -172.6997245173));
#4864 = CARTESIAN_POINT('',(5.960545173313,223.54930815002,
    -172.8260872561));
#4865 = CARTESIAN_POINT('',(5.336653157624,224.18075185962,
    -172.7025359694));
#4866 = CARTESIAN_POINT('',(4.853421583151,224.80319556525,
    -172.371195798));
#4867 = CARTESIAN_POINT('',(6.493054637252,222.99431032463,
    -172.8420760992));
#4868 = CARTESIAN_POINT('',(5.878466306486,223.44973699939,
    -172.995381482));
#4869 = CARTESIAN_POINT('',(5.201142915786,224.08947421199,
    -172.8908185459));
#4870 = CARTESIAN_POINT('',(4.656675482846,224.72645120175,
    -172.558481935));
#4871 = CARTESIAN_POINT('',(6.488281821838,222.95868395488,
    -172.9215958998));
#4872 = CARTESIAN_POINT('',(5.856082594939,223.42148359507,
    -173.0909939715));
#4873 = CARTESIAN_POINT('',(5.158040725151,224.07195223524,
    -172.9990952663));
#4874 = CARTESIAN_POINT('',(4.591225635896,224.72645120637,
    -172.6718443952));
#4875 = ADVANCED_FACE('',(#4876),#4895,.T.);
#4876 = FACE_BOUND('',#4877,.T.);
#4877 = EDGE_LOOP('',(#4878,#4887,#4893,#4894));
#4878 = ORIENTED_EDGE('',*,*,#4879,.T.);
#4879 = EDGE_CURVE('',#3888,#4880,#4882,.T.);
#4880 = VERTEX_POINT('',#4881);
#4881 = CARTESIAN_POINT('',(-10.00530520579,241.58100324479,
    -164.2445326972));
#4882 = CIRCLE('',#4883,0.5);
#4883 = AXIS2_PLACEMENT_3D('',#4884,#4885,#4886);
#4884 = CARTESIAN_POINT('',(-9.699119620495,241.93455737299,
    -164.4213090129));
#4885 = DIRECTION('',(0.612373700785,-0.707105305965,-0.35355414983));
#4886 = DIRECTION('',(0.5,-3.53180951429E-08,0.866025403785));
#4887 = ORIENTED_EDGE('',*,*,#4888,.T.);
#4888 = EDGE_CURVE('',#4880,#4833,#4889,.T.);
#4889 = LINE('',#4890,#4891);
#4890 = CARTESIAN_POINT('',(4.181781999056,225.19923403119,
    -172.435451982));
#4891 = VECTOR('',#4892,1.);
#4892 = DIRECTION('',(0.612373700785,-0.707105305965,-0.35355414983));
#4893 = ORIENTED_EDGE('',*,*,#4841,.T.);
#4894 = ORIENTED_EDGE('',*,*,#3962,.T.);
#4895 = CYLINDRICAL_SURFACE('',#4896,0.5);
#4896 = AXIS2_PLACEMENT_3D('',#4897,#4898,#4899);
#4897 = CARTESIAN_POINT('',(4.487967584358,225.55278815939,
    -172.6122282977));
#4898 = DIRECTION('',(0.612373700785,-0.707105305965,-0.35355414983));
#4899 = DIRECTION('',(-7.945841674385E-02,-0.50000106811,0.862371898833)
  );
#4900 = ADVANCED_FACE('',(#4901),#4927,.T.);
#4901 = FACE_BOUND('',#4902,.T.);
#4902 = EDGE_LOOP('',(#4903,#4914,#4920,#4921));
#4903 = ORIENTED_EDGE('',*,*,#4904,.T.);
#4904 = EDGE_CURVE('',#4905,#4907,#4909,.T.);
#4905 = VERTEX_POINT('',#4906);
#4906 = CARTESIAN_POINT('',(8.30293558602,221.63027184457,
    -172.4353585947));
#4907 = VERTEX_POINT('',#4908);
#4908 = CARTESIAN_POINT('',(8.479710566681,221.98382522267,
    -172.1291722872));
#4909 = CIRCLE('',#4910,0.5);
#4910 = AXIS2_PLACEMENT_3D('',#4911,#4912,#4913);
#4911 = CARTESIAN_POINT('',(8.609121171322,221.98382597277,
    -172.6121349104));
#4912 = DIRECTION('',(-0.78867628307,0.577348222688,-0.211326170367));
#4913 = DIRECTION('',(-0.612371170604,-0.707108256405,0.353552631355));
#4914 = ORIENTED_EDGE('',*,*,#4915,.T.);
#4915 = EDGE_CURVE('',#4907,#4822,#4916,.T.);
#4916 = LINE('',#4917,#4918);
#4917 = CARTESIAN_POINT('',(-14.23681087878,238.61338992969,
    -178.2160745869));
#4918 = VECTOR('',#4919,1.);
#4919 = DIRECTION('',(-0.78867628307,0.577348222688,-0.211326170367));
#4920 = ORIENTED_EDGE('',*,*,#4821,.T.);
#4921 = ORIENTED_EDGE('',*,*,#4922,.T.);
#4922 = EDGE_CURVE('',#4824,#4905,#4923,.T.);
#4923 = LINE('',#4924,#4925);
#4924 = CARTESIAN_POINT('',(-14.41358585944,238.25983655159,
    -178.5222608944));
#4925 = VECTOR('',#4926,1.);
#4926 = DIRECTION('',(0.78867628307,-0.577348222688,0.211326170367));
#4927 = CYLINDRICAL_SURFACE('',#4928,0.5);
#4928 = AXIS2_PLACEMENT_3D('',#4929,#4930,#4931);
#4929 = CARTESIAN_POINT('',(-14.10740027414,238.61339067979,
    -178.69903721));
#4930 = DIRECTION('',(-0.78867628307,0.577348222688,-0.211326170367));
#4931 = DIRECTION('',(-0.502982967219,-0.408249855871,0.761800623436));
#4932 = ADVANCED_FACE('',(#4933),#4973,.F.);
#4933 = FACE_BOUND('',#4934,.F.);
#4934 = EDGE_LOOP('',(#4935,#4944,#4945,#4954));
#4935 = ORIENTED_EDGE('',*,*,#4936,.F.);
#4936 = EDGE_CURVE('',#4905,#4937,#4939,.T.);
#4937 = VERTEX_POINT('',#4938);
#4938 = CARTESIAN_POINT('',(9.265856836396,221.04747309521,
    -171.9331323629));
#4939 = ELLIPSE('',#4940,3.535533905933,2.5);
#4940 = AXIS2_PLACEMENT_3D('',#4941,#4942,#4943);
#4941 = CARTESIAN_POINT('',(7.655879400078,223.39803900776,
    -170.0205435806));
#4942 = DIRECTION('',(-0.612371170604,-0.707108256405,0.353552631355));
#4943 = DIRECTION('',(0.612373700785,-0.707105305965,-0.35355414983));
#4944 = ORIENTED_EDGE('',*,*,#4904,.T.);
#4945 = ORIENTED_EDGE('',*,*,#4946,.F.);
#4946 = EDGE_CURVE('',#4947,#4907,#4949,.T.);
#4947 = VERTEX_POINT('',#4948);
#4948 = CARTESIAN_POINT('',(9.636944991539,221.25532548622,
    -171.2903879567));
#4949 = ELLIPSE('',#4950,3.201562118716,2.);
#4950 = AXIS2_PLACEMENT_3D('',#4951,#4952,#4953);
#4951 = CARTESIAN_POINT('',(7.96206498538,223.75159313596,
    -170.1973198963));
#4952 = DIRECTION('',(0.676251108352,0.624696676661,-0.39043373397));
#4953 = DIRECTION('',(0.541003177858,-0.780867506155,-0.312348362214));
#4954 = ORIENTED_EDGE('',*,*,#4955,.T.);
#4955 = EDGE_CURVE('',#4947,#4937,#4956,.T.);
#4956 = B_SPLINE_CURVE_WITH_KNOTS('',3,(#4957,#4958,#4959,#4960,#4961,
    #4962,#4963,#4964,#4965,#4966,#4967,#4968,#4969,#4970,#4971,#4972),
  .UNSPECIFIED.,.F.,.F.,(4,2,2,2,2,2,2,4),(0.,3.427476569049E-04,
    1.459739356921E-03,2.986557008077E-03,5.180080193002E-03,
    9.506401809488E-03,1.556331580446E-02,2.131473990517E-02),
  .UNSPECIFIED.);
#4957 = CARTESIAN_POINT('',(9.636944991539,221.25532548622,
    -171.2903879567));
#4958 = CARTESIAN_POINT('',(9.636944993583,221.25418299403,
    -171.290387958));
#4959 = CARTESIAN_POINT('',(9.636909263746,221.25304580462,
    -171.2904498486));
#4960 = CARTESIAN_POINT('',(9.636605270313,221.24821818004,
    -171.2909764008));
#4961 = CARTESIAN_POINT('',(9.636003919521,221.2447302265,
    -171.2920179855));
#4962 = CARTESIAN_POINT('',(9.633979651874,221.23691596197,
    -171.2955241525));
#4963 = CARTESIAN_POINT('',(9.632289553691,221.23256042367,
    -171.2984515066));
#4964 = CARTESIAN_POINT('',(9.627214307336,221.2221796715,
    -171.3072421345));
#4965 = CARTESIAN_POINT('',(9.622660308852,221.21472393332,
    -171.3151299223));
#4966 = CARTESIAN_POINT('',(9.601027643942,221.18774564043,
    -171.3525989096));
#4967 = CARTESIAN_POINT('',(9.580082973618,221.16854428316,
    -171.3888762229));
#4968 = CARTESIAN_POINT('',(9.524765477375,221.12629879616,
    -171.4846891132));
#4969 = CARTESIAN_POINT('',(9.479408695665,221.09792905283,
    -171.563249482));
#4970 = CARTESIAN_POINT('',(9.372267845004,221.05745865139,
    -171.7488230477));
#4971 = CARTESIAN_POINT('',(9.319064657854,221.04747309147,
    -171.8409737127));
#4972 = CARTESIAN_POINT('',(9.265856836346,221.04747309523,
    -171.9331323629));
#4973 = B_SPLINE_SURFACE_WITH_KNOTS('',3,3,(
    (#4974,#4975,#4976,#4977)
    ,(#4978,#4979,#4980,#4981)
    ,(#4982,#4983,#4984,#4985)
    ,(#4986,#4987,#4988,#4989)
    ,(#4990,#4991,#4992,#4993
  )),.UNSPECIFIED.,.F.,.F.,.F.,(4,1,4),(4,4),(0.,0.571428571429,1.),(
    -0.785395922871,-5.458839222279E-02),.UNSPECIFIED.);
#4974 = CARTESIAN_POINT('',(8.30293558602,221.63027184457,
    -172.4353585947));
#4975 = CARTESIAN_POINT('',(8.891190893224,221.1996412254,
    -172.2777353164));
#4976 = CARTESIAN_POINT('',(9.416694690496,220.93499627845,
    -171.8968281004));
#4977 = CARTESIAN_POINT('',(9.749520742033,220.90176816133,
    -171.3868129377));
#4978 = CARTESIAN_POINT('',(8.308390232207,221.67098769571,
    -172.3444788225));
#4979 = CARTESIAN_POINT('',(8.877935420697,221.24822397054,
    -172.2040194288));
#4980 = CARTESIAN_POINT('',(9.387148178059,220.98731488485,
    -171.8433464853));
#4981 = CARTESIAN_POINT('',(9.706651903683,220.95460223449,
    -171.3553953561));
#4982 = CARTESIAN_POINT('',(8.350916695098,221.78019003955,
    -172.2048455419));
#4983 = CARTESIAN_POINT('',(8.878410152439,221.36037343955,
    -172.0885443396));
#4984 = CARTESIAN_POINT('',(9.354503894237,221.10077519472,
    -171.7608294471));
#4985 = CARTESIAN_POINT('',(9.650070872453,221.0682271273,
    -171.3110688652));
#4986 = CARTESIAN_POINT('',(8.437996632694,221.92275138843,
    -172.1403496971));
#4987 = CARTESIAN_POINT('',(8.923678993175,221.49534733047,
    -172.0211340242));
#4988 = CARTESIAN_POINT('',(9.360955880728,221.23222336195,
    -171.7119408477));
#4989 = CARTESIAN_POINT('',(9.635305579548,221.19919853343,
    -171.2929003714));
#4990 = CARTESIAN_POINT('',(8.479710566681,221.98382522267,
    -172.1291722872));
#4991 = CARTESIAN_POINT('',(8.950314966533,221.55319442686,
    -172.003073757));
#4992 = CARTESIAN_POINT('',(9.370718099046,221.28854937368,
    -171.6983480411));
#4993 = CARTESIAN_POINT('',(9.636978952165,221.25532124698,
    -171.290335918));
#4994 = ADVANCED_FACE('',(#4995),#5006,.F.);
#4995 = FACE_BOUND('',#4996,.F.);
#4996 = EDGE_LOOP('',(#4997,#5003,#5004,#5005));
#4997 = ORIENTED_EDGE('',*,*,#4998,.F.);
#4998 = EDGE_CURVE('',#4822,#1576,#4999,.T.);
#4999 = LINE('',#5000,#5001);
#5000 = CARTESIAN_POINT('',(6.665026753566,240.10771386216,
    -172.6153915586));
#5001 = VECTOR('',#5002,1.);
#5002 = DIRECTION('',(-1.789108618154E-06,0.999999999998,
    1.073724145373E-06));
#5003 = ORIENTED_EDGE('',*,*,#4848,.T.);
#5004 = ORIENTED_EDGE('',*,*,#3970,.F.);
#5005 = ORIENTED_EDGE('',*,*,#1602,.T.);
#5006 = CYLINDRICAL_SURFACE('',#5007,2.);
#5007 = AXIS2_PLACEMENT_3D('',#5008,#5009,#5010);
#5008 = CARTESIAN_POINT('',(6.147384335,240.10771086176,-170.6835410658)
  );
#5009 = DIRECTION('',(-1.789108618154E-06,0.999999999998,
    1.073724145373E-06));
#5010 = DIRECTION('',(-0.130525081541,8.310148951971E-07,-0.991445007596
    ));
#5011 = ADVANCED_FACE('',(#5012),#5023,.T.);
#5012 = FACE_BOUND('',#5013,.T.);
#5013 = EDGE_LOOP('',(#5014,#5015,#5016));
#5014 = ORIENTED_EDGE('',*,*,#4879,.F.);
#5015 = ORIENTED_EDGE('',*,*,#3887,.F.);
#5016 = ORIENTED_EDGE('',*,*,#5017,.T.);
#5017 = EDGE_CURVE('',#3880,#4880,#5018,.T.);
#5018 = CIRCLE('',#5019,0.5);
#5019 = AXIS2_PLACEMENT_3D('',#5020,#5021,#5022);
#5020 = CARTESIAN_POINT('',(-9.699119620495,241.93455737299,
    -164.4213090129));
#5021 = DIRECTION('',(0.5,-3.531807687973E-08,0.866025403785));
#5022 = DIRECTION('',(-0.800102460527,-0.382685359832,0.461939355358));
#5023 = SPHERICAL_SURFACE('',#5024,0.5);
#5024 = AXIS2_PLACEMENT_3D('',#5025,#5026,#5027);
#5025 = CARTESIAN_POINT('',(-9.699119620495,241.93455737299,
    -164.4213090129));
#5026 = DIRECTION('',(0.166438383,-0.9416625658,-0.292523292807));
#5027 = DIRECTION('',(-0.465680714983,-0.336558482541,0.818455777377));
#5028 = ADVANCED_FACE('',(#5029),#5048,.T.);
#5029 = FACE_BOUND('',#5030,.T.);
#5030 = EDGE_LOOP('',(#5031,#5032,#5033,#5042));
#5031 = ORIENTED_EDGE('',*,*,#5017,.F.);
#5032 = ORIENTED_EDGE('',*,*,#3920,.T.);
#5033 = ORIENTED_EDGE('',*,*,#5034,.F.);
#5034 = EDGE_CURVE('',#5035,#3913,#5037,.T.);
#5035 = VERTEX_POINT('',#5036);
#5036 = CARTESIAN_POINT('',(-11.00530520579,241.58100331543,
    -165.9765835047));
#5037 = CIRCLE('',#5038,0.5);
#5038 = AXIS2_PLACEMENT_3D('',#5039,#5040,#5041);
#5039 = CARTESIAN_POINT('',(-10.69911962049,241.93455744363,
    -166.1533598204));
#5040 = DIRECTION('',(-0.5,3.531807685198E-08,-0.866025403785));
#5041 = DIRECTION('',(-0.800102460527,-0.382685359832,0.461939355358));
#5042 = ORIENTED_EDGE('',*,*,#5043,.T.);
#5043 = EDGE_CURVE('',#5035,#4880,#5044,.T.);
#5044 = LINE('',#5045,#5046);
#5045 = CARTESIAN_POINT('',(-10.86461602096,241.58100330549,
    -165.7329026885));
#5046 = VECTOR('',#5047,1.);
#5047 = DIRECTION('',(0.5,-3.531807683108E-08,0.866025403785));
#5048 = CYLINDRICAL_SURFACE('',#5049,0.5);
#5049 = AXIS2_PLACEMENT_3D('',#5050,#5051,#5052);
#5050 = CARTESIAN_POINT('',(-10.55843043566,241.93455743369,
    -165.9096790042));
#5051 = DIRECTION('',(-0.5,3.531807683108E-08,-0.866025403785));
#5052 = DIRECTION('',(-0.800102460527,-0.382685359832,0.461939355358));
#5053 = ADVANCED_FACE('',(#5054),#5082,.F.);
#5054 = FACE_BOUND('',#5055,.F.);
#5055 = EDGE_LOOP('',(#5056,#5065,#5074,#5081));
#5056 = ORIENTED_EDGE('',*,*,#5057,.T.);
#5057 = EDGE_CURVE('',#4028,#5058,#5060,.T.);
#5058 = VERTEX_POINT('',#5059);
#5059 = CARTESIAN_POINT('',(3.158264069568,225.22639015491,
    -174.1539247055));
#5060 = CIRCLE('',#5061,0.5);
#5061 = AXIS2_PLACEMENT_3D('',#5062,#5063,#5064);
#5062 = CARTESIAN_POINT('',(3.464449654869,225.57994428311,
    -174.3307010212));
#5063 = DIRECTION('',(-0.612373700785,0.707105305965,0.35355414983));
#5064 = DIRECTION('',(-0.5,3.531809511514E-08,-0.866025403785));
#5065 = ORIENTED_EDGE('',*,*,#5066,.F.);
#5066 = EDGE_CURVE('',#5067,#5058,#5069,.T.);
#5067 = VERTEX_POINT('',#5068);
#5068 = CARTESIAN_POINT('',(4.323078898525,223.45863483731,
    -175.6719316794));
#5069 = ELLIPSE('',#5070,3.535533905933,2.5);
#5070 = AXIS2_PLACEMENT_3D('',#5071,#5072,#5073);
#5071 = CARTESIAN_POINT('',(1.908264069568,225.22639024321,
    -176.318988215));
#5072 = DIRECTION('',(-0.612371170604,-0.707108256405,0.353552631355));
#5073 = DIRECTION('',(0.612373700785,-0.707105305965,-0.35355414983));
#5074 = ORIENTED_EDGE('',*,*,#5075,.T.);
#5075 = EDGE_CURVE('',#5067,#4063,#5076,.T.);
#5076 = CIRCLE('',#5077,0.5);
#5077 = AXIS2_PLACEMENT_3D('',#5078,#5079,#5080);
#5078 = CARTESIAN_POINT('',(4.629264483827,223.81218896551,
    -175.8487079951));
#5079 = DIRECTION('',(0.211329116781,-0.57735076903,-0.788673629521));
#5080 = DIRECTION('',(-0.612371170604,-0.707108256405,0.353552631355));
#5081 = ORIENTED_EDGE('',*,*,#4062,.F.);
#5082 = B_SPLINE_SURFACE_WITH_KNOTS('',3,3,(
    (#5083,#5084,#5085,#5086)
    ,(#5087,#5088,#5089,#5090)
    ,(#5091,#5092,#5093,#5094)
    ,(#5095,#5096,#5097,#5098)
    ,(#5099,#5100,#5101,#5102
  )),.UNSPECIFIED.,.F.,.F.,.F.,(4,1,4),(4,4),(0.,0.5,1.),(
    -1.570796326795,-0.785402644444),.UNSPECIFIED.);
#5083 = CARTESIAN_POINT('',(3.214449654869,225.57994430077,
    -174.7637137231));
#5084 = CARTESIAN_POINT('',(3.667898079756,224.92545065785,-175.02551232
    ));
#5085 = CARTESIAN_POINT('',(4.010782494341,224.27498719428,
    -175.4723650978));
#5086 = CARTESIAN_POINT('',(4.146302150578,223.81218824039,
    -175.9781196818));
#5087 = CARTESIAN_POINT('',(3.134290456084,225.48738404646,
    -174.7174337919));
#5088 = CARTESIAN_POINT('',(3.609429825907,224.8439057878,
    -174.9631425739));
#5089 = CARTESIAN_POINT('',(3.980734142282,224.19965226084,
    -175.4116627164));
#5090 = CARTESIAN_POINT('',(4.133261827156,223.74093532686,
    -175.9294530053));
#5091 = CARTESIAN_POINT('',(3.028992797173,225.30313458852,
    -174.5313173164));
#5092 = CARTESIAN_POINT('',(3.557553044605,224.68069620666,
    -174.7841359245));
#5093 = CARTESIAN_POINT('',(3.976495085982,224.04925784659,
    -175.2626605192));
#5094 = CARTESIAN_POINT('',(4.152420645984,223.59855290415,
    -175.8200878456));
#5095 = CARTESIAN_POINT('',(3.092814222618,225.22639015953,
    -174.2672871658));
#5096 = CARTESIAN_POINT('',(3.652855071302,224.58941862002,
    -174.5726389145));
#5097 = CARTESIAN_POINT('',(4.082068534528,223.94968681118,
    -175.1069300881));
#5098 = CARTESIAN_POINT('',(4.25659901055,223.49426102482,
    -175.7158255558));
#5099 = CARTESIAN_POINT('',(3.158264069568,225.22639015491,
    -174.1539247055));
#5100 = CARTESIAN_POINT('',(3.725074307935,224.57189678508,
    -174.4811727759));
#5101 = CARTESIAN_POINT('',(4.153679535228,223.92143359482,
    -175.0397385736));
#5102 = CARTESIAN_POINT('',(4.323078898525,223.45863483731,
    -175.6719316794));
#5103 = ADVANCED_FACE('',(#5104),#5123,.T.);
#5104 = FACE_BOUND('',#5105,.T.);
#5105 = EDGE_LOOP('',(#5106,#5115,#5121,#5122));
#5106 = ORIENTED_EDGE('',*,*,#5107,.T.);
#5107 = EDGE_CURVE('',#4090,#5108,#5110,.T.);
#5108 = VERTEX_POINT('',#5109);
#5109 = CARTESIAN_POINT('',(4.992351776845,221.6301825309,
    -178.1696370507));
#5110 = CIRCLE('',#5111,0.5);
#5111 = AXIS2_PLACEMENT_3D('',#5112,#5113,#5114);
#5112 = CARTESIAN_POINT('',(5.298537362147,221.9837366591,
    -178.3464133664));
#5113 = DIRECTION('',(-0.211329116781,0.57735076903,0.788673629521));
#5114 = DIRECTION('',(-0.965924666498,-1.450239253326E-06,
    -0.258823373459));
#5115 = ORIENTED_EDGE('',*,*,#5116,.T.);
#5116 = EDGE_CURVE('',#5108,#5067,#5117,.T.);
#5117 = LINE('',#5118,#5119);
#5118 = CARTESIAN_POINT('',(5.28046922569,220.84304617602,
    -179.2448823248));
#5119 = VECTOR('',#5120,1.);
#5120 = DIRECTION('',(-0.211329116781,0.57735076903,0.788673629521));
#5121 = ORIENTED_EDGE('',*,*,#5075,.T.);
#5122 = ORIENTED_EDGE('',*,*,#4097,.T.);
#5123 = CYLINDRICAL_SURFACE('',#5124,0.5);
#5124 = AXIS2_PLACEMENT_3D('',#5125,#5126,#5127);
#5125 = CARTESIAN_POINT('',(5.586654810992,221.19660030423,
    -179.4216586405));
#5126 = DIRECTION('',(0.211329116781,-0.57735076903,-0.788673629521));
#5127 = DIRECTION('',(-0.911230206957,-0.408250284376,5.46920033924E-02)
  );
#5128 = ADVANCED_FACE('',(#5129),#5161,.F.);
#5129 = FACE_BOUND('',#5130,.F.);
#5130 = EDGE_LOOP('',(#5131,#5132,#5133,#5142));
#5131 = ORIENTED_EDGE('',*,*,#4113,.F.);
#5132 = ORIENTED_EDGE('',*,*,#5107,.T.);
#5133 = ORIENTED_EDGE('',*,*,#5134,.F.);
#5134 = EDGE_CURVE('',#5135,#5108,#5137,.T.);
#5135 = VERTEX_POINT('',#5136);
#5136 = CARTESIAN_POINT('',(5.038928210032,221.04747339378,
    -179.2543875037));
#5137 = ELLIPSE('',#5138,3.535533905933,2.5);
#5138 = AXIS2_PLACEMENT_3D('',#5139,#5140,#5141);
#5139 = CARTESIAN_POINT('',(2.577536947888,223.3979379368,
    -178.8166935862));
#5140 = DIRECTION('',(-0.612371170604,-0.707108256405,0.353552631355));
#5141 = DIRECTION('',(0.612373700785,-0.707105305965,-0.35355414983));
#5142 = ORIENTED_EDGE('',*,*,#5143,.T.);
#5143 = EDGE_CURVE('',#5135,#4114,#5144,.T.);
#5144 = B_SPLINE_CURVE_WITH_KNOTS('',3,(#5145,#5146,#5147,#5148,#5149,
    #5150,#5151,#5152,#5153,#5154,#5155,#5156,#5157,#5158,#5159,#5160),
  .UNSPECIFIED.,.F.,.F.,(4,2,2,2,2,2,2,4),(0.,2.968795426209E-02,
    6.264204996489E-02,8.463154657266E-02,9.96406167122E-02,
    0.109544528018,0.114735288719,0.119660832049),.UNSPECIFIED.);
#5145 = CARTESIAN_POINT('',(5.038928210043,221.0474733938,
    -179.2543875036));
#5146 = CARTESIAN_POINT('',(4.989448286273,221.0474733973,
    -179.3400892455));
#5147 = CARTESIAN_POINT('',(4.939903521311,221.05612955955,
    -179.4259032596));
#5148 = CARTESIAN_POINT('',(4.837215324214,221.09219437565,
    -179.6037642838));
#5149 = CARTESIAN_POINT('',(4.791819510602,221.11883966089,
    -179.6823920283));
#5150 = CARTESIAN_POINT('',(4.734643907257,221.16050992668,
    -179.7814229044));
#5151 = CARTESIAN_POINT('',(4.714483099524,221.17811894848,
    -179.8163423742));
#5152 = CARTESIAN_POINT('',(4.689251643093,221.20568832638,
    -179.8600444236));
#5153 = CARTESIAN_POINT('',(4.682413130258,221.21515041502,
    -179.8718890358));
#5154 = CARTESIAN_POINT('',(4.674598775409,221.22920020114,
    -179.8854238368));
#5155 = CARTESIAN_POINT('',(4.672453607713,221.23432687553,
    -179.8891393549));
#5156 = CARTESIAN_POINT('',(4.670272911594,221.24167496476,
    -179.8929164007));
#5157 = CARTESIAN_POINT('',(4.669651865609,221.24434825437,
    -179.8939920727));
#5158 = CARTESIAN_POINT('',(4.668828943168,221.24983813515,
    -179.8954173933));
#5159 = CARTESIAN_POINT('',(4.668619138648,221.25255990436,
    -179.895780774));
#5160 = CARTESIAN_POINT('',(4.668619133654,221.25535119463,
    -179.8957807711));
#5161 = B_SPLINE_SURFACE_WITH_KNOTS('',3,3,(
    (#5162,#5163,#5164,#5165)
    ,(#5166,#5167,#5168,#5169)
    ,(#5170,#5171,#5172,#5173)
    ,(#5174,#5175,#5176,#5177)
    ,(#5178,#5179,#5180,#5181
  )),.UNSPECIFIED.,.F.,.F.,.F.,(4,1,4),(4,4),(0.,0.571428571429,1.),(
    5.497782662736,6.227721807711),.UNSPECIFIED.);
#5162 = CARTESIAN_POINT('',(4.815575028898,221.98373593398,
    -178.4758250531));
#5163 = CARTESIAN_POINT('',(4.941526006382,221.55361397058,
    -178.945869665));
#5164 = CARTESIAN_POINT('',(4.88812630249,221.28906060614,
    -179.4616478855));
#5165 = CARTESIAN_POINT('',(4.668549490069,221.25534049131,
    -179.8959185227));
#5166 = CARTESIAN_POINT('',(4.80067180213,221.9023040328,-178.4202059942
    ));
#5167 = CARTESIAN_POINT('',(4.944741258108,221.47654244447,
    -178.9030219075));
#5168 = CARTESIAN_POINT('',(4.897291372423,221.21395190838,
    -179.441268504));
#5169 = CARTESIAN_POINT('',(4.67042142158,221.18050922161,
    -179.8922166345));
#5170 = CARTESIAN_POINT('',(4.826705158412,221.76011425646,
    -178.3091397944));
#5171 = CARTESIAN_POINT('',(4.990884020049,221.34167479769,
    -178.8309154823));
#5172 = CARTESIAN_POINT('',(4.944394413736,221.08261561707,
    -179.4130864165));
#5173 = CARTESIAN_POINT('',(4.700492753376,221.0496473469,
    -179.8992924699));
#5174 = CARTESIAN_POINT('',(4.935369015723,221.66071926306,
    -178.2072603733));
#5175 = CARTESIAN_POINT('',(5.09683138392,221.23643778261,
    -178.7762672914));
#5176 = CARTESIAN_POINT('',(5.037213979068,220.97474131,-179.4028181007)
  );
#5177 = CARTESIAN_POINT('',(4.772053894488,220.94141157024,
    -179.9287519603));
#5178 = CARTESIAN_POINT('',(4.992351776845,221.6301825309,
    -178.1696370507));
#5179 = CARTESIAN_POINT('',(5.149790306316,221.20006075,-178.7571927002)
  );
#5180 = CARTESIAN_POINT('',(5.083040558122,220.93550750014,
    -179.4019154047));
#5181 = CARTESIAN_POINT('',(4.808569527514,220.90178740367,
    -179.9447536921));
#5182 = ADVANCED_FACE('',(#5183),#5200,.T.);
#5183 = FACE_BOUND('',#5184,.T.);
#5184 = EDGE_LOOP('',(#5185,#5192,#5193,#5194));
#5185 = ORIENTED_EDGE('',*,*,#5186,.T.);
#5186 = EDGE_CURVE('',#5035,#3937,#5187,.T.);
#5187 = CIRCLE('',#5188,0.5);
#5188 = AXIS2_PLACEMENT_3D('',#5189,#5190,#5191);
#5189 = CARTESIAN_POINT('',(-10.69911962049,241.93455744363,
    -166.1533598204));
#5190 = DIRECTION('',(0.612373700785,-0.707105305965,-0.35355414983));
#5191 = DIRECTION('',(-0.612371170604,-0.707108256405,0.353552631355));
#5192 = ORIENTED_EDGE('',*,*,#4035,.T.);
#5193 = ORIENTED_EDGE('',*,*,#5057,.T.);
#5194 = ORIENTED_EDGE('',*,*,#5195,.T.);
#5195 = EDGE_CURVE('',#5058,#5035,#5196,.T.);
#5196 = LINE('',#5197,#5198);
#5197 = CARTESIAN_POINT('',(8.092824896086,219.52847377058,
    -177.0028949594));
#5198 = VECTOR('',#5199,1.);
#5199 = DIRECTION('',(-0.612373700785,0.707105305965,0.35355414983));
#5200 = CYLINDRICAL_SURFACE('',#5201,0.5);
#5201 = AXIS2_PLACEMENT_3D('',#5202,#5203,#5204);
#5202 = CARTESIAN_POINT('',(8.399010481388,219.88202789878,
    -177.1796712751));
#5203 = DIRECTION('',(-0.612373700785,0.707105305965,0.35355414983));
#5204 = DIRECTION('',(-0.78656519793,-0.500001018163,-0.362372972559));
#5205 = ADVANCED_FACE('',(#5206),#5211,.T.);
#5206 = FACE_BOUND('',#5207,.T.);
#5207 = EDGE_LOOP('',(#5208,#5209,#5210));
#5208 = ORIENTED_EDGE('',*,*,#5186,.F.);
#5209 = ORIENTED_EDGE('',*,*,#5034,.T.);
#5210 = ORIENTED_EDGE('',*,*,#3944,.F.);
#5211 = SPHERICAL_SURFACE('',#5212,0.5);
#5212 = AXIS2_PLACEMENT_3D('',#5213,#5214,#5215);
#5213 = CARTESIAN_POINT('',(-10.69911962049,241.93455744363,
    -166.1533598204));
#5214 = DIRECTION('',(0.,0.,1.));
#5215 = DIRECTION('',(1.,0.,-0.));
#5216 = ADVANCED_FACE('',(#5217),#5234,.T.);
#5217 = FACE_BOUND('',#5218,.T.);
#5218 = EDGE_LOOP('',(#5219,#5220,#5221,#5222,#5223,#5224,#5225,#5231,
    #5232,#5233));
#5219 = ORIENTED_EDGE('',*,*,#4888,.F.);
#5220 = ORIENTED_EDGE('',*,*,#5043,.F.);
#5221 = ORIENTED_EDGE('',*,*,#5195,.F.);
#5222 = ORIENTED_EDGE('',*,*,#5066,.F.);
#5223 = ORIENTED_EDGE('',*,*,#5116,.F.);
#5224 = ORIENTED_EDGE('',*,*,#5134,.F.);
#5225 = ORIENTED_EDGE('',*,*,#5226,.F.);
#5226 = EDGE_CURVE('',#4937,#5135,#5227,.T.);
#5227 = LINE('',#5228,#5229);
#5228 = CARTESIAN_POINT('',(7.760152402431,221.04747320157,
    -174.5410889437));
#5229 = VECTOR('',#5230,1.);
#5230 = DIRECTION('',(-0.5,3.531808052079E-08,-0.866025403785));
#5231 = ORIENTED_EDGE('',*,*,#4936,.F.);
#5232 = ORIENTED_EDGE('',*,*,#4922,.F.);
#5233 = ORIENTED_EDGE('',*,*,#4832,.F.);
#5234 = PLANE('',#5235);
#5235 = AXIS2_PLACEMENT_3D('',#5236,#5237,#5238);
#5236 = CARTESIAN_POINT('',(-3.811100389921,233.88746593819,
    -168.9029941265));
#5237 = DIRECTION('',(-0.612371170604,-0.707108256405,0.353552631355));
#5238 = DIRECTION('',(0.500000178967,-2.419702231082E-07,0.866025300458)
  );
#5239 = ADVANCED_FACE('',(#5240),#5266,.T.);
#5240 = FACE_BOUND('',#5241,.T.);
#5241 = EDGE_LOOP('',(#5242,#5243,#5251,#5260));
#5242 = ORIENTED_EDGE('',*,*,#865,.F.);
#5243 = ORIENTED_EDGE('',*,*,#5244,.T.);
#5244 = EDGE_CURVE('',#858,#5245,#5247,.T.);
#5245 = VERTEX_POINT('',#5246);
#5246 = CARTESIAN_POINT('',(0.55085955931,241.9345566487,-146.6677762824
    ));
#5247 = LINE('',#5248,#5249);
#5248 = CARTESIAN_POINT('',(0.550957316396,187.29444986764,
    -146.6678349508));
#5249 = VECTOR('',#5250,1.);
#5250 = DIRECTION('',(1.789108618167E-06,-0.999999999998,
    -1.073724145381E-06));
#5251 = ORIENTED_EDGE('',*,*,#5252,.T.);
#5252 = EDGE_CURVE('',#5245,#5253,#5255,.T.);
#5253 = VERTEX_POINT('',#5254);
#5254 = CARTESIAN_POINT('',(0.367844616913,241.93455558791,
    -145.9847674612));
#5255 = CIRCLE('',#5256,0.5);
#5256 = AXIS2_PLACEMENT_3D('',#5257,#5258,#5259);
#5257 = CARTESIAN_POINT('',(0.80085955931,241.93455663105,
    -146.2347635805));
#5258 = DIRECTION('',(-1.789108600402E-06,0.999999999998,
    1.073724155495E-06));
#5259 = DIRECTION('',(-0.5,3.531809511515E-08,-0.866025403785));
#5260 = ORIENTED_EDGE('',*,*,#5261,.T.);
#5261 = EDGE_CURVE('',#5253,#834,#5262,.T.);
#5262 = LINE('',#5263,#5264);
#5263 = CARTESIAN_POINT('',(0.367942373998,187.29444880684,
    -145.9848261296));
#5264 = VECTOR('',#5265,1.);
#5265 = DIRECTION('',(-1.789108618167E-06,0.999999999998,
    1.073724145381E-06));
#5266 = CYLINDRICAL_SURFACE('',#5267,0.5);
#5267 = AXIS2_PLACEMENT_3D('',#5268,#5269,#5270);
#5268 = CARTESIAN_POINT('',(0.800957316396,187.29444984998,
    -146.2348222489));
#5269 = DIRECTION('',(1.789108618167E-06,-0.999999999998,
    -1.073724145381E-06));
#5270 = DIRECTION('',(-0.965924666498,-1.450239239863E-06,
    -0.258823373459));
#5271 = ADVANCED_FACE('',(#5272),#5310,.F.);
#5272 = FACE_BOUND('',#5273,.F.);
#5273 = EDGE_LOOP('',(#5274,#5285,#5294,#5303));
#5274 = ORIENTED_EDGE('',*,*,#5275,.T.);
#5275 = EDGE_CURVE('',#5276,#5278,#5280,.T.);
#5276 = VERTEX_POINT('',#5277);
#5277 = CARTESIAN_POINT('',(15.147338124199,225.08006497476,
    -155.0950577984));
#5278 = VERTEX_POINT('',#5279);
#5279 = CARTESIAN_POINT('',(15.09115095462,224.7265108289,
    -154.4852715249));
#5280 = CIRCLE('',#5281,0.5);
#5281 = AXIS2_PLACEMENT_3D('',#5282,#5283,#5284);
#5282 = CARTESIAN_POINT('',(15.397338124199,225.0800649571,
    -154.6620450965));
#5283 = DIRECTION('',(-0.612373700798,0.707105305951,0.353554149837));
#5284 = DIRECTION('',(-0.5,3.531809567026E-08,-0.866025403785));
#5285 = ORIENTED_EDGE('',*,*,#5286,.F.);
#5286 = EDGE_CURVE('',#5287,#5278,#5289,.T.);
#5287 = VERTEX_POINT('',#5288);
#5288 = CARTESIAN_POINT('',(16.255967233315,222.95875811295,
    -156.0032839092));
#5289 = ELLIPSE('',#5290,3.535533905933,2.5);
#5290 = AXIS2_PLACEMENT_3D('',#5291,#5292,#5293);
#5291 = CARTESIAN_POINT('',(13.841150954581,224.72653332243,
    -156.6503350344));
#5292 = DIRECTION('',(-0.612374339157,-0.707108256404,0.353547143202));
#5293 = DIRECTION('',(0.612376869339,-0.707105305966,-0.353548661677));
#5294 = ORIENTED_EDGE('',*,*,#5295,.T.);
#5295 = EDGE_CURVE('',#5287,#5296,#5298,.T.);
#5296 = VERTEX_POINT('',#5297);
#5297 = CARTESIAN_POINT('',(16.079191779696,223.31231151603,
    -156.3094680855));
#5298 = CIRCLE('',#5299,0.5);
#5299 = AXIS2_PLACEMENT_3D('',#5300,#5301,#5302);
#5300 = CARTESIAN_POINT('',(16.562154402894,223.31231224115,
    -156.1800574808));
#5301 = DIRECTION('',(0.211328138873,-0.577346457131,-0.788677048074));
#5302 = DIRECTION('',(-0.612374339157,-0.707108256404,0.353547143202));
#5303 = ORIENTED_EDGE('',*,*,#5304,.F.);
#5304 = EDGE_CURVE('',#5276,#5296,#5305,.T.);
#5305 = ELLIPSE('',#5306,3.201562118716,2.);
#5306 = AXIS2_PLACEMENT_3D('',#5307,#5308,#5309);
#5307 = CARTESIAN_POINT('',(14.147338124159,225.08008745063,
    -156.827108606));
#5308 = DIRECTION('',(0.676254607434,0.62469667666,-0.390427673319));
#5309 = DIRECTION('',(0.541005977124,-0.780867506156,-0.312343513693));
#5310 = B_SPLINE_SURFACE_WITH_KNOTS('',3,3,(
    (#5311,#5312,#5313,#5314)
    ,(#5315,#5316,#5317,#5318)
    ,(#5319,#5320,#5321,#5322)
    ,(#5323,#5324,#5325,#5326)
    ,(#5327,#5328,#5329,#5330
  )),.UNSPECIFIED.,.F.,.F.,.F.,(4,1,4),(4,4),(0.,0.5,1.),(
    -1.570787364702,-0.785391441831),.UNSPECIFIED.);
#5311 = CARTESIAN_POINT('',(15.147338124199,225.08006497476,
    -155.0950577984));
#5312 = CARTESIAN_POINT('',(15.600787842654,224.42556946477,
    -155.3568571421));
#5313 = CARTESIAN_POINT('',(15.943672870022,223.7751066056,
    -155.803711755));
#5314 = CARTESIAN_POINT('',(16.079191779696,223.31231151603,
    -156.3094680855));
#5315 = CARTESIAN_POINT('',(15.067179248807,224.98750509386,
    -155.0487780539));
#5316 = CARTESIAN_POINT('',(15.542320018077,224.34402488887,
    -155.2944876835));
#5317 = CARTESIAN_POINT('',(15.913624951382,223.69977190466,
    -155.7430098549));
#5318 = CARTESIAN_POINT('',(16.066151743244,223.24105877651,
    -156.2608020438));
#5319 = CARTESIAN_POINT('',(14.96188126648,224.80325605098,
    -154.8626629687));
#5320 = CARTESIAN_POINT('',(15.49044302438,224.18081558019,
    -155.1154824794));
#5321 = CARTESIAN_POINT('',(15.909385999516,223.5493778942,
    -155.5940090469));
#5322 = CARTESIAN_POINT('',(16.085310470429,223.09867664479,
    -156.1514383978));
#5323 = CARTESIAN_POINT('',(15.0257018797,224.72651142009,
    -154.5986338211));
#5324 = CARTESIAN_POINT('',(15.585744322476,224.08953791949,
    -154.9039864383));
#5325 = CARTESIAN_POINT('',(16.014958484318,223.44980663097,
    -155.4382798297));
#5326 = CARTESIAN_POINT('',(16.189487954536,222.99438461257,
    -156.0471773834));
#5327 = CARTESIAN_POINT('',(15.09115095462,224.7265108289,
    -154.4852715249));
#5328 = CARTESIAN_POINT('',(15.657962809947,224.072015592,
    -154.8125205289));
#5329 = CARTESIAN_POINT('',(16.08656880322,223.42155300615,
    -155.3710886204));
#5330 = CARTESIAN_POINT('',(16.255967233315,222.95875811295,
    -156.0032839092));
#5331 = ADVANCED_FACE('',(#5332),#5358,.T.);
#5332 = FACE_BOUND('',#5333,.T.);
#5333 = EDGE_LOOP('',(#5334,#5345,#5351,#5352));
#5334 = ORIENTED_EDGE('',*,*,#5335,.T.);
#5335 = EDGE_CURVE('',#5336,#5338,#5340,.T.);
#5336 = VERTEX_POINT('',#5337);
#5337 = CARTESIAN_POINT('',(16.565439705952,221.98388682536,
    -158.1241463444));
#5338 = VERTEX_POINT('',#5339);
#5339 = CARTESIAN_POINT('',(16.74221515957,221.63033342228,
    -157.8179621682));
#5340 = CIRCLE('',#5341,0.5);
#5341 = AXIS2_PLACEMENT_3D('',#5342,#5343,#5344);
#5342 = CARTESIAN_POINT('',(17.048402329149,221.98388755049,
    -157.9947357398));
#5343 = DIRECTION('',(-0.211328138873,0.577346457131,0.788677048074));
#5344 = DIRECTION('',(-0.965925246394,-1.450242592432E-06,
    -0.258821209285));
#5345 = ORIENTED_EDGE('',*,*,#5346,.T.);
#5346 = EDGE_CURVE('',#5338,#5287,#5347,.T.);
#5347 = LINE('',#5348,#5349);
#5348 = CARTESIAN_POINT('',(10.702005939419,238.1321273253,
    -135.2758889596));
#5349 = VECTOR('',#5350,1.);
#5350 = DIRECTION('',(-0.211328138873,0.577346457131,0.788677048074));
#5351 = ORIENTED_EDGE('',*,*,#5295,.T.);
#5352 = ORIENTED_EDGE('',*,*,#5353,.T.);
#5353 = EDGE_CURVE('',#5296,#5336,#5354,.T.);
#5354 = LINE('',#5355,#5356);
#5355 = CARTESIAN_POINT('',(10.5252304858,238.48568072838,
    -135.5820731358));
#5356 = VECTOR('',#5357,1.);
#5357 = DIRECTION('',(0.211328138873,-0.577346457131,-0.788677048074));
#5358 = CYLINDRICAL_SURFACE('',#5359,0.5);
#5359 = AXIS2_PLACEMENT_3D('',#5360,#5361,#5362);
#5360 = CARTESIAN_POINT('',(11.008193108997,238.4856814535,
    -135.4526625312));
#5361 = DIRECTION('',(0.211328138873,-0.577346457131,-0.788677048074));
#5362 = DIRECTION('',(-0.911230669768,-0.408249522135,5.468998217912E-02
    ));
#5363 = ADVANCED_FACE('',(#5364),#5404,.F.);
#5364 = FACE_BOUND('',#5365,.F.);
#5365 = EDGE_LOOP('',(#5366,#5375,#5376,#5385));
#5366 = ORIENTED_EDGE('',*,*,#5367,.F.);
#5367 = EDGE_CURVE('',#5336,#5368,#5370,.T.);
#5368 = VERTEX_POINT('',#5369);
#5369 = CARTESIAN_POINT('',(16.416910532484,221.25528307528,
    -159.5472009001));
#5370 = ELLIPSE('',#5371,3.201562118716,2.);
#5371 = AXIS2_PLACEMENT_3D('',#5372,#5373,#5374);
#5372 = CARTESIAN_POINT('',(14.633586050415,223.75166275996,
    -158.6417868649));
#5373 = DIRECTION('',(0.676254607434,0.62469667666,-0.390427673319));
#5374 = DIRECTION('',(0.541005977124,-0.780867506156,-0.312343513693));
#5375 = ORIENTED_EDGE('',*,*,#5335,.T.);
#5376 = ORIENTED_EDGE('',*,*,#5377,.F.);
#5377 = EDGE_CURVE('',#5378,#5338,#5380,.T.);
#5378 = VERTEX_POINT('',#5379);
#5379 = CARTESIAN_POINT('',(16.788695789538,221.04745303732,
    -158.9032374844));
#5380 = ELLIPSE('',#5381,3.535533905933,2.5);
#5381 = AXIS2_PLACEMENT_3D('',#5382,#5383,#5384);
#5382 = CARTESIAN_POINT('',(14.327398880836,223.39810863176,
    -158.4650132933));
#5383 = DIRECTION('',(-0.612374339157,-0.707108256404,0.353547143202));
#5384 = DIRECTION('',(0.612376869339,-0.707105305966,-0.353548661677));
#5385 = ORIENTED_EDGE('',*,*,#5386,.T.);
#5386 = EDGE_CURVE('',#5378,#5368,#5387,.T.);
#5387 = B_SPLINE_CURVE_WITH_KNOTS('',3,(#5388,#5389,#5390,#5391,#5392,
    #5393,#5394,#5395,#5396,#5397,#5398,#5399,#5400,#5401,#5402,#5403),
  .UNSPECIFIED.,.F.,.F.,(4,2,2,2,2,2,2,4),(0.,2.971120085451E-02,
    6.272385991729E-02,8.486613058075E-02,0.100005881982,0.109992929174,
    0.115231383408,0.120184084058),.UNSPECIFIED.);
#5388 = CARTESIAN_POINT('',(16.788695789526,221.0474530373,
    -158.9032374845));
#5389 = CARTESIAN_POINT('',(16.739177890106,221.0474530408,
    -158.9890067773));
#5390 = CARTESIAN_POINT('',(16.68960733798,221.05611190541,
    -159.0748672331));
#5391 = CARTESIAN_POINT('',(16.586771328177,221.0921809761,
    -159.252987963));
#5392 = CARTESIAN_POINT('',(16.541299783246,221.11882701477,
    -159.331748508));
#5393 = CARTESIAN_POINT('',(16.483797791521,221.16053991324,
    -159.4313467666));
#5394 = CARTESIAN_POINT('',(16.46351049524,221.17816011935,
    -159.4664860482));
#5395 = CARTESIAN_POINT('',(16.438075420609,221.20559336822,
    -159.5105416871));
#5396 = CARTESIAN_POINT('',(16.431084037514,221.21505749524,
    -159.522651329));
#5397 = CARTESIAN_POINT('',(16.423054141018,221.22916106358,
    -159.5365597467));
#5398 = CARTESIAN_POINT('',(16.420855553072,221.234282109,
    -159.5403678702));
#5399 = CARTESIAN_POINT('',(16.418618398229,221.24160316556,
    -159.5442427857));
#5400 = CARTESIAN_POINT('',(16.417976953329,221.24427645116,
    -159.5453538127));
#5401 = CARTESIAN_POINT('',(16.417127696796,221.24976797605,
    -159.5468247757));
#5402 = CARTESIAN_POINT('',(16.416910537483,221.25248867158,
    -159.5472009031));
#5403 = CARTESIAN_POINT('',(16.416910532484,221.25528307528,
    -159.5472009001));
#5404 = B_SPLINE_SURFACE_WITH_KNOTS('',3,3,(
    (#5405,#5406,#5407,#5408)
    ,(#5409,#5410,#5411,#5412)
    ,(#5413,#5414,#5415,#5416)
    ,(#5417,#5418,#5419,#5420)
    ,(#5421,#5422,#5423,#5424
  )),.UNSPECIFIED.,.F.,.F.,.F.,(4,1,4),(4,4),(0.,0.571428571429,1.),(
    5.497793865348,6.22946778281),.UNSPECIFIED.);
#5405 = CARTESIAN_POINT('',(16.565439705952,221.98388682536,
    -158.1241463444));
#5406 = CARTESIAN_POINT('',(16.691688962721,221.55274746455,
    -158.5953083467));
#5407 = CARTESIAN_POINT('',(16.637697209894,221.2880102924,
    -159.1124146305));
#5408 = CARTESIAN_POINT('',(16.416842755578,221.25527302097,
    -159.5473343828));
#5409 = CARTESIAN_POINT('',(16.550536807149,221.90245512305,
    -158.0685280111));
#5410 = CARTESIAN_POINT('',(16.694947393817,221.47568642479,
    -158.5524917941));
#5411 = CARTESIAN_POINT('',(16.646884699696,221.21291164715,
    -159.0921422483));
#5412 = CARTESIAN_POINT('',(16.418661999062,221.1804437003,
    -159.5437521653));
#5413 = CARTESIAN_POINT('',(16.576570026556,221.76026564732,
    -157.9574633591));
#5414 = CARTESIAN_POINT('',(16.741137588773,221.34083635762,
    -158.480479488));
#5415 = CARTESIAN_POINT('',(16.693986662475,221.08159256232,
    -159.0641697477));
#5416 = CARTESIAN_POINT('',(16.448611007584,221.04958517729,
    -159.5510804446));
#5417 = CARTESIAN_POINT('',(16.685232920617,221.66087042196,
    -157.855585146));
#5418 = CARTESIAN_POINT('',(16.847077632479,221.2355853318,
    -158.4259446944));
#5419 = CARTESIAN_POINT('',(16.786744093827,220.97370514157,
    -159.0541134724));
#5420 = CARTESIAN_POINT('',(16.520019729637,220.94134684857,
    -159.5808243108));
#5421 = CARTESIAN_POINT('',(16.742215159571,221.63033342228,
    -157.8179621682));
#5422 = CARTESIAN_POINT('',(16.900026537693,221.19919424442,
    -158.4069145553));
#5423 = CARTESIAN_POINT('',(16.832536728248,220.93445718692,
    -159.053297339));
#5424 = CARTESIAN_POINT('',(16.55646864571,220.90171993346,
    -159.5969470205));
#5425 = ADVANCED_FACE('',(#5426),#5450,.T.);
#5426 = FACE_BOUND('',#5427,.T.);
#5427 = EDGE_LOOP('',(#5428,#5437,#5443,#5444));
#5428 = ORIENTED_EDGE('',*,*,#5429,.T.);
#5429 = EDGE_CURVE('',#5430,#5245,#5432,.T.);
#5430 = VERTEX_POINT('',#5431);
#5431 = CARTESIAN_POINT('',(0.494672389731,241.58100250284,
    -146.0579900089));
#5432 = CIRCLE('',#5433,0.5);
#5433 = AXIS2_PLACEMENT_3D('',#5434,#5435,#5436);
#5434 = CARTESIAN_POINT('',(0.80085955931,241.93455663105,
    -146.2347635805));
#5435 = DIRECTION('',(0.612373700798,-0.707105305951,-0.353554149837));
#5436 = DIRECTION('',(-0.612374339157,-0.707108256404,0.353547143202));
#5437 = ORIENTED_EDGE('',*,*,#5438,.T.);
#5438 = EDGE_CURVE('',#5245,#5276,#5439,.T.);
#5439 = LINE('',#5440,#5441);
#5440 = CARTESIAN_POINT('',(16.03698819151,224.05278982853,
    -155.6086975461));
#5441 = VECTOR('',#5442,1.);
#5442 = DIRECTION('',(0.612373700798,-0.707105305951,-0.353554149837));
#5443 = ORIENTED_EDGE('',*,*,#5275,.T.);
#5444 = ORIENTED_EDGE('',*,*,#5445,.T.);
#5445 = EDGE_CURVE('',#5278,#5430,#5446,.T.);
#5446 = LINE('',#5447,#5448);
#5447 = CARTESIAN_POINT('',(15.980801021931,223.69923568267,
    -154.9989112727));
#5448 = VECTOR('',#5449,1.);
#5449 = DIRECTION('',(-0.612373700798,0.707105305951,0.353554149837));
#5450 = CYLINDRICAL_SURFACE('',#5451,0.5);
#5451 = AXIS2_PLACEMENT_3D('',#5452,#5453,#5454);
#5452 = CARTESIAN_POINT('',(16.28698819151,224.05278981087,
    -155.1756848443));
#5453 = DIRECTION('',(-0.612373700798,0.707105305951,0.353554149837));
#5454 = DIRECTION('',(-0.786564946147,-0.499999433878,-0.362375705055));
#5455 = ADVANCED_FACE('',(#5456),#5474,.F.);
#5456 = FACE_BOUND('',#5457,.F.);
#5457 = EDGE_LOOP('',(#5458,#5459,#5460,#5466,#5467,#5473));
#5458 = ORIENTED_EDGE('',*,*,#1076,.T.);
#5459 = ORIENTED_EDGE('',*,*,#1085,.T.);
#5460 = ORIENTED_EDGE('',*,*,#5461,.F.);
#5461 = EDGE_CURVE('',#5276,#1037,#5462,.T.);
#5462 = LINE('',#5463,#5464);
#5463 = CARTESIAN_POINT('',(15.14731123811,240.1077102257,
    -155.0950416629));
#5464 = VECTOR('',#5465,1.);
#5465 = DIRECTION('',(-1.789108618154E-06,0.999999999998,
    1.073724145373E-06));
#5466 = ORIENTED_EDGE('',*,*,#5304,.T.);
#5467 = ORIENTED_EDGE('',*,*,#5468,.F.);
#5468 = EDGE_CURVE('',#1168,#5296,#5469,.T.);
#5469 = LINE('',#5470,#5471);
#5470 = CARTESIAN_POINT('',(16.079161730899,240.10771319682,
    -156.3094500519));
#5471 = VECTOR('',#5472,1.);
#5472 = DIRECTION('',(1.789108618154E-06,-0.999999999998,
    -1.073724145373E-06));
#5473 = ORIENTED_EDGE('',*,*,#1208,.T.);
#5474 = CYLINDRICAL_SURFACE('',#5475,2.);
#5475 = AXIS2_PLACEMENT_3D('',#5476,#5477,#5478);
#5476 = CARTESIAN_POINT('',(14.14731123811,240.10771029633,
    -156.8270924704));
#5477 = DIRECTION('',(-1.789108618154E-06,0.999999999998,
    1.073724145373E-06));
#5478 = DIRECTION('',(0.793352658317,7.657512788452E-07,0.608762317774)
  );
#5479 = ADVANCED_FACE('',(#5480),#5491,.T.);
#5480 = FACE_BOUND('',#5481,.T.);
#5481 = EDGE_LOOP('',(#5482,#5483,#5490));
#5482 = ORIENTED_EDGE('',*,*,#5429,.F.);
#5483 = ORIENTED_EDGE('',*,*,#5484,.T.);
#5484 = EDGE_CURVE('',#5430,#5253,#5485,.T.);
#5485 = CIRCLE('',#5486,0.5);
#5486 = AXIS2_PLACEMENT_3D('',#5487,#5488,#5489);
#5487 = CARTESIAN_POINT('',(0.80085955931,241.93455663105,
    -146.2347635805));
#5488 = DIRECTION('',(-0.49999223858,3.53367791972E-08,-0.866029884796)
  );
#5489 = DIRECTION('',(-0.800106600442,-0.382685359831,0.461932184741));
#5490 = ORIENTED_EDGE('',*,*,#5252,.F.);
#5491 = SPHERICAL_SURFACE('',#5492,0.5);
#5492 = AXIS2_PLACEMENT_3D('',#5493,#5494,#5495);
#5493 = CARTESIAN_POINT('',(0.80085955931,241.93455663105,
    -146.2347635805));
#5494 = DIRECTION('',(0.,0.,1.));
#5495 = DIRECTION('',(1.,0.,-0.));
#5496 = ADVANCED_FACE('',(#5497),#5551,.T.);
#5497 = FACE_BOUND('',#5498,.T.);
#5498 = EDGE_LOOP('',(#5499,#5500,#5501,#5502,#5503,#5511,#5520,#5528,
    #5537,#5545));
#5499 = ORIENTED_EDGE('',*,*,#5445,.F.);
#5500 = ORIENTED_EDGE('',*,*,#5286,.F.);
#5501 = ORIENTED_EDGE('',*,*,#5346,.F.);
#5502 = ORIENTED_EDGE('',*,*,#5377,.F.);
#5503 = ORIENTED_EDGE('',*,*,#5504,.F.);
#5504 = EDGE_CURVE('',#5505,#5378,#5507,.T.);
#5505 = VERTEX_POINT('',#5506);
#5506 = CARTESIAN_POINT('',(21.015956159534,221.04745273856,
    -151.581256204));
#5507 = LINE('',#5508,#5509);
#5508 = CARTESIAN_POINT('',(20.321006627644,221.04745278768,
    -152.7849690151));
#5509 = VECTOR('',#5510,1.);
#5510 = DIRECTION('',(-0.49999223858,3.53367747185E-08,-0.866029884796)
  );
#5511 = ORIENTED_EDGE('',*,*,#5512,.F.);
#5512 = EDGE_CURVE('',#5513,#5505,#5515,.T.);
#5513 = VERTEX_POINT('',#5514);
#5514 = CARTESIAN_POINT('',(20.052809269776,221.63035547333,
    -152.0836817139));
#5515 = ELLIPSE('',#5516,3.535533905933,2.5);
#5516 = AXIS2_PLACEMENT_3D('',#5517,#5518,#5519);
#5517 = CARTESIAN_POINT('',(19.405736852529,223.39811867578,
    -149.6688710491));
#5518 = DIRECTION('',(-0.612374339157,-0.707108256404,0.353547143202));
#5519 = DIRECTION('',(0.612376869339,-0.707105305966,-0.353548661677));
#5520 = ORIENTED_EDGE('',*,*,#5521,.F.);
#5521 = EDGE_CURVE('',#5522,#5513,#5524,.T.);
#5522 = VERTEX_POINT('',#5523);
#5523 = CARTESIAN_POINT('',(17.55513409511,223.45877884811,
    -152.7529529117));
#5524 = LINE('',#5525,#5526);
#5525 = CARTESIAN_POINT('',(20.953795504743,220.9707884051,
    -151.8422555497));
#5526 = VECTOR('',#5527,1.);
#5527 = DIRECTION('',(0.788674273591,-0.577349085078,0.211331313662));
#5528 = ORIENTED_EDGE('',*,*,#5529,.F.);
#5529 = EDGE_CURVE('',#5530,#5522,#5532,.T.);
#5530 = VERTEX_POINT('',#5531);
#5531 = CARTESIAN_POINT('',(15.658081081414,225.22654213889,
    -152.5032169589));
#5532 = ELLIPSE('',#5533,3.535533905933,2.5);
#5533 = AXIS2_PLACEMENT_3D('',#5534,#5535,#5536);
#5534 = CARTESIAN_POINT('',(16.908061677863,225.22654205055,
    -150.3381422469));
#5535 = DIRECTION('',(-0.612374339157,-0.707108256404,0.353547143202));
#5536 = DIRECTION('',(0.612376869339,-0.707105305966,-0.353548661677));
#5537 = ORIENTED_EDGE('',*,*,#5538,.F.);
#5538 = EDGE_CURVE('',#5539,#5530,#5541,.T.);
#5539 = VERTEX_POINT('',#5540);
#5540 = CARTESIAN_POINT('',(1.494570908833,241.58100243218,
    -144.3260791261));
#5541 = LINE('',#5542,#5543);
#5542 = CARTESIAN_POINT('',(15.681731520737,225.19923321857,
    -152.5168712649));
#5543 = VECTOR('',#5544,1.);
#5544 = DIRECTION('',(0.612376869339,-0.707105305966,-0.353548661677));
#5545 = ORIENTED_EDGE('',*,*,#5546,.F.);
#5546 = EDGE_CURVE('',#5430,#5539,#5547,.T.);
#5547 = LINE('',#5548,#5549);
#5548 = CARTESIAN_POINT('',(0.41247748822,241.58100250865,-146.200358701
    ));
#5549 = VECTOR('',#5550,1.);
#5550 = DIRECTION('',(0.49999223858,-3.5336779154E-08,0.866029884796));
#5551 = PLANE('',#5552);
#5552 = AXIS2_PLACEMENT_3D('',#5553,#5554,#5555);
#5553 = CARTESIAN_POINT('',(7.243119462731,233.88746515709,
    -149.7564726204));
#5554 = DIRECTION('',(-0.612374339157,-0.707108256404,0.353547143202));
#5555 = DIRECTION('',(0.499992417545,-2.419857130231E-07,0.866029781473)
  );
#5556 = ADVANCED_FACE('',(#5557),#5591,.F.);
#5557 = FACE_BOUND('',#5558,.F.);
#5558 = EDGE_LOOP('',(#5559,#5560,#5566,#5567,#5575,#5584,#5590));
#5559 = ORIENTED_EDGE('',*,*,#1270,.T.);
#5560 = ORIENTED_EDGE('',*,*,#5561,.F.);
#5561 = EDGE_CURVE('',#5336,#1244,#5562,.T.);
#5562 = LINE('',#5563,#5564);
#5563 = CARTESIAN_POINT('',(16.565221881478,343.73416640498,
    -158.1240156182));
#5564 = VECTOR('',#5565,1.);
#5565 = DIRECTION('',(-1.789108618154E-06,0.999999999998,
    1.073724145373E-06));
#5566 = ORIENTED_EDGE('',*,*,#5367,.T.);
#5567 = ORIENTED_EDGE('',*,*,#5568,.F.);
#5568 = EDGE_CURVE('',#5569,#5368,#5571,.T.);
#5569 = VERTEX_POINT('',#5570);
#5570 = CARTESIAN_POINT('',(16.416978174728,183.44749208281,
    -159.5472414952));
#5571 = LINE('',#5572,#5573);
#5572 = CARTESIAN_POINT('',(16.416691404456,343.73416766721,
    -159.5470693915));
#5573 = VECTOR('',#5574,1.);
#5574 = DIRECTION('',(-1.789108618154E-06,0.999999999998,
    1.073724145373E-06));
#5575 = ORIENTED_EDGE('',*,*,#5576,.F.);
#5576 = EDGE_CURVE('',#5577,#5569,#5579,.T.);
#5577 = VERTEX_POINT('',#5578);
#5578 = CARTESIAN_POINT('',(16.365715927197,183.44749209265,
    -159.6418180841));
#5579 = CIRCLE('',#5580,2.);
#5580 = AXIS2_PLACEMENT_3D('',#5581,#5582,#5583);
#5581 = CARTESIAN_POINT('',(14.633658158962,183.4474879201,
    -158.6418301404));
#5582 = DIRECTION('',(1.789108618154E-06,-0.999999999998,
    -1.073724145373E-06));
#5583 = DIRECTION('',(0.991445300038,1.913948877229E-06,-0.13052286018)
  );
#5584 = ORIENTED_EDGE('',*,*,#5585,.F.);
#5585 = EDGE_CURVE('',#1334,#5577,#5586,.T.);
#5586 = LINE('',#5587,#5588);
#5587 = CARTESIAN_POINT('',(16.36542667729,343.73416767705,
    -159.6416502753));
#5588 = VECTOR('',#5589,1.);
#5589 = DIRECTION('',(1.789108618154E-06,-0.999999999998,
    -1.073724145373E-06));
#5590 = ORIENTED_EDGE('',*,*,#1374,.T.);
#5591 = CYLINDRICAL_SURFACE('',#5592,2.);
#5592 = AXIS2_PLACEMENT_3D('',#5593,#5594,#5595);
#5593 = CARTESIAN_POINT('',(14.633371388689,343.7341635045,
    -158.6416580368));
#5594 = DIRECTION('',(-1.789108618154E-06,0.999999999998,
    1.073724145373E-06));
#5595 = DIRECTION('',(0.991445300038,1.913948877229E-06,-0.13052286018)
  );
#5596 = ADVANCED_FACE('',(#5597),#5604,.T.);
#5597 = FACE_BOUND('',#5598,.T.);
#5598 = EDGE_LOOP('',(#5599,#5600,#5601,#5602,#5603));
#5599 = ORIENTED_EDGE('',*,*,#1298,.F.);
#5600 = ORIENTED_EDGE('',*,*,#5561,.F.);
#5601 = ORIENTED_EDGE('',*,*,#5353,.F.);
#5602 = ORIENTED_EDGE('',*,*,#5468,.F.);
#5603 = ORIENTED_EDGE('',*,*,#1193,.F.);
#5604 = PLANE('',#5605);
#5605 = AXIS2_PLACEMENT_3D('',#5606,#5607,#5608);
#5606 = CARTESIAN_POINT('',(16.322190017079,292.9209398009,
    -157.2167317613));
#5607 = DIRECTION('',(-0.965925246394,-1.450242601076E-06,
    -0.258821209285));
#5608 = DIRECTION('',(-0.258821209283,-1.393224433784E-06,0.965925246395
    ));
#5609 = ADVANCED_FACE('',(#5610),#5637,.T.);
#5610 = FACE_BOUND('',#5611,.T.);
#5611 = EDGE_LOOP('',(#5612,#5613,#5621,#5630,#5636));
#5612 = ORIENTED_EDGE('',*,*,#798,.F.);
#5613 = ORIENTED_EDGE('',*,*,#5614,.T.);
#5614 = EDGE_CURVE('',#758,#5615,#5617,.T.);
#5615 = VERTEX_POINT('',#5616);
#5616 = CARTESIAN_POINT('',(1.367743136014,241.93455551724,
    -144.2528565784));
#5617 = LINE('',#5618,#5619);
#5618 = CARTESIAN_POINT('',(1.3678408931,187.29444873617,-144.2529152468
    ));
#5619 = VECTOR('',#5620,1.);
#5620 = DIRECTION('',(1.789108618167E-06,-0.999999999998,
    -1.073724145381E-06));
#5621 = ORIENTED_EDGE('',*,*,#5622,.T.);
#5622 = EDGE_CURVE('',#5615,#5623,#5625,.T.);
#5623 = VERTEX_POINT('',#5624);
#5624 = CARTESIAN_POINT('',(2.050754197701,241.93455654271,
    -144.0698377553));
#5625 = CIRCLE('',#5626,0.5);
#5626 = AXIS2_PLACEMENT_3D('',#5627,#5628,#5629);
#5627 = CARTESIAN_POINT('',(1.800758078412,241.93455656038,
    -144.5028526977));
#5628 = DIRECTION('',(-1.789108605461E-06,0.999999999998,
    1.073724146731E-06));
#5629 = DIRECTION('',(-0.866029884794,-2.086275259217E-06,0.499992238579
    ));
#5630 = ORIENTED_EDGE('',*,*,#5631,.T.);
#5631 = EDGE_CURVE('',#5623,#612,#5632,.T.);
#5632 = LINE('',#5633,#5634);
#5633 = CARTESIAN_POINT('',(2.050851954787,187.29444976164,
    -144.0698964237));
#5634 = VECTOR('',#5635,1.);
#5635 = DIRECTION('',(-1.789108618167E-06,0.999999999998,
    1.073724145381E-06));
#5636 = ORIENTED_EDGE('',*,*,#650,.F.);
#5637 = CYLINDRICAL_SURFACE('',#5638,0.5);
#5638 = AXIS2_PLACEMENT_3D('',#5639,#5640,#5641);
#5639 = CARTESIAN_POINT('',(1.800855835497,187.29444977931,
    -144.5029113661));
#5640 = DIRECTION('',(-1.789108618167E-06,0.999999999998,
    1.073724145381E-06));
#5641 = DIRECTION('',(-0.258827701808,-1.500206263651E-06,0.965923506689
    ));
#5642 = ADVANCED_FACE('',(#5643),#5671,.F.);
#5643 = FACE_BOUND('',#5644,.F.);
#5644 = EDGE_LOOP('',(#5645,#5654,#5655,#5664));
#5645 = ORIENTED_EDGE('',*,*,#5646,.T.);
#5646 = EDGE_CURVE('',#5647,#5522,#5649,.T.);
#5647 = VERTEX_POINT('',#5648);
#5648 = CARTESIAN_POINT('',(17.731907413785,223.8123322262,
    -152.4467647299));
#5649 = CIRCLE('',#5650,0.5);
#5650 = AXIS2_PLACEMENT_3D('',#5651,#5652,#5653);
#5651 = CARTESIAN_POINT('',(17.861321264689,223.81233297631,
    -152.9297264833));
#5652 = DIRECTION('',(0.788674273591,-0.577349085078,0.211331313662));
#5653 = DIRECTION('',(-0.258827701808,-1.500206252655E-06,0.965923506689
    ));
#5654 = ORIENTED_EDGE('',*,*,#5529,.F.);
#5655 = ORIENTED_EDGE('',*,*,#5656,.T.);
#5656 = EDGE_CURVE('',#5530,#5657,#5659,.T.);
#5657 = VERTEX_POINT('',#5658);
#5658 = CARTESIAN_POINT('',(16.214264370282,225.58009624943,
    -152.2469755881));
#5659 = CIRCLE('',#5660,0.5);
#5660 = AXIS2_PLACEMENT_3D('',#5661,#5662,#5663);
#5661 = CARTESIAN_POINT('',(15.964268250993,225.5800962671,
    -152.6799905305));
#5662 = DIRECTION('',(-0.612376869339,0.707105305966,0.353548661677));
#5663 = DIRECTION('',(-0.612374339157,-0.707108256404,0.353547143202));
#5664 = ORIENTED_EDGE('',*,*,#5665,.F.);
#5665 = EDGE_CURVE('',#5647,#5657,#5666,.T.);
#5666 = ELLIPSE('',#5667,3.201562118716,2.);
#5667 = AXIS2_PLACEMENT_3D('',#5668,#5669,#5670);
#5668 = CARTESIAN_POINT('',(17.214248847442,225.58009617875,
    -150.5149158185));
#5669 = DIRECTION('',(0.676254607434,0.62469667666,-0.390427673319));
#5670 = DIRECTION('',(0.541005977124,-0.780867506156,-0.312343513693));
#5671 = B_SPLINE_SURFACE_WITH_KNOTS('',3,3,(
    (#5672,#5673,#5674,#5675)
    ,(#5676,#5677,#5678,#5679)
    ,(#5680,#5681,#5682,#5683)
    ,(#5684,#5685,#5686,#5687)
    ,(#5688,#5689,#5690,#5691
  )),.UNSPECIFIED.,.F.,.F.,.F.,(4,1,4),(4,4),(0.,0.5,1.),(0.785398163397
    ,1.570796326795),.UNSPECIFIED.);
#5672 = CARTESIAN_POINT('',(17.731907413785,223.8123322262,
    -152.4467647299));
#5673 = CARTESIAN_POINT('',(17.226150220361,224.27513177292,
    -152.5822861008));
#5674 = CARTESIAN_POINT('',(16.667717728561,224.9255988723,
    -152.5087716147));
#5675 = CARTESIAN_POINT('',(16.214264370282,225.58009624943,
    -152.2469755881));
#5676 = CARTESIAN_POINT('',(17.68324111231,223.7410793848,
    -152.4598054042));
#5677 = CARTESIAN_POINT('',(17.158556458654,224.19979691651,
    -152.5866155221));
#5678 = CARTESIAN_POINT('',(16.584469622331,224.84405406685,
    -152.4893223987));
#5679 = CARTESIAN_POINT('',(16.134104756735,225.48753599511,
    -152.2006963752));
#5680 = CARTESIAN_POINT('',(17.598108857438,223.59869704288,
    -152.5310806701));
#5681 = CARTESIAN_POINT('',(17.027398364984,224.04940259319,
    -152.6574468212));
#5682 = CARTESIAN_POINT('',(16.40350744725,224.68084423819,
    -152.5339003388));
#5683 = CARTESIAN_POINT('',(15.920274281833,225.30328616816,
    -152.2025654433));
#5684 = CARTESIAN_POINT('',(17.55990634914,223.49440515543,
    -152.6734329311));
#5685 = CARTESIAN_POINT('',(16.945320780853,223.94983154444,
    -152.8267419876));
#5686 = CARTESIAN_POINT('',(16.267998770519,224.58956696163,
    -152.7221846953));
#5687 = CARTESIAN_POINT('',(15.723529912396,225.22654213427,
    -152.389853912));
#5688 = CARTESIAN_POINT('',(17.55513409511,223.45877884811,
    -152.7529529117));
#5689 = CARTESIAN_POINT('',(16.92293781033,223.92157820499,
    -152.9223547495));
#5690 = CARTESIAN_POINT('',(16.22489748652,224.57204503486,
    -152.8304618165));
#5691 = CARTESIAN_POINT('',(15.658081081414,225.22654213889,
    -152.5032169589));
#5692 = ADVANCED_FACE('',(#5693),#5710,.T.);
#5693 = FACE_BOUND('',#5694,.T.);
#5694 = EDGE_LOOP('',(#5695,#5702,#5703,#5704));
#5695 = ORIENTED_EDGE('',*,*,#5696,.T.);
#5696 = EDGE_CURVE('',#5623,#5539,#5697,.T.);
#5697 = CIRCLE('',#5698,0.5);
#5698 = AXIS2_PLACEMENT_3D('',#5699,#5700,#5701);
#5699 = CARTESIAN_POINT('',(1.800758078412,241.93455656038,
    -144.5028526977));
#5700 = DIRECTION('',(0.612376869339,-0.707105305966,-0.353548661677));
#5701 = DIRECTION('',(0.49999223858,-3.533678225032E-08,0.866029884796)
  );
#5702 = ORIENTED_EDGE('',*,*,#5538,.T.);
#5703 = ORIENTED_EDGE('',*,*,#5656,.T.);
#5704 = ORIENTED_EDGE('',*,*,#5705,.T.);
#5705 = EDGE_CURVE('',#5657,#5623,#5706,.T.);
#5706 = LINE('',#5707,#5708);
#5707 = CARTESIAN_POINT('',(16.237914809605,225.5527873291,
    -152.2606298941));
#5708 = VECTOR('',#5709,1.);
#5709 = DIRECTION('',(-0.612376869339,0.707105305966,0.353548661677));
#5710 = CYLINDRICAL_SURFACE('',#5711,0.5);
#5711 = AXIS2_PLACEMENT_3D('',#5712,#5713,#5714);
#5712 = CARTESIAN_POINT('',(15.987918690315,225.55278734677,
    -152.6936448365));
#5713 = DIRECTION('',(0.612376869339,-0.707105305966,-0.353548661677));
#5714 = DIRECTION('',(-7.946614540247E-02,-0.500001068123,0.862371186677
    ));
#5715 = ADVANCED_FACE('',(#5716),#5735,.T.);
#5716 = FACE_BOUND('',#5717,.T.);
#5717 = EDGE_LOOP('',(#5718,#5727,#5733,#5734));
#5718 = ORIENTED_EDGE('',*,*,#5719,.T.);
#5719 = EDGE_CURVE('',#5513,#5720,#5722,.T.);
#5720 = VERTEX_POINT('',#5721);
#5721 = CARTESIAN_POINT('',(20.22958258845,221.98390885143,
    -151.7774935321));
#5722 = CIRCLE('',#5723,0.5);
#5723 = AXIS2_PLACEMENT_3D('',#5724,#5725,#5726);
#5724 = CARTESIAN_POINT('',(20.358996439354,221.98390960154,
    -152.2604552855));
#5725 = DIRECTION('',(-0.788674273591,0.577349085078,-0.211331313662));
#5726 = DIRECTION('',(-0.612374339157,-0.707108256404,0.353547143202));
#5727 = ORIENTED_EDGE('',*,*,#5728,.T.);
#5728 = EDGE_CURVE('',#5720,#5647,#5729,.T.);
#5729 = LINE('',#5730,#5731);
#5730 = CARTESIAN_POINT('',(21.130568823418,221.32434178319,
    -151.536067368));
#5731 = VECTOR('',#5732,1.);
#5732 = DIRECTION('',(-0.788674273591,0.577349085078,-0.211331313662));
#5733 = ORIENTED_EDGE('',*,*,#5646,.T.);
#5734 = ORIENTED_EDGE('',*,*,#5521,.T.);
#5735 = CYLINDRICAL_SURFACE('',#5736,0.5);
#5736 = AXIS2_PLACEMENT_3D('',#5737,#5738,#5739);
#5737 = CARTESIAN_POINT('',(21.259982674322,221.3243425333,
    -152.0190291213));
#5738 = DIRECTION('',(0.788674273591,-0.577349085078,0.211331313662));
#5739 = DIRECTION('',(-0.50298873287,-0.408250008326,0.761796734902));
#5740 = ADVANCED_FACE('',(#5741),#5771,.F.);
#5741 = FACE_BOUND('',#5742,.F.);
#5742 = EDGE_LOOP('',(#5743,#5744,#5745,#5754));
#5743 = ORIENTED_EDGE('',*,*,#5512,.F.);
#5744 = ORIENTED_EDGE('',*,*,#5719,.T.);
#5745 = ORIENTED_EDGE('',*,*,#5746,.F.);
#5746 = EDGE_CURVE('',#5747,#5720,#5749,.T.);
#5747 = VERTEX_POINT('',#5748);
#5748 = CARTESIAN_POINT('',(21.387822994959,221.25528012323,
    -150.9371497532));
#5749 = ELLIPSE('',#5750,3.201562118716,2.);
#5750 = AXIS2_PLACEMENT_3D('',#5751,#5752,#5753);
#5751 = CARTESIAN_POINT('',(19.711924022108,223.75167280398,
    -149.8456446207));
#5752 = DIRECTION('',(0.676254607434,0.62469667666,-0.390427673319));
#5753 = DIRECTION('',(0.541005977124,-0.780867506156,-0.312343513693));
#5754 = ORIENTED_EDGE('',*,*,#5755,.T.);
#5755 = EDGE_CURVE('',#5747,#5505,#5756,.T.);
#5756 = B_SPLINE_CURVE_WITH_KNOTS('',3,(#5757,#5758,#5759,#5760,#5761,
    #5762,#5763,#5764,#5765,#5766,#5767,#5768,#5769,#5770),
  .UNSPECIFIED.,.F.,.F.,(4,2,2,2,2,2,4),(0.,1.074662700694E-03,
    2.243488532742E-03,4.177335408159E-03,8.061549452168E-03,
    1.796574104817E-02,3.008673650222E-02),.UNSPECIFIED.);
#5757 = CARTESIAN_POINT('',(21.387822994959,221.25528012323,
    -150.9371497532));
#5758 = CARTESIAN_POINT('',(21.387823001368,221.25169791423,
    -150.9371497571));
#5759 = CARTESIAN_POINT('',(21.387465268174,221.24826074747,
    -150.9377693963));
#5760 = CARTESIAN_POINT('',(21.386100339395,221.24130514227,
    -150.9401336002));
#5761 = CARTESIAN_POINT('',(21.385062911564,221.23793288609,
    -150.9419305292));
#5762 = CARTESIAN_POINT('',(21.381928406972,221.22974517137,
    -150.947359797));
#5763 = CARTESIAN_POINT('',(21.379091230639,221.22414205169,
    -150.9522740556));
#5764 = CARTESIAN_POINT('',(21.366767573549,221.20527667225,
    -150.9736197763));
#5765 = CARTESIAN_POINT('',(21.355409101425,221.19294140517,
    -150.9932936858));
#5766 = CARTESIAN_POINT('',(21.315680290512,221.15482697901,
    -151.0621075881));
#5767 = CARTESIAN_POINT('',(21.271632324223,221.12204166537,
    -151.1384026196));
#5768 = CARTESIAN_POINT('',(21.152199546402,221.06381173465,
    -151.3452707833));
#5769 = CARTESIAN_POINT('',(21.084078126724,221.04745273373,
    -151.4632630537));
#5770 = CARTESIAN_POINT('',(21.015956159584,221.04745273854,
    -151.5812562039));
#5771 = B_SPLINE_SURFACE_WITH_KNOTS('',3,3,(
    (#5772,#5773,#5774,#5775)
    ,(#5776,#5777,#5778,#5779)
    ,(#5780,#5781,#5782,#5783)
    ,(#5784,#5785,#5786,#5787)
    ,(#5788,#5789,#5790,#5791
  )),.UNSPECIFIED.,.F.,.F.,.F.,(4,1,4),(4,4),(0.,0.571428571429,1.),(
    -0.785398163397,-5.359976409089E-02),.UNSPECIFIED.);
#5772 = CARTESIAN_POINT('',(20.052809269776,221.63035547333,
    -152.0836817139));
#5773 = CARTESIAN_POINT('',(20.641861104641,221.19914001556,
    -151.925840762));
#5774 = CARTESIAN_POINT('',(21.167972454616,220.93438535313,
    -151.5440900248));
#5775 = CARTESIAN_POINT('',(21.500740126998,220.90171419742,
    -151.0330511351));
#5776 = CARTESIAN_POINT('',(20.058263274381,221.67107125313,
    -151.9928017361));
#5777 = CARTESIAN_POINT('',(20.628579760607,221.24773338087,
    -151.8521480878));
#5778 = CARTESIAN_POINT('',(21.138381649455,220.98671467006,
    -151.4906634802));
#5779 = CARTESIAN_POINT('',(21.457816950962,220.9545503268,
    -151.0017234551));
#5780 = CARTESIAN_POINT('',(20.100788829304,221.78027353641,
    -151.8531677808));
#5781 = CARTESIAN_POINT('',(20.628996731119,221.35988679713,
    -151.7367054018));
#5782 = CARTESIAN_POINT('',(21.105646527496,221.10017842074,
    -151.4082347755));
#5783 = CARTESIAN_POINT('',(21.401138415723,221.06817589235,
    -150.9575525256));
#5784 = CARTESIAN_POINT('',(20.187868615758,221.92283498737,
    -151.788671253));
#5785 = CARTESIAN_POINT('',(20.674208690477,221.49485047658,
    -151.6692907014));
#5786 = CARTESIAN_POINT('',(21.111995311923,221.23161667114,
    -151.3593988718));
#5787 = CARTESIAN_POINT('',(21.386286977346,221.19914538965,
    -150.9395088823));
#5788 = CARTESIAN_POINT('',(20.229582588451,221.98390885143,
    -151.7774935321));
#5789 = CARTESIAN_POINT('',(20.700824210641,221.55269321678,
    -151.6512208632));
#5790 = CARTESIAN_POINT('',(21.121713385357,221.28793844808,
    -151.3458203303));
#5791 = CARTESIAN_POINT('',(21.387927534953,221.25526728304,
    -150.9369892256));
#5792 = ADVANCED_FACE('',(#5793),#5809,.F.);
#5793 = FACE_BOUND('',#5794,.F.);
#5794 = EDGE_LOOP('',(#5795,#5801,#5802,#5808));
#5795 = ORIENTED_EDGE('',*,*,#5796,.F.);
#5796 = EDGE_CURVE('',#5647,#556,#5797,.T.);
#5797 = LINE('',#5798,#5799);
#5798 = CARTESIAN_POINT('',(17.731972748179,187.29448538462,
    -152.44680394));
#5799 = VECTOR('',#5800,1.);
#5800 = DIRECTION('',(-1.789108618167E-06,0.999999999998,
    1.073724145381E-06));
#5801 = ORIENTED_EDGE('',*,*,#5665,.T.);
#5802 = ORIENTED_EDGE('',*,*,#5803,.F.);
#5803 = EDGE_CURVE('',#575,#5657,#5804,.T.);
#5804 = LINE('',#5805,#5806);
#5805 = CARTESIAN_POINT('',(16.214332867404,187.29448245488,
    -152.2470166962));
#5806 = VECTOR('',#5807,1.);
#5807 = DIRECTION('',(1.789108618167E-06,-0.999999999998,
    -1.073724145381E-06));
#5808 = ORIENTED_EDGE('',*,*,#582,.T.);
#5809 = CYLINDRICAL_SURFACE('',#5810,2.);
#5810 = AXIS2_PLACEMENT_3D('',#5811,#5812,#5813);
#5811 = CARTESIAN_POINT('',(17.214317344564,187.29448238421,
    -150.5149569267));
#5812 = DIRECTION('',(-1.789108618167E-06,0.999999999998,
    1.073724145381E-06));
#5813 = DIRECTION('',(-0.130517306794,8.310299040526E-07,-0.991446031121
    ));
#5814 = ADVANCED_FACE('',(#5815),#5826,.T.);
#5815 = FACE_BOUND('',#5816,.T.);
#5816 = EDGE_LOOP('',(#5817,#5818,#5819));
#5817 = ORIENTED_EDGE('',*,*,#5696,.F.);
#5818 = ORIENTED_EDGE('',*,*,#5622,.F.);
#5819 = ORIENTED_EDGE('',*,*,#5820,.T.);
#5820 = EDGE_CURVE('',#5615,#5539,#5821,.T.);
#5821 = CIRCLE('',#5822,0.5);
#5822 = AXIS2_PLACEMENT_3D('',#5823,#5824,#5825);
#5823 = CARTESIAN_POINT('',(1.800758078412,241.93455656038,
    -144.5028526977));
#5824 = DIRECTION('',(0.49999223858,-3.53367791972E-08,0.866029884796));
#5825 = DIRECTION('',(-0.800106600442,-0.382685359831,0.461932184741));
#5826 = SPHERICAL_SURFACE('',#5827,0.5);
#5827 = AXIS2_PLACEMENT_3D('',#5828,#5829,#5830);
#5828 = CARTESIAN_POINT('',(1.800758078412,241.93455656038,
    -144.5028526977));
#5829 = DIRECTION('',(0.16644100462,-0.941662565797,-0.292521801165));
#5830 = DIRECTION('',(-0.465688050045,-0.336558482549,0.818451603865));
#5831 = ADVANCED_FACE('',(#5832),#5843,.T.);
#5832 = FACE_BOUND('',#5833,.T.);
#5833 = EDGE_LOOP('',(#5834,#5835,#5836,#5837));
#5834 = ORIENTED_EDGE('',*,*,#5484,.F.);
#5835 = ORIENTED_EDGE('',*,*,#5546,.T.);
#5836 = ORIENTED_EDGE('',*,*,#5820,.F.);
#5837 = ORIENTED_EDGE('',*,*,#5838,.T.);
#5838 = EDGE_CURVE('',#5615,#5253,#5839,.T.);
#5839 = LINE('',#5840,#5841);
#5840 = CARTESIAN_POINT('',(0.285649715402,241.93455559372,
    -146.1271361534));
#5841 = VECTOR('',#5842,1.);
#5842 = DIRECTION('',(-0.49999223858,3.533677919326E-08,-0.866029884796)
  );
#5843 = CYLINDRICAL_SURFACE('',#5844,0.5);
#5844 = AXIS2_PLACEMENT_3D('',#5845,#5846,#5847);
#5845 = CARTESIAN_POINT('',(0.718664657799,241.93455663685,
    -146.3771322726));
#5846 = DIRECTION('',(-0.49999223858,3.533677919326E-08,-0.866029884796)
  );
#5847 = DIRECTION('',(-0.800106600442,-0.382685359831,0.461932184741));
#5848 = ADVANCED_FACE('',(#5849),#5856,.T.);
#5849 = FACE_BOUND('',#5850,.T.);
#5850 = EDGE_LOOP('',(#5851,#5852,#5853,#5854,#5855));
#5851 = ORIENTED_EDGE('',*,*,#3532,.F.);
#5852 = ORIENTED_EDGE('',*,*,#5261,.F.);
#5853 = ORIENTED_EDGE('',*,*,#5838,.F.);
#5854 = ORIENTED_EDGE('',*,*,#5614,.F.);
#5855 = ORIENTED_EDGE('',*,*,#783,.F.);
#5856 = PLANE('',#5857);
#5857 = AXIS2_PLACEMENT_3D('',#5858,#5859,#5860);
#5858 = CARTESIAN_POINT('',(0.117966419094,187.29444882451,
    -146.4178061455));
#5859 = DIRECTION('',(-0.866029884794,-2.086275269545E-06,0.499992238579
    ));
#5860 = DIRECTION('',(0.49999223858,-3.533677486507E-08,0.866029884796)
  );
#5861 = ADVANCED_FACE('',(#5862,#5868),#5879,.T.);
#5862 = FACE_BOUND('',#5863,.T.);
#5863 = EDGE_LOOP('',(#5864,#5865,#5866,#5867));
#5864 = ORIENTED_EDGE('',*,*,#619,.F.);
#5865 = ORIENTED_EDGE('',*,*,#5631,.F.);
#5866 = ORIENTED_EDGE('',*,*,#5705,.F.);
#5867 = ORIENTED_EDGE('',*,*,#5803,.F.);
#5868 = FACE_BOUND('',#5869,.T.);
#5869 = EDGE_LOOP('',(#5870));
#5870 = ORIENTED_EDGE('',*,*,#5871,.T.);
#5871 = EDGE_CURVE('',#5872,#5872,#5874,.T.);
#5872 = VERTEX_POINT('',#5873);
#5873 = CARTESIAN_POINT('',(8.185690202643,250.28972972573,
    -147.6117653331));
#5874 = CIRCLE('',#5875,3.00000000012);
#5875 = AXIS2_PLACEMENT_3D('',#5876,#5877,#5878);
#5876 = CARTESIAN_POINT('',(8.185686695199,253.28972972573,
    -147.6117631857));
#5877 = DIRECTION('',(-0.49999223858,3.533677486712E-08,-0.866029884796)
  );
#5878 = DIRECTION('',(-0.866029884795,-1.370410027444E-06,0.499992238579
    ));
#5879 = PLANE('',#5880);
#5880 = AXIS2_PLACEMENT_3D('',#5881,#5882,#5883);
#5881 = CARTESIAN_POINT('',(-1.846282526787,187.2944403734,
    -141.8199313501));
#5882 = DIRECTION('',(0.49999223858,-3.533677486712E-08,0.866029884796)
  );
#5883 = DIRECTION('',(0.866029884794,2.086275269546E-06,-0.499992238579)
  );
#5884 = ADVANCED_FACE('',(#5885),#5919,.F.);
#5885 = FACE_BOUND('',#5886,.F.);
#5886 = EDGE_LOOP('',(#5887,#5888,#5896,#5905,#5911,#5912,#5918));
#5887 = ORIENTED_EDGE('',*,*,#1436,.T.);
#5888 = ORIENTED_EDGE('',*,*,#5889,.F.);
#5889 = EDGE_CURVE('',#5890,#1410,#5892,.T.);
#5890 = VERTEX_POINT('',#5891);
#5891 = CARTESIAN_POINT('',(9.694194862036,183.44749256403,
    -171.1973511154));
#5892 = LINE('',#5893,#5894);
#5893 = CARTESIAN_POINT('',(9.69390561213,343.73416814848,
    -171.1971833067));
#5894 = VECTOR('',#5895,1.);
#5895 = DIRECTION('',(-1.789108618154E-06,0.999999999998,
    1.073724145373E-06));
#5896 = ORIENTED_EDGE('',*,*,#5897,.F.);
#5897 = EDGE_CURVE('',#5898,#5890,#5900,.T.);
#5898 = VERTEX_POINT('',#5899);
#5899 = CARTESIAN_POINT('',(9.63701263386,183.44749256166,
    -171.2904285519));
#5900 = CIRCLE('',#5901,2.);
#5901 = AXIS2_PLACEMENT_3D('',#5902,#5903,#5904);
#5902 = CARTESIAN_POINT('',(7.962137093801,183.44748839148,
    -170.1973631718));
#5903 = DIRECTION('',(1.789108618154E-06,-0.999999999998,
    -1.073724145373E-06));
#5904 = DIRECTION('',(0.608764095298,1.940985529848E-06,-0.793351294366)
  );
#5905 = ORIENTED_EDGE('',*,*,#5906,.F.);
#5906 = EDGE_CURVE('',#4947,#5898,#5907,.T.);
#5907 = LINE('',#5908,#5909);
#5908 = CARTESIAN_POINT('',(9.636725863586,343.73416814611,
    -171.2902564482));
#5909 = VECTOR('',#5910,1.);
#5910 = DIRECTION('',(1.789108618154E-06,-0.999999999998,
    -1.073724145373E-06));
#5911 = ORIENTED_EDGE('',*,*,#4946,.T.);
#5912 = ORIENTED_EDGE('',*,*,#5913,.F.);
#5913 = EDGE_CURVE('',#1500,#4907,#5914,.T.);
#5914 = LINE('',#5915,#5916);
#5915 = CARTESIAN_POINT('',(8.479492742095,343.73416697632,
    -172.1290415609));
#5916 = VECTOR('',#5917,1.);
#5917 = DIRECTION('',(1.789108618154E-06,-0.999999999998,
    -1.073724145373E-06));
#5918 = ORIENTED_EDGE('',*,*,#1540,.T.);
#5919 = CYLINDRICAL_SURFACE('',#5920,2.);
#5920 = AXIS2_PLACEMENT_3D('',#5921,#5922,#5923);
#5921 = CARTESIAN_POINT('',(7.961850323528,343.73416397593,
    -170.1971910681));
#5922 = DIRECTION('',(-1.789108618154E-06,0.999999999998,
    1.073724145373E-06));
#5923 = DIRECTION('',(0.608764095298,1.940985529848E-06,-0.793351294366)
  );
#5924 = ADVANCED_FACE('',(#5925),#5932,.T.);
#5925 = FACE_BOUND('',#5926,.T.);
#5926 = EDGE_LOOP('',(#5927,#5928,#5929,#5930,#5931));
#5927 = ORIENTED_EDGE('',*,*,#2740,.F.);
#5928 = ORIENTED_EDGE('',*,*,#4998,.F.);
#5929 = ORIENTED_EDGE('',*,*,#4915,.F.);
#5930 = ORIENTED_EDGE('',*,*,#5913,.F.);
#5931 = ORIENTED_EDGE('',*,*,#1525,.F.);
#5932 = PLANE('',#5933);
#5933 = AXIS2_PLACEMENT_3D('',#5934,#5935,#5936);
#5934 = CARTESIAN_POINT('',(7.572257958722,292.92094041924,
    -172.372215486));
#5935 = DIRECTION('',(-0.258821209283,-1.500196515773E-06,0.965925246395
    ));
#5936 = DIRECTION('',(0.965925246395,1.051020880665E-06,0.258821209285)
  );
#5937 = ADVANCED_FACE('',(#5938),#5950,.T.);
#5938 = FACE_BOUND('',#5939,.T.);
#5939 = EDGE_LOOP('',(#5940,#5941,#5942,#5948,#5949));
#5940 = ORIENTED_EDGE('',*,*,#1464,.F.);
#5941 = ORIENTED_EDGE('',*,*,#5889,.F.);
#5942 = ORIENTED_EDGE('',*,*,#5943,.F.);
#5943 = EDGE_CURVE('',#5577,#5890,#5944,.T.);
#5944 = LINE('',#5945,#5946);
#5945 = CARTESIAN_POINT('',(11.536428313665,183.44749243387,
    -168.006476157));
#5946 = VECTOR('',#5947,1.);
#5947 = DIRECTION('',(-0.499996119289,3.532742618269E-08,-0.866027644302
    ));
#5948 = ORIENTED_EDGE('',*,*,#5585,.F.);
#5949 = ORIENTED_EDGE('',*,*,#1359,.F.);
#5950 = PLANE('',#5951);
#5951 = AXIS2_PLACEMENT_3D('',#5952,#5953,#5954);
#5952 = CARTESIAN_POINT('',(10.85460545483,394.54739326129,
    -169.1865593796));
#5953 = DIRECTION('',(-0.866027644301,-2.086275427855E-06,0.499996119288
    ));
#5954 = DIRECTION('',(1.789108618154E-06,-0.999999999998,
    -1.073724145373E-06));
#5955 = ADVANCED_FACE('',(#5956),#5990,.F.);
#5956 = FACE_BOUND('',#5957,.F.);
#5957 = EDGE_LOOP('',(#5958,#5959,#5967,#5976,#5982,#5983,#5989));
#5958 = ORIENTED_EDGE('',*,*,#416,.T.);
#5959 = ORIENTED_EDGE('',*,*,#5960,.F.);
#5960 = EDGE_CURVE('',#5961,#390,#5963,.T.);
#5961 = VERTEX_POINT('',#5962);
#5962 = CARTESIAN_POINT('',(21.444058379865,183.44749173372,
    -150.8456680785));
#5963 = LINE('',#5964,#5965);
#5964 = CARTESIAN_POINT('',(21.444052595785,185.29448745328,
    -150.8456703902));
#5965 = VECTOR('',#5966,1.);
#5966 = DIRECTION('',(-1.789108618167E-06,0.999999999998,
    1.073724145381E-06));
#5967 = ORIENTED_EDGE('',*,*,#5968,.F.);
#5968 = EDGE_CURVE('',#5969,#5961,#5971,.T.);
#5969 = VERTEX_POINT('',#5970);
#5970 = CARTESIAN_POINT('',(21.3878906372,183.4474917315,-150.9371903484
    ));
#5971 = CIRCLE('',#5972,2.);
#5972 = AXIS2_PLACEMENT_3D('',#5973,#5974,#5975);
#5973 = CARTESIAN_POINT('',(19.711996130673,183.44748756117,
    -149.8456878962));
#5974 = DIRECTION('',(1.789108618167E-06,-0.999999999998,
    -1.073724145381E-06));
#5975 = DIRECTION('',(0.608768539089,1.940989819012E-06,-0.793347884482)
  );
#5976 = ORIENTED_EDGE('',*,*,#5977,.F.);
#5977 = EDGE_CURVE('',#5747,#5969,#5978,.T.);
#5978 = LINE('',#5979,#5980);
#5979 = CARTESIAN_POINT('',(21.387887332723,185.29448745106,
    -150.9371883652));
#5980 = VECTOR('',#5981,1.);
#5981 = DIRECTION('',(1.789108618167E-06,-0.999999999998,
    -1.073724145381E-06));
#5982 = ORIENTED_EDGE('',*,*,#5746,.T.);
#5983 = ORIENTED_EDGE('',*,*,#5984,.F.);
#5984 = EDGE_CURVE('',#480,#5720,#5985,.T.);
#5985 = LINE('',#5986,#5987);
#5986 = CARTESIAN_POINT('',(20.229648229813,185.29448628115,
    -151.7775329265));
#5987 = VECTOR('',#5988,1.);
#5988 = DIRECTION('',(1.789108618167E-06,-0.999999999998,
    -1.073724145381E-06));
#5989 = ORIENTED_EDGE('',*,*,#520,.T.);
#5990 = CYLINDRICAL_SURFACE('',#5991,2.);
#5991 = AXIS2_PLACEMENT_3D('',#5992,#5993,#5994);
#5992 = CARTESIAN_POINT('',(19.711992826197,185.29448328073,
    -149.8456859131));
#5993 = DIRECTION('',(-1.789108618167E-06,0.999999999998,
    1.073724145381E-06));
#5994 = DIRECTION('',(0.608768539089,1.940989819012E-06,-0.793347884482)
  );
#5995 = ADVANCED_FACE('',(#5996),#6015,.T.);
#5996 = FACE_BOUND('',#5997,.T.);
#5997 = EDGE_LOOP('',(#5998,#5999,#6000,#6008,#6014));
#5998 = ORIENTED_EDGE('',*,*,#444,.F.);
#5999 = ORIENTED_EDGE('',*,*,#5960,.F.);
#6000 = ORIENTED_EDGE('',*,*,#6001,.F.);
#6001 = EDGE_CURVE('',#6002,#5961,#6004,.T.);
#6002 = VERTEX_POINT('',#6003);
#6003 = CARTESIAN_POINT('',(25.243174979045,183.44749146522,
    -144.2652689106));
#6004 = LINE('',#6005,#6006);
#6005 = CARTESIAN_POINT('',(17.211376080392,183.44749203286,
    -158.1770406106));
#6006 = VECTOR('',#6007,1.);
#6007 = DIRECTION('',(-0.49999223858,3.533677486509E-08,-0.866029884796)
  );
#6008 = ORIENTED_EDGE('',*,*,#6009,.F.);
#6009 = EDGE_CURVE('',#314,#6002,#6010,.T.);
#6010 = LINE('',#6011,#6012);
#6011 = CARTESIAN_POINT('',(25.243175253023,183.29448575802,
    -144.2652690745));
#6012 = VECTOR('',#6013,1.);
#6013 = DIRECTION('',(1.789108618167E-06,-0.999999999998,
    -1.073724145381E-06));
#6014 = ORIENTED_EDGE('',*,*,#339,.F.);
#6015 = PLANE('',#6016);
#6016 = AXIS2_PLACEMENT_3D('',#6017,#6018,#6019);
#6017 = CARTESIAN_POINT('',(22.204833310859,183.29448597279,
    -149.5279406104));
#6018 = DIRECTION('',(-0.866029884794,-2.086275269545E-06,0.499992238579
    ));
#6019 = DIRECTION('',(0.49999223858,-3.536448695986E-08,0.866029884796)
  );
#6020 = ADVANCED_FACE('',(#6021),#6069,.T.);
#6021 = FACE_BOUND('',#6022,.T.);
#6022 = EDGE_LOOP('',(#6023,#6024,#6025,#6026,#6027,#6028,#6029,#6037,
    #6046,#6054,#6062,#6068));
#6023 = ORIENTED_EDGE('',*,*,#1044,.F.);
#6024 = ORIENTED_EDGE('',*,*,#5461,.F.);
#6025 = ORIENTED_EDGE('',*,*,#5438,.F.);
#6026 = ORIENTED_EDGE('',*,*,#5244,.F.);
#6027 = ORIENTED_EDGE('',*,*,#917,.F.);
#6028 = ORIENTED_EDGE('',*,*,#980,.F.);
#6029 = ORIENTED_EDGE('',*,*,#6030,.T.);
#6030 = EDGE_CURVE('',#973,#6031,#6033,.T.);
#6031 = VERTEX_POINT('',#6032);
#6032 = CARTESIAN_POINT('',(4.087689459654,253.30346843375,
    -148.7097655138));
#6033 = LINE('',#6034,#6035);
#6034 = CARTESIAN_POINT('',(4.087805103921,186.26909113932,
    -148.709835038));
#6035 = VECTOR('',#6036,1.);
#6036 = DIRECTION('',(1.789108594635E-06,-0.999999999998,
    -1.073724156911E-06));
#6037 = ORIENTED_EDGE('',*,*,#6038,.T.);
#6038 = EDGE_CURVE('',#6031,#6039,#6041,.T.);
#6039 = VERTEX_POINT('',#6040);
#6040 = CARTESIAN_POINT('',(4.087688607591,253.27652864469,
    -148.7097621829));
#6041 = CIRCLE('',#6042,3.);
#6042 = AXIS2_PLACEMENT_3D('',#6043,#6044,#6045);
#6043 = CARTESIAN_POINT('',(6.685740900896,253.28972983168,-150.20974551
    ));
#6044 = DIRECTION('',(0.5,-3.531807749966E-08,0.866025403785));
#6045 = DIRECTION('',(-1.169151132783E-06,0.999999999999,
    7.157915243386E-07));
#6046 = ORIENTED_EDGE('',*,*,#6047,.T.);
#6047 = EDGE_CURVE('',#6039,#6048,#6050,.T.);
#6048 = VERTEX_POINT('',#6049);
#6049 = CARTESIAN_POINT('',(4.08770771735,240.70210381381,-148.709776592
    ));
#6050 = LINE('',#6051,#6052);
#6051 = CARTESIAN_POINT('',(4.087805103921,186.26909113932,
    -148.709835038));
#6052 = VECTOR('',#6053,1.);
#6053 = DIRECTION('',(1.789108594635E-06,-0.999999999998,
    -1.073724156911E-06));
#6054 = ORIENTED_EDGE('',*,*,#6055,.T.);
#6055 = EDGE_CURVE('',#6048,#6056,#6058,.T.);
#6056 = VERTEX_POINT('',#6057);
#6057 = CARTESIAN_POINT('',(9.283870874697,234.70211633172,
    -151.7097830343));
#6058 = LINE('',#6059,#6060);
#6059 = CARTESIAN_POINT('',(23.114360138249,218.73210922705,
    -159.6948203617));
#6060 = VECTOR('',#6061,1.);
#6061 = DIRECTION('',(0.612373700798,-0.707105305951,-0.353554149837));
#6062 = ORIENTED_EDGE('',*,*,#6063,.F.);
#6063 = EDGE_CURVE('',#1137,#6056,#6064,.T.);
#6064 = LINE('',#6065,#6066);
#6065 = CARTESIAN_POINT('',(9.283957526616,186.26910365698,
    -151.709835038));
#6066 = VECTOR('',#6067,1.);
#6067 = DIRECTION('',(1.789108594635E-06,-0.999999999998,
    -1.073724156911E-06));
#6068 = ORIENTED_EDGE('',*,*,#1136,.F.);
#6069 = PLANE('',#6070);
#6070 = AXIS2_PLACEMENT_3D('',#6071,#6072,#6073);
#6071 = CARTESIAN_POINT('',(1.849999302613,187.29445299706,
    -147.4178371912));
#6072 = DIRECTION('',(-0.5,3.531807747316E-08,-0.866025403785));
#6073 = DIRECTION('',(-0.866025403783,-2.086275586154E-06,0.499999999999
    ));
#6074 = ADVANCED_FACE('',(#6075),#6138,.F.);
#6075 = FACE_BOUND('',#6076,.F.);
#6076 = EDGE_LOOP('',(#6077,#6085,#6094,#6101,#6102,#6111,#6120,#6129,
    #6136,#6137));
#6077 = ORIENTED_EDGE('',*,*,#6078,.T.);
#6078 = EDGE_CURVE('',#4045,#6079,#6081,.T.);
#6079 = VERTEX_POINT('',#6080);
#6080 = CARTESIAN_POINT('',(-3.064238580557,250.28973052064,
    -167.0972526199));
#6081 = LINE('',#6082,#6083);
#6082 = CARTESIAN_POINT('',(-4.814238652,250.28973064426,-170.1283416569
    ));
#6083 = VECTOR('',#6084,1.);
#6084 = DIRECTION('',(0.5,-3.531807806794E-08,0.866025403785));
#6085 = ORIENTED_EDGE('',*,*,#6086,.F.);
#6086 = EDGE_CURVE('',#6087,#6079,#6089,.T.);
#6087 = VERTEX_POINT('',#6088);
#6088 = CARTESIAN_POINT('',(-5.229279714507,251.63137339991,
    -165.8472655912));
#6089 = CIRCLE('',#6090,3.);
#6090 = AXIS2_PLACEMENT_3D('',#6091,#6092,#6093);
#6091 = CARTESIAN_POINT('',(-3.064242159453,253.28973052064,
    -167.0972505962));
#6092 = DIRECTION('',(0.5,-3.53180774996E-08,0.866025403785));
#6093 = DIRECTION('',(-1.169151132783E-06,0.999999999999,
    7.157915243385E-07));
#6094 = ORIENTED_EDGE('',*,*,#6095,.T.);
#6095 = EDGE_CURVE('',#6087,#3995,#6096,.T.);
#6096 = ELLIPSE('',#6097,4.242640687119,3.000000000001);
#6097 = AXIS2_PLACEMENT_3D('',#6098,#6099,#6100);
#6098 = CARTESIAN_POINT('',(-1.814255430898,253.28973043235,
    -164.9322100736));
#6099 = DIRECTION('',(0.258819045101,1.500193266493E-06,-0.965925826288)
  );
#6100 = DIRECTION('',(-0.965925826289,-9.440527947664E-07,
    -0.258819045103));
#6101 = ORIENTED_EDGE('',*,*,#4002,.T.);
#6102 = ORIENTED_EDGE('',*,*,#6103,.T.);
#6103 = EDGE_CURVE('',#4003,#6104,#6106,.T.);
#6104 = VERTEX_POINT('',#6105);
#6105 = CARTESIAN_POINT('',(-5.229285649681,254.94807821869,
    -165.8472621442));
#6106 = ELLIPSE('',#6107,4.242640687119,3.000000000001);
#6107 = AXIS2_PLACEMENT_3D('',#6108,#6109,#6110);
#6108 = CARTESIAN_POINT('',(-1.814255430898,253.28973043235,
    -164.9322100736));
#6109 = DIRECTION('',(0.258819045101,1.500193266493E-06,-0.965925826288)
  );
#6110 = DIRECTION('',(-0.965925826288,-9.440527947663E-07,
    -0.258819045103));
#6111 = ORIENTED_EDGE('',*,*,#6112,.F.);
#6112 = EDGE_CURVE('',#6113,#6104,#6115,.T.);
#6113 = VERTEX_POINT('',#6114);
#6114 = CARTESIAN_POINT('',(-0.899158580878,254.94800761166,
    -168.3472620581));
#6115 = CIRCLE('',#6116,3.);
#6116 = AXIS2_PLACEMENT_3D('',#6117,#6118,#6119);
#6117 = CARTESIAN_POINT('',(-3.064242159453,253.28973052064,
    -167.0972505962));
#6118 = DIRECTION('',(0.5,-3.53180774996E-08,0.866025403785));
#6119 = DIRECTION('',(-1.169151132783E-06,0.999999999999,
    7.157915243385E-07));
#6120 = ORIENTED_EDGE('',*,*,#6121,.T.);
#6121 = EDGE_CURVE('',#6113,#6122,#6124,.T.);
#6122 = VERTEX_POINT('',#6123);
#6123 = CARTESIAN_POINT('',(-0.899152745481,251.63146285252,
    -168.3472656773));
#6124 = ELLIPSE('',#6125,4.242640687118,3.000000000001);
#6125 = AXIS2_PLACEMENT_3D('',#6126,#6127,#6128);
#6126 = CARTESIAN_POINT('',(-1.814228888009,253.28973043235,-164.9321641
    ));
#6127 = DIRECTION('',(-0.965925826288,-1.450245962296E-06,
    -0.258819045104));
#6128 = DIRECTION('',(-0.258819045102,-9.940000997671E-07,0.965925826289
    ));
#6129 = ORIENTED_EDGE('',*,*,#6130,.F.);
#6130 = EDGE_CURVE('',#6079,#6122,#6131,.T.);
#6131 = CIRCLE('',#6132,3.);
#6132 = AXIS2_PLACEMENT_3D('',#6133,#6134,#6135);
#6133 = CARTESIAN_POINT('',(-3.064242159453,253.28973052064,
    -167.0972505962));
#6134 = DIRECTION('',(0.5,-3.53180774996E-08,0.866025403785));
#6135 = DIRECTION('',(-1.169151132783E-06,0.999999999999,
    7.157915243385E-07));
#6136 = ORIENTED_EDGE('',*,*,#6078,.F.);
#6137 = ORIENTED_EDGE('',*,*,#4044,.T.);
#6138 = CYLINDRICAL_SURFACE('',#6139,3.);
#6139 = AXIS2_PLACEMENT_3D('',#6140,#6141,#6142);
#6140 = CARTESIAN_POINT('',(-4.814242159453,253.28973064425,
    -170.1283395095));
#6141 = DIRECTION('',(0.5,-3.531807806794E-08,0.866025403785));
#6142 = DIRECTION('',(-1.169151132499E-06,0.999999999999,
    7.157915248307E-07));
#6143 = ADVANCED_FACE('',(#6144),#6179,.F.);
#6144 = FACE_BOUND('',#6145,.F.);
#6145 = EDGE_LOOP('',(#6146,#6147,#6155,#6164,#6173));
#6146 = ORIENTED_EDGE('',*,*,#4130,.T.);
#6147 = ORIENTED_EDGE('',*,*,#6148,.T.);
#6148 = EDGE_CURVE('',#4123,#6149,#6151,.T.);
#6149 = VERTEX_POINT('',#6150);
#6150 = CARTESIAN_POINT('',(4.671402000425,183.44440994083,
    -179.8972844289));
#6151 = ( BOUNDED_CURVE() B_SPLINE_CURVE(2,(#6152,#6153,#6154),
.UNSPECIFIED.,.F.,.F.) B_SPLINE_CURVE_WITH_KNOTS((3,3),(1.718601976758,
1.719041363897),.PIECEWISE_BEZIER_KNOTS.) CURVE() 
GEOMETRIC_REPRESENTATION_ITEM() RATIONAL_B_SPLINE_CURVE((1.000000000252,
1.000000000252,1.000000000252)) REPRESENTATION_ITEM('') );
#6152 = CARTESIAN_POINT('',(4.668689194715,183.44749298144,
    -179.8958170393));
#6153 = CARTESIAN_POINT('',(4.670045083089,183.44595205521,
    -179.8965504371));
#6154 = CARTESIAN_POINT('',(4.671402000431,183.44440994082,
    -179.8972844289));
#6155 = ORIENTED_EDGE('',*,*,#6156,.F.);
#6156 = EDGE_CURVE('',#6157,#6149,#6159,.T.);
#6157 = VERTEX_POINT('',#6158);
#6158 = CARTESIAN_POINT('',(5.020402403659,183.04749374674,
    -180.0866336984));
#6159 = B_SPLINE_CURVE_WITH_KNOTS('',3,(#6160,#6161,#6162,#6163),
  .UNSPECIFIED.,.F.,.F.,(4,4),(0.,5.599298374903E-02),
  .PIECEWISE_BEZIER_KNOTS.);
#6160 = CARTESIAN_POINT('',(5.020402403659,183.04749374674,
    -180.0866336984));
#6161 = CARTESIAN_POINT('',(4.904452426757,183.17944899283,
    -180.0235533564));
#6162 = CARTESIAN_POINT('',(4.787528506312,183.31243406491,
    -179.9601002735));
#6163 = CARTESIAN_POINT('',(4.671402000425,183.44440994083,
    -179.8972844289));
#6164 = ORIENTED_EDGE('',*,*,#6165,.F.);
#6165 = EDGE_CURVE('',#6166,#6157,#6168,.T.);
#6166 = VERTEX_POINT('',#6167);
#6167 = CARTESIAN_POINT('',(4.962269560205,183.04749375747,
    -180.1934906845));
#6168 = CIRCLE('',#6169,2.4);
#6169 = AXIS2_PLACEMENT_3D('',#6170,#6171,#6172);
#6170 = CARTESIAN_POINT('',(2.883797836699,183.04748875041,
    -178.9935093119));
#6171 = DIRECTION('',(1.789108618169E-06,-0.999999999998,
    -1.073724145379E-06));
#6172 = DIRECTION('',(0.991445738691,1.913946084361E-06,-0.13051952815)
  );
#6173 = ORIENTED_EDGE('',*,*,#6174,.F.);
#6174 = EDGE_CURVE('',#4131,#6166,#6175,.T.);
#6175 = LINE('',#6176,#6177);
#6176 = CARTESIAN_POINT('',(4.615856890644,183.44749292296,
    -179.9934933595));
#6177 = VECTOR('',#6178,1.);
#6178 = DIRECTION('',(0.612376869339,-0.707105305966,-0.353548661677));
#6179 = CONICAL_SURFACE('',#6180,2.2,0.785398163397);
#6180 = AXIS2_PLACEMENT_3D('',#6181,#6182,#6183);
#6181 = CARTESIAN_POINT('',(2.883797478877,183.24748875041,
    -178.9935090971));
#6182 = DIRECTION('',(1.7891086182E-06,-0.999999999998,
    -1.073724131828E-06));
#6183 = DIRECTION('',(0.991445738691,1.913946082623E-06,-0.13051952815)
  );
#6184 = ADVANCED_FACE('',(#6185),#6198,.F.);
#6185 = FACE_BOUND('',#6186,.T.);
#6186 = EDGE_LOOP('',(#6187,#6193,#6194,#6195,#6196,#6197));
#6187 = ORIENTED_EDGE('',*,*,#6188,.F.);
#6188 = EDGE_CURVE('',#5898,#4123,#6189,.T.);
#6189 = LINE('',#6190,#6191);
#6190 = CARTESIAN_POINT('',(10.213478289698,183.44749252094,
    -170.2919607472));
#6191 = VECTOR('',#6192,1.);
#6192 = DIRECTION('',(-0.5,3.531807747103E-08,-0.866025403785));
#6193 = ORIENTED_EDGE('',*,*,#5906,.F.);
#6194 = ORIENTED_EDGE('',*,*,#4955,.T.);
#6195 = ORIENTED_EDGE('',*,*,#5226,.T.);
#6196 = ORIENTED_EDGE('',*,*,#5143,.T.);
#6197 = ORIENTED_EDGE('',*,*,#4122,.F.);
#6198 = PLANE('',#6199);
#6199 = AXIS2_PLACEMENT_3D('',#6200,#6201,#6202);
#6200 = CARTESIAN_POINT('',(8.211669622681,183.04749266234,
    -173.7591967345));
#6201 = DIRECTION('',(0.866025403783,2.086275586535E-06,-0.499999999999)
  );
#6202 = DIRECTION('',(-0.5,3.53180774724E-08,-0.866025403785));
#6203 = ADVANCED_FACE('',(#6204),#6239,.F.);
#6204 = FACE_BOUND('',#6205,.F.);
#6205 = EDGE_LOOP('',(#6206,#6214,#6215,#6223,#6232));
#6206 = ORIENTED_EDGE('',*,*,#6207,.T.);
#6207 = EDGE_CURVE('',#6208,#5898,#6210,.T.);
#6208 = VERTEX_POINT('',#6209);
#6209 = CARTESIAN_POINT('',(9.639557774135,183.44450953421,
    -171.2919863194));
#6210 = ( BOUNDED_CURVE() B_SPLINE_CURVE(2,(#6211,#6212,#6213),
.UNSPECIFIED.,.F.,.F.) B_SPLINE_CURVE_WITH_KNOTS((3,3),(0.578479041033,
0.578904164753),.PIECEWISE_BEZIER_KNOTS.) CURVE() 
GEOMETRIC_REPRESENTATION_ITEM() RATIONAL_B_SPLINE_CURVE((1.000000000489,
1.000000000489,1.000000000489)) REPRESENTATION_ITEM('') );
#6211 = CARTESIAN_POINT('',(9.63955777414,183.44450953421,
    -171.2919863194));
#6212 = CARTESIAN_POINT('',(9.638285991166,183.4460015702,
    -171.2912050277));
#6213 = CARTESIAN_POINT('',(9.63701517144,183.44749249394,
    -171.2904242921));
#6214 = ORIENTED_EDGE('',*,*,#5897,.T.);
#6215 = ORIENTED_EDGE('',*,*,#6216,.T.);
#6216 = EDGE_CURVE('',#5890,#6217,#6219,.T.);
#6217 = VERTEX_POINT('',#6218);
#6218 = CARTESIAN_POINT('',(10.0406066354,183.04749339854,
    -171.3973499926));
#6219 = LINE('',#6220,#6221);
#6220 = CARTESIAN_POINT('',(9.694194862036,183.44749256403,
    -171.1973511154));
#6221 = VECTOR('',#6222,1.);
#6222 = DIRECTION('',(0.612375285071,-0.707105305966,-0.353551405753));
#6223 = ORIENTED_EDGE('',*,*,#6224,.F.);
#6224 = EDGE_CURVE('',#6225,#6217,#6227,.T.);
#6225 = VERTEX_POINT('',#6226);
#6226 = CARTESIAN_POINT('',(9.978211703134,183.04749339654,
    -171.4994560975));
#6227 = CIRCLE('',#6228,2.4);
#6228 = AXIS2_PLACEMENT_3D('',#6229,#6230,#6231);
#6229 = CARTESIAN_POINT('',(7.962140289079,183.04748839148,
    -170.1973593064));
#6230 = DIRECTION('',(1.789108618169E-06,-0.999999999998,
    -1.073724145379E-06));
#6231 = DIRECTION('',(0.608764095298,1.940985529862E-06,-0.793351294366)
  );
#6232 = ORIENTED_EDGE('',*,*,#6233,.F.);
#6233 = EDGE_CURVE('',#6208,#6225,#6234,.T.);
#6234 = B_SPLINE_CURVE_WITH_KNOTS('',3,(#6235,#6236,#6237,#6238),
  .UNSPECIFIED.,.F.,.F.,(4,4),(4.21918789477E-04,5.643255082378E-02),
  .PIECEWISE_BEZIER_KNOTS.);
#6235 = CARTESIAN_POINT('',(9.639557774135,183.44450953421,
    -171.2919863194));
#6236 = CARTESIAN_POINT('',(9.752079521653,183.31250077092,
    -171.3611115643));
#6237 = CARTESIAN_POINT('',(9.865551405999,183.17948188769,
    -171.4306113721));
#6238 = CARTESIAN_POINT('',(9.978211703131,183.04749339654,
    -171.4994560975));
#6239 = CONICAL_SURFACE('',#6240,2.2,0.785398163397);
#6240 = AXIS2_PLACEMENT_3D('',#6241,#6242,#6243);
#6241 = CARTESIAN_POINT('',(7.962139931257,183.24748839148,
    -170.1973590916));
#6242 = DIRECTION('',(1.789108616812E-06,-0.999999999998,
    -1.073724131828E-06));
#6243 = DIRECTION('',(0.608764095298,1.940985518285E-06,-0.793351294366)
  );
#6244 = ADVANCED_FACE('',(#6245),#6280,.F.);
#6245 = FACE_BOUND('',#6246,.F.);
#6246 = EDGE_LOOP('',(#6247,#6248,#6256,#6265,#6274));
#6247 = ORIENTED_EDGE('',*,*,#5576,.T.);
#6248 = ORIENTED_EDGE('',*,*,#6249,.T.);
#6249 = EDGE_CURVE('',#5569,#6250,#6252,.T.);
#6250 = VERTEX_POINT('',#6251);
#6251 = CARTESIAN_POINT('',(16.419525339822,183.44459868452,
    -159.5486164951));
#6252 = ( BOUNDED_CURVE() B_SPLINE_CURVE(2,(#6253,#6254,#6255),
.UNSPECIFIED.,.F.,.F.) B_SPLINE_CURVE_WITH_KNOTS((3,3),(1.718615171355,
1.719027538572),.PIECEWISE_BEZIER_KNOTS.) CURVE() 
GEOMETRIC_REPRESENTATION_ITEM() RATIONAL_B_SPLINE_CURVE((1.000000000748,
1.000000000748,1.000000000747)) REPRESENTATION_ITEM('') );
#6253 = CARTESIAN_POINT('',(16.4169805959,183.4474921495,-159.5472371682
    ));
#6254 = CARTESIAN_POINT('',(16.418252514702,183.44604594027,
    -159.54792657));
#6255 = CARTESIAN_POINT('',(16.419525339826,183.44459868451,
    -159.5486164951));
#6256 = ORIENTED_EDGE('',*,*,#6257,.F.);
#6257 = EDGE_CURVE('',#6258,#6250,#6260,.T.);
#6258 = VERTEX_POINT('',#6259);
#6259 = CARTESIAN_POINT('',(16.768528540461,183.04749291696,
    -159.7383398852));
#6260 = B_SPLINE_CURVE_WITH_KNOTS('',3,(#6261,#6262,#6263,#6264),
  .UNSPECIFIED.,.F.,.F.,(4,4),(0.,5.601918888069E-02),
  .PIECEWISE_BEZIER_KNOTS.);
#6261 = CARTESIAN_POINT('',(16.768528540461,183.04749291696,
    -159.7383398852));
#6262 = CARTESIAN_POINT('',(16.652575280337,183.17951123396,
    -159.6751391456));
#6263 = CARTESIAN_POINT('',(16.535649669045,183.31256043326,
    -159.6115607974));
#6264 = CARTESIAN_POINT('',(16.419525339822,183.44459868452,
    -159.5486164951));
#6265 = ORIENTED_EDGE('',*,*,#6266,.F.);
#6266 = EDGE_CURVE('',#6267,#6258,#6269,.T.);
#6267 = VERTEX_POINT('',#6268);
#6268 = CARTESIAN_POINT('',(16.712127700561,183.04749292716,
    -159.8418169613));
#6269 = CIRCLE('',#6270,2.4);
#6270 = AXIS2_PLACEMENT_3D('',#6271,#6272,#6273);
#6271 = CARTESIAN_POINT('',(14.633661354239,183.0474879201,
    -158.641826275));
#6272 = DIRECTION('',(1.789108618169E-06,-0.999999999998,
    -1.073724145379E-06));
#6273 = DIRECTION('',(0.991445300038,1.913948877244E-06,-0.13052286018)
  );
#6274 = ORIENTED_EDGE('',*,*,#6275,.F.);
#6275 = EDGE_CURVE('',#5577,#6267,#6276,.T.);
#6276 = LINE('',#6277,#6278);
#6277 = CARTESIAN_POINT('',(16.365715927197,183.44749209265,
    -159.6418180841));
#6278 = VECTOR('',#6279,1.);
#6279 = DIRECTION('',(0.612375285071,-0.707105305965,-0.353551405753));
#6280 = CONICAL_SURFACE('',#6281,2.2,0.785398163397);
#6281 = AXIS2_PLACEMENT_3D('',#6282,#6283,#6284);
#6282 = CARTESIAN_POINT('',(14.633660996417,183.2474879201,
    -158.6418260603));
#6283 = DIRECTION('',(1.789108616812E-06,-0.999999999998,
    -1.073724131828E-06));
#6284 = DIRECTION('',(0.991445300038,1.91394887413E-06,-0.13052286018));
#6285 = ADVANCED_FACE('',(#6286),#6293,.T.);
#6286 = FACE_BOUND('',#6287,.T.);
#6287 = EDGE_LOOP('',(#6288,#6289,#6290,#6291,#6292));
#6288 = ORIENTED_EDGE('',*,*,#722,.F.);
#6289 = ORIENTED_EDGE('',*,*,#5796,.F.);
#6290 = ORIENTED_EDGE('',*,*,#5728,.F.);
#6291 = ORIENTED_EDGE('',*,*,#5984,.F.);
#6292 = ORIENTED_EDGE('',*,*,#505,.F.);
#6293 = PLANE('',#6294);
#6294 = AXIS2_PLACEMENT_3D('',#6295,#6296,#6297);
#6295 = CARTESIAN_POINT('',(18.980808699872,187.29448583288,
    -152.1121673595));
#6296 = DIRECTION('',(-0.258827701808,-1.500206263651E-06,0.965923506689
    ));
#6297 = DIRECTION('',(0.965923506689,1.051011515991E-06,0.25882770181));
#6298 = ADVANCED_FACE('',(#6299),#6312,.F.);
#6299 = FACE_BOUND('',#6300,.T.);
#6300 = EDGE_LOOP('',(#6301,#6307,#6308,#6309,#6310,#6311));
#6301 = ORIENTED_EDGE('',*,*,#6302,.F.);
#6302 = EDGE_CURVE('',#5969,#5569,#6303,.T.);
#6303 = LINE('',#6304,#6305);
#6304 = CARTESIAN_POINT('',(17.247252917019,183.44749202414,
    -158.1091336929));
#6305 = VECTOR('',#6306,1.);
#6306 = DIRECTION('',(-0.49999223858,3.533677486508E-08,-0.866029884796)
  );
#6307 = ORIENTED_EDGE('',*,*,#5977,.F.);
#6308 = ORIENTED_EDGE('',*,*,#5755,.T.);
#6309 = ORIENTED_EDGE('',*,*,#5504,.T.);
#6310 = ORIENTED_EDGE('',*,*,#5386,.T.);
#6311 = ORIENTED_EDGE('',*,*,#5568,.F.);
#6312 = PLANE('',#6313);
#6313 = AXIS2_PLACEMENT_3D('',#6314,#6315,#6316);
#6314 = CARTESIAN_POINT('',(22.279083773721,183.04749166829,
    -149.3935682773));
#6315 = DIRECTION('',(0.866029884794,2.086275269701E-06,-0.499992238579)
  );
#6316 = DIRECTION('',(-0.49999223858,3.533677089096E-08,-0.866029884796)
  );
#6317 = ADVANCED_FACE('',(#6318),#6353,.F.);
#6318 = FACE_BOUND('',#6319,.F.);
#6319 = EDGE_LOOP('',(#6320,#6328,#6329,#6337,#6346));
#6320 = ORIENTED_EDGE('',*,*,#6321,.T.);
#6321 = EDGE_CURVE('',#6322,#5969,#6324,.T.);
#6322 = VERTEX_POINT('',#6323);
#6323 = CARTESIAN_POINT('',(21.390350780306,183.44460921838,
    -150.9386943071));
#6324 = ( BOUNDED_CURVE() B_SPLINE_CURVE(2,(#6325,#6326,#6327),
.UNSPECIFIED.,.F.,.F.) B_SPLINE_CURVE_WITH_KNOTS((3,3),(0.578486231608,
0.578897028789),.PIECEWISE_BEZIER_KNOTS.) CURVE() 
GEOMETRIC_REPRESENTATION_ITEM() RATIONAL_B_SPLINE_CURVE((1.000000000469,
1.000000000469,1.00000000047)) REPRESENTATION_ITEM('') );
#6325 = CARTESIAN_POINT('',(21.390350780312,183.44460921838,
    -150.9386943071));
#6326 = CARTESIAN_POINT('',(21.389121527222,183.44605096093,
    -150.9379399381));
#6327 = CARTESIAN_POINT('',(21.387893173564,183.44749166493,
    -150.9371860883));
#6328 = ORIENTED_EDGE('',*,*,#5968,.T.);
#6329 = ORIENTED_EDGE('',*,*,#6330,.T.);
#6330 = EDGE_CURVE('',#5961,#6331,#6333,.T.);
#6331 = VERTEX_POINT('',#6332);
#6332 = CARTESIAN_POINT('',(21.790471049426,183.04749256823,
    -151.0456654034));
#6333 = LINE('',#6334,#6335);
#6334 = CARTESIAN_POINT('',(21.444058379865,183.44749173372,
    -150.8456680785));
#6335 = VECTOR('',#6336,1.);
#6336 = DIRECTION('',(0.612376869339,-0.707105305966,-0.353548661677));
#6337 = ORIENTED_EDGE('',*,*,#6338,.F.);
#6338 = EDGE_CURVE('',#6339,#6331,#6341,.T.);
#6339 = VERTEX_POINT('',#6340);
#6340 = CARTESIAN_POINT('',(21.72917981756,183.04749256637,
    -151.1460620006));
#6341 = CIRCLE('',#6342,2.4);
#6342 = AXIS2_PLACEMENT_3D('',#6343,#6344,#6345);
#6343 = CARTESIAN_POINT('',(19.71199932592,183.04748756117,
    -149.8456840308));
#6344 = DIRECTION('',(1.789108618169E-06,-0.999999999998,
    -1.073724145379E-06));
#6345 = DIRECTION('',(0.608768539089,1.940989819012E-06,-0.793347884482)
  );
#6346 = ORIENTED_EDGE('',*,*,#6347,.F.);
#6347 = EDGE_CURVE('',#6322,#6339,#6348,.T.);
#6348 = B_SPLINE_CURVE_WITH_KNOTS('',3,(#6349,#6350,#6351,#6352),
  .UNSPECIFIED.,.F.,.F.,(4,4),(4.07700309174E-04,5.643223095638E-02),
  .PIECEWISE_BEZIER_KNOTS.);
#6349 = CARTESIAN_POINT('',(21.390350780306,183.44460921838,
    -150.9386943071));
#6350 = CARTESIAN_POINT('',(21.502931788259,183.31256738625,
    -151.0077831113));
#6351 = CARTESIAN_POINT('',(21.616462501714,183.1795145048,
    -151.0772490817));
#6352 = CARTESIAN_POINT('',(21.729179817559,183.04749256637,
    -151.1460620006));
#6353 = CONICAL_SURFACE('',#6354,2.2,0.785398163397);
#6354 = AXIS2_PLACEMENT_3D('',#6355,#6356,#6357);
#6355 = CARTESIAN_POINT('',(19.711998968098,183.24748756117,
    -149.8456838161));
#6356 = DIRECTION('',(1.789108616812E-06,-0.999999999998,
    -1.073724131828E-06));
#6357 = DIRECTION('',(0.608768539089,1.940989807435E-06,-0.793347884482)
  );
#6358 = ADVANCED_FACE('',(#6359),#6383,.F.);
#6359 = FACE_BOUND('',#6360,.F.);
#6360 = EDGE_LOOP('',(#6361,#6362,#6370,#6381,#6382));
#6361 = ORIENTED_EDGE('',*,*,#245,.T.);
#6362 = ORIENTED_EDGE('',*,*,#6363,.F.);
#6363 = EDGE_CURVE('',#6364,#218,#6366,.T.);
#6364 = VERTEX_POINT('',#6365);
#6365 = CARTESIAN_POINT('',(25.243152574377,183.44748609638,
    -139.2653077175));
#6366 = LINE('',#6367,#6368);
#6367 = CARTESIAN_POINT('',(25.243152848121,183.29448038941,
    -139.2653078818));
#6368 = VECTOR('',#6369,1.);
#6369 = DIRECTION('',(-1.789108618167E-06,0.999999999998,
    1.073724145381E-06));
#6370 = ORIENTED_EDGE('',*,*,#6371,.F.);
#6371 = EDGE_CURVE('',#6002,#6364,#6372,.T.);
#6372 = B_SPLINE_CURVE_WITH_KNOTS('',3,(#6373,#6374,#6375,#6376,#6377,
    #6378,#6379,#6380),.UNSPECIFIED.,.F.,.F.,(4,2,2,4),(0.,
    0.195322236694,0.360134471966,0.524946707238),.UNSPECIFIED.);
#6373 = CARTESIAN_POINT('',(25.243174979279,183.44749146522,
    -144.2652689102));
#6374 = CARTESIAN_POINT('',(25.568706987175,183.44749144215,
    -143.701419263));
#6375 = CARTESIAN_POINT('',(25.780994357409,183.447491154,-143.079376686
    ));
#6376 = CARTESIAN_POINT('',(25.941577447668,183.44749016386,
    -141.889717471));
#6377 = CARTESIAN_POINT('',(25.924837109218,183.44748954028,
    -141.336872344));
#6378 = CARTESIAN_POINT('',(25.712245140934,183.44748800245,
    -140.258887029));
#6379 = CARTESIAN_POINT('',(25.517839633134,183.44748709866,
    -139.7410796596));
#6380 = CARTESIAN_POINT('',(25.243152574377,183.44748609638,
    -139.2653077175));
#6381 = ORIENTED_EDGE('',*,*,#6009,.F.);
#6382 = ORIENTED_EDGE('',*,*,#354,.T.);
#6383 = CYLINDRICAL_SURFACE('',#6384,5.000000000001);
#6384 = AXIS2_PLACEMENT_3D('',#6385,#6386,#6387);
#6385 = CARTESIAN_POINT('',(20.913025829051,183.29447532665,
    -141.7653078816));
#6386 = DIRECTION('',(-1.789108618167E-06,0.999999999998,
    1.073724145381E-06));
#6387 = DIRECTION('',(0.999999999988,1.789103806774E-06,
    4.481017125279E-06));
#6388 = ADVANCED_FACE('',(#6389),#6415,.F.);
#6389 = FACE_BOUND('',#6390,.F.);
#6390 = EDGE_LOOP('',(#6391,#6392,#6400,#6409));
#6391 = ORIENTED_EDGE('',*,*,#6371,.T.);
#6392 = ORIENTED_EDGE('',*,*,#6393,.F.);
#6393 = EDGE_CURVE('',#6394,#6364,#6396,.T.);
#6394 = VERTEX_POINT('',#6395);
#6395 = CARTESIAN_POINT('',(25.589563451459,183.04748650162,
    -139.0653081469));
#6396 = LINE('',#6397,#6398);
#6397 = CARTESIAN_POINT('',(24.0229967102,184.85639639171,
    -139.9697620662));
#6398 = VECTOR('',#6399,1.);
#6399 = DIRECTION('',(-0.6123737009,0.707106065009,-0.353552631546));
#6400 = ORIENTED_EDGE('',*,*,#6401,.F.);
#6401 = EDGE_CURVE('',#6402,#6394,#6404,.T.);
#6402 = VERTEX_POINT('',#6403);
#6403 = CARTESIAN_POINT('',(25.589587648753,183.04749229973,
    -144.4652662353));
#6404 = CIRCLE('',#6405,5.400000000302);
#6405 = AXIS2_PLACEMENT_3D('',#6406,#6407,#6408);
#6406 = CARTESIAN_POINT('',(20.913026270602,183.04748103384,
    -141.7653081468));
#6407 = DIRECTION('',(1.789108618169E-06,-0.999999999998,
    -1.073724145379E-06));
#6408 = DIRECTION('',(0.866029884794,2.086275269546E-06,-0.499992238579)
  );
#6409 = ORIENTED_EDGE('',*,*,#6410,.F.);
#6410 = EDGE_CURVE('',#6002,#6402,#6411,.T.);
#6411 = LINE('',#6412,#6413);
#6412 = CARTESIAN_POINT('',(24.023012802648,184.85640024656,
    -143.5608224735));
#6413 = VECTOR('',#6414,1.);
#6414 = DIRECTION('',(0.612376869599,-0.707105305966,-0.353548661227));
#6415 = CONICAL_SURFACE('',#6416,3.591088280222,0.785398163308);
#6416 = AXIS2_PLACEMENT_3D('',#6417,#6418,#6419);
#6417 = CARTESIAN_POINT('',(20.91302303238,184.85639275424,
    -141.7653062065));
#6418 = DIRECTION('',(1.789369745896E-06,-0.999999999998,
    -1.073450267763E-06));
#6419 = DIRECTION('',(0.866029884978,2.086364477266E-06,-0.49999223826)
  );
#6420 = ADVANCED_FACE('',(#6421),#6441,.T.);
#6421 = FACE_BOUND('',#6422,.T.);
#6422 = EDGE_LOOP('',(#6423,#6424,#6425,#6433,#6439,#6440));
#6423 = ORIENTED_EDGE('',*,*,#278,.F.);
#6424 = ORIENTED_EDGE('',*,*,#6363,.F.);
#6425 = ORIENTED_EDGE('',*,*,#6426,.F.);
#6426 = EDGE_CURVE('',#6427,#6364,#6429,.T.);
#6427 = VERTEX_POINT('',#6428);
#6428 = CARTESIAN_POINT('',(16.56067720288,183.4474544153,
    -124.2268192365));
#6429 = LINE('',#6430,#6431);
#6430 = CARTESIAN_POINT('',(27.70158478927,183.44749506684,
    -143.5234372213));
#6431 = VECTOR('',#6432,1.);
#6432 = DIRECTION('',(0.499999999946,1.824426695578E-06,-0.866025403814)
  );
#6433 = ORIENTED_EDGE('',*,*,#6434,.T.);
#6434 = EDGE_CURVE('',#6427,#187,#6435,.T.);
#6435 = LINE('',#6436,#6437);
#6436 = CARTESIAN_POINT('',(16.560677476624,183.29444870881,
    -124.2268194008));
#6437 = VECTOR('',#6438,1.);
#6438 = DIRECTION('',(-1.789108617963E-06,0.999999999998,
    1.073724145498E-06));
#6439 = ORIENTED_EDGE('',*,*,#186,.F.);
#6440 = ORIENTED_EDGE('',*,*,#157,.F.);
#6441 = PLANE('',#6442);
#6442 = AXIS2_PLACEMENT_3D('',#6443,#6444,#6445);
#6443 = CARTESIAN_POINT('',(25.820524028903,183.29448249612,
    -140.2653441019));
#6444 = DIRECTION('',(-0.866025403814,-1.012551440883E-06,
    -0.499999999948));
#6445 = DIRECTION('',(-0.499999999946,-1.824398983047E-06,0.866025403814
    ));
#6446 = ADVANCED_FACE('',(#6447),#6465,.T.);
#6447 = FACE_BOUND('',#6448,.T.);
#6448 = EDGE_LOOP('',(#6449,#6450,#6458,#6464));
#6449 = ORIENTED_EDGE('',*,*,#6393,.F.);
#6450 = ORIENTED_EDGE('',*,*,#6451,.T.);
#6451 = EDGE_CURVE('',#6394,#6452,#6454,.T.);
#6452 = VERTEX_POINT('',#6453);
#6453 = CARTESIAN_POINT('',(16.989930792511,183.04745512282,
    -124.1703074531));
#6454 = LINE('',#6455,#6456);
#6455 = CARTESIAN_POINT('',(28.04799566644,183.04749547208,
    -143.3234376508));
#6456 = VECTOR('',#6457,1.);
#6457 = DIRECTION('',(-0.499999999946,-1.824426695578E-06,0.866025403814
    ));
#6458 = ORIENTED_EDGE('',*,*,#6459,.T.);
#6459 = EDGE_CURVE('',#6452,#6427,#6460,.T.);
#6460 = LINE('',#6461,#6462);
#6461 = CARTESIAN_POINT('',(16.989930792511,183.04745512282,
    -124.1703074531));
#6462 = VECTOR('',#6463,1.);
#6463 = DIRECTION('',(-0.728226938471,0.678597144413,-9.587200676303E-02
    ));
#6464 = ORIENTED_EDGE('',*,*,#6426,.T.);
#6465 = PLANE('',#6466);
#6466 = AXIS2_PLACEMENT_3D('',#6467,#6468,#6469);
#6467 = CARTESIAN_POINT('',(27.874790227855,183.24749526946,
    -143.4234374361));
#6468 = DIRECTION('',(-0.612371170458,-0.707107497361,-0.353554149697));
#6469 = DIRECTION('',(-0.500001579949,-8.326672684689E-17,0.866024491599
    ));
#6470 = ADVANCED_FACE('',(#6471),#6497,.T.);
#6471 = FACE_BOUND('',#6472,.T.);
#6472 = EDGE_LOOP('',(#6473,#6484,#6490,#6491));
#6473 = ORIENTED_EDGE('',*,*,#6474,.T.);
#6474 = EDGE_CURVE('',#6475,#6477,#6479,.T.);
#6475 = VERTEX_POINT('',#6476);
#6476 = CARTESIAN_POINT('',(32.575598447108,183.04749245069,
    -132.9653212646));
#6477 = VERTEX_POINT('',#6478);
#6478 = CARTESIAN_POINT('',(32.575633399174,183.04750920078,
    -148.5652607259));
#6479 = CIRCLE('',#6480,15.600000000356);
#6480 = AXIS2_PLACEMENT_3D('',#6481,#6482,#6483);
#6481 = CARTESIAN_POINT('',(19.065602147777,183.04747665489,
    -140.7653212648));
#6482 = DIRECTION('',(-1.789108618169E-06,0.999999999998,
    1.073724145379E-06));
#6483 = DIRECTION('',(0.866027644301,2.086275427871E-06,-0.499996119288)
  );
#6484 = ORIENTED_EDGE('',*,*,#6485,.T.);
#6485 = EDGE_CURVE('',#6477,#4468,#6486,.T.);
#6486 = LINE('',#6487,#6488);
#6487 = CARTESIAN_POINT('',(29.073596246203,179.00369868758,
    -146.5433797244));
#6488 = VECTOR('',#6489,1.);
#6489 = DIRECTION('',(0.612372755107,0.707108256405,-0.353549886901));
#6490 = ORIENTED_EDGE('',*,*,#4500,.F.);
#6491 = ORIENTED_EDGE('',*,*,#6492,.T.);
#6492 = EDGE_CURVE('',#4493,#6475,#6493,.T.);
#6493 = LINE('',#6494,#6495);
#6494 = CARTESIAN_POINT('',(29.073570351623,179.00368627627,
    -134.9872266487));
#6495 = VECTOR('',#6496,1.);
#6496 = DIRECTION('',(-0.612371170655,-0.707107496975,-0.353554150128));
#6497 = CONICAL_SURFACE('',#6498,11.556197923411,0.785398163408);
#6498 = AXIS2_PLACEMENT_3D('',#6499,#6500,#6501);
#6499 = CARTESIAN_POINT('',(19.065609379743,179.00367457804,
    -140.7653256121));
#6500 = DIRECTION('',(-1.788964278091E-06,0.999999999998,
    1.073996118025E-06));
#6501 = DIRECTION('',(0.866027644454,2.086286410629E-06,-0.499996119021)
  );
#6502 = ADVANCED_FACE('',(#6503),#6521,.T.);
#6503 = FACE_BOUND('',#6504,.T.);
#6504 = EDGE_LOOP('',(#6505,#6506,#6514,#6520));
#6505 = ORIENTED_EDGE('',*,*,#6485,.F.);
#6506 = ORIENTED_EDGE('',*,*,#6507,.T.);
#6507 = EDGE_CURVE('',#6477,#6508,#6510,.T.);
#6508 = VERTEX_POINT('',#6509);
#6509 = CARTESIAN_POINT('',(8.188761839191,183.04751092385,
    -190.8049984243));
#6510 = LINE('',#6511,#6512);
#6511 = CARTESIAN_POINT('',(19.151308604954,183.04751014929,
    -171.8171139491));
#6512 = VECTOR('',#6513,1.);
#6513 = DIRECTION('',(-0.499996119289,3.532742618269E-08,-0.866027644302
    ));
#6514 = ORIENTED_EDGE('',*,*,#6515,.F.);
#6515 = EDGE_CURVE('',#4438,#6508,#6516,.T.);
#6516 = LINE('',#6517,#6518);
#6517 = CARTESIAN_POINT('',(6.319526535641,180.88910053451,
    -189.7258061749));
#6518 = VECTOR('',#6519,1.);
#6519 = DIRECTION('',(-0.612372754889,-0.707108256405,0.353549887277));
#6520 = ORIENTED_EDGE('',*,*,#4475,.T.);
#6521 = PLANE('',#6522);
#6522 = AXIS2_PLACEMENT_3D('',#6523,#6524,#6525);
#6523 = CARTESIAN_POINT('',(19.324513775992,183.24751056654,
    -171.9171129582));
#6524 = DIRECTION('',(0.612375285071,-0.707105305966,-0.353551405753));
#6525 = DIRECTION('',(-0.499996149883,5.273559366969E-16,-0.866027626639
    ));
#6526 = ADVANCED_FACE('',(#6527),#6754,.T.);
#6527 = FACE_BOUND('',#6528,.T.);
#6528 = EDGE_LOOP('',(#6529,#6530,#6538,#6546,#6554,#6562,#6570,#6579,
    #6587,#6596,#6604,#6612,#6620,#6626,#6627,#6628,#6634,#6635,#6641,
    #6642,#6648,#6649,#6655,#6656,#6664,#6673,#6681,#6689,#6697,#6705,
    #6713,#6722,#6730,#6738,#6746,#6753));
#6529 = ORIENTED_EDGE('',*,*,#6474,.F.);
#6530 = ORIENTED_EDGE('',*,*,#6531,.F.);
#6531 = EDGE_CURVE('',#6532,#6475,#6534,.T.);
#6532 = VERTEX_POINT('',#6533);
#6533 = CARTESIAN_POINT('',(24.870867449407,183.04746433726,
    -119.6203357179));
#6534 = LINE('',#6535,#6536);
#6535 = CARTESIAN_POINT('',(31.298989742633,183.04748779253,
    -130.7541701271));
#6536 = VECTOR('',#6537,1.);
#6537 = DIRECTION('',(0.499999999998,1.82442669564E-06,-0.866025403783)
  );
#6538 = ORIENTED_EDGE('',*,*,#6539,.F.);
#6539 = EDGE_CURVE('',#6540,#6532,#6542,.T.);
#6540 = VERTEX_POINT('',#6541);
#6541 = CARTESIAN_POINT('',(24.507828925911,183.04746358329,
    -119.5230598387));
#6542 = LINE('',#6543,#6544);
#6543 = CARTESIAN_POINT('',(21.299398786962,183.04745691999,
    -118.663363574));
#6544 = VECTOR('',#6545,1.);
#6545 = DIRECTION('',(0.965925826287,2.006046478337E-06,-0.258819045102)
  );
#6546 = ORIENTED_EDGE('',*,*,#6547,.F.);
#6547 = EDGE_CURVE('',#6548,#6540,#6550,.T.);
#6548 = VERTEX_POINT('',#6549);
#6549 = CARTESIAN_POINT('',(23.106237496497,183.04746194456,
    -120.3322690278));
#6550 = LINE('',#6551,#6552);
#6551 = CARTESIAN_POINT('',(8.447967197908,183.0474448062,
    -128.7952253306));
#6552 = VECTOR('',#6553,1.);
#6553 = DIRECTION('',(0.866025403784,1.012551440775E-06,0.5));
#6554 = ORIENTED_EDGE('',*,*,#6555,.F.);
#6555 = EDGE_CURVE('',#6556,#6548,#6558,.T.);
#6556 = VERTEX_POINT('',#6557);
#6557 = CARTESIAN_POINT('',(23.0089126666,183.04746216044,
    -120.6954902378));
#6558 = LINE('',#6559,#6560);
#6559 = CARTESIAN_POINT('',(17.561301784115,183.0474742437,
    -141.0262508311));
#6560 = VECTOR('',#6561,1.);
#6561 = DIRECTION('',(0.258819045103,-5.740824981927E-07,0.965925826289)
  );
#6562 = ORIENTED_EDGE('',*,*,#6563,.F.);
#6563 = EDGE_CURVE('',#6564,#6556,#6566,.T.);
#6564 = VERTEX_POINT('',#6565);
#6565 = CARTESIAN_POINT('',(26.680214482253,183.04747555648,
    -127.0543715125));
#6566 = LINE('',#6567,#6568);
#6567 = CARTESIAN_POINT('',(31.314073946145,183.04749246475,
    -135.0804515391));
#6568 = VECTOR('',#6569,1.);
#6569 = DIRECTION('',(-0.499999999998,-1.82442669564E-06,0.866025403783)
  );
#6570 = ORIENTED_EDGE('',*,*,#6571,.F.);
#6571 = EDGE_CURVE('',#6572,#6564,#6574,.T.);
#6572 = VERTEX_POINT('',#6573);
#6573 = CARTESIAN_POINT('',(26.167778916953,183.0474766931,
    -128.9668070778));
#6574 = CIRCLE('',#6575,1.4);
#6575 = AXIS2_PLACEMENT_3D('',#6576,#6577,#6578);
#6576 = CARTESIAN_POINT('',(25.467778916955,183.04747413891,
    -127.7543715125));
#6577 = DIRECTION('',(1.789108618169E-06,-0.999999999998,
    -1.073724145379E-06));
#6578 = DIRECTION('',(0.965925826287,2.006046478337E-06,-0.258819045102)
  );
#6579 = ORIENTED_EDGE('',*,*,#6580,.F.);
#6580 = EDGE_CURVE('',#6581,#6572,#6583,.T.);
#6581 = VERTEX_POINT('',#6582);
#6582 = CARTESIAN_POINT('',(24.435728109385,183.047474668,
    -129.9668070778));
#6583 = LINE('',#6584,#6585);
#6584 = CARTESIAN_POINT('',(11.436581556936,183.04745946948,
    -137.4718678391));
#6585 = VECTOR('',#6586,1.);
#6586 = DIRECTION('',(0.866025403784,1.012551440775E-06,0.5));
#6587 = ORIENTED_EDGE('',*,*,#6588,.F.);
#6588 = EDGE_CURVE('',#6589,#6581,#6591,.T.);
#6589 = VERTEX_POINT('',#6590);
#6590 = CARTESIAN_POINT('',(22.523292544091,183.04747069623,
    -129.4543715125));
#6591 = CIRCLE('',#6592,1.4);
#6592 = AXIS2_PLACEMENT_3D('',#6593,#6594,#6595);
#6593 = CARTESIAN_POINT('',(23.735728109388,183.0474721138,
    -128.7543715125));
#6594 = DIRECTION('',(1.789108618169E-06,-0.999999999998,
    -1.073724145379E-06));
#6595 = DIRECTION('',(-0.965925826287,-2.006046478337E-06,0.258819045102
    ));
#6596 = ORIENTED_EDGE('',*,*,#6597,.F.);
#6597 = EDGE_CURVE('',#6598,#6589,#6600,.T.);
#6598 = VERTEX_POINT('',#6599);
#6599 = CARTESIAN_POINT('',(18.851885250855,183.04745729981,
    -123.0953075453));
#6600 = LINE('',#6601,#6602);
#6601 = CARTESIAN_POINT('',(25.032152005115,183.04747985069,
    -133.799843568));
#6602 = VECTOR('',#6603,1.);
#6603 = DIRECTION('',(0.499999999998,1.82442669564E-06,-0.866025403783)
  );
#6604 = ORIENTED_EDGE('',*,*,#6605,.F.);
#6605 = EDGE_CURVE('',#6606,#6598,#6608,.T.);
#6606 = VERTEX_POINT('',#6607);
#6607 = CARTESIAN_POINT('',(18.488952210959,183.04745654606,
    -122.9980599304));
#6608 = LINE('',#6609,#6610);
#6609 = CARTESIAN_POINT('',(17.653991273644,183.047454812,
    -122.7743328215));
#6610 = VECTOR('',#6611,1.);
#6611 = DIRECTION('',(0.965925826287,2.006046478337E-06,-0.258819045102)
  );
#6612 = ORIENTED_EDGE('',*,*,#6613,.F.);
#6613 = EDGE_CURVE('',#6614,#6606,#6616,.T.);
#6614 = VERTEX_POINT('',#6615);
#6615 = CARTESIAN_POINT('',(17.087178407478,183.04745490712,
    -123.8073744131));
#6616 = LINE('',#6617,#6618);
#6617 = CARTESIAN_POINT('',(5.438437653402,183.04744128748,
    -130.5327780232));
#6618 = VECTOR('',#6619,1.);
#6619 = DIRECTION('',(0.866025403784,1.012551440775E-06,0.5));
#6620 = ORIENTED_EDGE('',*,*,#6621,.F.);
#6621 = EDGE_CURVE('',#6452,#6614,#6622,.T.);
#6622 = LINE('',#6623,#6624);
#6623 = CARTESIAN_POINT('',(12.178269727938,183.04746579549,
    -142.1276710126));
#6624 = VECTOR('',#6625,1.);
#6625 = DIRECTION('',(0.258819045132,-5.740824981319E-07,0.965925826281)
  );
#6626 = ORIENTED_EDGE('',*,*,#6451,.F.);
#6627 = ORIENTED_EDGE('',*,*,#6401,.F.);
#6628 = ORIENTED_EDGE('',*,*,#6629,.F.);
#6629 = EDGE_CURVE('',#6331,#6402,#6630,.T.);
#6630 = LINE('',#6631,#6632);
#6631 = CARTESIAN_POINT('',(17.557788749953,183.04749286737,
    -158.3770379355));
#6632 = VECTOR('',#6633,1.);
#6633 = DIRECTION('',(0.49999223858,-3.533677486509E-08,0.866029884796)
  );
#6634 = ORIENTED_EDGE('',*,*,#6338,.F.);
#6635 = ORIENTED_EDGE('',*,*,#6636,.F.);
#6636 = EDGE_CURVE('',#6258,#6339,#6637,.T.);
#6637 = LINE('',#6638,#6639);
#6638 = CARTESIAN_POINT('',(17.59366558658,183.04749285865,
    -158.3091310178));
#6639 = VECTOR('',#6640,1.);
#6640 = DIRECTION('',(0.49999223858,-3.533677486508E-08,0.866029884796)
  );
#6641 = ORIENTED_EDGE('',*,*,#6266,.F.);
#6642 = ORIENTED_EDGE('',*,*,#6643,.F.);
#6643 = EDGE_CURVE('',#6217,#6267,#6644,.T.);
#6644 = LINE('',#6645,#6646);
#6645 = CARTESIAN_POINT('',(11.882840087028,183.04749326838,
    -168.2064750342));
#6646 = VECTOR('',#6647,1.);
#6647 = DIRECTION('',(0.499996119289,-3.532742618269E-08,0.866027644302)
  );
#6648 = ORIENTED_EDGE('',*,*,#6224,.F.);
#6649 = ORIENTED_EDGE('',*,*,#6650,.F.);
#6650 = EDGE_CURVE('',#6157,#6225,#6651,.T.);
#6651 = LINE('',#6652,#6653);
#6652 = CARTESIAN_POINT('',(10.559889166854,183.04749335545,
    -170.4919611767));
#6653 = VECTOR('',#6654,1.);
#6654 = DIRECTION('',(0.5,-3.531807747103E-08,0.866025403785));
#6655 = ORIENTED_EDGE('',*,*,#6165,.F.);
#6656 = ORIENTED_EDGE('',*,*,#6657,.F.);
#6657 = EDGE_CURVE('',#6658,#6166,#6660,.T.);
#6658 = VERTEX_POINT('',#6659);
#6659 = CARTESIAN_POINT('',(1.145182036031,183.04749402724,
    -186.8050170518));
#6660 = LINE('',#6661,#6662);
#6661 = CARTESIAN_POINT('',(7.865084333646,183.04749355232,
    -175.1655639491));
#6662 = VECTOR('',#6663,1.);
#6663 = DIRECTION('',(0.49999223858,-3.533677486509E-08,0.866029884796)
  );
#6664 = ORIENTED_EDGE('',*,*,#6665,.F.);
#6665 = EDGE_CURVE('',#6666,#6658,#6668,.T.);
#6666 = VERTEX_POINT('',#6667);
#6667 = CARTESIAN_POINT('',(-3.531379341865,183.04748855947,
    -189.5050589634));
#6668 = CIRCLE('',#6669,5.400000000002);
#6669 = AXIS2_PLACEMENT_3D('',#6670,#6671,#6672);
#6670 = CARTESIAN_POINT('',(-3.531379341856,183.04748276135,
    -184.1050589634));
#6671 = DIRECTION('',(1.789108618169E-06,-0.999999999998,
    -1.073724145379E-06));
#6672 = DIRECTION('',(-1.559698183165E-12,1.073724145378E-06,
    -0.999999999999));
#6673 = ORIENTED_EDGE('',*,*,#6674,.F.);
#6674 = EDGE_CURVE('',#6675,#6666,#6677,.T.);
#6675 = VERTEX_POINT('',#6676);
#6676 = CARTESIAN_POINT('',(-20.6586081342,183.04745791699,
    -189.5050589634));
#6677 = LINE('',#6678,#6679);
#6678 = CARTESIAN_POINT('',(-8.64162093344,183.04747941669,
    -189.5050589634));
#6679 = VECTOR('',#6680,1.);
#6680 = DIRECTION('',(0.999999999998,1.789108618169E-06,
    7.84973412091E-13));
#6681 = ORIENTED_EDGE('',*,*,#6682,.F.);
#6682 = EDGE_CURVE('',#6683,#6675,#6685,.T.);
#6683 = VERTEX_POINT('',#6684);
#6684 = CARTESIAN_POINT('',(-20.92415981732,183.04745772702,
    -189.7706106466));
#6685 = LINE('',#6686,#6687);
#6686 = CARTESIAN_POINT('',(-8.877946103938,183.0474663447,
    -177.7243969332));
#6687 = VECTOR('',#6688,1.);
#6688 = DIRECTION('',(0.707106781186,5.058532118654E-07,0.707106781187)
  );
#6689 = ORIENTED_EDGE('',*,*,#6690,.F.);
#6690 = EDGE_CURVE('',#6691,#6683,#6693,.T.);
#6691 = VERTEX_POINT('',#6692);
#6692 = CARTESIAN_POINT('',(-20.92415981732,183.0474614338,
    -193.8894507678));
#6693 = LINE('',#6694,#6695);
#6694 = CARTESIAN_POINT('',(-20.92415981731,183.04744582513,
    -178.6859227214));
#6695 = VECTOR('',#6696,1.);
#6696 = DIRECTION('',(9.184222196468E-13,-1.073724145379E-06,
    0.999999999999));
#6697 = ORIENTED_EDGE('',*,*,#6698,.F.);
#6698 = EDGE_CURVE('',#6699,#6691,#6701,.T.);
#6699 = VERTEX_POINT('',#6700);
#6700 = CARTESIAN_POINT('',(-20.65847439238,183.04746219442,
    -194.1551361927));
#6701 = LINE('',#6702,#6703);
#6702 = CARTESIAN_POINT('',(-21.63463509377,183.04745939983,
    -193.1789754913));
#6703 = VECTOR('',#6704,1.);
#6704 = DIRECTION('',(-0.707106781182,-2.024328460506E-06,0.707106781188
    ));
#6705 = ORIENTED_EDGE('',*,*,#6706,.F.);
#6706 = EDGE_CURVE('',#6707,#6699,#6709,.T.);
#6707 = VERTEX_POINT('',#6708);
#6708 = CARTESIAN_POINT('',(-12.3241598056,183.04747782113,
    -194.1551361927));
#6709 = LINE('',#6710,#6711);
#6710 = CARTESIAN_POINT('',(-4.391554369088,183.04749201342,
    -194.1551361927));
#6711 = VECTOR('',#6712,1.);
#6712 = DIRECTION('',(-0.999999999998,-1.789108618169E-06,
    -7.724834030639E-13));
#6713 = ORIENTED_EDGE('',*,*,#6714,.F.);
#6714 = EDGE_CURVE('',#6715,#6707,#6717,.T.);
#6715 = VERTEX_POINT('',#6716);
#6716 = CARTESIAN_POINT('',(-10.9241598056,183.04748182909,
    -195.5551361927));
#6717 = CIRCLE('',#6718,1.4);
#6718 = AXIS2_PLACEMENT_3D('',#6719,#6720,#6721);
#6719 = CARTESIAN_POINT('',(-12.3241598056,183.04747932434,
    -195.5551361927));
#6720 = DIRECTION('',(1.789108618169E-06,-0.999999999998,
    -1.073724145379E-06));
#6721 = DIRECTION('',(0.707106781186,5.058532118655E-07,0.707106781187)
  );
#6722 = ORIENTED_EDGE('',*,*,#6723,.F.);
#6723 = EDGE_CURVE('',#6724,#6715,#6726,.T.);
#6724 = VERTEX_POINT('',#6725);
#6725 = CARTESIAN_POINT('',(-10.92415980561,183.0474848186,
    -198.3393735385));
#6726 = LINE('',#6727,#6728);
#6727 = CARTESIAN_POINT('',(-10.92415980559,183.04746586363,
    -180.6858942798));
#6728 = VECTOR('',#6729,1.);
#6729 = DIRECTION('',(9.300240502542E-13,-1.073724145379E-06,
    0.999999999999));
#6730 = ORIENTED_EDGE('',*,*,#6731,.F.);
#6731 = EDGE_CURVE('',#6732,#6724,#6734,.T.);
#6732 = VERTEX_POINT('',#6733);
#6733 = CARTESIAN_POINT('',(-10.65847438066,183.04748557921,
    -198.6050589634));
#6734 = LINE('',#6735,#6736);
#6735 = CARTESIAN_POINT('',(-15.37211577762,183.04747208484,
    -193.8914175665));
#6736 = VECTOR('',#6737,1.);
#6737 = DIRECTION('',(-0.707106781184,-2.024328460508E-06,0.707106781186
    ));
#6738 = ORIENTED_EDGE('',*,*,#6739,.F.);
#6739 = EDGE_CURVE('',#6740,#6732,#6742,.T.);
#6740 = VERTEX_POINT('',#6741);
#6741 = CARTESIAN_POINT('',(-5.321269411918,183.04749512805,
    -198.6050589634));
#6742 = LINE('',#6743,#6744);
#6743 = CARTESIAN_POINT('',(0.264563555747,183.04750512171,
    -198.6050589634));
#6744 = VECTOR('',#6745,1.);
#6745 = DIRECTION('',(-0.999999999998,-1.789108618169E-06,
    -7.84973412091E-13));
#6746 = ORIENTED_EDGE('',*,*,#6747,.F.);
#6747 = EDGE_CURVE('',#6508,#6740,#6748,.T.);
#6748 = CIRCLE('',#6749,15.600000000011);
#6749 = AXIS2_PLACEMENT_3D('',#6750,#6751,#6752);
#6750 = CARTESIAN_POINT('',(-5.321269411905,183.04747837796,
    -183.0050589634));
#6751 = DIRECTION('',(-1.789108618169E-06,0.999999999998,
    1.073724145379E-06));
#6752 = DIRECTION('',(-8.359125319398E-13,1.07372414538E-06,
    -0.999999999999));
#6753 = ORIENTED_EDGE('',*,*,#6507,.F.);
#6754 = PLANE('',#6755);
#6755 = AXIS2_PLACEMENT_3D('',#6756,#6757,#6758);
#6756 = CARTESIAN_POINT('',(3.541051692305,183.0474714831,
    -161.8166527276));
#6757 = DIRECTION('',(1.789108618169E-06,-0.999999999998,
    -1.073724145379E-06));
#6758 = DIRECTION('',(-0.866025403783,-2.086275586154E-06,0.499999999999
    ));
#6759 = ADVANCED_FACE('',(#6760),#6766,.T.);
#6760 = FACE_BOUND('',#6761,.T.);
#6761 = EDGE_LOOP('',(#6762,#6763,#6764,#6765));
#6762 = ORIENTED_EDGE('',*,*,#6410,.F.);
#6763 = ORIENTED_EDGE('',*,*,#6001,.T.);
#6764 = ORIENTED_EDGE('',*,*,#6330,.T.);
#6765 = ORIENTED_EDGE('',*,*,#6629,.T.);
#6766 = PLANE('',#6767);
#6767 = AXIS2_PLACEMENT_3D('',#6768,#6769,#6770);
#6768 = CARTESIAN_POINT('',(17.384582415172,183.24749245012,
    -158.2770392731));
#6769 = DIRECTION('',(-0.612374339157,-0.707108256404,0.353547143202));
#6770 = DIRECTION('',(0.499992207977,0.,0.866029902464));
#6771 = ADVANCED_FACE('',(#6772),#6783,.T.);
#6772 = FACE_BOUND('',#6773,.T.);
#6773 = EDGE_LOOP('',(#6774,#6775,#6776,#6782));
#6774 = ORIENTED_EDGE('',*,*,#6492,.F.);
#6775 = ORIENTED_EDGE('',*,*,#4530,.T.);
#6776 = ORIENTED_EDGE('',*,*,#6777,.F.);
#6777 = EDGE_CURVE('',#6532,#4523,#6778,.T.);
#6778 = LINE('',#6779,#6780);
#6779 = CARTESIAN_POINT('',(24.870867449407,183.04746433726,
    -119.6203357179));
#6780 = VECTOR('',#6781,1.);
#6781 = DIRECTION('',(0.44713987251,0.678598518642,0.582726337922));
#6782 = ORIENTED_EDGE('',*,*,#6531,.T.);
#6783 = PLANE('',#6784);
#6784 = AXIS2_PLACEMENT_3D('',#6785,#6786,#6787);
#6785 = CARTESIAN_POINT('',(31.472194465568,183.24748799493,
    -130.6541699124));
#6786 = DIRECTION('',(0.612373700619,-0.707106065395,0.35355263126));
#6787 = DIRECTION('',(0.499998420002,-1.110223024625E-16,-0.866026315995
    ));
#6788 = ADVANCED_FACE('',(#6789),#6805,.F.);
#6789 = FACE_BOUND('',#6790,.F.);
#6790 = EDGE_LOOP('',(#6791,#6792,#6798,#6799));
#6791 = ORIENTED_EDGE('',*,*,#4181,.T.);
#6792 = ORIENTED_EDGE('',*,*,#6793,.F.);
#6793 = EDGE_CURVE('',#6658,#4158,#6794,.T.);
#6794 = LINE('',#6795,#6796);
#6795 = CARTESIAN_POINT('',(-1.346846934961,185.92501438478,
    -185.3662731154));
#6796 = VECTOR('',#6797,1.);
#6797 = DIRECTION('',(-0.612376869339,0.707105305966,0.353548661677));
#6798 = ORIENTED_EDGE('',*,*,#6665,.F.);
#6799 = ORIENTED_EDGE('',*,*,#6800,.F.);
#6800 = EDGE_CURVE('',#4182,#6666,#6801,.T.);
#6801 = LINE('',#6802,#6803);
#6802 = CARTESIAN_POINT('',(-3.531384490066,185.92501183065,
    -186.6275295129));
#6803 = VECTOR('',#6804,1.);
#6804 = DIRECTION('',(1.265089433919E-06,-0.707106021947,-0.707107540424
    ));
#6805 = CONICAL_SURFACE('',#6806,2.52247363914,0.785398163398);
#6806 = AXIS2_PLACEMENT_3D('',#6807,#6808,#6809);
#6807 = CARTESIAN_POINT('',(-3.531384490062,185.92500912221,
    -184.1050558738));
#6808 = DIRECTION('',(1.789108194507E-06,-0.999999999998,
    -1.073723932344E-06));
#6809 = DIRECTION('',(-1.559697802021E-12,1.073723932343E-06,
    -0.999999999999));
#6810 = ADVANCED_FACE('',(#6811),#6817,.T.);
#6811 = FACE_BOUND('',#6812,.T.);
#6812 = EDGE_LOOP('',(#6813,#6814,#6815,#6816));
#6813 = ORIENTED_EDGE('',*,*,#6793,.F.);
#6814 = ORIENTED_EDGE('',*,*,#6657,.T.);
#6815 = ORIENTED_EDGE('',*,*,#6174,.F.);
#6816 = ORIENTED_EDGE('',*,*,#4165,.T.);
#6817 = PLANE('',#6818);
#6818 = AXIS2_PLACEMENT_3D('',#6819,#6820,#6821);
#6819 = CARTESIAN_POINT('',(7.691877998865,183.24749313506,
    -175.0655652866));
#6820 = DIRECTION('',(-0.612374339157,-0.707108256404,0.353547143202));
#6821 = DIRECTION('',(0.499992207977,3.053113317719E-16,0.866029902464)
  );
#6822 = ADVANCED_FACE('',(#6823),#6834,.T.);
#6823 = FACE_BOUND('',#6824,.T.);
#6824 = EDGE_LOOP('',(#6825,#6826,#6832,#6833));
#6825 = ORIENTED_EDGE('',*,*,#6747,.T.);
#6826 = ORIENTED_EDGE('',*,*,#6827,.T.);
#6827 = EDGE_CURVE('',#6740,#4413,#6828,.T.);
#6828 = LINE('',#6829,#6830);
#6829 = CARTESIAN_POINT('',(-5.321265550294,180.88908692421,
    -196.4466553947));
#6830 = VECTOR('',#6831,1.);
#6831 = DIRECTION('',(-1.265091214939E-06,0.707107540423,-0.707106021948
    ));
#6832 = ORIENTED_EDGE('',*,*,#4445,.F.);
#6833 = ORIENTED_EDGE('',*,*,#6515,.T.);
#6834 = CONICAL_SURFACE('',#6835,13.441594113688,0.785398163397);
#6835 = AXIS2_PLACEMENT_3D('',#6836,#6837,#6838);
#6836 = CARTESIAN_POINT('',(-5.321265550283,180.88907249164,
    -183.005061281));
#6837 = DIRECTION('',(-1.789108318046E-06,0.999999999998,
    1.073724395692E-06));
#6838 = DIRECTION('',(-8.359129797757E-13,1.073724395692E-06,
    -0.999999999999));
#6839 = ADVANCED_FACE('',(#6840),#6851,.T.);
#6840 = FACE_BOUND('',#6841,.T.);
#6841 = EDGE_LOOP('',(#6842,#6843,#6844,#6850));
#6842 = ORIENTED_EDGE('',*,*,#6800,.F.);
#6843 = ORIENTED_EDGE('',*,*,#4220,.T.);
#6844 = ORIENTED_EDGE('',*,*,#6845,.T.);
#6845 = EDGE_CURVE('',#4213,#6675,#6846,.T.);
#6846 = LINE('',#6847,#6848);
#6847 = CARTESIAN_POINT('',(-20.82429427479,183.44745719107,
    -189.105058534));
#6848 = VECTOR('',#6849,1.);
#6849 = DIRECTION('',(0.281085851801,-0.678597113026,-0.678599073172));
#6850 = ORIENTED_EDGE('',*,*,#6674,.T.);
#6851 = PLANE('',#6852);
#6852 = AXIS2_PLACEMENT_3D('',#6853,#6854,#6855);
#6853 = CARTESIAN_POINT('',(-8.641621291261,183.24747920194,
    -189.3050587487));
#6854 = DIRECTION('',(1.265091639486E-06,-0.707107540423,0.707106021948)
  );
#6855 = DIRECTION('',(0.999999999998,6.352747104407E-22,
    -1.789111675216E-06));
#6856 = ADVANCED_FACE('',(#6857),#6868,.T.);
#6857 = FACE_BOUND('',#6858,.T.);
#6858 = EDGE_LOOP('',(#6859,#6860,#6861,#6867));
#6859 = ORIENTED_EDGE('',*,*,#6827,.F.);
#6860 = ORIENTED_EDGE('',*,*,#6739,.T.);
#6861 = ORIENTED_EDGE('',*,*,#6862,.T.);
#6862 = EDGE_CURVE('',#6732,#4389,#6863,.T.);
#6863 = LINE('',#6864,#6865);
#6864 = CARTESIAN_POINT('',(-10.65847438066,183.04748557921,
    -198.6050589634));
#6865 = VECTOR('',#6866,1.);
#6866 = DIRECTION('',(-0.281085851801,0.678598570281,-0.678597615918));
#6867 = ORIENTED_EDGE('',*,*,#4420,.T.);
#6868 = PLANE('',#6869);
#6869 = AXIS2_PLACEMENT_3D('',#6870,#6871,#6872);
#6870 = CARTESIAN_POINT('',(0.264563197925,183.24750533646,
    -198.8050587487));
#6871 = DIRECTION('',(1.265090032888E-06,-0.707106021947,-0.707107540424
    ));
#6872 = DIRECTION('',(-0.999999999998,1.058791184068E-22,
    -1.789105561124E-06));
#6873 = ADVANCED_FACE('',(#6874),#6890,.T.);
#6874 = FACE_BOUND('',#6875,.T.);
#6875 = EDGE_LOOP('',(#6876,#6882,#6883,#6889));
#6876 = ORIENTED_EDGE('',*,*,#6877,.T.);
#6877 = EDGE_CURVE('',#6699,#4288,#6878,.T.);
#6878 = LINE('',#6879,#6880);
#6879 = CARTESIAN_POINT('',(-20.03762699683,181.54860176476,
    -192.6562744734));
#6880 = VECTOR('',#6881,1.);
#6881 = DIRECTION('',(-0.281084501919,0.678598242747,-0.678598502593));
#6882 = ORIENTED_EDGE('',*,*,#4319,.T.);
#6883 = ORIENTED_EDGE('',*,*,#6884,.T.);
#6884 = EDGE_CURVE('',#4312,#6707,#6885,.T.);
#6885 = LINE('',#6886,#6887);
#6886 = CARTESIAN_POINT('',(-12.32416052124,183.4474775349,
    -194.5551357632));
#6887 = VECTOR('',#6888,1.);
#6888 = DIRECTION('',(1.265090514702E-06,-0.707106907812,0.70710665456)
  );
#6889 = ORIENTED_EDGE('',*,*,#6706,.T.);
#6890 = PLANE('',#6891);
#6891 = AXIS2_PLACEMENT_3D('',#6892,#6893,#6894);
#6892 = CARTESIAN_POINT('',(-4.391554726909,183.24749187031,
    -194.3551359779));
#6893 = DIRECTION('',(1.265091155866E-06,-0.707106654559,-0.707106907813
    ));
#6894 = DIRECTION('',(-0.999999999998,8.470329472543E-22,
    -1.789108749873E-06));
#6895 = ADVANCED_FACE('',(#6896),#6907,.F.);
#6896 = FACE_BOUND('',#6897,.F.);
#6897 = EDGE_LOOP('',(#6898,#6899,#6900,#6901));
#6898 = ORIENTED_EDGE('',*,*,#4335,.F.);
#6899 = ORIENTED_EDGE('',*,*,#6884,.T.);
#6900 = ORIENTED_EDGE('',*,*,#6714,.F.);
#6901 = ORIENTED_EDGE('',*,*,#6902,.F.);
#6902 = EDGE_CURVE('',#4336,#6715,#6903,.T.);
#6903 = LINE('',#6904,#6905);
#6904 = CARTESIAN_POINT('',(-11.32416052125,183.44748039773,
    -195.5551357632));
#6905 = VECTOR('',#6906,1.);
#6906 = DIRECTION('',(0.707108678886,-0.707104883482,-7.592362842698E-07
    ));
#6907 = CONICAL_SURFACE('',#6908,1.2,0.785399058045);
#6908 = AXIS2_PLACEMENT_3D('',#6909,#6910,#6911);
#6909 = CARTESIAN_POINT('',(-12.32416016342,183.24747896648,
    -195.555135978));
#6910 = DIRECTION('',(1.789108620612E-06,-0.999999999998,
    -1.073724187862E-06));
#6911 = DIRECTION('',(0.707106781186,5.058531835527E-07,0.707106781187)
  );
#6912 = ADVANCED_FACE('',(#6913),#6924,.T.);
#6913 = FACE_BOUND('',#6914,.T.);
#6914 = EDGE_LOOP('',(#6915,#6921,#6922,#6923));
#6915 = ORIENTED_EDGE('',*,*,#6916,.T.);
#6916 = EDGE_CURVE('',#4363,#6724,#6917,.T.);
#6917 = LINE('',#6918,#6919);
#6918 = CARTESIAN_POINT('',(-10.02464567998,182.14797512106,
    -197.9667864967));
#6919 = VECTOR('',#6920,1.);
#6920 = DIRECTION('',(0.678600445306,-0.678597104725,0.281082559205));
#6921 = ORIENTED_EDGE('',*,*,#6723,.T.);
#6922 = ORIENTED_EDGE('',*,*,#6902,.F.);
#6923 = ORIENTED_EDGE('',*,*,#4370,.T.);
#6924 = PLANE('',#6925);
#6925 = AXIS2_PLACEMENT_3D('',#6926,#6927,#6928);
#6926 = CARTESIAN_POINT('',(-11.12416016341,183.24746514795,
    -180.685894065));
#6927 = DIRECTION('',(-0.707104883482,-0.707108678886,
    -7.592390043026E-07));
#6928 = DIRECTION('',(-1.073728978597E-06,1.905824131322E-21,
    0.999999999999));
#6929 = ADVANCED_FACE('',(#6930),#6936,.T.);
#6930 = FACE_BOUND('',#6931,.T.);
#6931 = EDGE_LOOP('',(#6932,#6933,#6934,#6935));
#6932 = ORIENTED_EDGE('',*,*,#6916,.F.);
#6933 = ORIENTED_EDGE('',*,*,#4396,.T.);
#6934 = ORIENTED_EDGE('',*,*,#6862,.F.);
#6935 = ORIENTED_EDGE('',*,*,#6731,.T.);
#6936 = PLANE('',#6937);
#6937 = AXIS2_PLACEMENT_3D('',#6938,#6939,#6940);
#6938 = CARTESIAN_POINT('',(-15.51353749168,183.24747198367,
    -194.0328387079));
#6939 = DIRECTION('',(-0.499998734909,-0.707107138877,-0.500000759237));
#6940 = DIRECTION('',(-0.707108212602,-4.996003610813E-16,0.707105349768
    ));
#6941 = ADVANCED_FACE('',(#6942),#6953,.T.);
#6942 = FACE_BOUND('',#6943,.T.);
#6943 = EDGE_LOOP('',(#6944,#6945,#6946,#6952));
#6944 = ORIENTED_EDGE('',*,*,#6877,.F.);
#6945 = ORIENTED_EDGE('',*,*,#6698,.T.);
#6946 = ORIENTED_EDGE('',*,*,#6947,.T.);
#6947 = EDGE_CURVE('',#6691,#4262,#6948,.T.);
#6948 = LINE('',#6949,#6950);
#6949 = CARTESIAN_POINT('',(-20.92415981732,183.0474614338,
    -193.8894507678));
#6950 = VECTOR('',#6951,1.);
#6951 = DIRECTION('',(-0.678599558632,0.678597432266,-0.281083909086));
#6952 = ORIENTED_EDGE('',*,*,#4295,.T.);
#6953 = PLANE('',#6954);
#6954 = AXIS2_PLACEMENT_3D('',#6955,#6956,#6957);
#6955 = CARTESIAN_POINT('',(-21.77605680783,183.24745929866,
    -193.3203966328));
#6956 = DIRECTION('',(-0.499998734911,-0.707107138877,-0.500000759236));
#6957 = DIRECTION('',(-0.7071082126,4.163336342344E-16,0.707105349771));
#6958 = ADVANCED_FACE('',(#6959),#6982,.T.);
#6959 = FACE_BOUND('',#6960,.T.);
#6960 = EDGE_LOOP('',(#6961,#6969,#6970,#6976));
#6961 = ORIENTED_EDGE('',*,*,#6962,.T.);
#6962 = EDGE_CURVE('',#6963,#6598,#6965,.T.);
#6963 = VERTEX_POINT('',#6964);
#6964 = CARTESIAN_POINT('',(19.11545198425,183.44745740233,
    -122.7518193288));
#6965 = LINE('',#6966,#6967);
#6966 = CARTESIAN_POINT('',(18.118561365251,181.93453373022,
    -124.0509976307));
#6967 = VECTOR('',#6968,1.);
#6968 = DIRECTION('',(-0.447139872072,-0.678598518742,-0.582726338142));
#6969 = ORIENTED_EDGE('',*,*,#6597,.T.);
#6970 = ORIENTED_EDGE('',*,*,#6971,.T.);
#6971 = EDGE_CURVE('',#6589,#4699,#6972,.T.);
#6972 = LINE('',#6973,#6974);
#6973 = CARTESIAN_POINT('',(22.523292544091,183.04747069623,
    -129.4543715125));
#6974 = VECTOR('',#6975,1.);
#6975 = DIRECTION('',(0.612371170605,0.707107497167,0.353554149831));
#6976 = ORIENTED_EDGE('',*,*,#6977,.T.);
#6977 = EDGE_CURVE('',#4699,#6963,#6978,.T.);
#6978 = LINE('',#6979,#6980);
#6979 = CARTESIAN_POINT('',(25.378561450985,183.44748025571,
    -133.5998431385));
#6980 = VECTOR('',#6981,1.);
#6981 = DIRECTION('',(-0.499999999998,-1.82442669564E-06,0.866025403783)
  );
#6982 = PLANE('',#6983);
#6983 = AXIS2_PLACEMENT_3D('',#6984,#6985,#6986);
#6984 = CARTESIAN_POINT('',(25.20535672805,183.2474800532,
    -133.6998433533));
#6985 = DIRECTION('',(0.612373700786,-0.707106065203,0.353552631356));
#6986 = DIRECTION('',(0.499998420002,5.551115123126E-17,-0.866026315995)
  );
#6987 = ADVANCED_FACE('',(#6988),#6999,.F.);
#6988 = FACE_BOUND('',#6989,.F.);
#6989 = EDGE_LOOP('',(#6990,#6991,#6997,#6998));
#6990 = ORIENTED_EDGE('',*,*,#4698,.F.);
#6991 = ORIENTED_EDGE('',*,*,#6992,.F.);
#6992 = EDGE_CURVE('',#6581,#4675,#6993,.T.);
#6993 = LINE('',#6994,#6995);
#6994 = CARTESIAN_POINT('',(24.435728109385,183.047474668,
    -129.9668070778));
#6995 = VECTOR('',#6996,1.);
#6996 = DIRECTION('',(-0.353554655682,0.70710549112,0.612373194933));
#6997 = ORIENTED_EDGE('',*,*,#6588,.F.);
#6998 = ORIENTED_EDGE('',*,*,#6971,.T.);
#6999 = CONICAL_SURFACE('',#7000,1.2,0.785398163397);
#7000 = AXIS2_PLACEMENT_3D('',#7001,#7002,#7003);
#7001 = CARTESIAN_POINT('',(23.735727751566,183.2474721138,
    -128.7543712977));
#7002 = DIRECTION('',(1.789108616812E-06,-0.999999999998,
    -1.073724131828E-06));
#7003 = DIRECTION('',(-0.965925826287,-2.006046473518E-06,0.258819045102
    ));
#7004 = ADVANCED_FACE('',(#7005),#7016,.T.);
#7005 = FACE_BOUND('',#7006,.T.);
#7006 = EDGE_LOOP('',(#7007,#7008,#7009,#7015));
#7007 = ORIENTED_EDGE('',*,*,#6992,.F.);
#7008 = ORIENTED_EDGE('',*,*,#6580,.T.);
#7009 = ORIENTED_EDGE('',*,*,#7010,.T.);
#7010 = EDGE_CURVE('',#6572,#4648,#7011,.T.);
#7011 = LINE('',#7012,#7013);
#7012 = CARTESIAN_POINT('',(26.167778916953,183.0474766931,
    -128.9668070778));
#7013 = VECTOR('',#7014,1.);
#7014 = DIRECTION('',(-0.353554655683,0.707105491121,0.612373194933));
#7015 = ORIENTED_EDGE('',*,*,#4682,.T.);
#7016 = PLANE('',#7017);
#7017 = AXIS2_PLACEMENT_3D('',#7018,#7019,#7020);
#7018 = CARTESIAN_POINT('',(11.336581199114,183.2474591046,
    -137.2986625436));
#7019 = DIRECTION('',(-0.353552125501,-0.707108071249,0.612371676458));
#7020 = DIRECTION('',(0.866025910061,-2.775557561563E-16,0.499999123102)
  );
#7021 = ADVANCED_FACE('',(#7022),#7033,.F.);
#7022 = FACE_BOUND('',#7023,.F.);
#7023 = EDGE_LOOP('',(#7024,#7025,#7031,#7032));
#7024 = ORIENTED_EDGE('',*,*,#4647,.F.);
#7025 = ORIENTED_EDGE('',*,*,#7026,.F.);
#7026 = EDGE_CURVE('',#6564,#4624,#7027,.T.);
#7027 = LINE('',#7028,#7029);
#7028 = CARTESIAN_POINT('',(26.680214482253,183.04747555648,
    -127.0543715125));
#7029 = VECTOR('',#7030,1.);
#7030 = DIRECTION('',(-0.612373700786,0.707106065203,-0.353552631356));
#7031 = ORIENTED_EDGE('',*,*,#6571,.F.);
#7032 = ORIENTED_EDGE('',*,*,#7010,.T.);
#7033 = CONICAL_SURFACE('',#7034,1.2,0.785398163397);
#7034 = AXIS2_PLACEMENT_3D('',#7035,#7036,#7037);
#7035 = CARTESIAN_POINT('',(25.467778559134,183.24747413891,
    -127.7543712977));
#7036 = DIRECTION('',(1.789108616812E-06,-0.999999999998,
    -1.073724131828E-06));
#7037 = DIRECTION('',(0.965925826287,2.006046473518E-06,-0.258819045102)
  );
#7038 = ADVANCED_FACE('',(#7039),#7050,.T.);
#7039 = FACE_BOUND('',#7040,.T.);
#7040 = EDGE_LOOP('',(#7041,#7047,#7048,#7049));
#7041 = ORIENTED_EDGE('',*,*,#7042,.T.);
#7042 = EDGE_CURVE('',#6556,#4598,#7043,.T.);
#7043 = LINE('',#7044,#7045);
#7044 = CARTESIAN_POINT('',(22.35706647662,183.65488402281,
    -120.7813066211));
#7045 = VECTOR('',#7046,1.);
#7046 = DIRECTION('',(-0.72822693844,0.67859714451,-9.587200630301E-02)
  );
#7047 = ORIENTED_EDGE('',*,*,#4631,.T.);
#7048 = ORIENTED_EDGE('',*,*,#7026,.F.);
#7049 = ORIENTED_EDGE('',*,*,#6563,.T.);
#7050 = PLANE('',#7051);
#7051 = AXIS2_PLACEMENT_3D('',#7052,#7053,#7054);
#7052 = CARTESIAN_POINT('',(31.140868507567,183.24749226224,
    -135.1804513243));
#7053 = DIRECTION('',(-0.612371170604,-0.707107497167,-0.353554149831));
#7054 = DIRECTION('',(-0.500001580001,6.661338147751E-16,0.866024491568)
  );
#7055 = ADVANCED_FACE('',(#7056),#7074,.T.);
#7056 = FACE_BOUND('',#7057,.T.);
#7057 = EDGE_LOOP('',(#7058,#7059,#7067,#7073));
#7058 = ORIENTED_EDGE('',*,*,#6962,.F.);
#7059 = ORIENTED_EDGE('',*,*,#7060,.T.);
#7060 = EDGE_CURVE('',#6963,#7061,#7063,.T.);
#7061 = VERTEX_POINT('',#7062);
#7062 = CARTESIAN_POINT('',(18.432439282358,183.44745598384,
    -122.5688066269));
#7063 = LINE('',#7064,#7065);
#7064 = CARTESIAN_POINT('',(17.757518176042,183.44745458215,
    -122.3879620615));
#7065 = VECTOR('',#7066,1.);
#7066 = DIRECTION('',(-0.965925826287,-2.006046478337E-06,0.258819045102
    ));
#7067 = ORIENTED_EDGE('',*,*,#7068,.F.);
#7068 = EDGE_CURVE('',#6606,#7061,#7069,.T.);
#7069 = LINE('',#7070,#7071);
#7070 = CARTESIAN_POINT('',(18.488952210959,183.04745654606,
    -122.9980599304));
#7071 = VECTOR('',#7072,1.);
#7072 = DIRECTION('',(-9.587394950782E-02,0.678597390904,0.72822645301)
  );
#7073 = ORIENTED_EDGE('',*,*,#6605,.T.);
#7074 = PLANE('',#7075);
#7075 = AXIS2_PLACEMENT_3D('',#7076,#7077,#7078);
#7076 = CARTESIAN_POINT('',(17.705754724843,183.24745469708,
    -122.5811474415));
#7077 = DIRECTION('',(0.183013966934,-0.707107187315,0.683011942468));
#7078 = DIRECTION('',(0.965925307084,-3.330669073875E-16,-0.258820982796
    ));
#7079 = ADVANCED_FACE('',(#7080),#7091,.T.);
#7080 = FACE_BOUND('',#7081,.T.);
#7081 = EDGE_LOOP('',(#7082,#7083,#7084,#7090));
#7082 = ORIENTED_EDGE('',*,*,#7042,.F.);
#7083 = ORIENTED_EDGE('',*,*,#6555,.T.);
#7084 = ORIENTED_EDGE('',*,*,#7085,.T.);
#7085 = EDGE_CURVE('',#6548,#4574,#7086,.T.);
#7086 = LINE('',#7087,#7088);
#7087 = CARTESIAN_POINT('',(23.106237496497,183.04746194456,
    -120.3322690278));
#7088 = VECTOR('',#7089,1.);
#7089 = DIRECTION('',(-0.582726823379,0.678596821679,0.447141815224));
#7090 = ORIENTED_EDGE('',*,*,#4605,.T.);
#7091 = PLANE('',#7092);
#7092 = AXIS2_PLACEMENT_3D('',#7093,#7094,#7095);
#7093 = CARTESIAN_POINT('',(17.368116261035,183.24747384238,
    -140.9744868073));
#7094 = DIRECTION('',(-0.683011436613,-0.707108199867,0.183011942604));
#7095 = DIRECTION('',(0.25881849058,3.191891195797E-16,0.965925974873));
#7096 = ADVANCED_FACE('',(#7097),#7115,.T.);
#7097 = FACE_BOUND('',#7098,.T.);
#7098 = EDGE_LOOP('',(#7099,#7100,#7101,#7109));
#7099 = ORIENTED_EDGE('',*,*,#6613,.T.);
#7100 = ORIENTED_EDGE('',*,*,#7068,.T.);
#7101 = ORIENTED_EDGE('',*,*,#7102,.T.);
#7102 = EDGE_CURVE('',#7061,#7103,#7105,.T.);
#7103 = VERTEX_POINT('',#7104);
#7104 = CARTESIAN_POINT('',(16.743689904798,183.44745400936,
    -123.5438065346));
#7105 = LINE('',#7106,#7107);
#7106 = CARTESIAN_POINT('',(5.238436937759,183.44744055749,
    -130.1863674322));
#7107 = VECTOR('',#7108,1.);
#7108 = DIRECTION('',(-0.866025403784,-1.012551440775E-06,-0.5));
#7109 = ORIENTED_EDGE('',*,*,#7110,.F.);
#7110 = EDGE_CURVE('',#6614,#7103,#7111,.T.);
#7111 = LINE('',#7112,#7113);
#7112 = CARTESIAN_POINT('',(17.087178407478,183.04745490712,
    -123.8073744131));
#7113 = VECTOR('',#7114,1.);
#7114 = DIRECTION('',(-0.582726823371,0.678596821681,0.447141815231));
#7115 = PLANE('',#7116);
#7116 = AXIS2_PLACEMENT_3D('',#7117,#7118,#7119);
#7117 = CARTESIAN_POINT('',(5.33843729558,183.24744092249,
    -130.3595727277));
#7118 = DIRECTION('',(-0.353552125404,-0.707108071443,0.61237167629));
#7119 = DIRECTION('',(0.866025910061,3.608224830032E-16,0.499999123102)
  );
#7120 = ADVANCED_FACE('',(#7121),#7127,.T.);
#7121 = FACE_BOUND('',#7122,.T.);
#7122 = EDGE_LOOP('',(#7123,#7124,#7125,#7126));
#7123 = ORIENTED_EDGE('',*,*,#6275,.F.);
#7124 = ORIENTED_EDGE('',*,*,#5943,.T.);
#7125 = ORIENTED_EDGE('',*,*,#6216,.T.);
#7126 = ORIENTED_EDGE('',*,*,#6643,.T.);
#7127 = PLANE('',#7128);
#7128 = AXIS2_PLACEMENT_3D('',#7129,#7130,#7131);
#7129 = CARTESIAN_POINT('',(11.709634200347,183.24749285112,
    -168.1064755956));
#7130 = DIRECTION('',(-0.612372754889,-0.707108256405,0.353549887278));
#7131 = DIRECTION('',(0.499996088694,-3.053113317719E-16,0.866027661966)
  );
#7132 = ADVANCED_FACE('',(#7133),#7144,.T.);
#7133 = FACE_BOUND('',#7134,.T.);
#7134 = EDGE_LOOP('',(#7135,#7136,#7142,#7143));
#7135 = ORIENTED_EDGE('',*,*,#6547,.T.);
#7136 = ORIENTED_EDGE('',*,*,#7137,.T.);
#7137 = EDGE_CURVE('',#6540,#4549,#7138,.T.);
#7138 = LINE('',#7139,#7140);
#7139 = CARTESIAN_POINT('',(24.507828925911,183.04746358329,
    -119.5230598387));
#7140 = VECTOR('',#7141,1.);
#7141 = DIRECTION('',(-9.587394950713E-02,0.678597390904,0.72822645301)
  );
#7142 = ORIENTED_EDGE('',*,*,#4581,.T.);
#7143 = ORIENTED_EDGE('',*,*,#7085,.F.);
#7144 = PLANE('',#7145);
#7145 = AXIS2_PLACEMENT_3D('',#7146,#7147,#7148);
#7146 = CARTESIAN_POINT('',(8.347966840087,183.24744444121,
    -128.6220200351));
#7147 = DIRECTION('',(-0.353552125405,-0.707108071442,0.61237167629));
#7148 = DIRECTION('',(0.866025910061,1.110223024625E-16,0.499999123102)
  );
#7149 = ADVANCED_FACE('',(#7150),#7156,.T.);
#7150 = FACE_BOUND('',#7151,.T.);
#7151 = EDGE_LOOP('',(#7152,#7153,#7154,#7155));
#7152 = ORIENTED_EDGE('',*,*,#6539,.T.);
#7153 = ORIENTED_EDGE('',*,*,#6777,.T.);
#7154 = ORIENTED_EDGE('',*,*,#4556,.T.);
#7155 = ORIENTED_EDGE('',*,*,#7137,.F.);
#7156 = PLANE('',#7157);
#7157 = AXIS2_PLACEMENT_3D('',#7158,#7159,#7160);
#7158 = CARTESIAN_POINT('',(21.351162238161,183.24745680506,
    -118.470178194));
#7159 = DIRECTION('',(0.183013966934,-0.707107187316,0.683011942468));
#7160 = DIRECTION('',(0.965925307084,4.163336342344E-16,-0.258820982796)
  );
#7161 = ADVANCED_FACE('',(#7162),#7173,.T.);
#7162 = FACE_BOUND('',#7163,.T.);
#7163 = EDGE_LOOP('',(#7164,#7165,#7171,#7172));
#7164 = ORIENTED_EDGE('',*,*,#4244,.T.);
#7165 = ORIENTED_EDGE('',*,*,#7166,.T.);
#7166 = EDGE_CURVE('',#4237,#6683,#7167,.T.);
#7167 = LINE('',#7168,#7169);
#7168 = CARTESIAN_POINT('',(-21.32416053296,183.44745683348,
    -189.6049247921));
#7169 = VECTOR('',#7170,1.);
#7170 = DIRECTION('',(0.678599558631,-0.678596828651,-0.28108536634));
#7171 = ORIENTED_EDGE('',*,*,#6682,.T.);
#7172 = ORIENTED_EDGE('',*,*,#6845,.F.);
#7173 = PLANE('',#7174);
#7174 = AXIS2_PLACEMENT_3D('',#7175,#7176,#7177);
#7175 = CARTESIAN_POINT('',(-9.019367817996,183.24746593983,
    -177.5829753622));
#7176 = DIRECTION('',(-0.499998734908,-0.707108212601,0.499999240762));
#7177 = DIRECTION('',(0.70710713888,8.326672684689E-17,0.707106423493));
#7178 = ADVANCED_FACE('',(#7179),#7185,.T.);
#7179 = FACE_BOUND('',#7180,.T.);
#7180 = EDGE_LOOP('',(#7181,#7182,#7183,#7184));
#7181 = ORIENTED_EDGE('',*,*,#4269,.T.);
#7182 = ORIENTED_EDGE('',*,*,#6947,.F.);
#7183 = ORIENTED_EDGE('',*,*,#6690,.T.);
#7184 = ORIENTED_EDGE('',*,*,#7166,.F.);
#7185 = PLANE('',#7186);
#7186 = AXIS2_PLACEMENT_3D('',#7187,#7188,#7189);
#7187 = CARTESIAN_POINT('',(-21.12416017513,183.2474454673,
    -178.6859225066));
#7188 = DIRECTION('',(-0.707105516095,-0.707108046276,
    -7.592383332575E-07));
#7189 = DIRECTION('',(-1.073727068982E-06,1.482307657695E-21,
    0.999999999999));
#7190 = ADVANCED_FACE('',(#7191),#7199,.T.);
#7191 = FACE_BOUND('',#7192,.T.);
#7192 = EDGE_LOOP('',(#7193,#7194,#7195,#7196,#7197,#7198));
#7193 = ORIENTED_EDGE('',*,*,#6650,.T.);
#7194 = ORIENTED_EDGE('',*,*,#6233,.F.);
#7195 = ORIENTED_EDGE('',*,*,#6207,.T.);
#7196 = ORIENTED_EDGE('',*,*,#6188,.T.);
#7197 = ORIENTED_EDGE('',*,*,#6148,.T.);
#7198 = ORIENTED_EDGE('',*,*,#6156,.F.);
#7199 = PLANE('',#7200);
#7200 = AXIS2_PLACEMENT_3D('',#7201,#7202,#7203);
#7201 = CARTESIAN_POINT('',(10.386683728276,183.2474929382,
    -170.3919609619));
#7202 = DIRECTION('',(-0.612371170604,-0.707108256405,0.353552631355));
#7203 = DIRECTION('',(0.499999969413,3.608224830032E-16,0.866025421444)
  );
#7204 = ADVANCED_FACE('',(#7205),#7213,.T.);
#7205 = FACE_BOUND('',#7206,.T.);
#7206 = EDGE_LOOP('',(#7207,#7208,#7209,#7210,#7211,#7212));
#7207 = ORIENTED_EDGE('',*,*,#6636,.T.);
#7208 = ORIENTED_EDGE('',*,*,#6347,.F.);
#7209 = ORIENTED_EDGE('',*,*,#6321,.T.);
#7210 = ORIENTED_EDGE('',*,*,#6302,.T.);
#7211 = ORIENTED_EDGE('',*,*,#6249,.T.);
#7212 = ORIENTED_EDGE('',*,*,#6257,.F.);
#7213 = PLANE('',#7214);
#7214 = AXIS2_PLACEMENT_3D('',#7215,#7216,#7217);
#7215 = CARTESIAN_POINT('',(17.420459251799,183.24749244139,
    -158.2091323553));
#7216 = DIRECTION('',(-0.612374339158,-0.707108256404,0.353547143202));
#7217 = DIRECTION('',(0.499992207977,-8.326672684689E-17,0.866029902464)
  );
#7218 = ADVANCED_FACE('',(#7219),#7230,.T.);
#7219 = FACE_BOUND('',#7220,.T.);
#7220 = EDGE_LOOP('',(#7221,#7227,#7228,#7229));
#7221 = ORIENTED_EDGE('',*,*,#7222,.T.);
#7222 = EDGE_CURVE('',#7103,#6427,#7223,.T.);
#7223 = LINE('',#7224,#7225);
#7224 = CARTESIAN_POINT('',(11.791898681783,183.44746499285,
    -142.0241429651));
#7225 = VECTOR('',#7226,1.);
#7226 = DIRECTION('',(-0.258819045132,5.740824981319E-07,-0.965925826281
    ));
#7227 = ORIENTED_EDGE('',*,*,#6459,.F.);
#7228 = ORIENTED_EDGE('',*,*,#6621,.T.);
#7229 = ORIENTED_EDGE('',*,*,#7110,.T.);
#7230 = PLANE('',#7231);
#7231 = AXIS2_PLACEMENT_3D('',#7232,#7233,#7234);
#7232 = CARTESIAN_POINT('',(11.985084204861,183.24746539417,
    -142.0759069889));
#7233 = DIRECTION('',(-0.683011436608,-0.707108199867,0.183011942625));
#7234 = DIRECTION('',(0.258818490609,-5.551115123126E-16,0.965925974865)
  );
#7235 = ADVANCED_FACE('',(#7236),#7254,.T.);
#7236 = FACE_BOUND('',#7237,.T.);
#7237 = EDGE_LOOP('',(#7238,#7239,#7245,#7246,#7252,#7253));
#7238 = ORIENTED_EDGE('',*,*,#124,.F.);
#7239 = ORIENTED_EDGE('',*,*,#7240,.F.);
#7240 = EDGE_CURVE('',#7061,#117,#7241,.T.);
#7241 = LINE('',#7242,#7243);
#7242 = CARTESIAN_POINT('',(18.432439556102,183.29445027724,
    -122.5688067912));
#7243 = VECTOR('',#7244,1.);
#7244 = DIRECTION('',(-1.789108617963E-06,0.999999999998,
    1.073724145498E-06));
#7245 = ORIENTED_EDGE('',*,*,#7060,.F.);
#7246 = ORIENTED_EDGE('',*,*,#7247,.T.);
#7247 = EDGE_CURVE('',#6963,#22,#7248,.T.);
#7248 = LINE('',#7249,#7250);
#7249 = CARTESIAN_POINT('',(19.115452257993,183.2944516957,
    -122.7518194931));
#7250 = VECTOR('',#7251,1.);
#7251 = DIRECTION('',(-1.789108617963E-06,0.999999999998,
    1.073724145498E-06));
#7252 = ORIENTED_EDGE('',*,*,#55,.F.);
#7253 = ORIENTED_EDGE('',*,*,#69,.F.);
#7254 = PLANE('',#7255);
#7255 = AXIS2_PLACEMENT_3D('',#7256,#7257,#7258);
#7256 = CARTESIAN_POINT('',(18.432439556102,183.29445027724,
    -122.5688067912));
#7257 = DIRECTION('',(0.258819045103,-5.740824981944E-07,0.965925826289)
  );
#7258 = DIRECTION('',(0.965925826287,2.005992941842E-06,-0.258819045102)
  );
#7259 = ADVANCED_FACE('',(#7260),#7267,.T.);
#7260 = FACE_BOUND('',#7261,.T.);
#7261 = EDGE_LOOP('',(#7262,#7263,#7264,#7265,#7266));
#7262 = ORIENTED_EDGE('',*,*,#21,.F.);
#7263 = ORIENTED_EDGE('',*,*,#7247,.F.);
#7264 = ORIENTED_EDGE('',*,*,#6977,.F.);
#7265 = ORIENTED_EDGE('',*,*,#4707,.T.);
#7266 = ORIENTED_EDGE('',*,*,#3842,.F.);
#7267 = PLANE('',#7268);
#7268 = AXIS2_PLACEMENT_3D('',#7269,#7270,#7271);
#7269 = CARTESIAN_POINT('',(18.619702570384,183.29444988678,
    -121.8931558463));
#7270 = DIRECTION('',(0.866025403784,1.012551440772E-06,0.500000000001)
  );
#7271 = DIRECTION('',(0.499999999998,1.824398983108E-06,-0.866025403783)
  );
#7272 = ADVANCED_FACE('',(#7273),#7284,.T.);
#7273 = FACE_BOUND('',#7274,.T.);
#7274 = EDGE_LOOP('',(#7275,#7276,#7277,#7278));
#7275 = ORIENTED_EDGE('',*,*,#1733,.F.);
#7276 = ORIENTED_EDGE('',*,*,#4011,.T.);
#7277 = ORIENTED_EDGE('',*,*,#6103,.T.);
#7278 = ORIENTED_EDGE('',*,*,#7279,.T.);
#7279 = EDGE_CURVE('',#6104,#1734,#7280,.T.);
#7280 = LINE('',#7281,#7282);
#7281 = CARTESIAN_POINT('',(-5.229155618467,182.26909287143,
    -165.8473401243));
#7282 = VECTOR('',#7283,1.);
#7283 = DIRECTION('',(-1.789108618156E-06,0.999999999998,
    1.073724145405E-06));
#7284 = PLANE('',#7285);
#7285 = AXIS2_PLACEMENT_3D('',#7286,#7287,#7288);
#7286 = CARTESIAN_POINT('',(-5.570661969413,182.26909235869,
    -165.9388464752));
#7287 = DIRECTION('',(-0.258819045101,-1.500193266493E-06,0.965925826288
    ));
#7288 = DIRECTION('',(0.965925826288,1.051024002202E-06,0.258819045103)
  );
#7289 = ADVANCED_FACE('',(#7290),#7315,.T.);
#7290 = FACE_BOUND('',#7291,.T.);
#7291 = EDGE_LOOP('',(#7292,#7293,#7301,#7309));
#7292 = ORIENTED_EDGE('',*,*,#3986,.F.);
#7293 = ORIENTED_EDGE('',*,*,#7294,.T.);
#7294 = EDGE_CURVE('',#3979,#7295,#7297,.T.);
#7295 = VERTEX_POINT('',#7296);
#7296 = CARTESIAN_POINT('',(-0.899127047166,235.90921008388,
    -168.3472868245));
#7297 = LINE('',#7298,#7299);
#7298 = CARTESIAN_POINT('',(2.895700377835,210.87977884457,
    -182.5096353325));
#7299 = VECTOR('',#7300,1.);
#7300 = DIRECTION('',(-0.130821491654,0.862855451187,0.488227618717));
#7301 = ORIENTED_EDGE('',*,*,#7302,.T.);
#7302 = EDGE_CURVE('',#7295,#7303,#7305,.T.);
#7303 = VERTEX_POINT('',#7304);
#7304 = CARTESIAN_POINT('',(-5.229263011622,240.90919965249,
    -165.8472814559));
#7305 = LINE('',#7306,#7307);
#7306 = CARTESIAN_POINT('',(13.802488563664,218.93331710979,
    -176.8352692472));
#7307 = VECTOR('',#7308,1.);
#7308 = DIRECTION('',(-0.612373700785,0.707105305965,0.35355414983));
#7309 = ORIENTED_EDGE('',*,*,#7310,.T.);
#7310 = EDGE_CURVE('',#7303,#3987,#7311,.T.);
#7311 = LINE('',#7312,#7313);
#7312 = CARTESIAN_POINT('',(-9.839482536365,239.51125643803,
    -167.0825882256));
#7313 = VECTOR('',#7314,1.);
#7314 = DIRECTION('',(-0.926982074723,-0.281086029491,-0.248384534878));
#7315 = PLANE('',#7316);
#7316 = AXIS2_PLACEMENT_3D('',#7317,#7318,#7319);
#7317 = CARTESIAN_POINT('',(8.604272591746,223.52743046386,
    -174.6505742501));
#7318 = DIRECTION('',(-7.945841674383E-02,-0.50000106811,0.862371898833)
  );
#7319 = DIRECTION('',(0.995781937582,1.271484637209E-06,
    9.175147292382E-02));
#7320 = ADVANCED_FACE('',(#7321),#7346,.T.);
#7321 = FACE_BOUND('',#7322,.T.);
#7322 = EDGE_LOOP('',(#7323,#7324,#7332,#7340));
#7323 = ORIENTED_EDGE('',*,*,#6055,.F.);
#7324 = ORIENTED_EDGE('',*,*,#7325,.T.);
#7325 = EDGE_CURVE('',#6048,#7326,#7328,.T.);
#7326 = VERTEX_POINT('',#7327);
#7327 = CARTESIAN_POINT('',(4.270720048687,240.90922061795,
    -149.3927890715));
#7328 = LINE('',#7329,#7330);
#7329 = CARTESIAN_POINT('',(3.109364307476,239.59490322836,
    -145.0585430751));
#7330 = VECTOR('',#7331,1.);
#7331 = DIRECTION('',(0.248382880931,0.281097279756,-0.926979106439));
#7332 = ORIENTED_EDGE('',*,*,#7333,.T.);
#7333 = EDGE_CURVE('',#7326,#7334,#7336,.T.);
#7334 = VERTEX_POINT('',#7335);
#7335 = CARTESIAN_POINT('',(8.600856013143,235.90923104954,
    -151.8927944401));
#7336 = LINE('',#7337,#7338);
#7337 = CARTESIAN_POINT('',(25.251041525914,216.68333270378,
    -161.505784312));
#7338 = VECTOR('',#7339,1.);
#7339 = DIRECTION('',(0.612373700798,-0.707105305951,-0.353554149837));
#7340 = ORIENTED_EDGE('',*,*,#7341,.T.);
#7341 = EDGE_CURVE('',#7334,#6056,#7342,.T.);
#7342 = LINE('',#7343,#7344);
#7343 = CARTESIAN_POINT('',(23.209994274821,210.09001860918,
    -147.978327741));
#7344 = VECTOR('',#7345,1.);
#7345 = DIRECTION('',(0.488225537252,-0.862857113085,0.130818298315));
#7346 = PLANE('',#7347);
#7347 = AXIS2_PLACEMENT_3D('',#7348,#7349,#7350);
#7348 = CARTESIAN_POINT('',(20.110405297617,222.02743568905,
    -157.7213346287));
#7349 = DIRECTION('',(-0.786564694365,-0.499997849578,-0.362378437542));
#7350 = DIRECTION('',(-0.418437163803,-1.550892774149E-06,0.908245748653
    ));
#7351 = ADVANCED_FACE('',(#7352),#7363,.T.);
#7352 = FACE_BOUND('',#7353,.T.);
#7353 = EDGE_LOOP('',(#7354,#7355,#7356,#7357));
#7354 = ORIENTED_EDGE('',*,*,#6095,.T.);
#7355 = ORIENTED_EDGE('',*,*,#3994,.T.);
#7356 = ORIENTED_EDGE('',*,*,#7310,.F.);
#7357 = ORIENTED_EDGE('',*,*,#7358,.T.);
#7358 = EDGE_CURVE('',#7303,#6087,#7359,.T.);
#7359 = LINE('',#7360,#7361);
#7360 = CARTESIAN_POINT('',(-5.229155618467,182.26909287143,
    -165.8473401243));
#7361 = VECTOR('',#7362,1.);
#7362 = DIRECTION('',(-1.789108618156E-06,0.999999999998,
    1.073724145405E-06));
#7363 = PLANE('',#7364);
#7364 = AXIS2_PLACEMENT_3D('',#7365,#7366,#7367);
#7365 = CARTESIAN_POINT('',(-5.570661969413,182.26909235869,
    -165.9388464752));
#7366 = DIRECTION('',(-0.258819045101,-1.500193266493E-06,0.965925826288
    ));
#7367 = DIRECTION('',(0.965925826288,1.051024002202E-06,0.258819045103)
  );
#7368 = ADVANCED_FACE('',(#7369),#7387,.T.);
#7369 = FACE_BOUND('',#7370,.T.);
#7370 = EDGE_LOOP('',(#7371,#7372,#7378,#7379,#7385,#7386));
#7371 = ORIENTED_EDGE('',*,*,#1684,.F.);
#7372 = ORIENTED_EDGE('',*,*,#7373,.T.);
#7373 = EDGE_CURVE('',#1677,#6113,#7374,.T.);
#7374 = LINE('',#7375,#7376);
#7375 = CARTESIAN_POINT('',(-0.899028599555,182.26910330281,
    -168.3473401242));
#7376 = VECTOR('',#7377,1.);
#7377 = DIRECTION('',(1.789108618156E-06,-0.999999999998,
    -1.073724145405E-06));
#7378 = ORIENTED_EDGE('',*,*,#6121,.T.);
#7379 = ORIENTED_EDGE('',*,*,#7380,.T.);
#7380 = EDGE_CURVE('',#6122,#7295,#7381,.T.);
#7381 = LINE('',#7382,#7383);
#7382 = CARTESIAN_POINT('',(-0.899028599555,182.26910330281,
    -168.3473401242));
#7383 = VECTOR('',#7384,1.);
#7384 = DIRECTION('',(1.789108618156E-06,-0.999999999998,
    -1.073724145405E-06));
#7385 = ORIENTED_EDGE('',*,*,#7294,.F.);
#7386 = ORIENTED_EDGE('',*,*,#3978,.F.);
#7387 = PLANE('',#7388);
#7388 = AXIS2_PLACEMENT_3D('',#7389,#7390,#7391);
#7389 = CARTESIAN_POINT('',(-0.807522248609,182.26910383321,
    -168.6888464752));
#7390 = DIRECTION('',(0.965925826288,1.450245962213E-06,0.258819045103)
  );
#7391 = DIRECTION('',(0.258819045102,1.39322207896E-06,-0.965925826288)
  );
#7392 = ADVANCED_FACE('',(#7393),#7400,.T.);
#7393 = FACE_BOUND('',#7394,.T.);
#7394 = EDGE_LOOP('',(#7395,#7396,#7397,#7398,#7399));
#7395 = ORIENTED_EDGE('',*,*,#7358,.F.);
#7396 = ORIENTED_EDGE('',*,*,#7302,.F.);
#7397 = ORIENTED_EDGE('',*,*,#7380,.F.);
#7398 = ORIENTED_EDGE('',*,*,#6130,.F.);
#7399 = ORIENTED_EDGE('',*,*,#6086,.F.);
#7400 = PLANE('',#7401);
#7401 = AXIS2_PLACEMENT_3D('',#7402,#7403,#7404);
#7402 = CARTESIAN_POINT('',(-5.662168320359,182.2690918283,
    -165.5973401243));
#7403 = DIRECTION('',(0.5,-3.53180774996E-08,0.866025403785));
#7404 = DIRECTION('',(0.866025403783,2.086275586156E-06,-0.499999999999)
  );
#7405 = ADVANCED_FACE('',(#7406),#7414,.T.);
#7406 = FACE_BOUND('',#7407,.T.);
#7407 = EDGE_LOOP('',(#7408,#7409,#7410,#7411,#7412,#7413));
#7408 = ORIENTED_EDGE('',*,*,#1741,.F.);
#7409 = ORIENTED_EDGE('',*,*,#7279,.F.);
#7410 = ORIENTED_EDGE('',*,*,#6112,.F.);
#7411 = ORIENTED_EDGE('',*,*,#7373,.F.);
#7412 = ORIENTED_EDGE('',*,*,#1676,.F.);
#7413 = ORIENTED_EDGE('',*,*,#1882,.F.);
#7414 = PLANE('',#7415);
#7415 = AXIS2_PLACEMENT_3D('',#7416,#7417,#7418);
#7416 = CARTESIAN_POINT('',(-5.662168320359,182.2690918283,
    -165.5973401243));
#7417 = DIRECTION('',(0.5,-3.53180774996E-08,0.866025403785));
#7418 = DIRECTION('',(0.866025403783,2.086275586156E-06,-0.499999999999)
  );
#7419 = ADVANCED_FACE('',(#7420),#7432,.T.);
#7420 = FACE_BOUND('',#7421,.T.);
#7421 = EDGE_LOOP('',(#7422,#7423,#7429,#7430,#7431));
#7422 = ORIENTED_EDGE('',*,*,#202,.F.);
#7423 = ORIENTED_EDGE('',*,*,#7424,.F.);
#7424 = EDGE_CURVE('',#7103,#195,#7425,.T.);
#7425 = LINE('',#7426,#7427);
#7426 = CARTESIAN_POINT('',(16.743690178542,183.29444830286,
    -123.5438066989));
#7427 = VECTOR('',#7428,1.);
#7428 = DIRECTION('',(-1.789108617963E-06,0.999999999998,
    1.073724145498E-06));
#7429 = ORIENTED_EDGE('',*,*,#7102,.F.);
#7430 = ORIENTED_EDGE('',*,*,#7240,.T.);
#7431 = ORIENTED_EDGE('',*,*,#116,.F.);
#7432 = PLANE('',#7433);
#7433 = AXIS2_PLACEMENT_3D('',#7434,#7435,#7436);
#7434 = CARTESIAN_POINT('',(16.743690178542,183.29444830286,
    -123.5438066989));
#7435 = DIRECTION('',(-0.499999999998,-1.82442669564E-06,0.866025403784)
  );
#7436 = DIRECTION('',(0.866025403784,1.01250344127E-06,0.5));
#7437 = ADVANCED_FACE('',(#7438),#7444,.T.);
#7438 = FACE_BOUND('',#7439,.T.);
#7439 = EDGE_LOOP('',(#7440,#7441,#7442,#7443));
#7440 = ORIENTED_EDGE('',*,*,#194,.F.);
#7441 = ORIENTED_EDGE('',*,*,#6434,.F.);
#7442 = ORIENTED_EDGE('',*,*,#7222,.F.);
#7443 = ORIENTED_EDGE('',*,*,#7424,.T.);
#7444 = PLANE('',#7445);
#7445 = AXIS2_PLACEMENT_3D('',#7446,#7447,#7448);
#7446 = CARTESIAN_POINT('',(16.560677476623,183.29444870881,
    -124.2268194008));
#7447 = DIRECTION('',(-0.965925826279,-2.006046478352E-06,0.258819045131
    ));
#7448 = DIRECTION('',(0.258819045132,-5.740968431884E-07,0.965925826281)
  );
#7449 = ADVANCED_FACE('',(#7450),#7469,.T.);
#7450 = FACE_BOUND('',#7451,.T.);
#7451 = EDGE_LOOP('',(#7452,#7453,#7461,#7468));
#7452 = ORIENTED_EDGE('',*,*,#972,.F.);
#7453 = ORIENTED_EDGE('',*,*,#7454,.T.);
#7454 = EDGE_CURVE('',#965,#7455,#7457,.T.);
#7455 = VERTEX_POINT('',#7456);
#7456 = CARTESIAN_POINT('',(4.270697460416,254.94807754739,
    -149.3927696736));
#7457 = LINE('',#7458,#7459);
#7458 = CARTESIAN_POINT('',(4.27082744188,182.26909220013,
    -149.3928477399));
#7459 = VECTOR('',#7460,1.);
#7460 = DIRECTION('',(1.789108618156E-06,-0.999999999998,
    -1.073724145405E-06));
#7461 = ORIENTED_EDGE('',*,*,#7462,.T.);
#7462 = EDGE_CURVE('',#7455,#6031,#7463,.T.);
#7463 = ELLIPSE('',#7464,4.242640687119,3.000000000001);
#7464 = AXIS2_PLACEMENT_3D('',#7465,#7466,#7467);
#7465 = CARTESIAN_POINT('',(5.18575417234,253.28972993763,
    -152.8077987345));
#7466 = DIRECTION('',(0.965925826288,1.450245962296E-06,0.258819045104)
  );
#7467 = DIRECTION('',(-0.258819045102,-9.94000099767E-07,0.965925826289)
  );
#7468 = ORIENTED_EDGE('',*,*,#6030,.F.);
#7469 = PLANE('',#7470);
#7470 = AXIS2_PLACEMENT_3D('',#7471,#7472,#7473);
#7471 = CARTESIAN_POINT('',(4.179321090935,182.26909166973,
    -149.051341389));
#7472 = DIRECTION('',(-0.965925826288,-1.450245962296E-06,
    -0.258819045104));
#7473 = DIRECTION('',(-0.258819045102,-1.39322207896E-06,0.965925826288)
  );
#7474 = ADVANCED_FACE('',(#7475),#7530,.F.);
#7475 = FACE_BOUND('',#7476,.F.);
#7476 = EDGE_LOOP('',(#7477,#7486,#7495,#7501,#7502,#7503,#7512,#7521,
    #7528,#7529));
#7477 = ORIENTED_EDGE('',*,*,#7478,.T.);
#7478 = EDGE_CURVE('',#6039,#7479,#7481,.T.);
#7479 = VERTEX_POINT('',#7480);
#7480 = CARTESIAN_POINT('',(4.270703296091,251.63137272861,
    -149.392773293));
#7481 = ELLIPSE('',#7482,4.242640687119,3.000000000001);
#7482 = AXIS2_PLACEMENT_3D('',#7483,#7484,#7485);
#7483 = CARTESIAN_POINT('',(5.185754172341,253.28972993763,
    -152.8077987345));
#7484 = DIRECTION('',(0.965925826288,1.450245962296E-06,0.258819045104)
  );
#7485 = DIRECTION('',(-0.258819045102,-9.94000099767E-07,0.965925826289)
  );
#7486 = ORIENTED_EDGE('',*,*,#7487,.F.);
#7487 = EDGE_CURVE('',#7488,#7479,#7490,.T.);
#7488 = VERTEX_POINT('',#7489);
#7489 = CARTESIAN_POINT('',(6.435744336906,250.28972984934,
    -150.642760483));
#7490 = CIRCLE('',#7491,3.);
#7491 = AXIS2_PLACEMENT_3D('',#7492,#7493,#7494);
#7492 = CARTESIAN_POINT('',(6.435740900896,253.28972984934,
    -150.6427582119));
#7493 = DIRECTION('',(-0.5,3.53180774996E-08,-0.866025403785));
#7494 = DIRECTION('',(-1.169151132783E-06,0.999999999999,
    7.157915243385E-07));
#7495 = ORIENTED_EDGE('',*,*,#7496,.T.);
#7496 = EDGE_CURVE('',#7488,#5872,#7497,.T.);
#7497 = LINE('',#7498,#7499);
#7498 = CARTESIAN_POINT('',(-4.814255591648,250.289730644,
    -170.1283319444));
#7499 = VECTOR('',#7500,1.);
#7500 = DIRECTION('',(0.5,-3.531807806794E-08,0.866025403785));
#7501 = ORIENTED_EDGE('',*,*,#5871,.T.);
#7502 = ORIENTED_EDGE('',*,*,#7496,.F.);
#7503 = ORIENTED_EDGE('',*,*,#7504,.F.);
#7504 = EDGE_CURVE('',#7505,#7488,#7507,.T.);
#7505 = VERTEX_POINT('',#7506);
#7506 = CARTESIAN_POINT('',(8.600830364619,251.63146218122,
    -151.8927732068));
#7507 = CIRCLE('',#7508,3.);
#7508 = AXIS2_PLACEMENT_3D('',#7509,#7510,#7511);
#7509 = CARTESIAN_POINT('',(6.435740900896,253.28972984934,
    -150.6427582119));
#7510 = DIRECTION('',(-0.5,3.53180774996E-08,-0.866025403785));
#7511 = DIRECTION('',(-1.169151132783E-06,0.999999999999,
    7.157915243385E-07));
#7512 = ORIENTED_EDGE('',*,*,#7513,.T.);
#7513 = EDGE_CURVE('',#7505,#7514,#7516,.T.);
#7514 = VERTEX_POINT('',#7515);
#7515 = CARTESIAN_POINT('',(8.600824429718,254.94800694036,
    -151.8927697599));
#7516 = ELLIPSE('',#7517,4.242640687119,3.000000000001);
#7517 = AXIS2_PLACEMENT_3D('',#7518,#7519,#7520);
#7518 = CARTESIAN_POINT('',(5.185727629452,253.28972993764,
    -152.8078447082));
#7519 = DIRECTION('',(-0.258819045101,-1.500193266493E-06,0.965925826288
    ));
#7520 = DIRECTION('',(-0.965925826289,-9.440527947664E-07,
    -0.258819045103));
#7521 = ORIENTED_EDGE('',*,*,#7522,.F.);
#7522 = EDGE_CURVE('',#7455,#7514,#7523,.T.);
#7523 = CIRCLE('',#7524,3.);
#7524 = AXIS2_PLACEMENT_3D('',#7525,#7526,#7527);
#7525 = CARTESIAN_POINT('',(6.435740900896,253.28972984934,
    -150.6427582119));
#7526 = DIRECTION('',(-0.5,3.53180774996E-08,-0.866025403785));
#7527 = DIRECTION('',(-1.169151132783E-06,0.999999999999,
    7.157915243385E-07));
#7528 = ORIENTED_EDGE('',*,*,#7462,.T.);
#7529 = ORIENTED_EDGE('',*,*,#6038,.T.);
#7530 = CYLINDRICAL_SURFACE('',#7531,3.);
#7531 = AXIS2_PLACEMENT_3D('',#7532,#7533,#7534);
#7532 = CARTESIAN_POINT('',(-4.814259099101,253.289730644,-170.128329797
    ));
#7533 = DIRECTION('',(0.5,-3.531807806794E-08,0.866025403785));
#7534 = DIRECTION('',(-1.169151132499E-06,0.999999999999,
    7.157915248307E-07));
#7535 = ADVANCED_FACE('',(#7536),#7553,.T.);
#7536 = FACE_BOUND('',#7537,.T.);
#7537 = EDGE_LOOP('',(#7538,#7544,#7545,#7551,#7552));
#7538 = ORIENTED_EDGE('',*,*,#7539,.F.);
#7539 = EDGE_CURVE('',#7334,#7505,#7540,.T.);
#7540 = LINE('',#7541,#7542);
#7541 = CARTESIAN_POINT('',(8.600954460793,182.26910263151,
    -151.8928477399));
#7542 = VECTOR('',#7543,1.);
#7543 = DIRECTION('',(-1.789108618156E-06,0.999999999998,
    1.073724145405E-06));
#7544 = ORIENTED_EDGE('',*,*,#7333,.F.);
#7545 = ORIENTED_EDGE('',*,*,#7546,.F.);
#7546 = EDGE_CURVE('',#7479,#7326,#7547,.T.);
#7547 = LINE('',#7548,#7549);
#7548 = CARTESIAN_POINT('',(4.27082744188,182.26909220013,
    -149.3928477399));
#7549 = VECTOR('',#7550,1.);
#7550 = DIRECTION('',(1.789108618156E-06,-0.999999999998,
    -1.073724145405E-06));
#7551 = ORIENTED_EDGE('',*,*,#7487,.F.);
#7552 = ORIENTED_EDGE('',*,*,#7504,.F.);
#7553 = PLANE('',#7554);
#7554 = AXIS2_PLACEMENT_3D('',#7555,#7556,#7557);
#7555 = CARTESIAN_POINT('',(9.033967162685,182.26910367465,
    -152.1428477399));
#7556 = DIRECTION('',(-0.5,3.53180774996E-08,-0.866025403785));
#7557 = DIRECTION('',(-0.866025403783,-2.086275586156E-06,0.499999999999
    ));
#7558 = ADVANCED_FACE('',(#7559),#7565,.T.);
#7559 = FACE_BOUND('',#7560,.T.);
#7560 = EDGE_LOOP('',(#7561,#7562,#7563,#7564));
#7561 = ORIENTED_EDGE('',*,*,#6047,.F.);
#7562 = ORIENTED_EDGE('',*,*,#7478,.T.);
#7563 = ORIENTED_EDGE('',*,*,#7546,.T.);
#7564 = ORIENTED_EDGE('',*,*,#7325,.F.);
#7565 = PLANE('',#7566);
#7566 = AXIS2_PLACEMENT_3D('',#7567,#7568,#7569);
#7567 = CARTESIAN_POINT('',(4.179321090935,182.26909166973,
    -149.051341389));
#7568 = DIRECTION('',(-0.965925826288,-1.450245962296E-06,
    -0.258819045104));
#7569 = DIRECTION('',(-0.258819045102,-1.39322207896E-06,0.965925826288)
  );
#7570 = ADVANCED_FACE('',(#7571),#7584,.T.);
#7571 = FACE_BOUND('',#7572,.T.);
#7572 = EDGE_LOOP('',(#7573,#7574,#7580,#7581,#7582,#7583));
#7573 = ORIENTED_EDGE('',*,*,#1152,.F.);
#7574 = ORIENTED_EDGE('',*,*,#7575,.F.);
#7575 = EDGE_CURVE('',#7514,#1145,#7576,.T.);
#7576 = LINE('',#7577,#7578);
#7577 = CARTESIAN_POINT('',(8.600954460793,182.26910263151,
    -151.8928477399));
#7578 = VECTOR('',#7579,1.);
#7579 = DIRECTION('',(-1.789108618156E-06,0.999999999998,
    1.073724145405E-06));
#7580 = ORIENTED_EDGE('',*,*,#7522,.F.);
#7581 = ORIENTED_EDGE('',*,*,#7454,.F.);
#7582 = ORIENTED_EDGE('',*,*,#964,.F.);
#7583 = ORIENTED_EDGE('',*,*,#1011,.F.);
#7584 = PLANE('',#7585);
#7585 = AXIS2_PLACEMENT_3D('',#7586,#7587,#7588);
#7586 = CARTESIAN_POINT('',(9.033967162685,182.26910367465,
    -152.1428477399));
#7587 = DIRECTION('',(-0.5,3.53180774996E-08,-0.866025403785));
#7588 = DIRECTION('',(-0.866025403783,-2.086275586156E-06,0.499999999999
    ));
#7589 = ADVANCED_FACE('',(#7590),#7598,.T.);
#7590 = FACE_BOUND('',#7591,.T.);
#7591 = EDGE_LOOP('',(#7592,#7593,#7594,#7595,#7596,#7597));
#7592 = ORIENTED_EDGE('',*,*,#1144,.F.);
#7593 = ORIENTED_EDGE('',*,*,#6063,.T.);
#7594 = ORIENTED_EDGE('',*,*,#7341,.F.);
#7595 = ORIENTED_EDGE('',*,*,#7539,.T.);
#7596 = ORIENTED_EDGE('',*,*,#7513,.T.);
#7597 = ORIENTED_EDGE('',*,*,#7575,.T.);
#7598 = PLANE('',#7599);
#7599 = AXIS2_PLACEMENT_3D('',#7600,#7601,#7602);
#7600 = CARTESIAN_POINT('',(8.942460811739,182.26910314425,
    -151.8013413889));
#7601 = DIRECTION('',(0.258819045101,1.50019326641E-06,-0.965925826288)
  );
#7602 = DIRECTION('',(-0.965925826288,-1.051024002202E-06,
    -0.258819045103));
#7603 = ( GEOMETRIC_REPRESENTATION_CONTEXT(3) 
GLOBAL_UNCERTAINTY_ASSIGNED_CONTEXT((#7607)) 
GLOBAL_UNIT_ASSIGNED_CONTEXT((#7604,#7605,#7606)) REPRESENTATION_CONTEXT
('Context #1','3D Context with UNIT and UNCERTAINTY') );
#7604 = ( LENGTH_UNIT() NAMED_UNIT(*) SI_UNIT(.MILLI.,.METRE.) );
#7605 = ( NAMED_UNIT(*) PLANE_ANGLE_UNIT() SI_UNIT($,.RADIAN.) );
#7606 = ( NAMED_UNIT(*) SI_UNIT($,.STERADIAN.) SOLID_ANGLE_UNIT() );
#7607 = UNCERTAINTY_MEASURE_WITH_UNIT(LENGTH_MEASURE(5.E-04),#7604,
  'distance_accuracy_value','confusion accuracy');
#7608 = PRODUCT_RELATED_PRODUCT_CATEGORY('part',$,(#7));
#7609 = MECHANICAL_DESIGN_GEOMETRIC_PRESENTATION_REPRESENTATION('',(
    #7610),#7603);
#7610 = STYLED_ITEM('color',(#7611),#15);
#7611 = PRESENTATION_STYLE_ASSIGNMENT((#7612,#7618));
#7612 = SURFACE_STYLE_USAGE(.BOTH.,#7613);
#7613 = SURFACE_SIDE_STYLE('',(#7614));
#7614 = SURFACE_STYLE_FILL_AREA(#7615);
#7615 = FILL_AREA_STYLE('',(#7616));
#7616 = FILL_AREA_STYLE_COLOUR('',#7617);
#7617 = COLOUR_RGB('',0.623529443769,0.713725498821,0.858823546443);
#7618 = CURVE_STYLE('',#7619,POSITIVE_LENGTH_MEASURE(0.1),#7620);
#7619 = DRAUGHTING_PRE_DEFINED_CURVE_FONT('continuous');
#7620 = COLOUR_RGB('',9.803921802644E-02,9.803921802644E-02,
  9.803921802644E-02);
ENDSEC;
END-ISO-10303-21;
