ISO-10303-21;
HEADER;
FILE_DESCRIPTION(('FreeCAD Model'),'2;1');
FILE_NAME('Open CASCADE Shape Model','2025-11-08T20:23:02',(''),(''),
  'Open CASCADE STEP processor 7.9','FreeCAD','Unknown');
FILE_SCHEMA(('AUTOMOTIVE_DESIGN { 1 0 10303 214 1 1 1 1 }'));
ENDSEC;
DATA;
#1 = APPLICATION_PROTOCOL_DEFINITION('international standard',
  'automotive_design',2000,#2);
#2 = APPLICATION_CONTEXT(
  'core data for automotive mechanical design processes');
#3 = SHAPE_DEFINITION_REPRESENTATION(#4,#10);
#4 = PRODUCT_DEFINITION_SHAPE('','',#5);
#5 = PRODUCT_DEFINITION('design','',#6,#9);
#6 = PRODUCT_DEFINITION_FORMATION('','',#7);
#7 = PRODUCT('[a]bed_mount_x3','[a]bed_mount_x3','',(#8));
#8 = PRODUCT_CONTEXT('',#2,'mechanical');
#9 = PRODUCT_DEFINITION_CONTEXT('part definition',#2,'design');
#10 = ADVANCED_BREP_SHAPE_REPRESENTATION('',(#11,#15),#8192);
#11 = AXIS2_PLACEMENT_3D('',#12,#13,#14);
#12 = CARTESIAN_POINT('',(0.,0.,0.));
#13 = DIRECTION('',(0.,0.,1.));
#14 = DIRECTION('',(1.,0.,-0.));
#15 = MANIFOLD_SOLID_BREP('',#16);
#16 = CLOSED_SHELL('',(#17,#103,#144,#211,#250,#282,#555,#579,#603,#627,
    #694,#735,#802,#833,#850,#882,#906,#937,#1383,#1414,#1445,#1478,
    #1509,#1542,#1573,#1606,#1637,#1661,#1694,#1719,#1743,#1768,#1792,
    #1817,#1841,#1866,#1892,#1966,#1978,#2456,#2503,#2543,#2589,#2629,
    #2675,#2705,#2759,#2798,#2845,#2884,#2921,#3405,#3435,#3466,#3490,
    #3514,#3538,#3562,#3579,#3680,#3706,#3730,#3755,#3772,#3803,#3828,
    #3852,#3878,#3965,#3995,#4014,#4058,#4077,#4102,#4219,#4243,#4266,
    #4297,#4329,#4353,#4370,#4387,#4418,#4450,#4474,#4504,#4521,#4535,
    #4552,#4576,#4598,#4610,#4627,#4651,#4673,#4685,#4702,#4714,#4731,
    #4743,#4776,#4801,#4834,#4854,#4871,#4911,#4942,#4989,#5028,#5067,
    #5092,#5116,#5141,#5165,#5196,#5220,#5244,#5268,#5308,#5339,#5370,
    #5401,#5441,#5472,#5494,#5519,#5559,#5598,#5621,#5653,#5665,#5698,
    #5718,#5743,#5776,#5793,#5835,#5868,#5910,#5943,#5963,#5983,#6003,
    #6023,#6049,#6074,#6100,#6125,#6158,#6183,#6208,#6233,#6258,#6275,
    #6306,#6324,#6341,#6358,#6375,#6392,#6417,#6442,#6467,#6492,#6517,
    #6541,#6565,#6596,#6618,#6642,#6666,#6690,#6714,#6738,#6767,#6791,
    #6815,#6839,#6864,#6888,#6913,#6938,#6962,#6987,#7011,#7036,#7060,
    #7085,#7109,#7134,#7158,#7176,#7209,#7234,#7258,#7283,#7307,#7332,
    #7356,#7381,#7405,#7430,#7454,#7479,#7503,#7528,#7554,#7586,#7610,
    #7635,#7659,#7684,#7701,#7734,#7758,#7783,#7800,#7824,#7849,#7873,
    #7898,#7915,#7989,#8007,#8024,#8036,#8053,#8086,#8104,#8118,#8137,
    #8163,#8180));
#17 = ADVANCED_FACE('',(#18),#74,.T.);
#18 = FACE_BOUND('',#19,.T.);
#19 = EDGE_LOOP('',(#20,#40,#49,#67));
#20 = ORIENTED_EDGE('',*,*,#21,.T.);
#21 = EDGE_CURVE('',#22,#24,#26,.T.);
#22 = VERTEX_POINT('',#23);
#23 = CARTESIAN_POINT('',(45.925598944442,51.900660171783,
    -100.1929860737));
#24 = VERTEX_POINT('',#25);
#25 = CARTESIAN_POINT('',(47.38970056199,51.900660171784,-105.6570876978
    ));
#26 = B_SPLINE_CURVE_WITH_KNOTS('',3,(#27,#28,#29,#30,#31,#32,#33,#34,
    #35,#36,#37,#38,#39),.UNSPECIFIED.,.F.,.F.,(4,3,3,3,4),(0.,
    0.180094692628,0.270142038942,0.450236731569,0.630331424197),
  .UNSPECIFIED.);
#27 = CARTESIAN_POINT('',(45.925598944442,51.900660171783,
    -100.1929860737));
#28 = CARTESIAN_POINT('',(46.392168420026,51.900660171783,-100.462360086
    ));
#29 = CARTESIAN_POINT('',(46.844087968589,51.900660171784,
    -100.8562265954));
#30 = CARTESIAN_POINT('',(47.196818504783,51.900660171784,
    -101.3556252105));
#31 = CARTESIAN_POINT('',(47.373183772879,51.900660171784,-101.605324518
    ));
#32 = CARTESIAN_POINT('',(47.524751787884,51.900660171784,-101.881406852
    ));
#33 = CARTESIAN_POINT('',(47.640920702514,51.900660171784,
    -102.1735066164));
#34 = CARTESIAN_POINT('',(47.873258531775,51.900660171784,
    -102.7577061451));
#35 = CARTESIAN_POINT('',(47.963999959539,51.900660171784,
    -103.4059753956));
#36 = CARTESIAN_POINT('',(47.910453970174,51.900660171784,
    -104.0141784148));
#37 = CARTESIAN_POINT('',(47.856907980808,51.900660171783,
    -104.6223814341));
#38 = CARTESIAN_POINT('',(47.659074574313,51.900660171783,
    -105.1905182223));
#39 = CARTESIAN_POINT('',(47.389700561988,51.900660171782,
    -105.6570876978));
#40 = ORIENTED_EDGE('',*,*,#41,.T.);
#41 = EDGE_CURVE('',#24,#42,#44,.T.);
#42 = VERTEX_POINT('',#43);
#43 = CARTESIAN_POINT('',(48.255725969067,52.90066017178,-106.1570876921
    ));
#44 = B_SPLINE_CURVE_WITH_KNOTS('',3,(#45,#46,#47,#48),.UNSPECIFIED.,.F.
  ,.F.,(4,4),(1.917261149074,2.032731202911),.PIECEWISE_BEZIER_KNOTS.);
#45 = CARTESIAN_POINT('',(47.389700561987,51.900660171781,
    -105.6570876978));
#46 = CARTESIAN_POINT('',(47.678375696583,52.233993505114,
    -105.8237543645));
#47 = CARTESIAN_POINT('',(47.967050831178,52.567326838447,
    -105.9904210312));
#48 = CARTESIAN_POINT('',(48.255725965773,52.90066017178,-106.1570876979
    ));
#49 = ORIENTED_EDGE('',*,*,#50,.T.);
#50 = EDGE_CURVE('',#42,#51,#53,.T.);
#51 = VERTEX_POINT('',#52);
#52 = CARTESIAN_POINT('',(46.42559894444,52.90066017178,-99.32696066998)
  );
#53 = B_SPLINE_CURVE_WITH_KNOTS('',3,(#54,#55,#56,#57,#58,#59,#60,#61,
    #62,#63,#64,#65,#66),.UNSPECIFIED.,.F.,.F.,(4,3,3,3,4),(0.,
    0.225118364818,0.450236730369,0.562795913145,0.787914277962),
  .UNSPECIFIED.);
#54 = CARTESIAN_POINT('',(48.255725969067,52.90066017178,-106.1570876921
    ));
#55 = CARTESIAN_POINT('',(48.592443482682,52.900660171781,
    -105.5738758489));
#56 = CARTESIAN_POINT('',(48.839735239324,52.900660171781,
    -104.8637048661));
#57 = CARTESIAN_POINT('',(48.90666772579,52.900660171782,-104.1034510948
    ));
#58 = CARTESIAN_POINT('',(48.973600212475,52.900660171782,
    -103.3431973209));
#59 = CARTESIAN_POINT('',(48.860173427807,52.900660171783,
    -102.5328607582));
#60 = CARTESIAN_POINT('',(48.569751141327,52.900660171782,
    -101.8026113474));
#61 = CARTESIAN_POINT('',(48.424539998087,52.900660171782,
    -101.4374866421));
#62 = CARTESIAN_POINT('',(48.235079979394,52.900660171782,
    -101.0923837247));
#63 = CARTESIAN_POINT('',(48.014623394345,52.900660171782,
    -100.7802595904));
#64 = CARTESIAN_POINT('',(47.573710225686,52.900660171782,
    -100.1560113238));
#65 = CARTESIAN_POINT('',(47.008810792412,52.900660171781,
    -99.66367818848));
#66 = CARTESIAN_POINT('',(46.425598950145,52.900660171781,
    -99.32696067327));
#67 = ORIENTED_EDGE('',*,*,#68,.T.);
#68 = EDGE_CURVE('',#51,#22,#69,.T.);
#69 = B_SPLINE_CURVE_WITH_KNOTS('',3,(#70,#71,#72,#73),.UNSPECIFIED.,.F.
  ,.F.,(4,4),(-2.032731202911,-1.917261149074),
  .PIECEWISE_BEZIER_KNOTS.);
#70 = CARTESIAN_POINT('',(46.42559894444,52.90066017178,-99.32696066998)
  );
#71 = CARTESIAN_POINT('',(46.258932277774,52.567326838447,
    -99.61563580457));
#72 = CARTESIAN_POINT('',(46.092265611107,52.233993505114,
    -99.90431093917));
#73 = CARTESIAN_POINT('',(45.925598944441,51.900660171782,
    -100.1929860737));
#74 = B_SPLINE_SURFACE_WITH_KNOTS('',3,3,(
    (#75,#76,#77,#78)
    ,(#79,#80,#81,#82)
    ,(#83,#84,#85,#86)
    ,(#87,#88,#89,#90)
    ,(#91,#92,#93,#94)
    ,(#95,#96,#97,#98)
    ,(#99,#100,#101,#102
    )),.UNSPECIFIED.,.F.,.F.,.F.,(4,1,1,1,4),(4,4),(0.,0.285714285714,
    0.571428571429,0.714285714286,1.),(-2.032731203252,-1.917261149074),
  .UNSPECIFIED.);
#75 = CARTESIAN_POINT('',(48.255725968324,52.900660174726,
    -106.1570876993));
#76 = CARTESIAN_POINT('',(47.967050832878,52.567326840411,
    -105.9904210322));
#77 = CARTESIAN_POINT('',(47.678375697433,52.233993506096,-105.823754365
    ));
#78 = CARTESIAN_POINT('',(47.389700561987,51.900660171781,
    -105.6570876978));
#79 = CARTESIAN_POINT('',(48.592443483817,52.900660174726,
    -105.5738758547));
#80 = CARTESIAN_POINT('',(48.281477768617,52.567326840411,
    -105.4457842619));
#81 = CARTESIAN_POINT('',(47.970040289512,52.233993506097,-105.318609815
    ));
#82 = CARTESIAN_POINT('',(47.659074574312,51.900660171782,
    -105.1905182223));
#83 = CARTESIAN_POINT('',(49.087027000184,52.900660174728,-104.153533884
    ));
#84 = CARTESIAN_POINT('',(48.742885842727,52.567326840413,
    -104.1204512518));
#85 = CARTESIAN_POINT('',(48.398882544759,52.233993506098,
    -104.0873272782));
#86 = CARTESIAN_POINT('',(48.054741387302,51.900660171783,-104.054244646
    ));
#87 = CARTESIAN_POINT('',(48.803460038347,52.900660174728,
    -102.1276924759));
#88 = CARTESIAN_POINT('',(48.478208056169,52.567326840413,
    -102.2296746968));
#89 = CARTESIAN_POINT('',(48.153139800069,52.233993506098,-102.331589299
    ));
#90 = CARTESIAN_POINT('',(47.827887817891,51.900660171783,
    -102.4335715199));
#91 = CARTESIAN_POINT('',(47.856159944323,52.900660174728,
    -100.4021778881));
#92 = CARTESIAN_POINT('',(47.594213593599,52.567326840413,
    -100.6191675366));
#93 = CARTESIAN_POINT('',(47.331994093594,52.233993506098,
    -100.8361702015));
#94 = CARTESIAN_POINT('',(47.07004774287,51.900660171783,-101.0531598501
    ));
#95 = CARTESIAN_POINT('',(47.008810790546,52.900660174727,
    -99.66367818292));
#96 = CARTESIAN_POINT('',(46.803144349869,52.567326840412,
    -99.93022533193));
#97 = CARTESIAN_POINT('',(46.597834860701,52.233993506097,-100.195812937
    ));
#98 = CARTESIAN_POINT('',(46.392168420025,51.900660171782,-100.462360086
    ));
#99 = CARTESIAN_POINT('',(46.425598945914,52.900660174726,
    -99.32696066742));
#100 = CARTESIAN_POINT('',(46.258932278756,52.567326840412,
    -99.61563580287));
#101 = CARTESIAN_POINT('',(46.092265611599,52.233993506097,
    -99.90431093832));
#102 = CARTESIAN_POINT('',(45.925598944441,51.900660171782,
    -100.1929860737));
#103 = ADVANCED_FACE('',(#104),#139,.T.);
#104 = FACE_BOUND('',#105,.T.);
#105 = EDGE_LOOP('',(#106,#114,#132,#138));
#106 = ORIENTED_EDGE('',*,*,#107,.T.);
#107 = EDGE_CURVE('',#42,#108,#110,.T.);
#108 = VERTEX_POINT('',#109);
#109 = CARTESIAN_POINT('',(48.255725965776,58.900660171782,
    -106.1570876978));
#110 = LINE('',#111,#112);
#111 = CARTESIAN_POINT('',(48.255725969067,56.900660171776,
    -106.1570876921));
#112 = VECTOR('',#113,1.);
#113 = DIRECTION('',(5.42181496147E-14,1.,1.136950676417E-13));
#114 = ORIENTED_EDGE('',*,*,#115,.T.);
#115 = EDGE_CURVE('',#108,#116,#118,.T.);
#116 = VERTEX_POINT('',#117);
#117 = CARTESIAN_POINT('',(46.425598950145,58.900660171781,
    -99.32696067327));
#118 = B_SPLINE_CURVE_WITH_KNOTS('',3,(#119,#120,#121,#122,#123,#124,
    #125,#126,#127,#128,#129,#130,#131),.UNSPECIFIED.,.F.,.F.,(4,3,3,3,4
    ),(-0.787914277926,-0.562795913119,-0.450236730348,-0.225118364807,
    0.),.UNSPECIFIED.);
#119 = CARTESIAN_POINT('',(48.255725969067,58.900660171782,
    -106.1570876921));
#120 = CARTESIAN_POINT('',(48.592443482651,58.900660171783,
    -105.5738758489));
#121 = CARTESIAN_POINT('',(48.835493869809,58.900660171784,
    -104.8650525256));
#122 = CARTESIAN_POINT('',(48.905211651468,58.900660171784,
    -104.1039810792));
#123 = CARTESIAN_POINT('',(48.940070542411,58.900660171784,
    -103.7234453547));
#124 = CARTESIAN_POINT('',(48.931596281697,58.900660171784,
    -103.3298475994));
#125 = CARTESIAN_POINT('',(48.874790541029,58.900660171784,
    -102.9410349339));
#126 = CARTESIAN_POINT('',(48.761179059694,58.900660171785,
    -102.1634096029));
#127 = CARTESIAN_POINT('',(48.454241658546,58.900660171784,
    -101.4049246312));
#128 = CARTESIAN_POINT('',(48.016149590806,58.900660171784,
    -100.7799917768));
#129 = CARTESIAN_POINT('',(47.578057524493,58.900660171783,
    -100.1550589244));
#130 = CARTESIAN_POINT('',(47.008810792443,58.900660171782,
    -99.66367818848));
#131 = CARTESIAN_POINT('',(46.425598950145,58.900660171781,
    -99.32696067327));
#132 = ORIENTED_EDGE('',*,*,#133,.T.);
#133 = EDGE_CURVE('',#116,#51,#134,.T.);
#134 = LINE('',#135,#136);
#135 = CARTESIAN_POINT('',(46.425598950145,56.900660171776,
    -99.32696067327));
#136 = VECTOR('',#137,1.);
#137 = DIRECTION('',(-5.42181496147E-14,-1.,-1.136950676417E-13));
#138 = ORIENTED_EDGE('',*,*,#50,.F.);
#139 = CYLINDRICAL_SURFACE('',#140,5.);
#140 = AXIS2_PLACEMENT_3D('',#141,#142,#143);
#141 = CARTESIAN_POINT('',(43.925598950145,56.900660171776,
    -103.6570876921));
#142 = DIRECTION('',(5.42181496147E-14,1.,1.136950676417E-13));
#143 = DIRECTION('',(0.965925826289,-8.179715980633E-14,0.258819045102)
  );
#144 = ADVANCED_FACE('',(#145),#182,.T.);
#145 = FACE_BOUND('',#146,.T.);
#146 = EDGE_LOOP('',(#147,#167,#174,#175));
#147 = ORIENTED_EDGE('',*,*,#148,.T.);
#148 = EDGE_CURVE('',#149,#151,#153,.T.);
#149 = VERTEX_POINT('',#150);
#150 = CARTESIAN_POINT('',(47.38970056199,59.900660171782,
    -105.6570876978));
#151 = VERTEX_POINT('',#152);
#152 = CARTESIAN_POINT('',(45.925598944442,59.900660171781,
    -100.1929860737));
#153 = B_SPLINE_CURVE_WITH_KNOTS('',3,(#154,#155,#156,#157,#158,#159,
    #160,#161,#162,#163,#164,#165,#166),.UNSPECIFIED.,.F.,.F.,(4,3,3,3,4
    ),(0.,0.180094692628,0.270142038942,0.450236731569,0.630331424197),
  .UNSPECIFIED.);
#154 = CARTESIAN_POINT('',(47.38970056199,59.900660171782,
    -105.6570876978));
#155 = CARTESIAN_POINT('',(47.659074574314,59.900660171783,
    -105.1905182223));
#156 = CARTESIAN_POINT('',(47.853514885189,59.900660171783,
    -104.6234595617));
#157 = CARTESIAN_POINT('',(47.909289110715,59.900660171783,
    -104.0146024024));
#158 = CARTESIAN_POINT('',(47.937176223479,59.900660171784,
    -103.7101738227));
#159 = CARTESIAN_POINT('',(47.930396814905,59.900660171784,
    -103.3952956183));
#160 = CARTESIAN_POINT('',(47.884952222356,59.900660171784,
    -103.0842454858));
#161 = CARTESIAN_POINT('',(47.794063037258,59.900660171784,
    -102.4621452208));
#162 = CARTESIAN_POINT('',(47.548513116259,59.900660171784,
    -101.8553572433));
#163 = CARTESIAN_POINT('',(47.198039461951,59.900660171783,
    -101.3554109596));
#164 = CARTESIAN_POINT('',(46.847565807643,59.900660171783,
    -100.8554646759));
#165 = CARTESIAN_POINT('',(46.392168420026,59.900660171782,
    -100.462360086));
#166 = CARTESIAN_POINT('',(45.925598944442,59.900660171781,
    -100.1929860737));
#167 = ORIENTED_EDGE('',*,*,#168,.T.);
#168 = EDGE_CURVE('',#151,#116,#169,.T.);
#169 = B_SPLINE_CURVE_WITH_KNOTS('',3,(#170,#171,#172,#173),
  .UNSPECIFIED.,.F.,.F.,(4,4),(1.873959878882,1.989429932721),
  .PIECEWISE_BEZIER_KNOTS.);
#170 = CARTESIAN_POINT('',(45.925598944442,59.900660171781,
    -100.1929860737));
#171 = CARTESIAN_POINT('',(46.09226561111,59.567326838448,
    -99.90431093917));
#172 = CARTESIAN_POINT('',(46.258932277777,59.233993505115,
    -99.61563580457));
#173 = CARTESIAN_POINT('',(46.425598944445,58.900660171781,
    -99.32696066998));
#174 = ORIENTED_EDGE('',*,*,#115,.F.);
#175 = ORIENTED_EDGE('',*,*,#176,.T.);
#176 = EDGE_CURVE('',#108,#149,#177,.T.);
#177 = B_SPLINE_CURVE_WITH_KNOTS('',3,(#178,#179,#180,#181),
  .UNSPECIFIED.,.F.,.F.,(4,4),(-1.989429932721,-1.873959878882),
  .PIECEWISE_BEZIER_KNOTS.);
#178 = CARTESIAN_POINT('',(48.255725965776,58.900660171782,
    -106.1570876978));
#179 = CARTESIAN_POINT('',(47.967050831181,59.233993505115,
    -105.9904210312));
#180 = CARTESIAN_POINT('',(47.678375696585,59.567326838449,
    -105.8237543645));
#181 = CARTESIAN_POINT('',(47.38970056199,59.900660171782,
    -105.6570876978));
#182 = B_SPLINE_SURFACE_WITH_KNOTS('',3,3,(
    (#183,#184,#185,#186)
    ,(#187,#188,#189,#190)
    ,(#191,#192,#193,#194)
    ,(#195,#196,#197,#198)
    ,(#199,#200,#201,#202)
    ,(#203,#204,#205,#206)
    ,(#207,#208,#209,#210
  )),.UNSPECIFIED.,.F.,.F.,.F.,(4,1,1,1,4),(4,4),(0.,0.285714285714,
    0.571428571429,0.714285714286,1.),(-1.989429933061,-1.873959878882),
  .UNSPECIFIED.);
#183 = CARTESIAN_POINT('',(46.425598945919,58.900660168832,
    -99.32696066742));
#184 = CARTESIAN_POINT('',(46.25893227876,59.233993503149,
    -99.61563580287));
#185 = CARTESIAN_POINT('',(46.092265611601,59.567326837465,
    -99.90431093831));
#186 = CARTESIAN_POINT('',(45.925598944442,59.900660171781,
    -100.1929860737));
#187 = CARTESIAN_POINT('',(47.00881079055,58.900660168833,
    -99.66367818292));
#188 = CARTESIAN_POINT('',(46.803552377859,59.233993503149,
    -99.93009161386));
#189 = CARTESIAN_POINT('',(46.597426832717,59.567326837466,
    -100.1959466551));
#190 = CARTESIAN_POINT('',(46.392168420026,59.900660171782,
    -100.462360086));
#191 = CARTESIAN_POINT('',(48.147304259888,58.900660168835,
    -100.6464396578));
#192 = CARTESIAN_POINT('',(47.865810591135,59.233993503151,
    -100.8471606364));
#193 = CARTESIAN_POINT('',(47.584456864012,59.567326837467,
    -101.0478482871));
#194 = CARTESIAN_POINT('',(47.302963195259,59.900660171783,
    -101.2485692658));
#195 = CARTESIAN_POINT('',(48.914647763211,58.900660168836,
    -102.5426520881));
#196 = CARTESIAN_POINT('',(48.581980173559,59.233993503152,
    -102.6169588851));
#197 = CARTESIAN_POINT('',(48.249505587411,59.567326837468,
    -102.6912324126));
#198 = CARTESIAN_POINT('',(47.916837997758,59.900660171784,
    -102.7655392096));
#199 = CARTESIAN_POINT('',(48.957019066807,58.900660168835,
    -104.5106408659));
#200 = CARTESIAN_POINT('',(48.621672048365,59.233993503151,
    -104.4536954932));
#201 = CARTESIAN_POINT('',(48.286082059068,59.567326837467,
    -104.3968756041));
#202 = CARTESIAN_POINT('',(47.950735040626,59.900660171783,
    -104.3399302314));
#203 = CARTESIAN_POINT('',(48.592443483822,58.900660168834,
    -105.5738758547));
#204 = CARTESIAN_POINT('',(48.281057546984,59.23399350315,
    -105.4458724727));
#205 = CARTESIAN_POINT('',(47.970460511151,59.567326837466,
    -105.3185216043));
#206 = CARTESIAN_POINT('',(47.659074574314,59.900660171783,
    -105.1905182223));
#207 = CARTESIAN_POINT('',(48.25572596833,58.900660168833,
    -106.1570876993));
#208 = CARTESIAN_POINT('',(47.967050832883,59.233993503149,
    -105.9904210322));
#209 = CARTESIAN_POINT('',(47.678375697437,59.567326837466,
    -105.823754365));
#210 = CARTESIAN_POINT('',(47.38970056199,59.900660171782,
    -105.6570876978));
#211 = ADVANCED_FACE('',(#212),#245,.F.);
#212 = FACE_BOUND('',#213,.T.);
#213 = EDGE_LOOP('',(#214,#215,#223,#231,#239));
#214 = ORIENTED_EDGE('',*,*,#107,.F.);
#215 = ORIENTED_EDGE('',*,*,#216,.F.);
#216 = EDGE_CURVE('',#217,#42,#219,.T.);
#217 = VERTEX_POINT('',#218);
#218 = CARTESIAN_POINT('',(18.382672069407,52.900660171784,
    -157.8987348236));
#219 = LINE('',#220,#221);
#220 = CARTESIAN_POINT('',(23.660852978116,52.900660171783,
    -148.7566573182));
#221 = VECTOR('',#222,1.);
#222 = DIRECTION('',(0.5,-6.571043353281E-14,0.866025403784));
#223 = ORIENTED_EDGE('',*,*,#224,.F.);
#224 = EDGE_CURVE('',#225,#217,#227,.T.);
#225 = VERTEX_POINT('',#226);
#226 = CARTESIAN_POINT('',(18.382672069407,63.900660171786,
    -157.8987348236));
#227 = LINE('',#228,#229);
#228 = CARTESIAN_POINT('',(18.382672069407,59.400580085894,
    -157.8987348236));
#229 = VECTOR('',#230,1.);
#230 = DIRECTION('',(-3.160066233553E-16,-1.,-2.033381734388E-14));
#231 = ORIENTED_EDGE('',*,*,#232,.F.);
#232 = EDGE_CURVE('',#233,#225,#235,.T.);
#233 = VERTEX_POINT('',#234);
#234 = CARTESIAN_POINT('',(23.382672069407,58.900660171785,
    -149.2384807858));
#235 = LINE('',#236,#237);
#236 = CARTESIAN_POINT('',(21.790123764224,60.493208476969,
    -151.9968553638));
#237 = VECTOR('',#238,1.);
#238 = DIRECTION('',(-0.4472135955,0.4472135955,-0.774596669241));
#239 = ORIENTED_EDGE('',*,*,#240,.F.);
#240 = EDGE_CURVE('',#108,#233,#241,.T.);
#241 = LINE('',#242,#243);
#242 = CARTESIAN_POINT('',(23.660852978117,58.900660171785,
    -148.7566573182));
#243 = VECTOR('',#244,1.);
#244 = DIRECTION('',(-0.5,6.571043353282E-14,-0.866025403784));
#245 = PLANE('',#246);
#246 = AXIS2_PLACEMENT_3D('',#247,#248,#249);
#247 = CARTESIAN_POINT('',(13.407649747833,56.900660171785,
    -166.5157262534));
#248 = DIRECTION('',(-0.866025403784,-9.893238908349E-15,0.5));
#249 = DIRECTION('',(-5.421814953269E-14,-1.,-1.136950674997E-13));
#250 = ADVANCED_FACE('',(#251),#277,.T.);
#251 = FACE_BOUND('',#252,.T.);
#252 = EDGE_LOOP('',(#253,#254,#262,#270,#276));
#253 = ORIENTED_EDGE('',*,*,#41,.F.);
#254 = ORIENTED_EDGE('',*,*,#255,.T.);
#255 = EDGE_CURVE('',#24,#256,#258,.T.);
#256 = VERTEX_POINT('',#257);
#257 = CARTESIAN_POINT('',(17.882672069407,51.900660171787,
    -156.7647602274));
#258 = LINE('',#259,#260);
#259 = CARTESIAN_POINT('',(22.794827574332,51.900660171787,
    -148.2566573182));
#260 = VECTOR('',#261,1.);
#261 = DIRECTION('',(-0.5,6.571043353281E-14,-0.866025403784));
#262 = ORIENTED_EDGE('',*,*,#263,.F.);
#263 = EDGE_CURVE('',#264,#256,#266,.T.);
#264 = VERTEX_POINT('',#265);
#265 = CARTESIAN_POINT('',(18.382672069407,52.400660171787,
    -156.8987348236));
#266 = LINE('',#267,#268);
#267 = CARTESIAN_POINT('',(17.348852590805,51.366840693186,
    -156.6217237292));
#268 = VECTOR('',#269,1.);
#269 = DIRECTION('',(-0.694746590606,-0.694746590606,0.186156787902));
#270 = ORIENTED_EDGE('',*,*,#271,.T.);
#271 = EDGE_CURVE('',#264,#217,#272,.T.);
#272 = LINE('',#273,#274);
#273 = CARTESIAN_POINT('',(18.382672069407,50.130230220174,
    -152.3578749204));
#274 = VECTOR('',#275,1.);
#275 = DIRECTION('',(-1.979975272556E-15,0.447213595499,-0.894427191001)
  );
#276 = ORIENTED_EDGE('',*,*,#216,.T.);
#277 = PLANE('',#278);
#278 = AXIS2_PLACEMENT_3D('',#279,#280,#281);
#279 = CARTESIAN_POINT('',(23.227840276224,52.400660171785,
    -148.5066573182));
#280 = DIRECTION('',(0.612372435695,-0.707106781188,-0.353553390593));
#281 = DIRECTION('',(-0.5,5.828670879282E-16,-0.866025403784));
#282 = ADVANCED_FACE('',(#283,#495,#506,#517,#528,#539),#550,.T.);
#283 = FACE_BOUND('',#284,.T.);
#284 = EDGE_LOOP('',(#285,#286,#294,#303,#311,#329,#337,#345,#353,#361,
    #370,#378,#387,#395,#404,#412,#421,#429,#438,#446,#455,#463,#472,
    #480,#488,#494));
#285 = ORIENTED_EDGE('',*,*,#21,.F.);
#286 = ORIENTED_EDGE('',*,*,#287,.F.);
#287 = EDGE_CURVE('',#288,#22,#290,.T.);
#288 = VERTEX_POINT('',#289);
#289 = CARTESIAN_POINT('',(9.632332241187,51.900660171778,
    -79.23905877286));
#290 = LINE('',#291,#292);
#291 = CARTESIAN_POINT('',(27.110219823442,51.90066017178,
    -89.32992187335));
#292 = VECTOR('',#293,1.);
#293 = DIRECTION('',(0.866025403784,1.141314098384E-13,-0.5));
#294 = ORIENTED_EDGE('',*,*,#295,.F.);
#295 = EDGE_CURVE('',#296,#288,#298,.T.);
#296 = VERTEX_POINT('',#297);
#297 = CARTESIAN_POINT('',(-9.367667758814,51.900660171777,
    -79.23905877286));
#298 = CIRCLE('',#299,19.);
#299 = AXIS2_PLACEMENT_3D('',#300,#301,#302);
#300 = CARTESIAN_POINT('',(0.132332241187,51.900660171779,
    -95.69354144477));
#301 = DIRECTION('',(-6.598548344133E-14,1.,1.139726097943E-13));
#302 = DIRECTION('',(6.07609270835E-17,-1.139726097943E-13,1.));
#303 = ORIENTED_EDGE('',*,*,#304,.F.);
#304 = EDGE_CURVE('',#305,#296,#307,.T.);
#305 = VERTEX_POINT('',#306);
#306 = CARTESIAN_POINT('',(-45.66093447347,51.900660171777,
    -100.1929860803));
#307 = LINE('',#308,#309);
#308 = CARTESIAN_POINT('',(-19.71094565022,51.900660171777,
    -85.21075304777));
#309 = VECTOR('',#310,1.);
#310 = DIRECTION('',(0.866025403784,1.588000440249E-16,0.5));
#311 = ORIENTED_EDGE('',*,*,#312,.F.);
#312 = EDGE_CURVE('',#313,#305,#315,.T.);
#313 = VERTEX_POINT('',#314);
#314 = CARTESIAN_POINT('',(-47.1250360862,51.900660171777,
    -105.6570876864));
#315 = B_SPLINE_CURVE_WITH_KNOTS('',3,(#316,#317,#318,#319,#320,#321,
    #322,#323,#324,#325,#326,#327,#328),.UNSPECIFIED.,.F.,.F.,(4,3,3,3,4
    ),(0.,0.180094692035,0.270142038052,0.450236730087,0.630331422122),
  .UNSPECIFIED.);
#316 = CARTESIAN_POINT('',(-47.1250360862,51.900660171777,
    -105.6570876864));
#317 = CARTESIAN_POINT('',(-47.39441009763,51.900660171777,
    -105.1905182124));
#318 = CARTESIAN_POINT('',(-47.58885066292,51.900660171777,
    -104.6234600591));
#319 = CARTESIAN_POINT('',(-47.64462496349,51.900660171777,
    -104.014602906));
#320 = CARTESIAN_POINT('',(-47.67251211378,51.900660171777,
    -103.7101743294));
#321 = CARTESIAN_POINT('',(-47.66573269789,51.900660171777,
    -103.3952960028));
#322 = CARTESIAN_POINT('',(-47.62028804439,51.900660171777,
    -103.0842457237));
#323 = CARTESIAN_POINT('',(-47.5293987374,51.900660171777,
    -102.4621451655));
#324 = CARTESIAN_POINT('',(-47.28384847996,51.900660171777,
    -101.8553567972));
#325 = CARTESIAN_POINT('',(-46.9333747825,51.900660171777,
    -101.3554105287));
#326 = CARTESIAN_POINT('',(-46.58290108503,51.900660171777,
    -100.8554642603));
#327 = CARTESIAN_POINT('',(-46.12750394752,51.900660171777,
    -100.4623600917));
#328 = CARTESIAN_POINT('',(-45.66093447347,51.900660171777,
    -100.1929860803));
#329 = ORIENTED_EDGE('',*,*,#330,.F.);
#330 = EDGE_CURVE('',#331,#313,#333,.T.);
#331 = VERTEX_POINT('',#332);
#332 = CARTESIAN_POINT('',(-17.56732793059,51.900660171785,
    -156.8525399672));
#333 = LINE('',#334,#335);
#334 = CARTESIAN_POINT('',(-20.15195988143,51.900660171784,
    -152.3758261095));
#335 = VECTOR('',#336,1.);
#336 = DIRECTION('',(-0.5,-1.316959170597E-13,0.866025403784));
#337 = ORIENTED_EDGE('',*,*,#338,.F.);
#338 = EDGE_CURVE('',#339,#331,#341,.T.);
#339 = VERTEX_POINT('',#340);
#340 = CARTESIAN_POINT('',(-17.56732793059,51.900660171786,
    -164.1887426568));
#341 = LINE('',#342,#343);
#342 = CARTESIAN_POINT('',(-17.56732793059,51.900660171783,
    -141.0873343458));
#343 = VECTOR('',#344,1.);
#344 = DIRECTION('',(2.249218283363E-15,-1.139726096884E-13,1.));
#345 = ORIENTED_EDGE('',*,*,#346,.F.);
#346 = EDGE_CURVE('',#347,#339,#349,.T.);
#347 = VERTEX_POINT('',#348);
#348 = CARTESIAN_POINT('',(-10.41732796832,51.900660171786,
    -164.1887426568));
#349 = LINE('',#350,#351);
#350 = CARTESIAN_POINT('',(3.742026889089,51.900660171787,
    -164.1887426568));
#351 = VECTOR('',#352,1.);
#352 = DIRECTION('',(-1.,-6.598548344133E-14,-1.269837787901E-15));
#353 = ORIENTED_EDGE('',*,*,#354,.F.);
#354 = EDGE_CURVE('',#355,#347,#357,.T.);
#355 = VERTEX_POINT('',#356);
#356 = CARTESIAN_POINT('',(-10.41732796832,51.900660171782,
    -121.9608166748));
#357 = LINE('',#358,#359);
#358 = CARTESIAN_POINT('',(-10.41732796832,51.900660171781,
    -118.4733713548));
#359 = VECTOR('',#360,1.);
#360 = DIRECTION('',(1.539320096158E-13,1.139726096885E-13,-1.));
#361 = ORIENTED_EDGE('',*,*,#362,.F.);
#362 = EDGE_CURVE('',#363,#355,#365,.T.);
#363 = VERTEX_POINT('',#364);
#364 = CARTESIAN_POINT('',(-7.917327968327,51.900660171781,
    -119.4608166748));
#365 = CIRCLE('',#366,2.5);
#366 = AXIS2_PLACEMENT_3D('',#367,#368,#369);
#367 = CARTESIAN_POINT('',(-7.917327968327,51.900660171782,
    -121.9608166748));
#368 = DIRECTION('',(6.598548344133E-14,-1.,-1.139726096884E-13));
#369 = DIRECTION('',(-0.707106781187,-1.272495879815E-13,0.707106781186)
  );
#370 = ORIENTED_EDGE('',*,*,#371,.F.);
#371 = EDGE_CURVE('',#372,#363,#374,.T.);
#372 = VERTEX_POINT('',#373);
#373 = CARTESIAN_POINT('',(-4.867574435098,51.900660171782,
    -119.4608166748));
#374 = LINE('',#375,#376);
#375 = CARTESIAN_POINT('',(9.538738734598,51.900660171783,
    -119.4608166748));
#376 = VECTOR('',#377,1.);
#377 = DIRECTION('',(-1.,-6.598548344131E-14,-1.539301680751E-13));
#378 = ORIENTED_EDGE('',*,*,#379,.F.);
#379 = EDGE_CURVE('',#380,#372,#382,.T.);
#380 = VERTEX_POINT('',#381);
#381 = CARTESIAN_POINT('',(-2.367574435097,51.900660171782,
    -121.9608166748));
#382 = CIRCLE('',#383,2.5);
#383 = AXIS2_PLACEMENT_3D('',#384,#385,#386);
#384 = CARTESIAN_POINT('',(-4.867574435097,51.900660171782,
    -121.9608166748));
#385 = DIRECTION('',(6.598548344133E-14,-1.,-1.139726096884E-13));
#386 = DIRECTION('',(0.707106781186,-3.3932022379E-14,0.707106781187));
#387 = ORIENTED_EDGE('',*,*,#388,.F.);
#388 = EDGE_CURVE('',#389,#380,#391,.T.);
#389 = VERTEX_POINT('',#390);
#390 = CARTESIAN_POINT('',(-2.367574435097,51.900660171783,
    -128.5368856175));
#391 = LINE('',#392,#393);
#392 = CARTESIAN_POINT('',(-2.367574435097,51.900660171782,
    -118.0477386193));
#393 = VECTOR('',#394,1.);
#394 = DIRECTION('',(-8.076928040828E-15,-1.139726096884E-13,1.));
#395 = ORIENTED_EDGE('',*,*,#396,.F.);
#396 = EDGE_CURVE('',#397,#389,#399,.T.);
#397 = VERTEX_POINT('',#398);
#398 = CARTESIAN_POINT('',(-2.660827863676,51.900660171783,
    -129.7959828367));
#399 = CIRCLE('',#400,5.5);
#400 = AXIS2_PLACEMENT_3D('',#401,#402,#403);
#401 = CARTESIAN_POINT('',(-7.833708787929,51.900660171782,
    -127.9274799752));
#402 = DIRECTION('',(6.598548344133E-14,-1.,-1.139726096884E-13));
#403 = DIRECTION('',(0.993226870566,7.878116393032E-14,-0.116191151061)
  );
#404 = ORIENTED_EDGE('',*,*,#405,.F.);
#405 = EDGE_CURVE('',#406,#397,#408,.T.);
#406 = VERTEX_POINT('',#407);
#407 = CARTESIAN_POINT('',(-5.040378658774,51.900660171783,
    -136.3836810254));
#408 = LINE('',#409,#410);
#409 = CARTESIAN_POINT('',(-1.093908513185,51.900660171783,
    -125.4580246859));
#410 = VECTOR('',#411,1.);
#411 = DIRECTION('',(0.339727793003,-8.477684980291E-14,0.94052380441));
#412 = ORIENTED_EDGE('',*,*,#413,.F.);
#413 = EDGE_CURVE('',#414,#406,#416,.T.);
#414 = VERTEX_POINT('',#415);
#415 = CARTESIAN_POINT('',(5.305370137811,51.900660171784,-136.383644892
    ));
#416 = CIRCLE('',#417,5.5);
#417 = AXIS2_PLACEMENT_3D('',#418,#419,#420);
#418 = CARTESIAN_POINT('',(0.13250226548,51.900660171784,-138.2521838869
    ));
#419 = DIRECTION('',(-6.598548344133E-14,1.,1.139726096884E-13));
#420 = DIRECTION('',(3.492581202054E-06,1.139728401474E-13,
    -0.999999999994));
#421 = ORIENTED_EDGE('',*,*,#422,.F.);
#422 = EDGE_CURVE('',#423,#414,#425,.T.);
#423 = VERTEX_POINT('',#424);
#424 = CARTESIAN_POINT('',(2.9595851067,51.900660171783,-129.8895679388)
  );
#425 = LINE('',#426,#427);
#426 = CARTESIAN_POINT('',(1.135186781638,51.900660171783,
    -124.8388992035));
#427 = VECTOR('',#428,1.);
#428 = DIRECTION('',(0.339734362706,1.296112181617E-13,-0.940521431333)
  );
#429 = ORIENTED_EDGE('',*,*,#430,.F.);
#430 = EDGE_CURVE('',#431,#423,#433,.T.);
#431 = VERTEX_POINT('',#432);
#432 = CARTESIAN_POINT('',(2.632452979359,51.900660171783,
    -128.0210889513));
#433 = CIRCLE('',#434,5.5);
#434 = AXIS2_PLACEMENT_3D('',#435,#436,#437);
#435 = CARTESIAN_POINT('',(8.132452979031,51.900660171783,
    -128.0210289439));
#436 = DIRECTION('',(6.598548344133E-14,-1.,-1.139726096884E-13));
#437 = DIRECTION('',(-0.985017188842,-4.53415533011E-14,-0.172456190627)
  );
#438 = ORIENTED_EDGE('',*,*,#439,.F.);
#439 = EDGE_CURVE('',#440,#431,#442,.T.);
#440 = VERTEX_POINT('',#441);
#441 = CARTESIAN_POINT('',(2.632386859479,51.900660171782,
    -121.9608439507));
#442 = LINE('',#443,#444);
#443 = CARTESIAN_POINT('',(2.632419376785,51.900660171783,
    -124.9412311346));
#444 = VECTOR('',#445,1.);
#445 = DIRECTION('',(1.091043011377E-05,1.139733296117E-13,
    -0.99999999994));
#446 = ORIENTED_EDGE('',*,*,#447,.F.);
#447 = EDGE_CURVE('',#448,#440,#450,.T.);
#448 = VERTEX_POINT('',#449);
#449 = CARTESIAN_POINT('',(5.13238685933,51.900660171782,-119.4608166746
    ));
#450 = CIRCLE('',#451,2.5);
#451 = AXIS2_PLACEMENT_3D('',#452,#453,#454);
#452 = CARTESIAN_POINT('',(5.13238685933,51.900660171783,-121.9608166746
    ));
#453 = DIRECTION('',(6.598548344133E-14,-1.,-1.139726096884E-13));
#454 = DIRECTION('',(-0.707110638596,-1.272494028731E-13,0.707102923756)
  );
#455 = ORIENTED_EDGE('',*,*,#456,.F.);
#456 = EDGE_CURVE('',#457,#448,#459,.T.);
#457 = VERTEX_POINT('',#458);
#458 = CARTESIAN_POINT('',(8.18267237728,51.900660171782,-119.4608166748
    ));
#459 = LINE('',#460,#461);
#460 = CARTESIAN_POINT('',(9.538738734598,51.900660171783,
    -119.4608166748));
#461 = VECTOR('',#462,1.);
#462 = DIRECTION('',(-1.,-6.598548344131E-14,-1.539301680751E-13));
#463 = ORIENTED_EDGE('',*,*,#464,.F.);
#464 = EDGE_CURVE('',#465,#457,#467,.T.);
#465 = VERTEX_POINT('',#466);
#466 = CARTESIAN_POINT('',(10.682672377281,51.900660171783,
    -121.9608166748));
#467 = CIRCLE('',#468,2.5);
#468 = AXIS2_PLACEMENT_3D('',#469,#470,#471);
#469 = CARTESIAN_POINT('',(8.182672377281,51.900660171783,
    -121.9608166748));
#470 = DIRECTION('',(6.598548344133E-14,-1.,-1.139726096884E-13));
#471 = DIRECTION('',(0.707106781186,-3.393202237901E-14,0.707106781187)
  );
#472 = ORIENTED_EDGE('',*,*,#473,.F.);
#473 = EDGE_CURVE('',#474,#465,#476,.T.);
#474 = VERTEX_POINT('',#475);
#475 = CARTESIAN_POINT('',(10.682672377287,51.900660171788,
    -164.1887426568));
#476 = LINE('',#477,#478);
#477 = CARTESIAN_POINT('',(10.682672377281,51.900660171783,
    -124.9411901505));
#478 = VECTOR('',#479,1.);
#479 = DIRECTION('',(-1.539147903337E-13,-1.139726096885E-13,1.));
#480 = ORIENTED_EDGE('',*,*,#481,.T.);
#481 = EDGE_CURVE('',#474,#482,#484,.T.);
#482 = VERTEX_POINT('',#483);
#483 = CARTESIAN_POINT('',(17.882672069407,51.900660171788,
    -164.1887426568));
#484 = LINE('',#485,#486);
#485 = CARTESIAN_POINT('',(3.742026889089,51.900660171787,
    -164.1887426568));
#486 = VECTOR('',#487,1.);
#487 = DIRECTION('',(1.,6.598548344133E-14,1.269837787901E-15));
#488 = ORIENTED_EDGE('',*,*,#489,.F.);
#489 = EDGE_CURVE('',#256,#482,#490,.T.);
#490 = LINE('',#491,#492);
#491 = CARTESIAN_POINT('',(17.882672069407,51.900660171785,
    -133.0873343458));
#492 = VECTOR('',#493,1.);
#493 = DIRECTION('',(-2.371682963277E-15,1.139726096884E-13,-1.));
#494 = ORIENTED_EDGE('',*,*,#255,.F.);
#495 = FACE_BOUND('',#496,.T.);
#496 = EDGE_LOOP('',(#497));
#497 = ORIENTED_EDGE('',*,*,#498,.T.);
#498 = EDGE_CURVE('',#499,#499,#501,.T.);
#499 = VERTEX_POINT('',#500);
#500 = CARTESIAN_POINT('',(-22.28209504777,51.900660171783,
    -136.7182079791));
#501 = CIRCLE('',#502,3.09997273325);
#502 = AXIS2_PLACEMENT_3D('',#503,#504,#505);
#503 = CARTESIAN_POINT('',(-19.59743990973,51.900660171783,
    -135.1682216124));
#504 = DIRECTION('',(-6.598548344133E-14,1.,1.139726096884E-13));
#505 = DIRECTION('',(0.866025403784,1.588000969611E-16,0.5));
#506 = FACE_BOUND('',#507,.T.);
#507 = EDGE_LOOP('',(#508));
#508 = ORIENTED_EDGE('',*,*,#509,.T.);
#509 = EDGE_CURVE('',#510,#510,#512,.T.);
#510 = VERTEX_POINT('',#511);
#511 = CARTESIAN_POINT('',(32.449109345613,51.900660171783,
    -113.541446789));
#512 = CIRCLE('',#513,3.099972733249);
#513 = AXIS2_PLACEMENT_3D('',#514,#515,#516);
#514 = CARTESIAN_POINT('',(33.999095712238,51.900660171783,
    -110.856791651));
#515 = DIRECTION('',(-6.598548344133E-14,1.,1.139726096884E-13));
#516 = DIRECTION('',(0.5,-6.571043360513E-14,0.866025403784));
#517 = FACE_BOUND('',#518,.T.);
#518 = EDGE_LOOP('',(#519));
#519 = ORIENTED_EDGE('',*,*,#520,.T.);
#520 = EDGE_CURVE('',#521,#521,#523,.T.);
#521 = VERTEX_POINT('',#522);
#522 = CARTESIAN_POINT('',(22.683740829143,51.900660171786,
    -136.6554835608));
#523 = CIRCLE('',#524,3.099972733247);
#524 = AXIS2_PLACEMENT_3D('',#525,#526,#527);
#525 = CARTESIAN_POINT('',(19.999085691111,51.900660171785,
    -135.1054971942));
#526 = DIRECTION('',(-6.598548344133E-14,1.,1.139726096884E-13));
#527 = DIRECTION('',(-0.866025403784,-1.141314097854E-13,0.5));
#528 = FACE_BOUND('',#529,.T.);
#529 = EDGE_LOOP('',(#530));
#530 = ORIENTED_EDGE('',*,*,#531,.T.);
#531 = EDGE_CURVE('',#532,#532,#534,.T.);
#532 = VERTEX_POINT('',#533);
#533 = CARTESIAN_POINT('',(-32.04744354186,51.900660171779,
    -113.6041596473));
#534 = CIRCLE('',#535,3.099972733254);
#535 = AXIS2_PLACEMENT_3D('',#536,#537,#538);
#536 = CARTESIAN_POINT('',(-33.59742990849,51.900660171779,
    -110.9195045093));
#537 = DIRECTION('',(-6.598548344133E-14,1.,1.139726096884E-13));
#538 = DIRECTION('',(-0.5,-1.316959170465E-13,0.866025403784));
#539 = FACE_BOUND('',#540,.T.);
#540 = EDGE_LOOP('',(#541));
#541 = ORIENTED_EDGE('',*,*,#542,.F.);
#542 = EDGE_CURVE('',#543,#543,#545,.T.);
#543 = VERTEX_POINT('',#544);
#544 = CARTESIAN_POINT('',(2.882502265478,51.900660171784,
    -138.2521838869));
#545 = CIRCLE('',#546,2.75);
#546 = AXIS2_PLACEMENT_3D('',#547,#548,#549);
#547 = CARTESIAN_POINT('',(0.132502265478,51.900660171784,
    -138.2521838869));
#548 = DIRECTION('',(6.598548344133E-14,-1.,-1.139726096884E-13));
#549 = DIRECTION('',(-1.,-6.598548344133E-14,-2.579809385624E-15));
#550 = PLANE('',#551);
#551 = AXIS2_PLACEMENT_3D('',#552,#553,#554);
#552 = CARTESIAN_POINT('',(9.645145162316,51.900660171782,
    -116.9859260348));
#553 = DIRECTION('',(6.598548344133E-14,-1.,-1.139726096884E-13));
#554 = DIRECTION('',(0.866025403784,1.588000969649E-16,0.5));
#555 = ADVANCED_FACE('',(#556),#574,.T.);
#556 = FACE_BOUND('',#557,.T.);
#557 = EDGE_LOOP('',(#558,#559,#567,#573));
#558 = ORIENTED_EDGE('',*,*,#68,.F.);
#559 = ORIENTED_EDGE('',*,*,#560,.T.);
#560 = EDGE_CURVE('',#51,#561,#563,.T.);
#561 = VERTEX_POINT('',#562);
#562 = CARTESIAN_POINT('',(10.132332241187,52.900660171777,
    -78.37303336908));
#563 = LINE('',#564,#565);
#564 = CARTESIAN_POINT('',(27.610219823442,52.900660171777,
    -88.46389646956));
#565 = VECTOR('',#566,1.);
#566 = DIRECTION('',(-0.866025403784,-1.141314098384E-13,0.5));
#567 = ORIENTED_EDGE('',*,*,#568,.F.);
#568 = EDGE_CURVE('',#288,#561,#569,.T.);
#569 = LINE('',#570,#571);
#570 = CARTESIAN_POINT('',(9.632332241187,51.900660171778,
    -79.23905877286));
#571 = VECTOR('',#572,1.);
#572 = DIRECTION('',(0.353553390593,0.707106781186,0.612372435696));
#573 = ORIENTED_EDGE('',*,*,#287,.T.);
#574 = PLANE('',#575);
#575 = AXIS2_PLACEMENT_3D('',#576,#577,#578);
#576 = CARTESIAN_POINT('',(27.360219823442,52.400660171779,
    -88.89690917145));
#577 = DIRECTION('',(0.353553390593,-0.707106781188,0.612372435695));
#578 = DIRECTION('',(0.866025403784,-5.551115123126E-17,-0.5));
#579 = ADVANCED_FACE('',(#580),#598,.T.);
#580 = FACE_BOUND('',#581,.T.);
#581 = EDGE_LOOP('',(#582,#583,#591,#597));
#582 = ORIENTED_EDGE('',*,*,#133,.F.);
#583 = ORIENTED_EDGE('',*,*,#584,.F.);
#584 = EDGE_CURVE('',#585,#116,#587,.T.);
#585 = VERTEX_POINT('',#586);
#586 = CARTESIAN_POINT('',(10.132332241187,58.900660171776,
    -78.37303336908));
#587 = LINE('',#588,#589);
#588 = CARTESIAN_POINT('',(28.909257929119,58.900660171779,
    -89.21389646956));
#589 = VECTOR('',#590,1.);
#590 = DIRECTION('',(0.866025403784,1.141314097854E-13,-0.5));
#591 = ORIENTED_EDGE('',*,*,#592,.F.);
#592 = EDGE_CURVE('',#561,#585,#593,.T.);
#593 = LINE('',#594,#595);
#594 = CARTESIAN_POINT('',(10.132332241187,56.900660171773,
    -78.37303336908));
#595 = VECTOR('',#596,1.);
#596 = DIRECTION('',(-6.401581224249E-15,1.,1.486938855598E-13));
#597 = ORIENTED_EDGE('',*,*,#560,.F.);
#598 = PLANE('',#599);
#599 = AXIS2_PLACEMENT_3D('',#600,#601,#602);
#600 = CARTESIAN_POINT('',(31.331700945132,56.900660171775,
    -90.61249459695));
#601 = DIRECTION('',(0.5,-1.255718916701E-13,0.866025403784));
#602 = DIRECTION('',(-0.866025403784,-1.092906388515E-14,0.5));
#603 = ADVANCED_FACE('',(#604),#622,.T.);
#604 = FACE_BOUND('',#605,.T.);
#605 = EDGE_LOOP('',(#606,#607,#608,#616));
#606 = ORIENTED_EDGE('',*,*,#176,.F.);
#607 = ORIENTED_EDGE('',*,*,#240,.T.);
#608 = ORIENTED_EDGE('',*,*,#609,.F.);
#609 = EDGE_CURVE('',#610,#233,#612,.T.);
#610 = VERTEX_POINT('',#611);
#611 = CARTESIAN_POINT('',(22.382672069407,59.900660171785,
    -148.9705315933));
#612 = LINE('',#613,#614);
#613 = CARTESIAN_POINT('',(20.684866447472,61.59846579372,-148.515605948
    ));
#614 = VECTOR('',#615,1.);
#615 = DIRECTION('',(0.694746590607,-0.694746590607,-0.186156787897));
#616 = ORIENTED_EDGE('',*,*,#617,.T.);
#617 = EDGE_CURVE('',#610,#149,#618,.T.);
#618 = LINE('',#619,#620);
#619 = CARTESIAN_POINT('',(22.794827574333,59.900660171785,
    -148.2566573182));
#620 = VECTOR('',#621,1.);
#621 = DIRECTION('',(0.5,-6.571043353282E-14,0.866025403784));
#622 = PLANE('',#623);
#623 = AXIS2_PLACEMENT_3D('',#624,#625,#626);
#624 = CARTESIAN_POINT('',(23.227840276225,59.400660171785,
    -148.5066573182));
#625 = DIRECTION('',(0.612372435696,0.707106781187,-0.353553390593));
#626 = DIRECTION('',(-0.5,8.326672684689E-17,-0.866025403784));
#627 = ADVANCED_FACE('',(#628),#665,.T.);
#628 = FACE_BOUND('',#629,.T.);
#629 = EDGE_LOOP('',(#630,#631,#640,#658));
#630 = ORIENTED_EDGE('',*,*,#312,.T.);
#631 = ORIENTED_EDGE('',*,*,#632,.T.);
#632 = EDGE_CURVE('',#305,#633,#635,.T.);
#633 = VERTEX_POINT('',#634);
#634 = CARTESIAN_POINT('',(-46.16093446777,52.900660171777,
    -99.32696067327));
#635 = B_SPLINE_CURVE_WITH_KNOTS('',3,(#636,#637,#638,#639),
  .UNSPECIFIED.,.F.,.F.,(4,4),(2.292387098098,2.407857151936),
  .PIECEWISE_BEZIER_KNOTS.);
#636 = CARTESIAN_POINT('',(-45.66093447347,51.900660171777,
    -100.1929860803));
#637 = CARTESIAN_POINT('',(-45.82760114014,52.23399350511,
    -99.90431094575));
#638 = CARTESIAN_POINT('',(-45.9942678068,52.567326838443,
    -99.61563581116));
#639 = CARTESIAN_POINT('',(-46.16093447347,52.900660171777,
    -99.32696067656));
#640 = ORIENTED_EDGE('',*,*,#641,.T.);
#641 = EDGE_CURVE('',#633,#642,#644,.T.);
#642 = VERTEX_POINT('',#643);
#643 = CARTESIAN_POINT('',(-47.99106148998,52.900660171777,
    -106.1570876864));
#644 = B_SPLINE_CURVE_WITH_KNOTS('',3,(#645,#646,#647,#648,#649,#650,
    #651,#652,#653,#654,#655,#656,#657),.UNSPECIFIED.,.F.,.F.,(4,3,3,3,4
    ),(0.,0.225118365359,0.450236730718,0.562795913397,0.787914278756),
  .UNSPECIFIED.);
#645 = CARTESIAN_POINT('',(-46.16093447347,52.900660171777,
    -99.32696067656));
#646 = CARTESIAN_POINT('',(-46.74414631622,52.900660171777,
    -99.66367819097));
#647 = CARTESIAN_POINT('',(-47.31339273829,52.900660171777,
    -100.1550584018));
#648 = CARTESIAN_POINT('',(-47.75148486028,52.900660171777,
    -100.7799912375));
#649 = CARTESIAN_POINT('',(-48.18957698226,52.900660171777,
    -101.4049240733));
#650 = CARTESIAN_POINT('',(-48.49651480415,52.900660171777,
    -102.1634095339));
#651 = CARTESIAN_POINT('',(-48.61012643793,52.900660171777,
    -102.9410352319));
#652 = CARTESIAN_POINT('',(-48.66693225482,52.900660171777,
    -103.3298480809));
#653 = CARTESIAN_POINT('',(-48.67540652469,52.900660171777,
    -103.7234459893));
#654 = CARTESIAN_POINT('',(-48.64054758681,52.900660171777,
    -104.1039817102));
#655 = CARTESIAN_POINT('',(-48.57082971107,52.900660171777,
    -104.8650531519));
#656 = CARTESIAN_POINT('',(-48.32777900439,52.900660171777,
    -105.5738758437));
#657 = CARTESIAN_POINT('',(-47.99106148998,52.900660171777,
    -106.1570876864));
#658 = ORIENTED_EDGE('',*,*,#659,.T.);
#659 = EDGE_CURVE('',#642,#313,#660,.T.);
#660 = B_SPLINE_CURVE_WITH_KNOTS('',3,(#661,#662,#663,#664),
  .UNSPECIFIED.,.F.,.F.,(4,4),(-2.407857151936,-2.292387098098),
  .PIECEWISE_BEZIER_KNOTS.);
#661 = CARTESIAN_POINT('',(-47.99106148998,52.900660171777,
    -106.1570876864));
#662 = CARTESIAN_POINT('',(-47.70238635539,52.567326838444,
    -105.9904210198));
#663 = CARTESIAN_POINT('',(-47.41371122079,52.233993505111,
    -105.8237543531));
#664 = CARTESIAN_POINT('',(-47.1250360862,51.900660171777,
    -105.6570876864));
#665 = B_SPLINE_SURFACE_WITH_KNOTS('',3,3,(
    (#666,#667,#668,#669)
    ,(#670,#671,#672,#673)
    ,(#674,#675,#676,#677)
    ,(#678,#679,#680,#681)
    ,(#682,#683,#684,#685)
    ,(#686,#687,#688,#689)
    ,(#690,#691,#692,#693
  )),.UNSPECIFIED.,.F.,.F.,.F.,(4,1,1,1,4),(4,4),(0.,0.285714285714,
    0.571428571429,0.714285714286,1.),(-2.407857151936,-2.292387098098),
  .UNSPECIFIED.);
#666 = CARTESIAN_POINT('',(-46.16093447347,52.900660171777,
    -99.32696067656));
#667 = CARTESIAN_POINT('',(-45.9942678068,52.567326838443,
    -99.61563581116));
#668 = CARTESIAN_POINT('',(-45.82760114014,52.23399350511,
    -99.90431094575));
#669 = CARTESIAN_POINT('',(-45.66093447347,51.900660171777,
    -100.1929860803));
#670 = CARTESIAN_POINT('',(-46.74414631622,52.900660171777,
    -99.66367819097));
#671 = CARTESIAN_POINT('',(-46.53888790414,52.567326838443,
    -99.93009162112));
#672 = CARTESIAN_POINT('',(-46.3327623596,52.23399350511,-100.1959466616
    ));
#673 = CARTESIAN_POINT('',(-46.12750394752,51.900660171777,
    -100.4623600917));
#674 = CARTESIAN_POINT('',(-47.88263916037,52.900660171777,
    -100.6464386127));
#675 = CARTESIAN_POINT('',(-47.60114549244,52.567326838443,
    -100.8471595907));
#676 = CARTESIAN_POINT('',(-47.31979189046,52.23399350511,
    -101.0478474508));
#677 = CARTESIAN_POINT('',(-47.03829822253,51.900660171777,
    -101.2485684289));
#678 = CARTESIAN_POINT('',(-48.64998371509,52.900660171777,
    -102.5426522642));
#679 = CARTESIAN_POINT('',(-48.31731612642,52.567326838443,
    -102.616959061));
#680 = CARTESIAN_POINT('',(-47.98484145478,52.23399350511,
    -102.6912325528));
#681 = CARTESIAN_POINT('',(-47.65217386611,51.900660171777,
    -102.7655393496));
#682 = CARTESIAN_POINT('',(-48.69235506442,52.900660171777,
    -104.510641806));
#683 = CARTESIAN_POINT('',(-48.35700804696,52.567326838444,
    -104.4536964335));
#684 = CARTESIAN_POINT('',(-48.02141796301,52.23399350511,-104.396876355
    ));
#685 = CARTESIAN_POINT('',(-47.68607094556,51.900660171777,
    -104.3399309825));
#686 = CARTESIAN_POINT('',(-48.32777900439,52.900660171777,
    -105.5738758437));
#687 = CARTESIAN_POINT('',(-48.01639306847,52.567326838444,
    -105.4458724621));
#688 = CARTESIAN_POINT('',(-47.70579603355,52.23399350511,-105.318521594
    ));
#689 = CARTESIAN_POINT('',(-47.39441009763,51.900660171777,
    -105.1905182124));
#690 = CARTESIAN_POINT('',(-47.99106148998,52.900660171777,
    -106.1570876864));
#691 = CARTESIAN_POINT('',(-47.70238635539,52.567326838444,
    -105.9904210198));
#692 = CARTESIAN_POINT('',(-47.41371122079,52.233993505111,
    -105.8237543531));
#693 = CARTESIAN_POINT('',(-47.1250360862,51.900660171777,
    -105.6570876864));
#694 = ADVANCED_FACE('',(#695),#730,.T.);
#695 = FACE_BOUND('',#696,.T.);
#696 = EDGE_LOOP('',(#697,#705,#723,#729));
#697 = ORIENTED_EDGE('',*,*,#698,.T.);
#698 = EDGE_CURVE('',#633,#699,#701,.T.);
#699 = VERTEX_POINT('',#700);
#700 = CARTESIAN_POINT('',(-46.16093447347,58.900660171775,
    -99.32696067656));
#701 = LINE('',#702,#703);
#702 = CARTESIAN_POINT('',(-46.16093446777,56.900660171775,
    -99.32696067327));
#703 = VECTOR('',#704,1.);
#704 = DIRECTION('',(-6.702131209983E-14,1.,1.136950676206E-13));
#705 = ORIENTED_EDGE('',*,*,#706,.T.);
#706 = EDGE_CURVE('',#699,#707,#709,.T.);
#707 = VERTEX_POINT('',#708);
#708 = CARTESIAN_POINT('',(-47.99106148669,58.900660171776,
    -106.1570876921));
#709 = B_SPLINE_CURVE_WITH_KNOTS('',3,(#710,#711,#712,#713,#714,#715,
    #716,#717,#718,#719,#720,#721,#722),.UNSPECIFIED.,.F.,.F.,(4,3,3,3,4
    ),(-0.787914278607,-0.562795913291,-0.450236730633,-0.225118365316,
    0.),.UNSPECIFIED.);
#710 = CARTESIAN_POINT('',(-46.16093447347,58.900660171775,
    -99.32696067656));
#711 = CARTESIAN_POINT('',(-46.74414631622,58.900660171775,
    -99.66367819097));
#712 = CARTESIAN_POINT('',(-47.30904578669,58.900660171775,
    -100.156011973));
#713 = CARTESIAN_POINT('',(-47.74995888344,58.900660171775,
    -100.7802602871));
#714 = CARTESIAN_POINT('',(-47.97041543181,58.900660171775,
    -101.0923844442));
#715 = CARTESIAN_POINT('',(-48.15987538676,58.900660171775,
    -101.4374872343));
#716 = CARTESIAN_POINT('',(-48.3050865057,58.900660171775,
    -101.8026117575));
#717 = CARTESIAN_POINT('',(-48.59550874357,58.900660171775,
    -102.5328608037));
#718 = CARTESIAN_POINT('',(-48.70893563743,58.900660171775,
    -103.3431967821));
#719 = CARTESIAN_POINT('',(-48.64200320264,58.900660171775,
    -104.1034505421));
#720 = CARTESIAN_POINT('',(-48.57507076784,58.900660171776,
    -104.8637043021));
#721 = CARTESIAN_POINT('',(-48.32777900439,58.900660171776,
    -105.5738758437));
#722 = CARTESIAN_POINT('',(-47.99106148998,58.900660171776,
    -106.1570876864));
#723 = ORIENTED_EDGE('',*,*,#724,.T.);
#724 = EDGE_CURVE('',#707,#642,#725,.T.);
#725 = LINE('',#726,#727);
#726 = CARTESIAN_POINT('',(-47.99106148669,56.900660171776,
    -106.1570876921));
#727 = VECTOR('',#728,1.);
#728 = DIRECTION('',(6.702131209983E-14,-1.,-1.136950676206E-13));
#729 = ORIENTED_EDGE('',*,*,#641,.F.);
#730 = CYLINDRICAL_SURFACE('',#731,5.);
#731 = AXIS2_PLACEMENT_3D('',#732,#733,#734);
#732 = CARTESIAN_POINT('',(-43.66093446777,56.900660171776,
    -103.6570876921));
#733 = DIRECTION('',(-6.702131209983E-14,1.,1.136950676206E-13));
#734 = DIRECTION('',(-0.965925826289,-9.416406510342E-14,0.258819045102)
  );
#735 = ADVANCED_FACE('',(#736),#773,.T.);
#736 = FACE_BOUND('',#737,.T.);
#737 = EDGE_LOOP('',(#738,#758,#765,#766));
#738 = ORIENTED_EDGE('',*,*,#739,.T.);
#739 = EDGE_CURVE('',#740,#742,#744,.T.);
#740 = VERTEX_POINT('',#741);
#741 = CARTESIAN_POINT('',(-45.66093447347,59.900660171775,
    -100.1929860803));
#742 = VERTEX_POINT('',#743);
#743 = CARTESIAN_POINT('',(-47.1250360862,59.900660171776,
    -105.6570876864));
#744 = B_SPLINE_CURVE_WITH_KNOTS('',3,(#745,#746,#747,#748,#749,#750,
    #751,#752,#753,#754,#755,#756,#757),.UNSPECIFIED.,.F.,.F.,(4,3,3,3,4
    ),(0.,0.180094692035,0.270142038052,0.450236730087,0.630331422122),
  .UNSPECIFIED.);
#745 = CARTESIAN_POINT('',(-45.66093447347,59.900660171775,
    -100.1929860803));
#746 = CARTESIAN_POINT('',(-46.12750394752,59.900660171775,
    -100.4623600917));
#747 = CARTESIAN_POINT('',(-46.57942352375,59.900660171775,
    -100.8562271173));
#748 = CARTESIAN_POINT('',(-46.93215400103,59.900660171775,
    -101.3556257684));
#749 = CARTESIAN_POINT('',(-47.10851923967,59.900660171775,
    -101.605325094));
#750 = CARTESIAN_POINT('',(-47.26008720357,59.900660171775,
    -101.881407326));
#751 = CARTESIAN_POINT('',(-47.37625609869,59.900660171775,
    -102.1735069444));
#752 = CARTESIAN_POINT('',(-47.60859388891,59.900660171775,
    -102.7577061812));
#753 = CARTESIAN_POINT('',(-47.69933540397,59.900660171775,
    -103.4059749637));
#754 = CARTESIAN_POINT('',(-47.64578945615,59.900660171776,
    -104.0141779715));
#755 = CARTESIAN_POINT('',(-47.59224350833,59.900660171776,
    -104.6223809793));
#756 = CARTESIAN_POINT('',(-47.39441009764,59.900660171776,
    -105.1905182124));
#757 = CARTESIAN_POINT('',(-47.1250360862,59.900660171776,
    -105.6570876864));
#758 = ORIENTED_EDGE('',*,*,#759,.T.);
#759 = EDGE_CURVE('',#742,#707,#760,.T.);
#760 = B_SPLINE_CURVE_WITH_KNOTS('',3,(#761,#762,#763,#764),
  .UNSPECIFIED.,.F.,.F.,(4,4),(2.249085827909,2.364555881747),
  .PIECEWISE_BEZIER_KNOTS.);
#761 = CARTESIAN_POINT('',(-47.1250360862,59.900660171776,
    -105.6570876864));
#762 = CARTESIAN_POINT('',(-47.41371122079,59.567326838442,
    -105.8237543531));
#763 = CARTESIAN_POINT('',(-47.70238635539,59.233993505109,
    -105.9904210198));
#764 = CARTESIAN_POINT('',(-47.99106148998,58.900660171776,
    -106.1570876864));
#765 = ORIENTED_EDGE('',*,*,#706,.F.);
#766 = ORIENTED_EDGE('',*,*,#767,.T.);
#767 = EDGE_CURVE('',#699,#740,#768,.T.);
#768 = B_SPLINE_CURVE_WITH_KNOTS('',3,(#769,#770,#771,#772),
  .UNSPECIFIED.,.F.,.F.,(4,4),(-2.364555881747,-2.249085827909),
  .PIECEWISE_BEZIER_KNOTS.);
#769 = CARTESIAN_POINT('',(-46.16093447347,58.900660171775,
    -99.32696067656));
#770 = CARTESIAN_POINT('',(-45.9942678068,59.233993505109,
    -99.61563581116));
#771 = CARTESIAN_POINT('',(-45.82760114014,59.567326838442,
    -99.90431094575));
#772 = CARTESIAN_POINT('',(-45.66093447347,59.900660171775,
    -100.1929860803));
#773 = B_SPLINE_SURFACE_WITH_KNOTS('',3,3,(
    (#774,#775,#776,#777)
    ,(#778,#779,#780,#781)
    ,(#782,#783,#784,#785)
    ,(#786,#787,#788,#789)
    ,(#790,#791,#792,#793)
    ,(#794,#795,#796,#797)
    ,(#798,#799,#800,#801
  )),.UNSPECIFIED.,.F.,.F.,.F.,(4,1,1,1,4),(4,4),(0.,0.285714285714,
    0.571428571429,0.714285714286,1.),(-2.364555881747,-2.249085827909),
  .UNSPECIFIED.);
#774 = CARTESIAN_POINT('',(-47.99106148998,58.900660171776,
    -106.1570876864));
#775 = CARTESIAN_POINT('',(-47.70238635539,59.233993505109,
    -105.9904210198));
#776 = CARTESIAN_POINT('',(-47.41371122079,59.567326838442,
    -105.8237543531));
#777 = CARTESIAN_POINT('',(-47.1250360862,59.900660171776,
    -105.6570876864));
#778 = CARTESIAN_POINT('',(-48.32777900439,58.900660171776,
    -105.5738758437));
#779 = CARTESIAN_POINT('',(-48.01681329011,59.233993505109,
    -105.4457842513));
#780 = CARTESIAN_POINT('',(-47.70537581192,59.567326838442,
    -105.3186098048));
#781 = CARTESIAN_POINT('',(-47.39441009764,59.900660171776,
    -105.1905182124));
#782 = CARTESIAN_POINT('',(-48.82236253129,58.900660171775,
    -104.1535327606));
#783 = CARTESIAN_POINT('',(-48.47822137485,59.233993505109,
    -104.1204501285));
#784 = CARTESIAN_POINT('',(-48.13421807547,59.567326838442,
    -104.0873263784));
#785 = CARTESIAN_POINT('',(-47.79007691903,59.900660171776,
    -104.0542437463));
#786 = CARTESIAN_POINT('',(-48.53879529664,58.900660171775,
    -102.1276928145));
#787 = CARTESIAN_POINT('',(-48.21354331543,59.233993505109,
    -102.2296750351));
#788 = CARTESIAN_POINT('',(-47.8884751126,59.567326838442,
    -102.3315895694));
#789 = CARTESIAN_POINT('',(-47.56322313138,59.900660171775,-102.43357179
    ));
#790 = CARTESIAN_POINT('',(-47.59149552193,58.900660171775,
    -100.402178864));
#791 = CARTESIAN_POINT('',(-47.32954917198,59.233993505109,
    -100.6191685119));
#792 = CARTESIAN_POINT('',(-47.06732966181,59.567326838442,
    -100.8361709821));
#793 = CARTESIAN_POINT('',(-46.80538331186,59.900660171775,-101.05316063
    ));
#794 = CARTESIAN_POINT('',(-46.74414631622,58.900660171775,
    -99.66367819097));
#795 = CARTESIAN_POINT('',(-46.53847987615,59.233993505109,
    -99.93022533919));
#796 = CARTESIAN_POINT('',(-46.33317038759,59.567326838442,
    -100.1958129435));
#797 = CARTESIAN_POINT('',(-46.12750394752,59.900660171775,
    -100.4623600917));
#798 = CARTESIAN_POINT('',(-46.16093447347,58.900660171775,
    -99.32696067656));
#799 = CARTESIAN_POINT('',(-45.9942678068,59.233993505109,
    -99.61563581116));
#800 = CARTESIAN_POINT('',(-45.82760114014,59.567326838442,
    -99.90431094575));
#801 = CARTESIAN_POINT('',(-45.66093447347,59.900660171775,
    -100.1929860803));
#802 = ADVANCED_FACE('',(#803),#828,.F.);
#803 = FACE_BOUND('',#804,.T.);
#804 = EDGE_LOOP('',(#805,#806,#814,#822));
#805 = ORIENTED_EDGE('',*,*,#698,.F.);
#806 = ORIENTED_EDGE('',*,*,#807,.F.);
#807 = EDGE_CURVE('',#808,#633,#810,.T.);
#808 = VERTEX_POINT('',#809);
#809 = CARTESIAN_POINT('',(-9.867667758814,52.900660171777,
    -78.37303336908));
#810 = LINE('',#811,#812);
#811 = CARTESIAN_POINT('',(-20.21094565022,52.900660171777,
    -84.34472764399));
#812 = VECTOR('',#813,1.);
#813 = DIRECTION('',(-0.866025403784,-1.588000440249E-16,-0.5));
#814 = ORIENTED_EDGE('',*,*,#815,.F.);
#815 = EDGE_CURVE('',#816,#808,#818,.T.);
#816 = VERTEX_POINT('',#817);
#817 = CARTESIAN_POINT('',(-9.867667758814,58.900660171775,
    -78.37303336908));
#818 = LINE('',#819,#820);
#819 = CARTESIAN_POINT('',(-9.867667758814,56.900660171773,
    -78.37303336908));
#820 = VECTOR('',#821,1.);
#821 = DIRECTION('',(6.401581224249E-15,-1.,-1.486938855598E-13));
#822 = ORIENTED_EDGE('',*,*,#823,.F.);
#823 = EDGE_CURVE('',#699,#816,#824,.T.);
#824 = LINE('',#825,#826);
#825 = CARTESIAN_POINT('',(-21.50998375589,58.900660171775,
    -85.09472764399));
#826 = VECTOR('',#827,1.);
#827 = DIRECTION('',(0.866025403784,1.58800096964E-16,0.5));
#828 = PLANE('',#829);
#829 = AXIS2_PLACEMENT_3D('',#830,#831,#832);
#830 = CARTESIAN_POINT('',(-31.06703646275,56.900660171775,
    -90.61249459695));
#831 = DIRECTION('',(0.5,1.319734728943E-13,-0.866025403784));
#832 = DIRECTION('',(0.866025403784,1.588000440246E-16,0.5));
#833 = ADVANCED_FACE('',(#834),#845,.T.);
#834 = FACE_BOUND('',#835,.T.);
#835 = EDGE_LOOP('',(#836,#837,#838,#844));
#836 = ORIENTED_EDGE('',*,*,#632,.F.);
#837 = ORIENTED_EDGE('',*,*,#304,.T.);
#838 = ORIENTED_EDGE('',*,*,#839,.T.);
#839 = EDGE_CURVE('',#296,#808,#840,.T.);
#840 = LINE('',#841,#842);
#841 = CARTESIAN_POINT('',(-9.367667758814,51.900660171777,
    -79.23905877286));
#842 = VECTOR('',#843,1.);
#843 = DIRECTION('',(-0.353553390593,0.707106781186,0.612372435696));
#844 = ORIENTED_EDGE('',*,*,#807,.T.);
#845 = PLANE('',#846);
#846 = AXIS2_PLACEMENT_3D('',#847,#848,#849);
#847 = CARTESIAN_POINT('',(-19.96094565022,52.400660171777,
    -84.77774034588));
#848 = DIRECTION('',(-0.353553390593,-0.707106781187,0.612372435696));
#849 = DIRECTION('',(0.866025403784,-2.775557561563E-17,0.5));
#850 = ADVANCED_FACE('',(#851),#877,.T.);
#851 = FACE_BOUND('',#852,.T.);
#852 = EDGE_LOOP('',(#853,#854,#862,#870,#876));
#853 = ORIENTED_EDGE('',*,*,#659,.F.);
#854 = ORIENTED_EDGE('',*,*,#855,.T.);
#855 = EDGE_CURVE('',#642,#856,#858,.T.);
#856 = VERTEX_POINT('',#857);
#857 = CARTESIAN_POINT('',(-18.06732793059,52.900660171785,
    -157.9865145635));
#858 = LINE('',#859,#860);
#859 = CARTESIAN_POINT('',(-21.01798528521,52.900660171784,
    -152.8758261095));
#860 = VECTOR('',#861,1.);
#861 = DIRECTION('',(0.5,1.316959170597E-13,-0.866025403784));
#862 = ORIENTED_EDGE('',*,*,#863,.T.);
#863 = EDGE_CURVE('',#856,#864,#866,.T.);
#864 = VERTEX_POINT('',#865);
#865 = CARTESIAN_POINT('',(-18.06732793059,52.400660171785,
    -156.9865145635));
#866 = LINE('',#867,#868);
#867 = CARTESIAN_POINT('',(-18.06732793059,54.118952082497,
    -160.4230983849));
#868 = VECTOR('',#869,1.);
#869 = DIRECTION('',(2.153084425691E-15,-0.4472135955,0.894427191));
#870 = ORIENTED_EDGE('',*,*,#871,.F.);
#871 = EDGE_CURVE('',#331,#864,#872,.T.);
#872 = LINE('',#873,#874);
#873 = CARTESIAN_POINT('',(-17.24413647513,51.577468716323,
    -156.7659410778));
#874 = VECTOR('',#875,1.);
#875 = DIRECTION('',(-0.694746590607,0.694746590607,-0.186156787897));
#876 = ORIENTED_EDGE('',*,*,#330,.T.);
#877 = PLANE('',#878);
#878 = AXIS2_PLACEMENT_3D('',#879,#880,#881);
#879 = CARTESIAN_POINT('',(-20.58497258332,52.400660171784,
    -152.6258261095));
#880 = DIRECTION('',(-0.612372435696,-0.707106781187,-0.353553390593));
#881 = DIRECTION('',(-0.5,4.163336342344E-16,0.866025403784));
#882 = ADVANCED_FACE('',(#883),#901,.T.);
#883 = FACE_BOUND('',#884,.T.);
#884 = EDGE_LOOP('',(#885,#886,#887,#895));
#885 = ORIENTED_EDGE('',*,*,#767,.F.);
#886 = ORIENTED_EDGE('',*,*,#823,.T.);
#887 = ORIENTED_EDGE('',*,*,#888,.T.);
#888 = EDGE_CURVE('',#816,#889,#891,.T.);
#889 = VERTEX_POINT('',#890);
#890 = CARTESIAN_POINT('',(-9.367667758814,59.900660171775,
    -79.23905877286));
#891 = LINE('',#892,#893);
#892 = CARTESIAN_POINT('',(-9.867667758814,58.900660171775,
    -78.37303336908));
#893 = VECTOR('',#894,1.);
#894 = DIRECTION('',(0.353553390593,0.707106781187,-0.612372435696));
#895 = ORIENTED_EDGE('',*,*,#896,.T.);
#896 = EDGE_CURVE('',#889,#740,#897,.T.);
#897 = LINE('',#898,#899);
#898 = CARTESIAN_POINT('',(-21.00998375589,59.900660171775,
    -85.96075304777));
#899 = VECTOR('',#900,1.);
#900 = DIRECTION('',(-0.866025403784,-1.58800096964E-16,-0.5));
#901 = PLANE('',#902);
#902 = AXIS2_PLACEMENT_3D('',#903,#904,#905);
#903 = CARTESIAN_POINT('',(-21.25998375589,59.400660171775,
    -85.52774034588));
#904 = DIRECTION('',(-0.353553390593,0.707106781186,0.612372435696));
#905 = DIRECTION('',(0.866025403784,1.110223024625E-16,0.5));
#906 = ADVANCED_FACE('',(#907),#932,.T.);
#907 = FACE_BOUND('',#908,.T.);
#908 = EDGE_LOOP('',(#909,#910,#918,#926));
#909 = ORIENTED_EDGE('',*,*,#759,.F.);
#910 = ORIENTED_EDGE('',*,*,#911,.T.);
#911 = EDGE_CURVE('',#742,#912,#914,.T.);
#912 = VERTEX_POINT('',#913);
#913 = CARTESIAN_POINT('',(-22.06732793059,59.900660171782,
    -149.0583113332));
#914 = LINE('',#915,#916);
#915 = CARTESIAN_POINT('',(-20.15195988143,59.900660171783,
    -152.3758261095));
#916 = VECTOR('',#917,1.);
#917 = DIRECTION('',(0.5,1.316959170597E-13,-0.866025403784));
#918 = ORIENTED_EDGE('',*,*,#919,.F.);
#919 = EDGE_CURVE('',#920,#912,#922,.T.);
#920 = VERTEX_POINT('',#921);
#921 = CARTESIAN_POINT('',(-23.06732793059,58.900660171782,
    -149.3262605256));
#922 = LINE('',#923,#924);
#923 = CARTESIAN_POINT('',(-20.58015033174,61.387837770634,
    -148.6598232966));
#924 = VECTOR('',#925,1.);
#925 = DIRECTION('',(0.694746590607,0.694746590607,0.186156787897));
#926 = ORIENTED_EDGE('',*,*,#927,.T.);
#927 = EDGE_CURVE('',#920,#707,#928,.T.);
#928 = LINE('',#929,#930);
#929 = CARTESIAN_POINT('',(-21.01798528521,58.900660171783,
    -152.8758261095));
#930 = VECTOR('',#931,1.);
#931 = DIRECTION('',(-0.5,-1.316959170597E-13,0.866025403784));
#932 = PLANE('',#933);
#933 = AXIS2_PLACEMENT_3D('',#934,#935,#936);
#934 = CARTESIAN_POINT('',(-20.58497258332,59.400660171783,
    -152.6258261095));
#935 = DIRECTION('',(-0.612372435696,0.707106781187,-0.353553390593));
#936 = DIRECTION('',(-0.5,-8.326672684689E-17,0.866025403784));
#937 = ADVANCED_FACE('',(#938,#1010,#1287),#1378,.T.);
#938 = FACE_BOUND('',#939,.T.);
#939 = EDGE_LOOP('',(#940,#949,#958,#967,#976,#985,#994,#1003));
#940 = ORIENTED_EDGE('',*,*,#941,.F.);
#941 = EDGE_CURVE('',#889,#942,#944,.T.);
#942 = VERTEX_POINT('',#943);
#943 = CARTESIAN_POINT('',(-9.867526644264,59.900660171775,
    -79.5379596765));
#944 = CIRCLE('',#945,19.);
#945 = AXIS2_PLACEMENT_3D('',#946,#947,#948);
#946 = CARTESIAN_POINT('',(0.132332241187,59.900660171778,
    -95.69354144477));
#947 = DIRECTION('',(6.59854834678E-14,-1.,-1.139726096884E-13));
#948 = DIRECTION('',(-0.5,-1.316959170597E-13,0.866025403784));
#949 = ORIENTED_EDGE('',*,*,#950,.F.);
#950 = EDGE_CURVE('',#951,#889,#953,.T.);
#951 = VERTEX_POINT('',#952);
#952 = CARTESIAN_POINT('',(9.632332241187,59.900660171777,
    -79.23905877286));
#953 = CIRCLE('',#954,19.);
#954 = AXIS2_PLACEMENT_3D('',#955,#956,#957);
#955 = CARTESIAN_POINT('',(0.132332241186,59.900660171778,
    -95.69354144477));
#956 = DIRECTION('',(6.598548344133E-14,-1.,-1.139726096884E-13));
#957 = DIRECTION('',(6.07609270835E-17,-1.139726096884E-13,1.));
#958 = ORIENTED_EDGE('',*,*,#959,.F.);
#959 = EDGE_CURVE('',#960,#951,#962,.T.);
#960 = VERTEX_POINT('',#961);
#961 = CARTESIAN_POINT('',(10.132473355666,59.900660171777,
    -79.53813437189));
#962 = CIRCLE('',#963,19.);
#963 = AXIS2_PLACEMENT_3D('',#964,#965,#966);
#964 = CARTESIAN_POINT('',(0.132332241187,59.900660171778,
    -95.69354144477));
#965 = DIRECTION('',(6.59854834678E-14,-1.,-1.139726096884E-13));
#966 = DIRECTION('',(-0.5,-1.316959170597E-13,0.866025403784));
#967 = ORIENTED_EDGE('',*,*,#968,.F.);
#968 = EDGE_CURVE('',#969,#960,#971,.T.);
#969 = VERTEX_POINT('',#970);
#970 = CARTESIAN_POINT('',(8.099264866442,64.260890816912,
    -78.44454192176));
#971 = ELLIPSE('',#972,44.957830079897,19.);
#972 = AXIS2_PLACEMENT_3D('',#973,#974,#975);
#973 = CARTESIAN_POINT('',(0.132332241185,81.346017680666,
    -95.69354144476));
#974 = DIRECTION('',(0.906307787037,0.422618261741,-3.745310605982E-07)
  );
#975 = DIRECTION('',(-0.422618261741,0.906307787037,1.746468283493E-07)
  );
#976 = ORIENTED_EDGE('',*,*,#977,.F.);
#977 = EDGE_CURVE('',#978,#969,#980,.T.);
#978 = VERTEX_POINT('',#979);
#979 = CARTESIAN_POINT('',(7.662395592222,64.697760171776,-78.249397845)
  );
#980 = ELLIPSE('',#981,26.870057685089,19.);
#981 = AXIS2_PLACEMENT_3D('',#982,#983,#984);
#982 = CARTESIAN_POINT('',(0.132332241186,72.227816314031,
    -95.69354144477));
#983 = DIRECTION('',(0.707106781186,0.707106781187,-2.922113407468E-07)
  );
#984 = DIRECTION('',(-0.707106781187,0.707106781186,2.922115031091E-07)
  );
#985 = ORIENTED_EDGE('',*,*,#986,.F.);
#986 = EDGE_CURVE('',#987,#978,#989,.T.);
#987 = VERTEX_POINT('',#988);
#988 = CARTESIAN_POINT('',(-7.397447815703,64.697760171775,
    -78.24927555896));
#989 = CIRCLE('',#990,19.);
#990 = AXIS2_PLACEMENT_3D('',#991,#992,#993);
#991 = CARTESIAN_POINT('',(0.132332241186,64.697760171777,
    -95.69354144477));
#992 = DIRECTION('',(-6.511632575859E-14,1.,1.145619736339E-13));
#993 = DIRECTION('',(-0.5,-1.317717423539E-13,0.866025403784));
#994 = ORIENTED_EDGE('',*,*,#995,.F.);
#995 = EDGE_CURVE('',#996,#987,#998,.T.);
#996 = VERTEX_POINT('',#997);
#997 = CARTESIAN_POINT('',(-7.834317251207,64.260890816911,
    -78.44441115175));
#998 = ELLIPSE('',#999,26.870057685089,19.);
#999 = AXIS2_PLACEMENT_3D('',#1000,#1001,#1002);
#1000 = CARTESIAN_POINT('',(0.132332241186,72.227547437498,
    -95.69354144477));
#1001 = DIRECTION('',(-0.707106781187,0.707106781187,2.922115022763E-07)
  );
#1002 = DIRECTION('',(-0.707106781186,-0.707106781187,2.922113400959E-07
    ));
#1003 = ORIENTED_EDGE('',*,*,#1004,.F.);
#1004 = EDGE_CURVE('',#942,#996,#1005,.T.);
#1005 = ELLIPSE('',#1006,44.957830079898,19.);
#1006 = AXIS2_PLACEMENT_3D('',#1007,#1008,#1009);
#1007 = CARTESIAN_POINT('',(0.132332241185,81.34544107308,
    -95.69354144476));
#1008 = DIRECTION('',(-0.906307787037,0.422618261741,3.74531156993E-07)
  );
#1009 = DIRECTION('',(-0.422618261741,-0.906307787037,1.746466200358E-07
    ));
#1010 = FACE_BOUND('',#1011,.T.);
#1011 = EDGE_LOOP('',(#1012,#1233,#1242,#1251,#1260,#1269,#1278));
#1012 = ORIENTED_EDGE('',*,*,#1013,.F.);
#1013 = EDGE_CURVE('',#1014,#1016,#1018,.T.);
#1014 = VERTEX_POINT('',#1015);
#1015 = CARTESIAN_POINT('',(-5.238383628023,63.990014858698,
    -77.46841014065));
#1016 = VERTEX_POINT('',#1017);
#1017 = CARTESIAN_POINT('',(-2.527490942354,64.028038967802,
    -76.88063787747));
#1018 = B_SPLINE_CURVE_WITH_KNOTS('',3,(#1019,#1020,#1021,#1022,#1023,
    #1024,#1025,#1026,#1027,#1028,#1029,#1030,#1031,#1032,#1033,#1034,
    #1035,#1036,#1037,#1038,#1039,#1040,#1041,#1042,#1043,#1044,#1045,
    #1046,#1047,#1048,#1049,#1050,#1051,#1052,#1053,#1054,#1055,#1056,
    #1057,#1058,#1059,#1060,#1061,#1062,#1063,#1064,#1065,#1066,#1067,
    #1068,#1069,#1070,#1071,#1072,#1073,#1074,#1075,#1076,#1077,#1078,
    #1079,#1080,#1081,#1082,#1083,#1084,#1085,#1086,#1087,#1088,#1089,
    #1090,#1091,#1092,#1093,#1094,#1095,#1096,#1097,#1098,#1099,#1100,
    #1101,#1102,#1103,#1104,#1105,#1106,#1107,#1108,#1109,#1110,#1111,
    #1112,#1113,#1114,#1115,#1116,#1117,#1118,#1119,#1120,#1121,#1122,
    #1123,#1124,#1125,#1126,#1127,#1128,#1129,#1130,#1131,#1132,#1133,
    #1134,#1135,#1136,#1137,#1138,#1139,#1140,#1141,#1142,#1143,#1144,
    #1145,#1146,#1147,#1148,#1149,#1150,#1151,#1152,#1153,#1154,#1155,
    #1156,#1157,#1158,#1159,#1160,#1161,#1162,#1163,#1164,#1165,#1166,
    #1167,#1168,#1169,#1170,#1171,#1172,#1173,#1174,#1175,#1176,#1177,
    #1178,#1179,#1180,#1181,#1182,#1183,#1184,#1185,#1186,#1187,#1188,
    #1189,#1190,#1191,#1192,#1193,#1194,#1195,#1196,#1197,#1198,#1199,
    #1200,#1201,#1202,#1203,#1204,#1205,#1206,#1207,#1208,#1209,#1210,
    #1211,#1212,#1213,#1214,#1215,#1216,#1217,#1218,#1219,#1220,#1221,
    #1222,#1223,#1224,#1225,#1226,#1227,#1228,#1229,#1230,#1231,#1232),
  .UNSPECIFIED.,.F.,.F.,(4,3,3,3,3,3,3,3,3,3,3,3,3,3,3,3,3,3,3,3,3,3,3,3
    ,3,3,3,3,3,3,3,3,3,3,3,3,3,3,3,3,3,3,3,3,3,3,3,3,3,3,3,3,3,3,3,3,3,3
    ,3,3,3,3,3,3,3,3,3,3,3,3,3,4),(-0.604722747887,-0.580431314656,
    -0.576499300775,-0.557492502733,-0.548275853663,-0.52504902874,
    -0.518108926058,-0.503025462256,-0.494300311894,-0.488612527163,
    -0.487941998454,-0.468392560963,-0.448962137113,-0.438009644495,
    -0.432533398187,-0.429607861748,-0.427575998297,-0.427057151878,
    -0.416078515072,-0.405014009062,-0.393752095781,-0.382346377625,
    -0.374178794887,-0.370095003518,-0.367955086062,-0.366667666123,
    -0.366011212149,-0.354194058118,-0.341863397355,-0.330242058523,
    -0.318649315422,-0.307059428449,-0.304871415064,-0.30301829327,
    -0.28533815421,-0.26701474779,-0.248557799702,-0.243086728764,
    -0.238612674152,-0.219691118874,-0.211995825733,-0.193009405428,
    -0.185746240479,-0.181913633345,-0.174103812352,-0.15153262435,
    -0.147425879867,-0.133672119283,-0.124063260485,-0.120747947382,
    -9.656360154568E-02,-9.441822480053E-02,-6.839741650802E-02,
    -6.04012647264E-02,-6.030819521068E-02,-4.623200879357E-02,
    -3.182159924151E-02,-1.741712590686E-02,-1.518732045494E-02,
    -7.647100602491E-04,0.,1.309429352452E-02,2.605105400792E-02,
    3.014451155257E-02,4.30032313117E-02,5.531272839484E-02,
    6.018713019361E-02,6.388558932275E-02,7.519612322378E-02,
    9.905739276095E-02,0.120374260387,0.120800406108),.UNSPECIFIED.);
#1019 = CARTESIAN_POINT('',(-5.238383628023,63.990014858698,
    -77.46841014065));
#1020 = CARTESIAN_POINT('',(-5.303178719973,63.920981049571,
    -77.48750443538));
#1021 = CARTESIAN_POINT('',(-5.364356082555,63.844753123159,
    -77.50591314167));
#1022 = CARTESIAN_POINT('',(-5.420167861711,63.762908136499,
    -77.52296790931));
#1023 = CARTESIAN_POINT('',(-5.429202021543,63.749660024682,
    -77.52572853618));
#1024 = CARTESIAN_POINT('',(-5.438095633352,63.736264738257,
    -77.52845358373));
#1025 = CARTESIAN_POINT('',(-5.446841324538,63.722728965791,
    -77.53114010784));
#1026 = CARTESIAN_POINT('',(-5.489116756705,63.657298959341,
    -77.54412638478));
#1027 = CARTESIAN_POINT('',(-5.527935540201,63.588586314282,
    -77.55621311773));
#1028 = CARTESIAN_POINT('',(-5.562468087071,63.517345891861,
    -77.56706221627));
#1029 = CARTESIAN_POINT('',(-5.579213378166,63.482800463871,
    -77.57232308839));
#1030 = CARTESIAN_POINT('',(-5.594950860819,63.447660657158,
    -77.57729282671));
#1031 = CARTESIAN_POINT('',(-5.609586217645,63.412012436327,
    -77.58193266995));
#1032 = CARTESIAN_POINT('',(-5.646468697177,63.322175557679,
    -77.59362551251));
#1033 = CARTESIAN_POINT('',(-5.676230776527,63.229032323883,
    -77.60318041725));
#1034 = CARTESIAN_POINT('',(-5.698882116457,63.134723330249,
    -77.6104847586));
#1035 = CARTESIAN_POINT('',(-5.705650266023,63.106544097752,
    -77.61266727296));
#1036 = CARTESIAN_POINT('',(-5.711783470928,63.078260786715,
    -77.61464919608));
#1037 = CARTESIAN_POINT('',(-5.717281725716,63.049930500638,
    -77.6164283888));
#1038 = CARTESIAN_POINT('',(-5.729231509585,62.988358091104,
    -77.62029524643));
#1039 = CARTESIAN_POINT('',(-5.738182796647,62.926563970688,
    -77.62320408241));
#1040 = CARTESIAN_POINT('',(-5.744136710698,62.865133982552,
    -77.6251405012));
#1041 = CARTESIAN_POINT('',(-5.747580799935,62.829599314239,
    -77.62626063815));
#1042 = CARTESIAN_POINT('',(-5.750021914093,62.794186473068,
    -77.62705556954));
#1043 = CARTESIAN_POINT('',(-5.751460163901,62.759008621453,
    -77.62752398286));
#1044 = CARTESIAN_POINT('',(-5.752397735743,62.736076747622,
    -77.62782933395));
#1045 = CARTESIAN_POINT('',(-5.752909136178,62.713244729252,
    -77.62799595236));
#1046 = CARTESIAN_POINT('',(-5.752994378889,62.690543857604,
    -77.62802372246));
#1047 = CARTESIAN_POINT('',(-5.753004428088,62.687867668737,
    -77.62802699626));
#1048 = CARTESIAN_POINT('',(-5.75300855461,62.685193328577,
    -77.62802834059));
#1049 = CARTESIAN_POINT('',(-5.75300675839,62.682520805448,
    -77.62802775542));
#1050 = CARTESIAN_POINT('',(-5.752954389108,62.604602704246,
    -77.62801069468));
#1051 = CARTESIAN_POINT('',(-5.747942122928,62.525098416657,
    -77.62637550602));
#1052 = CARTESIAN_POINT('',(-5.737892380411,62.445291211266,
    -77.62311082201));
#1053 = CARTESIAN_POINT('',(-5.727903819011,62.365969858529,
    -77.61986601283));
#1054 = CARTESIAN_POINT('',(-5.71293888522,62.286351161868,
    -77.61501147186));
#1055 = CARTESIAN_POINT('',(-5.69296106791,62.207699067944,
    -77.60857647762));
#1056 = CARTESIAN_POINT('',(-5.681700021919,62.163364652764,
    -77.60494921619));
#1057 = CARTESIAN_POINT('',(-5.66884694045,62.119337271543,
    -77.60082052932));
#1058 = CARTESIAN_POINT('',(-5.654401010338,62.075840423603,
    -77.59620135635));
#1059 = CARTESIAN_POINT('',(-5.647178045283,62.054091999633,
    -77.59389176987));
#1060 = CARTESIAN_POINT('',(-5.639556933641,62.032476160886,
    -77.59145962596));
#1061 = CARTESIAN_POINT('',(-5.631537972817,62.011020489686,
    -77.58890667474));
#1062 = CARTESIAN_POINT('',(-5.627254059938,61.999558377799,
    -77.58754282962));
#1063 = CARTESIAN_POINT('',(-5.622856607795,61.988141972223,
    -77.58614451111));
#1064 = CARTESIAN_POINT('',(-5.618345693433,61.976775443922,
    -77.58471201567));
#1065 = CARTESIAN_POINT('',(-5.615212742533,61.968881085437,
    -77.58371710919));
#1066 = CARTESIAN_POINT('',(-5.61202506161,61.96101078562,-77.5827057173
    ));
#1067 = CARTESIAN_POINT('',(-5.608782682809,61.953165934321,
    -77.58167794513));
#1068 = CARTESIAN_POINT('',(-5.607954725285,61.951162712595,
    -77.5814154984));
#1069 = CARTESIAN_POINT('',(-5.607123328919,61.949161455408,
    -77.58115202408));
#1070 = CARTESIAN_POINT('',(-5.606288011294,61.947161031566,
    -77.58088737095));
#1071 = CARTESIAN_POINT('',(-5.588612937365,61.90483265464,
    -77.57528738892));
#1072 = CARTESIAN_POINT('',(-5.569483621418,61.863156309049,
    -77.569255036));
#1073 = CARTESIAN_POINT('',(-5.548973769189,61.822342888469,
    -77.56282822061));
#1074 = CARTESIAN_POINT('',(-5.52830349953,61.781210246475,
    -77.55635113801));
#1075 = CARTESIAN_POINT('',(-5.506231164815,61.74095425314,
    -77.54947352954));
#1076 = CARTESIAN_POINT('',(-5.482873442872,61.701760298044,
    -77.54224768576));
#1077 = CARTESIAN_POINT('',(-5.459098984372,61.661867064399,
    -77.53489292217));
#1078 = CARTESIAN_POINT('',(-5.433993023551,61.623074307439,
    -77.5271775399));
#1079 = CARTESIAN_POINT('',(-5.407718865344,61.585543097486,
    -77.51916845044));
#1080 = CARTESIAN_POINT('',(-5.381109208902,61.547532646501,
    -77.51105709184));
#1081 = CARTESIAN_POINT('',(-5.353301598133,61.510816307148,
    -77.5026446752));
#1082 = CARTESIAN_POINT('',(-5.324503300013,61.475523798022,
    -77.49400997068));
#1083 = CARTESIAN_POINT('',(-5.303880970109,61.450250993243,
    -77.48782669816));
#1084 = CARTESIAN_POINT('',(-5.282751430795,61.425707523514,
    -77.4815296409));
#1085 = CARTESIAN_POINT('',(-5.261201134393,61.401928930038,
    -77.47514970108));
#1086 = CARTESIAN_POINT('',(-5.250425986192,61.3900396333,
    -77.47195973117));
#1087 = CARTESIAN_POINT('',(-5.239545774771,61.378341397602,
    -77.46874906128));
#1088 = CARTESIAN_POINT('',(-5.228572015374,61.366837720751,
    -77.46552165237));
#1089 = CARTESIAN_POINT('',(-5.222821736487,61.36080976372,
    -77.46383048158));
#1090 = CARTESIAN_POINT('',(-5.217045778763,61.354835217989,
    -77.46213471549));
#1091 = CARTESIAN_POINT('',(-5.211245846311,61.3489145182,
    -77.46043492879));
#1092 = CARTESIAN_POINT('',(-5.207756483362,61.345352499048,
    -77.4594123009));
#1093 = CARTESIAN_POINT('',(-5.204258443416,61.341809968431,
    -77.4583882178));
#1094 = CARTESIAN_POINT('',(-5.200752102939,61.33828701281,
    -77.45736280508));
#1095 = CARTESIAN_POINT('',(-5.198964223886,61.336490661713,
    -77.4568399483));
#1096 = CARTESIAN_POINT('',(-5.197174474018,61.334699678661,
    -77.45631682942));
#1097 = CARTESIAN_POINT('',(-5.195379219238,61.332910425114,
    -77.45579238973));
#1098 = CARTESIAN_POINT('',(-5.163061946298,61.300701183355,
    -77.44635169039));
#1099 = CARTESIAN_POINT('',(-5.129223641098,61.269323456962,
    -77.43655990267));
#1100 = CARTESIAN_POINT('',(-5.093959781838,61.239016196106,
    -77.42647075212));
#1101 = CARTESIAN_POINT('',(-5.057163554538,61.207391952967,
    -77.4159431841));
#1102 = CARTESIAN_POINT('',(-5.018814955272,61.176933877223,
    -77.40509192593));
#1103 = CARTESIAN_POINT('',(-4.979066055869,61.147871656484,
    -77.39398933416));
#1104 = CARTESIAN_POINT('',(-4.941603714068,61.120481241575,
    -77.38352541958));
#1105 = CARTESIAN_POINT('',(-4.902898015845,61.094330582069,
    -77.37283848873));
#1106 = CARTESIAN_POINT('',(-4.863111170952,61.069573032344,
    -77.36199636215));
#1107 = CARTESIAN_POINT('',(-4.823422226478,61.04487640161,
    -77.35118091395));
#1108 = CARTESIAN_POINT('',(-4.782657613412,61.021566215643,
    -77.340211191));
#1109 = CARTESIAN_POINT('',(-4.741009951507,60.999753841579,
    -77.32915918255));
#1110 = CARTESIAN_POINT('',(-4.699372550418,60.977946841474,
    -77.318109897));
#1111 = CARTESIAN_POINT('',(-4.65685272298,60.9576370567,-77.30697852397
    ));
#1112 = CARTESIAN_POINT('',(-4.613671951825,60.938892427245,
    -77.29583930021));
#1113 = CARTESIAN_POINT('',(-4.6055200082,60.935353695571,
    -77.29373636592));
#1114 = CARTESIAN_POINT('',(-4.597344586578,60.931870619128,
    -77.2916331545));
#1115 = CARTESIAN_POINT('',(-4.589147284269,60.928443476141,
    -77.28953016758));
#1116 = CARTESIAN_POINT('',(-4.582204639551,60.925540882671,
    -77.28774905832));
#1117 = CARTESIAN_POINT('',(-4.575247235051,60.922684232049,
    -77.28596834778));
#1118 = CARTESIAN_POINT('',(-4.568270645285,60.919871292397,
    -77.28418696114));
#1119 = CARTESIAN_POINT('',(-4.501708869599,60.893033788055,
    -77.26719122807));
#1120 = CARTESIAN_POINT('',(-4.433551288162,60.870243521811,
    -77.25017562274));
#1121 = CARTESIAN_POINT('',(-4.364607946439,60.851474234993,
    -77.23338085638));
#1122 = CARTESIAN_POINT('',(-4.293156196763,60.832022053684,
    -77.21597503572));
#1123 = CARTESIAN_POINT('',(-4.220861872257,60.816888871,-77.19880725097
    ));
#1124 = CARTESIAN_POINT('',(-4.148660199725,60.805993416302,
    -77.18210974106));
#1125 = CARTESIAN_POINT('',(-4.075932318719,60.795018555126,
    -77.16529053908));
#1126 = CARTESIAN_POINT('',(-4.003300270232,60.788343230262,
    -77.14894892059));
#1127 = CARTESIAN_POINT('',(-3.931728266269,60.785833532213,
    -77.13327710959));
#1128 = CARTESIAN_POINT('',(-3.910512650932,60.785089599034,
    -77.1286316184));
#1129 = CARTESIAN_POINT('',(-3.88939013216,60.784711359357,
    -77.12404466076));
#1130 = CARTESIAN_POINT('',(-3.868385593097,60.784694515323,
    -77.11952042587));
#1131 = CARTESIAN_POINT('',(-3.851208799758,60.784680740848,
    -77.11582066138));
#1132 = CARTESIAN_POINT('',(-3.83393868676,60.78491620231,
    -77.11212574094));
#1133 = CARTESIAN_POINT('',(-3.816588147135,60.785402350015,
    -77.10843913763));
#1134 = CARTESIAN_POINT('',(-3.743209696684,60.787458353233,
    -77.0928478509));
#1135 = CARTESIAN_POINT('',(-3.668396608363,60.794000034857,
    -77.07741031075));
#1136 = CARTESIAN_POINT('',(-3.593215609671,60.805127462992,
    -77.0623768754));
#1137 = CARTESIAN_POINT('',(-3.562639908309,60.809652927212,
    -77.05626285938));
#1138 = CARTESIAN_POINT('',(-3.532003483121,60.814936875947,
    -77.05021510022));
#1139 = CARTESIAN_POINT('',(-3.501378600643,60.820986040525,
    -77.04424801263));
#1140 = CARTESIAN_POINT('',(-3.425818530361,60.835911005575,
    -77.02952555424));
#1141 = CARTESIAN_POINT('',(-3.350329679851,60.8554942501,-77.0152981188
    ));
#1142 = CARTESIAN_POINT('',(-3.276005211176,60.879819208236,
    -77.00174549545));
#1143 = CARTESIAN_POINT('',(-3.247572738541,60.889124605488,
    -76.99656100373));
#1144 = CARTESIAN_POINT('',(-3.219310758012,60.899123909236,
    -76.99147472248));
#1145 = CARTESIAN_POINT('',(-3.191280796012,60.90982179029,
    -76.98649474095));
#1146 = CARTESIAN_POINT('',(-3.17649002187,60.91546681908,
    -76.98386691783));
#1147 = CARTESIAN_POINT('',(-3.161763812586,60.921306278039,
    -76.98126866776));
#1148 = CARTESIAN_POINT('',(-3.147111170859,60.927340766377,
    -76.97870105252));
#1149 = CARTESIAN_POINT('',(-3.117253033837,60.939637428168,
    -76.97346894428));
#1150 = CARTESIAN_POINT('',(-3.087700060985,60.952745133672,
    -76.96836403594));
#1151 = CARTESIAN_POINT('',(-3.058506152629,60.966610606353,
    -76.96339060863));
#1152 = CARTESIAN_POINT('',(-2.974132747063,61.006683252179,
    -76.94901689086));
#1153 = CARTESIAN_POINT('',(-2.892758385604,61.05308676621,
    -76.93574539415));
#1154 = CARTESIAN_POINT('',(-2.815690486324,61.104522201477,
    -76.92364101887));
#1155 = CARTESIAN_POINT('',(-2.801668266042,61.113880689386,
    -76.92143867239));
#1156 = CARTESIAN_POINT('',(-2.787788621057,61.123405756339,
    -76.91927482376));
#1157 = CARTESIAN_POINT('',(-2.774059440254,61.133089578472,
    -76.91714968825));
#1158 = CARTESIAN_POINT('',(-2.728079500049,61.165521343268,
    -76.910032468));
#1159 = CARTESIAN_POINT('',(-2.683787171627,61.199733273865,
    -76.90334984088));
#1160 = CARTESIAN_POINT('',(-2.641477893889,61.235429234903,
    -76.89710621533));
#1161 = CARTESIAN_POINT('',(-2.611919150796,61.260367683352,
    -76.89274419986));
#1162 = CARTESIAN_POINT('',(-2.583328304301,61.286030444583,-76.88859633
    ));
#1163 = CARTESIAN_POINT('',(-2.555805670697,61.312316292587,
    -76.88466283474));
#1164 = CARTESIAN_POINT('',(-2.546309626504,61.321385612693,
    -76.88330567375));
#1165 = CARTESIAN_POINT('',(-2.536940784577,61.330529063606,
    -76.88197403122));
#1166 = CARTESIAN_POINT('',(-2.527703123182,61.339742612734,
    -76.88066787744));
#1167 = CARTESIAN_POINT('',(-2.460316788619,61.406953054593,
    -76.87113982568));
#1168 = CARTESIAN_POINT('',(-2.396385848427,61.48145516587,
    -76.86247433333));
#1169 = CARTESIAN_POINT('',(-2.337695832869,61.561679718014,
    -76.85477924251));
#1170 = CARTESIAN_POINT('',(-2.33248948181,61.568796383055,
    -76.85409661627));
#1171 = CARTESIAN_POINT('',(-2.327324376053,61.575958079943,
    -76.85342159346));
#1172 = CARTESIAN_POINT('',(-2.322201763398,61.583163713225,
    -76.85275423137));
#1173 = CARTESIAN_POINT('',(-2.260070707795,61.670559273323,
    -76.84465994174));
#1174 = CARTESIAN_POINT('',(-2.204192650371,61.764416448609,
    -76.83769530497));
#1175 = CARTESIAN_POINT('',(-2.156768080432,61.862744857634,
    -76.83193971751));
#1176 = CARTESIAN_POINT('',(-2.142194587743,61.892961016724,
    -76.83017103491));
#1177 = CARTESIAN_POINT('',(-2.128419070126,61.923599247764,
    -76.82851632778));
#1178 = CARTESIAN_POINT('',(-2.115504405133,61.954601490729,
    -76.82697762378));
#1179 = CARTESIAN_POINT('',(-2.115354087624,61.954962334772,
    -76.82695971436));
#1180 = CARTESIAN_POINT('',(-2.115203883121,61.955323236796,
    -76.82694182022));
#1181 = CARTESIAN_POINT('',(-2.115053791752,61.955684196683,
    -76.82692394138));
#1182 = CARTESIAN_POINT('',(-2.092353404071,62.010277138553,
    -76.82421987775));
#1183 = CARTESIAN_POINT('',(-2.072272814114,62.06612267241,
    -76.82186892729));
#1184 = CARTESIAN_POINT('',(-2.054866267068,62.1226715822,
    -76.81985175023));
#1185 = CARTESIAN_POINT('',(-2.037046421238,62.180563181931,
    -76.81778667759));
#1186 = CARTESIAN_POINT('',(-2.022029246812,62.239190640379,
    -76.81607134034));
#1187 = CARTESIAN_POINT('',(-2.009820825325,62.297946069382,
    -76.81468607058));
#1188 = CARTESIAN_POINT('',(-1.99761743297,62.356677294702,
    -76.81330137146));
#1189 = CARTESIAN_POINT('',(-1.988220371718,62.415534941649,
    -76.81224643609));
#1190 = CARTESIAN_POINT('',(-1.981584342047,62.473914547083,
    -76.81150350711));
#1191 = CARTESIAN_POINT('',(-1.980557087888,62.482951681551,
    -76.81138850207));
#1192 = CARTESIAN_POINT('',(-1.979595897847,62.491977390739,
    -76.81128097767));
#1193 = CARTESIAN_POINT('',(-1.978700496663,62.50098947257,
    -76.81118087254));
#1194 = CARTESIAN_POINT('',(-1.972908949958,62.559280542307,
    -76.81053338227));
#1195 = CARTESIAN_POINT('',(-1.969873998347,62.617002162687,
    -76.81019616282));
#1196 = CARTESIAN_POINT('',(-1.969543283607,62.674221275087,
    -76.81015935155));
#1197 = CARTESIAN_POINT('',(-1.969525748578,62.677255124694,
    -76.81015739976));
#1198 = CARTESIAN_POINT('',(-1.969515803827,62.680287559464,
    -76.81015629285));
#1199 = CARTESIAN_POINT('',(-1.969513437482,62.683318588575,
    -76.81015602946));
#1200 = CARTESIAN_POINT('',(-1.969472918051,62.735219546748,
    -76.81015151938));
#1201 = CARTESIAN_POINT('',(-1.971630306776,62.787436788647,
    -76.81039123729));
#1202 = CARTESIAN_POINT('',(-1.97609270585,62.839963537823,
    -76.81088950594));
#1203 = CARTESIAN_POINT('',(-1.980508235093,62.891938583805,
    -76.81138254114));
#1204 = CARTESIAN_POINT('',(-1.987180709784,62.944217241395,
    -76.81212871805));
#1205 = CARTESIAN_POINT('',(-1.996162949997,62.996798461196,
    -76.81314133722));
#1206 = CARTESIAN_POINT('',(-1.9990007287,63.01341056043,-76.8134612562)
  );
#1207 = CARTESIAN_POINT('',(-2.002068661823,63.030052866275,
    -76.81380776535));
#1208 = CARTESIAN_POINT('',(-2.005367320695,63.046725319811,
    -76.81418127067));
#1209 = CARTESIAN_POINT('',(-2.015729350731,63.099098260139,
    -76.81535455763));
#1210 = CARTESIAN_POINT('',(-2.028372032227,63.151768940331,
    -76.81679435084));
#1211 = CARTESIAN_POINT('',(-2.043233757521,63.204033927419,
    -76.81850733658));
#1212 = CARTESIAN_POINT('',(-2.057460707606,63.254066568161,
    -76.82014715713));
#1213 = CARTESIAN_POINT('',(-2.073720769508,63.303725728861,
    -76.82203737731));
#1214 = CARTESIAN_POINT('',(-2.091915663234,63.352407175891,
    -76.82418212179));
#1215 = CARTESIAN_POINT('',(-2.099120606061,63.371684399921,
    -76.82503141289));
#1216 = CARTESIAN_POINT('',(-2.106628472447,63.390808593182,
    -76.82592059128));
#1217 = CARTESIAN_POINT('',(-2.11443133856,63.409743685995,
    -76.82684980535));
#1218 = CARTESIAN_POINT('',(-2.12035177405,63.424110713944,
    -76.82755484782));
#1219 = CARTESIAN_POINT('',(-2.126451395287,63.438395461492,
    -76.82828405273));
#1220 = CARTESIAN_POINT('',(-2.132729611486,63.452584742006,
    -76.82903787845));
#1221 = CARTESIAN_POINT('',(-2.151929493024,63.49597803978,
    -76.83134320915));
#1222 = CARTESIAN_POINT('',(-2.172799943961,63.538478354808,
    -76.83387881355));
#1223 = CARTESIAN_POINT('',(-2.195190042386,63.580095878727,
    -76.8366424415));
#1224 = CARTESIAN_POINT('',(-2.242425316879,63.66789429429,
    -76.8424727296));
#1225 = CARTESIAN_POINT('',(-2.296427176127,63.751762910479,
    -76.84932047063));
#1226 = CARTESIAN_POINT('',(-2.355383119238,63.82992187191,
    -76.85710674269));
#1227 = CARTESIAN_POINT('',(-2.408052405468,63.899746498468,
    -76.86406274018));
#1228 = CARTESIAN_POINT('',(-2.46467350211,63.965013320805,
    -76.87176834414));
#1229 = CARTESIAN_POINT('',(-2.523931263854,64.024475591772,
    -76.88013494324));
#1230 = CARTESIAN_POINT('',(-2.525115886382,64.025664302646,
    -76.88030220001));
#1231 = CARTESIAN_POINT('',(-2.526302293112,64.026852256821,
    -76.88046982278));
#1232 = CARTESIAN_POINT('',(-2.527490942354,64.028038967802,
    -76.88063787747));
#1233 = ORIENTED_EDGE('',*,*,#1234,.F.);
#1234 = EDGE_CURVE('',#1235,#1014,#1237,.T.);
#1235 = VERTEX_POINT('',#1236);
#1236 = CARTESIAN_POINT('',(-5.198934911789,64.030796912238,
    -77.45683147439));
#1237 = ELLIPSE('',#1238,1.51799260819,1.18473110046);
#1238 = AXIS2_PLACEMENT_3D('',#1239,#1240,#1241);
#1239 = CARTESIAN_POINT('',(-4.378902265075,63.193526450713,
    -77.27974936553));
#1240 = DIRECTION('',(-0.246461530547,-3.655815628949E-02,0.968462810421
    ));
#1241 = DIRECTION('',(0.710846238759,0.67241687582,0.206284197056));
#1242 = ORIENTED_EDGE('',*,*,#1243,.F.);
#1243 = EDGE_CURVE('',#1244,#1235,#1246,.T.);
#1244 = VERTEX_POINT('',#1245);
#1245 = CARTESIAN_POINT('',(-4.648049241918,64.583318616582,
    -77.30474178639));
#1246 = CIRCLE('',#1247,36.152264481519);
#1247 = AXIS2_PLACEMENT_3D('',#1248,#1249,#1250);
#1248 = CARTESIAN_POINT('',(0.155397547775,69.009928907449,
    -112.8619948778));
#1249 = DIRECTION('',(0.707101868855,-0.707071943278,7.497605643286E-03)
  );
#1250 = DIRECTION('',(-0.148105036748,-0.137726697528,0.979334598019));
#1251 = ORIENTED_EDGE('',*,*,#1252,.F.);
#1252 = EDGE_CURVE('',#1253,#1244,#1255,.T.);
#1253 = VERTEX_POINT('',#1254);
#1254 = CARTESIAN_POINT('',(-3.931694556851,64.583318775132,
    -77.13326972841));
#1255 = CIRCLE('',#1256,19.000594904881);
#1256 = AXIS2_PLACEMENT_3D('',#1257,#1258,#1259);
#1257 = CARTESIAN_POINT('',(0.132470755907,64.58331958387,
    -95.69412011437));
#1258 = DIRECTION('',(2.023344450235E-07,-1.,-1.324588010476E-12));
#1259 = DIRECTION('',(-0.251598437752,-5.090831224964E-08,0.96783171374)
  );
#1260 = ORIENTED_EDGE('',*,*,#1261,.F.);
#1261 = EDGE_CURVE('',#1262,#1253,#1264,.T.);
#1262 = VERTEX_POINT('',#1263);
#1263 = CARTESIAN_POINT('',(-3.083769909394,64.583318612565,
    -76.96771203838));
#1264 = CIRCLE('',#1265,19.000818376976);
#1265 = AXIS2_PLACEMENT_3D('',#1266,#1267,#1268);
#1266 = CARTESIAN_POINT('',(0.132489108844,64.583317947889,
    -95.69434486232));
#1267 = DIRECTION('',(-2.066260236376E-07,-1.,6.048138221717E-12));
#1268 = DIRECTION('',(-0.213895190463,4.42022208444E-08,0.976856615628)
  );
#1269 = ORIENTED_EDGE('',*,*,#1270,.F.);
#1270 = EDGE_CURVE('',#1271,#1262,#1273,.T.);
#1271 = VERTEX_POINT('',#1272);
#1272 = CARTESIAN_POINT('',(-2.553132852652,64.053638869741,
    -76.88428103321));
#1273 = CIRCLE('',#1274,37.215101210603);
#1274 = AXIS2_PLACEMENT_3D('',#1275,#1276,#1277);
#1275 = CARTESIAN_POINT('',(-0.110211196263,61.206216624516,
    -113.9097868157));
#1276 = DIRECTION('',(-0.707055431713,-0.707115886115,7.729171327394E-03
    ));
#1277 = DIRECTION('',(-7.990193809508E-02,9.074547369728E-02,
    0.992663557955));
#1278 = ORIENTED_EDGE('',*,*,#1279,.F.);
#1279 = EDGE_CURVE('',#1016,#1271,#1280,.T.);
#1280 = B_SPLINE_CURVE_WITH_KNOTS('',3,(#1281,#1282,#1283,#1284,#1285,
    #1286),.UNSPECIFIED.,.F.,.F.,(4,2,4),(0.,1.820807471591E-03,
    3.641614714337E-03),.UNSPECIFIED.);
#1281 = CARTESIAN_POINT('',(-2.527490942354,64.028038967802,
    -76.88063787747));
#1282 = CARTESIAN_POINT('',(-2.531764788051,64.032305844389,
    -76.88124212624));
#1283 = CARTESIAN_POINT('',(-2.536038536026,64.036572607112,
    -76.88184784669));
#1284 = CARTESIAN_POINT('',(-2.544585838014,64.045105906316,
    -76.88306223157));
#1285 = CARTESIAN_POINT('',(-2.548859393951,64.049372444717,
    -76.88367089629));
#1286 = CARTESIAN_POINT('',(-2.553132852652,64.053638869741,
    -76.88428103321));
#1287 = FACE_BOUND('',#1288,.T.);
#1288 = EDGE_LOOP('',(#1289,#1300,#1309,#1318,#1327,#1336,#1369));
#1289 = ORIENTED_EDGE('',*,*,#1290,.F.);
#1290 = EDGE_CURVE('',#1291,#1293,#1295,.T.);
#1291 = VERTEX_POINT('',#1292);
#1292 = CARTESIAN_POINT('',(3.348719402767,64.583317283453,
    -76.96776099035));
#1293 = VERTEX_POINT('',#1294);
#1294 = CARTESIAN_POINT('',(2.818085107215,64.053640751114,
    -76.88432212172));
#1295 = CIRCLE('',#1296,37.214937451817);
#1296 = AXIS2_PLACEMENT_3D('',#1297,#1298,#1299);
#1297 = CARTESIAN_POINT('',(0.37486912569,61.205961065478,
    -113.9096240869));
#1298 = DIRECTION('',(0.707055143846,-0.707116180731,7.728551579635E-03)
  );
#1299 = DIRECTION('',(6.565148697853E-02,7.651980308507E-02,
    0.994904318009));
#1300 = ORIENTED_EDGE('',*,*,#1301,.F.);
#1301 = EDGE_CURVE('',#1302,#1291,#1304,.T.);
#1302 = VERTEX_POINT('',#1303);
#1303 = CARTESIAN_POINT('',(4.196647800935,64.583317092725,
    -77.1333329571));
#1304 = CIRCLE('',#1305,19.000818389199);
#1305 = AXIS2_PLACEMENT_3D('',#1306,#1307,#1308);
#1306 = CARTESIAN_POINT('',(0.13217535882,64.583317948238,-95.6943448719
    ));
#1307 = DIRECTION('',(-2.066264425516E-07,-1.,-8.635313399103E-12));
#1308 = DIRECTION('',(0.16928450013,-3.498716472297E-08,0.985567226533)
  );
#1309 = ORIENTED_EDGE('',*,*,#1310,.F.);
#1310 = EDGE_CURVE('',#1311,#1302,#1313,.T.);
#1311 = VERTEX_POINT('',#1312);
#1312 = CARTESIAN_POINT('',(4.912997174379,64.583316641033,
    -77.30481547485));
#1313 = CIRCLE('',#1314,19.000594900255);
#1314 = AXIS2_PLACEMENT_3D('',#1315,#1316,#1317);
#1315 = CARTESIAN_POINT('',(0.132193718584,64.583319584039,
    -95.69412010773));
#1316 = DIRECTION('',(-6.155840950692E-07,-1.,-1.055197378094E-12));
#1317 = DIRECTION('',(0.213911938193,-1.316818176696E-07,0.976852948349)
  );
#1318 = ORIENTED_EDGE('',*,*,#1319,.F.);
#1319 = EDGE_CURVE('',#1320,#1311,#1322,.T.);
#1320 = VERTEX_POINT('',#1321);
#1321 = CARTESIAN_POINT('',(5.463026132864,64.031653992097,
    -77.45666385176));
#1322 = CIRCLE('',#1323,36.15241666421);
#1323 = AXIS2_PLACEMENT_3D('',#1324,#1325,#1326);
#1324 = CARTESIAN_POINT('',(0.109235173097,69.010213888098,
    -112.8621449873));
#1325 = DIRECTION('',(-0.707102150852,-0.707071654695,7.498225690623E-03
    ));
#1326 = DIRECTION('',(0.132875266567,-0.122450935664,0.983539491779));
#1327 = ORIENTED_EDGE('',*,*,#1328,.F.);
#1328 = EDGE_CURVE('',#1329,#1320,#1331,.T.);
#1329 = VERTEX_POINT('',#1330);
#1330 = CARTESIAN_POINT('',(5.502377598005,63.991029088208,
    -77.46821256253));
#1331 = B_SPLINE_CURVE_WITH_KNOTS('',3,(#1332,#1333,#1334,#1335),
  .UNSPECIFIED.,.F.,.F.,(4,4),(0.116833282201,0.121698325638),
  .PIECEWISE_BEZIER_KNOTS.);
#1332 = CARTESIAN_POINT('',(5.502377598005,63.991029088208,
    -77.46821256253));
#1333 = CARTESIAN_POINT('',(5.489394110435,64.004841473844,
    -77.46438701197));
#1334 = CARTESIAN_POINT('',(5.476321990669,64.018333947886,
    -77.46055031781));
#1335 = CARTESIAN_POINT('',(5.463026332798,64.031654220542,
    -77.45666395706));
#1336 = ORIENTED_EDGE('',*,*,#1337,.F.);
#1337 = EDGE_CURVE('',#1338,#1329,#1340,.T.);
#1338 = VERTEX_POINT('',#1339);
#1339 = CARTESIAN_POINT('',(2.792440393835,64.028038072952,
    -76.88067816944));
#1340 = B_SPLINE_CURVE_WITH_KNOTS('',3,(#1341,#1342,#1343,#1344,#1345,
    #1346,#1347,#1348,#1349,#1350,#1351,#1352,#1353,#1354,#1355,#1356,
    #1357,#1358,#1359,#1360,#1361,#1362,#1363,#1364,#1365,#1366,#1367,
    #1368),.UNSPECIFIED.,.F.,.F.,(4,2,2,2,2,2,1,1,2,2,2,2,2,2,4),(
    -0.608810165284,-0.608383921701,-0.54819678689,-0.488009652078,
    -0.427608343558,-0.367207035037,-0.321378344644,-0.306102114512,
    -0.244997193987,-0.183298571278,-0.12159994857,-6.079997428491E-02,
    0.,6.028389961319E-02,0.116833282201),.UNSPECIFIED.);
#1341 = CARTESIAN_POINT('',(2.792440359725,64.028038038898,
    -76.88067816461));
#1342 = CARTESIAN_POINT('',(2.791251438576,64.026851056799,
    -76.88051005311));
#1343 = CARTESIAN_POINT('',(2.790065435472,64.025662433651,
    -76.88034248395));
#1344 = CARTESIAN_POINT('',(2.621410286499,63.856685896568,
    -76.85652437585));
#1345 = CARTESIAN_POINT('',(2.47573230156,63.643614661635,
    -76.83834619605));
#1346 = CARTESIAN_POINT('',(2.282114703053,63.176137346923,
    -76.81533682613));
#1347 = CARTESIAN_POINT('',(2.234377629157,62.92186851441,
    -76.81019947984));
#1348 = CARTESIAN_POINT('',(2.234348449573,62.443788969641,
    -76.81019809642));
#1349 = CARTESIAN_POINT('',(2.282373539435,62.188673450181,
    -76.81536810143));
#1350 = CARTESIAN_POINT('',(2.47720089771,61.719908120293,
    -76.83853470294));
#1351 = CARTESIAN_POINT('',(2.623744370331,61.506389534193,
    -76.85683916337));
#1352 = CARTESIAN_POINT('',(2.920066911045,61.211051728292,
    -76.89874571477));
#1353 = CARTESIAN_POINT('',(3.123992131157,61.058967278715,
    -76.92952507731));
#1354 = CARTESIAN_POINT('',(3.58250946369,60.842129603687,
    -77.00747840399));
#1355 = CARTESIAN_POINT('',(3.89770378818,60.782947986291,
    -77.06876527797));
#1356 = CARTESIAN_POINT('',(4.369700806027,60.782724025473,
    -77.17037968207));
#1357 = CARTESIAN_POINT('',(4.621297357534,60.830097206926,
    -77.22979101505));
#1358 = CARTESIAN_POINT('',(5.084400783683,61.022071503531,
    -77.34861895245));
#1359 = CARTESIAN_POINT('',(5.295875791532,61.166765169676,
    -77.40772621736));
#1360 = CARTESIAN_POINT('',(5.629742533593,61.501659990847,
    -77.50536516074));
#1361 = CARTESIAN_POINT('',(5.775266399069,61.71362399833,
    -77.55050303213));
#1362 = CARTESIAN_POINT('',(5.9699147855,62.183187057588,-77.61225591656
    ));
#1363 = CARTESIAN_POINT('',(6.018613333581,62.440611809353,
    -77.62832671891));
#1364 = CARTESIAN_POINT('',(6.018584691845,62.923629438835,
    -77.62832464478));
#1365 = CARTESIAN_POINT('',(5.970675013057,63.179047698009,
    -77.61252681184));
#1366 = CARTESIAN_POINT('',(5.784875949577,63.631062848714,
    -77.55357607928));
#1367 = CARTESIAN_POINT('',(5.653292634367,63.830479261443,
    -77.5126792822));
#1368 = CARTESIAN_POINT('',(5.502377598005,63.991029088208,
    -77.46821256253));
#1369 = ORIENTED_EDGE('',*,*,#1370,.F.);
#1370 = EDGE_CURVE('',#1293,#1338,#1371,.T.);
#1371 = B_SPLINE_CURVE_WITH_KNOTS('',3,(#1372,#1373,#1374,#1375,#1376,
    #1377),.UNSPECIFIED.,.F.,.F.,(4,2,4),(0.,1.821005050308E-03,
    3.642010375571E-03),.UNSPECIFIED.);
#1372 = CARTESIAN_POINT('',(2.818085107215,64.053640751114,
    -76.88432212172));
#1373 = CARTESIAN_POINT('',(2.813811187064,64.049373869112,
    -76.88371185219));
#1374 = CARTESIAN_POINT('',(2.809537169643,64.045106873697,
    -76.88310305519));
#1375 = CARTESIAN_POINT('',(2.800988944924,64.036572660695,
    -76.88188840644));
#1376 = CARTESIAN_POINT('',(2.796714735496,64.032305440984,
    -76.88128255438));
#1377 = CARTESIAN_POINT('',(2.792440428226,64.028038107287,
    -76.8806781743));
#1378 = CYLINDRICAL_SURFACE('',#1379,19.);
#1379 = AXIS2_PLACEMENT_3D('',#1380,#1381,#1382);
#1380 = CARTESIAN_POINT('',(0.132332241187,59.900660171777,
    -95.69354144477));
#1381 = DIRECTION('',(-6.462533779029E-14,1.,1.147558072771E-13));
#1382 = DIRECTION('',(-0.5,-1.316941132289E-13,0.866025403784));
#1383 = ADVANCED_FACE('',(#1384),#1409,.T.);
#1384 = FACE_BOUND('',#1385,.T.);
#1385 = EDGE_LOOP('',(#1386,#1387,#1395,#1403));
#1386 = ORIENTED_EDGE('',*,*,#968,.T.);
#1387 = ORIENTED_EDGE('',*,*,#1388,.F.);
#1388 = EDGE_CURVE('',#1389,#960,#1391,.T.);
#1389 = VERTEX_POINT('',#1390);
#1390 = CARTESIAN_POINT('',(10.132465607193,59.900660180164,
    -98.5540094743));
#1391 = LINE('',#1392,#1393);
#1392 = CARTESIAN_POINT('',(10.132462710181,59.900660171779,
    -105.2985729486));
#1393 = VECTOR('',#1394,1.);
#1394 = DIRECTION('',(4.13249355376E-07,-1.1397258242E-13,1.));
#1395 = ORIENTED_EDGE('',*,*,#1396,.T.);
#1396 = EDGE_CURVE('',#1389,#1397,#1399,.T.);
#1397 = VERTEX_POINT('',#1398);
#1398 = CARTESIAN_POINT('',(8.099256654206,64.260890847662,
    -98.55400863408));
#1399 = LINE('',#1400,#1401);
#1400 = CARTESIAN_POINT('',(10.132465497367,59.900660171779,
    -98.5540094743));
#1401 = VECTOR('',#1402,1.);
#1402 = DIRECTION('',(-0.422618229305,0.906307802162,1.746468132113E-07)
  );
#1403 = ORIENTED_EDGE('',*,*,#1404,.F.);
#1404 = EDGE_CURVE('',#969,#1397,#1405,.T.);
#1405 = LINE('',#1406,#1407);
#1406 = CARTESIAN_POINT('',(8.099255190185,64.260890816915,
    -101.8595996726));
#1407 = VECTOR('',#1408,1.);
#1408 = DIRECTION('',(-4.132493556866E-07,1.145619466876E-13,-1.));
#1409 = PLANE('',#1410);
#1410 = AXIS2_PLACEMENT_3D('',#1411,#1412,#1413);
#1411 = CARTESIAN_POINT('',(8.882467126723,62.581293822415,
    -94.61121914447));
#1412 = DIRECTION('',(0.906307787037,0.422618261741,-3.745310605982E-07)
  );
#1413 = DIRECTION('',(-4.132493022289E-07,-1.747481909745E-18,-1.));
#1414 = ADVANCED_FACE('',(#1415),#1440,.T.);
#1415 = FACE_BOUND('',#1416,.T.);
#1416 = EDGE_LOOP('',(#1417,#1418,#1426,#1434));
#1417 = ORIENTED_EDGE('',*,*,#1004,.T.);
#1418 = ORIENTED_EDGE('',*,*,#1419,.F.);
#1419 = EDGE_CURVE('',#1420,#996,#1422,.T.);
#1420 = VERTEX_POINT('',#1421);
#1421 = CARTESIAN_POINT('',(-7.834325561482,64.260890816914,
    -98.55400204954));
#1422 = LINE('',#1423,#1424);
#1423 = CARTESIAN_POINT('',(-7.834329275982,64.260890816915,
    -107.5425205757));
#1424 = VECTOR('',#1425,1.);
#1425 = DIRECTION('',(4.132493550759E-07,-1.145619467406E-13,1.));
#1426 = ORIENTED_EDGE('',*,*,#1427,.F.);
#1427 = EDGE_CURVE('',#1428,#1420,#1430,.T.);
#1428 = VERTEX_POINT('',#1429);
#1429 = CARTESIAN_POINT('',(-9.867534502631,59.900660171777,
    -98.55400120931));
#1430 = LINE('',#1431,#1432);
#1431 = CARTESIAN_POINT('',(-9.867534502631,59.900660171777,
    -98.55400120931));
#1432 = VECTOR('',#1433,1.);
#1433 = DIRECTION('',(0.422618261741,0.906307787037,-1.746466271913E-07)
  );
#1434 = ORIENTED_EDGE('',*,*,#1435,.F.);
#1435 = EDGE_CURVE('',#942,#1428,#1436,.T.);
#1436 = LINE('',#1437,#1438);
#1437 = CARTESIAN_POINT('',(-9.867539638283,59.900660171779,
    -110.9814921713));
#1438 = VECTOR('',#1439,1.);
#1439 = DIRECTION('',(-4.132493554432E-07,1.1397258242E-13,-1.));
#1440 = PLANE('',#1441);
#1441 = AXIS2_PLACEMENT_3D('',#1442,#1443,#1444);
#1442 = CARTESIAN_POINT('',(-8.617537570208,62.581293822415,
    -105.977066888));
#1443 = DIRECTION('',(-0.906307787037,0.422618261741,3.74531156993E-07)
  );
#1444 = DIRECTION('',(4.132494085728E-07,-3.589505931293E-17,1.));
#1445 = ADVANCED_FACE('',(#1446),#1473,.T.);
#1446 = FACE_BOUND('',#1447,.T.);
#1447 = EDGE_LOOP('',(#1448,#1457,#1465,#1472));
#1448 = ORIENTED_EDGE('',*,*,#1449,.F.);
#1449 = EDGE_CURVE('',#1450,#1420,#1452,.T.);
#1450 = VERTEX_POINT('',#1451);
#1451 = CARTESIAN_POINT('',(-7.404712835542,64.260890816914,
    -99.59118013137));
#1452 = CIRCLE('',#1453,1.466791058851);
#1453 = AXIS2_PLACEMENT_3D('',#1454,#1455,#1456);
#1454 = CARTESIAN_POINT('',(-6.367534502631,64.260890816914,
    -98.55400265569));
#1455 = DIRECTION('',(-6.312778160725E-14,1.,1.049262484281E-13));
#1456 = DIRECTION('',(-0.923879690655,-1.816897850946E-14,
    -0.382683050572));
#1457 = ORIENTED_EDGE('',*,*,#1458,.F.);
#1458 = EDGE_CURVE('',#1459,#1450,#1461,.T.);
#1459 = VERTEX_POINT('',#1460);
#1460 = CARTESIAN_POINT('',(-8.842409259524,59.900660171778,
    -101.0288753671));
#1461 = LINE('',#1462,#1463);
#1462 = CARTESIAN_POINT('',(-8.842409259524,59.900660171778,
    -101.0288753671));
#1463 = VECTOR('',#1464,1.);
#1464 = DIRECTION('',(0.298836362224,0.906307787037,0.298836115236));
#1465 = ORIENTED_EDGE('',*,*,#1466,.F.);
#1466 = EDGE_CURVE('',#1428,#1459,#1467,.T.);
#1467 = CIRCLE('',#1468,3.5);
#1468 = AXIS2_PLACEMENT_3D('',#1469,#1470,#1471);
#1469 = CARTESIAN_POINT('',(-6.367534502631,59.900660171778,
    -98.55400265569));
#1470 = DIRECTION('',(6.59854834678E-14,-1.,-1.139726096884E-13));
#1471 = DIRECTION('',(-0.923879690655,-1.734726209667E-14,
    -0.382683050572));
#1472 = ORIENTED_EDGE('',*,*,#1427,.T.);
#1473 = CONICAL_SURFACE('',#1474,2.25,0.436332312999);
#1474 = AXIS2_PLACEMENT_3D('',#1475,#1476,#1477);
#1475 = CARTESIAN_POINT('',(-6.367534502631,62.581293822415,
    -98.55400265569));
#1476 = DIRECTION('',(6.605922165965E-14,-1.,-1.126442675891E-13));
#1477 = DIRECTION('',(-0.923879690655,-1.792372132134E-14,
    -0.382683050572));
#1478 = ADVANCED_FACE('',(#1479),#1504,.T.);
#1479 = FACE_BOUND('',#1480,.T.);
#1480 = EDGE_LOOP('',(#1481,#1489,#1497,#1503));
#1481 = ORIENTED_EDGE('',*,*,#1482,.F.);
#1482 = EDGE_CURVE('',#1483,#1450,#1485,.T.);
#1483 = VERTEX_POINT('',#1484);
#1484 = CARTESIAN_POINT('',(-5.990499857591,64.260890816914,
    -101.0053942781));
#1485 = LINE('',#1486,#1487);
#1486 = CARTESIAN_POINT('',(0.591096499923,64.260890816915,
    -107.5869960753));
#1487 = VECTOR('',#1488,1.);
#1488 = DIRECTION('',(-0.707106488975,-1.270752183254E-13,0.707107073398
    ));
#1489 = ORIENTED_EDGE('',*,*,#1490,.F.);
#1490 = EDGE_CURVE('',#1491,#1483,#1493,.T.);
#1491 = VERTEX_POINT('',#1492);
#1492 = CARTESIAN_POINT('',(-7.428196281574,59.900660171778,
    -102.4430895139));
#1493 = LINE('',#1494,#1495);
#1494 = CARTESIAN_POINT('',(-7.428196281574,59.900660171778,
    -102.4430895139));
#1495 = VECTOR('',#1496,1.);
#1496 = DIRECTION('',(0.298836362224,0.906307787037,0.298836115236));
#1497 = ORIENTED_EDGE('',*,*,#1498,.F.);
#1498 = EDGE_CURVE('',#1459,#1491,#1499,.T.);
#1499 = LINE('',#1500,#1501);
#1500 = CARTESIAN_POINT('',(3.25108854133,59.90066017178,-113.1223831632
    ));
#1501 = VECTOR('',#1502,1.);
#1502 = DIRECTION('',(0.707106488975,1.272496020226E-13,-0.707107073398)
  );
#1503 = ORIENTED_EDGE('',*,*,#1458,.T.);
#1504 = PLANE('',#1505);
#1505 = AXIS2_PLACEMENT_3D('',#1506,#1507,#1508);
#1506 = CARTESIAN_POINT('',(-0.493824720882,62.581293822416,
    -107.6096991223));
#1507 = DIRECTION('',(-0.640856646889,0.422618261741,-0.640856117222));
#1508 = DIRECTION('',(-0.707106488975,1.942890293094E-16,0.707107073398)
  );
#1509 = ADVANCED_FACE('',(#1510),#1537,.T.);
#1510 = FACE_BOUND('',#1511,.T.);
#1511 = EDGE_LOOP('',(#1512,#1521,#1529,#1536));
#1512 = ORIENTED_EDGE('',*,*,#1513,.F.);
#1513 = EDGE_CURVE('',#1514,#1483,#1516,.T.);
#1514 = VERTEX_POINT('',#1515);
#1515 = CARTESIAN_POINT('',(-4.953322130832,64.260890816914,
    -101.4350078613));
#1516 = CIRCLE('',#1517,1.466791058851);
#1517 = AXIS2_PLACEMENT_3D('',#1518,#1519,#1520);
#1518 = CARTESIAN_POINT('',(-4.953321524681,64.260890816914,
    -99.96821680248));
#1519 = DIRECTION('',(-5.938491339931E-14,1.,1.097936280212E-13));
#1520 = DIRECTION('',(-0.382683814158,7.87104232027E-14,-0.923879374368)
  );
#1521 = ORIENTED_EDGE('',*,*,#1522,.F.);
#1522 = EDGE_CURVE('',#1523,#1514,#1525,.T.);
#1523 = VERTEX_POINT('',#1524);
#1524 = CARTESIAN_POINT('',(-4.953322971054,59.900660171778,
    -103.4682168024));
#1525 = LINE('',#1526,#1527);
#1526 = CARTESIAN_POINT('',(-4.953322971054,59.900660171778,
    -103.4682168024));
#1527 = VECTOR('',#1528,1.);
#1528 = DIRECTION('',(1.746466646752E-07,0.906307787037,0.422618261741)
  );
#1529 = ORIENTED_EDGE('',*,*,#1530,.F.);
#1530 = EDGE_CURVE('',#1491,#1523,#1531,.T.);
#1531 = CIRCLE('',#1532,3.5);
#1532 = AXIS2_PLACEMENT_3D('',#1533,#1534,#1535);
#1533 = CARTESIAN_POINT('',(-4.953321524681,59.900660171778,
    -99.96821680248));
#1534 = DIRECTION('',(6.59854834678E-14,-1.,-1.139726096884E-13));
#1535 = DIRECTION('',(-0.382683814158,8.00453668415E-14,-0.923879374368)
  );
#1536 = ORIENTED_EDGE('',*,*,#1490,.T.);
#1537 = CONICAL_SURFACE('',#1538,2.25,0.436332312999);
#1538 = AXIS2_PLACEMENT_3D('',#1539,#1540,#1541);
#1539 = CARTESIAN_POINT('',(-4.953321524681,62.581293822415,
    -99.96821680248));
#1540 = DIRECTION('',(6.595568056394E-14,-1.,-1.126442675361E-13));
#1541 = DIRECTION('',(-0.382683814158,7.882954401379E-14,-0.923879374368
    ));
#1542 = ADVANCED_FACE('',(#1543),#1568,.T.);
#1543 = FACE_BOUND('',#1544,.T.);
#1544 = EDGE_LOOP('',(#1545,#1553,#1561,#1567));
#1545 = ORIENTED_EDGE('',*,*,#1546,.F.);
#1546 = EDGE_CURVE('',#1547,#1514,#1549,.T.);
#1547 = VERTEX_POINT('',#1548);
#1548 = CARTESIAN_POINT('',(5.21825256011,64.260890816915,
    -101.4350120647));
#1549 = LINE('',#1550,#1551);
#1550 = CARTESIAN_POINT('',(4.38557136784,64.260890816915,
    -101.4350117206));
#1551 = VECTOR('',#1552,1.);
#1552 = DIRECTION('',(-1.,-6.511637308656E-14,4.132493562556E-07));
#1553 = ORIENTED_EDGE('',*,*,#1554,.F.);
#1554 = EDGE_CURVE('',#1555,#1547,#1557,.T.);
#1555 = VERTEX_POINT('',#1556);
#1556 = CARTESIAN_POINT('',(5.218251719888,59.900660171779,
    -103.4682210058));
#1557 = LINE('',#1558,#1559);
#1558 = CARTESIAN_POINT('',(5.21825223645,62.581293822416,
    -102.2182210058));
#1559 = VECTOR('',#1560,1.);
#1560 = DIRECTION('',(1.746466645487E-07,0.906307787037,0.422618261741)
  );
#1561 = ORIENTED_EDGE('',*,*,#1562,.F.);
#1562 = EDGE_CURVE('',#1523,#1555,#1563,.T.);
#1563 = LINE('',#1564,#1565);
#1564 = CARTESIAN_POINT('',(9.141978409337,59.900660171779,
    -103.4682226273));
#1565 = VECTOR('',#1566,1.);
#1566 = DIRECTION('',(1.,6.59855305669E-14,-4.132493557452E-07));
#1567 = ORIENTED_EDGE('',*,*,#1522,.T.);
#1568 = PLANE('',#1569);
#1569 = AXIS2_PLACEMENT_3D('',#1570,#1571,#1572);
#1570 = CARTESIAN_POINT('',(8.638806999984,62.581293822416,
    -102.2182224194));
#1571 = DIRECTION('',(-3.745311369864E-07,0.422618261741,-0.906307787037
    ));
#1572 = DIRECTION('',(-1.,-2.154031254647E-18,4.132493865138E-07));
#1573 = ADVANCED_FACE('',(#1574),#1601,.T.);
#1574 = FACE_BOUND('',#1575,.T.);
#1575 = EDGE_LOOP('',(#1576,#1585,#1593,#1600));
#1576 = ORIENTED_EDGE('',*,*,#1577,.F.);
#1577 = EDGE_CURVE('',#1578,#1547,#1580,.T.);
#1578 = VERTEX_POINT('',#1579);
#1579 = CARTESIAN_POINT('',(6.255431070558,64.260890816915,
    -101.0053989101));
#1580 = CIRCLE('',#1581,1.466791058851);
#1581 = AXIS2_PLACEMENT_3D('',#1582,#1583,#1584);
#1582 = CARTESIAN_POINT('',(5.218253166261,64.260890816914,
    -99.96822100588));
#1583 = DIRECTION('',(-6.544504529585E-14,1.,1.105205558788E-13));
#1584 = DIRECTION('',(0.382683241469,1.271524103091E-13,-0.923879611583)
  );
#1585 = ORIENTED_EDGE('',*,*,#1586,.F.);
#1586 = EDGE_CURVE('',#1587,#1578,#1589,.T.);
#1587 = VERTEX_POINT('',#1588);
#1588 = CARTESIAN_POINT('',(7.693126900414,59.900660171779,-102.44309474
    ));
#1589 = LINE('',#1590,#1591);
#1590 = CARTESIAN_POINT('',(7.693126900414,59.900660171779,-102.44309474
    ));
#1591 = VECTOR('',#1592,1.);
#1592 = DIRECTION('',(-0.29883623873,0.906307787037,0.29883623873));
#1593 = ORIENTED_EDGE('',*,*,#1594,.F.);
#1594 = EDGE_CURVE('',#1555,#1587,#1595,.T.);
#1595 = CIRCLE('',#1596,3.5);
#1596 = AXIS2_PLACEMENT_3D('',#1597,#1598,#1599);
#1597 = CARTESIAN_POINT('',(5.218253166261,59.900660171779,
    -99.96822100588));
#1598 = DIRECTION('',(6.59854834678E-14,-1.,-1.139726096884E-13));
#1599 = DIRECTION('',(0.382683241469,1.305485090734E-13,-0.923879611583)
  );
#1600 = ORIENTED_EDGE('',*,*,#1554,.T.);
#1601 = CONICAL_SURFACE('',#1602,2.25,0.436332312999);
#1602 = AXIS2_PLACEMENT_3D('',#1603,#1604,#1605);
#1603 = CARTESIAN_POINT('',(5.218253166261,62.581293822415,
    -99.96822100588));
#1604 = DIRECTION('',(6.605922165965E-14,-1.,-1.126442675891E-13));
#1605 = DIRECTION('',(0.382683241469,1.293494992609E-13,-0.923879611583)
  );
#1606 = ADVANCED_FACE('',(#1607),#1632,.T.);
#1607 = FACE_BOUND('',#1608,.T.);
#1608 = EDGE_LOOP('',(#1609,#1617,#1625,#1631));
#1609 = ORIENTED_EDGE('',*,*,#1610,.F.);
#1610 = EDGE_CURVE('',#1611,#1578,#1613,.T.);
#1611 = VERTEX_POINT('',#1612);
#1612 = CARTESIAN_POINT('',(7.669643635259,64.260890816915,
    -99.59118634548));
#1613 = LINE('',#1614,#1615);
#1614 = CARTESIAN_POINT('',(2.051936702821,64.260890816915,
    -105.2088932779));
#1615 = VECTOR('',#1616,1.);
#1616 = DIRECTION('',(-0.707106781187,3.496335289143E-14,-0.707106781187
    ));
#1617 = ORIENTED_EDGE('',*,*,#1618,.F.);
#1618 = EDGE_CURVE('',#1619,#1611,#1621,.T.);
#1619 = VERTEX_POINT('',#1620);
#1620 = CARTESIAN_POINT('',(9.107339465115,59.900660171779,
    -101.0288821753));
#1621 = LINE('',#1622,#1623);
#1622 = CARTESIAN_POINT('',(8.223455988632,62.581293822416,
    -100.1449986988));
#1623 = VECTOR('',#1624,1.);
#1624 = DIRECTION('',(-0.29883623873,0.906307787037,0.29883623873));
#1625 = ORIENTED_EDGE('',*,*,#1626,.F.);
#1626 = EDGE_CURVE('',#1587,#1619,#1627,.T.);
#1627 = LINE('',#1628,#1629);
#1628 = CARTESIAN_POINT('',(4.148348562271,59.900660171779,
    -105.9878730781));
#1629 = VECTOR('',#1630,1.);
#1630 = DIRECTION('',(0.707106781187,-3.393202236027E-14,0.707106781187)
  );
#1631 = ORIENTED_EDGE('',*,*,#1586,.T.);
#1632 = PLANE('',#1633);
#1633 = AXIS2_PLACEMENT_3D('',#1634,#1635,#1636);
#1634 = CARTESIAN_POINT('',(5.51509326409,62.581293822416,
    -102.8533614233));
#1635 = DIRECTION('',(0.640856382056,0.422618261741,-0.640856382056));
#1636 = DIRECTION('',(-0.707106781187,-2.498001805407E-16,
    -0.707106781187));
#1637 = ADVANCED_FACE('',(#1638),#1656,.T.);
#1638 = FACE_BOUND('',#1639,.T.);
#1639 = EDGE_LOOP('',(#1640,#1647,#1648,#1655));
#1640 = ORIENTED_EDGE('',*,*,#1641,.F.);
#1641 = EDGE_CURVE('',#1397,#1611,#1642,.T.);
#1642 = CIRCLE('',#1643,1.466791058851);
#1643 = AXIS2_PLACEMENT_3D('',#1644,#1645,#1646);
#1644 = CARTESIAN_POINT('',(6.632465730962,64.260890816914,
    -98.55400844118));
#1645 = DIRECTION('',(-6.497927881881E-14,1.,1.121108467376E-13));
#1646 = DIRECTION('',(0.923879532511,1.02935989373E-13,-0.382683432365)
  );
#1647 = ORIENTED_EDGE('',*,*,#1396,.F.);
#1648 = ORIENTED_EDGE('',*,*,#1649,.F.);
#1649 = EDGE_CURVE('',#1619,#1389,#1650,.T.);
#1650 = CIRCLE('',#1651,3.5);
#1651 = AXIS2_PLACEMENT_3D('',#1652,#1653,#1654);
#1652 = CARTESIAN_POINT('',(6.632465730962,59.900660171778,
    -98.55400844118));
#1653 = DIRECTION('',(6.59854834678E-14,-1.,-1.139726096884E-13));
#1654 = DIRECTION('',(0.923879532511,1.045780670899E-13,-0.382683432365)
  );
#1655 = ORIENTED_EDGE('',*,*,#1618,.T.);
#1656 = CONICAL_SURFACE('',#1657,2.25,0.436332312999);
#1657 = AXIS2_PLACEMENT_3D('',#1658,#1659,#1660);
#1658 = CARTESIAN_POINT('',(6.632465730962,62.581293822415,
    -98.55400844118));
#1659 = DIRECTION('',(6.605922165965E-14,-1.,-1.126442675891E-13));
#1660 = DIRECTION('',(0.923879532511,1.041378577822E-13,-0.382683432365)
  );
#1661 = ADVANCED_FACE('',(#1662),#1689,.T.);
#1662 = FACE_BOUND('',#1663,.T.);
#1663 = EDGE_LOOP('',(#1664,#1674,#1680,#1681,#1682));
#1664 = ORIENTED_EDGE('',*,*,#1665,.T.);
#1665 = EDGE_CURVE('',#1666,#1668,#1670,.T.);
#1666 = VERTEX_POINT('',#1667);
#1667 = CARTESIAN_POINT('',(-6.897447952871,65.197760171775,
    -78.58120114827));
#1668 = VERTEX_POINT('',#1669);
#1669 = CARTESIAN_POINT('',(-6.897456206619,65.197760171777,
    -98.5540024367));
#1670 = LINE('',#1671,#1672);
#1671 = CARTESIAN_POINT('',(-6.897459921118,65.197760171778,
    -107.5425209629));
#1672 = VECTOR('',#1673,1.);
#1673 = DIRECTION('',(-4.132493550759E-07,1.145619467406E-13,-1.));
#1674 = ORIENTED_EDGE('',*,*,#1675,.F.);
#1675 = EDGE_CURVE('',#1420,#1668,#1676,.T.);
#1676 = LINE('',#1677,#1678);
#1677 = CARTESIAN_POINT('',(-7.834325561482,64.260890816914,
    -98.55400204954));
#1678 = VECTOR('',#1679,1.);
#1679 = DIRECTION('',(0.707106781186,0.707106781187,-2.922113494621E-07)
  );
#1680 = ORIENTED_EDGE('',*,*,#1419,.T.);
#1681 = ORIENTED_EDGE('',*,*,#995,.T.);
#1682 = ORIENTED_EDGE('',*,*,#1683,.F.);
#1683 = EDGE_CURVE('',#1666,#987,#1684,.T.);
#1684 = CIRCLE('',#1685,105.7120156416);
#1685 = AXIS2_PLACEMENT_3D('',#1686,#1687,#1688);
#1686 = CARTESIAN_POINT('',(-38.91036522759,33.184882371949,
    -174.1080509526));
#1687 = DIRECTION('',(0.70710678119,-0.707106781183,-2.922022985519E-07)
  );
#1688 = DIRECTION('',(0.298101566039,0.298101191322,0.906791671806));
#1689 = PLANE('',#1690);
#1690 = AXIS2_PLACEMENT_3D('',#1691,#1692,#1693);
#1691 = CARTESIAN_POINT('',(-7.36589459855,64.729325494346,
    -107.5425207693));
#1692 = DIRECTION('',(-0.707106781187,0.707106781187,2.922115022763E-07)
  );
#1693 = DIRECTION('',(4.132494696439E-07,4.330903282113E-17,1.));
#1694 = ADVANCED_FACE('',(#1695),#1714,.T.);
#1695 = FACE_BOUND('',#1696,.T.);
#1696 = EDGE_LOOP('',(#1697,#1698,#1707,#1713));
#1697 = ORIENTED_EDGE('',*,*,#1675,.T.);
#1698 = ORIENTED_EDGE('',*,*,#1699,.T.);
#1699 = EDGE_CURVE('',#1668,#1700,#1702,.T.);
#1700 = VERTEX_POINT('',#1701);
#1701 = CARTESIAN_POINT('',(-6.742245887868,65.197760171777,
    -98.92871373122));
#1702 = CIRCLE('',#1703,0.529921703987);
#1703 = AXIS2_PLACEMENT_3D('',#1704,#1705,#1706);
#1704 = CARTESIAN_POINT('',(-6.367534502631,65.197760171777,
    -98.55400265569));
#1705 = DIRECTION('',(6.511632575859E-14,-1.,-1.145619736339E-13));
#1706 = DIRECTION('',(-0.923879690655,-1.631872534862E-14,
    -0.382683050572));
#1707 = ORIENTED_EDGE('',*,*,#1708,.T.);
#1708 = EDGE_CURVE('',#1700,#1450,#1709,.T.);
#1709 = LINE('',#1710,#1711);
#1710 = CARTESIAN_POINT('',(-6.742245887868,65.197760171777,
    -98.92871373122));
#1711 = VECTOR('',#1712,1.);
#1712 = DIRECTION('',(-0.500000206625,-0.707106781187,-0.499999793375));
#1713 = ORIENTED_EDGE('',*,*,#1449,.T.);
#1714 = CONICAL_SURFACE('',#1715,0.998356381419,0.785398163397);
#1715 = AXIS2_PLACEMENT_3D('',#1716,#1717,#1718);
#1716 = CARTESIAN_POINT('',(-6.367534502631,64.729325494345,
    -98.55400265569));
#1717 = DIRECTION('',(8.058238353703E-14,-1.,-1.327154768215E-13));
#1718 = DIRECTION('',(-0.923879690655,-2.366046404619E-14,
    -0.382683050572));
#1719 = ADVANCED_FACE('',(#1720),#1738,.T.);
#1720 = FACE_BOUND('',#1721,.T.);
#1721 = EDGE_LOOP('',(#1722,#1723,#1731,#1737));
#1722 = ORIENTED_EDGE('',*,*,#1708,.F.);
#1723 = ORIENTED_EDGE('',*,*,#1724,.T.);
#1724 = EDGE_CURVE('',#1700,#1725,#1727,.T.);
#1725 = VERTEX_POINT('',#1726);
#1726 = CARTESIAN_POINT('',(-5.328032909918,65.197760171778,
    -100.342927878));
#1727 = LINE('',#1728,#1729);
#1728 = CARTESIAN_POINT('',(1.253563447596,65.197760171779,
    -106.9245296752));
#1729 = VECTOR('',#1730,1.);
#1730 = DIRECTION('',(0.707106488975,1.270517583186E-13,-0.707107073398)
  );
#1731 = ORIENTED_EDGE('',*,*,#1732,.T.);
#1732 = EDGE_CURVE('',#1725,#1483,#1733,.T.);
#1733 = LINE('',#1734,#1735);
#1734 = CARTESIAN_POINT('',(-5.328032909918,65.197760171778,
    -100.342927878));
#1735 = VECTOR('',#1736,1.);
#1736 = DIRECTION('',(-0.500000206625,-0.707106781187,-0.499999793375));
#1737 = ORIENTED_EDGE('',*,*,#1482,.T.);
#1738 = PLANE('',#1739);
#1739 = AXIS2_PLACEMENT_3D('',#1740,#1741,#1742);
#1740 = CARTESIAN_POINT('',(0.922329973759,64.729325494347,
    -107.2557628752));
#1741 = DIRECTION('',(-0.500000206625,0.707106781187,-0.499999793375));
#1742 = DIRECTION('',(-0.707106488975,2.775557561563E-16,0.707107073398)
  );
#1743 = ADVANCED_FACE('',(#1744),#1763,.T.);
#1744 = FACE_BOUND('',#1745,.T.);
#1745 = EDGE_LOOP('',(#1746,#1747,#1756,#1762));
#1746 = ORIENTED_EDGE('',*,*,#1732,.F.);
#1747 = ORIENTED_EDGE('',*,*,#1748,.T.);
#1748 = EDGE_CURVE('',#1725,#1749,#1751,.T.);
#1749 = VERTEX_POINT('',#1750);
#1750 = CARTESIAN_POINT('',(-4.953321743671,65.197760171778,
    -100.4981385064));
#1751 = CIRCLE('',#1752,0.529921703987);
#1752 = AXIS2_PLACEMENT_3D('',#1753,#1754,#1755);
#1753 = CARTESIAN_POINT('',(-4.953321524681,65.197760171778,
    -99.96821680248));
#1754 = DIRECTION('',(6.511632575859E-14,-1.,-1.145619736339E-13));
#1755 = DIRECTION('',(-0.382683814158,8.092248062194E-14,-0.923879374368
    ));
#1756 = ORIENTED_EDGE('',*,*,#1757,.T.);
#1757 = EDGE_CURVE('',#1749,#1514,#1758,.T.);
#1758 = LINE('',#1759,#1760);
#1759 = CARTESIAN_POINT('',(-4.953321743671,65.197760171778,
    -100.4981385064));
#1760 = VECTOR('',#1761,1.);
#1761 = DIRECTION('',(-2.922113716176E-07,-0.707106781186,
    -0.707106781187));
#1762 = ORIENTED_EDGE('',*,*,#1513,.T.);
#1763 = CONICAL_SURFACE('',#1764,0.998356381419,0.785398163397);
#1764 = AXIS2_PLACEMENT_3D('',#1765,#1766,#1767);
#1765 = CARTESIAN_POINT('',(-4.953321524681,64.729325494346,
    -99.96821680248));
#1766 = DIRECTION('',(8.176741860267E-14,-1.,-1.13754915983E-13));
#1767 = DIRECTION('',(-0.382683814158,7.380475298495E-14,-0.923879374368
    ));
#1768 = ADVANCED_FACE('',(#1769),#1787,.T.);
#1769 = FACE_BOUND('',#1770,.T.);
#1770 = EDGE_LOOP('',(#1771,#1772,#1780,#1786));
#1771 = ORIENTED_EDGE('',*,*,#1757,.F.);
#1772 = ORIENTED_EDGE('',*,*,#1773,.T.);
#1773 = EDGE_CURVE('',#1749,#1774,#1776,.T.);
#1774 = VERTEX_POINT('',#1775);
#1775 = CARTESIAN_POINT('',(5.218252947271,65.197760171778,
    -100.4981427098));
#1776 = LINE('',#1777,#1778);
#1777 = CARTESIAN_POINT('',(4.385571755,65.197760171778,-100.4981423657)
  );
#1778 = VECTOR('',#1779,1.);
#1779 = DIRECTION('',(1.,6.511637308656E-14,-4.132493562556E-07));
#1780 = ORIENTED_EDGE('',*,*,#1781,.T.);
#1781 = EDGE_CURVE('',#1774,#1547,#1782,.T.);
#1782 = LINE('',#1783,#1784);
#1783 = CARTESIAN_POINT('',(5.218252947271,65.197760171778,
    -100.4981427098));
#1784 = VECTOR('',#1785,1.);
#1785 = DIRECTION('',(-2.922113762805E-07,-0.707106781186,
    -0.707106781187));
#1786 = ORIENTED_EDGE('',*,*,#1546,.T.);
#1787 = PLANE('',#1788);
#1788 = AXIS2_PLACEMENT_3D('',#1789,#1790,#1791);
#1789 = CARTESIAN_POINT('',(4.38557156142,64.729325494346,
    -100.9665770431));
#1790 = DIRECTION('',(-2.922114681404E-07,0.707106781187,-0.707106781186
    ));
#1791 = DIRECTION('',(-1.,-2.606217146561E-17,4.132494212991E-07));
#1792 = ADVANCED_FACE('',(#1793),#1812,.T.);
#1793 = FACE_BOUND('',#1794,.T.);
#1794 = EDGE_LOOP('',(#1795,#1796,#1805,#1811));
#1795 = ORIENTED_EDGE('',*,*,#1781,.F.);
#1796 = ORIENTED_EDGE('',*,*,#1797,.T.);
#1797 = EDGE_CURVE('',#1774,#1798,#1800,.T.);
#1798 = VERTEX_POINT('',#1799);
#1799 = CARTESIAN_POINT('',(5.592964396648,65.197760171778,
    -100.3429322362));
#1800 = CIRCLE('',#1801,0.529921703987);
#1801 = AXIS2_PLACEMENT_3D('',#1802,#1803,#1804);
#1802 = CARTESIAN_POINT('',(5.218253166261,65.197760171778,
    -99.96822100588));
#1803 = DIRECTION('',(6.511632575859E-14,-1.,-1.145619736339E-13));
#1804 = DIRECTION('',(0.382683241469,1.307603983169E-13,-0.923879611583)
  );
#1805 = ORIENTED_EDGE('',*,*,#1806,.T.);
#1806 = EDGE_CURVE('',#1798,#1578,#1807,.T.);
#1807 = LINE('',#1808,#1809);
#1808 = CARTESIAN_POINT('',(5.592964396648,65.197760171778,
    -100.3429322362));
#1809 = VECTOR('',#1810,1.);
#1810 = DIRECTION('',(0.5,-0.707106781186,-0.5));
#1811 = ORIENTED_EDGE('',*,*,#1577,.T.);
#1812 = CONICAL_SURFACE('',#1813,0.998356381419,0.785398163397);
#1813 = AXIS2_PLACEMENT_3D('',#1814,#1815,#1816);
#1814 = CARTESIAN_POINT('',(5.218253166261,64.729325494346,
    -99.96822100588));
#1815 = DIRECTION('',(5.214154230579E-14,-1.,-1.13754916036E-13));
#1816 = DIRECTION('',(0.382683241469,1.250495420678E-13,-0.923879611583)
  );
#1817 = ADVANCED_FACE('',(#1818),#1836,.T.);
#1818 = FACE_BOUND('',#1819,.T.);
#1819 = EDGE_LOOP('',(#1820,#1821,#1829,#1835));
#1820 = ORIENTED_EDGE('',*,*,#1806,.F.);
#1821 = ORIENTED_EDGE('',*,*,#1822,.T.);
#1822 = EDGE_CURVE('',#1798,#1823,#1825,.T.);
#1823 = VERTEX_POINT('',#1824);
#1824 = CARTESIAN_POINT('',(7.007176961349,65.197760171778,
    -98.92871967157));
#1825 = LINE('',#1826,#1827);
#1826 = CARTESIAN_POINT('',(1.389470028911,65.197760171778,
    -104.546426604));
#1827 = VECTOR('',#1828,1.);
#1828 = DIRECTION('',(0.707106781187,-3.496335289143E-14,0.707106781187)
  );
#1829 = ORIENTED_EDGE('',*,*,#1830,.F.);
#1830 = EDGE_CURVE('',#1611,#1823,#1831,.T.);
#1831 = LINE('',#1832,#1833);
#1832 = CARTESIAN_POINT('',(7.669643635259,64.260890816915,
    -99.59118634548));
#1833 = VECTOR('',#1834,1.);
#1834 = DIRECTION('',(-0.5,0.707106781186,0.5));
#1835 = ORIENTED_EDGE('',*,*,#1610,.T.);
#1836 = PLANE('',#1837);
#1837 = AXIS2_PLACEMENT_3D('',#1838,#1839,#1840);
#1838 = CARTESIAN_POINT('',(1.720703365866,64.729325494347,
    -104.8776599409));
#1839 = DIRECTION('',(0.5,0.707106781187,-0.5));
#1840 = DIRECTION('',(-0.707106781187,3.053113317719E-16,-0.707106781187
    ));
#1841 = ADVANCED_FACE('',(#1842),#1861,.T.);
#1842 = FACE_BOUND('',#1843,.T.);
#1843 = EDGE_LOOP('',(#1844,#1845,#1854,#1860));
#1844 = ORIENTED_EDGE('',*,*,#1830,.T.);
#1845 = ORIENTED_EDGE('',*,*,#1846,.T.);
#1846 = EDGE_CURVE('',#1823,#1847,#1849,.T.);
#1847 = VERTEX_POINT('',#1848);
#1848 = CARTESIAN_POINT('',(7.162387293342,65.197760187111,
    -98.55400824692));
#1849 = CIRCLE('',#1850,0.529921703987);
#1850 = AXIS2_PLACEMENT_3D('',#1851,#1852,#1853);
#1851 = CARTESIAN_POINT('',(6.632465730962,65.197760171778,
    -98.55400844118));
#1852 = DIRECTION('',(6.511632575859E-14,-1.,-1.145619736339E-13));
#1853 = DIRECTION('',(0.923879532511,1.040006098894E-13,-0.382683432365)
  );
#1854 = ORIENTED_EDGE('',*,*,#1855,.F.);
#1855 = EDGE_CURVE('',#1397,#1847,#1856,.T.);
#1856 = LINE('',#1857,#1858);
#1857 = CARTESIAN_POINT('',(8.099256712266,64.260890889681,
    -98.55400863408));
#1858 = VECTOR('',#1859,1.);
#1859 = DIRECTION('',(-0.707106867535,0.707106694838,2.922115509429E-07)
  );
#1860 = ORIENTED_EDGE('',*,*,#1641,.T.);
#1861 = CONICAL_SURFACE('',#1862,0.998356381419,0.785398163397);
#1862 = AXIS2_PLACEMENT_3D('',#1863,#1864,#1865);
#1863 = CARTESIAN_POINT('',(6.632465730962,64.729325494346,
    -98.55400844118));
#1864 = DIRECTION('',(4.977147220098E-14,-1.,-1.327154768745E-13));
#1865 = DIRECTION('',(0.923879532511,9.677085868773E-14,-0.382683432365)
  );
#1866 = ADVANCED_FACE('',(#1867),#1887,.T.);
#1867 = FACE_BOUND('',#1868,.T.);
#1868 = EDGE_LOOP('',(#1869,#1870,#1871,#1879,#1886));
#1869 = ORIENTED_EDGE('',*,*,#1404,.T.);
#1870 = ORIENTED_EDGE('',*,*,#1855,.T.);
#1871 = ORIENTED_EDGE('',*,*,#1872,.T.);
#1872 = EDGE_CURVE('',#1847,#1873,#1875,.T.);
#1873 = VERTEX_POINT('',#1874);
#1874 = CARTESIAN_POINT('',(7.162395455056,65.197760171776,
    -78.58131741605));
#1875 = LINE('',#1876,#1877);
#1876 = CARTESIAN_POINT('',(7.162385835321,65.197760171778,
    -101.8595992854));
#1877 = VECTOR('',#1878,1.);
#1878 = DIRECTION('',(4.132493556866E-07,-1.145619466876E-13,1.));
#1879 = ORIENTED_EDGE('',*,*,#1880,.T.);
#1880 = EDGE_CURVE('',#1873,#978,#1881,.T.);
#1881 = CIRCLE('',#1882,105.71392594656);
#1882 = AXIS2_PLACEMENT_3D('',#1883,#1884,#1885);
#1883 = CARTESIAN_POINT('',(39.175368244482,33.184747903907,
    -174.110217534));
#1884 = DIRECTION('',(0.707106781189,0.707106781184,-2.922186011223E-07)
  );
#1885 = DIRECTION('',(-0.298096701736,0.29809707648,0.90679462361));
#1886 = ORIENTED_EDGE('',*,*,#977,.T.);
#1887 = PLANE('',#1888);
#1888 = AXIS2_PLACEMENT_3D('',#1889,#1890,#1891);
#1889 = CARTESIAN_POINT('',(7.630820512753,64.729325494347,
    -101.859599479));
#1890 = DIRECTION('',(0.707106781186,0.707106781187,-2.922113407468E-07)
  );
#1891 = DIRECTION('',(-4.132492411333E-07,-3.013242947496E-17,-1.));
#1892 = ADVANCED_FACE('',(#1893,#1911),#1961,.T.);
#1893 = FACE_BOUND('',#1894,.T.);
#1894 = EDGE_LOOP('',(#1895,#1896,#1897,#1904,#1905,#1906,#1907,#1908,
    #1909,#1910));
#1895 = ORIENTED_EDGE('',*,*,#1699,.F.);
#1896 = ORIENTED_EDGE('',*,*,#1665,.F.);
#1897 = ORIENTED_EDGE('',*,*,#1898,.F.);
#1898 = EDGE_CURVE('',#1873,#1666,#1899,.T.);
#1899 = CIRCLE('',#1900,18.5);
#1900 = AXIS2_PLACEMENT_3D('',#1901,#1902,#1903);
#1901 = CARTESIAN_POINT('',(0.132332241186,65.197760171777,
    -95.69354144477));
#1902 = DIRECTION('',(6.511632575859E-14,-1.,-1.145619736339E-13));
#1903 = DIRECTION('',(-0.5,-1.317717423539E-13,0.866025403784));
#1904 = ORIENTED_EDGE('',*,*,#1872,.F.);
#1905 = ORIENTED_EDGE('',*,*,#1846,.F.);
#1906 = ORIENTED_EDGE('',*,*,#1822,.F.);
#1907 = ORIENTED_EDGE('',*,*,#1797,.F.);
#1908 = ORIENTED_EDGE('',*,*,#1773,.F.);
#1909 = ORIENTED_EDGE('',*,*,#1748,.F.);
#1910 = ORIENTED_EDGE('',*,*,#1724,.F.);
#1911 = FACE_BOUND('',#1912,.T.);
#1912 = EDGE_LOOP('',(#1913,#1923,#1931,#1939,#1947,#1955));
#1913 = ORIENTED_EDGE('',*,*,#1914,.F.);
#1914 = EDGE_CURVE('',#1915,#1917,#1919,.T.);
#1915 = VERTEX_POINT('',#1916);
#1916 = CARTESIAN_POINT('',(6.132473210776,65.197760171776,
    -79.88874333942));
#1917 = VERTEX_POINT('',#1918);
#1918 = CARTESIAN_POINT('',(6.132466350836,65.197760171778,
    -96.48874499242));
#1919 = LINE('',#1920,#1921);
#1920 = CARTESIAN_POINT('',(6.132463846703,65.197760171778,
    -102.548362352));
#1921 = VECTOR('',#1922,1.);
#1922 = DIRECTION('',(-4.132493532996E-07,1.145619467406E-13,-1.));
#1923 = ORIENTED_EDGE('',*,*,#1924,.F.);
#1924 = EDGE_CURVE('',#1925,#1915,#1927,.T.);
#1925 = VERTEX_POINT('',#1926);
#1926 = CARTESIAN_POINT('',(4.132473210776,65.197760171776,
    -79.88874251292));
#1927 = LINE('',#1928,#1929);
#1928 = CARTESIAN_POINT('',(2.882408763397,65.197760171776,
    -79.88874199634));
#1929 = VECTOR('',#1930,1.);
#1930 = DIRECTION('',(1.,6.511637306009E-14,-4.132493553674E-07));
#1931 = ORIENTED_EDGE('',*,*,#1932,.F.);
#1932 = EDGE_CURVE('',#1933,#1925,#1935,.T.);
#1933 = VERTEX_POINT('',#1934);
#1934 = CARTESIAN_POINT('',(-3.867526789224,65.197760171775,
    -79.88874251292));
#1935 = LINE('',#1936,#1937);
#1936 = CARTESIAN_POINT('',(2.132402622669,65.197760171776,
    -79.88874251292));
#1937 = VECTOR('',#1938,1.);
#1938 = DIRECTION('',(1.,6.511632570565E-14,2.366199133219E-15));
#1939 = ORIENTED_EDGE('',*,*,#1940,.F.);
#1940 = EDGE_CURVE('',#1941,#1933,#1943,.T.);
#1941 = VERTEX_POINT('',#1942);
#1942 = CARTESIAN_POINT('',(-5.867526789224,65.197760171775,
    -79.88874168642));
#1943 = LINE('',#1944,#1945);
#1944 = CARTESIAN_POINT('',(-1.867591236604,65.197760171775,
    -79.8887433394));
#1945 = VECTOR('',#1946,1.);
#1946 = DIRECTION('',(1.,6.511637306009E-14,-4.132493553674E-07));
#1947 = ORIENTED_EDGE('',*,*,#1948,.F.);
#1948 = EDGE_CURVE('',#1949,#1941,#1951,.T.);
#1949 = VERTEX_POINT('',#1950);
#1950 = CARTESIAN_POINT('',(-5.867533649163,65.197760171777,
    -96.48874003342));
#1951 = LINE('',#1952,#1953);
#1952 = CARTESIAN_POINT('',(-5.867532929951,65.197760171777,
    -94.74835821953));
#1953 = VECTOR('',#1954,1.);
#1954 = DIRECTION('',(4.132493534106E-07,-1.145619467406E-13,1.));
#1955 = ORIENTED_EDGE('',*,*,#1956,.F.);
#1956 = EDGE_CURVE('',#1917,#1949,#1957,.T.);
#1957 = LINE('',#1958,#1959);
#1958 = CARTESIAN_POINT('',(-1.867598096543,65.197760171777,
    -96.4887416864));
#1959 = VECTOR('',#1960,1.);
#1960 = DIRECTION('',(-1.,-6.511637308656E-14,4.132493546458E-07));
#1961 = PLANE('',#1962);
#1962 = AXIS2_PLACEMENT_3D('',#1963,#1964,#1965);
#1963 = CARTESIAN_POINT('',(0.132332241186,65.197760171779,
    -109.107977232));
#1964 = DIRECTION('',(-6.511632575859E-14,1.,1.145619736339E-13));
#1965 = DIRECTION('',(-1.,-6.511632575859E-14,-2.435588072258E-15));
#1966 = ADVANCED_FACE('',(#1967),#1973,.T.);
#1967 = FACE_BOUND('',#1968,.T.);
#1968 = EDGE_LOOP('',(#1969,#1970,#1971,#1972));
#1969 = ORIENTED_EDGE('',*,*,#1898,.T.);
#1970 = ORIENTED_EDGE('',*,*,#1683,.T.);
#1971 = ORIENTED_EDGE('',*,*,#986,.T.);
#1972 = ORIENTED_EDGE('',*,*,#1880,.F.);
#1973 = CONICAL_SURFACE('',#1974,18.75,0.785398163397);
#1974 = AXIS2_PLACEMENT_3D('',#1975,#1976,#1977);
#1975 = CARTESIAN_POINT('',(0.132332241186,64.947760171777,
    -95.69354144477));
#1976 = DIRECTION('',(6.512151934111E-14,-1.,-1.065729614221E-13));
#1977 = DIRECTION('',(-0.5,-1.248556516187E-13,0.866025403784));
#1978 = ADVANCED_FACE('',(#1979),#2185,.T.);
#1979 = FACE_BOUND('',#1980,.T.);
#1980 = EDGE_LOOP('',(#1981,#1989,#1990,#1998));
#1981 = ORIENTED_EDGE('',*,*,#1982,.T.);
#1982 = EDGE_CURVE('',#1983,#1014,#1985,.T.);
#1983 = VERTEX_POINT('',#1984);
#1984 = CARTESIAN_POINT('',(-4.998896945713,63.814689395492,
    -77.6571055388));
#1985 = LINE('',#1986,#1987);
#1986 = CARTESIAN_POINT('',(-4.998896945713,63.814689395492,
    -77.6571055388));
#1987 = VECTOR('',#1988,1.);
#1988 = DIRECTION('',(-0.680923856249,0.498496573393,0.536510827763));
#1989 = ORIENTED_EDGE('',*,*,#1013,.T.);
#1990 = ORIENTED_EDGE('',*,*,#1991,.T.);
#1991 = EDGE_CURVE('',#1016,#1992,#1994,.T.);
#1992 = VERTEX_POINT('',#1993);
#1993 = CARTESIAN_POINT('',(-2.71108207819,63.789048469858,
    -77.24338125939));
#1994 = LINE('',#1995,#1996);
#1995 = CARTESIAN_POINT('',(-2.527490942354,64.028038967802,
    -76.88063787747));
#1996 = VECTOR('',#1997,1.);
#1997 = DIRECTION('',(-0.389295612631,-0.506767126237,-0.769178786598));
#1998 = ORIENTED_EDGE('',*,*,#1999,.T.);
#1999 = EDGE_CURVE('',#1992,#1983,#2000,.T.);
#2000 = B_SPLINE_CURVE_WITH_KNOTS('',3,(#2001,#2002,#2003,#2004,#2005,
    #2006,#2007,#2008,#2009,#2010,#2011,#2012,#2013,#2014,#2015,#2016,
    #2017,#2018,#2019,#2020,#2021,#2022,#2023,#2024,#2025,#2026,#2027,
    #2028,#2029,#2030,#2031,#2032,#2033,#2034,#2035,#2036,#2037,#2038,
    #2039,#2040,#2041,#2042,#2043,#2044,#2045,#2046,#2047,#2048,#2049,
    #2050,#2051,#2052,#2053,#2054,#2055,#2056,#2057,#2058,#2059,#2060,
    #2061,#2062,#2063,#2064,#2065,#2066,#2067,#2068,#2069,#2070,#2071,
    #2072,#2073,#2074,#2075,#2076,#2077,#2078,#2079,#2080,#2081,#2082,
    #2083,#2084,#2085,#2086,#2087,#2088,#2089,#2090,#2091,#2092,#2093,
    #2094,#2095,#2096,#2097,#2098,#2099,#2100,#2101,#2102,#2103,#2104,
    #2105,#2106,#2107,#2108,#2109,#2110,#2111,#2112,#2113,#2114,#2115,
    #2116,#2117,#2118,#2119,#2120,#2121,#2122,#2123,#2124,#2125,#2126,
    #2127,#2128,#2129,#2130,#2131,#2132,#2133,#2134,#2135,#2136,#2137,
    #2138,#2139,#2140,#2141,#2142,#2143,#2144,#2145,#2146,#2147,#2148,
    #2149,#2150,#2151,#2152,#2153,#2154,#2155,#2156,#2157,#2158,#2159,
    #2160,#2161,#2162,#2163,#2164,#2165,#2166,#2167,#2168,#2169,#2170,
    #2171,#2172,#2173,#2174,#2175,#2176,#2177,#2178,#2179,#2180,#2181,
    #2182,#2183,#2184),.UNSPECIFIED.,.F.,.F.,(4,3,3,3,3,3,3,3,3,3,3,3,3,
    3,3,3,3,3,3,3,3,3,3,3,3,3,3,3,3,3,3,3,3,3,3,3,3,3,3,3,3,3,3,3,3,3,3,
    3,3,3,3,3,3,3,3,3,3,3,3,3,3,4),(-0.120800406108,-0.120374260387,
    -0.108025748291,-9.575244977461E-02,-8.354517714351E-02,
    -7.518037910881E-02,-6.388190878921E-02,-5.310629097056E-02,
    -4.232726306075E-02,-3.149849371126E-02,-2.998649783041E-02,
    -1.830600146666E-02,-6.551724188922E-03,5.186506367361E-03,
    1.520738344799E-02,2.828009958395E-02,4.131425994721E-02,
    5.432315437688E-02,6.04012647264E-02,7.317946831318E-02,
    8.600403210783E-02,9.88655005611E-02,0.111829390139,0.120802529453,
    0.134006470355,0.147108004972,0.160165397752,0.173191533001,
    0.181907301786,0.194797841583,0.207720085177,0.220669764154,
    0.233704690901,0.243012074119,0.25672574729,0.270318164569,
    0.283853482749,0.297334452747,0.304710502408,0.321925145768,
    0.339539538897,0.357371644541,0.365959665904,0.38263902712,
    0.398855796755,0.414280736118,0.4272088294,0.439535648275,
    0.451889752226,0.464265104303,0.476714423943,0.488008728103,
    0.500105080801,0.512151964321,0.524132216412,0.536212415646,
    0.548292614879,0.560392138781,0.572545415923,0.58473966351,
    0.597038949476,0.604722747887),.UNSPECIFIED.);
#2001 = CARTESIAN_POINT('',(-2.71108207819,63.789048469858,
    -77.24338125939));
#2002 = CARTESIAN_POINT('',(-2.710134528073,63.78805746073,
    -77.24324748582));
#2003 = CARTESIAN_POINT('',(-2.709188527773,63.787065521358,
    -77.24311396783));
#2004 = CARTESIAN_POINT('',(-2.708244553579,63.786073159476,
    -77.24298074285));
#2005 = CARTESIAN_POINT('',(-2.680890819467,63.757317285362,
    -77.23912025527));
#2006 = CARTESIAN_POINT('',(-2.654198249438,63.727108080697,
    -77.23538749156));
#2007 = CARTESIAN_POINT('',(-2.628425230847,63.695558889054,
    -77.23180361295));
#2008 = CARTESIAN_POINT('',(-2.602809193191,63.664201860453,
    -77.22824156339));
#2009 = CARTESIAN_POINT('',(-2.578102066178,63.631521385883,
    -77.22482659077));
#2010 = CARTESIAN_POINT('',(-2.554529551618,63.597671632495,
    -77.22157947199));
#2011 = CARTESIAN_POINT('',(-2.53108384862,63.564003978479,
    -77.21834982153));
#2012 = CARTESIAN_POINT('',(-2.508761036665,63.529179974598,
    -77.21528622379));
#2013 = CARTESIAN_POINT('',(-2.487748086379,63.493389008343,
    -77.21240912217));
#2014 = CARTESIAN_POINT('',(-2.473349367634,63.468863939293,
    -77.2104376438));
#2015 = CARTESIAN_POINT('',(-2.459564944093,63.44388563545,
    -77.20855373302));
#2016 = CARTESIAN_POINT('',(-2.446443832768,63.41852376732,
    -77.2067639674));
#2017 = CARTESIAN_POINT('',(-2.42872093184,63.384267074793,
    -77.20434650152));
#2018 = CARTESIAN_POINT('',(-2.412203738614,63.349308812493,
    -77.20210079734));
#2019 = CARTESIAN_POINT('',(-2.396921925719,63.313655671719,
    -77.20003973376));
#2020 = CARTESIAN_POINT('',(-2.382347300068,63.279652429852,
    -77.19807404878));
#2021 = CARTESIAN_POINT('',(-2.368895218736,63.245000186974,
    -77.1962763108));
#2022 = CARTESIAN_POINT('',(-2.35667177113,63.209931040839,
    -77.19464606924));
#2023 = CARTESIAN_POINT('',(-2.344444455247,63.174850796594,
    -77.19301531177));
#2024 = CARTESIAN_POINT('',(-2.333446731669,63.139353916844,
    -77.19155215675));
#2025 = CARTESIAN_POINT('',(-2.323735411597,63.103689594224,
    -77.19025615318));
#2026 = CARTESIAN_POINT('',(-2.313979277183,63.067860693243,
    -77.18895416902));
#2027 = CARTESIAN_POINT('',(-2.305521522535,63.03186336057,
    -77.18782088256));
#2028 = CARTESIAN_POINT('',(-2.298367916522,62.995959042107,
    -77.18685583657));
#2029 = CARTESIAN_POINT('',(-2.297369075151,62.990945805619,
    -77.18672108944));
#2030 = CARTESIAN_POINT('',(-2.296395576488,62.98593438852,
    -77.18658962231));
#2031 = CARTESIAN_POINT('',(-2.295447355832,62.980925506363,
    -77.18646143394));
#2032 = CARTESIAN_POINT('',(-2.288122145452,62.942230804507,
    -77.1854711509));
#2033 = CARTESIAN_POINT('',(-2.282303935331,62.903703319421,
    -77.18467654047));
#2034 = CARTESIAN_POINT('',(-2.277903819672,62.865259338254,
    -77.18407594737));
#2035 = CARTESIAN_POINT('',(-2.273475910284,62.826572522195,
    -77.18347156057));
#2036 = CARTESIAN_POINT('',(-2.270483993833,62.787969579267,
    -77.18306364991));
#2037 = CARTESIAN_POINT('',(-2.268888847127,62.749351387101,
    -77.18285052852));
#2038 = CARTESIAN_POINT('',(-2.267295878086,62.710785915775,
    -77.18263769808));
#2039 = CARTESIAN_POINT('',(-2.267095862048,62.672204557061,
    -77.18261912544));
#2040 = CARTESIAN_POINT('',(-2.268301295883,62.633505135032,
    -77.18279313061));
#2041 = CARTESIAN_POINT('',(-2.269330369579,62.600467604427,
    -77.18294167808));
#2042 = CARTESIAN_POINT('',(-2.271384571879,62.567343734615,
    -77.18323057555));
#2043 = CARTESIAN_POINT('',(-2.27450154249,62.534073588701,
    -77.1836587778));
#2044 = CARTESIAN_POINT('',(-2.278567780571,62.490671083128,
    -77.18421738822));
#2045 = CARTESIAN_POINT('',(-2.284449093257,62.447038823782,
    -77.18501307386));
#2046 = CARTESIAN_POINT('',(-2.292192300714,62.403453148081,
    -77.18605114997));
#2047 = CARTESIAN_POINT('',(-2.299912670887,62.359996020983,
    -77.18708616445));
#2048 = CARTESIAN_POINT('',(-2.309484025381,62.316585810226,
    -77.18836214173));
#2049 = CARTESIAN_POINT('',(-2.320901103921,62.273498765161,
    -77.18988435018));
#2050 = CARTESIAN_POINT('',(-2.332296051142,62.230495241735,
    -77.19140360793));
#2051 = CARTESIAN_POINT('',(-2.345529506224,62.187814243083,
    -77.19316814316));
#2052 = CARTESIAN_POINT('',(-2.360544770383,62.145723619821,
    -77.19518319372));
#2053 = CARTESIAN_POINT('',(-2.367560311402,62.126057732435,
    -77.19612468031));
#2054 = CARTESIAN_POINT('',(-2.37496409702,62.106520571028,
    -77.19712085473));
#2055 = CARTESIAN_POINT('',(-2.382746592097,62.087138375159,
    -77.19817225121));
#2056 = CARTESIAN_POINT('',(-2.39910797759,62.04639057189,
    -77.20038263529));
#2057 = CARTESIAN_POINT('',(-2.417147641624,62.006325756089,
    -77.20283528447));
#2058 = CARTESIAN_POINT('',(-2.436739383542,61.967182912172,
    -77.20550835362));
#2059 = CARTESIAN_POINT('',(-2.456402205657,61.927898055305,
    -77.20819112084));
#2060 = CARTESIAN_POINT('',(-2.477628061836,61.889542397939,
    -77.21109591033));
#2061 = CARTESIAN_POINT('',(-2.500244942252,61.852329379969,
    -77.21420063832));
#2062 = CARTESIAN_POINT('',(-2.522926906227,61.815009275806,
    -77.21731430065));
#2063 = CARTESIAN_POINT('',(-2.547007474974,61.778838833527,
    -77.22062905385));
#2064 = CARTESIAN_POINT('',(-2.572274316063,61.743997804982,
    -77.22412262299));
#2065 = CARTESIAN_POINT('',(-2.597742367325,61.708879323101,
    -77.22764401285));
#2066 = CARTESIAN_POINT('',(-2.624415160347,61.675111878398,
    -77.23134707796));
#2067 = CARTESIAN_POINT('',(-2.652042898428,61.642837358341,
    -77.23520900698));
#2068 = CARTESIAN_POINT('',(-2.671165827641,61.620498093338,
    -77.23788209572));
#2069 = CARTESIAN_POINT('',(-2.690745577606,61.598873177417,
    -77.24063129476));
#2070 = CARTESIAN_POINT('',(-2.710692365959,61.577996809291,
    -77.24344903965));
#2071 = CARTESIAN_POINT('',(-2.740043990334,61.54727731176,
    -77.24759534071));
#2072 = CARTESIAN_POINT('',(-2.771013786491,61.517319866776,
    -77.25200565061));
#2073 = CARTESIAN_POINT('',(-2.80349716091,61.488394816614,
    -77.25666618961));
#2074 = CARTESIAN_POINT('',(-2.835728602841,61.459694101516,
    -77.26129058269));
#2075 = CARTESIAN_POINT('',(-2.869449969692,61.43201036736,
    -77.2661613385));
#2076 = CARTESIAN_POINT('',(-2.904514156964,61.405582982659,
    -77.27126499543));
#2077 = CARTESIAN_POINT('',(-2.939460205583,61.3792446374,
    -77.27635145707));
#2078 = CARTESIAN_POINT('',(-2.975739687319,61.354154683093,
    -77.28166925309));
#2079 = CARTESIAN_POINT('',(-3.013166779578,61.330517676331,
    -77.28720505751));
#2080 = CARTESIAN_POINT('',(-3.05050427673,61.306937253184,
    -77.29272761002));
#2081 = CARTESIAN_POINT('',(-3.088983445732,61.284803243832,
    -77.29846712842));
#2082 = CARTESIAN_POINT('',(-3.128385749718,61.264279626798,
    -77.30441038222));
#2083 = CARTESIAN_POINT('',(-3.154749775933,61.250547303488,
    -77.30838700499));
#2084 = CARTESIAN_POINT('',(-3.181526380878,61.237535117298,
    -77.31245483866));
#2085 = CARTESIAN_POINT('',(-3.208643206402,61.225281112031,
    -77.31660992003));
#2086 = CARTESIAN_POINT('',(-3.248748735492,61.207157553862,
    -77.32275524618));
#2087 = CARTESIAN_POINT('',(-3.289648489822,61.190672516798,
    -77.32910437815));
#2088 = CARTESIAN_POINT('',(-3.331090665075,61.175924527192,
    -77.33562216867));
#2089 = CARTESIAN_POINT('',(-3.372634765798,61.16114026546,
    -77.34215598944));
#2090 = CARTESIAN_POINT('',(-3.414723367592,61.148101787655,
    -77.34885929939));
#2091 = CARTESIAN_POINT('',(-3.45708800639,61.136858020091,
    -77.35569669125));
#2092 = CARTESIAN_POINT('',(-3.499542590099,61.125590380739,
    -77.36254859968));
#2093 = CARTESIAN_POINT('',(-3.542273767963,61.116125127644,
    -77.36953515997));
#2094 = CARTESIAN_POINT('',(-3.585005635841,61.108459293613,
    -77.37662073887));
#2095 = CARTESIAN_POINT('',(-3.628018807715,61.100742995376,
    -77.38375296216));
#2096 = CARTESIAN_POINT('',(-3.671032061486,61.094849834745,
    -77.39098551203));
#2097 = CARTESIAN_POINT('',(-3.713767549034,61.090723906818,
    -77.39828204687));
#2098 = CARTESIAN_POINT('',(-3.744282147801,61.087777853258,
    -77.40349202213));
#2099 = CARTESIAN_POINT('',(-3.774655190083,61.085731683858,
    -77.40873461979));
#2100 = CARTESIAN_POINT('',(-3.804789184841,61.084549209707,
    -77.41399660982));
#2101 = CARTESIAN_POINT('',(-3.849189178451,61.082806930094,
    -77.42174972471));
#2102 = CARTESIAN_POINT('',(-3.894323050855,61.082892072375,
    -77.42977241288));
#2103 = CARTESIAN_POINT('',(-3.939924114014,61.084957588575,
    -77.43801747782));
#2104 = CARTESIAN_POINT('',(-3.985121973928,61.087004841542,
    -77.44618964013));
#2105 = CARTESIAN_POINT('',(-4.030778269416,61.090997876561,
    -77.45458026409));
#2106 = CARTESIAN_POINT('',(-4.076611876039,61.097039162571,
    -77.46314339406));
#2107 = CARTESIAN_POINT('',(-4.122252944599,61.103055070315,
    -77.47167055199));
#2108 = CARTESIAN_POINT('',(-4.168069264588,61.111102249723,
    -77.48036876966));
#2109 = CARTESIAN_POINT('',(-4.213770093859,61.121232065256,
    -77.48919266814));
#2110 = CARTESIAN_POINT('',(-4.259287421202,61.131321206677,
    -77.49798113615));
#2111 = CARTESIAN_POINT('',(-4.304689576516,61.14347636324,
    -77.50689427773));
#2112 = CARTESIAN_POINT('',(-4.349685072763,61.157696788596,
    -77.5158872584));
#2113 = CARTESIAN_POINT('',(-4.374304148015,61.165477427797,
    -77.5208077257));
#2114 = CARTESIAN_POINT('',(-4.398801461388,61.173875431522,
    -77.52575209427));
#2115 = CARTESIAN_POINT('',(-4.423129738863,61.182884077699,
    -77.53071302033));
#2116 = CARTESIAN_POINT('',(-4.479908453697,61.203908967473,
    -77.54229111115));
#2117 = CARTESIAN_POINT('',(-4.535017972855,61.227976343282,
    -77.55378803026));
#2118 = CARTESIAN_POINT('',(-4.588340896238,61.254884093236,
    -77.56513354241));
#2119 = CARTESIAN_POINT('',(-4.642902057663,61.282416681393,
    -77.57674251433));
#2120 = CARTESIAN_POINT('',(-4.695594054417,61.312923401016,
    -77.58819296586));
#2121 = CARTESIAN_POINT('',(-4.746291543042,61.34624329253,
    -77.59940965435));
#2122 = CARTESIAN_POINT('',(-4.797615648646,61.379975015286,
    -77.61076498022));
#2123 = CARTESIAN_POINT('',(-4.846896980793,61.416590568733,
    -77.62188072876));
#2124 = CARTESIAN_POINT('',(-4.893985157149,61.45597151121,
    -77.6326788327));
#2125 = CARTESIAN_POINT('',(-4.916663032245,61.474937548201,
    -77.63787924757));
#2126 = CARTESIAN_POINT('',(-4.93883179279,61.494545649416,
    -77.64300598705));
#2127 = CARTESIAN_POINT('',(-4.960471633055,61.514785700924,
    -77.64805033066));
#2128 = CARTESIAN_POINT('',(-5.002499790318,61.554095236366,
    -77.65784728221));
#2129 = CARTESIAN_POINT('',(-5.042521580037,61.595773934003,
    -77.6673334359));
#2130 = CARTESIAN_POINT('',(-5.080376605288,61.639770449917,
    -77.6764165139));
#2131 = CARTESIAN_POINT('',(-5.11718174525,61.682546750167,
    -77.68524767845));
#2132 = CARTESIAN_POINT('',(-5.151939089954,61.72751509625,
    -77.69369781537));
#2133 = CARTESIAN_POINT('',(-5.184454752053,61.774639315079,
    -77.70168211367));
#2134 = CARTESIAN_POINT('',(-5.215382743727,61.819462558817,
    -77.70927655572));
#2135 = CARTESIAN_POINT('',(-5.244282667016,61.866237168884,
    -77.71644954033));
#2136 = CARTESIAN_POINT('',(-5.270941912042,61.914928586613,
    -77.72312808322));
#2137 = CARTESIAN_POINT('',(-5.293285805809,61.955738289367,
    -77.72872556556));
#2138 = CARTESIAN_POINT('',(-5.314055005785,61.997894724429,
    -77.73397572202));
#2139 = CARTESIAN_POINT('',(-5.333097425313,62.041368537952,
    -77.73883558293));
#2140 = CARTESIAN_POINT('',(-5.351254198423,62.082820422112,
    -77.74346941591));
#2141 = CARTESIAN_POINT('',(-5.367669120975,62.125091742101,
    -77.74764874303));
#2142 = CARTESIAN_POINT('',(-5.382243423995,62.167924905425,
    -77.75136766643));
#2143 = CARTESIAN_POINT('',(-5.396849986836,62.210852878782,
    -77.75509482155));
#2144 = CARTESIAN_POINT('',(-5.409607594011,62.254344588223,
    -77.75835953252));
#2145 = CARTESIAN_POINT('',(-5.420467251645,62.298126369138,
    -77.76115586218));
#2146 = CARTESIAN_POINT('',(-5.431345587071,62.341983451412,
    -77.76395700133));
#2147 = CARTESIAN_POINT('',(-5.440319393722,62.386130982671,
    -77.76628814663));
#2148 = CARTESIAN_POINT('',(-5.447391658394,62.430288685546,
    -77.76814333026));
#2149 = CARTESIAN_POINT('',(-5.45450619404,62.474710319313,
    -77.77000960233));
#2150 = CARTESIAN_POINT('',(-5.459696440537,62.519141624672,
    -77.77139420607));
#2151 = CARTESIAN_POINT('',(-5.463018262832,62.56330141542,
    -77.77229106596));
#2152 = CARTESIAN_POINT('',(-5.466031895099,62.603364175693,
    -77.77310471752));
#2153 = CARTESIAN_POINT('',(-5.467508492341,62.64320321291,
    -77.77351693013));
#2154 = CARTESIAN_POINT('',(-5.467525761457,62.682617749404,
    -77.77352316722));
#2155 = CARTESIAN_POINT('',(-5.467544256915,62.724831251727,
    -77.77352984724));
#2156 = CARTESIAN_POINT('',(-5.465888274063,62.767564719777,
    -77.77306474588));
#2157 = CARTESIAN_POINT('',(-5.462459100701,62.810551362394,
    -77.7721368031));
#2158 = CARTESIAN_POINT('',(-5.459043951268,62.85336220707,
    -77.77121265524));
#2159 = CARTESIAN_POINT('',(-5.453869907369,62.896423578841,
    -77.76982944389));
#2160 = CARTESIAN_POINT('',(-5.446890100199,62.939460851084,
    -77.76799599976));
#2161 = CARTESIAN_POINT('',(-5.439948898409,62.982260083762,
    -77.76617269642));
#2162 = CARTESIAN_POINT('',(-5.431221822726,63.025034875324,
    -77.763904127));
#2163 = CARTESIAN_POINT('',(-5.420714492415,63.067513031698,
    -77.76119897648));
#2164 = CARTESIAN_POINT('',(-5.410119503044,63.110345568789,
    -77.7584712578));
#2165 = CARTESIAN_POINT('',(-5.39771441509,63.152875859801,
    -77.75529964314));
#2166 = CARTESIAN_POINT('',(-5.383558257316,63.194832127003,
    -77.7516930366));
#2167 = CARTESIAN_POINT('',(-5.369402099542,63.236788394206,
    -77.74808643006));
#2168 = CARTESIAN_POINT('',(-5.353495068019,63.278170022806,
    -77.74404483166));
#2169 = CARTESIAN_POINT('',(-5.335947770783,63.318721963306,
    -77.73957714549));
#2170 = CARTESIAN_POINT('',(-5.318372403173,63.359338774655,
    -77.73510231237));
#2171 = CARTESIAN_POINT('',(-5.299131551614,63.399169927526,
    -77.73022105288));
#2172 = CARTESIAN_POINT('',(-5.278369546601,63.437984389633,
    -77.72499900802));
#2173 = CARTESIAN_POINT('',(-5.257515304484,63.476971288533,
    -77.71975376376));
#2174 = CARTESIAN_POINT('',(-5.23512672672,63.514931940744,
    -77.71416469946));
#2175 = CARTESIAN_POINT('',(-5.211392586506,63.551663347141,
    -77.70829833486));
#2176 = CARTESIAN_POINT('',(-5.187578435091,63.588518580393,
    -77.7024121939));
#2177 = CARTESIAN_POINT('',(-5.162410102998,63.624135862751,
    -77.69624687985));
#2178 = CARTESIAN_POINT('',(-5.136114675342,63.658348245583,
    -77.68986958743));
#2179 = CARTESIAN_POINT('',(-5.109592745061,63.692855325828,
    -77.68343736252));
#2180 = CARTESIAN_POINT('',(-5.081924744055,63.725932871688,
    -77.67678949166));
#2181 = CARTESIAN_POINT('',(-5.053373141171,63.757453893915,
    -77.66999492095));
#2182 = CARTESIAN_POINT('',(-5.035535946272,63.77714618997,
    -77.66575011261));
#2183 = CARTESIAN_POINT('',(-5.017354444156,63.796231891375,
    -77.66144804817));
#2184 = CARTESIAN_POINT('',(-4.998896945713,63.814689395492,
    -77.6571055388));
#2185 = B_SPLINE_SURFACE_WITH_KNOTS('',3,3,(
    (#2186,#2187,#2188,#2189,#2190,#2191,#2192,#2193,#2194,#2195,#2196
      ,#2197,#2198,#2199,#2200,#2201,#2202,#2203,#2204,#2205,#2206,#2207
      ,#2208,#2209,#2210,#2211,#2212)
    ,(#2213,#2214,#2215,#2216,#2217,#2218,#2219,#2220,#2221,#2222,#2223
      ,#2224,#2225,#2226,#2227,#2228,#2229,#2230,#2231,#2232,#2233,#2234
      ,#2235,#2236,#2237,#2238,#2239)
    ,(#2240,#2241,#2242,#2243,#2244,#2245,#2246,#2247,#2248,#2249,#2250
      ,#2251,#2252,#2253,#2254,#2255,#2256,#2257,#2258,#2259,#2260,#2261
      ,#2262,#2263,#2264,#2265,#2266)
    ,(#2267,#2268,#2269,#2270,#2271,#2272,#2273,#2274,#2275,#2276,#2277
      ,#2278,#2279,#2280,#2281,#2282,#2283,#2284,#2285,#2286,#2287,#2288
      ,#2289,#2290,#2291,#2292,#2293)
    ,(#2294,#2295,#2296,#2297,#2298,#2299,#2300,#2301,#2302,#2303,#2304
      ,#2305,#2306,#2307,#2308,#2309,#2310,#2311,#2312,#2313,#2314,#2315
      ,#2316,#2317,#2318,#2319,#2320)
    ,(#2321,#2322,#2323,#2324,#2325,#2326,#2327,#2328,#2329,#2330,#2331
      ,#2332,#2333,#2334,#2335,#2336,#2337,#2338,#2339,#2340,#2341,#2342
      ,#2343,#2344,#2345,#2346,#2347)
    ,(#2348,#2349,#2350,#2351,#2352,#2353,#2354,#2355,#2356,#2357,#2358
      ,#2359,#2360,#2361,#2362,#2363,#2364,#2365,#2366,#2367,#2368,#2369
      ,#2370,#2371,#2372,#2373,#2374)
    ,(#2375,#2376,#2377,#2378,#2379,#2380,#2381,#2382,#2383,#2384,#2385
      ,#2386,#2387,#2388,#2389,#2390,#2391,#2392,#2393,#2394,#2395,#2396
      ,#2397,#2398,#2399,#2400,#2401)
    ,(#2402,#2403,#2404,#2405,#2406,#2407,#2408,#2409,#2410,#2411,#2412
      ,#2413,#2414,#2415,#2416,#2417,#2418,#2419,#2420,#2421,#2422,#2423
      ,#2424,#2425,#2426,#2427,#2428)
    ,(#2429,#2430,#2431,#2432,#2433,#2434,#2435,#2436,#2437,#2438,#2439
      ,#2440,#2441,#2442,#2443,#2444,#2445,#2446,#2447,#2448,#2449,#2450
      ,#2451,#2452,#2453,#2454,#2455
    )),.UNSPECIFIED.,.F.,.F.,.F.,(4,3,3,4),(4,2,1,1,1,1,2,2,2,2,2,1,2,2,
    2,4),(-1.001374478935E-02,0.,1.001374478935,1.011388223724),(
    -0.122174885043,-0.120374260387,-7.518037910881E-02,
    -6.388190878921E-02,-2.998649783041E-02,1.520738344799E-02,
    6.04012647264E-02,0.120802529453,0.181907301786,0.243012074119,
    0.304710502408,0.365959665904,0.4272088294,0.488008728103,
    0.548292614879,0.606097226822),.UNSPECIFIED.);
#2186 = CARTESIAN_POINT('',(-2.53724983705,64.04184137152,
    -76.87864712179));
#2187 = CARTESIAN_POINT('',(-2.532151699463,64.036919178888,
    -76.87792517087));
#2188 = CARTESIAN_POINT('',(-2.527100791602,64.031892542667,
    -76.87720952314));
#2189 = CARTESIAN_POINT('',(-2.396208424332,63.900628518921,
    -76.85873083928));
#2190 = CARTESIAN_POINT('',(-2.25386176388,63.710359656184,
    -76.8403407494));
#2191 = CARTESIAN_POINT('',(-2.086557953477,63.369768862341,
    -76.82004746703));
#2192 = CARTESIAN_POINT('',(-1.97253086036,62.99955669976,
    -76.80707666833));
#2193 = CARTESIAN_POINT('',(-1.948701634441,62.504012581627,
    -76.80451760961));
#2194 = CARTESIAN_POINT('',(-2.039242749467,62.130163859153,
    -76.81457679457));
#2195 = CARTESIAN_POINT('',(-2.210084881261,61.719409741178,
    -76.83488617665));
#2196 = CARTESIAN_POINT('',(-2.357006856924,61.505693119968,
    -76.85322826234));
#2197 = CARTESIAN_POINT('',(-2.696671475615,61.167044081222,
    -76.90123952195));
#2198 = CARTESIAN_POINT('',(-2.91209144741,61.020795468724,
    -76.93429262623));
#2199 = CARTESIAN_POINT('',(-3.380870086125,60.827893861919,
    -77.0164422408));
#2200 = CARTESIAN_POINT('',(-3.633576963065,60.781409448987,
    -77.0658133649));
#2201 = CARTESIAN_POINT('',(-4.106736995321,60.781948385155,
    -77.16789528862));
#2202 = CARTESIAN_POINT('',(-4.357969310393,60.82843719598,
    -77.22722969445));
#2203 = CARTESIAN_POINT('',(-4.821945862536,61.02261963708,
    -77.34662149657));
#2204 = CARTESIAN_POINT('',(-5.229575249022,61.296573889151,
    -77.46051288266));
#2205 = CARTESIAN_POINT('',(-5.509827248503,61.708571895172,
    -77.54786485765));
#2206 = CARTESIAN_POINT('',(-5.707473036277,62.182117774897,
    -77.61060668604));
#2207 = CARTESIAN_POINT('',(-5.75569146057,62.439519479482,
    -77.62656258165));
#2208 = CARTESIAN_POINT('',(-5.756022357256,62.923459002235,
    -77.62665769696));
#2209 = CARTESIAN_POINT('',(-5.708186133771,63.179320682581,
    -77.61084553267));
#2210 = CARTESIAN_POINT('',(-5.520403988557,63.636967019391,
    -77.55115021242));
#2211 = CARTESIAN_POINT('',(-5.385041395492,63.840860756759,
    -77.50900592722));
#2212 = CARTESIAN_POINT('',(-5.229737469327,64.003437581842,
    -77.46326385383));
#2213 = CARTESIAN_POINT('',(-2.537852957039,64.041040888498,
    -76.87985644665));
#2214 = CARTESIAN_POINT('',(-2.532760395266,64.036117374068,
    -76.87913540687));
#2215 = CARTESIAN_POINT('',(-2.527712600013,64.031094050364,
    -76.87842018662));
#2216 = CARTESIAN_POINT('',(-2.396909282699,63.899901239983,
    -76.85995415681));
#2217 = CARTESIAN_POINT('',(-2.254659527751,63.709743505352,
    -76.84157345524));
#2218 = CARTESIAN_POINT('',(-2.087470639422,63.369354233108,
    -76.82128791323));
#2219 = CARTESIAN_POINT('',(-1.97352129657,62.999365193642,-76.80832011)
  );
#2220 = CARTESIAN_POINT('',(-1.949708146944,62.504122624983,
    -76.8057613182));
#2221 = CARTESIAN_POINT('',(-2.040187663823,62.130498493059,
    -76.81581873711));
#2222 = CARTESIAN_POINT('',(-2.210912810065,61.719990428012,
    -76.83612148129));
#2223 = CARTESIAN_POINT('',(-2.357734077496,61.506398221665,
    -76.85445528086));
#2224 = CARTESIAN_POINT('',(-2.697168813153,61.16793582039,
    -76.9024340699));
#2225 = CARTESIAN_POINT('',(-2.912445737687,61.021759171826,
    -76.93546006495));
#2226 = CARTESIAN_POINT('',(-3.380930201753,60.828927559521,
    -77.017530676));
#2227 = CARTESIAN_POINT('',(-3.633490094085,60.782441637098,
    -77.06685023212));
#2228 = CARTESIAN_POINT('',(-4.106398968936,60.782927206334,
    -77.16882397261));
#2229 = CARTESIAN_POINT('',(-4.357512440009,60.829363052427,
    -77.22809604085));
#2230 = CARTESIAN_POINT('',(-4.821293136063,61.023401159383,
    -77.3473659246));
#2231 = CARTESIAN_POINT('',(-5.228773645752,61.29718933914,
    -77.46114639827));
#2232 = CARTESIAN_POINT('',(-5.508943341158,61.708993602858,
    -77.54842047117));
#2233 = CARTESIAN_POINT('',(-5.706530454638,62.182326604872,
    -77.6111051543));
#2234 = CARTESIAN_POINT('',(-5.754737312695,62.439622143258,
    -77.62704822497));
#2235 = CARTESIAN_POINT('',(-5.755067523628,62.923357464503,
    -77.62714282564));
#2236 = CARTESIAN_POINT('',(-5.707244358578,63.179112339277,
    -77.61134454089));
#2237 = CARTESIAN_POINT('',(-5.519516032224,63.636555906349,
    -77.55170221923));
#2238 = CARTESIAN_POINT('',(-5.384193810689,63.840353900667,
    -77.50959580234));
#2239 = CARTESIAN_POINT('',(-5.228941764402,64.00284632025,
    -77.46389676403));
#2240 = CARTESIAN_POINT('',(-2.538456077027,64.040240405476,
    -76.8810657715));
#2241 = CARTESIAN_POINT('',(-2.533369091069,64.035315569247,
    -76.88034564286));
#2242 = CARTESIAN_POINT('',(-2.528324408425,64.03029555806,
    -76.87963085009));
#2243 = CARTESIAN_POINT('',(-2.397610141066,63.899173961046,
    -76.86117747434));
#2244 = CARTESIAN_POINT('',(-2.255457291622,63.70912735452,
    -76.84280616108));
#2245 = CARTESIAN_POINT('',(-2.088383325366,63.368939603875,
    -76.82252835943));
#2246 = CARTESIAN_POINT('',(-1.97451173278,62.999173687524,
    -76.80956355168));
#2247 = CARTESIAN_POINT('',(-1.950714659447,62.504232668339,
    -76.8070050268));
#2248 = CARTESIAN_POINT('',(-2.041132578178,62.130833126965,
    -76.81706067966));
#2249 = CARTESIAN_POINT('',(-2.211740738868,61.720571114846,
    -76.83735678592));
#2250 = CARTESIAN_POINT('',(-2.358461298067,61.507103323362,
    -76.85568229938));
#2251 = CARTESIAN_POINT('',(-2.697666150691,61.168827559557,
    -76.90362861785));
#2252 = CARTESIAN_POINT('',(-2.912800027965,61.022722874928,
    -76.93662750367));
#2253 = CARTESIAN_POINT('',(-3.38099031738,60.829961257123,
    -77.01861911119));
#2254 = CARTESIAN_POINT('',(-3.633403225105,60.78347382521,
    -77.06788709935));
#2255 = CARTESIAN_POINT('',(-4.106060942551,60.783906027513,
    -77.1697526566));
#2256 = CARTESIAN_POINT('',(-4.357055569624,60.830288908874,
    -77.22896238725));
#2257 = CARTESIAN_POINT('',(-4.82064040959,61.024182681686,
    -77.34811035263));
#2258 = CARTESIAN_POINT('',(-5.227972042481,61.29780478913,
    -77.46177991388));
#2259 = CARTESIAN_POINT('',(-5.508059433813,61.709415310545,
    -77.5489760847));
#2260 = CARTESIAN_POINT('',(-5.705587872998,62.182535434847,
    -77.61160362257));
#2261 = CARTESIAN_POINT('',(-5.753783164821,62.439724807033,
    -77.62753386829));
#2262 = CARTESIAN_POINT('',(-5.754112689999,62.92325592677,
    -77.62762795432));
#2263 = CARTESIAN_POINT('',(-5.706302583386,63.178903995972,
    -77.61184354911));
#2264 = CARTESIAN_POINT('',(-5.51862807589,63.636144793308,
    -77.55225422605));
#2265 = CARTESIAN_POINT('',(-5.383346225886,63.839847044574,
    -77.51018567747));
#2266 = CARTESIAN_POINT('',(-5.228146059477,64.002255058658,
    -77.46452967423));
#2267 = CARTESIAN_POINT('',(-2.539059197016,64.039439922454,
    -76.88227509635));
#2268 = CARTESIAN_POINT('',(-2.533977786872,64.034513764427,
    -76.88155587885));
#2269 = CARTESIAN_POINT('',(-2.528936216837,64.029497065757,
    -76.88084151357));
#2270 = CARTESIAN_POINT('',(-2.398310999433,63.898446682108,
    -76.86240079187));
#2271 = CARTESIAN_POINT('',(-2.256255055493,63.708511203687,
    -76.84403886693));
#2272 = CARTESIAN_POINT('',(-2.089296011311,63.368524974642,
    -76.82376880563));
#2273 = CARTESIAN_POINT('',(-1.97550216899,62.998982181406,
    -76.81080699336));
#2274 = CARTESIAN_POINT('',(-1.95172117195,62.504342711695,
    -76.80824873539));
#2275 = CARTESIAN_POINT('',(-2.042077492534,62.131167760871,
    -76.81830262221));
#2276 = CARTESIAN_POINT('',(-2.212568667672,61.72115180168,
    -76.83859209056));
#2277 = CARTESIAN_POINT('',(-2.359188518639,61.507808425059,
    -76.8569093179));
#2278 = CARTESIAN_POINT('',(-2.698163488229,61.169719298725,
    -76.9048231658));
#2279 = CARTESIAN_POINT('',(-2.913154318243,61.02368657803,
    -76.93779494239));
#2280 = CARTESIAN_POINT('',(-3.381050433007,60.830994954724,
    -77.01970754639));
#2281 = CARTESIAN_POINT('',(-3.633316356125,60.784506013322,
    -77.06892396658));
#2282 = CARTESIAN_POINT('',(-4.105722916167,60.784884848692,
    -77.17068134059));
#2283 = CARTESIAN_POINT('',(-4.35659869924,60.831214765322,
    -77.22982873365));
#2284 = CARTESIAN_POINT('',(-4.819987683117,61.024964203989,
    -77.34885478066));
#2285 = CARTESIAN_POINT('',(-5.227170439211,61.298420239119,
    -77.46241342949));
#2286 = CARTESIAN_POINT('',(-5.507175526468,61.70983701823,
    -77.54953169822));
#2287 = CARTESIAN_POINT('',(-5.704645291359,62.182744264822,
    -77.61210209083));
#2288 = CARTESIAN_POINT('',(-5.752829016947,62.439827470809,
    -77.62801951162));
#2289 = CARTESIAN_POINT('',(-5.753157856371,62.923154389038,
    -77.628113083));
#2290 = CARTESIAN_POINT('',(-5.705360808193,63.178695652668,
    -77.61234255733));
#2291 = CARTESIAN_POINT('',(-5.517740119557,63.635733680266,
    -77.55280623287));
#2292 = CARTESIAN_POINT('',(-5.382498641083,63.839340188481,
    -77.5107755526));
#2293 = CARTESIAN_POINT('',(-5.227350354552,64.001663797065,
    -77.46516258443));
#2294 = CARTESIAN_POINT('',(-2.599371195902,63.959391620254,
    -77.00320758169));
#2295 = CARTESIAN_POINT('',(-2.594847367202,63.954333282387,
    -77.0025794782));
#2296 = CARTESIAN_POINT('',(-2.590117057993,63.949647835394,
    -77.00190786104));
#2297 = CARTESIAN_POINT('',(-2.468396836134,63.82571878837,
    -76.98473254506));
#2298 = CARTESIAN_POINT('',(-2.336031442594,63.646896120469,
    -76.96730945127));
#2299 = CARTESIAN_POINT('',(-2.180564605763,63.327062051322,
    -76.94781342555));
#2300 = CARTESIAN_POINT('',(-2.074545789993,62.979831569604,
    -76.93515116115));
#2301 = CARTESIAN_POINT('',(-2.052372422264,62.515347047304,
    -76.9326195948));
#2302 = CARTESIAN_POINT('',(-2.136568928086,62.164631151465,
    -76.94249687696));
#2303 = CARTESIAN_POINT('',(-2.295361548038,61.779220485082,
    -76.96212255426));
#2304 = CARTESIAN_POINT('',(-2.4319105758,61.578318594773,
    -76.97961116988));
#2305 = CARTESIAN_POINT('',(-2.747897242012,61.258893215515,
    -77.02427796051));
#2306 = CARTESIAN_POINT('',(-2.94858334602,61.120056888226,
    -77.05453881462));
#2307 = CARTESIAN_POINT('',(-3.387061995738,60.934364714888,
    -77.12855106597));
#2308 = CARTESIAN_POINT('',(-3.624629458101,60.887724824499,
    -77.17261068921));
#2309 = CARTESIAN_POINT('',(-4.071920277682,60.882766966597,
    -77.26354973936));
#2310 = CARTESIAN_POINT('',(-4.310911660825,60.923800410039,
    -77.31646337334));
#2311 = CARTESIAN_POINT('',(-4.754715035812,61.103116434288,
    -77.42329758355));
#2312 = CARTESIAN_POINT('',(-5.147010112187,61.359965238055,
    -77.52576499057));
#2313 = CARTESIAN_POINT('',(-5.418784791991,61.752007786826,
    -77.6050930508));
#2314 = CARTESIAN_POINT('',(-5.610387127417,62.203627262319,
    -77.66194891709));
#2315 = CARTESIAN_POINT('',(-5.657414229507,62.450093848352,
    -77.67658384389));
#2316 = CARTESIAN_POINT('',(-5.657674493536,62.913000615797,
    -77.67662595107));
#2317 = CARTESIAN_POINT('',(-5.611183288897,63.157861322241,
    -77.66224337937));
#2318 = CARTESIAN_POINT('',(-5.428944486231,63.594622376111,
    -77.60800691447));
#2319 = CARTESIAN_POINT('',(-5.297740160806,63.788654579203,
    -77.56976306543));
#2320 = CARTESIAN_POINT('',(-5.147779862059,63.942537637836,
    -77.52845360419));
#2321 = CARTESIAN_POINT('',(-2.660240195404,63.878289021678,
    -77.12424817412));
#2322 = CARTESIAN_POINT('',(-2.655634677205,63.874306524218,
    -77.12358652803));
#2323 = CARTESIAN_POINT('',(-2.651305045091,63.869785948631,
    -77.12297584935));
#2324 = CARTESIAN_POINT('',(-2.538315792108,63.753278876233,
    -77.10702375178));
#2325 = CARTESIAN_POINT('',(-2.415813012736,63.585223752752,
    -77.09056629678));
#2326 = CARTESIAN_POINT('',(-2.271734859767,63.285749978754,
    -77.07182977543));
#2327 = CARTESIAN_POINT('',(-2.173571619241,62.960713162032,
    -77.05947434582));
#2328 = CARTESIAN_POINT('',(-2.153071548973,62.525937797043,
    -77.05696654564));
#2329 = CARTESIAN_POINT('',(-2.23103392876,62.19799072232,
    -77.06667167278));
#2330 = CARTESIAN_POINT('',(-2.378148855682,61.836959590231,
    -77.08559856887));
#2331 = CARTESIAN_POINT('',(-2.504544138785,61.648682781468,
    -77.10228516687));
#2332 = CARTESIAN_POINT('',(-2.797648283432,61.347790368233,
    -77.1436740904));
#2333 = CARTESIAN_POINT('',(-2.983854857547,61.21619986695,
    -77.17121602121));
#2334 = CARTESIAN_POINT('',(-3.393098683189,61.037518007112,
    -77.23734502639));
#2335 = CARTESIAN_POINT('',(-3.615796781032,60.990648118807,
    -77.27619056982));
#2336 = CARTESIAN_POINT('',(-4.038110111056,60.980490164014,
    -77.35639216145));
#2337 = CARTESIAN_POINT('',(-4.265038455269,61.015990761877,
    -77.40293803536));
#2338 = CARTESIAN_POINT('',(-4.68949498071,61.181212072293,
    -77.49777132701));
#2339 = CARTESIAN_POINT('',(-5.066913876344,61.421436587367,
    -77.58915074906));
#2340 = CARTESIAN_POINT('',(-5.330186898044,61.79378705346,
    -77.66047807242));
#2341 = CARTESIAN_POINT('',(-5.516448058813,62.224994212558,
    -77.7120502916));
#2342 = CARTESIAN_POINT('',(-5.561969432578,62.460273046934,
    -77.7251251734));
#2343 = CARTESIAN_POINT('',(-5.562331183149,62.903050730894,
    -77.72524364284));
#2344 = CARTESIAN_POINT('',(-5.517024228802,63.137023447469,
    -77.71217701369));
#2345 = CARTESIAN_POINT('',(-5.340195446579,63.553575121455,
    -77.66322562165));
#2346 = CARTESIAN_POINT('',(-5.21302480097,63.737938550052,
    -77.62880007057));
#2347 = CARTESIAN_POINT('',(-5.068206135287,63.88341358699,
    -77.59174097503));
#2348 = CARTESIAN_POINT('',(-2.720550663118,63.798243617705,
    -77.24518036229));
#2349 = CARTESIAN_POINT('',(-2.716504483693,63.794125619595,
    -77.24461017287));
#2350 = CARTESIAN_POINT('',(-2.712485866604,63.789936753061,
    -77.2440421923));
#2351 = CARTESIAN_POINT('',(-2.608402087557,63.680550190846,
    -77.22935561643));
#2352 = CARTESIAN_POINT('',(-2.49558938559,63.523608827006,
    -77.21383691889));
#2353 = CARTESIAN_POINT('',(-2.363003724553,63.244286640752,
    -77.19587447307));
#2354 = CARTESIAN_POINT('',(-2.272615289152,62.941562461701,
    -77.18381857129));
#2355 = CARTESIAN_POINT('',(-2.253722667676,62.536943269582,
    -77.18133747077));
#2356 = CARTESIAN_POINT('',(-2.325525436981,62.23145439831,
    -77.19086598102));
#2357 = CARTESIAN_POINT('',(-2.460941751367,61.895029179629,
    -77.20912918224));
#2358 = CARTESIAN_POINT('',(-2.577266439212,61.719193352483,
    -77.22498709543));
#2359 = CARTESIAN_POINT('',(-2.847381989692,61.436965045835,
    -77.26312904638));
#2360 = CARTESIAN_POINT('',(-3.01928431833,61.312570802071,
    -77.2879600767));
#2361 = CARTESIAN_POINT('',(-3.399110176852,61.140888362337,
    -77.34618868221));
#2362 = CARTESIAN_POINT('',(-3.607110283748,61.093867742347,
    -77.37987758615));
#2363 = CARTESIAN_POINT('',(-4.004307493266,61.078372718785,
    -77.44926063164));
#2364 = CARTESIAN_POINT('',(-4.219351928619,61.108577493238,
    -77.48957311483));
#2365 = CARTESIAN_POINT('',(-4.624222188831,61.259364458162,
    -77.57221404485));
#2366 = CARTESIAN_POINT('',(-4.986753373136,61.482981788762,
    -77.65250221613));
#2367 = CARTESIAN_POINT('',(-5.24179673304,61.835958898279,
    -77.71603990973));
#2368 = CARTESIAN_POINT('',(-5.422189017692,62.24587587969,
    -77.76189641812));
#2369 = CARTESIAN_POINT('',(-5.466554727633,62.470539664129,
    -77.7736895689));
#2370 = CARTESIAN_POINT('',(-5.466847435315,62.892896397172,
    -77.77375622274));
#2371 = CARTESIAN_POINT('',(-5.422846658763,63.116189126785,
    -77.76207774552));
#2372 = CARTESIAN_POINT('',(-5.251399685168,63.512463641231,
    -77.7184262537));
#2373 = CARTESIAN_POINT('',(-5.128266202157,63.687253024397,
    -77.68778744735));
#2374 = CARTESIAN_POINT('',(-4.988635651685,63.824287421966,
    -77.65503200482));
#2375 = CARTESIAN_POINT('',(-2.721153767796,63.797443163665,
    -77.24638968417));
#2376 = CARTESIAN_POINT('',(-2.717113181758,63.793323810549,
    -77.24582040932));
#2377 = CARTESIAN_POINT('',(-2.713097674819,63.789138261105,
    -77.24525285573));
#2378 = CARTESIAN_POINT('',(-2.609102950512,63.679822903992,
    -77.23057893507));
#2379 = CARTESIAN_POINT('',(-2.496387149318,63.522992677749,
    -77.21506962511));
#2380 = CARTESIAN_POINT('',(-2.363916413201,63.243872007372,
    -77.19711492004));
#2381 = CARTESIAN_POINT('',(-2.273605725851,62.941370954697,
    -77.18506201354));
#2382 = CARTESIAN_POINT('',(-2.254729178864,62.537053324307,
    -77.18258118002));
#2383 = CARTESIAN_POINT('',(-2.326470352063,62.23178903507,
    -77.19210792411));
#2384 = CARTESIAN_POINT('',(-2.461769680324,61.895609875523,
    -77.21036448838));
#2385 = CARTESIAN_POINT('',(-2.577993662217,61.719898458193,
    -77.22621411471));
#2386 = CARTESIAN_POINT('',(-2.847879326755,61.437856792611,
    -77.26432359594));
#2387 = CARTESIAN_POINT('',(-3.019638612938,61.313534511422,
    -77.28912751725));
#2388 = CARTESIAN_POINT('',(-3.399170291789,61.141922065889,
    -77.34727711877));
#2389 = CARTESIAN_POINT('',(-3.607023418776,61.094899938583,
    -77.38091445631));
#2390 = CARTESIAN_POINT('',(-4.003969467088,61.079351544332,
    -77.45018931634));
#2391 = CARTESIAN_POINT('',(-4.218895063353,61.109503360551,
    -77.49043946562));
#2392 = CARTESIAN_POINT('',(-4.623569460912,61.260145982021,
    -77.57295847203));
#2393 = CARTESIAN_POINT('',(-4.985951768104,61.483597240776,
    -77.6531357308));
#2394 = CARTESIAN_POINT('',(-5.24091283139,61.836380616727,
    -77.7165955281));
#2395 = CARTESIAN_POINT('',(-5.42124642728,62.246084696361,
    -77.76239487939));
#2396 = CARTESIAN_POINT('',(-5.465600580584,62.470642330301,
    -77.77417521286));
#2397 = CARTESIAN_POINT('',(-5.465892597837,62.892794853835,
    -77.77424134854));
#2398 = CARTESIAN_POINT('',(-5.421904883062,63.115980783579,
    -77.76257675284));
#2399 = CARTESIAN_POINT('',(-5.250511727554,63.512052526429,
    -77.71897826002));
#2400 = CARTESIAN_POINT('',(-5.127418616169,63.686746169141,
    -77.68837732111));
#2401 = CARTESIAN_POINT('',(-4.987839946849,63.823696160315,
    -77.65566491512));
#2402 = CARTESIAN_POINT('',(-2.721756872473,63.796642709626,
    -77.24759900605));
#2403 = CARTESIAN_POINT('',(-2.717721879823,63.792522001503,
    -77.24703064577));
#2404 = CARTESIAN_POINT('',(-2.713709483034,63.788339769149,
    -77.24646351916));
#2405 = CARTESIAN_POINT('',(-2.609803813466,63.679095617138,
    -77.23180225372));
#2406 = CARTESIAN_POINT('',(-2.497184913047,63.522376528492,
    -77.21630233133));
#2407 = CARTESIAN_POINT('',(-2.364829101848,63.243457373992,
    -77.19835536702));
#2408 = CARTESIAN_POINT('',(-2.27459616255,62.941179447694,
    -77.1863054558));
#2409 = CARTESIAN_POINT('',(-2.255735690051,62.537163379032,
    -77.18382488927));
#2410 = CARTESIAN_POINT('',(-2.327415267145,62.23212367183,
    -77.19334986719));
#2411 = CARTESIAN_POINT('',(-2.462597609281,61.896190571417,
    -77.21159979451));
#2412 = CARTESIAN_POINT('',(-2.578720885221,61.720603563903,
    -77.227441134));
#2413 = CARTESIAN_POINT('',(-2.848376663818,61.438748539387,
    -77.2655181455));
#2414 = CARTESIAN_POINT('',(-3.019992907545,61.314498220774,
    -77.29029495781));
#2415 = CARTESIAN_POINT('',(-3.399230406725,61.142955769442,
    -77.34836555533));
#2416 = CARTESIAN_POINT('',(-3.606936553803,61.095932134818,
    -77.38195132648));
#2417 = CARTESIAN_POINT('',(-4.00363144091,61.08033036988,
    -77.45111800104));
#2418 = CARTESIAN_POINT('',(-4.218438198086,61.110429227865,
    -77.49130581642));
#2419 = CARTESIAN_POINT('',(-4.622916732993,61.260927505879,
    -77.5737028992));
#2420 = CARTESIAN_POINT('',(-4.985150163071,61.48421269279,
    -77.65376924547));
#2421 = CARTESIAN_POINT('',(-5.24002892974,61.836802335175,
    -77.71715114647));
#2422 = CARTESIAN_POINT('',(-5.420303836869,62.246293513032,
    -77.76289334065));
#2423 = CARTESIAN_POINT('',(-5.464646433535,62.470744996473,
    -77.77466085681));
#2424 = CARTESIAN_POINT('',(-5.464937760359,62.892693310498,
    -77.77472647434));
#2425 = CARTESIAN_POINT('',(-5.420963107362,63.115772440372,
    -77.76307576016));
#2426 = CARTESIAN_POINT('',(-5.24962376994,63.511641411627,
    -77.71953026634));
#2427 = CARTESIAN_POINT('',(-5.126571030181,63.686239313884,
    -77.68896719488));
#2428 = CARTESIAN_POINT('',(-4.987044242013,63.823104898665,
    -77.65629782542));
#2429 = CARTESIAN_POINT('',(-2.72235997715,63.795842255586,
    -77.24880832794));
#2430 = CARTESIAN_POINT('',(-2.718330577888,63.791720192457,
    -77.24824088222));
#2431 = CARTESIAN_POINT('',(-2.714321291249,63.787541277193,
    -77.24767418259));
#2432 = CARTESIAN_POINT('',(-2.610504676421,63.678368330284,
    -77.23302557236));
#2433 = CARTESIAN_POINT('',(-2.497982676775,63.521760379234,
    -77.21753503756));
#2434 = CARTESIAN_POINT('',(-2.365741790496,63.243042740612,
    -77.19959581399));
#2435 = CARTESIAN_POINT('',(-2.275586599249,62.940987940691,
    -77.18754889805));
#2436 = CARTESIAN_POINT('',(-2.256742201238,62.537273433758,
    -77.18506859852));
#2437 = CARTESIAN_POINT('',(-2.328360182228,62.23245830859,
    -77.19459181027));
#2438 = CARTESIAN_POINT('',(-2.463425538238,61.896771267311,
    -77.21283510064));
#2439 = CARTESIAN_POINT('',(-2.579448108225,61.721308669613,
    -77.22866815328));
#2440 = CARTESIAN_POINT('',(-2.84887400088,61.439640286163,
    -77.26671269506));
#2441 = CARTESIAN_POINT('',(-3.020347202153,61.315461930125,
    -77.29146239836));
#2442 = CARTESIAN_POINT('',(-3.399290521662,61.143989472994,
    -77.34945399189));
#2443 = CARTESIAN_POINT('',(-3.60684968883,61.096964331054,
    -77.38298819664));
#2444 = CARTESIAN_POINT('',(-4.003293414733,61.081309195428,
    -77.45204668574));
#2445 = CARTESIAN_POINT('',(-4.21798133282,61.111355095179,
    -77.49217216721));
#2446 = CARTESIAN_POINT('',(-4.622264005075,61.261709029738,
    -77.57444732638));
#2447 = CARTESIAN_POINT('',(-4.984348558039,61.484828144804,
    -77.65440276014));
#2448 = CARTESIAN_POINT('',(-5.23914502809,61.837224053623,
    -77.71770676485));
#2449 = CARTESIAN_POINT('',(-5.419361246458,62.246502329704,
    -77.76339180192));
#2450 = CARTESIAN_POINT('',(-5.463692286485,62.470847662645,
    -77.77514650077));
#2451 = CARTESIAN_POINT('',(-5.46398292288,62.892591767161,
    -77.77521160014));
#2452 = CARTESIAN_POINT('',(-5.420021331662,63.115564097165,
    -77.76357476748));
#2453 = CARTESIAN_POINT('',(-5.248735812326,63.511230296825,
    -77.72008227266));
#2454 = CARTESIAN_POINT('',(-5.125723444192,63.685732458628,
    -77.68955706865));
#2455 = CARTESIAN_POINT('',(-4.986248537177,63.822513637015,
    -77.65693073571));
#2456 = ADVANCED_FACE('',(#2457),#2478,.T.);
#2457 = FACE_BOUND('',#2458,.T.);
#2458 = EDGE_LOOP('',(#2459,#2467,#2468,#2469));
#2459 = ORIENTED_EDGE('',*,*,#2460,.F.);
#2460 = EDGE_CURVE('',#1235,#2461,#2463,.T.);
#2461 = VERTEX_POINT('',#2462);
#2462 = CARTESIAN_POINT('',(-4.964010944049,63.84957540763,
    -77.64829281134));
#2463 = LINE('',#2464,#2465);
#2464 = CARTESIAN_POINT('',(-5.198934911789,64.030796912238,
    -77.45683147439));
#2465 = VECTOR('',#2466,1.);
#2466 = DIRECTION('',(0.665296269932,-0.513212816074,-0.542211654828));
#2467 = ORIENTED_EDGE('',*,*,#1234,.T.);
#2468 = ORIENTED_EDGE('',*,*,#1982,.F.);
#2469 = ORIENTED_EDGE('',*,*,#2470,.T.);
#2470 = EDGE_CURVE('',#1983,#2461,#2471,.T.);
#2471 = B_SPLINE_CURVE_WITH_KNOTS('',3,(#2472,#2473,#2474,#2475,#2476,
    #2477),.UNSPECIFIED.,.F.,.F.,(4,2,4),(0.604722747887,0.608576501656,
    0.609602443235),.UNSPECIFIED.);
#2472 = CARTESIAN_POINT('',(-4.998896945713,63.814689395492,
    -77.6571055388));
#2473 = CARTESIAN_POINT('',(-4.989639720266,63.823946623784,
    -77.65492758449));
#2474 = CARTESIAN_POINT('',(-4.980444727669,63.833141619155,
    -77.65263727475));
#2475 = CARTESIAN_POINT('',(-4.968878277962,63.844708072287,
    -77.64959837606));
#2476 = CARTESIAN_POINT('',(-4.966445235263,63.847141115702,
    -77.6489502366));
#2477 = CARTESIAN_POINT('',(-4.964010944049,63.84957540763,
    -77.64829281134));
#2478 = B_SPLINE_SURFACE_WITH_KNOTS('',3,3,(
    (#2479,#2480,#2481,#2482,#2483,#2484)
    ,(#2485,#2486,#2487,#2488,#2489,#2490)
    ,(#2491,#2492,#2493,#2494,#2495,#2496)
    ,(#2497,#2498,#2499,#2500,#2501,#2502
    )),.UNSPECIFIED.,.F.,.F.,.F.,(4,4),(4,2,4),(0.,1.),(0.604722747887,
    0.608576501656,0.609602443235),.UNSPECIFIED.);
#2479 = CARTESIAN_POINT('',(-5.238383628024,63.990014858698,
    -77.46841014065));
#2480 = CARTESIAN_POINT('',(-5.228104105717,64.000966839157,
    -77.46538089534));
#2481 = CARTESIAN_POINT('',(-5.217741325225,64.011745312896,
    -77.46233657193));
#2482 = CARTESIAN_POINT('',(-5.204526281893,64.025170224417,
    -77.45846674016));
#2483 = CARTESIAN_POINT('',(-5.201736330077,64.027986692356,
    -77.45765043293));
#2484 = CARTESIAN_POINT('',(-5.198934911789,64.030796912238,
    -77.45683147439));
#2485 = CARTESIAN_POINT('',(-5.15855473392,63.931573037629,
    -77.5313086067));
#2486 = CARTESIAN_POINT('',(-5.148615977743,63.941960095994,
    -77.52856312542));
#2487 = CARTESIAN_POINT('',(-5.138642459619,63.952210746087,
    -77.52577013972));
#2488 = CARTESIAN_POINT('',(-5.125976947187,63.965016174226,
    -77.52217728541));
#2489 = CARTESIAN_POINT('',(-5.123305965186,63.967704832841,
    -77.52141703419));
#2490 = CARTESIAN_POINT('',(-5.120626922542,63.970389744035,
    -77.52065192004));
#2491 = CARTESIAN_POINT('',(-5.078725839816,63.873131216561,
    -77.59420707275));
#2492 = CARTESIAN_POINT('',(-5.06912784824,63.882953366947,
    -77.59174535441));
#2493 = CARTESIAN_POINT('',(-5.059543593275,63.892676185964,
    -77.58920370697));
#2494 = CARTESIAN_POINT('',(-5.047427612669,63.904862122478,
    -77.58588783081));
#2495 = CARTESIAN_POINT('',(-5.044875600154,63.907422975217,
    -77.58518363533));
#2496 = CARTESIAN_POINT('',(-5.042318933296,63.909982575833,
    -77.58447236569));
#2497 = CARTESIAN_POINT('',(-4.998896945713,63.814689395492,
    -77.6571055388));
#2498 = CARTESIAN_POINT('',(-4.989639720266,63.823946623784,
    -77.65492758449));
#2499 = CARTESIAN_POINT('',(-4.980444727669,63.833141619155,
    -77.65263727475));
#2500 = CARTESIAN_POINT('',(-4.968878277962,63.844708072287,
    -77.64959837606));
#2501 = CARTESIAN_POINT('',(-4.966445235263,63.847141115702,
    -77.6489502366));
#2502 = CARTESIAN_POINT('',(-4.964010944049,63.84957540763,
    -77.64829281134));
#2503 = ADVANCED_FACE('',(#2504),#2526,.T.);
#2504 = FACE_BOUND('',#2505,.T.);
#2505 = EDGE_LOOP('',(#2506,#2507,#2508,#2519));
#2506 = ORIENTED_EDGE('',*,*,#1243,.T.);
#2507 = ORIENTED_EDGE('',*,*,#2460,.T.);
#2508 = ORIENTED_EDGE('',*,*,#2509,.T.);
#2509 = EDGE_CURVE('',#2461,#2510,#2512,.T.);
#2510 = VERTEX_POINT('',#2511);
#2511 = CARTESIAN_POINT('',(-4.483116526149,64.330469972326,
    -77.5234199482));
#2512 = B_SPLINE_CURVE_WITH_KNOTS('',3,(#2513,#2514,#2515,#2516,#2517,
    #2518),.UNSPECIFIED.,.F.,.F.,(4,2,4),(-6.914622312338E-02,
    -3.260137890484E-02,0.),.UNSPECIFIED.);
#2513 = CARTESIAN_POINT('',(-4.964010944049,63.84957540763,
    -77.64829281134));
#2514 = CARTESIAN_POINT('',(-4.879446309258,63.934140067062,
    -77.62512369635));
#2515 = CARTESIAN_POINT('',(-4.794794555112,64.018791846141,
    -77.60257372826));
#2516 = CARTESIAN_POINT('',(-4.63447855201,64.179107896961,
    -77.56107698635));
#2517 = CARTESIAN_POINT('',(-4.558826849571,64.254759622128,
    -77.54200311338));
#2518 = CARTESIAN_POINT('',(-4.483116527223,64.33046996743,-77.523419946
    ));
#2519 = ORIENTED_EDGE('',*,*,#2520,.T.);
#2520 = EDGE_CURVE('',#2510,#1244,#2521,.T.);
#2521 = CIRCLE('',#2522,35.294108940708);
#2522 = AXIS2_PLACEMENT_3D('',#2523,#2524,#2525);
#2523 = CARTESIAN_POINT('',(26.952098500539,74.101724800035,
    -64.79455664386));
#2524 = DIRECTION('',(8.2220357322E-02,0.682076217766,-0.726644236198));
#2525 = DIRECTION('',(-0.895337740231,-0.269688241725,-0.354455333142));
#2526 = B_SPLINE_SURFACE_WITH_KNOTS('',3,3,(
    (#2527,#2528,#2529,#2530)
    ,(#2531,#2532,#2533,#2534)
    ,(#2535,#2536,#2537,#2538)
    ,(#2539,#2540,#2541,#2542
    )),.UNSPECIFIED.,.F.,.F.,.F.,(4,4),(4,4),(0.,1.),(1.297335697632,
    1.327460678692),.PIECEWISE_BEZIER_KNOTS.);
#2527 = CARTESIAN_POINT('',(-5.198934911789,64.030796912238,
    -77.45683147439));
#2528 = CARTESIAN_POINT('',(-5.01609997763,64.214206283614,
    -77.40338203749));
#2529 = CARTESIAN_POINT('',(-4.832443726515,64.398408097295,
    -77.35267726861));
#2530 = CARTESIAN_POINT('',(-4.648049238438,64.583318620072,
    -77.30474178548));
#2531 = CARTESIAN_POINT('',(-5.120626922542,63.970389744035,
    -77.52065192004));
#2532 = CARTESIAN_POINT('',(-4.937881565526,64.153518076929,
    -77.46834573002));
#2533 = CARTESIAN_POINT('',(-4.754333369901,64.337429999151,
    -77.41879836905));
#2534 = CARTESIAN_POINT('',(-4.570066158522,64.522041252363,
    -77.37203437756));
#2535 = CARTESIAN_POINT('',(-5.042318933296,63.909982575833,
    -77.58447236569));
#2536 = CARTESIAN_POINT('',(-4.859663153422,64.092829870244,
    -77.53330942256));
#2537 = CARTESIAN_POINT('',(-4.676223013287,64.276451901008,
    -77.4849194695));
#2538 = CARTESIAN_POINT('',(-4.492083078607,64.460763884654,
    -77.43932696963));
#2539 = CARTESIAN_POINT('',(-4.964010944049,63.84957540763,
    -77.64829281134));
#2540 = CARTESIAN_POINT('',(-4.781444741318,64.032141663559,
    -77.5982731151));
#2541 = CARTESIAN_POINT('',(-4.598112656673,64.215473802865,
    -77.55104056995));
#2542 = CARTESIAN_POINT('',(-4.414099998692,64.399486516945,
    -77.50661956171));
#2543 = ADVANCED_FACE('',(#2544),#2572,.T.);
#2544 = FACE_BOUND('',#2545,.T.);
#2545 = EDGE_LOOP('',(#2546,#2554,#2555,#2556,#2565));
#2546 = ORIENTED_EDGE('',*,*,#2547,.F.);
#2547 = EDGE_CURVE('',#1253,#2548,#2550,.T.);
#2548 = VERTEX_POINT('',#2549);
#2549 = CARTESIAN_POINT('',(-3.867525771309,64.283318776046,
    -77.42632666108));
#2550 = LINE('',#2551,#2552);
#2551 = CARTESIAN_POINT('',(-3.931694556851,64.583318787767,
    -77.13326972841));
#2552 = VECTOR('',#2553,1.);
#2553 = DIRECTION('',(0.151247278981,-0.707106781186,-0.690741819062));
#2554 = ORIENTED_EDGE('',*,*,#1252,.T.);
#2555 = ORIENTED_EDGE('',*,*,#2520,.F.);
#2556 = ORIENTED_EDGE('',*,*,#2557,.T.);
#2557 = EDGE_CURVE('',#2510,#2558,#2560,.T.);
#2558 = VERTEX_POINT('',#2559);
#2559 = CARTESIAN_POINT('',(-4.530267859597,64.283318641354,
    -77.58414717766));
#2560 = ELLIPSE('',#2561,63.074504394255,23.776914596445);
#2561 = AXIS2_PLACEMENT_3D('',#2562,#2563,#2564);
#2562 = CARTESIAN_POINT('',(32.025014403868,100.83961141802,
    -77.35414924348));
#2563 = DIRECTION('',(0.707116602217,-0.707096959856,-1.522848769731E-05
    ));
#2564 = DIRECTION('',(0.676985840976,0.676998428676,0.288727031447));
#2565 = ORIENTED_EDGE('',*,*,#2566,.T.);
#2566 = EDGE_CURVE('',#2558,#2548,#2567,.T.);
#2567 = CIRCLE('',#2568,18.700641211995);
#2568 = AXIS2_PLACEMENT_3D('',#2569,#2570,#2571);
#2569 = CARTESIAN_POINT('',(0.132480896496,64.283319583815,
    -95.69416528488));
#2570 = DIRECTION('',(-2.023338253926E-07,1.,-1.647941280019E-12));
#2571 = DIRECTION('',(-0.213896765614,-4.327694102412E-08,0.976856270728
    ));
#2572 = B_SPLINE_SURFACE_WITH_KNOTS('',3,3,(
    (#2573,#2574,#2575,#2576)
    ,(#2577,#2578,#2579,#2580)
    ,(#2581,#2582,#2583,#2584)
    ,(#2585,#2586,#2587,#2588
    )),.UNSPECIFIED.,.F.,.F.,.F.,(4,4),(4,4),(0.,1.),(-1.301529622606,
    -1.262759232729),.PIECEWISE_BEZIER_KNOTS.);
#2573 = CARTESIAN_POINT('',(-4.648049241918,64.583318616582,
    -77.30474178639));
#2574 = CARTESIAN_POINT('',(-4.410402264738,64.583318664666,
    -77.24296270182));
#2575 = CARTESIAN_POINT('',(-4.171557546905,64.583318712992,
    -77.18579102952));
#2576 = CARTESIAN_POINT('',(-3.931694556851,64.583318761525,
    -77.13326972841));
#2577 = CARTESIAN_POINT('',(-4.622889322003,64.483318621673,
    -77.40152493271));
#2578 = CARTESIAN_POINT('',(-4.386493118135,64.483318669504,
    -77.34007100167));
#2579 = CARTESIAN_POINT('',(-4.148905477529,64.483318717576,
    -77.28320023337));
#2580 = CARTESIAN_POINT('',(-3.910304924048,64.483318765853,
    -77.23095536064));
#2581 = CARTESIAN_POINT('',(-4.597729402088,64.383318626763,
    -77.49830807903));
#2582 = CARTESIAN_POINT('',(-4.362583971531,64.383318674341,
    -77.43717930152));
#2583 = CARTESIAN_POINT('',(-4.126253408152,64.383318722159,
    -77.38060943722));
#2584 = CARTESIAN_POINT('',(-3.888915291244,64.383318770181,
    -77.32864099286));
#2585 = CARTESIAN_POINT('',(-4.572569482173,64.283318631854,
    -77.59509122535));
#2586 = CARTESIAN_POINT('',(-4.338674824927,64.283318679179,
    -77.53428760137));
#2587 = CARTESIAN_POINT('',(-4.103601338775,64.283318726742,
    -77.47801864108));
#2588 = CARTESIAN_POINT('',(-3.86752565844,64.283318774509,
    -77.42632662509));
#2589 = ADVANCED_FACE('',(#2590),#2612,.T.);
#2590 = FACE_BOUND('',#2591,.T.);
#2591 = EDGE_LOOP('',(#2592,#2593,#2604,#2611));
#2592 = ORIENTED_EDGE('',*,*,#2547,.T.);
#2593 = ORIENTED_EDGE('',*,*,#2594,.T.);
#2594 = EDGE_CURVE('',#2548,#2595,#2597,.T.);
#2595 = VERTEX_POINT('',#2596);
#2596 = CARTESIAN_POINT('',(-3.156962692907,64.283318628833,
    -77.28510486709));
#2597 = B_SPLINE_CURVE_WITH_KNOTS('',3,(#2598,#2599,#2600,#2601,#2602,
    #2603),.UNSPECIFIED.,.F.,.F.,(4,2,4),(-7.245061350512E-02,
    -3.583851791534E-02,0.),.UNSPECIFIED.);
#2598 = CARTESIAN_POINT('',(-3.867525768053,64.283318774509,
    -77.42632667595));
#2599 = CARTESIAN_POINT('',(-3.748309901163,64.283318749876,
    -77.40022272122));
#2600 = CARTESIAN_POINT('',(-3.6288384535,64.28331872519,-77.37528601183
    ));
#2601 = CARTESIAN_POINT('',(-3.391959537879,64.283318676245,
    -77.32825817877));
#2602 = CARTESIAN_POINT('',(-3.274561796121,64.283318651987,
    -77.30611806325));
#2603 = CARTESIAN_POINT('',(-3.156962686812,64.283318627689,
    -77.28510488737));
#2604 = ORIENTED_EDGE('',*,*,#2605,.T.);
#2605 = EDGE_CURVE('',#2595,#1262,#2606,.T.);
#2606 = CIRCLE('',#2607,34.103813664931);
#2607 = AXIS2_PLACEMENT_3D('',#2608,#2609,#2610);
#2608 = CARTESIAN_POINT('',(-35.87462412327,73.835506595495,
    -78.46002700011));
#2609 = DIRECTION('',(-0.224097932014,-0.681930916431,0.696240146848));
#2610 = DIRECTION('',(0.96150109592,-0.271294819806,4.375800830918E-02)
  );
#2611 = ORIENTED_EDGE('',*,*,#1261,.T.);
#2612 = B_SPLINE_SURFACE_WITH_KNOTS('',3,3,(
    (#2613,#2614,#2615,#2616)
    ,(#2617,#2618,#2619,#2620)
    ,(#2621,#2622,#2623,#2624)
    ,(#2625,#2626,#2627,#2628
    )),.UNSPECIFIED.,.F.,.F.,.F.,(4,4),(4,4),(0.,1.),(-1.262759239037,
    -1.217285000746),.PIECEWISE_BEZIER_KNOTS.);
#2613 = CARTESIAN_POINT('',(-3.931694556851,64.583318787767,
    -77.13326972841));
#2614 = CARTESIAN_POINT('',(-3.65035648373,64.583318729636,
    -77.07166688736));
#2615 = CARTESIAN_POINT('',(-3.367617518219,64.583318671215,
    -77.0164619701));
#2616 = CARTESIAN_POINT('',(-3.08376990852,64.583318612565,
    -76.96771203823));
#2617 = CARTESIAN_POINT('',(-3.910304960585,64.483318783348,
    -77.23095537759));
#2618 = CARTESIAN_POINT('',(-3.630447614424,64.483318725522,
    -77.16967676145));
#2619 = CARTESIAN_POINT('',(-3.349196748966,64.483318667409,
    -77.11476239581));
#2620 = CARTESIAN_POINT('',(-3.066843074262,64.483318609068,
    -77.06626904195));
#2621 = CARTESIAN_POINT('',(-3.888915364319,64.383318778928,
    -77.32864102677));
#2622 = CARTESIAN_POINT('',(-3.610538745119,64.383318721409,
    -77.26768663555));
#2623 = CARTESIAN_POINT('',(-3.330775979713,64.383318663603,
    -77.21306282153));
#2624 = CARTESIAN_POINT('',(-3.049916240004,64.38331860557,
    -77.16482604566));
#2625 = CARTESIAN_POINT('',(-3.867525768053,64.283318774509,
    -77.42632667595));
#2626 = CARTESIAN_POINT('',(-3.590629875813,64.283318717295,
    -77.36569650964));
#2627 = CARTESIAN_POINT('',(-3.31235521046,64.283318659797,
    -77.31136324724));
#2628 = CARTESIAN_POINT('',(-3.032989405746,64.283318602073,
    -77.26338304938));
#2629 = ADVANCED_FACE('',(#2630),#2658,.T.);
#2630 = FACE_BOUND('',#2631,.T.);
#2631 = EDGE_LOOP('',(#2632,#2643,#2649,#2650,#2651));
#2632 = ORIENTED_EDGE('',*,*,#2633,.T.);
#2633 = EDGE_CURVE('',#2634,#2636,#2638,.T.);
#2634 = VERTEX_POINT('',#2635);
#2635 = CARTESIAN_POINT('',(-3.204783701926,64.283318637831,
    -77.33300504306));
#2636 = VERTEX_POINT('',#2637);
#2637 = CARTESIAN_POINT('',(-2.736154613749,63.814689390639,
    -77.24717162129));
#2638 = CIRCLE('',#2639,35.591323621163);
#2639 = AXIS2_PLACEMENT_3D('',#2640,#2641,#2642);
#2640 = CARTESIAN_POINT('',(0.26181056189,60.81670836542,-112.5850639139
    ));
#2641 = DIRECTION('',(0.707106927293,0.70710663508,-2.923574680819E-07)
  );
#2642 = DIRECTION('',(-8.423303408297E-02,8.423347940439E-02,
    0.992879407036));
#2643 = ORIENTED_EDGE('',*,*,#2644,.T.);
#2644 = EDGE_CURVE('',#2636,#1271,#2645,.T.);
#2645 = LINE('',#2646,#2647);
#2646 = CARTESIAN_POINT('',(-2.736154613749,63.814689390639,
    -77.24717162129));
#2647 = VECTOR('',#2648,1.);
#2648 = DIRECTION('',(0.388194356022,0.50681863515,0.769701249198));
#2649 = ORIENTED_EDGE('',*,*,#1270,.T.);
#2650 = ORIENTED_EDGE('',*,*,#2605,.F.);
#2651 = ORIENTED_EDGE('',*,*,#2652,.T.);
#2652 = EDGE_CURVE('',#2595,#2634,#2653,.T.);
#2653 = ELLIPSE('',#2654,21.772230499302,16.406254127364);
#2654 = AXIS2_PLACEMENT_3D('',#2655,#2656,#2657);
#2655 = CARTESIAN_POINT('',(10.101985483865,64.283347939623,
    -87.50564458608));
#2656 = DIRECTION('',(1.17012976253E-06,-0.999999999998,
    -1.349726514874E-06));
#2657 = DIRECTION('',(0.821577393251,1.918771260861E-07,0.570096997799)
  );
#2658 = B_SPLINE_SURFACE_WITH_KNOTS('',3,3,(
    (#2659,#2660,#2661,#2662)
    ,(#2663,#2664,#2665,#2666)
    ,(#2667,#2668,#2669,#2670)
    ,(#2671,#2672,#2673,#2674
    )),.UNSPECIFIED.,.F.,.F.,.F.,(4,4),(4,4),(0.,1.),(1.389635963089,
    1.417881493056),.PIECEWISE_BEZIER_KNOTS.);
#2659 = CARTESIAN_POINT('',(-3.083769909394,64.583318612565,
    -76.96771203838));
#2660 = CARTESIAN_POINT('',(-2.907281178736,64.407176257182,
    -76.93740065543));
#2661 = CARTESIAN_POINT('',(-2.730378608518,64.230592897155,
    -76.90958704099));
#2662 = CARTESIAN_POINT('',(-2.553132852652,64.053638869741,
    -76.88428103321));
#2663 = CARTESIAN_POINT('',(-3.142454027261,64.501664813807,
    -77.09311435005));
#2664 = CARTESIAN_POINT('',(-2.966770120122,64.326211804335,
    -77.06130777387));
#2665 = CARTESIAN_POINT('',(-2.790641428405,64.150295899808,
    -77.03201478063));
#2666 = CARTESIAN_POINT('',(-2.614140106351,63.973989043374,
    -77.00524456257));
#2667 = CARTESIAN_POINT('',(-3.201138145128,64.420011015049,
    -77.21851666171));
#2668 = CARTESIAN_POINT('',(-3.026259061507,64.245247351487,
    -77.18521489231));
#2669 = CARTESIAN_POINT('',(-2.850904248291,64.069998902461,
    -77.15444252027));
#2670 = CARTESIAN_POINT('',(-2.67514736005,63.894339217006,
    -77.12620809193));
#2671 = CARTESIAN_POINT('',(-3.259822262995,64.338357216291,
    -77.34391897337));
#2672 = CARTESIAN_POINT('',(-3.085748002892,64.164282898639,
    -77.30912201075));
#2673 = CARTESIAN_POINT('',(-2.911167068178,63.989701905114,
    -77.27687025991));
#2674 = CARTESIAN_POINT('',(-2.736154613749,63.814689390639,
    -77.24717162129));
#2675 = ADVANCED_FACE('',(#2676),#2688,.T.);
#2676 = FACE_BOUND('',#2677,.T.);
#2677 = EDGE_LOOP('',(#2678,#2679,#2680,#2681));
#2678 = ORIENTED_EDGE('',*,*,#1991,.F.);
#2679 = ORIENTED_EDGE('',*,*,#1279,.T.);
#2680 = ORIENTED_EDGE('',*,*,#2644,.F.);
#2681 = ORIENTED_EDGE('',*,*,#2682,.T.);
#2682 = EDGE_CURVE('',#2636,#1992,#2683,.T.);
#2683 = ELLIPSE('',#2684,15.277013401019,3.904583806017);
#2684 = AXIS2_PLACEMENT_3D('',#2685,#2686,#2687);
#2685 = CARTESIAN_POINT('',(-9.111882681974,56.822018001181,
    -89.23759259346));
#2686 = DIRECTION('',(0.606938555492,0.502460035492,-0.615759289487));
#2687 = DIRECTION('',(0.420486788714,0.454439972613,0.785286681288));
#2688 = B_SPLINE_SURFACE_WITH_KNOTS('',3,3,(
    (#2689,#2690,#2691,#2692)
    ,(#2693,#2694,#2695,#2696)
    ,(#2697,#2698,#2699,#2700)
    ,(#2701,#2702,#2703,#2704
    )),.UNSPECIFIED.,.F.,.F.,.F.,(4,4),(4,4),(0.,1.),(1.417881493056,
    1.419243447551),.PIECEWISE_BEZIER_KNOTS.);
#2689 = CARTESIAN_POINT('',(-2.553132852652,64.053638869741,
    -76.88428103321));
#2690 = CARTESIAN_POINT('',(-2.544586344432,64.045106428203,
    -76.88306081779));
#2691 = CARTESIAN_POINT('',(-2.536039038354,64.036573124922,
    -76.88184643222));
#2692 = CARTESIAN_POINT('',(-2.527490942354,64.028038967802,
    -76.88063787747));
#2693 = CARTESIAN_POINT('',(-2.614140106351,63.973989043374,
    -77.00524456257));
#2694 = CARTESIAN_POINT('',(-2.605629493545,63.96548780739,
    -77.00395374527));
#2695 = CARTESIAN_POINT('',(-2.597145312435,63.956950022541,
    -77.0027229193));
#2696 = CARTESIAN_POINT('',(-2.588687987633,63.948375468488,
    -77.00155233811));
#2697 = CARTESIAN_POINT('',(-2.67514736005,63.894339217006,
    -77.12620809193));
#2698 = CARTESIAN_POINT('',(-2.666672642657,63.885869186577,
    -77.12484667274));
#2699 = CARTESIAN_POINT('',(-2.658251586516,63.877326920161,
    -77.12359940639));
#2700 = CARTESIAN_POINT('',(-2.649885032911,63.868711969173,
    -77.12246679875));
#2701 = CARTESIAN_POINT('',(-2.736154613749,63.814689390639,
    -77.24717162129));
#2702 = CARTESIAN_POINT('',(-2.727715791769,63.806250565764,
    -77.24573960021));
#2703 = CARTESIAN_POINT('',(-2.719357860596,63.797703817781,
    -77.24447589347));
#2704 = CARTESIAN_POINT('',(-2.71108207819,63.789048469858,
    -77.24338125939));
#2705 = ADVANCED_FACE('',(#2706),#2742,.T.);
#2706 = FACE_BOUND('',#2707,.T.);
#2707 = EDGE_LOOP('',(#2708,#2709,#2717,#2726,#2735));
#2708 = ORIENTED_EDGE('',*,*,#1290,.T.);
#2709 = ORIENTED_EDGE('',*,*,#2710,.T.);
#2710 = EDGE_CURVE('',#1293,#2711,#2713,.T.);
#2711 = VERTEX_POINT('',#2712);
#2712 = CARTESIAN_POINT('',(3.001103032103,63.814688205179,
    -77.24721957682));
#2713 = LINE('',#2714,#2715);
#2714 = CARTESIAN_POINT('',(2.818085107215,64.053640751114,
    -76.88432212172));
#2715 = VECTOR('',#2716,1.);
#2716 = DIRECTION('',(0.388181813813,-0.506819388062,-0.7697070789));
#2717 = ORIENTED_EDGE('',*,*,#2718,.T.);
#2718 = EDGE_CURVE('',#2711,#2719,#2721,.T.);
#2719 = VERTEX_POINT('',#2720);
#2720 = CARTESIAN_POINT('',(3.469732242963,64.283317258711,
    -77.33306067563));
#2721 = CIRCLE('',#2722,35.591111606623);
#2722 = AXIS2_PLACEMENT_3D('',#2723,#2724,#2725);
#2723 = CARTESIAN_POINT('',(2.856677550848E-03,60.816457699314,
    -112.5848533123));
#2724 = DIRECTION('',(-0.707106635081,0.707106927292,2.923398514376E-07)
  );
#2725 = DIRECTION('',(9.740846547989E-02,9.740801573676E-02,
    0.990466187875));
#2726 = ORIENTED_EDGE('',*,*,#2727,.T.);
#2727 = EDGE_CURVE('',#2719,#2728,#2730,.T.);
#2728 = VERTEX_POINT('',#2729);
#2729 = CARTESIAN_POINT('',(3.421906999369,64.283317269475,
    -77.28515484725));
#2730 = ELLIPSE('',#2731,21.730493810848,16.348232722532);
#2731 = AXIS2_PLACEMENT_3D('',#2732,#2733,#2734);
#2732 = CARTESIAN_POINT('',(-9.788990584654,64.283351916512,
    -87.46836881626));
#2733 = DIRECTION('',(-1.582689472422E-06,-0.999999999998,
    -1.348996656938E-06));
#2734 = DIRECTION('',(0.820753325128,-5.283391285864E-07,-0.571282748987
    ));
#2735 = ORIENTED_EDGE('',*,*,#2736,.T.);
#2736 = EDGE_CURVE('',#2728,#1291,#2737,.T.);
#2737 = CIRCLE('',#2738,34.103822081938);
#2738 = AXIS2_PLACEMENT_3D('',#2739,#2740,#2741);
#2739 = CARTESIAN_POINT('',(36.139571115949,73.835465359259,
    -78.46057059106));
#2740 = DIRECTION('',(-0.224107547539,0.68193119724,-0.696236776798));
#2741 = DIRECTION('',(-0.96150078529,-0.271293582683,4.377250142573E-02)
  );
#2742 = B_SPLINE_SURFACE_WITH_KNOTS('',3,3,(
    (#2743,#2744,#2745,#2746)
    ,(#2747,#2748,#2749,#2750)
    ,(#2751,#2752,#2753,#2754)
    ,(#2755,#2756,#2757,#2758
    )),.UNSPECIFIED.,.F.,.F.,.F.,(4,4),(4,4),(0.,1.),(1.723725616011,
    1.751971064375),.PIECEWISE_BEZIER_KNOTS.);
#2743 = CARTESIAN_POINT('',(2.818085107215,64.053640751114,
    -76.88432212172));
#2744 = CARTESIAN_POINT('',(2.995329978756,64.230593741715,
    -76.90963077029));
#2745 = CARTESIAN_POINT('',(3.172231628324,64.407176031302,
    -76.9374470062));
#2746 = CARTESIAN_POINT('',(3.348719402767,64.583317283453,
    -76.96776099035));
#2747 = CARTESIAN_POINT('',(2.879091082177,63.973989902469,
    -77.00528794009));
#2748 = CARTESIAN_POINT('',(3.055591490291,64.150295703274,
    -77.03206080879));
#2749 = CARTESIAN_POINT('',(3.231719231166,64.326210517892,
    -77.06135643353));
#2750 = CARTESIAN_POINT('',(3.407402151267,64.50166240395,
    -77.09316562112));
#2751 = CARTESIAN_POINT('',(2.94009705714,63.894339053824,
    -77.12625375845));
#2752 = CARTESIAN_POINT('',(3.115853001825,64.069997664833,
    -77.1544908473));
#2753 = CARTESIAN_POINT('',(3.291206834009,64.245245004483,
    -77.18526586086));
#2754 = CARTESIAN_POINT('',(3.466084899767,64.420007524446,
    -77.21857025189));
#2755 = CARTESIAN_POINT('',(3.001103032103,63.814688205179,
    -77.24721957682));
#2756 = CARTESIAN_POINT('',(3.176114513359,63.989699626392,
    -77.27692088581));
#2757 = CARTESIAN_POINT('',(3.350694436851,64.164279491074,
    -77.30917528819));
#2758 = CARTESIAN_POINT('',(3.524767648268,64.338352644943,
    -77.34397488266));
#2759 = ADVANCED_FACE('',(#2760),#2781,.T.);
#2760 = FACE_BOUND('',#2761,.T.);
#2761 = EDGE_LOOP('',(#2762,#2770,#2771,#2772));
#2762 = ORIENTED_EDGE('',*,*,#2763,.F.);
#2763 = EDGE_CURVE('',#1302,#2764,#2766,.T.);
#2764 = VERTEX_POINT('',#2765);
#2765 = CARTESIAN_POINT('',(4.132474230618,64.283317123346,
    -77.42638881569));
#2766 = LINE('',#2767,#2768);
#2767 = CARTESIAN_POINT('',(4.196647800513,64.583317082006,
    -77.13333295902));
#2768 = VECTOR('',#2769,1.);
#2769 = DIRECTION('',(-0.151258571592,-0.707106781179,-0.690739346303));
#2770 = ORIENTED_EDGE('',*,*,#1301,.T.);
#2771 = ORIENTED_EDGE('',*,*,#2736,.F.);
#2772 = ORIENTED_EDGE('',*,*,#2773,.T.);
#2773 = EDGE_CURVE('',#2728,#2764,#2774,.T.);
#2774 = B_SPLINE_CURVE_WITH_KNOTS('',3,(#2775,#2776,#2777,#2778,#2779,
    #2780),.UNSPECIFIED.,.F.,.F.,(4,2,4),(-7.245126974477E-02,
    -3.66049521415E-02,-1.171682989272E-08),.UNSPECIFIED.);
#2775 = CARTESIAN_POINT('',(3.421906995668,64.283317268331,
    -77.28515486796));
#2776 = CARTESIAN_POINT('',(3.539531379206,64.283317244027,
    -77.30617440425));
#2777 = CARTESIAN_POINT('',(3.656954290403,64.283317219764,
    -77.32832136769));
#2778 = CARTESIAN_POINT('',(3.893834402554,64.283317170819,
    -77.37535420627));
#2779 = CARTESIAN_POINT('',(4.01328206434,64.283317146138,-77.4002881264
    ));
#2780 = CARTESIAN_POINT('',(4.132474227108,64.28331712151,
    -77.42638883172));
#2781 = B_SPLINE_SURFACE_WITH_KNOTS('',3,3,(
    (#2782,#2783,#2784,#2785)
    ,(#2786,#2787,#2788,#2789)
    ,(#2790,#2791,#2792,#2793)
    ,(#2794,#2795,#2796,#2797
    )),.UNSPECIFIED.,.F.,.F.,.F.,(4,4),(4,4),(0.,1.),(-0.87709488785,
    -0.831620311672),.PIECEWISE_BEZIER_KNOTS.);
#2782 = CARTESIAN_POINT('',(3.348719401906,64.583317283453,
    -76.96776099021));
#2783 = CARTESIAN_POINT('',(3.632568378341,64.583317224803,
    -77.0165156045));
#2784 = CARTESIAN_POINT('',(3.915308595821,64.583317166382,
    -77.07172528323));
#2785 = CARTESIAN_POINT('',(4.196647800514,64.58331710825,
    -77.13333295902));
#2786 = CARTESIAN_POINT('',(3.331791029267,64.483317286951,
    -77.0663177226));
#2787 = CARTESIAN_POINT('',(3.614146063928,64.48331722861,
    -77.11481573307));
#2788 = CARTESIAN_POINT('',(3.895398175235,64.483317170496,
    -77.16973483397));
#2789 = CARTESIAN_POINT('',(4.175256647531,64.48331711267,
    -77.23101825828));
#2790 = CARTESIAN_POINT('',(3.314862656628,64.383317290449,-77.164874455
    ));
#2791 = CARTESIAN_POINT('',(3.595723749515,64.383317232416,
    -77.21311586165));
#2792 = CARTESIAN_POINT('',(3.875487754648,64.38331717461,
    -77.26774438471));
#2793 = CARTESIAN_POINT('',(4.153865494548,64.38331711709,
    -77.32870355753));
#2794 = CARTESIAN_POINT('',(3.297934283989,64.283317293947,
    -77.26343118739));
#2795 = CARTESIAN_POINT('',(3.577301435103,64.283317236223,
    -77.31141599023));
#2796 = CARTESIAN_POINT('',(3.855577334062,64.283317178724,
    -77.36575393546));
#2797 = CARTESIAN_POINT('',(4.132474341565,64.28331712151,
    -77.42638885678));
#2798 = ADVANCED_FACE('',(#2799),#2828,.T.);
#2799 = FACE_BOUND('',#2800,.T.);
#2800 = EDGE_LOOP('',(#2801,#2802,#2811,#2820,#2827));
#2801 = ORIENTED_EDGE('',*,*,#2763,.T.);
#2802 = ORIENTED_EDGE('',*,*,#2803,.T.);
#2803 = EDGE_CURVE('',#2764,#2804,#2806,.T.);
#2804 = VERTEX_POINT('',#2805);
#2805 = CARTESIAN_POINT('',(4.795216192962,64.283316714478,
    -77.58422023082));
#2806 = CIRCLE('',#2807,18.700641202467);
#2807 = AXIS2_PLACEMENT_3D('',#2808,#2809,#2810);
#2808 = CARTESIAN_POINT('',(0.13218370236,64.283319584142,-95.6941652733
    ));
#2809 = DIRECTION('',(6.155852499436E-07,1.,6.111392291596E-12));
#2810 = DIRECTION('',(0.249351476215,-1.535030091614E-07,0.968413053046)
  );
#2811 = ORIENTED_EDGE('',*,*,#2812,.T.);
#2812 = EDGE_CURVE('',#2804,#2813,#2815,.T.);
#2813 = VERTEX_POINT('',#2814);
#2814 = CARTESIAN_POINT('',(4.748062724068,64.330470270078,
    -77.52348920822));
#2815 = ELLIPSE('',#2816,63.078217361602,23.778334483711);
#2816 = AXIS2_PLACEMENT_3D('',#2817,#2818,#2819);
#2817 = CARTESIAN_POINT('',(-31.76281053306,100.84238449,-77.35414535052
    ));
#2818 = DIRECTION('',(-0.707116894968,-0.707096667109,-1.46443877039E-05
    ));
#2819 = DIRECTION('',(0.676988215745,-0.677001602858,-0.288714020218));
#2820 = ORIENTED_EDGE('',*,*,#2821,.T.);
#2821 = EDGE_CURVE('',#2813,#1311,#2822,.T.);
#2822 = CIRCLE('',#2823,35.294146330839);
#2823 = AXIS2_PLACEMENT_3D('',#2824,#2825,#2826);
#2824 = CARTESIAN_POINT('',(-26.68699788691,74.101728903151,
    -64.79414381595));
#2825 = DIRECTION('',(8.223130554991E-02,-0.682076239801,0.726642976631)
  );
#2826 = DIRECTION('',(0.89533246576,-0.269688128249,-0.354468742256));
#2827 = ORIENTED_EDGE('',*,*,#1310,.T.);
#2828 = B_SPLINE_SURFACE_WITH_KNOTS('',3,3,(
    (#2829,#2830,#2831,#2832)
    ,(#2833,#2834,#2835,#2836)
    ,(#2837,#2838,#2839,#2840)
    ,(#2841,#2842,#2843,#2844
    )),.UNSPECIFIED.,.F.,.F.,.F.,(4,4),(4,4),(0.,1.),(-0.83162031798,
    -0.792850071793),.PIECEWISE_BEZIER_KNOTS.);
#2829 = CARTESIAN_POINT('',(4.196647800513,64.583317082006,
    -77.13333295902));
#2830 = CARTESIAN_POINT('',(4.436509084107,64.583316934351,
    -77.18585779719));
#2831 = CARTESIAN_POINT('',(4.675352030653,64.583316787323,
    -77.24303295621));
#2832 = CARTESIAN_POINT('',(4.912997174379,64.583316641033,
    -77.30481547485));
#2833 = CARTESIAN_POINT('',(4.175256610993,64.483317095174,
    -77.23101824132));
#2834 = CARTESIAN_POINT('',(4.413855467439,64.483316948296,
    -77.28326663153));
#2835 = CARTESIAN_POINT('',(4.65144134656,64.483316802042,
    -77.34014086725));
#2836 = CARTESIAN_POINT('',(4.88783572714,64.483316656522,
    -77.40159821337));
#2837 = CARTESIAN_POINT('',(4.153865421473,64.383317108342,
    -77.32870352362));
#2838 = CARTESIAN_POINT('',(4.39120185077,64.383316962242,
    -77.38067546588));
#2839 = CARTESIAN_POINT('',(4.627530662466,64.383316816761,
    -77.4372487783));
#2840 = CARTESIAN_POINT('',(4.862674279902,64.383316672011,
    -77.49838095189));
#2841 = CARTESIAN_POINT('',(4.132474231953,64.28331712151,
    -77.42638880591));
#2842 = CARTESIAN_POINT('',(4.368548234101,64.283316976187,
    -77.47808430022));
#2843 = CARTESIAN_POINT('',(4.603619978373,64.28331683148,
    -77.53435668935));
#2844 = CARTESIAN_POINT('',(4.837512832663,64.2833166875,-77.59516369041
    ));
#2845 = ADVANCED_FACE('',(#2846),#2867,.T.);
#2846 = FACE_BOUND('',#2847,.T.);
#2847 = EDGE_LOOP('',(#2848,#2859,#2865,#2866));
#2848 = ORIENTED_EDGE('',*,*,#2849,.F.);
#2849 = EDGE_CURVE('',#2850,#2813,#2852,.T.);
#2850 = VERTEX_POINT('',#2851);
#2851 = CARTESIAN_POINT('',(5.228102795994,63.850430205614,
    -77.64813735895));
#2852 = B_SPLINE_CURVE_WITH_KNOTS('',3,(#2853,#2854,#2855,#2856,#2857,
    #2858),.UNSPECIFIED.,.F.,.F.,(4,2,4),(0.,3.644279350598E-02,
    6.902330061476E-02),.UNSPECIFIED.);
#2853 = CARTESIAN_POINT('',(5.228102653389,63.850429694398,
    -77.64813599849));
#2854 = CARTESIAN_POINT('',(5.143773804727,63.934758656434,
    -77.62503438032));
#2855 = CARTESIAN_POINT('',(5.059358339845,64.019174234543,
    -77.60254845267));
#2856 = CARTESIAN_POINT('',(4.89932753898,64.179205249559,
    -77.56112424444));
#2857 = CARTESIAN_POINT('',(4.823724407158,64.254808482342,
    -77.54206168598));
#2858 = CARTESIAN_POINT('',(4.748062725154,64.330470265177,
    -77.52348920601));
#2859 = ORIENTED_EDGE('',*,*,#2860,.T.);
#2860 = EDGE_CURVE('',#2850,#1320,#2861,.T.);
#2861 = LINE('',#2862,#2863);
#2862 = CARTESIAN_POINT('',(5.228102653389,63.850429694398,
    -77.64813599849));
#2863 = VECTOR('',#2864,1.);
#2864 = DIRECTION('',(0.665281654304,0.513210412934,0.542231862308));
#2865 = ORIENTED_EDGE('',*,*,#1319,.T.);
#2866 = ORIENTED_EDGE('',*,*,#2821,.F.);
#2867 = B_SPLINE_SURFACE_WITH_KNOTS('',3,3,(
    (#2868,#2869,#2870,#2871)
    ,(#2872,#2873,#2874,#2875)
    ,(#2876,#2877,#2878,#2879)
    ,(#2880,#2881,#2882,#2883
    )),.UNSPECIFIED.,.F.,.F.,.F.,(4,4),(4,4),(0.,1.),(1.814146578174,
    1.844224629562),.PIECEWISE_BEZIER_KNOTS.);
#2868 = CARTESIAN_POINT('',(4.912997170919,64.583316644502,
    -77.30481547395));
#2869 = CARTESIAN_POINT('',(5.097103649002,64.398694714646,
    -77.35267911522));
#2870 = CARTESIAN_POINT('',(5.280474146008,64.214779328534,
    -77.40330340824));
#2871 = CARTESIAN_POINT('',(5.463025969405,64.03165382893,
    -77.45666385084));
#2872 = CARTESIAN_POINT('',(4.835013830728,64.522039740302,
    -77.37210628663));
#2873 = CARTESIAN_POINT('',(5.018993250344,64.337716604659,
    -77.41880027449));
#2874 = CARTESIAN_POINT('',(5.202255849877,64.154090664102,
    -77.46826895405));
#2875 = CARTESIAN_POINT('',(5.3847181974,63.971245784086,-77.52048790006
    ));
#2876 = CARTESIAN_POINT('',(4.757030490537,64.460762836102,
    -77.43939709931));
#2877 = CARTESIAN_POINT('',(4.940882851685,64.276738494673,
    -77.48492143376));
#2878 = CARTESIAN_POINT('',(5.124037553746,64.09340199967,
    -77.53323449986));
#2879 = CARTESIAN_POINT('',(5.306410425394,63.910837739242,
    -77.58431194927));
#2880 = CARTESIAN_POINT('',(4.679047150346,64.399485931901,
    -77.50668791199));
#2881 = CARTESIAN_POINT('',(4.862772453026,64.215760384686,
    -77.55104259304));
#2882 = CARTESIAN_POINT('',(5.045819257616,64.032713335238,
    -77.59820004567));
#2883 = CARTESIAN_POINT('',(5.228102653389,63.850429694398,
    -77.64813599849));
#2884 = ADVANCED_FACE('',(#2885),#2904,.T.);
#2885 = FACE_BOUND('',#2886,.T.);
#2886 = EDGE_LOOP('',(#2887,#2888,#2897,#2903));
#2887 = ORIENTED_EDGE('',*,*,#2860,.F.);
#2888 = ORIENTED_EDGE('',*,*,#2889,.T.);
#2889 = EDGE_CURVE('',#2850,#2890,#2892,.T.);
#2890 = VERTEX_POINT('',#2891);
#2891 = CARTESIAN_POINT('',(5.262985148441,63.815547582001,
    -77.65698178984));
#2892 = B_SPLINE_CURVE_WITH_KNOTS('',3,(#2893,#2894,#2895,#2896),
  .UNSPECIFIED.,.F.,.F.,(4,4),(-0.12171397188,-0.116833280911),
  .PIECEWISE_BEZIER_KNOTS.);
#2893 = CARTESIAN_POINT('',(5.228102162068,63.850430185718,
    -77.64813962519));
#2894 = CARTESIAN_POINT('',(5.239684141072,63.838848191158,
    -77.65127772588));
#2895 = CARTESIAN_POINT('',(5.251265737519,63.827266579237,
    -77.65421462972));
#2896 = CARTESIAN_POINT('',(5.262984907399,63.815547393785,
    -77.65698195254));
#2897 = ORIENTED_EDGE('',*,*,#2898,.F.);
#2898 = EDGE_CURVE('',#1329,#2890,#2899,.T.);
#2899 = LINE('',#2900,#2901);
#2900 = CARTESIAN_POINT('',(5.502377598005,63.991029088208,
    -77.46821256253));
#2901 = VECTOR('',#2902,1.);
#2902 = DIRECTION('',(-0.680552868871,-0.498864686792,-0.536639373269));
#2903 = ORIENTED_EDGE('',*,*,#1328,.T.);
#2904 = B_SPLINE_SURFACE_WITH_KNOTS('',3,3,(
    (#2905,#2906,#2907,#2908)
    ,(#2909,#2910,#2911,#2912)
    ,(#2913,#2914,#2915,#2916)
    ,(#2917,#2918,#2919,#2920
    )),.UNSPECIFIED.,.F.,.F.,.F.,(4,4),(4,4),(0.,1.),(-0.121713972488,
    -0.116833280911),.PIECEWISE_BEZIER_KNOTS.);
#2905 = CARTESIAN_POINT('',(5.462898042212,64.031782736344,
    -77.45662645783));
#2906 = CARTESIAN_POINT('',(5.476237908913,64.018420729469,
    -77.46052563909));
#2907 = CARTESIAN_POINT('',(5.489352360145,64.004885889797,
    -77.46437471035));
#2908 = CARTESIAN_POINT('',(5.502377608328,63.991029077226,
    -77.46821256557));
#2909 = CARTESIAN_POINT('',(5.384632747387,63.971331887579,
    -77.52046417989));
#2910 = CARTESIAN_POINT('',(5.397386652004,63.95856321766,
    -77.52410966777));
#2911 = CARTESIAN_POINT('',(5.409990152116,63.94567945343,
    -77.52765468336));
#2912 = CARTESIAN_POINT('',(5.422580041352,63.932535182746,
    -77.53113569456));
#2913 = CARTESIAN_POINT('',(5.306367452562,63.910881038814,
    -77.58430190195));
#2914 = CARTESIAN_POINT('',(5.318535395094,63.898705705852,
    -77.58769369646));
#2915 = CARTESIAN_POINT('',(5.330627944087,63.886473017064,
    -77.59093465637));
#2916 = CARTESIAN_POINT('',(5.342782474375,63.874041288265,
    -77.59405882355));
#2917 = CARTESIAN_POINT('',(5.228102157737,63.850430190049,
    -77.64813962401));
#2918 = CARTESIAN_POINT('',(5.239684138185,63.838848194044,
    -77.65127772514));
#2919 = CARTESIAN_POINT('',(5.251265736058,63.827266580698,
    -77.65421462938));
#2920 = CARTESIAN_POINT('',(5.262984907399,63.815547393785,
    -77.65698195254));
#2921 = ADVANCED_FACE('',(#2922),#3124,.T.);
#2922 = FACE_BOUND('',#2923,.T.);
#2923 = EDGE_LOOP('',(#2924,#2925,#3117,#3123));
#2924 = ORIENTED_EDGE('',*,*,#2898,.T.);
#2925 = ORIENTED_EDGE('',*,*,#2926,.T.);
#2926 = EDGE_CURVE('',#2890,#2927,#2929,.T.);
#2927 = VERTEX_POINT('',#2928);
#2928 = CARTESIAN_POINT('',(2.976027831736,63.789044500692,
    -77.24342847247));
#2929 = B_SPLINE_CURVE_WITH_KNOTS('',3,(#2930,#2931,#2932,#2933,#2934,
    #2935,#2936,#2937,#2938,#2939,#2940,#2941,#2942,#2943,#2944,#2945,
    #2946,#2947,#2948,#2949,#2950,#2951,#2952,#2953,#2954,#2955,#2956,
    #2957,#2958,#2959,#2960,#2961,#2962,#2963,#2964,#2965,#2966,#2967,
    #2968,#2969,#2970,#2971,#2972,#2973,#2974,#2975,#2976,#2977,#2978,
    #2979,#2980,#2981,#2982,#2983,#2984,#2985,#2986,#2987,#2988,#2989,
    #2990,#2991,#2992,#2993,#2994,#2995,#2996,#2997,#2998,#2999,#3000,
    #3001,#3002,#3003,#3004,#3005,#3006,#3007,#3008,#3009,#3010,#3011,
    #3012,#3013,#3014,#3015,#3016,#3017,#3018,#3019,#3020,#3021,#3022,
    #3023,#3024,#3025,#3026,#3027,#3028,#3029,#3030,#3031,#3032,#3033,
    #3034,#3035,#3036,#3037,#3038,#3039,#3040,#3041,#3042,#3043,#3044,
    #3045,#3046,#3047,#3048,#3049,#3050,#3051,#3052,#3053,#3054,#3055,
    #3056,#3057,#3058,#3059,#3060,#3061,#3062,#3063,#3064,#3065,#3066,
    #3067,#3068,#3069,#3070,#3071,#3072,#3073,#3074,#3075,#3076,#3077,
    #3078,#3079,#3080,#3081,#3082,#3083,#3084,#3085,#3086,#3087,#3088,
    #3089,#3090,#3091,#3092,#3093,#3094,#3095,#3096,#3097,#3098,#3099,
    #3100,#3101,#3102,#3103,#3104,#3105,#3106,#3107,#3108,#3109,#3110,
    #3111,#3112,#3113,#3114,#3115,#3116),.UNSPECIFIED.,.F.,.F.,(4,3,3,3,
    3,3,3,3,3,3,3,3,3,3,3,3,3,3,3,3,3,3,3,3,3,3,3,3,3,3,3,3,3,3,3,3,3,3,
    3,3,3,3,3,3,3,3,3,3,3,3,3,3,3,3,3,3,3,3,3,3,3,3,4),(-0.116833282016,
    -0.104507065477,-9.229924070759E-02,-8.014299358231E-02,
    -6.802952008851E-02,-6.028389961319E-02,-4.832253107709E-02,
    -3.624189830782E-02,-2.424084594038E-02,-1.212042297019E-02,0.,
    1.216440133476E-02,2.43232945723E-02,3.637287097216E-02,
    4.858642262854E-02,6.079997428491E-02,7.29898136337E-02,
    8.523738628812E-02,9.752620631122E-02,0.109931818687,0.12159994857,
    0.134388304189,0.147105309107,0.159793098184,0.172471453182,
    0.183298571278,0.196142043045,0.209043588883,0.221987286049,
    0.2350433623,0.244997193987,0.258025420432,0.270956967001,
    0.283848055755,0.296714529198,0.306102114512,0.320146573172,
    0.321378344644,0.334214390303,0.347084562285,0.36004819234,
    0.367207035037,0.380138869993,0.392954510098,0.405720932878,
    0.418450912933,0.427608343558,0.44020985563,0.452845120704,
    0.465510323192,0.478268783538,0.488009652078,0.500765614673,
    0.513416676452,0.526024614114,0.538605798427,0.54819678689,
    0.560885046489,0.573619079233,0.586390223844,0.599265603016,
    0.608383921701,0.608810165283),.UNSPECIFIED.);
#2930 = CARTESIAN_POINT('',(5.262985277009,63.815547678511,
    -77.65698165294));
#2931 = CARTESIAN_POINT('',(5.292608101898,63.785969836172,
    -77.66395006243));
#2932 = CARTESIAN_POINT('',(5.321520977796,63.754773715159,
    -77.67081681947));
#2933 = CARTESIAN_POINT('',(5.349445894136,63.722057316603,
    -77.67751191997));
#2934 = CARTESIAN_POINT('',(5.377102595143,63.689655154967,
    -77.68414271487));
#2935 = CARTESIAN_POINT('',(5.403789680535,63.655762026791,
    -77.69060513488));
#2936 = CARTESIAN_POINT('',(5.429260537816,63.62051851851,
    -77.69683117374));
#2937 = CARTESIAN_POINT('',(5.454623781593,63.585423912853,
    -77.7030309078));
#2938 = CARTESIAN_POINT('',(5.478780547912,63.548990644973,
    -77.7089962539));
#2939 = CARTESIAN_POINT('',(5.501518574395,63.511398478141,
    -77.71466006413));
#2940 = CARTESIAN_POINT('',(5.524176593622,63.47393858515,
    -77.72030394537));
#2941 = CARTESIAN_POINT('',(5.545425412646,63.435328368393,
    -77.72564840901));
#2942 = CARTESIAN_POINT('',(5.565093068752,63.395780719676,
    -77.73062701348));
#2943 = CARTESIAN_POINT('',(5.577668999175,63.370493086215,
    -77.73381044231));
#2944 = CARTESIAN_POINT('',(5.589599248076,63.344822867537,
    -77.73684428582));
#2945 = CARTESIAN_POINT('',(5.600848176604,63.318831911788,
    -77.7397111739));
#2946 = CARTESIAN_POINT('',(5.618219616399,63.278694726998,
    -77.74413843767));
#2947 = CARTESIAN_POINT('',(5.633983252838,63.237746805393,
    -77.74814803984));
#2948 = CARTESIAN_POINT('',(5.64803208837,63.196235678622,
    -77.75173142886));
#2949 = CARTESIAN_POINT('',(5.662221001819,63.154310653333,
    -77.75535054708));
#2950 = CARTESIAN_POINT('',(5.674660471359,63.111811713771,
    -77.75853491043));
#2951 = CARTESIAN_POINT('',(5.685291567265,63.069010475087,
    -77.76127570903));
#2952 = CARTESIAN_POINT('',(5.695852631502,63.026491186847,
    -77.76399845279));
#2953 = CARTESIAN_POINT('',(5.704629069981,62.98367420043,
    -77.76628345646));
#2954 = CARTESIAN_POINT('',(5.711615336481,62.940832937371,
    -77.76812208316));
#2955 = CARTESIAN_POINT('',(5.718671093124,62.897565546066,
    -77.76997899809));
#2956 = CARTESIAN_POINT('',(5.723900882165,62.854274022483,
    -77.77138061194));
#2957 = CARTESIAN_POINT('',(5.727352693559,62.811237823679,
    -77.77231802756));
#2958 = CARTESIAN_POINT('',(5.730804504953,62.768201624875,
    -77.77325544317));
#2959 = CARTESIAN_POINT('',(5.732478557002,62.725421336898,
    -77.77372866054));
#2960 = CARTESIAN_POINT('',(5.732474540341,62.683165033887,
    -77.77372878252));
#2961 = CARTESIAN_POINT('',(5.732470509105,62.640755405938,
    -77.77372890495));
#2962 = CARTESIAN_POINT('',(5.730776166128,62.597829474165,
    -77.77325240169));
#2963 = CARTESIAN_POINT('',(5.727293023043,62.5546546291,-77.77230860386
    ));
#2964 = CARTESIAN_POINT('',(5.723811457142,62.511499333804,
    -77.77136523337));
#2965 = CARTESIAN_POINT('',(5.718542500788,62.468095932904,
    -77.7699549914));
#2966 = CARTESIAN_POINT('',(5.711439069628,62.424722719192,
    -77.7680871964));
#2967 = CARTESIAN_POINT('',(5.704399503214,62.381739460591,
    -77.76623619417));
#2968 = CARTESIAN_POINT('',(5.695558300077,62.338786461623,
    -77.76393582935));
#2969 = CARTESIAN_POINT('',(5.684921445145,62.296136685151,
    -77.76119517136));
#2970 = CARTESIAN_POINT('',(5.674139839812,62.252906514165,
    -77.75841721744));
#2971 = CARTESIAN_POINT('',(5.661513316382,62.20998853447,
    -77.75518690544));
#2972 = CARTESIAN_POINT('',(5.647102349456,62.167659552407,
    -77.7515136801));
#2973 = CARTESIAN_POINT('',(5.632691382531,62.125330570345,
    -77.74784045477));
#2974 = CARTESIAN_POINT('',(5.616496174405,62.083591217656,
    -77.74372431609));
#2975 = CARTESIAN_POINT('',(5.59862983621,62.042701140336,
    -77.73917470884));
#2976 = CARTESIAN_POINT('',(5.580798185068,62.001890450087,
    -77.73463393454));
#2977 = CARTESIAN_POINT('',(5.56128352505,61.961883021828,
    -77.72968112197));
#2978 = CARTESIAN_POINT('',(5.540232158904,61.922910162663,
    -77.72438378473));
#2979 = CARTESIAN_POINT('',(5.519081089643,61.883752720919,
    -77.71906135833));
#2980 = CARTESIAN_POINT('',(5.496379089138,61.845640174872,
    -77.71339113608));
#2981 = CARTESIAN_POINT('',(5.472316920595,61.808775681883,
    -77.70744159541));
#2982 = CARTESIAN_POINT('',(5.448173715494,61.771787036674,
    -77.70147201788));
#2983 = CARTESIAN_POINT('',(5.4226616383,61.736055267669,-77.6952212374)
  );
#2984 = CARTESIAN_POINT('',(5.396009589608,61.701747155756,
    -77.68875842561));
#2985 = CARTESIAN_POINT('',(5.369104241131,61.667112981203,
    -77.68223419157));
#2986 = CARTESIAN_POINT('',(5.34103767598,61.633929987886,
    -77.67549387679));
#2987 = CARTESIAN_POINT('',(5.312074687197,61.602324983636,
    -77.66860864396));
#2988 = CARTESIAN_POINT('',(5.284833475343,61.572598817496,
    -77.66213272093));
#2989 = CARTESIAN_POINT('',(5.256799918343,61.544268296511,
    -77.65552859773));
#2990 = CARTESIAN_POINT('',(5.228211042469,61.517400266192,
    -77.64885548523));
#2991 = CARTESIAN_POINT('',(5.196877425591,61.487952708618,
    -77.64154170517));
#2992 = CARTESIAN_POINT('',(5.164012036912,61.459450019066,
    -77.63394707063));
#2993 = CARTESIAN_POINT('',(5.129750475828,61.432141113761,
    -77.62613474435));
#2994 = CARTESIAN_POINT('',(5.095680071958,61.404984574374,
    -77.61836600577));
#2995 = CARTESIAN_POINT('',(5.060229369437,61.379009036971,
    -77.61038199783));
#2996 = CARTESIAN_POINT('',(5.02357336845,61.3544289871,-77.60224483196)
  );
#2997 = CARTESIAN_POINT('',(4.987001580365,61.329905407037,
    -77.59412636028));
#2998 = CARTESIAN_POINT('',(4.949230448866,61.306771349857,
    -77.58585543359));
#2999 = CARTESIAN_POINT('',(4.910469681402,61.285202512964,
    -77.57749373622));
#3000 = CARTESIAN_POINT('',(4.871737734729,61.263649713703,
    -77.56913825624));
#3001 = CARTESIAN_POINT('',(4.832018127655,61.243660161042,
    -77.56069214052));
#3002 = CARTESIAN_POINT('',(4.791549040555,61.225365886346,
    -77.55221693592));
#3003 = CARTESIAN_POINT('',(4.756989069223,61.209742860121,
    -77.54497924293));
#3004 = CARTESIAN_POINT('',(4.721883187984,61.195355543853,
    -77.53772033572));
#3005 = CARTESIAN_POINT('',(4.686392018401,61.182258656648,
    -77.53047854581));
#3006 = CARTESIAN_POINT('',(4.644291264495,61.166722712591,
    -77.52188810434));
#3007 = CARTESIAN_POINT('',(4.601601296191,61.152986358701,
    -77.51332986347));
#3008 = CARTESIAN_POINT('',(4.558592184615,61.141102823686,
    -77.50484843277));
#3009 = CARTESIAN_POINT('',(4.51538859959,61.129165555126,
    -77.49632865175));
#3010 = CARTESIAN_POINT('',(4.471863596379,61.1190979776,-77.48788637708
    ));
#3011 = CARTESIAN_POINT('',(4.428297201922,61.110901706942,
    -77.47956682621));
#3012 = CARTESIAN_POINT('',(4.384588469378,61.102678657811,
    -77.47122009408));
#3013 = CARTESIAN_POINT('',(4.340838692027,61.096339096196,
    -77.46299688897));
#3014 = CARTESIAN_POINT('',(4.297327611164,61.091832016673,
    -77.45494287294));
#3015 = CARTESIAN_POINT('',(4.253438760689,61.087285806022,
    -77.44681893076));
#3016 = CARTESIAN_POINT('',(4.209793371216,61.084603878276,
    -77.43886712827));
#3017 = CARTESIAN_POINT('',(4.166666186361,61.083682041102,
    -77.43113432724));
#3018 = CARTESIAN_POINT('',(4.133786419811,61.082979240973,
    -77.4252389113));
#3019 = CARTESIAN_POINT('',(4.101207650618,61.083298363756,
    -77.4194707877));
#3020 = CARTESIAN_POINT('',(4.069043772724,61.084574472672,
    -77.41385072234));
#3021 = CARTESIAN_POINT('',(4.026945584033,61.086244727549,
    -77.40649481295));
#3022 = CARTESIAN_POINT('',(3.984370087386,61.089603415096,
    -77.39917982595));
#3023 = CARTESIAN_POINT('',(3.941587972032,61.094744204629,
    -77.39194014985));
#3024 = CARTESIAN_POINT('',(3.899123334243,61.099846845386,
    -77.38475419795));
#3025 = CARTESIAN_POINT('',(3.856455715986,61.106705377597,
    -77.37764244335));
#3026 = CARTESIAN_POINT('',(3.813859707132,61.115361046653,
    -77.37063851466));
#3027 = CARTESIAN_POINT('',(3.77139696474,61.123989635462,
    -77.36365649855));
#3028 = CARTESIAN_POINT('',(3.72900598881,61.13440417698,-77.35678163471
    ));
#3029 = CARTESIAN_POINT('',(3.68695977904,61.146593877787,
    -77.35004723709));
#3030 = CARTESIAN_POINT('',(3.64499385578,61.158760302572,
    -77.34332569869));
#3031 = CARTESIAN_POINT('',(3.603371989155,61.172695034042,
    -77.33674409058));
#3032 = CARTESIAN_POINT('',(3.562357510928,61.188336063548,
    -77.33033553624));
#3033 = CARTESIAN_POINT('',(3.53243269002,61.199748009451,
    -77.32565975224));
#3034 = CARTESIAN_POINT('',(3.502831068798,61.212067194433,
    -77.32107609161));
#3035 = CARTESIAN_POINT('',(3.473649429812,61.22525288924,
    -77.31659741961));
#3036 = CARTESIAN_POINT('',(3.429991736311,61.244979575007,
    -77.30989702525));
#3037 = CARTESIAN_POINT('',(3.387250566813,61.266658024518,
    -77.30343161824));
#3038 = CARTESIAN_POINT('',(3.345674397037,61.290138230709,
    -77.29720786235));
#3039 = CARTESIAN_POINT('',(3.342027952482,61.292197565912,
    -77.29666200686));
#3040 = CARTESIAN_POINT('',(3.338390451705,61.294270732487,
    -77.29611801019));
#3041 = CARTESIAN_POINT('',(3.334762051804,61.296357613279,
    -77.29557587684));
#3042 = CARTESIAN_POINT('',(3.296951217666,61.318104583203,
    -77.28992641301));
#3043 = CARTESIAN_POINT('',(3.260125783456,61.341347446049,
    -77.28447929321));
#3044 = CARTESIAN_POINT('',(3.224490983908,61.365907618858,
    -77.27924821542));
#3045 = CARTESIAN_POINT('',(3.18876144454,61.39053308813,-77.27400323012
    ));
#3046 = CARTESIAN_POINT('',(3.154229298444,61.416482430302,
    -77.26897543711));
#3047 = CARTESIAN_POINT('',(3.121064458359,61.443538261465,
    -77.26417864389));
#3048 = CARTESIAN_POINT('',(3.087658788387,61.47079056132,
    -77.25934701827));
#3049 = CARTESIAN_POINT('',(3.055640696594,61.499164965721,
    -77.25474975948));
#3050 = CARTESIAN_POINT('',(3.025140548231,61.528408709551,
    -77.25040097799));
#3051 = CARTESIAN_POINT('',(3.008297598884,61.544557840702,
    -77.24799947143));
#3052 = CARTESIAN_POINT('',(2.991916753756,61.560971583682,
    -77.24567373868));
#3053 = CARTESIAN_POINT('',(2.97601388777,61.577604326082,
    -77.24342615598));
#3054 = CARTESIAN_POINT('',(2.947286725161,61.607649947793,
    -77.2393660907));
#3055 = CARTESIAN_POINT('',(2.919314989642,61.639255455853,
    -77.23544845052));
#3056 = CARTESIAN_POINT('',(2.892366907655,61.672310141435,
    -77.23169596889));
#3057 = CARTESIAN_POINT('',(2.865660959005,61.705067824754,
    -77.22797720399));
#3058 = CARTESIAN_POINT('',(2.83996087821,61.73924848109,-77.22442064301
    ));
#3059 = CARTESIAN_POINT('',(2.815501606144,61.774700387694,
    -77.22104841212));
#3060 = CARTESIAN_POINT('',(2.791136267737,61.810016144404,
    -77.21768913198));
#3061 = CARTESIAN_POINT('',(2.768002707835,61.846593043485,
    -77.21451276884));
#3062 = CARTESIAN_POINT('',(2.746299559984,61.884242016952,
    -77.21154119489));
#3063 = CARTESIAN_POINT('',(2.724658365417,61.921783518563,
    -77.20857810352));
#3064 = CARTESIAN_POINT('',(2.704439827538,61.960390524298,
    -77.20581863384));
#3065 = CARTESIAN_POINT('',(2.685800785535,61.999842789031,
    -77.20328447126));
#3066 = CARTESIAN_POINT('',(2.672392615741,62.028223145931,
    -77.20146149762));
#3067 = CARTESIAN_POINT('',(2.659800967146,62.057040190787,
    -77.19975511543));
#3068 = CARTESIAN_POINT('',(2.648069764947,62.086203573609,
    -77.19817339713));
#3069 = CARTESIAN_POINT('',(2.631926493739,62.126335214869,
    -77.19599679945));
#3070 = CARTESIAN_POINT('',(2.617395006859,62.167172154049,
    -77.19405543008));
#3071 = CARTESIAN_POINT('',(2.604562768273,62.208461612288,
    -77.19234587895));
#3072 = CARTESIAN_POINT('',(2.591696158687,62.249861663854,
    -77.19063174881));
#3073 = CARTESIAN_POINT('',(2.580538070617,62.291716067429,
    -77.18915068041));
#3074 = CARTESIAN_POINT('',(2.571125764161,62.33375719013,
    -77.18789923617));
#3075 = CARTESIAN_POINT('',(2.561691156621,62.375897923126,
    -77.18664482681));
#3076 = CARTESIAN_POINT('',(2.554010635168,62.418225646439,
    -77.18562113103));
#3077 = CARTESIAN_POINT('',(2.548069284097,62.460467090556,
    -77.18482468674));
#3078 = CARTESIAN_POINT('',(2.542084184994,62.503019571673,
    -77.18402237797));
#3079 = CARTESIAN_POINT('',(2.537863889589,62.545483885216,
    -77.18345067966));
#3080 = CARTESIAN_POINT('',(2.535340310897,62.587586203945,
    -77.18310605264));
#3081 = CARTESIAN_POINT('',(2.533413601277,62.619730611725,
    -77.18284293574));
#3082 = CARTESIAN_POINT('',(2.53247479648,62.651664065966,
    -77.18271218016));
#3083 = CARTESIAN_POINT('',(2.532473867242,62.683270080437,
    -77.18271221082));
#3084 = CARTESIAN_POINT('',(2.532472650377,62.72465911435,
    -77.18271225096));
#3085 = CARTESIAN_POINT('',(2.534081470942,62.766615011564,
    -77.18293660594));
#3086 = CARTESIAN_POINT('',(2.537407795399,62.808872822768,
    -77.18338885839));
#3087 = CARTESIAN_POINT('',(2.540706765264,62.850783119713,
    -77.18383739168));
#3088 = CARTESIAN_POINT('',(2.545695274074,62.892989812987,
    -77.18451008955));
#3089 = CARTESIAN_POINT('',(2.55242837297,62.935222381883,
    -77.18541044699));
#3090 = CARTESIAN_POINT('',(2.559138520516,62.977310991146,
    -77.18630773534));
#3091 = CARTESIAN_POINT('',(2.567581458405,63.019424702051,
    -77.18743113385));
#3092 = CARTESIAN_POINT('',(2.577760167762,63.061292470589,
    -77.18878410184));
#3093 = CARTESIAN_POINT('',(2.58791727846,63.103071398029,
    -77.19013419891));
#3094 = CARTESIAN_POINT('',(2.599802751989,63.14460482041,
    -77.19171289222));
#3095 = CARTESIAN_POINT('',(2.613367980661,63.185629171824,
    -77.19352361913));
#3096 = CARTESIAN_POINT('',(2.623709133643,63.216903181591,
    -77.19490398686));
#3097 = CARTESIAN_POINT('',(2.635025385763,63.24788139902,-77.1964191995
    ));
#3098 = CARTESIAN_POINT('',(2.647275590264,63.278452572656,
    -77.19807077985));
#3099 = CARTESIAN_POINT('',(2.663481821298,63.318896265076,
    -77.20025571421));
#3100 = CARTESIAN_POINT('',(2.681344144924,63.358676551086,
    -77.20268021195));
#3101 = CARTESIAN_POINT('',(2.700738938782,63.397554672387,
    -77.20532265686));
#3102 = CARTESIAN_POINT('',(2.720203699738,63.436573047269,
    -77.20797463443));
#3103 = CARTESIAN_POINT('',(2.741211686733,63.4746822095,-77.21084613449
    ));
#3104 = CARTESIAN_POINT('',(2.763593282028,63.511668613635,
    -77.21391530603));
#3105 = CARTESIAN_POINT('',(2.786040105896,63.548762810372,
    -77.21699342231));
#3106 = CARTESIAN_POINT('',(2.80986812388,63.584727255718,
    -77.22027036392));
#3107 = CARTESIAN_POINT('',(2.834867096171,63.619381752449,
    -77.22372408822));
#3108 = CARTESIAN_POINT('',(2.860070103179,63.654319089625,
    -77.22720600086));
#3109 = CARTESIAN_POINT('',(2.886462761124,63.687924638143,
    -77.23086759367));
#3110 = CARTESIAN_POINT('',(2.913796903856,63.720055693106,
    -77.23468627985));
#3111 = CARTESIAN_POINT('',(2.933154890997,63.742810844233,
    -77.23739066603));
#3112 = CARTESIAN_POINT('',(2.952984368253,63.764827361908,
    -77.24017384153));
#3113 = CARTESIAN_POINT('',(2.973189564395,63.786068395559,
    -77.24302778367));
#3114 = CARTESIAN_POINT('',(2.974134073517,63.787061325789,
    -77.24316119363));
#3115 = CARTESIAN_POINT('',(2.975080069327,63.788053264896,
    -77.24329465672));
#3116 = CARTESIAN_POINT('',(2.976027831798,63.789044500757,
    -77.24342847156));
#3117 = ORIENTED_EDGE('',*,*,#3118,.T.);
#3118 = EDGE_CURVE('',#2927,#1338,#3119,.T.);
#3119 = LINE('',#3120,#3121);
#3120 = CARTESIAN_POINT('',(2.976027831805,63.789044500763,
    -77.24342847156));
#3121 = VECTOR('',#3122,1.);
#3122 = DIRECTION('',(-0.38928335251,0.506767726029,0.769184596384));
#3123 = ORIENTED_EDGE('',*,*,#1337,.T.);
#3124 = B_SPLINE_SURFACE_WITH_KNOTS('',3,3,(
    (#3125,#3126,#3127,#3128,#3129,#3130,#3131,#3132,#3133,#3134,#3135
      ,#3136,#3137,#3138,#3139,#3140,#3141,#3142,#3143,#3144,#3145,#3146
      ,#3147,#3148,#3149,#3150,#3151,#3152)
    ,(#3153,#3154,#3155,#3156,#3157,#3158,#3159,#3160,#3161,#3162,#3163
      ,#3164,#3165,#3166,#3167,#3168,#3169,#3170,#3171,#3172,#3173,#3174
      ,#3175,#3176,#3177,#3178,#3179,#3180)
    ,(#3181,#3182,#3183,#3184,#3185,#3186,#3187,#3188,#3189,#3190,#3191
      ,#3192,#3193,#3194,#3195,#3196,#3197,#3198,#3199,#3200,#3201,#3202
      ,#3203,#3204,#3205,#3206,#3207,#3208)
    ,(#3209,#3210,#3211,#3212,#3213,#3214,#3215,#3216,#3217,#3218,#3219
      ,#3220,#3221,#3222,#3223,#3224,#3225,#3226,#3227,#3228,#3229,#3230
      ,#3231,#3232,#3233,#3234,#3235,#3236)
    ,(#3237,#3238,#3239,#3240,#3241,#3242,#3243,#3244,#3245,#3246,#3247
      ,#3248,#3249,#3250,#3251,#3252,#3253,#3254,#3255,#3256,#3257,#3258
      ,#3259,#3260,#3261,#3262,#3263,#3264)
    ,(#3265,#3266,#3267,#3268,#3269,#3270,#3271,#3272,#3273,#3274,#3275
      ,#3276,#3277,#3278,#3279,#3280,#3281,#3282,#3283,#3284,#3285,#3286
      ,#3287,#3288,#3289,#3290,#3291,#3292)
    ,(#3293,#3294,#3295,#3296,#3297,#3298,#3299,#3300,#3301,#3302,#3303
      ,#3304,#3305,#3306,#3307,#3308,#3309,#3310,#3311,#3312,#3313,#3314
      ,#3315,#3316,#3317,#3318,#3319,#3320)
    ,(#3321,#3322,#3323,#3324,#3325,#3326,#3327,#3328,#3329,#3330,#3331
      ,#3332,#3333,#3334,#3335,#3336,#3337,#3338,#3339,#3340,#3341,#3342
      ,#3343,#3344,#3345,#3346,#3347,#3348)
    ,(#3349,#3350,#3351,#3352,#3353,#3354,#3355,#3356,#3357,#3358,#3359
      ,#3360,#3361,#3362,#3363,#3364,#3365,#3366,#3367,#3368,#3369,#3370
      ,#3371,#3372,#3373,#3374,#3375,#3376)
    ,(#3377,#3378,#3379,#3380,#3381,#3382,#3383,#3384,#3385,#3386,#3387
      ,#3388,#3389,#3390,#3391,#3392,#3393,#3394,#3395,#3396,#3397,#3398
      ,#3399,#3400,#3401,#3402,#3403,#3404
    )),.UNSPECIFIED.,.F.,.F.,.F.,(4,3,3,4),(4,2,2,2,2,2,2,1,1,2,2,2,2,2,
    4),(-1.001123155978E-02,0.,1.001123155978,1.011134387537),(
    -0.117956438178,-6.028389961319E-02,0.,6.079997428491E-02,
    0.12159994857,0.183298571278,0.244997193987,0.306102114512,
    0.321378344644,0.367207035037,0.427608343558,0.488009652078,
    0.54819678689,0.608383921701,0.609933321261),.UNSPECIFIED.);
#3125 = CARTESIAN_POINT('',(5.495750272802,64.002320793216,
    -77.46366155621));
#3126 = CARTESIAN_POINT('',(5.650592205255,63.839912237801,
    -77.50928141512));
#3127 = CARTESIAN_POINT('',(5.78575288036,63.636640108727,
    -77.55135377698));
#3128 = CARTESIAN_POINT('',(5.973500070616,63.17967323714,
    -77.61103055941));
#3129 = CARTESIAN_POINT('',(6.021447586773,62.92393267685,-77.6268690381
    ));
#3130 = CARTESIAN_POINT('',(6.021476441264,62.440305963931,
    -77.62687125201));
#3131 = CARTESIAN_POINT('',(5.972738901154,62.182556411551,
    -77.61075878233));
#3132 = CARTESIAN_POINT('',(5.777922993235,61.712368852112,
    -77.5488409779));
#3133 = CARTESIAN_POINT('',(5.632267986428,61.500103227322,
    -77.50358080798));
#3134 = CARTESIAN_POINT('',(5.298064354219,61.164680034199,
    -77.40566543766));
#3135 = CARTESIAN_POINT('',(5.086357868992,61.01972516504,
    -77.34638561821));
#3136 = CARTESIAN_POINT('',(4.622669233137,60.827322314075,
    -77.22719364273));
#3137 = CARTESIAN_POINT('',(4.370713818581,60.77978793241,
    -77.16759412954));
#3138 = CARTESIAN_POINT('',(3.897965044332,60.779851707536,
    -77.06565527174));
#3139 = CARTESIAN_POINT('',(3.582217432249,60.839029089348,
    -77.00417549511));
#3140 = CARTESIAN_POINT('',(3.122821683481,61.056129912999,
    -76.92600296896));
#3141 = CARTESIAN_POINT('',(2.918489451292,61.208448212492,
    -76.89515076928));
#3142 = CARTESIAN_POINT('',(2.621562931572,61.504274065834,
    -76.8531589872));
#3143 = CARTESIAN_POINT('',(2.474717983598,61.718167519908,
    -76.83482953593));
#3144 = CARTESIAN_POINT('',(2.279489117719,62.18777454679,
    -76.81164047234));
#3145 = CARTESIAN_POINT('',(2.231365684349,62.443353668704,
    -76.80646872459));
#3146 = CARTESIAN_POINT('',(2.23139497672,62.922302221989,
    -76.80647018588));
#3147 = CARTESIAN_POINT('',(2.279229445211,63.177033399936,
    -76.8116090731));
#3148 = CARTESIAN_POINT('',(2.473246303539,63.645349539968,
    -76.83464097816));
#3149 = CARTESIAN_POINT('',(2.619223215722,63.858796337197,
    -76.85284334392));
#3150 = CARTESIAN_POINT('',(2.791354277433,64.031187369065,
    -76.87715247472));
#3151 = CARTESIAN_POINT('',(2.795672113486,64.035519243563,
    -76.87776345354));
#3152 = CARTESIAN_POINT('',(2.800146135231,64.039754380154,
    -76.8783987258));
#3153 = CARTESIAN_POINT('',(5.494954413428,64.001730270114,
    -77.46429399694));
#3154 = CARTESIAN_POINT('',(5.649744575851,63.839405839426,
    -77.50987089706));
#3155 = CARTESIAN_POINT('',(5.784865188016,63.636229477807,
    -77.55190564029));
#3156 = CARTESIAN_POINT('',(5.972558384763,63.179464724097,
    -77.61152931022));
#3157 = CARTESIAN_POINT('',(6.020493288464,62.923831597511,
    -77.62735424033));
#3158 = CARTESIAN_POINT('',(6.020522072036,62.440407912405,
    -77.62735640764));
#3159 = CARTESIAN_POINT('',(5.971797529269,62.182766626897,
    -77.61125782707));
#3160 = CARTESIAN_POINT('',(5.777037461846,61.712787234185,
    -77.54939499598));
#3161 = CARTESIAN_POINT('',(5.631426168816,61.500622148497,
    -77.50417559223));
#3162 = CARTESIAN_POINT('',(5.297334833324,61.165375079358,
    -77.40635236423));
#3163 = CARTESIAN_POINT('',(5.085705507223,61.02050727787,
    -77.34713006296));
#3164 = CARTESIAN_POINT('',(4.622211941269,60.828247278359,
    -77.2280594335));
#3165 = CARTESIAN_POINT('',(4.37037614773,60.780766630098,
    -77.16852264705));
#3166 = CARTESIAN_POINT('',(3.897877958948,60.780883800454,
    -77.06669194048));
#3167 = CARTESIAN_POINT('',(3.582314776063,60.840062594128,
    -77.00527646473));
#3168 = CARTESIAN_POINT('',(3.123211832706,61.057075701571,
    -76.92717700507));
#3169 = CARTESIAN_POINT('',(2.91901527121,61.209316051092,
    -76.89634908444));
#3170 = CARTESIAN_POINT('',(2.622290077825,61.504979221953,
    -76.85438571259));
#3171 = CARTESIAN_POINT('',(2.475545621635,61.718747720037,
    -76.8360645916));
#3172 = CARTESIAN_POINT('',(2.280450591625,62.188074181253,
    -76.81288301537));
#3173 = CARTESIAN_POINT('',(2.232359939424,62.443498769017,
    -76.80771184853));
#3174 = CARTESIAN_POINT('',(2.232389194199,62.922157652796,
    -76.80771328386));
#3175 = CARTESIAN_POINT('',(2.280191197825,63.176734715598,
    -76.81285165744));
#3176 = CARTESIAN_POINT('',(2.474074969546,63.64477124719,
    -76.83587605079));
#3177 = CARTESIAN_POINT('',(2.619952239314,63.858092856987,
    -76.85407035456));
#3178 = CARTESIAN_POINT('',(2.791966380878,64.030389426449,
    -76.87836292634));
#3179 = CARTESIAN_POINT('',(2.79628195512,64.034718683639,
    -76.87897352728));
#3180 = CARTESIAN_POINT('',(2.800748471076,64.038953097093,
    -76.87960812279));
#3181 = CARTESIAN_POINT('',(5.494158554055,64.001139747012,
    -77.46492643767));
#3182 = CARTESIAN_POINT('',(5.648896946447,63.838899441049,-77.510460379
    ));
#3183 = CARTESIAN_POINT('',(5.783977495672,63.635818846887,
    -77.55245750359));
#3184 = CARTESIAN_POINT('',(5.97161669891,63.179256211053,
    -77.61202806103));
#3185 = CARTESIAN_POINT('',(6.019538990154,62.923730518173,
    -77.62783944255));
#3186 = CARTESIAN_POINT('',(6.019567702808,62.440509860879,
    -77.62784156328));
#3187 = CARTESIAN_POINT('',(5.970856157384,62.182976842242,
    -77.61175687182));
#3188 = CARTESIAN_POINT('',(5.776151930458,61.713205616257,
    -77.54994901406));
#3189 = CARTESIAN_POINT('',(5.630584351205,61.501141069672,
    -77.50477037649));
#3190 = CARTESIAN_POINT('',(5.296605312428,61.166070124517,
    -77.40703929079));
#3191 = CARTESIAN_POINT('',(5.085053145453,61.021289390701,
    -77.3478745077));
#3192 = CARTESIAN_POINT('',(4.621754649402,60.829172242642,
    -77.22892522428));
#3193 = CARTESIAN_POINT('',(4.370038476878,60.781745327786,
    -77.16945116456));
#3194 = CARTESIAN_POINT('',(3.897790873564,60.781915893373,
    -77.06772860922));
#3195 = CARTESIAN_POINT('',(3.582412119877,60.841096098908,
    -77.00637743436));
#3196 = CARTESIAN_POINT('',(3.123601981932,61.058021490143,
    -76.92835104119));
#3197 = CARTESIAN_POINT('',(2.919541091127,61.210183889692,
    -76.89754739961));
#3198 = CARTESIAN_POINT('',(2.623017224078,61.505684378073,
    -76.85561243798));
#3199 = CARTESIAN_POINT('',(2.476373259672,61.719327920165,
    -76.83729964727));
#3200 = CARTESIAN_POINT('',(2.28141206553,62.188373815717,-76.8141255584
    ));
#3201 = CARTESIAN_POINT('',(2.233354194498,62.443643869329,
    -76.80895497247));
#3202 = CARTESIAN_POINT('',(2.233383411678,62.922013083603,
    -76.80895638185));
#3203 = CARTESIAN_POINT('',(2.281152950439,63.176436031261,
    -76.81409424179));
#3204 = CARTESIAN_POINT('',(2.474903635553,63.644192954412,
    -76.83711112342));
#3205 = CARTESIAN_POINT('',(2.620681262907,63.857389376778,
    -76.85529736521));
#3206 = CARTESIAN_POINT('',(2.792578484324,64.029591483833,
    -76.87957337797));
#3207 = CARTESIAN_POINT('',(2.796891796754,64.033918123715,
    -76.88018360102));
#3208 = CARTESIAN_POINT('',(2.801350806922,64.038151814033,
    -76.88081751978));
#3209 = CARTESIAN_POINT('',(5.493362694682,64.00054922391,
    -77.46555887841));
#3210 = CARTESIAN_POINT('',(5.648049317043,63.838393042674,
    -77.51104986094));
#3211 = CARTESIAN_POINT('',(5.783089803328,63.635408215967,
    -77.5530093669));
#3212 = CARTESIAN_POINT('',(5.970675013057,63.179047698009,
    -77.61252681184));
#3213 = CARTESIAN_POINT('',(6.018584691845,62.923629438835,
    -77.62832464478));
#3214 = CARTESIAN_POINT('',(6.018613333581,62.440611809353,
    -77.62832671891));
#3215 = CARTESIAN_POINT('',(5.9699147855,62.183187057588,-77.61225591656
    ));
#3216 = CARTESIAN_POINT('',(5.775266399069,61.71362399833,
    -77.55050303213));
#3217 = CARTESIAN_POINT('',(5.629742533593,61.501659990847,
    -77.50536516074));
#3218 = CARTESIAN_POINT('',(5.295875791532,61.166765169676,
    -77.40772621736));
#3219 = CARTESIAN_POINT('',(5.084400783683,61.022071503531,
    -77.34861895245));
#3220 = CARTESIAN_POINT('',(4.621297357534,60.830097206926,
    -77.22979101505));
#3221 = CARTESIAN_POINT('',(4.369700806027,60.782724025473,
    -77.17037968207));
#3222 = CARTESIAN_POINT('',(3.89770378818,60.782947986291,
    -77.06876527797));
#3223 = CARTESIAN_POINT('',(3.58250946369,60.842129603687,
    -77.00747840399));
#3224 = CARTESIAN_POINT('',(3.123992131157,61.058967278715,
    -76.92952507731));
#3225 = CARTESIAN_POINT('',(2.920066911045,61.211051728292,
    -76.89874571477));
#3226 = CARTESIAN_POINT('',(2.623744370331,61.506389534193,
    -76.85683916337));
#3227 = CARTESIAN_POINT('',(2.47720089771,61.719908120293,
    -76.83853470294));
#3228 = CARTESIAN_POINT('',(2.282373539435,62.188673450181,
    -76.81536810143));
#3229 = CARTESIAN_POINT('',(2.234348449573,62.443788969641,
    -76.81019809642));
#3230 = CARTESIAN_POINT('',(2.234377629157,62.92186851441,
    -76.81019947984));
#3231 = CARTESIAN_POINT('',(2.282114703053,63.176137346923,
    -76.81533682613));
#3232 = CARTESIAN_POINT('',(2.47573230156,63.643614661635,
    -76.83834619605));
#3233 = CARTESIAN_POINT('',(2.621410286499,63.856685896568,
    -76.85652437585));
#3234 = CARTESIAN_POINT('',(2.79319058777,64.028793541218,
    -76.88078382959));
#3235 = CARTESIAN_POINT('',(2.797501638388,64.033117563791,
    -76.88139367476));
#3236 = CARTESIAN_POINT('',(2.801953142767,64.037350530973,
    -76.88202691677));
#3237 = CARTESIAN_POINT('',(5.413776757368,63.941496913698,
    -77.52880295155));
#3238 = CARTESIAN_POINT('',(5.563286376662,63.78775320508,
    -77.56999805517));
#3239 = CARTESIAN_POINT('',(5.694320568937,63.594345123964,
    -77.60819569768));
#3240 = CARTESIAN_POINT('',(5.876506427789,63.158196393647,
    -77.66240189295));
#3241 = CARTESIAN_POINT('',(5.9231548609,62.913521505003,-77.67684486737
    ));
#3242 = CARTESIAN_POINT('',(5.923176410816,62.450806656745,
    -77.67684228245));
#3243 = CARTESIAN_POINT('',(5.87577759704,62.204208592146,
    -77.66216039109));
#3244 = CARTESIAN_POINT('',(5.686713260199,61.755462205585,
    -77.60590483979));
#3245 = CARTESIAN_POINT('',(5.54556077244,61.553552108351,
    -77.56484358609));
#3246 = CARTESIAN_POINT('',(5.222923701979,61.236269685572,
    -77.47641887392));
#3247 = CARTESIAN_POINT('',(5.019164606719,61.10028278657,-77.4230634271
    ));
#3248 = CARTESIAN_POINT('',(4.575568170784,60.922593635294,
    -77.31637009246));
#3249 = CARTESIAN_POINT('',(4.335933720913,60.880593794229,
    -77.26323143338));
#3250 = CARTESIAN_POINT('',(3.888995249796,60.886157278111,
    -77.17243215217));
#3251 = CARTESIAN_POINT('',(3.592243845049,60.945480081654,
    -77.11757536674));
#3252 = CARTESIAN_POINT('',(3.163007053699,61.153546135902,
    -77.04692868906));
#3253 = CARTESIAN_POINT('',(2.972648902796,61.297835588267,
    -77.01857723107));
#3254 = CARTESIAN_POINT('',(2.696458995662,61.576905146153,
    -76.97951170226));
#3255 = CARTESIAN_POINT('',(2.559964701441,61.777928133123,
    -76.96204026988));
#3256 = CARTESIAN_POINT('',(2.37852092996,62.218636896536,
    -76.93962240459));
#3257 = CARTESIAN_POINT('',(2.333773957039,62.45829900087,
    -76.93451049088));
#3258 = CARTESIAN_POINT('',(2.333799377075,62.907411595119,
    -76.93450927864));
#3259 = CARTESIAN_POINT('',(2.378289964436,63.146268913149,
    -76.93959526057));
#3260 = CARTESIAN_POINT('',(2.558598902268,63.58578538387,
    -76.96185345926));
#3261 = CARTESIAN_POINT('',(2.694312645755,63.786337875618,
    -76.97922544019));
#3262 = CARTESIAN_POINT('',(2.854400932322,63.948999279646,
    -77.00182899191));
#3263 = CARTESIAN_POINT('',(2.858485801796,63.953061571405,
    -77.0024010486));
#3264 = CARTESIAN_POINT('',(2.862186727278,63.957222224946,
    -77.00296661602));
#3265 = CARTESIAN_POINT('',(5.334186842019,63.882444340297,
    -77.59204308206));
#3266 = CARTESIAN_POINT('',(5.478590432525,63.737117875121,
    -77.62901277089));
#3267 = CARTESIAN_POINT('',(5.605539591058,63.553277429987,
    -77.66336419463));
#3268 = CARTESIAN_POINT('',(5.782348254272,63.137362863359,
    -77.71231693844));
#3269 = CARTESIAN_POINT('',(5.827705247805,62.903428368212,
    -77.72537127103));
#3270 = CARTESIAN_POINT('',(5.827731593692,62.461015742213,
    -77.72537716254));
#3271 = CARTESIAN_POINT('',(5.781596948373,62.225247651598,
    -77.71208653127));
#3272 = CARTESIAN_POINT('',(5.59814673345,61.797327984155,
    -77.66131109101));
#3273 = CARTESIAN_POINT('',(5.461321495708,61.605488410422,
    -77.62434938052));
#3274 = CARTESIAN_POINT('',(5.149942368666,61.305787078869,
    -77.54510800008));
#3275 = CARTESIAN_POINT('',(4.953844698372,61.178585186684,
    -77.49755226152));
#3276 = CARTESIAN_POINT('',(4.529803586157,61.015060314385,
    -77.40292327455));
#3277 = CARTESIAN_POINT('',(4.302094384643,60.978608495092,
    -77.35614748571));
#3278 = CARTESIAN_POINT('',(3.880212183234,60.989249677609,
    -77.2760319597));
#3279 = CARTESIAN_POINT('',(3.602062822043,61.048711841049,
    -77.22762300226));
#3280 = CARTESIAN_POINT('',(3.20193858223,61.247972303734,
    -77.16426057999));
#3281 = CARTESIAN_POINT('',(3.025394677434,61.384595305509,
    -77.13838623197));
#3282 = CARTESIAN_POINT('',(2.769121370874,61.647454274775,
    -77.10220300536));
#3283 = CARTESIAN_POINT('',(2.64279923055,61.835927431059,
    -77.08551626823));
#3284 = CARTESIAN_POINT('',(2.474664530975,62.248644853407,
    -77.06390453423));
#3285 = CARTESIAN_POINT('',(2.433210457214,62.472805862883,
    -77.05881801195));
#3286 = CARTESIAN_POINT('',(2.433232558177,62.892986422895,
    -77.05882099364));
#3287 = CARTESIAN_POINT('',(2.474417649571,63.116413348273,
    -77.0638662879));
#3288 = CARTESIAN_POINT('',(2.641507293117,63.527969321597,
    -77.0853434656));
#3289 = CARTESIAN_POINT('',(2.767048472331,63.716084444347,
    -77.1019016685));
#3290 = CARTESIAN_POINT('',(2.915621261113,63.869200825493,
    -77.1228749699));
#3291 = CARTESIAN_POINT('',(2.919284074144,63.873072414422,
    -77.12339825507));
#3292 = CARTESIAN_POINT('',(2.923580198642,63.876684262448,
    -77.12396655329));
#3293 = CARTESIAN_POINT('',(5.254600913641,63.823392030677,
    -77.65528716406));
#3294 = CARTESIAN_POINT('',(5.39382734165,63.686478027402,
    -77.68796081569));
#3295 = CARTESIAN_POINT('',(5.516770383047,63.512214348322,
    -77.71855056547));
#3296 = CARTESIAN_POINT('',(5.688179645616,63.116511519071,
    -77.76219192978));
#3297 = CARTESIAN_POINT('',(5.732275461297,62.893320401142,
    -77.77389147973));
#3298 = CARTESIAN_POINT('',(5.73229468866,62.471210557622,
    -77.77389268268));
#3299 = CARTESIAN_POINT('',(5.687459857538,62.24626914679,
    -77.76199095713));
#3300 = CARTESIAN_POINT('',(5.509593624653,61.839166129476,
    -77.71671288868));
#3301 = CARTESIAN_POINT('',(5.377139863753,61.657380428674,
    -77.68382774439));
#3302 = CARTESIAN_POINT('',(5.076990344803,61.375291565839,
    -77.61380066458));
#3303 = CARTESIAN_POINT('',(4.888608709494,61.256796265045,
    -77.57199663653));
#3304 = CARTESIAN_POINT('',(4.484074478921,61.107556809578,
    -77.48950241012));
#3305 = CARTESIAN_POINT('',(4.268327461827,61.076477938285,
    -77.44899909258));
#3306 = CARTESIAN_POINT('',(3.871503812263,61.092459232006,
    -77.37969898456));
#3307 = CARTESIAN_POINT('',(3.611797013374,61.152062585695,
    -77.33772007581));
#3308 = CARTESIAN_POINT('',(3.240953692101,61.342551503909,
    -77.28166435285));
#3309 = CARTESIAN_POINT('',(3.077976301278,61.471379219717,
    -77.25821779885));
#3310 = CARTESIAN_POINT('',(2.841836113575,61.717969811447,
    -77.22487550211));
#3311 = CARTESIAN_POINT('',(2.725562875409,61.89394749042,
    -77.20902190159));
#3312 = CARTESIAN_POINT('',(2.570811930012,62.278608199778,
    -77.18815877488));
#3313 = CARTESIAN_POINT('',(2.532635939987,62.487315901231,
    -77.18313041736));
#3314 = CARTESIAN_POINT('',(2.532654280412,62.87852943229,
    -77.18313078814));
#3315 = CARTESIAN_POINT('',(2.570593017826,63.086544885592,
    -77.18812469404));
#3316 = CARTESIAN_POINT('',(2.724373799951,63.470140014147,
    -77.20885076757));
#3317 = CARTESIAN_POINT('',(2.839951205671,63.645736210918,
    -77.22460278863));
#3318 = CARTESIAN_POINT('',(2.976831583238,63.789406573339,
    -77.24392013039));
#3319 = CARTESIAN_POINT('',(2.980268655122,63.793016271903,
    -77.24440565175));
#3320 = CARTESIAN_POINT('',(2.983811177687,63.79655687663,
    -77.24490611724));
#3321 = CARTESIAN_POINT('',(5.253805054357,63.822801507581,
    -77.65591960488));
#3322 = CARTESIAN_POINT('',(5.392979710741,63.685971628925,
    -77.68855029613));
#3323 = CARTESIAN_POINT('',(5.515882690967,63.511803717505,
    -77.71910242918));
#3324 = CARTESIAN_POINT('',(5.687237959529,63.116303005628,
    -77.76269067969));
#3325 = CARTESIAN_POINT('',(5.731321163432,62.893219321471,
    -77.77437668182));
#3326 = CARTESIAN_POINT('',(5.73134031961,62.471312505776,
    -77.77437783788));
#3327 = CARTESIAN_POINT('',(5.686518486629,62.246479361742,
    -77.76249000139));
#3328 = CARTESIAN_POINT('',(5.508708093565,61.839584510929,
    -77.71726690666));
#3329 = CARTESIAN_POINT('',(5.376298047434,61.657899348857,
    -77.68442252802));
#3330 = CARTESIAN_POINT('',(5.076260824564,61.375986610708,
    -77.61448759122));
#3331 = CARTESIAN_POINT('',(4.887956349605,61.257578375829,
    -77.57274108028));
#3332 = CARTESIAN_POINT('',(4.483617187849,61.10848177453,
    -77.49036820148));
#3333 = CARTESIAN_POINT('',(4.267989792599,61.077456632717,
    -77.44992760864));
#3334 = CARTESIAN_POINT('',(3.871416728554,61.09349132755,
    -77.38073565481));
#3335 = CARTESIAN_POINT('',(3.611894355287,61.153096093141,
    -77.33882104655));
#3336 = CARTESIAN_POINT('',(3.241343843199,61.343497295911,
    -77.28283839058));
#3337 = CARTESIAN_POINT('',(3.078502117516,61.472247058859,
    -77.25941611452));
#3338 = CARTESIAN_POINT('',(2.842563261002,61.718674966814,
    -77.22610222707));
#3339 = CARTESIAN_POINT('',(2.726390511858,61.894527691014,
    -77.21025695792));
#3340 = CARTESIAN_POINT('',(2.571773404002,62.278907833242,
    -77.18940131729));
#3341 = CARTESIAN_POINT('',(2.533630194815,62.487461001614,
    -77.18437354142));
#3342 = CARTESIAN_POINT('',(2.533648497635,62.878384862384,
    -77.18437388609));
#3343 = CARTESIAN_POINT('',(2.571554771508,63.086246200965,
    -77.18936727811));
#3344 = CARTESIAN_POINT('',(2.725202465019,63.469561721072,
    -77.21008584059));
#3345 = CARTESIAN_POINT('',(2.840680233004,63.645032728584,
    -77.22582979983));
#3346 = CARTESIAN_POINT('',(2.977443686459,63.788608630818,
    -77.24513058199));
#3347 = CARTESIAN_POINT('',(2.980878500932,63.792215710478,
    -77.24561572571));
#3348 = CARTESIAN_POINT('',(2.984413487477,63.795755602772,
    -77.24611551287));
#3349 = CARTESIAN_POINT('',(5.253009195073,63.822210984484,
    -77.6565520457));
#3350 = CARTESIAN_POINT('',(5.392132079832,63.685465230448,
    -77.68913977658));
#3351 = CARTESIAN_POINT('',(5.514994998887,63.511393086688,
    -77.71965429289));
#3352 = CARTESIAN_POINT('',(5.686296273443,63.116094492185,
    -77.76318942961));
#3353 = CARTESIAN_POINT('',(5.730366865566,62.8931182418,-77.77486188391
    ));
#3354 = CARTESIAN_POINT('',(5.730385950559,62.47141445393,
    -77.77486299308));
#3355 = CARTESIAN_POINT('',(5.685577115721,62.246689576694,
    -77.76298904565));
#3356 = CARTESIAN_POINT('',(5.507822562477,61.840002892382,
    -77.71782092464));
#3357 = CARTESIAN_POINT('',(5.375456231114,61.658418269039,
    -77.68501731166));
#3358 = CARTESIAN_POINT('',(5.075531304326,61.376681655578,
    -77.61517451787));
#3359 = CARTESIAN_POINT('',(4.887303989716,61.258360486613,
    -77.57348552403));
#3360 = CARTESIAN_POINT('',(4.483159896777,61.109406739482,
    -77.49123399283));
#3361 = CARTESIAN_POINT('',(4.267652123371,61.078435327149,
    -77.45085612471));
#3362 = CARTESIAN_POINT('',(3.871329644844,61.094523423094,
    -77.38177232506));
#3363 = CARTESIAN_POINT('',(3.6119916972,61.154129600588,-77.33992201729
    ));
#3364 = CARTESIAN_POINT('',(3.241733994298,61.344443087913,
    -77.2840124283));
#3365 = CARTESIAN_POINT('',(3.079027933754,61.473114898001,
    -77.26061443019));
#3366 = CARTESIAN_POINT('',(2.843290408429,61.71938012218,
    -77.22732895204));
#3367 = CARTESIAN_POINT('',(2.727218148307,61.895107891607,
    -77.21149201425));
#3368 = CARTESIAN_POINT('',(2.572734877993,62.279207466705,
    -77.1906438597));
#3369 = CARTESIAN_POINT('',(2.534624449642,62.487606101998,
    -77.18561666547));
#3370 = CARTESIAN_POINT('',(2.534642714857,62.878240292478,
    -77.18561698403));
#3371 = CARTESIAN_POINT('',(2.572516525191,63.085947516339,
    -77.19060986217));
#3372 = CARTESIAN_POINT('',(2.726031130087,63.468983427998,
    -77.21132091361));
#3373 = CARTESIAN_POINT('',(2.841409260338,63.64432924625,
    -77.22705681103));
#3374 = CARTESIAN_POINT('',(2.97805578968,63.787810688296,-77.2463410336
    ));
#3375 = CARTESIAN_POINT('',(2.981488346741,63.791415149053,
    -77.24682579968));
#3376 = CARTESIAN_POINT('',(2.985015797268,63.794954328913,
    -77.24732490851));
#3377 = CARTESIAN_POINT('',(5.252213335789,63.821620461388,
    -77.65718448652));
#3378 = CARTESIAN_POINT('',(5.391284448923,63.68495883197,
    -77.68972925703));
#3379 = CARTESIAN_POINT('',(5.514107306806,63.510982455872,
    -77.7202061566));
#3380 = CARTESIAN_POINT('',(5.685354587356,63.115885978742,
    -77.76368817952));
#3381 = CARTESIAN_POINT('',(5.729412567701,62.893017162129,
    -77.77534708599));
#3382 = CARTESIAN_POINT('',(5.729431581509,62.471516402084,
    -77.77534814828));
#3383 = CARTESIAN_POINT('',(5.684635744813,62.246899791646,
    -77.76348808991));
#3384 = CARTESIAN_POINT('',(5.506937031389,61.840421273836,
    -77.71837494261));
#3385 = CARTESIAN_POINT('',(5.374614414795,61.658937189222,
    -77.6856120953));
#3386 = CARTESIAN_POINT('',(5.074801784087,61.377376700448,
    -77.61586144451));
#3387 = CARTESIAN_POINT('',(4.886651629827,61.259142597396,
    -77.57422996778));
#3388 = CARTESIAN_POINT('',(4.482702605704,61.110331704434,
    -77.49209978419));
#3389 = CARTESIAN_POINT('',(4.267314454143,61.079414021581,
    -77.45178464078));
#3390 = CARTESIAN_POINT('',(3.871242561134,61.095555518638,
    -77.38280899531));
#3391 = CARTESIAN_POINT('',(3.612089039113,61.155163108034,
    -77.34102298802));
#3392 = CARTESIAN_POINT('',(3.242124145397,61.345388879915,
    -77.28518646603));
#3393 = CARTESIAN_POINT('',(3.079553749993,61.473982737143,
    -77.26181274586));
#3394 = CARTESIAN_POINT('',(2.844017555856,61.720085277547,
    -77.22855567701));
#3395 = CARTESIAN_POINT('',(2.728045784755,61.895688092201,
    -77.21272707059));
#3396 = CARTESIAN_POINT('',(2.573696351983,62.279507100169,
    -77.1918864021));
#3397 = CARTESIAN_POINT('',(2.53561870447,62.487751202381,
    -77.18685978952));
#3398 = CARTESIAN_POINT('',(2.535636932079,62.878095722572,
    -77.18686008198));
#3399 = CARTESIAN_POINT('',(2.573478278874,63.085648831712,
    -77.19185244623));
#3400 = CARTESIAN_POINT('',(2.726859795156,63.468405134923,
    -77.21255598663));
#3401 = CARTESIAN_POINT('',(2.842138287671,63.643625763916,
    -77.22828382223));
#3402 = CARTESIAN_POINT('',(2.978667892902,63.787012745775,
    -77.2475514852));
#3403 = CARTESIAN_POINT('',(2.982098192551,63.790614587627,
    -77.24803587365));
#3404 = CARTESIAN_POINT('',(2.985618107058,63.794153055055,
    -77.24853430415));
#3405 = ADVANCED_FACE('',(#3406),#3418,.T.);
#3406 = FACE_BOUND('',#3407,.T.);
#3407 = EDGE_LOOP('',(#3408,#3409,#3410,#3411));
#3408 = ORIENTED_EDGE('',*,*,#2710,.F.);
#3409 = ORIENTED_EDGE('',*,*,#1370,.T.);
#3410 = ORIENTED_EDGE('',*,*,#3118,.F.);
#3411 = ORIENTED_EDGE('',*,*,#3412,.T.);
#3412 = EDGE_CURVE('',#2927,#2711,#3413,.T.);
#3413 = ELLIPSE('',#3414,15.278886295754,3.904800618267);
#3414 = AXIS2_PLACEMENT_3D('',#3415,#3416,#3417);
#3415 = CARTESIAN_POINT('',(9.377517915181,56.821246739124,
    -89.23921139653));
#3416 = DIRECTION('',(-0.606947136097,0.502460472788,-0.615750474843));
#3417 = DIRECTION('',(-0.420480561154,0.454434271865,0.785293314785));
#3418 = B_SPLINE_SURFACE_WITH_KNOTS('',3,3,(
    (#3419,#3420,#3421,#3422)
    ,(#3423,#3424,#3425,#3426)
    ,(#3427,#3428,#3429,#3430)
    ,(#3431,#3432,#3433,#3434
    )),.UNSPECIFIED.,.F.,.F.,.F.,(4,4),(4,4),(0.,1.),(1.722363511626,
    1.723725616011),.PIECEWISE_BEZIER_KNOTS.);
#3419 = CARTESIAN_POINT('',(2.792440428226,64.028038107287,
    -76.8806781743));
#3420 = CARTESIAN_POINT('',(2.800989447386,64.03657317864,
    -76.88188699167));
#3421 = CARTESIAN_POINT('',(2.809537676362,64.045107395885,
    -76.88310164114));
#3422 = CARTESIAN_POINT('',(2.818085107215,64.053640751114,
    -76.88432212172));
#3423 = CARTESIAN_POINT('',(2.853636229351,63.948373571708,
    -77.00159494097));
#3424 = CARTESIAN_POINT('',(2.86209446039,63.956949052869,
    -77.00276576633));
#3425 = CARTESIAN_POINT('',(2.870579552926,63.965487756305,
    -77.00399685057));
#3426 = CARTESIAN_POINT('',(2.879091082177,63.973989902469,
    -77.00528794009));
#3427 = CARTESIAN_POINT('',(2.914832030475,63.868709036129,
    -77.12251170763));
#3428 = CARTESIAN_POINT('',(2.923199473395,63.877324927098,-77.123644541
    ));
#3429 = CARTESIAN_POINT('',(2.93162142949,63.885868116725,-77.12489206)
  );
#3430 = CARTESIAN_POINT('',(2.94009705714,63.894339053824,
    -77.12625375845));
#3431 = CARTESIAN_POINT('',(2.9760278316,63.78904450055,-77.2434284743)
  );
#3432 = CARTESIAN_POINT('',(2.984304486399,63.797700801326,
    -77.24452331566));
#3433 = CARTESIAN_POINT('',(2.992663306055,63.806248477146,
    -77.24578726943));
#3434 = CARTESIAN_POINT('',(3.001103032103,63.814688205179,
    -77.24721957682));
#3435 = ADVANCED_FACE('',(#3436),#3461,.T.);
#3436 = FACE_BOUND('',#3437,.T.);
#3437 = EDGE_LOOP('',(#3438,#3439,#3447,#3455));
#3438 = ORIENTED_EDGE('',*,*,#1914,.T.);
#3439 = ORIENTED_EDGE('',*,*,#3440,.T.);
#3440 = EDGE_CURVE('',#1917,#3441,#3443,.T.);
#3441 = VERTEX_POINT('',#3442);
#3442 = CARTESIAN_POINT('',(5.632466557461,64.697760171778,
    -95.98874478579));
#3443 = LINE('',#3444,#3445);
#3444 = CARTESIAN_POINT('',(6.132466350836,65.197760171778,
    -96.48874499242));
#3445 = VECTOR('',#3446,1.);
#3446 = DIRECTION('',(-0.5773500306,-0.577350269189,0.577350507779));
#3447 = ORIENTED_EDGE('',*,*,#3448,.T.);
#3448 = EDGE_CURVE('',#3441,#3449,#3451,.T.);
#3449 = VERTEX_POINT('',#3450);
#3450 = CARTESIAN_POINT('',(5.632473004151,64.697760171776,
    -80.3887431328));
#3451 = LINE('',#3452,#3453);
#3452 = CARTESIAN_POINT('',(5.632463846703,64.697760171778,
    -102.5483621453));
#3453 = VECTOR('',#3454,1.);
#3454 = DIRECTION('',(4.132493532996E-07,-1.145619467406E-13,1.));
#3455 = ORIENTED_EDGE('',*,*,#3456,.T.);
#3456 = EDGE_CURVE('',#3449,#1915,#3457,.T.);
#3457 = LINE('',#3458,#3459);
#3458 = CARTESIAN_POINT('',(5.632473004151,64.697760171776,
    -80.3887431328));
#3459 = VECTOR('',#3460,1.);
#3460 = DIRECTION('',(0.577350507779,0.57735026919,0.5773500306));
#3461 = PLANE('',#3462);
#3462 = AXIS2_PLACEMENT_3D('',#3463,#3464,#3465);
#3463 = CARTESIAN_POINT('',(5.882463846703,64.947760171778,
    -102.5483622487));
#3464 = DIRECTION('',(-0.707106781187,0.707106781187,2.922115010551E-07)
  );
#3465 = DIRECTION('',(4.132494678783E-07,4.804000299912E-18,1.));
#3466 = ADVANCED_FACE('',(#3467),#3485,.T.);
#3467 = FACE_BOUND('',#3468,.T.);
#3468 = EDGE_LOOP('',(#3469,#3477,#3478,#3479));
#3469 = ORIENTED_EDGE('',*,*,#3470,.T.);
#3470 = EDGE_CURVE('',#3471,#1925,#3473,.T.);
#3471 = VERTEX_POINT('',#3472);
#3472 = CARTESIAN_POINT('',(4.132473004151,64.697760171776,
    -80.38874251292));
#3473 = LINE('',#3474,#3475);
#3474 = CARTESIAN_POINT('',(4.132473004151,64.697760171776,
    -80.38874251292));
#3475 = VECTOR('',#3476,1.);
#3476 = DIRECTION('',(2.922113747817E-07,0.707106781186,0.707106781187)
  );
#3477 = ORIENTED_EDGE('',*,*,#1924,.T.);
#3478 = ORIENTED_EDGE('',*,*,#3456,.F.);
#3479 = ORIENTED_EDGE('',*,*,#3480,.T.);
#3480 = EDGE_CURVE('',#3449,#3471,#3481,.T.);
#3481 = LINE('',#3482,#3483);
#3482 = CARTESIAN_POINT('',(2.882408556772,64.697760171776,
    -80.38874199634));
#3483 = VECTOR('',#3484,1.);
#3484 = DIRECTION('',(-1.,-6.511637306009E-14,4.132493553674E-07));
#3485 = PLANE('',#3486);
#3486 = AXIS2_PLACEMENT_3D('',#3487,#3488,#3489);
#3487 = CARTESIAN_POINT('',(2.882408660084,64.947760171776,
    -80.13874199634));
#3488 = DIRECTION('',(-2.922114674743E-07,0.707106781187,-0.707106781186
    ));
#3489 = DIRECTION('',(-1.,2.86320429578E-17,4.132494204117E-07));
#3490 = ADVANCED_FACE('',(#3491),#3509,.T.);
#3491 = FACE_BOUND('',#3492,.T.);
#3492 = EDGE_LOOP('',(#3493,#3494,#3502,#3508));
#3493 = ORIENTED_EDGE('',*,*,#3470,.F.);
#3494 = ORIENTED_EDGE('',*,*,#3495,.T.);
#3495 = EDGE_CURVE('',#3471,#3496,#3498,.T.);
#3496 = VERTEX_POINT('',#3497);
#3497 = CARTESIAN_POINT('',(-3.867526995849,64.697760171775,
    -80.38874251292));
#3498 = LINE('',#3499,#3500);
#3499 = CARTESIAN_POINT('',(2.132402622669,64.697760171776,
    -80.38874251292));
#3500 = VECTOR('',#3501,1.);
#3501 = DIRECTION('',(-1.,-6.511632570565E-14,-2.366199133219E-15));
#3502 = ORIENTED_EDGE('',*,*,#3503,.F.);
#3503 = EDGE_CURVE('',#1933,#3496,#3504,.T.);
#3504 = LINE('',#3505,#3506);
#3505 = CARTESIAN_POINT('',(-3.867526789224,65.197760171775,
    -79.88874251292));
#3506 = VECTOR('',#3507,1.);
#3507 = DIRECTION('',(-2.9221137406E-07,-0.707106781186,-0.707106781187)
  );
#3508 = ORIENTED_EDGE('',*,*,#1932,.T.);
#3509 = PLANE('',#3510);
#3510 = AXIS2_PLACEMENT_3D('',#3511,#3512,#3513);
#3511 = CARTESIAN_POINT('',(2.132402622669,64.947760171776,
    -80.13874251292));
#3512 = DIRECTION('',(-4.436015485494E-14,0.707106781187,-0.707106781186
    ));
#3513 = DIRECTION('',(-1.,2.762933121845E-17,6.276236195605E-14));
#3514 = ADVANCED_FACE('',(#3515),#3533,.T.);
#3515 = FACE_BOUND('',#3516,.T.);
#3516 = EDGE_LOOP('',(#3517,#3518,#3526,#3532));
#3517 = ORIENTED_EDGE('',*,*,#3503,.T.);
#3518 = ORIENTED_EDGE('',*,*,#3519,.T.);
#3519 = EDGE_CURVE('',#3496,#3520,#3522,.T.);
#3520 = VERTEX_POINT('',#3521);
#3521 = CARTESIAN_POINT('',(-5.367526995849,64.697760171775,
    -80.38874189305));
#3522 = LINE('',#3523,#3524);
#3523 = CARTESIAN_POINT('',(-1.867591443229,64.697760171775,
    -80.3887433394));
#3524 = VECTOR('',#3525,1.);
#3525 = DIRECTION('',(-1.,-6.511637306009E-14,4.132493553674E-07));
#3526 = ORIENTED_EDGE('',*,*,#3527,.F.);
#3527 = EDGE_CURVE('',#1941,#3520,#3528,.T.);
#3528 = LINE('',#3529,#3530);
#3529 = CARTESIAN_POINT('',(-5.867526789224,65.197760171775,
    -79.88874168642));
#3530 = VECTOR('',#3531,1.);
#3531 = DIRECTION('',(0.5773500306,-0.57735026919,-0.577350507779));
#3532 = ORIENTED_EDGE('',*,*,#1940,.T.);
#3533 = PLANE('',#3534);
#3534 = AXIS2_PLACEMENT_3D('',#3535,#3536,#3537);
#3535 = CARTESIAN_POINT('',(-1.867591339917,64.947760171775,
    -80.1387433394));
#3536 = DIRECTION('',(-2.922114674743E-07,0.707106781187,-0.707106781186
    ));
#3537 = DIRECTION('',(-1.,2.86320429578E-17,4.132494204117E-07));
#3538 = ADVANCED_FACE('',(#3539),#3557,.T.);
#3539 = FACE_BOUND('',#3540,.T.);
#3540 = EDGE_LOOP('',(#3541,#3542,#3543,#3551));
#3541 = ORIENTED_EDGE('',*,*,#1948,.T.);
#3542 = ORIENTED_EDGE('',*,*,#3527,.T.);
#3543 = ORIENTED_EDGE('',*,*,#3544,.T.);
#3544 = EDGE_CURVE('',#3520,#3545,#3547,.T.);
#3545 = VERTEX_POINT('',#3546);
#3546 = CARTESIAN_POINT('',(-5.367533442538,64.697760171778,
    -95.98874024005));
#3547 = LINE('',#3548,#3549);
#3548 = CARTESIAN_POINT('',(-5.367532929951,64.697760171777,
    -94.74835842615));
#3549 = VECTOR('',#3550,1.);
#3550 = DIRECTION('',(-4.132493534106E-07,1.145619467406E-13,-1.));
#3551 = ORIENTED_EDGE('',*,*,#3552,.F.);
#3552 = EDGE_CURVE('',#1949,#3545,#3553,.T.);
#3553 = LINE('',#3554,#3555);
#3554 = CARTESIAN_POINT('',(-5.867533649163,65.197760171777,
    -96.48874003342));
#3555 = VECTOR('',#3556,1.);
#3556 = DIRECTION('',(0.577350507779,-0.577350269189,0.5773500306));
#3557 = PLANE('',#3558);
#3558 = AXIS2_PLACEMENT_3D('',#3559,#3560,#3561);
#3559 = CARTESIAN_POINT('',(-5.617532929951,64.947760171777,
    -94.74835832284));
#3560 = DIRECTION('',(0.707106781186,0.707106781187,-2.92211339137E-07)
  );
#3561 = DIRECTION('',(-4.132492388847E-07,-2.034758427762E-18,-1.));
#3562 = ADVANCED_FACE('',(#3563),#3574,.T.);
#3563 = FACE_BOUND('',#3564,.T.);
#3564 = EDGE_LOOP('',(#3565,#3566,#3567,#3573));
#3565 = ORIENTED_EDGE('',*,*,#1956,.T.);
#3566 = ORIENTED_EDGE('',*,*,#3552,.T.);
#3567 = ORIENTED_EDGE('',*,*,#3568,.T.);
#3568 = EDGE_CURVE('',#3545,#3441,#3569,.T.);
#3569 = LINE('',#3570,#3571);
#3570 = CARTESIAN_POINT('',(-1.867597889918,64.697760171778,
    -95.9887416864));
#3571 = VECTOR('',#3572,1.);
#3572 = DIRECTION('',(1.,6.511637308656E-14,-4.132493546458E-07));
#3573 = ORIENTED_EDGE('',*,*,#3440,.F.);
#3574 = PLANE('',#3575);
#3575 = AXIS2_PLACEMENT_3D('',#3576,#3577,#3578);
#3576 = CARTESIAN_POINT('',(-1.867597993231,64.947760171778,
    -96.2387416864));
#3577 = DIRECTION('',(2.922113749483E-07,0.707106781186,0.707106781187)
  );
#3578 = DIRECTION('',(1.,-4.872991133466E-17,-4.132492894828E-07));
#3579 = ADVANCED_FACE('',(#3580),#3675,.F.);
#3580 = FACE_BOUND('',#3581,.F.);
#3581 = EDGE_LOOP('',(#3582,#3593,#3601,#3610,#3618,#3627,#3635,#3644,
    #3650,#3651,#3652,#3660,#3669));
#3582 = ORIENTED_EDGE('',*,*,#3583,.T.);
#3583 = EDGE_CURVE('',#3584,#3586,#3588,.T.);
#3584 = VERTEX_POINT('',#3585);
#3585 = CARTESIAN_POINT('',(-5.367533566391,63.240095220525,
    -96.28874023995));
#3586 = VERTEX_POINT('',#3587);
#3587 = CARTESIAN_POINT('',(-4.998904648816,63.814689395494,
    -96.28874039234));
#3588 = CIRCLE('',#3589,1.6);
#3589 = AXIS2_PLACEMENT_3D('',#3590,#3591,#3592);
#3590 = CARTESIAN_POINT('',(-3.867533570003,62.683318774511,
    -96.28874085983));
#3591 = DIRECTION('',(-4.132493547429E-07,1.138782299512E-13,-1.));
#3592 = DIRECTION('',(-0.707106924258,0.707106638115,2.922115607081E-07)
  );
#3593 = ORIENTED_EDGE('',*,*,#3594,.F.);
#3594 = EDGE_CURVE('',#3595,#3586,#3597,.T.);
#3595 = VERTEX_POINT('',#3596);
#3596 = CARTESIAN_POINT('',(-4.998905434357,63.814689395494,
    -98.18874079729));
#3597 = LINE('',#3598,#3599);
#3598 = CARTESIAN_POINT('',(-4.998905434357,63.814689395494,
    -98.18874079729));
#3599 = VECTOR('',#3600,1.);
#3600 = DIRECTION('',(4.134421720605E-07,-1.132266238102E-13,1.));
#3601 = ORIENTED_EDGE('',*,*,#3602,.T.);
#3602 = EDGE_CURVE('',#3595,#3603,#3605,.T.);
#3603 = VERTEX_POINT('',#3604);
#3604 = CARTESIAN_POINT('',(-2.736163271876,63.81468939064,
    -98.18874173236));
#3605 = CIRCLE('',#3606,1.6);
#3606 = AXIS2_PLACEMENT_3D('',#3607,#3608,#3609);
#3607 = CARTESIAN_POINT('',(-3.867534355543,62.683318774511,
    -98.18874085993));
#3608 = DIRECTION('',(4.132493533065E-07,3.578844625997E-07,1.));
#3609 = DIRECTION('',(0.707106638114,0.707106924258,-5.452739425084E-07)
  );
#3610 = ORIENTED_EDGE('',*,*,#3611,.T.);
#3611 = EDGE_CURVE('',#3603,#3612,#3614,.T.);
#3612 = VERTEX_POINT('',#3613);
#3613 = CARTESIAN_POINT('',(-2.736162486335,63.81468939064,
    -96.28874132757));
#3614 = LINE('',#3615,#3616);
#3615 = CARTESIAN_POINT('',(-2.736163271876,63.81468939064,
    -98.18874173236));
#3616 = VECTOR('',#3617,1.);
#3617 = DIRECTION('',(4.134421720605E-07,-1.132266238102E-13,1.));
#3618 = ORIENTED_EDGE('',*,*,#3619,.T.);
#3619 = EDGE_CURVE('',#3612,#3620,#3622,.T.);
#3620 = VERTEX_POINT('',#3621);
#3621 = CARTESIAN_POINT('',(-3.867533566513,61.083318774511,
    -96.28874086003));
#3622 = CIRCLE('',#3623,1.6);
#3623 = AXIS2_PLACEMENT_3D('',#3624,#3625,#3626);
#3624 = CARTESIAN_POINT('',(-3.867533570003,62.683318774511,
    -96.28874086003));
#3625 = DIRECTION('',(-4.132493547429E-07,1.138782299512E-13,-1.));
#3626 = DIRECTION('',(0.707106924258,-0.707106638115,-2.922115607081E-07
    ));
#3627 = ORIENTED_EDGE('',*,*,#3628,.T.);
#3628 = EDGE_CURVE('',#3620,#3629,#3631,.T.);
#3629 = VERTEX_POINT('',#3630);
#3630 = CARTESIAN_POINT('',(-3.867526994323,61.083318774509,
    -80.38874251292));
#3631 = LINE('',#3632,#3633);
#3632 = CARTESIAN_POINT('',(-3.867534351687,61.083318774511,
    -98.18874085993));
#3633 = VECTOR('',#3634,1.);
#3634 = DIRECTION('',(4.134421720605E-07,-1.132266238102E-13,1.));
#3635 = ORIENTED_EDGE('',*,*,#3636,.T.);
#3636 = EDGE_CURVE('',#3629,#3637,#3639,.T.);
#3637 = VERTEX_POINT('',#3638);
#3638 = CARTESIAN_POINT('',(-2.736155912605,63.814689390638,
    -80.38874251292));
#3639 = CIRCLE('',#3640,1.6);
#3640 = AXIS2_PLACEMENT_3D('',#3641,#3642,#3643);
#3641 = CARTESIAN_POINT('',(-3.867526996273,62.683318774509,
    -80.38874251292));
#3642 = DIRECTION('',(-2.324572200498E-15,-1.138782562621E-13,1.));
#3643 = DIRECTION('',(-0.707106924258,0.707106638115,7.888034984097E-14)
  );
#3644 = ORIENTED_EDGE('',*,*,#3645,.T.);
#3645 = EDGE_CURVE('',#3637,#2636,#3646,.T.);
#3646 = LINE('',#3647,#3648);
#3647 = CARTESIAN_POINT('',(-2.736163271876,63.81468939064,
    -98.18874173236));
#3648 = VECTOR('',#3649,1.);
#3649 = DIRECTION('',(4.134421720605E-07,-1.132266238102E-13,1.));
#3650 = ORIENTED_EDGE('',*,*,#2682,.T.);
#3651 = ORIENTED_EDGE('',*,*,#1999,.T.);
#3652 = ORIENTED_EDGE('',*,*,#3653,.F.);
#3653 = EDGE_CURVE('',#3654,#1983,#3656,.T.);
#3654 = VERTEX_POINT('',#3655);
#3655 = CARTESIAN_POINT('',(-4.998898075087,63.814689395492,
    -80.38874204539));
#3656 = LINE('',#3657,#3658);
#3657 = CARTESIAN_POINT('',(-4.998905434357,63.814689395494,
    -98.18874079729));
#3658 = VECTOR('',#3659,1.);
#3659 = DIRECTION('',(4.134421720605E-07,-1.132266238102E-13,1.));
#3660 = ORIENTED_EDGE('',*,*,#3661,.F.);
#3661 = EDGE_CURVE('',#3662,#3654,#3664,.T.);
#3662 = VERTEX_POINT('',#3663);
#3663 = CARTESIAN_POINT('',(-5.367526993931,63.240095219258,
    -80.38874189305));
#3664 = CIRCLE('',#3665,1.6);
#3665 = AXIS2_PLACEMENT_3D('',#3666,#3667,#3668);
#3666 = CARTESIAN_POINT('',(-3.867526996273,62.683318774509,
    -80.38874251292));
#3667 = DIRECTION('',(-4.132493553535E-07,1.138782299777E-13,-1.));
#3668 = DIRECTION('',(-0.707106924258,0.707106638115,2.922115611399E-07)
  );
#3669 = ORIENTED_EDGE('',*,*,#3670,.F.);
#3670 = EDGE_CURVE('',#3584,#3662,#3671,.T.);
#3671 = LINE('',#3672,#3673);
#3672 = CARTESIAN_POINT('',(-5.367534351687,63.240095221183,
    -98.18874023976));
#3673 = VECTOR('',#3674,1.);
#3674 = DIRECTION('',(4.134421720605E-07,-1.132266238102E-13,1.));
#3675 = CYLINDRICAL_SURFACE('',#3676,1.6);
#3676 = AXIS2_PLACEMENT_3D('',#3677,#3678,#3679);
#3677 = CARTESIAN_POINT('',(-3.867534355543,62.683318774511,
    -98.18874085993));
#3678 = DIRECTION('',(4.134421720605E-07,-1.132266238102E-13,1.));
#3679 = DIRECTION('',(-2.144722671397E-09,-1.,-1.123399050105E-13));
#3680 = ADVANCED_FACE('',(#3681),#3701,.F.);
#3681 = FACE_BOUND('',#3682,.T.);
#3682 = EDGE_LOOP('',(#3683,#3684,#3685,#3686,#3694,#3700));
#3683 = ORIENTED_EDGE('',*,*,#2509,.F.);
#3684 = ORIENTED_EDGE('',*,*,#2470,.F.);
#3685 = ORIENTED_EDGE('',*,*,#3653,.F.);
#3686 = ORIENTED_EDGE('',*,*,#3687,.T.);
#3687 = EDGE_CURVE('',#3654,#3688,#3690,.T.);
#3688 = VERTEX_POINT('',#3689);
#3689 = CARTESIAN_POINT('',(-4.530269019805,64.283318640413,
    -80.38874223905));
#3690 = LINE('',#3691,#3692);
#3691 = CARTESIAN_POINT('',(-4.135973198881,64.677614620896,
    -80.38874240199));
#3692 = VECTOR('',#3693,1.);
#3693 = DIRECTION('',(0.707106638115,0.707106924258,-2.922112818714E-07)
  );
#3694 = ORIENTED_EDGE('',*,*,#3695,.T.);
#3695 = EDGE_CURVE('',#3688,#2558,#3696,.T.);
#3696 = LINE('',#3697,#3698);
#3697 = CARTESIAN_POINT('',(-4.530276379075,64.283318640416,
    -98.18874115866));
#3698 = VECTOR('',#3699,1.);
#3699 = DIRECTION('',(4.134421720605E-07,-1.132266238102E-13,1.));
#3700 = ORIENTED_EDGE('',*,*,#2557,.F.);
#3701 = PLANE('',#3702);
#3702 = AXIS2_PLACEMENT_3D('',#3703,#3704,#3705);
#3703 = CARTESIAN_POINT('',(-4.530276379075,64.283318640416,
    -98.18874115866));
#3704 = DIRECTION('',(-0.707106924258,0.707106638115,2.923479026337E-07)
  );
#3705 = DIRECTION('',(-0.707106638114,-0.707106924258,5.452739423649E-07
    ));
#3706 = ADVANCED_FACE('',(#3707),#3725,.F.);
#3707 = FACE_BOUND('',#3708,.T.);
#3708 = EDGE_LOOP('',(#3709,#3710,#3711,#3719));
#3709 = ORIENTED_EDGE('',*,*,#2566,.F.);
#3710 = ORIENTED_EDGE('',*,*,#3695,.F.);
#3711 = ORIENTED_EDGE('',*,*,#3712,.T.);
#3712 = EDGE_CURVE('',#3688,#3713,#3715,.T.);
#3713 = VERTEX_POINT('',#3714);
#3714 = CARTESIAN_POINT('',(-3.867526993593,64.283318774509,
    -80.38874251292));
#3715 = LINE('',#3716,#3717);
#3716 = CARTESIAN_POINT('',(-3.867526903549,64.283318774509,
    -80.38874251292));
#3717 = VECTOR('',#3718,1.);
#3718 = DIRECTION('',(1.,2.023342569269E-07,-4.132493553932E-07));
#3719 = ORIENTED_EDGE('',*,*,#3720,.T.);
#3720 = EDGE_CURVE('',#3713,#2548,#3721,.T.);
#3721 = LINE('',#3722,#3723);
#3722 = CARTESIAN_POINT('',(-3.867534352111,64.283318774511,
    -98.18874143254));
#3723 = VECTOR('',#3724,1.);
#3724 = DIRECTION('',(4.134421720605E-07,-1.132266238102E-13,1.));
#3725 = PLANE('',#3726);
#3726 = AXIS2_PLACEMENT_3D('',#3727,#3728,#3729);
#3727 = CARTESIAN_POINT('',(-3.867534352111,64.283318774511,
    -98.18874143254));
#3728 = DIRECTION('',(-2.023342569269E-07,1.,1.968801383027E-13));
#3729 = DIRECTION('',(-1.,-2.023342569269E-07,4.132494256148E-07));
#3730 = ADVANCED_FACE('',(#3731),#3750,.F.);
#3731 = FACE_BOUND('',#3732,.T.);
#3732 = EDGE_LOOP('',(#3733,#3734,#3735,#3743,#3749));
#3733 = ORIENTED_EDGE('',*,*,#2594,.F.);
#3734 = ORIENTED_EDGE('',*,*,#3720,.F.);
#3735 = ORIENTED_EDGE('',*,*,#3736,.F.);
#3736 = EDGE_CURVE('',#3737,#3713,#3739,.T.);
#3737 = VERTEX_POINT('',#3738);
#3738 = CARTESIAN_POINT('',(-3.204784965876,64.28331863757,
    -80.38874251292));
#3739 = LINE('',#3740,#3741);
#3740 = CARTESIAN_POINT('',(0.463840172411,64.283317879541,
    -80.38874251292));
#3741 = VECTOR('',#3742,1.);
#3742 = DIRECTION('',(-1.,2.066248063536E-07,-2.317683469012E-15));
#3743 = ORIENTED_EDGE('',*,*,#3744,.T.);
#3744 = EDGE_CURVE('',#3737,#2634,#3745,.T.);
#3745 = LINE('',#3746,#3747);
#3746 = CARTESIAN_POINT('',(-3.204792325147,64.283318637572,
    -98.18874170642));
#3747 = VECTOR('',#3748,1.);
#3748 = DIRECTION('',(4.134421720605E-07,-1.132266238102E-13,1.));
#3749 = ORIENTED_EDGE('',*,*,#2652,.F.);
#3750 = PLANE('',#3751);
#3751 = AXIS2_PLACEMENT_3D('',#3752,#3753,#3754);
#3752 = CARTESIAN_POINT('',(-3.204792325147,64.283318637572,
    -98.18874170642));
#3753 = DIRECTION('',(2.066248063536E-07,1.,2.779921485609E-14));
#3754 = DIRECTION('',(-1.,2.066248063536E-07,4.132492792546E-07));
#3755 = ADVANCED_FACE('',(#3756),#3767,.F.);
#3756 = FACE_BOUND('',#3757,.T.);
#3757 = EDGE_LOOP('',(#3758,#3759,#3760,#3766));
#3758 = ORIENTED_EDGE('',*,*,#2633,.F.);
#3759 = ORIENTED_EDGE('',*,*,#3744,.F.);
#3760 = ORIENTED_EDGE('',*,*,#3761,.F.);
#3761 = EDGE_CURVE('',#3637,#3737,#3762,.T.);
#3762 = LINE('',#3763,#3764);
#3763 = CARTESIAN_POINT('',(-1.540493928132,62.619026912058,
    -80.38874251292));
#3764 = VECTOR('',#3765,1.);
#3765 = DIRECTION('',(-0.707106635081,0.707106927292,7.883162165642E-14)
  );
#3766 = ORIENTED_EDGE('',*,*,#3645,.T.);
#3767 = PLANE('',#3768);
#3768 = AXIS2_PLACEMENT_3D('',#3769,#3770,#3771);
#3769 = CARTESIAN_POINT('',(-2.736163271876,63.81468939064,
    -98.18874173236));
#3770 = DIRECTION('',(0.707106927292,0.707106635081,-2.923477438048E-07)
  );
#3771 = DIRECTION('',(-0.707106635081,0.707106927292,3.914877693436E-08)
  );
#3772 = ADVANCED_FACE('',(#3773),#3798,.F.);
#3773 = FACE_BOUND('',#3774,.T.);
#3774 = EDGE_LOOP('',(#3775,#3776,#3784,#3792));
#3775 = ORIENTED_EDGE('',*,*,#2718,.F.);
#3776 = ORIENTED_EDGE('',*,*,#3777,.F.);
#3777 = EDGE_CURVE('',#3778,#2711,#3780,.T.);
#3778 = VERTEX_POINT('',#3779);
#3779 = CARTESIAN_POINT('',(3.001101733264,63.814688205178,
    -80.38874251292));
#3780 = LINE('',#3781,#3782);
#3781 = CARTESIAN_POINT('',(3.001094373992,63.81468820518,
    -98.18874410328));
#3782 = VECTOR('',#3783,1.);
#3783 = DIRECTION('',(4.134421720605E-07,-1.132266238102E-13,1.));
#3784 = ORIENTED_EDGE('',*,*,#3785,.F.);
#3785 = EDGE_CURVE('',#3786,#3778,#3788,.T.);
#3786 = VERTEX_POINT('',#3787);
#3787 = CARTESIAN_POINT('',(3.469730980196,64.283317258449,
    -80.38874251292));
#3788 = LINE('',#3789,#3790);
#3789 = CARTESIAN_POINT('',(4.039750443167,64.85333648586,
    -80.38874251292));
#3790 = VECTOR('',#3791,1.);
#3791 = DIRECTION('',(-0.707106927292,-0.707106635081,
    -8.214279580671E-14));
#3792 = ORIENTED_EDGE('',*,*,#3793,.T.);
#3793 = EDGE_CURVE('',#3786,#2719,#3794,.T.);
#3794 = LINE('',#3795,#3796);
#3795 = CARTESIAN_POINT('',(3.469723620924,64.283317258451,
    -98.18874446466));
#3796 = VECTOR('',#3797,1.);
#3797 = DIRECTION('',(4.134421720605E-07,-1.132266238102E-13,1.));
#3798 = PLANE('',#3799);
#3799 = AXIS2_PLACEMENT_3D('',#3800,#3801,#3802);
#3800 = CARTESIAN_POINT('',(3.469723620924,64.283317258451,
    -98.18874446466));
#3801 = DIRECTION('',(-0.707106635081,0.707106927292,2.923477831543E-07)
  );
#3802 = DIRECTION('',(-0.707106927292,-0.707106635081,5.452739584646E-07
    ));
#3803 = ADVANCED_FACE('',(#3804),#3823,.F.);
#3804 = FACE_BOUND('',#3805,.T.);
#3805 = EDGE_LOOP('',(#3806,#3807,#3808,#3809,#3817));
#3806 = ORIENTED_EDGE('',*,*,#2773,.F.);
#3807 = ORIENTED_EDGE('',*,*,#2727,.F.);
#3808 = ORIENTED_EDGE('',*,*,#3793,.F.);
#3809 = ORIENTED_EDGE('',*,*,#3810,.F.);
#3810 = EDGE_CURVE('',#3811,#3786,#3813,.T.);
#3811 = VERTEX_POINT('',#3812);
#3812 = CARTESIAN_POINT('',(4.132473006408,64.283317121511,
    -80.38874251292));
#3813 = LINE('',#3814,#3815);
#3814 = CARTESIAN_POINT('',(4.132469158928,64.283317121511,
    -80.38874251292));
#3815 = VECTOR('',#3816,1.);
#3816 = DIRECTION('',(-1.,2.066248063536E-07,-2.317683469012E-15));
#3817 = ORIENTED_EDGE('',*,*,#3818,.T.);
#3818 = EDGE_CURVE('',#3811,#2764,#3819,.T.);
#3819 = LINE('',#3820,#3821);
#3820 = CARTESIAN_POINT('',(4.132465647888,64.283317121512,
    -98.18874473854));
#3821 = VECTOR('',#3822,1.);
#3822 = DIRECTION('',(4.134421720605E-07,-1.132266238102E-13,1.));
#3823 = PLANE('',#3824);
#3824 = AXIS2_PLACEMENT_3D('',#3825,#3826,#3827);
#3825 = CARTESIAN_POINT('',(4.132465647888,64.283317121512,
    -98.18874473854));
#3826 = DIRECTION('',(2.066248063536E-07,1.,2.779921485609E-14));
#3827 = DIRECTION('',(-1.,2.066248063536E-07,4.132492792546E-07));
#3828 = ADVANCED_FACE('',(#3829),#3847,.F.);
#3829 = FACE_BOUND('',#3830,.T.);
#3830 = EDGE_LOOP('',(#3831,#3832,#3833,#3841));
#3831 = ORIENTED_EDGE('',*,*,#2803,.F.);
#3832 = ORIENTED_EDGE('',*,*,#3818,.F.);
#3833 = ORIENTED_EDGE('',*,*,#3834,.T.);
#3834 = EDGE_CURVE('',#3811,#3835,#3837,.T.);
#3835 = VERTEX_POINT('',#3836);
#3836 = CARTESIAN_POINT('',(4.795215034124,64.283316713537,
    -80.3887427868));
#3837 = LINE('',#3838,#3839);
#3838 = CARTESIAN_POINT('',(5.213843735963,64.283316455836,
    -80.3887429598));
#3839 = VECTOR('',#3840,1.);
#3840 = DIRECTION('',(1.,-6.155838696341E-07,-4.132493553832E-07));
#3841 = ORIENTED_EDGE('',*,*,#3842,.T.);
#3842 = EDGE_CURVE('',#3835,#2804,#3843,.T.);
#3843 = LINE('',#3844,#3845);
#3844 = CARTESIAN_POINT('',(4.795207674852,64.283316713539,
    -98.18874501241));
#3845 = VECTOR('',#3846,1.);
#3846 = DIRECTION('',(4.134421720605E-07,-1.132266238102E-13,1.));
#3847 = PLANE('',#3848);
#3848 = AXIS2_PLACEMENT_3D('',#3849,#3850,#3851);
#3849 = CARTESIAN_POINT('',(4.795207674852,64.283316713539,
    -98.18874501241));
#3850 = DIRECTION('',(6.155838696341E-07,1.,-1.412817085905E-13));
#3851 = DIRECTION('',(-1.,6.155838696341E-07,4.132491328251E-07));
#3852 = ADVANCED_FACE('',(#3853),#3873,.F.);
#3853 = FACE_BOUND('',#3854,.T.);
#3854 = EDGE_LOOP('',(#3855,#3856,#3857,#3858,#3859,#3867));
#3855 = ORIENTED_EDGE('',*,*,#2889,.F.);
#3856 = ORIENTED_EDGE('',*,*,#2849,.T.);
#3857 = ORIENTED_EDGE('',*,*,#2812,.F.);
#3858 = ORIENTED_EDGE('',*,*,#3842,.F.);
#3859 = ORIENTED_EDGE('',*,*,#3860,.T.);
#3860 = EDGE_CURVE('',#3835,#3861,#3863,.T.);
#3861 = VERTEX_POINT('',#3862);
#3862 = CARTESIAN_POINT('',(5.262983982706,63.815547516668,
    -80.38874298011));
#3863 = LINE('',#3864,#3865);
#3864 = CARTESIAN_POINT('',(5.009802795993,64.068728687475,
    -80.38874287548));
#3865 = VECTOR('',#3866,1.);
#3866 = DIRECTION('',(0.707106345903,-0.70710721647,-2.922113221257E-07)
  );
#3867 = ORIENTED_EDGE('',*,*,#3868,.T.);
#3868 = EDGE_CURVE('',#3861,#2890,#3869,.T.);
#3869 = LINE('',#3870,#3871);
#3870 = CARTESIAN_POINT('',(5.262976786981,63.815547679843,
    -98.18874503831));
#3871 = VECTOR('',#3872,1.);
#3872 = DIRECTION('',(4.134421720605E-07,-1.132266238102E-13,1.));
#3873 = PLANE('',#3874);
#3874 = AXIS2_PLACEMENT_3D('',#3875,#3876,#3877);
#3875 = CARTESIAN_POINT('',(5.262976459814,63.815547352676,
    -98.18874503831));
#3876 = DIRECTION('',(0.70710721647,0.707106345903,-2.923478633564E-07)
  );
#3877 = DIRECTION('',(-0.707106345903,0.70710721647,3.914855388499E-08)
  );
#3878 = ADVANCED_FACE('',(#3879),#3960,.F.);
#3879 = FACE_BOUND('',#3880,.F.);
#3880 = EDGE_LOOP('',(#3881,#3891,#3898,#3899,#3900,#3901,#3902,#3911,
    #3919,#3928,#3936,#3945,#3953));
#3881 = ORIENTED_EDGE('',*,*,#3882,.F.);
#3882 = EDGE_CURVE('',#3883,#3885,#3887,.T.);
#3883 = VERTEX_POINT('',#3884);
#3884 = CARTESIAN_POINT('',(5.63247300607,63.240094878935,-80.3887431328
    ));
#3885 = VERTEX_POINT('',#3886);
#3886 = CARTESIAN_POINT('',(5.632466433608,63.240094877672,
    -96.28874478589));
#3887 = LINE('',#3888,#3889);
#3888 = CARTESIAN_POINT('',(5.632465648312,63.240094877014,
    -98.18874478608));
#3889 = VECTOR('',#3890,1.);
#3890 = DIRECTION('',(-4.134421720605E-07,1.132266238102E-13,-1.));
#3891 = ORIENTED_EDGE('',*,*,#3892,.F.);
#3892 = EDGE_CURVE('',#3861,#3883,#3893,.T.);
#3893 = CIRCLE('',#3894,1.600000462684);
#3894 = AXIS2_PLACEMENT_3D('',#3895,#3896,#3897);
#3895 = CARTESIAN_POINT('',(4.132473003727,62.68331712151,
    -80.38874251292));
#3896 = DIRECTION('',(-4.132493553535E-07,1.138782300041E-13,-1.));
#3897 = DIRECTION('',(-0.70710683956,0.707106722813,2.922115261384E-07)
  );
#3898 = ORIENTED_EDGE('',*,*,#3868,.T.);
#3899 = ORIENTED_EDGE('',*,*,#2926,.T.);
#3900 = ORIENTED_EDGE('',*,*,#3412,.T.);
#3901 = ORIENTED_EDGE('',*,*,#3777,.F.);
#3902 = ORIENTED_EDGE('',*,*,#3903,.T.);
#3903 = EDGE_CURVE('',#3778,#3904,#3906,.T.);
#3904 = VERTEX_POINT('',#3905);
#3905 = CARTESIAN_POINT('',(4.132473005677,61.083316658826,
    -80.38874251292));
#3906 = CIRCLE('',#3907,1.600000462685);
#3907 = AXIS2_PLACEMENT_3D('',#3908,#3909,#3910);
#3908 = CARTESIAN_POINT('',(4.132473003727,62.68331712151,
    -80.38874251292));
#3909 = DIRECTION('',(-2.324572200498E-15,-1.138782562621E-13,1.));
#3910 = DIRECTION('',(-0.70710683956,0.707106722813,7.888035968314E-14)
  );
#3911 = ORIENTED_EDGE('',*,*,#3912,.T.);
#3912 = EDGE_CURVE('',#3904,#3913,#3915,.T.);
#3913 = VERTEX_POINT('',#3914);
#3914 = CARTESIAN_POINT('',(4.132466433486,61.083316658828,
    -96.28874416581));
#3915 = LINE('',#3916,#3917);
#3916 = CARTESIAN_POINT('',(4.132465648313,61.083316658828,
    -98.18874416592));
#3917 = VECTOR('',#3918,1.);
#3918 = DIRECTION('',(-4.134421720605E-07,1.132266238102E-13,-1.));
#3919 = ORIENTED_EDGE('',*,*,#3920,.T.);
#3920 = EDGE_CURVE('',#3913,#3921,#3923,.T.);
#3921 = VERTEX_POINT('',#3922);
#3922 = CARTESIAN_POINT('',(3.001095159533,63.81468820518,
    -96.28874369827));
#3923 = CIRCLE('',#3924,1.600000462684);
#3924 = AXIS2_PLACEMENT_3D('',#3925,#3926,#3927);
#3925 = CARTESIAN_POINT('',(4.132466429996,62.683317121512,
    -96.28874416581));
#3926 = DIRECTION('',(-4.132493547429E-07,1.138782299777E-13,-1.));
#3927 = DIRECTION('',(-0.70710683956,0.707106722813,2.922115257066E-07)
  );
#3928 = ORIENTED_EDGE('',*,*,#3929,.F.);
#3929 = EDGE_CURVE('',#3930,#3921,#3932,.T.);
#3930 = VERTEX_POINT('',#3931);
#3931 = CARTESIAN_POINT('',(3.001094373992,63.81468820518,
    -98.18874410328));
#3932 = LINE('',#3933,#3934);
#3933 = CARTESIAN_POINT('',(3.001094373992,63.81468820518,
    -98.18874410328));
#3934 = VECTOR('',#3935,1.);
#3935 = DIRECTION('',(4.134421720605E-07,-1.132266238102E-13,1.));
#3936 = ORIENTED_EDGE('',*,*,#3937,.T.);
#3937 = EDGE_CURVE('',#3930,#3938,#3940,.T.);
#3938 = VERTEX_POINT('',#3939);
#3939 = CARTESIAN_POINT('',(5.262976623435,63.81554751667,
    -98.18874503831));
#3940 = CIRCLE('',#3941,1.600000462685);
#3941 = AXIS2_PLACEMENT_3D('',#3942,#3943,#3944);
#3942 = CARTESIAN_POINT('',(4.132465644456,62.683317121513,
    -98.18874416592));
#3943 = DIRECTION('',(4.132493533065E-07,3.578844625997E-07,1.));
#3944 = DIRECTION('',(0.707106722813,0.70710683956,-5.452739471977E-07)
  );
#3945 = ORIENTED_EDGE('',*,*,#3946,.T.);
#3946 = EDGE_CURVE('',#3938,#3947,#3949,.T.);
#3947 = VERTEX_POINT('',#3948);
#3948 = CARTESIAN_POINT('',(5.262977412022,63.815547520341,
    -96.28874462094));
#3949 = LINE('',#3950,#3951);
#3950 = CARTESIAN_POINT('',(5.262976786981,63.815547679843,
    -98.18874503831));
#3951 = VECTOR('',#3952,1.);
#3952 = DIRECTION('',(4.134421720605E-07,-1.132266238102E-13,1.));
#3953 = ORIENTED_EDGE('',*,*,#3954,.T.);
#3954 = EDGE_CURVE('',#3947,#3885,#3955,.T.);
#3955 = CIRCLE('',#3956,1.600000462684);
#3956 = AXIS2_PLACEMENT_3D('',#3957,#3958,#3959);
#3957 = CARTESIAN_POINT('',(4.132466429996,62.683317121512,
    -96.28874416602));
#3958 = DIRECTION('',(-4.132493547429E-07,1.138782299777E-13,-1.));
#3959 = DIRECTION('',(0.70710683956,-0.707106722813,-2.922115257066E-07)
  );
#3960 = CYLINDRICAL_SURFACE('',#3961,1.600000462684);
#3961 = AXIS2_PLACEMENT_3D('',#3962,#3963,#3964);
#3962 = CARTESIAN_POINT('',(4.132465644456,62.683317121513,
    -98.18874416592));
#3963 = DIRECTION('',(4.134421720605E-07,-1.132266238102E-13,1.));
#3964 = DIRECTION('',(3.79981998236E-04,-0.999999927807,
    -1.572138093103E-10));
#3965 = ADVANCED_FACE('',(#3966),#3990,.F.);
#3966 = FACE_BOUND('',#3967,.T.);
#3967 = EDGE_LOOP('',(#3968,#3969,#3977,#3983,#3984));
#3968 = ORIENTED_EDGE('',*,*,#3448,.F.);
#3969 = ORIENTED_EDGE('',*,*,#3970,.T.);
#3970 = EDGE_CURVE('',#3441,#3971,#3973,.T.);
#3971 = VERTEX_POINT('',#3972);
#3972 = CARTESIAN_POINT('',(5.632466557461,63.849508249894,
    -95.98874478579));
#3973 = LINE('',#3974,#3975);
#3974 = CARTESIAN_POINT('',(5.632466557461,65.197760171778,
    -95.98874478579));
#3975 = VECTOR('',#3976,1.);
#3976 = DIRECTION('',(6.377682393828E-14,-1.,-1.138782561563E-13));
#3977 = ORIENTED_EDGE('',*,*,#3978,.T.);
#3978 = EDGE_CURVE('',#3971,#3885,#3979,.T.);
#3979 = ( BOUNDED_CURVE() B_SPLINE_CURVE(2,(#3980,#3981,#3982),
.UNSPECIFIED.,.F.,.F.) B_SPLINE_CURVE_WITH_KNOTS((3,3),(
    3.92881829672E-05,6.806840227012E-02),.PIECEWISE_BEZIER_KNOTS.) 
CURVE() GEOMETRIC_REPRESENTATION_ITEM() RATIONAL_B_SPLINE_CURVE((
1.000017917352,1.015521277081,1.000000024073)) REPRESENTATION_ITEM('') 
  );
#3980 = CARTESIAN_POINT('',(5.632466557461,63.849508249894,
    -95.98874478579));
#3981 = CARTESIAN_POINT('',(5.632466473549,63.518683854911,
    -96.19179972294));
#3982 = CARTESIAN_POINT('',(5.632466433486,63.240094878001,
    -96.28874478589));
#3983 = ORIENTED_EDGE('',*,*,#3882,.F.);
#3984 = ORIENTED_EDGE('',*,*,#3985,.F.);
#3985 = EDGE_CURVE('',#3449,#3883,#3986,.T.);
#3986 = LINE('',#3987,#3988);
#3987 = CARTESIAN_POINT('',(5.632473004151,65.197760171776,
    -80.3887431328));
#3988 = VECTOR('',#3989,1.);
#3989 = DIRECTION('',(6.377682393828E-14,-1.,-1.138782561563E-13));
#3990 = PLANE('',#3991);
#3991 = AXIS2_PLACEMENT_3D('',#3992,#3993,#3994);
#3992 = CARTESIAN_POINT('',(5.632466557461,65.197760171778,
    -95.98874478579));
#3993 = DIRECTION('',(1.,6.377687100155E-14,-4.13249353369E-07));
#3994 = DIRECTION('',(4.13249353369E-07,-1.151880820449E-13,1.));
#3995 = ADVANCED_FACE('',(#3996),#4009,.F.);
#3996 = FACE_BOUND('',#3997,.T.);
#3997 = EDGE_LOOP('',(#3998,#3999,#4000,#4001,#4002,#4003));
#3998 = ORIENTED_EDGE('',*,*,#3480,.F.);
#3999 = ORIENTED_EDGE('',*,*,#3985,.T.);
#4000 = ORIENTED_EDGE('',*,*,#3892,.F.);
#4001 = ORIENTED_EDGE('',*,*,#3860,.F.);
#4002 = ORIENTED_EDGE('',*,*,#3834,.F.);
#4003 = ORIENTED_EDGE('',*,*,#4004,.F.);
#4004 = EDGE_CURVE('',#3471,#3811,#4005,.T.);
#4005 = LINE('',#4006,#4007);
#4006 = CARTESIAN_POINT('',(4.132473004151,65.900660171776,
    -80.38874251292));
#4007 = VECTOR('',#4008,1.);
#4008 = DIRECTION('',(6.377682393828E-14,-1.,-1.138782561563E-13));
#4009 = PLANE('',#4010);
#4010 = AXIS2_PLACEMENT_3D('',#4011,#4012,#4013);
#4011 = CARTESIAN_POINT('',(5.632473004151,65.197760171776,
    -80.3887431328));
#4012 = DIRECTION('',(4.132493553535E-07,-1.138782300041E-13,1.));
#4013 = DIRECTION('',(-1.,-6.424721561887E-14,4.132493553535E-07));
#4014 = ADVANCED_FACE('',(#4015),#4053,.F.);
#4015 = FACE_BOUND('',#4016,.T.);
#4016 = EDGE_LOOP('',(#4017,#4018,#4019,#4020,#4021,#4022,#4030,#4038,
    #4044,#4045,#4046,#4047));
#4017 = ORIENTED_EDGE('',*,*,#3495,.F.);
#4018 = ORIENTED_EDGE('',*,*,#4004,.T.);
#4019 = ORIENTED_EDGE('',*,*,#3810,.T.);
#4020 = ORIENTED_EDGE('',*,*,#3785,.T.);
#4021 = ORIENTED_EDGE('',*,*,#3903,.T.);
#4022 = ORIENTED_EDGE('',*,*,#4023,.T.);
#4023 = EDGE_CURVE('',#3904,#4024,#4026,.T.);
#4024 = VERTEX_POINT('',#4025);
#4025 = CARTESIAN_POINT('',(4.132473004152,60.900660171776,
    -80.38874251292));
#4026 = LINE('',#4027,#4028);
#4027 = CARTESIAN_POINT('',(4.132473004151,65.900660171776,
    -80.38874251292));
#4028 = VECTOR('',#4029,1.);
#4029 = DIRECTION('',(6.377682393828E-14,-1.,-1.138782561563E-13));
#4030 = ORIENTED_EDGE('',*,*,#4031,.T.);
#4031 = EDGE_CURVE('',#4024,#4032,#4034,.T.);
#4032 = VERTEX_POINT('',#4033);
#4033 = CARTESIAN_POINT('',(-3.867526995849,60.900660171775,
    -80.38874251292));
#4034 = LINE('',#4035,#4036);
#4035 = CARTESIAN_POINT('',(-3.867526995849,60.900660171775,
    -80.38874251292));
#4036 = VECTOR('',#4037,1.);
#4037 = DIRECTION('',(-1.,-6.424716801959E-14,-2.310688293046E-15));
#4038 = ORIENTED_EDGE('',*,*,#4039,.F.);
#4039 = EDGE_CURVE('',#3629,#4032,#4040,.T.);
#4040 = LINE('',#4041,#4042);
#4041 = CARTESIAN_POINT('',(-3.867526995849,65.900660171775,
    -80.38874251292));
#4042 = VECTOR('',#4043,1.);
#4043 = DIRECTION('',(6.377682393828E-14,-1.,-1.138782561563E-13));
#4044 = ORIENTED_EDGE('',*,*,#3636,.T.);
#4045 = ORIENTED_EDGE('',*,*,#3761,.T.);
#4046 = ORIENTED_EDGE('',*,*,#3736,.T.);
#4047 = ORIENTED_EDGE('',*,*,#4048,.F.);
#4048 = EDGE_CURVE('',#3496,#3713,#4049,.T.);
#4049 = LINE('',#4050,#4051);
#4050 = CARTESIAN_POINT('',(-3.867526995849,65.900660171775,
    -80.38874251292));
#4051 = VECTOR('',#4052,1.);
#4052 = DIRECTION('',(6.377682393828E-14,-1.,-1.138782561563E-13));
#4053 = PLANE('',#4054);
#4054 = AXIS2_PLACEMENT_3D('',#4055,#4056,#4057);
#4055 = CARTESIAN_POINT('',(4.132473004151,65.900660171776,
    -80.38874251292));
#4056 = DIRECTION('',(-2.324572200498E-15,-1.138782562621E-13,1.));
#4057 = DIRECTION('',(-1.,-6.424716803944E-14,-2.324572200505E-15));
#4058 = ADVANCED_FACE('',(#4059),#4072,.F.);
#4059 = FACE_BOUND('',#4060,.T.);
#4060 = EDGE_LOOP('',(#4061,#4062,#4063,#4064,#4065,#4066));
#4061 = ORIENTED_EDGE('',*,*,#3519,.F.);
#4062 = ORIENTED_EDGE('',*,*,#4048,.T.);
#4063 = ORIENTED_EDGE('',*,*,#3712,.F.);
#4064 = ORIENTED_EDGE('',*,*,#3687,.F.);
#4065 = ORIENTED_EDGE('',*,*,#3661,.F.);
#4066 = ORIENTED_EDGE('',*,*,#4067,.F.);
#4067 = EDGE_CURVE('',#3520,#3662,#4068,.T.);
#4068 = LINE('',#4069,#4070);
#4069 = CARTESIAN_POINT('',(-5.367526995849,65.197760171775,
    -80.38874189305));
#4070 = VECTOR('',#4071,1.);
#4071 = DIRECTION('',(6.377682393828E-14,-1.,-1.138782561563E-13));
#4072 = PLANE('',#4073);
#4073 = AXIS2_PLACEMENT_3D('',#4074,#4075,#4076);
#4074 = CARTESIAN_POINT('',(-3.867526995849,65.197760171775,
    -80.38874251292));
#4075 = DIRECTION('',(4.132493553535E-07,-1.138782300041E-13,1.));
#4076 = DIRECTION('',(-1.,-6.424721561887E-14,4.132493553535E-07));
#4077 = ADVANCED_FACE('',(#4078),#4097,.F.);
#4078 = FACE_BOUND('',#4079,.T.);
#4079 = EDGE_LOOP('',(#4080,#4081,#4082,#4083,#4091));
#4080 = ORIENTED_EDGE('',*,*,#3544,.F.);
#4081 = ORIENTED_EDGE('',*,*,#4067,.T.);
#4082 = ORIENTED_EDGE('',*,*,#3670,.F.);
#4083 = ORIENTED_EDGE('',*,*,#4084,.T.);
#4084 = EDGE_CURVE('',#3584,#4085,#4087,.T.);
#4085 = VERTEX_POINT('',#4086);
#4086 = CARTESIAN_POINT('',(-5.367533442538,63.849509157889,
    -95.98874024005));
#4087 = ( BOUNDED_CURVE() B_SPLINE_CURVE(2,(#4088,#4089,#4090),
.UNSPECIFIED.,.F.,.F.) B_SPLINE_CURVE_WITH_KNOTS((3,3),(
    5.264753392656E-08,6.80230253665E-02),.PIECEWISE_BEZIER_KNOTS.) 
CURVE() GEOMETRIC_REPRESENTATION_ITEM() RATIONAL_B_SPLINE_CURVE((
1.000000024012,1.015512223131,1.00000001146)) REPRESENTATION_ITEM('') );
#4088 = CARTESIAN_POINT('',(-5.367533566513,63.240095220196,
    -96.28874023995));
#4089 = CARTESIAN_POINT('',(-5.36753352645,63.51868444886,
    -96.19179528963));
#4090 = CARTESIAN_POINT('',(-5.367533442538,63.84950915789,
    -95.98874024005));
#4091 = ORIENTED_EDGE('',*,*,#4092,.F.);
#4092 = EDGE_CURVE('',#3545,#4085,#4093,.T.);
#4093 = LINE('',#4094,#4095);
#4094 = CARTESIAN_POINT('',(-5.367533442538,65.197760171777,
    -95.98874024005));
#4095 = VECTOR('',#4096,1.);
#4096 = DIRECTION('',(6.377682393828E-14,-1.,-1.138782561563E-13));
#4097 = PLANE('',#4098);
#4098 = AXIS2_PLACEMENT_3D('',#4099,#4100,#4101);
#4099 = CARTESIAN_POINT('',(-5.367526995849,65.197760171775,
    -80.38874189305));
#4100 = DIRECTION('',(-1.,-6.377687100155E-14,4.132493534245E-07));
#4101 = DIRECTION('',(-4.132493534245E-07,1.151880820449E-13,-1.));
#4102 = ADVANCED_FACE('',(#4103),#4214,.F.);
#4103 = FACE_BOUND('',#4104,.T.);
#4104 = EDGE_LOOP('',(#4105,#4114,#4115,#4116,#4117,#4126,#4134,#4142,
    #4150,#4158,#4167,#4175,#4184,#4192,#4200,#4208));
#4105 = ORIENTED_EDGE('',*,*,#4106,.F.);
#4106 = EDGE_CURVE('',#3971,#4107,#4109,.T.);
#4107 = VERTEX_POINT('',#4108);
#4108 = CARTESIAN_POINT('',(5.475109705584,64.027679428477,
    -95.9887447363));
#4109 = CIRCLE('',#4110,1.900000462733);
#4110 = AXIS2_PLACEMENT_3D('',#4111,#4112,#4113);
#4111 = CARTESIAN_POINT('',(4.132466553971,62.683317121512,
    -95.98874416592));
#4112 = DIRECTION('',(4.132493547429E-07,-1.138782299777E-13,1.));
#4113 = DIRECTION('',(0.70710683956,-0.707106722813,-2.922115257066E-07)
  );
#4114 = ORIENTED_EDGE('',*,*,#3970,.F.);
#4115 = ORIENTED_EDGE('',*,*,#3568,.F.);
#4116 = ORIENTED_EDGE('',*,*,#4092,.T.);
#4117 = ORIENTED_EDGE('',*,*,#4118,.F.);
#4118 = EDGE_CURVE('',#4119,#4085,#4121,.T.);
#4119 = VERTEX_POINT('',#4120);
#4120 = CARTESIAN_POINT('',(-5.21103660209,64.026821386899,
    -95.98874030472));
#4121 = CIRCLE('',#4122,1.899999999951);
#4122 = AXIS2_PLACEMENT_3D('',#4123,#4124,#4125);
#4123 = CARTESIAN_POINT('',(-3.867533446028,62.683318774511,
    -95.98874085992));
#4124 = DIRECTION('',(4.132493547429E-07,-1.138782299512E-13,1.));
#4125 = DIRECTION('',(-0.707106924258,0.707106638115,2.922115607081E-07)
  );
#4126 = ORIENTED_EDGE('',*,*,#4127,.F.);
#4127 = EDGE_CURVE('',#4128,#4119,#4130,.T.);
#4128 = VERTEX_POINT('',#4129);
#4129 = CARTESIAN_POINT('',(-4.654539598914,64.583318615272,
    -95.98874053469));
#4130 = LINE('',#4131,#4132);
#4131 = CARTESIAN_POINT('',(-4.172386724352,65.065471684947,
    -95.98874073394));
#4132 = VECTOR('',#4133,1.);
#4133 = DIRECTION('',(-0.707106638115,-0.707106924258,2.922112814273E-07
    ));
#4134 = ORIENTED_EDGE('',*,*,#4135,.F.);
#4135 = EDGE_CURVE('',#4136,#4128,#4138,.T.);
#4136 = VERTEX_POINT('',#4137);
#4137 = CARTESIAN_POINT('',(-3.867533380608,64.583318774511,
    -95.98874085992));
#4138 = LINE('',#4139,#4140);
#4139 = CARTESIAN_POINT('',(-3.867533339829,64.583318774511,
    -95.98874085992));
#4140 = VECTOR('',#4141,1.);
#4141 = DIRECTION('',(-1.,-2.023342569269E-07,4.13249354727E-07));
#4142 = ORIENTED_EDGE('',*,*,#4143,.F.);
#4143 = EDGE_CURVE('',#4144,#4136,#4146,.T.);
#4144 = VERTEX_POINT('',#4145);
#4145 = CARTESIAN_POINT('',(-3.080527284874,64.583318611896,
    -95.98874118515));
#4146 = LINE('',#4147,#4148);
#4147 = CARTESIAN_POINT('',(-3.536162534372,64.583318706041,
    -95.98874099686));
#4148 = VECTOR('',#4149,1.);
#4149 = DIRECTION('',(-1.,2.066248063536E-07,4.132493547498E-07));
#4150 = ORIENTED_EDGE('',*,*,#4151,.F.);
#4151 = EDGE_CURVE('',#4152,#4144,#4154,.T.);
#4152 = VERTEX_POINT('',#4153);
#4153 = CARTESIAN_POINT('',(-2.524030284135,64.026821381202,
    -95.98874141513));
#4154 = LINE('',#4155,#4156);
#4155 = CARTESIAN_POINT('',(-3.328365632679,64.83115706212,
    -95.98874108273));
#4156 = VECTOR('',#4157,1.);
#4157 = DIRECTION('',(-0.707106635081,0.707106927292,2.92211441161E-07)
  );
#4158 = ORIENTED_EDGE('',*,*,#4159,.F.);
#4159 = EDGE_CURVE('',#4160,#4152,#4162,.T.);
#4160 = VERTEX_POINT('',#4161);
#4161 = CARTESIAN_POINT('',(-3.210168778357,60.900660171777,
    -95.98874113158));
#4162 = CIRCLE('',#4163,1.900000000053);
#4163 = AXIS2_PLACEMENT_3D('',#4164,#4165,#4166);
#4164 = CARTESIAN_POINT('',(-3.867533446028,62.683318774511,
    -95.98874085992));
#4165 = DIRECTION('',(4.132493547429E-07,-1.138782299512E-13,1.));
#4166 = DIRECTION('',(0.707106924258,-0.707106638115,-2.922115607081E-07
    ));
#4167 = ORIENTED_EDGE('',*,*,#4168,.T.);
#4168 = EDGE_CURVE('',#4160,#4169,#4171,.T.);
#4169 = VERTEX_POINT('',#4170);
#4170 = CARTESIAN_POINT('',(3.475096066681,60.900660171777,
    -95.98874389426));
#4171 = LINE('',#4172,#4173);
#4172 = CARTESIAN_POINT('',(-3.867533442538,60.900660171777,
    -95.98874085992));
#4173 = VECTOR('',#4174,1.);
#4174 = DIRECTION('',(1.,6.424721561225E-14,-4.132493545903E-07));
#4175 = ORIENTED_EDGE('',*,*,#4176,.F.);
#4176 = EDGE_CURVE('',#4177,#4169,#4179,.T.);
#4177 = VERTEX_POINT('',#4178);
#4178 = CARTESIAN_POINT('',(2.788963231677,64.026820221986,
    -95.98874361072));
#4179 = CIRCLE('',#4180,1.900000462631);
#4180 = AXIS2_PLACEMENT_3D('',#4181,#4182,#4183);
#4181 = CARTESIAN_POINT('',(4.132466553971,62.683317121512,
    -95.98874416592));
#4182 = DIRECTION('',(4.132493547429E-07,-1.138782299777E-13,1.));
#4183 = DIRECTION('',(-0.70710683956,0.707106722813,2.922115257066E-07)
  );
#4184 = ORIENTED_EDGE('',*,*,#4185,.F.);
#4185 = EDGE_CURVE('',#4186,#4177,#4188,.T.);
#4186 = VERTEX_POINT('',#4187);
#4187 = CARTESIAN_POINT('',(3.345460523773,64.583317284127,
    -95.98874384069));
#4188 = LINE('',#4189,#4190);
#4189 = CARTESIAN_POINT('',(1.82761301691,63.065470404514,
    -95.98874321344));
#4190 = VECTOR('',#4191,1.);
#4191 = DIRECTION('',(-0.707106927292,-0.707106635081,2.922114008679E-07
    ));
#4192 = ORIENTED_EDGE('',*,*,#4193,.F.);
#4193 = EDGE_CURVE('',#4194,#4186,#4196,.T.);
#4194 = VERTEX_POINT('',#4195);
#4195 = CARTESIAN_POINT('',(4.132466619391,64.583317121512,
    -95.98874416592));
#4196 = LINE('',#4197,#4198);
#4197 = CARTESIAN_POINT('',(0.132466452145,64.583317948011,
    -95.98874251292));
#4198 = VECTOR('',#4199,1.);
#4199 = DIRECTION('',(-1.,2.066248063536E-07,4.132493547498E-07));
#4200 = ORIENTED_EDGE('',*,*,#4201,.F.);
#4201 = EDGE_CURVE('',#4202,#4194,#4204,.T.);
#4202 = VERTEX_POINT('',#4203);
#4203 = CARTESIAN_POINT('',(4.919472837812,64.583316637044,
    -95.98874449115));
#4204 = LINE('',#4205,#4206);
#4205 = CARTESIAN_POINT('',(0.463837257603,64.583319379861,
    -95.98874264986));
#4206 = VECTOR('',#4207,1.);
#4207 = DIRECTION('',(-1.,6.155838696341E-07,4.132493547171E-07));
#4208 = ORIENTED_EDGE('',*,*,#4209,.F.);
#4209 = EDGE_CURVE('',#4107,#4202,#4210,.T.);
#4210 = LINE('',#4211,#4212);
#4211 = CARTESIAN_POINT('',(2.671206436763,66.831585806088,
    -95.98874356205));
#4212 = VECTOR('',#4213,1.);
#4213 = DIRECTION('',(-0.707106345903,0.70710721647,2.922113215706E-07)
  );
#4214 = PLANE('',#4215);
#4215 = AXIS2_PLACEMENT_3D('',#4216,#4217,#4218);
#4216 = CARTESIAN_POINT('',(-3.867533442538,65.900660171777,
    -95.98874085992));
#4217 = DIRECTION('',(-4.132493547429E-07,1.138782299512E-13,-1.));
#4218 = DIRECTION('',(1.,6.424721561887E-14,-4.132493547429E-07));
#4219 = ADVANCED_FACE('',(#4220),#4238,.F.);
#4220 = FACE_BOUND('',#4221,.T.);
#4221 = EDGE_LOOP('',(#4222,#4223,#4224,#4232));
#4222 = ORIENTED_EDGE('',*,*,#3628,.T.);
#4223 = ORIENTED_EDGE('',*,*,#4039,.T.);
#4224 = ORIENTED_EDGE('',*,*,#4225,.F.);
#4225 = EDGE_CURVE('',#4226,#4032,#4228,.T.);
#4226 = VERTEX_POINT('',#4227);
#4227 = CARTESIAN_POINT('',(-3.867533491029,60.900660171777,
    -96.10608225727));
#4228 = LINE('',#4229,#4230);
#4229 = CARTESIAN_POINT('',(-3.867528740203,60.900660171775,
    -84.60981104262));
#4230 = VECTOR('',#4231,1.);
#4231 = DIRECTION('',(4.132493534106E-07,-1.138782297924E-13,1.));
#4232 = ORIENTED_EDGE('',*,*,#4233,.T.);
#4233 = EDGE_CURVE('',#4226,#3620,#4234,.T.);
#4234 = LINE('',#4235,#4236);
#4235 = CARTESIAN_POINT('',(-3.867533504525,60.933318774484,
    -96.13874085998));
#4236 = VECTOR('',#4237,1.);
#4237 = DIRECTION('',(-2.922114654334E-07,0.707106781124,-0.707106781249
    ));
#4238 = PLANE('',#4239);
#4239 = AXIS2_PLACEMENT_3D('',#4240,#4241,#4242);
#4240 = CARTESIAN_POINT('',(-3.867526995849,65.900660171775,
    -80.38874251292));
#4241 = DIRECTION('',(-1.,-6.377687100155E-14,4.132493534245E-07));
#4242 = DIRECTION('',(-4.132493534245E-07,1.151880820449E-13,-1.));
#4243 = ADVANCED_FACE('',(#4244),#4261,.F.);
#4244 = FACE_BOUND('',#4245,.F.);
#4245 = EDGE_LOOP('',(#4246,#4247,#4248,#4254,#4255));
#4246 = ORIENTED_EDGE('',*,*,#4233,.T.);
#4247 = ORIENTED_EDGE('',*,*,#3619,.F.);
#4248 = ORIENTED_EDGE('',*,*,#4249,.F.);
#4249 = EDGE_CURVE('',#4152,#3612,#4250,.T.);
#4250 = LINE('',#4251,#4252);
#4251 = CARTESIAN_POINT('',(-2.524030284135,64.026821381202,
    -95.98874141513));
#4252 = VECTOR('',#4253,1.);
#4253 = DIRECTION('',(-0.500000395479,-0.499999896643,-0.707106574625));
#4254 = ORIENTED_EDGE('',*,*,#4159,.F.);
#4255 = ORIENTED_EDGE('',*,*,#4256,.T.);
#4256 = EDGE_CURVE('',#4160,#4226,#4257,.T.);
#4257 = ( BOUNDED_CURVE() B_SPLINE_CURVE(2,(#4258,#4259,#4260),
.UNSPECIFIED.,.F.,.F.) B_SPLINE_CURVE_WITH_KNOTS((3,3),(0.106784942134,
0.189386222323),.PIECEWISE_BEZIER_KNOTS.) CURVE() 
GEOMETRIC_REPRESENTATION_ITEM() RATIONAL_B_SPLINE_CURVE((1.162926074888,
1.201200192447,1.201200192657)) REPRESENTATION_ITEM('') );
#4258 = CARTESIAN_POINT('',(-3.210168778357,60.900660171777,
    -95.98874113158));
#4259 = CARTESIAN_POINT('',(-3.549324039616,60.900660171777,
    -96.10608238814));
#4260 = CARTESIAN_POINT('',(-3.867533491029,60.900660171777,
    -96.10608225727));
#4261 = CONICAL_SURFACE('',#4262,1.750000000027,0.785398163308);
#4262 = AXIS2_PLACEMENT_3D('',#4263,#4264,#4265);
#4263 = CARTESIAN_POINT('',(-3.867533508016,62.683318774511,
    -96.13874085998));
#4264 = DIRECTION('',(4.132493550759E-07,-1.184153402809E-13,1.));
#4265 = DIRECTION('',(0.707106924258,-0.707106638115,-2.922115641518E-07
    ));
#4266 = ADVANCED_FACE('',(#4267),#4292,.F.);
#4267 = FACE_BOUND('',#4268,.T.);
#4268 = EDGE_LOOP('',(#4269,#4277,#4285,#4291));
#4269 = ORIENTED_EDGE('',*,*,#4270,.F.);
#4270 = EDGE_CURVE('',#4271,#3612,#4273,.T.);
#4271 = VERTEX_POINT('',#4272);
#4272 = CARTESIAN_POINT('',(-3.204791539606,64.283318637572,
    -96.28874113384));
#4273 = LINE('',#4274,#4275);
#4274 = CARTESIAN_POINT('',(-3.540497834871,64.619025071567,
    -96.28874099511));
#4275 = VECTOR('',#4276,1.);
#4276 = DIRECTION('',(0.707106635081,-0.707106927292,-2.92211441161E-07)
  );
#4277 = ORIENTED_EDGE('',*,*,#4278,.F.);
#4278 = EDGE_CURVE('',#4279,#4271,#4281,.T.);
#4279 = VERTEX_POINT('',#4280);
#4280 = CARTESIAN_POINT('',(-3.204792325147,64.283318637572,
    -98.18874170642));
#4281 = LINE('',#4282,#4283);
#4282 = CARTESIAN_POINT('',(-3.204792325147,64.283318637572,
    -98.18874170642));
#4283 = VECTOR('',#4284,1.);
#4284 = DIRECTION('',(4.134421720605E-07,-1.132266238102E-13,1.));
#4285 = ORIENTED_EDGE('',*,*,#4286,.F.);
#4286 = EDGE_CURVE('',#3603,#4279,#4287,.T.);
#4287 = LINE('',#4288,#4289);
#4288 = CARTESIAN_POINT('',(-1.970477692522,63.049003494867,
    -98.18874177476));
#4289 = VECTOR('',#4290,1.);
#4290 = DIRECTION('',(-0.707106635081,0.707106927292,3.914877694823E-08)
  );
#4291 = ORIENTED_EDGE('',*,*,#3611,.T.);
#4292 = PLANE('',#4293);
#4293 = AXIS2_PLACEMENT_3D('',#4294,#4295,#4296);
#4294 = CARTESIAN_POINT('',(-2.736163271876,63.81468939064,
    -98.18874173236));
#4295 = DIRECTION('',(0.707106927292,0.707106635081,-2.923477438048E-07)
  );
#4296 = DIRECTION('',(-0.707106635081,0.707106927292,3.914877693436E-08)
  );
#4297 = ADVANCED_FACE('',(#4298),#4324,.F.);
#4298 = FACE_BOUND('',#4299,.T.);
#4299 = EDGE_LOOP('',(#4300,#4301,#4309,#4317,#4323));
#4300 = ORIENTED_EDGE('',*,*,#4286,.T.);
#4301 = ORIENTED_EDGE('',*,*,#4302,.T.);
#4302 = EDGE_CURVE('',#4279,#4303,#4305,.T.);
#4303 = VERTEX_POINT('',#4304);
#4304 = CARTESIAN_POINT('',(-3.867534352111,64.283318774511,
    -98.18874143254));
#4305 = LINE('',#4306,#4307);
#4306 = CARTESIAN_POINT('',(-1.867534072644,64.283318361261,
    -98.18874225904));
#4307 = VECTOR('',#4308,1.);
#4308 = DIRECTION('',(-1.,2.066248063536E-07,4.132492791991E-07));
#4309 = ORIENTED_EDGE('',*,*,#4310,.T.);
#4310 = EDGE_CURVE('',#4303,#4311,#4313,.T.);
#4311 = VERTEX_POINT('',#4312);
#4312 = CARTESIAN_POINT('',(-4.530276379075,64.283318640416,
    -98.18874115866));
#4313 = LINE('',#4314,#4315);
#4314 = CARTESIAN_POINT('',(-2.198905413294,64.283319112132,
    -98.1887421221));
#4315 = VECTOR('',#4316,1.);
#4316 = DIRECTION('',(-1.,-2.023342569269E-07,4.132494256148E-07));
#4317 = ORIENTED_EDGE('',*,*,#4318,.T.);
#4318 = EDGE_CURVE('',#4311,#3595,#4319,.T.);
#4319 = LINE('',#4320,#4321);
#4320 = CARTESIAN_POINT('',(-3.998906242381,64.814688992139,
    -98.18874156842));
#4321 = VECTOR('',#4322,1.);
#4322 = DIRECTION('',(-0.707106638114,-0.707106924258,5.452739424204E-07
    ));
#4323 = ORIENTED_EDGE('',*,*,#3602,.T.);
#4324 = PLANE('',#4325);
#4325 = AXIS2_PLACEMENT_3D('',#4326,#4327,#4328);
#4326 = CARTESIAN_POINT('',(0.132465875799,62.683317716669,
    -98.18874251292));
#4327 = DIRECTION('',(-4.132493533065E-07,-3.578844625997E-07,-1.));
#4328 = DIRECTION('',(2.066246556586E-07,1.,-3.578845479872E-07));
#4329 = ADVANCED_FACE('',(#4330),#4348,.F.);
#4330 = FACE_BOUND('',#4331,.T.);
#4331 = EDGE_LOOP('',(#4332,#4340,#4341,#4342));
#4332 = ORIENTED_EDGE('',*,*,#4333,.F.);
#4333 = EDGE_CURVE('',#3586,#4334,#4336,.T.);
#4334 = VERTEX_POINT('',#4335);
#4335 = CARTESIAN_POINT('',(-4.530275593535,64.283318640415,
    -96.28874058605));
#4336 = LINE('',#4337,#4338);
#4337 = CARTESIAN_POINT('',(-3.960254771078,64.853339693541,
    -96.28874082157));
#4338 = VECTOR('',#4339,1.);
#4339 = DIRECTION('',(0.707106638115,0.707106924258,-2.922112814273E-07)
  );
#4340 = ORIENTED_EDGE('',*,*,#3594,.F.);
#4341 = ORIENTED_EDGE('',*,*,#4318,.F.);
#4342 = ORIENTED_EDGE('',*,*,#4343,.T.);
#4343 = EDGE_CURVE('',#4311,#4334,#4344,.T.);
#4344 = LINE('',#4345,#4346);
#4345 = CARTESIAN_POINT('',(-4.530276379075,64.283318640416,
    -98.18874115866));
#4346 = VECTOR('',#4347,1.);
#4347 = DIRECTION('',(4.134421720605E-07,-1.132266238102E-13,1.));
#4348 = PLANE('',#4349);
#4349 = AXIS2_PLACEMENT_3D('',#4350,#4351,#4352);
#4350 = CARTESIAN_POINT('',(-4.530276379075,64.283318640416,
    -98.18874115866));
#4351 = DIRECTION('',(-0.707106924258,0.707106638115,2.923479026337E-07)
  );
#4352 = DIRECTION('',(-0.707106638114,-0.707106924258,5.452739423649E-07
    ));
#4353 = ADVANCED_FACE('',(#4354),#4365,.F.);
#4354 = FACE_BOUND('',#4355,.F.);
#4355 = EDGE_LOOP('',(#4356,#4357,#4363,#4364));
#4356 = ORIENTED_EDGE('',*,*,#4118,.F.);
#4357 = ORIENTED_EDGE('',*,*,#4358,.T.);
#4358 = EDGE_CURVE('',#4119,#3586,#4359,.T.);
#4359 = LINE('',#4360,#4361);
#4360 = CARTESIAN_POINT('',(-5.21103660209,64.026821386899,
    -95.98874030472));
#4361 = VECTOR('',#4362,1.);
#4362 = DIRECTION('',(0.499999808956,-0.499999898833,-0.707106987811));
#4363 = ORIENTED_EDGE('',*,*,#3583,.F.);
#4364 = ORIENTED_EDGE('',*,*,#4084,.T.);
#4365 = CONICAL_SURFACE('',#4366,1.749999999976,0.785398163479);
#4366 = AXIS2_PLACEMENT_3D('',#4367,#4368,#4369);
#4367 = CARTESIAN_POINT('',(-3.867533508016,62.683318774511,
    -96.13874085988));
#4368 = DIRECTION('',(4.132493553535E-07,-1.184153404397E-13,1.));
#4369 = DIRECTION('',(-0.707106924258,0.707106638115,2.922115643481E-07)
  );
#4370 = ADVANCED_FACE('',(#4371),#4382,.F.);
#4371 = FACE_BOUND('',#4372,.F.);
#4372 = EDGE_LOOP('',(#4373,#4374,#4380,#4381));
#4373 = ORIENTED_EDGE('',*,*,#3954,.F.);
#4374 = ORIENTED_EDGE('',*,*,#4375,.T.);
#4375 = EDGE_CURVE('',#3947,#4107,#4376,.T.);
#4376 = LINE('',#4377,#4378);
#4377 = CARTESIAN_POINT('',(5.262977572521,63.815547679843,
    -96.28874463314));
#4378 = VECTOR('',#4379,1.);
#4379 = DIRECTION('',(0.500000214432,0.499999306637,0.707107119841));
#4380 = ORIENTED_EDGE('',*,*,#4106,.F.);
#4381 = ORIENTED_EDGE('',*,*,#3978,.T.);
#4382 = CONICAL_SURFACE('',#4383,1.750000462709,0.785398163316);
#4383 = AXIS2_PLACEMENT_3D('',#4384,#4385,#4386);
#4384 = CARTESIAN_POINT('',(4.132466491984,62.683317121512,
    -96.13874416597));
#4385 = DIRECTION('',(4.132493550759E-07,-1.184153402809E-13,1.));
#4386 = DIRECTION('',(0.70710683956,-0.707106722813,-2.922115291503E-07)
  );
#4387 = ADVANCED_FACE('',(#4388),#4413,.F.);
#4388 = FACE_BOUND('',#4389,.T.);
#4389 = EDGE_LOOP('',(#4390,#4398,#4406,#4412));
#4390 = ORIENTED_EDGE('',*,*,#4391,.F.);
#4391 = EDGE_CURVE('',#4392,#3947,#4394,.T.);
#4392 = VERTEX_POINT('',#4393);
#4393 = CARTESIAN_POINT('',(4.795208460393,64.283316713539,
    -96.28874443984));
#4394 = LINE('',#4395,#4396);
#4395 = CARTESIAN_POINT('',(2.459074147818,66.619453902288,
    -96.28874347443));
#4396 = VECTOR('',#4397,1.);
#4397 = DIRECTION('',(0.707106345903,-0.70710721647,-2.922113215706E-07)
  );
#4398 = ORIENTED_EDGE('',*,*,#4399,.F.);
#4399 = EDGE_CURVE('',#4400,#4392,#4402,.T.);
#4400 = VERTEX_POINT('',#4401);
#4401 = CARTESIAN_POINT('',(4.795207674852,64.283316713539,
    -98.18874501241));
#4402 = LINE('',#4403,#4404);
#4403 = CARTESIAN_POINT('',(4.795207674852,64.283316713539,
    -98.18874501241));
#4404 = VECTOR('',#4405,1.);
#4405 = DIRECTION('',(4.134421720605E-07,-1.132266238102E-13,1.));
#4406 = ORIENTED_EDGE('',*,*,#4407,.F.);
#4407 = EDGE_CURVE('',#3938,#4400,#4408,.T.);
#4408 = LINE('',#4409,#4410);
#4409 = CARTESIAN_POINT('',(4.029523606403,65.049001724675,
    -98.18874497002));
#4410 = VECTOR('',#4411,1.);
#4411 = DIRECTION('',(-0.707106345903,0.70710721647,3.914855394051E-08)
  );
#4412 = ORIENTED_EDGE('',*,*,#3946,.T.);
#4413 = PLANE('',#4414);
#4414 = AXIS2_PLACEMENT_3D('',#4415,#4416,#4417);
#4415 = CARTESIAN_POINT('',(5.262976459814,63.815547352676,
    -98.18874503831));
#4416 = DIRECTION('',(0.70710721647,0.707106345903,-2.923478633564E-07)
  );
#4417 = DIRECTION('',(-0.707106345903,0.70710721647,3.914855388499E-08)
  );
#4418 = ADVANCED_FACE('',(#4419),#4445,.F.);
#4419 = FACE_BOUND('',#4420,.T.);
#4420 = EDGE_LOOP('',(#4421,#4422,#4430,#4438,#4444));
#4421 = ORIENTED_EDGE('',*,*,#4407,.T.);
#4422 = ORIENTED_EDGE('',*,*,#4423,.T.);
#4423 = EDGE_CURVE('',#4400,#4424,#4426,.T.);
#4424 = VERTEX_POINT('',#4425);
#4425 = CARTESIAN_POINT('',(4.132465647888,64.283317121512,
    -98.18874473854));
#4426 = LINE('',#4427,#4428);
#4427 = CARTESIAN_POINT('',(2.132466254523,64.28331835268,
    -98.18874391204));
#4428 = VECTOR('',#4429,1.);
#4429 = DIRECTION('',(-1.,6.155838696341E-07,4.132491328945E-07));
#4430 = ORIENTED_EDGE('',*,*,#4431,.T.);
#4431 = EDGE_CURVE('',#4424,#4432,#4434,.T.);
#4432 = VERTEX_POINT('',#4433);
#4433 = CARTESIAN_POINT('',(3.469723620924,64.283317258451,
    -98.18874446466));
#4434 = LINE('',#4435,#4436);
#4435 = CARTESIAN_POINT('',(1.801094913873,64.283317603231,
    -98.1887437751));
#4436 = VECTOR('',#4437,1.);
#4437 = DIRECTION('',(-1.,2.066248063536E-07,4.132492791991E-07));
#4438 = ORIENTED_EDGE('',*,*,#4439,.T.);
#4439 = EDGE_CURVE('',#4432,#3930,#4440,.T.);
#4440 = LINE('',#4441,#4442);
#4441 = CARTESIAN_POINT('',(2.001094134221,62.814688378658,
    -98.18874333215));
#4442 = VECTOR('',#4443,1.);
#4443 = DIRECTION('',(-0.707106927292,-0.707106635081,5.452739584437E-07
    ));
#4444 = ORIENTED_EDGE('',*,*,#3937,.T.);
#4445 = PLANE('',#4446);
#4446 = AXIS2_PLACEMENT_3D('',#4447,#4448,#4449);
#4447 = CARTESIAN_POINT('',(0.132465875799,62.683317716669,
    -98.18874251292));
#4448 = DIRECTION('',(-4.132493533065E-07,-3.578844625997E-07,-1.));
#4449 = DIRECTION('',(2.066246556586E-07,1.,-3.578845479872E-07));
#4450 = ADVANCED_FACE('',(#4451),#4469,.F.);
#4451 = FACE_BOUND('',#4452,.T.);
#4452 = EDGE_LOOP('',(#4453,#4461,#4462,#4463));
#4453 = ORIENTED_EDGE('',*,*,#4454,.F.);
#4454 = EDGE_CURVE('',#3921,#4455,#4457,.T.);
#4455 = VERTEX_POINT('',#4456);
#4456 = CARTESIAN_POINT('',(3.469724406464,64.283317258451,
    -96.28874389204));
#4457 = LINE('',#4458,#4459);
#4458 = CARTESIAN_POINT('',(2.03974488343,62.853338326355,
    -96.28874330106));
#4459 = VECTOR('',#4460,1.);
#4460 = DIRECTION('',(0.707106927292,0.707106635081,-2.922114008679E-07)
  );
#4461 = ORIENTED_EDGE('',*,*,#3929,.F.);
#4462 = ORIENTED_EDGE('',*,*,#4439,.F.);
#4463 = ORIENTED_EDGE('',*,*,#4464,.T.);
#4464 = EDGE_CURVE('',#4432,#4455,#4465,.T.);
#4465 = LINE('',#4466,#4467);
#4466 = CARTESIAN_POINT('',(3.469723620924,64.283317258451,
    -98.18874446466));
#4467 = VECTOR('',#4468,1.);
#4468 = DIRECTION('',(4.134421720605E-07,-1.132266238102E-13,1.));
#4469 = PLANE('',#4470);
#4470 = AXIS2_PLACEMENT_3D('',#4471,#4472,#4473);
#4471 = CARTESIAN_POINT('',(3.469723620924,64.283317258451,
    -98.18874446466));
#4472 = DIRECTION('',(-0.707106635081,0.707106927292,2.923477831543E-07)
  );
#4473 = DIRECTION('',(-0.707106927292,-0.707106635081,5.452739584646E-07
    ));
#4474 = ADVANCED_FACE('',(#4475),#4499,.F.);
#4475 = FACE_BOUND('',#4476,.F.);
#4476 = EDGE_LOOP('',(#4477,#4485,#4486,#4492,#4493));
#4477 = ORIENTED_EDGE('',*,*,#4478,.T.);
#4478 = EDGE_CURVE('',#4479,#4169,#4481,.T.);
#4479 = VERTEX_POINT('',#4480);
#4480 = CARTESIAN_POINT('',(4.132466508969,60.900660171777,
    -96.10608767879));
#4481 = ( BOUNDED_CURVE() B_SPLINE_CURVE(2,(#4482,#4483,#4484),
.UNSPECIFIED.,.F.,.F.) B_SPLINE_CURVE_WITH_KNOTS((3,3),(0.189386531742,
0.271988568909),.PIECEWISE_BEZIER_KNOTS.) CURVE() 
GEOMETRIC_REPRESENTATION_ITEM() RATIONAL_B_SPLINE_CURVE((1.20120099347,
1.201200993679,1.162926147758)) REPRESENTATION_ITEM('') );
#4482 = CARTESIAN_POINT('',(4.132466508969,60.900660171777,
    -96.10608767879));
#4483 = CARTESIAN_POINT('',(3.814254429289,60.900660171777,
    -96.10608754792));
#4484 = CARTESIAN_POINT('',(3.475096066681,60.900660171777,
    -95.98874389426));
#4485 = ORIENTED_EDGE('',*,*,#4176,.F.);
#4486 = ORIENTED_EDGE('',*,*,#4487,.F.);
#4487 = EDGE_CURVE('',#3921,#4177,#4488,.T.);
#4488 = LINE('',#4489,#4490);
#4489 = CARTESIAN_POINT('',(3.001095159533,63.81468820518,
    -96.28874369827));
#4490 = VECTOR('',#4491,1.);
#4491 = DIRECTION('',(-0.499999749109,0.499999958768,0.707106987748));
#4492 = ORIENTED_EDGE('',*,*,#3920,.F.);
#4493 = ORIENTED_EDGE('',*,*,#4494,.T.);
#4494 = EDGE_CURVE('',#3913,#4479,#4495,.T.);
#4495 = LINE('',#4496,#4497);
#4496 = CARTESIAN_POINT('',(4.132466495474,60.933316658855,
    -96.13874416587));
#4497 = VECTOR('',#4498,1.);
#4498 = DIRECTION('',(2.922114651853E-07,-0.70710678125,0.707106781123)
  );
#4499 = CONICAL_SURFACE('',#4500,1.750000462658,0.785398163487);
#4500 = AXIS2_PLACEMENT_3D('',#4501,#4502,#4503);
#4501 = CARTESIAN_POINT('',(4.132466491984,62.683317121512,
    -96.13874416587));
#4502 = DIRECTION('',(4.132493553535E-07,-1.184153404397E-13,1.));
#4503 = DIRECTION('',(-0.70710683956,0.707106722813,2.922115293466E-07)
  );
#4504 = ADVANCED_FACE('',(#4505),#4516,.F.);
#4505 = FACE_BOUND('',#4506,.T.);
#4506 = EDGE_LOOP('',(#4507,#4508,#4509,#4515));
#4507 = ORIENTED_EDGE('',*,*,#3912,.T.);
#4508 = ORIENTED_EDGE('',*,*,#4494,.T.);
#4509 = ORIENTED_EDGE('',*,*,#4510,.T.);
#4510 = EDGE_CURVE('',#4479,#4024,#4511,.T.);
#4511 = LINE('',#4512,#4513);
#4512 = CARTESIAN_POINT('',(4.132465730962,60.900660171778,
    -97.98874416592));
#4513 = VECTOR('',#4514,1.);
#4514 = DIRECTION('',(4.132493532441E-07,-1.151880820714E-13,1.));
#4515 = ORIENTED_EDGE('',*,*,#4023,.F.);
#4516 = PLANE('',#4517);
#4517 = AXIS2_PLACEMENT_3D('',#4518,#4519,#4520);
#4518 = CARTESIAN_POINT('',(4.132466557461,65.900660171777,
    -95.98874416592));
#4519 = DIRECTION('',(1.,6.377687100155E-14,-4.132493533135E-07));
#4520 = DIRECTION('',(4.132493533135E-07,-1.151880820449E-13,1.));
#4521 = ADVANCED_FACE('',(#4522),#4530,.F.);
#4522 = FACE_BOUND('',#4523,.T.);
#4523 = EDGE_LOOP('',(#4524,#4525,#4526,#4527,#4528,#4529));
#4524 = ORIENTED_EDGE('',*,*,#4225,.T.);
#4525 = ORIENTED_EDGE('',*,*,#4031,.F.);
#4526 = ORIENTED_EDGE('',*,*,#4510,.F.);
#4527 = ORIENTED_EDGE('',*,*,#4478,.T.);
#4528 = ORIENTED_EDGE('',*,*,#4168,.F.);
#4529 = ORIENTED_EDGE('',*,*,#4256,.T.);
#4530 = PLANE('',#4531);
#4531 = AXIS2_PLACEMENT_3D('',#4532,#4533,#4534);
#4532 = CARTESIAN_POINT('',(0.132469608668,60.900660171776,
    -88.83088122532));
#4533 = DIRECTION('',(6.377682393828E-14,-1.,-1.138782561563E-13));
#4534 = DIRECTION('',(0.499999642116,1.305098754445E-13,-0.866025610409)
  );
#4535 = ADVANCED_FACE('',(#4536),#4547,.T.);
#4536 = FACE_BOUND('',#4537,.T.);
#4537 = EDGE_LOOP('',(#4538,#4539,#4540,#4541));
#4538 = ORIENTED_EDGE('',*,*,#4127,.T.);
#4539 = ORIENTED_EDGE('',*,*,#4358,.T.);
#4540 = ORIENTED_EDGE('',*,*,#4333,.T.);
#4541 = ORIENTED_EDGE('',*,*,#4542,.T.);
#4542 = EDGE_CURVE('',#4334,#4128,#4543,.T.);
#4543 = LINE('',#4544,#4545);
#4544 = CARTESIAN_POINT('',(-4.530275593535,64.283318640415,
    -96.28874058601));
#4545 = VECTOR('',#4546,1.);
#4546 = DIRECTION('',(-0.281084494485,0.67859828774,0.678598460679));
#4547 = PLANE('',#4548);
#4548 = AXIS2_PLACEMENT_3D('',#4549,#4550,#4551);
#4549 = CARTESIAN_POINT('',(-4.066320747715,64.959405689244,
    -96.13874077775));
#4550 = DIRECTION('',(0.500000393378,-0.499999898833,0.707106574562));
#4551 = DIRECTION('',(0.81649628727,-2.775557561563E-17,-0.577350684485)
  );
#4552 = ADVANCED_FACE('',(#4553),#4571,.T.);
#4553 = FACE_BOUND('',#4554,.T.);
#4554 = EDGE_LOOP('',(#4555,#4563,#4569,#4570));
#4555 = ORIENTED_EDGE('',*,*,#4556,.T.);
#4556 = EDGE_CURVE('',#4334,#4557,#4559,.T.);
#4557 = VERTEX_POINT('',#4558);
#4558 = CARTESIAN_POINT('',(-3.867533566571,64.283318774511,
    -96.28874085992));
#4559 = LINE('',#4560,#4561);
#4560 = CARTESIAN_POINT('',(-3.867533403103,64.283318774511,
    -96.28874085992));
#4561 = VECTOR('',#4562,1.);
#4562 = DIRECTION('',(1.,2.023342569269E-07,-4.13249354727E-07));
#4563 = ORIENTED_EDGE('',*,*,#4564,.F.);
#4564 = EDGE_CURVE('',#4136,#4557,#4565,.T.);
#4565 = LINE('',#4566,#4567);
#4566 = CARTESIAN_POINT('',(-3.867533380608,64.583318774511,
    -95.98874085992));
#4567 = VECTOR('',#4568,1.);
#4568 = DIRECTION('',(-4.38317223035E-07,-0.707106781186,-0.707106781187
    ));
#4569 = ORIENTED_EDGE('',*,*,#4135,.T.);
#4570 = ORIENTED_EDGE('',*,*,#4542,.F.);
#4571 = PLANE('',#4572);
#4572 = AXIS2_PLACEMENT_3D('',#4573,#4574,#4575);
#4573 = CARTESIAN_POINT('',(-3.867533371466,64.433318774511,
    -96.13874085992));
#4574 = DIRECTION('',(4.352833461519E-07,-0.707106781187,0.707106781186)
  );
#4575 = DIRECTION('',(1.,-2.214191769726E-17,-6.155836116254E-07));
#4576 = ADVANCED_FACE('',(#4577),#4593,.T.);
#4577 = FACE_BOUND('',#4578,.T.);
#4578 = EDGE_LOOP('',(#4579,#4580,#4586,#4592));
#4579 = ORIENTED_EDGE('',*,*,#4564,.T.);
#4580 = ORIENTED_EDGE('',*,*,#4581,.T.);
#4581 = EDGE_CURVE('',#4557,#4271,#4582,.T.);
#4582 = LINE('',#4583,#4584);
#4583 = CARTESIAN_POINT('',(-3.536162720334,64.283318706041,
    -96.28874099686));
#4584 = VECTOR('',#4585,1.);
#4585 = DIRECTION('',(1.,-2.066248063536E-07,-4.132493547498E-07));
#4586 = ORIENTED_EDGE('',*,*,#4587,.T.);
#4587 = EDGE_CURVE('',#4271,#4144,#4588,.T.);
#4588 = LINE('',#4589,#4590);
#4589 = CARTESIAN_POINT('',(-3.204791539606,64.283318637572,
    -96.2887411338));
#4590 = VECTOR('',#4591,1.);
#4591 = DIRECTION('',(0.281085058481,0.678598286442,0.678598228363));
#4592 = ORIENTED_EDGE('',*,*,#4143,.T.);
#4593 = PLANE('',#4594);
#4594 = AXIS2_PLACEMENT_3D('',#4595,#4596,#4597);
#4595 = CARTESIAN_POINT('',(-3.536162627353,64.433318706041,
    -96.13874099686));
#4596 = DIRECTION('',(1.46105619221E-07,-0.707106781187,0.707106781186)
  );
#4597 = DIRECTION('',(1.,-2.815587809255E-17,-2.066245482694E-07));
#4598 = ADVANCED_FACE('',(#4599),#4605,.T.);
#4599 = FACE_BOUND('',#4600,.T.);
#4600 = EDGE_LOOP('',(#4601,#4602,#4603,#4604));
#4601 = ORIENTED_EDGE('',*,*,#4270,.T.);
#4602 = ORIENTED_EDGE('',*,*,#4249,.F.);
#4603 = ORIENTED_EDGE('',*,*,#4151,.T.);
#4604 = ORIENTED_EDGE('',*,*,#4587,.F.);
#4605 = PLANE('',#4606);
#4606 = AXIS2_PLACEMENT_3D('',#4607,#4608,#4609);
#4607 = CARTESIAN_POINT('',(-3.434431733775,64.725091066843,
    -96.13874103892));
#4608 = DIRECTION('',(-0.499999811101,-0.499999896688,0.707106987811));
#4609 = DIRECTION('',(0.816496763281,4.440892098501E-16,0.577350011303)
  );
#4610 = ADVANCED_FACE('',(#4611),#4622,.T.);
#4611 = FACE_BOUND('',#4612,.T.);
#4612 = EDGE_LOOP('',(#4613,#4614,#4615,#4616));
#4613 = ORIENTED_EDGE('',*,*,#4185,.T.);
#4614 = ORIENTED_EDGE('',*,*,#4487,.F.);
#4615 = ORIENTED_EDGE('',*,*,#4454,.T.);
#4616 = ORIENTED_EDGE('',*,*,#4617,.T.);
#4617 = EDGE_CURVE('',#4455,#4186,#4618,.T.);
#4618 = LINE('',#4619,#4620);
#4619 = CARTESIAN_POINT('',(3.469724406464,64.283317258451,-96.288743892
    ));
#4620 = VECTOR('',#4621,1.);
#4621 = DIRECTION('',(-0.281084216966,0.678598402692,0.678598460679));
#4622 = PLANE('',#4623);
#4623 = AXIS2_PLACEMENT_3D('',#4624,#4625,#4626);
#4624 = CARTESIAN_POINT('',(1.93367895017,62.959404365434,
    -96.13874325725));
#4625 = DIRECTION('',(0.500000188899,-0.500000103312,0.707106574562));
#4626 = DIRECTION('',(0.816496398574,-3.330669073875E-16,-0.577350527076
    ));
#4627 = ADVANCED_FACE('',(#4628),#4646,.T.);
#4628 = FACE_BOUND('',#4629,.T.);
#4629 = EDGE_LOOP('',(#4630,#4638,#4639,#4640));
#4630 = ORIENTED_EDGE('',*,*,#4631,.T.);
#4631 = EDGE_CURVE('',#4632,#4194,#4634,.T.);
#4632 = VERTEX_POINT('',#4633);
#4633 = CARTESIAN_POINT('',(4.132466433429,64.283317121512,
    -96.28874416592));
#4634 = LINE('',#4635,#4636);
#4635 = CARTESIAN_POINT('',(4.132466433429,64.283317121512,
    -96.28874416592));
#4636 = VECTOR('',#4637,1.);
#4637 = DIRECTION('',(4.383172243118E-07,0.707106781186,0.707106781187)
  );
#4638 = ORIENTED_EDGE('',*,*,#4193,.T.);
#4639 = ORIENTED_EDGE('',*,*,#4617,.F.);
#4640 = ORIENTED_EDGE('',*,*,#4641,.T.);
#4641 = EDGE_CURVE('',#4455,#4632,#4642,.T.);
#4642 = LINE('',#4643,#4644);
#4643 = CARTESIAN_POINT('',(0.132466266183,64.283317948012,
    -96.28874251292));
#4644 = VECTOR('',#4645,1.);
#4645 = DIRECTION('',(1.,-2.066248063536E-07,-4.132493547498E-07));
#4646 = PLANE('',#4647);
#4647 = AXIS2_PLACEMENT_3D('',#4648,#4649,#4650);
#4648 = CARTESIAN_POINT('',(0.132466359164,64.433317948012,
    -96.13874251292));
#4649 = DIRECTION('',(1.46105619221E-07,-0.707106781187,0.707106781186)
  );
#4650 = DIRECTION('',(1.,-2.815587809255E-17,-2.066245482694E-07));
#4651 = ADVANCED_FACE('',(#4652),#4668,.T.);
#4652 = FACE_BOUND('',#4653,.T.);
#4653 = EDGE_LOOP('',(#4654,#4655,#4656,#4662));
#4654 = ORIENTED_EDGE('',*,*,#4201,.T.);
#4655 = ORIENTED_EDGE('',*,*,#4631,.F.);
#4656 = ORIENTED_EDGE('',*,*,#4657,.T.);
#4657 = EDGE_CURVE('',#4632,#4392,#4658,.T.);
#4658 = LINE('',#4659,#4660);
#4659 = CARTESIAN_POINT('',(0.463836948953,64.283319379861,
    -96.28874264986));
#4660 = VECTOR('',#4661,1.);
#4661 = DIRECTION('',(1.,-6.155838696341E-07,-4.132493547171E-07));
#4662 = ORIENTED_EDGE('',*,*,#4663,.T.);
#4663 = EDGE_CURVE('',#4392,#4202,#4664,.T.);
#4664 = LINE('',#4665,#4666);
#4665 = CARTESIAN_POINT('',(4.795208460393,64.283316713539,
    -96.2887444398));
#4666 = VECTOR('',#4667,1.);
#4667 = DIRECTION('',(0.281085336,0.67859817149,0.678598228363));
#4668 = PLANE('',#4669);
#4669 = AXIS2_PLACEMENT_3D('',#4670,#4671,#4672);
#4670 = CARTESIAN_POINT('',(0.463837103278,64.433319379861,
    -96.13874264986));
#4671 = DIRECTION('',(-1.430721075989E-07,-0.707106781186,0.707106781187
    ));
#4672 = DIRECTION('',(1.,9.675511772698E-18,2.023345149733E-07));
#4673 = ADVANCED_FACE('',(#4674),#4680,.T.);
#4674 = FACE_BOUND('',#4675,.T.);
#4675 = EDGE_LOOP('',(#4676,#4677,#4678,#4679));
#4676 = ORIENTED_EDGE('',*,*,#4391,.T.);
#4677 = ORIENTED_EDGE('',*,*,#4375,.T.);
#4678 = ORIENTED_EDGE('',*,*,#4209,.T.);
#4679 = ORIENTED_EDGE('',*,*,#4663,.F.);
#4680 = PLANE('',#4681);
#4681 = AXIS2_PLACEMENT_3D('',#4682,#4683,#4684);
#4682 = CARTESIAN_POINT('',(2.565140292291,66.725519854188,
    -96.13874351824));
#4683 = DIRECTION('',(-0.50000001558,-0.499999692208,0.707106987811));
#4684 = DIRECTION('',(0.816496651977,-1.665334536938E-16,0.577350168711)
  );
#4685 = ADVANCED_FACE('',(#4686),#4697,.F.);
#4686 = FACE_BOUND('',#4687,.T.);
#4687 = EDGE_LOOP('',(#4688,#4689,#4695,#4696));
#4688 = ORIENTED_EDGE('',*,*,#4581,.F.);
#4689 = ORIENTED_EDGE('',*,*,#4690,.F.);
#4690 = EDGE_CURVE('',#4303,#4557,#4691,.T.);
#4691 = LINE('',#4692,#4693);
#4692 = CARTESIAN_POINT('',(-3.867534352111,64.283318774511,
    -98.18874143254));
#4693 = VECTOR('',#4694,1.);
#4694 = DIRECTION('',(4.134421720605E-07,-1.132266238102E-13,1.));
#4695 = ORIENTED_EDGE('',*,*,#4302,.F.);
#4696 = ORIENTED_EDGE('',*,*,#4278,.T.);
#4697 = PLANE('',#4698);
#4698 = AXIS2_PLACEMENT_3D('',#4699,#4700,#4701);
#4699 = CARTESIAN_POINT('',(-3.204792325147,64.283318637572,
    -98.18874170642));
#4700 = DIRECTION('',(2.066248063536E-07,1.,2.779921485609E-14));
#4701 = DIRECTION('',(-1.,2.066248063536E-07,4.132492792546E-07));
#4702 = ADVANCED_FACE('',(#4703),#4709,.F.);
#4703 = FACE_BOUND('',#4704,.T.);
#4704 = EDGE_LOOP('',(#4705,#4706,#4707,#4708));
#4705 = ORIENTED_EDGE('',*,*,#4556,.F.);
#4706 = ORIENTED_EDGE('',*,*,#4343,.F.);
#4707 = ORIENTED_EDGE('',*,*,#4310,.F.);
#4708 = ORIENTED_EDGE('',*,*,#4690,.T.);
#4709 = PLANE('',#4710);
#4710 = AXIS2_PLACEMENT_3D('',#4711,#4712,#4713);
#4711 = CARTESIAN_POINT('',(-3.867534352111,64.283318774511,
    -98.18874143254));
#4712 = DIRECTION('',(-2.023342569269E-07,1.,1.968801383027E-13));
#4713 = DIRECTION('',(-1.,-2.023342569269E-07,4.132494256148E-07));
#4714 = ADVANCED_FACE('',(#4715),#4726,.F.);
#4715 = FACE_BOUND('',#4716,.T.);
#4716 = EDGE_LOOP('',(#4717,#4718,#4724,#4725));
#4717 = ORIENTED_EDGE('',*,*,#4657,.F.);
#4718 = ORIENTED_EDGE('',*,*,#4719,.F.);
#4719 = EDGE_CURVE('',#4424,#4632,#4720,.T.);
#4720 = LINE('',#4721,#4722);
#4721 = CARTESIAN_POINT('',(4.132465647888,64.283317121512,
    -98.18874473854));
#4722 = VECTOR('',#4723,1.);
#4723 = DIRECTION('',(4.134421720605E-07,-1.132266238102E-13,1.));
#4724 = ORIENTED_EDGE('',*,*,#4423,.F.);
#4725 = ORIENTED_EDGE('',*,*,#4399,.T.);
#4726 = PLANE('',#4727);
#4727 = AXIS2_PLACEMENT_3D('',#4728,#4729,#4730);
#4728 = CARTESIAN_POINT('',(4.795207674852,64.283316713539,
    -98.18874501241));
#4729 = DIRECTION('',(6.155838696341E-07,1.,-1.412817085905E-13));
#4730 = DIRECTION('',(-1.,6.155838696341E-07,4.132491328251E-07));
#4731 = ADVANCED_FACE('',(#4732),#4738,.F.);
#4732 = FACE_BOUND('',#4733,.T.);
#4733 = EDGE_LOOP('',(#4734,#4735,#4736,#4737));
#4734 = ORIENTED_EDGE('',*,*,#4641,.F.);
#4735 = ORIENTED_EDGE('',*,*,#4464,.F.);
#4736 = ORIENTED_EDGE('',*,*,#4431,.F.);
#4737 = ORIENTED_EDGE('',*,*,#4719,.T.);
#4738 = PLANE('',#4739);
#4739 = AXIS2_PLACEMENT_3D('',#4740,#4741,#4742);
#4740 = CARTESIAN_POINT('',(4.132465647888,64.283317121512,
    -98.18874473854));
#4741 = DIRECTION('',(2.066248063536E-07,1.,2.779921485609E-14));
#4742 = DIRECTION('',(-1.,2.066248063536E-07,4.132492792546E-07));
#4743 = ADVANCED_FACE('',(#4744),#4771,.F.);
#4744 = FACE_BOUND('',#4745,.F.);
#4745 = EDGE_LOOP('',(#4746,#4756,#4763,#4764));
#4746 = ORIENTED_EDGE('',*,*,#4747,.T.);
#4747 = EDGE_CURVE('',#4748,#4750,#4752,.T.);
#4748 = VERTEX_POINT('',#4749);
#4749 = CARTESIAN_POINT('',(17.882672069407,75.754133476488,
    -157.9840752551));
#4750 = VERTEX_POINT('',#4751);
#4751 = CARTESIAN_POINT('',(15.382672069407,75.754133476488,
    -157.9840752551));
#4752 = LINE('',#4753,#4754);
#4753 = CARTESIAN_POINT('',(18.382672069407,75.754133476488,
    -157.9840752551));
#4754 = VECTOR('',#4755,1.);
#4755 = DIRECTION('',(-1.,6.321944860805E-37,1.183771259484E-14));
#4756 = ORIENTED_EDGE('',*,*,#4757,.F.);
#4757 = EDGE_CURVE('',#4750,#4750,#4758,.T.);
#4758 = CIRCLE('',#4759,5.);
#4759 = AXIS2_PLACEMENT_3D('',#4760,#4761,#4762);
#4760 = CARTESIAN_POINT('',(15.382672069407,70.754133476488,
    -157.9840752551));
#4761 = DIRECTION('',(-1.,3.160066050387E-16,2.400816772432E-15));
#4762 = DIRECTION('',(-3.160066050387E-16,-1.,3.700517539965E-16));
#4763 = ORIENTED_EDGE('',*,*,#4747,.F.);
#4764 = ORIENTED_EDGE('',*,*,#4765,.T.);
#4765 = EDGE_CURVE('',#4748,#4748,#4766,.T.);
#4766 = CIRCLE('',#4767,5.);
#4767 = AXIS2_PLACEMENT_3D('',#4768,#4769,#4770);
#4768 = CARTESIAN_POINT('',(17.882672069407,70.754133476488,
    -157.9840752551));
#4769 = DIRECTION('',(-1.,3.160066050387E-16,2.400816772432E-15));
#4770 = DIRECTION('',(-3.160066050387E-16,-1.,3.700517539965E-16));
#4771 = CYLINDRICAL_SURFACE('',#4772,5.);
#4772 = AXIS2_PLACEMENT_3D('',#4773,#4774,#4775);
#4773 = CARTESIAN_POINT('',(18.382672069407,70.754133476488,
    -157.9840752551));
#4774 = DIRECTION('',(-1.,6.321944860805E-37,1.183771259484E-14));
#4775 = DIRECTION('',(4.380565676832E-30,-1.,3.700517539965E-16));
#4776 = ADVANCED_FACE('',(#4777),#4796,.F.);
#4777 = FACE_BOUND('',#4778,.F.);
#4778 = EDGE_LOOP('',(#4779,#4787,#4794,#4795));
#4779 = ORIENTED_EDGE('',*,*,#4780,.T.);
#4780 = EDGE_CURVE('',#4748,#4781,#4783,.T.);
#4781 = VERTEX_POINT('',#4782);
#4782 = CARTESIAN_POINT('',(18.382672069407,76.254133476488,
    -157.9840752551));
#4783 = LINE('',#4784,#4785);
#4784 = CARTESIAN_POINT('',(18.132672069407,76.004133476488,
    -157.9840752551));
#4785 = VECTOR('',#4786,1.);
#4786 = DIRECTION('',(0.707106781187,0.707106781186,-1.456026963902E-16)
  );
#4787 = ORIENTED_EDGE('',*,*,#4788,.F.);
#4788 = EDGE_CURVE('',#4781,#4781,#4789,.T.);
#4789 = CIRCLE('',#4790,5.5);
#4790 = AXIS2_PLACEMENT_3D('',#4791,#4792,#4793);
#4791 = CARTESIAN_POINT('',(18.382672069407,70.754133476488,
    -157.9840752551));
#4792 = DIRECTION('',(1.,-3.160066050387E-16,-2.400816772432E-15));
#4793 = DIRECTION('',(-3.160066050387E-16,-1.,3.70051806936E-16));
#4794 = ORIENTED_EDGE('',*,*,#4780,.F.);
#4795 = ORIENTED_EDGE('',*,*,#4765,.F.);
#4796 = CONICAL_SURFACE('',#4797,5.25,0.785398163397);
#4797 = AXIS2_PLACEMENT_3D('',#4798,#4799,#4800);
#4798 = CARTESIAN_POINT('',(18.132672069407,70.754133476488,
    -157.9840752551));
#4799 = DIRECTION('',(1.,2.572463363641E-39,4.167376864946E-17));
#4800 = DIRECTION('',(-1.542144871697E-32,-1.,3.700517565174E-16));
#4801 = ADVANCED_FACE('',(#4802),#4829,.F.);
#4802 = FACE_BOUND('',#4803,.F.);
#4803 = EDGE_LOOP('',(#4804,#4814,#4821,#4822));
#4804 = ORIENTED_EDGE('',*,*,#4805,.T.);
#4805 = EDGE_CURVE('',#4806,#4808,#4810,.T.);
#4806 = VERTEX_POINT('',#4807);
#4807 = CARTESIAN_POINT('',(10.182672069407,73.454133476488,
    -157.9840752551));
#4808 = VERTEX_POINT('',#4809);
#4809 = CARTESIAN_POINT('',(14.882672069407,73.454133476488,
    -157.9840752551));
#4810 = LINE('',#4811,#4812);
#4811 = CARTESIAN_POINT('',(-18.06732793059,73.454133476488,
    -157.9840752551));
#4812 = VECTOR('',#4813,1.);
#4813 = DIRECTION('',(1.,8.881784197001E-16,-1.061646758562E-14));
#4814 = ORIENTED_EDGE('',*,*,#4815,.T.);
#4815 = EDGE_CURVE('',#4808,#4808,#4816,.T.);
#4816 = CIRCLE('',#4817,2.7);
#4817 = AXIS2_PLACEMENT_3D('',#4818,#4819,#4820);
#4818 = CARTESIAN_POINT('',(14.882672069407,70.754133476488,
    -157.9840752551));
#4819 = DIRECTION('',(-1.,3.160066050387E-16,2.400816772432E-15));
#4820 = DIRECTION('',(-3.160066050387E-16,-1.,3.700517383107E-16));
#4821 = ORIENTED_EDGE('',*,*,#4805,.F.);
#4822 = ORIENTED_EDGE('',*,*,#4823,.T.);
#4823 = EDGE_CURVE('',#4806,#4806,#4824,.T.);
#4824 = CIRCLE('',#4825,2.7);
#4825 = AXIS2_PLACEMENT_3D('',#4826,#4827,#4828);
#4826 = CARTESIAN_POINT('',(10.182672069407,70.754133476488,
    -157.9840752551));
#4827 = DIRECTION('',(1.,-2.081668171172E-16,-2.400816811027E-15));
#4828 = DIRECTION('',(-2.081668171172E-16,-1.,3.700517873288E-16));
#4829 = CYLINDRICAL_SURFACE('',#4830,2.7);
#4830 = AXIS2_PLACEMENT_3D('',#4831,#4832,#4833);
#4831 = CARTESIAN_POINT('',(-18.06732793059,70.754133476488,
    -157.9840752551));
#4832 = DIRECTION('',(1.,8.881784197001E-16,-1.061646758562E-14));
#4833 = DIRECTION('',(8.881784197001E-16,-1.,3.700517873288E-16));
#4834 = ADVANCED_FACE('',(#4835,#4838),#4849,.T.);
#4835 = FACE_BOUND('',#4836,.T.);
#4836 = EDGE_LOOP('',(#4837));
#4837 = ORIENTED_EDGE('',*,*,#4757,.F.);
#4838 = FACE_BOUND('',#4839,.T.);
#4839 = EDGE_LOOP('',(#4840));
#4840 = ORIENTED_EDGE('',*,*,#4841,.F.);
#4841 = EDGE_CURVE('',#4842,#4842,#4844,.T.);
#4842 = VERTEX_POINT('',#4843);
#4843 = CARTESIAN_POINT('',(15.382672069407,73.954133476488,
    -157.9840752551));
#4844 = CIRCLE('',#4845,3.2);
#4845 = AXIS2_PLACEMENT_3D('',#4846,#4847,#4848);
#4846 = CARTESIAN_POINT('',(15.382672069407,70.754133476488,
    -157.9840752551));
#4847 = DIRECTION('',(1.,-3.160066050387E-16,-2.400816772432E-15));
#4848 = DIRECTION('',(-3.160066050387E-16,-1.,3.700517903924E-16));
#4849 = PLANE('',#4850);
#4850 = AXIS2_PLACEMENT_3D('',#4851,#4852,#4853);
#4851 = CARTESIAN_POINT('',(15.382672069407,70.754133476488,
    -157.9840752551));
#4852 = DIRECTION('',(1.,-3.160066050387E-16,-2.400816772432E-15));
#4853 = DIRECTION('',(-2.400816772432E-15,-8.449008065074E-18,-1.));
#4854 = ADVANCED_FACE('',(#4855),#4866,.F.);
#4855 = FACE_BOUND('',#4856,.F.);
#4856 = EDGE_LOOP('',(#4857,#4863,#4864,#4865));
#4857 = ORIENTED_EDGE('',*,*,#4858,.T.);
#4858 = EDGE_CURVE('',#4808,#4842,#4859,.T.);
#4859 = LINE('',#4860,#4861);
#4860 = CARTESIAN_POINT('',(15.132672069407,73.704133476488,
    -157.9840752551));
#4861 = VECTOR('',#4862,1.);
#4862 = DIRECTION('',(0.707106781187,0.707106781187,-1.456026876285E-16)
  );
#4863 = ORIENTED_EDGE('',*,*,#4841,.F.);
#4864 = ORIENTED_EDGE('',*,*,#4858,.F.);
#4865 = ORIENTED_EDGE('',*,*,#4815,.F.);
#4866 = CONICAL_SURFACE('',#4867,2.95,0.785398163397);
#4867 = AXIS2_PLACEMENT_3D('',#4868,#4869,#4870);
#4868 = CARTESIAN_POINT('',(15.132672069407,70.754133476488,
    -157.9840752551));
#4869 = DIRECTION('',(1.,2.572463363641E-39,4.167376864946E-17));
#4870 = DIRECTION('',(-1.542144820059E-32,-1.,3.700517441264E-16));
#4871 = ADVANCED_FACE('',(#4872),#4906,.T.);
#4872 = FACE_BOUND('',#4873,.T.);
#4873 = EDGE_LOOP('',(#4874,#4884,#4892,#4900));
#4874 = ORIENTED_EDGE('',*,*,#4875,.T.);
#4875 = EDGE_CURVE('',#4876,#4878,#4880,.T.);
#4876 = VERTEX_POINT('',#4877);
#4877 = CARTESIAN_POINT('',(18.382672069407,88.400500000004,
    -163.9816358757));
#4878 = VERTEX_POINT('',#4879);
#4879 = CARTESIAN_POINT('',(18.382672069407,85.693393218817,
    -166.6887426568));
#4880 = LINE('',#4881,#4882);
#4881 = CARTESIAN_POINT('',(18.382672069407,84.79694660941,
    -167.5851892663));
#4882 = VECTOR('',#4883,1.);
#4883 = DIRECTION('',(-1.900362351613E-15,-0.707106781187,
    -0.707106781187));
#4884 = ORIENTED_EDGE('',*,*,#4885,.F.);
#4885 = EDGE_CURVE('',#4886,#4878,#4888,.T.);
#4886 = VERTEX_POINT('',#4887);
#4887 = CARTESIAN_POINT('',(17.882672069407,85.900500000004,
    -167.1887426568));
#4888 = LINE('',#4889,#4890);
#4889 = CARTESIAN_POINT('',(17.882672069407,85.900500000004,
    -167.1887426568));
#4890 = VECTOR('',#4891,1.);
#4891 = DIRECTION('',(0.678598344546,-0.281084637715,0.678598344546));
#4892 = ORIENTED_EDGE('',*,*,#4893,.T.);
#4893 = EDGE_CURVE('',#4886,#4894,#4896,.T.);
#4894 = VERTEX_POINT('',#4895);
#4895 = CARTESIAN_POINT('',(17.882672069407,88.900500000004,
    -164.1887426568));
#4896 = LINE('',#4897,#4898);
#4897 = CARTESIAN_POINT('',(17.882672069407,85.150500000003,
    -167.9387426568));
#4898 = VECTOR('',#4899,1.);
#4899 = DIRECTION('',(1.900362351613E-15,0.707106781187,0.707106781187)
  );
#4900 = ORIENTED_EDGE('',*,*,#4901,.F.);
#4901 = EDGE_CURVE('',#4876,#4894,#4902,.T.);
#4902 = LINE('',#4903,#4904);
#4903 = CARTESIAN_POINT('',(18.382672069407,88.400500000004,
    -163.9816358757));
#4904 = VECTOR('',#4905,1.);
#4905 = DIRECTION('',(-0.678598344546,0.678598344546,-0.281084637715));
#4906 = PLANE('',#4907);
#4907 = AXIS2_PLACEMENT_3D('',#4908,#4909,#4910);
#4908 = CARTESIAN_POINT('',(18.132672069407,84.973723304706,
    -167.7619659616));
#4909 = DIRECTION('',(0.707106781187,0.5,-0.5));
#4910 = DIRECTION('',(-0.577350269189,-2.498001805407E-16,
    -0.816496580928));
#4911 = ADVANCED_FACE('',(#4912),#4937,.T.);
#4912 = FACE_BOUND('',#4913,.T.);
#4913 = EDGE_LOOP('',(#4914,#4922,#4930,#4936));
#4914 = ORIENTED_EDGE('',*,*,#4915,.T.);
#4915 = EDGE_CURVE('',#4894,#4916,#4918,.T.);
#4916 = VERTEX_POINT('',#4917);
#4917 = CARTESIAN_POINT('',(17.882672069407,88.900500000004,
    -154.0434475251));
#4918 = LINE('',#4919,#4920);
#4919 = CARTESIAN_POINT('',(17.882672069407,88.900500000004,
    -153.1887426568));
#4920 = VECTOR('',#4921,1.);
#4921 = DIRECTION('',(2.331468029603E-15,-1.550462046213E-15,1.));
#4922 = ORIENTED_EDGE('',*,*,#4923,.T.);
#4923 = EDGE_CURVE('',#4916,#4924,#4926,.T.);
#4924 = VERTEX_POINT('',#4925);
#4925 = CARTESIAN_POINT('',(18.382672069407,88.400500000004,
    -154.2505543063));
#4926 = LINE('',#4927,#4928);
#4927 = CARTESIAN_POINT('',(18.77492781175,88.008244257661,
    -154.4130319547));
#4928 = VECTOR('',#4929,1.);
#4929 = DIRECTION('',(0.678598344546,-0.678598344546,-0.281084637715));
#4930 = ORIENTED_EDGE('',*,*,#4931,.T.);
#4931 = EDGE_CURVE('',#4924,#4876,#4932,.T.);
#4932 = LINE('',#4933,#4934);
#4933 = CARTESIAN_POINT('',(18.382672069407,88.400500000004,
    -153.1887426568));
#4934 = VECTOR('',#4935,1.);
#4935 = DIRECTION('',(-2.331468029603E-15,1.550462046213E-15,-1.));
#4936 = ORIENTED_EDGE('',*,*,#4901,.T.);
#4937 = PLANE('',#4938);
#4938 = AXIS2_PLACEMENT_3D('',#4939,#4940,#4941);
#4939 = CARTESIAN_POINT('',(18.132672069407,88.650500000004,
    -153.1887426568));
#4940 = DIRECTION('',(0.707106781187,0.707106781187,-6.16948980669E-16)
  );
#4941 = DIRECTION('',(-8.483579446965E-16,-2.413967105779E-17,-1.));
#4942 = ADVANCED_FACE('',(#4943),#4984,.T.);
#4943 = FACE_BOUND('',#4944,.T.);
#4944 = EDGE_LOOP('',(#4945,#4955,#4961,#4962,#4970,#4978));
#4945 = ORIENTED_EDGE('',*,*,#4946,.F.);
#4946 = EDGE_CURVE('',#4947,#4949,#4951,.T.);
#4947 = VERTEX_POINT('',#4948);
#4948 = CARTESIAN_POINT('',(18.382672069407,82.157859312884,
    -148.0079136192));
#4949 = VERTEX_POINT('',#4950);
#4950 = CARTESIAN_POINT('',(17.882672069407,82.364966094071,
    -147.5079136192));
#4951 = LINE('',#4952,#4953);
#4952 = CARTESIAN_POINT('',(18.708039401067,82.023087751358,
    -148.3332809508));
#4953 = VECTOR('',#4954,1.);
#4954 = DIRECTION('',(-0.678598344546,0.281084637715,0.678598344546));
#4955 = ORIENTED_EDGE('',*,*,#4956,.T.);
#4956 = EDGE_CURVE('',#4947,#4924,#4957,.T.);
#4957 = LINE('',#4958,#4959);
#4958 = CARTESIAN_POINT('',(18.382672069407,79.049386915862,
    -144.8994412222));
#4959 = VECTOR('',#4960,1.);
#4960 = DIRECTION('',(-1.445158690347E-15,0.707106781187,-0.707106781187
    ));
#4961 = ORIENTED_EDGE('',*,*,#4923,.F.);
#4962 = ORIENTED_EDGE('',*,*,#4963,.T.);
#4963 = EDGE_CURVE('',#4916,#4964,#4966,.T.);
#4964 = VERTEX_POINT('',#4965);
#4965 = CARTESIAN_POINT('',(15.382672069407,88.900500000004,
    -150.5079136192));
#4966 = LINE('',#4967,#4968);
#4967 = CARTESIAN_POINT('',(12.516293191049,88.900500000004,
    -146.4542417345));
#4968 = VECTOR('',#4969,1.);
#4969 = DIRECTION('',(-0.57735026919,-1.346070545863E-15,0.816496580928)
  );
#4970 = ORIENTED_EDGE('',*,*,#4971,.T.);
#4971 = EDGE_CURVE('',#4964,#4972,#4974,.T.);
#4972 = VERTEX_POINT('',#4973);
#4973 = CARTESIAN_POINT('',(15.382672069407,85.900500000004,
    -147.5079136192));
#4974 = LINE('',#4975,#4976);
#4975 = CARTESIAN_POINT('',(15.382672069407,81.170707259421,
    -142.7781208786));
#4976 = VECTOR('',#4977,1.);
#4977 = DIRECTION('',(1.445158690347E-15,-0.707106781187,0.707106781187)
  );
#4978 = ORIENTED_EDGE('',*,*,#4979,.T.);
#4979 = EDGE_CURVE('',#4972,#4949,#4980,.T.);
#4980 = LINE('',#4981,#4982);
#4981 = CARTESIAN_POINT('',(18.231231075893,81.872029219811,
    -147.5079136192));
#4982 = VECTOR('',#4983,1.);
#4983 = DIRECTION('',(0.57735026919,-0.816496580928,-2.223569005371E-16)
  );
#4984 = PLANE('',#4985);
#4985 = AXIS2_PLACEMENT_3D('',#4986,#4987,#4988);
#4986 = CARTESIAN_POINT('',(16.882672069407,80.110047087642,
    -143.8387810504));
#4987 = DIRECTION('',(0.707106781187,0.5,0.5));
#4988 = DIRECTION('',(0.57735026919,1.387778780781E-16,-0.816496580928)
  );
#4989 = ADVANCED_FACE('',(#4990),#5023,.T.);
#4990 = FACE_BOUND('',#4991,.T.);
#4991 = EDGE_LOOP('',(#4992,#4993,#5001,#5009,#5017));
#4992 = ORIENTED_EDGE('',*,*,#4946,.T.);
#4993 = ORIENTED_EDGE('',*,*,#4994,.T.);
#4994 = EDGE_CURVE('',#4949,#4995,#4997,.T.);
#4995 = VERTEX_POINT('',#4996);
#4996 = CARTESIAN_POINT('',(17.882672069407,64.300660171785,
    -147.5079136192));
#4997 = LINE('',#4998,#4999);
#4998 = CARTESIAN_POINT('',(17.882672069407,65.900500000003,
    -147.5079136192));
#4999 = VECTOR('',#5000,1.);
#5000 = DIRECTION('',(-3.160067373876E-16,-1.,4.303906224502E-16));
#5001 = ORIENTED_EDGE('',*,*,#5002,.F.);
#5002 = EDGE_CURVE('',#5003,#4995,#5005,.T.);
#5003 = VERTEX_POINT('',#5004);
#5004 = CARTESIAN_POINT('',(17.932672069407,64.350660171785,
    -147.5579136192));
#5005 = LINE('',#5006,#5007);
#5006 = CARTESIAN_POINT('',(15.269101465187,61.687089567564,
    -144.894343015));
#5007 = VECTOR('',#5008,1.);
#5008 = DIRECTION('',(-0.57735026919,-0.57735026919,0.57735026919));
#5009 = ORIENTED_EDGE('',*,*,#5010,.F.);
#5010 = EDGE_CURVE('',#5011,#5003,#5013,.T.);
#5011 = VERTEX_POINT('',#5012);
#5012 = CARTESIAN_POINT('',(18.382672069407,63.900660171785,
    -148.0079136192));
#5013 = LINE('',#5014,#5015);
#5014 = CARTESIAN_POINT('',(16.212602219143,66.070730022048,
    -145.8378437689));
#5015 = VECTOR('',#5016,1.);
#5016 = DIRECTION('',(-0.57735026919,0.57735026919,0.57735026919));
#5017 = ORIENTED_EDGE('',*,*,#5018,.T.);
#5018 = EDGE_CURVE('',#5011,#4947,#5019,.T.);
#5019 = LINE('',#5020,#5021);
#5020 = CARTESIAN_POINT('',(18.382672069407,65.900500000003,
    -148.0079136192));
#5021 = VECTOR('',#5022,1.);
#5022 = DIRECTION('',(3.160067373876E-16,1.,-4.303906224502E-16));
#5023 = PLANE('',#5024);
#5024 = AXIS2_PLACEMENT_3D('',#5025,#5026,#5027);
#5025 = CARTESIAN_POINT('',(18.132672069407,65.900500000003,
    -147.7579136192));
#5026 = DIRECTION('',(0.707106781187,8.088160157103E-17,0.707106781187)
  );
#5027 = DIRECTION('',(0.707106781187,-5.974229256103E-18,-0.707106781187
    ));
#5028 = ADVANCED_FACE('',(#5029),#5062,.T.);
#5029 = FACE_BOUND('',#5030,.T.);
#5030 = EDGE_LOOP('',(#5031,#5041,#5049,#5055,#5056));
#5031 = ORIENTED_EDGE('',*,*,#5032,.F.);
#5032 = EDGE_CURVE('',#5033,#5035,#5037,.T.);
#5033 = VERTEX_POINT('',#5034);
#5034 = CARTESIAN_POINT('',(10.682672377284,59.900660171784,
    -143.1079136192));
#5035 = VERTEX_POINT('',#5036);
#5036 = CARTESIAN_POINT('',(10.682672377284,64.300660171784,
    -147.5079136192));
#5037 = LINE('',#5038,#5039);
#5038 = CARTESIAN_POINT('',(10.682672377283,58.347795333567,
    -141.555048781));
#5039 = VECTOR('',#5040,1.);
#5040 = DIRECTION('',(6.222614022401E-14,0.707106781187,-0.707106781187)
  );
#5041 = ORIENTED_EDGE('',*,*,#5042,.F.);
#5042 = EDGE_CURVE('',#5043,#5033,#5045,.T.);
#5043 = VERTEX_POINT('',#5044);
#5044 = CARTESIAN_POINT('',(22.382672069407,59.900660171785,
    -143.1079136192));
#5045 = LINE('',#5046,#5047);
#5046 = CARTESIAN_POINT('',(7.273276889091,59.900660171784,
    -143.1079136192));
#5047 = VECTOR('',#5048,1.);
#5048 = DIRECTION('',(-1.,-6.598548344133E-14,1.080507829852E-15));
#5049 = ORIENTED_EDGE('',*,*,#5050,.T.);
#5050 = EDGE_CURVE('',#5043,#5003,#5051,.T.);
#5051 = LINE('',#5052,#5053);
#5052 = CARTESIAN_POINT('',(22.382672069407,59.900660171785,
    -143.1079136192));
#5053 = VECTOR('',#5054,1.);
#5054 = DIRECTION('',(-0.57735026919,0.57735026919,-0.57735026919));
#5055 = ORIENTED_EDGE('',*,*,#5002,.T.);
#5056 = ORIENTED_EDGE('',*,*,#5057,.T.);
#5057 = EDGE_CURVE('',#4995,#5035,#5058,.T.);
#5058 = LINE('',#5059,#5060);
#5059 = CARTESIAN_POINT('',(2.529540342635,64.300660171784,
    -147.5079136192));
#5060 = VECTOR('',#5061,1.);
#5061 = DIRECTION('',(-1.,-6.59596875289E-14,1.054711917417E-15));
#5062 = PLANE('',#5063);
#5063 = AXIS2_PLACEMENT_3D('',#5064,#5065,#5066);
#5064 = CARTESIAN_POINT('',(4.901408615863,61.900660171784,
    -145.1079136192));
#5065 = DIRECTION('',(-4.589474838762E-14,0.707106781187,0.707106781187)
  );
#5066 = DIRECTION('',(1.,1.313860235175E-17,6.489183700912E-14));
#5067 = ADVANCED_FACE('',(#5068),#5087,.T.);
#5068 = FACE_BOUND('',#5069,.T.);
#5069 = EDGE_LOOP('',(#5070,#5078,#5079,#5080,#5081));
#5070 = ORIENTED_EDGE('',*,*,#5071,.F.);
#5071 = EDGE_CURVE('',#5035,#5072,#5074,.T.);
#5072 = VERTEX_POINT('',#5073);
#5073 = CARTESIAN_POINT('',(10.682672377282,85.900500000004,
    -147.5079136192));
#5074 = LINE('',#5075,#5076);
#5075 = CARTESIAN_POINT('',(10.682672377284,64.900580085893,
    -147.5079136192));
#5076 = VECTOR('',#5077,1.);
#5077 = DIRECTION('',(-6.594837651942E-14,1.,-4.303906224502E-16));
#5078 = ORIENTED_EDGE('',*,*,#5057,.F.);
#5079 = ORIENTED_EDGE('',*,*,#4994,.F.);
#5080 = ORIENTED_EDGE('',*,*,#4979,.F.);
#5081 = ORIENTED_EDGE('',*,*,#5082,.F.);
#5082 = EDGE_CURVE('',#5072,#4972,#5083,.T.);
#5083 = LINE('',#5084,#5085);
#5084 = CARTESIAN_POINT('',(-1.870077930593,85.900500000004,
    -147.5079136192));
#5085 = VECTOR('',#5086,1.);
#5086 = DIRECTION('',(1.,1.387777457292E-16,-1.290593867407E-15));
#5087 = PLANE('',#5088);
#5088 = AXIS2_PLACEMENT_3D('',#5089,#5090,#5091);
#5089 = CARTESIAN_POINT('',(0.157672069407,69.900500000004,
    -147.5079136192));
#5090 = DIRECTION('',(1.054711917417E-15,4.303905695106E-16,1.));
#5091 = DIRECTION('',(1.,-1.257314530902E-22,-1.054711917417E-15));
#5092 = ADVANCED_FACE('',(#5093),#5111,.T.);
#5093 = FACE_BOUND('',#5094,.T.);
#5094 = EDGE_LOOP('',(#5095,#5103,#5104,#5105));
#5095 = ORIENTED_EDGE('',*,*,#5096,.F.);
#5096 = EDGE_CURVE('',#5072,#5097,#5099,.T.);
#5097 = VERTEX_POINT('',#5098);
#5098 = CARTESIAN_POINT('',(10.682672377283,88.900500000004,
    -150.5079136192));
#5099 = LINE('',#5100,#5101);
#5100 = CARTESIAN_POINT('',(10.682672377282,76.597675204732,
    -138.2050888239));
#5101 = VECTOR('',#5102,1.);
#5102 = DIRECTION('',(6.222613177191E-14,0.707106781187,-0.707106781187)
  );
#5103 = ORIENTED_EDGE('',*,*,#5082,.T.);
#5104 = ORIENTED_EDGE('',*,*,#4971,.F.);
#5105 = ORIENTED_EDGE('',*,*,#5106,.F.);
#5106 = EDGE_CURVE('',#5097,#4964,#5107,.T.);
#5107 = LINE('',#5108,#5109);
#5108 = CARTESIAN_POINT('',(-2.883952930593,88.900500000004,
    -150.5079136192));
#5109 = VECTOR('',#5110,1.);
#5110 = DIRECTION('',(1.,1.387777457292E-16,-1.290593867407E-15));
#5111 = PLANE('',#5112);
#5112 = AXIS2_PLACEMENT_3D('',#5113,#5114,#5115);
#5113 = CARTESIAN_POINT('',(-1.870077930593,87.400500000004,
    -149.0079136192));
#5114 = DIRECTION('',(7.346273123799E-16,0.707106781187,0.707106781187)
  );
#5115 = DIRECTION('',(1.,2.869237712117E-17,-1.067612285579E-15));
#5116 = ADVANCED_FACE('',(#5117),#5136,.F.);
#5117 = FACE_BOUND('',#5118,.T.);
#5118 = EDGE_LOOP('',(#5119,#5127,#5128,#5129,#5130));
#5119 = ORIENTED_EDGE('',*,*,#5120,.F.);
#5120 = EDGE_CURVE('',#5097,#5121,#5123,.T.);
#5121 = VERTEX_POINT('',#5122);
#5122 = CARTESIAN_POINT('',(10.682672377285,88.900500000004,
    -164.1887426568));
#5123 = LINE('',#5124,#5125);
#5124 = CARTESIAN_POINT('',(10.682672377282,88.900500000004,
    -145.0425984616));
#5125 = VECTOR('',#5126,1.);
#5126 = DIRECTION('',(1.539324226864E-13,1.550461993274E-15,-1.));
#5127 = ORIENTED_EDGE('',*,*,#5106,.T.);
#5128 = ORIENTED_EDGE('',*,*,#4963,.F.);
#5129 = ORIENTED_EDGE('',*,*,#4915,.F.);
#5130 = ORIENTED_EDGE('',*,*,#5131,.F.);
#5131 = EDGE_CURVE('',#5121,#4894,#5132,.T.);
#5132 = LINE('',#5133,#5134);
#5133 = CARTESIAN_POINT('',(5.192337112351,88.900500000004,
    -164.1887426568));
#5134 = VECTOR('',#5135,1.);
#5135 = DIRECTION('',(1.,1.387779045479E-16,2.98376473424E-15));
#5136 = PLANE('',#5137);
#5137 = AXIS2_PLACEMENT_3D('',#5138,#5139,#5140);
#5138 = CARTESIAN_POINT('',(-3.897827930593,88.900500000004,
    -157.1887426568));
#5139 = DIRECTION('',(1.387778780781E-16,-1.,-1.550461993274E-15));
#5140 = DIRECTION('',(-9.714419254527E-17,1.550461993274E-15,-1.));
#5141 = ADVANCED_FACE('',(#5142),#5160,.T.);
#5142 = FACE_BOUND('',#5143,.T.);
#5143 = EDGE_LOOP('',(#5144,#5152,#5153,#5154));
#5144 = ORIENTED_EDGE('',*,*,#5145,.F.);
#5145 = EDGE_CURVE('',#5121,#5146,#5148,.T.);
#5146 = VERTEX_POINT('',#5147);
#5147 = CARTESIAN_POINT('',(10.682672377286,85.900500000004,
    -167.1887426568));
#5148 = LINE('',#5149,#5150);
#5149 = CARTESIAN_POINT('',(10.682672377285,88.723612140583,
    -164.3656305163));
#5150 = VECTOR('',#5151,1.);
#5151 = DIRECTION('',(1.555292637843E-13,-0.707106781187,-0.707106781187
    ));
#5152 = ORIENTED_EDGE('',*,*,#5131,.T.);
#5153 = ORIENTED_EDGE('',*,*,#4893,.F.);
#5154 = ORIENTED_EDGE('',*,*,#5155,.F.);
#5155 = EDGE_CURVE('',#5146,#4886,#5156,.T.);
#5156 = LINE('',#5157,#5158);
#5157 = CARTESIAN_POINT('',(-11.44995293059,85.900500000004,
    -167.1887426568));
#5158 = VECTOR('',#5159,1.);
#5159 = DIRECTION('',(1.,3.191485414076E-16,1.31843013275E-15));
#5160 = PLANE('',#5161);
#5161 = AXIS2_PLACEMENT_3D('',#5162,#5163,#5164);
#5162 = CARTESIAN_POINT('',(-8.932577930593,87.400500000004,
    -165.6887426568));
#5163 = DIRECTION('',(7.197763747357E-16,0.707106781187,-0.707106781187)
  );
#5164 = DIRECTION('',(-1.,5.097153539021E-17,-9.669459756368E-16));
#5165 = ADVANCED_FACE('',(#5166),#5191,.T.);
#5166 = FACE_BOUND('',#5167,.T.);
#5167 = EDGE_LOOP('',(#5168,#5178,#5184,#5185));
#5168 = ORIENTED_EDGE('',*,*,#5169,.T.);
#5169 = EDGE_CURVE('',#5170,#5172,#5174,.T.);
#5170 = VERTEX_POINT('',#5171);
#5171 = CARTESIAN_POINT('',(10.182672377282,85.693393218817,
    -148.0079136192));
#5172 = VERTEX_POINT('',#5173);
#5173 = CARTESIAN_POINT('',(10.182672377284,64.093553390598,
    -148.0079136192));
#5174 = LINE('',#5175,#5176);
#5175 = CARTESIAN_POINT('',(10.182672377284,64.900580085893,
    -148.0079136192));
#5176 = VECTOR('',#5177,1.);
#5177 = DIRECTION('',(6.594837651942E-14,-1.,4.303906224502E-16));
#5178 = ORIENTED_EDGE('',*,*,#5179,.F.);
#5179 = EDGE_CURVE('',#5035,#5172,#5180,.T.);
#5180 = LINE('',#5181,#5182);
#5181 = CARTESIAN_POINT('',(11.312538978397,64.561559460451,
    -146.8780470181));
#5182 = VECTOR('',#5183,1.);
#5183 = DIRECTION('',(-0.678598344546,-0.281084637715,-0.678598344546));
#5184 = ORIENTED_EDGE('',*,*,#5071,.T.);
#5185 = ORIENTED_EDGE('',*,*,#5186,.F.);
#5186 = EDGE_CURVE('',#5170,#5072,#5187,.T.);
#5187 = LINE('',#5188,#5189);
#5188 = CARTESIAN_POINT('',(10.182672377282,85.693393218817,
    -148.0079136192));
#5189 = VECTOR('',#5190,1.);
#5190 = DIRECTION('',(0.678598344546,0.281084637715,0.678598344546));
#5191 = PLANE('',#5192);
#5192 = AXIS2_PLACEMENT_3D('',#5193,#5194,#5195);
#5193 = CARTESIAN_POINT('',(10.432672377284,64.900580085893,
    -147.7579136192));
#5194 = DIRECTION('',(-0.707106781186,-4.632821219904E-14,0.707106781187
    ));
#5195 = DIRECTION('',(0.707106781187,5.974163471253E-18,0.707106781186)
  );
#5196 = ADVANCED_FACE('',(#5197),#5215,.T.);
#5197 = FACE_BOUND('',#5198,.T.);
#5198 = EDGE_LOOP('',(#5199,#5207,#5208,#5209));
#5199 = ORIENTED_EDGE('',*,*,#5200,.T.);
#5200 = EDGE_CURVE('',#5201,#5170,#5203,.T.);
#5201 = VERTEX_POINT('',#5202);
#5202 = CARTESIAN_POINT('',(10.182672377283,88.400500000004,
    -150.7150204004));
#5203 = LINE('',#5204,#5205);
#5204 = CARTESIAN_POINT('',(10.182672377282,76.244121814138,
    -138.5586422145));
#5205 = VECTOR('',#5206,1.);
#5206 = DIRECTION('',(-6.222613177191E-14,-0.707106781187,0.707106781187
    ));
#5207 = ORIENTED_EDGE('',*,*,#5186,.T.);
#5208 = ORIENTED_EDGE('',*,*,#5096,.T.);
#5209 = ORIENTED_EDGE('',*,*,#5210,.F.);
#5210 = EDGE_CURVE('',#5201,#5097,#5211,.T.);
#5211 = LINE('',#5212,#5213);
#5212 = CARTESIAN_POINT('',(10.182672377283,88.400500000004,
    -150.7150204004));
#5213 = VECTOR('',#5214,1.);
#5214 = DIRECTION('',(0.678598344546,0.678598344546,0.281084637715));
#5215 = PLANE('',#5216);
#5216 = AXIS2_PLACEMENT_3D('',#5217,#5218,#5219);
#5217 = CARTESIAN_POINT('',(10.432672377282,76.420898509435,
    -138.3818655192));
#5218 = DIRECTION('',(-0.707106781186,0.5,0.5));
#5219 = DIRECTION('',(0.57735026919,0.,0.816496580928));
#5220 = ADVANCED_FACE('',(#5221),#5239,.T.);
#5221 = FACE_BOUND('',#5222,.T.);
#5222 = EDGE_LOOP('',(#5223,#5231,#5232,#5233));
#5223 = ORIENTED_EDGE('',*,*,#5224,.T.);
#5224 = EDGE_CURVE('',#5225,#5201,#5227,.T.);
#5225 = VERTEX_POINT('',#5226);
#5226 = CARTESIAN_POINT('',(10.182672377285,88.400500000004,
    -163.9816358757));
#5227 = LINE('',#5228,#5229);
#5228 = CARTESIAN_POINT('',(10.182672377282,88.400500000004,
    -145.0425984616));
#5229 = VECTOR('',#5230,1.);
#5230 = DIRECTION('',(-1.539324226864E-13,-1.550461993274E-15,1.));
#5231 = ORIENTED_EDGE('',*,*,#5210,.T.);
#5232 = ORIENTED_EDGE('',*,*,#5120,.T.);
#5233 = ORIENTED_EDGE('',*,*,#5234,.F.);
#5234 = EDGE_CURVE('',#5225,#5121,#5235,.T.);
#5235 = LINE('',#5236,#5237);
#5236 = CARTESIAN_POINT('',(10.182672377285,88.400500000004,
    -163.9816358757));
#5237 = VECTOR('',#5238,1.);
#5238 = DIRECTION('',(0.678598344546,0.678598344546,-0.281084637715));
#5239 = PLANE('',#5240);
#5240 = AXIS2_PLACEMENT_3D('',#5241,#5242,#5243);
#5241 = CARTESIAN_POINT('',(10.432672377282,88.650500000004,
    -145.0425984616));
#5242 = DIRECTION('',(-0.707106781187,0.707106781187,-1.078042787472E-13
    ));
#5243 = DIRECTION('',(-1.524139671105E-13,4.430597556867E-17,1.));
#5244 = ADVANCED_FACE('',(#5245),#5263,.T.);
#5245 = FACE_BOUND('',#5246,.T.);
#5246 = EDGE_LOOP('',(#5247,#5255,#5256,#5257));
#5247 = ORIENTED_EDGE('',*,*,#5248,.T.);
#5248 = EDGE_CURVE('',#5249,#5225,#5251,.T.);
#5249 = VERTEX_POINT('',#5250);
#5250 = CARTESIAN_POINT('',(10.182672377285,85.693393218817,
    -166.6887426568));
#5251 = LINE('',#5252,#5253);
#5252 = CARTESIAN_POINT('',(10.182672377285,88.37005874999,
    -164.0120771257));
#5253 = VECTOR('',#5254,1.);
#5254 = DIRECTION('',(-1.555292637843E-13,0.707106781187,0.707106781187)
  );
#5255 = ORIENTED_EDGE('',*,*,#5234,.T.);
#5256 = ORIENTED_EDGE('',*,*,#5145,.T.);
#5257 = ORIENTED_EDGE('',*,*,#5258,.F.);
#5258 = EDGE_CURVE('',#5249,#5146,#5259,.T.);
#5259 = LINE('',#5260,#5261);
#5260 = CARTESIAN_POINT('',(10.182672377285,85.693393218817,
    -166.6887426568));
#5261 = VECTOR('',#5262,1.);
#5262 = DIRECTION('',(0.678598344546,0.281084637715,-0.678598344546));
#5263 = PLANE('',#5264);
#5264 = AXIS2_PLACEMENT_3D('',#5265,#5266,#5267);
#5265 = CARTESIAN_POINT('',(10.432672377285,88.546835445287,
    -164.188853821));
#5266 = DIRECTION('',(-0.707106781186,0.5,-0.5));
#5267 = DIRECTION('',(-0.57735026919,4.440892098501E-16,0.816496580928)
  );
#5268 = ADVANCED_FACE('',(#5269),#5303,.T.);
#5269 = FACE_BOUND('',#5270,.T.);
#5270 = EDGE_LOOP('',(#5271,#5281,#5289,#5297));
#5271 = ORIENTED_EDGE('',*,*,#5272,.T.);
#5272 = EDGE_CURVE('',#5273,#5275,#5277,.T.);
#5273 = VERTEX_POINT('',#5274);
#5274 = CARTESIAN_POINT('',(-9.917327968324,64.093553390596,
    -148.0079136192));
#5275 = VERTEX_POINT('',#5276);
#5276 = CARTESIAN_POINT('',(-9.917327968325,85.693393218817,
    -148.0079136192));
#5277 = LINE('',#5278,#5279);
#5278 = CARTESIAN_POINT('',(-9.917327968324,64.900580085891,
    -148.0079136192));
#5279 = VECTOR('',#5280,1.);
#5280 = DIRECTION('',(-6.59825729071E-14,1.,-4.303905695106E-16));
#5281 = ORIENTED_EDGE('',*,*,#5282,.T.);
#5282 = EDGE_CURVE('',#5275,#5283,#5285,.T.);
#5283 = VERTEX_POINT('',#5284);
#5284 = CARTESIAN_POINT('',(-10.41732796832,85.900500000004,
    -147.5079136192));
#5285 = LINE('',#5286,#5287);
#5286 = CARTESIAN_POINT('',(-9.917327968325,85.693393218817,
    -148.0079136192));
#5287 = VECTOR('',#5288,1.);
#5288 = DIRECTION('',(-0.678598344546,0.281084637715,0.678598344546));
#5289 = ORIENTED_EDGE('',*,*,#5290,.T.);
#5290 = EDGE_CURVE('',#5283,#5291,#5293,.T.);
#5291 = VERTEX_POINT('',#5292);
#5292 = CARTESIAN_POINT('',(-10.41732796832,64.300660171783,
    -147.5079136192));
#5293 = LINE('',#5294,#5295);
#5294 = CARTESIAN_POINT('',(-10.41732796832,64.900580085891,
    -147.5079136192));
#5295 = VECTOR('',#5296,1.);
#5296 = DIRECTION('',(6.59825729071E-14,-1.,4.303905695106E-16));
#5297 = ORIENTED_EDGE('',*,*,#5298,.F.);
#5298 = EDGE_CURVE('',#5273,#5291,#5299,.T.);
#5299 = LINE('',#5300,#5301);
#5300 = CARTESIAN_POINT('',(-11.48337156524,64.742229887708,
    -146.4418700223));
#5301 = VECTOR('',#5302,1.);
#5302 = DIRECTION('',(-0.678598344546,0.281084637715,0.678598344546));
#5303 = PLANE('',#5304);
#5304 = AXIS2_PLACEMENT_3D('',#5305,#5306,#5307);
#5305 = CARTESIAN_POINT('',(-10.16732796832,64.900580085891,
    -147.7579136192));
#5306 = DIRECTION('',(0.707106781187,4.696105678558E-14,0.707106781186)
  );
#5307 = DIRECTION('',(0.707106781186,-5.974282195668E-18,-0.707106781187
    ));
#5308 = ADVANCED_FACE('',(#5309),#5334,.T.);
#5309 = FACE_BOUND('',#5310,.T.);
#5310 = EDGE_LOOP('',(#5311,#5319,#5327,#5333));
#5311 = ORIENTED_EDGE('',*,*,#5312,.T.);
#5312 = EDGE_CURVE('',#5275,#5313,#5315,.T.);
#5313 = VERTEX_POINT('',#5314);
#5314 = CARTESIAN_POINT('',(-9.917327968325,88.400500000004,
    -150.7150204004));
#5315 = LINE('',#5316,#5317);
#5316 = CARTESIAN_POINT('',(-9.917327968326,73.010212416249,
    -135.3247328166));
#5317 = VECTOR('',#5318,1.);
#5318 = DIRECTION('',(6.222613177191E-14,0.707106781187,-0.707106781187)
  );
#5319 = ORIENTED_EDGE('',*,*,#5320,.T.);
#5320 = EDGE_CURVE('',#5313,#5321,#5323,.T.);
#5321 = VERTEX_POINT('',#5322);
#5322 = CARTESIAN_POINT('',(-10.41732796832,88.900500000004,
    -150.5079136192));
#5323 = LINE('',#5324,#5325);
#5324 = CARTESIAN_POINT('',(-9.917327968325,88.400500000004,
    -150.7150204004));
#5325 = VECTOR('',#5326,1.);
#5326 = DIRECTION('',(-0.678598344546,0.678598344546,0.281084637715));
#5327 = ORIENTED_EDGE('',*,*,#5328,.T.);
#5328 = EDGE_CURVE('',#5321,#5283,#5329,.T.);
#5329 = LINE('',#5330,#5331);
#5330 = CARTESIAN_POINT('',(-10.41732796832,73.363765806842,
    -134.971179426));
#5331 = VECTOR('',#5332,1.);
#5332 = DIRECTION('',(-6.222613177191E-14,-0.707106781187,0.707106781187
    ));
#5333 = ORIENTED_EDGE('',*,*,#5282,.F.);
#5334 = PLANE('',#5335);
#5335 = AXIS2_PLACEMENT_3D('',#5336,#5337,#5338);
#5336 = CARTESIAN_POINT('',(-10.16732796832,73.186989111546,
    -135.1479561213));
#5337 = DIRECTION('',(0.707106781187,0.5,0.5));
#5338 = DIRECTION('',(0.57735026919,1.665334536938E-16,-0.816496580928)
  );
#5339 = ADVANCED_FACE('',(#5340),#5365,.T.);
#5340 = FACE_BOUND('',#5341,.T.);
#5341 = EDGE_LOOP('',(#5342,#5350,#5358,#5364));
#5342 = ORIENTED_EDGE('',*,*,#5343,.T.);
#5343 = EDGE_CURVE('',#5313,#5344,#5346,.T.);
#5344 = VERTEX_POINT('',#5345);
#5345 = CARTESIAN_POINT('',(-9.917327968323,88.400500000004,
    -163.9816358757));
#5346 = LINE('',#5347,#5348);
#5347 = CARTESIAN_POINT('',(-9.917327968327,88.400500000004,
    -138.5747796658));
#5348 = VECTOR('',#5349,1.);
#5349 = DIRECTION('',(1.539879338376E-13,1.550461993274E-15,-1.));
#5350 = ORIENTED_EDGE('',*,*,#5351,.T.);
#5351 = EDGE_CURVE('',#5344,#5352,#5354,.T.);
#5352 = VERTEX_POINT('',#5353);
#5353 = CARTESIAN_POINT('',(-10.41732796832,88.900500000004,
    -164.1887426568));
#5354 = LINE('',#5355,#5356);
#5355 = CARTESIAN_POINT('',(-9.917327968323,88.400500000004,
    -163.9816358757));
#5356 = VECTOR('',#5357,1.);
#5357 = DIRECTION('',(-0.678598344546,0.678598344546,-0.281084637715));
#5358 = ORIENTED_EDGE('',*,*,#5359,.T.);
#5359 = EDGE_CURVE('',#5352,#5321,#5360,.T.);
#5360 = LINE('',#5361,#5362);
#5361 = CARTESIAN_POINT('',(-10.41732796832,88.900500000004,
    -138.5747796658));
#5362 = VECTOR('',#5363,1.);
#5363 = DIRECTION('',(-1.539879338376E-13,-1.550461993274E-15,1.));
#5364 = ORIENTED_EDGE('',*,*,#5320,.F.);
#5365 = PLANE('',#5366);
#5366 = AXIS2_PLACEMENT_3D('',#5367,#5368,#5369);
#5367 = CARTESIAN_POINT('',(-10.16732796832,88.650500000004,
    -138.5747796658));
#5368 = DIRECTION('',(0.707106781186,0.707106781187,1.099057267039E-13)
  );
#5369 = DIRECTION('',(1.554904320425E-13,-6.026275529073E-17,-1.));
#5370 = ADVANCED_FACE('',(#5371),#5396,.T.);
#5371 = FACE_BOUND('',#5372,.T.);
#5372 = EDGE_LOOP('',(#5373,#5381,#5389,#5395));
#5373 = ORIENTED_EDGE('',*,*,#5374,.T.);
#5374 = EDGE_CURVE('',#5344,#5375,#5377,.T.);
#5375 = VERTEX_POINT('',#5376);
#5376 = CARTESIAN_POINT('',(-9.917327968322,85.693393218817,
    -166.6887426568));
#5377 = LINE('',#5378,#5379);
#5378 = CARTESIAN_POINT('',(-9.917327968323,91.603968147877,
    -160.7781677278));
#5379 = VECTOR('',#5380,1.);
#5380 = DIRECTION('',(1.555292637843E-13,-0.707106781187,-0.707106781187
    ));
#5381 = ORIENTED_EDGE('',*,*,#5382,.T.);
#5382 = EDGE_CURVE('',#5375,#5383,#5385,.T.);
#5383 = VERTEX_POINT('',#5384);
#5384 = CARTESIAN_POINT('',(-10.41732796832,85.900500000004,
    -167.1887426568));
#5385 = LINE('',#5386,#5387);
#5386 = CARTESIAN_POINT('',(-9.917327968322,85.693393218817,
    -166.6887426568));
#5387 = VECTOR('',#5388,1.);
#5388 = DIRECTION('',(-0.678598344546,0.281084637715,-0.678598344546));
#5389 = ORIENTED_EDGE('',*,*,#5390,.T.);
#5390 = EDGE_CURVE('',#5383,#5352,#5391,.T.);
#5391 = LINE('',#5392,#5393);
#5392 = CARTESIAN_POINT('',(-10.41732796832,91.957521538471,
    -161.1317211184));
#5393 = VECTOR('',#5394,1.);
#5394 = DIRECTION('',(-1.555292637843E-13,0.707106781187,0.707106781187)
  );
#5395 = ORIENTED_EDGE('',*,*,#5351,.F.);
#5396 = PLANE('',#5397);
#5397 = AXIS2_PLACEMENT_3D('',#5398,#5399,#5400);
#5398 = CARTESIAN_POINT('',(-10.16732796832,91.780744843174,
    -160.9549444231));
#5399 = DIRECTION('',(0.707106781187,0.5,-0.5));
#5400 = DIRECTION('',(-0.577350269189,3.330669073875E-16,-0.816496580928
    ));
#5401 = ADVANCED_FACE('',(#5402),#5436,.T.);
#5402 = FACE_BOUND('',#5403,.T.);
#5403 = EDGE_LOOP('',(#5404,#5414,#5422,#5430));
#5404 = ORIENTED_EDGE('',*,*,#5405,.T.);
#5405 = EDGE_CURVE('',#5406,#5408,#5410,.T.);
#5406 = VERTEX_POINT('',#5407);
#5407 = CARTESIAN_POINT('',(-18.06732793059,88.400500000004,
    -163.9816358757));
#5408 = VERTEX_POINT('',#5409);
#5409 = CARTESIAN_POINT('',(-18.06732793059,88.400500000004,
    -154.2505543063));
#5410 = LINE('',#5411,#5412);
#5411 = CARTESIAN_POINT('',(-18.06732793059,88.400500000004,
    -161.1887426568));
#5412 = VECTOR('',#5413,1.);
#5413 = DIRECTION('',(2.220445727141E-15,-1.550462046213E-15,1.));
#5414 = ORIENTED_EDGE('',*,*,#5415,.T.);
#5415 = EDGE_CURVE('',#5408,#5416,#5418,.T.);
#5416 = VERTEX_POINT('',#5417);
#5417 = CARTESIAN_POINT('',(-17.56732793059,88.900500000004,
    -154.0434475251));
#5418 = LINE('',#5419,#5420);
#5419 = CARTESIAN_POINT('',(-18.68305366547,87.784774265118,
    -154.5055962564));
#5420 = VECTOR('',#5421,1.);
#5421 = DIRECTION('',(0.678598344546,0.678598344546,0.281084637715));
#5422 = ORIENTED_EDGE('',*,*,#5423,.T.);
#5423 = EDGE_CURVE('',#5416,#5424,#5426,.T.);
#5424 = VERTEX_POINT('',#5425);
#5425 = CARTESIAN_POINT('',(-17.56732793059,88.900500000004,
    -164.1887426568));
#5426 = LINE('',#5427,#5428);
#5427 = CARTESIAN_POINT('',(-17.56732793059,88.900500000004,
    -161.1887426568));
#5428 = VECTOR('',#5429,1.);
#5429 = DIRECTION('',(-2.220445727141E-15,1.550462046213E-15,-1.));
#5430 = ORIENTED_EDGE('',*,*,#5431,.T.);
#5431 = EDGE_CURVE('',#5424,#5406,#5432,.T.);
#5432 = LINE('',#5433,#5434);
#5433 = CARTESIAN_POINT('',(-17.56732793059,88.900500000004,
    -164.1887426568));
#5434 = VECTOR('',#5435,1.);
#5435 = DIRECTION('',(-0.678598344546,-0.678598344546,0.281084637715));
#5436 = PLANE('',#5437);
#5437 = AXIS2_PLACEMENT_3D('',#5438,#5439,#5440);
#5438 = CARTESIAN_POINT('',(-17.81732793059,88.650500000004,
    -161.1887426568));
#5439 = DIRECTION('',(-0.707106781187,0.707106781187,2.662931314208E-15)
  );
#5440 = DIRECTION('',(3.774580455858E-15,8.626875637494E-18,1.));
#5441 = ADVANCED_FACE('',(#5442),#5467,.T.);
#5442 = FACE_BOUND('',#5443,.T.);
#5443 = EDGE_LOOP('',(#5444,#5452,#5453,#5461));
#5444 = ORIENTED_EDGE('',*,*,#5445,.T.);
#5445 = EDGE_CURVE('',#5446,#5406,#5448,.T.);
#5446 = VERTEX_POINT('',#5447);
#5447 = CARTESIAN_POINT('',(-18.06732793059,85.693393218817,
    -166.6887426568));
#5448 = LINE('',#5449,#5450);
#5449 = CARTESIAN_POINT('',(-18.06732793059,80.79694660941,
    -171.5851892663));
#5450 = VECTOR('',#5451,1.);
#5451 = DIRECTION('',(1.345249595221E-15,0.707106781187,0.707106781187)
  );
#5452 = ORIENTED_EDGE('',*,*,#5431,.F.);
#5453 = ORIENTED_EDGE('',*,*,#5454,.T.);
#5454 = EDGE_CURVE('',#5424,#5455,#5457,.T.);
#5455 = VERTEX_POINT('',#5456);
#5456 = CARTESIAN_POINT('',(-17.56732793059,85.900500000004,
    -167.1887426568));
#5457 = LINE('',#5458,#5459);
#5458 = CARTESIAN_POINT('',(-17.56732793059,81.150500000004,
    -171.9387426568));
#5459 = VECTOR('',#5460,1.);
#5460 = DIRECTION('',(-1.345249595221E-15,-0.707106781187,
    -0.707106781187));
#5461 = ORIENTED_EDGE('',*,*,#5462,.T.);
#5462 = EDGE_CURVE('',#5455,#5446,#5463,.T.);
#5463 = LINE('',#5464,#5465);
#5464 = CARTESIAN_POINT('',(-17.56732793059,85.900500000004,
    -167.1887426568));
#5465 = VECTOR('',#5466,1.);
#5466 = DIRECTION('',(-0.678598344546,-0.281084637715,0.678598344546));
#5467 = PLANE('',#5468);
#5468 = AXIS2_PLACEMENT_3D('',#5469,#5470,#5471);
#5469 = CARTESIAN_POINT('',(-17.81732793059,80.973723304707,
    -171.7619659616));
#5470 = DIRECTION('',(-0.707106781187,0.5,-0.5));
#5471 = DIRECTION('',(-0.57735026919,-3.053113317719E-16,0.816496580928)
  );
#5472 = ADVANCED_FACE('',(#5473),#5489,.T.);
#5473 = FACE_BOUND('',#5474,.T.);
#5474 = EDGE_LOOP('',(#5475,#5476,#5482,#5483));
#5475 = ORIENTED_EDGE('',*,*,#5390,.F.);
#5476 = ORIENTED_EDGE('',*,*,#5477,.T.);
#5477 = EDGE_CURVE('',#5383,#5455,#5478,.T.);
#5478 = LINE('',#5479,#5480);
#5479 = CARTESIAN_POINT('',(-8.932577930593,85.900500000004,
    -167.1887426568));
#5480 = VECTOR('',#5481,1.);
#5481 = DIRECTION('',(-1.,-1.387778780781E-16,-1.096385592377E-15));
#5482 = ORIENTED_EDGE('',*,*,#5454,.F.);
#5483 = ORIENTED_EDGE('',*,*,#5484,.T.);
#5484 = EDGE_CURVE('',#5424,#5352,#5485,.T.);
#5485 = LINE('',#5486,#5487);
#5486 = CARTESIAN_POINT('',(-8.932577930593,88.900500000004,
    -164.1887426568));
#5487 = VECTOR('',#5488,1.);
#5488 = DIRECTION('',(1.,1.387778780781E-16,1.096385592377E-15));
#5489 = PLANE('',#5490);
#5490 = AXIS2_PLACEMENT_3D('',#5491,#5492,#5493);
#5491 = CARTESIAN_POINT('',(-8.932577930593,87.400500000004,
    -165.6887426568));
#5492 = DIRECTION('',(7.197763747357E-16,0.707106781187,-0.707106781187)
  );
#5493 = DIRECTION('',(-1.,5.097153539021E-17,-9.669459756368E-16));
#5494 = ADVANCED_FACE('',(#5495),#5514,.F.);
#5495 = FACE_BOUND('',#5496,.T.);
#5496 = EDGE_LOOP('',(#5497,#5498,#5499,#5500,#5508));
#5497 = ORIENTED_EDGE('',*,*,#5359,.F.);
#5498 = ORIENTED_EDGE('',*,*,#5484,.F.);
#5499 = ORIENTED_EDGE('',*,*,#5423,.F.);
#5500 = ORIENTED_EDGE('',*,*,#5501,.F.);
#5501 = EDGE_CURVE('',#5502,#5416,#5504,.T.);
#5502 = VERTEX_POINT('',#5503);
#5503 = CARTESIAN_POINT('',(-15.06732793059,88.900500000004,
    -150.5079136192));
#5504 = LINE('',#5505,#5506);
#5505 = CARTESIAN_POINT('',(-14.49559142715,88.900500000004,
    -149.6993561019));
#5506 = VECTOR('',#5507,1.);
#5507 = DIRECTION('',(-0.57735026919,1.185823715863E-15,-0.816496580928)
  );
#5508 = ORIENTED_EDGE('',*,*,#5509,.T.);
#5509 = EDGE_CURVE('',#5502,#5321,#5510,.T.);
#5510 = LINE('',#5511,#5512);
#5511 = CARTESIAN_POINT('',(-2.883952930593,88.900500000004,
    -150.5079136192));
#5512 = VECTOR('',#5513,1.);
#5513 = DIRECTION('',(1.,1.387777457292E-16,-1.290593867407E-15));
#5514 = PLANE('',#5515);
#5515 = AXIS2_PLACEMENT_3D('',#5516,#5517,#5518);
#5516 = CARTESIAN_POINT('',(-3.897827930593,88.900500000004,
    -157.1887426568));
#5517 = DIRECTION('',(1.387778780781E-16,-1.,-1.550461993274E-15));
#5518 = DIRECTION('',(-9.714419254527E-17,1.550461993274E-15,-1.));
#5519 = ADVANCED_FACE('',(#5520),#5554,.T.);
#5520 = FACE_BOUND('',#5521,.T.);
#5521 = EDGE_LOOP('',(#5522,#5523,#5531,#5539,#5547,#5553));
#5522 = ORIENTED_EDGE('',*,*,#5415,.F.);
#5523 = ORIENTED_EDGE('',*,*,#5524,.T.);
#5524 = EDGE_CURVE('',#5408,#5525,#5527,.T.);
#5525 = VERTEX_POINT('',#5526);
#5526 = CARTESIAN_POINT('',(-18.06732793059,82.157859312884,
    -148.0079136192));
#5527 = LINE('',#5528,#5529);
#5528 = CARTESIAN_POINT('',(-18.06732793059,83.049386915861,
    -148.8994412222));
#5529 = VECTOR('',#5530,1.);
#5530 = DIRECTION('',(1.778225597735E-15,-0.707106781187,0.707106781187)
  );
#5531 = ORIENTED_EDGE('',*,*,#5532,.F.);
#5532 = EDGE_CURVE('',#5533,#5525,#5535,.T.);
#5533 = VERTEX_POINT('',#5534);
#5534 = CARTESIAN_POINT('',(-17.56732793059,82.364966094071,
    -147.5079136192));
#5535 = LINE('',#5536,#5537);
#5536 = CARTESIAN_POINT('',(-18.93219954903,81.799617758815,
    -148.8727852376));
#5537 = VECTOR('',#5538,1.);
#5538 = DIRECTION('',(-0.678598344546,-0.281084637715,-0.678598344546));
#5539 = ORIENTED_EDGE('',*,*,#5540,.T.);
#5540 = EDGE_CURVE('',#5533,#5541,#5543,.T.);
#5541 = VERTEX_POINT('',#5542);
#5542 = CARTESIAN_POINT('',(-15.06732793059,85.900500000004,
    -147.5079136192));
#5543 = LINE('',#5544,#5545);
#5544 = CARTESIAN_POINT('',(-16.97307789549,83.205362553145,
    -147.5079136192));
#5545 = VECTOR('',#5546,1.);
#5546 = DIRECTION('',(0.57735026919,0.816496580928,-8.794816252936E-16)
  );
#5547 = ORIENTED_EDGE('',*,*,#5548,.T.);
#5548 = EDGE_CURVE('',#5541,#5502,#5549,.T.);
#5549 = LINE('',#5550,#5551);
#5550 = CARTESIAN_POINT('',(-15.06732793059,85.170707259421,
    -146.7781208786));
#5551 = VECTOR('',#5552,1.);
#5552 = DIRECTION('',(-1.778225597735E-15,0.707106781187,-0.707106781187
    ));
#5553 = ORIENTED_EDGE('',*,*,#5501,.T.);
#5554 = PLANE('',#5555);
#5555 = AXIS2_PLACEMENT_3D('',#5556,#5557,#5558);
#5556 = CARTESIAN_POINT('',(-16.56732793059,84.110047087641,
    -147.8387810504));
#5557 = DIRECTION('',(-0.707106781187,0.5,0.5));
#5558 = DIRECTION('',(0.57735026919,1.387778780781E-16,0.816496580928));
#5559 = ADVANCED_FACE('',(#5560),#5593,.T.);
#5560 = FACE_BOUND('',#5561,.T.);
#5561 = EDGE_LOOP('',(#5562,#5563,#5571,#5579,#5587));
#5562 = ORIENTED_EDGE('',*,*,#5532,.T.);
#5563 = ORIENTED_EDGE('',*,*,#5564,.T.);
#5564 = EDGE_CURVE('',#5525,#5565,#5567,.T.);
#5565 = VERTEX_POINT('',#5566);
#5566 = CARTESIAN_POINT('',(-18.06732793059,63.900660171782,
    -148.0079136192));
#5567 = LINE('',#5568,#5569);
#5568 = CARTESIAN_POINT('',(-18.06732793059,65.900500000003,
    -148.0079136192));
#5569 = VECTOR('',#5570,1.);
#5570 = DIRECTION('',(3.160064726898E-16,-1.,4.303906224502E-16));
#5571 = ORIENTED_EDGE('',*,*,#5572,.F.);
#5572 = EDGE_CURVE('',#5573,#5565,#5575,.T.);
#5573 = VERTEX_POINT('',#5574);
#5574 = CARTESIAN_POINT('',(-17.61732793059,64.350660171782,
    -147.5579136192));
#5575 = LINE('',#5576,#5577);
#5576 = CARTESIAN_POINT('',(-17.23059141366,64.737396688713,
    -147.1711771022));
#5577 = VECTOR('',#5578,1.);
#5578 = DIRECTION('',(-0.57735026919,-0.57735026919,-0.57735026919));
#5579 = ORIENTED_EDGE('',*,*,#5580,.F.);
#5580 = EDGE_CURVE('',#5581,#5573,#5583,.T.);
#5581 = VERTEX_POINT('',#5582);
#5582 = CARTESIAN_POINT('',(-17.56732793059,64.300660171782,
    -147.5079136192));
#5583 = LINE('',#5584,#5585);
#5584 = CARTESIAN_POINT('',(-13.37251181088,60.105844052077,
    -143.3130974995));
#5585 = VECTOR('',#5586,1.);
#5586 = DIRECTION('',(-0.57735026919,0.57735026919,-0.57735026919));
#5587 = ORIENTED_EDGE('',*,*,#5588,.T.);
#5588 = EDGE_CURVE('',#5581,#5533,#5589,.T.);
#5589 = LINE('',#5590,#5591);
#5590 = CARTESIAN_POINT('',(-17.56732793059,65.900500000003,
    -147.5079136192));
#5591 = VECTOR('',#5592,1.);
#5592 = DIRECTION('',(-3.160064726898E-16,1.,-4.303906224502E-16));
#5593 = PLANE('',#5594);
#5594 = AXIS2_PLACEMENT_3D('',#5595,#5596,#5597);
#5595 = CARTESIAN_POINT('',(-17.81732793059,65.900500000003,
    -147.7579136192));
#5596 = DIRECTION('',(-0.707106781187,8.088179970477E-17,0.707106781187)
  );
#5597 = DIRECTION('',(0.707106781187,5.974163471253E-18,0.707106781187)
  );
#5598 = ADVANCED_FACE('',(#5599),#5616,.T.);
#5599 = FACE_BOUND('',#5600,.T.);
#5600 = EDGE_LOOP('',(#5601,#5602,#5608,#5609,#5610));
#5601 = ORIENTED_EDGE('',*,*,#5290,.F.);
#5602 = ORIENTED_EDGE('',*,*,#5603,.T.);
#5603 = EDGE_CURVE('',#5283,#5541,#5604,.T.);
#5604 = LINE('',#5605,#5606);
#5605 = CARTESIAN_POINT('',(-0.856202930593,85.900500000004,
    -147.5079136192));
#5606 = VECTOR('',#5607,1.);
#5607 = DIRECTION('',(-1.,4.159291760021E-17,1.06854919793E-15));
#5608 = ORIENTED_EDGE('',*,*,#5540,.F.);
#5609 = ORIENTED_EDGE('',*,*,#5588,.F.);
#5610 = ORIENTED_EDGE('',*,*,#5611,.F.);
#5611 = EDGE_CURVE('',#5291,#5581,#5612,.T.);
#5612 = LINE('',#5613,#5614);
#5613 = CARTESIAN_POINT('',(2.529540342635,64.300660171784,
    -147.5079136192));
#5614 = VECTOR('',#5615,1.);
#5615 = DIRECTION('',(-1.,-6.59596875289E-14,1.054711917417E-15));
#5616 = PLANE('',#5617);
#5617 = AXIS2_PLACEMENT_3D('',#5618,#5619,#5620);
#5618 = CARTESIAN_POINT('',(0.157672069407,69.900500000004,
    -147.5079136192));
#5619 = DIRECTION('',(1.054711917417E-15,4.303905695106E-16,1.));
#5620 = DIRECTION('',(1.,-1.257314530902E-22,-1.054711917417E-15));
#5621 = ADVANCED_FACE('',(#5622),#5648,.T.);
#5622 = FACE_BOUND('',#5623,.T.);
#5623 = EDGE_LOOP('',(#5624,#5632,#5633,#5634,#5642));
#5624 = ORIENTED_EDGE('',*,*,#5625,.F.);
#5625 = EDGE_CURVE('',#5291,#5626,#5628,.T.);
#5626 = VERTEX_POINT('',#5627);
#5627 = CARTESIAN_POINT('',(-10.41732796832,59.900660171782,
    -143.1079136192));
#5628 = LINE('',#5629,#5630);
#5629 = CARTESIAN_POINT('',(-10.41732796832,55.113885935677,
    -138.3211393831));
#5630 = VECTOR('',#5631,1.);
#5631 = DIRECTION('',(-6.222614022401E-14,-0.707106781187,0.707106781187
    ));
#5632 = ORIENTED_EDGE('',*,*,#5611,.T.);
#5633 = ORIENTED_EDGE('',*,*,#5580,.T.);
#5634 = ORIENTED_EDGE('',*,*,#5635,.F.);
#5635 = EDGE_CURVE('',#5636,#5573,#5638,.T.);
#5636 = VERTEX_POINT('',#5637);
#5637 = CARTESIAN_POINT('',(-22.06732793059,59.900660171782,
    -143.1079136192));
#5638 = LINE('',#5639,#5640);
#5639 = CARTESIAN_POINT('',(-22.06732793059,59.900660171782,
    -143.1079136192));
#5640 = VECTOR('',#5641,1.);
#5641 = DIRECTION('',(0.57735026919,0.57735026919,-0.57735026919));
#5642 = ORIENTED_EDGE('',*,*,#5643,.F.);
#5643 = EDGE_CURVE('',#5626,#5636,#5644,.T.);
#5644 = LINE('',#5645,#5646);
#5645 = CARTESIAN_POINT('',(7.273276889091,59.900660171784,
    -143.1079136192));
#5646 = VECTOR('',#5647,1.);
#5647 = DIRECTION('',(-1.,-6.598548344133E-14,1.080507829852E-15));
#5648 = PLANE('',#5649);
#5649 = AXIS2_PLACEMENT_3D('',#5650,#5651,#5652);
#5650 = CARTESIAN_POINT('',(4.901408615863,61.900660171784,
    -145.1079136192));
#5651 = DIRECTION('',(-4.589474838762E-14,0.707106781187,0.707106781187)
  );
#5652 = DIRECTION('',(1.,1.313860235175E-17,6.489183700912E-14));
#5653 = ADVANCED_FACE('',(#5654),#5660,.T.);
#5654 = FACE_BOUND('',#5655,.T.);
#5655 = EDGE_LOOP('',(#5656,#5657,#5658,#5659));
#5656 = ORIENTED_EDGE('',*,*,#5328,.F.);
#5657 = ORIENTED_EDGE('',*,*,#5509,.F.);
#5658 = ORIENTED_EDGE('',*,*,#5548,.F.);
#5659 = ORIENTED_EDGE('',*,*,#5603,.F.);
#5660 = PLANE('',#5661);
#5661 = AXIS2_PLACEMENT_3D('',#5662,#5663,#5664);
#5662 = CARTESIAN_POINT('',(-1.870077930593,87.400500000004,
    -149.0079136192));
#5663 = DIRECTION('',(7.346273123799E-16,0.707106781187,0.707106781187)
  );
#5664 = DIRECTION('',(1.,2.869237712117E-17,-1.067612285579E-15));
#5665 = ADVANCED_FACE('',(#5666),#5693,.F.);
#5666 = FACE_BOUND('',#5667,.F.);
#5667 = EDGE_LOOP('',(#5668,#5678,#5685,#5686));
#5668 = ORIENTED_EDGE('',*,*,#5669,.T.);
#5669 = EDGE_CURVE('',#5670,#5672,#5674,.T.);
#5670 = VERTEX_POINT('',#5671);
#5671 = CARTESIAN_POINT('',(-14.56732793059,73.454133476488,
    -157.9840752551));
#5672 = VERTEX_POINT('',#5673);
#5673 = CARTESIAN_POINT('',(-15.06732793059,73.954133476488,
    -157.9840752551));
#5674 = LINE('',#5675,#5676);
#5675 = CARTESIAN_POINT('',(-14.81732793059,73.704133476488,
    -157.9840752551));
#5676 = VECTOR('',#5677,1.);
#5677 = DIRECTION('',(-0.707106781187,0.707106781187,-3.777295076948E-16
    ));
#5678 = ORIENTED_EDGE('',*,*,#5679,.F.);
#5679 = EDGE_CURVE('',#5672,#5672,#5680,.T.);
#5680 = CIRCLE('',#5681,3.2);
#5681 = AXIS2_PLACEMENT_3D('',#5682,#5683,#5684);
#5682 = CARTESIAN_POINT('',(-15.06732793059,70.754133476488,
    -157.9840752551));
#5683 = DIRECTION('',(-1.,-8.260613114528E-16,1.072748986585E-14));
#5684 = DIRECTION('',(8.260613114528E-16,-1.,3.700517490334E-16));
#5685 = ORIENTED_EDGE('',*,*,#5669,.F.);
#5686 = ORIENTED_EDGE('',*,*,#5687,.F.);
#5687 = EDGE_CURVE('',#5670,#5670,#5688,.T.);
#5688 = CIRCLE('',#5689,2.7);
#5689 = AXIS2_PLACEMENT_3D('',#5690,#5691,#5692);
#5690 = CARTESIAN_POINT('',(-14.56732793059,70.754133476488,
    -157.9840752551));
#5691 = DIRECTION('',(1.,8.260613114528E-16,-1.072748986585E-14));
#5692 = DIRECTION('',(8.260613114528E-16,-1.,3.700517873288E-16));
#5693 = CONICAL_SURFACE('',#5694,2.95,0.785398163397);
#5694 = AXIS2_PLACEMENT_3D('',#5695,#5696,#5697);
#5695 = CARTESIAN_POINT('',(-14.81732793059,70.754133476488,
    -157.9840752551));
#5696 = DIRECTION('',(-1.,-2.572463363641E-39,-4.167376864946E-17));
#5697 = DIRECTION('',(-1.542144820059E-32,-1.,3.700517441264E-16));
#5698 = ADVANCED_FACE('',(#5699,#5710),#5713,.T.);
#5699 = FACE_BOUND('',#5700,.T.);
#5700 = EDGE_LOOP('',(#5701));
#5701 = ORIENTED_EDGE('',*,*,#5702,.F.);
#5702 = EDGE_CURVE('',#5703,#5703,#5705,.T.);
#5703 = VERTEX_POINT('',#5704);
#5704 = CARTESIAN_POINT('',(-15.06732793059,75.754133476488,
    -157.9840752551));
#5705 = CIRCLE('',#5706,5.);
#5706 = AXIS2_PLACEMENT_3D('',#5707,#5708,#5709);
#5707 = CARTESIAN_POINT('',(-15.06732793059,70.754133476488,
    -157.9840752551));
#5708 = DIRECTION('',(1.,8.260613114528E-16,-1.072748986585E-14));
#5709 = DIRECTION('',(8.260613114528E-16,-1.,3.700517539965E-16));
#5710 = FACE_BOUND('',#5711,.T.);
#5711 = EDGE_LOOP('',(#5712));
#5712 = ORIENTED_EDGE('',*,*,#5679,.F.);
#5713 = PLANE('',#5714);
#5714 = AXIS2_PLACEMENT_3D('',#5715,#5716,#5717);
#5715 = CARTESIAN_POINT('',(-15.06732793059,70.754133476488,
    -157.9840752551));
#5716 = DIRECTION('',(-1.,-8.260613114528E-16,1.072748986585E-14));
#5717 = DIRECTION('',(8.260613114528E-16,-1.,3.70051806936E-16));
#5718 = ADVANCED_FACE('',(#5719),#5738,.F.);
#5719 = FACE_BOUND('',#5720,.F.);
#5720 = EDGE_LOOP('',(#5721,#5729,#5736,#5737));
#5721 = ORIENTED_EDGE('',*,*,#5722,.T.);
#5722 = EDGE_CURVE('',#5670,#5723,#5725,.T.);
#5723 = VERTEX_POINT('',#5724);
#5724 = CARTESIAN_POINT('',(-9.917327930593,73.454133476488,
    -157.9840752551));
#5725 = LINE('',#5726,#5727);
#5726 = CARTESIAN_POINT('',(-18.06732793059,73.454133476488,
    -157.9840752551));
#5727 = VECTOR('',#5728,1.);
#5728 = DIRECTION('',(1.,8.881784197001E-16,-1.061646758562E-14));
#5729 = ORIENTED_EDGE('',*,*,#5730,.T.);
#5730 = EDGE_CURVE('',#5723,#5723,#5731,.T.);
#5731 = CIRCLE('',#5732,2.7);
#5732 = AXIS2_PLACEMENT_3D('',#5733,#5734,#5735);
#5733 = CARTESIAN_POINT('',(-9.917327930593,70.754133476488,
    -157.9840752551));
#5734 = DIRECTION('',(-1.,-2.081668171172E-16,2.234283506332E-15));
#5735 = DIRECTION('',(2.081668171172E-16,-1.,3.700517873288E-16));
#5736 = ORIENTED_EDGE('',*,*,#5722,.F.);
#5737 = ORIENTED_EDGE('',*,*,#5687,.T.);
#5738 = CYLINDRICAL_SURFACE('',#5739,2.7);
#5739 = AXIS2_PLACEMENT_3D('',#5740,#5741,#5742);
#5740 = CARTESIAN_POINT('',(-18.06732793059,70.754133476488,
    -157.9840752551));
#5741 = DIRECTION('',(1.,8.881784197001E-16,-1.061646758562E-14));
#5742 = DIRECTION('',(8.881784197001E-16,-1.,3.700517873288E-16));
#5743 = ADVANCED_FACE('',(#5744),#5771,.F.);
#5744 = FACE_BOUND('',#5745,.F.);
#5745 = EDGE_LOOP('',(#5746,#5756,#5763,#5764));
#5746 = ORIENTED_EDGE('',*,*,#5747,.T.);
#5747 = EDGE_CURVE('',#5748,#5750,#5752,.T.);
#5748 = VERTEX_POINT('',#5749);
#5749 = CARTESIAN_POINT('',(-17.56732793059,75.754133476488,
    -157.9840752551));
#5750 = VERTEX_POINT('',#5751);
#5751 = CARTESIAN_POINT('',(-18.06732793059,76.254133476488,
    -157.9840752551));
#5752 = LINE('',#5753,#5754);
#5753 = CARTESIAN_POINT('',(-17.81732793059,76.004133476488,
    -157.9840752551));
#5754 = VECTOR('',#5755,1.);
#5755 = DIRECTION('',(-0.707106781187,0.707106781186,-3.777295164566E-16
    ));
#5756 = ORIENTED_EDGE('',*,*,#5757,.F.);
#5757 = EDGE_CURVE('',#5750,#5750,#5758,.T.);
#5758 = CIRCLE('',#5759,5.5);
#5759 = AXIS2_PLACEMENT_3D('',#5760,#5761,#5762);
#5760 = CARTESIAN_POINT('',(-18.06732793059,70.754133476488,
    -157.9840752551));
#5761 = DIRECTION('',(-1.,-3.160066050387E-16,2.234283544926E-15));
#5762 = DIRECTION('',(3.160066050387E-16,-1.,3.700518550629E-16));
#5763 = ORIENTED_EDGE('',*,*,#5747,.F.);
#5764 = ORIENTED_EDGE('',*,*,#5765,.F.);
#5765 = EDGE_CURVE('',#5748,#5748,#5766,.T.);
#5766 = CIRCLE('',#5767,5.);
#5767 = AXIS2_PLACEMENT_3D('',#5768,#5769,#5770);
#5768 = CARTESIAN_POINT('',(-17.56732793059,70.754133476488,
    -157.9840752551));
#5769 = DIRECTION('',(1.,3.160066050387E-16,-2.234283544926E-15));
#5770 = DIRECTION('',(3.160066050387E-16,-1.,3.700517539965E-16));
#5771 = CONICAL_SURFACE('',#5772,5.25,0.785398163397);
#5772 = AXIS2_PLACEMENT_3D('',#5773,#5774,#5775);
#5773 = CARTESIAN_POINT('',(-17.81732793059,70.754133476488,
    -157.9840752551));
#5774 = DIRECTION('',(-1.,-2.572463363641E-39,-4.167376864946E-17));
#5775 = DIRECTION('',(-1.542144871697E-32,-1.,3.700517565174E-16));
#5776 = ADVANCED_FACE('',(#5777),#5788,.F.);
#5777 = FACE_BOUND('',#5778,.F.);
#5778 = EDGE_LOOP('',(#5779,#5785,#5786,#5787));
#5779 = ORIENTED_EDGE('',*,*,#5780,.T.);
#5780 = EDGE_CURVE('',#5748,#5703,#5781,.T.);
#5781 = LINE('',#5782,#5783);
#5782 = CARTESIAN_POINT('',(-18.06732793059,75.754133476488,
    -157.9840752551));
#5783 = VECTOR('',#5784,1.);
#5784 = DIRECTION('',(1.,-6.321944860805E-37,-1.183771259484E-14));
#5785 = ORIENTED_EDGE('',*,*,#5702,.F.);
#5786 = ORIENTED_EDGE('',*,*,#5780,.F.);
#5787 = ORIENTED_EDGE('',*,*,#5765,.T.);
#5788 = CYLINDRICAL_SURFACE('',#5789,5.);
#5789 = AXIS2_PLACEMENT_3D('',#5790,#5791,#5792);
#5790 = CARTESIAN_POINT('',(-18.06732793059,70.754133476488,
    -157.9840752551));
#5791 = DIRECTION('',(1.,-6.321944860805E-37,-1.183771259484E-14));
#5792 = DIRECTION('',(4.380565676832E-30,-1.,3.700517539965E-16));
#5793 = ADVANCED_FACE('',(#5794),#5830,.F.);
#5794 = FACE_BOUND('',#5795,.F.);
#5795 = EDGE_LOOP('',(#5796,#5806,#5813,#5814,#5823));
#5796 = ORIENTED_EDGE('',*,*,#5797,.T.);
#5797 = EDGE_CURVE('',#5798,#5800,#5802,.T.);
#5798 = VERTEX_POINT('',#5799);
#5799 = CARTESIAN_POINT('',(-34.94742990849,55.200632905034,
    -108.5812359191));
#5800 = VERTEX_POINT('',#5801);
#5801 = CARTESIAN_POINT('',(-35.14742990849,55.600632905034,
    -108.2348257576));
#5802 = LINE('',#5803,#5804);
#5803 = CARTESIAN_POINT('',(-35.04742990849,55.400632905034,
    -108.4080308383));
#5804 = VECTOR('',#5805,1.);
#5805 = DIRECTION('',(-0.353553390593,0.707106781187,0.612372435696));
#5806 = ORIENTED_EDGE('',*,*,#5807,.F.);
#5807 = EDGE_CURVE('',#5800,#5800,#5808,.T.);
#5808 = CIRCLE('',#5809,3.1);
#5809 = AXIS2_PLACEMENT_3D('',#5810,#5811,#5812);
#5810 = CARTESIAN_POINT('',(-33.59742990849,55.600632905034,
    -110.9195045093));
#5811 = DIRECTION('',(-4.446639038409E-14,1.,7.670402878392E-14));
#5812 = DIRECTION('',(0.5,8.866083269153E-14,-0.866025403784));
#5813 = ORIENTED_EDGE('',*,*,#5797,.F.);
#5814 = ORIENTED_EDGE('',*,*,#5815,.F.);
#5815 = EDGE_CURVE('',#5816,#5798,#5818,.T.);
#5816 = VERTEX_POINT('',#5817);
#5817 = CARTESIAN_POINT('',(-32.24742990849,55.200632905035,
    -113.2577730995));
#5818 = CIRCLE('',#5819,2.7);
#5819 = AXIS2_PLACEMENT_3D('',#5820,#5821,#5822);
#5820 = CARTESIAN_POINT('',(-33.59742990849,55.200632905034,
    -110.9195045093));
#5821 = DIRECTION('',(4.446639038409E-14,-1.,-7.670402878392E-14));
#5822 = DIRECTION('',(0.5,8.866083269153E-14,-0.866025403784));
#5823 = ORIENTED_EDGE('',*,*,#5824,.F.);
#5824 = EDGE_CURVE('',#5798,#5816,#5825,.T.);
#5825 = CIRCLE('',#5826,2.7);
#5826 = AXIS2_PLACEMENT_3D('',#5827,#5828,#5829);
#5827 = CARTESIAN_POINT('',(-33.59742990849,55.200632905034,
    -110.9195045093));
#5828 = DIRECTION('',(4.446639038409E-14,-1.,-7.670402878392E-14));
#5829 = DIRECTION('',(0.5,8.866083269153E-14,-0.866025403784));
#5830 = CONICAL_SURFACE('',#5831,2.9,0.785398163397);
#5831 = AXIS2_PLACEMENT_3D('',#5832,#5833,#5834);
#5832 = CARTESIAN_POINT('',(-33.59742990849,55.400632905034,
    -110.9195045093));
#5833 = DIRECTION('',(-4.440892101149E-14,1.,8.88178419171E-14));
#5834 = DIRECTION('',(0.5,9.912296791527E-14,-0.866025403784));
#5835 = ADVANCED_FACE('',(#5836),#5863,.F.);
#5836 = FACE_BOUND('',#5837,.F.);
#5837 = EDGE_LOOP('',(#5838,#5848,#5855,#5856));
#5838 = ORIENTED_EDGE('',*,*,#5839,.T.);
#5839 = EDGE_CURVE('',#5840,#5842,#5844,.T.);
#5840 = VERTEX_POINT('',#5841);
#5841 = CARTESIAN_POINT('',(22.337354281329,55.200632905032,
    -136.4554971942));
#5842 = VERTEX_POINT('',#5843);
#5843 = CARTESIAN_POINT('',(22.683764442843,55.600632905032,
    -136.6554971942));
#5844 = LINE('',#5845,#5846);
#5845 = CARTESIAN_POINT('',(22.510559362086,55.400632905032,
    -136.5554971942));
#5846 = VECTOR('',#5847,1.);
#5847 = DIRECTION('',(0.612372435696,0.707106781187,-0.353553390593));
#5848 = ORIENTED_EDGE('',*,*,#5849,.F.);
#5849 = EDGE_CURVE('',#5842,#5842,#5850,.T.);
#5850 = CIRCLE('',#5851,3.1);
#5851 = AXIS2_PLACEMENT_3D('',#5852,#5853,#5854);
#5852 = CARTESIAN_POINT('',(19.999085691112,55.600632905032,
    -135.1054971942));
#5853 = DIRECTION('',(3.166322785619E-14,1.,7.670402873098E-14));
#5854 = DIRECTION('',(-0.866025403784,-1.093085467622E-14,0.5));
#5855 = ORIENTED_EDGE('',*,*,#5839,.F.);
#5856 = ORIENTED_EDGE('',*,*,#5857,.F.);
#5857 = EDGE_CURVE('',#5840,#5840,#5858,.T.);
#5858 = CIRCLE('',#5859,2.7);
#5859 = AXIS2_PLACEMENT_3D('',#5860,#5861,#5862);
#5860 = CARTESIAN_POINT('',(19.999085691112,55.200632905032,
    -135.1054971942));
#5861 = DIRECTION('',(-3.166322785619E-14,-1.,-7.670402873098E-14));
#5862 = DIRECTION('',(-0.866025403784,-1.093085467622E-14,0.5));
#5863 = CONICAL_SURFACE('',#5864,2.9,0.785398163397);
#5864 = AXIS2_PLACEMENT_3D('',#5865,#5866,#5867);
#5865 = CARTESIAN_POINT('',(19.999085691112,55.400632905032,
    -135.1054971942));
#5866 = DIRECTION('',(3.330669073876E-14,1.,8.881784186414E-14));
#5867 = DIRECTION('',(-0.866025403784,-1.556448063632E-14,0.5));
#5868 = ADVANCED_FACE('',(#5869),#5905,.F.);
#5869 = FACE_BOUND('',#5870,.F.);
#5870 = EDGE_LOOP('',(#5871,#5881,#5888,#5889,#5898));
#5871 = ORIENTED_EDGE('',*,*,#5872,.T.);
#5872 = EDGE_CURVE('',#5873,#5875,#5877,.T.);
#5873 = VERTEX_POINT('',#5874);
#5874 = CARTESIAN_POINT('',(35.349095712238,55.20063290503,
    -108.5185230608));
#5875 = VERTEX_POINT('',#5876);
#5876 = CARTESIAN_POINT('',(35.549095712238,55.60063290503,
    -108.1721128992));
#5877 = LINE('',#5878,#5879);
#5878 = CARTESIAN_POINT('',(35.449095712238,55.40063290503,-108.34531798
    ));
#5879 = VECTOR('',#5880,1.);
#5880 = DIRECTION('',(0.353553390593,0.707106781187,0.612372435696));
#5881 = ORIENTED_EDGE('',*,*,#5882,.F.);
#5882 = EDGE_CURVE('',#5875,#5875,#5883,.T.);
#5883 = CIRCLE('',#5884,3.1);
#5884 = AXIS2_PLACEMENT_3D('',#5885,#5886,#5887);
#5885 = CARTESIAN_POINT('',(33.999095712238,55.60063290503,
    -110.856791651));
#5886 = DIRECTION('',(3.166322785619E-14,1.,7.670402883686E-14));
#5887 = DIRECTION('',(-0.5,8.225925147343E-14,-0.866025403784));
#5888 = ORIENTED_EDGE('',*,*,#5872,.F.);
#5889 = ORIENTED_EDGE('',*,*,#5890,.F.);
#5890 = EDGE_CURVE('',#5891,#5873,#5893,.T.);
#5891 = VERTEX_POINT('',#5892);
#5892 = CARTESIAN_POINT('',(32.649095712238,55.200632905031,
    -113.1950602412));
#5893 = CIRCLE('',#5894,2.7);
#5894 = AXIS2_PLACEMENT_3D('',#5895,#5896,#5897);
#5895 = CARTESIAN_POINT('',(33.999095712238,55.20063290503,
    -110.856791651));
#5896 = DIRECTION('',(-3.166322785619E-14,-1.,-7.670402883686E-14));
#5897 = DIRECTION('',(-0.5,8.225925147343E-14,-0.866025403784));
#5898 = ORIENTED_EDGE('',*,*,#5899,.F.);
#5899 = EDGE_CURVE('',#5873,#5891,#5900,.T.);
#5900 = CIRCLE('',#5901,2.7);
#5901 = AXIS2_PLACEMENT_3D('',#5902,#5903,#5904);
#5902 = CARTESIAN_POINT('',(33.999095712238,55.20063290503,
    -110.856791651));
#5903 = DIRECTION('',(-3.166322785619E-14,-1.,-7.670402883686E-14));
#5904 = DIRECTION('',(-0.5,8.225925147343E-14,-0.866025403784));
#5905 = CONICAL_SURFACE('',#5906,2.9,0.785398163397);
#5906 = AXIS2_PLACEMENT_3D('',#5907,#5908,#5909);
#5907 = CARTESIAN_POINT('',(33.999095712238,55.40063290503,
    -110.856791651));
#5908 = DIRECTION('',(3.330669073877E-14,1.,8.881784197004E-14));
#5909 = DIRECTION('',(-0.5,9.357185282475E-14,-0.866025403784));
#5910 = ADVANCED_FACE('',(#5911),#5938,.F.);
#5911 = FACE_BOUND('',#5912,.F.);
#5912 = EDGE_LOOP('',(#5913,#5923,#5930,#5931));
#5913 = ORIENTED_EDGE('',*,*,#5914,.T.);
#5914 = EDGE_CURVE('',#5915,#5917,#5919,.T.);
#5915 = VERTEX_POINT('',#5916);
#5916 = CARTESIAN_POINT('',(-21.93570849995,55.200632905034,
    -136.5182216124));
#5917 = VERTEX_POINT('',#5918);
#5918 = CARTESIAN_POINT('',(-22.28211866146,55.600632905034,
    -136.7182216124));
#5919 = LINE('',#5920,#5921);
#5920 = CARTESIAN_POINT('',(-22.10891358071,55.400632905034,
    -136.6182216124));
#5921 = VECTOR('',#5922,1.);
#5922 = DIRECTION('',(-0.612372435696,0.707106781187,-0.353553390593));
#5923 = ORIENTED_EDGE('',*,*,#5924,.F.);
#5924 = EDGE_CURVE('',#5917,#5917,#5925,.T.);
#5925 = CIRCLE('',#5926,3.1);
#5926 = AXIS2_PLACEMENT_3D('',#5927,#5928,#5929);
#5927 = CARTESIAN_POINT('',(-19.59743990973,55.600632905034,
    -135.1682216124));
#5928 = DIRECTION('',(-4.446639038409E-14,1.,7.670402878392E-14));
#5929 = DIRECTION('',(0.866025403784,1.570092952565E-16,0.5));
#5930 = ORIENTED_EDGE('',*,*,#5914,.F.);
#5931 = ORIENTED_EDGE('',*,*,#5932,.F.);
#5932 = EDGE_CURVE('',#5915,#5915,#5933,.T.);
#5933 = CIRCLE('',#5934,2.7);
#5934 = AXIS2_PLACEMENT_3D('',#5935,#5936,#5937);
#5935 = CARTESIAN_POINT('',(-19.59743990973,55.200632905034,
    -135.1682216124));
#5936 = DIRECTION('',(4.446639038409E-14,-1.,-7.670402878392E-14));
#5937 = DIRECTION('',(0.866025403784,1.570092952565E-16,0.5));
#5938 = CONICAL_SURFACE('',#5939,2.9,0.785398163397);
#5939 = AXIS2_PLACEMENT_3D('',#5940,#5941,#5942);
#5940 = CARTESIAN_POINT('',(-19.59743990973,55.400632905034,
    -135.1682216124));
#5941 = DIRECTION('',(-4.440892101148E-14,1.,8.881784191708E-14));
#5942 = DIRECTION('',(0.866025403784,-5.949667207948E-15,0.5));
#5943 = ADVANCED_FACE('',(#5944,#5955),#5958,.F.);
#5944 = FACE_BOUND('',#5945,.T.);
#5945 = EDGE_LOOP('',(#5946));
#5946 = ORIENTED_EDGE('',*,*,#5947,.T.);
#5947 = EDGE_CURVE('',#5948,#5948,#5950,.T.);
#5948 = VERTEX_POINT('',#5949);
#5949 = CARTESIAN_POINT('',(-31.09742990849,55.600632905035,
    -115.2496315282));
#5950 = CIRCLE('',#5951,5.);
#5951 = AXIS2_PLACEMENT_3D('',#5952,#5953,#5954);
#5952 = CARTESIAN_POINT('',(-33.59742990849,55.600632905034,
    -110.9195045093));
#5953 = DIRECTION('',(-4.446639038409E-14,1.,7.670402878392E-14));
#5954 = DIRECTION('',(-0.5,-8.866083269153E-14,0.866025403784));
#5955 = FACE_BOUND('',#5956,.T.);
#5956 = EDGE_LOOP('',(#5957));
#5957 = ORIENTED_EDGE('',*,*,#5807,.F.);
#5958 = PLANE('',#5959);
#5959 = AXIS2_PLACEMENT_3D('',#5960,#5961,#5962);
#5960 = CARTESIAN_POINT('',(-33.59742990849,55.600632905034,
    -110.9195045093));
#5961 = DIRECTION('',(4.446639038409E-14,-1.,-7.670402878392E-14));
#5962 = DIRECTION('',(0.5,8.866083269153E-14,-0.866025403784));
#5963 = ADVANCED_FACE('',(#5964,#5975),#5978,.F.);
#5964 = FACE_BOUND('',#5965,.T.);
#5965 = EDGE_LOOP('',(#5966));
#5966 = ORIENTED_EDGE('',*,*,#5967,.T.);
#5967 = EDGE_CURVE('',#5968,#5968,#5970,.T.);
#5968 = VERTEX_POINT('',#5969);
#5969 = CARTESIAN_POINT('',(-17.09743990973,55.600632905035,
    -139.4983486314));
#5970 = CIRCLE('',#5971,5.);
#5971 = AXIS2_PLACEMENT_3D('',#5972,#5973,#5974);
#5972 = CARTESIAN_POINT('',(-19.59743990973,55.600632905034,
    -135.1682216124));
#5973 = DIRECTION('',(-4.446639038409E-14,1.,7.670402878392E-14));
#5974 = DIRECTION('',(-0.5,-8.866083269153E-14,0.866025403784));
#5975 = FACE_BOUND('',#5976,.T.);
#5976 = EDGE_LOOP('',(#5977));
#5977 = ORIENTED_EDGE('',*,*,#5924,.F.);
#5978 = PLANE('',#5979);
#5979 = AXIS2_PLACEMENT_3D('',#5980,#5981,#5982);
#5980 = CARTESIAN_POINT('',(-19.59743990973,55.600632905034,
    -135.1682216124));
#5981 = DIRECTION('',(4.446639038409E-14,-1.,-7.670402878392E-14));
#5982 = DIRECTION('',(0.5,8.866083269153E-14,-0.866025403784));
#5983 = ADVANCED_FACE('',(#5984,#5995),#5998,.T.);
#5984 = FACE_BOUND('',#5985,.T.);
#5985 = EDGE_LOOP('',(#5986));
#5986 = ORIENTED_EDGE('',*,*,#5987,.T.);
#5987 = EDGE_CURVE('',#5988,#5988,#5990,.T.);
#5988 = VERTEX_POINT('',#5989);
#5989 = CARTESIAN_POINT('',(17.499085691111,55.600632905032,
    -139.4356242131));
#5990 = CIRCLE('',#5991,5.);
#5991 = AXIS2_PLACEMENT_3D('',#5992,#5993,#5994);
#5992 = CARTESIAN_POINT('',(19.999085691111,55.600632905032,
    -135.1054971942));
#5993 = DIRECTION('',(3.166322785619E-14,1.,7.670402873098E-14));
#5994 = DIRECTION('',(0.5,-8.225925138173E-14,0.866025403784));
#5995 = FACE_BOUND('',#5996,.T.);
#5996 = EDGE_LOOP('',(#5997));
#5997 = ORIENTED_EDGE('',*,*,#5849,.F.);
#5998 = PLANE('',#5999);
#5999 = AXIS2_PLACEMENT_3D('',#6000,#6001,#6002);
#6000 = CARTESIAN_POINT('',(19.999085691112,55.600632905032,
    -135.1054971942));
#6001 = DIRECTION('',(3.166322785619E-14,1.,7.670402873098E-14));
#6002 = DIRECTION('',(-0.5,8.225925138173E-14,-0.866025403784));
#6003 = ADVANCED_FACE('',(#6004,#6015),#6018,.T.);
#6004 = FACE_BOUND('',#6005,.T.);
#6005 = EDGE_LOOP('',(#6006));
#6006 = ORIENTED_EDGE('',*,*,#6007,.T.);
#6007 = EDGE_CURVE('',#6008,#6008,#6010,.T.);
#6008 = VERTEX_POINT('',#6009);
#6009 = CARTESIAN_POINT('',(31.499095712238,55.600632905031,
    -115.1869186699));
#6010 = CIRCLE('',#6011,5.);
#6011 = AXIS2_PLACEMENT_3D('',#6012,#6013,#6014);
#6012 = CARTESIAN_POINT('',(33.999095712238,55.60063290503,
    -110.856791651));
#6013 = DIRECTION('',(3.166322785619E-14,1.,7.670402883686E-14));
#6014 = DIRECTION('',(0.5,-8.225925147343E-14,0.866025403784));
#6015 = FACE_BOUND('',#6016,.T.);
#6016 = EDGE_LOOP('',(#6017));
#6017 = ORIENTED_EDGE('',*,*,#5882,.F.);
#6018 = PLANE('',#6019);
#6019 = AXIS2_PLACEMENT_3D('',#6020,#6021,#6022);
#6020 = CARTESIAN_POINT('',(33.999095712238,55.60063290503,
    -110.856791651));
#6021 = DIRECTION('',(3.166322785619E-14,1.,7.670402883686E-14));
#6022 = DIRECTION('',(-0.5,8.225925147343E-14,-0.866025403784));
#6023 = ADVANCED_FACE('',(#6024),#6044,.F.);
#6024 = FACE_BOUND('',#6025,.F.);
#6025 = EDGE_LOOP('',(#6026,#6034,#6041,#6042,#6043));
#6026 = ORIENTED_EDGE('',*,*,#6027,.T.);
#6027 = EDGE_CURVE('',#5816,#6028,#6030,.T.);
#6028 = VERTEX_POINT('',#6029);
#6029 = CARTESIAN_POINT('',(-32.24742990849,52.300632905033,
    -113.2577730995));
#6030 = LINE('',#6031,#6032);
#6031 = CARTESIAN_POINT('',(-32.24742990849,56.900632905031,
    -113.2577730995));
#6032 = VECTOR('',#6033,1.);
#6033 = DIRECTION('',(6.702131208707E-14,-1.,-1.136950675526E-13));
#6034 = ORIENTED_EDGE('',*,*,#6035,.T.);
#6035 = EDGE_CURVE('',#6028,#6028,#6036,.T.);
#6036 = CIRCLE('',#6037,2.7);
#6037 = AXIS2_PLACEMENT_3D('',#6038,#6039,#6040);
#6038 = CARTESIAN_POINT('',(-33.59742990849,52.300632905032,
    -110.9195045093));
#6039 = DIRECTION('',(-6.598548349427E-14,1.,1.139726096884E-13));
#6040 = DIRECTION('',(-0.5,-1.316959170729E-13,0.866025403784));
#6041 = ORIENTED_EDGE('',*,*,#6027,.F.);
#6042 = ORIENTED_EDGE('',*,*,#5815,.T.);
#6043 = ORIENTED_EDGE('',*,*,#5824,.T.);
#6044 = CYLINDRICAL_SURFACE('',#6045,2.7);
#6045 = AXIS2_PLACEMENT_3D('',#6046,#6047,#6048);
#6046 = CARTESIAN_POINT('',(-33.59742990849,56.900632905031,
    -110.9195045093));
#6047 = DIRECTION('',(6.702131208707E-14,-1.,-1.136950675526E-13));
#6048 = DIRECTION('',(-0.5,-1.319734728291E-13,0.866025403784));
#6049 = ADVANCED_FACE('',(#6050),#6069,.F.);
#6050 = FACE_BOUND('',#6051,.F.);
#6051 = EDGE_LOOP('',(#6052,#6060,#6061,#6062));
#6052 = ORIENTED_EDGE('',*,*,#6053,.T.);
#6053 = EDGE_CURVE('',#6054,#5840,#6056,.T.);
#6054 = VERTEX_POINT('',#6055);
#6055 = CARTESIAN_POINT('',(22.337354281329,52.30063290503,
    -136.4554971942));
#6056 = LINE('',#6057,#6058);
#6057 = CARTESIAN_POINT('',(22.337354281329,51.900632905029,
    -136.4554971942));
#6058 = VECTOR('',#6059,1.);
#6059 = DIRECTION('',(5.281963124179E-14,1.,1.145025024267E-13));
#6060 = ORIENTED_EDGE('',*,*,#5857,.T.);
#6061 = ORIENTED_EDGE('',*,*,#6053,.F.);
#6062 = ORIENTED_EDGE('',*,*,#6063,.T.);
#6063 = EDGE_CURVE('',#6054,#6054,#6064,.T.);
#6064 = CIRCLE('',#6065,2.7);
#6065 = AXIS2_PLACEMENT_3D('',#6066,#6067,#6068);
#6066 = CARTESIAN_POINT('',(19.999085691111,52.30063290503,
    -135.1054971942));
#6067 = DIRECTION('',(-6.59854834678E-14,1.,1.139726096355E-13));
#6068 = DIRECTION('',(-0.866025403784,-1.141314097819E-13,0.5));
#6069 = CYLINDRICAL_SURFACE('',#6070,2.7);
#6070 = AXIS2_PLACEMENT_3D('',#6071,#6072,#6073);
#6071 = CARTESIAN_POINT('',(19.999085691111,51.900632905029,
    -135.1054971942));
#6072 = DIRECTION('',(5.281963124179E-14,1.,1.145025024267E-13));
#6073 = DIRECTION('',(-0.866025403784,-1.150810873943E-14,0.5));
#6074 = ADVANCED_FACE('',(#6075),#6095,.F.);
#6075 = FACE_BOUND('',#6076,.F.);
#6076 = EDGE_LOOP('',(#6077,#6085,#6086,#6087,#6088));
#6077 = ORIENTED_EDGE('',*,*,#6078,.T.);
#6078 = EDGE_CURVE('',#6079,#5891,#6081,.T.);
#6079 = VERTEX_POINT('',#6080);
#6080 = CARTESIAN_POINT('',(32.649095712238,52.300632905026,
    -113.1950602412));
#6081 = LINE('',#6082,#6083);
#6082 = CARTESIAN_POINT('',(32.649095712238,56.900632905027,
    -113.1950602412));
#6083 = VECTOR('',#6084,1.);
#6084 = DIRECTION('',(5.421814955916E-14,1.,1.136950676056E-13));
#6085 = ORIENTED_EDGE('',*,*,#5890,.T.);
#6086 = ORIENTED_EDGE('',*,*,#5899,.T.);
#6087 = ORIENTED_EDGE('',*,*,#6078,.F.);
#6088 = ORIENTED_EDGE('',*,*,#6089,.T.);
#6089 = EDGE_CURVE('',#6079,#6079,#6090,.T.);
#6090 = CIRCLE('',#6091,2.7);
#6091 = AXIS2_PLACEMENT_3D('',#6092,#6093,#6094);
#6092 = CARTESIAN_POINT('',(33.999095712238,52.300632905026,
    -110.856791651));
#6093 = DIRECTION('',(-6.59854834678E-14,1.,1.139726097414E-13));
#6094 = DIRECTION('',(0.5,-6.571043363774E-14,0.866025403784));
#6095 = CYLINDRICAL_SURFACE('',#6096,2.7);
#6096 = AXIS2_PLACEMENT_3D('',#6097,#6098,#6099);
#6097 = CARTESIAN_POINT('',(33.999095712238,56.900632905027,
    -110.856791651));
#6098 = DIRECTION('',(5.421814955916E-14,1.,1.136950676056E-13));
#6099 = DIRECTION('',(0.5,-1.25571891611E-13,0.866025403784));
#6100 = ADVANCED_FACE('',(#6101),#6120,.F.);
#6101 = FACE_BOUND('',#6102,.F.);
#6102 = EDGE_LOOP('',(#6103,#6111,#6118,#6119));
#6103 = ORIENTED_EDGE('',*,*,#6104,.T.);
#6104 = EDGE_CURVE('',#5915,#6105,#6107,.T.);
#6105 = VERTEX_POINT('',#6106);
#6106 = CARTESIAN_POINT('',(-21.93570849995,52.300632905033,
    -136.5182216124));
#6107 = LINE('',#6108,#6109);
#6108 = CARTESIAN_POINT('',(-21.93570849995,51.900632905031,
    -136.5182216124));
#6109 = VECTOR('',#6110,1.);
#6110 = DIRECTION('',(6.56227937697E-14,-1.,-1.145025024796E-13));
#6111 = ORIENTED_EDGE('',*,*,#6112,.T.);
#6112 = EDGE_CURVE('',#6105,#6105,#6113,.T.);
#6113 = CIRCLE('',#6114,2.7);
#6114 = AXIS2_PLACEMENT_3D('',#6115,#6116,#6117);
#6115 = CARTESIAN_POINT('',(-19.59743990973,52.300632905033,
    -135.1682216124));
#6116 = DIRECTION('',(-6.598548349427E-14,1.,1.139726096884E-13));
#6117 = DIRECTION('',(0.866025403784,1.588001428082E-16,0.5));
#6118 = ORIENTED_EDGE('',*,*,#6104,.F.);
#6119 = ORIENTED_EDGE('',*,*,#5932,.T.);
#6120 = CYLINDRICAL_SURFACE('',#6121,2.7);
#6121 = AXIS2_PLACEMENT_3D('',#6122,#6123,#6124);
#6122 = CARTESIAN_POINT('',(-19.59743990973,51.900632905031,
    -135.1682216124));
#6123 = DIRECTION('',(6.56227937697E-14,-1.,-1.145025024796E-13));
#6124 = DIRECTION('',(0.866025403784,-4.202447679514E-16,0.5));
#6125 = ADVANCED_FACE('',(#6126),#6153,.F.);
#6126 = FACE_BOUND('',#6127,.F.);
#6127 = EDGE_LOOP('',(#6128,#6138,#6145,#6146));
#6128 = ORIENTED_EDGE('',*,*,#6129,.T.);
#6129 = EDGE_CURVE('',#6130,#6132,#6134,.T.);
#6130 = VERTEX_POINT('',#6131);
#6131 = CARTESIAN_POINT('',(2.482502265478,59.500660171783,
    -138.2521838869));
#6132 = VERTEX_POINT('',#6133);
#6133 = CARTESIAN_POINT('',(2.482502265478,52.300660171784,
    -138.2521838869));
#6134 = LINE('',#6135,#6136);
#6135 = CARTESIAN_POINT('',(2.482502265478,59.900660171782,
    -138.2521838869));
#6136 = VECTOR('',#6137,1.);
#6137 = DIRECTION('',(6.543418694227E-14,-1.,-1.149809866451E-13));
#6138 = ORIENTED_EDGE('',*,*,#6139,.T.);
#6139 = EDGE_CURVE('',#6132,#6132,#6140,.T.);
#6140 = CIRCLE('',#6141,2.35);
#6141 = AXIS2_PLACEMENT_3D('',#6142,#6143,#6144);
#6142 = CARTESIAN_POINT('',(0.132502265478,52.300660171784,
    -138.2521838869));
#6143 = DIRECTION('',(-6.598548344133E-14,1.,1.139726096884E-13));
#6144 = DIRECTION('',(-1.,-6.598548344133E-14,-2.579809385624E-15));
#6145 = ORIENTED_EDGE('',*,*,#6129,.F.);
#6146 = ORIENTED_EDGE('',*,*,#6147,.T.);
#6147 = EDGE_CURVE('',#6130,#6130,#6148,.T.);
#6148 = CIRCLE('',#6149,2.35);
#6149 = AXIS2_PLACEMENT_3D('',#6150,#6151,#6152);
#6150 = CARTESIAN_POINT('',(0.132502265478,59.500660171783,
    -138.2521838869));
#6151 = DIRECTION('',(6.598548344133E-14,-1.,-1.139726096884E-13));
#6152 = DIRECTION('',(-1.,-6.598548344133E-14,-2.579809385624E-15));
#6153 = CYLINDRICAL_SURFACE('',#6154,2.35);
#6154 = AXIS2_PLACEMENT_3D('',#6155,#6156,#6157);
#6155 = CARTESIAN_POINT('',(0.132502265478,59.900660171782,
    -138.2521838869));
#6156 = DIRECTION('',(6.543418694227E-14,-1.,-1.149809866451E-13));
#6157 = DIRECTION('',(-1.,-6.543418694227E-14,-2.579809385624E-15));
#6158 = ADVANCED_FACE('',(#6159),#6178,.F.);
#6159 = FACE_BOUND('',#6160,.F.);
#6160 = EDGE_LOOP('',(#6161,#6169,#6170,#6171));
#6161 = ORIENTED_EDGE('',*,*,#6162,.T.);
#6162 = EDGE_CURVE('',#6163,#5948,#6165,.T.);
#6163 = VERTEX_POINT('',#6164);
#6164 = CARTESIAN_POINT('',(-31.09742990849,59.500632905031,
    -115.2496315282));
#6165 = LINE('',#6166,#6167);
#6166 = CARTESIAN_POINT('',(-31.09742990849,56.900632905031,
    -115.2496315282));
#6167 = VECTOR('',#6168,1.);
#6168 = DIRECTION('',(6.702131208707E-14,-1.,-1.136950675526E-13));
#6169 = ORIENTED_EDGE('',*,*,#5947,.T.);
#6170 = ORIENTED_EDGE('',*,*,#6162,.F.);
#6171 = ORIENTED_EDGE('',*,*,#6172,.T.);
#6172 = EDGE_CURVE('',#6163,#6163,#6173,.T.);
#6173 = CIRCLE('',#6174,5.);
#6174 = AXIS2_PLACEMENT_3D('',#6175,#6176,#6177);
#6175 = CARTESIAN_POINT('',(-33.59742990849,59.500632905031,
    -110.9195045093));
#6176 = DIRECTION('',(6.598548349427E-14,-1.,-1.139726096884E-13));
#6177 = DIRECTION('',(-0.5,-1.316959170729E-13,0.866025403784));
#6178 = CYLINDRICAL_SURFACE('',#6179,5.);
#6179 = AXIS2_PLACEMENT_3D('',#6180,#6181,#6182);
#6180 = CARTESIAN_POINT('',(-33.59742990849,56.900632905031,
    -110.9195045093));
#6181 = DIRECTION('',(6.702131208707E-14,-1.,-1.136950675526E-13));
#6182 = DIRECTION('',(-0.5,-1.319734728291E-13,0.866025403784));
#6183 = ADVANCED_FACE('',(#6184),#6203,.F.);
#6184 = FACE_BOUND('',#6185,.F.);
#6185 = EDGE_LOOP('',(#6186,#6194,#6201,#6202));
#6186 = ORIENTED_EDGE('',*,*,#6187,.T.);
#6187 = EDGE_CURVE('',#5968,#6188,#6190,.T.);
#6188 = VERTEX_POINT('',#6189);
#6189 = CARTESIAN_POINT('',(-17.09743990973,59.500632905032,
    -139.4983486314));
#6190 = LINE('',#6191,#6192);
#6191 = CARTESIAN_POINT('',(-17.09743990973,59.900632905032,
    -139.4983486314));
#6192 = VECTOR('',#6193,1.);
#6193 = DIRECTION('',(-6.702131208707E-14,1.,1.136950675526E-13));
#6194 = ORIENTED_EDGE('',*,*,#6195,.F.);
#6195 = EDGE_CURVE('',#6188,#6188,#6196,.T.);
#6196 = CIRCLE('',#6197,5.);
#6197 = AXIS2_PLACEMENT_3D('',#6198,#6199,#6200);
#6198 = CARTESIAN_POINT('',(-19.59743990973,59.500632905031,
    -135.1682216124));
#6199 = DIRECTION('',(-6.598548349427E-14,1.,1.139726096884E-13));
#6200 = DIRECTION('',(-0.5,-1.316959170729E-13,0.866025403784));
#6201 = ORIENTED_EDGE('',*,*,#6187,.F.);
#6202 = ORIENTED_EDGE('',*,*,#5967,.T.);
#6203 = CYLINDRICAL_SURFACE('',#6204,5.);
#6204 = AXIS2_PLACEMENT_3D('',#6205,#6206,#6207);
#6205 = CARTESIAN_POINT('',(-19.59743990973,59.900632905031,
    -135.1682216124));
#6206 = DIRECTION('',(-6.702131208707E-14,1.,1.136950675526E-13));
#6207 = DIRECTION('',(-0.5,-1.319734728291E-13,0.866025403784));
#6208 = ADVANCED_FACE('',(#6209),#6228,.F.);
#6209 = FACE_BOUND('',#6210,.F.);
#6210 = EDGE_LOOP('',(#6211,#6219,#6220,#6221));
#6211 = ORIENTED_EDGE('',*,*,#6212,.T.);
#6212 = EDGE_CURVE('',#6213,#5988,#6215,.T.);
#6213 = VERTEX_POINT('',#6214);
#6214 = CARTESIAN_POINT('',(17.499085691111,59.500632905029,
    -139.4356242131));
#6215 = LINE('',#6216,#6217);
#6216 = CARTESIAN_POINT('',(17.499085691111,59.900632905029,
    -139.4356242131));
#6217 = VECTOR('',#6218,1.);
#6218 = DIRECTION('',(-5.421814955916E-14,-1.,-1.136950674997E-13));
#6219 = ORIENTED_EDGE('',*,*,#5987,.T.);
#6220 = ORIENTED_EDGE('',*,*,#6212,.F.);
#6221 = ORIENTED_EDGE('',*,*,#6222,.T.);
#6222 = EDGE_CURVE('',#6213,#6213,#6223,.T.);
#6223 = CIRCLE('',#6224,5.);
#6224 = AXIS2_PLACEMENT_3D('',#6225,#6226,#6227);
#6225 = CARTESIAN_POINT('',(19.999085691112,59.500632905029,
    -135.1054971942));
#6226 = DIRECTION('',(-5.318232096636E-14,-1.,-1.139726096355E-13));
#6227 = DIRECTION('',(0.5,-1.252943357631E-13,0.866025403784));
#6228 = CYLINDRICAL_SURFACE('',#6229,5.);
#6229 = AXIS2_PLACEMENT_3D('',#6230,#6231,#6232);
#6230 = CARTESIAN_POINT('',(19.999085691112,59.900632905029,
    -135.1054971942));
#6231 = DIRECTION('',(-5.421814955916E-14,-1.,-1.136950674997E-13));
#6232 = DIRECTION('',(0.5,-1.255718915193E-13,0.866025403784));
#6233 = ADVANCED_FACE('',(#6234),#6253,.F.);
#6234 = FACE_BOUND('',#6235,.F.);
#6235 = EDGE_LOOP('',(#6236,#6244,#6251,#6252));
#6236 = ORIENTED_EDGE('',*,*,#6237,.T.);
#6237 = EDGE_CURVE('',#6008,#6238,#6240,.T.);
#6238 = VERTEX_POINT('',#6239);
#6239 = CARTESIAN_POINT('',(31.499095712238,59.500632905025,
    -115.1869186699));
#6240 = LINE('',#6241,#6242);
#6241 = CARTESIAN_POINT('',(31.499095712238,56.900632905028,
    -115.1869186699));
#6242 = VECTOR('',#6243,1.);
#6243 = DIRECTION('',(5.421814955916E-14,1.,1.136950676056E-13));
#6244 = ORIENTED_EDGE('',*,*,#6245,.T.);
#6245 = EDGE_CURVE('',#6238,#6238,#6246,.T.);
#6246 = CIRCLE('',#6247,5.);
#6247 = AXIS2_PLACEMENT_3D('',#6248,#6249,#6250);
#6248 = CARTESIAN_POINT('',(33.999095712238,59.500632905024,
    -110.856791651));
#6249 = DIRECTION('',(6.59854834678E-14,-1.,-1.139726097414E-13));
#6250 = DIRECTION('',(0.5,-6.571043363774E-14,0.866025403784));
#6251 = ORIENTED_EDGE('',*,*,#6237,.F.);
#6252 = ORIENTED_EDGE('',*,*,#6007,.T.);
#6253 = CYLINDRICAL_SURFACE('',#6254,5.);
#6254 = AXIS2_PLACEMENT_3D('',#6255,#6256,#6257);
#6255 = CARTESIAN_POINT('',(33.999095712238,56.900632905027,
    -110.856791651));
#6256 = DIRECTION('',(5.421814955916E-14,1.,1.136950676056E-13));
#6257 = DIRECTION('',(0.5,-1.25571891611E-13,0.866025403784));
#6258 = ADVANCED_FACE('',(#6259),#6270,.F.);
#6259 = FACE_BOUND('',#6260,.F.);
#6260 = EDGE_LOOP('',(#6261,#6267,#6268,#6269));
#6261 = ORIENTED_EDGE('',*,*,#6262,.T.);
#6262 = EDGE_CURVE('',#6132,#543,#6263,.T.);
#6263 = LINE('',#6264,#6265);
#6264 = CARTESIAN_POINT('',(2.682502265478,52.100660171784,
    -138.2521838869));
#6265 = VECTOR('',#6266,1.);
#6266 = DIRECTION('',(0.707106781187,-0.707106781187,-9.229475116722E-14
    ));
#6267 = ORIENTED_EDGE('',*,*,#542,.F.);
#6268 = ORIENTED_EDGE('',*,*,#6262,.F.);
#6269 = ORIENTED_EDGE('',*,*,#6139,.F.);
#6270 = CONICAL_SURFACE('',#6271,2.55,0.785398163397);
#6271 = AXIS2_PLACEMENT_3D('',#6272,#6273,#6274);
#6272 = CARTESIAN_POINT('',(0.132502265478,52.100660171784,
    -138.2521838869));
#6273 = DIRECTION('',(6.600622823444E-14,-1.,-1.332267629021E-13));
#6274 = DIRECTION('',(-1.,-6.600622823444E-14,-2.579809385624E-15));
#6275 = ADVANCED_FACE('',(#6276),#6301,.T.);
#6276 = FACE_BOUND('',#6277,.T.);
#6277 = EDGE_LOOP('',(#6278,#6286,#6287,#6295));
#6278 = ORIENTED_EDGE('',*,*,#6279,.F.);
#6279 = EDGE_CURVE('',#347,#6280,#6282,.T.);
#6280 = VERTEX_POINT('',#6281);
#6281 = CARTESIAN_POINT('',(-10.41732796832,54.900660171787,
    -167.1887426568));
#6282 = LINE('',#6283,#6284);
#6283 = CARTESIAN_POINT('',(-10.41732796832,43.593678676262,
    -155.8817611613));
#6284 = VECTOR('',#6285,1.);
#6285 = DIRECTION('',(6.2189643037E-14,0.707106781187,-0.707106781187));
#6286 = ORIENTED_EDGE('',*,*,#346,.T.);
#6287 = ORIENTED_EDGE('',*,*,#6288,.F.);
#6288 = EDGE_CURVE('',#6289,#339,#6291,.T.);
#6289 = VERTEX_POINT('',#6290);
#6290 = CARTESIAN_POINT('',(-17.56732793059,54.900660171786,
    -167.1887426568));
#6291 = LINE('',#6292,#6293);
#6292 = CARTESIAN_POINT('',(-17.56732793059,55.400620128841,
    -167.6887026139));
#6293 = VECTOR('',#6294,1.);
#6294 = DIRECTION('',(1.813887889375E-15,-0.707106781187,0.707106781187)
  );
#6295 = ORIENTED_EDGE('',*,*,#6296,.T.);
#6296 = EDGE_CURVE('',#6289,#6280,#6297,.T.);
#6297 = LINE('',#6298,#6299);
#6298 = CARTESIAN_POINT('',(-2.161091384138,54.900660171787,
    -167.1887426568));
#6299 = VECTOR('',#6300,1.);
#6300 = DIRECTION('',(1.,6.598548344133E-14,1.269837787901E-15));
#6301 = PLANE('',#6302);
#6302 = AXIS2_PLACEMENT_3D('',#6303,#6304,#6305);
#6303 = CARTESIAN_POINT('',(-2.161091384138,53.400660171787,
    -165.6887426568));
#6304 = DIRECTION('',(4.755669371207E-14,-0.707106781187,-0.707106781187
    ));
#6305 = DIRECTION('',(-1.,2.646976697992E-23,-6.72553212557E-14));
#6306 = ADVANCED_FACE('',(#6307),#6319,.T.);
#6307 = FACE_BOUND('',#6308,.T.);
#6308 = EDGE_LOOP('',(#6309,#6310,#6317,#6318));
#6309 = ORIENTED_EDGE('',*,*,#568,.T.);
#6310 = ORIENTED_EDGE('',*,*,#6311,.T.);
#6311 = EDGE_CURVE('',#561,#808,#6312,.T.);
#6312 = CIRCLE('',#6313,20.);
#6313 = AXIS2_PLACEMENT_3D('',#6314,#6315,#6316);
#6314 = CARTESIAN_POINT('',(0.132332241186,52.900660171779,
    -95.69354144477));
#6315 = DIRECTION('',(6.598548344133E-14,-1.,-1.139726097943E-13));
#6316 = DIRECTION('',(6.07609270835E-17,-1.139726097943E-13,1.));
#6317 = ORIENTED_EDGE('',*,*,#839,.F.);
#6318 = ORIENTED_EDGE('',*,*,#295,.T.);
#6319 = CONICAL_SURFACE('',#6320,19.5,0.785398163397);
#6320 = AXIS2_PLACEMENT_3D('',#6321,#6322,#6323);
#6321 = CARTESIAN_POINT('',(0.132332241186,52.400660171779,
    -95.69354144477));
#6322 = DIRECTION('',(-6.598888099973E-14,1.,1.06581410417E-13));
#6323 = DIRECTION('',(6.076092708301E-17,-1.06581410417E-13,1.));
#6324 = ADVANCED_FACE('',(#6325),#6336,.F.);
#6325 = FACE_BOUND('',#6326,.F.);
#6326 = EDGE_LOOP('',(#6327,#6333,#6334,#6335));
#6327 = ORIENTED_EDGE('',*,*,#6328,.T.);
#6328 = EDGE_CURVE('',#6028,#532,#6329,.T.);
#6329 = LINE('',#6330,#6331);
#6330 = CARTESIAN_POINT('',(-32.14742990849,52.100632905033,
    -113.4309781803));
#6331 = VECTOR('',#6332,1.);
#6332 = DIRECTION('',(0.353553390593,-0.707106781186,-0.612372435696));
#6333 = ORIENTED_EDGE('',*,*,#531,.T.);
#6334 = ORIENTED_EDGE('',*,*,#6328,.F.);
#6335 = ORIENTED_EDGE('',*,*,#6035,.F.);
#6336 = CONICAL_SURFACE('',#6337,2.9,0.785398163398);
#6337 = AXIS2_PLACEMENT_3D('',#6338,#6339,#6340);
#6338 = CARTESIAN_POINT('',(-33.59742990849,52.100632905032,
    -110.9195045093));
#6339 = DIRECTION('',(6.661338150399E-14,-1.,-1.332267629021E-13));
#6340 = DIRECTION('',(-0.5,-1.486844518892E-13,0.866025403784));
#6341 = ADVANCED_FACE('',(#6342),#6353,.F.);
#6342 = FACE_BOUND('',#6343,.F.);
#6343 = EDGE_LOOP('',(#6344,#6350,#6351,#6352));
#6344 = ORIENTED_EDGE('',*,*,#6345,.T.);
#6345 = EDGE_CURVE('',#6054,#521,#6346,.T.);
#6346 = LINE('',#6347,#6348);
#6347 = CARTESIAN_POINT('',(22.510559362086,52.100632905032,
    -136.5554971942));
#6348 = VECTOR('',#6349,1.);
#6349 = DIRECTION('',(0.612372435698,-0.707106781184,-0.353553390595));
#6350 = ORIENTED_EDGE('',*,*,#520,.T.);
#6351 = ORIENTED_EDGE('',*,*,#6345,.F.);
#6352 = ORIENTED_EDGE('',*,*,#6063,.F.);
#6353 = CONICAL_SURFACE('',#6354,2.9,0.785398163401);
#6354 = AXIS2_PLACEMENT_3D('',#6355,#6356,#6357);
#6355 = CARTESIAN_POINT('',(19.999085691111,52.100632905031,
    -135.1054971942));
#6356 = DIRECTION('',(6.661338147795E-14,-1.,-1.3322676285E-13));
#6357 = DIRECTION('',(-0.866025403784,-1.243022620169E-13,0.5));
#6358 = ADVANCED_FACE('',(#6359),#6370,.F.);
#6359 = FACE_BOUND('',#6360,.F.);
#6360 = EDGE_LOOP('',(#6361,#6367,#6368,#6369));
#6361 = ORIENTED_EDGE('',*,*,#6362,.T.);
#6362 = EDGE_CURVE('',#6079,#510,#6363,.T.);
#6363 = LINE('',#6364,#6365);
#6364 = CARTESIAN_POINT('',(32.549095712238,52.100632905029,
    -113.368265322));
#6365 = VECTOR('',#6366,1.);
#6366 = DIRECTION('',(-0.353553390596,-0.707106781181,-0.612372435701));
#6367 = ORIENTED_EDGE('',*,*,#509,.T.);
#6368 = ORIENTED_EDGE('',*,*,#6362,.F.);
#6369 = ORIENTED_EDGE('',*,*,#6089,.F.);
#6370 = CONICAL_SURFACE('',#6371,2.9,0.785398163406);
#6371 = AXIS2_PLACEMENT_3D('',#6372,#6373,#6374);
#6372 = CARTESIAN_POINT('',(33.999095712238,52.100632905029,
    -110.856791651));
#6373 = DIRECTION('',(6.661338147863E-14,-1.,-1.332267629573E-13));
#6374 = DIRECTION('',(0.5,-8.207107044564E-14,0.866025403784));
#6375 = ADVANCED_FACE('',(#6376),#6387,.F.);
#6376 = FACE_BOUND('',#6377,.F.);
#6377 = EDGE_LOOP('',(#6378,#6384,#6385,#6386));
#6378 = ORIENTED_EDGE('',*,*,#6379,.T.);
#6379 = EDGE_CURVE('',#6105,#499,#6380,.T.);
#6380 = LINE('',#6381,#6382);
#6381 = CARTESIAN_POINT('',(-22.10891358071,52.100632905033,
    -136.6182216124));
#6382 = VECTOR('',#6383,1.);
#6383 = DIRECTION('',(-0.612372435696,-0.707106781187,-0.353553390593));
#6384 = ORIENTED_EDGE('',*,*,#498,.T.);
#6385 = ORIENTED_EDGE('',*,*,#6379,.F.);
#6386 = ORIENTED_EDGE('',*,*,#6112,.F.);
#6387 = CONICAL_SURFACE('',#6388,2.9,0.785398163397);
#6388 = AXIS2_PLACEMENT_3D('',#6389,#6390,#6391);
#6389 = CARTESIAN_POINT('',(-19.59743990973,52.100632905033,
    -135.1682216124));
#6390 = DIRECTION('',(6.661338150397E-14,-1.,-1.332267629021E-13));
#6391 = DIRECTION('',(0.866025403784,-8.924500836616E-15,0.5));
#6392 = ADVANCED_FACE('',(#6393),#6412,.F.);
#6393 = FACE_BOUND('',#6394,.F.);
#6394 = EDGE_LOOP('',(#6395,#6403,#6410,#6411));
#6395 = ORIENTED_EDGE('',*,*,#6396,.T.);
#6396 = EDGE_CURVE('',#6130,#6397,#6399,.T.);
#6397 = VERTEX_POINT('',#6398);
#6398 = CARTESIAN_POINT('',(2.882502265478,59.900660171783,
    -138.2521838869));
#6399 = LINE('',#6400,#6401);
#6400 = CARTESIAN_POINT('',(2.682502265478,59.700660171783,
    -138.2521838869));
#6401 = VECTOR('',#6402,1.);
#6402 = DIRECTION('',(0.707106781187,0.707106781187,9.594315258872E-14)
  );
#6403 = ORIENTED_EDGE('',*,*,#6404,.F.);
#6404 = EDGE_CURVE('',#6397,#6397,#6405,.T.);
#6405 = CIRCLE('',#6406,2.75);
#6406 = AXIS2_PLACEMENT_3D('',#6407,#6408,#6409);
#6407 = CARTESIAN_POINT('',(0.132502265478,59.900660171782,
    -138.2521838869));
#6408 = DIRECTION('',(-6.598548344133E-14,1.,1.139726096884E-13));
#6409 = DIRECTION('',(-1.,-6.598548344133E-14,-2.579809385624E-15));
#6410 = ORIENTED_EDGE('',*,*,#6396,.F.);
#6411 = ORIENTED_EDGE('',*,*,#6147,.F.);
#6412 = CONICAL_SURFACE('',#6413,2.55,0.785398163397);
#6413 = AXIS2_PLACEMENT_3D('',#6414,#6415,#6416);
#6414 = CARTESIAN_POINT('',(0.132502265478,59.700660171783,
    -138.2521838869));
#6415 = DIRECTION('',(-6.600622823445E-14,1.,1.332267629021E-13));
#6416 = DIRECTION('',(-1.,-6.600622823445E-14,-2.579809385624E-15));
#6417 = ADVANCED_FACE('',(#6418),#6437,.F.);
#6418 = FACE_BOUND('',#6419,.F.);
#6419 = EDGE_LOOP('',(#6420,#6428,#6435,#6436));
#6420 = ORIENTED_EDGE('',*,*,#6421,.T.);
#6421 = EDGE_CURVE('',#6163,#6422,#6424,.T.);
#6422 = VERTEX_POINT('',#6423);
#6423 = CARTESIAN_POINT('',(-30.89741627511,59.900660171778,
    -115.5960653034));
#6424 = LINE('',#6425,#6426);
#6425 = CARTESIAN_POINT('',(-30.99742990849,59.700632905032,
    -115.422836609));
#6426 = VECTOR('',#6427,1.);
#6427 = DIRECTION('',(0.353553390593,0.707106781187,-0.612372435696));
#6428 = ORIENTED_EDGE('',*,*,#6429,.F.);
#6429 = EDGE_CURVE('',#6422,#6422,#6430,.T.);
#6430 = CIRCLE('',#6431,5.400027266746);
#6431 = AXIS2_PLACEMENT_3D('',#6432,#6433,#6434);
#6432 = CARTESIAN_POINT('',(-33.59742990849,59.900660171777,
    -110.9195045093));
#6433 = DIRECTION('',(-6.598548344133E-14,1.,1.139726096884E-13));
#6434 = DIRECTION('',(-0.5,-1.316959170465E-13,0.866025403784));
#6435 = ORIENTED_EDGE('',*,*,#6421,.F.);
#6436 = ORIENTED_EDGE('',*,*,#6172,.F.);
#6437 = CONICAL_SURFACE('',#6438,5.2,0.785398163397);
#6438 = AXIS2_PLACEMENT_3D('',#6439,#6440,#6441);
#6439 = CARTESIAN_POINT('',(-33.59742990849,59.700632905031,
    -110.9195045093));
#6440 = DIRECTION('',(-6.661338150397E-14,1.,1.332267629021E-13));
#6441 = DIRECTION('',(-0.5,-1.486844518891E-13,0.866025403784));
#6442 = ADVANCED_FACE('',(#6443),#6462,.F.);
#6443 = FACE_BOUND('',#6444,.F.);
#6444 = EDGE_LOOP('',(#6445,#6453,#6460,#6461));
#6445 = ORIENTED_EDGE('',*,*,#6446,.T.);
#6446 = EDGE_CURVE('',#6188,#6447,#6449,.T.);
#6447 = VERTEX_POINT('',#6448);
#6448 = CARTESIAN_POINT('',(-16.89742627636,59.900660171782,
    -139.8447824066));
#6449 = LINE('',#6450,#6451);
#6450 = CARTESIAN_POINT('',(-16.99743990973,59.700632905032,
    -139.6715537121));
#6451 = VECTOR('',#6452,1.);
#6452 = DIRECTION('',(0.353553390593,0.707106781187,-0.612372435696));
#6453 = ORIENTED_EDGE('',*,*,#6454,.F.);
#6454 = EDGE_CURVE('',#6447,#6447,#6455,.T.);
#6455 = CIRCLE('',#6456,5.40002726675);
#6456 = AXIS2_PLACEMENT_3D('',#6457,#6458,#6459);
#6457 = CARTESIAN_POINT('',(-19.59743990973,59.900660171781,
    -135.1682216124));
#6458 = DIRECTION('',(-6.598548344133E-14,1.,1.139726096884E-13));
#6459 = DIRECTION('',(-0.5,-1.316959170465E-13,0.866025403784));
#6460 = ORIENTED_EDGE('',*,*,#6446,.F.);
#6461 = ORIENTED_EDGE('',*,*,#6195,.T.);
#6462 = CONICAL_SURFACE('',#6463,5.2,0.785398163397);
#6463 = AXIS2_PLACEMENT_3D('',#6464,#6465,#6466);
#6464 = CARTESIAN_POINT('',(-19.59743990973,59.700632905031,
    -135.1682216124));
#6465 = DIRECTION('',(-6.702131208707E-14,1.,1.136950675526E-13));
#6466 = DIRECTION('',(-0.5,-1.319734728291E-13,0.866025403784));
#6467 = ADVANCED_FACE('',(#6468),#6487,.F.);
#6468 = FACE_BOUND('',#6469,.F.);
#6469 = EDGE_LOOP('',(#6470,#6478,#6485,#6486));
#6470 = ORIENTED_EDGE('',*,*,#6471,.T.);
#6471 = EDGE_CURVE('',#6213,#6472,#6474,.T.);
#6472 = VERTEX_POINT('',#6473);
#6473 = CARTESIAN_POINT('',(17.299072057735,59.900660171783,
    -139.7820579883));
#6474 = LINE('',#6475,#6476);
#6475 = CARTESIAN_POINT('',(17.399085691112,59.70063290503,
    -139.6088292939));
#6476 = VECTOR('',#6477,1.);
#6477 = DIRECTION('',(-0.353553390593,0.707106781187,-0.612372435696));
#6478 = ORIENTED_EDGE('',*,*,#6479,.F.);
#6479 = EDGE_CURVE('',#6472,#6472,#6480,.T.);
#6480 = CIRCLE('',#6481,5.400027266753);
#6481 = AXIS2_PLACEMENT_3D('',#6482,#6483,#6484);
#6482 = CARTESIAN_POINT('',(19.999085691112,59.900660171782,
    -135.1054971942));
#6483 = DIRECTION('',(-6.598548344133E-14,1.,1.139726096884E-13));
#6484 = DIRECTION('',(0.5,-6.571043360513E-14,0.866025403784));
#6485 = ORIENTED_EDGE('',*,*,#6471,.F.);
#6486 = ORIENTED_EDGE('',*,*,#6222,.F.);
#6487 = CONICAL_SURFACE('',#6488,5.2,0.785398163397);
#6488 = AXIS2_PLACEMENT_3D('',#6489,#6490,#6491);
#6489 = CARTESIAN_POINT('',(19.999085691112,59.700632905029,
    -135.1054971942));
#6490 = DIRECTION('',(5.421814955916E-14,1.,1.136950674997E-13));
#6491 = DIRECTION('',(0.5,-1.255718915193E-13,0.866025403784));
#6492 = ADVANCED_FACE('',(#6493),#6512,.F.);
#6493 = FACE_BOUND('',#6494,.F.);
#6494 = EDGE_LOOP('',(#6495,#6503,#6510,#6511));
#6495 = ORIENTED_EDGE('',*,*,#6496,.T.);
#6496 = EDGE_CURVE('',#6238,#6497,#6499,.T.);
#6497 = VERTEX_POINT('',#6498);
#6498 = CARTESIAN_POINT('',(31.299082078863,59.900660171782,
    -115.5333524451));
#6499 = LINE('',#6500,#6501);
#6500 = CARTESIAN_POINT('',(31.399095712238,59.700632905028,
    -115.3601237507));
#6501 = VECTOR('',#6502,1.);
#6502 = DIRECTION('',(-0.35355339059,0.707106781192,-0.612372435691));
#6503 = ORIENTED_EDGE('',*,*,#6504,.F.);
#6504 = EDGE_CURVE('',#6497,#6497,#6505,.T.);
#6505 = CIRCLE('',#6506,5.400027266751);
#6506 = AXIS2_PLACEMENT_3D('',#6507,#6508,#6509);
#6507 = CARTESIAN_POINT('',(33.999095712238,59.900660171782,
    -110.856791651));
#6508 = DIRECTION('',(-6.598548344133E-14,1.,1.139726096884E-13));
#6509 = DIRECTION('',(0.5,-6.571043360513E-14,0.866025403784));
#6510 = ORIENTED_EDGE('',*,*,#6496,.F.);
#6511 = ORIENTED_EDGE('',*,*,#6245,.F.);
#6512 = CONICAL_SURFACE('',#6513,5.2,0.785398163389);
#6513 = AXIS2_PLACEMENT_3D('',#6514,#6515,#6516);
#6514 = CARTESIAN_POINT('',(33.999095712238,59.700632905027,
    -110.856791651));
#6515 = DIRECTION('',(-6.661338147635E-14,1.,1.332267629527E-13));
#6516 = DIRECTION('',(0.5,-8.207107044283E-14,0.866025403784));
#6517 = ADVANCED_FACE('',(#6518),#6536,.T.);
#6518 = FACE_BOUND('',#6519,.T.);
#6519 = EDGE_LOOP('',(#6520,#6528,#6529,#6530));
#6520 = ORIENTED_EDGE('',*,*,#6521,.F.);
#6521 = EDGE_CURVE('',#339,#6522,#6524,.T.);
#6522 = VERTEX_POINT('',#6523);
#6523 = CARTESIAN_POINT('',(-18.06732793059,52.400660171786,
    -163.9816358757));
#6524 = LINE('',#6525,#6526);
#6525 = CARTESIAN_POINT('',(-20.47285918198,54.806191423173,
    -162.9852322066));
#6526 = VECTOR('',#6527,1.);
#6527 = DIRECTION('',(-0.678598344546,0.678598344546,0.281084637715));
#6528 = ORIENTED_EDGE('',*,*,#338,.T.);
#6529 = ORIENTED_EDGE('',*,*,#871,.T.);
#6530 = ORIENTED_EDGE('',*,*,#6531,.T.);
#6531 = EDGE_CURVE('',#864,#6522,#6532,.T.);
#6532 = LINE('',#6533,#6534);
#6533 = CARTESIAN_POINT('',(-18.06732793059,52.400660171783,
    -141.0873343458));
#6534 = VECTOR('',#6535,1.);
#6535 = DIRECTION('',(-2.249218283363E-15,1.139726096884E-13,-1.));
#6536 = PLANE('',#6537);
#6537 = AXIS2_PLACEMENT_3D('',#6538,#6539,#6540);
#6538 = CARTESIAN_POINT('',(-17.81732793059,52.150660171783,
    -141.0873343458));
#6539 = DIRECTION('',(-0.707106781187,-0.707106781187,
    -7.900036767969E-14));
#6540 = DIRECTION('',(-1.11723391458E-13,5.29394582292E-23,1.));
#6541 = ADVANCED_FACE('',(#6542),#6560,.T.);
#6542 = FACE_BOUND('',#6543,.T.);
#6543 = EDGE_LOOP('',(#6544,#6552,#6553,#6554));
#6544 = ORIENTED_EDGE('',*,*,#6545,.T.);
#6545 = EDGE_CURVE('',#6546,#264,#6548,.T.);
#6546 = VERTEX_POINT('',#6547);
#6547 = CARTESIAN_POINT('',(18.382672069407,52.400660171788,
    -163.9816358757));
#6548 = LINE('',#6549,#6550);
#6549 = CARTESIAN_POINT('',(18.382672069407,52.400660171785,
    -133.0873343458));
#6550 = VECTOR('',#6551,1.);
#6551 = DIRECTION('',(2.371682963277E-15,-1.139726096884E-13,1.));
#6552 = ORIENTED_EDGE('',*,*,#263,.T.);
#6553 = ORIENTED_EDGE('',*,*,#489,.T.);
#6554 = ORIENTED_EDGE('',*,*,#6555,.F.);
#6555 = EDGE_CURVE('',#6546,#482,#6556,.T.);
#6556 = LINE('',#6557,#6558);
#6557 = CARTESIAN_POINT('',(18.382672069407,52.400660171788,
    -163.9816358757));
#6558 = VECTOR('',#6559,1.);
#6559 = DIRECTION('',(-0.678598344546,-0.678598344546,-0.281084637715));
#6560 = PLANE('',#6561);
#6561 = AXIS2_PLACEMENT_3D('',#6562,#6563,#6564);
#6562 = CARTESIAN_POINT('',(18.132672069407,52.150660171785,
    -133.0873343458));
#6563 = DIRECTION('',(0.707106781187,-0.707106781187,-8.226783828638E-14
    ));
#6564 = DIRECTION('',(-1.163442927047E-13,-5.293973590824E-23,-1.));
#6565 = ADVANCED_FACE('',(#6566),#6591,.T.);
#6566 = FACE_BOUND('',#6567,.T.);
#6567 = EDGE_LOOP('',(#6568,#6576,#6577,#6585));
#6568 = ORIENTED_EDGE('',*,*,#6569,.T.);
#6569 = EDGE_CURVE('',#6570,#6546,#6572,.T.);
#6570 = VERTEX_POINT('',#6571);
#6571 = CARTESIAN_POINT('',(18.382672069407,55.107766952975,
    -166.6887426568));
#6572 = LINE('',#6573,#6574);
#6573 = CARTESIAN_POINT('',(18.382672069407,51.754173519435,
    -163.3351492233));
#6574 = VECTOR('',#6575,1.);
#6575 = DIRECTION('',(1.453582679884E-15,-0.707106781187,0.707106781187)
  );
#6576 = ORIENTED_EDGE('',*,*,#6555,.T.);
#6577 = ORIENTED_EDGE('',*,*,#6578,.T.);
#6578 = EDGE_CURVE('',#482,#6579,#6581,.T.);
#6579 = VERTEX_POINT('',#6580);
#6580 = CARTESIAN_POINT('',(17.882672069407,54.900660171788,
    -167.1887426568));
#6581 = LINE('',#6582,#6583);
#6582 = CARTESIAN_POINT('',(17.882672069407,51.400620128842,
    -163.6887026139));
#6583 = VECTOR('',#6584,1.);
#6584 = DIRECTION('',(-1.453582679884E-15,0.707106781187,-0.707106781187
    ));
#6585 = ORIENTED_EDGE('',*,*,#6586,.F.);
#6586 = EDGE_CURVE('',#6570,#6579,#6587,.T.);
#6587 = LINE('',#6588,#6589);
#6588 = CARTESIAN_POINT('',(18.382672069407,55.107766952975,
    -166.6887426568));
#6589 = VECTOR('',#6590,1.);
#6590 = DIRECTION('',(-0.678598344546,-0.281084637715,-0.678598344546));
#6591 = PLANE('',#6592);
#6592 = AXIS2_PLACEMENT_3D('',#6593,#6594,#6595);
#6593 = CARTESIAN_POINT('',(18.132672069407,51.577396824139,
    -163.5119259186));
#6594 = DIRECTION('',(0.707106781187,-0.5,-0.5));
#6595 = DIRECTION('',(-0.57735026919,5.551115123126E-17,-0.816496580928)
  );
#6596 = ADVANCED_FACE('',(#6597),#6613,.T.);
#6597 = FACE_BOUND('',#6598,.T.);
#6598 = EDGE_LOOP('',(#6599,#6605,#6606,#6612));
#6599 = ORIENTED_EDGE('',*,*,#6600,.F.);
#6600 = EDGE_CURVE('',#6280,#5383,#6601,.T.);
#6601 = LINE('',#6602,#6603);
#6602 = CARTESIAN_POINT('',(-10.41732796832,62.900620128837,
    -167.1887426568));
#6603 = VECTOR('',#6604,1.);
#6604 = DIRECTION('',(-6.598257303945E-14,1.,1.690136191029E-15));
#6605 = ORIENTED_EDGE('',*,*,#6296,.F.);
#6606 = ORIENTED_EDGE('',*,*,#6607,.F.);
#6607 = EDGE_CURVE('',#5455,#6289,#6608,.T.);
#6608 = LINE('',#6609,#6610);
#6609 = CARTESIAN_POINT('',(-17.56732793059,63.900540042948,
    -167.1887426568));
#6610 = VECTOR('',#6611,1.);
#6611 = DIRECTION('',(3.160066050387E-16,-1.,-1.690136243968E-15));
#6612 = ORIENTED_EDGE('',*,*,#5477,.F.);
#6613 = PLANE('',#6614);
#6614 = AXIS2_PLACEMENT_3D('',#6615,#6616,#6617);
#6615 = CARTESIAN_POINT('',(-13.96732793059,65.900580085893,
    -167.1887426568));
#6616 = DIRECTION('',(1.269837787901E-15,1.698585220906E-15,-1.));
#6617 = DIRECTION('',(-1.,2.64697796017E-23,-1.269837787901E-15));
#6618 = ADVANCED_FACE('',(#6619),#6637,.T.);
#6619 = FACE_BOUND('',#6620,.T.);
#6620 = EDGE_LOOP('',(#6621,#6622,#6623,#6631));
#6621 = ORIENTED_EDGE('',*,*,#6288,.T.);
#6622 = ORIENTED_EDGE('',*,*,#6521,.T.);
#6623 = ORIENTED_EDGE('',*,*,#6624,.T.);
#6624 = EDGE_CURVE('',#6522,#6625,#6627,.T.);
#6625 = VERTEX_POINT('',#6626);
#6626 = CARTESIAN_POINT('',(-18.06732793059,55.107766952973,
    -166.6887426568));
#6627 = LINE('',#6628,#6629);
#6628 = CARTESIAN_POINT('',(-18.06732793059,55.754173519434,
    -167.3351492233));
#6629 = VECTOR('',#6630,1.);
#6630 = DIRECTION('',(-1.813887889375E-15,0.707106781187,-0.707106781187
    ));
#6631 = ORIENTED_EDGE('',*,*,#6632,.F.);
#6632 = EDGE_CURVE('',#6289,#6625,#6633,.T.);
#6633 = LINE('',#6634,#6635);
#6634 = CARTESIAN_POINT('',(-17.56732793059,54.900660171786,
    -167.1887426568));
#6635 = VECTOR('',#6636,1.);
#6636 = DIRECTION('',(-0.678598344546,0.281084637715,0.678598344546));
#6637 = PLANE('',#6638);
#6638 = AXIS2_PLACEMENT_3D('',#6639,#6640,#6641);
#6639 = CARTESIAN_POINT('',(-17.81732793059,55.577396824137,
    -167.5119259186));
#6640 = DIRECTION('',(-0.707106781187,-0.5,-0.5));
#6641 = DIRECTION('',(-0.57735026919,-1.665334536938E-16,0.816496580928)
  );
#6642 = ADVANCED_FACE('',(#6643),#6661,.T.);
#6643 = FACE_BOUND('',#6644,.T.);
#6644 = EDGE_LOOP('',(#6645,#6653,#6659,#6660));
#6645 = ORIENTED_EDGE('',*,*,#6646,.T.);
#6646 = EDGE_CURVE('',#5375,#6647,#6649,.T.);
#6647 = VERTEX_POINT('',#6648);
#6648 = CARTESIAN_POINT('',(-9.91732796832,55.107766952973,
    -166.6887426568));
#6649 = LINE('',#6650,#6651);
#6650 = CARTESIAN_POINT('',(-9.917327968321,62.900620128837,
    -166.6887426568));
#6651 = VECTOR('',#6652,1.);
#6652 = DIRECTION('',(6.598257303945E-14,-1.,-1.690136191029E-15));
#6653 = ORIENTED_EDGE('',*,*,#6654,.T.);
#6654 = EDGE_CURVE('',#6647,#6280,#6655,.T.);
#6655 = LINE('',#6656,#6657);
#6656 = CARTESIAN_POINT('',(-9.91732796832,55.107766952973,
    -166.6887426568));
#6657 = VECTOR('',#6658,1.);
#6658 = DIRECTION('',(-0.678598344546,-0.281084637715,-0.678598344546));
#6659 = ORIENTED_EDGE('',*,*,#6600,.T.);
#6660 = ORIENTED_EDGE('',*,*,#5382,.F.);
#6661 = PLANE('',#6662);
#6662 = AXIS2_PLACEMENT_3D('',#6663,#6664,#6665);
#6663 = CARTESIAN_POINT('',(-10.16732796832,62.900620128837,
    -166.9387426568));
#6664 = DIRECTION('',(0.707106781187,4.785780593214E-14,-0.707106781186)
  );
#6665 = DIRECTION('',(-0.707106781186,-1.871695875482E-23,
    -0.707106781187));
#6666 = ADVANCED_FACE('',(#6667),#6685,.T.);
#6667 = FACE_BOUND('',#6668,.T.);
#6668 = EDGE_LOOP('',(#6669,#6677,#6683,#6684));
#6669 = ORIENTED_EDGE('',*,*,#6670,.T.);
#6670 = EDGE_CURVE('',#5626,#6671,#6673,.T.);
#6671 = VERTEX_POINT('',#6672);
#6672 = CARTESIAN_POINT('',(-9.917327968324,59.400660171782,
    -143.3150204004));
#6673 = LINE('',#6674,#6675);
#6674 = CARTESIAN_POINT('',(-11.89089907298,61.374231276447,
    -142.4975404825));
#6675 = VECTOR('',#6676,1.);
#6676 = DIRECTION('',(0.678598344546,-0.678598344546,-0.281084637715));
#6677 = ORIENTED_EDGE('',*,*,#6678,.T.);
#6678 = EDGE_CURVE('',#6671,#5273,#6679,.T.);
#6679 = LINE('',#6680,#6681);
#6680 = CARTESIAN_POINT('',(-9.917327968324,54.760332545084,
    -138.6746927737));
#6681 = VECTOR('',#6682,1.);
#6682 = DIRECTION('',(6.222614022401E-14,0.707106781187,-0.707106781187)
  );
#6683 = ORIENTED_EDGE('',*,*,#5298,.T.);
#6684 = ORIENTED_EDGE('',*,*,#5625,.T.);
#6685 = PLANE('',#6686);
#6686 = AXIS2_PLACEMENT_3D('',#6687,#6688,#6689);
#6687 = CARTESIAN_POINT('',(-10.16732796832,54.93710924038,
    -138.4979160784));
#6688 = DIRECTION('',(0.707106781187,0.5,0.5));
#6689 = DIRECTION('',(0.57735026919,5.551115123126E-17,-0.816496580928)
  );
#6690 = ADVANCED_FACE('',(#6691),#6709,.T.);
#6691 = FACE_BOUND('',#6692,.T.);
#6692 = EDGE_LOOP('',(#6693,#6701,#6707,#6708));
#6693 = ORIENTED_EDGE('',*,*,#6694,.F.);
#6694 = EDGE_CURVE('',#6695,#474,#6697,.T.);
#6695 = VERTEX_POINT('',#6696);
#6696 = CARTESIAN_POINT('',(10.682672377287,54.900660171788,
    -167.1887426568));
#6697 = LINE('',#6698,#6699);
#6698 = CARTESIAN_POINT('',(10.682672377287,46.827588074152,
    -159.1156705592));
#6699 = VECTOR('',#6700,1.);
#6700 = DIRECTION('',(-6.220164762604E-14,-0.707106781187,0.707106781187
    ));
#6701 = ORIENTED_EDGE('',*,*,#6702,.T.);
#6702 = EDGE_CURVE('',#6695,#6579,#6703,.T.);
#6703 = LINE('',#6704,#6705);
#6704 = CARTESIAN_POINT('',(11.963823658806,54.900660171788,
    -167.1887426568));
#6705 = VECTOR('',#6706,1.);
#6706 = DIRECTION('',(1.,6.598548344133E-14,3.157216929764E-15));
#6707 = ORIENTED_EDGE('',*,*,#6578,.F.);
#6708 = ORIENTED_EDGE('',*,*,#481,.F.);
#6709 = PLANE('',#6710);
#6710 = AXIS2_PLACEMENT_3D('',#6711,#6712,#6713);
#6711 = CARTESIAN_POINT('',(-2.161091384138,53.400660171787,
    -165.6887426568));
#6712 = DIRECTION('',(4.755669371207E-14,-0.707106781187,-0.707106781187
    ));
#6713 = DIRECTION('',(-1.,2.646976697992E-23,-6.72553212557E-14));
#6714 = ADVANCED_FACE('',(#6715),#6733,.T.);
#6715 = FACE_BOUND('',#6716,.T.);
#6716 = EDGE_LOOP('',(#6717,#6725,#6731,#6732));
#6717 = ORIENTED_EDGE('',*,*,#6718,.T.);
#6718 = EDGE_CURVE('',#5172,#6719,#6721,.T.);
#6719 = VERTEX_POINT('',#6720);
#6720 = CARTESIAN_POINT('',(10.182672377283,59.400660171784,
    -143.3150204004));
#6721 = LINE('',#6722,#6723);
#6722 = CARTESIAN_POINT('',(10.182672377283,57.994241942974,
    -141.9086021716));
#6723 = VECTOR('',#6724,1.);
#6724 = DIRECTION('',(-6.222614022401E-14,-0.707106781187,0.707106781187
    ));
#6725 = ORIENTED_EDGE('',*,*,#6726,.T.);
#6726 = EDGE_CURVE('',#6719,#5033,#6727,.T.);
#6727 = LINE('',#6728,#6729);
#6728 = CARTESIAN_POINT('',(11.975573054684,61.193560849185,
    -142.5723766238));
#6729 = VECTOR('',#6730,1.);
#6730 = DIRECTION('',(0.678598344546,0.678598344546,0.281084637715));
#6731 = ORIENTED_EDGE('',*,*,#5032,.T.);
#6732 = ORIENTED_EDGE('',*,*,#5179,.T.);
#6733 = PLANE('',#6734);
#6734 = AXIS2_PLACEMENT_3D('',#6735,#6736,#6737);
#6735 = CARTESIAN_POINT('',(10.432672377283,58.17101863827,
    -141.7318254763));
#6736 = DIRECTION('',(-0.707106781187,0.5,0.5));
#6737 = DIRECTION('',(0.57735026919,4.163336342344E-16,0.816496580928));
#6738 = ADVANCED_FACE('',(#6739),#6762,.T.);
#6739 = FACE_BOUND('',#6740,.T.);
#6740 = EDGE_LOOP('',(#6741,#6747,#6755,#6761));
#6741 = ORIENTED_EDGE('',*,*,#6742,.T.);
#6742 = EDGE_CURVE('',#5146,#6695,#6743,.T.);
#6743 = LINE('',#6744,#6745);
#6744 = CARTESIAN_POINT('',(10.682672377287,62.900620128839,
    -167.1887426568));
#6745 = VECTOR('',#6746,1.);
#6746 = DIRECTION('',(6.594837665899E-14,-1.,-1.698585220906E-15));
#6747 = ORIENTED_EDGE('',*,*,#6748,.F.);
#6748 = EDGE_CURVE('',#6749,#6695,#6751,.T.);
#6749 = VERTEX_POINT('',#6750);
#6750 = CARTESIAN_POINT('',(10.182672377287,55.107766952975,
    -166.6887426568));
#6751 = LINE('',#6752,#6753);
#6752 = CARTESIAN_POINT('',(10.182672377287,55.107766952975,
    -166.6887426568));
#6753 = VECTOR('',#6754,1.);
#6754 = DIRECTION('',(0.678598344546,-0.281084637715,-0.678598344546));
#6755 = ORIENTED_EDGE('',*,*,#6756,.T.);
#6756 = EDGE_CURVE('',#6749,#5249,#6757,.T.);
#6757 = LINE('',#6758,#6759);
#6758 = CARTESIAN_POINT('',(10.182672377287,62.900620128839,
    -166.6887426568));
#6759 = VECTOR('',#6760,1.);
#6760 = DIRECTION('',(-6.594837667824E-14,1.,1.690136191029E-15));
#6761 = ORIENTED_EDGE('',*,*,#5258,.T.);
#6762 = PLANE('',#6763);
#6763 = AXIS2_PLACEMENT_3D('',#6764,#6765,#6766);
#6764 = CARTESIAN_POINT('',(10.432672377287,62.900620128839,
    -166.9387426568));
#6765 = DIRECTION('',(-0.707106781186,-4.543146321568E-14,
    -0.707106781187));
#6766 = DIRECTION('',(-0.707106781187,5.615087941992E-23,0.707106781186)
  );
#6767 = ADVANCED_FACE('',(#6768),#6786,.T.);
#6768 = FACE_BOUND('',#6769,.T.);
#6769 = EDGE_LOOP('',(#6770,#6778,#6784,#6785));
#6770 = ORIENTED_EDGE('',*,*,#6771,.F.);
#6771 = EDGE_CURVE('',#6772,#474,#6774,.T.);
#6772 = VERTEX_POINT('',#6773);
#6773 = CARTESIAN_POINT('',(10.182672377287,52.400660171788,
    -163.9816358757));
#6774 = LINE('',#6775,#6776);
#6775 = CARTESIAN_POINT('',(7.393551420551,55.189781128523,
    -162.8263441483));
#6776 = VECTOR('',#6777,1.);
#6777 = DIRECTION('',(0.678598344546,-0.678598344546,-0.281084637715));
#6778 = ORIENTED_EDGE('',*,*,#6779,.T.);
#6779 = EDGE_CURVE('',#6772,#6749,#6780,.T.);
#6780 = LINE('',#6781,#6782);
#6781 = CARTESIAN_POINT('',(10.182672377287,47.181141464746,
    -158.7621171686));
#6782 = VECTOR('',#6783,1.);
#6783 = DIRECTION('',(6.220164762604E-14,0.707106781187,-0.707106781187)
  );
#6784 = ORIENTED_EDGE('',*,*,#6748,.T.);
#6785 = ORIENTED_EDGE('',*,*,#6694,.T.);
#6786 = PLANE('',#6787);
#6787 = AXIS2_PLACEMENT_3D('',#6788,#6789,#6790);
#6788 = CARTESIAN_POINT('',(10.432672377287,47.004364769449,
    -158.9388938639));
#6789 = DIRECTION('',(-0.707106781186,-0.5,-0.5));
#6790 = DIRECTION('',(-0.57735026919,1.110223024625E-16,0.816496580928)
  );
#6791 = ADVANCED_FACE('',(#6792),#6810,.T.);
#6792 = FACE_BOUND('',#6793,.T.);
#6793 = EDGE_LOOP('',(#6794,#6802,#6803,#6804));
#6794 = ORIENTED_EDGE('',*,*,#6795,.F.);
#6795 = EDGE_CURVE('',#347,#6796,#6798,.T.);
#6796 = VERTEX_POINT('',#6797);
#6797 = CARTESIAN_POINT('',(-9.91732796832,52.400660171786,
    -163.9816358757));
#6798 = LINE('',#6799,#6800);
#6799 = CARTESIAN_POINT('',(-6.947536584322,55.370451555785,
    -162.751508007));
#6800 = VECTOR('',#6801,1.);
#6801 = DIRECTION('',(0.678598344546,0.678598344546,0.281084637715));
#6802 = ORIENTED_EDGE('',*,*,#6279,.T.);
#6803 = ORIENTED_EDGE('',*,*,#6654,.F.);
#6804 = ORIENTED_EDGE('',*,*,#6805,.T.);
#6805 = EDGE_CURVE('',#6647,#6796,#6806,.T.);
#6806 = LINE('',#6807,#6808);
#6807 = CARTESIAN_POINT('',(-9.917327968321,43.947232066855,
    -155.5282077707));
#6808 = VECTOR('',#6809,1.);
#6809 = DIRECTION('',(-6.2189643037E-14,-0.707106781187,0.707106781187)
  );
#6810 = PLANE('',#6811);
#6811 = AXIS2_PLACEMENT_3D('',#6812,#6813,#6814);
#6812 = CARTESIAN_POINT('',(-10.16732796832,43.770455371559,
    -155.704984466));
#6813 = DIRECTION('',(0.707106781187,-0.5,-0.5));
#6814 = DIRECTION('',(-0.577350269189,1.665334536938E-16,-0.816496580928
    ));
#6815 = ADVANCED_FACE('',(#6816),#6834,.T.);
#6816 = FACE_BOUND('',#6817,.T.);
#6817 = EDGE_LOOP('',(#6818,#6819,#6827,#6833));
#6818 = ORIENTED_EDGE('',*,*,#6795,.T.);
#6819 = ORIENTED_EDGE('',*,*,#6820,.T.);
#6820 = EDGE_CURVE('',#6796,#6821,#6823,.T.);
#6821 = VERTEX_POINT('',#6822);
#6822 = CARTESIAN_POINT('',(-9.917327968327,52.400660171782,
    -121.9608166748));
#6823 = LINE('',#6824,#6825);
#6824 = CARTESIAN_POINT('',(-9.917327968327,52.400660171781,
    -118.4733713548));
#6825 = VECTOR('',#6826,1.);
#6826 = DIRECTION('',(-1.539320096158E-13,-1.139726096885E-13,1.));
#6827 = ORIENTED_EDGE('',*,*,#6828,.F.);
#6828 = EDGE_CURVE('',#355,#6821,#6829,.T.);
#6829 = LINE('',#6830,#6831);
#6830 = CARTESIAN_POINT('',(-10.41732796832,51.900660171782,
    -121.9608166748));
#6831 = VECTOR('',#6832,1.);
#6832 = DIRECTION('',(0.707106781187,0.707106781187,2.009669424212E-13)
  );
#6833 = ORIENTED_EDGE('',*,*,#354,.T.);
#6834 = PLANE('',#6835);
#6835 = AXIS2_PLACEMENT_3D('',#6836,#6837,#6838);
#6836 = CARTESIAN_POINT('',(-10.16732796832,52.150660171781,
    -118.4733713548));
#6837 = DIRECTION('',(0.707106781187,-0.707106781187,2.825556266077E-14)
  );
#6838 = DIRECTION('',(3.995939987441E-14,-5.293957813606E-23,-1.));
#6839 = ADVANCED_FACE('',(#6840),#6859,.F.);
#6840 = FACE_BOUND('',#6841,.F.);
#6841 = EDGE_LOOP('',(#6842,#6851,#6852,#6853));
#6842 = ORIENTED_EDGE('',*,*,#6843,.F.);
#6843 = EDGE_CURVE('',#6821,#6844,#6846,.T.);
#6844 = VERTEX_POINT('',#6845);
#6845 = CARTESIAN_POINT('',(-7.917327968327,52.400660171782,
    -119.9608166748));
#6846 = CIRCLE('',#6847,2.);
#6847 = AXIS2_PLACEMENT_3D('',#6848,#6849,#6850);
#6848 = CARTESIAN_POINT('',(-7.917327968327,52.400660171782,
    -121.9608166748));
#6849 = DIRECTION('',(-6.598548344133E-14,1.,1.139726096884E-13));
#6850 = DIRECTION('',(-0.707106781187,-1.272495879815E-13,0.707106781186
    ));
#6851 = ORIENTED_EDGE('',*,*,#6828,.F.);
#6852 = ORIENTED_EDGE('',*,*,#362,.F.);
#6853 = ORIENTED_EDGE('',*,*,#6854,.T.);
#6854 = EDGE_CURVE('',#363,#6844,#6855,.T.);
#6855 = LINE('',#6856,#6857);
#6856 = CARTESIAN_POINT('',(-7.917327968327,51.900660171781,
    -119.4608166748));
#6857 = VECTOR('',#6858,1.);
#6858 = DIRECTION('',(6.122871365447E-14,0.707106781187,-0.707106781186)
  );
#6859 = CONICAL_SURFACE('',#6860,2.25,0.785398163397);
#6860 = AXIS2_PLACEMENT_3D('',#6861,#6862,#6863);
#6861 = CARTESIAN_POINT('',(-7.917327968327,52.150660171782,
    -121.9608166748));
#6862 = DIRECTION('',(6.661338145104E-14,-1.,-1.065814103111E-13));
#6863 = DIRECTION('',(-0.707106781187,-1.224672117212E-13,0.707106781186
    ));
#6864 = ADVANCED_FACE('',(#6865),#6883,.T.);
#6865 = FACE_BOUND('',#6866,.T.);
#6866 = EDGE_LOOP('',(#6867,#6875,#6876,#6877));
#6867 = ORIENTED_EDGE('',*,*,#6868,.F.);
#6868 = EDGE_CURVE('',#372,#6869,#6871,.T.);
#6869 = VERTEX_POINT('',#6870);
#6870 = CARTESIAN_POINT('',(-4.867574435098,52.400660171782,
    -119.9608166748));
#6871 = LINE('',#6872,#6873);
#6872 = CARTESIAN_POINT('',(-4.867574435098,51.900660171782,
    -119.4608166748));
#6873 = VECTOR('',#6874,1.);
#6874 = DIRECTION('',(5.965862119579E-14,0.707106781187,-0.707106781186)
  );
#6875 = ORIENTED_EDGE('',*,*,#371,.T.);
#6876 = ORIENTED_EDGE('',*,*,#6854,.T.);
#6877 = ORIENTED_EDGE('',*,*,#6878,.T.);
#6878 = EDGE_CURVE('',#6844,#6869,#6879,.T.);
#6879 = LINE('',#6880,#6881);
#6880 = CARTESIAN_POINT('',(9.538738734598,52.400660171783,
    -119.9608166748));
#6881 = VECTOR('',#6882,1.);
#6882 = DIRECTION('',(1.,6.598548344131E-14,1.539301680751E-13));
#6883 = PLANE('',#6884);
#6884 = AXIS2_PLACEMENT_3D('',#6885,#6886,#6887);
#6885 = CARTESIAN_POINT('',(9.538738734598,52.150660171783,
    -119.7108166748));
#6886 = DIRECTION('',(1.555038484763E-13,-0.707106781186,-0.707106781187
    ));
#6887 = DIRECTION('',(-1.,2.646974173637E-23,-2.199156515429E-13));
#6888 = ADVANCED_FACE('',(#6889),#6908,.F.);
#6889 = FACE_BOUND('',#6890,.F.);
#6890 = EDGE_LOOP('',(#6891,#6900,#6901,#6902));
#6891 = ORIENTED_EDGE('',*,*,#6892,.F.);
#6892 = EDGE_CURVE('',#6869,#6893,#6895,.T.);
#6893 = VERTEX_POINT('',#6894);
#6894 = CARTESIAN_POINT('',(-2.867574435097,52.400660171782,
    -121.9608166748));
#6895 = CIRCLE('',#6896,2.);
#6896 = AXIS2_PLACEMENT_3D('',#6897,#6898,#6899);
#6897 = CARTESIAN_POINT('',(-4.867574435097,52.400660171782,
    -121.9608166748));
#6898 = DIRECTION('',(-6.598548344133E-14,1.,1.139726096884E-13));
#6899 = DIRECTION('',(0.707106781186,-3.3932022379E-14,0.707106781187));
#6900 = ORIENTED_EDGE('',*,*,#6868,.F.);
#6901 = ORIENTED_EDGE('',*,*,#379,.F.);
#6902 = ORIENTED_EDGE('',*,*,#6903,.T.);
#6903 = EDGE_CURVE('',#380,#6893,#6904,.T.);
#6904 = LINE('',#6905,#6906);
#6905 = CARTESIAN_POINT('',(-2.367574435097,51.900660171782,
    -121.9608166748));
#6906 = VECTOR('',#6907,1.);
#6907 = DIRECTION('',(-0.707106781187,0.707106781186,7.53693302323E-14)
  );
#6908 = CONICAL_SURFACE('',#6909,2.25,0.785398163397);
#6909 = AXIS2_PLACEMENT_3D('',#6910,#6911,#6912);
#6910 = CARTESIAN_POINT('',(-4.867574435097,52.150660171782,
    -121.9608166748));
#6911 = DIRECTION('',(6.550315842642E-14,-1.,-1.065814103111E-13));
#6912 = DIRECTION('',(0.707106781186,-2.904671046694E-14,0.707106781187)
  );
#6913 = ADVANCED_FACE('',(#6914),#6933,.T.);
#6914 = FACE_BOUND('',#6915,.T.);
#6915 = EDGE_LOOP('',(#6916,#6917,#6918,#6926));
#6916 = ORIENTED_EDGE('',*,*,#388,.T.);
#6917 = ORIENTED_EDGE('',*,*,#6903,.T.);
#6918 = ORIENTED_EDGE('',*,*,#6919,.T.);
#6919 = EDGE_CURVE('',#6893,#6920,#6922,.T.);
#6920 = VERTEX_POINT('',#6921);
#6921 = CARTESIAN_POINT('',(-2.867574435097,52.400660171783,
    -128.5084357305));
#6922 = LINE('',#6923,#6924);
#6923 = CARTESIAN_POINT('',(-2.867574435097,52.400660171782,
    -118.0477386193));
#6924 = VECTOR('',#6925,1.);
#6925 = DIRECTION('',(8.076928040828E-15,1.139726096884E-13,-1.));
#6926 = ORIENTED_EDGE('',*,*,#6927,.F.);
#6927 = EDGE_CURVE('',#389,#6920,#6928,.T.);
#6928 = B_SPLINE_CURVE_WITH_KNOTS('',3,(#6929,#6930,#6931,#6932),
  .UNSPECIFIED.,.F.,.F.,(4,4),(-7.071778050978E-02,0.),
  .PIECEWISE_BEZIER_KNOTS.);
#6929 = CARTESIAN_POINT('',(-2.367574435097,51.900660171783,
    -128.5368856175));
#6930 = CARTESIAN_POINT('',(-2.534127641771,52.067213378457,
    -128.5276299891));
#6931 = CARTESIAN_POINT('',(-2.701032448327,52.234118185012,
    -128.5181439606));
#6932 = CARTESIAN_POINT('',(-2.867574435097,52.400660171783,
    -128.5084357305));
#6933 = PLANE('',#6934);
#6934 = AXIS2_PLACEMENT_3D('',#6935,#6936,#6937);
#6935 = CARTESIAN_POINT('',(-2.617574435097,52.150660171782,
    -118.0477386193));
#6936 = DIRECTION('',(-0.707106781186,-0.707106781187,
    -8.630205576906E-14));
#6937 = DIRECTION('',(-1.220495377822E-13,5.293939512033E-23,1.));
#6938 = ADVANCED_FACE('',(#6939),#6957,.T.);
#6939 = FACE_BOUND('',#6940,.T.);
#6940 = EDGE_LOOP('',(#6941,#6942,#6943,#6951));
#6941 = ORIENTED_EDGE('',*,*,#6771,.T.);
#6942 = ORIENTED_EDGE('',*,*,#473,.T.);
#6943 = ORIENTED_EDGE('',*,*,#6944,.F.);
#6944 = EDGE_CURVE('',#6945,#465,#6947,.T.);
#6945 = VERTEX_POINT('',#6946);
#6946 = CARTESIAN_POINT('',(10.182672377281,52.400660171783,
    -121.9608166748));
#6947 = LINE('',#6948,#6949);
#6948 = CARTESIAN_POINT('',(10.182672377281,52.400660171783,
    -121.9608166748));
#6949 = VECTOR('',#6950,1.);
#6950 = DIRECTION('',(0.707106781187,-0.707106781186,2.511658712346E-14)
  );
#6951 = ORIENTED_EDGE('',*,*,#6952,.T.);
#6952 = EDGE_CURVE('',#6945,#6772,#6953,.T.);
#6953 = LINE('',#6954,#6955);
#6954 = CARTESIAN_POINT('',(10.182672377281,52.400660171783,
    -124.9411901505));
#6955 = VECTOR('',#6956,1.);
#6956 = DIRECTION('',(1.539147903337E-13,1.139726096885E-13,-1.));
#6957 = PLANE('',#6958);
#6958 = AXIS2_PLACEMENT_3D('',#6959,#6960,#6961);
#6959 = CARTESIAN_POINT('',(10.432672377281,52.150660171783,
    -124.9411901505));
#6960 = DIRECTION('',(-0.707106781186,-0.707106781187,
    -1.894249971501E-13));
#6961 = DIRECTION('',(-2.678874000751E-13,5.293998834373E-23,1.));
#6962 = ADVANCED_FACE('',(#6963),#6982,.F.);
#6963 = FACE_BOUND('',#6964,.F.);
#6964 = EDGE_LOOP('',(#6965,#6974,#6980,#6981));
#6965 = ORIENTED_EDGE('',*,*,#6966,.F.);
#6966 = EDGE_CURVE('',#6967,#6945,#6969,.T.);
#6967 = VERTEX_POINT('',#6968);
#6968 = CARTESIAN_POINT('',(8.18267237728,52.400660171782,
    -119.9608166748));
#6969 = CIRCLE('',#6970,2.);
#6970 = AXIS2_PLACEMENT_3D('',#6971,#6972,#6973);
#6971 = CARTESIAN_POINT('',(8.182672377281,52.400660171783,
    -121.9608166748));
#6972 = DIRECTION('',(-6.598548344133E-14,1.,1.139726096884E-13));
#6973 = DIRECTION('',(0.707106781186,-3.393202237901E-14,0.707106781187)
  );
#6974 = ORIENTED_EDGE('',*,*,#6975,.T.);
#6975 = EDGE_CURVE('',#6967,#457,#6976,.T.);
#6976 = LINE('',#6977,#6978);
#6977 = CARTESIAN_POINT('',(8.18267237728,52.400660171782,
    -119.9608166748));
#6978 = VECTOR('',#6979,1.);
#6979 = DIRECTION('',(-6.122871365447E-14,-0.707106781187,0.707106781186
    ));
#6980 = ORIENTED_EDGE('',*,*,#464,.F.);
#6981 = ORIENTED_EDGE('',*,*,#6944,.F.);
#6982 = CONICAL_SURFACE('',#6983,2.25,0.785398163397);
#6983 = AXIS2_PLACEMENT_3D('',#6984,#6985,#6986);
#6984 = CARTESIAN_POINT('',(8.182672377281,52.150660171783,
    -121.9608166748));
#6985 = DIRECTION('',(6.661338145104E-14,-1.,-1.065814103111E-13));
#6986 = DIRECTION('',(0.707106781186,-2.826166423761E-14,0.707106781187)
  );
#6987 = ADVANCED_FACE('',(#6988),#7006,.T.);
#6988 = FACE_BOUND('',#6989,.T.);
#6989 = EDGE_LOOP('',(#6990,#6991,#6992,#7000));
#6990 = ORIENTED_EDGE('',*,*,#6975,.T.);
#6991 = ORIENTED_EDGE('',*,*,#456,.T.);
#6992 = ORIENTED_EDGE('',*,*,#6993,.F.);
#6993 = EDGE_CURVE('',#6994,#448,#6996,.T.);
#6994 = VERTEX_POINT('',#6995);
#6995 = CARTESIAN_POINT('',(5.13238685933,52.400660171782,
    -119.9608166746));
#6996 = LINE('',#6997,#6998);
#6997 = CARTESIAN_POINT('',(5.13238685933,52.400660171782,
    -119.9608166746));
#6998 = VECTOR('',#6999,1.);
#6999 = DIRECTION('',(-6.279880611316E-14,-0.707106781187,0.707106781186
    ));
#7000 = ORIENTED_EDGE('',*,*,#7001,.T.);
#7001 = EDGE_CURVE('',#6994,#6967,#7002,.T.);
#7002 = LINE('',#7003,#7004);
#7003 = CARTESIAN_POINT('',(9.538738734598,52.400660171783,
    -119.9608166748));
#7004 = VECTOR('',#7005,1.);
#7005 = DIRECTION('',(1.,6.598548344131E-14,1.539301680751E-13));
#7006 = PLANE('',#7007);
#7007 = AXIS2_PLACEMENT_3D('',#7008,#7009,#7010);
#7008 = CARTESIAN_POINT('',(9.538738734598,52.150660171783,
    -119.7108166748));
#7009 = DIRECTION('',(1.555038484763E-13,-0.707106781186,-0.707106781187
    ));
#7010 = DIRECTION('',(-1.,2.646974173637E-23,-2.199156515429E-13));
#7011 = ADVANCED_FACE('',(#7012),#7031,.F.);
#7012 = FACE_BOUND('',#7013,.F.);
#7013 = EDGE_LOOP('',(#7014,#7023,#7029,#7030));
#7014 = ORIENTED_EDGE('',*,*,#7015,.F.);
#7015 = EDGE_CURVE('',#7016,#6994,#7018,.T.);
#7016 = VERTEX_POINT('',#7017);
#7017 = CARTESIAN_POINT('',(3.132386859449,52.400660171782,
    -121.9608384954));
#7018 = CIRCLE('',#7019,2.);
#7019 = AXIS2_PLACEMENT_3D('',#7020,#7021,#7022);
#7020 = CARTESIAN_POINT('',(5.13238685933,52.400660171783,
    -121.9608166746));
#7021 = DIRECTION('',(-6.598548344133E-14,1.,1.139726096884E-13));
#7022 = DIRECTION('',(-0.707110638596,-1.272494028731E-13,0.707102923756
    ));
#7023 = ORIENTED_EDGE('',*,*,#7024,.T.);
#7024 = EDGE_CURVE('',#7016,#440,#7025,.T.);
#7025 = LINE('',#7026,#7027);
#7026 = CARTESIAN_POINT('',(3.132386859449,52.400660171782,
    -121.9608384954));
#7027 = VECTOR('',#7028,1.);
#7028 = DIRECTION('',(-0.707106781144,-0.707106781187,-7.714839189E-06)
  );
#7029 = ORIENTED_EDGE('',*,*,#447,.F.);
#7030 = ORIENTED_EDGE('',*,*,#6993,.F.);
#7031 = CONICAL_SURFACE('',#7032,2.25,0.785398163397);
#7032 = AXIS2_PLACEMENT_3D('',#7033,#7034,#7035);
#7033 = CARTESIAN_POINT('',(5.13238685933,52.150660171783,
    -121.9608166746));
#7034 = DIRECTION('',(6.661338145104E-14,-1.,-1.065814103111E-13));
#7035 = DIRECTION('',(-0.707110638596,-1.224670575459E-13,0.707102923756
    ));
#7036 = ADVANCED_FACE('',(#7037),#7055,.T.);
#7037 = FACE_BOUND('',#7038,.T.);
#7038 = EDGE_LOOP('',(#7039,#7040,#7041,#7049));
#7039 = ORIENTED_EDGE('',*,*,#7024,.T.);
#7040 = ORIENTED_EDGE('',*,*,#439,.T.);
#7041 = ORIENTED_EDGE('',*,*,#7042,.F.);
#7042 = EDGE_CURVE('',#7043,#431,#7045,.T.);
#7043 = VERTEX_POINT('',#7044);
#7044 = CARTESIAN_POINT('',(3.132452979329,52.400660171783,
    -128.0210834961));
#7045 = LINE('',#7046,#7047);
#7046 = CARTESIAN_POINT('',(3.132452979329,52.400660171783,
    -128.0210834961));
#7047 = VECTOR('',#7048,1.);
#7048 = DIRECTION('',(-0.707106781144,-0.707106781187,-7.714839189E-06)
  );
#7049 = ORIENTED_EDGE('',*,*,#7050,.T.);
#7050 = EDGE_CURVE('',#7043,#7016,#7051,.T.);
#7051 = LINE('',#7052,#7053);
#7052 = CARTESIAN_POINT('',(3.132419376756,52.400660171783,
    -124.9412256793));
#7053 = VECTOR('',#7054,1.);
#7054 = DIRECTION('',(-1.091043011377E-05,-1.139733296117E-13,
    0.99999999994));
#7055 = PLANE('',#7056);
#7056 = AXIS2_PLACEMENT_3D('',#7057,#7058,#7059);
#7057 = CARTESIAN_POINT('',(2.88241937677,52.150660171783,-124.941228407
    ));
#7058 = DIRECTION('',(0.707106781144,-0.707106781187,7.714839038519E-06)
  );
#7059 = DIRECTION('',(1.09104299998E-05,-8.470329472543E-22,
    -0.99999999994));
#7060 = ADVANCED_FACE('',(#7061),#7080,.F.);
#7061 = FACE_BOUND('',#7062,.F.);
#7062 = EDGE_LOOP('',(#7063,#7064,#7065,#7073));
#7063 = ORIENTED_EDGE('',*,*,#6927,.F.);
#7064 = ORIENTED_EDGE('',*,*,#396,.F.);
#7065 = ORIENTED_EDGE('',*,*,#7066,.T.);
#7066 = EDGE_CURVE('',#397,#7067,#7069,.T.);
#7067 = VERTEX_POINT('',#7068);
#7068 = CARTESIAN_POINT('',(-3.131089765881,52.400660171783,
    -129.6261189402));
#7069 = LINE('',#7070,#7071);
#7070 = CARTESIAN_POINT('',(-2.660827863676,51.900660171783,
    -129.7959828367));
#7071 = VECTOR('',#7072,1.);
#7072 = DIRECTION('',(-0.665050759966,0.707106781186,0.24022382619));
#7073 = ORIENTED_EDGE('',*,*,#7074,.F.);
#7074 = EDGE_CURVE('',#6920,#7067,#7075,.T.);
#7075 = CIRCLE('',#7076,5.);
#7076 = AXIS2_PLACEMENT_3D('',#7077,#7078,#7079);
#7077 = CARTESIAN_POINT('',(-7.833708787929,52.400660171782,
    -127.9274799752));
#7078 = DIRECTION('',(-6.598548344133E-14,1.,1.139726096884E-13));
#7079 = DIRECTION('',(0.993226870566,7.878116393032E-14,-0.116191151061)
  );
#7080 = CONICAL_SURFACE('',#7081,5.25,0.785398163397);
#7081 = AXIS2_PLACEMENT_3D('',#7082,#7083,#7084);
#7082 = CARTESIAN_POINT('',(-7.833708787929,52.150660171782,
    -127.9274799752));
#7083 = DIRECTION('',(6.661338145104E-14,-1.,-1.065814103111E-13));
#7084 = DIRECTION('',(0.993226870566,7.854601714217E-14,-0.116191151061)
  );
#7085 = ADVANCED_FACE('',(#7086),#7104,.T.);
#7086 = FACE_BOUND('',#7087,.T.);
#7087 = EDGE_LOOP('',(#7088,#7096,#7097,#7098));
#7088 = ORIENTED_EDGE('',*,*,#7089,.F.);
#7089 = EDGE_CURVE('',#406,#7090,#7092,.T.);
#7090 = VERTEX_POINT('',#7091);
#7091 = CARTESIAN_POINT('',(-5.510640560979,52.400660171783,
    -136.2138171289));
#7092 = LINE('',#7093,#7094);
#7093 = CARTESIAN_POINT('',(-5.040378658774,51.900660171783,
    -136.3836810254));
#7094 = VECTOR('',#7095,1.);
#7095 = DIRECTION('',(-0.665050759965,0.707106781187,0.24022382619));
#7096 = ORIENTED_EDGE('',*,*,#405,.T.);
#7097 = ORIENTED_EDGE('',*,*,#7066,.T.);
#7098 = ORIENTED_EDGE('',*,*,#7099,.T.);
#7099 = EDGE_CURVE('',#7067,#7090,#7100,.T.);
#7100 = LINE('',#7101,#7102);
#7101 = CARTESIAN_POINT('',(-1.56417041539,52.400660171782,
    -125.2881607894));
#7102 = VECTOR('',#7103,1.);
#7103 = DIRECTION('',(-0.339727793003,8.477684980291E-14,-0.94052380441)
  );
#7104 = PLANE('',#7105);
#7105 = AXIS2_PLACEMENT_3D('',#7106,#7107,#7108);
#7106 = CARTESIAN_POINT('',(-1.329039464287,52.150660171782,
    -125.3730927376));
#7107 = DIRECTION('',(-0.665050759965,-0.707106781187,0.24022382619));
#7108 = DIRECTION('',(0.339727793003,2.775557561563E-17,0.94052380441));
#7109 = ADVANCED_FACE('',(#7110),#7129,.T.);
#7110 = FACE_BOUND('',#7111,.T.);
#7111 = EDGE_LOOP('',(#7112,#7120,#7121,#7122));
#7112 = ORIENTED_EDGE('',*,*,#7113,.F.);
#7113 = EDGE_CURVE('',#414,#7114,#7116,.T.);
#7114 = VERTEX_POINT('',#7115);
#7115 = CARTESIAN_POINT('',(5.775630853477,52.400660171784,
    -136.2137777106));
#7116 = LINE('',#7117,#7118);
#7117 = CARTESIAN_POINT('',(5.305370137811,51.900660171784,
    -136.383644892));
#7118 = VECTOR('',#7119,1.);
#7119 = DIRECTION('',(0.665049081947,0.707106781187,0.240228471672));
#7120 = ORIENTED_EDGE('',*,*,#413,.T.);
#7121 = ORIENTED_EDGE('',*,*,#7089,.T.);
#7122 = ORIENTED_EDGE('',*,*,#7123,.T.);
#7123 = EDGE_CURVE('',#7090,#7114,#7124,.T.);
#7124 = CIRCLE('',#7125,6.);
#7125 = AXIS2_PLACEMENT_3D('',#7126,#7127,#7128);
#7126 = CARTESIAN_POINT('',(0.132502265479,52.400660171784,
    -138.2521838869));
#7127 = DIRECTION('',(6.598548344133E-14,-1.,-1.139726096884E-13));
#7128 = DIRECTION('',(3.492581202054E-06,1.139728401474E-13,
    -0.999999999994));
#7129 = CONICAL_SURFACE('',#7130,5.75,0.785398163397);
#7130 = AXIS2_PLACEMENT_3D('',#7131,#7132,#7133);
#7131 = CARTESIAN_POINT('',(0.13250226548,52.150660171784,
    -138.2521838869));
#7132 = DIRECTION('',(-6.598888099969E-14,1.,1.065814103111E-13));
#7133 = DIRECTION('',(3.492581202054E-06,1.065816407819E-13,
    -0.999999999994));
#7134 = ADVANCED_FACE('',(#7135),#7153,.T.);
#7135 = FACE_BOUND('',#7136,.T.);
#7136 = EDGE_LOOP('',(#7137,#7145,#7146,#7147));
#7137 = ORIENTED_EDGE('',*,*,#7138,.F.);
#7138 = EDGE_CURVE('',#423,#7139,#7141,.T.);
#7139 = VERTEX_POINT('',#7140);
#7140 = CARTESIAN_POINT('',(3.429845822367,52.400660171783,
    -129.7197007574));
#7141 = LINE('',#7142,#7143);
#7142 = CARTESIAN_POINT('',(2.9595851067,51.900660171783,-129.8895679388
    ));
#7143 = VECTOR('',#7144,1.);
#7144 = DIRECTION('',(0.665049081947,0.707106781187,0.240228471672));
#7145 = ORIENTED_EDGE('',*,*,#422,.T.);
#7146 = ORIENTED_EDGE('',*,*,#7113,.T.);
#7147 = ORIENTED_EDGE('',*,*,#7148,.T.);
#7148 = EDGE_CURVE('',#7114,#7139,#7149,.T.);
#7149 = LINE('',#7150,#7151);
#7150 = CARTESIAN_POINT('',(1.605447497304,52.400660171783,
    -124.6690320222));
#7151 = VECTOR('',#7152,1.);
#7152 = DIRECTION('',(-0.339734362706,-1.296112181617E-13,0.940521431333
    ));
#7153 = PLANE('',#7154);
#7154 = AXIS2_PLACEMENT_3D('',#7155,#7156,#7157);
#7155 = CARTESIAN_POINT('',(1.370317139471,52.150660171783,
    -124.7539656129));
#7156 = DIRECTION('',(0.665049081947,-0.707106781187,0.240228471672));
#7157 = DIRECTION('',(0.339734362706,-1.942890293094E-16,-0.940521431333
    ));
#7158 = ADVANCED_FACE('',(#7159),#7171,.F.);
#7159 = FACE_BOUND('',#7160,.F.);
#7160 = EDGE_LOOP('',(#7161,#7162,#7163,#7170));
#7161 = ORIENTED_EDGE('',*,*,#430,.F.);
#7162 = ORIENTED_EDGE('',*,*,#7042,.F.);
#7163 = ORIENTED_EDGE('',*,*,#7164,.F.);
#7164 = EDGE_CURVE('',#7139,#7043,#7165,.T.);
#7165 = CIRCLE('',#7166,5.);
#7166 = AXIS2_PLACEMENT_3D('',#7167,#7168,#7169);
#7167 = CARTESIAN_POINT('',(8.132452979031,52.400660171783,
    -128.0210289439));
#7168 = DIRECTION('',(-6.598548344133E-14,1.,1.139726096884E-13));
#7169 = DIRECTION('',(-0.985017188842,-4.53415533011E-14,-0.172456190627
    ));
#7170 = ORIENTED_EDGE('',*,*,#7138,.F.);
#7171 = CONICAL_SURFACE('',#7172,5.25,0.785398163397);
#7172 = AXIS2_PLACEMENT_3D('',#7173,#7174,#7175);
#7173 = CARTESIAN_POINT('',(8.132452979031,52.150660171783,
    -128.0210289439));
#7174 = DIRECTION('',(6.661338145104E-14,-1.,-1.065814103111E-13));
#7175 = DIRECTION('',(-0.985017188842,-4.723470172228E-14,
    -0.172456190627));
#7176 = ADVANCED_FACE('',(#7177,#7201),#7204,.F.);
#7177 = FACE_BOUND('',#7178,.T.);
#7178 = EDGE_LOOP('',(#7179,#7180,#7181,#7182,#7190,#7196,#7197,#7198,
    #7199,#7200));
#7179 = ORIENTED_EDGE('',*,*,#6756,.F.);
#7180 = ORIENTED_EDGE('',*,*,#6779,.F.);
#7181 = ORIENTED_EDGE('',*,*,#6952,.F.);
#7182 = ORIENTED_EDGE('',*,*,#7183,.F.);
#7183 = EDGE_CURVE('',#7184,#6945,#7186,.T.);
#7184 = VERTEX_POINT('',#7185);
#7185 = CARTESIAN_POINT('',(10.18267237728,59.400660171781,
    -121.9608166748));
#7186 = LINE('',#7187,#7188);
#7187 = CARTESIAN_POINT('',(10.18267237728,59.900660171781,
    -121.9608166748));
#7188 = VECTOR('',#7189,1.);
#7189 = DIRECTION('',(6.5948376659E-14,-1.,-1.130408895683E-13));
#7190 = ORIENTED_EDGE('',*,*,#7191,.F.);
#7191 = EDGE_CURVE('',#6719,#7184,#7192,.T.);
#7192 = LINE('',#7193,#7194);
#7193 = CARTESIAN_POINT('',(10.182672377281,59.400660171782,
    -124.9411901505));
#7194 = VECTOR('',#7195,1.);
#7195 = DIRECTION('',(-1.539147903337E-13,-1.139726096885E-13,1.));
#7196 = ORIENTED_EDGE('',*,*,#6718,.F.);
#7197 = ORIENTED_EDGE('',*,*,#5169,.F.);
#7198 = ORIENTED_EDGE('',*,*,#5200,.F.);
#7199 = ORIENTED_EDGE('',*,*,#5224,.F.);
#7200 = ORIENTED_EDGE('',*,*,#5248,.F.);
#7201 = FACE_BOUND('',#7202,.F.);
#7202 = EDGE_LOOP('',(#7203));
#7203 = ORIENTED_EDGE('',*,*,#4823,.F.);
#7204 = PLANE('',#7205);
#7205 = AXIS2_PLACEMENT_3D('',#7206,#7207,#7208);
#7206 = CARTESIAN_POINT('',(10.182672377282,59.900660171783,
    -132.8964542663));
#7207 = DIRECTION('',(1.,6.594837665899E-14,1.539147903337E-13));
#7208 = DIRECTION('',(-1.539147903337E-13,-1.139688911079E-13,1.));
#7209 = ADVANCED_FACE('',(#7210),#7229,.F.);
#7210 = FACE_BOUND('',#7211,.F.);
#7211 = EDGE_LOOP('',(#7212,#7220,#7221,#7222));
#7212 = ORIENTED_EDGE('',*,*,#7213,.F.);
#7213 = EDGE_CURVE('',#6967,#7214,#7216,.T.);
#7214 = VERTEX_POINT('',#7215);
#7215 = CARTESIAN_POINT('',(8.18267237728,59.400660171781,
    -119.9608166748));
#7216 = LINE('',#7217,#7218);
#7217 = CARTESIAN_POINT('',(8.18267237728,59.900660171781,
    -119.9608166748));
#7218 = VECTOR('',#7219,1.);
#7219 = DIRECTION('',(-6.5948376659E-14,1.,1.130408895683E-13));
#7220 = ORIENTED_EDGE('',*,*,#6966,.T.);
#7221 = ORIENTED_EDGE('',*,*,#7183,.F.);
#7222 = ORIENTED_EDGE('',*,*,#7223,.T.);
#7223 = EDGE_CURVE('',#7184,#7214,#7224,.T.);
#7224 = CIRCLE('',#7225,2.);
#7225 = AXIS2_PLACEMENT_3D('',#7226,#7227,#7228);
#7226 = CARTESIAN_POINT('',(8.18267237728,59.400660171781,
    -121.9608166748));
#7227 = DIRECTION('',(6.598548344133E-14,-1.,-1.139726096884E-13));
#7228 = DIRECTION('',(0.707106781186,-3.393202237901E-14,0.707106781187)
  );
#7229 = CYLINDRICAL_SURFACE('',#7230,2.);
#7230 = AXIS2_PLACEMENT_3D('',#7231,#7232,#7233);
#7231 = CARTESIAN_POINT('',(8.18267237728,59.900660171781,
    -121.9608166748));
#7232 = DIRECTION('',(-6.5948376659E-14,1.,1.130408895683E-13));
#7233 = DIRECTION('',(0.707106781186,-3.329943522128E-14,0.707106781187)
  );
#7234 = ADVANCED_FACE('',(#7235),#7253,.F.);
#7235 = FACE_BOUND('',#7236,.T.);
#7236 = EDGE_LOOP('',(#7237,#7245,#7246,#7247));
#7237 = ORIENTED_EDGE('',*,*,#7238,.F.);
#7238 = EDGE_CURVE('',#7214,#7239,#7241,.T.);
#7239 = VERTEX_POINT('',#7240);
#7240 = CARTESIAN_POINT('',(5.13238685933,59.400660171781,
    -119.9608166746));
#7241 = LINE('',#7242,#7243);
#7242 = CARTESIAN_POINT('',(9.5387387346,59.400660171781,-119.9608166748
    ));
#7243 = VECTOR('',#7244,1.);
#7244 = DIRECTION('',(-1.,-6.598548344131E-14,-1.539301680751E-13));
#7245 = ORIENTED_EDGE('',*,*,#7213,.F.);
#7246 = ORIENTED_EDGE('',*,*,#7001,.F.);
#7247 = ORIENTED_EDGE('',*,*,#7248,.F.);
#7248 = EDGE_CURVE('',#7239,#6994,#7249,.T.);
#7249 = LINE('',#7250,#7251);
#7250 = CARTESIAN_POINT('',(5.13238685933,59.900660171781,
    -119.9608166746));
#7251 = VECTOR('',#7252,1.);
#7252 = DIRECTION('',(6.546895996872E-14,-1.,-1.130371711466E-13));
#7253 = PLANE('',#7254);
#7254 = AXIS2_PLACEMENT_3D('',#7255,#7256,#7257);
#7255 = CARTESIAN_POINT('',(9.43233230688,59.900660171781,
    -119.9608166748));
#7256 = DIRECTION('',(-1.539301680751E-13,-1.130408895683E-13,1.));
#7257 = DIRECTION('',(-1.,-6.484679323906E-14,-1.539301680751E-13));
#7258 = ADVANCED_FACE('',(#7259),#7278,.F.);
#7259 = FACE_BOUND('',#7260,.F.);
#7260 = EDGE_LOOP('',(#7261,#7269,#7270,#7271));
#7261 = ORIENTED_EDGE('',*,*,#7262,.F.);
#7262 = EDGE_CURVE('',#7016,#7263,#7265,.T.);
#7263 = VERTEX_POINT('',#7264);
#7264 = CARTESIAN_POINT('',(3.132386859449,59.400660171781,
    -121.9608384954));
#7265 = LINE('',#7266,#7267);
#7266 = CARTESIAN_POINT('',(3.132386859449,59.900660171781,
    -121.9608384954));
#7267 = VECTOR('',#7268,1.);
#7268 = DIRECTION('',(-6.546895996872E-14,1.,1.130371711466E-13));
#7269 = ORIENTED_EDGE('',*,*,#7015,.T.);
#7270 = ORIENTED_EDGE('',*,*,#7248,.F.);
#7271 = ORIENTED_EDGE('',*,*,#7272,.T.);
#7272 = EDGE_CURVE('',#7239,#7263,#7273,.T.);
#7273 = CIRCLE('',#7274,2.);
#7274 = AXIS2_PLACEMENT_3D('',#7275,#7276,#7277);
#7275 = CARTESIAN_POINT('',(5.13238685933,59.400660171781,
    -121.9608166746));
#7276 = DIRECTION('',(6.598548344133E-14,-1.,-1.139726096884E-13));
#7277 = DIRECTION('',(-0.707110638596,-1.272494028731E-13,0.707102923756
    ));
#7278 = CYLINDRICAL_SURFACE('',#7279,2.);
#7279 = AXIS2_PLACEMENT_3D('',#7280,#7281,#7282);
#7280 = CARTESIAN_POINT('',(5.13238685933,59.900660171781,
    -121.9608166746));
#7281 = DIRECTION('',(-6.546895996872E-14,1.,1.130371711466E-13));
#7282 = DIRECTION('',(-0.707110638596,-1.262227123026E-13,0.707102923756
    ));
#7283 = ADVANCED_FACE('',(#7284),#7302,.T.);
#7284 = FACE_BOUND('',#7285,.T.);
#7285 = EDGE_LOOP('',(#7286,#7294,#7295,#7296));
#7286 = ORIENTED_EDGE('',*,*,#7287,.F.);
#7287 = EDGE_CURVE('',#7263,#7288,#7290,.T.);
#7288 = VERTEX_POINT('',#7289);
#7289 = CARTESIAN_POINT('',(3.132452979329,59.400660171782,
    -128.0210834961));
#7290 = LINE('',#7291,#7292);
#7291 = CARTESIAN_POINT('',(3.132419376755,59.400660171781,
    -124.9412256793));
#7292 = VECTOR('',#7293,1.);
#7293 = DIRECTION('',(1.091043011377E-05,1.139733296117E-13,
    -0.99999999994));
#7294 = ORIENTED_EDGE('',*,*,#7262,.F.);
#7295 = ORIENTED_EDGE('',*,*,#7050,.F.);
#7296 = ORIENTED_EDGE('',*,*,#7297,.F.);
#7297 = EDGE_CURVE('',#7288,#7043,#7298,.T.);
#7298 = LINE('',#7299,#7300);
#7299 = CARTESIAN_POINT('',(3.132452979328,59.900660171782,
    -128.0210834961));
#7300 = VECTOR('',#7301,1.);
#7301 = DIRECTION('',(6.546897065161E-14,-1.,-1.140163159612E-13));
#7302 = PLANE('',#7303);
#7303 = AXIS2_PLACEMENT_3D('',#7304,#7305,#7306);
#7304 = CARTESIAN_POINT('',(3.132506171721,59.900660171782,
    -132.8964542663));
#7305 = DIRECTION('',(0.99999999994,6.546772668067E-14,
    1.091043011377E-05));
#7306 = DIRECTION('',(-1.091043011377E-05,-1.143312079141E-13,
    0.99999999994));
#7307 = ADVANCED_FACE('',(#7308),#7327,.F.);
#7308 = FACE_BOUND('',#7309,.F.);
#7309 = EDGE_LOOP('',(#7310,#7318,#7319,#7320));
#7310 = ORIENTED_EDGE('',*,*,#7311,.F.);
#7311 = EDGE_CURVE('',#7139,#7312,#7314,.T.);
#7312 = VERTEX_POINT('',#7313);
#7313 = CARTESIAN_POINT('',(3.429845822366,59.400660171782,
    -129.7197007574));
#7314 = LINE('',#7315,#7316);
#7315 = CARTESIAN_POINT('',(3.429845822366,59.900660171782,
    -129.7197007574));
#7316 = VECTOR('',#7317,1.);
#7317 = DIRECTION('',(-6.546897065161E-14,1.,1.140163159612E-13));
#7318 = ORIENTED_EDGE('',*,*,#7164,.T.);
#7319 = ORIENTED_EDGE('',*,*,#7297,.F.);
#7320 = ORIENTED_EDGE('',*,*,#7321,.T.);
#7321 = EDGE_CURVE('',#7288,#7312,#7322,.T.);
#7322 = CIRCLE('',#7323,5.);
#7323 = AXIS2_PLACEMENT_3D('',#7324,#7325,#7326);
#7324 = CARTESIAN_POINT('',(8.132452979031,59.400660171782,
    -128.0210289439));
#7325 = DIRECTION('',(6.598548344133E-14,-1.,-1.139726096884E-13));
#7326 = DIRECTION('',(-0.985017188842,-4.53415533011E-14,-0.172456190627
    ));
#7327 = CYLINDRICAL_SURFACE('',#7328,5.);
#7328 = AXIS2_PLACEMENT_3D('',#7329,#7330,#7331);
#7329 = CARTESIAN_POINT('',(8.132452979031,59.900660171782,
    -128.0210289439));
#7330 = DIRECTION('',(6.546897065161E-14,-1.,-1.140163159612E-13));
#7331 = DIRECTION('',(-0.985017188842,-4.482524190766E-14,
    -0.172456190627));
#7332 = ADVANCED_FACE('',(#7333),#7351,.F.);
#7333 = FACE_BOUND('',#7334,.T.);
#7334 = EDGE_LOOP('',(#7335,#7343,#7344,#7345));
#7335 = ORIENTED_EDGE('',*,*,#7336,.F.);
#7336 = EDGE_CURVE('',#7312,#7337,#7339,.T.);
#7337 = VERTEX_POINT('',#7338);
#7338 = CARTESIAN_POINT('',(5.775630853477,59.400660171783,
    -136.2137777106));
#7339 = LINE('',#7340,#7341);
#7340 = CARTESIAN_POINT('',(1.605447497303,59.400660171781,
    -124.6690320222));
#7341 = VECTOR('',#7342,1.);
#7342 = DIRECTION('',(0.339734362706,1.296112181617E-13,-0.940521431333)
  );
#7343 = ORIENTED_EDGE('',*,*,#7311,.F.);
#7344 = ORIENTED_EDGE('',*,*,#7148,.F.);
#7345 = ORIENTED_EDGE('',*,*,#7346,.F.);
#7346 = EDGE_CURVE('',#7337,#7114,#7347,.T.);
#7347 = LINE('',#7348,#7349);
#7348 = CARTESIAN_POINT('',(5.775630853477,59.900660171783,
    -136.2137777106));
#7349 = VECTOR('',#7350,1.);
#7350 = DIRECTION('',(6.545689913372E-14,-1.,-1.139828971419E-13));
#7351 = PLANE('',#7352);
#7352 = AXIS2_PLACEMENT_3D('',#7353,#7354,#7355);
#7353 = CARTESIAN_POINT('',(3.132473374732,59.900660171782,
    -128.8964541542));
#7354 = DIRECTION('',(-0.940521431333,-2.283970954394E-14,
    -0.339734362706));
#7355 = DIRECTION('',(0.339734362706,1.29778030237E-13,-0.940521431333)
  );
#7356 = ADVANCED_FACE('',(#7357),#7376,.T.);
#7357 = FACE_BOUND('',#7358,.T.);
#7358 = EDGE_LOOP('',(#7359,#7368,#7369,#7370));
#7359 = ORIENTED_EDGE('',*,*,#7360,.F.);
#7360 = EDGE_CURVE('',#7337,#7361,#7363,.T.);
#7361 = VERTEX_POINT('',#7362);
#7362 = CARTESIAN_POINT('',(-5.510640560979,59.400660171782,
    -136.2138171289));
#7363 = CIRCLE('',#7364,6.);
#7364 = AXIS2_PLACEMENT_3D('',#7365,#7366,#7367);
#7365 = CARTESIAN_POINT('',(0.132502265479,59.400660171783,
    -138.2521838869));
#7366 = DIRECTION('',(-6.598548344133E-14,1.,1.139726096884E-13));
#7367 = DIRECTION('',(3.492581202054E-06,1.139728401474E-13,
    -0.999999999994));
#7368 = ORIENTED_EDGE('',*,*,#7346,.T.);
#7369 = ORIENTED_EDGE('',*,*,#7123,.F.);
#7370 = ORIENTED_EDGE('',*,*,#7371,.F.);
#7371 = EDGE_CURVE('',#7361,#7090,#7372,.T.);
#7372 = LINE('',#7373,#7374);
#7373 = CARTESIAN_POINT('',(-5.510640560979,59.900660171782,
    -136.2138171289));
#7374 = VECTOR('',#7375,1.);
#7375 = DIRECTION('',(6.545689913372E-14,-1.,-1.139828971419E-13));
#7376 = CYLINDRICAL_SURFACE('',#7377,6.);
#7377 = AXIS2_PLACEMENT_3D('',#7378,#7379,#7380);
#7378 = CARTESIAN_POINT('',(0.132502265479,59.900660171783,
    -138.2521838869));
#7379 = DIRECTION('',(6.545689913372E-14,-1.,-1.139828971419E-13));
#7380 = DIRECTION('',(3.492581202054E-06,1.139831257547E-13,
    -0.999999999994));
#7381 = ADVANCED_FACE('',(#7382),#7400,.F.);
#7382 = FACE_BOUND('',#7383,.T.);
#7383 = EDGE_LOOP('',(#7384,#7392,#7393,#7394));
#7384 = ORIENTED_EDGE('',*,*,#7385,.F.);
#7385 = EDGE_CURVE('',#7361,#7386,#7388,.T.);
#7386 = VERTEX_POINT('',#7387);
#7387 = CARTESIAN_POINT('',(-3.131089765881,59.400660171781,
    -129.6261189402));
#7388 = LINE('',#7389,#7390);
#7389 = CARTESIAN_POINT('',(-1.56417041539,59.400660171781,
    -125.2881607894));
#7390 = VECTOR('',#7391,1.);
#7391 = DIRECTION('',(0.339727793003,-8.477684980291E-14,0.94052380441)
  );
#7392 = ORIENTED_EDGE('',*,*,#7371,.T.);
#7393 = ORIENTED_EDGE('',*,*,#7099,.F.);
#7394 = ORIENTED_EDGE('',*,*,#7395,.F.);
#7395 = EDGE_CURVE('',#7386,#7067,#7396,.T.);
#7396 = LINE('',#7397,#7398);
#7397 = CARTESIAN_POINT('',(-3.131089765882,59.900660171781,
    -129.6261189402));
#7398 = VECTOR('',#7399,1.);
#7399 = DIRECTION('',(6.569873205268E-14,-1.,-1.133133916682E-13));
#7400 = PLANE('',#7401);
#7401 = AXIS2_PLACEMENT_3D('',#7402,#7403,#7404);
#7402 = CARTESIAN_POINT('',(-5.510640560979,59.900660171782,
    -136.2138171289));
#7403 = DIRECTION('',(0.94052380441,1.002869298842E-13,-0.339727793003)
  );
#7404 = DIRECTION('',(0.339727793003,-8.52902256404E-14,0.94052380441));
#7405 = ADVANCED_FACE('',(#7406),#7425,.F.);
#7406 = FACE_BOUND('',#7407,.F.);
#7407 = EDGE_LOOP('',(#7408,#7416,#7417,#7418));
#7408 = ORIENTED_EDGE('',*,*,#7409,.T.);
#7409 = EDGE_CURVE('',#7410,#6920,#7412,.T.);
#7410 = VERTEX_POINT('',#7411);
#7411 = CARTESIAN_POINT('',(-2.867574435098,59.400660171781,
    -128.5084357305));
#7412 = LINE('',#7413,#7414);
#7413 = CARTESIAN_POINT('',(-2.867574435098,59.900660171781,
    -128.5084357305));
#7414 = VECTOR('',#7415,1.);
#7415 = DIRECTION('',(6.550315850582E-14,-1.,-1.132427483E-13));
#7416 = ORIENTED_EDGE('',*,*,#7074,.T.);
#7417 = ORIENTED_EDGE('',*,*,#7395,.F.);
#7418 = ORIENTED_EDGE('',*,*,#7419,.T.);
#7419 = EDGE_CURVE('',#7386,#7410,#7420,.T.);
#7420 = CIRCLE('',#7421,5.);
#7421 = AXIS2_PLACEMENT_3D('',#7422,#7423,#7424);
#7422 = CARTESIAN_POINT('',(-7.83370878793,59.400660171781,
    -127.9274799752));
#7423 = DIRECTION('',(6.598548344133E-14,-1.,-1.139726096884E-13));
#7424 = DIRECTION('',(0.993226870566,7.878116393032E-14,-0.116191151061)
  );
#7425 = CYLINDRICAL_SURFACE('',#7426,5.);
#7426 = AXIS2_PLACEMENT_3D('',#7427,#7428,#7429);
#7427 = CARTESIAN_POINT('',(-7.83370878793,59.900660171781,
    -127.9274799752));
#7428 = DIRECTION('',(-6.569873205268E-14,1.,1.133133916682E-13));
#7429 = DIRECTION('',(0.993226870566,7.841975944538E-14,-0.116191151061)
  );
#7430 = ADVANCED_FACE('',(#7431),#7449,.T.);
#7431 = FACE_BOUND('',#7432,.T.);
#7432 = EDGE_LOOP('',(#7433,#7441,#7442,#7443));
#7433 = ORIENTED_EDGE('',*,*,#7434,.F.);
#7434 = EDGE_CURVE('',#7410,#7435,#7437,.T.);
#7435 = VERTEX_POINT('',#7436);
#7436 = CARTESIAN_POINT('',(-2.867574435098,59.400660171781,
    -121.9608166748));
#7437 = LINE('',#7438,#7439);
#7438 = CARTESIAN_POINT('',(-2.867574435098,59.40066017178,
    -118.0477386193));
#7439 = VECTOR('',#7440,1.);
#7440 = DIRECTION('',(-8.076928040828E-15,-1.139726096884E-13,1.));
#7441 = ORIENTED_EDGE('',*,*,#7409,.T.);
#7442 = ORIENTED_EDGE('',*,*,#6919,.F.);
#7443 = ORIENTED_EDGE('',*,*,#7444,.F.);
#7444 = EDGE_CURVE('',#7435,#6893,#7445,.T.);
#7445 = LINE('',#7446,#7447);
#7446 = CARTESIAN_POINT('',(-2.867574435098,59.900660171781,
    -121.9608166748));
#7447 = VECTOR('',#7448,1.);
#7448 = DIRECTION('',(6.550315850582E-14,-1.,-1.130408895683E-13));
#7449 = PLANE('',#7450);
#7450 = AXIS2_PLACEMENT_3D('',#7451,#7452,#7453);
#7451 = CARTESIAN_POINT('',(-2.867574435098,59.90066017178,
    -119.1095512039));
#7452 = DIRECTION('',(-1.,-6.550315850582E-14,-8.076928040835E-15));
#7453 = DIRECTION('',(8.076928040828E-15,1.143342123506E-13,-1.));
#7454 = ADVANCED_FACE('',(#7455),#7474,.F.);
#7455 = FACE_BOUND('',#7456,.F.);
#7456 = EDGE_LOOP('',(#7457,#7465,#7466,#7467));
#7457 = ORIENTED_EDGE('',*,*,#7458,.F.);
#7458 = EDGE_CURVE('',#6869,#7459,#7461,.T.);
#7459 = VERTEX_POINT('',#7460);
#7460 = CARTESIAN_POINT('',(-4.867574435098,59.40066017178,
    -119.9608166748));
#7461 = LINE('',#7462,#7463);
#7462 = CARTESIAN_POINT('',(-4.867574435098,59.90066017178,
    -119.9608166748));
#7463 = VECTOR('',#7464,1.);
#7464 = DIRECTION('',(-6.550315850582E-14,1.,1.130408895683E-13));
#7465 = ORIENTED_EDGE('',*,*,#6892,.T.);
#7466 = ORIENTED_EDGE('',*,*,#7444,.F.);
#7467 = ORIENTED_EDGE('',*,*,#7468,.T.);
#7468 = EDGE_CURVE('',#7435,#7459,#7469,.T.);
#7469 = CIRCLE('',#7470,2.);
#7470 = AXIS2_PLACEMENT_3D('',#7471,#7472,#7473);
#7471 = CARTESIAN_POINT('',(-4.867574435098,59.40066017178,
    -121.9608166748));
#7472 = DIRECTION('',(6.598548344133E-14,-1.,-1.139726096884E-13));
#7473 = DIRECTION('',(0.707106781186,-3.3932022379E-14,0.707106781187));
#7474 = CYLINDRICAL_SURFACE('',#7475,2.);
#7475 = AXIS2_PLACEMENT_3D('',#7476,#7477,#7478);
#7476 = CARTESIAN_POINT('',(-4.867574435098,59.90066017178,
    -121.9608166748));
#7477 = DIRECTION('',(6.550315850582E-14,-1.,-1.130408895683E-13));
#7478 = DIRECTION('',(0.707106781186,-3.36142519965E-14,0.707106781187)
  );
#7479 = ADVANCED_FACE('',(#7480),#7498,.F.);
#7480 = FACE_BOUND('',#7481,.T.);
#7481 = EDGE_LOOP('',(#7482,#7490,#7491,#7492));
#7482 = ORIENTED_EDGE('',*,*,#7483,.F.);
#7483 = EDGE_CURVE('',#7459,#7484,#7486,.T.);
#7484 = VERTEX_POINT('',#7485);
#7485 = CARTESIAN_POINT('',(-7.917327968328,59.40066017178,
    -119.9608166748));
#7486 = LINE('',#7487,#7488);
#7487 = CARTESIAN_POINT('',(9.5387387346,59.400660171781,-119.9608166748
    ));
#7488 = VECTOR('',#7489,1.);
#7489 = DIRECTION('',(-1.,-6.598548344131E-14,-1.539301680751E-13));
#7490 = ORIENTED_EDGE('',*,*,#7458,.F.);
#7491 = ORIENTED_EDGE('',*,*,#6878,.F.);
#7492 = ORIENTED_EDGE('',*,*,#7493,.F.);
#7493 = EDGE_CURVE('',#7484,#6844,#7494,.T.);
#7494 = LINE('',#7495,#7496);
#7495 = CARTESIAN_POINT('',(-7.917327968328,59.90066017178,
    -119.9608166748));
#7496 = VECTOR('',#7497,1.);
#7497 = DIRECTION('',(6.598257299374E-14,-1.,-1.130408895683E-13));
#7498 = PLANE('',#7499);
#7499 = AXIS2_PLACEMENT_3D('',#7500,#7501,#7502);
#7500 = CARTESIAN_POINT('',(9.43233230688,59.900660171781,
    -119.9608166748));
#7501 = DIRECTION('',(-1.539301680751E-13,-1.130408895683E-13,1.));
#7502 = DIRECTION('',(-1.,-6.484679323906E-14,-1.539301680751E-13));
#7503 = ADVANCED_FACE('',(#7504),#7523,.F.);
#7504 = FACE_BOUND('',#7505,.F.);
#7505 = EDGE_LOOP('',(#7506,#7514,#7515,#7516));
#7506 = ORIENTED_EDGE('',*,*,#7507,.F.);
#7507 = EDGE_CURVE('',#6821,#7508,#7510,.T.);
#7508 = VERTEX_POINT('',#7509);
#7509 = CARTESIAN_POINT('',(-9.917327968327,59.40066017178,
    -121.9608166748));
#7510 = LINE('',#7511,#7512);
#7511 = CARTESIAN_POINT('',(-9.917327968327,59.90066017178,
    -121.9608166748));
#7512 = VECTOR('',#7513,1.);
#7513 = DIRECTION('',(-6.598257299374E-14,1.,1.130408895683E-13));
#7514 = ORIENTED_EDGE('',*,*,#6843,.T.);
#7515 = ORIENTED_EDGE('',*,*,#7493,.F.);
#7516 = ORIENTED_EDGE('',*,*,#7517,.T.);
#7517 = EDGE_CURVE('',#7484,#7508,#7518,.T.);
#7518 = CIRCLE('',#7519,2.);
#7519 = AXIS2_PLACEMENT_3D('',#7520,#7521,#7522);
#7520 = CARTESIAN_POINT('',(-7.917327968327,59.40066017178,
    -121.9608166748));
#7521 = DIRECTION('',(6.598548344133E-14,-1.,-1.139726096884E-13));
#7522 = DIRECTION('',(-0.707106781187,-1.272495879815E-13,0.707106781186
    ));
#7523 = CYLINDRICAL_SURFACE('',#7524,2.);
#7524 = AXIS2_PLACEMENT_3D('',#7525,#7526,#7527);
#7525 = CARTESIAN_POINT('',(-7.917327968327,59.90066017178,
    -121.9608166748));
#7526 = DIRECTION('',(-6.598257299374E-14,1.,1.130408895683E-13));
#7527 = DIRECTION('',(-0.707106781187,-1.265887043691E-13,0.707106781186
    ));
#7528 = ADVANCED_FACE('',(#7529,#7546),#7549,.F.);
#7529 = FACE_BOUND('',#7530,.T.);
#7530 = EDGE_LOOP('',(#7531,#7532,#7538,#7539,#7540,#7541,#7542,#7543,
    #7544,#7545));
#7531 = ORIENTED_EDGE('',*,*,#6678,.F.);
#7532 = ORIENTED_EDGE('',*,*,#7533,.F.);
#7533 = EDGE_CURVE('',#7508,#6671,#7534,.T.);
#7534 = LINE('',#7535,#7536);
#7535 = CARTESIAN_POINT('',(-9.917327968328,59.40066017178,
    -118.4733713548));
#7536 = VECTOR('',#7537,1.);
#7537 = DIRECTION('',(1.539320096158E-13,1.139726096885E-13,-1.));
#7538 = ORIENTED_EDGE('',*,*,#7507,.F.);
#7539 = ORIENTED_EDGE('',*,*,#6820,.F.);
#7540 = ORIENTED_EDGE('',*,*,#6805,.F.);
#7541 = ORIENTED_EDGE('',*,*,#6646,.F.);
#7542 = ORIENTED_EDGE('',*,*,#5374,.F.);
#7543 = ORIENTED_EDGE('',*,*,#5343,.F.);
#7544 = ORIENTED_EDGE('',*,*,#5312,.F.);
#7545 = ORIENTED_EDGE('',*,*,#5272,.F.);
#7546 = FACE_BOUND('',#7547,.T.);
#7547 = EDGE_LOOP('',(#7548));
#7548 = ORIENTED_EDGE('',*,*,#5730,.T.);
#7549 = PLANE('',#7550);
#7550 = AXIS2_PLACEMENT_3D('',#7551,#7552,#7553);
#7551 = CARTESIAN_POINT('',(-9.917327968328,59.90066017178,
    -119.9608166748));
#7552 = DIRECTION('',(-1.,-6.598257299372E-14,-1.539320096158E-13));
#7553 = DIRECTION('',(1.539320096158E-13,1.139726095296E-13,-1.));
#7554 = ADVANCED_FACE('',(#7555),#7581,.F.);
#7555 = FACE_BOUND('',#7556,.F.);
#7556 = EDGE_LOOP('',(#7557,#7568,#7574,#7575));
#7557 = ORIENTED_EDGE('',*,*,#7558,.F.);
#7558 = EDGE_CURVE('',#7559,#7561,#7563,.T.);
#7559 = VERTEX_POINT('',#7560);
#7560 = CARTESIAN_POINT('',(2.9595851067,59.900660171782,-129.8895679388
    ));
#7561 = VERTEX_POINT('',#7562);
#7562 = CARTESIAN_POINT('',(2.632452979358,59.900660171782,
    -128.0210889513));
#7563 = CIRCLE('',#7564,5.5);
#7564 = AXIS2_PLACEMENT_3D('',#7565,#7566,#7567);
#7565 = CARTESIAN_POINT('',(8.132452979031,59.900660171782,
    -128.0210289439));
#7566 = DIRECTION('',(-6.598548344133E-14,1.,1.139726096884E-13));
#7567 = DIRECTION('',(-0.985017188842,-4.53415533011E-14,-0.172456190627
    ));
#7568 = ORIENTED_EDGE('',*,*,#7569,.T.);
#7569 = EDGE_CURVE('',#7559,#7312,#7570,.T.);
#7570 = LINE('',#7571,#7572);
#7571 = CARTESIAN_POINT('',(2.9595851067,59.900660171782,-129.8895679388
    ));
#7572 = VECTOR('',#7573,1.);
#7573 = DIRECTION('',(0.665049081947,-0.707106781187,0.240228471672));
#7574 = ORIENTED_EDGE('',*,*,#7321,.F.);
#7575 = ORIENTED_EDGE('',*,*,#7576,.T.);
#7576 = EDGE_CURVE('',#7288,#7561,#7577,.T.);
#7577 = LINE('',#7578,#7579);
#7578 = CARTESIAN_POINT('',(3.132452979329,59.400660171782,
    -128.0210834961));
#7579 = VECTOR('',#7580,1.);
#7580 = DIRECTION('',(-0.707106781144,0.707106781187,-7.714839038271E-06
    ));
#7581 = CONICAL_SURFACE('',#7582,5.25,0.785398163397);
#7582 = AXIS2_PLACEMENT_3D('',#7583,#7584,#7585);
#7583 = CARTESIAN_POINT('',(8.132452979031,59.650660171782,
    -128.0210289439));
#7584 = DIRECTION('',(-6.661338145104E-14,1.,1.065814103111E-13));
#7585 = DIRECTION('',(-0.985017188842,-4.723470172229E-14,
    -0.172456190627));
#7586 = ADVANCED_FACE('',(#7587),#7605,.T.);
#7587 = FACE_BOUND('',#7588,.T.);
#7588 = EDGE_LOOP('',(#7589,#7590,#7598,#7604));
#7589 = ORIENTED_EDGE('',*,*,#7576,.T.);
#7590 = ORIENTED_EDGE('',*,*,#7591,.T.);
#7591 = EDGE_CURVE('',#7561,#7592,#7594,.T.);
#7592 = VERTEX_POINT('',#7593);
#7593 = CARTESIAN_POINT('',(2.632386859479,59.900660171781,
    -121.9608439507));
#7594 = LINE('',#7595,#7596);
#7595 = CARTESIAN_POINT('',(2.632419376785,59.900660171781,
    -124.9412311346));
#7596 = VECTOR('',#7597,1.);
#7597 = DIRECTION('',(-1.091043011377E-05,-1.139733296117E-13,
    0.99999999994));
#7598 = ORIENTED_EDGE('',*,*,#7599,.F.);
#7599 = EDGE_CURVE('',#7263,#7592,#7600,.T.);
#7600 = LINE('',#7601,#7602);
#7601 = CARTESIAN_POINT('',(3.132386859449,59.400660171781,
    -121.9608384954));
#7602 = VECTOR('',#7603,1.);
#7603 = DIRECTION('',(-0.707106781144,0.707106781187,-7.714839314608E-06
    ));
#7604 = ORIENTED_EDGE('',*,*,#7287,.T.);
#7605 = PLANE('',#7606);
#7606 = AXIS2_PLACEMENT_3D('',#7607,#7608,#7609);
#7607 = CARTESIAN_POINT('',(2.88241937677,59.650660171781,
    -124.9412284069));
#7608 = DIRECTION('',(0.707106781144,0.707106781187,7.714839199701E-06)
  );
#7609 = DIRECTION('',(1.091043022774E-05,-2.625802136488E-20,
    -0.99999999994));
#7610 = ADVANCED_FACE('',(#7611),#7630,.F.);
#7611 = FACE_BOUND('',#7612,.F.);
#7612 = EDGE_LOOP('',(#7613,#7614,#7622,#7629));
#7613 = ORIENTED_EDGE('',*,*,#7272,.F.);
#7614 = ORIENTED_EDGE('',*,*,#7615,.T.);
#7615 = EDGE_CURVE('',#7239,#7616,#7618,.T.);
#7616 = VERTEX_POINT('',#7617);
#7617 = CARTESIAN_POINT('',(5.13238685933,59.900660171781,
    -119.4608166748));
#7618 = LINE('',#7619,#7620);
#7619 = CARTESIAN_POINT('',(5.13238685933,59.400660171781,
    -119.9608166746));
#7620 = VECTOR('',#7621,1.);
#7621 = DIRECTION('',(-1.55434261166E-13,0.707106781314,0.707106781059)
  );
#7622 = ORIENTED_EDGE('',*,*,#7623,.F.);
#7623 = EDGE_CURVE('',#7592,#7616,#7624,.T.);
#7624 = CIRCLE('',#7625,2.5);
#7625 = AXIS2_PLACEMENT_3D('',#7626,#7627,#7628);
#7626 = CARTESIAN_POINT('',(5.13238685933,59.900660171781,
    -121.9608166746));
#7627 = DIRECTION('',(-6.598548344133E-14,1.,1.139726096884E-13));
#7628 = DIRECTION('',(-0.707110638596,-1.272494028731E-13,0.707102923756
    ));
#7629 = ORIENTED_EDGE('',*,*,#7599,.F.);
#7630 = CONICAL_SURFACE('',#7631,2.25,0.785398163397);
#7631 = AXIS2_PLACEMENT_3D('',#7632,#7633,#7634);
#7632 = CARTESIAN_POINT('',(5.13238685933,59.650660171781,
    -121.9608166746));
#7633 = DIRECTION('',(-6.661338145104E-14,1.,1.065814103111E-13));
#7634 = DIRECTION('',(-0.707110638596,-1.224670575459E-13,0.707102923756
    ));
#7635 = ADVANCED_FACE('',(#7636),#7654,.T.);
#7636 = FACE_BOUND('',#7637,.T.);
#7637 = EDGE_LOOP('',(#7638,#7639,#7647,#7653));
#7638 = ORIENTED_EDGE('',*,*,#7615,.T.);
#7639 = ORIENTED_EDGE('',*,*,#7640,.T.);
#7640 = EDGE_CURVE('',#7616,#7641,#7643,.T.);
#7641 = VERTEX_POINT('',#7642);
#7642 = CARTESIAN_POINT('',(8.18267237728,59.900660171781,
    -119.4608166748));
#7643 = LINE('',#7644,#7645);
#7644 = CARTESIAN_POINT('',(9.5387387346,59.900660171781,-119.4608166748
    ));
#7645 = VECTOR('',#7646,1.);
#7646 = DIRECTION('',(1.,6.598548344131E-14,1.539301680751E-13));
#7647 = ORIENTED_EDGE('',*,*,#7648,.F.);
#7648 = EDGE_CURVE('',#7214,#7641,#7649,.T.);
#7649 = LINE('',#7650,#7651);
#7650 = CARTESIAN_POINT('',(8.18267237728,59.400660171781,
    -119.9608166748));
#7651 = VECTOR('',#7652,1.);
#7652 = DIRECTION('',(-1.554342611381E-13,0.707106781186,0.707106781187)
  );
#7653 = ORIENTED_EDGE('',*,*,#7238,.T.);
#7654 = PLANE('',#7655);
#7655 = AXIS2_PLACEMENT_3D('',#7656,#7657,#7658);
#7656 = CARTESIAN_POINT('',(9.5387387346,59.650660171781,-119.7108166748
    ));
#7657 = DIRECTION('',(6.218628287384E-14,0.707106781187,-0.707106781186)
  );
#7658 = DIRECTION('',(-1.,2.646976066904E-23,-8.794468460729E-14));
#7659 = ADVANCED_FACE('',(#7660),#7679,.F.);
#7660 = FACE_BOUND('',#7661,.F.);
#7661 = EDGE_LOOP('',(#7662,#7663,#7671,#7678));
#7662 = ORIENTED_EDGE('',*,*,#7223,.F.);
#7663 = ORIENTED_EDGE('',*,*,#7664,.T.);
#7664 = EDGE_CURVE('',#7184,#7665,#7667,.T.);
#7665 = VERTEX_POINT('',#7666);
#7666 = CARTESIAN_POINT('',(10.68267237728,59.900660171781,
    -121.9608166748));
#7667 = LINE('',#7668,#7669);
#7668 = CARTESIAN_POINT('',(10.18267237728,59.400660171781,
    -121.9608166748));
#7669 = VECTOR('',#7670,1.);
#7670 = DIRECTION('',(0.707106781186,0.707106781187,1.758454630822E-13)
  );
#7671 = ORIENTED_EDGE('',*,*,#7672,.F.);
#7672 = EDGE_CURVE('',#7641,#7665,#7673,.T.);
#7673 = CIRCLE('',#7674,2.5);
#7674 = AXIS2_PLACEMENT_3D('',#7675,#7676,#7677);
#7675 = CARTESIAN_POINT('',(8.18267237728,59.900660171781,
    -121.9608166748));
#7676 = DIRECTION('',(-6.598548344133E-14,1.,1.139726096884E-13));
#7677 = DIRECTION('',(0.707106781186,-3.393202237901E-14,0.707106781187)
  );
#7678 = ORIENTED_EDGE('',*,*,#7648,.F.);
#7679 = CONICAL_SURFACE('',#7680,2.25,0.785398163397);
#7680 = AXIS2_PLACEMENT_3D('',#7681,#7682,#7683);
#7681 = CARTESIAN_POINT('',(8.18267237728,59.650660171781,
    -121.9608166748));
#7682 = DIRECTION('',(-6.661338145104E-14,1.,1.065814103111E-13));
#7683 = DIRECTION('',(0.707106781186,-2.826166423761E-14,0.707106781187)
  );
#7684 = ADVANCED_FACE('',(#7685),#7696,.T.);
#7685 = FACE_BOUND('',#7686,.T.);
#7686 = EDGE_LOOP('',(#7687,#7688,#7689,#7690));
#7687 = ORIENTED_EDGE('',*,*,#6726,.F.);
#7688 = ORIENTED_EDGE('',*,*,#7191,.T.);
#7689 = ORIENTED_EDGE('',*,*,#7664,.T.);
#7690 = ORIENTED_EDGE('',*,*,#7691,.T.);
#7691 = EDGE_CURVE('',#7665,#5033,#7692,.T.);
#7692 = LINE('',#7693,#7694);
#7693 = CARTESIAN_POINT('',(10.682672377281,59.900660171782,
    -124.9411901505));
#7694 = VECTOR('',#7695,1.);
#7695 = DIRECTION('',(1.539147903337E-13,1.139726096885E-13,-1.));
#7696 = PLANE('',#7697);
#7697 = AXIS2_PLACEMENT_3D('',#7698,#7699,#7700);
#7698 = CARTESIAN_POINT('',(10.432672377281,59.650660171782,
    -124.9411901505));
#7699 = DIRECTION('',(-0.707106781187,0.707106781186,-2.824338678964E-14
    ));
#7700 = DIRECTION('',(-3.994218059231E-14,5.293954027073E-23,1.));
#7701 = ADVANCED_FACE('',(#7702),#7729,.F.);
#7702 = FACE_BOUND('',#7703,.F.);
#7703 = EDGE_LOOP('',(#7704,#7713,#7714,#7722));
#7704 = ORIENTED_EDGE('',*,*,#7705,.T.);
#7705 = EDGE_CURVE('',#7706,#7410,#7708,.T.);
#7706 = VERTEX_POINT('',#7707);
#7707 = CARTESIAN_POINT('',(-2.367574435098,59.900660171781,
    -128.5368856174));
#7708 = B_SPLINE_CURVE_WITH_KNOTS('',3,(#7709,#7710,#7711,#7712),
  .UNSPECIFIED.,.F.,.F.,(4,4),(-7.071778047285E-02,0.),
  .PIECEWISE_BEZIER_KNOTS.);
#7709 = CARTESIAN_POINT('',(-2.367574435098,59.900660171781,
    -128.5368856174));
#7710 = CARTESIAN_POINT('',(-2.534127641968,59.734106964911,
    -128.5276299891));
#7711 = CARTESIAN_POINT('',(-2.701032448414,59.567202158465,
    -128.5181439606));
#7712 = CARTESIAN_POINT('',(-2.867574435098,59.400660171781,
    -128.5084357305));
#7713 = ORIENTED_EDGE('',*,*,#7419,.F.);
#7714 = ORIENTED_EDGE('',*,*,#7715,.T.);
#7715 = EDGE_CURVE('',#7386,#7716,#7718,.T.);
#7716 = VERTEX_POINT('',#7717);
#7717 = CARTESIAN_POINT('',(-2.660827863677,59.900660171781,
    -129.7959828367));
#7718 = LINE('',#7719,#7720);
#7719 = CARTESIAN_POINT('',(-3.131089765881,59.400660171781,
    -129.6261189402));
#7720 = VECTOR('',#7721,1.);
#7721 = DIRECTION('',(0.665050759965,0.707106781187,-0.24022382619));
#7722 = ORIENTED_EDGE('',*,*,#7723,.F.);
#7723 = EDGE_CURVE('',#7706,#7716,#7724,.T.);
#7724 = CIRCLE('',#7725,5.5);
#7725 = AXIS2_PLACEMENT_3D('',#7726,#7727,#7728);
#7726 = CARTESIAN_POINT('',(-7.83370878793,59.900660171781,
    -127.9274799752));
#7727 = DIRECTION('',(-6.598548344133E-14,1.,1.139726096884E-13));
#7728 = DIRECTION('',(0.993226870566,7.878116393032E-14,-0.116191151061)
  );
#7729 = CONICAL_SURFACE('',#7730,5.25,0.785398163397);
#7730 = AXIS2_PLACEMENT_3D('',#7731,#7732,#7733);
#7731 = CARTESIAN_POINT('',(-7.83370878793,59.650660171781,
    -127.9274799752));
#7732 = DIRECTION('',(-6.661338145104E-14,1.,1.065814103111E-13));
#7733 = DIRECTION('',(0.993226870566,7.854601714216E-14,-0.116191151061)
  );
#7734 = ADVANCED_FACE('',(#7735),#7753,.T.);
#7735 = FACE_BOUND('',#7736,.T.);
#7736 = EDGE_LOOP('',(#7737,#7738,#7746,#7752));
#7737 = ORIENTED_EDGE('',*,*,#7715,.T.);
#7738 = ORIENTED_EDGE('',*,*,#7739,.T.);
#7739 = EDGE_CURVE('',#7716,#7740,#7742,.T.);
#7740 = VERTEX_POINT('',#7741);
#7741 = CARTESIAN_POINT('',(-5.040378658774,59.900660171782,
    -136.3836810254));
#7742 = LINE('',#7743,#7744);
#7743 = CARTESIAN_POINT('',(-1.093908513185,59.900660171781,
    -125.4580246859));
#7744 = VECTOR('',#7745,1.);
#7745 = DIRECTION('',(-0.339727793003,8.477684980291E-14,-0.94052380441)
  );
#7746 = ORIENTED_EDGE('',*,*,#7747,.F.);
#7747 = EDGE_CURVE('',#7361,#7740,#7748,.T.);
#7748 = LINE('',#7749,#7750);
#7749 = CARTESIAN_POINT('',(-5.510640560979,59.400660171782,
    -136.2138171289));
#7750 = VECTOR('',#7751,1.);
#7751 = DIRECTION('',(0.665050759965,0.707106781187,-0.24022382619));
#7752 = ORIENTED_EDGE('',*,*,#7385,.T.);
#7753 = PLANE('',#7754);
#7754 = AXIS2_PLACEMENT_3D('',#7755,#7756,#7757);
#7755 = CARTESIAN_POINT('',(-1.329039464287,59.650660171781,
    -125.3730927376));
#7756 = DIRECTION('',(-0.665050759966,0.707106781186,0.24022382619));
#7757 = DIRECTION('',(0.339727793003,3.608224830032E-16,0.94052380441));
#7758 = ADVANCED_FACE('',(#7759),#7778,.T.);
#7759 = FACE_BOUND('',#7760,.T.);
#7760 = EDGE_LOOP('',(#7761,#7762,#7771,#7777));
#7761 = ORIENTED_EDGE('',*,*,#7747,.T.);
#7762 = ORIENTED_EDGE('',*,*,#7763,.T.);
#7763 = EDGE_CURVE('',#7740,#7764,#7766,.T.);
#7764 = VERTEX_POINT('',#7765);
#7765 = CARTESIAN_POINT('',(5.30537013781,59.900660171783,-136.383644892
    ));
#7766 = CIRCLE('',#7767,5.5);
#7767 = AXIS2_PLACEMENT_3D('',#7768,#7769,#7770);
#7768 = CARTESIAN_POINT('',(0.132502265479,59.900660171783,
    -138.2521838869));
#7769 = DIRECTION('',(6.598548344133E-14,-1.,-1.139726096884E-13));
#7770 = DIRECTION('',(3.492581202054E-06,1.139728401474E-13,
    -0.999999999994));
#7771 = ORIENTED_EDGE('',*,*,#7772,.F.);
#7772 = EDGE_CURVE('',#7337,#7764,#7773,.T.);
#7773 = LINE('',#7774,#7775);
#7774 = CARTESIAN_POINT('',(5.775630853477,59.400660171783,
    -136.2137777106));
#7775 = VECTOR('',#7776,1.);
#7776 = DIRECTION('',(-0.665049081947,0.707106781187,-0.240228471672));
#7777 = ORIENTED_EDGE('',*,*,#7360,.T.);
#7778 = CONICAL_SURFACE('',#7779,5.75,0.785398163397);
#7779 = AXIS2_PLACEMENT_3D('',#7780,#7781,#7782);
#7780 = CARTESIAN_POINT('',(0.132502265479,59.650660171783,
    -138.2521838869));
#7781 = DIRECTION('',(6.598888099969E-14,-1.,-1.065814103111E-13));
#7782 = DIRECTION('',(3.492581202054E-06,1.06581640782E-13,
    -0.999999999994));
#7783 = ADVANCED_FACE('',(#7784),#7795,.T.);
#7784 = FACE_BOUND('',#7785,.T.);
#7785 = EDGE_LOOP('',(#7786,#7787,#7793,#7794));
#7786 = ORIENTED_EDGE('',*,*,#7772,.T.);
#7787 = ORIENTED_EDGE('',*,*,#7788,.T.);
#7788 = EDGE_CURVE('',#7764,#7559,#7789,.T.);
#7789 = LINE('',#7790,#7791);
#7790 = CARTESIAN_POINT('',(1.135186781637,59.900660171781,
    -124.8388992035));
#7791 = VECTOR('',#7792,1.);
#7792 = DIRECTION('',(-0.339734362706,-1.296112181617E-13,0.940521431333
    ));
#7793 = ORIENTED_EDGE('',*,*,#7569,.T.);
#7794 = ORIENTED_EDGE('',*,*,#7336,.T.);
#7795 = PLANE('',#7796);
#7796 = AXIS2_PLACEMENT_3D('',#7797,#7798,#7799);
#7797 = CARTESIAN_POINT('',(1.37031713947,59.650660171781,
    -124.7539656129));
#7798 = DIRECTION('',(0.665049081947,0.707106781187,0.240228471672));
#7799 = DIRECTION('',(0.339734362706,-3.053113317719E-16,-0.940521431333
    ));
#7800 = ADVANCED_FACE('',(#7801),#7819,.T.);
#7801 = FACE_BOUND('',#7802,.T.);
#7802 = EDGE_LOOP('',(#7803,#7804,#7812,#7818));
#7803 = ORIENTED_EDGE('',*,*,#6670,.F.);
#7804 = ORIENTED_EDGE('',*,*,#7805,.T.);
#7805 = EDGE_CURVE('',#5626,#7806,#7808,.T.);
#7806 = VERTEX_POINT('',#7807);
#7807 = CARTESIAN_POINT('',(-10.41732796832,59.90066017178,
    -121.9608166748));
#7808 = LINE('',#7809,#7810);
#7809 = CARTESIAN_POINT('',(-10.41732796832,59.90066017178,
    -118.4733713548));
#7810 = VECTOR('',#7811,1.);
#7811 = DIRECTION('',(-1.539320096158E-13,-1.139726096885E-13,1.));
#7812 = ORIENTED_EDGE('',*,*,#7813,.F.);
#7813 = EDGE_CURVE('',#7508,#7806,#7814,.T.);
#7814 = LINE('',#7815,#7816);
#7815 = CARTESIAN_POINT('',(-9.917327968327,59.40066017178,
    -121.9608166748));
#7816 = VECTOR('',#7817,1.);
#7817 = DIRECTION('',(-0.707106781187,0.707106781187,-2.511658712346E-14
    ));
#7818 = ORIENTED_EDGE('',*,*,#7533,.T.);
#7819 = PLANE('',#7820);
#7820 = AXIS2_PLACEMENT_3D('',#7821,#7822,#7823);
#7821 = CARTESIAN_POINT('',(-10.16732796832,59.65066017178,
    -118.4733713548));
#7822 = DIRECTION('',(0.707106781187,0.707106781187,1.894371730212E-13)
  );
#7823 = DIRECTION('',(2.679046193572E-13,-5.293960969049E-23,-1.));
#7824 = ADVANCED_FACE('',(#7825),#7844,.F.);
#7825 = FACE_BOUND('',#7826,.F.);
#7826 = EDGE_LOOP('',(#7827,#7836,#7837,#7838));
#7827 = ORIENTED_EDGE('',*,*,#7828,.F.);
#7828 = EDGE_CURVE('',#7806,#7829,#7831,.T.);
#7829 = VERTEX_POINT('',#7830);
#7830 = CARTESIAN_POINT('',(-7.917327968328,59.90066017178,
    -119.4608166748));
#7831 = CIRCLE('',#7832,2.5);
#7832 = AXIS2_PLACEMENT_3D('',#7833,#7834,#7835);
#7833 = CARTESIAN_POINT('',(-7.917327968327,59.90066017178,
    -121.9608166748));
#7834 = DIRECTION('',(-6.598548344133E-14,1.,1.139726096884E-13));
#7835 = DIRECTION('',(-0.707106781187,-1.272495879815E-13,0.707106781186
    ));
#7836 = ORIENTED_EDGE('',*,*,#7813,.F.);
#7837 = ORIENTED_EDGE('',*,*,#7517,.F.);
#7838 = ORIENTED_EDGE('',*,*,#7839,.T.);
#7839 = EDGE_CURVE('',#7484,#7829,#7840,.T.);
#7840 = LINE('',#7841,#7842);
#7841 = CARTESIAN_POINT('',(-7.917327968328,59.40066017178,
    -119.9608166748));
#7842 = VECTOR('',#7843,1.);
#7843 = DIRECTION('',(-1.538641686794E-13,0.707106781186,0.707106781187)
  );
#7844 = CONICAL_SURFACE('',#7845,2.25,0.785398163397);
#7845 = AXIS2_PLACEMENT_3D('',#7846,#7847,#7848);
#7846 = CARTESIAN_POINT('',(-7.917327968327,59.65066017178,
    -121.9608166748));
#7847 = DIRECTION('',(-6.661338145104E-14,1.,1.065814103111E-13));
#7848 = DIRECTION('',(-0.707106781187,-1.224672117212E-13,0.707106781186
    ));
#7849 = ADVANCED_FACE('',(#7850),#7868,.T.);
#7850 = FACE_BOUND('',#7851,.T.);
#7851 = EDGE_LOOP('',(#7852,#7853,#7861,#7867));
#7852 = ORIENTED_EDGE('',*,*,#7839,.T.);
#7853 = ORIENTED_EDGE('',*,*,#7854,.T.);
#7854 = EDGE_CURVE('',#7829,#7855,#7857,.T.);
#7855 = VERTEX_POINT('',#7856);
#7856 = CARTESIAN_POINT('',(-4.867574435098,59.90066017178,
    -119.4608166748));
#7857 = LINE('',#7858,#7859);
#7858 = CARTESIAN_POINT('',(9.5387387346,59.900660171781,-119.4608166748
    ));
#7859 = VECTOR('',#7860,1.);
#7860 = DIRECTION('',(1.,6.598548344131E-14,1.539301680751E-13));
#7861 = ORIENTED_EDGE('',*,*,#7862,.F.);
#7862 = EDGE_CURVE('',#7459,#7855,#7863,.T.);
#7863 = LINE('',#7864,#7865);
#7864 = CARTESIAN_POINT('',(-4.867574435098,59.40066017178,
    -119.9608166748));
#7865 = VECTOR('',#7866,1.);
#7866 = DIRECTION('',(-1.515090299914E-13,0.707106781186,0.707106781187)
  );
#7867 = ORIENTED_EDGE('',*,*,#7483,.T.);
#7868 = PLANE('',#7869);
#7869 = AXIS2_PLACEMENT_3D('',#7870,#7871,#7872);
#7870 = CARTESIAN_POINT('',(9.5387387346,59.650660171781,-119.7108166748
    ));
#7871 = DIRECTION('',(6.218628287384E-14,0.707106781187,-0.707106781186)
  );
#7872 = DIRECTION('',(-1.,2.646976066904E-23,-8.794468460729E-14));
#7873 = ADVANCED_FACE('',(#7874),#7893,.F.);
#7874 = FACE_BOUND('',#7875,.F.);
#7875 = EDGE_LOOP('',(#7876,#7877,#7885,#7892));
#7876 = ORIENTED_EDGE('',*,*,#7468,.F.);
#7877 = ORIENTED_EDGE('',*,*,#7878,.T.);
#7878 = EDGE_CURVE('',#7435,#7879,#7881,.T.);
#7879 = VERTEX_POINT('',#7880);
#7880 = CARTESIAN_POINT('',(-2.367574435098,59.900660171781,
    -121.9608166748));
#7881 = LINE('',#7882,#7883);
#7882 = CARTESIAN_POINT('',(-2.867574435098,59.400660171781,
    -121.9608166748));
#7883 = VECTOR('',#7884,1.);
#7884 = DIRECTION('',(0.707106781187,0.707106781187,7.535954572648E-14)
  );
#7885 = ORIENTED_EDGE('',*,*,#7886,.F.);
#7886 = EDGE_CURVE('',#7855,#7879,#7887,.T.);
#7887 = CIRCLE('',#7888,2.5);
#7888 = AXIS2_PLACEMENT_3D('',#7889,#7890,#7891);
#7889 = CARTESIAN_POINT('',(-4.867574435098,59.90066017178,
    -121.9608166748));
#7890 = DIRECTION('',(-6.598548344133E-14,1.,1.139726096884E-13));
#7891 = DIRECTION('',(0.707106781186,-3.3932022379E-14,0.707106781187));
#7892 = ORIENTED_EDGE('',*,*,#7862,.F.);
#7893 = CONICAL_SURFACE('',#7894,2.25,0.785398163397);
#7894 = AXIS2_PLACEMENT_3D('',#7895,#7896,#7897);
#7895 = CARTESIAN_POINT('',(-4.867574435098,59.65066017178,
    -121.9608166748));
#7896 = DIRECTION('',(-6.550315842641E-14,1.,1.065814103111E-13));
#7897 = DIRECTION('',(0.707106781186,-2.904671046694E-14,0.707106781187)
  );
#7898 = ADVANCED_FACE('',(#7899),#7910,.T.);
#7899 = FACE_BOUND('',#7900,.T.);
#7900 = EDGE_LOOP('',(#7901,#7902,#7903,#7909));
#7901 = ORIENTED_EDGE('',*,*,#7434,.T.);
#7902 = ORIENTED_EDGE('',*,*,#7878,.T.);
#7903 = ORIENTED_EDGE('',*,*,#7904,.T.);
#7904 = EDGE_CURVE('',#7879,#7706,#7905,.T.);
#7905 = LINE('',#7906,#7907);
#7906 = CARTESIAN_POINT('',(-2.367574435098,59.90066017178,
    -118.0477386193));
#7907 = VECTOR('',#7908,1.);
#7908 = DIRECTION('',(8.076928040828E-15,1.139726096884E-13,-1.));
#7909 = ORIENTED_EDGE('',*,*,#7705,.T.);
#7910 = PLANE('',#7911);
#7911 = AXIS2_PLACEMENT_3D('',#7912,#7913,#7914);
#7912 = CARTESIAN_POINT('',(-2.617574435098,59.65066017178,
    -118.0477386193));
#7913 = DIRECTION('',(-0.707106781187,0.707106781187,7.48795545914E-14)
  );
#7914 = DIRECTION('',(1.058956817005E-13,5.293957813606E-23,1.));
#7915 = ADVANCED_FACE('',(#7916,#7969,#7972,#7975,#7978,#7981),#7984,.F.
  );
#7916 = FACE_BOUND('',#7917,.T.);
#7917 = EDGE_LOOP('',(#7918,#7919,#7925,#7926,#7927,#7933,#7934,#7935,
    #7936,#7937,#7938,#7939,#7940,#7941,#7942,#7943,#7944,#7945,#7946,
    #7947,#7948,#7949,#7950,#7956,#7957,#7958,#7959,#7960,#7961,#7962,
    #7963,#7964,#7965,#7966,#7967,#7968));
#7918 = ORIENTED_EDGE('',*,*,#959,.T.);
#7919 = ORIENTED_EDGE('',*,*,#7920,.F.);
#7920 = EDGE_CURVE('',#151,#951,#7921,.T.);
#7921 = LINE('',#7922,#7923);
#7922 = CARTESIAN_POINT('',(28.409257929119,59.900660171779,
    -90.07992187335));
#7923 = VECTOR('',#7924,1.);
#7924 = DIRECTION('',(-0.866025403784,-1.141314097854E-13,0.5));
#7925 = ORIENTED_EDGE('',*,*,#148,.F.);
#7926 = ORIENTED_EDGE('',*,*,#617,.F.);
#7927 = ORIENTED_EDGE('',*,*,#7928,.T.);
#7928 = EDGE_CURVE('',#610,#5043,#7929,.T.);
#7929 = LINE('',#7930,#7931);
#7930 = CARTESIAN_POINT('',(22.382672069407,59.900660171783,
    -125.0366301903));
#7931 = VECTOR('',#7932,1.);
#7932 = DIRECTION('',(2.426495647641E-15,-1.139726096884E-13,1.));
#7933 = ORIENTED_EDGE('',*,*,#5042,.T.);
#7934 = ORIENTED_EDGE('',*,*,#7691,.F.);
#7935 = ORIENTED_EDGE('',*,*,#7672,.F.);
#7936 = ORIENTED_EDGE('',*,*,#7640,.F.);
#7937 = ORIENTED_EDGE('',*,*,#7623,.F.);
#7938 = ORIENTED_EDGE('',*,*,#7591,.F.);
#7939 = ORIENTED_EDGE('',*,*,#7558,.F.);
#7940 = ORIENTED_EDGE('',*,*,#7788,.F.);
#7941 = ORIENTED_EDGE('',*,*,#7763,.F.);
#7942 = ORIENTED_EDGE('',*,*,#7739,.F.);
#7943 = ORIENTED_EDGE('',*,*,#7723,.F.);
#7944 = ORIENTED_EDGE('',*,*,#7904,.F.);
#7945 = ORIENTED_EDGE('',*,*,#7886,.F.);
#7946 = ORIENTED_EDGE('',*,*,#7854,.F.);
#7947 = ORIENTED_EDGE('',*,*,#7828,.F.);
#7948 = ORIENTED_EDGE('',*,*,#7805,.F.);
#7949 = ORIENTED_EDGE('',*,*,#5643,.T.);
#7950 = ORIENTED_EDGE('',*,*,#7951,.T.);
#7951 = EDGE_CURVE('',#5636,#912,#7952,.T.);
#7952 = LINE('',#7953,#7954);
#7953 = CARTESIAN_POINT('',(-22.06732793059,59.90066017178,
    -129.0366301903));
#7954 = VECTOR('',#7955,1.);
#7955 = DIRECTION('',(-2.21197224387E-15,1.139726096884E-13,-1.));
#7956 = ORIENTED_EDGE('',*,*,#911,.F.);
#7957 = ORIENTED_EDGE('',*,*,#739,.F.);
#7958 = ORIENTED_EDGE('',*,*,#896,.F.);
#7959 = ORIENTED_EDGE('',*,*,#941,.T.);
#7960 = ORIENTED_EDGE('',*,*,#1435,.T.);
#7961 = ORIENTED_EDGE('',*,*,#1466,.T.);
#7962 = ORIENTED_EDGE('',*,*,#1498,.T.);
#7963 = ORIENTED_EDGE('',*,*,#1530,.T.);
#7964 = ORIENTED_EDGE('',*,*,#1562,.T.);
#7965 = ORIENTED_EDGE('',*,*,#1594,.T.);
#7966 = ORIENTED_EDGE('',*,*,#1626,.T.);
#7967 = ORIENTED_EDGE('',*,*,#1649,.T.);
#7968 = ORIENTED_EDGE('',*,*,#1388,.T.);
#7969 = FACE_BOUND('',#7970,.T.);
#7970 = EDGE_LOOP('',(#7971));
#7971 = ORIENTED_EDGE('',*,*,#6429,.F.);
#7972 = FACE_BOUND('',#7973,.T.);
#7973 = EDGE_LOOP('',(#7974));
#7974 = ORIENTED_EDGE('',*,*,#6404,.F.);
#7975 = FACE_BOUND('',#7976,.T.);
#7976 = EDGE_LOOP('',(#7977));
#7977 = ORIENTED_EDGE('',*,*,#6454,.F.);
#7978 = FACE_BOUND('',#7979,.T.);
#7979 = EDGE_LOOP('',(#7980));
#7980 = ORIENTED_EDGE('',*,*,#6479,.F.);
#7981 = FACE_BOUND('',#7982,.T.);
#7982 = EDGE_LOOP('',(#7983));
#7983 = ORIENTED_EDGE('',*,*,#6504,.F.);
#7984 = PLANE('',#7985);
#7985 = AXIS2_PLACEMENT_3D('',#7986,#7987,#7988);
#7986 = CARTESIAN_POINT('',(9.645145162319,59.900660171781,
    -116.9859260348));
#7987 = DIRECTION('',(6.598548344133E-14,-1.,-1.139726096884E-13));
#7988 = DIRECTION('',(0.866025403784,1.588000969642E-16,0.5));
#7989 = ADVANCED_FACE('',(#7990),#8002,.T.);
#7990 = FACE_BOUND('',#7991,.T.);
#7991 = EDGE_LOOP('',(#7992,#7999,#8000,#8001));
#7992 = ORIENTED_EDGE('',*,*,#7993,.F.);
#7993 = EDGE_CURVE('',#816,#585,#7994,.T.);
#7994 = CIRCLE('',#7995,20.);
#7995 = AXIS2_PLACEMENT_3D('',#7996,#7997,#7998);
#7996 = CARTESIAN_POINT('',(0.132332241186,58.900660171777,
    -95.69354144477));
#7997 = DIRECTION('',(-6.598548344133E-14,1.,1.139726096884E-13));
#7998 = DIRECTION('',(6.07609270835E-17,-1.139726096884E-13,1.));
#7999 = ORIENTED_EDGE('',*,*,#815,.T.);
#8000 = ORIENTED_EDGE('',*,*,#6311,.F.);
#8001 = ORIENTED_EDGE('',*,*,#592,.T.);
#8002 = CYLINDRICAL_SURFACE('',#8003,20.);
#8003 = AXIS2_PLACEMENT_3D('',#8004,#8005,#8006);
#8004 = CARTESIAN_POINT('',(0.132332241186,56.900660171776,
    -95.69354144477));
#8005 = DIRECTION('',(6.401581224249E-15,-1.,-1.486938855598E-13));
#8006 = DIRECTION('',(6.076092708579E-17,-1.486938855598E-13,1.));
#8007 = ADVANCED_FACE('',(#8008),#8019,.T.);
#8008 = FACE_BOUND('',#8009,.T.);
#8009 = EDGE_LOOP('',(#8010,#8011,#8012,#8018));
#8010 = ORIENTED_EDGE('',*,*,#168,.F.);
#8011 = ORIENTED_EDGE('',*,*,#7920,.T.);
#8012 = ORIENTED_EDGE('',*,*,#8013,.F.);
#8013 = EDGE_CURVE('',#585,#951,#8014,.T.);
#8014 = LINE('',#8015,#8016);
#8015 = CARTESIAN_POINT('',(10.132332241187,58.900660171776,
    -78.37303336908));
#8016 = VECTOR('',#8017,1.);
#8017 = DIRECTION('',(-0.353553390593,0.707106781187,-0.612372435696));
#8018 = ORIENTED_EDGE('',*,*,#584,.T.);
#8019 = PLANE('',#8020);
#8020 = AXIS2_PLACEMENT_3D('',#8021,#8022,#8023);
#8021 = CARTESIAN_POINT('',(28.659257929119,59.400660171779,
    -89.64690917145));
#8022 = DIRECTION('',(0.353553390593,0.707106781186,0.612372435696));
#8023 = DIRECTION('',(0.866025403784,0.,-0.5));
#8024 = ADVANCED_FACE('',(#8025),#8031,.T.);
#8025 = FACE_BOUND('',#8026,.T.);
#8026 = EDGE_LOOP('',(#8027,#8028,#8029,#8030));
#8027 = ORIENTED_EDGE('',*,*,#8013,.T.);
#8028 = ORIENTED_EDGE('',*,*,#950,.T.);
#8029 = ORIENTED_EDGE('',*,*,#888,.F.);
#8030 = ORIENTED_EDGE('',*,*,#7993,.T.);
#8031 = CONICAL_SURFACE('',#8032,19.5,0.785398163397);
#8032 = AXIS2_PLACEMENT_3D('',#8033,#8034,#8035);
#8033 = CARTESIAN_POINT('',(0.132332241186,59.400660171777,
    -95.69354144477));
#8034 = DIRECTION('',(6.598888099963E-14,-1.,-1.06581410311E-13));
#8035 = DIRECTION('',(6.076092708301E-17,-1.06581410311E-13,1.));
#8036 = ADVANCED_FACE('',(#8037),#8048,.T.);
#8037 = FACE_BOUND('',#8038,.T.);
#8038 = EDGE_LOOP('',(#8039,#8040,#8041,#8047));
#8039 = ORIENTED_EDGE('',*,*,#6607,.T.);
#8040 = ORIENTED_EDGE('',*,*,#6632,.T.);
#8041 = ORIENTED_EDGE('',*,*,#8042,.T.);
#8042 = EDGE_CURVE('',#6625,#5446,#8043,.T.);
#8043 = LINE('',#8044,#8045);
#8044 = CARTESIAN_POINT('',(-18.06732793059,63.900540042948,
    -166.6887426568));
#8045 = VECTOR('',#8046,1.);
#8046 = DIRECTION('',(-3.160066050387E-16,1.,1.690136243968E-15));
#8047 = ORIENTED_EDGE('',*,*,#5462,.F.);
#8048 = PLANE('',#8049);
#8049 = AXIS2_PLACEMENT_3D('',#8050,#8051,#8052);
#8050 = CARTESIAN_POINT('',(-17.81732793059,63.900540042948,
    -166.9387426568));
#8051 = DIRECTION('',(-0.707106781187,9.776307392852E-16,-0.707106781187
    ));
#8052 = DIRECTION('',(-0.707106781187,5.615088198371E-23,0.707106781187)
  );
#8053 = ADVANCED_FACE('',(#8054,#8078),#8081,.F.);
#8054 = FACE_BOUND('',#8055,.T.);
#8055 = EDGE_LOOP('',(#8056,#8057,#8058,#8059,#8060,#8068,#8074,#8075,
    #8076,#8077));
#8056 = ORIENTED_EDGE('',*,*,#8042,.F.);
#8057 = ORIENTED_EDGE('',*,*,#6624,.F.);
#8058 = ORIENTED_EDGE('',*,*,#6531,.F.);
#8059 = ORIENTED_EDGE('',*,*,#863,.F.);
#8060 = ORIENTED_EDGE('',*,*,#8061,.F.);
#8061 = EDGE_CURVE('',#8062,#856,#8064,.T.);
#8062 = VERTEX_POINT('',#8063);
#8063 = CARTESIAN_POINT('',(-18.06732793059,63.900660171784,
    -157.9865145635));
#8064 = LINE('',#8065,#8066);
#8065 = CARTESIAN_POINT('',(-18.06732793059,59.400580085894,
    -157.9865145635));
#8066 = VECTOR('',#8067,1.);
#8067 = DIRECTION('',(3.160065704157E-16,-1.,1.841910690774E-15));
#8068 = ORIENTED_EDGE('',*,*,#8069,.F.);
#8069 = EDGE_CURVE('',#5565,#8062,#8070,.T.);
#8070 = LINE('',#8071,#8072);
#8071 = CARTESIAN_POINT('',(-18.06732793059,63.900660171782,
    -141.0873343458));
#8072 = VECTOR('',#8073,1.);
#8073 = DIRECTION('',(-2.220422499699E-15,1.139641607025E-13,-1.));
#8074 = ORIENTED_EDGE('',*,*,#5564,.F.);
#8075 = ORIENTED_EDGE('',*,*,#5524,.F.);
#8076 = ORIENTED_EDGE('',*,*,#5405,.F.);
#8077 = ORIENTED_EDGE('',*,*,#5445,.F.);
#8078 = FACE_BOUND('',#8079,.T.);
#8079 = EDGE_LOOP('',(#8080));
#8080 = ORIENTED_EDGE('',*,*,#5757,.F.);
#8081 = PLANE('',#8082);
#8082 = AXIS2_PLACEMENT_3D('',#8083,#8084,#8085);
#8083 = CARTESIAN_POINT('',(-18.06732793059,61.900500000003,
    -165.1887426568));
#8084 = DIRECTION('',(1.,3.160065704157E-16,-2.249218283363E-15));
#8085 = DIRECTION('',(-3.160065704157E-16,1.,1.55891096228E-15));
#8086 = ADVANCED_FACE('',(#8087),#8099,.T.);
#8087 = FACE_BOUND('',#8088,.T.);
#8088 = EDGE_LOOP('',(#8089,#8090,#8091,#8097,#8098));
#8089 = ORIENTED_EDGE('',*,*,#724,.F.);
#8090 = ORIENTED_EDGE('',*,*,#927,.F.);
#8091 = ORIENTED_EDGE('',*,*,#8092,.T.);
#8092 = EDGE_CURVE('',#920,#8062,#8093,.T.);
#8093 = LINE('',#8094,#8095);
#8094 = CARTESIAN_POINT('',(-20.12461474676,61.84337335561,
    -154.4231892721));
#8095 = VECTOR('',#8096,1.);
#8096 = DIRECTION('',(0.4472135955,0.4472135955,-0.774596669241));
#8097 = ORIENTED_EDGE('',*,*,#8061,.T.);
#8098 = ORIENTED_EDGE('',*,*,#855,.F.);
#8099 = PLANE('',#8100);
#8100 = AXIS2_PLACEMENT_3D('',#8101,#8102,#8103);
#8101 = CARTESIAN_POINT('',(-13.14298528521,56.900660171785,
    -166.5157262191));
#8102 = DIRECTION('',(-0.866025403784,-1.19462506313E-15,-0.5));
#8103 = DIRECTION('',(6.70213120606E-14,-1.,-1.136950675526E-13));
#8104 = ADVANCED_FACE('',(#8105),#8113,.T.);
#8105 = FACE_BOUND('',#8106,.T.);
#8106 = EDGE_LOOP('',(#8107,#8108,#8109,#8110,#8111,#8112));
#8107 = ORIENTED_EDGE('',*,*,#8092,.F.);
#8108 = ORIENTED_EDGE('',*,*,#919,.T.);
#8109 = ORIENTED_EDGE('',*,*,#7951,.F.);
#8110 = ORIENTED_EDGE('',*,*,#5635,.T.);
#8111 = ORIENTED_EDGE('',*,*,#5572,.T.);
#8112 = ORIENTED_EDGE('',*,*,#8069,.T.);
#8113 = PLANE('',#8114);
#8114 = AXIS2_PLACEMENT_3D('',#8115,#8116,#8117);
#8115 = CARTESIAN_POINT('',(-20.06732793059,61.900660171782,
    -141.0873343458));
#8116 = DIRECTION('',(-0.707106781187,0.707106781187,8.218124268076E-14)
  );
#8117 = DIRECTION('',(1.162218280247E-13,5.293939512033E-23,1.));
#8118 = ADVANCED_FACE('',(#8119),#8132,.T.);
#8119 = FACE_BOUND('',#8120,.T.);
#8120 = EDGE_LOOP('',(#8121,#8122,#8123,#8129,#8130,#8131));
#8121 = ORIENTED_EDGE('',*,*,#609,.T.);
#8122 = ORIENTED_EDGE('',*,*,#232,.T.);
#8123 = ORIENTED_EDGE('',*,*,#8124,.T.);
#8124 = EDGE_CURVE('',#225,#5011,#8125,.T.);
#8125 = LINE('',#8126,#8127);
#8126 = CARTESIAN_POINT('',(18.382672069407,63.900660171783,
    -133.0873343458));
#8127 = VECTOR('',#8128,1.);
#8128 = DIRECTION('',(2.331444802162E-15,-1.139641607555E-13,1.));
#8129 = ORIENTED_EDGE('',*,*,#5010,.T.);
#8130 = ORIENTED_EDGE('',*,*,#5050,.F.);
#8131 = ORIENTED_EDGE('',*,*,#7928,.F.);
#8132 = PLANE('',#8133);
#8133 = AXIS2_PLACEMENT_3D('',#8134,#8135,#8136);
#8134 = CARTESIAN_POINT('',(20.382672069407,61.900660171783,
    -133.0873343458));
#8135 = DIRECTION('',(0.707106781187,0.707106781187,7.891377207407E-14)
  );
#8136 = DIRECTION('',(1.116009267781E-13,-5.293971697557E-23,-1.));
#8137 = ADVANCED_FACE('',(#8138,#8155),#8158,.F.);
#8138 = FACE_BOUND('',#8139,.T.);
#8139 = EDGE_LOOP('',(#8140,#8141,#8142,#8143,#8144,#8150,#8151,#8152,
    #8153,#8154));
#8140 = ORIENTED_EDGE('',*,*,#224,.T.);
#8141 = ORIENTED_EDGE('',*,*,#271,.F.);
#8142 = ORIENTED_EDGE('',*,*,#6545,.F.);
#8143 = ORIENTED_EDGE('',*,*,#6569,.F.);
#8144 = ORIENTED_EDGE('',*,*,#8145,.F.);
#8145 = EDGE_CURVE('',#4878,#6570,#8146,.T.);
#8146 = LINE('',#8147,#8148);
#8147 = CARTESIAN_POINT('',(18.382672069407,63.90054004295,
    -166.6887426568));
#8148 = VECTOR('',#8149,1.);
#8149 = DIRECTION('',(-3.160066233553E-16,-1.,-1.698585220906E-15));
#8150 = ORIENTED_EDGE('',*,*,#4875,.F.);
#8151 = ORIENTED_EDGE('',*,*,#4931,.F.);
#8152 = ORIENTED_EDGE('',*,*,#4956,.F.);
#8153 = ORIENTED_EDGE('',*,*,#5018,.F.);
#8154 = ORIENTED_EDGE('',*,*,#8124,.F.);
#8155 = FACE_BOUND('',#8156,.T.);
#8156 = EDGE_LOOP('',(#8157));
#8157 = ORIENTED_EDGE('',*,*,#4788,.F.);
#8158 = PLANE('',#8159);
#8159 = AXIS2_PLACEMENT_3D('',#8160,#8161,#8162);
#8160 = CARTESIAN_POINT('',(18.382672069407,61.900500000003,
    -149.1887426568));
#8161 = DIRECTION('',(-1.,3.160066233553E-16,2.371682963277E-15));
#8162 = DIRECTION('',(3.160066233553E-16,1.,-1.558911068159E-15));
#8163 = ADVANCED_FACE('',(#8164),#8175,.T.);
#8164 = FACE_BOUND('',#8165,.T.);
#8165 = EDGE_LOOP('',(#8166,#8167,#8168,#8174));
#8166 = ORIENTED_EDGE('',*,*,#8145,.T.);
#8167 = ORIENTED_EDGE('',*,*,#6586,.T.);
#8168 = ORIENTED_EDGE('',*,*,#8169,.T.);
#8169 = EDGE_CURVE('',#6579,#4886,#8170,.T.);
#8170 = LINE('',#8171,#8172);
#8171 = CARTESIAN_POINT('',(17.882672069407,63.90054004295,
    -167.1887426568));
#8172 = VECTOR('',#8173,1.);
#8173 = DIRECTION('',(3.160066233553E-16,1.,1.698585220906E-15));
#8174 = ORIENTED_EDGE('',*,*,#4885,.T.);
#8175 = PLANE('',#8176);
#8176 = AXIS2_PLACEMENT_3D('',#8177,#8178,#8179);
#8177 = CARTESIAN_POINT('',(18.132672069407,63.90054004295,
    -166.9387426568));
#8178 = DIRECTION('',(0.707106781187,9.776307018513E-16,-0.707106781187)
  );
#8179 = DIRECTION('',(-0.707106781187,-1.871696062837E-23,
    -0.707106781187));
#8180 = ADVANCED_FACE('',(#8181),#8187,.T.);
#8181 = FACE_BOUND('',#8182,.T.);
#8182 = EDGE_LOOP('',(#8183,#8184,#8185,#8186));
#8183 = ORIENTED_EDGE('',*,*,#8169,.F.);
#8184 = ORIENTED_EDGE('',*,*,#6702,.F.);
#8185 = ORIENTED_EDGE('',*,*,#6742,.F.);
#8186 = ORIENTED_EDGE('',*,*,#5155,.T.);
#8187 = PLANE('',#8188);
#8188 = AXIS2_PLACEMENT_3D('',#8189,#8190,#8191);
#8189 = CARTESIAN_POINT('',(-13.96732793059,65.900580085893,
    -167.1887426568));
#8190 = DIRECTION('',(1.269837787901E-15,1.698585220906E-15,-1.));
#8191 = DIRECTION('',(-1.,2.64697796017E-23,-1.269837787901E-15));
#8192 = ( GEOMETRIC_REPRESENTATION_CONTEXT(3) 
GLOBAL_UNCERTAINTY_ASSIGNED_CONTEXT((#8196)) 
GLOBAL_UNIT_ASSIGNED_CONTEXT((#8193,#8194,#8195)) REPRESENTATION_CONTEXT
('Context #1','3D Context with UNIT and UNCERTAINTY') );
#8193 = ( LENGTH_UNIT() NAMED_UNIT(*) SI_UNIT(.MILLI.,.METRE.) );
#8194 = ( NAMED_UNIT(*) PLANE_ANGLE_UNIT() SI_UNIT($,.RADIAN.) );
#8195 = ( NAMED_UNIT(*) SI_UNIT($,.STERADIAN.) SOLID_ANGLE_UNIT() );
#8196 = UNCERTAINTY_MEASURE_WITH_UNIT(LENGTH_MEASURE(1.E-04),#8193,
  'distance_accuracy_value','confusion accuracy');
#8197 = PRODUCT_RELATED_PRODUCT_CATEGORY('part',$,(#7));
#8198 = MECHANICAL_DESIGN_GEOMETRIC_PRESENTATION_REPRESENTATION('',(
    #8199),#8192);
#8199 = STYLED_ITEM('color',(#8200),#15);
#8200 = PRESENTATION_STYLE_ASSIGNMENT((#8201,#8207));
#8201 = SURFACE_STYLE_USAGE(.BOTH.,#8202);
#8202 = SURFACE_SIDE_STYLE('',(#8203));
#8203 = SURFACE_STYLE_FILL_AREA(#8204);
#8204 = FILL_AREA_STYLE('',(#8205));
#8205 = FILL_AREA_STYLE_COLOUR('',#8206);
#8206 = COLOUR_RGB('',1.,0.435294116471,0.);
#8207 = CURVE_STYLE('',#8208,POSITIVE_LENGTH_MEASURE(0.1),#8209);
#8208 = DRAUGHTING_PRE_DEFINED_CURVE_FONT('continuous');
#8209 = COLOUR_RGB('',9.803921802644E-02,9.803921802644E-02,
  9.803921802644E-02);
ENDSEC;
END-ISO-10303-21;
