ISO-10303-21;
HEADER;
FILE_DESCRIPTION(('FreeCAD Model'),'2;1');
FILE_NAME('Open CASCADE Shape Model','2025-11-08T20:24:53',(''),(''),
  'Open CASCADE STEP processor 7.9','FreeCAD','Unknown');
FILE_SCHEMA(('AUTOMOTIVE_DESIGN { 1 0 10303 214 1 1 1 1 }'));
ENDSEC;
DATA;
#1 = APPLICATION_PROTOCOL_DEFINITION('international standard',
  'automotive_design',2000,#2);
#2 = APPLICATION_CONTEXT(
  'core data for automotive mechanical design processes');
#3 = SHAPE_DEFINITION_REPRESENTATION(#4,#10);
#4 = PRODUCT_DEFINITION_SHAPE('','',#5);
#5 = PRODUCT_DEFINITION('design','',#6,#9);
#6 = PRODUCT_DEFINITION_FORMATION('','',#7);
#7 = PRODUCT('[a]belt_tensioner_x004','[a]belt_tensioner_x004','',(#8));
#8 = PRODUCT_CONTEXT('',#2,'mechanical');
#9 = PRODUCT_DEFINITION_CONTEXT('part definition',#2,'design');
#10 = ADVANCED_BREP_SHAPE_REPRESENTATION('',(#11,#15),#6175);
#11 = AXIS2_PLACEMENT_3D('',#12,#13,#14);
#12 = CARTESIAN_POINT('',(0.,0.,0.));
#13 = DIRECTION('',(0.,0.,1.));
#14 = DIRECTION('',(1.,0.,-0.));
#15 = MANIFOLD_SOLID_BREP('',#16);
#16 = CLOSED_SHELL('',(#17,#57,#97,#130,#163,#194,#227,#258,#291,#322,
    #355,#386,#419,#450,#483,#514,#547,#578,#611,#642,#675,#706,#739,
    #770,#803,#834,#867,#898,#931,#962,#995,#1026,#1059,#1090,#1123,
    #1154,#1187,#1218,#1251,#1282,#1315,#1346,#1379,#1410,#1443,#1474,
    #1507,#1538,#1571,#1602,#1635,#1666,#1699,#1730,#1763,#1794,#1827,
    #1858,#1891,#1922,#1955,#1986,#2019,#2050,#2083,#2114,#2147,#2180,
    #2211,#2234,#2279,#2295,#2335,#2438,#2463,#2494,#2519,#2544,#2568,
    #2593,#2617,#2642,#2666,#2691,#2715,#2740,#2764,#2789,#2813,#2838,
    #2862,#2887,#2911,#2936,#2960,#2985,#3009,#3034,#3058,#3083,#3107,
    #3132,#3156,#3181,#3205,#3230,#3254,#3279,#3303,#3328,#3352,#3377,
    #3401,#3426,#3450,#3475,#3499,#3524,#3548,#3573,#3597,#3622,#3646,
    #3671,#3695,#3720,#3744,#3769,#3793,#3818,#3842,#3867,#3891,#3916,
    #3940,#3965,#3989,#4014,#4038,#4063,#4088,#4112,#4142,#4168,#4192,
    #4218,#4241,#4266,#4297,#4314,#4337,#4361,#4386,#4411,#4435,#4460,
    #4484,#4509,#4533,#4558,#4582,#4607,#4631,#4656,#4680,#4705,#4729,
    #4754,#4778,#4803,#4827,#4852,#4876,#4901,#4925,#4950,#4974,#4999,
    #5023,#5048,#5072,#5097,#5121,#5146,#5170,#5195,#5219,#5244,#5268,
    #5293,#5317,#5342,#5366,#5391,#5415,#5440,#5464,#5489,#5513,#5538,
    #5562,#5587,#5611,#5636,#5660,#5685,#5709,#5734,#5758,#5783,#5807,
    #5832,#5856,#5881,#5905,#5930,#5955,#5972,#5991,#6014,#6045,#6057,
    #6075,#6163));
#17 = ADVANCED_FACE('',(#18),#52,.T.);
#18 = FACE_BOUND('',#19,.T.);
#19 = EDGE_LOOP('',(#20,#30,#38,#46));
#20 = ORIENTED_EDGE('',*,*,#21,.T.);
#21 = EDGE_CURVE('',#22,#24,#26,.T.);
#22 = VERTEX_POINT('',#23);
#23 = CARTESIAN_POINT('',(-11.,0.4,-12.59874424874));
#24 = VERTEX_POINT('',#25);
#25 = CARTESIAN_POINT('',(-11.,-8.798345270322E-14,-12.99874424874));
#26 = LINE('',#27,#28);
#27 = CARTESIAN_POINT('',(-11.,0.4,-12.59874424874));
#28 = VECTOR('',#29,1.);
#29 = DIRECTION('',(6.086531905303E-17,-0.707106781187,-0.707106781187)
  );
#30 = ORIENTED_EDGE('',*,*,#31,.T.);
#31 = EDGE_CURVE('',#24,#32,#34,.T.);
#32 = VERTEX_POINT('',#33);
#33 = CARTESIAN_POINT('',(-1.000000000003,-9.283693421115E-14,
    -12.99874424874));
#34 = LINE('',#35,#36);
#35 = CARTESIAN_POINT('',(-10.,-8.846880085402E-14,-12.99874424874));
#36 = VECTOR('',#37,1.);
#37 = DIRECTION('',(1.,-4.853481507928E-16,6.181869485343E-16));
#38 = ORIENTED_EDGE('',*,*,#39,.T.);
#39 = EDGE_CURVE('',#32,#40,#42,.T.);
#40 = VERTEX_POINT('',#41);
#41 = CARTESIAN_POINT('',(-1.000000000003,0.4,-12.59874424874));
#42 = LINE('',#43,#44);
#43 = CARTESIAN_POINT('',(-1.000000000003,-9.283693421115E-14,
    -12.99874424874));
#44 = VECTOR('',#45,1.);
#45 = DIRECTION('',(4.297885742856E-16,0.707106781187,0.707106781187));
#46 = ORIENTED_EDGE('',*,*,#47,.T.);
#47 = EDGE_CURVE('',#40,#22,#48,.T.);
#48 = LINE('',#49,#50);
#49 = CARTESIAN_POINT('',(-10.,0.4,-12.59874424874));
#50 = VECTOR('',#51,1.);
#51 = DIRECTION('',(-1.,4.853481507928E-16,-6.181869485343E-16));
#52 = PLANE('',#53);
#53 = AXIS2_PLACEMENT_3D('',#54,#55,#56);
#54 = CARTESIAN_POINT('',(-10.,0.2,-12.79874424874));
#55 = DIRECTION('',(-7.803171520116E-16,-0.707106781187,0.707106781187)
  );
#56 = DIRECTION('',(1.,-4.853481507928E-16,6.181869485343E-16));
#57 = ADVANCED_FACE('',(#58),#92,.F.);
#58 = FACE_BOUND('',#59,.T.);
#59 = EDGE_LOOP('',(#60,#70,#78,#86));
#60 = ORIENTED_EDGE('',*,*,#61,.F.);
#61 = EDGE_CURVE('',#62,#64,#66,.T.);
#62 = VERTEX_POINT('',#63);
#63 = CARTESIAN_POINT('',(-13.85,9.,-8.241713275768));
#64 = VERTEX_POINT('',#65);
#65 = CARTESIAN_POINT('',(-14.,8.85,-8.241713275768));
#66 = LINE('',#67,#68);
#67 = CARTESIAN_POINT('',(-13.85,9.,-8.241713275768));
#68 = VECTOR('',#69,1.);
#69 = DIRECTION('',(-0.707106781187,-0.707106781187,2.043525400253E-16)
  );
#70 = ORIENTED_EDGE('',*,*,#71,.F.);
#71 = EDGE_CURVE('',#72,#62,#74,.T.);
#72 = VERTEX_POINT('',#73);
#73 = CARTESIAN_POINT('',(-13.85,9.,-13.74874424874));
#74 = LINE('',#75,#76);
#75 = CARTESIAN_POINT('',(-13.85,9.,-12.39874424874));
#76 = VECTOR('',#77,1.);
#77 = DIRECTION('',(1.22464679915E-16,1.665334536942E-16,1.));
#78 = ORIENTED_EDGE('',*,*,#79,.F.);
#79 = EDGE_CURVE('',#80,#72,#82,.T.);
#80 = VERTEX_POINT('',#81);
#81 = CARTESIAN_POINT('',(-14.,8.85,-13.74874424874));
#82 = LINE('',#83,#84);
#83 = CARTESIAN_POINT('',(-14.,8.85,-13.74874424874));
#84 = VECTOR('',#85,1.);
#85 = DIRECTION('',(0.707106781187,0.707106781187,-2.043525400253E-16));
#86 = ORIENTED_EDGE('',*,*,#87,.F.);
#87 = EDGE_CURVE('',#64,#80,#88,.T.);
#88 = LINE('',#89,#90);
#89 = CARTESIAN_POINT('',(-14.,8.85,-12.39874424874));
#90 = VECTOR('',#91,1.);
#91 = DIRECTION('',(-1.22464679915E-16,-1.665334536942E-16,-1.));
#92 = PLANE('',#93);
#93 = AXIS2_PLACEMENT_3D('',#94,#95,#96);
#94 = CARTESIAN_POINT('',(-13.925,8.925,-12.39874424874));
#95 = DIRECTION('',(0.707106781187,-0.707106781187,3.116132877786E-17));
#96 = DIRECTION('',(-1.22464679915E-16,-1.665334536942E-16,-1.));
#97 = ADVANCED_FACE('',(#98),#125,.T.);
#98 = FACE_BOUND('',#99,.T.);
#99 = EDGE_LOOP('',(#100,#110,#117,#118));
#100 = ORIENTED_EDGE('',*,*,#101,.F.);
#101 = EDGE_CURVE('',#102,#104,#106,.T.);
#102 = VERTEX_POINT('',#103);
#103 = CARTESIAN_POINT('',(-13.69190228358,9.,-8.009218178462));
#104 = VERTEX_POINT('',#105);
#105 = CARTESIAN_POINT('',(-13.74704365374,8.85,-7.869721120078));
#106 = LINE('',#107,#108);
#107 = CARTESIAN_POINT('',(-13.69190228358,9.,-8.009218178462));
#108 = VECTOR('',#109,1.);
#109 = DIRECTION('',(-0.259938911726,-0.707106781187,0.657595439591));
#110 = ORIENTED_EDGE('',*,*,#111,.F.);
#111 = EDGE_CURVE('',#62,#102,#112,.T.);
#112 = CIRCLE('',#113,0.25);
#113 = AXIS2_PLACEMENT_3D('',#114,#115,#116);
#114 = CARTESIAN_POINT('',(-13.6,9.,-8.241713275768));
#115 = DIRECTION('',(4.853481507928E-16,1.,-1.665334536942E-16));
#116 = DIRECTION('',(-1.,4.853481507928E-16,1.22464679915E-16));
#117 = ORIENTED_EDGE('',*,*,#61,.T.);
#118 = ORIENTED_EDGE('',*,*,#119,.F.);
#119 = EDGE_CURVE('',#104,#64,#120,.T.);
#120 = CIRCLE('',#121,0.4);
#121 = AXIS2_PLACEMENT_3D('',#122,#123,#124);
#122 = CARTESIAN_POINT('',(-13.6,8.85,-8.241713275768));
#123 = DIRECTION('',(-4.853481507928E-16,-1.,1.665334536942E-16));
#124 = DIRECTION('',(-1.,4.853481507928E-16,1.22464679915E-16));
#125 = CONICAL_SURFACE('',#126,0.325,0.785398163397);
#126 = AXIS2_PLACEMENT_3D('',#127,#128,#129);
#127 = CARTESIAN_POINT('',(-13.6,8.925,-8.241713275768));
#128 = DIRECTION('',(-4.853481507928E-16,-1.,1.665334536942E-16));
#129 = DIRECTION('',(-1.,4.853481507928E-16,1.22464679915E-16));
#130 = ADVANCED_FACE('',(#131),#158,.F.);
#131 = FACE_BOUND('',#132,.F.);
#132 = EDGE_LOOP('',(#133,#142,#143,#152));
#133 = ORIENTED_EDGE('',*,*,#134,.T.);
#134 = EDGE_CURVE('',#135,#104,#137,.T.);
#135 = VERTEX_POINT('',#136);
#136 = CARTESIAN_POINT('',(-13.4912148263,8.85,-7.556221418388));
#137 = CIRCLE('',#138,0.4145);
#138 = AXIS2_PLACEMENT_3D('',#139,#140,#141);
#139 = CARTESIAN_POINT('',(-13.89941763993,8.85,-7.484244248745));
#140 = DIRECTION('',(4.853481507928E-16,1.,-1.665334536942E-16));
#141 = DIRECTION('',(1.,-4.853481507928E-16,-1.22464679915E-16));
#142 = ORIENTED_EDGE('',*,*,#101,.F.);
#143 = ORIENTED_EDGE('',*,*,#144,.T.);
#144 = EDGE_CURVE('',#102,#145,#147,.T.);
#145 = VERTEX_POINT('',#146);
#146 = CARTESIAN_POINT('',(-13.34349366335,9.,-7.582268645038));
#147 = CIRCLE('',#148,0.5645);
#148 = AXIS2_PLACEMENT_3D('',#149,#150,#151);
#149 = CARTESIAN_POINT('',(-13.89941763993,9.,-7.484244248745));
#150 = DIRECTION('',(-4.853481507928E-16,-1.,1.665334536942E-16));
#151 = DIRECTION('',(1.,-4.853481507928E-16,-1.22464679915E-16));
#152 = ORIENTED_EDGE('',*,*,#153,.T.);
#153 = EDGE_CURVE('',#145,#135,#154,.T.);
#154 = LINE('',#155,#156);
#155 = CARTESIAN_POINT('',(-13.34349366335,9.,-7.582268645038));
#156 = VECTOR('',#157,1.);
#157 = DIRECTION('',(-0.69636424032,-0.707106781187,0.122787803969));
#158 = CONICAL_SURFACE('',#159,0.4895,0.785398163397);
#159 = AXIS2_PLACEMENT_3D('',#160,#161,#162);
#160 = CARTESIAN_POINT('',(-13.89941763993,8.925,-7.484244248745));
#161 = DIRECTION('',(4.853481507928E-16,1.,-1.665334536942E-16));
#162 = DIRECTION('',(1.,-4.853481507928E-16,-1.22464679915E-16));
#163 = ADVANCED_FACE('',(#164),#189,.F.);
#164 = FACE_BOUND('',#165,.T.);
#165 = EDGE_LOOP('',(#166,#176,#182,#183));
#166 = ORIENTED_EDGE('',*,*,#167,.F.);
#167 = EDGE_CURVE('',#168,#170,#172,.T.);
#168 = VERTEX_POINT('',#169);
#169 = CARTESIAN_POINT('',(-13.26708846518,9.,-7.148953233712));
#170 = VERTEX_POINT('',#171);
#171 = CARTESIAN_POINT('',(-13.41480962813,8.85,-7.122906007062));
#172 = LINE('',#173,#174);
#173 = CARTESIAN_POINT('',(-13.26708846518,9.,-7.148953233712));
#174 = VECTOR('',#175,1.);
#175 = DIRECTION('',(-0.69636424032,-0.707106781187,0.122787803969));
#176 = ORIENTED_EDGE('',*,*,#177,.F.);
#177 = EDGE_CURVE('',#145,#168,#178,.T.);
#178 = LINE('',#179,#180);
#179 = CARTESIAN_POINT('',(-13.81809795631,9.,-10.27388334319));
#180 = VECTOR('',#181,1.);
#181 = DIRECTION('',(0.173648177667,7.972361441474E-17,0.984807753012));
#182 = ORIENTED_EDGE('',*,*,#153,.T.);
#183 = ORIENTED_EDGE('',*,*,#184,.F.);
#184 = EDGE_CURVE('',#170,#135,#185,.T.);
#185 = LINE('',#186,#187);
#186 = CARTESIAN_POINT('',(-13.96581911926,8.85,-10.24783611654));
#187 = VECTOR('',#188,1.);
#188 = DIRECTION('',(-0.173648177667,-7.972361441474E-17,-0.984807753012
    ));
#189 = PLANE('',#190);
#190 = AXIS2_PLACEMENT_3D('',#191,#192,#193);
#191 = CARTESIAN_POINT('',(-13.89195853778,8.925,-10.26085972986));
#192 = DIRECTION('',(0.69636424032,-0.707106781187,-0.122787803969));
#193 = DIRECTION('',(-0.173648177667,-1.387778780781E-16,-0.984807753012
    ));
#194 = ADVANCED_FACE('',(#195),#222,.T.);
#195 = FACE_BOUND('',#196,.T.);
#196 = EDGE_LOOP('',(#197,#198,#207,#215));
#197 = ORIENTED_EDGE('',*,*,#167,.T.);
#198 = ORIENTED_EDGE('',*,*,#199,.F.);
#199 = EDGE_CURVE('',#200,#170,#202,.T.);
#200 = VERTEX_POINT('',#201);
#201 = CARTESIAN_POINT('',(-13.208,8.85,-6.949372124372));
#202 = CIRCLE('',#203,0.21);
#203 = AXIS2_PLACEMENT_3D('',#204,#205,#206);
#204 = CARTESIAN_POINT('',(-13.208,8.85,-7.159372124372));
#205 = DIRECTION('',(-4.853481507928E-16,-1.,1.665334536942E-16));
#206 = DIRECTION('',(-1.,4.853481507928E-16,1.22464679915E-16));
#207 = ORIENTED_EDGE('',*,*,#208,.F.);
#208 = EDGE_CURVE('',#209,#200,#211,.T.);
#209 = VERTEX_POINT('',#210);
#210 = CARTESIAN_POINT('',(-13.208,9.,-7.099372124372));
#211 = LINE('',#212,#213);
#212 = CARTESIAN_POINT('',(-13.208,9.,-7.099372124372));
#213 = VECTOR('',#214,1.);
#214 = DIRECTION('',(-2.565973630382E-16,-0.707106781187,0.707106781187)
  );
#215 = ORIENTED_EDGE('',*,*,#216,.F.);
#216 = EDGE_CURVE('',#168,#209,#217,.T.);
#217 = CIRCLE('',#218,6.E-02);
#218 = AXIS2_PLACEMENT_3D('',#219,#220,#221);
#219 = CARTESIAN_POINT('',(-13.208,9.,-7.159372124372));
#220 = DIRECTION('',(4.853481507928E-16,1.,-1.665334536942E-16));
#221 = DIRECTION('',(-1.,4.853481507928E-16,1.22464679915E-16));
#222 = CONICAL_SURFACE('',#223,0.135,0.785398163397);
#223 = AXIS2_PLACEMENT_3D('',#224,#225,#226);
#224 = CARTESIAN_POINT('',(-13.208,8.925,-7.159372124372));
#225 = DIRECTION('',(-4.853481507928E-16,-1.,1.665334536942E-16));
#226 = DIRECTION('',(-1.,4.853481507928E-16,1.22464679915E-16));
#227 = ADVANCED_FACE('',(#228),#253,.F.);
#228 = FACE_BOUND('',#229,.T.);
#229 = EDGE_LOOP('',(#230,#240,#246,#247));
#230 = ORIENTED_EDGE('',*,*,#231,.F.);
#231 = EDGE_CURVE('',#232,#234,#236,.T.);
#232 = VERTEX_POINT('',#233);
#233 = CARTESIAN_POINT('',(-12.791,9.,-7.099372124372));
#234 = VERTEX_POINT('',#235);
#235 = CARTESIAN_POINT('',(-12.791,8.85,-6.949372124372));
#236 = LINE('',#237,#238);
#237 = CARTESIAN_POINT('',(-12.791,9.,-7.099372124372));
#238 = VECTOR('',#239,1.);
#239 = DIRECTION('',(-2.565973630382E-16,-0.707106781187,0.707106781187)
  );
#240 = ORIENTED_EDGE('',*,*,#241,.F.);
#241 = EDGE_CURVE('',#209,#232,#242,.T.);
#242 = LINE('',#243,#244);
#243 = CARTESIAN_POINT('',(-11.104,9.,-7.099372124372));
#244 = VECTOR('',#245,1.);
#245 = DIRECTION('',(1.,-4.853481507928E-16,-1.22464679915E-16));
#246 = ORIENTED_EDGE('',*,*,#208,.T.);
#247 = ORIENTED_EDGE('',*,*,#248,.F.);
#248 = EDGE_CURVE('',#234,#200,#249,.T.);
#249 = LINE('',#250,#251);
#250 = CARTESIAN_POINT('',(-11.104,8.85,-6.949372124372));
#251 = VECTOR('',#252,1.);
#252 = DIRECTION('',(-1.,4.853481507928E-16,1.22464679915E-16));
#253 = PLANE('',#254);
#254 = AXIS2_PLACEMENT_3D('',#255,#256,#257);
#255 = CARTESIAN_POINT('',(-11.104,8.925,-7.024372124372));
#256 = DIRECTION('',(-4.297885742857E-16,-0.707106781187,-0.707106781187
    ));
#257 = DIRECTION('',(-1.,4.853481507928E-16,1.22464679915E-16));
#258 = ADVANCED_FACE('',(#259),#286,.T.);
#259 = FACE_BOUND('',#260,.T.);
#260 = EDGE_LOOP('',(#261,#262,#271,#279));
#261 = ORIENTED_EDGE('',*,*,#231,.T.);
#262 = ORIENTED_EDGE('',*,*,#263,.F.);
#263 = EDGE_CURVE('',#264,#234,#266,.T.);
#264 = VERTEX_POINT('',#265);
#265 = CARTESIAN_POINT('',(-12.58419037186,8.85,-7.122906007062));
#266 = CIRCLE('',#267,0.21);
#267 = AXIS2_PLACEMENT_3D('',#268,#269,#270);
#268 = CARTESIAN_POINT('',(-12.791,8.85,-7.159372124372));
#269 = DIRECTION('',(-4.853481507928E-16,-1.,1.665334536942E-16));
#270 = DIRECTION('',(1.,-4.853481507928E-16,-1.22464679915E-16));
#271 = ORIENTED_EDGE('',*,*,#272,.F.);
#272 = EDGE_CURVE('',#273,#264,#275,.T.);
#273 = VERTEX_POINT('',#274);
#274 = CARTESIAN_POINT('',(-12.73191153481,9.,-7.148953233712));
#275 = LINE('',#276,#277);
#276 = CARTESIAN_POINT('',(-12.73191153481,9.,-7.148953233712));
#277 = VECTOR('',#278,1.);
#278 = DIRECTION('',(0.69636424032,-0.707106781187,0.122787803969));
#279 = ORIENTED_EDGE('',*,*,#280,.F.);
#280 = EDGE_CURVE('',#232,#273,#281,.T.);
#281 = CIRCLE('',#282,6.E-02);
#282 = AXIS2_PLACEMENT_3D('',#283,#284,#285);
#283 = CARTESIAN_POINT('',(-12.791,9.,-7.159372124372));
#284 = DIRECTION('',(4.853481507928E-16,1.,-1.665334536942E-16));
#285 = DIRECTION('',(1.,-4.853481507928E-16,-1.22464679915E-16));
#286 = CONICAL_SURFACE('',#287,0.135,0.785398163397);
#287 = AXIS2_PLACEMENT_3D('',#288,#289,#290);
#288 = CARTESIAN_POINT('',(-12.791,8.925,-7.159372124372));
#289 = DIRECTION('',(-4.853481507928E-16,-1.,1.665334536942E-16));
#290 = DIRECTION('',(1.,-4.853481507928E-16,-1.22464679915E-16));
#291 = ADVANCED_FACE('',(#292),#317,.F.);
#292 = FACE_BOUND('',#293,.T.);
#293 = EDGE_LOOP('',(#294,#304,#310,#311));
#294 = ORIENTED_EDGE('',*,*,#295,.F.);
#295 = EDGE_CURVE('',#296,#298,#300,.T.);
#296 = VERTEX_POINT('',#297);
#297 = CARTESIAN_POINT('',(-12.65550633664,9.,-7.582268645038));
#298 = VERTEX_POINT('',#299);
#299 = CARTESIAN_POINT('',(-12.50778517369,8.85,-7.556221418388));
#300 = LINE('',#301,#302);
#301 = CARTESIAN_POINT('',(-12.65550633664,9.,-7.582268645038));
#302 = VECTOR('',#303,1.);
#303 = DIRECTION('',(0.69636424032,-0.707106781187,0.122787803969));
#304 = ORIENTED_EDGE('',*,*,#305,.F.);
#305 = EDGE_CURVE('',#273,#296,#306,.T.);
#306 = LINE('',#307,#308);
#307 = CARTESIAN_POINT('',(-12.09850496119,9.,-10.74118041914));
#308 = VECTOR('',#309,1.);
#309 = DIRECTION('',(0.173648177667,-2.482832582531E-16,-0.984807753012)
  );
#310 = ORIENTED_EDGE('',*,*,#272,.T.);
#311 = ORIENTED_EDGE('',*,*,#312,.F.);
#312 = EDGE_CURVE('',#298,#264,#313,.T.);
#313 = LINE('',#314,#315);
#314 = CARTESIAN_POINT('',(-11.95078379824,8.85,-10.71513319249));
#315 = VECTOR('',#316,1.);
#316 = DIRECTION('',(-0.173648177667,2.482832582531E-16,0.984807753012)
  );
#317 = PLANE('',#318);
#318 = AXIS2_PLACEMENT_3D('',#319,#320,#321);
#319 = CARTESIAN_POINT('',(-12.02464437971,8.925,-10.72815680581));
#320 = DIRECTION('',(-0.69636424032,-0.707106781187,-0.122787803969));
#321 = DIRECTION('',(-0.173648177667,2.636779683485E-16,0.984807753012)
  );
#322 = ADVANCED_FACE('',(#323),#350,.F.);
#323 = FACE_BOUND('',#324,.F.);
#324 = EDGE_LOOP('',(#325,#334,#335,#344));
#325 = ORIENTED_EDGE('',*,*,#326,.T.);
#326 = EDGE_CURVE('',#327,#298,#329,.T.);
#327 = VERTEX_POINT('',#328);
#328 = CARTESIAN_POINT('',(-12.09958236007,8.85,-7.898744248745));
#329 = CIRCLE('',#330,0.4145);
#330 = AXIS2_PLACEMENT_3D('',#331,#332,#333);
#331 = CARTESIAN_POINT('',(-12.09958236007,8.85,-7.484244248745));
#332 = DIRECTION('',(4.853481507928E-16,1.,-1.665334536942E-16));
#333 = DIRECTION('',(-1.,4.853481507928E-16,1.22464679915E-16));
#334 = ORIENTED_EDGE('',*,*,#295,.F.);
#335 = ORIENTED_EDGE('',*,*,#336,.T.);
#336 = EDGE_CURVE('',#296,#337,#339,.T.);
#337 = VERTEX_POINT('',#338);
#338 = CARTESIAN_POINT('',(-12.09958236007,9.,-8.048744248745));
#339 = CIRCLE('',#340,0.5645);
#340 = AXIS2_PLACEMENT_3D('',#341,#342,#343);
#341 = CARTESIAN_POINT('',(-12.09958236007,9.,-7.484244248745));
#342 = DIRECTION('',(-4.853481507928E-16,-1.,1.665334536942E-16));
#343 = DIRECTION('',(-1.,4.853481507928E-16,1.22464679915E-16));
#344 = ORIENTED_EDGE('',*,*,#345,.T.);
#345 = EDGE_CURVE('',#337,#327,#346,.T.);
#346 = LINE('',#347,#348);
#347 = CARTESIAN_POINT('',(-12.09958236007,9.,-8.048744248745));
#348 = VECTOR('',#349,1.);
#349 = DIRECTION('',(-2.565973630382E-16,-0.707106781187,0.707106781187)
  );
#350 = CONICAL_SURFACE('',#351,0.4895,0.785398163397);
#351 = AXIS2_PLACEMENT_3D('',#352,#353,#354);
#352 = CARTESIAN_POINT('',(-12.09958236007,8.925,-7.484244248745));
#353 = DIRECTION('',(4.853481507928E-16,1.,-1.665334536942E-16));
#354 = DIRECTION('',(-1.,4.853481507928E-16,1.22464679915E-16));
#355 = ADVANCED_FACE('',(#356),#381,.F.);
#356 = FACE_BOUND('',#357,.T.);
#357 = EDGE_LOOP('',(#358,#359,#367,#375));
#358 = ORIENTED_EDGE('',*,*,#345,.T.);
#359 = ORIENTED_EDGE('',*,*,#360,.F.);
#360 = EDGE_CURVE('',#361,#327,#363,.T.);
#361 = VERTEX_POINT('',#362);
#362 = CARTESIAN_POINT('',(-11.89956049707,8.85,-7.898744248745));
#363 = LINE('',#364,#365);
#364 = CARTESIAN_POINT('',(-9.,8.85,-7.898744248745));
#365 = VECTOR('',#366,1.);
#366 = DIRECTION('',(-1.,4.853481507928E-16,1.22464679915E-16));
#367 = ORIENTED_EDGE('',*,*,#368,.F.);
#368 = EDGE_CURVE('',#369,#361,#371,.T.);
#369 = VERTEX_POINT('',#370);
#370 = CARTESIAN_POINT('',(-11.89956049707,9.,-8.048744248745));
#371 = LINE('',#372,#373);
#372 = CARTESIAN_POINT('',(-11.89956049707,9.,-8.048744248745));
#373 = VECTOR('',#374,1.);
#374 = DIRECTION('',(-2.565973630382E-16,-0.707106781187,0.707106781187)
  );
#375 = ORIENTED_EDGE('',*,*,#376,.F.);
#376 = EDGE_CURVE('',#337,#369,#377,.T.);
#377 = LINE('',#378,#379);
#378 = CARTESIAN_POINT('',(-9.,9.,-8.048744248745));
#379 = VECTOR('',#380,1.);
#380 = DIRECTION('',(1.,-4.853481507928E-16,-1.22464679915E-16));
#381 = PLANE('',#382);
#382 = AXIS2_PLACEMENT_3D('',#383,#384,#385);
#383 = CARTESIAN_POINT('',(-9.,8.925,-7.973744248745));
#384 = DIRECTION('',(-4.297885742857E-16,-0.707106781187,-0.707106781187
    ));
#385 = DIRECTION('',(-1.,4.853481507928E-16,1.22464679915E-16));
#386 = ADVANCED_FACE('',(#387),#414,.F.);
#387 = FACE_BOUND('',#388,.F.);
#388 = EDGE_LOOP('',(#389,#398,#399,#408));
#389 = ORIENTED_EDGE('',*,*,#390,.T.);
#390 = EDGE_CURVE('',#391,#361,#393,.T.);
#391 = VERTEX_POINT('',#392);
#392 = CARTESIAN_POINT('',(-11.49135768344,8.85,-7.556221418388));
#393 = CIRCLE('',#394,0.4145);
#394 = AXIS2_PLACEMENT_3D('',#395,#396,#397);
#395 = CARTESIAN_POINT('',(-11.89956049707,8.85,-7.484244248745));
#396 = DIRECTION('',(4.853481507928E-16,1.,-1.665334536942E-16));
#397 = DIRECTION('',(1.,-4.853481507928E-16,-1.22464679915E-16));
#398 = ORIENTED_EDGE('',*,*,#368,.F.);
#399 = ORIENTED_EDGE('',*,*,#400,.T.);
#400 = EDGE_CURVE('',#369,#401,#403,.T.);
#401 = VERTEX_POINT('',#402);
#402 = CARTESIAN_POINT('',(-11.34363652049,9.,-7.582268645038));
#403 = CIRCLE('',#404,0.5645);
#404 = AXIS2_PLACEMENT_3D('',#405,#406,#407);
#405 = CARTESIAN_POINT('',(-11.89956049707,9.,-7.484244248745));
#406 = DIRECTION('',(-4.853481507928E-16,-1.,1.665334536942E-16));
#407 = DIRECTION('',(1.,-4.853481507928E-16,-1.22464679915E-16));
#408 = ORIENTED_EDGE('',*,*,#409,.T.);
#409 = EDGE_CURVE('',#401,#391,#410,.T.);
#410 = LINE('',#411,#412);
#411 = CARTESIAN_POINT('',(-11.34363652049,9.,-7.582268645038));
#412 = VECTOR('',#413,1.);
#413 = DIRECTION('',(-0.69636424032,-0.707106781187,0.122787803969));
#414 = CONICAL_SURFACE('',#415,0.4895,0.785398163397);
#415 = AXIS2_PLACEMENT_3D('',#416,#417,#418);
#416 = CARTESIAN_POINT('',(-11.89956049707,8.925,-7.484244248745));
#417 = DIRECTION('',(4.853481507928E-16,1.,-1.665334536942E-16));
#418 = DIRECTION('',(1.,-4.853481507928E-16,-1.22464679915E-16));
#419 = ADVANCED_FACE('',(#420),#445,.F.);
#420 = FACE_BOUND('',#421,.T.);
#421 = EDGE_LOOP('',(#422,#432,#438,#439));
#422 = ORIENTED_EDGE('',*,*,#423,.F.);
#423 = EDGE_CURVE('',#424,#426,#428,.T.);
#424 = VERTEX_POINT('',#425);
#425 = CARTESIAN_POINT('',(-11.26723132232,9.,-7.148953233712));
#426 = VERTEX_POINT('',#427);
#427 = CARTESIAN_POINT('',(-11.41495248527,8.85,-7.122906007062));
#428 = LINE('',#429,#430);
#429 = CARTESIAN_POINT('',(-11.26723132232,9.,-7.148953233712));
#430 = VECTOR('',#431,1.);
#431 = DIRECTION('',(-0.69636424032,-0.707106781187,0.122787803969));
#432 = ORIENTED_EDGE('',*,*,#433,.F.);
#433 = EDGE_CURVE('',#401,#424,#434,.T.);
#434 = LINE('',#435,#436);
#435 = CARTESIAN_POINT('',(-11.84839234922,9.,-10.44488119984));
#436 = VECTOR('',#437,1.);
#437 = DIRECTION('',(0.173648177667,7.972361441474E-17,0.984807753012));
#438 = ORIENTED_EDGE('',*,*,#409,.T.);
#439 = ORIENTED_EDGE('',*,*,#440,.F.);
#440 = EDGE_CURVE('',#426,#391,#441,.T.);
#441 = LINE('',#442,#443);
#442 = CARTESIAN_POINT('',(-11.99611351217,8.85,-10.41883397319));
#443 = VECTOR('',#444,1.);
#444 = DIRECTION('',(-0.173648177667,-7.972361441474E-17,-0.984807753012
    ));
#445 = PLANE('',#446);
#446 = AXIS2_PLACEMENT_3D('',#447,#448,#449);
#447 = CARTESIAN_POINT('',(-11.9222529307,8.925,-10.43185758652));
#448 = DIRECTION('',(0.69636424032,-0.707106781187,-0.122787803969));
#449 = DIRECTION('',(-0.173648177667,-1.387778780781E-16,-0.984807753012
    ));
#450 = ADVANCED_FACE('',(#451),#478,.T.);
#451 = FACE_BOUND('',#452,.T.);
#452 = EDGE_LOOP('',(#453,#454,#463,#471));
#453 = ORIENTED_EDGE('',*,*,#423,.T.);
#454 = ORIENTED_EDGE('',*,*,#455,.F.);
#455 = EDGE_CURVE('',#456,#426,#458,.T.);
#456 = VERTEX_POINT('',#457);
#457 = CARTESIAN_POINT('',(-11.20814285714,8.85,-6.949372124372));
#458 = CIRCLE('',#459,0.21);
#459 = AXIS2_PLACEMENT_3D('',#460,#461,#462);
#460 = CARTESIAN_POINT('',(-11.20814285714,8.85,-7.159372124372));
#461 = DIRECTION('',(-4.853481507928E-16,-1.,1.665334536942E-16));
#462 = DIRECTION('',(-1.,4.853481507928E-16,1.22464679915E-16));
#463 = ORIENTED_EDGE('',*,*,#464,.F.);
#464 = EDGE_CURVE('',#465,#456,#467,.T.);
#465 = VERTEX_POINT('',#466);
#466 = CARTESIAN_POINT('',(-11.20814285714,9.,-7.099372124372));
#467 = LINE('',#468,#469);
#468 = CARTESIAN_POINT('',(-11.20814285714,9.,-7.099372124372));
#469 = VECTOR('',#470,1.);
#470 = DIRECTION('',(-2.565973630382E-16,-0.707106781187,0.707106781187)
  );
#471 = ORIENTED_EDGE('',*,*,#472,.F.);
#472 = EDGE_CURVE('',#424,#465,#473,.T.);
#473 = CIRCLE('',#474,6.E-02);
#474 = AXIS2_PLACEMENT_3D('',#475,#476,#477);
#475 = CARTESIAN_POINT('',(-11.20814285714,9.,-7.159372124372));
#476 = DIRECTION('',(4.853481507928E-16,1.,-1.665334536942E-16));
#477 = DIRECTION('',(-1.,4.853481507928E-16,1.22464679915E-16));
#478 = CONICAL_SURFACE('',#479,0.135,0.785398163397);
#479 = AXIS2_PLACEMENT_3D('',#480,#481,#482);
#480 = CARTESIAN_POINT('',(-11.20814285714,8.925,-7.159372124372));
#481 = DIRECTION('',(-4.853481507928E-16,-1.,1.665334536942E-16));
#482 = DIRECTION('',(-1.,4.853481507928E-16,1.22464679915E-16));
#483 = ADVANCED_FACE('',(#484),#509,.F.);
#484 = FACE_BOUND('',#485,.T.);
#485 = EDGE_LOOP('',(#486,#496,#502,#503));
#486 = ORIENTED_EDGE('',*,*,#487,.F.);
#487 = EDGE_CURVE('',#488,#490,#492,.T.);
#488 = VERTEX_POINT('',#489);
#489 = CARTESIAN_POINT('',(-10.79114285714,9.,-7.099372124372));
#490 = VERTEX_POINT('',#491);
#491 = CARTESIAN_POINT('',(-10.79114285714,8.85,-6.949372124372));
#492 = LINE('',#493,#494);
#493 = CARTESIAN_POINT('',(-10.79114285714,9.,-7.099372124372));
#494 = VECTOR('',#495,1.);
#495 = DIRECTION('',(-2.565973630382E-16,-0.707106781187,0.707106781187)
  );
#496 = ORIENTED_EDGE('',*,*,#497,.F.);
#497 = EDGE_CURVE('',#465,#488,#498,.T.);
#498 = LINE('',#499,#500);
#499 = CARTESIAN_POINT('',(-10.10407142857,9.,-7.099372124372));
#500 = VECTOR('',#501,1.);
#501 = DIRECTION('',(1.,-4.853481507928E-16,-1.22464679915E-16));
#502 = ORIENTED_EDGE('',*,*,#464,.T.);
#503 = ORIENTED_EDGE('',*,*,#504,.F.);
#504 = EDGE_CURVE('',#490,#456,#505,.T.);
#505 = LINE('',#506,#507);
#506 = CARTESIAN_POINT('',(-10.10407142857,8.85,-6.949372124372));
#507 = VECTOR('',#508,1.);
#508 = DIRECTION('',(-1.,4.853481507928E-16,1.22464679915E-16));
#509 = PLANE('',#510);
#510 = AXIS2_PLACEMENT_3D('',#511,#512,#513);
#511 = CARTESIAN_POINT('',(-10.10407142857,8.925,-7.024372124372));
#512 = DIRECTION('',(-4.297885742857E-16,-0.707106781187,-0.707106781187
    ));
#513 = DIRECTION('',(-1.,4.853481507928E-16,1.22464679915E-16));
#514 = ADVANCED_FACE('',(#515),#542,.T.);
#515 = FACE_BOUND('',#516,.T.);
#516 = EDGE_LOOP('',(#517,#518,#527,#535));
#517 = ORIENTED_EDGE('',*,*,#487,.T.);
#518 = ORIENTED_EDGE('',*,*,#519,.F.);
#519 = EDGE_CURVE('',#520,#490,#522,.T.);
#520 = VERTEX_POINT('',#521);
#521 = CARTESIAN_POINT('',(-10.58433322901,8.85,-7.122906007062));
#522 = CIRCLE('',#523,0.21);
#523 = AXIS2_PLACEMENT_3D('',#524,#525,#526);
#524 = CARTESIAN_POINT('',(-10.79114285714,8.85,-7.159372124372));
#525 = DIRECTION('',(-4.853481507928E-16,-1.,1.665334536942E-16));
#526 = DIRECTION('',(1.,-4.853481507928E-16,-1.22464679915E-16));
#527 = ORIENTED_EDGE('',*,*,#528,.F.);
#528 = EDGE_CURVE('',#529,#520,#531,.T.);
#529 = VERTEX_POINT('',#530);
#530 = CARTESIAN_POINT('',(-10.73205439196,9.,-7.148953233712));
#531 = LINE('',#532,#533);
#532 = CARTESIAN_POINT('',(-10.73205439196,9.,-7.148953233712));
#533 = VECTOR('',#534,1.);
#534 = DIRECTION('',(0.69636424032,-0.707106781187,0.122787803969));
#535 = ORIENTED_EDGE('',*,*,#536,.F.);
#536 = EDGE_CURVE('',#488,#529,#537,.T.);
#537 = CIRCLE('',#538,6.E-02);
#538 = AXIS2_PLACEMENT_3D('',#539,#540,#541);
#539 = CARTESIAN_POINT('',(-10.79114285714,9.,-7.159372124372));
#540 = DIRECTION('',(4.853481507928E-16,1.,-1.665334536942E-16));
#541 = DIRECTION('',(1.,-4.853481507928E-16,-1.22464679915E-16));
#542 = CONICAL_SURFACE('',#543,0.135,0.785398163397);
#543 = AXIS2_PLACEMENT_3D('',#544,#545,#546);
#544 = CARTESIAN_POINT('',(-10.79114285714,8.925,-7.159372124372));
#545 = DIRECTION('',(-4.853481507928E-16,-1.,1.665334536942E-16));
#546 = DIRECTION('',(1.,-4.853481507928E-16,-1.22464679915E-16));
#547 = ADVANCED_FACE('',(#548),#573,.F.);
#548 = FACE_BOUND('',#549,.T.);
#549 = EDGE_LOOP('',(#550,#560,#566,#567));
#550 = ORIENTED_EDGE('',*,*,#551,.F.);
#551 = EDGE_CURVE('',#552,#554,#556,.T.);
#552 = VERTEX_POINT('',#553);
#553 = CARTESIAN_POINT('',(-10.65564919378,9.,-7.582268645038));
#554 = VERTEX_POINT('',#555);
#555 = CARTESIAN_POINT('',(-10.50792803083,8.85,-7.556221418388));
#556 = LINE('',#557,#558);
#557 = CARTESIAN_POINT('',(-10.65564919378,9.,-7.582268645038));
#558 = VECTOR('',#559,1.);
#559 = DIRECTION('',(0.69636424032,-0.707106781187,0.122787803969));
#560 = ORIENTED_EDGE('',*,*,#561,.F.);
#561 = EDGE_CURVE('',#529,#552,#562,.T.);
#562 = LINE('',#563,#564);
#563 = CARTESIAN_POINT('',(-10.1287993541,9.,-10.57018256248));
#564 = VECTOR('',#565,1.);
#565 = DIRECTION('',(0.173648177667,-2.482832582531E-16,-0.984807753012)
  );
#566 = ORIENTED_EDGE('',*,*,#528,.T.);
#567 = ORIENTED_EDGE('',*,*,#568,.F.);
#568 = EDGE_CURVE('',#554,#520,#569,.T.);
#569 = LINE('',#570,#571);
#570 = CARTESIAN_POINT('',(-9.981078191157,8.85,-10.54413533583));
#571 = VECTOR('',#572,1.);
#572 = DIRECTION('',(-0.173648177667,2.482832582531E-16,0.984807753012)
  );
#573 = PLANE('',#574);
#574 = AXIS2_PLACEMENT_3D('',#575,#576,#577);
#575 = CARTESIAN_POINT('',(-10.05493877263,8.925,-10.55715894916));
#576 = DIRECTION('',(-0.69636424032,-0.707106781187,-0.122787803969));
#577 = DIRECTION('',(-0.173648177667,-2.914335439641E-16,0.984807753012)
  );
#578 = ADVANCED_FACE('',(#579),#606,.F.);
#579 = FACE_BOUND('',#580,.F.);
#580 = EDGE_LOOP('',(#581,#590,#591,#600));
#581 = ORIENTED_EDGE('',*,*,#582,.T.);
#582 = EDGE_CURVE('',#583,#554,#585,.T.);
#583 = VERTEX_POINT('',#584);
#584 = CARTESIAN_POINT('',(-10.09972521721,8.85,-7.898744248745));
#585 = CIRCLE('',#586,0.4145);
#586 = AXIS2_PLACEMENT_3D('',#587,#588,#589);
#587 = CARTESIAN_POINT('',(-10.09972521721,8.85,-7.484244248745));
#588 = DIRECTION('',(4.853481507928E-16,1.,-1.665334536942E-16));
#589 = DIRECTION('',(-1.,4.853481507928E-16,1.22464679915E-16));
#590 = ORIENTED_EDGE('',*,*,#551,.F.);
#591 = ORIENTED_EDGE('',*,*,#592,.T.);
#592 = EDGE_CURVE('',#552,#593,#595,.T.);
#593 = VERTEX_POINT('',#594);
#594 = CARTESIAN_POINT('',(-10.09972521721,9.,-8.048744248745));
#595 = CIRCLE('',#596,0.5645);
#596 = AXIS2_PLACEMENT_3D('',#597,#598,#599);
#597 = CARTESIAN_POINT('',(-10.09972521721,9.,-7.484244248745));
#598 = DIRECTION('',(-4.853481507928E-16,-1.,1.665334536942E-16));
#599 = DIRECTION('',(-1.,4.853481507928E-16,1.22464679915E-16));
#600 = ORIENTED_EDGE('',*,*,#601,.T.);
#601 = EDGE_CURVE('',#593,#583,#602,.T.);
#602 = LINE('',#603,#604);
#603 = CARTESIAN_POINT('',(-10.09972521721,9.,-8.048744248745));
#604 = VECTOR('',#605,1.);
#605 = DIRECTION('',(-2.565973630382E-16,-0.707106781187,0.707106781187)
  );
#606 = CONICAL_SURFACE('',#607,0.4895,0.785398163397);
#607 = AXIS2_PLACEMENT_3D('',#608,#609,#610);
#608 = CARTESIAN_POINT('',(-10.09972521721,8.925,-7.484244248745));
#609 = DIRECTION('',(4.853481507928E-16,1.,-1.665334536942E-16));
#610 = DIRECTION('',(-1.,4.853481507928E-16,1.22464679915E-16));
#611 = ADVANCED_FACE('',(#612),#637,.F.);
#612 = FACE_BOUND('',#613,.T.);
#613 = EDGE_LOOP('',(#614,#615,#623,#631));
#614 = ORIENTED_EDGE('',*,*,#601,.T.);
#615 = ORIENTED_EDGE('',*,*,#616,.F.);
#616 = EDGE_CURVE('',#617,#583,#619,.T.);
#617 = VERTEX_POINT('',#618);
#618 = CARTESIAN_POINT('',(-9.899703354215,8.85,-7.898744248745));
#619 = LINE('',#620,#621);
#620 = CARTESIAN_POINT('',(-9.,8.85,-7.898744248745));
#621 = VECTOR('',#622,1.);
#622 = DIRECTION('',(-1.,4.853481507928E-16,1.22464679915E-16));
#623 = ORIENTED_EDGE('',*,*,#624,.F.);
#624 = EDGE_CURVE('',#625,#617,#627,.T.);
#625 = VERTEX_POINT('',#626);
#626 = CARTESIAN_POINT('',(-9.899703354215,9.,-8.048744248745));
#627 = LINE('',#628,#629);
#628 = CARTESIAN_POINT('',(-9.899703354215,9.,-8.048744248745));
#629 = VECTOR('',#630,1.);
#630 = DIRECTION('',(-2.565973630382E-16,-0.707106781187,0.707106781187)
  );
#631 = ORIENTED_EDGE('',*,*,#632,.F.);
#632 = EDGE_CURVE('',#593,#625,#633,.T.);
#633 = LINE('',#634,#635);
#634 = CARTESIAN_POINT('',(-9.,9.,-8.048744248745));
#635 = VECTOR('',#636,1.);
#636 = DIRECTION('',(1.,-4.853481507928E-16,-1.22464679915E-16));
#637 = PLANE('',#638);
#638 = AXIS2_PLACEMENT_3D('',#639,#640,#641);
#639 = CARTESIAN_POINT('',(-9.,8.925,-7.973744248745));
#640 = DIRECTION('',(-4.297885742857E-16,-0.707106781187,-0.707106781187
    ));
#641 = DIRECTION('',(-1.,4.853481507928E-16,1.22464679915E-16));
#642 = ADVANCED_FACE('',(#643),#670,.F.);
#643 = FACE_BOUND('',#644,.F.);
#644 = EDGE_LOOP('',(#645,#654,#655,#664));
#645 = ORIENTED_EDGE('',*,*,#646,.T.);
#646 = EDGE_CURVE('',#647,#617,#649,.T.);
#647 = VERTEX_POINT('',#648);
#648 = CARTESIAN_POINT('',(-9.491500540592,8.85,-7.556221418388));
#649 = CIRCLE('',#650,0.4145);
#650 = AXIS2_PLACEMENT_3D('',#651,#652,#653);
#651 = CARTESIAN_POINT('',(-9.899703354215,8.85,-7.484244248745));
#652 = DIRECTION('',(4.853481507928E-16,1.,-1.665334536942E-16));
#653 = DIRECTION('',(1.,-4.853481507928E-16,-1.22464679915E-16));
#654 = ORIENTED_EDGE('',*,*,#624,.F.);
#655 = ORIENTED_EDGE('',*,*,#656,.T.);
#656 = EDGE_CURVE('',#625,#657,#659,.T.);
#657 = VERTEX_POINT('',#658);
#658 = CARTESIAN_POINT('',(-9.34377937764,9.,-7.582268645038));
#659 = CIRCLE('',#660,0.5645);
#660 = AXIS2_PLACEMENT_3D('',#661,#662,#663);
#661 = CARTESIAN_POINT('',(-9.899703354215,9.,-7.484244248745));
#662 = DIRECTION('',(-4.853481507928E-16,-1.,1.665334536942E-16));
#663 = DIRECTION('',(1.,-4.853481507928E-16,-1.22464679915E-16));
#664 = ORIENTED_EDGE('',*,*,#665,.T.);
#665 = EDGE_CURVE('',#657,#647,#666,.T.);
#666 = LINE('',#667,#668);
#667 = CARTESIAN_POINT('',(-9.34377937764,9.,-7.582268645038));
#668 = VECTOR('',#669,1.);
#669 = DIRECTION('',(-0.69636424032,-0.707106781187,0.122787803969));
#670 = CONICAL_SURFACE('',#671,0.4895,0.785398163397);
#671 = AXIS2_PLACEMENT_3D('',#672,#673,#674);
#672 = CARTESIAN_POINT('',(-9.899703354215,8.925,-7.484244248745));
#673 = DIRECTION('',(4.853481507928E-16,1.,-1.665334536942E-16));
#674 = DIRECTION('',(1.,-4.853481507928E-16,-1.22464679915E-16));
#675 = ADVANCED_FACE('',(#676),#701,.F.);
#676 = FACE_BOUND('',#677,.T.);
#677 = EDGE_LOOP('',(#678,#688,#694,#695));
#678 = ORIENTED_EDGE('',*,*,#679,.F.);
#679 = EDGE_CURVE('',#680,#682,#684,.T.);
#680 = VERTEX_POINT('',#681);
#681 = CARTESIAN_POINT('',(-9.267374179467,9.,-7.148953233712));
#682 = VERTEX_POINT('',#683);
#683 = CARTESIAN_POINT('',(-9.415095342418,8.85,-7.122906007062));
#684 = LINE('',#685,#686);
#685 = CARTESIAN_POINT('',(-9.267374179467,9.,-7.148953233712));
#686 = VECTOR('',#687,1.);
#687 = DIRECTION('',(-0.69636424032,-0.707106781187,0.122787803969));
#688 = ORIENTED_EDGE('',*,*,#689,.F.);
#689 = EDGE_CURVE('',#657,#680,#690,.T.);
#690 = LINE('',#691,#692);
#691 = CARTESIAN_POINT('',(-9.87868674214,9.,-10.6158790565));
#692 = VECTOR('',#693,1.);
#693 = DIRECTION('',(0.173648177667,7.972361441474E-17,0.984807753012));
#694 = ORIENTED_EDGE('',*,*,#665,.T.);
#695 = ORIENTED_EDGE('',*,*,#696,.F.);
#696 = EDGE_CURVE('',#682,#647,#697,.T.);
#697 = LINE('',#698,#699);
#698 = CARTESIAN_POINT('',(-10.02640790509,8.85,-10.58983182985));
#699 = VECTOR('',#700,1.);
#700 = DIRECTION('',(-0.173648177667,-7.972361441474E-17,-0.984807753012
    ));
#701 = PLANE('',#702);
#702 = AXIS2_PLACEMENT_3D('',#703,#704,#705);
#703 = CARTESIAN_POINT('',(-9.952547323616,8.925,-10.60285544318));
#704 = DIRECTION('',(0.69636424032,-0.707106781187,-0.122787803969));
#705 = DIRECTION('',(-0.173648177667,2.359223927328E-16,-0.984807753012)
  );
#706 = ADVANCED_FACE('',(#707),#734,.T.);
#707 = FACE_BOUND('',#708,.T.);
#708 = EDGE_LOOP('',(#709,#710,#719,#727));
#709 = ORIENTED_EDGE('',*,*,#679,.T.);
#710 = ORIENTED_EDGE('',*,*,#711,.F.);
#711 = EDGE_CURVE('',#712,#682,#714,.T.);
#712 = VERTEX_POINT('',#713);
#713 = CARTESIAN_POINT('',(-9.208285714286,8.85,-6.949372124372));
#714 = CIRCLE('',#715,0.21);
#715 = AXIS2_PLACEMENT_3D('',#716,#717,#718);
#716 = CARTESIAN_POINT('',(-9.208285714286,8.85,-7.159372124372));
#717 = DIRECTION('',(-4.853481507928E-16,-1.,1.665334536942E-16));
#718 = DIRECTION('',(-1.,4.853481507928E-16,1.22464679915E-16));
#719 = ORIENTED_EDGE('',*,*,#720,.F.);
#720 = EDGE_CURVE('',#721,#712,#723,.T.);
#721 = VERTEX_POINT('',#722);
#722 = CARTESIAN_POINT('',(-9.208285714286,9.,-7.099372124372));
#723 = LINE('',#724,#725);
#724 = CARTESIAN_POINT('',(-9.208285714286,9.,-7.099372124372));
#725 = VECTOR('',#726,1.);
#726 = DIRECTION('',(-2.565973630382E-16,-0.707106781187,0.707106781187)
  );
#727 = ORIENTED_EDGE('',*,*,#728,.F.);
#728 = EDGE_CURVE('',#680,#721,#729,.T.);
#729 = CIRCLE('',#730,6.E-02);
#730 = AXIS2_PLACEMENT_3D('',#731,#732,#733);
#731 = CARTESIAN_POINT('',(-9.208285714286,9.,-7.159372124372));
#732 = DIRECTION('',(4.853481507928E-16,1.,-1.665334536942E-16));
#733 = DIRECTION('',(-1.,4.853481507928E-16,1.22464679915E-16));
#734 = CONICAL_SURFACE('',#735,0.135,0.785398163397);
#735 = AXIS2_PLACEMENT_3D('',#736,#737,#738);
#736 = CARTESIAN_POINT('',(-9.208285714286,8.925,-7.159372124372));
#737 = DIRECTION('',(-4.853481507928E-16,-1.,1.665334536942E-16));
#738 = DIRECTION('',(-1.,4.853481507928E-16,1.22464679915E-16));
#739 = ADVANCED_FACE('',(#740),#765,.F.);
#740 = FACE_BOUND('',#741,.T.);
#741 = EDGE_LOOP('',(#742,#752,#758,#759));
#742 = ORIENTED_EDGE('',*,*,#743,.F.);
#743 = EDGE_CURVE('',#744,#746,#748,.T.);
#744 = VERTEX_POINT('',#745);
#745 = CARTESIAN_POINT('',(-8.791285714286,9.,-7.099372124372));
#746 = VERTEX_POINT('',#747);
#747 = CARTESIAN_POINT('',(-8.791285714286,8.85,-6.949372124372));
#748 = LINE('',#749,#750);
#749 = CARTESIAN_POINT('',(-8.791285714286,9.,-7.099372124372));
#750 = VECTOR('',#751,1.);
#751 = DIRECTION('',(-2.565973630382E-16,-0.707106781187,0.707106781187)
  );
#752 = ORIENTED_EDGE('',*,*,#753,.F.);
#753 = EDGE_CURVE('',#721,#744,#754,.T.);
#754 = LINE('',#755,#756);
#755 = CARTESIAN_POINT('',(-9.104142857143,9.,-7.099372124372));
#756 = VECTOR('',#757,1.);
#757 = DIRECTION('',(1.,-4.853481507928E-16,-1.22464679915E-16));
#758 = ORIENTED_EDGE('',*,*,#720,.T.);
#759 = ORIENTED_EDGE('',*,*,#760,.F.);
#760 = EDGE_CURVE('',#746,#712,#761,.T.);
#761 = LINE('',#762,#763);
#762 = CARTESIAN_POINT('',(-9.104142857143,8.85,-6.949372124372));
#763 = VECTOR('',#764,1.);
#764 = DIRECTION('',(-1.,4.853481507928E-16,1.22464679915E-16));
#765 = PLANE('',#766);
#766 = AXIS2_PLACEMENT_3D('',#767,#768,#769);
#767 = CARTESIAN_POINT('',(-9.104142857143,8.925,-7.024372124372));
#768 = DIRECTION('',(-4.297885742857E-16,-0.707106781187,-0.707106781187
    ));
#769 = DIRECTION('',(-1.,4.853481507928E-16,1.22464679915E-16));
#770 = ADVANCED_FACE('',(#771),#798,.T.);
#771 = FACE_BOUND('',#772,.T.);
#772 = EDGE_LOOP('',(#773,#774,#783,#791));
#773 = ORIENTED_EDGE('',*,*,#743,.T.);
#774 = ORIENTED_EDGE('',*,*,#775,.F.);
#775 = EDGE_CURVE('',#776,#746,#778,.T.);
#776 = VERTEX_POINT('',#777);
#777 = CARTESIAN_POINT('',(-8.584476086153,8.85,-7.122906007062));
#778 = CIRCLE('',#779,0.21);
#779 = AXIS2_PLACEMENT_3D('',#780,#781,#782);
#780 = CARTESIAN_POINT('',(-8.791285714286,8.85,-7.159372124372));
#781 = DIRECTION('',(-4.853481507928E-16,-1.,1.665334536942E-16));
#782 = DIRECTION('',(1.,-4.853481507928E-16,-1.22464679915E-16));
#783 = ORIENTED_EDGE('',*,*,#784,.F.);
#784 = EDGE_CURVE('',#785,#776,#787,.T.);
#785 = VERTEX_POINT('',#786);
#786 = CARTESIAN_POINT('',(-8.732197249105,9.,-7.148953233712));
#787 = LINE('',#788,#789);
#788 = CARTESIAN_POINT('',(-8.732197249105,9.,-7.148953233712));
#789 = VECTOR('',#790,1.);
#790 = DIRECTION('',(0.69636424032,-0.707106781187,0.122787803969));
#791 = ORIENTED_EDGE('',*,*,#792,.F.);
#792 = EDGE_CURVE('',#744,#785,#793,.T.);
#793 = CIRCLE('',#794,6.E-02);
#794 = AXIS2_PLACEMENT_3D('',#795,#796,#797);
#795 = CARTESIAN_POINT('',(-8.791285714286,9.,-7.159372124372));
#796 = DIRECTION('',(4.853481507928E-16,1.,-1.665334536942E-16));
#797 = DIRECTION('',(1.,-4.853481507928E-16,-1.22464679915E-16));
#798 = CONICAL_SURFACE('',#799,0.135,0.785398163397);
#799 = AXIS2_PLACEMENT_3D('',#800,#801,#802);
#800 = CARTESIAN_POINT('',(-8.791285714286,8.925,-7.159372124372));
#801 = DIRECTION('',(-4.853481507928E-16,-1.,1.665334536942E-16));
#802 = DIRECTION('',(1.,-4.853481507928E-16,-1.22464679915E-16));
#803 = ADVANCED_FACE('',(#804),#829,.F.);
#804 = FACE_BOUND('',#805,.T.);
#805 = EDGE_LOOP('',(#806,#816,#822,#823));
#806 = ORIENTED_EDGE('',*,*,#807,.F.);
#807 = EDGE_CURVE('',#808,#810,#812,.T.);
#808 = VERTEX_POINT('',#809);
#809 = CARTESIAN_POINT('',(-8.655792050932,9.,-7.582268645038));
#810 = VERTEX_POINT('',#811);
#811 = CARTESIAN_POINT('',(-8.50807088798,8.85,-7.556221418388));
#812 = LINE('',#813,#814);
#813 = CARTESIAN_POINT('',(-8.655792050932,9.,-7.582268645038));
#814 = VECTOR('',#815,1.);
#815 = DIRECTION('',(0.69636424032,-0.707106781187,0.122787803969));
#816 = ORIENTED_EDGE('',*,*,#817,.F.);
#817 = EDGE_CURVE('',#785,#808,#818,.T.);
#818 = LINE('',#819,#820);
#819 = CARTESIAN_POINT('',(-8.159093747023,9.,-10.39918470582));
#820 = VECTOR('',#821,1.);
#821 = DIRECTION('',(0.173648177667,-2.482832582531E-16,-0.984807753012)
  );
#822 = ORIENTED_EDGE('',*,*,#784,.T.);
#823 = ORIENTED_EDGE('',*,*,#824,.F.);
#824 = EDGE_CURVE('',#810,#776,#825,.T.);
#825 = LINE('',#826,#827);
#826 = CARTESIAN_POINT('',(-8.011372584072,8.85,-10.37313747917));
#827 = VECTOR('',#828,1.);
#828 = DIRECTION('',(-0.173648177667,2.482832582531E-16,0.984807753012)
  );
#829 = PLANE('',#830);
#830 = AXIS2_PLACEMENT_3D('',#831,#832,#833);
#831 = CARTESIAN_POINT('',(-8.085233165547,8.925,-10.3861610925));
#832 = DIRECTION('',(-0.69636424032,-0.707106781187,-0.122787803969));
#833 = DIRECTION('',(-0.173648177667,-2.914335439641E-16,0.984807753012)
  );
#834 = ADVANCED_FACE('',(#835),#862,.F.);
#835 = FACE_BOUND('',#836,.F.);
#836 = EDGE_LOOP('',(#837,#846,#847,#856));
#837 = ORIENTED_EDGE('',*,*,#838,.T.);
#838 = EDGE_CURVE('',#839,#810,#841,.T.);
#839 = VERTEX_POINT('',#840);
#840 = CARTESIAN_POINT('',(-8.099868074356,8.85,-7.898744248745));
#841 = CIRCLE('',#842,0.4145);
#842 = AXIS2_PLACEMENT_3D('',#843,#844,#845);
#843 = CARTESIAN_POINT('',(-8.099868074356,8.85,-7.484244248745));
#844 = DIRECTION('',(4.853481507928E-16,1.,-1.665334536942E-16));
#845 = DIRECTION('',(-1.,4.853481507928E-16,1.22464679915E-16));
#846 = ORIENTED_EDGE('',*,*,#807,.F.);
#847 = ORIENTED_EDGE('',*,*,#848,.T.);
#848 = EDGE_CURVE('',#808,#849,#851,.T.);
#849 = VERTEX_POINT('',#850);
#850 = CARTESIAN_POINT('',(-8.099868074356,9.,-8.048744248745));
#851 = CIRCLE('',#852,0.5645);
#852 = AXIS2_PLACEMENT_3D('',#853,#854,#855);
#853 = CARTESIAN_POINT('',(-8.099868074356,9.,-7.484244248745));
#854 = DIRECTION('',(-4.853481507928E-16,-1.,1.665334536942E-16));
#855 = DIRECTION('',(-1.,4.853481507928E-16,1.22464679915E-16));
#856 = ORIENTED_EDGE('',*,*,#857,.T.);
#857 = EDGE_CURVE('',#849,#839,#858,.T.);
#858 = LINE('',#859,#860);
#859 = CARTESIAN_POINT('',(-8.099868074356,9.,-8.048744248745));
#860 = VECTOR('',#861,1.);
#861 = DIRECTION('',(-2.565973630382E-16,-0.707106781187,0.707106781187)
  );
#862 = CONICAL_SURFACE('',#863,0.4895,0.785398163397);
#863 = AXIS2_PLACEMENT_3D('',#864,#865,#866);
#864 = CARTESIAN_POINT('',(-8.099868074356,8.925,-7.484244248745));
#865 = DIRECTION('',(4.853481507928E-16,1.,-1.665334536942E-16));
#866 = DIRECTION('',(-1.,4.853481507928E-16,1.22464679915E-16));
#867 = ADVANCED_FACE('',(#868),#893,.F.);
#868 = FACE_BOUND('',#869,.T.);
#869 = EDGE_LOOP('',(#870,#871,#879,#887));
#870 = ORIENTED_EDGE('',*,*,#857,.T.);
#871 = ORIENTED_EDGE('',*,*,#872,.F.);
#872 = EDGE_CURVE('',#873,#839,#875,.T.);
#873 = VERTEX_POINT('',#874);
#874 = CARTESIAN_POINT('',(-7.899846211358,8.85,-7.898744248745));
#875 = LINE('',#876,#877);
#876 = CARTESIAN_POINT('',(-9.,8.85,-7.898744248745));
#877 = VECTOR('',#878,1.);
#878 = DIRECTION('',(-1.,4.853481507928E-16,1.22464679915E-16));
#879 = ORIENTED_EDGE('',*,*,#880,.F.);
#880 = EDGE_CURVE('',#881,#873,#883,.T.);
#881 = VERTEX_POINT('',#882);
#882 = CARTESIAN_POINT('',(-7.899846211358,9.,-8.048744248745));
#883 = LINE('',#884,#885);
#884 = CARTESIAN_POINT('',(-7.899846211358,9.,-8.048744248745));
#885 = VECTOR('',#886,1.);
#886 = DIRECTION('',(-2.565973630382E-16,-0.707106781187,0.707106781187)
  );
#887 = ORIENTED_EDGE('',*,*,#888,.F.);
#888 = EDGE_CURVE('',#849,#881,#889,.T.);
#889 = LINE('',#890,#891);
#890 = CARTESIAN_POINT('',(-9.,9.,-8.048744248745));
#891 = VECTOR('',#892,1.);
#892 = DIRECTION('',(1.,-4.853481507928E-16,-1.22464679915E-16));
#893 = PLANE('',#894);
#894 = AXIS2_PLACEMENT_3D('',#895,#896,#897);
#895 = CARTESIAN_POINT('',(-9.,8.925,-7.973744248745));
#896 = DIRECTION('',(-4.297885742857E-16,-0.707106781187,-0.707106781187
    ));
#897 = DIRECTION('',(-1.,4.853481507928E-16,1.22464679915E-16));
#898 = ADVANCED_FACE('',(#899),#926,.F.);
#899 = FACE_BOUND('',#900,.F.);
#900 = EDGE_LOOP('',(#901,#910,#911,#920));
#901 = ORIENTED_EDGE('',*,*,#902,.T.);
#902 = EDGE_CURVE('',#903,#873,#905,.T.);
#903 = VERTEX_POINT('',#904);
#904 = CARTESIAN_POINT('',(-7.491643397735,8.85,-7.556221418388));
#905 = CIRCLE('',#906,0.4145);
#906 = AXIS2_PLACEMENT_3D('',#907,#908,#909);
#907 = CARTESIAN_POINT('',(-7.899846211358,8.85,-7.484244248745));
#908 = DIRECTION('',(4.853481507928E-16,1.,-1.665334536942E-16));
#909 = DIRECTION('',(1.,-4.853481507928E-16,-1.22464679915E-16));
#910 = ORIENTED_EDGE('',*,*,#880,.F.);
#911 = ORIENTED_EDGE('',*,*,#912,.T.);
#912 = EDGE_CURVE('',#881,#913,#915,.T.);
#913 = VERTEX_POINT('',#914);
#914 = CARTESIAN_POINT('',(-7.343922234783,9.,-7.582268645038));
#915 = CIRCLE('',#916,0.5645);
#916 = AXIS2_PLACEMENT_3D('',#917,#918,#919);
#917 = CARTESIAN_POINT('',(-7.899846211358,9.,-7.484244248745));
#918 = DIRECTION('',(-4.853481507928E-16,-1.,1.665334536942E-16));
#919 = DIRECTION('',(1.,-4.853481507928E-16,-1.22464679915E-16));
#920 = ORIENTED_EDGE('',*,*,#921,.T.);
#921 = EDGE_CURVE('',#913,#903,#922,.T.);
#922 = LINE('',#923,#924);
#923 = CARTESIAN_POINT('',(-7.343922234783,9.,-7.582268645038));
#924 = VECTOR('',#925,1.);
#925 = DIRECTION('',(-0.69636424032,-0.707106781187,0.122787803969));
#926 = CONICAL_SURFACE('',#927,0.4895,0.785398163397);
#927 = AXIS2_PLACEMENT_3D('',#928,#929,#930);
#928 = CARTESIAN_POINT('',(-7.899846211358,8.925,-7.484244248745));
#929 = DIRECTION('',(4.853481507928E-16,1.,-1.665334536942E-16));
#930 = DIRECTION('',(1.,-4.853481507928E-16,-1.22464679915E-16));
#931 = ADVANCED_FACE('',(#932),#957,.F.);
#932 = FACE_BOUND('',#933,.T.);
#933 = EDGE_LOOP('',(#934,#944,#950,#951));
#934 = ORIENTED_EDGE('',*,*,#935,.F.);
#935 = EDGE_CURVE('',#936,#938,#940,.T.);
#936 = VERTEX_POINT('',#937);
#937 = CARTESIAN_POINT('',(-7.267517036609,9.,-7.148953233712));
#938 = VERTEX_POINT('',#939);
#939 = CARTESIAN_POINT('',(-7.415238199561,8.85,-7.122906007062));
#940 = LINE('',#941,#942);
#941 = CARTESIAN_POINT('',(-7.267517036609,9.,-7.148953233712));
#942 = VECTOR('',#943,1.);
#943 = DIRECTION('',(-0.69636424032,-0.707106781187,0.122787803969));
#944 = ORIENTED_EDGE('',*,*,#945,.F.);
#945 = EDGE_CURVE('',#913,#936,#946,.T.);
#946 = LINE('',#947,#948);
#947 = CARTESIAN_POINT('',(-7.908981135055,9.,-10.78687691316));
#948 = VECTOR('',#949,1.);
#949 = DIRECTION('',(0.173648177667,7.972361441474E-17,0.984807753012));
#950 = ORIENTED_EDGE('',*,*,#921,.T.);
#951 = ORIENTED_EDGE('',*,*,#952,.F.);
#952 = EDGE_CURVE('',#938,#903,#953,.T.);
#953 = LINE('',#954,#955);
#954 = CARTESIAN_POINT('',(-8.056702298007,8.85,-10.76082968651));
#955 = VECTOR('',#956,1.);
#956 = DIRECTION('',(-0.173648177667,-7.972361441474E-17,-0.984807753012
    ));
#957 = PLANE('',#958);
#958 = AXIS2_PLACEMENT_3D('',#959,#960,#961);
#959 = CARTESIAN_POINT('',(-7.982841716531,8.925,-10.77385329983));
#960 = DIRECTION('',(0.69636424032,-0.707106781187,-0.122787803969));
#961 = DIRECTION('',(-0.173648177667,9.71445146547E-17,-0.984807753012)
  );
#962 = ADVANCED_FACE('',(#963),#990,.T.);
#963 = FACE_BOUND('',#964,.T.);
#964 = EDGE_LOOP('',(#965,#966,#975,#983));
#965 = ORIENTED_EDGE('',*,*,#935,.T.);
#966 = ORIENTED_EDGE('',*,*,#967,.F.);
#967 = EDGE_CURVE('',#968,#938,#970,.T.);
#968 = VERTEX_POINT('',#969);
#969 = CARTESIAN_POINT('',(-7.208428571429,8.85,-6.949372124372));
#970 = CIRCLE('',#971,0.21);
#971 = AXIS2_PLACEMENT_3D('',#972,#973,#974);
#972 = CARTESIAN_POINT('',(-7.208428571429,8.85,-7.159372124372));
#973 = DIRECTION('',(-4.853481507928E-16,-1.,1.665334536942E-16));
#974 = DIRECTION('',(-1.,4.853481507928E-16,1.22464679915E-16));
#975 = ORIENTED_EDGE('',*,*,#976,.F.);
#976 = EDGE_CURVE('',#977,#968,#979,.T.);
#977 = VERTEX_POINT('',#978);
#978 = CARTESIAN_POINT('',(-7.208428571429,9.,-7.099372124372));
#979 = LINE('',#980,#981);
#980 = CARTESIAN_POINT('',(-7.208428571429,9.,-7.099372124372));
#981 = VECTOR('',#982,1.);
#982 = DIRECTION('',(-2.565973630382E-16,-0.707106781187,0.707106781187)
  );
#983 = ORIENTED_EDGE('',*,*,#984,.F.);
#984 = EDGE_CURVE('',#936,#977,#985,.T.);
#985 = CIRCLE('',#986,6.E-02);
#986 = AXIS2_PLACEMENT_3D('',#987,#988,#989);
#987 = CARTESIAN_POINT('',(-7.208428571429,9.,-7.159372124372));
#988 = DIRECTION('',(4.853481507928E-16,1.,-1.665334536942E-16));
#989 = DIRECTION('',(-1.,4.853481507928E-16,1.22464679915E-16));
#990 = CONICAL_SURFACE('',#991,0.135,0.785398163397);
#991 = AXIS2_PLACEMENT_3D('',#992,#993,#994);
#992 = CARTESIAN_POINT('',(-7.208428571429,8.925,-7.159372124372));
#993 = DIRECTION('',(-4.853481507928E-16,-1.,1.665334536942E-16));
#994 = DIRECTION('',(-1.,4.853481507928E-16,1.22464679915E-16));
#995 = ADVANCED_FACE('',(#996),#1021,.F.);
#996 = FACE_BOUND('',#997,.T.);
#997 = EDGE_LOOP('',(#998,#1008,#1014,#1015));
#998 = ORIENTED_EDGE('',*,*,#999,.F.);
#999 = EDGE_CURVE('',#1000,#1002,#1004,.T.);
#1000 = VERTEX_POINT('',#1001);
#1001 = CARTESIAN_POINT('',(-6.791428571429,9.,-7.099372124372));
#1002 = VERTEX_POINT('',#1003);
#1003 = CARTESIAN_POINT('',(-6.791428571429,8.85,-6.949372124372));
#1004 = LINE('',#1005,#1006);
#1005 = CARTESIAN_POINT('',(-6.791428571429,9.,-7.099372124372));
#1006 = VECTOR('',#1007,1.);
#1007 = DIRECTION('',(-2.565973630382E-16,-0.707106781187,0.707106781187
    ));
#1008 = ORIENTED_EDGE('',*,*,#1009,.F.);
#1009 = EDGE_CURVE('',#977,#1000,#1010,.T.);
#1010 = LINE('',#1011,#1012);
#1011 = CARTESIAN_POINT('',(-8.104214285714,9.,-7.099372124372));
#1012 = VECTOR('',#1013,1.);
#1013 = DIRECTION('',(1.,-4.853481507928E-16,-1.22464679915E-16));
#1014 = ORIENTED_EDGE('',*,*,#976,.T.);
#1015 = ORIENTED_EDGE('',*,*,#1016,.F.);
#1016 = EDGE_CURVE('',#1002,#968,#1017,.T.);
#1017 = LINE('',#1018,#1019);
#1018 = CARTESIAN_POINT('',(-8.104214285714,8.85,-6.949372124372));
#1019 = VECTOR('',#1020,1.);
#1020 = DIRECTION('',(-1.,4.853481507928E-16,1.22464679915E-16));
#1021 = PLANE('',#1022);
#1022 = AXIS2_PLACEMENT_3D('',#1023,#1024,#1025);
#1023 = CARTESIAN_POINT('',(-8.104214285714,8.925,-7.024372124372));
#1024 = DIRECTION('',(-4.297885742857E-16,-0.707106781187,
    -0.707106781187));
#1025 = DIRECTION('',(-1.,4.853481507928E-16,1.22464679915E-16));
#1026 = ADVANCED_FACE('',(#1027),#1054,.T.);
#1027 = FACE_BOUND('',#1028,.T.);
#1028 = EDGE_LOOP('',(#1029,#1030,#1039,#1047));
#1029 = ORIENTED_EDGE('',*,*,#999,.T.);
#1030 = ORIENTED_EDGE('',*,*,#1031,.F.);
#1031 = EDGE_CURVE('',#1032,#1002,#1034,.T.);
#1032 = VERTEX_POINT('',#1033);
#1033 = CARTESIAN_POINT('',(-6.584618943296,8.85,-7.122906007062));
#1034 = CIRCLE('',#1035,0.21);
#1035 = AXIS2_PLACEMENT_3D('',#1036,#1037,#1038);
#1036 = CARTESIAN_POINT('',(-6.791428571429,8.85,-7.159372124372));
#1037 = DIRECTION('',(-4.853481507928E-16,-1.,1.665334536942E-16));
#1038 = DIRECTION('',(1.,-4.853481507928E-16,-1.22464679915E-16));
#1039 = ORIENTED_EDGE('',*,*,#1040,.F.);
#1040 = EDGE_CURVE('',#1041,#1032,#1043,.T.);
#1041 = VERTEX_POINT('',#1042);
#1042 = CARTESIAN_POINT('',(-6.732340106248,9.,-7.148953233712));
#1043 = LINE('',#1044,#1045);
#1044 = CARTESIAN_POINT('',(-6.732340106248,9.,-7.148953233712));
#1045 = VECTOR('',#1046,1.);
#1046 = DIRECTION('',(0.69636424032,-0.707106781187,0.122787803969));
#1047 = ORIENTED_EDGE('',*,*,#1048,.F.);
#1048 = EDGE_CURVE('',#1000,#1041,#1049,.T.);
#1049 = CIRCLE('',#1050,6.E-02);
#1050 = AXIS2_PLACEMENT_3D('',#1051,#1052,#1053);
#1051 = CARTESIAN_POINT('',(-6.791428571429,9.,-7.159372124372));
#1052 = DIRECTION('',(4.853481507928E-16,1.,-1.665334536942E-16));
#1053 = DIRECTION('',(1.,-4.853481507928E-16,-1.22464679915E-16));
#1054 = CONICAL_SURFACE('',#1055,0.135,0.785398163397);
#1055 = AXIS2_PLACEMENT_3D('',#1056,#1057,#1058);
#1056 = CARTESIAN_POINT('',(-6.791428571429,8.925,-7.159372124372));
#1057 = DIRECTION('',(-4.853481507928E-16,-1.,1.665334536942E-16));
#1058 = DIRECTION('',(1.,-4.853481507928E-16,-1.22464679915E-16));
#1059 = ADVANCED_FACE('',(#1060),#1085,.F.);
#1060 = FACE_BOUND('',#1061,.T.);
#1061 = EDGE_LOOP('',(#1062,#1072,#1078,#1079));
#1062 = ORIENTED_EDGE('',*,*,#1063,.F.);
#1063 = EDGE_CURVE('',#1064,#1066,#1068,.T.);
#1064 = VERTEX_POINT('',#1065);
#1065 = CARTESIAN_POINT('',(-6.655934908075,9.,-7.582268645038));
#1066 = VERTEX_POINT('',#1067);
#1067 = CARTESIAN_POINT('',(-6.508213745123,8.85,-7.556221418388));
#1068 = LINE('',#1069,#1070);
#1069 = CARTESIAN_POINT('',(-6.655934908075,9.,-7.582268645038));
#1070 = VECTOR('',#1071,1.);
#1071 = DIRECTION('',(0.69636424032,-0.707106781187,0.122787803969));
#1072 = ORIENTED_EDGE('',*,*,#1073,.F.);
#1073 = EDGE_CURVE('',#1041,#1064,#1074,.T.);
#1074 = LINE('',#1075,#1076);
#1075 = CARTESIAN_POINT('',(-6.189388139938,9.,-10.22818684917));
#1076 = VECTOR('',#1077,1.);
#1077 = DIRECTION('',(0.173648177667,-2.482832582531E-16,-0.984807753012
    ));
#1078 = ORIENTED_EDGE('',*,*,#1040,.T.);
#1079 = ORIENTED_EDGE('',*,*,#1080,.F.);
#1080 = EDGE_CURVE('',#1066,#1032,#1081,.T.);
#1081 = LINE('',#1082,#1083);
#1082 = CARTESIAN_POINT('',(-6.041666976986,8.85,-10.20213962252));
#1083 = VECTOR('',#1084,1.);
#1084 = DIRECTION('',(-0.173648177667,2.482832582531E-16,0.984807753012)
  );
#1085 = PLANE('',#1086);
#1086 = AXIS2_PLACEMENT_3D('',#1087,#1088,#1089);
#1087 = CARTESIAN_POINT('',(-6.115527558462,8.925,-10.21516323584));
#1088 = DIRECTION('',(-0.69636424032,-0.707106781187,-0.122787803969));
#1089 = DIRECTION('',(-0.173648177667,-2.914335439641E-16,0.984807753012
    ));
#1090 = ADVANCED_FACE('',(#1091),#1118,.F.);
#1091 = FACE_BOUND('',#1092,.F.);
#1092 = EDGE_LOOP('',(#1093,#1102,#1103,#1112));
#1093 = ORIENTED_EDGE('',*,*,#1094,.T.);
#1094 = EDGE_CURVE('',#1095,#1066,#1097,.T.);
#1095 = VERTEX_POINT('',#1096);
#1096 = CARTESIAN_POINT('',(-6.100010931499,8.85,-7.898744248745));
#1097 = CIRCLE('',#1098,0.4145);
#1098 = AXIS2_PLACEMENT_3D('',#1099,#1100,#1101);
#1099 = CARTESIAN_POINT('',(-6.100010931499,8.85,-7.484244248745));
#1100 = DIRECTION('',(4.853481507928E-16,1.,-1.665334536942E-16));
#1101 = DIRECTION('',(-1.,4.853481507928E-16,1.22464679915E-16));
#1102 = ORIENTED_EDGE('',*,*,#1063,.F.);
#1103 = ORIENTED_EDGE('',*,*,#1104,.T.);
#1104 = EDGE_CURVE('',#1064,#1105,#1107,.T.);
#1105 = VERTEX_POINT('',#1106);
#1106 = CARTESIAN_POINT('',(-6.100010931499,9.,-8.048744248745));
#1107 = CIRCLE('',#1108,0.5645);
#1108 = AXIS2_PLACEMENT_3D('',#1109,#1110,#1111);
#1109 = CARTESIAN_POINT('',(-6.100010931499,9.,-7.484244248745));
#1110 = DIRECTION('',(-4.853481507928E-16,-1.,1.665334536942E-16));
#1111 = DIRECTION('',(-1.,4.853481507928E-16,1.22464679915E-16));
#1112 = ORIENTED_EDGE('',*,*,#1113,.T.);
#1113 = EDGE_CURVE('',#1105,#1095,#1114,.T.);
#1114 = LINE('',#1115,#1116);
#1115 = CARTESIAN_POINT('',(-6.100010931499,9.,-8.048744248745));
#1116 = VECTOR('',#1117,1.);
#1117 = DIRECTION('',(-2.565973630382E-16,-0.707106781187,0.707106781187
    ));
#1118 = CONICAL_SURFACE('',#1119,0.4895,0.785398163397);
#1119 = AXIS2_PLACEMENT_3D('',#1120,#1121,#1122);
#1120 = CARTESIAN_POINT('',(-6.100010931499,8.925,-7.484244248745));
#1121 = DIRECTION('',(4.853481507928E-16,1.,-1.665334536942E-16));
#1122 = DIRECTION('',(-1.,4.853481507928E-16,1.22464679915E-16));
#1123 = ADVANCED_FACE('',(#1124),#1149,.F.);
#1124 = FACE_BOUND('',#1125,.T.);
#1125 = EDGE_LOOP('',(#1126,#1127,#1135,#1143));
#1126 = ORIENTED_EDGE('',*,*,#1113,.T.);
#1127 = ORIENTED_EDGE('',*,*,#1128,.F.);
#1128 = EDGE_CURVE('',#1129,#1095,#1131,.T.);
#1129 = VERTEX_POINT('',#1130);
#1130 = CARTESIAN_POINT('',(-5.899989068501,8.85,-7.898744248745));
#1131 = LINE('',#1132,#1133);
#1132 = CARTESIAN_POINT('',(-9.,8.85,-7.898744248745));
#1133 = VECTOR('',#1134,1.);
#1134 = DIRECTION('',(-1.,4.853481507928E-16,1.22464679915E-16));
#1135 = ORIENTED_EDGE('',*,*,#1136,.F.);
#1136 = EDGE_CURVE('',#1137,#1129,#1139,.T.);
#1137 = VERTEX_POINT('',#1138);
#1138 = CARTESIAN_POINT('',(-5.899989068501,9.,-8.048744248745));
#1139 = LINE('',#1140,#1141);
#1140 = CARTESIAN_POINT('',(-5.899989068501,9.,-8.048744248745));
#1141 = VECTOR('',#1142,1.);
#1142 = DIRECTION('',(-2.565973630382E-16,-0.707106781187,0.707106781187
    ));
#1143 = ORIENTED_EDGE('',*,*,#1144,.F.);
#1144 = EDGE_CURVE('',#1105,#1137,#1145,.T.);
#1145 = LINE('',#1146,#1147);
#1146 = CARTESIAN_POINT('',(-9.,9.,-8.048744248745));
#1147 = VECTOR('',#1148,1.);
#1148 = DIRECTION('',(1.,-4.853481507928E-16,-1.22464679915E-16));
#1149 = PLANE('',#1150);
#1150 = AXIS2_PLACEMENT_3D('',#1151,#1152,#1153);
#1151 = CARTESIAN_POINT('',(-9.,8.925,-7.973744248745));
#1152 = DIRECTION('',(-4.297885742857E-16,-0.707106781187,
    -0.707106781187));
#1153 = DIRECTION('',(-1.,4.853481507928E-16,1.22464679915E-16));
#1154 = ADVANCED_FACE('',(#1155),#1182,.F.);
#1155 = FACE_BOUND('',#1156,.F.);
#1156 = EDGE_LOOP('',(#1157,#1166,#1167,#1176));
#1157 = ORIENTED_EDGE('',*,*,#1158,.T.);
#1158 = EDGE_CURVE('',#1159,#1129,#1161,.T.);
#1159 = VERTEX_POINT('',#1160);
#1160 = CARTESIAN_POINT('',(-5.491786254878,8.85,-7.556221418388));
#1161 = CIRCLE('',#1162,0.4145);
#1162 = AXIS2_PLACEMENT_3D('',#1163,#1164,#1165);
#1163 = CARTESIAN_POINT('',(-5.899989068501,8.85,-7.484244248745));
#1164 = DIRECTION('',(4.853481507928E-16,1.,-1.665334536942E-16));
#1165 = DIRECTION('',(1.,-4.853481507928E-16,-1.22464679915E-16));
#1166 = ORIENTED_EDGE('',*,*,#1136,.F.);
#1167 = ORIENTED_EDGE('',*,*,#1168,.T.);
#1168 = EDGE_CURVE('',#1137,#1169,#1171,.T.);
#1169 = VERTEX_POINT('',#1170);
#1170 = CARTESIAN_POINT('',(-5.344065091926,9.,-7.582268645038));
#1171 = CIRCLE('',#1172,0.5645);
#1172 = AXIS2_PLACEMENT_3D('',#1173,#1174,#1175);
#1173 = CARTESIAN_POINT('',(-5.899989068501,9.,-7.484244248745));
#1174 = DIRECTION('',(-4.853481507928E-16,-1.,1.665334536942E-16));
#1175 = DIRECTION('',(1.,-4.853481507928E-16,-1.22464679915E-16));
#1176 = ORIENTED_EDGE('',*,*,#1177,.T.);
#1177 = EDGE_CURVE('',#1169,#1159,#1178,.T.);
#1178 = LINE('',#1179,#1180);
#1179 = CARTESIAN_POINT('',(-5.344065091926,9.,-7.582268645038));
#1180 = VECTOR('',#1181,1.);
#1181 = DIRECTION('',(-0.69636424032,-0.707106781187,0.122787803969));
#1182 = CONICAL_SURFACE('',#1183,0.4895,0.785398163397);
#1183 = AXIS2_PLACEMENT_3D('',#1184,#1185,#1186);
#1184 = CARTESIAN_POINT('',(-5.899989068501,8.925,-7.484244248745));
#1185 = DIRECTION('',(4.853481507928E-16,1.,-1.665334536942E-16));
#1186 = DIRECTION('',(1.,-4.853481507928E-16,-1.22464679915E-16));
#1187 = ADVANCED_FACE('',(#1188),#1213,.F.);
#1188 = FACE_BOUND('',#1189,.T.);
#1189 = EDGE_LOOP('',(#1190,#1200,#1206,#1207));
#1190 = ORIENTED_EDGE('',*,*,#1191,.F.);
#1191 = EDGE_CURVE('',#1192,#1194,#1196,.T.);
#1192 = VERTEX_POINT('',#1193);
#1193 = CARTESIAN_POINT('',(-5.267659893752,9.,-7.148953233712));
#1194 = VERTEX_POINT('',#1195);
#1195 = CARTESIAN_POINT('',(-5.415381056704,8.85,-7.122906007062));
#1196 = LINE('',#1197,#1198);
#1197 = CARTESIAN_POINT('',(-5.267659893752,9.,-7.148953233712));
#1198 = VECTOR('',#1199,1.);
#1199 = DIRECTION('',(-0.69636424032,-0.707106781187,0.122787803969));
#1200 = ORIENTED_EDGE('',*,*,#1201,.F.);
#1201 = EDGE_CURVE('',#1169,#1192,#1202,.T.);
#1202 = LINE('',#1203,#1204);
#1203 = CARTESIAN_POINT('',(-5.93927552797,9.,-10.95787476982));
#1204 = VECTOR('',#1205,1.);
#1205 = DIRECTION('',(0.173648177667,7.972361441474E-17,0.984807753012)
  );
#1206 = ORIENTED_EDGE('',*,*,#1177,.T.);
#1207 = ORIENTED_EDGE('',*,*,#1208,.F.);
#1208 = EDGE_CURVE('',#1194,#1159,#1209,.T.);
#1209 = LINE('',#1210,#1211);
#1210 = CARTESIAN_POINT('',(-6.086996690922,8.85,-10.93182754317));
#1211 = VECTOR('',#1212,1.);
#1212 = DIRECTION('',(-0.173648177667,-7.972361441474E-17,
    -0.984807753012));
#1213 = PLANE('',#1214);
#1214 = AXIS2_PLACEMENT_3D('',#1215,#1216,#1217);
#1215 = CARTESIAN_POINT('',(-6.013136109446,8.925,-10.94485115649));
#1216 = DIRECTION('',(0.69636424032,-0.707106781187,-0.122787803969));
#1217 = DIRECTION('',(-0.173648177667,-1.387778780781E-16,
    -0.984807753012));
#1218 = ADVANCED_FACE('',(#1219),#1246,.T.);
#1219 = FACE_BOUND('',#1220,.T.);
#1220 = EDGE_LOOP('',(#1221,#1222,#1231,#1239));
#1221 = ORIENTED_EDGE('',*,*,#1191,.T.);
#1222 = ORIENTED_EDGE('',*,*,#1223,.F.);
#1223 = EDGE_CURVE('',#1224,#1194,#1226,.T.);
#1224 = VERTEX_POINT('',#1225);
#1225 = CARTESIAN_POINT('',(-5.208571428572,8.85,-6.949372124372));
#1226 = CIRCLE('',#1227,0.21);
#1227 = AXIS2_PLACEMENT_3D('',#1228,#1229,#1230);
#1228 = CARTESIAN_POINT('',(-5.208571428572,8.85,-7.159372124372));
#1229 = DIRECTION('',(-4.853481507928E-16,-1.,1.665334536942E-16));
#1230 = DIRECTION('',(-1.,4.853481507928E-16,1.22464679915E-16));
#1231 = ORIENTED_EDGE('',*,*,#1232,.F.);
#1232 = EDGE_CURVE('',#1233,#1224,#1235,.T.);
#1233 = VERTEX_POINT('',#1234);
#1234 = CARTESIAN_POINT('',(-5.208571428572,9.,-7.099372124372));
#1235 = LINE('',#1236,#1237);
#1236 = CARTESIAN_POINT('',(-5.208571428572,9.,-7.099372124372));
#1237 = VECTOR('',#1238,1.);
#1238 = DIRECTION('',(-2.565973630382E-16,-0.707106781187,0.707106781187
    ));
#1239 = ORIENTED_EDGE('',*,*,#1240,.F.);
#1240 = EDGE_CURVE('',#1192,#1233,#1241,.T.);
#1241 = CIRCLE('',#1242,6.E-02);
#1242 = AXIS2_PLACEMENT_3D('',#1243,#1244,#1245);
#1243 = CARTESIAN_POINT('',(-5.208571428572,9.,-7.159372124372));
#1244 = DIRECTION('',(4.853481507928E-16,1.,-1.665334536942E-16));
#1245 = DIRECTION('',(-1.,4.853481507928E-16,1.22464679915E-16));
#1246 = CONICAL_SURFACE('',#1247,0.135,0.785398163397);
#1247 = AXIS2_PLACEMENT_3D('',#1248,#1249,#1250);
#1248 = CARTESIAN_POINT('',(-5.208571428572,8.925,-7.159372124372));
#1249 = DIRECTION('',(-4.853481507928E-16,-1.,1.665334536942E-16));
#1250 = DIRECTION('',(-1.,4.853481507928E-16,1.22464679915E-16));
#1251 = ADVANCED_FACE('',(#1252),#1277,.F.);
#1252 = FACE_BOUND('',#1253,.T.);
#1253 = EDGE_LOOP('',(#1254,#1264,#1270,#1271));
#1254 = ORIENTED_EDGE('',*,*,#1255,.F.);
#1255 = EDGE_CURVE('',#1256,#1258,#1260,.T.);
#1256 = VERTEX_POINT('',#1257);
#1257 = CARTESIAN_POINT('',(-4.791571428572,9.,-7.099372124372));
#1258 = VERTEX_POINT('',#1259);
#1259 = CARTESIAN_POINT('',(-4.791571428572,8.85,-6.949372124372));
#1260 = LINE('',#1261,#1262);
#1261 = CARTESIAN_POINT('',(-4.791571428572,9.,-7.099372124372));
#1262 = VECTOR('',#1263,1.);
#1263 = DIRECTION('',(-2.565973630382E-16,-0.707106781187,0.707106781187
    ));
#1264 = ORIENTED_EDGE('',*,*,#1265,.F.);
#1265 = EDGE_CURVE('',#1233,#1256,#1266,.T.);
#1266 = LINE('',#1267,#1268);
#1267 = CARTESIAN_POINT('',(-7.104285714286,9.,-7.099372124372));
#1268 = VECTOR('',#1269,1.);
#1269 = DIRECTION('',(1.,-4.853481507928E-16,-1.22464679915E-16));
#1270 = ORIENTED_EDGE('',*,*,#1232,.T.);
#1271 = ORIENTED_EDGE('',*,*,#1272,.F.);
#1272 = EDGE_CURVE('',#1258,#1224,#1273,.T.);
#1273 = LINE('',#1274,#1275);
#1274 = CARTESIAN_POINT('',(-7.104285714286,8.85,-6.949372124372));
#1275 = VECTOR('',#1276,1.);
#1276 = DIRECTION('',(-1.,4.853481507928E-16,1.22464679915E-16));
#1277 = PLANE('',#1278);
#1278 = AXIS2_PLACEMENT_3D('',#1279,#1280,#1281);
#1279 = CARTESIAN_POINT('',(-7.104285714286,8.925,-7.024372124372));
#1280 = DIRECTION('',(-4.297885742857E-16,-0.707106781187,
    -0.707106781187));
#1281 = DIRECTION('',(-1.,4.853481507928E-16,1.22464679915E-16));
#1282 = ADVANCED_FACE('',(#1283),#1310,.T.);
#1283 = FACE_BOUND('',#1284,.T.);
#1284 = EDGE_LOOP('',(#1285,#1286,#1295,#1303));
#1285 = ORIENTED_EDGE('',*,*,#1255,.T.);
#1286 = ORIENTED_EDGE('',*,*,#1287,.F.);
#1287 = EDGE_CURVE('',#1288,#1258,#1290,.T.);
#1288 = VERTEX_POINT('',#1289);
#1289 = CARTESIAN_POINT('',(-4.584761800439,8.85,-7.122906007062));
#1290 = CIRCLE('',#1291,0.21);
#1291 = AXIS2_PLACEMENT_3D('',#1292,#1293,#1294);
#1292 = CARTESIAN_POINT('',(-4.791571428572,8.85,-7.159372124372));
#1293 = DIRECTION('',(-4.853481507928E-16,-1.,1.665334536942E-16));
#1294 = DIRECTION('',(1.,-4.853481507928E-16,-1.22464679915E-16));
#1295 = ORIENTED_EDGE('',*,*,#1296,.F.);
#1296 = EDGE_CURVE('',#1297,#1288,#1299,.T.);
#1297 = VERTEX_POINT('',#1298);
#1298 = CARTESIAN_POINT('',(-4.732482963391,9.,-7.148953233712));
#1299 = LINE('',#1300,#1301);
#1300 = CARTESIAN_POINT('',(-4.732482963391,9.,-7.148953233712));
#1301 = VECTOR('',#1302,1.);
#1302 = DIRECTION('',(0.69636424032,-0.707106781187,0.122787803969));
#1303 = ORIENTED_EDGE('',*,*,#1304,.F.);
#1304 = EDGE_CURVE('',#1256,#1297,#1305,.T.);
#1305 = CIRCLE('',#1306,6.E-02);
#1306 = AXIS2_PLACEMENT_3D('',#1307,#1308,#1309);
#1307 = CARTESIAN_POINT('',(-4.791571428572,9.,-7.159372124372));
#1308 = DIRECTION('',(4.853481507928E-16,1.,-1.665334536942E-16));
#1309 = DIRECTION('',(1.,-4.853481507928E-16,-1.22464679915E-16));
#1310 = CONICAL_SURFACE('',#1311,0.135,0.785398163397);
#1311 = AXIS2_PLACEMENT_3D('',#1312,#1313,#1314);
#1312 = CARTESIAN_POINT('',(-4.791571428572,8.925,-7.159372124372));
#1313 = DIRECTION('',(-4.853481507928E-16,-1.,1.665334536942E-16));
#1314 = DIRECTION('',(1.,-4.853481507928E-16,-1.22464679915E-16));
#1315 = ADVANCED_FACE('',(#1316),#1341,.F.);
#1316 = FACE_BOUND('',#1317,.T.);
#1317 = EDGE_LOOP('',(#1318,#1328,#1334,#1335));
#1318 = ORIENTED_EDGE('',*,*,#1319,.F.);
#1319 = EDGE_CURVE('',#1320,#1322,#1324,.T.);
#1320 = VERTEX_POINT('',#1321);
#1321 = CARTESIAN_POINT('',(-4.656077765217,9.,-7.582268645038));
#1322 = VERTEX_POINT('',#1323);
#1323 = CARTESIAN_POINT('',(-4.508356602266,8.85,-7.556221418388));
#1324 = LINE('',#1325,#1326);
#1325 = CARTESIAN_POINT('',(-4.656077765217,9.,-7.582268645038));
#1326 = VECTOR('',#1327,1.);
#1327 = DIRECTION('',(0.69636424032,-0.707106781187,0.122787803969));
#1328 = ORIENTED_EDGE('',*,*,#1329,.F.);
#1329 = EDGE_CURVE('',#1297,#1320,#1330,.T.);
#1330 = LINE('',#1331,#1332);
#1331 = CARTESIAN_POINT('',(-4.219682532853,9.,-10.05718899251));
#1332 = VECTOR('',#1333,1.);
#1333 = DIRECTION('',(0.173648177667,-2.482832582531E-16,-0.984807753012
    ));
#1334 = ORIENTED_EDGE('',*,*,#1296,.T.);
#1335 = ORIENTED_EDGE('',*,*,#1336,.F.);
#1336 = EDGE_CURVE('',#1322,#1288,#1337,.T.);
#1337 = LINE('',#1338,#1339);
#1338 = CARTESIAN_POINT('',(-4.071961369901,8.85,-10.03114176586));
#1339 = VECTOR('',#1340,1.);
#1340 = DIRECTION('',(-0.173648177667,2.482832582531E-16,0.984807753012)
  );
#1341 = PLANE('',#1342);
#1342 = AXIS2_PLACEMENT_3D('',#1343,#1344,#1345);
#1343 = CARTESIAN_POINT('',(-4.145821951377,8.925,-10.04416537918));
#1344 = DIRECTION('',(-0.69636424032,-0.707106781187,-0.122787803969));
#1345 = DIRECTION('',(-0.173648177667,6.106226635438E-16,0.984807753012)
  );
#1346 = ADVANCED_FACE('',(#1347),#1374,.F.);
#1347 = FACE_BOUND('',#1348,.F.);
#1348 = EDGE_LOOP('',(#1349,#1358,#1359,#1368));
#1349 = ORIENTED_EDGE('',*,*,#1350,.T.);
#1350 = EDGE_CURVE('',#1351,#1322,#1353,.T.);
#1351 = VERTEX_POINT('',#1352);
#1352 = CARTESIAN_POINT('',(-4.100153788642,8.85,-7.898744248745));
#1353 = CIRCLE('',#1354,0.4145);
#1354 = AXIS2_PLACEMENT_3D('',#1355,#1356,#1357);
#1355 = CARTESIAN_POINT('',(-4.100153788642,8.85,-7.484244248745));
#1356 = DIRECTION('',(4.853481507928E-16,1.,-1.665334536942E-16));
#1357 = DIRECTION('',(-1.,4.853481507928E-16,1.22464679915E-16));
#1358 = ORIENTED_EDGE('',*,*,#1319,.F.);
#1359 = ORIENTED_EDGE('',*,*,#1360,.T.);
#1360 = EDGE_CURVE('',#1320,#1361,#1363,.T.);
#1361 = VERTEX_POINT('',#1362);
#1362 = CARTESIAN_POINT('',(-4.100153788642,9.,-8.048744248745));
#1363 = CIRCLE('',#1364,0.5645);
#1364 = AXIS2_PLACEMENT_3D('',#1365,#1366,#1367);
#1365 = CARTESIAN_POINT('',(-4.100153788642,9.,-7.484244248745));
#1366 = DIRECTION('',(-4.853481507928E-16,-1.,1.665334536942E-16));
#1367 = DIRECTION('',(-1.,4.853481507928E-16,1.22464679915E-16));
#1368 = ORIENTED_EDGE('',*,*,#1369,.T.);
#1369 = EDGE_CURVE('',#1361,#1351,#1370,.T.);
#1370 = LINE('',#1371,#1372);
#1371 = CARTESIAN_POINT('',(-4.100153788642,9.,-8.048744248745));
#1372 = VECTOR('',#1373,1.);
#1373 = DIRECTION('',(-2.565973630382E-16,-0.707106781187,0.707106781187
    ));
#1374 = CONICAL_SURFACE('',#1375,0.4895,0.785398163397);
#1375 = AXIS2_PLACEMENT_3D('',#1376,#1377,#1378);
#1376 = CARTESIAN_POINT('',(-4.100153788642,8.925,-7.484244248745));
#1377 = DIRECTION('',(4.853481507928E-16,1.,-1.665334536942E-16));
#1378 = DIRECTION('',(-1.,4.853481507928E-16,1.22464679915E-16));
#1379 = ADVANCED_FACE('',(#1380),#1405,.F.);
#1380 = FACE_BOUND('',#1381,.T.);
#1381 = EDGE_LOOP('',(#1382,#1383,#1391,#1399));
#1382 = ORIENTED_EDGE('',*,*,#1369,.T.);
#1383 = ORIENTED_EDGE('',*,*,#1384,.F.);
#1384 = EDGE_CURVE('',#1385,#1351,#1387,.T.);
#1385 = VERTEX_POINT('',#1386);
#1386 = CARTESIAN_POINT('',(-3.900131925644,8.85,-7.898744248745));
#1387 = LINE('',#1388,#1389);
#1388 = CARTESIAN_POINT('',(-9.,8.85,-7.898744248745));
#1389 = VECTOR('',#1390,1.);
#1390 = DIRECTION('',(-1.,4.853481507928E-16,1.22464679915E-16));
#1391 = ORIENTED_EDGE('',*,*,#1392,.F.);
#1392 = EDGE_CURVE('',#1393,#1385,#1395,.T.);
#1393 = VERTEX_POINT('',#1394);
#1394 = CARTESIAN_POINT('',(-3.900131925644,9.,-8.048744248745));
#1395 = LINE('',#1396,#1397);
#1396 = CARTESIAN_POINT('',(-3.900131925644,9.,-8.048744248745));
#1397 = VECTOR('',#1398,1.);
#1398 = DIRECTION('',(-2.565973630382E-16,-0.707106781187,0.707106781187
    ));
#1399 = ORIENTED_EDGE('',*,*,#1400,.F.);
#1400 = EDGE_CURVE('',#1361,#1393,#1401,.T.);
#1401 = LINE('',#1402,#1403);
#1402 = CARTESIAN_POINT('',(-9.,9.,-8.048744248745));
#1403 = VECTOR('',#1404,1.);
#1404 = DIRECTION('',(1.,-4.853481507928E-16,-1.22464679915E-16));
#1405 = PLANE('',#1406);
#1406 = AXIS2_PLACEMENT_3D('',#1407,#1408,#1409);
#1407 = CARTESIAN_POINT('',(-9.,8.925,-7.973744248745));
#1408 = DIRECTION('',(-4.297885742857E-16,-0.707106781187,
    -0.707106781187));
#1409 = DIRECTION('',(-1.,4.853481507928E-16,1.22464679915E-16));
#1410 = ADVANCED_FACE('',(#1411),#1438,.F.);
#1411 = FACE_BOUND('',#1412,.F.);
#1412 = EDGE_LOOP('',(#1413,#1422,#1423,#1432));
#1413 = ORIENTED_EDGE('',*,*,#1414,.T.);
#1414 = EDGE_CURVE('',#1415,#1385,#1417,.T.);
#1415 = VERTEX_POINT('',#1416);
#1416 = CARTESIAN_POINT('',(-3.49192911202,8.85,-7.556221418388));
#1417 = CIRCLE('',#1418,0.4145);
#1418 = AXIS2_PLACEMENT_3D('',#1419,#1420,#1421);
#1419 = CARTESIAN_POINT('',(-3.900131925644,8.85,-7.484244248745));
#1420 = DIRECTION('',(4.853481507928E-16,1.,-1.665334536942E-16));
#1421 = DIRECTION('',(1.,-4.853481507928E-16,-1.22464679915E-16));
#1422 = ORIENTED_EDGE('',*,*,#1392,.F.);
#1423 = ORIENTED_EDGE('',*,*,#1424,.T.);
#1424 = EDGE_CURVE('',#1393,#1425,#1427,.T.);
#1425 = VERTEX_POINT('',#1426);
#1426 = CARTESIAN_POINT('',(-3.344207949069,9.,-7.582268645038));
#1427 = CIRCLE('',#1428,0.5645);
#1428 = AXIS2_PLACEMENT_3D('',#1429,#1430,#1431);
#1429 = CARTESIAN_POINT('',(-3.900131925644,9.,-7.484244248745));
#1430 = DIRECTION('',(-4.853481507928E-16,-1.,1.665334536942E-16));
#1431 = DIRECTION('',(1.,-4.853481507928E-16,-1.22464679915E-16));
#1432 = ORIENTED_EDGE('',*,*,#1433,.T.);
#1433 = EDGE_CURVE('',#1425,#1415,#1434,.T.);
#1434 = LINE('',#1435,#1436);
#1435 = CARTESIAN_POINT('',(-3.344207949069,9.,-7.582268645038));
#1436 = VECTOR('',#1437,1.);
#1437 = DIRECTION('',(-0.69636424032,-0.707106781187,0.122787803969));
#1438 = CONICAL_SURFACE('',#1439,0.4895,0.785398163397);
#1439 = AXIS2_PLACEMENT_3D('',#1440,#1441,#1442);
#1440 = CARTESIAN_POINT('',(-3.900131925644,8.925,-7.484244248745));
#1441 = DIRECTION('',(4.853481507928E-16,1.,-1.665334536942E-16));
#1442 = DIRECTION('',(1.,-4.853481507928E-16,-1.22464679915E-16));
#1443 = ADVANCED_FACE('',(#1444),#1469,.F.);
#1444 = FACE_BOUND('',#1445,.T.);
#1445 = EDGE_LOOP('',(#1446,#1456,#1462,#1463));
#1446 = ORIENTED_EDGE('',*,*,#1447,.F.);
#1447 = EDGE_CURVE('',#1448,#1450,#1452,.T.);
#1448 = VERTEX_POINT('',#1449);
#1449 = CARTESIAN_POINT('',(-3.267802750895,9.,-7.148953233712));
#1450 = VERTEX_POINT('',#1451);
#1451 = CARTESIAN_POINT('',(-3.415523913847,8.85,-7.122906007062));
#1452 = LINE('',#1453,#1454);
#1453 = CARTESIAN_POINT('',(-3.267802750895,9.,-7.148953233712));
#1454 = VECTOR('',#1455,1.);
#1455 = DIRECTION('',(-0.69636424032,-0.707106781187,0.122787803969));
#1456 = ORIENTED_EDGE('',*,*,#1457,.F.);
#1457 = EDGE_CURVE('',#1425,#1448,#1458,.T.);
#1458 = LINE('',#1459,#1460);
#1459 = CARTESIAN_POINT('',(-3.969569920885,9.,-11.12887262647));
#1460 = VECTOR('',#1461,1.);
#1461 = DIRECTION('',(0.173648177667,7.972361441474E-17,0.984807753012)
  );
#1462 = ORIENTED_EDGE('',*,*,#1433,.T.);
#1463 = ORIENTED_EDGE('',*,*,#1464,.F.);
#1464 = EDGE_CURVE('',#1450,#1415,#1465,.T.);
#1465 = LINE('',#1466,#1467);
#1466 = CARTESIAN_POINT('',(-4.117291083837,8.85,-11.10282539982));
#1467 = VECTOR('',#1468,1.);
#1468 = DIRECTION('',(-0.173648177667,-7.972361441474E-17,
    -0.984807753012));
#1469 = PLANE('',#1470);
#1470 = AXIS2_PLACEMENT_3D('',#1471,#1472,#1473);
#1471 = CARTESIAN_POINT('',(-4.043430502361,8.925,-11.11584901315));
#1472 = DIRECTION('',(0.69636424032,-0.707106781187,-0.122787803969));
#1473 = DIRECTION('',(-0.173648177667,1.942890293094E-16,-0.984807753012
    ));
#1474 = ADVANCED_FACE('',(#1475),#1502,.T.);
#1475 = FACE_BOUND('',#1476,.T.);
#1476 = EDGE_LOOP('',(#1477,#1478,#1487,#1495));
#1477 = ORIENTED_EDGE('',*,*,#1447,.T.);
#1478 = ORIENTED_EDGE('',*,*,#1479,.F.);
#1479 = EDGE_CURVE('',#1480,#1450,#1482,.T.);
#1480 = VERTEX_POINT('',#1481);
#1481 = CARTESIAN_POINT('',(-3.208714285714,8.85,-6.949372124372));
#1482 = CIRCLE('',#1483,0.21);
#1483 = AXIS2_PLACEMENT_3D('',#1484,#1485,#1486);
#1484 = CARTESIAN_POINT('',(-3.208714285714,8.85,-7.159372124372));
#1485 = DIRECTION('',(-4.853481507928E-16,-1.,1.665334536942E-16));
#1486 = DIRECTION('',(-1.,4.853481507928E-16,1.22464679915E-16));
#1487 = ORIENTED_EDGE('',*,*,#1488,.F.);
#1488 = EDGE_CURVE('',#1489,#1480,#1491,.T.);
#1489 = VERTEX_POINT('',#1490);
#1490 = CARTESIAN_POINT('',(-3.208714285714,9.,-7.099372124372));
#1491 = LINE('',#1492,#1493);
#1492 = CARTESIAN_POINT('',(-3.208714285714,9.,-7.099372124372));
#1493 = VECTOR('',#1494,1.);
#1494 = DIRECTION('',(-2.565973630382E-16,-0.707106781187,0.707106781187
    ));
#1495 = ORIENTED_EDGE('',*,*,#1496,.F.);
#1496 = EDGE_CURVE('',#1448,#1489,#1497,.T.);
#1497 = CIRCLE('',#1498,6.E-02);
#1498 = AXIS2_PLACEMENT_3D('',#1499,#1500,#1501);
#1499 = CARTESIAN_POINT('',(-3.208714285714,9.,-7.159372124372));
#1500 = DIRECTION('',(4.853481507928E-16,1.,-1.665334536942E-16));
#1501 = DIRECTION('',(-1.,4.853481507928E-16,1.22464679915E-16));
#1502 = CONICAL_SURFACE('',#1503,0.135,0.785398163397);
#1503 = AXIS2_PLACEMENT_3D('',#1504,#1505,#1506);
#1504 = CARTESIAN_POINT('',(-3.208714285714,8.925,-7.159372124372));
#1505 = DIRECTION('',(-4.853481507928E-16,-1.,1.665334536942E-16));
#1506 = DIRECTION('',(-1.,4.853481507928E-16,1.22464679915E-16));
#1507 = ADVANCED_FACE('',(#1508),#1533,.F.);
#1508 = FACE_BOUND('',#1509,.T.);
#1509 = EDGE_LOOP('',(#1510,#1520,#1526,#1527));
#1510 = ORIENTED_EDGE('',*,*,#1511,.F.);
#1511 = EDGE_CURVE('',#1512,#1514,#1516,.T.);
#1512 = VERTEX_POINT('',#1513);
#1513 = CARTESIAN_POINT('',(-2.791714285714,9.,-7.099372124372));
#1514 = VERTEX_POINT('',#1515);
#1515 = CARTESIAN_POINT('',(-2.791714285714,8.85,-6.949372124372));
#1516 = LINE('',#1517,#1518);
#1517 = CARTESIAN_POINT('',(-2.791714285714,9.,-7.099372124372));
#1518 = VECTOR('',#1519,1.);
#1519 = DIRECTION('',(-2.565973630382E-16,-0.707106781187,0.707106781187
    ));
#1520 = ORIENTED_EDGE('',*,*,#1521,.F.);
#1521 = EDGE_CURVE('',#1489,#1512,#1522,.T.);
#1522 = LINE('',#1523,#1524);
#1523 = CARTESIAN_POINT('',(-6.104357142857,9.,-7.099372124372));
#1524 = VECTOR('',#1525,1.);
#1525 = DIRECTION('',(1.,-4.853481507928E-16,-1.22464679915E-16));
#1526 = ORIENTED_EDGE('',*,*,#1488,.T.);
#1527 = ORIENTED_EDGE('',*,*,#1528,.F.);
#1528 = EDGE_CURVE('',#1514,#1480,#1529,.T.);
#1529 = LINE('',#1530,#1531);
#1530 = CARTESIAN_POINT('',(-6.104357142857,8.85,-6.949372124372));
#1531 = VECTOR('',#1532,1.);
#1532 = DIRECTION('',(-1.,4.853481507928E-16,1.22464679915E-16));
#1533 = PLANE('',#1534);
#1534 = AXIS2_PLACEMENT_3D('',#1535,#1536,#1537);
#1535 = CARTESIAN_POINT('',(-6.104357142857,8.925,-7.024372124372));
#1536 = DIRECTION('',(-4.297885742857E-16,-0.707106781187,
    -0.707106781187));
#1537 = DIRECTION('',(-1.,4.853481507928E-16,1.22464679915E-16));
#1538 = ADVANCED_FACE('',(#1539),#1566,.T.);
#1539 = FACE_BOUND('',#1540,.T.);
#1540 = EDGE_LOOP('',(#1541,#1542,#1551,#1559));
#1541 = ORIENTED_EDGE('',*,*,#1511,.T.);
#1542 = ORIENTED_EDGE('',*,*,#1543,.F.);
#1543 = EDGE_CURVE('',#1544,#1514,#1546,.T.);
#1544 = VERTEX_POINT('',#1545);
#1545 = CARTESIAN_POINT('',(-2.584904657582,8.85,-7.122906007062));
#1546 = CIRCLE('',#1547,0.21);
#1547 = AXIS2_PLACEMENT_3D('',#1548,#1549,#1550);
#1548 = CARTESIAN_POINT('',(-2.791714285714,8.85,-7.159372124372));
#1549 = DIRECTION('',(-4.853481507928E-16,-1.,1.665334536942E-16));
#1550 = DIRECTION('',(1.,-4.853481507928E-16,-1.22464679915E-16));
#1551 = ORIENTED_EDGE('',*,*,#1552,.F.);
#1552 = EDGE_CURVE('',#1553,#1544,#1555,.T.);
#1553 = VERTEX_POINT('',#1554);
#1554 = CARTESIAN_POINT('',(-2.732625820534,9.,-7.148953233712));
#1555 = LINE('',#1556,#1557);
#1556 = CARTESIAN_POINT('',(-2.732625820534,9.,-7.148953233712));
#1557 = VECTOR('',#1558,1.);
#1558 = DIRECTION('',(0.69636424032,-0.707106781187,0.122787803969));
#1559 = ORIENTED_EDGE('',*,*,#1560,.F.);
#1560 = EDGE_CURVE('',#1512,#1553,#1561,.T.);
#1561 = CIRCLE('',#1562,6.E-02);
#1562 = AXIS2_PLACEMENT_3D('',#1563,#1564,#1565);
#1563 = CARTESIAN_POINT('',(-2.791714285714,9.,-7.159372124372));
#1564 = DIRECTION('',(4.853481507928E-16,1.,-1.665334536942E-16));
#1565 = DIRECTION('',(1.,-4.853481507928E-16,-1.22464679915E-16));
#1566 = CONICAL_SURFACE('',#1567,0.135,0.785398163397);
#1567 = AXIS2_PLACEMENT_3D('',#1568,#1569,#1570);
#1568 = CARTESIAN_POINT('',(-2.791714285714,8.925,-7.159372124372));
#1569 = DIRECTION('',(-4.853481507928E-16,-1.,1.665334536942E-16));
#1570 = DIRECTION('',(1.,-4.853481507928E-16,-1.22464679915E-16));
#1571 = ADVANCED_FACE('',(#1572),#1597,.F.);
#1572 = FACE_BOUND('',#1573,.T.);
#1573 = EDGE_LOOP('',(#1574,#1584,#1590,#1591));
#1574 = ORIENTED_EDGE('',*,*,#1575,.F.);
#1575 = EDGE_CURVE('',#1576,#1578,#1580,.T.);
#1576 = VERTEX_POINT('',#1577);
#1577 = CARTESIAN_POINT('',(-2.65622062236,9.,-7.582268645038));
#1578 = VERTEX_POINT('',#1579);
#1579 = CARTESIAN_POINT('',(-2.508499459408,8.85,-7.556221418388));
#1580 = LINE('',#1581,#1582);
#1581 = CARTESIAN_POINT('',(-2.65622062236,9.,-7.582268645038));
#1582 = VECTOR('',#1583,1.);
#1583 = DIRECTION('',(0.69636424032,-0.707106781187,0.122787803969));
#1584 = ORIENTED_EDGE('',*,*,#1585,.F.);
#1585 = EDGE_CURVE('',#1553,#1576,#1586,.T.);
#1586 = LINE('',#1587,#1588);
#1587 = CARTESIAN_POINT('',(-2.249976925768,9.,-9.886191135854));
#1588 = VECTOR('',#1589,1.);
#1589 = DIRECTION('',(0.173648177667,-2.482832582531E-16,-0.984807753012
    ));
#1590 = ORIENTED_EDGE('',*,*,#1552,.T.);
#1591 = ORIENTED_EDGE('',*,*,#1592,.F.);
#1592 = EDGE_CURVE('',#1578,#1544,#1593,.T.);
#1593 = LINE('',#1594,#1595);
#1594 = CARTESIAN_POINT('',(-2.102255762816,8.85,-9.860143909204));
#1595 = VECTOR('',#1596,1.);
#1596 = DIRECTION('',(-0.173648177667,2.482832582531E-16,0.984807753012)
  );
#1597 = PLANE('',#1598);
#1598 = AXIS2_PLACEMENT_3D('',#1599,#1600,#1601);
#1599 = CARTESIAN_POINT('',(-2.176116344292,8.925,-9.873167522529));
#1600 = DIRECTION('',(-0.69636424032,-0.707106781187,-0.122787803969));
#1601 = DIRECTION('',(-0.173648177667,4.163336342344E-16,0.984807753012)
  );
#1602 = ADVANCED_FACE('',(#1603),#1630,.F.);
#1603 = FACE_BOUND('',#1604,.F.);
#1604 = EDGE_LOOP('',(#1605,#1614,#1615,#1624));
#1605 = ORIENTED_EDGE('',*,*,#1606,.T.);
#1606 = EDGE_CURVE('',#1607,#1578,#1609,.T.);
#1607 = VERTEX_POINT('',#1608);
#1608 = CARTESIAN_POINT('',(-2.100296645785,8.85,-7.898744248745));
#1609 = CIRCLE('',#1610,0.4145);
#1610 = AXIS2_PLACEMENT_3D('',#1611,#1612,#1613);
#1611 = CARTESIAN_POINT('',(-2.100296645785,8.85,-7.484244248745));
#1612 = DIRECTION('',(4.853481507928E-16,1.,-1.665334536942E-16));
#1613 = DIRECTION('',(-1.,4.853481507928E-16,1.22464679915E-16));
#1614 = ORIENTED_EDGE('',*,*,#1575,.F.);
#1615 = ORIENTED_EDGE('',*,*,#1616,.T.);
#1616 = EDGE_CURVE('',#1576,#1617,#1619,.T.);
#1617 = VERTEX_POINT('',#1618);
#1618 = CARTESIAN_POINT('',(-2.100296645785,9.,-8.048744248745));
#1619 = CIRCLE('',#1620,0.5645);
#1620 = AXIS2_PLACEMENT_3D('',#1621,#1622,#1623);
#1621 = CARTESIAN_POINT('',(-2.100296645785,9.,-7.484244248745));
#1622 = DIRECTION('',(-4.853481507928E-16,-1.,1.665334536942E-16));
#1623 = DIRECTION('',(-1.,4.853481507928E-16,1.22464679915E-16));
#1624 = ORIENTED_EDGE('',*,*,#1625,.T.);
#1625 = EDGE_CURVE('',#1617,#1607,#1626,.T.);
#1626 = LINE('',#1627,#1628);
#1627 = CARTESIAN_POINT('',(-2.100296645785,9.,-8.048744248745));
#1628 = VECTOR('',#1629,1.);
#1629 = DIRECTION('',(-2.565973630382E-16,-0.707106781187,0.707106781187
    ));
#1630 = CONICAL_SURFACE('',#1631,0.4895,0.785398163397);
#1631 = AXIS2_PLACEMENT_3D('',#1632,#1633,#1634);
#1632 = CARTESIAN_POINT('',(-2.100296645785,8.925,-7.484244248745));
#1633 = DIRECTION('',(4.853481507928E-16,1.,-1.665334536942E-16));
#1634 = DIRECTION('',(-1.,4.853481507928E-16,1.22464679915E-16));
#1635 = ADVANCED_FACE('',(#1636),#1661,.F.);
#1636 = FACE_BOUND('',#1637,.T.);
#1637 = EDGE_LOOP('',(#1638,#1639,#1647,#1655));
#1638 = ORIENTED_EDGE('',*,*,#1625,.T.);
#1639 = ORIENTED_EDGE('',*,*,#1640,.F.);
#1640 = EDGE_CURVE('',#1641,#1607,#1643,.T.);
#1641 = VERTEX_POINT('',#1642);
#1642 = CARTESIAN_POINT('',(-1.900274782787,8.85,-7.898744248745));
#1643 = LINE('',#1644,#1645);
#1644 = CARTESIAN_POINT('',(-9.,8.85,-7.898744248745));
#1645 = VECTOR('',#1646,1.);
#1646 = DIRECTION('',(-1.,4.853481507928E-16,1.22464679915E-16));
#1647 = ORIENTED_EDGE('',*,*,#1648,.F.);
#1648 = EDGE_CURVE('',#1649,#1641,#1651,.T.);
#1649 = VERTEX_POINT('',#1650);
#1650 = CARTESIAN_POINT('',(-1.900274782787,9.,-8.048744248745));
#1651 = LINE('',#1652,#1653);
#1652 = CARTESIAN_POINT('',(-1.900274782787,9.,-8.048744248745));
#1653 = VECTOR('',#1654,1.);
#1654 = DIRECTION('',(-2.565973630382E-16,-0.707106781187,0.707106781187
    ));
#1655 = ORIENTED_EDGE('',*,*,#1656,.F.);
#1656 = EDGE_CURVE('',#1617,#1649,#1657,.T.);
#1657 = LINE('',#1658,#1659);
#1658 = CARTESIAN_POINT('',(-9.,9.,-8.048744248745));
#1659 = VECTOR('',#1660,1.);
#1660 = DIRECTION('',(1.,-4.853481507928E-16,-1.22464679915E-16));
#1661 = PLANE('',#1662);
#1662 = AXIS2_PLACEMENT_3D('',#1663,#1664,#1665);
#1663 = CARTESIAN_POINT('',(-9.,8.925,-7.973744248745));
#1664 = DIRECTION('',(-4.297885742857E-16,-0.707106781187,
    -0.707106781187));
#1665 = DIRECTION('',(-1.,4.853481507928E-16,1.22464679915E-16));
#1666 = ADVANCED_FACE('',(#1667),#1694,.F.);
#1667 = FACE_BOUND('',#1668,.F.);
#1668 = EDGE_LOOP('',(#1669,#1678,#1679,#1688));
#1669 = ORIENTED_EDGE('',*,*,#1670,.T.);
#1670 = EDGE_CURVE('',#1671,#1641,#1673,.T.);
#1671 = VERTEX_POINT('',#1672);
#1672 = CARTESIAN_POINT('',(-1.492071969163,8.85,-7.556221418388));
#1673 = CIRCLE('',#1674,0.4145);
#1674 = AXIS2_PLACEMENT_3D('',#1675,#1676,#1677);
#1675 = CARTESIAN_POINT('',(-1.900274782787,8.85,-7.484244248745));
#1676 = DIRECTION('',(4.853481507928E-16,1.,-1.665334536942E-16));
#1677 = DIRECTION('',(1.,-4.853481507928E-16,-1.22464679915E-16));
#1678 = ORIENTED_EDGE('',*,*,#1648,.F.);
#1679 = ORIENTED_EDGE('',*,*,#1680,.T.);
#1680 = EDGE_CURVE('',#1649,#1681,#1683,.T.);
#1681 = VERTEX_POINT('',#1682);
#1682 = CARTESIAN_POINT('',(-1.344350806211,9.,-7.582268645038));
#1683 = CIRCLE('',#1684,0.5645);
#1684 = AXIS2_PLACEMENT_3D('',#1685,#1686,#1687);
#1685 = CARTESIAN_POINT('',(-1.900274782787,9.,-7.484244248745));
#1686 = DIRECTION('',(-4.853481507928E-16,-1.,1.665334536942E-16));
#1687 = DIRECTION('',(1.,-4.853481507928E-16,-1.22464679915E-16));
#1688 = ORIENTED_EDGE('',*,*,#1689,.T.);
#1689 = EDGE_CURVE('',#1681,#1671,#1690,.T.);
#1690 = LINE('',#1691,#1692);
#1691 = CARTESIAN_POINT('',(-1.344350806211,9.,-7.582268645038));
#1692 = VECTOR('',#1693,1.);
#1693 = DIRECTION('',(-0.69636424032,-0.707106781187,0.122787803969));
#1694 = CONICAL_SURFACE('',#1695,0.4895,0.785398163397);
#1695 = AXIS2_PLACEMENT_3D('',#1696,#1697,#1698);
#1696 = CARTESIAN_POINT('',(-1.900274782787,8.925,-7.484244248745));
#1697 = DIRECTION('',(4.853481507928E-16,1.,-1.665334536942E-16));
#1698 = DIRECTION('',(1.,-4.853481507928E-16,-1.22464679915E-16));
#1699 = ADVANCED_FACE('',(#1700),#1725,.F.);
#1700 = FACE_BOUND('',#1701,.T.);
#1701 = EDGE_LOOP('',(#1702,#1712,#1718,#1719));
#1702 = ORIENTED_EDGE('',*,*,#1703,.F.);
#1703 = EDGE_CURVE('',#1704,#1706,#1708,.T.);
#1704 = VERTEX_POINT('',#1705);
#1705 = CARTESIAN_POINT('',(-1.267945608038,9.,-7.148953233712));
#1706 = VERTEX_POINT('',#1707);
#1707 = CARTESIAN_POINT('',(-1.41566677099,8.85,-7.122906007062));
#1708 = LINE('',#1709,#1710);
#1709 = CARTESIAN_POINT('',(-1.267945608038,9.,-7.148953233712));
#1710 = VECTOR('',#1711,1.);
#1711 = DIRECTION('',(-0.69636424032,-0.707106781187,0.122787803969));
#1712 = ORIENTED_EDGE('',*,*,#1713,.F.);
#1713 = EDGE_CURVE('',#1681,#1704,#1714,.T.);
#1714 = LINE('',#1715,#1716);
#1715 = CARTESIAN_POINT('',(-1.9998643138,9.,-11.29987048313));
#1716 = VECTOR('',#1717,1.);
#1717 = DIRECTION('',(0.173648177667,7.972361441474E-17,0.984807753012)
  );
#1718 = ORIENTED_EDGE('',*,*,#1689,.T.);
#1719 = ORIENTED_EDGE('',*,*,#1720,.F.);
#1720 = EDGE_CURVE('',#1706,#1671,#1721,.T.);
#1721 = LINE('',#1722,#1723);
#1722 = CARTESIAN_POINT('',(-2.147585476751,8.85,-11.27382325648));
#1723 = VECTOR('',#1724,1.);
#1724 = DIRECTION('',(-0.173648177667,-7.972361441474E-17,
    -0.984807753012));
#1725 = PLANE('',#1726);
#1726 = AXIS2_PLACEMENT_3D('',#1727,#1728,#1729);
#1727 = CARTESIAN_POINT('',(-2.073724895276,8.925,-11.28684686981));
#1728 = DIRECTION('',(0.69636424032,-0.707106781187,-0.122787803969));
#1729 = DIRECTION('',(-0.173648177667,4.302114220422E-16,-0.984807753012
    ));
#1730 = ADVANCED_FACE('',(#1731),#1758,.T.);
#1731 = FACE_BOUND('',#1732,.T.);
#1732 = EDGE_LOOP('',(#1733,#1734,#1743,#1751));
#1733 = ORIENTED_EDGE('',*,*,#1703,.T.);
#1734 = ORIENTED_EDGE('',*,*,#1735,.F.);
#1735 = EDGE_CURVE('',#1736,#1706,#1738,.T.);
#1736 = VERTEX_POINT('',#1737);
#1737 = CARTESIAN_POINT('',(-1.208857142857,8.85,-6.949372124372));
#1738 = CIRCLE('',#1739,0.21);
#1739 = AXIS2_PLACEMENT_3D('',#1740,#1741,#1742);
#1740 = CARTESIAN_POINT('',(-1.208857142857,8.85,-7.159372124372));
#1741 = DIRECTION('',(-4.853481507928E-16,-1.,1.665334536942E-16));
#1742 = DIRECTION('',(-1.,4.853481507928E-16,1.22464679915E-16));
#1743 = ORIENTED_EDGE('',*,*,#1744,.F.);
#1744 = EDGE_CURVE('',#1745,#1736,#1747,.T.);
#1745 = VERTEX_POINT('',#1746);
#1746 = CARTESIAN_POINT('',(-1.208857142857,9.,-7.099372124372));
#1747 = LINE('',#1748,#1749);
#1748 = CARTESIAN_POINT('',(-1.208857142857,9.,-7.099372124372));
#1749 = VECTOR('',#1750,1.);
#1750 = DIRECTION('',(-2.565973630382E-16,-0.707106781187,0.707106781187
    ));
#1751 = ORIENTED_EDGE('',*,*,#1752,.F.);
#1752 = EDGE_CURVE('',#1704,#1745,#1753,.T.);
#1753 = CIRCLE('',#1754,6.E-02);
#1754 = AXIS2_PLACEMENT_3D('',#1755,#1756,#1757);
#1755 = CARTESIAN_POINT('',(-1.208857142857,9.,-7.159372124372));
#1756 = DIRECTION('',(4.853481507928E-16,1.,-1.665334536942E-16));
#1757 = DIRECTION('',(-1.,4.853481507928E-16,1.22464679915E-16));
#1758 = CONICAL_SURFACE('',#1759,0.135,0.785398163397);
#1759 = AXIS2_PLACEMENT_3D('',#1760,#1761,#1762);
#1760 = CARTESIAN_POINT('',(-1.208857142857,8.925,-7.159372124372));
#1761 = DIRECTION('',(-4.853481507928E-16,-1.,1.665334536942E-16));
#1762 = DIRECTION('',(-1.,4.853481507928E-16,1.22464679915E-16));
#1763 = ADVANCED_FACE('',(#1764),#1789,.F.);
#1764 = FACE_BOUND('',#1765,.T.);
#1765 = EDGE_LOOP('',(#1766,#1776,#1782,#1783));
#1766 = ORIENTED_EDGE('',*,*,#1767,.F.);
#1767 = EDGE_CURVE('',#1768,#1770,#1772,.T.);
#1768 = VERTEX_POINT('',#1769);
#1769 = CARTESIAN_POINT('',(-0.791857142857,9.,-7.099372124372));
#1770 = VERTEX_POINT('',#1771);
#1771 = CARTESIAN_POINT('',(-0.791857142857,8.85,-6.949372124372));
#1772 = LINE('',#1773,#1774);
#1773 = CARTESIAN_POINT('',(-0.791857142857,9.,-7.099372124372));
#1774 = VECTOR('',#1775,1.);
#1775 = DIRECTION('',(-2.565973630382E-16,-0.707106781187,0.707106781187
    ));
#1776 = ORIENTED_EDGE('',*,*,#1777,.F.);
#1777 = EDGE_CURVE('',#1745,#1768,#1778,.T.);
#1778 = LINE('',#1779,#1780);
#1779 = CARTESIAN_POINT('',(-5.104428571429,9.,-7.099372124372));
#1780 = VECTOR('',#1781,1.);
#1781 = DIRECTION('',(1.,-4.853481507928E-16,-1.22464679915E-16));
#1782 = ORIENTED_EDGE('',*,*,#1744,.T.);
#1783 = ORIENTED_EDGE('',*,*,#1784,.F.);
#1784 = EDGE_CURVE('',#1770,#1736,#1785,.T.);
#1785 = LINE('',#1786,#1787);
#1786 = CARTESIAN_POINT('',(-5.104428571429,8.85,-6.949372124372));
#1787 = VECTOR('',#1788,1.);
#1788 = DIRECTION('',(-1.,4.853481507928E-16,1.22464679915E-16));
#1789 = PLANE('',#1790);
#1790 = AXIS2_PLACEMENT_3D('',#1791,#1792,#1793);
#1791 = CARTESIAN_POINT('',(-5.104428571429,8.925,-7.024372124372));
#1792 = DIRECTION('',(-4.297885742857E-16,-0.707106781187,
    -0.707106781187));
#1793 = DIRECTION('',(-1.,4.853481507928E-16,1.22464679915E-16));
#1794 = ADVANCED_FACE('',(#1795),#1822,.T.);
#1795 = FACE_BOUND('',#1796,.T.);
#1796 = EDGE_LOOP('',(#1797,#1798,#1807,#1815));
#1797 = ORIENTED_EDGE('',*,*,#1767,.T.);
#1798 = ORIENTED_EDGE('',*,*,#1799,.F.);
#1799 = EDGE_CURVE('',#1800,#1770,#1802,.T.);
#1800 = VERTEX_POINT('',#1801);
#1801 = CARTESIAN_POINT('',(-0.585047514725,8.85,-7.122906007062));
#1802 = CIRCLE('',#1803,0.21);
#1803 = AXIS2_PLACEMENT_3D('',#1804,#1805,#1806);
#1804 = CARTESIAN_POINT('',(-0.791857142857,8.85,-7.159372124372));
#1805 = DIRECTION('',(-4.853481507928E-16,-1.,1.665334536942E-16));
#1806 = DIRECTION('',(1.,-4.853481507928E-16,-1.22464679915E-16));
#1807 = ORIENTED_EDGE('',*,*,#1808,.F.);
#1808 = EDGE_CURVE('',#1809,#1800,#1811,.T.);
#1809 = VERTEX_POINT('',#1810);
#1810 = CARTESIAN_POINT('',(-0.732768677677,9.,-7.148953233712));
#1811 = LINE('',#1812,#1813);
#1812 = CARTESIAN_POINT('',(-0.732768677677,9.,-7.148953233712));
#1813 = VECTOR('',#1814,1.);
#1814 = DIRECTION('',(0.69636424032,-0.707106781187,0.122787803969));
#1815 = ORIENTED_EDGE('',*,*,#1816,.F.);
#1816 = EDGE_CURVE('',#1768,#1809,#1817,.T.);
#1817 = CIRCLE('',#1818,6.E-02);
#1818 = AXIS2_PLACEMENT_3D('',#1819,#1820,#1821);
#1819 = CARTESIAN_POINT('',(-0.791857142857,9.,-7.159372124372));
#1820 = DIRECTION('',(4.853481507928E-16,1.,-1.665334536942E-16));
#1821 = DIRECTION('',(1.,-4.853481507928E-16,-1.22464679915E-16));
#1822 = CONICAL_SURFACE('',#1823,0.135,0.785398163397);
#1823 = AXIS2_PLACEMENT_3D('',#1824,#1825,#1826);
#1824 = CARTESIAN_POINT('',(-0.791857142857,8.925,-7.159372124372));
#1825 = DIRECTION('',(-4.853481507928E-16,-1.,1.665334536942E-16));
#1826 = DIRECTION('',(1.,-4.853481507928E-16,-1.22464679915E-16));
#1827 = ADVANCED_FACE('',(#1828),#1853,.F.);
#1828 = FACE_BOUND('',#1829,.T.);
#1829 = EDGE_LOOP('',(#1830,#1840,#1846,#1847));
#1830 = ORIENTED_EDGE('',*,*,#1831,.F.);
#1831 = EDGE_CURVE('',#1832,#1834,#1836,.T.);
#1832 = VERTEX_POINT('',#1833);
#1833 = CARTESIAN_POINT('',(-0.656363479503,9.,-7.582268645038));
#1834 = VERTEX_POINT('',#1835);
#1835 = CARTESIAN_POINT('',(-0.508642316551,8.85,-7.556221418388));
#1836 = LINE('',#1837,#1838);
#1837 = CARTESIAN_POINT('',(-0.656363479503,9.,-7.582268645038));
#1838 = VECTOR('',#1839,1.);
#1839 = DIRECTION('',(0.69636424032,-0.707106781187,0.122787803969));
#1840 = ORIENTED_EDGE('',*,*,#1841,.F.);
#1841 = EDGE_CURVE('',#1809,#1832,#1842,.T.);
#1842 = LINE('',#1843,#1844);
#1843 = CARTESIAN_POINT('',(-0.280271318683,9.,-9.715193279197));
#1844 = VECTOR('',#1845,1.);
#1845 = DIRECTION('',(0.173648177667,-2.482832582531E-16,-0.984807753012
    ));
#1846 = ORIENTED_EDGE('',*,*,#1808,.T.);
#1847 = ORIENTED_EDGE('',*,*,#1848,.F.);
#1848 = EDGE_CURVE('',#1834,#1800,#1849,.T.);
#1849 = LINE('',#1850,#1851);
#1850 = CARTESIAN_POINT('',(-0.132550155731,8.85,-9.689146052547));
#1851 = VECTOR('',#1852,1.);
#1852 = DIRECTION('',(-0.173648177667,2.482832582531E-16,0.984807753012)
  );
#1853 = PLANE('',#1854);
#1854 = AXIS2_PLACEMENT_3D('',#1855,#1856,#1857);
#1855 = CARTESIAN_POINT('',(-0.206410737207,8.925,-9.702169665872));
#1856 = DIRECTION('',(-0.69636424032,-0.707106781187,-0.122787803969));
#1857 = DIRECTION('',(-0.173648177667,4.163336342344E-16,0.984807753012)
  );
#1858 = ADVANCED_FACE('',(#1859),#1886,.F.);
#1859 = FACE_BOUND('',#1860,.F.);
#1860 = EDGE_LOOP('',(#1861,#1870,#1871,#1880));
#1861 = ORIENTED_EDGE('',*,*,#1862,.T.);
#1862 = EDGE_CURVE('',#1863,#1834,#1865,.T.);
#1863 = VERTEX_POINT('',#1864);
#1864 = CARTESIAN_POINT('',(-0.100439502928,8.85,-7.898744248745));
#1865 = CIRCLE('',#1866,0.4145);
#1866 = AXIS2_PLACEMENT_3D('',#1867,#1868,#1869);
#1867 = CARTESIAN_POINT('',(-0.100439502928,8.85,-7.484244248745));
#1868 = DIRECTION('',(4.853481507928E-16,1.,-1.665334536942E-16));
#1869 = DIRECTION('',(-1.,4.853481507928E-16,1.22464679915E-16));
#1870 = ORIENTED_EDGE('',*,*,#1831,.F.);
#1871 = ORIENTED_EDGE('',*,*,#1872,.T.);
#1872 = EDGE_CURVE('',#1832,#1873,#1875,.T.);
#1873 = VERTEX_POINT('',#1874);
#1874 = CARTESIAN_POINT('',(-0.100439502928,9.,-8.048744248745));
#1875 = CIRCLE('',#1876,0.5645);
#1876 = AXIS2_PLACEMENT_3D('',#1877,#1878,#1879);
#1877 = CARTESIAN_POINT('',(-0.100439502928,9.,-7.484244248745));
#1878 = DIRECTION('',(-4.853481507928E-16,-1.,1.665334536942E-16));
#1879 = DIRECTION('',(-1.,4.853481507928E-16,1.22464679915E-16));
#1880 = ORIENTED_EDGE('',*,*,#1881,.T.);
#1881 = EDGE_CURVE('',#1873,#1863,#1882,.T.);
#1882 = LINE('',#1883,#1884);
#1883 = CARTESIAN_POINT('',(-0.100439502928,9.,-8.048744248745));
#1884 = VECTOR('',#1885,1.);
#1885 = DIRECTION('',(-2.565973630382E-16,-0.707106781187,0.707106781187
    ));
#1886 = CONICAL_SURFACE('',#1887,0.4895,0.785398163397);
#1887 = AXIS2_PLACEMENT_3D('',#1888,#1889,#1890);
#1888 = CARTESIAN_POINT('',(-0.100439502928,8.925,-7.484244248745));
#1889 = DIRECTION('',(4.853481507928E-16,1.,-1.665334536942E-16));
#1890 = DIRECTION('',(-1.,4.853481507928E-16,1.22464679915E-16));
#1891 = ADVANCED_FACE('',(#1892),#1917,.F.);
#1892 = FACE_BOUND('',#1893,.T.);
#1893 = EDGE_LOOP('',(#1894,#1895,#1903,#1911));
#1894 = ORIENTED_EDGE('',*,*,#1881,.T.);
#1895 = ORIENTED_EDGE('',*,*,#1896,.F.);
#1896 = EDGE_CURVE('',#1897,#1863,#1899,.T.);
#1897 = VERTEX_POINT('',#1898);
#1898 = CARTESIAN_POINT('',(9.958236007031E-02,8.85,-7.898744248745));
#1899 = LINE('',#1900,#1901);
#1900 = CARTESIAN_POINT('',(-9.,8.85,-7.898744248745));
#1901 = VECTOR('',#1902,1.);
#1902 = DIRECTION('',(-1.,4.853481507928E-16,1.22464679915E-16));
#1903 = ORIENTED_EDGE('',*,*,#1904,.F.);
#1904 = EDGE_CURVE('',#1905,#1897,#1907,.T.);
#1905 = VERTEX_POINT('',#1906);
#1906 = CARTESIAN_POINT('',(9.958236007031E-02,9.,-8.048744248745));
#1907 = LINE('',#1908,#1909);
#1908 = CARTESIAN_POINT('',(9.958236007031E-02,9.,-8.048744248745));
#1909 = VECTOR('',#1910,1.);
#1910 = DIRECTION('',(-2.565973630382E-16,-0.707106781187,0.707106781187
    ));
#1911 = ORIENTED_EDGE('',*,*,#1912,.F.);
#1912 = EDGE_CURVE('',#1873,#1905,#1913,.T.);
#1913 = LINE('',#1914,#1915);
#1914 = CARTESIAN_POINT('',(-9.,9.,-8.048744248745));
#1915 = VECTOR('',#1916,1.);
#1916 = DIRECTION('',(1.,-4.853481507928E-16,-1.22464679915E-16));
#1917 = PLANE('',#1918);
#1918 = AXIS2_PLACEMENT_3D('',#1919,#1920,#1921);
#1919 = CARTESIAN_POINT('',(-9.,8.925,-7.973744248745));
#1920 = DIRECTION('',(-4.297885742857E-16,-0.707106781187,
    -0.707106781187));
#1921 = DIRECTION('',(-1.,4.853481507928E-16,1.22464679915E-16));
#1922 = ADVANCED_FACE('',(#1923),#1950,.F.);
#1923 = FACE_BOUND('',#1924,.F.);
#1924 = EDGE_LOOP('',(#1925,#1934,#1935,#1944));
#1925 = ORIENTED_EDGE('',*,*,#1926,.T.);
#1926 = EDGE_CURVE('',#1927,#1897,#1929,.T.);
#1927 = VERTEX_POINT('',#1928);
#1928 = CARTESIAN_POINT('',(0.507785173694,8.85,-7.556221418388));
#1929 = CIRCLE('',#1930,0.4145);
#1930 = AXIS2_PLACEMENT_3D('',#1931,#1932,#1933);
#1931 = CARTESIAN_POINT('',(9.958236007031E-02,8.85,-7.484244248745));
#1932 = DIRECTION('',(4.853481507928E-16,1.,-1.665334536942E-16));
#1933 = DIRECTION('',(1.,-4.853481507928E-16,-1.22464679915E-16));
#1934 = ORIENTED_EDGE('',*,*,#1904,.F.);
#1935 = ORIENTED_EDGE('',*,*,#1936,.T.);
#1936 = EDGE_CURVE('',#1905,#1937,#1939,.T.);
#1937 = VERTEX_POINT('',#1938);
#1938 = CARTESIAN_POINT('',(0.655506336646,9.,-7.582268645038));
#1939 = CIRCLE('',#1940,0.5645);
#1940 = AXIS2_PLACEMENT_3D('',#1941,#1942,#1943);
#1941 = CARTESIAN_POINT('',(9.958236007031E-02,9.,-7.484244248745));
#1942 = DIRECTION('',(-4.853481507928E-16,-1.,1.665334536942E-16));
#1943 = DIRECTION('',(1.,-4.853481507928E-16,-1.22464679915E-16));
#1944 = ORIENTED_EDGE('',*,*,#1945,.T.);
#1945 = EDGE_CURVE('',#1937,#1927,#1946,.T.);
#1946 = LINE('',#1947,#1948);
#1947 = CARTESIAN_POINT('',(0.655506336646,9.,-7.582268645038));
#1948 = VECTOR('',#1949,1.);
#1949 = DIRECTION('',(-0.69636424032,-0.707106781187,0.122787803969));
#1950 = CONICAL_SURFACE('',#1951,0.4895,0.785398163397);
#1951 = AXIS2_PLACEMENT_3D('',#1952,#1953,#1954);
#1952 = CARTESIAN_POINT('',(9.958236007031E-02,8.925,-7.484244248745));
#1953 = DIRECTION('',(4.853481507928E-16,1.,-1.665334536942E-16));
#1954 = DIRECTION('',(1.,-4.853481507928E-16,-1.22464679915E-16));
#1955 = ADVANCED_FACE('',(#1956),#1981,.F.);
#1956 = FACE_BOUND('',#1957,.T.);
#1957 = EDGE_LOOP('',(#1958,#1968,#1974,#1975));
#1958 = ORIENTED_EDGE('',*,*,#1959,.F.);
#1959 = EDGE_CURVE('',#1960,#1962,#1964,.T.);
#1960 = VERTEX_POINT('',#1961);
#1961 = CARTESIAN_POINT('',(0.731911534819,9.,-7.148953233712));
#1962 = VERTEX_POINT('',#1963);
#1963 = CARTESIAN_POINT('',(0.584190371867,8.85,-7.122906007062));
#1964 = LINE('',#1965,#1966);
#1965 = CARTESIAN_POINT('',(0.731911534819,9.,-7.148953233712));
#1966 = VECTOR('',#1967,1.);
#1967 = DIRECTION('',(-0.69636424032,-0.707106781187,0.122787803969));
#1968 = ORIENTED_EDGE('',*,*,#1969,.F.);
#1969 = EDGE_CURVE('',#1937,#1960,#1970,.T.);
#1970 = LINE('',#1971,#1972);
#1971 = CARTESIAN_POINT('',(-3.015870671458E-02,9.,-11.47086833979));
#1972 = VECTOR('',#1973,1.);
#1973 = DIRECTION('',(0.173648177667,7.972361441474E-17,0.984807753012)
  );
#1974 = ORIENTED_EDGE('',*,*,#1945,.T.);
#1975 = ORIENTED_EDGE('',*,*,#1976,.F.);
#1976 = EDGE_CURVE('',#1962,#1927,#1977,.T.);
#1977 = LINE('',#1978,#1979);
#1978 = CARTESIAN_POINT('',(-0.177879869666,8.85,-11.44482111314));
#1979 = VECTOR('',#1980,1.);
#1980 = DIRECTION('',(-0.173648177667,-7.972361441474E-17,
    -0.984807753012));
#1981 = PLANE('',#1982);
#1982 = AXIS2_PLACEMENT_3D('',#1983,#1984,#1985);
#1983 = CARTESIAN_POINT('',(-0.104019288191,8.925,-11.45784472646));
#1984 = DIRECTION('',(0.69636424032,-0.707106781187,-0.122787803969));
#1985 = DIRECTION('',(-0.173648177667,4.302114220422E-16,-0.984807753012
    ));
#1986 = ADVANCED_FACE('',(#1987),#2014,.T.);
#1987 = FACE_BOUND('',#1988,.T.);
#1988 = EDGE_LOOP('',(#1989,#1990,#1999,#2007));
#1989 = ORIENTED_EDGE('',*,*,#1959,.T.);
#1990 = ORIENTED_EDGE('',*,*,#1991,.F.);
#1991 = EDGE_CURVE('',#1992,#1962,#1994,.T.);
#1992 = VERTEX_POINT('',#1993);
#1993 = CARTESIAN_POINT('',(0.791,8.85,-6.949372124372));
#1994 = CIRCLE('',#1995,0.21);
#1995 = AXIS2_PLACEMENT_3D('',#1996,#1997,#1998);
#1996 = CARTESIAN_POINT('',(0.791,8.85,-7.159372124372));
#1997 = DIRECTION('',(-4.853481507928E-16,-1.,1.665334536942E-16));
#1998 = DIRECTION('',(-1.,4.853481507928E-16,1.22464679915E-16));
#1999 = ORIENTED_EDGE('',*,*,#2000,.F.);
#2000 = EDGE_CURVE('',#2001,#1992,#2003,.T.);
#2001 = VERTEX_POINT('',#2002);
#2002 = CARTESIAN_POINT('',(0.791,9.,-7.099372124372));
#2003 = LINE('',#2004,#2005);
#2004 = CARTESIAN_POINT('',(0.791,9.,-7.099372124372));
#2005 = VECTOR('',#2006,1.);
#2006 = DIRECTION('',(-2.565973630382E-16,-0.707106781187,0.707106781187
    ));
#2007 = ORIENTED_EDGE('',*,*,#2008,.F.);
#2008 = EDGE_CURVE('',#1960,#2001,#2009,.T.);
#2009 = CIRCLE('',#2010,6.E-02);
#2010 = AXIS2_PLACEMENT_3D('',#2011,#2012,#2013);
#2011 = CARTESIAN_POINT('',(0.791,9.,-7.159372124372));
#2012 = DIRECTION('',(4.853481507928E-16,1.,-1.665334536942E-16));
#2013 = DIRECTION('',(-1.,4.853481507928E-16,1.22464679915E-16));
#2014 = CONICAL_SURFACE('',#2015,0.135,0.785398163397);
#2015 = AXIS2_PLACEMENT_3D('',#2016,#2017,#2018);
#2016 = CARTESIAN_POINT('',(0.791,8.925,-7.159372124372));
#2017 = DIRECTION('',(-4.853481507928E-16,-1.,1.665334536942E-16));
#2018 = DIRECTION('',(-1.,4.853481507928E-16,1.22464679915E-16));
#2019 = ADVANCED_FACE('',(#2020),#2045,.F.);
#2020 = FACE_BOUND('',#2021,.T.);
#2021 = EDGE_LOOP('',(#2022,#2032,#2038,#2039));
#2022 = ORIENTED_EDGE('',*,*,#2023,.F.);
#2023 = EDGE_CURVE('',#2024,#2026,#2028,.T.);
#2024 = VERTEX_POINT('',#2025);
#2025 = CARTESIAN_POINT('',(1.208,9.,-7.099372124372));
#2026 = VERTEX_POINT('',#2027);
#2027 = CARTESIAN_POINT('',(1.208,8.85,-6.949372124372));
#2028 = LINE('',#2029,#2030);
#2029 = CARTESIAN_POINT('',(1.208,9.,-7.099372124372));
#2030 = VECTOR('',#2031,1.);
#2031 = DIRECTION('',(-2.565973630382E-16,-0.707106781187,0.707106781187
    ));
#2032 = ORIENTED_EDGE('',*,*,#2033,.F.);
#2033 = EDGE_CURVE('',#2001,#2024,#2034,.T.);
#2034 = LINE('',#2035,#2036);
#2035 = CARTESIAN_POINT('',(-4.1045,9.,-7.099372124372));
#2036 = VECTOR('',#2037,1.);
#2037 = DIRECTION('',(1.,-4.853481507928E-16,-1.22464679915E-16));
#2038 = ORIENTED_EDGE('',*,*,#2000,.T.);
#2039 = ORIENTED_EDGE('',*,*,#2040,.F.);
#2040 = EDGE_CURVE('',#2026,#1992,#2041,.T.);
#2041 = LINE('',#2042,#2043);
#2042 = CARTESIAN_POINT('',(-4.1045,8.85,-6.949372124372));
#2043 = VECTOR('',#2044,1.);
#2044 = DIRECTION('',(-1.,4.853481507928E-16,1.22464679915E-16));
#2045 = PLANE('',#2046);
#2046 = AXIS2_PLACEMENT_3D('',#2047,#2048,#2049);
#2047 = CARTESIAN_POINT('',(-4.1045,8.925,-7.024372124372));
#2048 = DIRECTION('',(-4.297885742857E-16,-0.707106781187,
    -0.707106781187));
#2049 = DIRECTION('',(-1.,4.853481507928E-16,1.22464679915E-16));
#2050 = ADVANCED_FACE('',(#2051),#2078,.T.);
#2051 = FACE_BOUND('',#2052,.T.);
#2052 = EDGE_LOOP('',(#2053,#2054,#2063,#2071));
#2053 = ORIENTED_EDGE('',*,*,#2023,.T.);
#2054 = ORIENTED_EDGE('',*,*,#2055,.F.);
#2055 = EDGE_CURVE('',#2056,#2026,#2058,.T.);
#2056 = VERTEX_POINT('',#2057);
#2057 = CARTESIAN_POINT('',(1.414809628132,8.85,-7.122906007062));
#2058 = CIRCLE('',#2059,0.21);
#2059 = AXIS2_PLACEMENT_3D('',#2060,#2061,#2062);
#2060 = CARTESIAN_POINT('',(1.208,8.85,-7.159372124372));
#2061 = DIRECTION('',(-4.853481507928E-16,-1.,1.665334536942E-16));
#2062 = DIRECTION('',(1.,-4.853481507928E-16,-1.22464679915E-16));
#2063 = ORIENTED_EDGE('',*,*,#2064,.F.);
#2064 = EDGE_CURVE('',#2065,#2056,#2067,.T.);
#2065 = VERTEX_POINT('',#2066);
#2066 = CARTESIAN_POINT('',(1.267088465181,9.,-7.148953233712));
#2067 = LINE('',#2068,#2069);
#2068 = CARTESIAN_POINT('',(1.267088465181,9.,-7.148953233712));
#2069 = VECTOR('',#2070,1.);
#2070 = DIRECTION('',(0.69636424032,-0.707106781187,0.122787803969));
#2071 = ORIENTED_EDGE('',*,*,#2072,.F.);
#2072 = EDGE_CURVE('',#2024,#2065,#2073,.T.);
#2073 = CIRCLE('',#2074,6.E-02);
#2074 = AXIS2_PLACEMENT_3D('',#2075,#2076,#2077);
#2075 = CARTESIAN_POINT('',(1.208,9.,-7.159372124372));
#2076 = DIRECTION('',(4.853481507928E-16,1.,-1.665334536942E-16));
#2077 = DIRECTION('',(1.,-4.853481507928E-16,-1.22464679915E-16));
#2078 = CONICAL_SURFACE('',#2079,0.135,0.785398163397);
#2079 = AXIS2_PLACEMENT_3D('',#2080,#2081,#2082);
#2080 = CARTESIAN_POINT('',(1.208,8.925,-7.159372124372));
#2081 = DIRECTION('',(-4.853481507928E-16,-1.,1.665334536942E-16));
#2082 = DIRECTION('',(1.,-4.853481507928E-16,-1.22464679915E-16));
#2083 = ADVANCED_FACE('',(#2084),#2109,.F.);
#2084 = FACE_BOUND('',#2085,.T.);
#2085 = EDGE_LOOP('',(#2086,#2096,#2102,#2103));
#2086 = ORIENTED_EDGE('',*,*,#2087,.F.);
#2087 = EDGE_CURVE('',#2088,#2090,#2092,.T.);
#2088 = VERTEX_POINT('',#2089);
#2089 = CARTESIAN_POINT('',(1.343493663354,9.,-7.582268645038));
#2090 = VERTEX_POINT('',#2091);
#2091 = CARTESIAN_POINT('',(1.491214826306,8.85,-7.556221418388));
#2092 = LINE('',#2093,#2094);
#2093 = CARTESIAN_POINT('',(1.343493663354,9.,-7.582268645038));
#2094 = VECTOR('',#2095,1.);
#2095 = DIRECTION('',(0.69636424032,-0.707106781187,0.122787803969));
#2096 = ORIENTED_EDGE('',*,*,#2097,.F.);
#2097 = EDGE_CURVE('',#2065,#2088,#2098,.T.);
#2098 = LINE('',#2099,#2100);
#2099 = CARTESIAN_POINT('',(1.689434288402,9.,-9.544195422539));
#2100 = VECTOR('',#2101,1.);
#2101 = DIRECTION('',(0.173648177667,-2.482832582531E-16,-0.984807753012
    ));
#2102 = ORIENTED_EDGE('',*,*,#2064,.T.);
#2103 = ORIENTED_EDGE('',*,*,#2104,.F.);
#2104 = EDGE_CURVE('',#2090,#2056,#2105,.T.);
#2105 = LINE('',#2106,#2107);
#2106 = CARTESIAN_POINT('',(1.837155451354,8.85,-9.518148195889));
#2107 = VECTOR('',#2108,1.);
#2108 = DIRECTION('',(-0.173648177667,2.482832582531E-16,0.984807753012)
  );
#2109 = PLANE('',#2110);
#2110 = AXIS2_PLACEMENT_3D('',#2111,#2112,#2113);
#2111 = CARTESIAN_POINT('',(1.763294869878,8.925,-9.531171809214));
#2112 = DIRECTION('',(-0.69636424032,-0.707106781187,-0.122787803969));
#2113 = DIRECTION('',(-0.173648177667,-1.387778780781E-17,0.984807753012
    ));
#2114 = ADVANCED_FACE('',(#2115),#2142,.F.);
#2115 = FACE_BOUND('',#2116,.F.);
#2116 = EDGE_LOOP('',(#2117,#2126,#2127,#2136));
#2117 = ORIENTED_EDGE('',*,*,#2118,.T.);
#2118 = EDGE_CURVE('',#2119,#2090,#2121,.T.);
#2119 = VERTEX_POINT('',#2120);
#2120 = CARTESIAN_POINT('',(1.747043653741,8.85,-7.869721120078));
#2121 = CIRCLE('',#2122,0.4145);
#2122 = AXIS2_PLACEMENT_3D('',#2123,#2124,#2125);
#2123 = CARTESIAN_POINT('',(1.899417639929,8.85,-7.484244248745));
#2124 = DIRECTION('',(4.853481507928E-16,1.,-1.665334536942E-16));
#2125 = DIRECTION('',(-1.,4.853481507928E-16,1.22464679915E-16));
#2126 = ORIENTED_EDGE('',*,*,#2087,.F.);
#2127 = ORIENTED_EDGE('',*,*,#2128,.T.);
#2128 = EDGE_CURVE('',#2088,#2129,#2131,.T.);
#2129 = VERTEX_POINT('',#2130);
#2130 = CARTESIAN_POINT('',(1.691902283588,9.,-8.009218178462));
#2131 = CIRCLE('',#2132,0.5645);
#2132 = AXIS2_PLACEMENT_3D('',#2133,#2134,#2135);
#2133 = CARTESIAN_POINT('',(1.899417639929,9.,-7.484244248745));
#2134 = DIRECTION('',(-4.853481507928E-16,-1.,1.665334536942E-16));
#2135 = DIRECTION('',(-1.,4.853481507928E-16,1.22464679915E-16));
#2136 = ORIENTED_EDGE('',*,*,#2137,.T.);
#2137 = EDGE_CURVE('',#2129,#2119,#2138,.T.);
#2138 = LINE('',#2139,#2140);
#2139 = CARTESIAN_POINT('',(1.691902283588,9.,-8.009218178462));
#2140 = VECTOR('',#2141,1.);
#2141 = DIRECTION('',(0.259938911726,-0.707106781187,0.657595439591));
#2142 = CONICAL_SURFACE('',#2143,0.4895,0.785398163397);
#2143 = AXIS2_PLACEMENT_3D('',#2144,#2145,#2146);
#2144 = CARTESIAN_POINT('',(1.899417639929,8.925,-7.484244248745));
#2145 = DIRECTION('',(4.853481507928E-16,1.,-1.665334536942E-16));
#2146 = DIRECTION('',(-1.,4.853481507928E-16,1.22464679915E-16));
#2147 = ADVANCED_FACE('',(#2148),#2175,.T.);
#2148 = FACE_BOUND('',#2149,.T.);
#2149 = EDGE_LOOP('',(#2150,#2160,#2167,#2168));
#2150 = ORIENTED_EDGE('',*,*,#2151,.F.);
#2151 = EDGE_CURVE('',#2152,#2154,#2156,.T.);
#2152 = VERTEX_POINT('',#2153);
#2153 = CARTESIAN_POINT('',(1.85,9.,-8.241713275768));
#2154 = VERTEX_POINT('',#2155);
#2155 = CARTESIAN_POINT('',(2.,8.85,-8.241713275768));
#2156 = LINE('',#2157,#2158);
#2157 = CARTESIAN_POINT('',(1.85,9.,-8.241713275768));
#2158 = VECTOR('',#2159,1.);
#2159 = DIRECTION('',(0.707106781187,-0.707106781187,3.116132877786E-17)
  );
#2160 = ORIENTED_EDGE('',*,*,#2161,.F.);
#2161 = EDGE_CURVE('',#2129,#2152,#2162,.T.);
#2162 = CIRCLE('',#2163,0.25);
#2163 = AXIS2_PLACEMENT_3D('',#2164,#2165,#2166);
#2164 = CARTESIAN_POINT('',(1.6,9.,-8.241713275768));
#2165 = DIRECTION('',(4.853481507928E-16,1.,-1.665334536942E-16));
#2166 = DIRECTION('',(1.,-4.853481507928E-16,-1.22464679915E-16));
#2167 = ORIENTED_EDGE('',*,*,#2137,.T.);
#2168 = ORIENTED_EDGE('',*,*,#2169,.F.);
#2169 = EDGE_CURVE('',#2154,#2119,#2170,.T.);
#2170 = CIRCLE('',#2171,0.4);
#2171 = AXIS2_PLACEMENT_3D('',#2172,#2173,#2174);
#2172 = CARTESIAN_POINT('',(1.6,8.85,-8.241713275768));
#2173 = DIRECTION('',(-4.853481507928E-16,-1.,1.665334536942E-16));
#2174 = DIRECTION('',(1.,-4.853481507928E-16,-1.22464679915E-16));
#2175 = CONICAL_SURFACE('',#2176,0.325,0.785398163397);
#2176 = AXIS2_PLACEMENT_3D('',#2177,#2178,#2179);
#2177 = CARTESIAN_POINT('',(1.6,8.925,-8.241713275768));
#2178 = DIRECTION('',(-4.853481507928E-16,-1.,1.665334536942E-16));
#2179 = DIRECTION('',(1.,-4.853481507928E-16,-1.22464679915E-16));
#2180 = ADVANCED_FACE('',(#2181),#2206,.F.);
#2181 = FACE_BOUND('',#2182,.T.);
#2182 = EDGE_LOOP('',(#2183,#2184,#2192,#2200));
#2183 = ORIENTED_EDGE('',*,*,#2151,.T.);
#2184 = ORIENTED_EDGE('',*,*,#2185,.F.);
#2185 = EDGE_CURVE('',#2186,#2154,#2188,.T.);
#2186 = VERTEX_POINT('',#2187);
#2187 = CARTESIAN_POINT('',(2.,8.85,-13.74874424874));
#2188 = LINE('',#2189,#2190);
#2189 = CARTESIAN_POINT('',(2.,8.85,-12.39874424874));
#2190 = VECTOR('',#2191,1.);
#2191 = DIRECTION('',(1.22464679915E-16,1.665334536942E-16,1.));
#2192 = ORIENTED_EDGE('',*,*,#2193,.F.);
#2193 = EDGE_CURVE('',#2194,#2186,#2196,.T.);
#2194 = VERTEX_POINT('',#2195);
#2195 = CARTESIAN_POINT('',(1.85,9.,-13.74874424874));
#2196 = LINE('',#2197,#2198);
#2197 = CARTESIAN_POINT('',(1.85,9.,-13.74874424874));
#2198 = VECTOR('',#2199,1.);
#2199 = DIRECTION('',(0.707106781187,-0.707106781187,3.116132877786E-17)
  );
#2200 = ORIENTED_EDGE('',*,*,#2201,.F.);
#2201 = EDGE_CURVE('',#2152,#2194,#2202,.T.);
#2202 = LINE('',#2203,#2204);
#2203 = CARTESIAN_POINT('',(1.85,9.,-12.39874424874));
#2204 = VECTOR('',#2205,1.);
#2205 = DIRECTION('',(-1.22464679915E-16,-1.665334536942E-16,-1.));
#2206 = PLANE('',#2207);
#2207 = AXIS2_PLACEMENT_3D('',#2208,#2209,#2210);
#2208 = CARTESIAN_POINT('',(1.925,8.925,-12.39874424874));
#2209 = DIRECTION('',(-0.707106781187,-0.707106781187,2.043525400253E-16
    ));
#2210 = DIRECTION('',(1.22464679915E-16,1.665334536942E-16,1.));
#2211 = ADVANCED_FACE('',(#2212),#2229,.F.);
#2212 = FACE_BOUND('',#2213,.T.);
#2213 = EDGE_LOOP('',(#2214,#2215,#2223));
#2214 = ORIENTED_EDGE('',*,*,#2193,.T.);
#2215 = ORIENTED_EDGE('',*,*,#2216,.T.);
#2216 = EDGE_CURVE('',#2186,#2217,#2219,.T.);
#2217 = VERTEX_POINT('',#2218);
#2218 = CARTESIAN_POINT('',(1.85,8.85,-13.89874424874));
#2219 = LINE('',#2220,#2221);
#2220 = CARTESIAN_POINT('',(2.,8.85,-13.74874424874));
#2221 = VECTOR('',#2222,1.);
#2222 = DIRECTION('',(-0.707106781187,2.254360342604E-16,-0.707106781187
    ));
#2223 = ORIENTED_EDGE('',*,*,#2224,.T.);
#2224 = EDGE_CURVE('',#2217,#2194,#2225,.T.);
#2225 = LINE('',#2226,#2227);
#2226 = CARTESIAN_POINT('',(1.85,8.85,-13.89874424874));
#2227 = VECTOR('',#2228,1.);
#2228 = DIRECTION('',(4.297885742857E-16,0.707106781187,0.707106781187)
  );
#2229 = PLANE('',#2230);
#2230 = AXIS2_PLACEMENT_3D('',#2231,#2232,#2233);
#2231 = CARTESIAN_POINT('',(1.85,8.85,-13.89874424874));
#2232 = DIRECTION('',(-0.57735026919,-0.57735026919,0.57735026919));
#2233 = DIRECTION('',(0.707106781187,1.110223024625E-16,0.707106781187)
  );
#2234 = ADVANCED_FACE('',(#2235),#2274,.F.);
#2235 = FACE_BOUND('',#2236,.T.);
#2236 = EDGE_LOOP('',(#2237,#2245,#2251,#2252,#2260,#2268));
#2237 = ORIENTED_EDGE('',*,*,#2238,.F.);
#2238 = EDGE_CURVE('',#72,#2239,#2241,.T.);
#2239 = VERTEX_POINT('',#2240);
#2240 = CARTESIAN_POINT('',(-13.85,8.85,-13.89874424874));
#2241 = LINE('',#2242,#2243);
#2242 = CARTESIAN_POINT('',(-13.85,9.,-13.74874424874));
#2243 = VECTOR('',#2244,1.);
#2244 = DIRECTION('',(-4.297885742857E-16,-0.707106781187,
    -0.707106781187));
#2245 = ORIENTED_EDGE('',*,*,#2246,.F.);
#2246 = EDGE_CURVE('',#2194,#72,#2247,.T.);
#2247 = LINE('',#2248,#2249);
#2248 = CARTESIAN_POINT('',(-9.,9.,-13.74874424874));
#2249 = VECTOR('',#2250,1.);
#2250 = DIRECTION('',(-1.,4.853481507928E-16,1.22464679915E-16));
#2251 = ORIENTED_EDGE('',*,*,#2224,.F.);
#2252 = ORIENTED_EDGE('',*,*,#2253,.T.);
#2253 = EDGE_CURVE('',#2217,#2254,#2256,.T.);
#2254 = VERTEX_POINT('',#2255);
#2255 = CARTESIAN_POINT('',(1.45,8.45,-14.29874424874));
#2256 = LINE('',#2257,#2258);
#2257 = CARTESIAN_POINT('',(-1.008333333333,5.991666666667,
    -16.75707758207));
#2258 = VECTOR('',#2259,1.);
#2259 = DIRECTION('',(-0.57735026919,-0.57735026919,-0.57735026919));
#2260 = ORIENTED_EDGE('',*,*,#2261,.T.);
#2261 = EDGE_CURVE('',#2254,#2262,#2264,.T.);
#2262 = VERTEX_POINT('',#2263);
#2263 = CARTESIAN_POINT('',(-13.45,8.45,-14.29874424874));
#2264 = LINE('',#2265,#2266);
#2265 = CARTESIAN_POINT('',(-9.,8.45,-14.29874424874));
#2266 = VECTOR('',#2267,1.);
#2267 = DIRECTION('',(-1.,4.853481507928E-16,1.22464679915E-16));
#2268 = ORIENTED_EDGE('',*,*,#2269,.F.);
#2269 = EDGE_CURVE('',#2239,#2262,#2270,.T.);
#2270 = LINE('',#2271,#2272);
#2271 = CARTESIAN_POINT('',(-11.99166666666,6.991666666667,
    -15.75707758207));
#2272 = VECTOR('',#2273,1.);
#2273 = DIRECTION('',(0.57735026919,-0.57735026919,-0.57735026919));
#2274 = PLANE('',#2275);
#2275 = AXIS2_PLACEMENT_3D('',#2276,#2277,#2278);
#2276 = CARTESIAN_POINT('',(-9.,8.925,-13.82374424874));
#2277 = DIRECTION('',(-2.565973630382E-16,-0.707106781187,0.707106781187
    ));
#2278 = DIRECTION('',(1.,-4.853481507928E-16,-1.22464679915E-16));
#2279 = ADVANCED_FACE('',(#2280),#2290,.F.);
#2280 = FACE_BOUND('',#2281,.T.);
#2281 = EDGE_LOOP('',(#2282,#2288,#2289));
#2282 = ORIENTED_EDGE('',*,*,#2283,.T.);
#2283 = EDGE_CURVE('',#2239,#80,#2284,.T.);
#2284 = LINE('',#2285,#2286);
#2285 = CARTESIAN_POINT('',(-13.85,8.85,-13.89874424874));
#2286 = VECTOR('',#2287,1.);
#2287 = DIRECTION('',(-0.707106781187,4.609499030635E-16,0.707106781187)
  );
#2288 = ORIENTED_EDGE('',*,*,#79,.T.);
#2289 = ORIENTED_EDGE('',*,*,#2238,.T.);
#2290 = PLANE('',#2291);
#2291 = AXIS2_PLACEMENT_3D('',#2292,#2293,#2294);
#2292 = CARTESIAN_POINT('',(-13.85,9.,-13.74874424874));
#2293 = DIRECTION('',(0.57735026919,-0.57735026919,0.57735026919));
#2294 = DIRECTION('',(0.707106781187,7.49400541622E-16,-0.707106781187)
  );
#2295 = ADVANCED_FACE('',(#2296),#2330,.T.);
#2296 = FACE_BOUND('',#2297,.T.);
#2297 = EDGE_LOOP('',(#2298,#2308,#2316,#2324));
#2298 = ORIENTED_EDGE('',*,*,#2299,.T.);
#2299 = EDGE_CURVE('',#2300,#2302,#2304,.T.);
#2300 = VERTEX_POINT('',#2301);
#2301 = CARTESIAN_POINT('',(-11.,8.6,-9.198744248744));
#2302 = VERTEX_POINT('',#2303);
#2303 = CARTESIAN_POINT('',(-11.,9.,-8.798744248744));
#2304 = LINE('',#2305,#2306);
#2305 = CARTESIAN_POINT('',(-11.,8.6,-9.198744248744));
#2306 = VECTOR('',#2307,1.);
#2307 = DIRECTION('',(-1.04217310573E-15,0.707106781187,0.707106781187)
  );
#2308 = ORIENTED_EDGE('',*,*,#2309,.T.);
#2309 = EDGE_CURVE('',#2302,#2310,#2312,.T.);
#2310 = VERTEX_POINT('',#2311);
#2311 = CARTESIAN_POINT('',(-1.000000000003,9.,-8.798744248744));
#2312 = LINE('',#2313,#2314);
#2313 = CARTESIAN_POINT('',(-5.000000000002,9.,-8.798744248744));
#2314 = VECTOR('',#2315,1.);
#2315 = DIRECTION('',(1.,-4.853481507928E-16,6.181869485343E-16));
#2316 = ORIENTED_EDGE('',*,*,#2317,.T.);
#2317 = EDGE_CURVE('',#2310,#2318,#2320,.T.);
#2318 = VERTEX_POINT('',#2319);
#2319 = CARTESIAN_POINT('',(-1.000000000003,8.6,-9.198744248744));
#2320 = LINE('',#2321,#2322);
#2321 = CARTESIAN_POINT('',(-1.000000000003,9.,-8.798744248744));
#2322 = VECTOR('',#2323,1.);
#2323 = DIRECTION('',(-4.297885742856E-16,-0.707106781187,
    -0.707106781187));
#2324 = ORIENTED_EDGE('',*,*,#2325,.T.);
#2325 = EDGE_CURVE('',#2318,#2300,#2326,.T.);
#2326 = LINE('',#2327,#2328);
#2327 = CARTESIAN_POINT('',(-5.000000000002,8.6,-9.198744248744));
#2328 = VECTOR('',#2329,1.);
#2329 = DIRECTION('',(-1.,4.853481507928E-16,-6.181869485343E-16));
#2330 = PLANE('',#2331);
#2331 = AXIS2_PLACEMENT_3D('',#2332,#2333,#2334);
#2332 = CARTESIAN_POINT('',(-5.000000000002,8.8,-8.998744248744));
#2333 = DIRECTION('',(7.803171520116E-16,0.707106781187,-0.707106781187)
  );
#2334 = DIRECTION('',(-1.,4.853481507928E-16,-6.181869485343E-16));
#2335 = ADVANCED_FACE('',(#2336,#2406),#2433,.F.);
#2336 = FACE_BOUND('',#2337,.T.);
#2337 = EDGE_LOOP('',(#2338,#2339,#2340,#2341,#2342,#2343,#2344,#2345,
    #2346,#2347,#2348,#2349,#2350,#2351,#2352,#2353,#2354,#2355,#2356,
    #2357,#2358,#2359,#2360,#2361,#2362,#2363,#2364,#2365,#2366,#2367,
    #2368,#2369,#2370,#2371,#2372,#2373,#2374,#2375,#2376,#2377,#2378,
    #2379,#2380,#2381,#2382,#2383,#2384,#2385,#2386,#2387,#2388,#2389,
    #2390,#2391,#2392,#2393,#2394,#2395,#2396,#2397,#2398,#2399,#2400,
    #2401,#2402,#2403,#2404,#2405));
#2338 = ORIENTED_EDGE('',*,*,#2246,.T.);
#2339 = ORIENTED_EDGE('',*,*,#71,.T.);
#2340 = ORIENTED_EDGE('',*,*,#111,.T.);
#2341 = ORIENTED_EDGE('',*,*,#144,.T.);
#2342 = ORIENTED_EDGE('',*,*,#177,.T.);
#2343 = ORIENTED_EDGE('',*,*,#216,.T.);
#2344 = ORIENTED_EDGE('',*,*,#241,.T.);
#2345 = ORIENTED_EDGE('',*,*,#280,.T.);
#2346 = ORIENTED_EDGE('',*,*,#305,.T.);
#2347 = ORIENTED_EDGE('',*,*,#336,.T.);
#2348 = ORIENTED_EDGE('',*,*,#376,.T.);
#2349 = ORIENTED_EDGE('',*,*,#400,.T.);
#2350 = ORIENTED_EDGE('',*,*,#433,.T.);
#2351 = ORIENTED_EDGE('',*,*,#472,.T.);
#2352 = ORIENTED_EDGE('',*,*,#497,.T.);
#2353 = ORIENTED_EDGE('',*,*,#536,.T.);
#2354 = ORIENTED_EDGE('',*,*,#561,.T.);
#2355 = ORIENTED_EDGE('',*,*,#592,.T.);
#2356 = ORIENTED_EDGE('',*,*,#632,.T.);
#2357 = ORIENTED_EDGE('',*,*,#656,.T.);
#2358 = ORIENTED_EDGE('',*,*,#689,.T.);
#2359 = ORIENTED_EDGE('',*,*,#728,.T.);
#2360 = ORIENTED_EDGE('',*,*,#753,.T.);
#2361 = ORIENTED_EDGE('',*,*,#792,.T.);
#2362 = ORIENTED_EDGE('',*,*,#817,.T.);
#2363 = ORIENTED_EDGE('',*,*,#848,.T.);
#2364 = ORIENTED_EDGE('',*,*,#888,.T.);
#2365 = ORIENTED_EDGE('',*,*,#912,.T.);
#2366 = ORIENTED_EDGE('',*,*,#945,.T.);
#2367 = ORIENTED_EDGE('',*,*,#984,.T.);
#2368 = ORIENTED_EDGE('',*,*,#1009,.T.);
#2369 = ORIENTED_EDGE('',*,*,#1048,.T.);
#2370 = ORIENTED_EDGE('',*,*,#1073,.T.);
#2371 = ORIENTED_EDGE('',*,*,#1104,.T.);
#2372 = ORIENTED_EDGE('',*,*,#1144,.T.);
#2373 = ORIENTED_EDGE('',*,*,#1168,.T.);
#2374 = ORIENTED_EDGE('',*,*,#1201,.T.);
#2375 = ORIENTED_EDGE('',*,*,#1240,.T.);
#2376 = ORIENTED_EDGE('',*,*,#1265,.T.);
#2377 = ORIENTED_EDGE('',*,*,#1304,.T.);
#2378 = ORIENTED_EDGE('',*,*,#1329,.T.);
#2379 = ORIENTED_EDGE('',*,*,#1360,.T.);
#2380 = ORIENTED_EDGE('',*,*,#1400,.T.);
#2381 = ORIENTED_EDGE('',*,*,#1424,.T.);
#2382 = ORIENTED_EDGE('',*,*,#1457,.T.);
#2383 = ORIENTED_EDGE('',*,*,#1496,.T.);
#2384 = ORIENTED_EDGE('',*,*,#1521,.T.);
#2385 = ORIENTED_EDGE('',*,*,#1560,.T.);
#2386 = ORIENTED_EDGE('',*,*,#1585,.T.);
#2387 = ORIENTED_EDGE('',*,*,#1616,.T.);
#2388 = ORIENTED_EDGE('',*,*,#1656,.T.);
#2389 = ORIENTED_EDGE('',*,*,#1680,.T.);
#2390 = ORIENTED_EDGE('',*,*,#1713,.T.);
#2391 = ORIENTED_EDGE('',*,*,#1752,.T.);
#2392 = ORIENTED_EDGE('',*,*,#1777,.T.);
#2393 = ORIENTED_EDGE('',*,*,#1816,.T.);
#2394 = ORIENTED_EDGE('',*,*,#1841,.T.);
#2395 = ORIENTED_EDGE('',*,*,#1872,.T.);
#2396 = ORIENTED_EDGE('',*,*,#1912,.T.);
#2397 = ORIENTED_EDGE('',*,*,#1936,.T.);
#2398 = ORIENTED_EDGE('',*,*,#1969,.T.);
#2399 = ORIENTED_EDGE('',*,*,#2008,.T.);
#2400 = ORIENTED_EDGE('',*,*,#2033,.T.);
#2401 = ORIENTED_EDGE('',*,*,#2072,.T.);
#2402 = ORIENTED_EDGE('',*,*,#2097,.T.);
#2403 = ORIENTED_EDGE('',*,*,#2128,.T.);
#2404 = ORIENTED_EDGE('',*,*,#2161,.T.);
#2405 = ORIENTED_EDGE('',*,*,#2201,.T.);
#2406 = FACE_BOUND('',#2407,.T.);
#2407 = EDGE_LOOP('',(#2408,#2409,#2418,#2426));
#2408 = ORIENTED_EDGE('',*,*,#2309,.F.);
#2409 = ORIENTED_EDGE('',*,*,#2410,.F.);
#2410 = EDGE_CURVE('',#2411,#2302,#2413,.T.);
#2411 = VERTEX_POINT('',#2412);
#2412 = CARTESIAN_POINT('',(-11.,9.,-12.99874424874));
#2413 = CIRCLE('',#2414,2.1);
#2414 = AXIS2_PLACEMENT_3D('',#2415,#2416,#2417);
#2415 = CARTESIAN_POINT('',(-11.,9.,-10.89874424874));
#2416 = DIRECTION('',(4.853481507928E-16,1.,-1.665334536942E-16));
#2417 = DIRECTION('',(8.141086587624E-16,-1.665334536942E-16,-1.));
#2418 = ORIENTED_EDGE('',*,*,#2419,.F.);
#2419 = EDGE_CURVE('',#2420,#2411,#2422,.T.);
#2420 = VERTEX_POINT('',#2421);
#2421 = CARTESIAN_POINT('',(-1.000000000003,9.,-12.99874424874));
#2422 = LINE('',#2423,#2424);
#2423 = CARTESIAN_POINT('',(-10.,9.,-12.99874424874));
#2424 = VECTOR('',#2425,1.);
#2425 = DIRECTION('',(-1.,4.853481507928E-16,-6.181869485343E-16));
#2426 = ORIENTED_EDGE('',*,*,#2427,.F.);
#2427 = EDGE_CURVE('',#2310,#2420,#2428,.T.);
#2428 = CIRCLE('',#2429,2.1);
#2429 = AXIS2_PLACEMENT_3D('',#2430,#2431,#2432);
#2430 = CARTESIAN_POINT('',(-1.000000000003,9.,-10.89874424874));
#2431 = DIRECTION('',(4.853481507928E-16,1.,-1.665334536942E-16));
#2432 = DIRECTION('',(-8.141086587624E-16,1.665334536942E-16,1.));
#2433 = PLANE('',#2434);
#2434 = AXIS2_PLACEMENT_3D('',#2435,#2436,#2437);
#2435 = CARTESIAN_POINT('',(-9.,9.,-13.89874424874));
#2436 = DIRECTION('',(-4.853481507928E-16,-1.,1.665334536942E-16));
#2437 = DIRECTION('',(1.22464679915E-16,1.665334536942E-16,1.));
#2438 = ADVANCED_FACE('',(#2439),#2458,.F.);
#2439 = FACE_BOUND('',#2440,.F.);
#2440 = EDGE_LOOP('',(#2441,#2450,#2456,#2457));
#2441 = ORIENTED_EDGE('',*,*,#2442,.F.);
#2442 = EDGE_CURVE('',#2443,#2318,#2445,.T.);
#2443 = VERTEX_POINT('',#2444);
#2444 = CARTESIAN_POINT('',(-1.000000000003,8.6,-12.59874424874));
#2445 = CIRCLE('',#2446,1.7);
#2446 = AXIS2_PLACEMENT_3D('',#2447,#2448,#2449);
#2447 = CARTESIAN_POINT('',(-1.000000000003,8.6,-10.89874424874));
#2448 = DIRECTION('',(-4.853481507928E-16,-1.,1.665334536942E-16));
#2449 = DIRECTION('',(-8.141086587624E-16,1.665334536942E-16,1.));
#2450 = ORIENTED_EDGE('',*,*,#2451,.T.);
#2451 = EDGE_CURVE('',#2443,#2420,#2452,.T.);
#2452 = LINE('',#2453,#2454);
#2453 = CARTESIAN_POINT('',(-1.000000000003,8.6,-12.59874424874));
#2454 = VECTOR('',#2455,1.);
#2455 = DIRECTION('',(2.565973630382E-16,0.707106781187,-0.707106781187)
  );
#2456 = ORIENTED_EDGE('',*,*,#2427,.F.);
#2457 = ORIENTED_EDGE('',*,*,#2317,.T.);
#2458 = CONICAL_SURFACE('',#2459,1.9,0.785398163397);
#2459 = AXIS2_PLACEMENT_3D('',#2460,#2461,#2462);
#2460 = CARTESIAN_POINT('',(-1.000000000003,8.8,-10.89874424874));
#2461 = DIRECTION('',(4.853481507928E-16,1.,-1.665334536942E-16));
#2462 = DIRECTION('',(-8.141086587624E-16,1.665334536942E-16,1.));
#2463 = ADVANCED_FACE('',(#2464),#2489,.F.);
#2464 = FACE_BOUND('',#2465,.T.);
#2465 = EDGE_LOOP('',(#2466,#2474,#2475,#2483));
#2466 = ORIENTED_EDGE('',*,*,#2467,.T.);
#2467 = EDGE_CURVE('',#2468,#64,#2470,.T.);
#2468 = VERTEX_POINT('',#2469);
#2469 = CARTESIAN_POINT('',(-14.,0.15,-8.241713275768));
#2470 = LINE('',#2471,#2472);
#2471 = CARTESIAN_POINT('',(-14.,9.,-8.241713275768));
#2472 = VECTOR('',#2473,1.);
#2473 = DIRECTION('',(4.853481507928E-16,1.,-1.665334536942E-16));
#2474 = ORIENTED_EDGE('',*,*,#87,.T.);
#2475 = ORIENTED_EDGE('',*,*,#2476,.T.);
#2476 = EDGE_CURVE('',#80,#2477,#2479,.T.);
#2477 = VERTEX_POINT('',#2478);
#2478 = CARTESIAN_POINT('',(-14.,0.15,-13.74874424874));
#2479 = LINE('',#2480,#2481);
#2480 = CARTESIAN_POINT('',(-14.,2.25,-13.74874424874));
#2481 = VECTOR('',#2482,1.);
#2482 = DIRECTION('',(-4.853481507928E-16,-1.,1.665334536942E-16));
#2483 = ORIENTED_EDGE('',*,*,#2484,.T.);
#2484 = EDGE_CURVE('',#2477,#2468,#2485,.T.);
#2485 = LINE('',#2486,#2487);
#2486 = CARTESIAN_POINT('',(-14.,0.15,-9.398744248745));
#2487 = VECTOR('',#2488,1.);
#2488 = DIRECTION('',(1.22464679915E-16,1.665334536942E-16,1.));
#2489 = PLANE('',#2490);
#2490 = AXIS2_PLACEMENT_3D('',#2491,#2492,#2493);
#2491 = CARTESIAN_POINT('',(-14.,4.5,-10.89874424874));
#2492 = DIRECTION('',(1.,-4.853481507928E-16,-1.22464679915E-16));
#2493 = DIRECTION('',(4.853481507928E-16,1.,-1.665334536942E-16));
#2494 = ADVANCED_FACE('',(#2495),#2514,.T.);
#2495 = FACE_BOUND('',#2496,.T.);
#2496 = EDGE_LOOP('',(#2497,#2498,#2507,#2513));
#2497 = ORIENTED_EDGE('',*,*,#2467,.F.);
#2498 = ORIENTED_EDGE('',*,*,#2499,.T.);
#2499 = EDGE_CURVE('',#2468,#2500,#2502,.T.);
#2500 = VERTEX_POINT('',#2501);
#2501 = CARTESIAN_POINT('',(-13.74704365374,0.15,-7.869721120078));
#2502 = CIRCLE('',#2503,0.4);
#2503 = AXIS2_PLACEMENT_3D('',#2504,#2505,#2506);
#2504 = CARTESIAN_POINT('',(-13.6,0.15,-8.241713275768));
#2505 = DIRECTION('',(4.853481507928E-16,1.,-1.665334536942E-16));
#2506 = DIRECTION('',(-1.,4.853481507928E-16,1.22464679915E-16));
#2507 = ORIENTED_EDGE('',*,*,#2508,.F.);
#2508 = EDGE_CURVE('',#104,#2500,#2509,.T.);
#2509 = LINE('',#2510,#2511);
#2510 = CARTESIAN_POINT('',(-13.74704365374,9.,-7.869721120078));
#2511 = VECTOR('',#2512,1.);
#2512 = DIRECTION('',(-4.853481507928E-16,-1.,1.665334536942E-16));
#2513 = ORIENTED_EDGE('',*,*,#119,.T.);
#2514 = CYLINDRICAL_SURFACE('',#2515,0.4);
#2515 = AXIS2_PLACEMENT_3D('',#2516,#2517,#2518);
#2516 = CARTESIAN_POINT('',(-13.6,9.,-8.241713275768));
#2517 = DIRECTION('',(4.853481507928E-16,1.,-1.665334536942E-16));
#2518 = DIRECTION('',(1.,-4.853481507928E-16,-1.22464679915E-16));
#2519 = ADVANCED_FACE('',(#2520),#2539,.F.);
#2520 = FACE_BOUND('',#2521,.F.);
#2521 = EDGE_LOOP('',(#2522,#2530,#2537,#2538));
#2522 = ORIENTED_EDGE('',*,*,#2523,.T.);
#2523 = EDGE_CURVE('',#135,#2524,#2526,.T.);
#2524 = VERTEX_POINT('',#2525);
#2525 = CARTESIAN_POINT('',(-13.4912148263,0.15,-7.556221418388));
#2526 = LINE('',#2527,#2528);
#2527 = CARTESIAN_POINT('',(-13.4912148263,9.,-7.556221418388));
#2528 = VECTOR('',#2529,1.);
#2529 = DIRECTION('',(-4.853481507928E-16,-1.,1.665334536942E-16));
#2530 = ORIENTED_EDGE('',*,*,#2531,.F.);
#2531 = EDGE_CURVE('',#2500,#2524,#2532,.T.);
#2532 = CIRCLE('',#2533,0.4145);
#2533 = AXIS2_PLACEMENT_3D('',#2534,#2535,#2536);
#2534 = CARTESIAN_POINT('',(-13.89941763993,0.15,-7.484244248745));
#2535 = DIRECTION('',(-4.853481507928E-16,-1.,1.665334536942E-16));
#2536 = DIRECTION('',(1.,-4.853481507928E-16,-1.22464679915E-16));
#2537 = ORIENTED_EDGE('',*,*,#2508,.F.);
#2538 = ORIENTED_EDGE('',*,*,#134,.F.);
#2539 = CYLINDRICAL_SURFACE('',#2540,0.4145);
#2540 = AXIS2_PLACEMENT_3D('',#2541,#2542,#2543);
#2541 = CARTESIAN_POINT('',(-13.89941763993,9.,-7.484244248745));
#2542 = DIRECTION('',(4.853481507928E-16,1.,-1.665334536942E-16));
#2543 = DIRECTION('',(1.,-4.853481507928E-16,-1.22464679915E-16));
#2544 = ADVANCED_FACE('',(#2545),#2563,.F.);
#2545 = FACE_BOUND('',#2546,.T.);
#2546 = EDGE_LOOP('',(#2547,#2548,#2549,#2557));
#2547 = ORIENTED_EDGE('',*,*,#184,.T.);
#2548 = ORIENTED_EDGE('',*,*,#2523,.T.);
#2549 = ORIENTED_EDGE('',*,*,#2550,.T.);
#2550 = EDGE_CURVE('',#2524,#2551,#2553,.T.);
#2551 = VERTEX_POINT('',#2552);
#2552 = CARTESIAN_POINT('',(-13.41480962813,0.15,-7.122906007062));
#2553 = LINE('',#2554,#2555);
#2554 = CARTESIAN_POINT('',(-13.45278890427,0.15,-7.338297185361));
#2555 = VECTOR('',#2556,1.);
#2556 = DIRECTION('',(0.173648177667,7.972361441474E-17,0.984807753012)
  );
#2557 = ORIENTED_EDGE('',*,*,#2558,.F.);
#2558 = EDGE_CURVE('',#170,#2551,#2559,.T.);
#2559 = LINE('',#2560,#2561);
#2560 = CARTESIAN_POINT('',(-13.41480962813,9.,-7.122906007062));
#2561 = VECTOR('',#2562,1.);
#2562 = DIRECTION('',(-4.853481507928E-16,-1.,1.665334536942E-16));
#2563 = PLANE('',#2564);
#2564 = AXIS2_PLACEMENT_3D('',#2565,#2566,#2567);
#2565 = CARTESIAN_POINT('',(-13.4912148263,9.,-7.556221418388));
#2566 = DIRECTION('',(0.984807753012,-5.068928525655E-16,-0.173648177667
    ));
#2567 = DIRECTION('',(0.173648177667,7.972361441474E-17,0.984807753012)
  );
#2568 = ADVANCED_FACE('',(#2569),#2588,.T.);
#2569 = FACE_BOUND('',#2570,.T.);
#2570 = EDGE_LOOP('',(#2571,#2572,#2573,#2582));
#2571 = ORIENTED_EDGE('',*,*,#199,.T.);
#2572 = ORIENTED_EDGE('',*,*,#2558,.T.);
#2573 = ORIENTED_EDGE('',*,*,#2574,.T.);
#2574 = EDGE_CURVE('',#2551,#2575,#2577,.T.);
#2575 = VERTEX_POINT('',#2576);
#2576 = CARTESIAN_POINT('',(-13.208,0.15,-6.949372124372));
#2577 = CIRCLE('',#2578,0.21);
#2578 = AXIS2_PLACEMENT_3D('',#2579,#2580,#2581);
#2579 = CARTESIAN_POINT('',(-13.208,0.15,-7.159372124372));
#2580 = DIRECTION('',(4.853481507928E-16,1.,-1.665334536942E-16));
#2581 = DIRECTION('',(-1.,4.853481507928E-16,1.22464679915E-16));
#2582 = ORIENTED_EDGE('',*,*,#2583,.F.);
#2583 = EDGE_CURVE('',#200,#2575,#2584,.T.);
#2584 = LINE('',#2585,#2586);
#2585 = CARTESIAN_POINT('',(-13.208,9.,-6.949372124372));
#2586 = VECTOR('',#2587,1.);
#2587 = DIRECTION('',(-4.853481507928E-16,-1.,1.665334536942E-16));
#2588 = CYLINDRICAL_SURFACE('',#2589,0.21);
#2589 = AXIS2_PLACEMENT_3D('',#2590,#2591,#2592);
#2590 = CARTESIAN_POINT('',(-13.208,9.,-7.159372124372));
#2591 = DIRECTION('',(4.853481507928E-16,1.,-1.665334536942E-16));
#2592 = DIRECTION('',(1.,-4.853481507928E-16,-1.22464679915E-16));
#2593 = ADVANCED_FACE('',(#2594),#2612,.F.);
#2594 = FACE_BOUND('',#2595,.T.);
#2595 = EDGE_LOOP('',(#2596,#2597,#2598,#2606));
#2596 = ORIENTED_EDGE('',*,*,#248,.T.);
#2597 = ORIENTED_EDGE('',*,*,#2583,.T.);
#2598 = ORIENTED_EDGE('',*,*,#2599,.T.);
#2599 = EDGE_CURVE('',#2575,#2600,#2602,.T.);
#2600 = VERTEX_POINT('',#2601);
#2601 = CARTESIAN_POINT('',(-12.791,0.15,-6.949372124372));
#2602 = LINE('',#2603,#2604);
#2603 = CARTESIAN_POINT('',(-11.104,0.15,-6.949372124372));
#2604 = VECTOR('',#2605,1.);
#2605 = DIRECTION('',(1.,-4.853481507928E-16,-1.22464679915E-16));
#2606 = ORIENTED_EDGE('',*,*,#2607,.F.);
#2607 = EDGE_CURVE('',#234,#2600,#2608,.T.);
#2608 = LINE('',#2609,#2610);
#2609 = CARTESIAN_POINT('',(-12.791,9.,-6.949372124372));
#2610 = VECTOR('',#2611,1.);
#2611 = DIRECTION('',(-4.853481507928E-16,-1.,1.665334536942E-16));
#2612 = PLANE('',#2613);
#2613 = AXIS2_PLACEMENT_3D('',#2614,#2615,#2616);
#2614 = CARTESIAN_POINT('',(-13.208,9.,-6.949372124372));
#2615 = DIRECTION('',(-1.22464679915E-16,-1.665334536942E-16,-1.));
#2616 = DIRECTION('',(1.,-4.853481507928E-16,-1.22464679915E-16));
#2617 = ADVANCED_FACE('',(#2618),#2637,.T.);
#2618 = FACE_BOUND('',#2619,.T.);
#2619 = EDGE_LOOP('',(#2620,#2621,#2622,#2631));
#2620 = ORIENTED_EDGE('',*,*,#263,.T.);
#2621 = ORIENTED_EDGE('',*,*,#2607,.T.);
#2622 = ORIENTED_EDGE('',*,*,#2623,.T.);
#2623 = EDGE_CURVE('',#2600,#2624,#2626,.T.);
#2624 = VERTEX_POINT('',#2625);
#2625 = CARTESIAN_POINT('',(-12.58419037186,0.15,-7.122906007062));
#2626 = CIRCLE('',#2627,0.21);
#2627 = AXIS2_PLACEMENT_3D('',#2628,#2629,#2630);
#2628 = CARTESIAN_POINT('',(-12.791,0.15,-7.159372124372));
#2629 = DIRECTION('',(4.853481507928E-16,1.,-1.665334536942E-16));
#2630 = DIRECTION('',(1.,-4.853481507928E-16,-1.22464679915E-16));
#2631 = ORIENTED_EDGE('',*,*,#2632,.F.);
#2632 = EDGE_CURVE('',#264,#2624,#2633,.T.);
#2633 = LINE('',#2634,#2635);
#2634 = CARTESIAN_POINT('',(-12.58419037186,9.,-7.122906007062));
#2635 = VECTOR('',#2636,1.);
#2636 = DIRECTION('',(-4.853481507928E-16,-1.,1.665334536942E-16));
#2637 = CYLINDRICAL_SURFACE('',#2638,0.21);
#2638 = AXIS2_PLACEMENT_3D('',#2639,#2640,#2641);
#2639 = CARTESIAN_POINT('',(-12.791,9.,-7.159372124372));
#2640 = DIRECTION('',(4.853481507928E-16,1.,-1.665334536942E-16));
#2641 = DIRECTION('',(1.,-4.853481507928E-16,-1.22464679915E-16));
#2642 = ADVANCED_FACE('',(#2643),#2661,.F.);
#2643 = FACE_BOUND('',#2644,.T.);
#2644 = EDGE_LOOP('',(#2645,#2646,#2647,#2655));
#2645 = ORIENTED_EDGE('',*,*,#312,.T.);
#2646 = ORIENTED_EDGE('',*,*,#2632,.T.);
#2647 = ORIENTED_EDGE('',*,*,#2648,.T.);
#2648 = EDGE_CURVE('',#2624,#2649,#2651,.T.);
#2649 = VERTEX_POINT('',#2650);
#2650 = CARTESIAN_POINT('',(-12.50778517369,0.15,-7.556221418388));
#2651 = LINE('',#2652,#2653);
#2652 = CARTESIAN_POINT('',(-12.46381401323,0.15,-7.805594261314));
#2653 = VECTOR('',#2654,1.);
#2654 = DIRECTION('',(0.173648177667,-2.482832582531E-16,-0.984807753012
    ));
#2655 = ORIENTED_EDGE('',*,*,#2656,.F.);
#2656 = EDGE_CURVE('',#298,#2649,#2657,.T.);
#2657 = LINE('',#2658,#2659);
#2658 = CARTESIAN_POINT('',(-12.50778517369,9.,-7.556221418388));
#2659 = VECTOR('',#2660,1.);
#2660 = DIRECTION('',(-4.853481507928E-16,-1.,1.665334536942E-16));
#2661 = PLANE('',#2662);
#2662 = AXIS2_PLACEMENT_3D('',#2663,#2664,#2665);
#2663 = CARTESIAN_POINT('',(-12.58419037186,9.,-7.122906007062));
#2664 = DIRECTION('',(-0.984807753012,4.490563910563E-16,-0.173648177667
    ));
#2665 = DIRECTION('',(0.173648177667,-2.482832582531E-16,-0.984807753012
    ));
#2666 = ADVANCED_FACE('',(#2667),#2686,.F.);
#2667 = FACE_BOUND('',#2668,.F.);
#2668 = EDGE_LOOP('',(#2669,#2677,#2684,#2685));
#2669 = ORIENTED_EDGE('',*,*,#2670,.F.);
#2670 = EDGE_CURVE('',#2671,#327,#2673,.T.);
#2671 = VERTEX_POINT('',#2672);
#2672 = CARTESIAN_POINT('',(-12.09958236007,0.15,-7.898744248745));
#2673 = LINE('',#2674,#2675);
#2674 = CARTESIAN_POINT('',(-12.09958236007,9.,-7.898744248745));
#2675 = VECTOR('',#2676,1.);
#2676 = DIRECTION('',(4.853481507928E-16,1.,-1.665334536942E-16));
#2677 = ORIENTED_EDGE('',*,*,#2678,.F.);
#2678 = EDGE_CURVE('',#2649,#2671,#2679,.T.);
#2679 = CIRCLE('',#2680,0.4145);
#2680 = AXIS2_PLACEMENT_3D('',#2681,#2682,#2683);
#2681 = CARTESIAN_POINT('',(-12.09958236007,0.15,-7.484244248745));
#2682 = DIRECTION('',(-4.853481507928E-16,-1.,1.665334536942E-16));
#2683 = DIRECTION('',(-1.,4.853481507928E-16,1.22464679915E-16));
#2684 = ORIENTED_EDGE('',*,*,#2656,.F.);
#2685 = ORIENTED_EDGE('',*,*,#326,.F.);
#2686 = CYLINDRICAL_SURFACE('',#2687,0.4145);
#2687 = AXIS2_PLACEMENT_3D('',#2688,#2689,#2690);
#2688 = CARTESIAN_POINT('',(-12.09958236007,9.,-7.484244248745));
#2689 = DIRECTION('',(4.853481507928E-16,1.,-1.665334536942E-16));
#2690 = DIRECTION('',(1.,-4.853481507928E-16,-1.22464679915E-16));
#2691 = ADVANCED_FACE('',(#2692),#2710,.F.);
#2692 = FACE_BOUND('',#2693,.T.);
#2693 = EDGE_LOOP('',(#2694,#2695,#2696,#2704));
#2694 = ORIENTED_EDGE('',*,*,#360,.T.);
#2695 = ORIENTED_EDGE('',*,*,#2670,.F.);
#2696 = ORIENTED_EDGE('',*,*,#2697,.T.);
#2697 = EDGE_CURVE('',#2671,#2698,#2700,.T.);
#2698 = VERTEX_POINT('',#2699);
#2699 = CARTESIAN_POINT('',(-11.89956049707,0.15,-7.898744248745));
#2700 = LINE('',#2701,#2702);
#2701 = CARTESIAN_POINT('',(-9.,0.15,-7.898744248745));
#2702 = VECTOR('',#2703,1.);
#2703 = DIRECTION('',(1.,-4.853481507928E-16,-1.22464679915E-16));
#2704 = ORIENTED_EDGE('',*,*,#2705,.T.);
#2705 = EDGE_CURVE('',#2698,#361,#2706,.T.);
#2706 = LINE('',#2707,#2708);
#2707 = CARTESIAN_POINT('',(-11.89956049707,9.,-7.898744248745));
#2708 = VECTOR('',#2709,1.);
#2709 = DIRECTION('',(4.853481507928E-16,1.,-1.665334536942E-16));
#2710 = PLANE('',#2711);
#2711 = AXIS2_PLACEMENT_3D('',#2712,#2713,#2714);
#2712 = CARTESIAN_POINT('',(-9.,9.,-7.898744248745));
#2713 = DIRECTION('',(-1.22464679915E-16,-1.665334536942E-16,-1.));
#2714 = DIRECTION('',(-4.853481507928E-16,-1.,1.665334536942E-16));
#2715 = ADVANCED_FACE('',(#2716),#2735,.F.);
#2716 = FACE_BOUND('',#2717,.F.);
#2717 = EDGE_LOOP('',(#2718,#2726,#2733,#2734));
#2718 = ORIENTED_EDGE('',*,*,#2719,.T.);
#2719 = EDGE_CURVE('',#391,#2720,#2722,.T.);
#2720 = VERTEX_POINT('',#2721);
#2721 = CARTESIAN_POINT('',(-11.49135768344,0.15,-7.556221418388));
#2722 = LINE('',#2723,#2724);
#2723 = CARTESIAN_POINT('',(-11.49135768344,9.,-7.556221418388));
#2724 = VECTOR('',#2725,1.);
#2725 = DIRECTION('',(-4.853481507928E-16,-1.,1.665334536942E-16));
#2726 = ORIENTED_EDGE('',*,*,#2727,.F.);
#2727 = EDGE_CURVE('',#2698,#2720,#2728,.T.);
#2728 = CIRCLE('',#2729,0.4145);
#2729 = AXIS2_PLACEMENT_3D('',#2730,#2731,#2732);
#2730 = CARTESIAN_POINT('',(-11.89956049707,0.15,-7.484244248745));
#2731 = DIRECTION('',(-4.853481507928E-16,-1.,1.665334536942E-16));
#2732 = DIRECTION('',(1.,-4.853481507928E-16,-1.22464679915E-16));
#2733 = ORIENTED_EDGE('',*,*,#2705,.T.);
#2734 = ORIENTED_EDGE('',*,*,#390,.F.);
#2735 = CYLINDRICAL_SURFACE('',#2736,0.4145);
#2736 = AXIS2_PLACEMENT_3D('',#2737,#2738,#2739);
#2737 = CARTESIAN_POINT('',(-11.89956049707,9.,-7.484244248745));
#2738 = DIRECTION('',(4.853481507928E-16,1.,-1.665334536942E-16));
#2739 = DIRECTION('',(1.,-4.853481507928E-16,-1.22464679915E-16));
#2740 = ADVANCED_FACE('',(#2741),#2759,.F.);
#2741 = FACE_BOUND('',#2742,.T.);
#2742 = EDGE_LOOP('',(#2743,#2744,#2745,#2753));
#2743 = ORIENTED_EDGE('',*,*,#440,.T.);
#2744 = ORIENTED_EDGE('',*,*,#2719,.T.);
#2745 = ORIENTED_EDGE('',*,*,#2746,.T.);
#2746 = EDGE_CURVE('',#2720,#2747,#2749,.T.);
#2747 = VERTEX_POINT('',#2748);
#2748 = CARTESIAN_POINT('',(-11.41495248527,0.15,-7.122906007062));
#2749 = LINE('',#2750,#2751);
#2750 = CARTESIAN_POINT('',(-11.48308329718,0.15,-7.509295042019));
#2751 = VECTOR('',#2752,1.);
#2752 = DIRECTION('',(0.173648177667,7.972361441474E-17,0.984807753012)
  );
#2753 = ORIENTED_EDGE('',*,*,#2754,.F.);
#2754 = EDGE_CURVE('',#426,#2747,#2755,.T.);
#2755 = LINE('',#2756,#2757);
#2756 = CARTESIAN_POINT('',(-11.41495248527,9.,-7.122906007062));
#2757 = VECTOR('',#2758,1.);
#2758 = DIRECTION('',(-4.853481507928E-16,-1.,1.665334536942E-16));
#2759 = PLANE('',#2760);
#2760 = AXIS2_PLACEMENT_3D('',#2761,#2762,#2763);
#2761 = CARTESIAN_POINT('',(-11.49135768344,9.,-7.556221418388));
#2762 = DIRECTION('',(0.984807753012,-5.068928525655E-16,-0.173648177667
    ));
#2763 = DIRECTION('',(0.173648177667,7.972361441474E-17,0.984807753012)
  );
#2764 = ADVANCED_FACE('',(#2765),#2784,.T.);
#2765 = FACE_BOUND('',#2766,.T.);
#2766 = EDGE_LOOP('',(#2767,#2768,#2769,#2778));
#2767 = ORIENTED_EDGE('',*,*,#455,.T.);
#2768 = ORIENTED_EDGE('',*,*,#2754,.T.);
#2769 = ORIENTED_EDGE('',*,*,#2770,.T.);
#2770 = EDGE_CURVE('',#2747,#2771,#2773,.T.);
#2771 = VERTEX_POINT('',#2772);
#2772 = CARTESIAN_POINT('',(-11.20814285714,0.15,-6.949372124372));
#2773 = CIRCLE('',#2774,0.21);
#2774 = AXIS2_PLACEMENT_3D('',#2775,#2776,#2777);
#2775 = CARTESIAN_POINT('',(-11.20814285714,0.15,-7.159372124372));
#2776 = DIRECTION('',(4.853481507928E-16,1.,-1.665334536942E-16));
#2777 = DIRECTION('',(-1.,4.853481507928E-16,1.22464679915E-16));
#2778 = ORIENTED_EDGE('',*,*,#2779,.F.);
#2779 = EDGE_CURVE('',#456,#2771,#2780,.T.);
#2780 = LINE('',#2781,#2782);
#2781 = CARTESIAN_POINT('',(-11.20814285714,9.,-6.949372124372));
#2782 = VECTOR('',#2783,1.);
#2783 = DIRECTION('',(-4.853481507928E-16,-1.,1.665334536942E-16));
#2784 = CYLINDRICAL_SURFACE('',#2785,0.21);
#2785 = AXIS2_PLACEMENT_3D('',#2786,#2787,#2788);
#2786 = CARTESIAN_POINT('',(-11.20814285714,9.,-7.159372124372));
#2787 = DIRECTION('',(4.853481507928E-16,1.,-1.665334536942E-16));
#2788 = DIRECTION('',(1.,-4.853481507928E-16,-1.22464679915E-16));
#2789 = ADVANCED_FACE('',(#2790),#2808,.F.);
#2790 = FACE_BOUND('',#2791,.T.);
#2791 = EDGE_LOOP('',(#2792,#2793,#2794,#2802));
#2792 = ORIENTED_EDGE('',*,*,#504,.T.);
#2793 = ORIENTED_EDGE('',*,*,#2779,.T.);
#2794 = ORIENTED_EDGE('',*,*,#2795,.T.);
#2795 = EDGE_CURVE('',#2771,#2796,#2798,.T.);
#2796 = VERTEX_POINT('',#2797);
#2797 = CARTESIAN_POINT('',(-10.79114285714,0.15,-6.949372124372));
#2798 = LINE('',#2799,#2800);
#2799 = CARTESIAN_POINT('',(-10.10407142857,0.15,-6.949372124372));
#2800 = VECTOR('',#2801,1.);
#2801 = DIRECTION('',(1.,-4.853481507928E-16,-1.22464679915E-16));
#2802 = ORIENTED_EDGE('',*,*,#2803,.F.);
#2803 = EDGE_CURVE('',#490,#2796,#2804,.T.);
#2804 = LINE('',#2805,#2806);
#2805 = CARTESIAN_POINT('',(-10.79114285714,9.,-6.949372124372));
#2806 = VECTOR('',#2807,1.);
#2807 = DIRECTION('',(-4.853481507928E-16,-1.,1.665334536942E-16));
#2808 = PLANE('',#2809);
#2809 = AXIS2_PLACEMENT_3D('',#2810,#2811,#2812);
#2810 = CARTESIAN_POINT('',(-11.20814285714,9.,-6.949372124372));
#2811 = DIRECTION('',(-1.22464679915E-16,-1.665334536942E-16,-1.));
#2812 = DIRECTION('',(1.,-4.853481507928E-16,-1.22464679915E-16));
#2813 = ADVANCED_FACE('',(#2814),#2833,.T.);
#2814 = FACE_BOUND('',#2815,.T.);
#2815 = EDGE_LOOP('',(#2816,#2817,#2818,#2827));
#2816 = ORIENTED_EDGE('',*,*,#519,.T.);
#2817 = ORIENTED_EDGE('',*,*,#2803,.T.);
#2818 = ORIENTED_EDGE('',*,*,#2819,.T.);
#2819 = EDGE_CURVE('',#2796,#2820,#2822,.T.);
#2820 = VERTEX_POINT('',#2821);
#2821 = CARTESIAN_POINT('',(-10.58433322901,0.15,-7.122906007062));
#2822 = CIRCLE('',#2823,0.21);
#2823 = AXIS2_PLACEMENT_3D('',#2824,#2825,#2826);
#2824 = CARTESIAN_POINT('',(-10.79114285714,0.15,-7.159372124372));
#2825 = DIRECTION('',(4.853481507928E-16,1.,-1.665334536942E-16));
#2826 = DIRECTION('',(1.,-4.853481507928E-16,-1.22464679915E-16));
#2827 = ORIENTED_EDGE('',*,*,#2828,.F.);
#2828 = EDGE_CURVE('',#520,#2820,#2829,.T.);
#2829 = LINE('',#2830,#2831);
#2830 = CARTESIAN_POINT('',(-10.58433322901,9.,-7.122906007062));
#2831 = VECTOR('',#2832,1.);
#2832 = DIRECTION('',(-4.853481507928E-16,-1.,1.665334536942E-16));
#2833 = CYLINDRICAL_SURFACE('',#2834,0.21);
#2834 = AXIS2_PLACEMENT_3D('',#2835,#2836,#2837);
#2835 = CARTESIAN_POINT('',(-10.79114285714,9.,-7.159372124372));
#2836 = DIRECTION('',(4.853481507928E-16,1.,-1.665334536942E-16));
#2837 = DIRECTION('',(1.,-4.853481507928E-16,-1.22464679915E-16));
#2838 = ADVANCED_FACE('',(#2839),#2857,.F.);
#2839 = FACE_BOUND('',#2840,.T.);
#2840 = EDGE_LOOP('',(#2841,#2842,#2843,#2851));
#2841 = ORIENTED_EDGE('',*,*,#568,.T.);
#2842 = ORIENTED_EDGE('',*,*,#2828,.T.);
#2843 = ORIENTED_EDGE('',*,*,#2844,.T.);
#2844 = EDGE_CURVE('',#2820,#2845,#2847,.T.);
#2845 = VERTEX_POINT('',#2846);
#2846 = CARTESIAN_POINT('',(-10.50792803083,0.15,-7.556221418388));
#2847 = LINE('',#2848,#2849);
#2848 = CARTESIAN_POINT('',(-10.49410840614,0.15,-7.634596404656));
#2849 = VECTOR('',#2850,1.);
#2850 = DIRECTION('',(0.173648177667,-2.482832582531E-16,-0.984807753012
    ));
#2851 = ORIENTED_EDGE('',*,*,#2852,.F.);
#2852 = EDGE_CURVE('',#554,#2845,#2853,.T.);
#2853 = LINE('',#2854,#2855);
#2854 = CARTESIAN_POINT('',(-10.50792803083,9.,-7.556221418388));
#2855 = VECTOR('',#2856,1.);
#2856 = DIRECTION('',(-4.853481507928E-16,-1.,1.665334536942E-16));
#2857 = PLANE('',#2858);
#2858 = AXIS2_PLACEMENT_3D('',#2859,#2860,#2861);
#2859 = CARTESIAN_POINT('',(-10.58433322901,9.,-7.122906007062));
#2860 = DIRECTION('',(-0.984807753012,4.490563910563E-16,-0.173648177667
    ));
#2861 = DIRECTION('',(0.173648177667,-2.482832582531E-16,-0.984807753012
    ));
#2862 = ADVANCED_FACE('',(#2863),#2882,.F.);
#2863 = FACE_BOUND('',#2864,.F.);
#2864 = EDGE_LOOP('',(#2865,#2873,#2880,#2881));
#2865 = ORIENTED_EDGE('',*,*,#2866,.F.);
#2866 = EDGE_CURVE('',#2867,#583,#2869,.T.);
#2867 = VERTEX_POINT('',#2868);
#2868 = CARTESIAN_POINT('',(-10.09972521721,0.15,-7.898744248745));
#2869 = LINE('',#2870,#2871);
#2870 = CARTESIAN_POINT('',(-10.09972521721,9.,-7.898744248745));
#2871 = VECTOR('',#2872,1.);
#2872 = DIRECTION('',(4.853481507928E-16,1.,-1.665334536942E-16));
#2873 = ORIENTED_EDGE('',*,*,#2874,.F.);
#2874 = EDGE_CURVE('',#2845,#2867,#2875,.T.);
#2875 = CIRCLE('',#2876,0.4145);
#2876 = AXIS2_PLACEMENT_3D('',#2877,#2878,#2879);
#2877 = CARTESIAN_POINT('',(-10.09972521721,0.15,-7.484244248745));
#2878 = DIRECTION('',(-4.853481507928E-16,-1.,1.665334536942E-16));
#2879 = DIRECTION('',(-1.,4.853481507928E-16,1.22464679915E-16));
#2880 = ORIENTED_EDGE('',*,*,#2852,.F.);
#2881 = ORIENTED_EDGE('',*,*,#582,.F.);
#2882 = CYLINDRICAL_SURFACE('',#2883,0.4145);
#2883 = AXIS2_PLACEMENT_3D('',#2884,#2885,#2886);
#2884 = CARTESIAN_POINT('',(-10.09972521721,9.,-7.484244248745));
#2885 = DIRECTION('',(4.853481507928E-16,1.,-1.665334536942E-16));
#2886 = DIRECTION('',(1.,-4.853481507928E-16,-1.22464679915E-16));
#2887 = ADVANCED_FACE('',(#2888),#2906,.F.);
#2888 = FACE_BOUND('',#2889,.T.);
#2889 = EDGE_LOOP('',(#2890,#2891,#2892,#2900));
#2890 = ORIENTED_EDGE('',*,*,#616,.T.);
#2891 = ORIENTED_EDGE('',*,*,#2866,.F.);
#2892 = ORIENTED_EDGE('',*,*,#2893,.T.);
#2893 = EDGE_CURVE('',#2867,#2894,#2896,.T.);
#2894 = VERTEX_POINT('',#2895);
#2895 = CARTESIAN_POINT('',(-9.899703354215,0.15,-7.898744248745));
#2896 = LINE('',#2897,#2898);
#2897 = CARTESIAN_POINT('',(-9.,0.15,-7.898744248745));
#2898 = VECTOR('',#2899,1.);
#2899 = DIRECTION('',(1.,-4.853481507928E-16,-1.22464679915E-16));
#2900 = ORIENTED_EDGE('',*,*,#2901,.T.);
#2901 = EDGE_CURVE('',#2894,#617,#2902,.T.);
#2902 = LINE('',#2903,#2904);
#2903 = CARTESIAN_POINT('',(-9.899703354215,9.,-7.898744248745));
#2904 = VECTOR('',#2905,1.);
#2905 = DIRECTION('',(4.853481507928E-16,1.,-1.665334536942E-16));
#2906 = PLANE('',#2907);
#2907 = AXIS2_PLACEMENT_3D('',#2908,#2909,#2910);
#2908 = CARTESIAN_POINT('',(-9.,9.,-7.898744248745));
#2909 = DIRECTION('',(-1.22464679915E-16,-1.665334536942E-16,-1.));
#2910 = DIRECTION('',(-4.853481507928E-16,-1.,1.665334536942E-16));
#2911 = ADVANCED_FACE('',(#2912),#2931,.F.);
#2912 = FACE_BOUND('',#2913,.F.);
#2913 = EDGE_LOOP('',(#2914,#2922,#2929,#2930));
#2914 = ORIENTED_EDGE('',*,*,#2915,.T.);
#2915 = EDGE_CURVE('',#647,#2916,#2918,.T.);
#2916 = VERTEX_POINT('',#2917);
#2917 = CARTESIAN_POINT('',(-9.491500540592,0.15,-7.556221418388));
#2918 = LINE('',#2919,#2920);
#2919 = CARTESIAN_POINT('',(-9.491500540592,9.,-7.556221418388));
#2920 = VECTOR('',#2921,1.);
#2921 = DIRECTION('',(-4.853481507928E-16,-1.,1.665334536942E-16));
#2922 = ORIENTED_EDGE('',*,*,#2923,.F.);
#2923 = EDGE_CURVE('',#2894,#2916,#2924,.T.);
#2924 = CIRCLE('',#2925,0.4145);
#2925 = AXIS2_PLACEMENT_3D('',#2926,#2927,#2928);
#2926 = CARTESIAN_POINT('',(-9.899703354215,0.15,-7.484244248745));
#2927 = DIRECTION('',(-4.853481507928E-16,-1.,1.665334536942E-16));
#2928 = DIRECTION('',(1.,-4.853481507928E-16,-1.22464679915E-16));
#2929 = ORIENTED_EDGE('',*,*,#2901,.T.);
#2930 = ORIENTED_EDGE('',*,*,#646,.F.);
#2931 = CYLINDRICAL_SURFACE('',#2932,0.4145);
#2932 = AXIS2_PLACEMENT_3D('',#2933,#2934,#2935);
#2933 = CARTESIAN_POINT('',(-9.899703354215,9.,-7.484244248745));
#2934 = DIRECTION('',(4.853481507928E-16,1.,-1.665334536942E-16));
#2935 = DIRECTION('',(1.,-4.853481507928E-16,-1.22464679915E-16));
#2936 = ADVANCED_FACE('',(#2937),#2955,.F.);
#2937 = FACE_BOUND('',#2938,.T.);
#2938 = EDGE_LOOP('',(#2939,#2940,#2941,#2949));
#2939 = ORIENTED_EDGE('',*,*,#696,.T.);
#2940 = ORIENTED_EDGE('',*,*,#2915,.T.);
#2941 = ORIENTED_EDGE('',*,*,#2942,.T.);
#2942 = EDGE_CURVE('',#2916,#2943,#2945,.T.);
#2943 = VERTEX_POINT('',#2944);
#2944 = CARTESIAN_POINT('',(-9.415095342418,0.15,-7.122906007062));
#2945 = LINE('',#2946,#2947);
#2946 = CARTESIAN_POINT('',(-9.513377690103,0.15,-7.680292898677));
#2947 = VECTOR('',#2948,1.);
#2948 = DIRECTION('',(0.173648177667,7.972361441474E-17,0.984807753012)
  );
#2949 = ORIENTED_EDGE('',*,*,#2950,.F.);
#2950 = EDGE_CURVE('',#682,#2943,#2951,.T.);
#2951 = LINE('',#2952,#2953);
#2952 = CARTESIAN_POINT('',(-9.415095342418,9.,-7.122906007062));
#2953 = VECTOR('',#2954,1.);
#2954 = DIRECTION('',(-4.853481507928E-16,-1.,1.665334536942E-16));
#2955 = PLANE('',#2956);
#2956 = AXIS2_PLACEMENT_3D('',#2957,#2958,#2959);
#2957 = CARTESIAN_POINT('',(-9.491500540592,9.,-7.556221418388));
#2958 = DIRECTION('',(0.984807753012,-5.068928525655E-16,-0.173648177667
    ));
#2959 = DIRECTION('',(0.173648177667,7.972361441474E-17,0.984807753012)
  );
#2960 = ADVANCED_FACE('',(#2961),#2980,.T.);
#2961 = FACE_BOUND('',#2962,.T.);
#2962 = EDGE_LOOP('',(#2963,#2964,#2965,#2974));
#2963 = ORIENTED_EDGE('',*,*,#711,.T.);
#2964 = ORIENTED_EDGE('',*,*,#2950,.T.);
#2965 = ORIENTED_EDGE('',*,*,#2966,.T.);
#2966 = EDGE_CURVE('',#2943,#2967,#2969,.T.);
#2967 = VERTEX_POINT('',#2968);
#2968 = CARTESIAN_POINT('',(-9.208285714286,0.15,-6.949372124372));
#2969 = CIRCLE('',#2970,0.21);
#2970 = AXIS2_PLACEMENT_3D('',#2971,#2972,#2973);
#2971 = CARTESIAN_POINT('',(-9.208285714286,0.15,-7.159372124372));
#2972 = DIRECTION('',(4.853481507928E-16,1.,-1.665334536942E-16));
#2973 = DIRECTION('',(-1.,4.853481507928E-16,1.22464679915E-16));
#2974 = ORIENTED_EDGE('',*,*,#2975,.F.);
#2975 = EDGE_CURVE('',#712,#2967,#2976,.T.);
#2976 = LINE('',#2977,#2978);
#2977 = CARTESIAN_POINT('',(-9.208285714286,9.,-6.949372124372));
#2978 = VECTOR('',#2979,1.);
#2979 = DIRECTION('',(-4.853481507928E-16,-1.,1.665334536942E-16));
#2980 = CYLINDRICAL_SURFACE('',#2981,0.21);
#2981 = AXIS2_PLACEMENT_3D('',#2982,#2983,#2984);
#2982 = CARTESIAN_POINT('',(-9.208285714286,9.,-7.159372124372));
#2983 = DIRECTION('',(4.853481507928E-16,1.,-1.665334536942E-16));
#2984 = DIRECTION('',(1.,-4.853481507928E-16,-1.22464679915E-16));
#2985 = ADVANCED_FACE('',(#2986),#3004,.F.);
#2986 = FACE_BOUND('',#2987,.T.);
#2987 = EDGE_LOOP('',(#2988,#2989,#2990,#2998));
#2988 = ORIENTED_EDGE('',*,*,#760,.T.);
#2989 = ORIENTED_EDGE('',*,*,#2975,.T.);
#2990 = ORIENTED_EDGE('',*,*,#2991,.T.);
#2991 = EDGE_CURVE('',#2967,#2992,#2994,.T.);
#2992 = VERTEX_POINT('',#2993);
#2993 = CARTESIAN_POINT('',(-8.791285714286,0.15,-6.949372124372));
#2994 = LINE('',#2995,#2996);
#2995 = CARTESIAN_POINT('',(-9.104142857143,0.15,-6.949372124372));
#2996 = VECTOR('',#2997,1.);
#2997 = DIRECTION('',(1.,-4.853481507928E-16,-1.22464679915E-16));
#2998 = ORIENTED_EDGE('',*,*,#2999,.F.);
#2999 = EDGE_CURVE('',#746,#2992,#3000,.T.);
#3000 = LINE('',#3001,#3002);
#3001 = CARTESIAN_POINT('',(-8.791285714286,9.,-6.949372124372));
#3002 = VECTOR('',#3003,1.);
#3003 = DIRECTION('',(-4.853481507928E-16,-1.,1.665334536942E-16));
#3004 = PLANE('',#3005);
#3005 = AXIS2_PLACEMENT_3D('',#3006,#3007,#3008);
#3006 = CARTESIAN_POINT('',(-9.208285714286,9.,-6.949372124372));
#3007 = DIRECTION('',(-1.22464679915E-16,-1.665334536942E-16,-1.));
#3008 = DIRECTION('',(1.,-4.853481507928E-16,-1.22464679915E-16));
#3009 = ADVANCED_FACE('',(#3010),#3029,.T.);
#3010 = FACE_BOUND('',#3011,.T.);
#3011 = EDGE_LOOP('',(#3012,#3013,#3014,#3023));
#3012 = ORIENTED_EDGE('',*,*,#775,.T.);
#3013 = ORIENTED_EDGE('',*,*,#2999,.T.);
#3014 = ORIENTED_EDGE('',*,*,#3015,.T.);
#3015 = EDGE_CURVE('',#2992,#3016,#3018,.T.);
#3016 = VERTEX_POINT('',#3017);
#3017 = CARTESIAN_POINT('',(-8.584476086153,0.15,-7.122906007062));
#3018 = CIRCLE('',#3019,0.21);
#3019 = AXIS2_PLACEMENT_3D('',#3020,#3021,#3022);
#3020 = CARTESIAN_POINT('',(-8.791285714286,0.15,-7.159372124372));
#3021 = DIRECTION('',(4.853481507928E-16,1.,-1.665334536942E-16));
#3022 = DIRECTION('',(1.,-4.853481507928E-16,-1.22464679915E-16));
#3023 = ORIENTED_EDGE('',*,*,#3024,.F.);
#3024 = EDGE_CURVE('',#776,#3016,#3025,.T.);
#3025 = LINE('',#3026,#3027);
#3026 = CARTESIAN_POINT('',(-8.584476086153,9.,-7.122906007062));
#3027 = VECTOR('',#3028,1.);
#3028 = DIRECTION('',(-4.853481507928E-16,-1.,1.665334536942E-16));
#3029 = CYLINDRICAL_SURFACE('',#3030,0.21);
#3030 = AXIS2_PLACEMENT_3D('',#3031,#3032,#3033);
#3031 = CARTESIAN_POINT('',(-8.791285714286,9.,-7.159372124372));
#3032 = DIRECTION('',(4.853481507928E-16,1.,-1.665334536942E-16));
#3033 = DIRECTION('',(1.,-4.853481507928E-16,-1.22464679915E-16));
#3034 = ADVANCED_FACE('',(#3035),#3053,.F.);
#3035 = FACE_BOUND('',#3036,.T.);
#3036 = EDGE_LOOP('',(#3037,#3038,#3039,#3047));
#3037 = ORIENTED_EDGE('',*,*,#824,.T.);
#3038 = ORIENTED_EDGE('',*,*,#3024,.T.);
#3039 = ORIENTED_EDGE('',*,*,#3040,.T.);
#3040 = EDGE_CURVE('',#3016,#3041,#3043,.T.);
#3041 = VERTEX_POINT('',#3042);
#3042 = CARTESIAN_POINT('',(-8.50807088798,0.15,-7.556221418388));
#3043 = LINE('',#3044,#3045);
#3044 = CARTESIAN_POINT('',(-8.52440279906,0.15,-7.463598547999));
#3045 = VECTOR('',#3046,1.);
#3046 = DIRECTION('',(0.173648177667,-2.482832582531E-16,-0.984807753012
    ));
#3047 = ORIENTED_EDGE('',*,*,#3048,.F.);
#3048 = EDGE_CURVE('',#810,#3041,#3049,.T.);
#3049 = LINE('',#3050,#3051);
#3050 = CARTESIAN_POINT('',(-8.50807088798,9.,-7.556221418388));
#3051 = VECTOR('',#3052,1.);
#3052 = DIRECTION('',(-4.853481507928E-16,-1.,1.665334536942E-16));
#3053 = PLANE('',#3054);
#3054 = AXIS2_PLACEMENT_3D('',#3055,#3056,#3057);
#3055 = CARTESIAN_POINT('',(-8.584476086153,9.,-7.122906007062));
#3056 = DIRECTION('',(-0.984807753012,4.490563910563E-16,-0.173648177667
    ));
#3057 = DIRECTION('',(0.173648177667,-2.482832582531E-16,-0.984807753012
    ));
#3058 = ADVANCED_FACE('',(#3059),#3078,.F.);
#3059 = FACE_BOUND('',#3060,.F.);
#3060 = EDGE_LOOP('',(#3061,#3069,#3076,#3077));
#3061 = ORIENTED_EDGE('',*,*,#3062,.F.);
#3062 = EDGE_CURVE('',#3063,#839,#3065,.T.);
#3063 = VERTEX_POINT('',#3064);
#3064 = CARTESIAN_POINT('',(-8.099868074356,0.15,-7.898744248745));
#3065 = LINE('',#3066,#3067);
#3066 = CARTESIAN_POINT('',(-8.099868074356,9.,-7.898744248745));
#3067 = VECTOR('',#3068,1.);
#3068 = DIRECTION('',(4.853481507928E-16,1.,-1.665334536942E-16));
#3069 = ORIENTED_EDGE('',*,*,#3070,.F.);
#3070 = EDGE_CURVE('',#3041,#3063,#3071,.T.);
#3071 = CIRCLE('',#3072,0.4145);
#3072 = AXIS2_PLACEMENT_3D('',#3073,#3074,#3075);
#3073 = CARTESIAN_POINT('',(-8.099868074356,0.15,-7.484244248745));
#3074 = DIRECTION('',(-4.853481507928E-16,-1.,1.665334536942E-16));
#3075 = DIRECTION('',(-1.,4.853481507928E-16,1.22464679915E-16));
#3076 = ORIENTED_EDGE('',*,*,#3048,.F.);
#3077 = ORIENTED_EDGE('',*,*,#838,.F.);
#3078 = CYLINDRICAL_SURFACE('',#3079,0.4145);
#3079 = AXIS2_PLACEMENT_3D('',#3080,#3081,#3082);
#3080 = CARTESIAN_POINT('',(-8.099868074356,9.,-7.484244248745));
#3081 = DIRECTION('',(4.853481507928E-16,1.,-1.665334536942E-16));
#3082 = DIRECTION('',(1.,-4.853481507928E-16,-1.22464679915E-16));
#3083 = ADVANCED_FACE('',(#3084),#3102,.F.);
#3084 = FACE_BOUND('',#3085,.T.);
#3085 = EDGE_LOOP('',(#3086,#3087,#3088,#3096));
#3086 = ORIENTED_EDGE('',*,*,#872,.T.);
#3087 = ORIENTED_EDGE('',*,*,#3062,.F.);
#3088 = ORIENTED_EDGE('',*,*,#3089,.T.);
#3089 = EDGE_CURVE('',#3063,#3090,#3092,.T.);
#3090 = VERTEX_POINT('',#3091);
#3091 = CARTESIAN_POINT('',(-7.899846211358,0.15,-7.898744248745));
#3092 = LINE('',#3093,#3094);
#3093 = CARTESIAN_POINT('',(-9.,0.15,-7.898744248745));
#3094 = VECTOR('',#3095,1.);
#3095 = DIRECTION('',(1.,-4.853481507928E-16,-1.22464679915E-16));
#3096 = ORIENTED_EDGE('',*,*,#3097,.T.);
#3097 = EDGE_CURVE('',#3090,#873,#3098,.T.);
#3098 = LINE('',#3099,#3100);
#3099 = CARTESIAN_POINT('',(-7.899846211358,9.,-7.898744248745));
#3100 = VECTOR('',#3101,1.);
#3101 = DIRECTION('',(4.853481507928E-16,1.,-1.665334536942E-16));
#3102 = PLANE('',#3103);
#3103 = AXIS2_PLACEMENT_3D('',#3104,#3105,#3106);
#3104 = CARTESIAN_POINT('',(-9.,9.,-7.898744248745));
#3105 = DIRECTION('',(-1.22464679915E-16,-1.665334536942E-16,-1.));
#3106 = DIRECTION('',(-4.853481507928E-16,-1.,1.665334536942E-16));
#3107 = ADVANCED_FACE('',(#3108),#3127,.F.);
#3108 = FACE_BOUND('',#3109,.F.);
#3109 = EDGE_LOOP('',(#3110,#3118,#3125,#3126));
#3110 = ORIENTED_EDGE('',*,*,#3111,.T.);
#3111 = EDGE_CURVE('',#903,#3112,#3114,.T.);
#3112 = VERTEX_POINT('',#3113);
#3113 = CARTESIAN_POINT('',(-7.491643397735,0.15,-7.556221418388));
#3114 = LINE('',#3115,#3116);
#3115 = CARTESIAN_POINT('',(-7.491643397735,9.,-7.556221418388));
#3116 = VECTOR('',#3117,1.);
#3117 = DIRECTION('',(-4.853481507928E-16,-1.,1.665334536942E-16));
#3118 = ORIENTED_EDGE('',*,*,#3119,.F.);
#3119 = EDGE_CURVE('',#3090,#3112,#3120,.T.);
#3120 = CIRCLE('',#3121,0.4145);
#3121 = AXIS2_PLACEMENT_3D('',#3122,#3123,#3124);
#3122 = CARTESIAN_POINT('',(-7.899846211358,0.15,-7.484244248745));
#3123 = DIRECTION('',(-4.853481507928E-16,-1.,1.665334536942E-16));
#3124 = DIRECTION('',(1.,-4.853481507928E-16,-1.22464679915E-16));
#3125 = ORIENTED_EDGE('',*,*,#3097,.T.);
#3126 = ORIENTED_EDGE('',*,*,#902,.F.);
#3127 = CYLINDRICAL_SURFACE('',#3128,0.4145);
#3128 = AXIS2_PLACEMENT_3D('',#3129,#3130,#3131);
#3129 = CARTESIAN_POINT('',(-7.899846211358,9.,-7.484244248745));
#3130 = DIRECTION('',(4.853481507928E-16,1.,-1.665334536942E-16));
#3131 = DIRECTION('',(1.,-4.853481507928E-16,-1.22464679915E-16));
#3132 = ADVANCED_FACE('',(#3133),#3151,.F.);
#3133 = FACE_BOUND('',#3134,.T.);
#3134 = EDGE_LOOP('',(#3135,#3136,#3137,#3145));
#3135 = ORIENTED_EDGE('',*,*,#952,.T.);
#3136 = ORIENTED_EDGE('',*,*,#3111,.T.);
#3137 = ORIENTED_EDGE('',*,*,#3138,.T.);
#3138 = EDGE_CURVE('',#3112,#3139,#3141,.T.);
#3139 = VERTEX_POINT('',#3140);
#3140 = CARTESIAN_POINT('',(-7.415238199561,0.15,-7.122906007062));
#3141 = LINE('',#3142,#3143);
#3142 = CARTESIAN_POINT('',(-7.543672083018,0.15,-7.851290755334));
#3143 = VECTOR('',#3144,1.);
#3144 = DIRECTION('',(0.173648177667,7.972361441474E-17,0.984807753012)
  );
#3145 = ORIENTED_EDGE('',*,*,#3146,.F.);
#3146 = EDGE_CURVE('',#938,#3139,#3147,.T.);
#3147 = LINE('',#3148,#3149);
#3148 = CARTESIAN_POINT('',(-7.415238199561,9.,-7.122906007062));
#3149 = VECTOR('',#3150,1.);
#3150 = DIRECTION('',(-4.853481507928E-16,-1.,1.665334536942E-16));
#3151 = PLANE('',#3152);
#3152 = AXIS2_PLACEMENT_3D('',#3153,#3154,#3155);
#3153 = CARTESIAN_POINT('',(-7.491643397735,9.,-7.556221418388));
#3154 = DIRECTION('',(0.984807753012,-5.068928525655E-16,-0.173648177667
    ));
#3155 = DIRECTION('',(0.173648177667,7.972361441474E-17,0.984807753012)
  );
#3156 = ADVANCED_FACE('',(#3157),#3176,.T.);
#3157 = FACE_BOUND('',#3158,.T.);
#3158 = EDGE_LOOP('',(#3159,#3160,#3161,#3170));
#3159 = ORIENTED_EDGE('',*,*,#967,.T.);
#3160 = ORIENTED_EDGE('',*,*,#3146,.T.);
#3161 = ORIENTED_EDGE('',*,*,#3162,.T.);
#3162 = EDGE_CURVE('',#3139,#3163,#3165,.T.);
#3163 = VERTEX_POINT('',#3164);
#3164 = CARTESIAN_POINT('',(-7.208428571429,0.15,-6.949372124372));
#3165 = CIRCLE('',#3166,0.21);
#3166 = AXIS2_PLACEMENT_3D('',#3167,#3168,#3169);
#3167 = CARTESIAN_POINT('',(-7.208428571429,0.15,-7.159372124372));
#3168 = DIRECTION('',(4.853481507928E-16,1.,-1.665334536942E-16));
#3169 = DIRECTION('',(-1.,4.853481507928E-16,1.22464679915E-16));
#3170 = ORIENTED_EDGE('',*,*,#3171,.F.);
#3171 = EDGE_CURVE('',#968,#3163,#3172,.T.);
#3172 = LINE('',#3173,#3174);
#3173 = CARTESIAN_POINT('',(-7.208428571429,9.,-6.949372124372));
#3174 = VECTOR('',#3175,1.);
#3175 = DIRECTION('',(-4.853481507928E-16,-1.,1.665334536942E-16));
#3176 = CYLINDRICAL_SURFACE('',#3177,0.21);
#3177 = AXIS2_PLACEMENT_3D('',#3178,#3179,#3180);
#3178 = CARTESIAN_POINT('',(-7.208428571429,9.,-7.159372124372));
#3179 = DIRECTION('',(4.853481507928E-16,1.,-1.665334536942E-16));
#3180 = DIRECTION('',(1.,-4.853481507928E-16,-1.22464679915E-16));
#3181 = ADVANCED_FACE('',(#3182),#3200,.F.);
#3182 = FACE_BOUND('',#3183,.T.);
#3183 = EDGE_LOOP('',(#3184,#3185,#3186,#3194));
#3184 = ORIENTED_EDGE('',*,*,#1016,.T.);
#3185 = ORIENTED_EDGE('',*,*,#3171,.T.);
#3186 = ORIENTED_EDGE('',*,*,#3187,.T.);
#3187 = EDGE_CURVE('',#3163,#3188,#3190,.T.);
#3188 = VERTEX_POINT('',#3189);
#3189 = CARTESIAN_POINT('',(-6.791428571429,0.15,-6.949372124372));
#3190 = LINE('',#3191,#3192);
#3191 = CARTESIAN_POINT('',(-8.104214285714,0.15,-6.949372124372));
#3192 = VECTOR('',#3193,1.);
#3193 = DIRECTION('',(1.,-4.853481507928E-16,-1.22464679915E-16));
#3194 = ORIENTED_EDGE('',*,*,#3195,.F.);
#3195 = EDGE_CURVE('',#1002,#3188,#3196,.T.);
#3196 = LINE('',#3197,#3198);
#3197 = CARTESIAN_POINT('',(-6.791428571429,9.,-6.949372124372));
#3198 = VECTOR('',#3199,1.);
#3199 = DIRECTION('',(-4.853481507928E-16,-1.,1.665334536942E-16));
#3200 = PLANE('',#3201);
#3201 = AXIS2_PLACEMENT_3D('',#3202,#3203,#3204);
#3202 = CARTESIAN_POINT('',(-7.208428571429,9.,-6.949372124372));
#3203 = DIRECTION('',(-1.22464679915E-16,-1.665334536942E-16,-1.));
#3204 = DIRECTION('',(1.,-4.853481507928E-16,-1.22464679915E-16));
#3205 = ADVANCED_FACE('',(#3206),#3225,.T.);
#3206 = FACE_BOUND('',#3207,.T.);
#3207 = EDGE_LOOP('',(#3208,#3209,#3210,#3219));
#3208 = ORIENTED_EDGE('',*,*,#1031,.T.);
#3209 = ORIENTED_EDGE('',*,*,#3195,.T.);
#3210 = ORIENTED_EDGE('',*,*,#3211,.T.);
#3211 = EDGE_CURVE('',#3188,#3212,#3214,.T.);
#3212 = VERTEX_POINT('',#3213);
#3213 = CARTESIAN_POINT('',(-6.584618943296,0.15,-7.122906007062));
#3214 = CIRCLE('',#3215,0.21);
#3215 = AXIS2_PLACEMENT_3D('',#3216,#3217,#3218);
#3216 = CARTESIAN_POINT('',(-6.791428571429,0.15,-7.159372124372));
#3217 = DIRECTION('',(4.853481507928E-16,1.,-1.665334536942E-16));
#3218 = DIRECTION('',(1.,-4.853481507928E-16,-1.22464679915E-16));
#3219 = ORIENTED_EDGE('',*,*,#3220,.F.);
#3220 = EDGE_CURVE('',#1032,#3212,#3221,.T.);
#3221 = LINE('',#3222,#3223);
#3222 = CARTESIAN_POINT('',(-6.584618943296,9.,-7.122906007062));
#3223 = VECTOR('',#3224,1.);
#3224 = DIRECTION('',(-4.853481507928E-16,-1.,1.665334536942E-16));
#3225 = CYLINDRICAL_SURFACE('',#3226,0.21);
#3226 = AXIS2_PLACEMENT_3D('',#3227,#3228,#3229);
#3227 = CARTESIAN_POINT('',(-6.791428571429,9.,-7.159372124372));
#3228 = DIRECTION('',(4.853481507928E-16,1.,-1.665334536942E-16));
#3229 = DIRECTION('',(1.,-4.853481507928E-16,-1.22464679915E-16));
#3230 = ADVANCED_FACE('',(#3231),#3249,.F.);
#3231 = FACE_BOUND('',#3232,.T.);
#3232 = EDGE_LOOP('',(#3233,#3234,#3235,#3243));
#3233 = ORIENTED_EDGE('',*,*,#1080,.T.);
#3234 = ORIENTED_EDGE('',*,*,#3220,.T.);
#3235 = ORIENTED_EDGE('',*,*,#3236,.T.);
#3236 = EDGE_CURVE('',#3212,#3237,#3239,.T.);
#3237 = VERTEX_POINT('',#3238);
#3238 = CARTESIAN_POINT('',(-6.508213745123,0.15,-7.556221418388));
#3239 = LINE('',#3240,#3241);
#3240 = CARTESIAN_POINT('',(-6.554697191975,0.15,-7.292600691341));
#3241 = VECTOR('',#3242,1.);
#3242 = DIRECTION('',(0.173648177667,-2.482832582531E-16,-0.984807753012
    ));
#3243 = ORIENTED_EDGE('',*,*,#3244,.F.);
#3244 = EDGE_CURVE('',#1066,#3237,#3245,.T.);
#3245 = LINE('',#3246,#3247);
#3246 = CARTESIAN_POINT('',(-6.508213745123,9.,-7.556221418388));
#3247 = VECTOR('',#3248,1.);
#3248 = DIRECTION('',(-4.853481507928E-16,-1.,1.665334536942E-16));
#3249 = PLANE('',#3250);
#3250 = AXIS2_PLACEMENT_3D('',#3251,#3252,#3253);
#3251 = CARTESIAN_POINT('',(-6.584618943296,9.,-7.122906007062));
#3252 = DIRECTION('',(-0.984807753012,4.490563910563E-16,-0.173648177667
    ));
#3253 = DIRECTION('',(0.173648177667,-2.482832582531E-16,-0.984807753012
    ));
#3254 = ADVANCED_FACE('',(#3255),#3274,.F.);
#3255 = FACE_BOUND('',#3256,.F.);
#3256 = EDGE_LOOP('',(#3257,#3265,#3272,#3273));
#3257 = ORIENTED_EDGE('',*,*,#3258,.F.);
#3258 = EDGE_CURVE('',#3259,#1095,#3261,.T.);
#3259 = VERTEX_POINT('',#3260);
#3260 = CARTESIAN_POINT('',(-6.100010931499,0.15,-7.898744248745));
#3261 = LINE('',#3262,#3263);
#3262 = CARTESIAN_POINT('',(-6.100010931499,9.,-7.898744248745));
#3263 = VECTOR('',#3264,1.);
#3264 = DIRECTION('',(4.853481507928E-16,1.,-1.665334536942E-16));
#3265 = ORIENTED_EDGE('',*,*,#3266,.F.);
#3266 = EDGE_CURVE('',#3237,#3259,#3267,.T.);
#3267 = CIRCLE('',#3268,0.4145);
#3268 = AXIS2_PLACEMENT_3D('',#3269,#3270,#3271);
#3269 = CARTESIAN_POINT('',(-6.100010931499,0.15,-7.484244248745));
#3270 = DIRECTION('',(-4.853481507928E-16,-1.,1.665334536942E-16));
#3271 = DIRECTION('',(-1.,4.853481507928E-16,1.22464679915E-16));
#3272 = ORIENTED_EDGE('',*,*,#3244,.F.);
#3273 = ORIENTED_EDGE('',*,*,#1094,.F.);
#3274 = CYLINDRICAL_SURFACE('',#3275,0.4145);
#3275 = AXIS2_PLACEMENT_3D('',#3276,#3277,#3278);
#3276 = CARTESIAN_POINT('',(-6.100010931499,9.,-7.484244248745));
#3277 = DIRECTION('',(4.853481507928E-16,1.,-1.665334536942E-16));
#3278 = DIRECTION('',(1.,-4.853481507928E-16,-1.22464679915E-16));
#3279 = ADVANCED_FACE('',(#3280),#3298,.F.);
#3280 = FACE_BOUND('',#3281,.T.);
#3281 = EDGE_LOOP('',(#3282,#3283,#3284,#3292));
#3282 = ORIENTED_EDGE('',*,*,#1128,.T.);
#3283 = ORIENTED_EDGE('',*,*,#3258,.F.);
#3284 = ORIENTED_EDGE('',*,*,#3285,.T.);
#3285 = EDGE_CURVE('',#3259,#3286,#3288,.T.);
#3286 = VERTEX_POINT('',#3287);
#3287 = CARTESIAN_POINT('',(-5.899989068501,0.15,-7.898744248745));
#3288 = LINE('',#3289,#3290);
#3289 = CARTESIAN_POINT('',(-9.,0.15,-7.898744248745));
#3290 = VECTOR('',#3291,1.);
#3291 = DIRECTION('',(1.,-4.853481507928E-16,-1.22464679915E-16));
#3292 = ORIENTED_EDGE('',*,*,#3293,.T.);
#3293 = EDGE_CURVE('',#3286,#1129,#3294,.T.);
#3294 = LINE('',#3295,#3296);
#3295 = CARTESIAN_POINT('',(-5.899989068501,9.,-7.898744248745));
#3296 = VECTOR('',#3297,1.);
#3297 = DIRECTION('',(4.853481507928E-16,1.,-1.665334536942E-16));
#3298 = PLANE('',#3299);
#3299 = AXIS2_PLACEMENT_3D('',#3300,#3301,#3302);
#3300 = CARTESIAN_POINT('',(-9.,9.,-7.898744248745));
#3301 = DIRECTION('',(-1.22464679915E-16,-1.665334536942E-16,-1.));
#3302 = DIRECTION('',(-4.853481507928E-16,-1.,1.665334536942E-16));
#3303 = ADVANCED_FACE('',(#3304),#3323,.F.);
#3304 = FACE_BOUND('',#3305,.F.);
#3305 = EDGE_LOOP('',(#3306,#3314,#3321,#3322));
#3306 = ORIENTED_EDGE('',*,*,#3307,.T.);
#3307 = EDGE_CURVE('',#1159,#3308,#3310,.T.);
#3308 = VERTEX_POINT('',#3309);
#3309 = CARTESIAN_POINT('',(-5.491786254878,0.15,-7.556221418388));
#3310 = LINE('',#3311,#3312);
#3311 = CARTESIAN_POINT('',(-5.491786254878,9.,-7.556221418388));
#3312 = VECTOR('',#3313,1.);
#3313 = DIRECTION('',(-4.853481507928E-16,-1.,1.665334536942E-16));
#3314 = ORIENTED_EDGE('',*,*,#3315,.F.);
#3315 = EDGE_CURVE('',#3286,#3308,#3316,.T.);
#3316 = CIRCLE('',#3317,0.4145);
#3317 = AXIS2_PLACEMENT_3D('',#3318,#3319,#3320);
#3318 = CARTESIAN_POINT('',(-5.899989068501,0.15,-7.484244248745));
#3319 = DIRECTION('',(-4.853481507928E-16,-1.,1.665334536942E-16));
#3320 = DIRECTION('',(1.,-4.853481507928E-16,-1.22464679915E-16));
#3321 = ORIENTED_EDGE('',*,*,#3293,.T.);
#3322 = ORIENTED_EDGE('',*,*,#1158,.F.);
#3323 = CYLINDRICAL_SURFACE('',#3324,0.4145);
#3324 = AXIS2_PLACEMENT_3D('',#3325,#3326,#3327);
#3325 = CARTESIAN_POINT('',(-5.899989068501,9.,-7.484244248745));
#3326 = DIRECTION('',(4.853481507928E-16,1.,-1.665334536942E-16));
#3327 = DIRECTION('',(1.,-4.853481507928E-16,-1.22464679915E-16));
#3328 = ADVANCED_FACE('',(#3329),#3347,.F.);
#3329 = FACE_BOUND('',#3330,.T.);
#3330 = EDGE_LOOP('',(#3331,#3332,#3333,#3341));
#3331 = ORIENTED_EDGE('',*,*,#1208,.T.);
#3332 = ORIENTED_EDGE('',*,*,#3307,.T.);
#3333 = ORIENTED_EDGE('',*,*,#3334,.T.);
#3334 = EDGE_CURVE('',#3308,#3335,#3337,.T.);
#3335 = VERTEX_POINT('',#3336);
#3336 = CARTESIAN_POINT('',(-5.415381056704,0.15,-7.122906007062));
#3337 = LINE('',#3338,#3339);
#3338 = CARTESIAN_POINT('',(-5.573966475933,0.15,-8.022288611992));
#3339 = VECTOR('',#3340,1.);
#3340 = DIRECTION('',(0.173648177667,7.972361441474E-17,0.984807753012)
  );
#3341 = ORIENTED_EDGE('',*,*,#3342,.F.);
#3342 = EDGE_CURVE('',#1194,#3335,#3343,.T.);
#3343 = LINE('',#3344,#3345);
#3344 = CARTESIAN_POINT('',(-5.415381056704,9.,-7.122906007062));
#3345 = VECTOR('',#3346,1.);
#3346 = DIRECTION('',(-4.853481507928E-16,-1.,1.665334536942E-16));
#3347 = PLANE('',#3348);
#3348 = AXIS2_PLACEMENT_3D('',#3349,#3350,#3351);
#3349 = CARTESIAN_POINT('',(-5.491786254878,9.,-7.556221418388));
#3350 = DIRECTION('',(0.984807753012,-5.068928525655E-16,-0.173648177667
    ));
#3351 = DIRECTION('',(0.173648177667,7.972361441474E-17,0.984807753012)
  );
#3352 = ADVANCED_FACE('',(#3353),#3372,.T.);
#3353 = FACE_BOUND('',#3354,.T.);
#3354 = EDGE_LOOP('',(#3355,#3356,#3357,#3366));
#3355 = ORIENTED_EDGE('',*,*,#1223,.T.);
#3356 = ORIENTED_EDGE('',*,*,#3342,.T.);
#3357 = ORIENTED_EDGE('',*,*,#3358,.T.);
#3358 = EDGE_CURVE('',#3335,#3359,#3361,.T.);
#3359 = VERTEX_POINT('',#3360);
#3360 = CARTESIAN_POINT('',(-5.208571428572,0.15,-6.949372124372));
#3361 = CIRCLE('',#3362,0.21);
#3362 = AXIS2_PLACEMENT_3D('',#3363,#3364,#3365);
#3363 = CARTESIAN_POINT('',(-5.208571428572,0.15,-7.159372124372));
#3364 = DIRECTION('',(4.853481507928E-16,1.,-1.665334536942E-16));
#3365 = DIRECTION('',(-1.,4.853481507928E-16,1.22464679915E-16));
#3366 = ORIENTED_EDGE('',*,*,#3367,.F.);
#3367 = EDGE_CURVE('',#1224,#3359,#3368,.T.);
#3368 = LINE('',#3369,#3370);
#3369 = CARTESIAN_POINT('',(-5.208571428572,9.,-6.949372124372));
#3370 = VECTOR('',#3371,1.);
#3371 = DIRECTION('',(-4.853481507928E-16,-1.,1.665334536942E-16));
#3372 = CYLINDRICAL_SURFACE('',#3373,0.21);
#3373 = AXIS2_PLACEMENT_3D('',#3374,#3375,#3376);
#3374 = CARTESIAN_POINT('',(-5.208571428572,9.,-7.159372124372));
#3375 = DIRECTION('',(4.853481507928E-16,1.,-1.665334536942E-16));
#3376 = DIRECTION('',(1.,-4.853481507928E-16,-1.22464679915E-16));
#3377 = ADVANCED_FACE('',(#3378),#3396,.F.);
#3378 = FACE_BOUND('',#3379,.T.);
#3379 = EDGE_LOOP('',(#3380,#3381,#3382,#3390));
#3380 = ORIENTED_EDGE('',*,*,#1272,.T.);
#3381 = ORIENTED_EDGE('',*,*,#3367,.T.);
#3382 = ORIENTED_EDGE('',*,*,#3383,.T.);
#3383 = EDGE_CURVE('',#3359,#3384,#3386,.T.);
#3384 = VERTEX_POINT('',#3385);
#3385 = CARTESIAN_POINT('',(-4.791571428572,0.15,-6.949372124372));
#3386 = LINE('',#3387,#3388);
#3387 = CARTESIAN_POINT('',(-7.104285714286,0.15,-6.949372124372));
#3388 = VECTOR('',#3389,1.);
#3389 = DIRECTION('',(1.,-4.853481507928E-16,-1.22464679915E-16));
#3390 = ORIENTED_EDGE('',*,*,#3391,.F.);
#3391 = EDGE_CURVE('',#1258,#3384,#3392,.T.);
#3392 = LINE('',#3393,#3394);
#3393 = CARTESIAN_POINT('',(-4.791571428572,9.,-6.949372124372));
#3394 = VECTOR('',#3395,1.);
#3395 = DIRECTION('',(-4.853481507928E-16,-1.,1.665334536942E-16));
#3396 = PLANE('',#3397);
#3397 = AXIS2_PLACEMENT_3D('',#3398,#3399,#3400);
#3398 = CARTESIAN_POINT('',(-5.208571428572,9.,-6.949372124372));
#3399 = DIRECTION('',(-1.22464679915E-16,-1.665334536942E-16,-1.));
#3400 = DIRECTION('',(1.,-4.853481507928E-16,-1.22464679915E-16));
#3401 = ADVANCED_FACE('',(#3402),#3421,.T.);
#3402 = FACE_BOUND('',#3403,.T.);
#3403 = EDGE_LOOP('',(#3404,#3405,#3406,#3415));
#3404 = ORIENTED_EDGE('',*,*,#1287,.T.);
#3405 = ORIENTED_EDGE('',*,*,#3391,.T.);
#3406 = ORIENTED_EDGE('',*,*,#3407,.T.);
#3407 = EDGE_CURVE('',#3384,#3408,#3410,.T.);
#3408 = VERTEX_POINT('',#3409);
#3409 = CARTESIAN_POINT('',(-4.584761800439,0.15,-7.122906007062));
#3410 = CIRCLE('',#3411,0.21);
#3411 = AXIS2_PLACEMENT_3D('',#3412,#3413,#3414);
#3412 = CARTESIAN_POINT('',(-4.791571428572,0.15,-7.159372124372));
#3413 = DIRECTION('',(4.853481507928E-16,1.,-1.665334536942E-16));
#3414 = DIRECTION('',(1.,-4.853481507928E-16,-1.22464679915E-16));
#3415 = ORIENTED_EDGE('',*,*,#3416,.F.);
#3416 = EDGE_CURVE('',#1288,#3408,#3417,.T.);
#3417 = LINE('',#3418,#3419);
#3418 = CARTESIAN_POINT('',(-4.584761800439,9.,-7.122906007062));
#3419 = VECTOR('',#3420,1.);
#3420 = DIRECTION('',(-4.853481507928E-16,-1.,1.665334536942E-16));
#3421 = CYLINDRICAL_SURFACE('',#3422,0.21);
#3422 = AXIS2_PLACEMENT_3D('',#3423,#3424,#3425);
#3423 = CARTESIAN_POINT('',(-4.791571428572,9.,-7.159372124372));
#3424 = DIRECTION('',(4.853481507928E-16,1.,-1.665334536942E-16));
#3425 = DIRECTION('',(1.,-4.853481507928E-16,-1.22464679915E-16));
#3426 = ADVANCED_FACE('',(#3427),#3445,.F.);
#3427 = FACE_BOUND('',#3428,.T.);
#3428 = EDGE_LOOP('',(#3429,#3430,#3431,#3439));
#3429 = ORIENTED_EDGE('',*,*,#1336,.T.);
#3430 = ORIENTED_EDGE('',*,*,#3416,.T.);
#3431 = ORIENTED_EDGE('',*,*,#3432,.T.);
#3432 = EDGE_CURVE('',#3408,#3433,#3435,.T.);
#3433 = VERTEX_POINT('',#3434);
#3434 = CARTESIAN_POINT('',(-4.508356602266,0.15,-7.556221418388));
#3435 = LINE('',#3436,#3437);
#3436 = CARTESIAN_POINT('',(-4.58499158489,0.15,-7.121602834683));
#3437 = VECTOR('',#3438,1.);
#3438 = DIRECTION('',(0.173648177667,-2.482832582531E-16,-0.984807753012
    ));
#3439 = ORIENTED_EDGE('',*,*,#3440,.F.);
#3440 = EDGE_CURVE('',#1322,#3433,#3441,.T.);
#3441 = LINE('',#3442,#3443);
#3442 = CARTESIAN_POINT('',(-4.508356602266,9.,-7.556221418388));
#3443 = VECTOR('',#3444,1.);
#3444 = DIRECTION('',(-4.853481507928E-16,-1.,1.665334536942E-16));
#3445 = PLANE('',#3446);
#3446 = AXIS2_PLACEMENT_3D('',#3447,#3448,#3449);
#3447 = CARTESIAN_POINT('',(-4.584761800439,9.,-7.122906007062));
#3448 = DIRECTION('',(-0.984807753012,4.490563910563E-16,-0.173648177667
    ));
#3449 = DIRECTION('',(0.173648177667,-2.482832582531E-16,-0.984807753012
    ));
#3450 = ADVANCED_FACE('',(#3451),#3470,.F.);
#3451 = FACE_BOUND('',#3452,.F.);
#3452 = EDGE_LOOP('',(#3453,#3461,#3468,#3469));
#3453 = ORIENTED_EDGE('',*,*,#3454,.F.);
#3454 = EDGE_CURVE('',#3455,#1351,#3457,.T.);
#3455 = VERTEX_POINT('',#3456);
#3456 = CARTESIAN_POINT('',(-4.100153788642,0.15,-7.898744248745));
#3457 = LINE('',#3458,#3459);
#3458 = CARTESIAN_POINT('',(-4.100153788642,9.,-7.898744248745));
#3459 = VECTOR('',#3460,1.);
#3460 = DIRECTION('',(4.853481507928E-16,1.,-1.665334536942E-16));
#3461 = ORIENTED_EDGE('',*,*,#3462,.F.);
#3462 = EDGE_CURVE('',#3433,#3455,#3463,.T.);
#3463 = CIRCLE('',#3464,0.4145);
#3464 = AXIS2_PLACEMENT_3D('',#3465,#3466,#3467);
#3465 = CARTESIAN_POINT('',(-4.100153788642,0.15,-7.484244248745));
#3466 = DIRECTION('',(-4.853481507928E-16,-1.,1.665334536942E-16));
#3467 = DIRECTION('',(-1.,4.853481507928E-16,1.22464679915E-16));
#3468 = ORIENTED_EDGE('',*,*,#3440,.F.);
#3469 = ORIENTED_EDGE('',*,*,#1350,.F.);
#3470 = CYLINDRICAL_SURFACE('',#3471,0.4145);
#3471 = AXIS2_PLACEMENT_3D('',#3472,#3473,#3474);
#3472 = CARTESIAN_POINT('',(-4.100153788642,9.,-7.484244248745));
#3473 = DIRECTION('',(4.853481507928E-16,1.,-1.665334536942E-16));
#3474 = DIRECTION('',(1.,-4.853481507928E-16,-1.22464679915E-16));
#3475 = ADVANCED_FACE('',(#3476),#3494,.F.);
#3476 = FACE_BOUND('',#3477,.T.);
#3477 = EDGE_LOOP('',(#3478,#3479,#3480,#3488));
#3478 = ORIENTED_EDGE('',*,*,#1384,.T.);
#3479 = ORIENTED_EDGE('',*,*,#3454,.F.);
#3480 = ORIENTED_EDGE('',*,*,#3481,.T.);
#3481 = EDGE_CURVE('',#3455,#3482,#3484,.T.);
#3482 = VERTEX_POINT('',#3483);
#3483 = CARTESIAN_POINT('',(-3.900131925644,0.15,-7.898744248745));
#3484 = LINE('',#3485,#3486);
#3485 = CARTESIAN_POINT('',(-9.,0.15,-7.898744248745));
#3486 = VECTOR('',#3487,1.);
#3487 = DIRECTION('',(1.,-4.853481507928E-16,-1.22464679915E-16));
#3488 = ORIENTED_EDGE('',*,*,#3489,.T.);
#3489 = EDGE_CURVE('',#3482,#1385,#3490,.T.);
#3490 = LINE('',#3491,#3492);
#3491 = CARTESIAN_POINT('',(-3.900131925644,9.,-7.898744248745));
#3492 = VECTOR('',#3493,1.);
#3493 = DIRECTION('',(4.853481507928E-16,1.,-1.665334536942E-16));
#3494 = PLANE('',#3495);
#3495 = AXIS2_PLACEMENT_3D('',#3496,#3497,#3498);
#3496 = CARTESIAN_POINT('',(-9.,9.,-7.898744248745));
#3497 = DIRECTION('',(-1.22464679915E-16,-1.665334536942E-16,-1.));
#3498 = DIRECTION('',(-4.853481507928E-16,-1.,1.665334536942E-16));
#3499 = ADVANCED_FACE('',(#3500),#3519,.F.);
#3500 = FACE_BOUND('',#3501,.F.);
#3501 = EDGE_LOOP('',(#3502,#3510,#3517,#3518));
#3502 = ORIENTED_EDGE('',*,*,#3503,.T.);
#3503 = EDGE_CURVE('',#1415,#3504,#3506,.T.);
#3504 = VERTEX_POINT('',#3505);
#3505 = CARTESIAN_POINT('',(-3.49192911202,0.15,-7.556221418388));
#3506 = LINE('',#3507,#3508);
#3507 = CARTESIAN_POINT('',(-3.49192911202,9.,-7.556221418388));
#3508 = VECTOR('',#3509,1.);
#3509 = DIRECTION('',(-4.853481507928E-16,-1.,1.665334536942E-16));
#3510 = ORIENTED_EDGE('',*,*,#3511,.F.);
#3511 = EDGE_CURVE('',#3482,#3504,#3512,.T.);
#3512 = CIRCLE('',#3513,0.4145);
#3513 = AXIS2_PLACEMENT_3D('',#3514,#3515,#3516);
#3514 = CARTESIAN_POINT('',(-3.900131925644,0.15,-7.484244248745));
#3515 = DIRECTION('',(-4.853481507928E-16,-1.,1.665334536942E-16));
#3516 = DIRECTION('',(1.,-4.853481507928E-16,-1.22464679915E-16));
#3517 = ORIENTED_EDGE('',*,*,#3489,.T.);
#3518 = ORIENTED_EDGE('',*,*,#1414,.F.);
#3519 = CYLINDRICAL_SURFACE('',#3520,0.4145);
#3520 = AXIS2_PLACEMENT_3D('',#3521,#3522,#3523);
#3521 = CARTESIAN_POINT('',(-3.900131925644,9.,-7.484244248745));
#3522 = DIRECTION('',(4.853481507928E-16,1.,-1.665334536942E-16));
#3523 = DIRECTION('',(1.,-4.853481507928E-16,-1.22464679915E-16));
#3524 = ADVANCED_FACE('',(#3525),#3543,.F.);
#3525 = FACE_BOUND('',#3526,.T.);
#3526 = EDGE_LOOP('',(#3527,#3528,#3529,#3537));
#3527 = ORIENTED_EDGE('',*,*,#1464,.T.);
#3528 = ORIENTED_EDGE('',*,*,#3503,.T.);
#3529 = ORIENTED_EDGE('',*,*,#3530,.T.);
#3530 = EDGE_CURVE('',#3504,#3531,#3533,.T.);
#3531 = VERTEX_POINT('',#3532);
#3532 = CARTESIAN_POINT('',(-3.415523913847,0.15,-7.122906007062));
#3533 = LINE('',#3534,#3535);
#3534 = CARTESIAN_POINT('',(-3.604260868848,0.15,-8.19328646865));
#3535 = VECTOR('',#3536,1.);
#3536 = DIRECTION('',(0.173648177667,7.972361441474E-17,0.984807753012)
  );
#3537 = ORIENTED_EDGE('',*,*,#3538,.F.);
#3538 = EDGE_CURVE('',#1450,#3531,#3539,.T.);
#3539 = LINE('',#3540,#3541);
#3540 = CARTESIAN_POINT('',(-3.415523913847,9.,-7.122906007062));
#3541 = VECTOR('',#3542,1.);
#3542 = DIRECTION('',(-4.853481507928E-16,-1.,1.665334536942E-16));
#3543 = PLANE('',#3544);
#3544 = AXIS2_PLACEMENT_3D('',#3545,#3546,#3547);
#3545 = CARTESIAN_POINT('',(-3.49192911202,9.,-7.556221418388));
#3546 = DIRECTION('',(0.984807753012,-5.068928525655E-16,-0.173648177667
    ));
#3547 = DIRECTION('',(0.173648177667,7.972361441474E-17,0.984807753012)
  );
#3548 = ADVANCED_FACE('',(#3549),#3568,.T.);
#3549 = FACE_BOUND('',#3550,.T.);
#3550 = EDGE_LOOP('',(#3551,#3552,#3553,#3562));
#3551 = ORIENTED_EDGE('',*,*,#1479,.T.);
#3552 = ORIENTED_EDGE('',*,*,#3538,.T.);
#3553 = ORIENTED_EDGE('',*,*,#3554,.T.);
#3554 = EDGE_CURVE('',#3531,#3555,#3557,.T.);
#3555 = VERTEX_POINT('',#3556);
#3556 = CARTESIAN_POINT('',(-3.208714285714,0.15,-6.949372124372));
#3557 = CIRCLE('',#3558,0.21);
#3558 = AXIS2_PLACEMENT_3D('',#3559,#3560,#3561);
#3559 = CARTESIAN_POINT('',(-3.208714285714,0.15,-7.159372124372));
#3560 = DIRECTION('',(4.853481507928E-16,1.,-1.665334536942E-16));
#3561 = DIRECTION('',(-1.,4.853481507928E-16,1.22464679915E-16));
#3562 = ORIENTED_EDGE('',*,*,#3563,.F.);
#3563 = EDGE_CURVE('',#1480,#3555,#3564,.T.);
#3564 = LINE('',#3565,#3566);
#3565 = CARTESIAN_POINT('',(-3.208714285714,9.,-6.949372124372));
#3566 = VECTOR('',#3567,1.);
#3567 = DIRECTION('',(-4.853481507928E-16,-1.,1.665334536942E-16));
#3568 = CYLINDRICAL_SURFACE('',#3569,0.21);
#3569 = AXIS2_PLACEMENT_3D('',#3570,#3571,#3572);
#3570 = CARTESIAN_POINT('',(-3.208714285714,9.,-7.159372124372));
#3571 = DIRECTION('',(4.853481507928E-16,1.,-1.665334536942E-16));
#3572 = DIRECTION('',(1.,-4.853481507928E-16,-1.22464679915E-16));
#3573 = ADVANCED_FACE('',(#3574),#3592,.F.);
#3574 = FACE_BOUND('',#3575,.T.);
#3575 = EDGE_LOOP('',(#3576,#3577,#3578,#3586));
#3576 = ORIENTED_EDGE('',*,*,#1528,.T.);
#3577 = ORIENTED_EDGE('',*,*,#3563,.T.);
#3578 = ORIENTED_EDGE('',*,*,#3579,.T.);
#3579 = EDGE_CURVE('',#3555,#3580,#3582,.T.);
#3580 = VERTEX_POINT('',#3581);
#3581 = CARTESIAN_POINT('',(-2.791714285714,0.15,-6.949372124372));
#3582 = LINE('',#3583,#3584);
#3583 = CARTESIAN_POINT('',(-6.104357142857,0.15,-6.949372124372));
#3584 = VECTOR('',#3585,1.);
#3585 = DIRECTION('',(1.,-4.853481507928E-16,-1.22464679915E-16));
#3586 = ORIENTED_EDGE('',*,*,#3587,.F.);
#3587 = EDGE_CURVE('',#1514,#3580,#3588,.T.);
#3588 = LINE('',#3589,#3590);
#3589 = CARTESIAN_POINT('',(-2.791714285714,9.,-6.949372124372));
#3590 = VECTOR('',#3591,1.);
#3591 = DIRECTION('',(-4.853481507928E-16,-1.,1.665334536942E-16));
#3592 = PLANE('',#3593);
#3593 = AXIS2_PLACEMENT_3D('',#3594,#3595,#3596);
#3594 = CARTESIAN_POINT('',(-3.208714285714,9.,-6.949372124372));
#3595 = DIRECTION('',(-1.22464679915E-16,-1.665334536942E-16,-1.));
#3596 = DIRECTION('',(1.,-4.853481507928E-16,-1.22464679915E-16));
#3597 = ADVANCED_FACE('',(#3598),#3617,.T.);
#3598 = FACE_BOUND('',#3599,.T.);
#3599 = EDGE_LOOP('',(#3600,#3601,#3602,#3611));
#3600 = ORIENTED_EDGE('',*,*,#1543,.T.);
#3601 = ORIENTED_EDGE('',*,*,#3587,.T.);
#3602 = ORIENTED_EDGE('',*,*,#3603,.T.);
#3603 = EDGE_CURVE('',#3580,#3604,#3606,.T.);
#3604 = VERTEX_POINT('',#3605);
#3605 = CARTESIAN_POINT('',(-2.584904657582,0.15,-7.122906007062));
#3606 = CIRCLE('',#3607,0.21);
#3607 = AXIS2_PLACEMENT_3D('',#3608,#3609,#3610);
#3608 = CARTESIAN_POINT('',(-2.791714285714,0.15,-7.159372124372));
#3609 = DIRECTION('',(4.853481507928E-16,1.,-1.665334536942E-16));
#3610 = DIRECTION('',(1.,-4.853481507928E-16,-1.22464679915E-16));
#3611 = ORIENTED_EDGE('',*,*,#3612,.F.);
#3612 = EDGE_CURVE('',#1544,#3604,#3613,.T.);
#3613 = LINE('',#3614,#3615);
#3614 = CARTESIAN_POINT('',(-2.584904657582,9.,-7.122906007062));
#3615 = VECTOR('',#3616,1.);
#3616 = DIRECTION('',(-4.853481507928E-16,-1.,1.665334536942E-16));
#3617 = CYLINDRICAL_SURFACE('',#3618,0.21);
#3618 = AXIS2_PLACEMENT_3D('',#3619,#3620,#3621);
#3619 = CARTESIAN_POINT('',(-2.791714285714,9.,-7.159372124372));
#3620 = DIRECTION('',(4.853481507928E-16,1.,-1.665334536942E-16));
#3621 = DIRECTION('',(1.,-4.853481507928E-16,-1.22464679915E-16));
#3622 = ADVANCED_FACE('',(#3623),#3641,.F.);
#3623 = FACE_BOUND('',#3624,.T.);
#3624 = EDGE_LOOP('',(#3625,#3626,#3627,#3635));
#3625 = ORIENTED_EDGE('',*,*,#1592,.T.);
#3626 = ORIENTED_EDGE('',*,*,#3612,.T.);
#3627 = ORIENTED_EDGE('',*,*,#3628,.T.);
#3628 = EDGE_CURVE('',#3604,#3629,#3631,.T.);
#3629 = VERTEX_POINT('',#3630);
#3630 = CARTESIAN_POINT('',(-2.508499459408,0.15,-7.556221418388));
#3631 = LINE('',#3632,#3633);
#3632 = CARTESIAN_POINT('',(-2.615285977805,0.15,-6.950604978026));
#3633 = VECTOR('',#3634,1.);
#3634 = DIRECTION('',(0.173648177667,-2.482832582531E-16,-0.984807753012
    ));
#3635 = ORIENTED_EDGE('',*,*,#3636,.F.);
#3636 = EDGE_CURVE('',#1578,#3629,#3637,.T.);
#3637 = LINE('',#3638,#3639);
#3638 = CARTESIAN_POINT('',(-2.508499459408,9.,-7.556221418388));
#3639 = VECTOR('',#3640,1.);
#3640 = DIRECTION('',(-4.853481507928E-16,-1.,1.665334536942E-16));
#3641 = PLANE('',#3642);
#3642 = AXIS2_PLACEMENT_3D('',#3643,#3644,#3645);
#3643 = CARTESIAN_POINT('',(-2.584904657582,9.,-7.122906007062));
#3644 = DIRECTION('',(-0.984807753012,4.490563910563E-16,-0.173648177667
    ));
#3645 = DIRECTION('',(0.173648177667,-2.482832582531E-16,-0.984807753012
    ));
#3646 = ADVANCED_FACE('',(#3647),#3666,.F.);
#3647 = FACE_BOUND('',#3648,.F.);
#3648 = EDGE_LOOP('',(#3649,#3657,#3664,#3665));
#3649 = ORIENTED_EDGE('',*,*,#3650,.F.);
#3650 = EDGE_CURVE('',#3651,#1607,#3653,.T.);
#3651 = VERTEX_POINT('',#3652);
#3652 = CARTESIAN_POINT('',(-2.100296645785,0.15,-7.898744248745));
#3653 = LINE('',#3654,#3655);
#3654 = CARTESIAN_POINT('',(-2.100296645785,9.,-7.898744248745));
#3655 = VECTOR('',#3656,1.);
#3656 = DIRECTION('',(4.853481507928E-16,1.,-1.665334536942E-16));
#3657 = ORIENTED_EDGE('',*,*,#3658,.F.);
#3658 = EDGE_CURVE('',#3629,#3651,#3659,.T.);
#3659 = CIRCLE('',#3660,0.4145);
#3660 = AXIS2_PLACEMENT_3D('',#3661,#3662,#3663);
#3661 = CARTESIAN_POINT('',(-2.100296645785,0.15,-7.484244248745));
#3662 = DIRECTION('',(-4.853481507928E-16,-1.,1.665334536942E-16));
#3663 = DIRECTION('',(-1.,4.853481507928E-16,1.22464679915E-16));
#3664 = ORIENTED_EDGE('',*,*,#3636,.F.);
#3665 = ORIENTED_EDGE('',*,*,#1606,.F.);
#3666 = CYLINDRICAL_SURFACE('',#3667,0.4145);
#3667 = AXIS2_PLACEMENT_3D('',#3668,#3669,#3670);
#3668 = CARTESIAN_POINT('',(-2.100296645785,9.,-7.484244248745));
#3669 = DIRECTION('',(4.853481507928E-16,1.,-1.665334536942E-16));
#3670 = DIRECTION('',(1.,-4.853481507928E-16,-1.22464679915E-16));
#3671 = ADVANCED_FACE('',(#3672),#3690,.F.);
#3672 = FACE_BOUND('',#3673,.T.);
#3673 = EDGE_LOOP('',(#3674,#3675,#3676,#3684));
#3674 = ORIENTED_EDGE('',*,*,#1640,.T.);
#3675 = ORIENTED_EDGE('',*,*,#3650,.F.);
#3676 = ORIENTED_EDGE('',*,*,#3677,.T.);
#3677 = EDGE_CURVE('',#3651,#3678,#3680,.T.);
#3678 = VERTEX_POINT('',#3679);
#3679 = CARTESIAN_POINT('',(-1.900274782787,0.15,-7.898744248745));
#3680 = LINE('',#3681,#3682);
#3681 = CARTESIAN_POINT('',(-9.,0.15,-7.898744248745));
#3682 = VECTOR('',#3683,1.);
#3683 = DIRECTION('',(1.,-4.853481507928E-16,-1.22464679915E-16));
#3684 = ORIENTED_EDGE('',*,*,#3685,.T.);
#3685 = EDGE_CURVE('',#3678,#1641,#3686,.T.);
#3686 = LINE('',#3687,#3688);
#3687 = CARTESIAN_POINT('',(-1.900274782787,9.,-7.898744248745));
#3688 = VECTOR('',#3689,1.);
#3689 = DIRECTION('',(4.853481507928E-16,1.,-1.665334536942E-16));
#3690 = PLANE('',#3691);
#3691 = AXIS2_PLACEMENT_3D('',#3692,#3693,#3694);
#3692 = CARTESIAN_POINT('',(-9.,9.,-7.898744248745));
#3693 = DIRECTION('',(-1.22464679915E-16,-1.665334536942E-16,-1.));
#3694 = DIRECTION('',(-4.853481507928E-16,-1.,1.665334536942E-16));
#3695 = ADVANCED_FACE('',(#3696),#3715,.F.);
#3696 = FACE_BOUND('',#3697,.F.);
#3697 = EDGE_LOOP('',(#3698,#3706,#3713,#3714));
#3698 = ORIENTED_EDGE('',*,*,#3699,.T.);
#3699 = EDGE_CURVE('',#1671,#3700,#3702,.T.);
#3700 = VERTEX_POINT('',#3701);
#3701 = CARTESIAN_POINT('',(-1.492071969163,0.15,-7.556221418388));
#3702 = LINE('',#3703,#3704);
#3703 = CARTESIAN_POINT('',(-1.492071969163,9.,-7.556221418388));
#3704 = VECTOR('',#3705,1.);
#3705 = DIRECTION('',(-4.853481507928E-16,-1.,1.665334536942E-16));
#3706 = ORIENTED_EDGE('',*,*,#3707,.F.);
#3707 = EDGE_CURVE('',#3678,#3700,#3708,.T.);
#3708 = CIRCLE('',#3709,0.4145);
#3709 = AXIS2_PLACEMENT_3D('',#3710,#3711,#3712);
#3710 = CARTESIAN_POINT('',(-1.900274782787,0.15,-7.484244248745));
#3711 = DIRECTION('',(-4.853481507928E-16,-1.,1.665334536942E-16));
#3712 = DIRECTION('',(1.,-4.853481507928E-16,-1.22464679915E-16));
#3713 = ORIENTED_EDGE('',*,*,#3685,.T.);
#3714 = ORIENTED_EDGE('',*,*,#1670,.F.);
#3715 = CYLINDRICAL_SURFACE('',#3716,0.4145);
#3716 = AXIS2_PLACEMENT_3D('',#3717,#3718,#3719);
#3717 = CARTESIAN_POINT('',(-1.900274782787,9.,-7.484244248745));
#3718 = DIRECTION('',(4.853481507928E-16,1.,-1.665334536942E-16));
#3719 = DIRECTION('',(1.,-4.853481507928E-16,-1.22464679915E-16));
#3720 = ADVANCED_FACE('',(#3721),#3739,.F.);
#3721 = FACE_BOUND('',#3722,.T.);
#3722 = EDGE_LOOP('',(#3723,#3724,#3725,#3733));
#3723 = ORIENTED_EDGE('',*,*,#1720,.T.);
#3724 = ORIENTED_EDGE('',*,*,#3699,.T.);
#3725 = ORIENTED_EDGE('',*,*,#3726,.T.);
#3726 = EDGE_CURVE('',#3700,#3727,#3729,.T.);
#3727 = VERTEX_POINT('',#3728);
#3728 = CARTESIAN_POINT('',(-1.41566677099,0.15,-7.122906007062));
#3729 = LINE('',#3730,#3731);
#3730 = CARTESIAN_POINT('',(-1.634555261763,0.15,-8.364284325308));
#3731 = VECTOR('',#3732,1.);
#3732 = DIRECTION('',(0.173648177667,7.972361441474E-17,0.984807753012)
  );
#3733 = ORIENTED_EDGE('',*,*,#3734,.F.);
#3734 = EDGE_CURVE('',#1706,#3727,#3735,.T.);
#3735 = LINE('',#3736,#3737);
#3736 = CARTESIAN_POINT('',(-1.41566677099,9.,-7.122906007062));
#3737 = VECTOR('',#3738,1.);
#3738 = DIRECTION('',(-4.853481507928E-16,-1.,1.665334536942E-16));
#3739 = PLANE('',#3740);
#3740 = AXIS2_PLACEMENT_3D('',#3741,#3742,#3743);
#3741 = CARTESIAN_POINT('',(-1.492071969163,9.,-7.556221418388));
#3742 = DIRECTION('',(0.984807753012,-5.068928525655E-16,-0.173648177667
    ));
#3743 = DIRECTION('',(0.173648177667,7.972361441474E-17,0.984807753012)
  );
#3744 = ADVANCED_FACE('',(#3745),#3764,.T.);
#3745 = FACE_BOUND('',#3746,.T.);
#3746 = EDGE_LOOP('',(#3747,#3748,#3749,#3758));
#3747 = ORIENTED_EDGE('',*,*,#1735,.T.);
#3748 = ORIENTED_EDGE('',*,*,#3734,.T.);
#3749 = ORIENTED_EDGE('',*,*,#3750,.T.);
#3750 = EDGE_CURVE('',#3727,#3751,#3753,.T.);
#3751 = VERTEX_POINT('',#3752);
#3752 = CARTESIAN_POINT('',(-1.208857142857,0.15,-6.949372124372));
#3753 = CIRCLE('',#3754,0.21);
#3754 = AXIS2_PLACEMENT_3D('',#3755,#3756,#3757);
#3755 = CARTESIAN_POINT('',(-1.208857142857,0.15,-7.159372124372));
#3756 = DIRECTION('',(4.853481507928E-16,1.,-1.665334536942E-16));
#3757 = DIRECTION('',(-1.,4.853481507928E-16,1.22464679915E-16));
#3758 = ORIENTED_EDGE('',*,*,#3759,.F.);
#3759 = EDGE_CURVE('',#1736,#3751,#3760,.T.);
#3760 = LINE('',#3761,#3762);
#3761 = CARTESIAN_POINT('',(-1.208857142857,9.,-6.949372124372));
#3762 = VECTOR('',#3763,1.);
#3763 = DIRECTION('',(-4.853481507928E-16,-1.,1.665334536942E-16));
#3764 = CYLINDRICAL_SURFACE('',#3765,0.21);
#3765 = AXIS2_PLACEMENT_3D('',#3766,#3767,#3768);
#3766 = CARTESIAN_POINT('',(-1.208857142857,9.,-7.159372124372));
#3767 = DIRECTION('',(4.853481507928E-16,1.,-1.665334536942E-16));
#3768 = DIRECTION('',(1.,-4.853481507928E-16,-1.22464679915E-16));
#3769 = ADVANCED_FACE('',(#3770),#3788,.F.);
#3770 = FACE_BOUND('',#3771,.T.);
#3771 = EDGE_LOOP('',(#3772,#3773,#3774,#3782));
#3772 = ORIENTED_EDGE('',*,*,#1784,.T.);
#3773 = ORIENTED_EDGE('',*,*,#3759,.T.);
#3774 = ORIENTED_EDGE('',*,*,#3775,.T.);
#3775 = EDGE_CURVE('',#3751,#3776,#3778,.T.);
#3776 = VERTEX_POINT('',#3777);
#3777 = CARTESIAN_POINT('',(-0.791857142857,0.15,-6.949372124372));
#3778 = LINE('',#3779,#3780);
#3779 = CARTESIAN_POINT('',(-5.104428571429,0.15,-6.949372124372));
#3780 = VECTOR('',#3781,1.);
#3781 = DIRECTION('',(1.,-4.853481507928E-16,-1.22464679915E-16));
#3782 = ORIENTED_EDGE('',*,*,#3783,.F.);
#3783 = EDGE_CURVE('',#1770,#3776,#3784,.T.);
#3784 = LINE('',#3785,#3786);
#3785 = CARTESIAN_POINT('',(-0.791857142857,9.,-6.949372124372));
#3786 = VECTOR('',#3787,1.);
#3787 = DIRECTION('',(-4.853481507928E-16,-1.,1.665334536942E-16));
#3788 = PLANE('',#3789);
#3789 = AXIS2_PLACEMENT_3D('',#3790,#3791,#3792);
#3790 = CARTESIAN_POINT('',(-1.208857142857,9.,-6.949372124372));
#3791 = DIRECTION('',(-1.22464679915E-16,-1.665334536942E-16,-1.));
#3792 = DIRECTION('',(1.,-4.853481507928E-16,-1.22464679915E-16));
#3793 = ADVANCED_FACE('',(#3794),#3813,.T.);
#3794 = FACE_BOUND('',#3795,.T.);
#3795 = EDGE_LOOP('',(#3796,#3797,#3798,#3807));
#3796 = ORIENTED_EDGE('',*,*,#1799,.T.);
#3797 = ORIENTED_EDGE('',*,*,#3783,.T.);
#3798 = ORIENTED_EDGE('',*,*,#3799,.T.);
#3799 = EDGE_CURVE('',#3776,#3800,#3802,.T.);
#3800 = VERTEX_POINT('',#3801);
#3801 = CARTESIAN_POINT('',(-0.585047514725,0.15,-7.122906007062));
#3802 = CIRCLE('',#3803,0.21);
#3803 = AXIS2_PLACEMENT_3D('',#3804,#3805,#3806);
#3804 = CARTESIAN_POINT('',(-0.791857142857,0.15,-7.159372124372));
#3805 = DIRECTION('',(4.853481507928E-16,1.,-1.665334536942E-16));
#3806 = DIRECTION('',(1.,-4.853481507928E-16,-1.22464679915E-16));
#3807 = ORIENTED_EDGE('',*,*,#3808,.F.);
#3808 = EDGE_CURVE('',#1800,#3800,#3809,.T.);
#3809 = LINE('',#3810,#3811);
#3810 = CARTESIAN_POINT('',(-0.585047514725,9.,-7.122906007062));
#3811 = VECTOR('',#3812,1.);
#3812 = DIRECTION('',(-4.853481507928E-16,-1.,1.665334536942E-16));
#3813 = CYLINDRICAL_SURFACE('',#3814,0.21);
#3814 = AXIS2_PLACEMENT_3D('',#3815,#3816,#3817);
#3815 = CARTESIAN_POINT('',(-0.791857142857,9.,-7.159372124372));
#3816 = DIRECTION('',(4.853481507928E-16,1.,-1.665334536942E-16));
#3817 = DIRECTION('',(1.,-4.853481507928E-16,-1.22464679915E-16));
#3818 = ADVANCED_FACE('',(#3819),#3837,.F.);
#3819 = FACE_BOUND('',#3820,.T.);
#3820 = EDGE_LOOP('',(#3821,#3822,#3823,#3831));
#3821 = ORIENTED_EDGE('',*,*,#1848,.T.);
#3822 = ORIENTED_EDGE('',*,*,#3808,.T.);
#3823 = ORIENTED_EDGE('',*,*,#3824,.T.);
#3824 = EDGE_CURVE('',#3800,#3825,#3827,.T.);
#3825 = VERTEX_POINT('',#3826);
#3826 = CARTESIAN_POINT('',(-0.508642316551,0.15,-7.556221418388));
#3827 = LINE('',#3828,#3829);
#3828 = CARTESIAN_POINT('',(-0.64558037072,0.15,-6.779607121368));
#3829 = VECTOR('',#3830,1.);
#3830 = DIRECTION('',(0.173648177667,-2.482832582531E-16,-0.984807753012
    ));
#3831 = ORIENTED_EDGE('',*,*,#3832,.F.);
#3832 = EDGE_CURVE('',#1834,#3825,#3833,.T.);
#3833 = LINE('',#3834,#3835);
#3834 = CARTESIAN_POINT('',(-0.508642316551,9.,-7.556221418388));
#3835 = VECTOR('',#3836,1.);
#3836 = DIRECTION('',(-4.853481507928E-16,-1.,1.665334536942E-16));
#3837 = PLANE('',#3838);
#3838 = AXIS2_PLACEMENT_3D('',#3839,#3840,#3841);
#3839 = CARTESIAN_POINT('',(-0.585047514725,9.,-7.122906007062));
#3840 = DIRECTION('',(-0.984807753012,4.490563910563E-16,-0.173648177667
    ));
#3841 = DIRECTION('',(0.173648177667,-2.482832582531E-16,-0.984807753012
    ));
#3842 = ADVANCED_FACE('',(#3843),#3862,.F.);
#3843 = FACE_BOUND('',#3844,.F.);
#3844 = EDGE_LOOP('',(#3845,#3853,#3860,#3861));
#3845 = ORIENTED_EDGE('',*,*,#3846,.F.);
#3846 = EDGE_CURVE('',#3847,#1863,#3849,.T.);
#3847 = VERTEX_POINT('',#3848);
#3848 = CARTESIAN_POINT('',(-0.100439502928,0.15,-7.898744248745));
#3849 = LINE('',#3850,#3851);
#3850 = CARTESIAN_POINT('',(-0.100439502928,9.,-7.898744248745));
#3851 = VECTOR('',#3852,1.);
#3852 = DIRECTION('',(4.853481507928E-16,1.,-1.665334536942E-16));
#3853 = ORIENTED_EDGE('',*,*,#3854,.F.);
#3854 = EDGE_CURVE('',#3825,#3847,#3855,.T.);
#3855 = CIRCLE('',#3856,0.4145);
#3856 = AXIS2_PLACEMENT_3D('',#3857,#3858,#3859);
#3857 = CARTESIAN_POINT('',(-0.100439502928,0.15,-7.484244248745));
#3858 = DIRECTION('',(-4.853481507928E-16,-1.,1.665334536942E-16));
#3859 = DIRECTION('',(-1.,4.853481507928E-16,1.22464679915E-16));
#3860 = ORIENTED_EDGE('',*,*,#3832,.F.);
#3861 = ORIENTED_EDGE('',*,*,#1862,.F.);
#3862 = CYLINDRICAL_SURFACE('',#3863,0.4145);
#3863 = AXIS2_PLACEMENT_3D('',#3864,#3865,#3866);
#3864 = CARTESIAN_POINT('',(-0.100439502928,9.,-7.484244248745));
#3865 = DIRECTION('',(4.853481507928E-16,1.,-1.665334536942E-16));
#3866 = DIRECTION('',(1.,-4.853481507928E-16,-1.22464679915E-16));
#3867 = ADVANCED_FACE('',(#3868),#3886,.F.);
#3868 = FACE_BOUND('',#3869,.T.);
#3869 = EDGE_LOOP('',(#3870,#3871,#3872,#3880));
#3870 = ORIENTED_EDGE('',*,*,#1896,.T.);
#3871 = ORIENTED_EDGE('',*,*,#3846,.F.);
#3872 = ORIENTED_EDGE('',*,*,#3873,.T.);
#3873 = EDGE_CURVE('',#3847,#3874,#3876,.T.);
#3874 = VERTEX_POINT('',#3875);
#3875 = CARTESIAN_POINT('',(9.95823600703E-02,0.15,-7.898744248745));
#3876 = LINE('',#3877,#3878);
#3877 = CARTESIAN_POINT('',(-9.,0.15,-7.898744248745));
#3878 = VECTOR('',#3879,1.);
#3879 = DIRECTION('',(1.,-4.853481507928E-16,-1.22464679915E-16));
#3880 = ORIENTED_EDGE('',*,*,#3881,.T.);
#3881 = EDGE_CURVE('',#3874,#1897,#3882,.T.);
#3882 = LINE('',#3883,#3884);
#3883 = CARTESIAN_POINT('',(9.958236007031E-02,9.,-7.898744248745));
#3884 = VECTOR('',#3885,1.);
#3885 = DIRECTION('',(4.853481507928E-16,1.,-1.665334536942E-16));
#3886 = PLANE('',#3887);
#3887 = AXIS2_PLACEMENT_3D('',#3888,#3889,#3890);
#3888 = CARTESIAN_POINT('',(-9.,9.,-7.898744248745));
#3889 = DIRECTION('',(-1.22464679915E-16,-1.665334536942E-16,-1.));
#3890 = DIRECTION('',(-4.853481507928E-16,-1.,1.665334536942E-16));
#3891 = ADVANCED_FACE('',(#3892),#3911,.F.);
#3892 = FACE_BOUND('',#3893,.F.);
#3893 = EDGE_LOOP('',(#3894,#3902,#3909,#3910));
#3894 = ORIENTED_EDGE('',*,*,#3895,.T.);
#3895 = EDGE_CURVE('',#1927,#3896,#3898,.T.);
#3896 = VERTEX_POINT('',#3897);
#3897 = CARTESIAN_POINT('',(0.507785173694,0.15,-7.556221418388));
#3898 = LINE('',#3899,#3900);
#3899 = CARTESIAN_POINT('',(0.507785173694,9.,-7.556221418388));
#3900 = VECTOR('',#3901,1.);
#3901 = DIRECTION('',(-4.853481507928E-16,-1.,1.665334536942E-16));
#3902 = ORIENTED_EDGE('',*,*,#3903,.F.);
#3903 = EDGE_CURVE('',#3874,#3896,#3904,.T.);
#3904 = CIRCLE('',#3905,0.4145);
#3905 = AXIS2_PLACEMENT_3D('',#3906,#3907,#3908);
#3906 = CARTESIAN_POINT('',(9.95823600703E-02,0.15,-7.484244248745));
#3907 = DIRECTION('',(-4.853481507928E-16,-1.,1.665334536942E-16));
#3908 = DIRECTION('',(1.,-4.853481507928E-16,-1.22464679915E-16));
#3909 = ORIENTED_EDGE('',*,*,#3881,.T.);
#3910 = ORIENTED_EDGE('',*,*,#1926,.F.);
#3911 = CYLINDRICAL_SURFACE('',#3912,0.4145);
#3912 = AXIS2_PLACEMENT_3D('',#3913,#3914,#3915);
#3913 = CARTESIAN_POINT('',(9.958236007031E-02,9.,-7.484244248745));
#3914 = DIRECTION('',(4.853481507928E-16,1.,-1.665334536942E-16));
#3915 = DIRECTION('',(1.,-4.853481507928E-16,-1.22464679915E-16));
#3916 = ADVANCED_FACE('',(#3917),#3935,.F.);
#3917 = FACE_BOUND('',#3918,.T.);
#3918 = EDGE_LOOP('',(#3919,#3920,#3921,#3929));
#3919 = ORIENTED_EDGE('',*,*,#1976,.T.);
#3920 = ORIENTED_EDGE('',*,*,#3895,.T.);
#3921 = ORIENTED_EDGE('',*,*,#3922,.T.);
#3922 = EDGE_CURVE('',#3896,#3923,#3925,.T.);
#3923 = VERTEX_POINT('',#3924);
#3924 = CARTESIAN_POINT('',(0.584190371867,0.15,-7.122906007062));
#3925 = LINE('',#3926,#3927);
#3926 = CARTESIAN_POINT('',(0.335150345322,0.15,-8.535282181965));
#3927 = VECTOR('',#3928,1.);
#3928 = DIRECTION('',(0.173648177667,7.972361441474E-17,0.984807753012)
  );
#3929 = ORIENTED_EDGE('',*,*,#3930,.F.);
#3930 = EDGE_CURVE('',#1962,#3923,#3931,.T.);
#3931 = LINE('',#3932,#3933);
#3932 = CARTESIAN_POINT('',(0.584190371867,9.,-7.122906007062));
#3933 = VECTOR('',#3934,1.);
#3934 = DIRECTION('',(-4.853481507928E-16,-1.,1.665334536942E-16));
#3935 = PLANE('',#3936);
#3936 = AXIS2_PLACEMENT_3D('',#3937,#3938,#3939);
#3937 = CARTESIAN_POINT('',(0.507785173694,9.,-7.556221418388));
#3938 = DIRECTION('',(0.984807753012,-5.068928525655E-16,-0.173648177667
    ));
#3939 = DIRECTION('',(0.173648177667,7.972361441474E-17,0.984807753012)
  );
#3940 = ADVANCED_FACE('',(#3941),#3960,.T.);
#3941 = FACE_BOUND('',#3942,.T.);
#3942 = EDGE_LOOP('',(#3943,#3944,#3945,#3954));
#3943 = ORIENTED_EDGE('',*,*,#1991,.T.);
#3944 = ORIENTED_EDGE('',*,*,#3930,.T.);
#3945 = ORIENTED_EDGE('',*,*,#3946,.T.);
#3946 = EDGE_CURVE('',#3923,#3947,#3949,.T.);
#3947 = VERTEX_POINT('',#3948);
#3948 = CARTESIAN_POINT('',(0.791,0.15,-6.949372124372));
#3949 = CIRCLE('',#3950,0.21);
#3950 = AXIS2_PLACEMENT_3D('',#3951,#3952,#3953);
#3951 = CARTESIAN_POINT('',(0.791,0.15,-7.159372124372));
#3952 = DIRECTION('',(4.853481507928E-16,1.,-1.665334536942E-16));
#3953 = DIRECTION('',(-1.,4.853481507928E-16,1.22464679915E-16));
#3954 = ORIENTED_EDGE('',*,*,#3955,.F.);
#3955 = EDGE_CURVE('',#1992,#3947,#3956,.T.);
#3956 = LINE('',#3957,#3958);
#3957 = CARTESIAN_POINT('',(0.791,9.,-6.949372124372));
#3958 = VECTOR('',#3959,1.);
#3959 = DIRECTION('',(-4.853481507928E-16,-1.,1.665334536942E-16));
#3960 = CYLINDRICAL_SURFACE('',#3961,0.21);
#3961 = AXIS2_PLACEMENT_3D('',#3962,#3963,#3964);
#3962 = CARTESIAN_POINT('',(0.791,9.,-7.159372124372));
#3963 = DIRECTION('',(4.853481507928E-16,1.,-1.665334536942E-16));
#3964 = DIRECTION('',(1.,-4.853481507928E-16,-1.22464679915E-16));
#3965 = ADVANCED_FACE('',(#3966),#3984,.F.);
#3966 = FACE_BOUND('',#3967,.T.);
#3967 = EDGE_LOOP('',(#3968,#3969,#3970,#3978));
#3968 = ORIENTED_EDGE('',*,*,#2040,.T.);
#3969 = ORIENTED_EDGE('',*,*,#3955,.T.);
#3970 = ORIENTED_EDGE('',*,*,#3971,.T.);
#3971 = EDGE_CURVE('',#3947,#3972,#3974,.T.);
#3972 = VERTEX_POINT('',#3973);
#3973 = CARTESIAN_POINT('',(1.208,0.15,-6.949372124372));
#3974 = LINE('',#3975,#3976);
#3975 = CARTESIAN_POINT('',(-4.1045,0.15,-6.949372124372));
#3976 = VECTOR('',#3977,1.);
#3977 = DIRECTION('',(1.,-4.853481507928E-16,-1.22464679915E-16));
#3978 = ORIENTED_EDGE('',*,*,#3979,.F.);
#3979 = EDGE_CURVE('',#2026,#3972,#3980,.T.);
#3980 = LINE('',#3981,#3982);
#3981 = CARTESIAN_POINT('',(1.208,9.,-6.949372124372));
#3982 = VECTOR('',#3983,1.);
#3983 = DIRECTION('',(-4.853481507928E-16,-1.,1.665334536942E-16));
#3984 = PLANE('',#3985);
#3985 = AXIS2_PLACEMENT_3D('',#3986,#3987,#3988);
#3986 = CARTESIAN_POINT('',(0.791,9.,-6.949372124372));
#3987 = DIRECTION('',(-1.22464679915E-16,-1.665334536942E-16,-1.));
#3988 = DIRECTION('',(1.,-4.853481507928E-16,-1.22464679915E-16));
#3989 = ADVANCED_FACE('',(#3990),#4009,.T.);
#3990 = FACE_BOUND('',#3991,.T.);
#3991 = EDGE_LOOP('',(#3992,#3993,#3994,#4003));
#3992 = ORIENTED_EDGE('',*,*,#2055,.T.);
#3993 = ORIENTED_EDGE('',*,*,#3979,.T.);
#3994 = ORIENTED_EDGE('',*,*,#3995,.T.);
#3995 = EDGE_CURVE('',#3972,#3996,#3998,.T.);
#3996 = VERTEX_POINT('',#3997);
#3997 = CARTESIAN_POINT('',(1.414809628132,0.15,-7.122906007062));
#3998 = CIRCLE('',#3999,0.21);
#3999 = AXIS2_PLACEMENT_3D('',#4000,#4001,#4002);
#4000 = CARTESIAN_POINT('',(1.208,0.15,-7.159372124372));
#4001 = DIRECTION('',(4.853481507928E-16,1.,-1.665334536942E-16));
#4002 = DIRECTION('',(1.,-4.853481507928E-16,-1.22464679915E-16));
#4003 = ORIENTED_EDGE('',*,*,#4004,.F.);
#4004 = EDGE_CURVE('',#2056,#3996,#4005,.T.);
#4005 = LINE('',#4006,#4007);
#4006 = CARTESIAN_POINT('',(1.414809628132,9.,-7.122906007062));
#4007 = VECTOR('',#4008,1.);
#4008 = DIRECTION('',(-4.853481507928E-16,-1.,1.665334536942E-16));
#4009 = CYLINDRICAL_SURFACE('',#4010,0.21);
#4010 = AXIS2_PLACEMENT_3D('',#4011,#4012,#4013);
#4011 = CARTESIAN_POINT('',(1.208,9.,-7.159372124372));
#4012 = DIRECTION('',(4.853481507928E-16,1.,-1.665334536942E-16));
#4013 = DIRECTION('',(1.,-4.853481507928E-16,-1.22464679915E-16));
#4014 = ADVANCED_FACE('',(#4015),#4033,.F.);
#4015 = FACE_BOUND('',#4016,.T.);
#4016 = EDGE_LOOP('',(#4017,#4018,#4019,#4027));
#4017 = ORIENTED_EDGE('',*,*,#2104,.T.);
#4018 = ORIENTED_EDGE('',*,*,#4004,.T.);
#4019 = ORIENTED_EDGE('',*,*,#4020,.T.);
#4020 = EDGE_CURVE('',#3996,#4021,#4023,.T.);
#4021 = VERTEX_POINT('',#4022);
#4022 = CARTESIAN_POINT('',(1.491214826306,0.15,-7.556221418388));
#4023 = LINE('',#4024,#4025);
#4024 = CARTESIAN_POINT('',(1.324125236365,0.15,-6.60860926471));
#4025 = VECTOR('',#4026,1.);
#4026 = DIRECTION('',(0.173648177667,-2.482832582531E-16,-0.984807753012
    ));
#4027 = ORIENTED_EDGE('',*,*,#4028,.F.);
#4028 = EDGE_CURVE('',#2090,#4021,#4029,.T.);
#4029 = LINE('',#4030,#4031);
#4030 = CARTESIAN_POINT('',(1.491214826306,9.,-7.556221418388));
#4031 = VECTOR('',#4032,1.);
#4032 = DIRECTION('',(-4.853481507928E-16,-1.,1.665334536942E-16));
#4033 = PLANE('',#4034);
#4034 = AXIS2_PLACEMENT_3D('',#4035,#4036,#4037);
#4035 = CARTESIAN_POINT('',(1.414809628132,9.,-7.122906007062));
#4036 = DIRECTION('',(-0.984807753012,4.490563910563E-16,-0.173648177667
    ));
#4037 = DIRECTION('',(0.173648177667,-2.482832582531E-16,-0.984807753012
    ));
#4038 = ADVANCED_FACE('',(#4039),#4058,.F.);
#4039 = FACE_BOUND('',#4040,.F.);
#4040 = EDGE_LOOP('',(#4041,#4049,#4056,#4057));
#4041 = ORIENTED_EDGE('',*,*,#4042,.F.);
#4042 = EDGE_CURVE('',#4043,#2119,#4045,.T.);
#4043 = VERTEX_POINT('',#4044);
#4044 = CARTESIAN_POINT('',(1.747043653741,0.15,-7.869721120078));
#4045 = LINE('',#4046,#4047);
#4046 = CARTESIAN_POINT('',(1.747043653741,9.,-7.869721120078));
#4047 = VECTOR('',#4048,1.);
#4048 = DIRECTION('',(4.853481507928E-16,1.,-1.665334536942E-16));
#4049 = ORIENTED_EDGE('',*,*,#4050,.F.);
#4050 = EDGE_CURVE('',#4021,#4043,#4051,.T.);
#4051 = CIRCLE('',#4052,0.4145);
#4052 = AXIS2_PLACEMENT_3D('',#4053,#4054,#4055);
#4053 = CARTESIAN_POINT('',(1.899417639929,0.15,-7.484244248745));
#4054 = DIRECTION('',(-4.853481507928E-16,-1.,1.665334536942E-16));
#4055 = DIRECTION('',(-1.,4.853481507928E-16,1.22464679915E-16));
#4056 = ORIENTED_EDGE('',*,*,#4028,.F.);
#4057 = ORIENTED_EDGE('',*,*,#2118,.F.);
#4058 = CYLINDRICAL_SURFACE('',#4059,0.4145);
#4059 = AXIS2_PLACEMENT_3D('',#4060,#4061,#4062);
#4060 = CARTESIAN_POINT('',(1.899417639929,9.,-7.484244248745));
#4061 = DIRECTION('',(4.853481507928E-16,1.,-1.665334536942E-16));
#4062 = DIRECTION('',(1.,-4.853481507928E-16,-1.22464679915E-16));
#4063 = ADVANCED_FACE('',(#4064),#4083,.T.);
#4064 = FACE_BOUND('',#4065,.T.);
#4065 = EDGE_LOOP('',(#4066,#4067,#4068,#4077));
#4066 = ORIENTED_EDGE('',*,*,#2169,.T.);
#4067 = ORIENTED_EDGE('',*,*,#4042,.F.);
#4068 = ORIENTED_EDGE('',*,*,#4069,.T.);
#4069 = EDGE_CURVE('',#4043,#4070,#4072,.T.);
#4070 = VERTEX_POINT('',#4071);
#4071 = CARTESIAN_POINT('',(2.,0.15,-8.241713275768));
#4072 = CIRCLE('',#4073,0.4);
#4073 = AXIS2_PLACEMENT_3D('',#4074,#4075,#4076);
#4074 = CARTESIAN_POINT('',(1.6,0.15,-8.241713275768));
#4075 = DIRECTION('',(4.853481507928E-16,1.,-1.665334536942E-16));
#4076 = DIRECTION('',(1.,-4.853481507928E-16,-1.22464679915E-16));
#4077 = ORIENTED_EDGE('',*,*,#4078,.F.);
#4078 = EDGE_CURVE('',#2154,#4070,#4079,.T.);
#4079 = LINE('',#4080,#4081);
#4080 = CARTESIAN_POINT('',(2.,9.,-8.241713275768));
#4081 = VECTOR('',#4082,1.);
#4082 = DIRECTION('',(-4.853481507928E-16,-1.,1.665334536942E-16));
#4083 = CYLINDRICAL_SURFACE('',#4084,0.4);
#4084 = AXIS2_PLACEMENT_3D('',#4085,#4086,#4087);
#4085 = CARTESIAN_POINT('',(1.6,9.,-8.241713275768));
#4086 = DIRECTION('',(-4.853481507928E-16,-1.,1.665334536942E-16));
#4087 = DIRECTION('',(-1.,4.853481507928E-16,1.22464679915E-16));
#4088 = ADVANCED_FACE('',(#4089),#4107,.T.);
#4089 = FACE_BOUND('',#4090,.T.);
#4090 = EDGE_LOOP('',(#4091,#4092,#4093,#4101));
#4091 = ORIENTED_EDGE('',*,*,#2185,.T.);
#4092 = ORIENTED_EDGE('',*,*,#4078,.T.);
#4093 = ORIENTED_EDGE('',*,*,#4094,.T.);
#4094 = EDGE_CURVE('',#4070,#4095,#4097,.T.);
#4095 = VERTEX_POINT('',#4096);
#4096 = CARTESIAN_POINT('',(2.,0.15,-13.74874424874));
#4097 = LINE('',#4098,#4099);
#4098 = CARTESIAN_POINT('',(2.,0.15,-9.398744248745));
#4099 = VECTOR('',#4100,1.);
#4100 = DIRECTION('',(-1.22464679915E-16,-1.665334536942E-16,-1.));
#4101 = ORIENTED_EDGE('',*,*,#4102,.T.);
#4102 = EDGE_CURVE('',#4095,#2186,#4103,.T.);
#4103 = LINE('',#4104,#4105);
#4104 = CARTESIAN_POINT('',(2.,2.25,-13.74874424874));
#4105 = VECTOR('',#4106,1.);
#4106 = DIRECTION('',(4.853481507928E-16,1.,-1.665334536942E-16));
#4107 = PLANE('',#4108);
#4108 = AXIS2_PLACEMENT_3D('',#4109,#4110,#4111);
#4109 = CARTESIAN_POINT('',(2.,4.5,-10.89874424874));
#4110 = DIRECTION('',(1.,-4.853481507928E-16,-1.22464679915E-16));
#4111 = DIRECTION('',(4.853481507928E-16,1.,-1.665334536942E-16));
#4112 = ADVANCED_FACE('',(#4113),#4137,.F.);
#4113 = FACE_BOUND('',#4114,.T.);
#4114 = EDGE_LOOP('',(#4115,#4123,#4131));
#4115 = ORIENTED_EDGE('',*,*,#4116,.T.);
#4116 = EDGE_CURVE('',#4117,#4095,#4119,.T.);
#4117 = VERTEX_POINT('',#4118);
#4118 = CARTESIAN_POINT('',(1.85,0.15,-13.89874424874));
#4119 = LINE('',#4120,#4121);
#4120 = CARTESIAN_POINT('',(1.85,0.15,-13.89874424874));
#4121 = VECTOR('',#4122,1.);
#4122 = DIRECTION('',(0.707106781187,-2.254360342604E-16,0.707106781187)
  );
#4123 = ORIENTED_EDGE('',*,*,#4124,.T.);
#4124 = EDGE_CURVE('',#4095,#4125,#4127,.T.);
#4125 = VERTEX_POINT('',#4126);
#4126 = CARTESIAN_POINT('',(1.85,-9.434507653118E-14,-13.74874424874));
#4127 = LINE('',#4128,#4129);
#4128 = CARTESIAN_POINT('',(2.,0.15,-13.74874424874));
#4129 = VECTOR('',#4130,1.);
#4130 = DIRECTION('',(-0.707106781187,-0.707106781187,2.043525400253E-16
    ));
#4131 = ORIENTED_EDGE('',*,*,#4132,.T.);
#4132 = EDGE_CURVE('',#4125,#4117,#4133,.T.);
#4133 = LINE('',#4134,#4135);
#4134 = CARTESIAN_POINT('',(1.85,-9.434507653118E-14,-13.74874424874));
#4135 = VECTOR('',#4136,1.);
#4136 = DIRECTION('',(2.565973630382E-16,0.707106781187,-0.707106781187)
  );
#4137 = PLANE('',#4138);
#4138 = AXIS2_PLACEMENT_3D('',#4139,#4140,#4141);
#4139 = CARTESIAN_POINT('',(1.85,-9.434507653118E-14,-13.74874424874));
#4140 = DIRECTION('',(-0.57735026919,0.57735026919,0.57735026919));
#4141 = DIRECTION('',(0.707106781187,-1.942890293094E-16,0.707106781187)
  );
#4142 = ADVANCED_FACE('',(#4143),#4163,.F.);
#4143 = FACE_BOUND('',#4144,.T.);
#4144 = EDGE_LOOP('',(#4145,#4146,#4147,#4155,#4161,#4162));
#4145 = ORIENTED_EDGE('',*,*,#4102,.F.);
#4146 = ORIENTED_EDGE('',*,*,#4116,.F.);
#4147 = ORIENTED_EDGE('',*,*,#4148,.T.);
#4148 = EDGE_CURVE('',#4117,#4149,#4151,.T.);
#4149 = VERTEX_POINT('',#4150);
#4150 = CARTESIAN_POINT('',(1.45,0.55,-14.29874424874));
#4151 = LINE('',#4152,#4153);
#4152 = CARTESIAN_POINT('',(-0.258333333333,2.258333333333,
    -16.00707758207));
#4153 = VECTOR('',#4154,1.);
#4154 = DIRECTION('',(-0.57735026919,0.57735026919,-0.57735026919));
#4155 = ORIENTED_EDGE('',*,*,#4156,.T.);
#4156 = EDGE_CURVE('',#4149,#2254,#4157,.T.);
#4157 = LINE('',#4158,#4159);
#4158 = CARTESIAN_POINT('',(1.45,1.125,-14.29874424874));
#4159 = VECTOR('',#4160,1.);
#4160 = DIRECTION('',(4.853481507928E-16,1.,-1.665334536942E-16));
#4161 = ORIENTED_EDGE('',*,*,#2253,.F.);
#4162 = ORIENTED_EDGE('',*,*,#2216,.F.);
#4163 = PLANE('',#4164);
#4164 = AXIS2_PLACEMENT_3D('',#4165,#4166,#4167);
#4165 = CARTESIAN_POINT('',(1.925,2.25,-13.82374424874));
#4166 = DIRECTION('',(-0.707106781187,4.609499030635E-16,0.707106781187)
  );
#4167 = DIRECTION('',(0.707106781187,-2.254360342604E-16,0.707106781187)
  );
#4168 = ADVANCED_FACE('',(#4169),#4187,.F.);
#4169 = FACE_BOUND('',#4170,.T.);
#4170 = EDGE_LOOP('',(#4171,#4179,#4185,#4186));
#4171 = ORIENTED_EDGE('',*,*,#4172,.F.);
#4172 = EDGE_CURVE('',#4173,#4149,#4175,.T.);
#4173 = VERTEX_POINT('',#4174);
#4174 = CARTESIAN_POINT('',(-13.45,0.55,-14.29874424874));
#4175 = LINE('',#4176,#4177);
#4176 = CARTESIAN_POINT('',(-9.,0.55,-14.29874424874));
#4177 = VECTOR('',#4178,1.);
#4178 = DIRECTION('',(1.,-4.853481507928E-16,-1.22464679915E-16));
#4179 = ORIENTED_EDGE('',*,*,#4180,.F.);
#4180 = EDGE_CURVE('',#2262,#4173,#4181,.T.);
#4181 = LINE('',#4182,#4183);
#4182 = CARTESIAN_POINT('',(-13.45,1.125,-14.29874424874));
#4183 = VECTOR('',#4184,1.);
#4184 = DIRECTION('',(-4.853481507928E-16,-1.,1.665334536942E-16));
#4185 = ORIENTED_EDGE('',*,*,#2261,.F.);
#4186 = ORIENTED_EDGE('',*,*,#4156,.F.);
#4187 = PLANE('',#4188);
#4188 = AXIS2_PLACEMENT_3D('',#4189,#4190,#4191);
#4189 = CARTESIAN_POINT('',(-9.,-8.917064249461E-14,-14.29874424874));
#4190 = DIRECTION('',(1.22464679915E-16,1.665334536942E-16,1.));
#4191 = DIRECTION('',(4.853481507928E-16,1.,-1.665334536942E-16));
#4192 = ADVANCED_FACE('',(#4193),#4213,.F.);
#4193 = FACE_BOUND('',#4194,.T.);
#4194 = EDGE_LOOP('',(#4195,#4196,#4197,#4198,#4199,#4207));
#4195 = ORIENTED_EDGE('',*,*,#2476,.F.);
#4196 = ORIENTED_EDGE('',*,*,#2283,.F.);
#4197 = ORIENTED_EDGE('',*,*,#2269,.T.);
#4198 = ORIENTED_EDGE('',*,*,#4180,.T.);
#4199 = ORIENTED_EDGE('',*,*,#4200,.T.);
#4200 = EDGE_CURVE('',#4173,#4201,#4203,.T.);
#4201 = VERTEX_POINT('',#4202);
#4202 = CARTESIAN_POINT('',(-13.85,0.15,-13.89874424874));
#4203 = LINE('',#4204,#4205);
#4204 = CARTESIAN_POINT('',(-12.74166666666,1.258333333333,
    -15.00707758207));
#4205 = VECTOR('',#4206,1.);
#4206 = DIRECTION('',(-0.57735026919,-0.57735026919,0.57735026919));
#4207 = ORIENTED_EDGE('',*,*,#4208,.F.);
#4208 = EDGE_CURVE('',#2477,#4201,#4209,.T.);
#4209 = LINE('',#4210,#4211);
#4210 = CARTESIAN_POINT('',(-14.,0.15,-13.74874424874));
#4211 = VECTOR('',#4212,1.);
#4212 = DIRECTION('',(0.707106781187,-4.609499030635E-16,-0.707106781187
    ));
#4213 = PLANE('',#4214);
#4214 = AXIS2_PLACEMENT_3D('',#4215,#4216,#4217);
#4215 = CARTESIAN_POINT('',(-13.925,2.25,-13.82374424874));
#4216 = DIRECTION('',(0.707106781187,-2.254360342604E-16,0.707106781187)
  );
#4217 = DIRECTION('',(0.707106781187,-4.609499030635E-16,-0.707106781187
    ));
#4218 = ADVANCED_FACE('',(#4219),#4236,.F.);
#4219 = FACE_BOUND('',#4220,.T.);
#4220 = EDGE_LOOP('',(#4221,#4229,#4230));
#4221 = ORIENTED_EDGE('',*,*,#4222,.T.);
#4222 = EDGE_CURVE('',#4223,#2477,#4225,.T.);
#4223 = VERTEX_POINT('',#4224);
#4224 = CARTESIAN_POINT('',(-13.85,-8.672511056374E-14,-13.74874424874)
  );
#4225 = LINE('',#4226,#4227);
#4226 = CARTESIAN_POINT('',(-13.85,-8.672511056374E-14,-13.74874424874)
  );
#4227 = VECTOR('',#4228,1.);
#4228 = DIRECTION('',(-0.707106781187,0.707106781187,-3.116132877786E-17
    ));
#4229 = ORIENTED_EDGE('',*,*,#4208,.T.);
#4230 = ORIENTED_EDGE('',*,*,#4231,.T.);
#4231 = EDGE_CURVE('',#4201,#4223,#4232,.T.);
#4232 = LINE('',#4233,#4234);
#4233 = CARTESIAN_POINT('',(-13.85,0.15,-13.89874424874));
#4234 = VECTOR('',#4235,1.);
#4235 = DIRECTION('',(-2.565973630382E-16,-0.707106781187,0.707106781187
    ));
#4236 = PLANE('',#4237);
#4237 = AXIS2_PLACEMENT_3D('',#4238,#4239,#4240);
#4238 = CARTESIAN_POINT('',(-13.85,0.15,-13.89874424874));
#4239 = DIRECTION('',(0.57735026919,0.57735026919,0.57735026919));
#4240 = DIRECTION('',(0.707106781187,0.,-0.707106781187));
#4241 = ADVANCED_FACE('',(#4242),#4261,.F.);
#4242 = FACE_BOUND('',#4243,.F.);
#4243 = EDGE_LOOP('',(#4244,#4253,#4254,#4255));
#4244 = ORIENTED_EDGE('',*,*,#4245,.F.);
#4245 = EDGE_CURVE('',#2300,#4246,#4248,.T.);
#4246 = VERTEX_POINT('',#4247);
#4247 = CARTESIAN_POINT('',(-11.,8.6,-12.59874424874));
#4248 = CIRCLE('',#4249,1.7);
#4249 = AXIS2_PLACEMENT_3D('',#4250,#4251,#4252);
#4250 = CARTESIAN_POINT('',(-11.,8.6,-10.89874424874));
#4251 = DIRECTION('',(-4.853481507928E-16,-1.,1.665334536942E-16));
#4252 = DIRECTION('',(8.141086587624E-16,-1.665334536942E-16,-1.));
#4253 = ORIENTED_EDGE('',*,*,#2299,.T.);
#4254 = ORIENTED_EDGE('',*,*,#2410,.F.);
#4255 = ORIENTED_EDGE('',*,*,#4256,.F.);
#4256 = EDGE_CURVE('',#4246,#2411,#4257,.T.);
#4257 = LINE('',#4258,#4259);
#4258 = CARTESIAN_POINT('',(-11.,8.6,-12.59874424874));
#4259 = VECTOR('',#4260,1.);
#4260 = DIRECTION('',(2.871452317668E-14,0.707106781187,-0.707106781187)
  );
#4261 = CONICAL_SURFACE('',#4262,1.9,0.785398163397);
#4262 = AXIS2_PLACEMENT_3D('',#4263,#4264,#4265);
#4263 = CARTESIAN_POINT('',(-11.,8.8,-10.89874424874));
#4264 = DIRECTION('',(4.853481507928E-16,1.,-1.665334536942E-16));
#4265 = DIRECTION('',(8.141086587624E-16,-1.665334536942E-16,-1.));
#4266 = ADVANCED_FACE('',(#4267),#4292,.F.);
#4267 = FACE_BOUND('',#4268,.T.);
#4268 = EDGE_LOOP('',(#4269,#4279,#4285,#4286));
#4269 = ORIENTED_EDGE('',*,*,#4270,.F.);
#4270 = EDGE_CURVE('',#4271,#4273,#4275,.T.);
#4271 = VERTEX_POINT('',#4272);
#4272 = CARTESIAN_POINT('',(-11.,0.4,-9.198744248744));
#4273 = VERTEX_POINT('',#4274);
#4274 = CARTESIAN_POINT('',(-1.000000000003,0.4,-9.198744248744));
#4275 = LINE('',#4276,#4277);
#4276 = CARTESIAN_POINT('',(-5.000000000002,0.4,-9.198744248744));
#4277 = VECTOR('',#4278,1.);
#4278 = DIRECTION('',(1.,-4.853481507928E-16,6.181869485343E-16));
#4279 = ORIENTED_EDGE('',*,*,#4280,.F.);
#4280 = EDGE_CURVE('',#2300,#4271,#4281,.T.);
#4281 = LINE('',#4282,#4283);
#4282 = CARTESIAN_POINT('',(-11.,8.999999999998,-9.198744248744));
#4283 = VECTOR('',#4284,1.);
#4284 = DIRECTION('',(4.097774327024E-17,-1.,1.165734175857E-15));
#4285 = ORIENTED_EDGE('',*,*,#2325,.F.);
#4286 = ORIENTED_EDGE('',*,*,#4287,.T.);
#4287 = EDGE_CURVE('',#2318,#4273,#4288,.T.);
#4288 = LINE('',#4289,#4290);
#4289 = CARTESIAN_POINT('',(-1.000000000003,8.999999999998,
    -9.198744248744));
#4290 = VECTOR('',#4291,1.);
#4291 = DIRECTION('',(4.097774327024E-17,-1.,1.165734175857E-15));
#4292 = PLANE('',#4293);
#4293 = AXIS2_PLACEMENT_3D('',#4294,#4295,#4296);
#4294 = CARTESIAN_POINT('',(-1.000000000003,8.999999999998,
    -9.198744248744));
#4295 = DIRECTION('',(-6.181869485343E-16,1.110223024626E-15,1.));
#4296 = DIRECTION('',(-1.,8.82790510602E-16,-6.181869485343E-16));
#4297 = ADVANCED_FACE('',(#4298),#4309,.T.);
#4298 = FACE_BOUND('',#4299,.T.);
#4299 = EDGE_LOOP('',(#4300,#4301,#4302,#4303));
#4300 = ORIENTED_EDGE('',*,*,#2451,.T.);
#4301 = ORIENTED_EDGE('',*,*,#2419,.T.);
#4302 = ORIENTED_EDGE('',*,*,#4256,.F.);
#4303 = ORIENTED_EDGE('',*,*,#4304,.T.);
#4304 = EDGE_CURVE('',#4246,#2443,#4305,.T.);
#4305 = LINE('',#4306,#4307);
#4306 = CARTESIAN_POINT('',(-10.,8.6,-12.59874424874));
#4307 = VECTOR('',#4308,1.);
#4308 = DIRECTION('',(1.,-4.853481507928E-16,6.181869485343E-16));
#4309 = PLANE('',#4310);
#4310 = AXIS2_PLACEMENT_3D('',#4311,#4312,#4313);
#4311 = CARTESIAN_POINT('',(-10.,8.8,-12.79874424874));
#4312 = DIRECTION('',(-9.393121468771E-17,0.707106781187,0.707106781187)
  );
#4313 = DIRECTION('',(1.,-4.853481507928E-16,6.181869485343E-16));
#4314 = ADVANCED_FACE('',(#4315),#4332,.F.);
#4315 = FACE_BOUND('',#4316,.F.);
#4316 = EDGE_LOOP('',(#4317,#4323,#4324,#4325));
#4317 = ORIENTED_EDGE('',*,*,#4318,.F.);
#4318 = EDGE_CURVE('',#2443,#40,#4319,.T.);
#4319 = LINE('',#4320,#4321);
#4320 = CARTESIAN_POINT('',(-1.000000000003,8.999999999998,
    -12.59874424874));
#4321 = VECTOR('',#4322,1.);
#4322 = DIRECTION('',(4.097774327024E-17,-1.,1.165734175857E-15));
#4323 = ORIENTED_EDGE('',*,*,#2442,.T.);
#4324 = ORIENTED_EDGE('',*,*,#4287,.T.);
#4325 = ORIENTED_EDGE('',*,*,#4326,.T.);
#4326 = EDGE_CURVE('',#4273,#40,#4327,.T.);
#4327 = CIRCLE('',#4328,1.7);
#4328 = AXIS2_PLACEMENT_3D('',#4329,#4330,#4331);
#4329 = CARTESIAN_POINT('',(-1.000000000003,0.4,-10.89874424874));
#4330 = DIRECTION('',(4.853481507928E-16,1.,-1.665334536942E-16));
#4331 = DIRECTION('',(-8.141086587624E-16,1.665334536942E-16,1.));
#4332 = CYLINDRICAL_SURFACE('',#4333,1.7);
#4333 = AXIS2_PLACEMENT_3D('',#4334,#4335,#4336);
#4334 = CARTESIAN_POINT('',(-1.000000000003,8.999999999998,
    -10.89874424874));
#4335 = DIRECTION('',(4.097774327021E-17,-1.,1.110223024626E-15));
#4336 = DIRECTION('',(-8.141086587624E-16,1.110223024626E-15,1.));
#4337 = ADVANCED_FACE('',(#4338),#4356,.F.);
#4338 = FACE_BOUND('',#4339,.T.);
#4339 = EDGE_LOOP('',(#4340,#4348,#4349,#4350));
#4340 = ORIENTED_EDGE('',*,*,#4341,.T.);
#4341 = EDGE_CURVE('',#4342,#2468,#4344,.T.);
#4342 = VERTEX_POINT('',#4343);
#4343 = CARTESIAN_POINT('',(-13.85,-8.58080056762E-14,-8.241713275768));
#4344 = LINE('',#4345,#4346);
#4345 = CARTESIAN_POINT('',(-13.85,-8.58080056762E-14,-8.241713275768));
#4346 = VECTOR('',#4347,1.);
#4347 = DIRECTION('',(-0.707106781187,0.707106781187,-3.116132877786E-17
    ));
#4348 = ORIENTED_EDGE('',*,*,#2484,.F.);
#4349 = ORIENTED_EDGE('',*,*,#4222,.F.);
#4350 = ORIENTED_EDGE('',*,*,#4351,.F.);
#4351 = EDGE_CURVE('',#4342,#4223,#4352,.T.);
#4352 = LINE('',#4353,#4354);
#4353 = CARTESIAN_POINT('',(-13.85,-8.600069004017E-14,-9.398744248745)
  );
#4354 = VECTOR('',#4355,1.);
#4355 = DIRECTION('',(-1.22464679915E-16,-1.665334536942E-16,-1.));
#4356 = PLANE('',#4357);
#4357 = AXIS2_PLACEMENT_3D('',#4358,#4359,#4360);
#4358 = CARTESIAN_POINT('',(-13.925,7.499999999991E-02,-9.398744248745)
  );
#4359 = DIRECTION('',(0.707106781187,0.707106781187,-2.043525400253E-16)
  );
#4360 = DIRECTION('',(-1.22464679915E-16,-1.665334536942E-16,-1.));
#4361 = ADVANCED_FACE('',(#4362),#4381,.T.);
#4362 = FACE_BOUND('',#4363,.T.);
#4363 = EDGE_LOOP('',(#4364,#4365,#4374,#4380));
#4364 = ORIENTED_EDGE('',*,*,#4341,.F.);
#4365 = ORIENTED_EDGE('',*,*,#4366,.F.);
#4366 = EDGE_CURVE('',#4367,#4342,#4369,.T.);
#4367 = VERTEX_POINT('',#4368);
#4368 = CARTESIAN_POINT('',(-13.69190228358,-8.584601989899E-14,
    -8.009218178462));
#4369 = CIRCLE('',#4370,0.25);
#4370 = AXIS2_PLACEMENT_3D('',#4371,#4372,#4373);
#4371 = CARTESIAN_POINT('',(-13.6,-8.59293427139E-14,-8.241713275768));
#4372 = DIRECTION('',(-4.853481507928E-16,-1.,1.665334536942E-16));
#4373 = DIRECTION('',(-1.,4.853481507928E-16,1.22464679915E-16));
#4374 = ORIENTED_EDGE('',*,*,#4375,.T.);
#4375 = EDGE_CURVE('',#4367,#2500,#4376,.T.);
#4376 = LINE('',#4377,#4378);
#4377 = CARTESIAN_POINT('',(-13.69190228358,-8.584601989899E-14,
    -8.009218178462));
#4378 = VECTOR('',#4379,1.);
#4379 = DIRECTION('',(-0.259938911726,0.707106781187,0.657595439591));
#4380 = ORIENTED_EDGE('',*,*,#2499,.F.);
#4381 = CONICAL_SURFACE('',#4382,0.325,0.785398163397);
#4382 = AXIS2_PLACEMENT_3D('',#4383,#4384,#4385);
#4383 = CARTESIAN_POINT('',(-13.6,7.499999999991E-02,-8.241713275768));
#4384 = DIRECTION('',(4.853481507928E-16,1.,-1.665334536942E-16));
#4385 = DIRECTION('',(-1.,4.853481507928E-16,1.22464679915E-16));
#4386 = ADVANCED_FACE('',(#4387),#4406,.F.);
#4387 = FACE_BOUND('',#4388,.F.);
#4388 = EDGE_LOOP('',(#4389,#4398,#4399,#4400));
#4389 = ORIENTED_EDGE('',*,*,#4390,.T.);
#4390 = EDGE_CURVE('',#4391,#4367,#4393,.T.);
#4391 = VERTEX_POINT('',#4392);
#4392 = CARTESIAN_POINT('',(-13.34349366335,-8.594401799818E-14,
    -7.582268645038));
#4393 = CIRCLE('',#4394,0.5645);
#4394 = AXIS2_PLACEMENT_3D('',#4395,#4396,#4397);
#4395 = CARTESIAN_POINT('',(-13.89941763993,-8.565787698291E-14,
    -7.484244248745));
#4396 = DIRECTION('',(4.853481507928E-16,1.,-1.665334536942E-16));
#4397 = DIRECTION('',(1.,-4.853481507928E-16,-1.22464679915E-16));
#4398 = ORIENTED_EDGE('',*,*,#4375,.T.);
#4399 = ORIENTED_EDGE('',*,*,#2531,.T.);
#4400 = ORIENTED_EDGE('',*,*,#4401,.F.);
#4401 = EDGE_CURVE('',#4391,#2524,#4402,.T.);
#4402 = LINE('',#4403,#4404);
#4403 = CARTESIAN_POINT('',(-13.34349366335,-8.594401799818E-14,
    -7.582268645038));
#4404 = VECTOR('',#4405,1.);
#4405 = DIRECTION('',(-0.69636424032,0.707106781187,0.122787803969));
#4406 = CONICAL_SURFACE('',#4407,0.4895,0.785398163397);
#4407 = AXIS2_PLACEMENT_3D('',#4408,#4409,#4410);
#4408 = CARTESIAN_POINT('',(-13.89941763993,7.499999999991E-02,
    -7.484244248745));
#4409 = DIRECTION('',(-4.853481507928E-16,-1.,1.665334536942E-16));
#4410 = DIRECTION('',(1.,-4.853481507928E-16,-1.22464679915E-16));
#4411 = ADVANCED_FACE('',(#4412),#4430,.F.);
#4412 = FACE_BOUND('',#4413,.T.);
#4413 = EDGE_LOOP('',(#4414,#4422,#4423,#4424));
#4414 = ORIENTED_EDGE('',*,*,#4415,.T.);
#4415 = EDGE_CURVE('',#4416,#2551,#4418,.T.);
#4416 = VERTEX_POINT('',#4417);
#4417 = CARTESIAN_POINT('',(-13.26708846518,-8.590893960784E-14,
    -7.148953233712));
#4418 = LINE('',#4419,#4420);
#4419 = CARTESIAN_POINT('',(-13.26708846518,-8.590893960784E-14,
    -7.148953233712));
#4420 = VECTOR('',#4421,1.);
#4421 = DIRECTION('',(-0.69636424032,0.707106781187,0.122787803969));
#4422 = ORIENTED_EDGE('',*,*,#2550,.F.);
#4423 = ORIENTED_EDGE('',*,*,#4401,.F.);
#4424 = ORIENTED_EDGE('',*,*,#4425,.F.);
#4425 = EDGE_CURVE('',#4416,#4391,#4426,.T.);
#4426 = LINE('',#4427,#4428);
#4427 = CARTESIAN_POINT('',(-13.30506774132,-8.592637627322E-14,
    -7.364344412011));
#4428 = VECTOR('',#4429,1.);
#4429 = DIRECTION('',(-0.173648177667,-7.972361441474E-17,
    -0.984807753012));
#4430 = PLANE('',#4431);
#4431 = AXIS2_PLACEMENT_3D('',#4432,#4433,#4434);
#4432 = CARTESIAN_POINT('',(-13.37892832279,7.499999999991E-02,
    -7.351320798686));
#4433 = DIRECTION('',(0.69636424032,0.707106781187,-0.122787803969));
#4434 = DIRECTION('',(-0.173648177667,8.326672684689E-17,-0.984807753012
    ));
#4435 = ADVANCED_FACE('',(#4436),#4455,.T.);
#4436 = FACE_BOUND('',#4437,.T.);
#4437 = EDGE_LOOP('',(#4438,#4446,#4447,#4448));
#4438 = ORIENTED_EDGE('',*,*,#4439,.T.);
#4439 = EDGE_CURVE('',#4440,#2575,#4442,.T.);
#4440 = VERTEX_POINT('',#4441);
#4441 = CARTESIAN_POINT('',(-13.208,-8.592936117177E-14,-7.099372124372)
  );
#4442 = LINE('',#4443,#4444);
#4443 = CARTESIAN_POINT('',(-13.208,-8.592936117177E-14,-7.099372124372)
  );
#4444 = VECTOR('',#4445,1.);
#4445 = DIRECTION('',(4.297885742857E-16,0.707106781187,0.707106781187)
  );
#4446 = ORIENTED_EDGE('',*,*,#2574,.F.);
#4447 = ORIENTED_EDGE('',*,*,#4415,.F.);
#4448 = ORIENTED_EDGE('',*,*,#4449,.F.);
#4449 = EDGE_CURVE('',#4440,#4416,#4450,.T.);
#4450 = CIRCLE('',#4451,6.E-02);
#4451 = AXIS2_PLACEMENT_3D('',#4452,#4453,#4454);
#4452 = CARTESIAN_POINT('',(-13.208,-8.5939353179E-14,-7.159372124372));
#4453 = DIRECTION('',(-4.853481507928E-16,-1.,1.665334536942E-16));
#4454 = DIRECTION('',(-1.,4.853481507928E-16,1.22464679915E-16));
#4455 = CONICAL_SURFACE('',#4456,0.135,0.785398163397);
#4456 = AXIS2_PLACEMENT_3D('',#4457,#4458,#4459);
#4457 = CARTESIAN_POINT('',(-13.208,7.499999999991E-02,-7.159372124372)
  );
#4458 = DIRECTION('',(4.853481507928E-16,1.,-1.665334536942E-16));
#4459 = DIRECTION('',(-1.,4.853481507928E-16,1.22464679915E-16));
#4460 = ADVANCED_FACE('',(#4461),#4479,.F.);
#4461 = FACE_BOUND('',#4462,.T.);
#4462 = EDGE_LOOP('',(#4463,#4471,#4472,#4473));
#4463 = ORIENTED_EDGE('',*,*,#4464,.T.);
#4464 = EDGE_CURVE('',#4465,#2600,#4467,.T.);
#4465 = VERTEX_POINT('',#4466);
#4466 = CARTESIAN_POINT('',(-12.791,-8.613175135066E-14,-7.099372124372)
  );
#4467 = LINE('',#4468,#4469);
#4468 = CARTESIAN_POINT('',(-12.791,-8.613175135066E-14,-7.099372124372)
  );
#4469 = VECTOR('',#4470,1.);
#4470 = DIRECTION('',(4.297885742857E-16,0.707106781187,0.707106781187)
  );
#4471 = ORIENTED_EDGE('',*,*,#2599,.F.);
#4472 = ORIENTED_EDGE('',*,*,#4439,.F.);
#4473 = ORIENTED_EDGE('',*,*,#4474,.F.);
#4474 = EDGE_CURVE('',#4465,#4440,#4475,.T.);
#4475 = LINE('',#4476,#4477);
#4476 = CARTESIAN_POINT('',(-11.104,-8.695053368104E-14,-7.099372124372)
  );
#4477 = VECTOR('',#4478,1.);
#4478 = DIRECTION('',(-1.,4.853481507928E-16,1.22464679915E-16));
#4479 = PLANE('',#4480);
#4480 = AXIS2_PLACEMENT_3D('',#4481,#4482,#4483);
#4481 = CARTESIAN_POINT('',(-11.104,7.499999999991E-02,-7.024372124372)
  );
#4482 = DIRECTION('',(2.565973630382E-16,0.707106781187,-0.707106781187)
  );
#4483 = DIRECTION('',(-1.,4.853481507928E-16,1.22464679915E-16));
#4484 = ADVANCED_FACE('',(#4485),#4504,.T.);
#4485 = FACE_BOUND('',#4486,.T.);
#4486 = EDGE_LOOP('',(#4487,#4495,#4496,#4497));
#4487 = ORIENTED_EDGE('',*,*,#4488,.T.);
#4488 = EDGE_CURVE('',#4489,#2624,#4491,.T.);
#4489 = VERTEX_POINT('',#4490);
#4490 = CARTESIAN_POINT('',(-12.73191153481,-8.616868674134E-14,
    -7.148953233712));
#4491 = LINE('',#4492,#4493);
#4492 = CARTESIAN_POINT('',(-12.73191153481,-8.616868674134E-14,
    -7.148953233712));
#4493 = VECTOR('',#4494,1.);
#4494 = DIRECTION('',(0.69636424032,0.707106781187,0.122787803969));
#4495 = ORIENTED_EDGE('',*,*,#2623,.F.);
#4496 = ORIENTED_EDGE('',*,*,#4464,.F.);
#4497 = ORIENTED_EDGE('',*,*,#4498,.F.);
#4498 = EDGE_CURVE('',#4489,#4465,#4499,.T.);
#4499 = CIRCLE('',#4500,6.E-02);
#4500 = AXIS2_PLACEMENT_3D('',#4501,#4502,#4503);
#4501 = CARTESIAN_POINT('',(-12.791,-8.614174335788E-14,-7.159372124372)
  );
#4502 = DIRECTION('',(-4.853481507928E-16,-1.,1.665334536942E-16));
#4503 = DIRECTION('',(1.,-4.853481507928E-16,-1.22464679915E-16));
#4504 = CONICAL_SURFACE('',#4505,0.135,0.785398163397);
#4505 = AXIS2_PLACEMENT_3D('',#4506,#4507,#4508);
#4506 = CARTESIAN_POINT('',(-12.791,7.499999999991E-02,-7.159372124372)
  );
#4507 = DIRECTION('',(4.853481507928E-16,1.,-1.665334536942E-16));
#4508 = DIRECTION('',(1.,-4.853481507928E-16,-1.22464679915E-16));
#4509 = ADVANCED_FACE('',(#4510),#4528,.F.);
#4510 = FACE_BOUND('',#4511,.T.);
#4511 = EDGE_LOOP('',(#4512,#4520,#4521,#4522));
#4512 = ORIENTED_EDGE('',*,*,#4513,.T.);
#4513 = EDGE_CURVE('',#4514,#2649,#4516,.T.);
#4514 = VERTEX_POINT('',#4515);
#4515 = CARTESIAN_POINT('',(-12.65550633664,-8.627793137497E-14,
    -7.582268645038));
#4516 = LINE('',#4517,#4518);
#4517 = CARTESIAN_POINT('',(-12.65550633664,-8.627793137497E-14,
    -7.582268645038));
#4518 = VECTOR('',#4519,1.);
#4519 = DIRECTION('',(0.69636424032,0.707106781187,0.122787803969));
#4520 = ORIENTED_EDGE('',*,*,#2648,.F.);
#4521 = ORIENTED_EDGE('',*,*,#4488,.F.);
#4522 = ORIENTED_EDGE('',*,*,#4523,.F.);
#4523 = EDGE_CURVE('',#4514,#4489,#4524,.T.);
#4524 = LINE('',#4525,#4526);
#4525 = CARTESIAN_POINT('',(-12.61153517618,-8.634080161718E-14,
    -7.831641487964));
#4526 = VECTOR('',#4527,1.);
#4527 = DIRECTION('',(-0.173648177667,2.482832582531E-16,0.984807753012)
  );
#4528 = PLANE('',#4529);
#4529 = AXIS2_PLACEMENT_3D('',#4530,#4531,#4532);
#4530 = CARTESIAN_POINT('',(-12.5376745947,7.499999999991E-02,
    -7.818617874639));
#4531 = DIRECTION('',(-0.69636424032,0.707106781187,-0.122787803969));
#4532 = DIRECTION('',(-0.173648177667,-2.498001805407E-16,0.984807753012
    ));
#4533 = ADVANCED_FACE('',(#4534),#4553,.F.);
#4534 = FACE_BOUND('',#4535,.F.);
#4535 = EDGE_LOOP('',(#4536,#4545,#4546,#4547));
#4536 = ORIENTED_EDGE('',*,*,#4537,.T.);
#4537 = EDGE_CURVE('',#4538,#4514,#4540,.T.);
#4538 = VERTEX_POINT('',#4539);
#4539 = CARTESIAN_POINT('',(-12.09958236007,-8.662543184233E-14,
    -8.048744248745));
#4540 = CIRCLE('',#4541,0.5645);
#4541 = AXIS2_PLACEMENT_3D('',#4542,#4543,#4544);
#4542 = CARTESIAN_POINT('',(-12.09958236007,-8.653142370772E-14,
    -7.484244248745));
#4543 = DIRECTION('',(4.853481507928E-16,1.,-1.665334536942E-16));
#4544 = DIRECTION('',(-1.,4.853481507928E-16,1.22464679915E-16));
#4545 = ORIENTED_EDGE('',*,*,#4513,.T.);
#4546 = ORIENTED_EDGE('',*,*,#2678,.T.);
#4547 = ORIENTED_EDGE('',*,*,#4548,.F.);
#4548 = EDGE_CURVE('',#4538,#2671,#4549,.T.);
#4549 = LINE('',#4550,#4551);
#4550 = CARTESIAN_POINT('',(-12.09958236007,-8.662543184233E-14,
    -8.048744248745));
#4551 = VECTOR('',#4552,1.);
#4552 = DIRECTION('',(4.297885742857E-16,0.707106781187,0.707106781187)
  );
#4553 = CONICAL_SURFACE('',#4554,0.4895,0.785398163397);
#4554 = AXIS2_PLACEMENT_3D('',#4555,#4556,#4557);
#4555 = CARTESIAN_POINT('',(-12.09958236007,7.499999999991E-02,
    -7.484244248745));
#4556 = DIRECTION('',(-4.853481507928E-16,-1.,1.665334536942E-16));
#4557 = DIRECTION('',(-1.,4.853481507928E-16,1.22464679915E-16));
#4558 = ADVANCED_FACE('',(#4559),#4577,.F.);
#4559 = FACE_BOUND('',#4560,.T.);
#4560 = EDGE_LOOP('',(#4561,#4569,#4570,#4571));
#4561 = ORIENTED_EDGE('',*,*,#4562,.T.);
#4562 = EDGE_CURVE('',#4563,#2698,#4565,.T.);
#4563 = VERTEX_POINT('',#4564);
#4564 = CARTESIAN_POINT('',(-11.89956049707,-8.672251208366E-14,
    -8.048744248745));
#4565 = LINE('',#4566,#4567);
#4566 = CARTESIAN_POINT('',(-11.89956049707,-8.672251208366E-14,
    -8.048744248745));
#4567 = VECTOR('',#4568,1.);
#4568 = DIRECTION('',(4.297885742857E-16,0.707106781187,0.707106781187)
  );
#4569 = ORIENTED_EDGE('',*,*,#2697,.F.);
#4570 = ORIENTED_EDGE('',*,*,#4548,.F.);
#4571 = ORIENTED_EDGE('',*,*,#4572,.F.);
#4572 = EDGE_CURVE('',#4563,#4538,#4573,.T.);
#4573 = LINE('',#4574,#4575);
#4574 = CARTESIAN_POINT('',(-9.,-8.812980840902E-14,-8.048744248745));
#4575 = VECTOR('',#4576,1.);
#4576 = DIRECTION('',(-1.,4.853481507928E-16,1.22464679915E-16));
#4577 = PLANE('',#4578);
#4578 = AXIS2_PLACEMENT_3D('',#4579,#4580,#4581);
#4579 = CARTESIAN_POINT('',(-9.,7.499999999991E-02,-7.973744248745));
#4580 = DIRECTION('',(2.565973630382E-16,0.707106781187,-0.707106781187)
  );
#4581 = DIRECTION('',(-1.,4.853481507928E-16,1.22464679915E-16));
#4582 = ADVANCED_FACE('',(#4583),#4602,.F.);
#4583 = FACE_BOUND('',#4584,.F.);
#4584 = EDGE_LOOP('',(#4585,#4594,#4595,#4596));
#4585 = ORIENTED_EDGE('',*,*,#4586,.T.);
#4586 = EDGE_CURVE('',#4587,#4563,#4589,.T.);
#4587 = VERTEX_POINT('',#4588);
#4588 = CARTESIAN_POINT('',(-11.34363652049,-8.691464496432E-14,
    -7.582268645038));
#4589 = CIRCLE('',#4590,0.5645);
#4590 = AXIS2_PLACEMENT_3D('',#4591,#4592,#4593);
#4591 = CARTESIAN_POINT('',(-11.89956049707,-8.662850394905E-14,
    -7.484244248745));
#4592 = DIRECTION('',(4.853481507928E-16,1.,-1.665334536942E-16));
#4593 = DIRECTION('',(1.,-4.853481507928E-16,-1.22464679915E-16));
#4594 = ORIENTED_EDGE('',*,*,#4562,.T.);
#4595 = ORIENTED_EDGE('',*,*,#2727,.T.);
#4596 = ORIENTED_EDGE('',*,*,#4597,.F.);
#4597 = EDGE_CURVE('',#4587,#2720,#4598,.T.);
#4598 = LINE('',#4599,#4600);
#4599 = CARTESIAN_POINT('',(-11.34363652049,-8.691464496432E-14,
    -7.582268645038));
#4600 = VECTOR('',#4601,1.);
#4601 = DIRECTION('',(-0.69636424032,0.707106781187,0.122787803969));
#4602 = CONICAL_SURFACE('',#4603,0.4895,0.785398163397);
#4603 = AXIS2_PLACEMENT_3D('',#4604,#4605,#4606);
#4604 = CARTESIAN_POINT('',(-11.89956049707,7.499999999991E-02,
    -7.484244248745));
#4605 = DIRECTION('',(-4.853481507928E-16,-1.,1.665334536942E-16));
#4606 = DIRECTION('',(1.,-4.853481507928E-16,-1.22464679915E-16));
#4607 = ADVANCED_FACE('',(#4608),#4626,.F.);
#4608 = FACE_BOUND('',#4609,.T.);
#4609 = EDGE_LOOP('',(#4610,#4618,#4619,#4620));
#4610 = ORIENTED_EDGE('',*,*,#4611,.T.);
#4611 = EDGE_CURVE('',#4612,#2747,#4614,.T.);
#4612 = VERTEX_POINT('',#4613);
#4613 = CARTESIAN_POINT('',(-11.26723132232,-8.687956657398E-14,
    -7.148953233712));
#4614 = LINE('',#4615,#4616);
#4615 = CARTESIAN_POINT('',(-11.26723132232,-8.687956657398E-14,
    -7.148953233712));
#4616 = VECTOR('',#4617,1.);
#4617 = DIRECTION('',(-0.69636424032,0.707106781187,0.122787803969));
#4618 = ORIENTED_EDGE('',*,*,#2746,.F.);
#4619 = ORIENTED_EDGE('',*,*,#4597,.F.);
#4620 = ORIENTED_EDGE('',*,*,#4621,.F.);
#4621 = EDGE_CURVE('',#4612,#4587,#4622,.T.);
#4622 = LINE('',#4623,#4624);
#4623 = CARTESIAN_POINT('',(-11.33536213423,-8.691084611087E-14,
    -7.535342268669));
#4624 = VECTOR('',#4625,1.);
#4625 = DIRECTION('',(-0.173648177667,-7.972361441474E-17,
    -0.984807753012));
#4626 = PLANE('',#4627);
#4627 = AXIS2_PLACEMENT_3D('',#4628,#4629,#4630);
#4628 = CARTESIAN_POINT('',(-11.40922271571,7.499999999991E-02,
    -7.522318655344));
#4629 = DIRECTION('',(0.69636424032,0.707106781187,-0.122787803969));
#4630 = DIRECTION('',(-0.173648177667,2.775557561563E-17,-0.984807753012
    ));
#4631 = ADVANCED_FACE('',(#4632),#4651,.T.);
#4632 = FACE_BOUND('',#4633,.T.);
#4633 = EDGE_LOOP('',(#4634,#4642,#4643,#4644));
#4634 = ORIENTED_EDGE('',*,*,#4635,.T.);
#4635 = EDGE_CURVE('',#4636,#2771,#4638,.T.);
#4636 = VERTEX_POINT('',#4637);
#4637 = CARTESIAN_POINT('',(-11.20814285714,-8.689998813791E-14,
    -7.099372124372));
#4638 = LINE('',#4639,#4640);
#4639 = CARTESIAN_POINT('',(-11.20814285714,-8.689998813791E-14,
    -7.099372124372));
#4640 = VECTOR('',#4641,1.);
#4641 = DIRECTION('',(4.297885742857E-16,0.707106781187,0.707106781187)
  );
#4642 = ORIENTED_EDGE('',*,*,#2770,.F.);
#4643 = ORIENTED_EDGE('',*,*,#4611,.F.);
#4644 = ORIENTED_EDGE('',*,*,#4645,.F.);
#4645 = EDGE_CURVE('',#4636,#4612,#4646,.T.);
#4646 = CIRCLE('',#4647,6.E-02);
#4647 = AXIS2_PLACEMENT_3D('',#4648,#4649,#4650);
#4648 = CARTESIAN_POINT('',(-11.20814285714,-8.690998014513E-14,
    -7.159372124372));
#4649 = DIRECTION('',(-4.853481507928E-16,-1.,1.665334536942E-16));
#4650 = DIRECTION('',(-1.,4.853481507928E-16,1.22464679915E-16));
#4651 = CONICAL_SURFACE('',#4652,0.135,0.785398163397);
#4652 = AXIS2_PLACEMENT_3D('',#4653,#4654,#4655);
#4653 = CARTESIAN_POINT('',(-11.20814285714,7.499999999991E-02,
    -7.159372124372));
#4654 = DIRECTION('',(4.853481507928E-16,1.,-1.665334536942E-16));
#4655 = DIRECTION('',(-1.,4.853481507928E-16,1.22464679915E-16));
#4656 = ADVANCED_FACE('',(#4657),#4675,.F.);
#4657 = FACE_BOUND('',#4658,.T.);
#4658 = EDGE_LOOP('',(#4659,#4667,#4668,#4669));
#4659 = ORIENTED_EDGE('',*,*,#4660,.T.);
#4660 = EDGE_CURVE('',#4661,#2796,#4663,.T.);
#4661 = VERTEX_POINT('',#4662);
#4662 = CARTESIAN_POINT('',(-10.79114285714,-8.710237831679E-14,
    -7.099372124372));
#4663 = LINE('',#4664,#4665);
#4664 = CARTESIAN_POINT('',(-10.79114285714,-8.710237831679E-14,
    -7.099372124372));
#4665 = VECTOR('',#4666,1.);
#4666 = DIRECTION('',(4.297885742857E-16,0.707106781187,0.707106781187)
  );
#4667 = ORIENTED_EDGE('',*,*,#2795,.F.);
#4668 = ORIENTED_EDGE('',*,*,#4635,.F.);
#4669 = ORIENTED_EDGE('',*,*,#4670,.F.);
#4670 = EDGE_CURVE('',#4661,#4636,#4671,.T.);
#4671 = LINE('',#4672,#4673);
#4672 = CARTESIAN_POINT('',(-10.10407142857,-8.743584716411E-14,
    -7.099372124372));
#4673 = VECTOR('',#4674,1.);
#4674 = DIRECTION('',(-1.,4.853481507928E-16,1.22464679915E-16));
#4675 = PLANE('',#4676);
#4676 = AXIS2_PLACEMENT_3D('',#4677,#4678,#4679);
#4677 = CARTESIAN_POINT('',(-10.10407142857,7.499999999991E-02,
    -7.024372124372));
#4678 = DIRECTION('',(2.565973630382E-16,0.707106781187,-0.707106781187)
  );
#4679 = DIRECTION('',(-1.,4.853481507928E-16,1.22464679915E-16));
#4680 = ADVANCED_FACE('',(#4681),#4700,.T.);
#4681 = FACE_BOUND('',#4682,.T.);
#4682 = EDGE_LOOP('',(#4683,#4691,#4692,#4693));
#4683 = ORIENTED_EDGE('',*,*,#4684,.T.);
#4684 = EDGE_CURVE('',#4685,#2820,#4687,.T.);
#4685 = VERTEX_POINT('',#4686);
#4686 = CARTESIAN_POINT('',(-10.73205439196,-8.713931370748E-14,
    -7.148953233712));
#4687 = LINE('',#4688,#4689);
#4688 = CARTESIAN_POINT('',(-10.73205439196,-8.713931370748E-14,
    -7.148953233712));
#4689 = VECTOR('',#4690,1.);
#4690 = DIRECTION('',(0.69636424032,0.707106781187,0.122787803969));
#4691 = ORIENTED_EDGE('',*,*,#2819,.F.);
#4692 = ORIENTED_EDGE('',*,*,#4660,.F.);
#4693 = ORIENTED_EDGE('',*,*,#4694,.F.);
#4694 = EDGE_CURVE('',#4685,#4661,#4695,.T.);
#4695 = CIRCLE('',#4696,6.E-02);
#4696 = AXIS2_PLACEMENT_3D('',#4697,#4698,#4699);
#4697 = CARTESIAN_POINT('',(-10.79114285714,-8.711237032401E-14,
    -7.159372124372));
#4698 = DIRECTION('',(-4.853481507928E-16,-1.,1.665334536942E-16));
#4699 = DIRECTION('',(1.,-4.853481507928E-16,-1.22464679915E-16));
#4700 = CONICAL_SURFACE('',#4701,0.135,0.785398163397);
#4701 = AXIS2_PLACEMENT_3D('',#4702,#4703,#4704);
#4702 = CARTESIAN_POINT('',(-10.79114285714,7.499999999991E-02,
    -7.159372124372));
#4703 = DIRECTION('',(4.853481507928E-16,1.,-1.665334536942E-16));
#4704 = DIRECTION('',(1.,-4.853481507928E-16,-1.22464679915E-16));
#4705 = ADVANCED_FACE('',(#4706),#4724,.F.);
#4706 = FACE_BOUND('',#4707,.T.);
#4707 = EDGE_LOOP('',(#4708,#4716,#4717,#4718));
#4708 = ORIENTED_EDGE('',*,*,#4709,.T.);
#4709 = EDGE_CURVE('',#4710,#2845,#4712,.T.);
#4710 = VERTEX_POINT('',#4711);
#4711 = CARTESIAN_POINT('',(-10.65564919378,-8.724855834111E-14,
    -7.582268645038));
#4712 = LINE('',#4713,#4714);
#4713 = CARTESIAN_POINT('',(-10.65564919378,-8.724855834111E-14,
    -7.582268645038));
#4714 = VECTOR('',#4715,1.);
#4715 = DIRECTION('',(0.69636424032,0.707106781187,0.122787803969));
#4716 = ORIENTED_EDGE('',*,*,#2844,.F.);
#4717 = ORIENTED_EDGE('',*,*,#4684,.F.);
#4718 = ORIENTED_EDGE('',*,*,#4719,.F.);
#4719 = EDGE_CURVE('',#4710,#4685,#4720,.T.);
#4720 = LINE('',#4721,#4722);
#4721 = CARTESIAN_POINT('',(-10.64182956909,-8.726831772754E-14,
    -7.660643631306));
#4722 = VECTOR('',#4723,1.);
#4723 = DIRECTION('',(-0.173648177667,2.482832582531E-16,0.984807753012)
  );
#4724 = PLANE('',#4725);
#4725 = AXIS2_PLACEMENT_3D('',#4726,#4727,#4728);
#4726 = CARTESIAN_POINT('',(-10.56796898762,7.499999999991E-02,
    -7.647620017981));
#4727 = DIRECTION('',(-0.69636424032,0.707106781187,-0.122787803969));
#4728 = DIRECTION('',(-0.173648177667,6.106226635438E-16,0.984807753012)
  );
#4729 = ADVANCED_FACE('',(#4730),#4749,.F.);
#4730 = FACE_BOUND('',#4731,.F.);
#4731 = EDGE_LOOP('',(#4732,#4741,#4742,#4743));
#4732 = ORIENTED_EDGE('',*,*,#4733,.T.);
#4733 = EDGE_CURVE('',#4734,#4710,#4736,.T.);
#4734 = VERTEX_POINT('',#4735);
#4735 = CARTESIAN_POINT('',(-10.09972521721,-8.759605880847E-14,
    -8.048744248745));
#4736 = CIRCLE('',#4737,0.5645);
#4737 = AXIS2_PLACEMENT_3D('',#4738,#4739,#4740);
#4738 = CARTESIAN_POINT('',(-10.09972521721,-8.750205067386E-14,
    -7.484244248745));
#4739 = DIRECTION('',(4.853481507928E-16,1.,-1.665334536942E-16));
#4740 = DIRECTION('',(-1.,4.853481507928E-16,1.22464679915E-16));
#4741 = ORIENTED_EDGE('',*,*,#4709,.T.);
#4742 = ORIENTED_EDGE('',*,*,#2874,.T.);
#4743 = ORIENTED_EDGE('',*,*,#4744,.F.);
#4744 = EDGE_CURVE('',#4734,#2867,#4745,.T.);
#4745 = LINE('',#4746,#4747);
#4746 = CARTESIAN_POINT('',(-10.09972521721,-8.759605880847E-14,
    -8.048744248745));
#4747 = VECTOR('',#4748,1.);
#4748 = DIRECTION('',(4.297885742857E-16,0.707106781187,0.707106781187)
  );
#4749 = CONICAL_SURFACE('',#4750,0.4895,0.785398163397);
#4750 = AXIS2_PLACEMENT_3D('',#4751,#4752,#4753);
#4751 = CARTESIAN_POINT('',(-10.09972521721,7.499999999991E-02,
    -7.484244248745));
#4752 = DIRECTION('',(-4.853481507928E-16,-1.,1.665334536942E-16));
#4753 = DIRECTION('',(-1.,4.853481507928E-16,1.22464679915E-16));
#4754 = ADVANCED_FACE('',(#4755),#4773,.F.);
#4755 = FACE_BOUND('',#4756,.T.);
#4756 = EDGE_LOOP('',(#4757,#4765,#4766,#4767));
#4757 = ORIENTED_EDGE('',*,*,#4758,.T.);
#4758 = EDGE_CURVE('',#4759,#2894,#4761,.T.);
#4759 = VERTEX_POINT('',#4760);
#4760 = CARTESIAN_POINT('',(-9.899703354215,-8.769313904979E-14,
    -8.048744248745));
#4761 = LINE('',#4762,#4763);
#4762 = CARTESIAN_POINT('',(-9.899703354215,-8.769313904979E-14,
    -8.048744248745));
#4763 = VECTOR('',#4764,1.);
#4764 = DIRECTION('',(4.297885742857E-16,0.707106781187,0.707106781187)
  );
#4765 = ORIENTED_EDGE('',*,*,#2893,.F.);
#4766 = ORIENTED_EDGE('',*,*,#4744,.F.);
#4767 = ORIENTED_EDGE('',*,*,#4768,.F.);
#4768 = EDGE_CURVE('',#4759,#4734,#4769,.T.);
#4769 = LINE('',#4770,#4771);
#4770 = CARTESIAN_POINT('',(-9.,-8.812980840902E-14,-8.048744248745));
#4771 = VECTOR('',#4772,1.);
#4772 = DIRECTION('',(-1.,4.853481507928E-16,1.22464679915E-16));
#4773 = PLANE('',#4774);
#4774 = AXIS2_PLACEMENT_3D('',#4775,#4776,#4777);
#4775 = CARTESIAN_POINT('',(-9.,7.499999999991E-02,-7.973744248745));
#4776 = DIRECTION('',(2.565973630382E-16,0.707106781187,-0.707106781187)
  );
#4777 = DIRECTION('',(-1.,4.853481507928E-16,1.22464679915E-16));
#4778 = ADVANCED_FACE('',(#4779),#4798,.F.);
#4779 = FACE_BOUND('',#4780,.F.);
#4780 = EDGE_LOOP('',(#4781,#4790,#4791,#4792));
#4781 = ORIENTED_EDGE('',*,*,#4782,.T.);
#4782 = EDGE_CURVE('',#4783,#4759,#4785,.T.);
#4783 = VERTEX_POINT('',#4784);
#4784 = CARTESIAN_POINT('',(-9.34377937764,-8.788527193046E-14,
    -7.582268645038));
#4785 = CIRCLE('',#4786,0.5645);
#4786 = AXIS2_PLACEMENT_3D('',#4787,#4788,#4789);
#4787 = CARTESIAN_POINT('',(-9.899703354215,-8.759913091518E-14,
    -7.484244248745));
#4788 = DIRECTION('',(4.853481507928E-16,1.,-1.665334536942E-16));
#4789 = DIRECTION('',(1.,-4.853481507928E-16,-1.22464679915E-16));
#4790 = ORIENTED_EDGE('',*,*,#4758,.T.);
#4791 = ORIENTED_EDGE('',*,*,#2923,.T.);
#4792 = ORIENTED_EDGE('',*,*,#4793,.F.);
#4793 = EDGE_CURVE('',#4783,#2916,#4794,.T.);
#4794 = LINE('',#4795,#4796);
#4795 = CARTESIAN_POINT('',(-9.34377937764,-8.788527193046E-14,
    -7.582268645038));
#4796 = VECTOR('',#4797,1.);
#4797 = DIRECTION('',(-0.69636424032,0.707106781187,0.122787803969));
#4798 = CONICAL_SURFACE('',#4799,0.4895,0.785398163397);
#4799 = AXIS2_PLACEMENT_3D('',#4800,#4801,#4802);
#4800 = CARTESIAN_POINT('',(-9.899703354215,7.499999999991E-02,
    -7.484244248745));
#4801 = DIRECTION('',(-4.853481507928E-16,-1.,1.665334536942E-16));
#4802 = DIRECTION('',(1.,-4.853481507928E-16,-1.22464679915E-16));
#4803 = ADVANCED_FACE('',(#4804),#4822,.F.);
#4804 = FACE_BOUND('',#4805,.T.);
#4805 = EDGE_LOOP('',(#4806,#4814,#4815,#4816));
#4806 = ORIENTED_EDGE('',*,*,#4807,.T.);
#4807 = EDGE_CURVE('',#4808,#2943,#4810,.T.);
#4808 = VERTEX_POINT('',#4809);
#4809 = CARTESIAN_POINT('',(-9.267374179467,-8.785019354011E-14,
    -7.148953233712));
#4810 = LINE('',#4811,#4812);
#4811 = CARTESIAN_POINT('',(-9.267374179467,-8.785019354011E-14,
    -7.148953233712));
#4812 = VECTOR('',#4813,1.);
#4813 = DIRECTION('',(-0.69636424032,0.707106781187,0.122787803969));
#4814 = ORIENTED_EDGE('',*,*,#2942,.F.);
#4815 = ORIENTED_EDGE('',*,*,#4793,.F.);
#4816 = ORIENTED_EDGE('',*,*,#4817,.F.);
#4817 = EDGE_CURVE('',#4808,#4783,#4818,.T.);
#4818 = LINE('',#4819,#4820);
#4819 = CARTESIAN_POINT('',(-9.365656527151,-8.789531594851E-14,
    -7.706340125327));
#4820 = VECTOR('',#4821,1.);
#4821 = DIRECTION('',(-0.173648177667,-7.972361441474E-17,
    -0.984807753012));
#4822 = PLANE('',#4823);
#4823 = AXIS2_PLACEMENT_3D('',#4824,#4825,#4826);
#4824 = CARTESIAN_POINT('',(-9.439517108627,7.499999999991E-02,
    -7.693316512002));
#4825 = DIRECTION('',(0.69636424032,0.707106781187,-0.122787803969));
#4826 = DIRECTION('',(-0.173648177667,8.326672684689E-17,-0.984807753012
    ));
#4827 = ADVANCED_FACE('',(#4828),#4847,.T.);
#4828 = FACE_BOUND('',#4829,.T.);
#4829 = EDGE_LOOP('',(#4830,#4838,#4839,#4840));
#4830 = ORIENTED_EDGE('',*,*,#4831,.T.);
#4831 = EDGE_CURVE('',#4832,#2967,#4834,.T.);
#4832 = VERTEX_POINT('',#4833);
#4833 = CARTESIAN_POINT('',(-9.208285714286,-8.787061510405E-14,
    -7.099372124372));
#4834 = LINE('',#4835,#4836);
#4835 = CARTESIAN_POINT('',(-9.208285714286,-8.787061510405E-14,
    -7.099372124372));
#4836 = VECTOR('',#4837,1.);
#4837 = DIRECTION('',(4.297885742857E-16,0.707106781187,0.707106781187)
  );
#4838 = ORIENTED_EDGE('',*,*,#2966,.F.);
#4839 = ORIENTED_EDGE('',*,*,#4807,.F.);
#4840 = ORIENTED_EDGE('',*,*,#4841,.F.);
#4841 = EDGE_CURVE('',#4832,#4808,#4842,.T.);
#4842 = CIRCLE('',#4843,6.E-02);
#4843 = AXIS2_PLACEMENT_3D('',#4844,#4845,#4846);
#4844 = CARTESIAN_POINT('',(-9.208285714286,-8.788060711127E-14,
    -7.159372124372));
#4845 = DIRECTION('',(-4.853481507928E-16,-1.,1.665334536942E-16));
#4846 = DIRECTION('',(-1.,4.853481507928E-16,1.22464679915E-16));
#4847 = CONICAL_SURFACE('',#4848,0.135,0.785398163397);
#4848 = AXIS2_PLACEMENT_3D('',#4849,#4850,#4851);
#4849 = CARTESIAN_POINT('',(-9.208285714286,7.499999999991E-02,
    -7.159372124372));
#4850 = DIRECTION('',(4.853481507928E-16,1.,-1.665334536942E-16));
#4851 = DIRECTION('',(-1.,4.853481507928E-16,1.22464679915E-16));
#4852 = ADVANCED_FACE('',(#4853),#4871,.F.);
#4853 = FACE_BOUND('',#4854,.T.);
#4854 = EDGE_LOOP('',(#4855,#4863,#4864,#4865));
#4855 = ORIENTED_EDGE('',*,*,#4856,.T.);
#4856 = EDGE_CURVE('',#4857,#2992,#4859,.T.);
#4857 = VERTEX_POINT('',#4858);
#4858 = CARTESIAN_POINT('',(-8.791285714286,-8.807300528293E-14,
    -7.099372124372));
#4859 = LINE('',#4860,#4861);
#4860 = CARTESIAN_POINT('',(-8.791285714286,-8.807300528293E-14,
    -7.099372124372));
#4861 = VECTOR('',#4862,1.);
#4862 = DIRECTION('',(4.297885742857E-16,0.707106781187,0.707106781187)
  );
#4863 = ORIENTED_EDGE('',*,*,#2991,.F.);
#4864 = ORIENTED_EDGE('',*,*,#4831,.F.);
#4865 = ORIENTED_EDGE('',*,*,#4866,.F.);
#4866 = EDGE_CURVE('',#4857,#4832,#4867,.T.);
#4867 = LINE('',#4868,#4869);
#4868 = CARTESIAN_POINT('',(-9.104142857143,-8.792116064718E-14,
    -7.099372124372));
#4869 = VECTOR('',#4870,1.);
#4870 = DIRECTION('',(-1.,4.853481507928E-16,1.22464679915E-16));
#4871 = PLANE('',#4872);
#4872 = AXIS2_PLACEMENT_3D('',#4873,#4874,#4875);
#4873 = CARTESIAN_POINT('',(-9.104142857143,7.499999999991E-02,
    -7.024372124372));
#4874 = DIRECTION('',(2.565973630382E-16,0.707106781187,-0.707106781187)
  );
#4875 = DIRECTION('',(-1.,4.853481507928E-16,1.22464679915E-16));
#4876 = ADVANCED_FACE('',(#4877),#4896,.T.);
#4877 = FACE_BOUND('',#4878,.T.);
#4878 = EDGE_LOOP('',(#4879,#4887,#4888,#4889));
#4879 = ORIENTED_EDGE('',*,*,#4880,.T.);
#4880 = EDGE_CURVE('',#4881,#3016,#4883,.T.);
#4881 = VERTEX_POINT('',#4882);
#4882 = CARTESIAN_POINT('',(-8.732197249105,-8.810994067361E-14,
    -7.148953233712));
#4883 = LINE('',#4884,#4885);
#4884 = CARTESIAN_POINT('',(-8.732197249105,-8.810994067361E-14,
    -7.148953233712));
#4885 = VECTOR('',#4886,1.);
#4886 = DIRECTION('',(0.69636424032,0.707106781187,0.122787803969));
#4887 = ORIENTED_EDGE('',*,*,#3015,.F.);
#4888 = ORIENTED_EDGE('',*,*,#4856,.F.);
#4889 = ORIENTED_EDGE('',*,*,#4890,.F.);
#4890 = EDGE_CURVE('',#4881,#4857,#4891,.T.);
#4891 = CIRCLE('',#4892,6.E-02);
#4892 = AXIS2_PLACEMENT_3D('',#4893,#4894,#4895);
#4893 = CARTESIAN_POINT('',(-8.791285714286,-8.808299729015E-14,
    -7.159372124372));
#4894 = DIRECTION('',(-4.853481507928E-16,-1.,1.665334536942E-16));
#4895 = DIRECTION('',(1.,-4.853481507928E-16,-1.22464679915E-16));
#4896 = CONICAL_SURFACE('',#4897,0.135,0.785398163397);
#4897 = AXIS2_PLACEMENT_3D('',#4898,#4899,#4900);
#4898 = CARTESIAN_POINT('',(-8.791285714286,7.499999999991E-02,
    -7.159372124372));
#4899 = DIRECTION('',(4.853481507928E-16,1.,-1.665334536942E-16));
#4900 = DIRECTION('',(1.,-4.853481507928E-16,-1.22464679915E-16));
#4901 = ADVANCED_FACE('',(#4902),#4920,.F.);
#4902 = FACE_BOUND('',#4903,.T.);
#4903 = EDGE_LOOP('',(#4904,#4912,#4913,#4914));
#4904 = ORIENTED_EDGE('',*,*,#4905,.T.);
#4905 = EDGE_CURVE('',#4906,#3041,#4908,.T.);
#4906 = VERTEX_POINT('',#4907);
#4907 = CARTESIAN_POINT('',(-8.655792050932,-8.821918530724E-14,
    -7.582268645038));
#4908 = LINE('',#4909,#4910);
#4909 = CARTESIAN_POINT('',(-8.655792050932,-8.821918530724E-14,
    -7.582268645038));
#4910 = VECTOR('',#4911,1.);
#4911 = DIRECTION('',(0.69636424032,0.707106781187,0.122787803969));
#4912 = ORIENTED_EDGE('',*,*,#3040,.F.);
#4913 = ORIENTED_EDGE('',*,*,#4880,.F.);
#4914 = ORIENTED_EDGE('',*,*,#4915,.F.);
#4915 = EDGE_CURVE('',#4906,#4881,#4916,.T.);
#4916 = LINE('',#4917,#4918);
#4917 = CARTESIAN_POINT('',(-8.672123962012,-8.81958338379E-14,
    -7.489645774649));
#4918 = VECTOR('',#4919,1.);
#4919 = DIRECTION('',(-0.173648177667,2.482832582531E-16,0.984807753012)
  );
#4920 = PLANE('',#4921);
#4921 = AXIS2_PLACEMENT_3D('',#4922,#4923,#4924);
#4922 = CARTESIAN_POINT('',(-8.598263380536,7.499999999991E-02,
    -7.476622161324));
#4923 = DIRECTION('',(-0.69636424032,0.707106781187,-0.122787803969));
#4924 = DIRECTION('',(-0.173648177667,4.163336342344E-16,0.984807753012)
  );
#4925 = ADVANCED_FACE('',(#4926),#4945,.F.);
#4926 = FACE_BOUND('',#4927,.F.);
#4927 = EDGE_LOOP('',(#4928,#4937,#4938,#4939));
#4928 = ORIENTED_EDGE('',*,*,#4929,.T.);
#4929 = EDGE_CURVE('',#4930,#4906,#4932,.T.);
#4930 = VERTEX_POINT('',#4931);
#4931 = CARTESIAN_POINT('',(-8.099868074356,-8.85666857746E-14,
    -8.048744248745));
#4932 = CIRCLE('',#4933,0.5645);
#4933 = AXIS2_PLACEMENT_3D('',#4934,#4935,#4936);
#4934 = CARTESIAN_POINT('',(-8.099868074356,-8.847267763999E-14,
    -7.484244248745));
#4935 = DIRECTION('',(4.853481507928E-16,1.,-1.665334536942E-16));
#4936 = DIRECTION('',(-1.,4.853481507928E-16,1.22464679915E-16));
#4937 = ORIENTED_EDGE('',*,*,#4905,.T.);
#4938 = ORIENTED_EDGE('',*,*,#3070,.T.);
#4939 = ORIENTED_EDGE('',*,*,#4940,.F.);
#4940 = EDGE_CURVE('',#4930,#3063,#4941,.T.);
#4941 = LINE('',#4942,#4943);
#4942 = CARTESIAN_POINT('',(-8.099868074356,-8.85666857746E-14,
    -8.048744248745));
#4943 = VECTOR('',#4944,1.);
#4944 = DIRECTION('',(4.297885742857E-16,0.707106781187,0.707106781187)
  );
#4945 = CONICAL_SURFACE('',#4946,0.4895,0.785398163397);
#4946 = AXIS2_PLACEMENT_3D('',#4947,#4948,#4949);
#4947 = CARTESIAN_POINT('',(-8.099868074356,7.499999999991E-02,
    -7.484244248745));
#4948 = DIRECTION('',(-4.853481507928E-16,-1.,1.665334536942E-16));
#4949 = DIRECTION('',(-1.,4.853481507928E-16,1.22464679915E-16));
#4950 = ADVANCED_FACE('',(#4951),#4969,.F.);
#4951 = FACE_BOUND('',#4952,.T.);
#4952 = EDGE_LOOP('',(#4953,#4961,#4962,#4963));
#4953 = ORIENTED_EDGE('',*,*,#4954,.T.);
#4954 = EDGE_CURVE('',#4955,#3090,#4957,.T.);
#4955 = VERTEX_POINT('',#4956);
#4956 = CARTESIAN_POINT('',(-7.899846211358,-8.866376601593E-14,
    -8.048744248745));
#4957 = LINE('',#4958,#4959);
#4958 = CARTESIAN_POINT('',(-7.899846211358,-8.866376601593E-14,
    -8.048744248745));
#4959 = VECTOR('',#4960,1.);
#4960 = DIRECTION('',(4.297885742857E-16,0.707106781187,0.707106781187)
  );
#4961 = ORIENTED_EDGE('',*,*,#3089,.F.);
#4962 = ORIENTED_EDGE('',*,*,#4940,.F.);
#4963 = ORIENTED_EDGE('',*,*,#4964,.F.);
#4964 = EDGE_CURVE('',#4955,#4930,#4965,.T.);
#4965 = LINE('',#4966,#4967);
#4966 = CARTESIAN_POINT('',(-9.,-8.812980840902E-14,-8.048744248745));
#4967 = VECTOR('',#4968,1.);
#4968 = DIRECTION('',(-1.,4.853481507928E-16,1.22464679915E-16));
#4969 = PLANE('',#4970);
#4970 = AXIS2_PLACEMENT_3D('',#4971,#4972,#4973);
#4971 = CARTESIAN_POINT('',(-9.,7.499999999991E-02,-7.973744248745));
#4972 = DIRECTION('',(2.565973630382E-16,0.707106781187,-0.707106781187)
  );
#4973 = DIRECTION('',(-1.,4.853481507928E-16,1.22464679915E-16));
#4974 = ADVANCED_FACE('',(#4975),#4994,.F.);
#4975 = FACE_BOUND('',#4976,.F.);
#4976 = EDGE_LOOP('',(#4977,#4986,#4987,#4988));
#4977 = ORIENTED_EDGE('',*,*,#4978,.T.);
#4978 = EDGE_CURVE('',#4979,#4955,#4981,.T.);
#4979 = VERTEX_POINT('',#4980);
#4980 = CARTESIAN_POINT('',(-7.343922234783,-8.885589889659E-14,
    -7.582268645038));
#4981 = CIRCLE('',#4982,0.5645);
#4982 = AXIS2_PLACEMENT_3D('',#4983,#4984,#4985);
#4983 = CARTESIAN_POINT('',(-7.899846211358,-8.856975788132E-14,
    -7.484244248745));
#4984 = DIRECTION('',(4.853481507928E-16,1.,-1.665334536942E-16));
#4985 = DIRECTION('',(1.,-4.853481507928E-16,-1.22464679915E-16));
#4986 = ORIENTED_EDGE('',*,*,#4954,.T.);
#4987 = ORIENTED_EDGE('',*,*,#3119,.T.);
#4988 = ORIENTED_EDGE('',*,*,#4989,.F.);
#4989 = EDGE_CURVE('',#4979,#3112,#4990,.T.);
#4990 = LINE('',#4991,#4992);
#4991 = CARTESIAN_POINT('',(-7.343922234783,-8.885589889659E-14,
    -7.582268645038));
#4992 = VECTOR('',#4993,1.);
#4993 = DIRECTION('',(-0.69636424032,0.707106781187,0.122787803969));
#4994 = CONICAL_SURFACE('',#4995,0.4895,0.785398163397);
#4995 = AXIS2_PLACEMENT_3D('',#4996,#4997,#4998);
#4996 = CARTESIAN_POINT('',(-7.899846211358,7.499999999991E-02,
    -7.484244248745));
#4997 = DIRECTION('',(-4.853481507928E-16,-1.,1.665334536942E-16));
#4998 = DIRECTION('',(1.,-4.853481507928E-16,-1.22464679915E-16));
#4999 = ADVANCED_FACE('',(#5000),#5018,.F.);
#5000 = FACE_BOUND('',#5001,.T.);
#5001 = EDGE_LOOP('',(#5002,#5010,#5011,#5012));
#5002 = ORIENTED_EDGE('',*,*,#5003,.T.);
#5003 = EDGE_CURVE('',#5004,#3139,#5006,.T.);
#5004 = VERTEX_POINT('',#5005);
#5005 = CARTESIAN_POINT('',(-7.267517036609,-8.882082050625E-14,
    -7.148953233712));
#5006 = LINE('',#5007,#5008);
#5007 = CARTESIAN_POINT('',(-7.267517036609,-8.882082050625E-14,
    -7.148953233712));
#5008 = VECTOR('',#5009,1.);
#5009 = DIRECTION('',(-0.69636424032,0.707106781187,0.122787803969));
#5010 = ORIENTED_EDGE('',*,*,#3138,.F.);
#5011 = ORIENTED_EDGE('',*,*,#4989,.F.);
#5012 = ORIENTED_EDGE('',*,*,#5013,.F.);
#5013 = EDGE_CURVE('',#5004,#4979,#5014,.T.);
#5014 = LINE('',#5015,#5016);
#5015 = CARTESIAN_POINT('',(-7.395950920066,-8.887978578616E-14,
    -7.877337981985));
#5016 = VECTOR('',#5017,1.);
#5017 = DIRECTION('',(-0.173648177667,-7.972361441474E-17,
    -0.984807753012));
#5018 = PLANE('',#5019);
#5019 = AXIS2_PLACEMENT_3D('',#5020,#5021,#5022);
#5020 = CARTESIAN_POINT('',(-7.469811501542,7.499999999991E-02,
    -7.864314368659));
#5021 = DIRECTION('',(0.69636424032,0.707106781187,-0.122787803969));
#5022 = DIRECTION('',(-0.173648177667,2.775557561563E-17,-0.984807753012
    ));
#5023 = ADVANCED_FACE('',(#5024),#5043,.T.);
#5024 = FACE_BOUND('',#5025,.T.);
#5025 = EDGE_LOOP('',(#5026,#5034,#5035,#5036));
#5026 = ORIENTED_EDGE('',*,*,#5027,.T.);
#5027 = EDGE_CURVE('',#5028,#3163,#5030,.T.);
#5028 = VERTEX_POINT('',#5029);
#5029 = CARTESIAN_POINT('',(-7.208428571429,-8.884124207018E-14,
    -7.099372124372));
#5030 = LINE('',#5031,#5032);
#5031 = CARTESIAN_POINT('',(-7.208428571429,-8.884124207018E-14,
    -7.099372124372));
#5032 = VECTOR('',#5033,1.);
#5033 = DIRECTION('',(4.297885742857E-16,0.707106781187,0.707106781187)
  );
#5034 = ORIENTED_EDGE('',*,*,#3162,.F.);
#5035 = ORIENTED_EDGE('',*,*,#5003,.F.);
#5036 = ORIENTED_EDGE('',*,*,#5037,.F.);
#5037 = EDGE_CURVE('',#5028,#5004,#5038,.T.);
#5038 = CIRCLE('',#5039,6.E-02);
#5039 = AXIS2_PLACEMENT_3D('',#5040,#5041,#5042);
#5040 = CARTESIAN_POINT('',(-7.208428571429,-8.88512340774E-14,
    -7.159372124372));
#5041 = DIRECTION('',(-4.853481507928E-16,-1.,1.665334536942E-16));
#5042 = DIRECTION('',(-1.,4.853481507928E-16,1.22464679915E-16));
#5043 = CONICAL_SURFACE('',#5044,0.135,0.785398163397);
#5044 = AXIS2_PLACEMENT_3D('',#5045,#5046,#5047);
#5045 = CARTESIAN_POINT('',(-7.208428571429,7.499999999991E-02,
    -7.159372124372));
#5046 = DIRECTION('',(4.853481507928E-16,1.,-1.665334536942E-16));
#5047 = DIRECTION('',(-1.,4.853481507928E-16,1.22464679915E-16));
#5048 = ADVANCED_FACE('',(#5049),#5067,.F.);
#5049 = FACE_BOUND('',#5050,.T.);
#5050 = EDGE_LOOP('',(#5051,#5059,#5060,#5061));
#5051 = ORIENTED_EDGE('',*,*,#5052,.T.);
#5052 = EDGE_CURVE('',#5053,#3188,#5055,.T.);
#5053 = VERTEX_POINT('',#5054);
#5054 = CARTESIAN_POINT('',(-6.791428571429,-8.904363224906E-14,
    -7.099372124372));
#5055 = LINE('',#5056,#5057);
#5056 = CARTESIAN_POINT('',(-6.791428571429,-8.904363224906E-14,
    -7.099372124372));
#5057 = VECTOR('',#5058,1.);
#5058 = DIRECTION('',(4.297885742857E-16,0.707106781187,0.707106781187)
  );
#5059 = ORIENTED_EDGE('',*,*,#3187,.F.);
#5060 = ORIENTED_EDGE('',*,*,#5027,.F.);
#5061 = ORIENTED_EDGE('',*,*,#5062,.F.);
#5062 = EDGE_CURVE('',#5053,#5028,#5063,.T.);
#5063 = LINE('',#5064,#5065);
#5064 = CARTESIAN_POINT('',(-8.104214285714,-8.840647413025E-14,
    -7.099372124372));
#5065 = VECTOR('',#5066,1.);
#5066 = DIRECTION('',(-1.,4.853481507928E-16,1.22464679915E-16));
#5067 = PLANE('',#5068);
#5068 = AXIS2_PLACEMENT_3D('',#5069,#5070,#5071);
#5069 = CARTESIAN_POINT('',(-8.104214285714,7.499999999991E-02,
    -7.024372124372));
#5070 = DIRECTION('',(2.565973630382E-16,0.707106781187,-0.707106781187)
  );
#5071 = DIRECTION('',(-1.,4.853481507928E-16,1.22464679915E-16));
#5072 = ADVANCED_FACE('',(#5073),#5092,.T.);
#5073 = FACE_BOUND('',#5074,.T.);
#5074 = EDGE_LOOP('',(#5075,#5083,#5084,#5085));
#5075 = ORIENTED_EDGE('',*,*,#5076,.T.);
#5076 = EDGE_CURVE('',#5077,#3212,#5079,.T.);
#5077 = VERTEX_POINT('',#5078);
#5078 = CARTESIAN_POINT('',(-6.732340106248,-8.908056763975E-14,
    -7.148953233712));
#5079 = LINE('',#5080,#5081);
#5080 = CARTESIAN_POINT('',(-6.732340106248,-8.908056763975E-14,
    -7.148953233712));
#5081 = VECTOR('',#5082,1.);
#5082 = DIRECTION('',(0.69636424032,0.707106781187,0.122787803969));
#5083 = ORIENTED_EDGE('',*,*,#3211,.F.);
#5084 = ORIENTED_EDGE('',*,*,#5052,.F.);
#5085 = ORIENTED_EDGE('',*,*,#5086,.F.);
#5086 = EDGE_CURVE('',#5077,#5053,#5087,.T.);
#5087 = CIRCLE('',#5088,6.E-02);
#5088 = AXIS2_PLACEMENT_3D('',#5089,#5090,#5091);
#5089 = CARTESIAN_POINT('',(-6.791428571429,-8.905362425628E-14,
    -7.159372124372));
#5090 = DIRECTION('',(-4.853481507928E-16,-1.,1.665334536942E-16));
#5091 = DIRECTION('',(1.,-4.853481507928E-16,-1.22464679915E-16));
#5092 = CONICAL_SURFACE('',#5093,0.135,0.785398163397);
#5093 = AXIS2_PLACEMENT_3D('',#5094,#5095,#5096);
#5094 = CARTESIAN_POINT('',(-6.791428571429,7.499999999991E-02,
    -7.159372124372));
#5095 = DIRECTION('',(4.853481507928E-16,1.,-1.665334536942E-16));
#5096 = DIRECTION('',(1.,-4.853481507928E-16,-1.22464679915E-16));
#5097 = ADVANCED_FACE('',(#5098),#5116,.F.);
#5098 = FACE_BOUND('',#5099,.T.);
#5099 = EDGE_LOOP('',(#5100,#5108,#5109,#5110));
#5100 = ORIENTED_EDGE('',*,*,#5101,.T.);
#5101 = EDGE_CURVE('',#5102,#3237,#5104,.T.);
#5102 = VERTEX_POINT('',#5103);
#5103 = CARTESIAN_POINT('',(-6.655934908075,-8.918981227338E-14,
    -7.582268645038));
#5104 = LINE('',#5105,#5106);
#5105 = CARTESIAN_POINT('',(-6.655934908075,-8.918981227338E-14,
    -7.582268645038));
#5106 = VECTOR('',#5107,1.);
#5107 = DIRECTION('',(0.69636424032,0.707106781187,0.122787803969));
#5108 = ORIENTED_EDGE('',*,*,#3236,.F.);
#5109 = ORIENTED_EDGE('',*,*,#5076,.F.);
#5110 = ORIENTED_EDGE('',*,*,#5111,.F.);
#5111 = EDGE_CURVE('',#5102,#5077,#5112,.T.);
#5112 = LINE('',#5113,#5114);
#5113 = CARTESIAN_POINT('',(-6.702418354927,-8.912334994827E-14,
    -7.318647917991));
#5114 = VECTOR('',#5115,1.);
#5115 = DIRECTION('',(-0.173648177667,2.482832582531E-16,0.984807753012)
  );
#5116 = PLANE('',#5117);
#5117 = AXIS2_PLACEMENT_3D('',#5118,#5119,#5120);
#5118 = CARTESIAN_POINT('',(-6.628557773451,7.499999999991E-02,
    -7.305624304666));
#5119 = DIRECTION('',(-0.69636424032,0.707106781187,-0.122787803969));
#5120 = DIRECTION('',(-0.173648177667,4.163336342344E-16,0.984807753012)
  );
#5121 = ADVANCED_FACE('',(#5122),#5141,.F.);
#5122 = FACE_BOUND('',#5123,.F.);
#5123 = EDGE_LOOP('',(#5124,#5133,#5134,#5135));
#5124 = ORIENTED_EDGE('',*,*,#5125,.T.);
#5125 = EDGE_CURVE('',#5126,#5102,#5128,.T.);
#5126 = VERTEX_POINT('',#5127);
#5127 = CARTESIAN_POINT('',(-6.100010931499,-8.953731274074E-14,
    -8.048744248745));
#5128 = CIRCLE('',#5129,0.5645);
#5129 = AXIS2_PLACEMENT_3D('',#5130,#5131,#5132);
#5130 = CARTESIAN_POINT('',(-6.100010931499,-8.944330460613E-14,
    -7.484244248745));
#5131 = DIRECTION('',(4.853481507928E-16,1.,-1.665334536942E-16));
#5132 = DIRECTION('',(-1.,4.853481507928E-16,1.22464679915E-16));
#5133 = ORIENTED_EDGE('',*,*,#5101,.T.);
#5134 = ORIENTED_EDGE('',*,*,#3266,.T.);
#5135 = ORIENTED_EDGE('',*,*,#5136,.F.);
#5136 = EDGE_CURVE('',#5126,#3259,#5137,.T.);
#5137 = LINE('',#5138,#5139);
#5138 = CARTESIAN_POINT('',(-6.100010931499,-8.953731274074E-14,
    -8.048744248745));
#5139 = VECTOR('',#5140,1.);
#5140 = DIRECTION('',(4.297885742857E-16,0.707106781187,0.707106781187)
  );
#5141 = CONICAL_SURFACE('',#5142,0.4895,0.785398163397);
#5142 = AXIS2_PLACEMENT_3D('',#5143,#5144,#5145);
#5143 = CARTESIAN_POINT('',(-6.100010931499,7.499999999991E-02,
    -7.484244248745));
#5144 = DIRECTION('',(-4.853481507928E-16,-1.,1.665334536942E-16));
#5145 = DIRECTION('',(-1.,4.853481507928E-16,1.22464679915E-16));
#5146 = ADVANCED_FACE('',(#5147),#5165,.F.);
#5147 = FACE_BOUND('',#5148,.T.);
#5148 = EDGE_LOOP('',(#5149,#5157,#5158,#5159));
#5149 = ORIENTED_EDGE('',*,*,#5150,.T.);
#5150 = EDGE_CURVE('',#5151,#3286,#5153,.T.);
#5151 = VERTEX_POINT('',#5152);
#5152 = CARTESIAN_POINT('',(-5.899989068501,-8.963439298206E-14,
    -8.048744248745));
#5153 = LINE('',#5154,#5155);
#5154 = CARTESIAN_POINT('',(-5.899989068501,-8.963439298206E-14,
    -8.048744248745));
#5155 = VECTOR('',#5156,1.);
#5156 = DIRECTION('',(4.297885742857E-16,0.707106781187,0.707106781187)
  );
#5157 = ORIENTED_EDGE('',*,*,#3285,.F.);
#5158 = ORIENTED_EDGE('',*,*,#5136,.F.);
#5159 = ORIENTED_EDGE('',*,*,#5160,.F.);
#5160 = EDGE_CURVE('',#5151,#5126,#5161,.T.);
#5161 = LINE('',#5162,#5163);
#5162 = CARTESIAN_POINT('',(-9.,-8.812980840902E-14,-8.048744248745));
#5163 = VECTOR('',#5164,1.);
#5164 = DIRECTION('',(-1.,4.853481507928E-16,1.22464679915E-16));
#5165 = PLANE('',#5166);
#5166 = AXIS2_PLACEMENT_3D('',#5167,#5168,#5169);
#5167 = CARTESIAN_POINT('',(-9.,7.499999999991E-02,-7.973744248745));
#5168 = DIRECTION('',(2.565973630382E-16,0.707106781187,-0.707106781187)
  );
#5169 = DIRECTION('',(-1.,4.853481507928E-16,1.22464679915E-16));
#5170 = ADVANCED_FACE('',(#5171),#5190,.F.);
#5171 = FACE_BOUND('',#5172,.F.);
#5172 = EDGE_LOOP('',(#5173,#5182,#5183,#5184));
#5173 = ORIENTED_EDGE('',*,*,#5174,.T.);
#5174 = EDGE_CURVE('',#5175,#5151,#5177,.T.);
#5175 = VERTEX_POINT('',#5176);
#5176 = CARTESIAN_POINT('',(-5.344065091926,-8.982652586273E-14,
    -7.582268645038));
#5177 = CIRCLE('',#5178,0.5645);
#5178 = AXIS2_PLACEMENT_3D('',#5179,#5180,#5181);
#5179 = CARTESIAN_POINT('',(-5.899989068501,-8.954038484745E-14,
    -7.484244248745));
#5180 = DIRECTION('',(4.853481507928E-16,1.,-1.665334536942E-16));
#5181 = DIRECTION('',(1.,-4.853481507928E-16,-1.22464679915E-16));
#5182 = ORIENTED_EDGE('',*,*,#5150,.T.);
#5183 = ORIENTED_EDGE('',*,*,#3315,.T.);
#5184 = ORIENTED_EDGE('',*,*,#5185,.F.);
#5185 = EDGE_CURVE('',#5175,#3308,#5186,.T.);
#5186 = LINE('',#5187,#5188);
#5187 = CARTESIAN_POINT('',(-5.344065091926,-8.982652586273E-14,
    -7.582268645038));
#5188 = VECTOR('',#5189,1.);
#5189 = DIRECTION('',(-0.69636424032,0.707106781187,0.122787803969));
#5190 = CONICAL_SURFACE('',#5191,0.4895,0.785398163397);
#5191 = AXIS2_PLACEMENT_3D('',#5192,#5193,#5194);
#5192 = CARTESIAN_POINT('',(-5.899989068501,7.499999999991E-02,
    -7.484244248745));
#5193 = DIRECTION('',(-4.853481507928E-16,-1.,1.665334536942E-16));
#5194 = DIRECTION('',(1.,-4.853481507928E-16,-1.22464679915E-16));
#5195 = ADVANCED_FACE('',(#5196),#5214,.F.);
#5196 = FACE_BOUND('',#5197,.T.);
#5197 = EDGE_LOOP('',(#5198,#5206,#5207,#5208));
#5198 = ORIENTED_EDGE('',*,*,#5199,.T.);
#5199 = EDGE_CURVE('',#5200,#3335,#5202,.T.);
#5200 = VERTEX_POINT('',#5201);
#5201 = CARTESIAN_POINT('',(-5.267659893752,-8.979144747238E-14,
    -7.148953233712));
#5202 = LINE('',#5203,#5204);
#5203 = CARTESIAN_POINT('',(-5.267659893752,-8.979144747238E-14,
    -7.148953233712));
#5204 = VECTOR('',#5205,1.);
#5205 = DIRECTION('',(-0.69636424032,0.707106781187,0.122787803969));
#5206 = ORIENTED_EDGE('',*,*,#3334,.F.);
#5207 = ORIENTED_EDGE('',*,*,#5185,.F.);
#5208 = ORIENTED_EDGE('',*,*,#5209,.F.);
#5209 = EDGE_CURVE('',#5200,#5175,#5210,.T.);
#5210 = LINE('',#5211,#5212);
#5211 = CARTESIAN_POINT('',(-5.426245312981,-8.986425562381E-14,
    -8.048335838642));
#5212 = VECTOR('',#5213,1.);
#5213 = DIRECTION('',(-0.173648177667,-7.972361441474E-17,
    -0.984807753012));
#5214 = PLANE('',#5215);
#5215 = AXIS2_PLACEMENT_3D('',#5216,#5217,#5218);
#5216 = CARTESIAN_POINT('',(-5.500105894457,7.499999999991E-02,
    -8.035312225317));
#5217 = DIRECTION('',(0.69636424032,0.707106781187,-0.122787803969));
#5218 = DIRECTION('',(-0.173648177667,8.326672684689E-17,-0.984807753012
    ));
#5219 = ADVANCED_FACE('',(#5220),#5239,.T.);
#5220 = FACE_BOUND('',#5221,.T.);
#5221 = EDGE_LOOP('',(#5222,#5230,#5231,#5232));
#5222 = ORIENTED_EDGE('',*,*,#5223,.T.);
#5223 = EDGE_CURVE('',#5224,#3359,#5226,.T.);
#5224 = VERTEX_POINT('',#5225);
#5225 = CARTESIAN_POINT('',(-5.208571428572,-8.981186903632E-14,
    -7.099372124372));
#5226 = LINE('',#5227,#5228);
#5227 = CARTESIAN_POINT('',(-5.208571428572,-8.981186903632E-14,
    -7.099372124372));
#5228 = VECTOR('',#5229,1.);
#5229 = DIRECTION('',(4.297885742857E-16,0.707106781187,0.707106781187)
  );
#5230 = ORIENTED_EDGE('',*,*,#3358,.F.);
#5231 = ORIENTED_EDGE('',*,*,#5199,.F.);
#5232 = ORIENTED_EDGE('',*,*,#5233,.F.);
#5233 = EDGE_CURVE('',#5224,#5200,#5234,.T.);
#5234 = CIRCLE('',#5235,6.E-02);
#5235 = AXIS2_PLACEMENT_3D('',#5236,#5237,#5238);
#5236 = CARTESIAN_POINT('',(-5.208571428572,-8.982186104354E-14,
    -7.159372124372));
#5237 = DIRECTION('',(-4.853481507928E-16,-1.,1.665334536942E-16));
#5238 = DIRECTION('',(-1.,4.853481507928E-16,1.22464679915E-16));
#5239 = CONICAL_SURFACE('',#5240,0.135,0.785398163397);
#5240 = AXIS2_PLACEMENT_3D('',#5241,#5242,#5243);
#5241 = CARTESIAN_POINT('',(-5.208571428572,7.499999999991E-02,
    -7.159372124372));
#5242 = DIRECTION('',(4.853481507928E-16,1.,-1.665334536942E-16));
#5243 = DIRECTION('',(-1.,4.853481507928E-16,1.22464679915E-16));
#5244 = ADVANCED_FACE('',(#5245),#5263,.F.);
#5245 = FACE_BOUND('',#5246,.T.);
#5246 = EDGE_LOOP('',(#5247,#5255,#5256,#5257));
#5247 = ORIENTED_EDGE('',*,*,#5248,.T.);
#5248 = EDGE_CURVE('',#5249,#3384,#5251,.T.);
#5249 = VERTEX_POINT('',#5250);
#5250 = CARTESIAN_POINT('',(-4.791571428572,-9.00142592152E-14,
    -7.099372124372));
#5251 = LINE('',#5252,#5253);
#5252 = CARTESIAN_POINT('',(-4.791571428572,-9.00142592152E-14,
    -7.099372124372));
#5253 = VECTOR('',#5254,1.);
#5254 = DIRECTION('',(4.297885742857E-16,0.707106781187,0.707106781187)
  );
#5255 = ORIENTED_EDGE('',*,*,#3383,.F.);
#5256 = ORIENTED_EDGE('',*,*,#5223,.F.);
#5257 = ORIENTED_EDGE('',*,*,#5258,.F.);
#5258 = EDGE_CURVE('',#5249,#5224,#5259,.T.);
#5259 = LINE('',#5260,#5261);
#5260 = CARTESIAN_POINT('',(-7.104285714286,-8.889178761331E-14,
    -7.099372124372));
#5261 = VECTOR('',#5262,1.);
#5262 = DIRECTION('',(-1.,4.853481507928E-16,1.22464679915E-16));
#5263 = PLANE('',#5264);
#5264 = AXIS2_PLACEMENT_3D('',#5265,#5266,#5267);
#5265 = CARTESIAN_POINT('',(-7.104285714286,7.499999999991E-02,
    -7.024372124372));
#5266 = DIRECTION('',(2.565973630382E-16,0.707106781187,-0.707106781187)
  );
#5267 = DIRECTION('',(-1.,4.853481507928E-16,1.22464679915E-16));
#5268 = ADVANCED_FACE('',(#5269),#5288,.T.);
#5269 = FACE_BOUND('',#5270,.T.);
#5270 = EDGE_LOOP('',(#5271,#5279,#5280,#5281));
#5271 = ORIENTED_EDGE('',*,*,#5272,.T.);
#5272 = EDGE_CURVE('',#5273,#3408,#5275,.T.);
#5273 = VERTEX_POINT('',#5274);
#5274 = CARTESIAN_POINT('',(-4.732482963391,-9.005119460588E-14,
    -7.148953233712));
#5275 = LINE('',#5276,#5277);
#5276 = CARTESIAN_POINT('',(-4.732482963391,-9.005119460588E-14,
    -7.148953233712));
#5277 = VECTOR('',#5278,1.);
#5278 = DIRECTION('',(0.69636424032,0.707106781187,0.122787803969));
#5279 = ORIENTED_EDGE('',*,*,#3407,.F.);
#5280 = ORIENTED_EDGE('',*,*,#5248,.F.);
#5281 = ORIENTED_EDGE('',*,*,#5282,.F.);
#5282 = EDGE_CURVE('',#5273,#5249,#5283,.T.);
#5283 = CIRCLE('',#5284,6.E-02);
#5284 = AXIS2_PLACEMENT_3D('',#5285,#5286,#5287);
#5285 = CARTESIAN_POINT('',(-4.791571428572,-9.002425122242E-14,
    -7.159372124372));
#5286 = DIRECTION('',(-4.853481507928E-16,-1.,1.665334536942E-16));
#5287 = DIRECTION('',(1.,-4.853481507928E-16,-1.22464679915E-16));
#5288 = CONICAL_SURFACE('',#5289,0.135,0.785398163397);
#5289 = AXIS2_PLACEMENT_3D('',#5290,#5291,#5292);
#5290 = CARTESIAN_POINT('',(-4.791571428572,7.499999999991E-02,
    -7.159372124372));
#5291 = DIRECTION('',(4.853481507928E-16,1.,-1.665334536942E-16));
#5292 = DIRECTION('',(1.,-4.853481507928E-16,-1.22464679915E-16));
#5293 = ADVANCED_FACE('',(#5294),#5312,.F.);
#5294 = FACE_BOUND('',#5295,.T.);
#5295 = EDGE_LOOP('',(#5296,#5304,#5305,#5306));
#5296 = ORIENTED_EDGE('',*,*,#5297,.T.);
#5297 = EDGE_CURVE('',#5298,#3433,#5300,.T.);
#5298 = VERTEX_POINT('',#5299);
#5299 = CARTESIAN_POINT('',(-4.656077765217,-9.016043923951E-14,
    -7.582268645038));
#5300 = LINE('',#5301,#5302);
#5301 = CARTESIAN_POINT('',(-4.656077765217,-9.016043923951E-14,
    -7.582268645038));
#5302 = VECTOR('',#5303,1.);
#5303 = DIRECTION('',(0.69636424032,0.707106781187,0.122787803969));
#5304 = ORIENTED_EDGE('',*,*,#3432,.F.);
#5305 = ORIENTED_EDGE('',*,*,#5272,.F.);
#5306 = ORIENTED_EDGE('',*,*,#5307,.F.);
#5307 = EDGE_CURVE('',#5298,#5273,#5308,.T.);
#5308 = LINE('',#5309,#5310);
#5309 = CARTESIAN_POINT('',(-4.732712747842,-9.005086605863E-14,
    -7.147650061333));
#5310 = VECTOR('',#5311,1.);
#5311 = DIRECTION('',(-0.173648177667,2.482832582531E-16,0.984807753012)
  );
#5312 = PLANE('',#5313);
#5313 = AXIS2_PLACEMENT_3D('',#5314,#5315,#5316);
#5314 = CARTESIAN_POINT('',(-4.658852166366,7.499999999991E-02,
    -7.134626448008));
#5315 = DIRECTION('',(-0.69636424032,0.707106781187,-0.122787803969));
#5316 = DIRECTION('',(-0.173648177667,5.551115123126E-17,0.984807753012)
  );
#5317 = ADVANCED_FACE('',(#5318),#5337,.F.);
#5318 = FACE_BOUND('',#5319,.F.);
#5319 = EDGE_LOOP('',(#5320,#5329,#5330,#5331));
#5320 = ORIENTED_EDGE('',*,*,#5321,.T.);
#5321 = EDGE_CURVE('',#5322,#5298,#5324,.T.);
#5322 = VERTEX_POINT('',#5323);
#5323 = CARTESIAN_POINT('',(-4.100153788642,-9.050793970688E-14,
    -8.048744248745));
#5324 = CIRCLE('',#5325,0.5645);
#5325 = AXIS2_PLACEMENT_3D('',#5326,#5327,#5328);
#5326 = CARTESIAN_POINT('',(-4.100153788642,-9.041393157227E-14,
    -7.484244248745));
#5327 = DIRECTION('',(4.853481507928E-16,1.,-1.665334536942E-16));
#5328 = DIRECTION('',(-1.,4.853481507928E-16,1.22464679915E-16));
#5329 = ORIENTED_EDGE('',*,*,#5297,.T.);
#5330 = ORIENTED_EDGE('',*,*,#3462,.T.);
#5331 = ORIENTED_EDGE('',*,*,#5332,.F.);
#5332 = EDGE_CURVE('',#5322,#3455,#5333,.T.);
#5333 = LINE('',#5334,#5335);
#5334 = CARTESIAN_POINT('',(-4.100153788642,-9.050793970688E-14,
    -8.048744248745));
#5335 = VECTOR('',#5336,1.);
#5336 = DIRECTION('',(4.297885742857E-16,0.707106781187,0.707106781187)
  );
#5337 = CONICAL_SURFACE('',#5338,0.4895,0.785398163397);
#5338 = AXIS2_PLACEMENT_3D('',#5339,#5340,#5341);
#5339 = CARTESIAN_POINT('',(-4.100153788642,7.499999999991E-02,
    -7.484244248745));
#5340 = DIRECTION('',(-4.853481507928E-16,-1.,1.665334536942E-16));
#5341 = DIRECTION('',(-1.,4.853481507928E-16,1.22464679915E-16));
#5342 = ADVANCED_FACE('',(#5343),#5361,.F.);
#5343 = FACE_BOUND('',#5344,.T.);
#5344 = EDGE_LOOP('',(#5345,#5353,#5354,#5355));
#5345 = ORIENTED_EDGE('',*,*,#5346,.T.);
#5346 = EDGE_CURVE('',#5347,#3482,#5349,.T.);
#5347 = VERTEX_POINT('',#5348);
#5348 = CARTESIAN_POINT('',(-3.900131925644,-9.06050199482E-14,
    -8.048744248745));
#5349 = LINE('',#5350,#5351);
#5350 = CARTESIAN_POINT('',(-3.900131925644,-9.06050199482E-14,
    -8.048744248745));
#5351 = VECTOR('',#5352,1.);
#5352 = DIRECTION('',(4.297885742857E-16,0.707106781187,0.707106781187)
  );
#5353 = ORIENTED_EDGE('',*,*,#3481,.F.);
#5354 = ORIENTED_EDGE('',*,*,#5332,.F.);
#5355 = ORIENTED_EDGE('',*,*,#5356,.F.);
#5356 = EDGE_CURVE('',#5347,#5322,#5357,.T.);
#5357 = LINE('',#5358,#5359);
#5358 = CARTESIAN_POINT('',(-9.,-8.812980840902E-14,-8.048744248745));
#5359 = VECTOR('',#5360,1.);
#5360 = DIRECTION('',(-1.,4.853481507928E-16,1.22464679915E-16));
#5361 = PLANE('',#5362);
#5362 = AXIS2_PLACEMENT_3D('',#5363,#5364,#5365);
#5363 = CARTESIAN_POINT('',(-9.,7.499999999991E-02,-7.973744248745));
#5364 = DIRECTION('',(2.565973630382E-16,0.707106781187,-0.707106781187)
  );
#5365 = DIRECTION('',(-1.,4.853481507928E-16,1.22464679915E-16));
#5366 = ADVANCED_FACE('',(#5367),#5386,.F.);
#5367 = FACE_BOUND('',#5368,.F.);
#5368 = EDGE_LOOP('',(#5369,#5378,#5379,#5380));
#5369 = ORIENTED_EDGE('',*,*,#5370,.T.);
#5370 = EDGE_CURVE('',#5371,#5347,#5373,.T.);
#5371 = VERTEX_POINT('',#5372);
#5372 = CARTESIAN_POINT('',(-3.344207949069,-9.079715282886E-14,
    -7.582268645038));
#5373 = CIRCLE('',#5374,0.5645);
#5374 = AXIS2_PLACEMENT_3D('',#5375,#5376,#5377);
#5375 = CARTESIAN_POINT('',(-3.900131925644,-9.051101181359E-14,
    -7.484244248745));
#5376 = DIRECTION('',(4.853481507928E-16,1.,-1.665334536942E-16));
#5377 = DIRECTION('',(1.,-4.853481507928E-16,-1.22464679915E-16));
#5378 = ORIENTED_EDGE('',*,*,#5346,.T.);
#5379 = ORIENTED_EDGE('',*,*,#3511,.T.);
#5380 = ORIENTED_EDGE('',*,*,#5381,.F.);
#5381 = EDGE_CURVE('',#5371,#3504,#5382,.T.);
#5382 = LINE('',#5383,#5384);
#5383 = CARTESIAN_POINT('',(-3.344207949069,-9.079715282886E-14,
    -7.582268645038));
#5384 = VECTOR('',#5385,1.);
#5385 = DIRECTION('',(-0.69636424032,0.707106781187,0.122787803969));
#5386 = CONICAL_SURFACE('',#5387,0.4895,0.785398163397);
#5387 = AXIS2_PLACEMENT_3D('',#5388,#5389,#5390);
#5388 = CARTESIAN_POINT('',(-3.900131925644,7.499999999991E-02,
    -7.484244248745));
#5389 = DIRECTION('',(-4.853481507928E-16,-1.,1.665334536942E-16));
#5390 = DIRECTION('',(1.,-4.853481507928E-16,-1.22464679915E-16));
#5391 = ADVANCED_FACE('',(#5392),#5410,.F.);
#5392 = FACE_BOUND('',#5393,.T.);
#5393 = EDGE_LOOP('',(#5394,#5402,#5403,#5404));
#5394 = ORIENTED_EDGE('',*,*,#5395,.T.);
#5395 = EDGE_CURVE('',#5396,#3531,#5398,.T.);
#5396 = VERTEX_POINT('',#5397);
#5397 = CARTESIAN_POINT('',(-3.267802750895,-9.076207443852E-14,
    -7.148953233712));
#5398 = LINE('',#5399,#5400);
#5399 = CARTESIAN_POINT('',(-3.267802750895,-9.076207443852E-14,
    -7.148953233712));
#5400 = VECTOR('',#5401,1.);
#5401 = DIRECTION('',(-0.69636424032,0.707106781187,0.122787803969));
#5402 = ORIENTED_EDGE('',*,*,#3530,.F.);
#5403 = ORIENTED_EDGE('',*,*,#5381,.F.);
#5404 = ORIENTED_EDGE('',*,*,#5405,.F.);
#5405 = EDGE_CURVE('',#5396,#5371,#5406,.T.);
#5406 = LINE('',#5407,#5408);
#5407 = CARTESIAN_POINT('',(-3.456539705896,-9.084872546146E-14,
    -8.2193336953));
#5408 = VECTOR('',#5409,1.);
#5409 = DIRECTION('',(-0.173648177667,-7.972361441474E-17,
    -0.984807753012));
#5410 = PLANE('',#5411);
#5411 = AXIS2_PLACEMENT_3D('',#5412,#5413,#5414);
#5412 = CARTESIAN_POINT('',(-3.530400287372,7.499999999991E-02,
    -8.206310081975));
#5413 = DIRECTION('',(0.69636424032,0.707106781187,-0.122787803969));
#5414 = DIRECTION('',(-0.173648177667,3.469446951954E-16,-0.984807753012
    ));
#5415 = ADVANCED_FACE('',(#5416),#5435,.T.);
#5416 = FACE_BOUND('',#5417,.T.);
#5417 = EDGE_LOOP('',(#5418,#5426,#5427,#5428));
#5418 = ORIENTED_EDGE('',*,*,#5419,.T.);
#5419 = EDGE_CURVE('',#5420,#3555,#5422,.T.);
#5420 = VERTEX_POINT('',#5421);
#5421 = CARTESIAN_POINT('',(-3.208714285714,-9.078249600245E-14,
    -7.099372124372));
#5422 = LINE('',#5423,#5424);
#5423 = CARTESIAN_POINT('',(-3.208714285714,-9.078249600245E-14,
    -7.099372124372));
#5424 = VECTOR('',#5425,1.);
#5425 = DIRECTION('',(4.297885742857E-16,0.707106781187,0.707106781187)
  );
#5426 = ORIENTED_EDGE('',*,*,#3554,.F.);
#5427 = ORIENTED_EDGE('',*,*,#5395,.F.);
#5428 = ORIENTED_EDGE('',*,*,#5429,.F.);
#5429 = EDGE_CURVE('',#5420,#5396,#5430,.T.);
#5430 = CIRCLE('',#5431,6.E-02);
#5431 = AXIS2_PLACEMENT_3D('',#5432,#5433,#5434);
#5432 = CARTESIAN_POINT('',(-3.208714285714,-9.079248800967E-14,
    -7.159372124372));
#5433 = DIRECTION('',(-4.853481507928E-16,-1.,1.665334536942E-16));
#5434 = DIRECTION('',(-1.,4.853481507928E-16,1.22464679915E-16));
#5435 = CONICAL_SURFACE('',#5436,0.135,0.785398163397);
#5436 = AXIS2_PLACEMENT_3D('',#5437,#5438,#5439);
#5437 = CARTESIAN_POINT('',(-3.208714285714,7.499999999991E-02,
    -7.159372124372));
#5438 = DIRECTION('',(4.853481507928E-16,1.,-1.665334536942E-16));
#5439 = DIRECTION('',(-1.,4.853481507928E-16,1.22464679915E-16));
#5440 = ADVANCED_FACE('',(#5441),#5459,.F.);
#5441 = FACE_BOUND('',#5442,.T.);
#5442 = EDGE_LOOP('',(#5443,#5451,#5452,#5453));
#5443 = ORIENTED_EDGE('',*,*,#5444,.T.);
#5444 = EDGE_CURVE('',#5445,#3580,#5447,.T.);
#5445 = VERTEX_POINT('',#5446);
#5446 = CARTESIAN_POINT('',(-2.791714285714,-9.098488618133E-14,
    -7.099372124372));
#5447 = LINE('',#5448,#5449);
#5448 = CARTESIAN_POINT('',(-2.791714285714,-9.098488618133E-14,
    -7.099372124372));
#5449 = VECTOR('',#5450,1.);
#5450 = DIRECTION('',(4.297885742857E-16,0.707106781187,0.707106781187)
  );
#5451 = ORIENTED_EDGE('',*,*,#3579,.F.);
#5452 = ORIENTED_EDGE('',*,*,#5419,.F.);
#5453 = ORIENTED_EDGE('',*,*,#5454,.F.);
#5454 = EDGE_CURVE('',#5445,#5420,#5455,.T.);
#5455 = LINE('',#5456,#5457);
#5456 = CARTESIAN_POINT('',(-6.104357142857,-8.937710109638E-14,
    -7.099372124372));
#5457 = VECTOR('',#5458,1.);
#5458 = DIRECTION('',(-1.,4.853481507928E-16,1.22464679915E-16));
#5459 = PLANE('',#5460);
#5460 = AXIS2_PLACEMENT_3D('',#5461,#5462,#5463);
#5461 = CARTESIAN_POINT('',(-6.104357142857,7.499999999991E-02,
    -7.024372124372));
#5462 = DIRECTION('',(2.565973630382E-16,0.707106781187,-0.707106781187)
  );
#5463 = DIRECTION('',(-1.,4.853481507928E-16,1.22464679915E-16));
#5464 = ADVANCED_FACE('',(#5465),#5484,.T.);
#5465 = FACE_BOUND('',#5466,.T.);
#5466 = EDGE_LOOP('',(#5467,#5475,#5476,#5477));
#5467 = ORIENTED_EDGE('',*,*,#5468,.T.);
#5468 = EDGE_CURVE('',#5469,#3604,#5471,.T.);
#5469 = VERTEX_POINT('',#5470);
#5470 = CARTESIAN_POINT('',(-2.732625820534,-9.102182157202E-14,
    -7.148953233712));
#5471 = LINE('',#5472,#5473);
#5472 = CARTESIAN_POINT('',(-2.732625820534,-9.102182157202E-14,
    -7.148953233712));
#5473 = VECTOR('',#5474,1.);
#5474 = DIRECTION('',(0.69636424032,0.707106781187,0.122787803969));
#5475 = ORIENTED_EDGE('',*,*,#3603,.F.);
#5476 = ORIENTED_EDGE('',*,*,#5444,.F.);
#5477 = ORIENTED_EDGE('',*,*,#5478,.F.);
#5478 = EDGE_CURVE('',#5469,#5445,#5479,.T.);
#5479 = CIRCLE('',#5480,6.E-02);
#5480 = AXIS2_PLACEMENT_3D('',#5481,#5482,#5483);
#5481 = CARTESIAN_POINT('',(-2.791714285714,-9.099487818855E-14,
    -7.159372124372));
#5482 = DIRECTION('',(-4.853481507928E-16,-1.,1.665334536942E-16));
#5483 = DIRECTION('',(1.,-4.853481507928E-16,-1.22464679915E-16));
#5484 = CONICAL_SURFACE('',#5485,0.135,0.785398163397);
#5485 = AXIS2_PLACEMENT_3D('',#5486,#5487,#5488);
#5486 = CARTESIAN_POINT('',(-2.791714285714,7.499999999991E-02,
    -7.159372124372));
#5487 = DIRECTION('',(4.853481507928E-16,1.,-1.665334536942E-16));
#5488 = DIRECTION('',(1.,-4.853481507928E-16,-1.22464679915E-16));
#5489 = ADVANCED_FACE('',(#5490),#5508,.F.);
#5490 = FACE_BOUND('',#5491,.T.);
#5491 = EDGE_LOOP('',(#5492,#5500,#5501,#5502));
#5492 = ORIENTED_EDGE('',*,*,#5493,.T.);
#5493 = EDGE_CURVE('',#5494,#3629,#5496,.T.);
#5494 = VERTEX_POINT('',#5495);
#5495 = CARTESIAN_POINT('',(-2.65622062236,-9.113106620565E-14,
    -7.582268645038));
#5496 = LINE('',#5497,#5498);
#5497 = CARTESIAN_POINT('',(-2.65622062236,-9.113106620565E-14,
    -7.582268645038));
#5498 = VECTOR('',#5499,1.);
#5499 = DIRECTION('',(0.69636424032,0.707106781187,0.122787803969));
#5500 = ORIENTED_EDGE('',*,*,#3628,.F.);
#5501 = ORIENTED_EDGE('',*,*,#5468,.F.);
#5502 = ORIENTED_EDGE('',*,*,#5503,.F.);
#5503 = EDGE_CURVE('',#5494,#5469,#5504,.T.);
#5504 = LINE('',#5505,#5506);
#5505 = CARTESIAN_POINT('',(-2.763007140757,-9.097838216899E-14,
    -6.976652204676));
#5506 = VECTOR('',#5507,1.);
#5507 = DIRECTION('',(-0.173648177667,2.482832582531E-16,0.984807753012)
  );
#5508 = PLANE('',#5509);
#5509 = AXIS2_PLACEMENT_3D('',#5510,#5511,#5512);
#5510 = CARTESIAN_POINT('',(-2.689146559281,7.499999999991E-02,
    -6.963628591351));
#5511 = DIRECTION('',(-0.69636424032,0.707106781187,-0.122787803969));
#5512 = DIRECTION('',(-0.173648177667,5.412337245048E-16,0.984807753012)
  );
#5513 = ADVANCED_FACE('',(#5514),#5533,.F.);
#5514 = FACE_BOUND('',#5515,.F.);
#5515 = EDGE_LOOP('',(#5516,#5525,#5526,#5527));
#5516 = ORIENTED_EDGE('',*,*,#5517,.T.);
#5517 = EDGE_CURVE('',#5518,#5494,#5520,.T.);
#5518 = VERTEX_POINT('',#5519);
#5519 = CARTESIAN_POINT('',(-2.100296645785,-9.147856667301E-14,
    -8.048744248745));
#5520 = CIRCLE('',#5521,0.5645);
#5521 = AXIS2_PLACEMENT_3D('',#5522,#5523,#5524);
#5522 = CARTESIAN_POINT('',(-2.100296645785,-9.13845585384E-14,
    -7.484244248745));
#5523 = DIRECTION('',(4.853481507928E-16,1.,-1.665334536942E-16));
#5524 = DIRECTION('',(-1.,4.853481507928E-16,1.22464679915E-16));
#5525 = ORIENTED_EDGE('',*,*,#5493,.T.);
#5526 = ORIENTED_EDGE('',*,*,#3658,.T.);
#5527 = ORIENTED_EDGE('',*,*,#5528,.F.);
#5528 = EDGE_CURVE('',#5518,#3651,#5529,.T.);
#5529 = LINE('',#5530,#5531);
#5530 = CARTESIAN_POINT('',(-2.100296645785,-9.147856667301E-14,
    -8.048744248745));
#5531 = VECTOR('',#5532,1.);
#5532 = DIRECTION('',(4.297885742857E-16,0.707106781187,0.707106781187)
  );
#5533 = CONICAL_SURFACE('',#5534,0.4895,0.785398163397);
#5534 = AXIS2_PLACEMENT_3D('',#5535,#5536,#5537);
#5535 = CARTESIAN_POINT('',(-2.100296645785,7.499999999991E-02,
    -7.484244248745));
#5536 = DIRECTION('',(-4.853481507928E-16,-1.,1.665334536942E-16));
#5537 = DIRECTION('',(-1.,4.853481507928E-16,1.22464679915E-16));
#5538 = ADVANCED_FACE('',(#5539),#5557,.F.);
#5539 = FACE_BOUND('',#5540,.T.);
#5540 = EDGE_LOOP('',(#5541,#5549,#5550,#5551));
#5541 = ORIENTED_EDGE('',*,*,#5542,.T.);
#5542 = EDGE_CURVE('',#5543,#3678,#5545,.T.);
#5543 = VERTEX_POINT('',#5544);
#5544 = CARTESIAN_POINT('',(-1.900274782787,-9.157564691434E-14,
    -8.048744248745));
#5545 = LINE('',#5546,#5547);
#5546 = CARTESIAN_POINT('',(-1.900274782787,-9.157564691434E-14,
    -8.048744248745));
#5547 = VECTOR('',#5548,1.);
#5548 = DIRECTION('',(4.297885742857E-16,0.707106781187,0.707106781187)
  );
#5549 = ORIENTED_EDGE('',*,*,#3677,.F.);
#5550 = ORIENTED_EDGE('',*,*,#5528,.F.);
#5551 = ORIENTED_EDGE('',*,*,#5552,.F.);
#5552 = EDGE_CURVE('',#5543,#5518,#5553,.T.);
#5553 = LINE('',#5554,#5555);
#5554 = CARTESIAN_POINT('',(-9.,-8.812980840902E-14,-8.048744248745));
#5555 = VECTOR('',#5556,1.);
#5556 = DIRECTION('',(-1.,4.853481507928E-16,1.22464679915E-16));
#5557 = PLANE('',#5558);
#5558 = AXIS2_PLACEMENT_3D('',#5559,#5560,#5561);
#5559 = CARTESIAN_POINT('',(-9.,7.499999999991E-02,-7.973744248745));
#5560 = DIRECTION('',(2.565973630382E-16,0.707106781187,-0.707106781187)
  );
#5561 = DIRECTION('',(-1.,4.853481507928E-16,1.22464679915E-16));
#5562 = ADVANCED_FACE('',(#5563),#5582,.F.);
#5563 = FACE_BOUND('',#5564,.F.);
#5564 = EDGE_LOOP('',(#5565,#5574,#5575,#5576));
#5565 = ORIENTED_EDGE('',*,*,#5566,.T.);
#5566 = EDGE_CURVE('',#5567,#5543,#5569,.T.);
#5567 = VERTEX_POINT('',#5568);
#5568 = CARTESIAN_POINT('',(-1.344350806211,-9.1767779795E-14,
    -7.582268645038));
#5569 = CIRCLE('',#5570,0.5645);
#5570 = AXIS2_PLACEMENT_3D('',#5571,#5572,#5573);
#5571 = CARTESIAN_POINT('',(-1.900274782787,-9.148163877972E-14,
    -7.484244248745));
#5572 = DIRECTION('',(4.853481507928E-16,1.,-1.665334536942E-16));
#5573 = DIRECTION('',(1.,-4.853481507928E-16,-1.22464679915E-16));
#5574 = ORIENTED_EDGE('',*,*,#5542,.T.);
#5575 = ORIENTED_EDGE('',*,*,#3707,.T.);
#5576 = ORIENTED_EDGE('',*,*,#5577,.F.);
#5577 = EDGE_CURVE('',#5567,#3700,#5578,.T.);
#5578 = LINE('',#5579,#5580);
#5579 = CARTESIAN_POINT('',(-1.344350806211,-9.1767779795E-14,
    -7.582268645038));
#5580 = VECTOR('',#5581,1.);
#5581 = DIRECTION('',(-0.69636424032,0.707106781187,0.122787803969));
#5582 = CONICAL_SURFACE('',#5583,0.4895,0.785398163397);
#5583 = AXIS2_PLACEMENT_3D('',#5584,#5585,#5586);
#5584 = CARTESIAN_POINT('',(-1.900274782787,7.499999999991E-02,
    -7.484244248745));
#5585 = DIRECTION('',(-4.853481507928E-16,-1.,1.665334536942E-16));
#5586 = DIRECTION('',(1.,-4.853481507928E-16,-1.22464679915E-16));
#5587 = ADVANCED_FACE('',(#5588),#5606,.F.);
#5588 = FACE_BOUND('',#5589,.T.);
#5589 = EDGE_LOOP('',(#5590,#5598,#5599,#5600));
#5590 = ORIENTED_EDGE('',*,*,#5591,.T.);
#5591 = EDGE_CURVE('',#5592,#3727,#5594,.T.);
#5592 = VERTEX_POINT('',#5593);
#5593 = CARTESIAN_POINT('',(-1.267945608038,-9.173270140466E-14,
    -7.148953233712));
#5594 = LINE('',#5595,#5596);
#5595 = CARTESIAN_POINT('',(-1.267945608038,-9.173270140466E-14,
    -7.148953233712));
#5596 = VECTOR('',#5597,1.);
#5597 = DIRECTION('',(-0.69636424032,0.707106781187,0.122787803969));
#5598 = ORIENTED_EDGE('',*,*,#3726,.F.);
#5599 = ORIENTED_EDGE('',*,*,#5577,.F.);
#5600 = ORIENTED_EDGE('',*,*,#5601,.F.);
#5601 = EDGE_CURVE('',#5592,#5567,#5602,.T.);
#5602 = LINE('',#5603,#5604);
#5603 = CARTESIAN_POINT('',(-1.486834098811,-9.183319529911E-14,
    -8.390331551958));
#5604 = VECTOR('',#5605,1.);
#5605 = DIRECTION('',(-0.173648177667,-7.972361441474E-17,
    -0.984807753012));
#5606 = PLANE('',#5607);
#5607 = AXIS2_PLACEMENT_3D('',#5608,#5609,#5610);
#5608 = CARTESIAN_POINT('',(-1.560694680287,7.499999999991E-02,
    -8.377307938633));
#5609 = DIRECTION('',(0.69636424032,0.707106781187,-0.122787803969));
#5610 = DIRECTION('',(-0.173648177667,3.469446951954E-16,-0.984807753012
    ));
#5611 = ADVANCED_FACE('',(#5612),#5631,.T.);
#5612 = FACE_BOUND('',#5613,.T.);
#5613 = EDGE_LOOP('',(#5614,#5622,#5623,#5624));
#5614 = ORIENTED_EDGE('',*,*,#5615,.T.);
#5615 = EDGE_CURVE('',#5616,#3751,#5618,.T.);
#5616 = VERTEX_POINT('',#5617);
#5617 = CARTESIAN_POINT('',(-1.208857142857,-9.175312296859E-14,
    -7.099372124372));
#5618 = LINE('',#5619,#5620);
#5619 = CARTESIAN_POINT('',(-1.208857142857,-9.175312296859E-14,
    -7.099372124372));
#5620 = VECTOR('',#5621,1.);
#5621 = DIRECTION('',(4.297885742857E-16,0.707106781187,0.707106781187)
  );
#5622 = ORIENTED_EDGE('',*,*,#3750,.F.);
#5623 = ORIENTED_EDGE('',*,*,#5591,.F.);
#5624 = ORIENTED_EDGE('',*,*,#5625,.F.);
#5625 = EDGE_CURVE('',#5616,#5592,#5626,.T.);
#5626 = CIRCLE('',#5627,6.E-02);
#5627 = AXIS2_PLACEMENT_3D('',#5628,#5629,#5630);
#5628 = CARTESIAN_POINT('',(-1.208857142857,-9.176311497581E-14,
    -7.159372124372));
#5629 = DIRECTION('',(-4.853481507928E-16,-1.,1.665334536942E-16));
#5630 = DIRECTION('',(-1.,4.853481507928E-16,1.22464679915E-16));
#5631 = CONICAL_SURFACE('',#5632,0.135,0.785398163397);
#5632 = AXIS2_PLACEMENT_3D('',#5633,#5634,#5635);
#5633 = CARTESIAN_POINT('',(-1.208857142857,7.499999999991E-02,
    -7.159372124372));
#5634 = DIRECTION('',(4.853481507928E-16,1.,-1.665334536942E-16));
#5635 = DIRECTION('',(-1.,4.853481507928E-16,1.22464679915E-16));
#5636 = ADVANCED_FACE('',(#5637),#5655,.F.);
#5637 = FACE_BOUND('',#5638,.T.);
#5638 = EDGE_LOOP('',(#5639,#5647,#5648,#5649));
#5639 = ORIENTED_EDGE('',*,*,#5640,.T.);
#5640 = EDGE_CURVE('',#5641,#3776,#5643,.T.);
#5641 = VERTEX_POINT('',#5642);
#5642 = CARTESIAN_POINT('',(-0.791857142857,-9.195551314747E-14,
    -7.099372124372));
#5643 = LINE('',#5644,#5645);
#5644 = CARTESIAN_POINT('',(-0.791857142857,-9.195551314747E-14,
    -7.099372124372));
#5645 = VECTOR('',#5646,1.);
#5646 = DIRECTION('',(4.297885742857E-16,0.707106781187,0.707106781187)
  );
#5647 = ORIENTED_EDGE('',*,*,#3775,.F.);
#5648 = ORIENTED_EDGE('',*,*,#5615,.F.);
#5649 = ORIENTED_EDGE('',*,*,#5650,.F.);
#5650 = EDGE_CURVE('',#5641,#5616,#5651,.T.);
#5651 = LINE('',#5652,#5653);
#5652 = CARTESIAN_POINT('',(-5.104428571429,-8.986241457945E-14,
    -7.099372124372));
#5653 = VECTOR('',#5654,1.);
#5654 = DIRECTION('',(-1.,4.853481507928E-16,1.22464679915E-16));
#5655 = PLANE('',#5656);
#5656 = AXIS2_PLACEMENT_3D('',#5657,#5658,#5659);
#5657 = CARTESIAN_POINT('',(-5.104428571429,7.499999999991E-02,
    -7.024372124372));
#5658 = DIRECTION('',(2.565973630382E-16,0.707106781187,-0.707106781187)
  );
#5659 = DIRECTION('',(-1.,4.853481507928E-16,1.22464679915E-16));
#5660 = ADVANCED_FACE('',(#5661),#5680,.T.);
#5661 = FACE_BOUND('',#5662,.T.);
#5662 = EDGE_LOOP('',(#5663,#5671,#5672,#5673));
#5663 = ORIENTED_EDGE('',*,*,#5664,.T.);
#5664 = EDGE_CURVE('',#5665,#3800,#5667,.T.);
#5665 = VERTEX_POINT('',#5666);
#5666 = CARTESIAN_POINT('',(-0.732768677677,-9.199244853815E-14,
    -7.148953233712));
#5667 = LINE('',#5668,#5669);
#5668 = CARTESIAN_POINT('',(-0.732768677677,-9.199244853815E-14,
    -7.148953233712));
#5669 = VECTOR('',#5670,1.);
#5670 = DIRECTION('',(0.69636424032,0.707106781187,0.122787803969));
#5671 = ORIENTED_EDGE('',*,*,#3799,.F.);
#5672 = ORIENTED_EDGE('',*,*,#5640,.F.);
#5673 = ORIENTED_EDGE('',*,*,#5674,.F.);
#5674 = EDGE_CURVE('',#5665,#5641,#5675,.T.);
#5675 = CIRCLE('',#5676,6.E-02);
#5676 = AXIS2_PLACEMENT_3D('',#5677,#5678,#5679);
#5677 = CARTESIAN_POINT('',(-0.791857142857,-9.196550515469E-14,
    -7.159372124372));
#5678 = DIRECTION('',(-4.853481507928E-16,-1.,1.665334536942E-16));
#5679 = DIRECTION('',(1.,-4.853481507928E-16,-1.22464679915E-16));
#5680 = CONICAL_SURFACE('',#5681,0.135,0.785398163397);
#5681 = AXIS2_PLACEMENT_3D('',#5682,#5683,#5684);
#5682 = CARTESIAN_POINT('',(-0.791857142857,7.499999999991E-02,
    -7.159372124372));
#5683 = DIRECTION('',(4.853481507928E-16,1.,-1.665334536942E-16));
#5684 = DIRECTION('',(1.,-4.853481507928E-16,-1.22464679915E-16));
#5685 = ADVANCED_FACE('',(#5686),#5704,.F.);
#5686 = FACE_BOUND('',#5687,.T.);
#5687 = EDGE_LOOP('',(#5688,#5696,#5697,#5698));
#5688 = ORIENTED_EDGE('',*,*,#5689,.T.);
#5689 = EDGE_CURVE('',#5690,#3825,#5692,.T.);
#5690 = VERTEX_POINT('',#5691);
#5691 = CARTESIAN_POINT('',(-0.656363479503,-9.210169317178E-14,
    -7.582268645038));
#5692 = LINE('',#5693,#5694);
#5693 = CARTESIAN_POINT('',(-0.656363479503,-9.210169317178E-14,
    -7.582268645038));
#5694 = VECTOR('',#5695,1.);
#5695 = DIRECTION('',(0.69636424032,0.707106781187,0.122787803969));
#5696 = ORIENTED_EDGE('',*,*,#3824,.F.);
#5697 = ORIENTED_EDGE('',*,*,#5664,.F.);
#5698 = ORIENTED_EDGE('',*,*,#5699,.F.);
#5699 = EDGE_CURVE('',#5690,#5665,#5700,.T.);
#5700 = LINE('',#5701,#5702);
#5701 = CARTESIAN_POINT('',(-0.793301533672,-9.190589827935E-14,
    -6.805654348018));
#5702 = VECTOR('',#5703,1.);
#5703 = DIRECTION('',(-0.173648177667,2.482832582531E-16,0.984807753012)
  );
#5704 = PLANE('',#5705);
#5705 = AXIS2_PLACEMENT_3D('',#5706,#5707,#5708);
#5706 = CARTESIAN_POINT('',(-0.719440952196,7.499999999991E-02,
    -6.792630734693));
#5707 = DIRECTION('',(-0.69636424032,0.707106781187,-0.122787803969));
#5708 = DIRECTION('',(-0.173648177667,-1.249000902703E-16,0.984807753012
    ));
#5709 = ADVANCED_FACE('',(#5710),#5729,.F.);
#5710 = FACE_BOUND('',#5711,.F.);
#5711 = EDGE_LOOP('',(#5712,#5721,#5722,#5723));
#5712 = ORIENTED_EDGE('',*,*,#5713,.T.);
#5713 = EDGE_CURVE('',#5714,#5690,#5716,.T.);
#5714 = VERTEX_POINT('',#5715);
#5715 = CARTESIAN_POINT('',(-0.100439502928,-9.244919363915E-14,
    -8.048744248745));
#5716 = CIRCLE('',#5717,0.5645);
#5717 = AXIS2_PLACEMENT_3D('',#5718,#5719,#5720);
#5718 = CARTESIAN_POINT('',(-0.100439502928,-9.235518550454E-14,
    -7.484244248745));
#5719 = DIRECTION('',(4.853481507928E-16,1.,-1.665334536942E-16));
#5720 = DIRECTION('',(-1.,4.853481507928E-16,1.22464679915E-16));
#5721 = ORIENTED_EDGE('',*,*,#5689,.T.);
#5722 = ORIENTED_EDGE('',*,*,#3854,.T.);
#5723 = ORIENTED_EDGE('',*,*,#5724,.F.);
#5724 = EDGE_CURVE('',#5714,#3847,#5725,.T.);
#5725 = LINE('',#5726,#5727);
#5726 = CARTESIAN_POINT('',(-0.100439502928,-9.244919363915E-14,
    -8.048744248745));
#5727 = VECTOR('',#5728,1.);
#5728 = DIRECTION('',(4.297885742857E-16,0.707106781187,0.707106781187)
  );
#5729 = CONICAL_SURFACE('',#5730,0.4895,0.785398163397);
#5730 = AXIS2_PLACEMENT_3D('',#5731,#5732,#5733);
#5731 = CARTESIAN_POINT('',(-0.100439502928,7.499999999991E-02,
    -7.484244248745));
#5732 = DIRECTION('',(-4.853481507928E-16,-1.,1.665334536942E-16));
#5733 = DIRECTION('',(-1.,4.853481507928E-16,1.22464679915E-16));
#5734 = ADVANCED_FACE('',(#5735),#5753,.F.);
#5735 = FACE_BOUND('',#5736,.T.);
#5736 = EDGE_LOOP('',(#5737,#5745,#5746,#5747));
#5737 = ORIENTED_EDGE('',*,*,#5738,.T.);
#5738 = EDGE_CURVE('',#5739,#3874,#5741,.T.);
#5739 = VERTEX_POINT('',#5740);
#5740 = CARTESIAN_POINT('',(9.95823600703E-02,-9.254627388047E-14,
    -8.048744248745));
#5741 = LINE('',#5742,#5743);
#5742 = CARTESIAN_POINT('',(9.95823600703E-02,-9.254627388047E-14,
    -8.048744248745));
#5743 = VECTOR('',#5744,1.);
#5744 = DIRECTION('',(4.297885742857E-16,0.707106781187,0.707106781187)
  );
#5745 = ORIENTED_EDGE('',*,*,#3873,.F.);
#5746 = ORIENTED_EDGE('',*,*,#5724,.F.);
#5747 = ORIENTED_EDGE('',*,*,#5748,.F.);
#5748 = EDGE_CURVE('',#5739,#5714,#5749,.T.);
#5749 = LINE('',#5750,#5751);
#5750 = CARTESIAN_POINT('',(-9.,-8.812980840902E-14,-8.048744248745));
#5751 = VECTOR('',#5752,1.);
#5752 = DIRECTION('',(-1.,4.853481507928E-16,1.22464679915E-16));
#5753 = PLANE('',#5754);
#5754 = AXIS2_PLACEMENT_3D('',#5755,#5756,#5757);
#5755 = CARTESIAN_POINT('',(-9.,7.499999999991E-02,-7.973744248745));
#5756 = DIRECTION('',(2.565973630382E-16,0.707106781187,-0.707106781187)
  );
#5757 = DIRECTION('',(-1.,4.853481507928E-16,1.22464679915E-16));
#5758 = ADVANCED_FACE('',(#5759),#5778,.F.);
#5759 = FACE_BOUND('',#5760,.F.);
#5760 = EDGE_LOOP('',(#5761,#5770,#5771,#5772));
#5761 = ORIENTED_EDGE('',*,*,#5762,.T.);
#5762 = EDGE_CURVE('',#5763,#5739,#5765,.T.);
#5763 = VERTEX_POINT('',#5764);
#5764 = CARTESIAN_POINT('',(0.655506336646,-9.273840676113E-14,
    -7.582268645038));
#5765 = CIRCLE('',#5766,0.5645);
#5766 = AXIS2_PLACEMENT_3D('',#5767,#5768,#5769);
#5767 = CARTESIAN_POINT('',(9.95823600703E-02,-9.245226574586E-14,
    -7.484244248745));
#5768 = DIRECTION('',(4.853481507928E-16,1.,-1.665334536942E-16));
#5769 = DIRECTION('',(1.,-4.853481507928E-16,-1.22464679915E-16));
#5770 = ORIENTED_EDGE('',*,*,#5738,.T.);
#5771 = ORIENTED_EDGE('',*,*,#3903,.T.);
#5772 = ORIENTED_EDGE('',*,*,#5773,.F.);
#5773 = EDGE_CURVE('',#5763,#3896,#5774,.T.);
#5774 = LINE('',#5775,#5776);
#5775 = CARTESIAN_POINT('',(0.655506336646,-9.273840676113E-14,
    -7.582268645038));
#5776 = VECTOR('',#5777,1.);
#5777 = DIRECTION('',(-0.69636424032,0.707106781187,0.122787803969));
#5778 = CONICAL_SURFACE('',#5779,0.4895,0.785398163397);
#5779 = AXIS2_PLACEMENT_3D('',#5780,#5781,#5782);
#5780 = CARTESIAN_POINT('',(9.95823600703E-02,7.499999999991E-02,
    -7.484244248745));
#5781 = DIRECTION('',(-4.853481507928E-16,-1.,1.665334536942E-16));
#5782 = DIRECTION('',(1.,-4.853481507928E-16,-1.22464679915E-16));
#5783 = ADVANCED_FACE('',(#5784),#5802,.F.);
#5784 = FACE_BOUND('',#5785,.T.);
#5785 = EDGE_LOOP('',(#5786,#5794,#5795,#5796));
#5786 = ORIENTED_EDGE('',*,*,#5787,.T.);
#5787 = EDGE_CURVE('',#5788,#3923,#5790,.T.);
#5788 = VERTEX_POINT('',#5789);
#5789 = CARTESIAN_POINT('',(0.731911534819,-9.270332837079E-14,
    -7.148953233712));
#5790 = LINE('',#5791,#5792);
#5791 = CARTESIAN_POINT('',(0.731911534819,-9.270332837079E-14,
    -7.148953233712));
#5792 = VECTOR('',#5793,1.);
#5793 = DIRECTION('',(-0.69636424032,0.707106781187,0.122787803969));
#5794 = ORIENTED_EDGE('',*,*,#3922,.F.);
#5795 = ORIENTED_EDGE('',*,*,#5773,.F.);
#5796 = ORIENTED_EDGE('',*,*,#5797,.F.);
#5797 = EDGE_CURVE('',#5788,#5763,#5798,.T.);
#5798 = LINE('',#5799,#5800);
#5799 = CARTESIAN_POINT('',(0.482871508274,-9.281766513676E-14,
    -8.561329408615));
#5800 = VECTOR('',#5801,1.);
#5801 = DIRECTION('',(-0.173648177667,-7.972361441474E-17,
    -0.984807753012));
#5802 = PLANE('',#5803);
#5803 = AXIS2_PLACEMENT_3D('',#5804,#5805,#5806);
#5804 = CARTESIAN_POINT('',(0.409010926798,7.499999999991E-02,
    -8.54830579529));
#5805 = DIRECTION('',(0.69636424032,0.707106781187,-0.122787803969));
#5806 = DIRECTION('',(-0.173648177667,3.469446951954E-16,-0.984807753012
    ));
#5807 = ADVANCED_FACE('',(#5808),#5827,.T.);
#5808 = FACE_BOUND('',#5809,.T.);
#5809 = EDGE_LOOP('',(#5810,#5818,#5819,#5820));
#5810 = ORIENTED_EDGE('',*,*,#5811,.T.);
#5811 = EDGE_CURVE('',#5812,#3947,#5814,.T.);
#5812 = VERTEX_POINT('',#5813);
#5813 = CARTESIAN_POINT('',(0.791,-9.272374993472E-14,-7.099372124372));
#5814 = LINE('',#5815,#5816);
#5815 = CARTESIAN_POINT('',(0.791,-9.272374993472E-14,-7.099372124372));
#5816 = VECTOR('',#5817,1.);
#5817 = DIRECTION('',(4.297885742857E-16,0.707106781187,0.707106781187)
  );
#5818 = ORIENTED_EDGE('',*,*,#3946,.F.);
#5819 = ORIENTED_EDGE('',*,*,#5787,.F.);
#5820 = ORIENTED_EDGE('',*,*,#5821,.F.);
#5821 = EDGE_CURVE('',#5812,#5788,#5822,.T.);
#5822 = CIRCLE('',#5823,6.E-02);
#5823 = AXIS2_PLACEMENT_3D('',#5824,#5825,#5826);
#5824 = CARTESIAN_POINT('',(0.791,-9.273374194194E-14,-7.159372124372));
#5825 = DIRECTION('',(-4.853481507928E-16,-1.,1.665334536942E-16));
#5826 = DIRECTION('',(-1.,4.853481507928E-16,1.22464679915E-16));
#5827 = CONICAL_SURFACE('',#5828,0.135,0.785398163397);
#5828 = AXIS2_PLACEMENT_3D('',#5829,#5830,#5831);
#5829 = CARTESIAN_POINT('',(0.791,7.499999999991E-02,-7.159372124372));
#5830 = DIRECTION('',(4.853481507928E-16,1.,-1.665334536942E-16));
#5831 = DIRECTION('',(-1.,4.853481507928E-16,1.22464679915E-16));
#5832 = ADVANCED_FACE('',(#5833),#5851,.F.);
#5833 = FACE_BOUND('',#5834,.T.);
#5834 = EDGE_LOOP('',(#5835,#5843,#5844,#5845));
#5835 = ORIENTED_EDGE('',*,*,#5836,.T.);
#5836 = EDGE_CURVE('',#5837,#3972,#5839,.T.);
#5837 = VERTEX_POINT('',#5838);
#5838 = CARTESIAN_POINT('',(1.208,-9.29261401136E-14,-7.099372124372));
#5839 = LINE('',#5840,#5841);
#5840 = CARTESIAN_POINT('',(1.208,-9.29261401136E-14,-7.099372124372));
#5841 = VECTOR('',#5842,1.);
#5842 = DIRECTION('',(4.297885742857E-16,0.707106781187,0.707106781187)
  );
#5843 = ORIENTED_EDGE('',*,*,#3971,.F.);
#5844 = ORIENTED_EDGE('',*,*,#5811,.F.);
#5845 = ORIENTED_EDGE('',*,*,#5846,.F.);
#5846 = EDGE_CURVE('',#5837,#5812,#5847,.T.);
#5847 = LINE('',#5848,#5849);
#5848 = CARTESIAN_POINT('',(-4.1045,-9.034772806252E-14,-7.099372124372)
  );
#5849 = VECTOR('',#5850,1.);
#5850 = DIRECTION('',(-1.,4.853481507928E-16,1.22464679915E-16));
#5851 = PLANE('',#5852);
#5852 = AXIS2_PLACEMENT_3D('',#5853,#5854,#5855);
#5853 = CARTESIAN_POINT('',(-4.1045,7.499999999991E-02,-7.024372124372)
  );
#5854 = DIRECTION('',(2.565973630382E-16,0.707106781187,-0.707106781187)
  );
#5855 = DIRECTION('',(-1.,4.853481507928E-16,1.22464679915E-16));
#5856 = ADVANCED_FACE('',(#5857),#5876,.T.);
#5857 = FACE_BOUND('',#5858,.T.);
#5858 = EDGE_LOOP('',(#5859,#5867,#5868,#5869));
#5859 = ORIENTED_EDGE('',*,*,#5860,.T.);
#5860 = EDGE_CURVE('',#5861,#3996,#5863,.T.);
#5861 = VERTEX_POINT('',#5862);
#5862 = CARTESIAN_POINT('',(1.267088465181,-9.296307550429E-14,
    -7.148953233712));
#5863 = LINE('',#5864,#5865);
#5864 = CARTESIAN_POINT('',(1.267088465181,-9.296307550429E-14,
    -7.148953233712));
#5865 = VECTOR('',#5866,1.);
#5866 = DIRECTION('',(0.69636424032,0.707106781187,0.122787803969));
#5867 = ORIENTED_EDGE('',*,*,#3995,.F.);
#5868 = ORIENTED_EDGE('',*,*,#5836,.F.);
#5869 = ORIENTED_EDGE('',*,*,#5870,.F.);
#5870 = EDGE_CURVE('',#5861,#5837,#5871,.T.);
#5871 = CIRCLE('',#5872,6.E-02);
#5872 = AXIS2_PLACEMENT_3D('',#5873,#5874,#5875);
#5873 = CARTESIAN_POINT('',(1.208,-9.293613212083E-14,-7.159372124372));
#5874 = DIRECTION('',(-4.853481507928E-16,-1.,1.665334536942E-16));
#5875 = DIRECTION('',(1.,-4.853481507928E-16,-1.22464679915E-16));
#5876 = CONICAL_SURFACE('',#5877,0.135,0.785398163397);
#5877 = AXIS2_PLACEMENT_3D('',#5878,#5879,#5880);
#5878 = CARTESIAN_POINT('',(1.208,7.499999999991E-02,-7.159372124372));
#5879 = DIRECTION('',(4.853481507928E-16,1.,-1.665334536942E-16));
#5880 = DIRECTION('',(1.,-4.853481507928E-16,-1.22464679915E-16));
#5881 = ADVANCED_FACE('',(#5882),#5900,.F.);
#5882 = FACE_BOUND('',#5883,.T.);
#5883 = EDGE_LOOP('',(#5884,#5892,#5893,#5894));
#5884 = ORIENTED_EDGE('',*,*,#5885,.T.);
#5885 = EDGE_CURVE('',#5886,#4021,#5888,.T.);
#5886 = VERTEX_POINT('',#5887);
#5887 = CARTESIAN_POINT('',(1.343493663354,-9.307232013792E-14,
    -7.582268645038));
#5888 = LINE('',#5889,#5890);
#5889 = CARTESIAN_POINT('',(1.343493663354,-9.307232013792E-14,
    -7.582268645038));
#5890 = VECTOR('',#5891,1.);
#5891 = DIRECTION('',(0.69636424032,0.707106781187,0.122787803969));
#5892 = ORIENTED_EDGE('',*,*,#4020,.F.);
#5893 = ORIENTED_EDGE('',*,*,#5860,.F.);
#5894 = ORIENTED_EDGE('',*,*,#5895,.F.);
#5895 = EDGE_CURVE('',#5886,#5861,#5896,.T.);
#5896 = LINE('',#5897,#5898);
#5897 = CARTESIAN_POINT('',(1.176404073413,-9.283341438971E-14,
    -6.63465649136));
#5898 = VECTOR('',#5899,1.);
#5899 = DIRECTION('',(-0.173648177667,2.482832582531E-16,0.984807753012)
  );
#5900 = PLANE('',#5901);
#5901 = AXIS2_PLACEMENT_3D('',#5902,#5903,#5904);
#5902 = CARTESIAN_POINT('',(1.250264654889,7.499999999991E-02,
    -6.621632878035));
#5903 = DIRECTION('',(-0.69636424032,0.707106781187,-0.122787803969));
#5904 = DIRECTION('',(-0.173648177667,1.804112415016E-16,0.984807753012)
  );
#5905 = ADVANCED_FACE('',(#5906),#5925,.F.);
#5906 = FACE_BOUND('',#5907,.F.);
#5907 = EDGE_LOOP('',(#5908,#5917,#5918,#5919));
#5908 = ORIENTED_EDGE('',*,*,#5909,.T.);
#5909 = EDGE_CURVE('',#5910,#5886,#5912,.T.);
#5910 = VERTEX_POINT('',#5911);
#5911 = CARTESIAN_POINT('',(1.691902283588,-9.331252099783E-14,
    -8.009218178462));
#5912 = CIRCLE('',#5913,0.5645);
#5913 = AXIS2_PLACEMENT_3D('',#5914,#5915,#5916);
#5914 = CARTESIAN_POINT('',(1.899417639929,-9.332581247067E-14,
    -7.484244248745));
#5915 = DIRECTION('',(4.853481507928E-16,1.,-1.665334536942E-16));
#5916 = DIRECTION('',(-1.,4.853481507928E-16,1.22464679915E-16));
#5917 = ORIENTED_EDGE('',*,*,#5885,.T.);
#5918 = ORIENTED_EDGE('',*,*,#4050,.T.);
#5919 = ORIENTED_EDGE('',*,*,#5920,.F.);
#5920 = EDGE_CURVE('',#5910,#4043,#5921,.T.);
#5921 = LINE('',#5922,#5923);
#5922 = CARTESIAN_POINT('',(1.691902283588,-9.331252099783E-14,
    -8.009218178462));
#5923 = VECTOR('',#5924,1.);
#5924 = DIRECTION('',(0.259938911726,0.707106781187,0.657595439591));
#5925 = CONICAL_SURFACE('',#5926,0.4895,0.785398163397);
#5926 = AXIS2_PLACEMENT_3D('',#5927,#5928,#5929);
#5927 = CARTESIAN_POINT('',(1.899417639929,7.499999999991E-02,
    -7.484244248745));
#5928 = DIRECTION('',(-4.853481507928E-16,-1.,1.665334536942E-16));
#5929 = DIRECTION('',(-1.,4.853481507928E-16,1.22464679915E-16));
#5930 = ADVANCED_FACE('',(#5931),#5950,.T.);
#5931 = FACE_BOUND('',#5932,.T.);
#5932 = EDGE_LOOP('',(#5933,#5934,#5943,#5949));
#5933 = ORIENTED_EDGE('',*,*,#5920,.F.);
#5934 = ORIENTED_EDGE('',*,*,#5935,.F.);
#5935 = EDGE_CURVE('',#5936,#5910,#5938,.T.);
#5936 = VERTEX_POINT('',#5937);
#5937 = CARTESIAN_POINT('',(1.85,-9.342797164365E-14,-8.241713275768));
#5938 = CIRCLE('',#5939,0.25);
#5939 = AXIS2_PLACEMENT_3D('',#5940,#5941,#5942);
#5940 = CARTESIAN_POINT('',(1.6,-9.330663460595E-14,-8.241713275768));
#5941 = DIRECTION('',(-4.853481507928E-16,-1.,1.665334536942E-16));
#5942 = DIRECTION('',(1.,-4.853481507928E-16,-1.22464679915E-16));
#5943 = ORIENTED_EDGE('',*,*,#5944,.T.);
#5944 = EDGE_CURVE('',#5936,#4070,#5945,.T.);
#5945 = LINE('',#5946,#5947);
#5946 = CARTESIAN_POINT('',(1.85,-9.342797164365E-14,-8.241713275768));
#5947 = VECTOR('',#5948,1.);
#5948 = DIRECTION('',(0.707106781187,0.707106781187,-2.043525400253E-16)
  );
#5949 = ORIENTED_EDGE('',*,*,#4069,.F.);
#5950 = CONICAL_SURFACE('',#5951,0.325,0.785398163397);
#5951 = AXIS2_PLACEMENT_3D('',#5952,#5953,#5954);
#5952 = CARTESIAN_POINT('',(1.6,7.499999999991E-02,-8.241713275768));
#5953 = DIRECTION('',(4.853481507928E-16,1.,-1.665334536942E-16));
#5954 = DIRECTION('',(1.,-4.853481507928E-16,-1.22464679915E-16));
#5955 = ADVANCED_FACE('',(#5956),#5967,.F.);
#5956 = FACE_BOUND('',#5957,.T.);
#5957 = EDGE_LOOP('',(#5958,#5959,#5965,#5966));
#5958 = ORIENTED_EDGE('',*,*,#5944,.F.);
#5959 = ORIENTED_EDGE('',*,*,#5960,.F.);
#5960 = EDGE_CURVE('',#4125,#5936,#5961,.T.);
#5961 = LINE('',#5962,#5963);
#5962 = CARTESIAN_POINT('',(1.85,-9.362065600761E-14,-9.398744248745));
#5963 = VECTOR('',#5964,1.);
#5964 = DIRECTION('',(1.22464679915E-16,1.665334536942E-16,1.));
#5965 = ORIENTED_EDGE('',*,*,#4124,.F.);
#5966 = ORIENTED_EDGE('',*,*,#4094,.F.);
#5967 = PLANE('',#5968);
#5968 = AXIS2_PLACEMENT_3D('',#5969,#5970,#5971);
#5969 = CARTESIAN_POINT('',(1.925,7.499999999991E-02,-9.398744248745));
#5970 = DIRECTION('',(-0.707106781187,0.707106781187,-3.116132877786E-17
    ));
#5971 = DIRECTION('',(1.22464679915E-16,1.665334536942E-16,1.));
#5972 = ADVANCED_FACE('',(#5973),#5986,.F.);
#5973 = FACE_BOUND('',#5974,.T.);
#5974 = EDGE_LOOP('',(#5975,#5981,#5982,#5983,#5984,#5985));
#5975 = ORIENTED_EDGE('',*,*,#5976,.F.);
#5976 = EDGE_CURVE('',#4223,#4125,#5977,.T.);
#5977 = LINE('',#5978,#5979);
#5978 = CARTESIAN_POINT('',(-9.,-8.907904909508E-14,-13.74874424874));
#5979 = VECTOR('',#5980,1.);
#5980 = DIRECTION('',(1.,-4.853481507928E-16,-1.22464679915E-16));
#5981 = ORIENTED_EDGE('',*,*,#4231,.F.);
#5982 = ORIENTED_EDGE('',*,*,#4200,.F.);
#5983 = ORIENTED_EDGE('',*,*,#4172,.T.);
#5984 = ORIENTED_EDGE('',*,*,#4148,.F.);
#5985 = ORIENTED_EDGE('',*,*,#4132,.F.);
#5986 = PLANE('',#5987);
#5987 = AXIS2_PLACEMENT_3D('',#5988,#5989,#5990);
#5988 = CARTESIAN_POINT('',(-9.,7.499999999991E-02,-13.82374424874));
#5989 = DIRECTION('',(4.297885742857E-16,0.707106781187,0.707106781187)
  );
#5990 = DIRECTION('',(1.,-4.853481507928E-16,-1.22464679915E-16));
#5991 = ADVANCED_FACE('',(#5992),#6009,.F.);
#5992 = FACE_BOUND('',#5993,.F.);
#5993 = EDGE_LOOP('',(#5994,#5995,#5996,#6002));
#5994 = ORIENTED_EDGE('',*,*,#4280,.F.);
#5995 = ORIENTED_EDGE('',*,*,#4245,.T.);
#5996 = ORIENTED_EDGE('',*,*,#5997,.T.);
#5997 = EDGE_CURVE('',#4246,#22,#5998,.T.);
#5998 = LINE('',#5999,#6000);
#5999 = CARTESIAN_POINT('',(-11.,8.999999999998,-12.59874424874));
#6000 = VECTOR('',#6001,1.);
#6001 = DIRECTION('',(4.097774327024E-17,-1.,1.165734175857E-15));
#6002 = ORIENTED_EDGE('',*,*,#6003,.T.);
#6003 = EDGE_CURVE('',#22,#4271,#6004,.T.);
#6004 = CIRCLE('',#6005,1.7);
#6005 = AXIS2_PLACEMENT_3D('',#6006,#6007,#6008);
#6006 = CARTESIAN_POINT('',(-11.,0.4,-10.89874424874));
#6007 = DIRECTION('',(4.853481507928E-16,1.,-1.665334536942E-16));
#6008 = DIRECTION('',(8.141086587624E-16,-1.665334536942E-16,-1.));
#6009 = CYLINDRICAL_SURFACE('',#6010,1.7);
#6010 = AXIS2_PLACEMENT_3D('',#6011,#6012,#6013);
#6011 = CARTESIAN_POINT('',(-11.,8.999999999998,-10.89874424874));
#6012 = DIRECTION('',(4.097774327021E-17,-1.,1.110223024626E-15));
#6013 = DIRECTION('',(8.141086587624E-16,-1.110223024626E-15,-1.));
#6014 = ADVANCED_FACE('',(#6015),#6040,.T.);
#6015 = FACE_BOUND('',#6016,.T.);
#6016 = EDGE_LOOP('',(#6017,#6025,#6033,#6039));
#6017 = ORIENTED_EDGE('',*,*,#6018,.T.);
#6018 = EDGE_CURVE('',#4273,#6019,#6021,.T.);
#6019 = VERTEX_POINT('',#6020);
#6020 = CARTESIAN_POINT('',(-1.000000000003,-9.213749370564E-14,
    -8.798744248744));
#6021 = LINE('',#6022,#6023);
#6022 = CARTESIAN_POINT('',(-1.000000000003,0.4,-9.198744248744));
#6023 = VECTOR('',#6024,1.);
#6024 = DIRECTION('',(-2.565973630382E-16,-0.707106781187,0.707106781187
    ));
#6025 = ORIENTED_EDGE('',*,*,#6026,.T.);
#6026 = EDGE_CURVE('',#6019,#6027,#6029,.T.);
#6027 = VERTEX_POINT('',#6028);
#6028 = CARTESIAN_POINT('',(-11.,-8.728401219771E-14,-8.798744248744));
#6029 = LINE('',#6030,#6031);
#6030 = CARTESIAN_POINT('',(-5.000000000002,-9.019610110246E-14,
    -8.798744248744));
#6031 = VECTOR('',#6032,1.);
#6032 = DIRECTION('',(-1.,4.853481507928E-16,-6.181869485343E-16));
#6033 = ORIENTED_EDGE('',*,*,#6034,.F.);
#6034 = EDGE_CURVE('',#4271,#6027,#6035,.T.);
#6035 = LINE('',#6036,#6037);
#6036 = CARTESIAN_POINT('',(-11.,0.4,-9.198744248744));
#6037 = VECTOR('',#6038,1.);
#6038 = DIRECTION('',(2.869198234394E-14,-0.707106781187,0.707106781187)
  );
#6039 = ORIENTED_EDGE('',*,*,#4270,.T.);
#6040 = PLANE('',#6041);
#6041 = AXIS2_PLACEMENT_3D('',#6042,#6043,#6044);
#6042 = CARTESIAN_POINT('',(-5.000000000002,0.2,-8.998744248744));
#6043 = DIRECTION('',(9.393121468771E-17,-0.707106781187,-0.707106781187
    ));
#6044 = DIRECTION('',(-1.,4.853481507928E-16,-6.181869485343E-16));
#6045 = ADVANCED_FACE('',(#6046),#6052,.F.);
#6046 = FACE_BOUND('',#6047,.T.);
#6047 = EDGE_LOOP('',(#6048,#6049,#6050,#6051));
#6048 = ORIENTED_EDGE('',*,*,#47,.F.);
#6049 = ORIENTED_EDGE('',*,*,#4318,.F.);
#6050 = ORIENTED_EDGE('',*,*,#4304,.F.);
#6051 = ORIENTED_EDGE('',*,*,#5997,.T.);
#6052 = PLANE('',#6053);
#6053 = AXIS2_PLACEMENT_3D('',#6054,#6055,#6056);
#6054 = CARTESIAN_POINT('',(-11.,8.999999999998,-12.59874424874));
#6055 = DIRECTION('',(6.181869485343E-16,-1.110223024626E-15,-1.));
#6056 = DIRECTION('',(1.,-8.82790510602E-16,6.181869485343E-16));
#6057 = ADVANCED_FACE('',(#6058),#6070,.F.);
#6058 = FACE_BOUND('',#6059,.F.);
#6059 = EDGE_LOOP('',(#6060,#6061,#6062,#6069));
#6060 = ORIENTED_EDGE('',*,*,#4326,.F.);
#6061 = ORIENTED_EDGE('',*,*,#6018,.T.);
#6062 = ORIENTED_EDGE('',*,*,#6063,.F.);
#6063 = EDGE_CURVE('',#32,#6019,#6064,.T.);
#6064 = CIRCLE('',#6065,2.1);
#6065 = AXIS2_PLACEMENT_3D('',#6066,#6067,#6068);
#6066 = CARTESIAN_POINT('',(-1.000000000003,-9.248721395839E-14,
    -10.89874424874));
#6067 = DIRECTION('',(-4.853481507928E-16,-1.,1.665334536942E-16));
#6068 = DIRECTION('',(-8.141086587624E-16,1.665334536942E-16,1.));
#6069 = ORIENTED_EDGE('',*,*,#39,.T.);
#6070 = CONICAL_SURFACE('',#6071,1.9,0.785398163397);
#6071 = AXIS2_PLACEMENT_3D('',#6072,#6073,#6074);
#6072 = CARTESIAN_POINT('',(-1.000000000003,0.2,-10.89874424874));
#6073 = DIRECTION('',(-4.853481507928E-16,-1.,1.665334536942E-16));
#6074 = DIRECTION('',(-8.141086587624E-16,1.665334536942E-16,1.));
#6075 = ADVANCED_FACE('',(#6076,#6146),#6158,.F.);
#6076 = FACE_BOUND('',#6077,.T.);
#6077 = EDGE_LOOP('',(#6078,#6079,#6080,#6081,#6082,#6083,#6084,#6085,
    #6086,#6087,#6088,#6089,#6090,#6091,#6092,#6093,#6094,#6095,#6096,
    #6097,#6098,#6099,#6100,#6101,#6102,#6103,#6104,#6105,#6106,#6107,
    #6108,#6109,#6110,#6111,#6112,#6113,#6114,#6115,#6116,#6117,#6118,
    #6119,#6120,#6121,#6122,#6123,#6124,#6125,#6126,#6127,#6128,#6129,
    #6130,#6131,#6132,#6133,#6134,#6135,#6136,#6137,#6138,#6139,#6140,
    #6141,#6142,#6143,#6144,#6145));
#6078 = ORIENTED_EDGE('',*,*,#5976,.T.);
#6079 = ORIENTED_EDGE('',*,*,#5960,.T.);
#6080 = ORIENTED_EDGE('',*,*,#5935,.T.);
#6081 = ORIENTED_EDGE('',*,*,#5909,.T.);
#6082 = ORIENTED_EDGE('',*,*,#5895,.T.);
#6083 = ORIENTED_EDGE('',*,*,#5870,.T.);
#6084 = ORIENTED_EDGE('',*,*,#5846,.T.);
#6085 = ORIENTED_EDGE('',*,*,#5821,.T.);
#6086 = ORIENTED_EDGE('',*,*,#5797,.T.);
#6087 = ORIENTED_EDGE('',*,*,#5762,.T.);
#6088 = ORIENTED_EDGE('',*,*,#5748,.T.);
#6089 = ORIENTED_EDGE('',*,*,#5713,.T.);
#6090 = ORIENTED_EDGE('',*,*,#5699,.T.);
#6091 = ORIENTED_EDGE('',*,*,#5674,.T.);
#6092 = ORIENTED_EDGE('',*,*,#5650,.T.);
#6093 = ORIENTED_EDGE('',*,*,#5625,.T.);
#6094 = ORIENTED_EDGE('',*,*,#5601,.T.);
#6095 = ORIENTED_EDGE('',*,*,#5566,.T.);
#6096 = ORIENTED_EDGE('',*,*,#5552,.T.);
#6097 = ORIENTED_EDGE('',*,*,#5517,.T.);
#6098 = ORIENTED_EDGE('',*,*,#5503,.T.);
#6099 = ORIENTED_EDGE('',*,*,#5478,.T.);
#6100 = ORIENTED_EDGE('',*,*,#5454,.T.);
#6101 = ORIENTED_EDGE('',*,*,#5429,.T.);
#6102 = ORIENTED_EDGE('',*,*,#5405,.T.);
#6103 = ORIENTED_EDGE('',*,*,#5370,.T.);
#6104 = ORIENTED_EDGE('',*,*,#5356,.T.);
#6105 = ORIENTED_EDGE('',*,*,#5321,.T.);
#6106 = ORIENTED_EDGE('',*,*,#5307,.T.);
#6107 = ORIENTED_EDGE('',*,*,#5282,.T.);
#6108 = ORIENTED_EDGE('',*,*,#5258,.T.);
#6109 = ORIENTED_EDGE('',*,*,#5233,.T.);
#6110 = ORIENTED_EDGE('',*,*,#5209,.T.);
#6111 = ORIENTED_EDGE('',*,*,#5174,.T.);
#6112 = ORIENTED_EDGE('',*,*,#5160,.T.);
#6113 = ORIENTED_EDGE('',*,*,#5125,.T.);
#6114 = ORIENTED_EDGE('',*,*,#5111,.T.);
#6115 = ORIENTED_EDGE('',*,*,#5086,.T.);
#6116 = ORIENTED_EDGE('',*,*,#5062,.T.);
#6117 = ORIENTED_EDGE('',*,*,#5037,.T.);
#6118 = ORIENTED_EDGE('',*,*,#5013,.T.);
#6119 = ORIENTED_EDGE('',*,*,#4978,.T.);
#6120 = ORIENTED_EDGE('',*,*,#4964,.T.);
#6121 = ORIENTED_EDGE('',*,*,#4929,.T.);
#6122 = ORIENTED_EDGE('',*,*,#4915,.T.);
#6123 = ORIENTED_EDGE('',*,*,#4890,.T.);
#6124 = ORIENTED_EDGE('',*,*,#4866,.T.);
#6125 = ORIENTED_EDGE('',*,*,#4841,.T.);
#6126 = ORIENTED_EDGE('',*,*,#4817,.T.);
#6127 = ORIENTED_EDGE('',*,*,#4782,.T.);
#6128 = ORIENTED_EDGE('',*,*,#4768,.T.);
#6129 = ORIENTED_EDGE('',*,*,#4733,.T.);
#6130 = ORIENTED_EDGE('',*,*,#4719,.T.);
#6131 = ORIENTED_EDGE('',*,*,#4694,.T.);
#6132 = ORIENTED_EDGE('',*,*,#4670,.T.);
#6133 = ORIENTED_EDGE('',*,*,#4645,.T.);
#6134 = ORIENTED_EDGE('',*,*,#4621,.T.);
#6135 = ORIENTED_EDGE('',*,*,#4586,.T.);
#6136 = ORIENTED_EDGE('',*,*,#4572,.T.);
#6137 = ORIENTED_EDGE('',*,*,#4537,.T.);
#6138 = ORIENTED_EDGE('',*,*,#4523,.T.);
#6139 = ORIENTED_EDGE('',*,*,#4498,.T.);
#6140 = ORIENTED_EDGE('',*,*,#4474,.T.);
#6141 = ORIENTED_EDGE('',*,*,#4449,.T.);
#6142 = ORIENTED_EDGE('',*,*,#4425,.T.);
#6143 = ORIENTED_EDGE('',*,*,#4390,.T.);
#6144 = ORIENTED_EDGE('',*,*,#4366,.T.);
#6145 = ORIENTED_EDGE('',*,*,#4351,.T.);
#6146 = FACE_BOUND('',#6147,.T.);
#6147 = EDGE_LOOP('',(#6148,#6149,#6156,#6157));
#6148 = ORIENTED_EDGE('',*,*,#31,.F.);
#6149 = ORIENTED_EDGE('',*,*,#6150,.F.);
#6150 = EDGE_CURVE('',#6027,#24,#6151,.T.);
#6151 = CIRCLE('',#6152,2.1);
#6152 = AXIS2_PLACEMENT_3D('',#6153,#6154,#6155);
#6153 = CARTESIAN_POINT('',(-11.,-8.763373245046E-14,-10.89874424874));
#6154 = DIRECTION('',(-4.853481507928E-16,-1.,1.665334536942E-16));
#6155 = DIRECTION('',(8.141086587624E-16,-1.665334536942E-16,-1.));
#6156 = ORIENTED_EDGE('',*,*,#6026,.F.);
#6157 = ORIENTED_EDGE('',*,*,#6063,.F.);
#6158 = PLANE('',#6159);
#6159 = AXIS2_PLACEMENT_3D('',#6160,#6161,#6162);
#6160 = CARTESIAN_POINT('',(-9.,-8.810482839097E-14,-7.898744248745));
#6161 = DIRECTION('',(4.853481507928E-16,1.,-1.665334536942E-16));
#6162 = DIRECTION('',(-1.22464679915E-16,-1.665334536942E-16,-1.));
#6163 = ADVANCED_FACE('',(#6164),#6170,.F.);
#6164 = FACE_BOUND('',#6165,.F.);
#6165 = EDGE_LOOP('',(#6166,#6167,#6168,#6169));
#6166 = ORIENTED_EDGE('',*,*,#6003,.F.);
#6167 = ORIENTED_EDGE('',*,*,#21,.T.);
#6168 = ORIENTED_EDGE('',*,*,#6150,.F.);
#6169 = ORIENTED_EDGE('',*,*,#6034,.F.);
#6170 = CONICAL_SURFACE('',#6171,1.9,0.785398163397);
#6171 = AXIS2_PLACEMENT_3D('',#6172,#6173,#6174);
#6172 = CARTESIAN_POINT('',(-11.,0.2,-10.89874424874));
#6173 = DIRECTION('',(-4.853481507928E-16,-1.,1.665334536942E-16));
#6174 = DIRECTION('',(8.141086587624E-16,-1.665334536942E-16,-1.));
#6175 = ( GEOMETRIC_REPRESENTATION_CONTEXT(3) 
GLOBAL_UNCERTAINTY_ASSIGNED_CONTEXT((#6179)) 
GLOBAL_UNIT_ASSIGNED_CONTEXT((#6176,#6177,#6178)) REPRESENTATION_CONTEXT
('Context #1','3D Context with UNIT and UNCERTAINTY') );
#6176 = ( LENGTH_UNIT() NAMED_UNIT(*) SI_UNIT(.MILLI.,.METRE.) );
#6177 = ( NAMED_UNIT(*) PLANE_ANGLE_UNIT() SI_UNIT($,.RADIAN.) );
#6178 = ( NAMED_UNIT(*) SI_UNIT($,.STERADIAN.) SOLID_ANGLE_UNIT() );
#6179 = UNCERTAINTY_MEASURE_WITH_UNIT(LENGTH_MEASURE(1.E-07),#6176,
  'distance_accuracy_value','confusion accuracy');
#6180 = PRODUCT_RELATED_PRODUCT_CATEGORY('part',$,(#7));
#6181 = MECHANICAL_DESIGN_GEOMETRIC_PRESENTATION_REPRESENTATION('',(
    #6182),#6175);
#6182 = STYLED_ITEM('color',(#6183),#15);
#6183 = PRESENTATION_STYLE_ASSIGNMENT((#6184,#6190));
#6184 = SURFACE_STYLE_USAGE(.BOTH.,#6185);
#6185 = SURFACE_SIDE_STYLE('',(#6186));
#6186 = SURFACE_STYLE_FILL_AREA(#6187);
#6187 = FILL_AREA_STYLE('',(#6188));
#6188 = FILL_AREA_STYLE_COLOUR('',#6189);
#6189 = COLOUR_RGB('',1.,0.435294116471,0.);
#6190 = CURVE_STYLE('',#6191,POSITIVE_LENGTH_MEASURE(0.1),#6192);
#6191 = DRAUGHTING_PRE_DEFINED_CURVE_FONT('continuous');
#6192 = COLOUR_RGB('',9.803921802644E-02,9.803921802644E-02,
  9.803921802644E-02);
ENDSEC;
END-ISO-10303-21;
