ISO-10303-21;
HEADER;
FILE_DESCRIPTION(('FreeCAD Model'),'2;1');
FILE_NAME('Open CASCADE Shape Model','2025-11-08T14:14:35',(''),(''),
  'Open CASCADE STEP processor 7.9','FreeCAD','Unknown');
FILE_SCHEMA(('AUTOMOTIVE_DESIGN { 1 0 10303 214 1 1 1 1 }'));
ENDSEC;
DATA;
#1 = APPLICATION_PROTOCOL_DEFINITION('international standard',
  'automotive_design',2000,#2);
#2 = APPLICATION_CONTEXT(
  'core data for automotive mechanical design processes');
#3 = SHAPE_DEFINITION_REPRESENTATION(#4,#10);
#4 = PRODUCT_DEFINITION_SHAPE('','',#5);
#5 = PRODUCT_DEFINITION('design','',#6,#9);
#6 = PRODUCT_DEFINITION_FORMATION('','',#7);
#7 = PRODUCT('corner_block_x6','corner_block_x6','',(#8));
#8 = PRODUCT_CONTEXT('',#2,'mechanical');
#9 = PRODUCT_DEFINITION_CONTEXT('part definition',#2,'design');
#10 = ADVANCED_BREP_SHAPE_REPRESENTATION('',(#11,#15),#12986);
#11 = AXIS2_PLACEMENT_3D('',#12,#13,#14);
#12 = CARTESIAN_POINT('',(0.,0.,0.));
#13 = DIRECTION('',(0.,0.,1.));
#14 = DIRECTION('',(1.,0.,-0.));
#15 = MANIFOLD_SOLID_BREP('',#16);
#16 = CLOSED_SHELL('',(#17,#50,#237,#301,#331,#371,#403,#445,#580,#633,
    #675,#810,#863,#903,#960,#991,#1052,#1083,#1233,#1265,#1296,#1329,
    #1360,#1393,#1424,#1456,#1487,#1516,#1546,#1563,#1593,#1624,#1648,
    #1688,#1720,#1753,#1775,#1797,#1829,#1860,#1891,#1924,#1955,#1988,
    #2010,#2041,#2063,#2080,#2097,#2114,#2145,#2170,#2194,#2219,#2243,
    #2276,#2307,#2340,#2362,#2387,#2404,#2428,#2459,#2484,#2508,#2533,
    #2557,#2590,#2621,#2654,#2676,#2700,#2717,#2766,#2788,#2810,#2832,
    #2863,#2944,#2969,#3010,#3035,#3107,#3136,#3215,#3240,#3281,#3306,
    #3380,#3414,#3438,#3463,#3480,#3499,#3547,#3615,#3633,#3651,#3697,
    #3729,#3745,#3802,#3839,#3864,#3910,#4009,#4020,#4031,#4042,#4052,
    #4082,#4228,#4266,#4323,#4372,#4421,#4486,#4519,#4568,#4610,#4643,
    #4674,#4706,#4738,#4779,#4810,#4835,#4868,#4917,#4957,#4990,#5030,
    #5063,#5094,#5127,#5166,#5191,#5222,#5273,#5315,#5349,#5381,#5413,
    #5455,#5490,#5543,#5577,#5602,#5620,#5638,#5681,#5692,#5723,#5746,
    #5763,#5780,#5811,#5842,#5878,#5910,#5934,#5967,#6018,#6065,#6082,
    #6124,#6142,#6159,#6171,#6211,#6244,#6275,#6308,#6339,#6370,#6395,
    #6419,#6444,#6468,#6516,#6562,#6587,#6612,#6637,#6683,#6761,#6786,
    #6812,#6837,#6862,#6879,#6897,#6915,#6933,#6951,#6976,#7000,#7061,
    #7086,#7118,#7149,#7180,#7205,#7229,#7255,#7274,#7291,#7302,#7328,
    #7344,#7370,#7387,#7400,#7418,#7436,#7466,#7484,#7509,#7542,#7567,
    #7592,#7634,#7667,#7692,#7725,#7770,#7802,#7827,#7852,#7878,#7895,
    #7920,#7944,#7962,#7980,#7998,#8010,#8027,#8049,#8066,#8083,#8100,
    #8117,#8142,#8159,#8181,#8193,#8205,#8217,#8263,#8295,#8311,#8368,
    #8405,#8430,#8476,#8574,#8585,#8596,#8607,#8617,#8647,#8786,#8824,
    #8881,#8930,#8979,#9044,#9077,#9126,#9158,#9191,#9220,#9252,#9284,
    #9316,#9334,#9359,#9390,#9415,#9446,#9470,#9510,#9550,#9583,#9623,
    #9656,#9687,#9720,#9759,#9784,#9815,#9866,#9908,#9942,#9974,#10006,
    #10048,#10083,#10136,#10170,#10195,#10213,#10231,#10274,#10285,
    #10325,#10348,#10365,#10382,#10413,#10435,#10457,#10475,#10489,
    #10515,#10533,#10556,#10596,#10622,#10639,#10688,#10725,#10743,
    #10760,#10772,#10812,#10845,#10876,#10909,#10940,#10971,#10996,
    #11020,#11045,#11069,#11117,#11156,#11181,#11206,#11231,#11256,
    #11288,#11326,#11404,#11429,#11455,#11480,#11505,#11522,#11540,
    #11558,#11576,#11594,#11619,#11636,#11653,#11670,#11694,#11755,
    #11780,#11812,#11843,#11874,#11899,#11923,#11949,#11968,#11985,
    #12004,#12020,#12051,#12067,#12093,#12110,#12128,#12152,#12170,
    #12188,#12213,#12238,#12263,#12287,#12305,#12328,#12337,#12361,
    #12393,#12411,#12429,#12465,#12483,#12508,#12526,#12548,#12565,
    #12577,#12602,#12627,#12653,#12670,#12695,#12719,#12737,#12755,
    #12773,#12785,#12811,#12828,#12840,#12857,#12874,#12891,#12916,
    #12933,#12950,#12962,#12974));
#17 = ADVANCED_FACE('',(#18),#45,.F.);
#18 = FACE_BOUND('',#19,.F.);
#19 = EDGE_LOOP('',(#20,#30,#37,#38));
#20 = ORIENTED_EDGE('',*,*,#21,.T.);
#21 = EDGE_CURVE('',#22,#24,#26,.T.);
#22 = VERTEX_POINT('',#23);
#23 = CARTESIAN_POINT('',(-80.14833792904,-9.021865069975,-124.09589414)
  );
#24 = VERTEX_POINT('',#25);
#25 = CARTESIAN_POINT('',(-80.14833848867,-9.021863924745,-120.89589414)
  );
#26 = LINE('',#27,#28);
#27 = CARTESIAN_POINT('',(-80.14833792904,-9.021865069975,-124.09589414)
  );
#28 = VECTOR('',#29,1.);
#29 = DIRECTION('',(-1.748856291289E-07,3.578844383825E-07,1.));
#30 = ORIENTED_EDGE('',*,*,#31,.T.);
#31 = EDGE_CURVE('',#24,#24,#32,.T.);
#32 = CIRCLE('',#33,3.04);
#33 = AXIS2_PLACEMENT_3D('',#34,#35,#36);
#34 = CARTESIAN_POINT('',(-81.66838567774,-11.65455390706,
    -120.8958934637));
#35 = DIRECTION('',(1.748855434255E-07,-3.578842869114E-07,-1.));
#36 = DIRECTION('',(-0.500015522718,-0.866016441554,2.224881902273E-07)
  );
#37 = ORIENTED_EDGE('',*,*,#21,.F.);
#38 = ORIENTED_EDGE('',*,*,#39,.F.);
#39 = EDGE_CURVE('',#22,#22,#40,.T.);
#40 = CIRCLE('',#41,3.04);
#41 = AXIS2_PLACEMENT_3D('',#42,#43,#44);
#42 = CARTESIAN_POINT('',(-81.6683851181,-11.65455505229,-124.0958934637
    ));
#43 = DIRECTION('',(1.748855422052E-07,-3.578842871477E-07,-1.));
#44 = DIRECTION('',(-0.500015522718,-0.866016441554,2.22488191042E-07));
#45 = CYLINDRICAL_SURFACE('',#46,3.04);
#46 = AXIS2_PLACEMENT_3D('',#47,#48,#49);
#47 = CARTESIAN_POINT('',(-81.6683851181,-11.65455505229,-124.0958934637
    ));
#48 = DIRECTION('',(1.748856291289E-07,-3.578844383825E-07,-1.));
#49 = DIRECTION('',(-0.500015522718,-0.866016441554,2.224882785507E-07)
  );
#50 = ADVANCED_FACE('',(#51,#187,#190,#201,#221),#232,.F.);
#51 = FACE_BOUND('',#52,.T.);
#52 = EDGE_LOOP('',(#53,#63,#71,#80,#88,#97,#105,#114,#122,#130,#139,
    #147,#156,#164,#173,#181));
#53 = ORIENTED_EDGE('',*,*,#54,.F.);
#54 = EDGE_CURVE('',#55,#57,#59,.T.);
#55 = VERTEX_POINT('',#56);
#56 = CARTESIAN_POINT('',(-50.68058634594,-23.50711636874,
    -124.0958838025));
#57 = VERTEX_POINT('',#58);
#58 = CARTESIAN_POINT('',(-63.55953656472,-1.200120241664,
    -124.0958940382));
#59 = LINE('',#60,#61);
#60 = CARTESIAN_POINT('',(-67.80194399967,6.147944982068,-124.0958974099
    ));
#61 = VECTOR('',#62,1.);
#62 = DIRECTION('',(-0.5,0.866025403784,-3.973796553878E-07));
#63 = ORIENTED_EDGE('',*,*,#64,.F.);
#64 = EDGE_CURVE('',#65,#55,#67,.T.);
#65 = VERTEX_POINT('',#66);
#66 = CARTESIAN_POINT('',(-36.99976809304,-23.50711636874,
    -124.0958814099));
#67 = LINE('',#68,#69);
#68 = CARTESIAN_POINT('',(-71.99749335576,-23.50711636874,
    -124.0958875305));
#69 = VECTOR('',#70,1.);
#70 = DIRECTION('',(-1.,-3.037244201664E-14,-1.748855422052E-07));
#71 = ORIENTED_EDGE('',*,*,#72,.F.);
#72 = EDGE_CURVE('',#73,#65,#75,.T.);
#73 = VERTEX_POINT('',#74);
#74 = CARTESIAN_POINT('',(-35.39976809304,-25.10711636874,
    -124.0958805575));
#75 = CIRCLE('',#76,1.6);
#76 = AXIS2_PLACEMENT_3D('',#77,#78,#79);
#77 = CARTESIAN_POINT('',(-36.99976809304,-25.10711636874,
    -124.0958808373));
#78 = DIRECTION('',(-1.748855422052E-07,3.578842871477E-07,1.));
#79 = DIRECTION('',(0.707106781187,0.707106781187,-1.293996534974E-07));
#80 = ORIENTED_EDGE('',*,*,#81,.F.);
#81 = EDGE_CURVE('',#82,#73,#84,.T.);
#82 = VERTEX_POINT('',#83);
#83 = CARTESIAN_POINT('',(-35.39976809304,-46.00711636874,
    -124.0958730777));
#84 = LINE('',#85,#86);
#85 = CARTESIAN_POINT('',(-35.39976809304,-23.82439137036,
    -124.0958810166));
#86 = VECTOR('',#87,1.);
#87 = DIRECTION('',(3.167963021292E-14,1.,-3.578842871477E-07));
#88 = ORIENTED_EDGE('',*,*,#89,.F.);
#89 = EDGE_CURVE('',#90,#82,#92,.T.);
#90 = VERTEX_POINT('',#91);
#91 = CARTESIAN_POINT('',(-35.99976809304,-46.60711636874,
    -124.0958729679));
#92 = CIRCLE('',#93,0.6);
#93 = AXIS2_PLACEMENT_3D('',#94,#95,#96);
#94 = CARTESIAN_POINT('',(-35.99976809304,-46.00711636874,
    -124.0958731826));
#95 = DIRECTION('',(-1.748855422052E-07,3.578842871477E-07,1.));
#96 = DIRECTION('',(0.707106781187,-0.707106781186,3.76725159147E-07));
#97 = ORIENTED_EDGE('',*,*,#98,.F.);
#98 = EDGE_CURVE('',#99,#90,#101,.T.);
#99 = VERTEX_POINT('',#100);
#100 = CARTESIAN_POINT('',(-66.45319239257,-46.60711636874,
    -124.0958782938));
#101 = LINE('',#102,#103);
#102 = CARTESIAN_POINT('',(-82.99749335576,-46.60711636874,
    -124.0958811871));
#103 = VECTOR('',#104,1.);
#104 = DIRECTION('',(1.,3.121898707292E-14,1.748855422052E-07));
#105 = ORIENTED_EDGE('',*,*,#106,.F.);
#106 = EDGE_CURVE('',#107,#99,#109,.T.);
#107 = VERTEX_POINT('',#108);
#108 = CARTESIAN_POINT('',(-79.96330770152,-38.80691023386,
    -124.0958834481));
#109 = CIRCLE('',#110,15.599999999913);
#110 = AXIS2_PLACEMENT_3D('',#111,#112,#113);
#111 = CARTESIAN_POINT('',(-66.45319239254,-31.00711636874,
    -124.0958838768));
#112 = DIRECTION('',(-1.748855422052E-07,3.578842871477E-07,1.));
#113 = DIRECTION('',(-1.443675163543E-12,-1.,3.578842871474E-07));
#114 = ORIENTED_EDGE('',*,*,#115,.F.);
#115 = EDGE_CURVE('',#116,#107,#118,.T.);
#116 = VERTEX_POINT('',#117);
#117 = CARTESIAN_POINT('',(-92.14640860003,-17.70441691074,
    -124.095893131));
#118 = LINE('',#119,#120);
#119 = CARTESIAN_POINT('',(-97.62591182825,-8.213304487827,
    -124.095897486));
#120 = VECTOR('',#121,1.);
#121 = DIRECTION('',(0.499986786224,-0.866033032627,3.973800747323E-07)
  );
#122 = ORIENTED_EDGE('',*,*,#123,.T.);
#123 = EDGE_CURVE('',#116,#124,#126,.T.);
#124 = VERTEX_POINT('',#125);
#125 = CARTESIAN_POINT('',(-104.3297752115,3.397923006083,
    -124.0959028139));
#126 = LINE('',#127,#128);
#127 = CARTESIAN_POINT('',(-86.66678586404,-27.19546033725,
    -124.095888776));
#128 = VECTOR('',#129,1.);
#129 = DIRECTION('',(-0.499997690918,0.86602673693,-3.973799037351E-07)
  );
#130 = ORIENTED_EDGE('',*,*,#131,.T.);
#131 = EDGE_CURVE('',#124,#132,#134,.T.);
#132 = VERTEX_POINT('',#133);
#133 = CARTESIAN_POINT('',(-104.3296146036,18.99812913876,
    -124.0959083969));
#134 = CIRCLE('',#135,15.599999999913);
#135 = AXIS2_PLACEMENT_3D('',#136,#137,#138);
#136 = CARTESIAN_POINT('',(-90.81975811542,11.197886984381,
    -124.0959032427));
#137 = DIRECTION('',(1.748856297342E-07,-3.578844387555E-07,-1.));
#138 = DIRECTION('',(-0.866016441554,0.500015522717,-3.304016054579E-07)
  );
#139 = ORIENTED_EDGE('',*,*,#140,.T.);
#140 = EDGE_CURVE('',#132,#141,#143,.T.);
#141 = VERTEX_POINT('',#142);
#142 = CARTESIAN_POINT('',(-89.10242973398,45.371295283758,
    -124.0959151724));
#143 = LINE('',#144,#145);
#144 = CARTESIAN_POINT('',(-112.6020218977,4.670492490626,-124.095904716
    ));
#145 = VECTOR('',#146,1.);
#146 = DIRECTION('',(0.500015522718,0.866016441554,-2.22488278571E-07));
#147 = ORIENTED_EDGE('',*,*,#148,.T.);
#148 = EDGE_CURVE('',#141,#149,#151,.T.);
#149 = VERTEX_POINT('',#150);
#150 = CARTESIAN_POINT('',(-88.28281055542,45.590895835059,
    -124.0959151077));
#151 = CIRCLE('',#152,0.6);
#152 = AXIS2_PLACEMENT_3D('',#153,#154,#155);
#153 = CARTESIAN_POINT('',(-88.58281986905,45.071285970127,
    -124.0959149742));
#154 = DIRECTION('',(1.748856297342E-07,-3.578844387555E-07,-1.));
#155 = DIRECTION('',(-0.258801731629,0.965930465254,-3.909521862466E-07)
  );
#156 = ORIENTED_EDGE('',*,*,#157,.T.);
#157 = EDGE_CURVE('',#149,#158,#160,.T.);
#158 = VERTEX_POINT('',#159);
#159 = CARTESIAN_POINT('',(-70.18306692695,35.140571410256,
    -124.0959082023));
#160 = LINE('',#161,#162);
#161 = CARTESIAN_POINT('',(-69.07220598836,34.499188999689,
    -124.0959077785));
#162 = VECTOR('',#163,1.);
#163 = DIRECTION('',(0.866016441554,-0.500015522718,3.304016054582E-07)
  );
#164 = ORIENTED_EDGE('',*,*,#165,.T.);
#165 = EDGE_CURVE('',#158,#166,#168,.T.);
#166 = VERTEX_POINT('',#167);
#167 = CARTESIAN_POINT('',(-69.59746545681,32.95492026742,
    -124.0959073177));
#168 = CIRCLE('',#169,1.6);
#169 = AXIS2_PLACEMENT_3D('',#170,#171,#172);
#170 = CARTESIAN_POINT('',(-70.9830917633,33.754945103771,
    -124.0959078463));
#171 = DIRECTION('',(1.748856297342E-07,-3.578844387555E-07,-1.));
#172 = DIRECTION('',(0.965930465254,0.258801731629,7.630624522234E-08));
#173 = ORIENTED_EDGE('',*,*,#174,.T.);
#174 = EDGE_CURVE('',#166,#175,#177,.T.);
#175 = VERTEX_POINT('',#176);
#176 = CARTESIAN_POINT('',(-76.43808694674,21.107106726497,
    -124.0959042738));
#177 = LINE('',#178,#179);
#178 = CARTESIAN_POINT('',(-87.09687134799,2.646314772931,
    -124.0958995311));
#179 = VECTOR('',#180,1.);
#180 = DIRECTION('',(-0.500015522718,-0.866016441554,2.22488278571E-07)
  );
#181 = ORIENTED_EDGE('',*,*,#182,.T.);
#182 = EDGE_CURVE('',#175,#57,#183,.T.);
#183 = LINE('',#184,#185);
#184 = CARTESIAN_POINT('',(-59.31726083853,-8.548261505905,
    -124.0958906665));
#185 = VECTOR('',#186,1.);
#186 = DIRECTION('',(0.499984477121,-0.866034365737,3.973803230635E-07)
  );
#187 = FACE_BOUND('',#188,.T.);
#188 = EDGE_LOOP('',(#189));
#189 = ORIENTED_EDGE('',*,*,#39,.F.);
#190 = FACE_BOUND('',#191,.T.);
#191 = EDGE_LOOP('',(#192));
#192 = ORIENTED_EDGE('',*,*,#193,.T.);
#193 = EDGE_CURVE('',#194,#194,#196,.T.);
#194 = VERTEX_POINT('',#195);
#195 = CARTESIAN_POINT('',(-100.8052828567,7.902732076883,
    -124.0959038097));
#196 = CIRCLE('',#197,1.8);
#197 = AXIS2_PLACEMENT_3D('',#198,#199,#200);
#198 = CARTESIAN_POINT('',(-99.90525491583,9.46156167168,-124.0959042102
    ));
#199 = DIRECTION('',(-1.748856297342E-07,3.578844387555E-07,1.));
#200 = DIRECTION('',(0.500015522718,0.866016441554,-2.22488278571E-07));
#201 = FACE_BOUND('',#202,.T.);
#202 = EDGE_LOOP('',(#203,#214));
#203 = ORIENTED_EDGE('',*,*,#204,.T.);
#204 = EDGE_CURVE('',#205,#207,#209,.T.);
#205 = VERTEX_POINT('',#206);
#206 = CARTESIAN_POINT('',(-68.92342225423,-4.296896993219,
    -124.0958938679));
#207 = VERTEX_POINT('',#208);
#208 = CARTESIAN_POINT('',(-74.29280753996,-7.396848872419,
    -124.0958936975));
#209 = CIRCLE('',#210,3.1);
#210 = AXIS2_PLACEMENT_3D('',#211,#212,#213);
#211 = CARTESIAN_POINT('',(-71.6081152243,-5.84687236607,-124.0958937827
    ));
#212 = DIRECTION('',(-1.748856297342E-07,3.578844387555E-07,1.));
#213 = DIRECTION('',(-0.500015522718,-0.866016441554,2.224882785711E-07)
  );
#214 = ORIENTED_EDGE('',*,*,#215,.F.);
#215 = EDGE_CURVE('',#205,#207,#216,.T.);
#216 = CIRCLE('',#217,3.1);
#217 = AXIS2_PLACEMENT_3D('',#218,#219,#220);
#218 = CARTESIAN_POINT('',(-71.60811456989,-5.846873499568,
    -124.0958937827));
#219 = DIRECTION('',(1.748855422052E-07,-3.578842871477E-07,-1.));
#220 = DIRECTION('',(-1.,-9.801326553844E-17,-1.748855422052E-07));
#221 = FACE_BOUND('',#222,.T.);
#222 = EDGE_LOOP('',(#223));
#223 = ORIENTED_EDGE('',*,*,#224,.F.);
#224 = EDGE_CURVE('',#225,#225,#227,.T.);
#225 = VERTEX_POINT('',#226);
#226 = CARTESIAN_POINT('',(-74.29976809304,-38.00711636874,
    -124.0958827438));
#227 = CIRCLE('',#228,1.8);
#228 = AXIS2_PLACEMENT_3D('',#229,#230,#231);
#229 = CARTESIAN_POINT('',(-72.49976809304,-38.00711636874,
    -124.095882429));
#230 = DIRECTION('',(1.748855422052E-07,-3.578842871477E-07,-1.));
#231 = DIRECTION('',(1.,3.096918689239E-14,1.748855422052E-07));
#232 = PLANE('',#233);
#233 = AXIS2_PLACEMENT_3D('',#234,#235,#236);
#234 = CARTESIAN_POINT('',(-88.99521861848,3.358333628005,
    -124.0959001179));
#235 = DIRECTION('',(-1.748855422052E-07,3.578842871477E-07,1.));
#236 = DIRECTION('',(0.5,0.866025403784,-2.224941131826E-07));
#237 = ADVANCED_FACE('',(#238),#296,.T.);
#238 = FACE_BOUND('',#239,.T.);
#239 = EDGE_LOOP('',(#240,#251,#264,#272,#281,#290));
#240 = ORIENTED_EDGE('',*,*,#241,.F.);
#241 = EDGE_CURVE('',#242,#244,#246,.T.);
#242 = VERTEX_POINT('',#243);
#243 = CARTESIAN_POINT('',(-80.30972098452,-39.00690480519,
    -123.6958834371));
#244 = VERTEX_POINT('',#245);
#245 = CARTESIAN_POINT('',(-80.35889747514,-38.92111446299,
    -123.6961890486));
#246 = ELLIPSE('',#247,22.627416997969,16.);
#247 = AXIS2_PLACEMENT_3D('',#248,#249,#250);
#248 = CARTESIAN_POINT('',(-66.45318966433,-31.00712195174,
    -139.6958838768));
#249 = DIRECTION('',(-0.612377706439,-0.353544300105,-0.707106761755));
#250 = DIRECTION('',(-0.612377953765,-0.35354379398,0.707106800618));
#251 = ORIENTED_EDGE('',*,*,#252,.T.);
#252 = EDGE_CURVE('',#242,#253,#255,.T.);
#253 = VERTEX_POINT('',#254);
#254 = CARTESIAN_POINT('',(-66.4531924625,-47.00711622559,
    -123.6958781506));
#255 = B_SPLINE_CURVE_WITH_KNOTS('',3,(#256,#257,#258,#259,#260,#261,
    #262,#263),.UNSPECIFIED.,.F.,.F.,(4,2,2,4),(0.,0.625031157419,
    1.152449816788,1.679868476156),.UNSPECIFIED.);
#256 = CARTESIAN_POINT('',(-80.30972098452,-39.00690480519,
    -123.6958834371));
#257 = CARTESIAN_POINT('',(-79.26802991889,-40.81123023435,
    -123.6958826092));
#258 = CARTESIAN_POINT('',(-77.88387310907,-42.39483990008,
    -123.6958818003));
#259 = CARTESIAN_POINT('',(-74.84393115356,-44.74342893716,
    -123.6958804282));
#260 = CARTESIAN_POINT('',(-73.28501404811,-45.58164868855,
    -123.6958798556));
#261 = CARTESIAN_POINT('',(-69.95735704208,-46.71735534824,
    -123.6958788671));
#262 = CARTESIAN_POINT('',(-68.21125466042,-47.00711622559,
    -123.6958784581));
#263 = CARTESIAN_POINT('',(-66.45319246252,-47.00711622559,
    -123.6958781506));
#264 = ORIENTED_EDGE('',*,*,#265,.T.);
#265 = EDGE_CURVE('',#253,#266,#268,.T.);
#266 = VERTEX_POINT('',#267);
#267 = CARTESIAN_POINT('',(-66.4532078874,-47.00708466018,
    -35.49587815066));
#268 = LINE('',#269,#270);
#269 = CARTESIAN_POINT('',(-66.45319628375,-47.00710840581,
    -101.8458768778));
#270 = VECTOR('',#271,1.);
#271 = DIRECTION('',(-1.748854777491E-07,3.578844046967E-07,1.));
#272 = ORIENTED_EDGE('',*,*,#273,.F.);
#273 = EDGE_CURVE('',#274,#266,#276,.T.);
#274 = VERTEX_POINT('',#275);
#275 = CARTESIAN_POINT('',(-80.30973640943,-39.00687323977,
    -35.49588343712));
#276 = CIRCLE('',#277,16.);
#277 = AXIS2_PLACEMENT_3D('',#278,#279,#280);
#278 = CARTESIAN_POINT('',(-66.4532078874,-31.00708466018,
    -35.49588387682));
#279 = DIRECTION('',(-1.748854534017E-07,3.578844412435E-07,1.));
#280 = DIRECTION('',(-0.500006606844,-0.866021589287,2.224917704451E-07)
  );
#281 = ORIENTED_EDGE('',*,*,#282,.F.);
#282 = EDGE_CURVE('',#283,#274,#285,.T.);
#283 = VERTEX_POINT('',#284);
#284 = CARTESIAN_POINT('',(-80.35891290015,-38.92108289736,
    -35.49557790423));
#285 = ELLIPSE('',#286,22.627416997968,16.);
#286 = AXIS2_PLACEMENT_3D('',#287,#288,#289);
#287 = CARTESIAN_POINT('',(-66.45321068557,-31.00707893403,
    -19.49588387682));
#288 = DIRECTION('',(-0.612377953765,-0.35354379398,0.707106800618));
#289 = DIRECTION('',(-0.612377706439,-0.353544300105,-0.707106761755));
#290 = ORIENTED_EDGE('',*,*,#291,.T.);
#291 = EDGE_CURVE('',#283,#244,#292,.T.);
#292 = LINE('',#293,#294);
#293 = CARTESIAN_POINT('',(-80.35890129644,-38.9211066431,
    -101.8458822035));
#294 = VECTOR('',#295,1.);
#295 = DIRECTION('',(1.748854777491E-07,-3.578844046967E-07,-1.));
#296 = CYLINDRICAL_SURFACE('',#297,16.);
#297 = AXIS2_PLACEMENT_3D('',#298,#299,#300);
#298 = CARTESIAN_POINT('',(-66.45319628375,-31.00710840581,
    -101.8458826039));
#299 = DIRECTION('',(1.748854777491E-07,-3.578844046967E-07,-1.));
#300 = DIRECTION('',(-0.500006606844,-0.866021589287,2.22491726621E-07)
  );
#301 = ADVANCED_FACE('',(#302),#326,.T.);
#302 = FACE_BOUND('',#303,.T.);
#303 = EDGE_LOOP('',(#304,#305,#313,#319,#320));
#304 = ORIENTED_EDGE('',*,*,#241,.T.);
#305 = ORIENTED_EDGE('',*,*,#306,.F.);
#306 = EDGE_CURVE('',#307,#244,#309,.T.);
#307 = VERTEX_POINT('',#308);
#308 = CARTESIAN_POINT('',(-92.49282062391,-17.90441366302,-123.69589312
    ));
#309 = LINE('',#310,#311);
#310 = CARTESIAN_POINT('',(-93.91949867021,-15.43331958493,
    -123.6958583254));
#311 = VECTOR('',#312,1.);
#312 = DIRECTION('',(0.49999769088,-0.866026736865,-1.219421058293E-05)
  );
#313 = ORIENTED_EDGE('',*,*,#314,.F.);
#314 = EDGE_CURVE('',#116,#307,#315,.T.);
#315 = LINE('',#316,#317);
#316 = CARTESIAN_POINT('',(-95.85192251772,-19.84375012665,
    -119.8171571009));
#317 = VECTOR('',#318,1.);
#318 = DIRECTION('',(-0.612375727918,-0.353547649382,0.707106800613));
#319 = ORIENTED_EDGE('',*,*,#115,.T.);
#320 = ORIENTED_EDGE('',*,*,#321,.F.);
#321 = EDGE_CURVE('',#242,#107,#322,.T.);
#322 = LINE('',#323,#324);
#323 = CARTESIAN_POINT('',(-77.78872171494,-37.55145782035,
    -126.6068565002));
#324 = VECTOR('',#325,1.);
#325 = DIRECTION('',(0.612377953764,0.353543793982,-0.707106800618));
#326 = PLANE('',#327);
#327 = AXIS2_PLACEMENT_3D('',#328,#329,#330);
#328 = CARTESIAN_POINT('',(-97.79911846975,-8.313301773494,
    -123.8958974805));
#329 = DIRECTION('',(-0.612377706439,-0.353544300105,-0.707106761755));
#330 = DIRECTION('',(-0.755926148684,1.387778780781E-16,0.654656900777)
  );
#331 = ADVANCED_FACE('',(#332),#366,.F.);
#332 = FACE_BOUND('',#333,.T.);
#333 = EDGE_LOOP('',(#334,#335,#343,#351,#359,#365));
#334 = ORIENTED_EDGE('',*,*,#291,.F.);
#335 = ORIENTED_EDGE('',*,*,#336,.F.);
#336 = EDGE_CURVE('',#337,#283,#339,.T.);
#337 = VERTEX_POINT('',#338);
#338 = CARTESIAN_POINT('',(-92.49283604881,-17.90438209762,
    -35.49589312002));
#339 = LINE('',#340,#341);
#340 = CARTESIAN_POINT('',(-91.86981997286,-18.98348423971,
    -35.49587693527));
#341 = VECTOR('',#342,1.);
#342 = DIRECTION('',(0.499997690876,-0.866026736856,1.298897012931E-05)
  );
#343 = ORIENTED_EDGE('',*,*,#344,.F.);
#344 = EDGE_CURVE('',#345,#337,#347,.T.);
#345 = VERTEX_POINT('',#346);
#346 = CARTESIAN_POINT('',(-104.6762014011,3.197955638259,
    -35.49590280291));
#347 = LINE('',#348,#349);
#348 = CARTESIAN_POINT('',(-91.24643776761,-20.06322054026,
    -35.49589212943));
#349 = VECTOR('',#350,1.);
#350 = DIRECTION('',(0.499997690918,-0.86602673693,3.973798177239E-07));
#351 = ORIENTED_EDGE('',*,*,#352,.T.);
#352 = EDGE_CURVE('',#345,#353,#355,.T.);
#353 = VERTEX_POINT('',#354);
#354 = CARTESIAN_POINT('',(-104.6761859762,3.197924072871,
    -123.6959028029));
#355 = LINE('',#356,#357);
#356 = CARTESIAN_POINT('',(-104.6761897974,3.197931892627,-101.84590153)
  );
#357 = VECTOR('',#358,1.);
#358 = DIRECTION('',(1.748854957058E-07,-3.578844357992E-07,-1.));
#359 = ORIENTED_EDGE('',*,*,#360,.T.);
#360 = EDGE_CURVE('',#353,#307,#361,.T.);
#361 = LINE('',#362,#363);
#362 = CARTESIAN_POINT('',(-87.01319662877,-27.39545927046,
    -123.695888765));
#363 = VECTOR('',#364,1.);
#364 = DIRECTION('',(0.499997690918,-0.86602673693,3.973799037351E-07));
#365 = ORIENTED_EDGE('',*,*,#306,.T.);
#366 = PLANE('',#367);
#367 = AXIS2_PLACEMENT_3D('',#368,#369,#370);
#368 = CARTESIAN_POINT('',(-89.8662853097,-22.45373186346,
    -79.59588848681));
#369 = DIRECTION('',(0.86602673693,0.499997690918,-2.748587633255E-08));
#370 = DIRECTION('',(-3.815073787314E-07,7.157662388261E-07,1.));
#371 = ADVANCED_FACE('',(#372),#398,.T.);
#372 = FACE_BOUND('',#373,.T.);
#373 = EDGE_LOOP('',(#374,#382,#390,#396,#397));
#374 = ORIENTED_EDGE('',*,*,#375,.T.);
#375 = EDGE_CURVE('',#274,#376,#378,.T.);
#376 = VERTEX_POINT('',#377);
#377 = CARTESIAN_POINT('',(-79.96332326633,-38.80687838213,
    -35.09588344811));
#378 = LINE('',#379,#380);
#379 = CARTESIAN_POINT('',(-80.30973640943,-39.00687323977,
    -35.49588343712));
#380 = VECTOR('',#381,1.);
#381 = DIRECTION('',(0.612377706439,0.353544300105,0.707106761755));
#382 = ORIENTED_EDGE('',*,*,#383,.T.);
#383 = EDGE_CURVE('',#376,#384,#386,.T.);
#384 = VERTEX_POINT('',#385);
#385 = CARTESIAN_POINT('',(-92.14642542399,-17.7043828781,
    -35.09589313101));
#386 = LINE('',#387,#388);
#387 = CARTESIAN_POINT('',(-93.52662855318,-15.31371669536,
    -35.09589422797));
#388 = VECTOR('',#389,1.);
#389 = DIRECTION('',(-0.499986786224,0.866033032627,-3.973801637838E-07)
  );
#390 = ORIENTED_EDGE('',*,*,#391,.F.);
#391 = EDGE_CURVE('',#337,#384,#392,.T.);
#392 = LINE('',#393,#394);
#393 = CARTESIAN_POINT('',(-92.49283604881,-17.90438209762,
    -35.49589312002));
#394 = VECTOR('',#395,1.);
#395 = DIRECTION('',(0.612373254709,0.353552010888,0.707106761751));
#396 = ORIENTED_EDGE('',*,*,#336,.T.);
#397 = ORIENTED_EDGE('',*,*,#282,.T.);
#398 = PLANE('',#399);
#399 = AXIS2_PLACEMENT_3D('',#400,#401,#402);
#400 = CARTESIAN_POINT('',(-93.69983512473,-15.41371412418,
    -35.29589422248));
#401 = DIRECTION('',(-0.612377953765,-0.35354379398,0.707106800618));
#402 = DIRECTION('',(0.755926035646,-1.665334536938E-16,0.654657031302)
  );
#403 = ADVANCED_FACE('',(#404),#440,.F.);
#404 = FACE_BOUND('',#405,.F.);
#405 = EDGE_LOOP('',(#406,#416,#423,#424,#433));
#406 = ORIENTED_EDGE('',*,*,#407,.T.);
#407 = EDGE_CURVE('',#408,#410,#412,.T.);
#408 = VERTEX_POINT('',#409);
#409 = CARTESIAN_POINT('',(-78.3524671753,33.390998923466,
    -58.49590914805));
#410 = VERTEX_POINT('',#411);
#411 = CARTESIAN_POINT('',(-78.00606054466,33.190992785953,
    -58.09590887273));
#412 = LINE('',#413,#414);
#413 = CARTESIAN_POINT('',(-78.17926385998,33.290995854709,
    -58.29590901039));
#414 = VECTOR('',#415,1.);
#415 = DIRECTION('',(0.612365974779,-0.35356411375,0.707107014815));
#416 = ORIENTED_EDGE('',*,*,#417,.F.);
#417 = EDGE_CURVE('',#410,#410,#418,.T.);
#418 = CIRCLE('',#419,2.100000143154);
#419 = AXIS2_PLACEMENT_3D('',#420,#421,#422);
#420 = CARTESIAN_POINT('',(-79.82469519589,34.24102545524,
    -58.09590956658));
#421 = DIRECTION('',(-1.748854517883E-07,3.578844384489E-07,1.));
#422 = DIRECTION('',(-0.866016441554,0.500015522718,-3.304014512008E-07)
  );
#423 = ORIENTED_EDGE('',*,*,#407,.F.);
#424 = ORIENTED_EDGE('',*,*,#425,.F.);
#425 = EDGE_CURVE('',#426,#408,#428,.T.);
#426 = VERTEX_POINT('',#427);
#427 = CARTESIAN_POINT('',(-78.97466873732,35.713253262727,
    -58.49590962119));
#428 = CIRCLE('',#429,1.7);
#429 = AXIS2_PLACEMENT_3D('',#430,#431,#432);
#430 = CARTESIAN_POINT('',(-79.82469512594,34.241025312086,
    -58.49590970973));
#431 = DIRECTION('',(1.748854517883E-07,-3.578844384489E-07,-1.));
#432 = DIRECTION('',(-0.866016441554,0.500015522718,-3.304014512008E-07)
  );
#433 = ORIENTED_EDGE('',*,*,#434,.F.);
#434 = EDGE_CURVE('',#408,#426,#435,.T.);
#435 = CIRCLE('',#436,1.7);
#436 = AXIS2_PLACEMENT_3D('',#437,#438,#439);
#437 = CARTESIAN_POINT('',(-79.82469512594,34.241025312086,
    -58.49590970973));
#438 = DIRECTION('',(1.748854517883E-07,-3.578844384489E-07,-1.));
#439 = DIRECTION('',(-0.866016441554,0.500015522718,-3.304014512008E-07)
  );
#440 = CONICAL_SURFACE('',#441,1.900000071577,0.785398163398);
#441 = AXIS2_PLACEMENT_3D('',#442,#443,#444);
#442 = CARTESIAN_POINT('',(-79.82469516091,34.241025383663,
    -58.29590963815));
#443 = DIRECTION('',(-1.74885443488E-07,3.578844383452E-07,1.));
#444 = DIRECTION('',(-0.866016441554,0.500015522718,-3.304014439608E-07)
  );
#445 = ADVANCED_FACE('',(#446,#572),#575,.F.);
#446 = FACE_BOUND('',#447,.T.);
#447 = EDGE_LOOP('',(#448,#458,#466,#475,#483,#492,#500,#508,#516,#524,
    #532,#541,#549,#558,#566));
#448 = ORIENTED_EDGE('',*,*,#449,.F.);
#449 = EDGE_CURVE('',#450,#452,#454,.T.);
#450 = VERTEX_POINT('',#451);
#451 = CARTESIAN_POINT('',(-76.20715121188,21.50712620739,
    -58.09590437666));
#452 = VERTEX_POINT('',#453);
#453 = CARTESIAN_POINT('',(-75.97609626029,21.106910725494,
    -58.09590419302));
#454 = LINE('',#455,#456);
#455 = CARTESIAN_POINT('',(-58.97085863469,-8.348244094687,
    -58.09589067751));
#456 = VECTOR('',#457,1.);
#457 = DIRECTION('',(0.499984477121,-0.866034365737,3.973802338278E-07)
  );
#458 = ORIENTED_EDGE('',*,*,#459,.F.);
#459 = EDGE_CURVE('',#460,#450,#462,.T.);
#460 = VERTEX_POINT('',#461);
#461 = CARTESIAN_POINT('',(-69.59747699926,32.954943887795,
    -58.09590731772));
#462 = LINE('',#463,#464);
#463 = CARTESIAN_POINT('',(-87.09688289043,2.646338393305,
    -58.09589953113));
#464 = VECTOR('',#465,1.);
#465 = DIRECTION('',(-0.500015522718,-0.866016441554,2.224883672812E-07)
  );
#466 = ORIENTED_EDGE('',*,*,#467,.F.);
#467 = EDGE_CURVE('',#468,#460,#470,.T.);
#468 = VERTEX_POINT('',#469);
#469 = CARTESIAN_POINT('',(-70.18307846939,35.140595030629,
    -58.09590820234));
#470 = CIRCLE('',#471,1.6);
#471 = AXIS2_PLACEMENT_3D('',#472,#473,#474);
#472 = CARTESIAN_POINT('',(-70.98310330574,33.754968724143,
    -58.09590784636));
#473 = DIRECTION('',(1.748854517883E-07,-3.578844384489E-07,-1.));
#474 = DIRECTION('',(0.965930465254,0.258801731629,7.630607341831E-08));
#475 = ORIENTED_EDGE('',*,*,#476,.F.);
#476 = EDGE_CURVE('',#477,#468,#479,.T.);
#477 = VERTEX_POINT('',#478);
#478 = CARTESIAN_POINT('',(-88.28282209786,45.590919455432,
    -58.09591510773));
#479 = LINE('',#480,#481);
#480 = CARTESIAN_POINT('',(-67.3401846477,33.499181574626,
    -58.09590711772));
#481 = VECTOR('',#482,1.);
#482 = DIRECTION('',(0.866016441554,-0.500015522718,3.304014512008E-07)
  );
#483 = ORIENTED_EDGE('',*,*,#484,.F.);
#484 = EDGE_CURVE('',#485,#477,#487,.T.);
#485 = VERTEX_POINT('',#486);
#486 = CARTESIAN_POINT('',(-89.10244127643,45.371318904131,
    -58.09591517248));
#487 = CIRCLE('',#488,0.6);
#488 = AXIS2_PLACEMENT_3D('',#489,#490,#491);
#489 = CARTESIAN_POINT('',(-88.58283141149,45.0713095905,-58.09591497424
    ));
#490 = DIRECTION('',(1.748854517883E-07,-3.578844384489E-07,-1.));
#491 = DIRECTION('',(-0.258801731629,0.965930465254,-3.909521398977E-07)
  );
#492 = ORIENTED_EDGE('',*,*,#493,.F.);
#493 = EDGE_CURVE('',#494,#485,#496,.T.);
#494 = VERTEX_POINT('',#495);
#495 = CARTESIAN_POINT('',(-95.08921450598,35.002352715905,
    -58.09591250859));
#496 = LINE('',#497,#498);
#497 = CARTESIAN_POINT('',(-112.6020334402,4.670516110999,
    -58.09590471603));
#498 = VECTOR('',#499,1.);
#499 = DIRECTION('',(0.500015522718,0.866016441554,-2.224883672812E-07)
  );
#500 = ORIENTED_EDGE('',*,*,#501,.T.);
#501 = EDGE_CURVE('',#494,#502,#504,.T.);
#502 = VERTEX_POINT('',#503);
#503 = CARTESIAN_POINT('',(-91.97155510865,33.202296714177,
    -58.09591131914));
#504 = LINE('',#505,#506);
#505 = CARTESIAN_POINT('',(-62.2896323961,16.064721273064,
    -58.09589999493));
#506 = VECTOR('',#507,1.);
#507 = DIRECTION('',(0.866016441554,-0.500015522717,3.304014512007E-07)
  );
#508 = ORIENTED_EDGE('',*,*,#509,.F.);
#509 = EDGE_CURVE('',#510,#502,#512,.T.);
#510 = VERTEX_POINT('',#511);
#511 = CARTESIAN_POINT('',(-93.21000550772,31.057326970166,
    -58.09591076808));
#512 = LINE('',#513,#514);
#513 = CARTESIAN_POINT('',(-93.21000550772,31.057326970166,
    -58.09591076808));
#514 = VECTOR('',#515,1.);
#515 = DIRECTION('',(0.500015606593,0.866016393126,-2.224883346355E-07)
  );
#516 = ORIENTED_EDGE('',*,*,#517,.F.);
#517 = EDGE_CURVE('',#518,#510,#520,.T.);
#518 = VERTEX_POINT('',#519);
#519 = CARTESIAN_POINT('',(-87.23449239515,27.607219284676,
    -58.09590848831));
#520 = LINE('',#521,#522);
#521 = CARTESIAN_POINT('',(-77.70831336663,22.107048360357,
    -58.09590485389));
#522 = VECTOR('',#523,1.);
#523 = DIRECTION('',(-0.866016393126,0.500015606593,-3.304014722779E-07)
  );
#524 = ORIENTED_EDGE('',*,*,#525,.F.);
#525 = EDGE_CURVE('',#526,#518,#528,.T.);
#526 = VERTEX_POINT('',#527);
#527 = CARTESIAN_POINT('',(-84.30940213549,32.673414518233,
    -58.09590978986));
#528 = LINE('',#529,#530);
#529 = CARTESIAN_POINT('',(-93.40968464895,16.911915281956,
    -58.09590574058));
#530 = VECTOR('',#531,1.);
#531 = DIRECTION('',(-0.500015522718,-0.866016441554,2.224883879112E-07)
  );
#532 = ORIENTED_EDGE('',*,*,#533,.F.);
#533 = EDGE_CURVE('',#534,#526,#536,.T.);
#534 = VERTEX_POINT('',#535);
#535 = CARTESIAN_POINT('',(-83.62638615335,32.856414977651,
    -58.09590973591));
#536 = CIRCLE('',#537,0.5);
#537 = AXIS2_PLACEMENT_3D('',#538,#539,#540);
#538 = CARTESIAN_POINT('',(-83.87639391471,32.423406756874,
    -58.09590962466));
#539 = DIRECTION('',(-1.748854732145E-07,3.578844746415E-07,1.));
#540 = DIRECTION('',(-0.258801731629,0.965930465254,-3.909521804024E-07)
  );
#541 = ORIENTED_EDGE('',*,*,#542,.F.);
#542 = EDGE_CURVE('',#543,#534,#545,.T.);
#543 = VERTEX_POINT('',#544);
#544 = CARTESIAN_POINT('',(-79.12310065727,30.256334259518,
    -58.09590801782));
#545 = LINE('',#546,#547);
#546 = CARTESIAN_POINT('',(-82.71706888972,32.331398678797,
    -58.09590938899));
#547 = VECTOR('',#548,1.);
#548 = DIRECTION('',(-0.866016441554,0.500015522718,-3.304014878532E-07)
  );
#549 = ORIENTED_EDGE('',*,*,#550,.F.);
#550 = EDGE_CURVE('',#551,#543,#553,.T.);
#551 = VERTEX_POINT('',#552);
#552 = CARTESIAN_POINT('',(-78.94010019786,29.573318277382,
    -58.09590774138));
#553 = CIRCLE('',#554,0.5);
#554 = AXIS2_PLACEMENT_3D('',#555,#556,#557);
#555 = CARTESIAN_POINT('',(-79.37310841863,29.823326038741,
    -58.09590790658));
#556 = DIRECTION('',(-1.748854732145E-07,3.578844746415E-07,1.));
#557 = DIRECTION('',(0.965930465254,0.258801731629,7.630608474784E-08));
#558 = ORIENTED_EDGE('',*,*,#559,.F.);
#559 = EDGE_CURVE('',#560,#551,#562,.T.);
#560 = VERTEX_POINT('',#561);
#561 = CARTESIAN_POINT('',(-81.86519075777,24.507122523802,
    -58.09590643982));
#562 = LINE('',#563,#564);
#563 = CARTESIAN_POINT('',(-84.66527793298,19.657430021593,
    -58.09590519388));
#564 = VECTOR('',#565,1.);
#565 = DIRECTION('',(0.500015522718,0.866016441554,-2.224883879112E-07)
  );
#566 = ORIENTED_EDGE('',*,*,#567,.F.);
#567 = EDGE_CURVE('',#452,#560,#568,.T.);
#568 = LINE('',#569,#570);
#569 = CARTESIAN_POINT('',(-67.46097663031,16.190499511128,
    -58.09590094434));
#570 = VECTOR('',#571,1.);
#571 = DIRECTION('',(-0.866016393126,0.500015606593,-3.304014727491E-07)
  );
#572 = FACE_BOUND('',#573,.T.);
#573 = EDGE_LOOP('',(#574));
#574 = ORIENTED_EDGE('',*,*,#417,.F.);
#575 = PLANE('',#576);
#576 = AXIS2_PLACEMENT_3D('',#577,#578,#579);
#577 = CARTESIAN_POINT('',(-72.33008796576,-25.50711317639,
    -58.09588687295));
#578 = DIRECTION('',(1.748854517883E-07,-3.578844384489E-07,-1.));
#579 = DIRECTION('',(-0.999999999839,1.792418343544E-05,
    -1.748918665466E-07));
#580 = ADVANCED_FACE('',(#581),#628,.F.);
#581 = FACE_BOUND('',#582,.F.);
#582 = EDGE_LOOP('',(#583,#594,#603,#609,#610,#611,#612,#621));
#583 = ORIENTED_EDGE('',*,*,#584,.F.);
#584 = EDGE_CURVE('',#585,#587,#589,.T.);
#585 = VERTEX_POINT('',#586);
#586 = CARTESIAN_POINT('',(-78.35246646002,33.390997684538,
    -60.29592785567));
#587 = VERTEX_POINT('',#588);
#588 = CARTESIAN_POINT('',(-80.67472079928,32.768796122517,
    -60.29592835022));
#589 = CIRCLE('',#590,1.7);
#590 = AXIS2_PLACEMENT_3D('',#591,#592,#593);
#591 = CARTESIAN_POINT('',(-79.82469441066,34.241024073158,
    -60.29592902576));
#592 = DIRECTION('',(3.973738208243E-07,-6.882858926336E-07,-1.));
#593 = DIRECTION('',(-0.500015522718,-0.866016441554,3.973738207764E-07)
  );
#594 = ORIENTED_EDGE('',*,*,#595,.F.);
#595 = EDGE_CURVE('',#596,#585,#598,.T.);
#596 = VERTEX_POINT('',#597);
#597 = CARTESIAN_POINT('',(-78.97466802204,35.713252023799,
    -60.29592970129));
#598 = CIRCLE('',#599,1.7);
#599 = AXIS2_PLACEMENT_3D('',#600,#601,#602);
#600 = CARTESIAN_POINT('',(-79.82469441066,34.241024073158,
    -60.29592902576));
#601 = DIRECTION('',(3.973738208243E-07,-6.882858926336E-07,-1.));
#602 = DIRECTION('',(-0.500015522718,-0.866016441554,3.973738207764E-07)
  );
#603 = ORIENTED_EDGE('',*,*,#604,.T.);
#604 = EDGE_CURVE('',#596,#426,#605,.T.);
#605 = LINE('',#606,#607);
#606 = CARTESIAN_POINT('',(-78.97466651202,35.713249408312,
    -64.09592970129));
#607 = VECTOR('',#608,1.);
#608 = DIRECTION('',(-3.973738208243E-07,6.882858926336E-07,1.));
#609 = ORIENTED_EDGE('',*,*,#425,.T.);
#610 = ORIENTED_EDGE('',*,*,#434,.T.);
#611 = ORIENTED_EDGE('',*,*,#604,.F.);
#612 = ORIENTED_EDGE('',*,*,#613,.F.);
#613 = EDGE_CURVE('',#614,#596,#616,.T.);
#614 = VERTEX_POINT('',#615);
#615 = CARTESIAN_POINT('',(-81.2969223613,35.091050461778,
    -60.29593019584));
#616 = CIRCLE('',#617,1.7);
#617 = AXIS2_PLACEMENT_3D('',#618,#619,#620);
#618 = CARTESIAN_POINT('',(-79.82469441066,34.241024073158,
    -60.29592902576));
#619 = DIRECTION('',(3.973738208243E-07,-6.882858926336E-07,-1.));
#620 = DIRECTION('',(-0.500015522718,-0.866016441554,3.973738207764E-07)
  );
#621 = ORIENTED_EDGE('',*,*,#622,.F.);
#622 = EDGE_CURVE('',#587,#614,#623,.T.);
#623 = CIRCLE('',#624,1.7);
#624 = AXIS2_PLACEMENT_3D('',#625,#626,#627);
#625 = CARTESIAN_POINT('',(-79.82469441066,34.241024073158,
    -60.29592902576));
#626 = DIRECTION('',(3.973738208243E-07,-6.882858926336E-07,-1.));
#627 = DIRECTION('',(-0.500015522718,-0.866016441554,3.973738207764E-07)
  );
#628 = CYLINDRICAL_SURFACE('',#629,1.7);
#629 = AXIS2_PLACEMENT_3D('',#630,#631,#632);
#630 = CARTESIAN_POINT('',(-79.82469290064,34.241021457672,
    -64.09592902576));
#631 = DIRECTION('',(3.973738208243E-07,-6.882858926336E-07,-1.));
#632 = DIRECTION('',(-0.500015522718,-0.866016441554,3.973738207764E-07)
  );
#633 = ADVANCED_FACE('',(#634),#670,.F.);
#634 = FACE_BOUND('',#635,.F.);
#635 = EDGE_LOOP('',(#636,#646,#655,#662,#663));
#636 = ORIENTED_EDGE('',*,*,#637,.T.);
#637 = EDGE_CURVE('',#638,#640,#642,.T.);
#638 = VERTEX_POINT('',#639);
#639 = CARTESIAN_POINT('',(-40.99977970543,-30.90709246206,
    -58.09587946117));
#640 = VERTEX_POINT('',#641);
#641 = CARTESIAN_POINT('',(-40.99977963548,-31.30709274837,
    -58.49587946117));
#642 = LINE('',#643,#644);
#643 = CARTESIAN_POINT('',(-40.99977967046,-31.10709260522,
    -58.29587946117));
#644 = VECTOR('',#645,1.);
#645 = DIRECTION('',(1.236625566718E-07,-0.707107034249,-0.707106528124)
  );
#646 = ORIENTED_EDGE('',*,*,#647,.F.);
#647 = EDGE_CURVE('',#648,#640,#650,.T.);
#648 = VERTEX_POINT('',#649);
#649 = CARTESIAN_POINT('',(-39.29977963548,-33.00709274837,
    -58.49587808869));
#650 = CIRCLE('',#651,1.7);
#651 = AXIS2_PLACEMENT_3D('',#652,#653,#654);
#652 = CARTESIAN_POINT('',(-40.99977963548,-33.00709274837,
    -58.49587885276));
#653 = DIRECTION('',(1.74885453495E-07,-3.578844414051E-07,-1.));
#654 = DIRECTION('',(-1.788074580606E-13,-1.,3.57884441405E-07));
#655 = ORIENTED_EDGE('',*,*,#656,.F.);
#656 = EDGE_CURVE('',#640,#648,#657,.T.);
#657 = CIRCLE('',#658,1.7);
#658 = AXIS2_PLACEMENT_3D('',#659,#660,#661);
#659 = CARTESIAN_POINT('',(-40.99977963548,-33.00709274837,
    -58.49587885276));
#660 = DIRECTION('',(1.74885453495E-07,-3.578844414051E-07,-1.));
#661 = DIRECTION('',(-1.788074580606E-13,-1.,3.57884441405E-07));
#662 = ORIENTED_EDGE('',*,*,#637,.F.);
#663 = ORIENTED_EDGE('',*,*,#664,.F.);
#664 = EDGE_CURVE('',#638,#638,#665,.T.);
#665 = CIRCLE('',#666,2.100000143154);
#666 = AXIS2_PLACEMENT_3D('',#667,#668,#669);
#667 = CARTESIAN_POINT('',(-40.99977970543,-33.00709260522,
    -58.09587870961));
#668 = DIRECTION('',(-1.74885453495E-07,3.578844414051E-07,1.));
#669 = DIRECTION('',(-1.788074580606E-13,-1.,3.57884441405E-07));
#670 = CONICAL_SURFACE('',#671,1.900000071577,0.785398163398);
#671 = AXIS2_PLACEMENT_3D('',#672,#673,#674);
#672 = CARTESIAN_POINT('',(-40.99977967046,-33.00709267679,
    -58.29587878119));
#673 = DIRECTION('',(-1.74885443488E-07,3.578844383452E-07,1.));
#674 = DIRECTION('',(-1.788074575255E-13,-1.,3.578844383452E-07));
#675 = ADVANCED_FACE('',(#676,#802),#805,.T.);
#676 = FACE_BOUND('',#677,.T.);
#677 = EDGE_LOOP('',(#678,#688,#697,#705,#714,#722,#730,#738,#746,#755,
    #763,#772,#780,#788,#796));
#678 = ORIENTED_EDGE('',*,*,#679,.F.);
#679 = EDGE_CURVE('',#680,#682,#684,.T.);
#680 = VERTEX_POINT('',#681);
#681 = CARTESIAN_POINT('',(-35.99977963548,-46.60709274837,
    -58.09587296795));
#682 = VERTEX_POINT('',#683);
#683 = CARTESIAN_POINT('',(-47.97295438217,-46.60709274837,
    -58.09587506189));
#684 = LINE('',#685,#686);
#685 = CARTESIAN_POINT('',(-82.9975048982,-46.60709274837,
    -58.09588118717));
#686 = VECTOR('',#687,1.);
#687 = DIRECTION('',(-1.,-3.121895532493E-14,-1.74885453495E-07));
#688 = ORIENTED_EDGE('',*,*,#689,.F.);
#689 = EDGE_CURVE('',#690,#680,#692,.T.);
#690 = VERTEX_POINT('',#691);
#691 = CARTESIAN_POINT('',(-35.39977963548,-46.00709274837,
    -58.09587307775));
#692 = CIRCLE('',#693,0.6);
#693 = AXIS2_PLACEMENT_3D('',#694,#695,#696);
#694 = CARTESIAN_POINT('',(-35.99977963548,-46.00709274837,
    -58.09587318268));
#695 = DIRECTION('',(1.74885453495E-07,-3.578844414051E-07,-1.));
#696 = DIRECTION('',(0.707106781187,-0.707106781186,3.767252054959E-07)
  );
#697 = ORIENTED_EDGE('',*,*,#698,.F.);
#698 = EDGE_CURVE('',#699,#690,#701,.T.);
#699 = VERTEX_POINT('',#700);
#700 = CARTESIAN_POINT('',(-35.39977963548,-25.10709274837,
    -58.09588055754));
#701 = LINE('',#702,#703);
#702 = CARTESIAN_POINT('',(-35.39977963548,-21.82436774999,
    -58.09588173237));
#703 = VECTOR('',#704,1.);
#704 = DIRECTION('',(-3.16796571903E-14,-1.,3.578844414051E-07));
#705 = ORIENTED_EDGE('',*,*,#706,.F.);
#706 = EDGE_CURVE('',#707,#699,#709,.T.);
#707 = VERTEX_POINT('',#708);
#708 = CARTESIAN_POINT('',(-36.99977963548,-23.50709274837,
    -58.09588140997));
#709 = CIRCLE('',#710,1.6);
#710 = AXIS2_PLACEMENT_3D('',#711,#712,#713);
#711 = CARTESIAN_POINT('',(-36.99977963548,-25.10709274837,
    -58.09588083735));
#712 = DIRECTION('',(1.74885453495E-07,-3.578844414051E-07,-1.));
#713 = DIRECTION('',(0.707106781187,0.707106781187,-1.293998253015E-07)
  );
#714 = ORIENTED_EDGE('',*,*,#715,.F.);
#715 = EDGE_CURVE('',#716,#707,#718,.T.);
#716 = VERTEX_POINT('',#717);
#717 = CARTESIAN_POINT('',(-50.21871767304,-23.50709274837,
    -58.09588372177));
#718 = LINE('',#719,#720);
#719 = CARTESIAN_POINT('',(-71.9975048982,-23.50709274837,
    -58.09588753056));
#720 = VECTOR('',#721,1.);
#721 = DIRECTION('',(1.,3.037241026866E-14,1.74885453495E-07));
#722 = ORIENTED_EDGE('',*,*,#723,.T.);
#723 = EDGE_CURVE('',#716,#724,#726,.T.);
#724 = VERTEX_POINT('',#725);
#725 = CARTESIAN_POINT('',(-50.44977979813,-23.10688140801,
    -58.09588390541));
#726 = LINE('',#727,#728);
#727 = CARTESIAN_POINT('',(-67.4555453806,6.347968602434,-58.0958974209)
  );
#728 = VECTOR('',#729,1.);
#729 = DIRECTION('',(-0.5,0.866025403784,-3.973797446235E-07));
#730 = ORIENTED_EDGE('',*,*,#731,.T.);
#731 = EDGE_CURVE('',#724,#732,#734,.T.);
#732 = VERTEX_POINT('',#733);
#733 = CARTESIAN_POINT('',(-50.44977913952,-29.90709274837,
    -58.09588147172));
#734 = LINE('',#735,#736);
#735 = CARTESIAN_POINT('',(-50.44978075042,-13.27436588341,
    -58.09588742431));
#736 = VECTOR('',#737,1.);
#737 = DIRECTION('',(9.685119237942E-08,-1.,3.578844583429E-07));
#738 = ORIENTED_EDGE('',*,*,#739,.T.);
#739 = EDGE_CURVE('',#732,#740,#742,.T.);
#740 = VERTEX_POINT('',#741);
#741 = CARTESIAN_POINT('',(-44.59977963548,-29.90709274837,
    -58.09588044864));
#742 = LINE('',#743,#744);
#743 = CARTESIAN_POINT('',(-56.04977963548,-29.90709274837,
    -58.09588245108));
#744 = VECTOR('',#745,1.);
#745 = DIRECTION('',(1.,3.218435926755E-14,1.748854328651E-07));
#746 = ORIENTED_EDGE('',*,*,#747,.T.);
#747 = EDGE_CURVE('',#740,#748,#750,.T.);
#748 = VERTEX_POINT('',#749);
#749 = CARTESIAN_POINT('',(-44.09977963548,-30.40709274837,
    -58.09588018225));
#750 = CIRCLE('',#751,0.5);
#751 = AXIS2_PLACEMENT_3D('',#752,#753,#754);
#752 = CARTESIAN_POINT('',(-44.59977963548,-30.40709274837,
    -58.0958802697));
#753 = DIRECTION('',(1.748854328651E-07,-3.578844047527E-07,-1.));
#754 = DIRECTION('',(0.707106781187,0.707106781187,-1.293998139719E-07)
  );
#755 = ORIENTED_EDGE('',*,*,#756,.T.);
#756 = EDGE_CURVE('',#748,#757,#759,.T.);
#757 = VERTEX_POINT('',#758);
#758 = CARTESIAN_POINT('',(-44.09977963548,-35.60709274837,
    -58.09587832126));
#759 = LINE('',#760,#761);
#760 = CARTESIAN_POINT('',(-44.09977963548,-34.55709274837,
    -58.09587869703));
#761 = VECTOR('',#762,1.);
#762 = DIRECTION('',(-3.42349127755E-14,-1.,3.578844047527E-07));
#763 = ORIENTED_EDGE('',*,*,#764,.T.);
#764 = EDGE_CURVE('',#757,#765,#767,.T.);
#765 = VERTEX_POINT('',#766);
#766 = CARTESIAN_POINT('',(-44.59977963548,-36.10709274837,
    -58.09587822976));
#767 = CIRCLE('',#768,0.5);
#768 = AXIS2_PLACEMENT_3D('',#769,#770,#771);
#769 = CARTESIAN_POINT('',(-44.59977963548,-35.60709274837,
    -58.0958784087));
#770 = DIRECTION('',(1.748854328651E-07,-3.578844047527E-07,-1.));
#771 = DIRECTION('',(0.707106781187,-0.707106781186,3.767251649912E-07)
  );
#772 = ORIENTED_EDGE('',*,*,#773,.T.);
#773 = EDGE_CURVE('',#765,#774,#776,.T.);
#774 = VERTEX_POINT('',#775);
#775 = CARTESIAN_POINT('',(-50.44977853904,-36.10709274837,
    -58.09587925283));
#776 = LINE('',#777,#778);
#777 = CARTESIAN_POINT('',(-62.79977963548,-36.10709274837,
    -58.09588141267));
#778 = VECTOR('',#779,1.);
#779 = DIRECTION('',(-1.,-2.870887849481E-14,-1.748854328651E-07));
#780 = ORIENTED_EDGE('',*,*,#781,.T.);
#781 = EDGE_CURVE('',#774,#782,#784,.T.);
#782 = VERTEX_POINT('',#783);
#783 = CARTESIAN_POINT('',(-50.44977787077,-43.00709274837,
    -58.09587678343));
#784 = LINE('',#785,#786);
#785 = CARTESIAN_POINT('',(-50.44977960441,-25.10709424472,
    -58.09588318956));
#786 = VECTOR('',#787,1.);
#787 = DIRECTION('',(9.685119222671E-08,-1.,3.578844588142E-07));
#788 = ORIENTED_EDGE('',*,*,#789,.T.);
#789 = EDGE_CURVE('',#782,#790,#792,.T.);
#790 = VERTEX_POINT('',#791);
#791 = CARTESIAN_POINT('',(-47.97295438217,-43.00709250849,
    -58.09587635027));
#792 = LINE('',#793,#794);
#793 = CARTESIAN_POINT('',(-50.44977787077,-43.00709274837,
    -58.09587678343));
#794 = VECTOR('',#795,1.);
#795 = DIRECTION('',(1.,9.685125489884E-08,1.748854194794E-07));
#796 = ORIENTED_EDGE('',*,*,#797,.F.);
#797 = EDGE_CURVE('',#682,#790,#798,.T.);
#798 = LINE('',#799,#800);
#799 = CARTESIAN_POINT('',(-47.97295438215,-8.733005680202,
    -58.09588861643));
#800 = VECTOR('',#801,1.);
#801 = DIRECTION('',(4.495328056868E-13,1.,-3.57884441405E-07));
#802 = FACE_BOUND('',#803,.T.);
#803 = EDGE_LOOP('',(#804));
#804 = ORIENTED_EDGE('',*,*,#664,.F.);
#805 = PLANE('',#806);
#806 = AXIS2_PLACEMENT_3D('',#807,#808,#809);
#807 = CARTESIAN_POINT('',(-88.99523016092,3.358357248375,
    -58.09590011794));
#808 = DIRECTION('',(-1.74885453495E-07,3.578844414051E-07,1.));
#809 = DIRECTION('',(-0.5,-0.866025403784,2.224942911285E-07));
#810 = ADVANCED_FACE('',(#811),#858,.F.);
#811 = FACE_BOUND('',#812,.F.);
#812 = EDGE_LOOP('',(#813,#824,#830,#831,#832,#833,#842,#851));
#813 = ORIENTED_EDGE('',*,*,#814,.T.);
#814 = EDGE_CURVE('',#815,#817,#819,.T.);
#815 = VERTEX_POINT('',#816);
#816 = CARTESIAN_POINT('',(-40.99977963548,-34.70709274837,
    -60.29589816879));
#817 = VERTEX_POINT('',#818);
#818 = CARTESIAN_POINT('',(-39.29977963548,-33.00709274837,
    -60.29589816879));
#819 = CIRCLE('',#820,1.7);
#820 = AXIS2_PLACEMENT_3D('',#821,#822,#823);
#821 = CARTESIAN_POINT('',(-40.99977963548,-33.00709274837,
    -60.29589816879));
#822 = DIRECTION('',(5.293955920922E-23,-5.546652318285E-17,1.));
#823 = DIRECTION('',(-1.,1.788074580606E-13,5.293956912704E-23));
#824 = ORIENTED_EDGE('',*,*,#825,.T.);
#825 = EDGE_CURVE('',#817,#648,#826,.T.);
#826 = LINE('',#827,#828);
#827 = CARTESIAN_POINT('',(-39.29977963548,-33.00709274837,
    -64.09589816879));
#828 = VECTOR('',#829,1.);
#829 = DIRECTION('',(5.293955920922E-23,-5.546652318285E-17,1.));
#830 = ORIENTED_EDGE('',*,*,#647,.T.);
#831 = ORIENTED_EDGE('',*,*,#656,.T.);
#832 = ORIENTED_EDGE('',*,*,#825,.F.);
#833 = ORIENTED_EDGE('',*,*,#834,.T.);
#834 = EDGE_CURVE('',#817,#835,#837,.T.);
#835 = VERTEX_POINT('',#836);
#836 = CARTESIAN_POINT('',(-40.99977963548,-31.30709274837,
    -60.29589816879));
#837 = CIRCLE('',#838,1.7);
#838 = AXIS2_PLACEMENT_3D('',#839,#840,#841);
#839 = CARTESIAN_POINT('',(-40.99977963548,-33.00709274837,
    -60.29589816879));
#840 = DIRECTION('',(5.293955920922E-23,-5.546652318285E-17,1.));
#841 = DIRECTION('',(-1.,1.788074580606E-13,5.293956912704E-23));
#842 = ORIENTED_EDGE('',*,*,#843,.T.);
#843 = EDGE_CURVE('',#835,#844,#846,.T.);
#844 = VERTEX_POINT('',#845);
#845 = CARTESIAN_POINT('',(-42.69977963548,-33.00709274837,
    -60.29589816879));
#846 = CIRCLE('',#847,1.7);
#847 = AXIS2_PLACEMENT_3D('',#848,#849,#850);
#848 = CARTESIAN_POINT('',(-40.99977963548,-33.00709274837,
    -60.29589816879));
#849 = DIRECTION('',(5.293955920922E-23,-5.546652318285E-17,1.));
#850 = DIRECTION('',(-1.,1.788074580606E-13,5.293956912704E-23));
#851 = ORIENTED_EDGE('',*,*,#852,.T.);
#852 = EDGE_CURVE('',#844,#815,#853,.T.);
#853 = CIRCLE('',#854,1.7);
#854 = AXIS2_PLACEMENT_3D('',#855,#856,#857);
#855 = CARTESIAN_POINT('',(-40.99977963548,-33.00709274837,
    -60.29589816879));
#856 = DIRECTION('',(5.293955920922E-23,-5.546652318285E-17,1.));
#857 = DIRECTION('',(-1.,1.788074580606E-13,5.293956912704E-23));
#858 = CYLINDRICAL_SURFACE('',#859,1.7);
#859 = AXIS2_PLACEMENT_3D('',#860,#861,#862);
#860 = CARTESIAN_POINT('',(-40.99977963548,-33.00709274837,
    -64.09589816879));
#861 = DIRECTION('',(5.293955920922E-23,-5.546652318285E-17,1.));
#862 = DIRECTION('',(-1.,1.788074580606E-13,5.293956912704E-23));
#863 = ADVANCED_FACE('',(#864),#898,.T.);
#864 = FACE_BOUND('',#865,.T.);
#865 = EDGE_LOOP('',(#866,#876,#884,#892));
#866 = ORIENTED_EDGE('',*,*,#867,.F.);
#867 = EDGE_CURVE('',#868,#870,#872,.T.);
#868 = VERTEX_POINT('',#869);
#869 = CARTESIAN_POINT('',(-86.94345023218,-8.906304443109,
    -35.09589536978));
#870 = VERTEX_POINT('',#871);
#871 = CARTESIAN_POINT('',(-86.71251728545,-9.30630872561,
    -35.49589518624));
#872 = LINE('',#873,#874);
#873 = CARTESIAN_POINT('',(-86.09841917808,-10.37000221892,
    -36.55957680343));
#874 = VECTOR('',#875,1.);
#875 = DIRECTION('',(0.377952767464,-0.654660704376,-0.654653395097));
#876 = ORIENTED_EDGE('',*,*,#877,.T.);
#877 = EDGE_CURVE('',#868,#878,#880,.T.);
#878 = VERTEX_POINT('',#879);
#879 = CARTESIAN_POINT('',(-88.17771145208,-8.906282319984,
    -35.09589558565));
#880 = LINE('',#881,#882);
#881 = CARTESIAN_POINT('',(-76.72922744961,-8.906487524714,
    -35.0958935834));
#882 = VECTOR('',#883,1.);
#883 = DIRECTION('',(-0.999999999839,1.792418374166E-05,
    -1.748918681601E-07));
#884 = ORIENTED_EDGE('',*,*,#885,.T.);
#885 = EDGE_CURVE('',#878,#886,#888,.T.);
#886 = VERTEX_POINT('',#887);
#887 = CARTESIAN_POINT('',(-88.1777185518,-9.306282463073,
    -35.49589544249));
#888 = LINE('',#889,#890);
#889 = CARTESIAN_POINT('',(-88.17771145208,-8.906282319984,
    -35.09589558565));
#890 = VECTOR('',#891,1.);
#891 = DIRECTION('',(-1.2550649219E-05,-0.707107034135,-0.707106528126)
  );
#892 = ORIENTED_EDGE('',*,*,#893,.T.);
#893 = EDGE_CURVE('',#886,#870,#894,.T.);
#894 = LINE('',#895,#896);
#895 = CARTESIAN_POINT('',(-76.72923454933,-9.306487667804,
    -35.49589344025));
#896 = VECTOR('',#897,1.);
#897 = DIRECTION('',(0.999999999839,-1.792418374166E-05,
    1.748918681601E-07));
#898 = PLANE('',#899);
#899 = AXIS2_PLACEMENT_3D('',#900,#901,#902);
#900 = CARTESIAN_POINT('',(-76.72923099947,-9.106487596259,
    -35.29589351182));
#901 = DIRECTION('',(-1.279797460525E-05,-0.70710652801,0.707107034247)
  );
#902 = DIRECTION('',(0.999999999836,1.050066744711E-16,
    1.809906277748E-05));
#903 = ADVANCED_FACE('',(#904),#935,.T.);
#904 = FACE_BOUND('',#905,.T.);
#905 = EDGE_LOOP('',(#906,#916,#925,#926));
#906 = ORIENTED_EDGE('',*,*,#907,.T.);
#907 = EDGE_CURVE('',#908,#910,#912,.T.);
#908 = VERTEX_POINT('',#909);
#909 = CARTESIAN_POINT('',(-89.3901782772,-11.00627135356,
    -35.09589504614));
#910 = VERTEX_POINT('',#911);
#911 = CARTESIAN_POINT('',(-89.04376636077,-10.80627470149,
    -35.49589505713));
#912 = LINE('',#913,#914);
#913 = CARTESIAN_POINT('',(-89.3901782772,-11.00627135356,
    -35.09589504614));
#914 = VECTOR('',#915,1.);
#915 = DIRECTION('',(0.612375647554,0.353547535501,-0.707106927151));
#916 = ORIENTED_EDGE('',*,*,#917,.T.);
#917 = EDGE_CURVE('',#910,#886,#918,.T.);
#918 = B_SPLINE_CURVE_WITH_KNOTS('',3,(#919,#920,#921,#922,#923,#924),
  .UNSPECIFIED.,.F.,.F.,(4,1,1,4),(-1.047201949592,-0.448800845659,
    0.149600258273,1.047201866943),.UNSPECIFIED.);
#919 = CARTESIAN_POINT('',(-89.04376636077,-10.80627470149,
    -35.49589505713));
#920 = CARTESIAN_POINT('',(-89.14349834423,-10.63353026373,
    -35.49589513639));
#921 = CARTESIAN_POINT('',(-89.2359040566,-10.22798268706,
    -35.49589529769));
#922 = CARTESIAN_POINT('',(-88.96992975752,-9.546110418986,
    -35.49589549521));
#923 = CARTESIAN_POINT('',(-88.47691908761,-9.30627710116,
    -35.49589549482));
#924 = CARTESIAN_POINT('',(-88.17771855179,-9.306282463073,
    -35.49589544249));
#925 = ORIENTED_EDGE('',*,*,#885,.F.);
#926 = ORIENTED_EDGE('',*,*,#927,.T.);
#927 = EDGE_CURVE('',#878,#908,#928,.T.);
#928 = B_SPLINE_CURVE_WITH_KNOTS('',3,(#929,#930,#931,#932,#933,#934),
  .UNSPECIFIED.,.F.,.F.,(4,1,1,4),(-1.047201914171,-0.149600258273,
    0.448800845659,1.047201945298),.UNSPECIFIED.);
#929 = CARTESIAN_POINT('',(-88.17771145208,-8.906282319984,
    -35.09589558565));
#930 = CARTESIAN_POINT('',(-88.59659222476,-8.906274861345,
    -35.0958956589));
#931 = CARTESIAN_POINT('',(-89.28680706976,-9.242041601979,
    -35.09589565945));
#932 = CARTESIAN_POINT('',(-89.65917096158,-10.19666265242,
    -35.09589538292));
#933 = CARTESIAN_POINT('',(-89.52980301499,-10.7644291597,
    -35.09589515711));
#934 = CARTESIAN_POINT('',(-89.39017828021,-11.00627134836,
    -35.09589504614));
#935 = B_SPLINE_SURFACE_WITH_KNOTS('',3,3,(
    (#936,#937,#938,#939,#940,#941)
    ,(#942,#943,#944,#945,#946,#947)
    ,(#948,#949,#950,#951,#952,#953)
    ,(#954,#955,#956,#957,#958,#959
    )),.UNSPECIFIED.,.F.,.F.,.F.,(4,4),(4,1,1,4),(0.,1.),(
    -1.047201914171,-0.149600258273,0.448800845659,1.047201949592),
  .UNSPECIFIED.);
#936 = CARTESIAN_POINT('',(-88.17771850457,-9.306282463074,
    -35.49589544249));
#937 = CARTESIAN_POINT('',(-88.47691905648,-9.306277086018,
    -35.49589549482));
#938 = CARTESIAN_POINT('',(-88.96992975152,-9.54611040361,
    -35.49589549521));
#939 = CARTESIAN_POINT('',(-89.2359040566,-10.22798268706,
    -35.49589529769));
#940 = CARTESIAN_POINT('',(-89.14349834423,-10.63353026373,
    -35.49589513639));
#941 = CARTESIAN_POINT('',(-89.04376636077,-10.80627470149,
    -35.49589505713));
#942 = CARTESIAN_POINT('',(-88.17771615374,-9.172949082044,
    -35.36256215688));
#943 = CARTESIAN_POINT('',(-88.51681011258,-9.172943011127,
    -35.36256221618));
#944 = CARTESIAN_POINT('',(-89.07555552427,-9.4447541364,-35.36256221662
    ));
#945 = CARTESIAN_POINT('',(-89.37699302518,-10.21754267616,
    -35.36256199277));
#946 = CARTESIAN_POINT('',(-89.2722665675,-10.67716323041,
    -35.36256180996));
#947 = CARTESIAN_POINT('',(-89.15923699958,-10.87294025218,
    -35.36256172013));
#948 = CARTESIAN_POINT('',(-88.17771380291,-9.039615701014,
    -35.22922887126));
#949 = CARTESIAN_POINT('',(-88.55670116867,-9.039608936236,
    -35.22922893754));
#950 = CARTESIAN_POINT('',(-89.18118129702,-9.343397869189,
    -35.22922893803));
#951 = CARTESIAN_POINT('',(-89.51808199376,-10.20710266527,
    -35.22922868785));
#952 = CARTESIAN_POINT('',(-89.40103479078,-10.72079619709,
    -35.22922848353));
#953 = CARTESIAN_POINT('',(-89.27470763839,-10.93960580287,
    -35.22922838313));
#954 = CARTESIAN_POINT('',(-88.17771145208,-8.906282319984,
    -35.09589558565));
#955 = CARTESIAN_POINT('',(-88.59659222476,-8.906274861345,
    -35.0958956589));
#956 = CARTESIAN_POINT('',(-89.28680706976,-9.242041601979,
    -35.09589565945));
#957 = CARTESIAN_POINT('',(-89.65917096234,-10.19666265438,
    -35.09589538292));
#958 = CARTESIAN_POINT('',(-89.52980301406,-10.76442916377,
    -35.09589515711));
#959 = CARTESIAN_POINT('',(-89.3901782772,-11.00627135356,
    -35.09589504614));
#960 = ADVANCED_FACE('',(#961),#986,.T.);
#961 = FACE_BOUND('',#962,.T.);
#962 = EDGE_LOOP('',(#963,#964,#972,#980));
#963 = ORIENTED_EDGE('',*,*,#907,.F.);
#964 = ORIENTED_EDGE('',*,*,#965,.T.);
#965 = EDGE_CURVE('',#908,#966,#968,.T.);
#966 = VERTEX_POINT('',#967);
#967 = CARTESIAN_POINT('',(-84.96758185679,-18.6665916004,
    -35.09589153118));
#968 = LINE('',#969,#970);
#969 = CARTESIAN_POINT('',(-88.49576925785,-12.55546528143,
    -35.09589433528));
#970 = VECTOR('',#971,1.);
#971 = DIRECTION('',(0.499992238581,-0.866029884795,3.973799907618E-07)
  );
#972 = ORIENTED_EDGE('',*,*,#973,.T.);
#973 = EDGE_CURVE('',#966,#974,#976,.T.);
#974 = VERTEX_POINT('',#975);
#975 = CARTESIAN_POINT('',(-84.6211699569,-18.4665949197,-35.49589154217
    ));
#976 = LINE('',#977,#978);
#977 = CARTESIAN_POINT('',(-84.96758185679,-18.6665916004,
    -35.09589153118));
#978 = VECTOR('',#979,1.);
#979 = DIRECTION('',(0.612375618332,0.353547586114,-0.707106927151));
#980 = ORIENTED_EDGE('',*,*,#981,.T.);
#981 = EDGE_CURVE('',#974,#910,#982,.T.);
#982 = LINE('',#983,#984);
#983 = CARTESIAN_POINT('',(-88.14935735795,-12.35546860073,
    -35.49589434628));
#984 = VECTOR('',#985,1.);
#985 = DIRECTION('',(-0.499992238581,0.866029884795,-3.973799907618E-07)
  );
#986 = PLANE('',#987);
#987 = AXIS2_PLACEMENT_3D('',#988,#989,#990);
#988 = CARTESIAN_POINT('',(-88.3225633079,-12.45546694108,
    -35.29589434078));
#989 = DIRECTION('',(0.612375590166,0.353548218768,0.707106635222));
#990 = DIRECTION('',(0.755927210303,0.,-0.654655674934));
#991 = ADVANCED_FACE('',(#992),#1027,.T.);
#992 = FACE_BOUND('',#993,.T.);
#993 = EDGE_LOOP('',(#994,#995,#1006,#1014));
#994 = ORIENTED_EDGE('',*,*,#973,.F.);
#995 = ORIENTED_EDGE('',*,*,#996,.T.);
#996 = EDGE_CURVE('',#966,#997,#999,.T.);
#997 = VERTEX_POINT('',#998);
#998 = CARTESIAN_POINT('',(-82.54270460982,-18.66660259522,
    -35.0958911071));
#999 = B_SPLINE_CURVE_WITH_KNOTS('',3,(#1000,#1001,#1002,#1003,#1004,
    #1005),.UNSPECIFIED.,.F.,.F.,(4,1,1,4),(-1.047201914169,
    -0.448800870961,0.14960029032,1.047201701643),.UNSPECIFIED.);
#1000 = CARTESIAN_POINT('',(-84.96758181547,-18.66659167198,
    -35.09589153118));
#1001 = CARTESIAN_POINT('',(-84.82795704364,-18.90843380837,
    -35.09589142021));
#1002 = CARTESIAN_POINT('',(-84.40094956249,-19.30435559654,
    -35.09589120384));
#1003 = CARTESIAN_POINT('',(-83.38805200503,-19.45919896954,
    -35.09589097128));
#1004 = CARTESIAN_POINT('',(-82.75214518161,-19.02936400991,
    -35.0958910139));
#1005 = CARTESIAN_POINT('',(-82.54270472553,-18.66660279564,
    -35.0958911071));
#1006 = ORIENTED_EDGE('',*,*,#1007,.T.);
#1007 = EDGE_CURVE('',#997,#1008,#1010,.T.);
#1008 = VERTEX_POINT('',#1009);
#1009 = CARTESIAN_POINT('',(-82.88911466832,-18.46660268112,
    -35.49589123926));
#1010 = LINE('',#1011,#1012);
#1011 = CARTESIAN_POINT('',(-82.54270460982,-18.66660259522,
    -35.0958911071));
#1012 = VECTOR('',#1013,1.);
#1013 = DIRECTION('',(-0.612372253591,0.353553238756,-0.707107014813));
#1014 = ORIENTED_EDGE('',*,*,#1015,.T.);
#1015 = EDGE_CURVE('',#1008,#974,#1016,.T.);
#1016 = B_SPLINE_CURVE_WITH_KNOTS('',3,(#1017,#1018,#1019,#1020,#1021,
    #1022,#1023,#1024,#1025,#1026),.UNSPECIFIED.,.F.,.F.,(4,3,3,4),(
    -1.047201866943,-0.149600349356,0.448800882769,1.047201949591),
  .UNSPECIFIED.);
#1017 = CARTESIAN_POINT('',(-82.88911475097,-18.46660282427,
    -35.49589123926));
#1018 = CARTESIAN_POINT('',(-83.03871503391,-18.72571800205,
    -35.49589117269));
#1019 = CARTESIAN_POINT('',(-83.31124648133,-18.90993302571,
    -35.49589115442));
#1020 = CARTESIAN_POINT('',(-83.60630147214,-18.95517844864,
    -35.49589118983));
#1021 = CARTESIAN_POINT('',(-83.80300487181,-18.98534207503,
    -35.49589121343));
#1022 = CARTESIAN_POINT('',(-84.00971874257,-18.95374138893,
    -35.4958912609));
#1023 = CARTESIAN_POINT('',(-84.1893270295,-18.86724069784,
    -35.49589132326));
#1024 = CARTESIAN_POINT('',(-84.3689352668,-18.78074003065,
    -35.49589138563));
#1025 = CARTESIAN_POINT('',(-84.52143793523,-18.6393393888,
    -35.49589146291));
#1026 = CARTESIAN_POINT('',(-84.62116991557,-18.46659499128,
    -35.49589154217));
#1027 = B_SPLINE_SURFACE_WITH_KNOTS('',3,3,(
    (#1028,#1029,#1030,#1031,#1032,#1033)
    ,(#1034,#1035,#1036,#1037,#1038,#1039)
    ,(#1040,#1041,#1042,#1043,#1044,#1045)
    ,(#1046,#1047,#1048,#1049,#1050,#1051
    )),.UNSPECIFIED.,.F.,.F.,.F.,(4,4),(4,1,1,4),(0.,1.),(
    -1.047202032243,-0.14960029032,0.448800870961,1.047202032243),
  .UNSPECIFIED.);
#1028 = CARTESIAN_POINT('',(-82.54270449411,-18.66660239481,
    -35.0958911071));
#1029 = CARTESIAN_POINT('',(-82.75214490055,-19.02936381994,
    -35.0958910139));
#1030 = CARTESIAN_POINT('',(-83.38805184514,-19.45919899398,
    -35.09589097128));
#1031 = CARTESIAN_POINT('',(-84.40094961959,-19.30435558781,
    -35.09589120384));
#1032 = CARTESIAN_POINT('',(-84.82795712789,-18.90843373025,
    -35.09589142021));
#1033 = CARTESIAN_POINT('',(-84.96758189812,-18.66659152882,
    -35.09589153118));
#1034 = CARTESIAN_POINT('',(-82.65817452463,-18.59993577586,
    -35.22922448448));
#1035 = CARTESIAN_POINT('',(-82.84766821142,-18.92814850208,
    -35.22922440016));
#1036 = CARTESIAN_POINT('',(-83.42301258531,-19.31704703072,
    -35.2292243616));
#1037 = CARTESIAN_POINT('',(-84.33944395084,-19.17695062615,
    -35.22922457201));
#1038 = CARTESIAN_POINT('',(-84.72578409176,-18.81873559039,
    -35.22922476777));
#1039 = CARTESIAN_POINT('',(-84.85211126482,-18.59992596859,
    -35.22922486818));
#1040 = CARTESIAN_POINT('',(-82.77364455515,-18.53326915691,
    -35.36255786187));
#1041 = CARTESIAN_POINT('',(-82.94319152229,-18.82693318421,
    -35.36255778642));
#1042 = CARTESIAN_POINT('',(-83.45797332548,-19.17489506745,
    -35.36255775192));
#1043 = CARTESIAN_POINT('',(-84.27793828209,-19.04954566449,
    -35.36255794018));
#1044 = CARTESIAN_POINT('',(-84.62361105562,-18.72903745054,
    -35.36255811534));
#1045 = CARTESIAN_POINT('',(-84.73664063152,-18.53326040835,
    -35.36255820517));
#1046 = CARTESIAN_POINT('',(-82.88911458567,-18.46660253796,
    -35.49589123926));
#1047 = CARTESIAN_POINT('',(-83.03871483315,-18.72571786635,
    -35.49589117269));
#1048 = CARTESIAN_POINT('',(-83.49293406565,-19.03274310418,
    -35.49589114224));
#1049 = CARTESIAN_POINT('',(-84.21643261334,-18.92214070283,
    -35.49589130836));
#1050 = CARTESIAN_POINT('',(-84.52143801949,-18.63933931068,
    -35.49589146291));
#1051 = CARTESIAN_POINT('',(-84.62116999822,-18.46659484812,
    -35.49589154217));
#1052 = ADVANCED_FACE('',(#1053),#1078,.T.);
#1053 = FACE_BOUND('',#1054,.T.);
#1054 = EDGE_LOOP('',(#1055,#1065,#1071,#1072));
#1055 = ORIENTED_EDGE('',*,*,#1056,.F.);
#1056 = EDGE_CURVE('',#1057,#1059,#1061,.T.);
#1057 = VERTEX_POINT('',#1058);
#1058 = CARTESIAN_POINT('',(-82.15651403503,-17.19770116261,
    -35.49589156526));
#1059 = VERTEX_POINT('',#1060);
#1060 = CARTESIAN_POINT('',(-81.92557396671,-17.59770096646,
    -35.09589138171));
#1061 = LINE('',#1062,#1063);
#1062 = CARTESIAN_POINT('',(-82.78019108846,-16.11746116416,
    -36.57613258909));
#1063 = VECTOR('',#1064,1.);
#1064 = DIRECTION('',(0.377964422901,-0.654653374467,0.654653995879));
#1065 = ORIENTED_EDGE('',*,*,#1066,.T.);
#1066 = EDGE_CURVE('',#1057,#1008,#1067,.T.);
#1067 = LINE('',#1068,#1069);
#1068 = CARTESIAN_POINT('',(-77.0979525841,-8.436015716393,
    -35.49589381626));
#1069 = VECTOR('',#1070,1.);
#1070 = DIRECTION('',(-0.5,-0.866025403785,2.224942910353E-07));
#1071 = ORIENTED_EDGE('',*,*,#1007,.F.);
#1072 = ORIENTED_EDGE('',*,*,#1073,.T.);
#1073 = EDGE_CURVE('',#997,#1059,#1074,.T.);
#1074 = LINE('',#1075,#1076);
#1075 = CARTESIAN_POINT('',(-76.75154249254,-8.63601557324,
    -35.0958936841));
#1076 = VECTOR('',#1077,1.);
#1077 = DIRECTION('',(0.5,0.866025403785,-2.224942910353E-07));
#1078 = PLANE('',#1079);
#1079 = AXIS2_PLACEMENT_3D('',#1080,#1081,#1082);
#1080 = CARTESIAN_POINT('',(-76.92474753832,-8.536015644816,
    -35.29589375018));
#1081 = DIRECTION('',(-0.612372559359,0.353553643656,0.70710654756));
#1082 = DIRECTION('',(0.755928773557,-1.942890293094E-16,0.654653869849)
  );
#1083 = ADVANCED_FACE('',(#1084),#1228,.T.);
#1084 = FACE_BOUND('',#1085,.T.);
#1085 = EDGE_LOOP('',(#1086,#1087,#1088,#1089,#1090,#1091,#1099,#1108,
    #1116,#1124,#1132,#1140,#1148,#1157,#1163,#1164,#1173,#1181,#1189,
    #1197,#1205,#1213,#1222));
#1086 = ORIENTED_EDGE('',*,*,#1073,.F.);
#1087 = ORIENTED_EDGE('',*,*,#996,.F.);
#1088 = ORIENTED_EDGE('',*,*,#965,.F.);
#1089 = ORIENTED_EDGE('',*,*,#927,.F.);
#1090 = ORIENTED_EDGE('',*,*,#877,.F.);
#1091 = ORIENTED_EDGE('',*,*,#1092,.F.);
#1092 = EDGE_CURVE('',#1093,#868,#1095,.T.);
#1093 = VERTEX_POINT('',#1094);
#1094 = CARTESIAN_POINT('',(-96.72188019287,8.031137642602,
    -35.09590314154));
#1095 = LINE('',#1096,#1097);
#1096 = CARTESIAN_POINT('',(-85.50666198352,-11.39499836516,
    -35.09589422785));
#1097 = VECTOR('',#1098,1.);
#1098 = DIRECTION('',(0.499984377758,-0.866034423102,3.973802371672E-07)
  );
#1099 = ORIENTED_EDGE('',*,*,#1100,.F.);
#1100 = EDGE_CURVE('',#1101,#1093,#1103,.T.);
#1101 = VERTEX_POINT('',#1102);
#1102 = CARTESIAN_POINT('',(-96.63938103847,12.482073413832,
    -35.09590472003));
#1103 = CIRCLE('',#1104,4.599999903118);
#1104 = AXIS2_PLACEMENT_3D('',#1105,#1106,#1107);
#1105 = CARTESIAN_POINT('',(-92.65570549123,10.182002057774,
    -35.09590320018));
#1106 = DIRECTION('',(-1.748854518816E-07,3.578844386105E-07,1.));
#1107 = DIRECTION('',(-0.88395113543,-0.467579287579,1.274915708013E-08)
  );
#1108 = ORIENTED_EDGE('',*,*,#1109,.F.);
#1109 = EDGE_CURVE('',#1110,#1101,#1112,.T.);
#1110 = VERTEX_POINT('',#1111);
#1111 = CARTESIAN_POINT('',(-87.93850067937,27.551816461047,
    -35.0959085916));
#1112 = LINE('',#1113,#1114);
#1113 = CARTESIAN_POINT('',(-96.47413484544,12.768276368676,
    -35.09590479356));
#1114 = VECTOR('',#1115,1.);
#1115 = DIRECTION('',(-0.500015522718,-0.866016441554,2.224883673746E-07
    ));
#1116 = ORIENTED_EDGE('',*,*,#1117,.F.);
#1117 = EDGE_CURVE('',#1118,#1110,#1120,.T.);
#1118 = VERTEX_POINT('',#1119);
#1119 = CARTESIAN_POINT('',(-93.06360921548,30.51092240162,
    -35.09591054692));
#1120 = LINE('',#1121,#1122);
#1121 = CARTESIAN_POINT('',(-76.38175160501,20.879246583021,
    -35.09590418248));
#1122 = VECTOR('',#1123,1.);
#1123 = DIRECTION('',(0.866016393126,-0.500015606593,3.304014755437E-07)
  );
#1124 = ORIENTED_EDGE('',*,*,#1125,.F.);
#1125 = EDGE_CURVE('',#1126,#1118,#1128,.T.);
#1126 = VERTEX_POINT('',#1127);
#1127 = CARTESIAN_POINT('',(-98.06798589458,21.843448458129,
    -35.09590832016));
#1128 = LINE('',#1129,#1130);
#1129 = CARTESIAN_POINT('',(-97.08187989025,23.551363078895,
    -35.09590875894));
#1130 = VECTOR('',#1131,1.);
#1131 = DIRECTION('',(0.500015606593,0.866016393126,-2.224883368949E-07)
  );
#1132 = ORIENTED_EDGE('',*,*,#1133,.F.);
#1133 = EDGE_CURVE('',#1134,#1126,#1136,.T.);
#1134 = VERTEX_POINT('',#1135);
#1135 = CARTESIAN_POINT('',(-101.5320507877,23.843510044948,
    -35.09590964177));
#1136 = LINE('',#1137,#1138);
#1137 = CARTESIAN_POINT('',(-82.25214622765,12.711791183719,
    -35.09590228612));
#1138 = VECTOR('',#1139,1.);
#1139 = DIRECTION('',(0.866016441554,-0.500015522717,3.304014539953E-07)
  );
#1140 = ORIENTED_EDGE('',*,*,#1141,.F.);
#1141 = EDGE_CURVE('',#1142,#1134,#1144,.T.);
#1142 = VERTEX_POINT('',#1143);
#1143 = CARTESIAN_POINT('',(-104.3296301684,18.998160990494,
    -35.09590839695));
#1144 = LINE('',#1145,#1146);
#1145 = CARTESIAN_POINT('',(-107.1836523869,14.055054119807,
    -35.09590712701));
#1146 = VECTOR('',#1147,1.);
#1147 = DIRECTION('',(0.500015522718,0.866016441554,-2.224883688946E-07)
  );
#1148 = ORIENTED_EDGE('',*,*,#1149,.F.);
#1149 = EDGE_CURVE('',#1150,#1142,#1152,.T.);
#1150 = VERTEX_POINT('',#1151);
#1151 = CARTESIAN_POINT('',(-104.3297907763,3.39795485778,-35.0959028139
    ));
#1152 = CIRCLE('',#1153,15.6);
#1153 = AXIS2_PLACEMENT_3D('',#1154,#1155,#1156);
#1154 = CARTESIAN_POINT('',(-90.81977368022,11.197918836095,
    -35.09590324269));
#1155 = DIRECTION('',(1.748854534017E-07,-3.578844412435E-07,-1.));
#1156 = DIRECTION('',(-0.999999999947,1.029523999187E-05,
    -1.748891378987E-07));
#1157 = ORIENTED_EDGE('',*,*,#1158,.F.);
#1158 = EDGE_CURVE('',#384,#1150,#1159,.T.);
#1159 = LINE('',#1160,#1161);
#1160 = CARTESIAN_POINT('',(-90.90002714279,-19.86322132073,
    -35.09589214042));
#1161 = VECTOR('',#1162,1.);
#1162 = DIRECTION('',(-0.499997690918,0.86602673693,-3.973798177239E-07)
  );
#1163 = ORIENTED_EDGE('',*,*,#383,.F.);
#1164 = ORIENTED_EDGE('',*,*,#1165,.F.);
#1165 = EDGE_CURVE('',#1166,#376,#1168,.T.);
#1166 = VERTEX_POINT('',#1167);
#1167 = CARTESIAN_POINT('',(-66.45320795735,-46.60708451703,
    -35.09587829382));
#1168 = CIRCLE('',#1169,15.6);
#1169 = AXIS2_PLACEMENT_3D('',#1170,#1171,#1172);
#1170 = CARTESIAN_POINT('',(-66.45320795735,-31.00708451703,
    -35.09588387681));
#1171 = DIRECTION('',(1.748854534017E-07,-3.578844412435E-07,-1.));
#1172 = DIRECTION('',(-0.500006606844,-0.866021589287,2.224917704451E-07
    ));
#1173 = ORIENTED_EDGE('',*,*,#1174,.F.);
#1174 = EDGE_CURVE('',#1175,#1166,#1177,.T.);
#1175 = VERTEX_POINT('',#1176);
#1176 = CARTESIAN_POINT('',(-60.85822289476,-46.60708451703,
    -35.09587731533));
#1177 = LINE('',#1178,#1179);
#1178 = CARTESIAN_POINT('',(-72.29491120021,-46.60708451703,
    -35.09587931544));
#1179 = VECTOR('',#1180,1.);
#1180 = DIRECTION('',(-1.,-3.121895529155E-14,-1.748854534017E-07));
#1181 = ORIENTED_EDGE('',*,*,#1182,.F.);
#1182 = EDGE_CURVE('',#1183,#1175,#1185,.T.);
#1183 = VERTEX_POINT('',#1184);
#1184 = CARTESIAN_POINT('',(-60.85822289475,-42.6070855251,
    -35.09587874687));
#1185 = LINE('',#1186,#1187);
#1186 = CARTESIAN_POINT('',(-60.85822289475,-24.1125223858,
    -35.09588536579));
#1187 = VECTOR('',#1188,1.);
#1188 = DIRECTION('',(-4.495328058767E-13,-1.,3.578844412434E-07));
#1189 = ORIENTED_EDGE('',*,*,#1190,.F.);
#1190 = EDGE_CURVE('',#1191,#1183,#1193,.T.);
#1191 = VERTEX_POINT('',#1192);
#1192 = CARTESIAN_POINT('',(-50.84978193188,-42.60708455577,
    -35.09587699654));
#1193 = LINE('',#1194,#1195);
#1194 = CARTESIAN_POINT('',(-59.01990842978,-42.60708534706,
    -35.09587842538));
#1195 = VECTOR('',#1196,1.);
#1196 = DIRECTION('',(-1.,-9.685125417876E-08,-1.748854187402E-07));
#1197 = ORIENTED_EDGE('',*,*,#1198,.F.);
#1198 = EDGE_CURVE('',#1199,#1191,#1201,.T.);
#1199 = VERTEX_POINT('',#1200);
#1200 = CARTESIAN_POINT('',(-50.84978250504,-36.6890573951,
    -35.09587911451));
#1201 = LINE('',#1202,#1203);
#1202 = CARTESIAN_POINT('',(-50.84978381995,-23.11251859199,
    -35.09588397334));
#1203 = VECTOR('',#1204,1.);
#1204 = DIRECTION('',(9.685119237942E-08,-1.,3.578844581814E-07));
#1205 = ORIENTED_EDGE('',*,*,#1206,.T.);
#1206 = EDGE_CURVE('',#1199,#1207,#1209,.T.);
#1207 = VERTEX_POINT('',#1208);
#1208 = CARTESIAN_POINT('',(-68.25100299478,-36.6890573951,
    -35.09588215773));
#1209 = LINE('',#1210,#1211);
#1210 = CARTESIAN_POINT('',(-67.92052086868,-36.6890573951,
    -35.09588209994));
#1211 = VECTOR('',#1212,1.);
#1212 = DIRECTION('',(-1.,2.276009537586E-13,-1.748854534018E-07));
#1213 = ORIENTED_EDGE('',*,*,#1214,.T.);
#1214 = EDGE_CURVE('',#1207,#1215,#1217,.T.);
#1215 = VERTEX_POINT('',#1216);
#1216 = CARTESIAN_POINT('',(-72.14683741078,-34.53496604299,
    -35.09588360997));
#1217 = CIRCLE('',#1218,4.599999903118);
#1218 = AXIS2_PLACEMENT_3D('',#1219,#1220,#1221);
#1219 = CARTESIAN_POINT('',(-68.25100299478,-32.08905749198,
    -35.095883804));
#1220 = DIRECTION('',(1.748854534017E-07,-3.578844412435E-07,-1.));
#1221 = DIRECTION('',(-0.846920639812,-0.531719314921,4.217996983016E-08
    ));
#1222 = ORIENTED_EDGE('',*,*,#1223,.T.);
#1223 = EDGE_CURVE('',#1215,#1059,#1224,.T.);
#1224 = LINE('',#1225,#1226);
#1225 = CARTESIAN_POINT('',(-83.36240739401,-15.10903312777,
    -35.09589252365));
#1226 = VECTOR('',#1227,1.);
#1227 = DIRECTION('',(-0.500000099362,0.866025346417,-3.973797412832E-07
    ));
#1228 = PLANE('',#1229);
#1229 = AXIS2_PLACEMENT_3D('',#1230,#1231,#1232);
#1230 = CARTESIAN_POINT('',(-67.59003874257,-3.217958537073,
    -35.09589402092));
#1231 = DIRECTION('',(-1.748854534017E-07,3.578844412435E-07,1.));
#1232 = DIRECTION('',(1.,3.087201059635E-14,1.748854534017E-07));
#1233 = ADVANCED_FACE('',(#1234),#1260,.T.);
#1234 = FACE_BOUND('',#1235,.T.);
#1235 = EDGE_LOOP('',(#1236,#1246,#1254));
#1236 = ORIENTED_EDGE('',*,*,#1237,.F.);
#1237 = EDGE_CURVE('',#1238,#1240,#1242,.T.);
#1238 = VERTEX_POINT('',#1239);
#1239 = CARTESIAN_POINT('',(-68.51297594853,8.17987352653,
    -31.49589826144));
#1240 = VERTEX_POINT('',#1241);
#1241 = CARTESIAN_POINT('',(-68.6593941116,7.633462884803,
    -31.49589809149));
#1242 = LINE('',#1243,#1244);
#1243 = CARTESIAN_POINT('',(-68.51297594853,8.17987352653,
    -31.49589826144));
#1244 = VECTOR('',#1245,1.);
#1245 = DIRECTION('',(-0.258832030153,-0.965922346862,3.004226334365E-07
    ));
#1246 = ORIENTED_EDGE('',*,*,#1247,.F.);
#1247 = EDGE_CURVE('',#1248,#1238,#1250,.T.);
#1248 = VERTEX_POINT('',#1249);
#1249 = CARTESIAN_POINT('',(-68.85938797243,7.979876774258,
    -31.09589825045));
#1250 = LINE('',#1251,#1252);
#1251 = CARTESIAN_POINT('',(-68.85938797243,7.979876774258,
    -31.09589825045));
#1252 = VECTOR('',#1253,1.);
#1253 = DIRECTION('',(0.612375727938,0.353547649361,-0.707106800606));
#1254 = ORIENTED_EDGE('',*,*,#1255,.F.);
#1255 = EDGE_CURVE('',#1240,#1248,#1256,.T.);
#1256 = LINE('',#1257,#1258);
#1257 = CARTESIAN_POINT('',(-68.6593941116,7.633462884803,
    -31.49589809149));
#1258 = VECTOR('',#1259,1.);
#1259 = DIRECTION('',(-0.353542537954,0.612379025814,0.707106500182));
#1260 = PLANE('',#1261);
#1261 = AXIS2_PLACEMENT_3D('',#1262,#1263,#1264);
#1262 = CARTESIAN_POINT('',(-68.85938797243,7.979876774258,
    -31.09589825045));
#1263 = DIRECTION('',(0.788673370692,-0.211335576693,0.577348758018));
#1264 = DIRECTION('',(0.590690348084,1.52655665886E-16,-0.80689832859));
#1265 = ADVANCED_FACE('',(#1266),#1291,.T.);
#1266 = FACE_BOUND('',#1267,.T.);
#1267 = EDGE_LOOP('',(#1268,#1278,#1284,#1285));
#1268 = ORIENTED_EDGE('',*,*,#1269,.T.);
#1269 = EDGE_CURVE('',#1270,#1272,#1274,.T.);
#1270 = VERTEX_POINT('',#1271);
#1271 = CARTESIAN_POINT('',(-87.14053210314,-2.574528262113,
    -31.09589767029));
#1272 = VERTEX_POINT('',#1273);
#1273 = CARTESIAN_POINT('',(-86.94053513775,-2.920940359185,
    -31.49589751134));
#1274 = LINE('',#1275,#1276);
#1275 = CARTESIAN_POINT('',(-87.14053210314,-2.574528262113,
    -31.09589767029));
#1276 = VECTOR('',#1277,1.);
#1277 = DIRECTION('',(0.353548026104,-0.612375857312,-0.707106500196));
#1278 = ORIENTED_EDGE('',*,*,#1279,.T.);
#1279 = EDGE_CURVE('',#1272,#1240,#1280,.T.);
#1280 = LINE('',#1281,#1282);
#1281 = CARTESIAN_POINT('',(-82.65255620254,-0.44532580541,
    -31.49589764742));
#1282 = VECTOR('',#1283,1.);
#1283 = DIRECTION('',(0.866029884796,0.499992238581,-2.748341392734E-08)
  );
#1284 = ORIENTED_EDGE('',*,*,#1255,.T.);
#1285 = ORIENTED_EDGE('',*,*,#1286,.T.);
#1286 = EDGE_CURVE('',#1248,#1270,#1287,.T.);
#1287 = LINE('',#1288,#1289);
#1288 = CARTESIAN_POINT('',(-82.85255316793,-9.891370833815E-02,
    -31.09589780637));
#1289 = VECTOR('',#1290,1.);
#1290 = DIRECTION('',(-0.866029884796,-0.499992238581,2.748341392734E-08
    ));
#1291 = PLANE('',#1292);
#1292 = AXIS2_PLACEMENT_3D('',#1293,#1294,#1295);
#1293 = CARTESIAN_POINT('',(-82.75255468523,-0.272119756874,
    -31.2958977269));
#1294 = DIRECTION('',(0.353547778778,-0.612375351187,0.707107062177));
#1295 = DIRECTION('',(0.894430101453,-2.775557561563E-17,-0.447207774545
    ));
#1296 = ADVANCED_FACE('',(#1297),#1324,.F.);
#1297 = FACE_BOUND('',#1298,.F.);
#1298 = EDGE_LOOP('',(#1299,#1308,#1309,#1318));
#1299 = ORIENTED_EDGE('',*,*,#1300,.F.);
#1300 = EDGE_CURVE('',#1270,#1301,#1303,.T.);
#1301 = VERTEX_POINT('',#1302);
#1302 = CARTESIAN_POINT('',(-87.46996627478,-3.803947670772,
    -31.09589728792));
#1303 = CIRCLE('',#1304,0.9);
#1304 = AXIS2_PLACEMENT_3D('',#1305,#1306,#1307);
#1305 = CARTESIAN_POINT('',(-86.69053908842,-3.353955158429,
    -31.09589731265));
#1306 = DIRECTION('',(-1.748854518068E-07,3.578844385982E-07,1.));
#1307 = DIRECTION('',(-0.96592350669,0.258827701808,-2.615563756335E-07)
  );
#1308 = ORIENTED_EDGE('',*,*,#1269,.T.);
#1309 = ORIENTED_EDGE('',*,*,#1310,.F.);
#1310 = EDGE_CURVE('',#1311,#1272,#1313,.T.);
#1311 = VERTEX_POINT('',#1312);
#1312 = CARTESIAN_POINT('',(-87.123554122,-3.603951141773,
    -31.49589729891));
#1313 = CIRCLE('',#1314,0.5);
#1314 = AXIS2_PLACEMENT_3D('',#1315,#1316,#1317);
#1315 = CARTESIAN_POINT('',(-86.69053901846,-3.353955301583,
    -31.49589731265));
#1316 = DIRECTION('',(1.748854518068E-07,-3.578844385982E-07,-1.));
#1317 = DIRECTION('',(-0.96592350669,0.258827701808,-2.615563756335E-07)
  );
#1318 = ORIENTED_EDGE('',*,*,#1319,.F.);
#1319 = EDGE_CURVE('',#1301,#1311,#1320,.T.);
#1320 = LINE('',#1321,#1322);
#1321 = CARTESIAN_POINT('',(-87.46996627478,-3.803947670772,
    -31.09589728792));
#1322 = VECTOR('',#1323,1.);
#1323 = DIRECTION('',(0.612375955791,0.353547254672,-0.70710680062));
#1324 = CONICAL_SURFACE('',#1325,0.7,0.785398163397);
#1325 = AXIS2_PLACEMENT_3D('',#1326,#1327,#1328);
#1326 = CARTESIAN_POINT('',(-86.69053905344,-3.353955230006,
    -31.29589731265));
#1327 = DIRECTION('',(-1.748854394633E-07,3.578844387505E-07,1.));
#1328 = DIRECTION('',(-0.96592350669,0.258827701808,-2.615563637501E-07)
  );
#1329 = ADVANCED_FACE('',(#1330),#1355,.T.);
#1330 = FACE_BOUND('',#1331,.T.);
#1331 = EDGE_LOOP('',(#1332,#1342,#1348,#1349));
#1332 = ORIENTED_EDGE('',*,*,#1333,.T.);
#1333 = EDGE_CURVE('',#1334,#1336,#1338,.T.);
#1334 = VERTEX_POINT('',#1335);
#1335 = CARTESIAN_POINT('',(-85.04376853326,-8.006332404855,
    -31.09589535964));
#1336 = VERTEX_POINT('',#1337);
#1337 = CARTESIAN_POINT('',(-84.69735650939,-7.806335652577,
    -31.49589537064));
#1338 = LINE('',#1339,#1340);
#1339 = CARTESIAN_POINT('',(-85.04376853326,-8.006332404855,
    -31.09589535964));
#1340 = VECTOR('',#1341,1.);
#1341 = DIRECTION('',(0.612375727912,0.353547649379,-0.70710680062));
#1342 = ORIENTED_EDGE('',*,*,#1343,.T.);
#1343 = EDGE_CURVE('',#1336,#1311,#1344,.T.);
#1344 = LINE('',#1345,#1346);
#1345 = CARTESIAN_POINT('',(-85.54851777735,-6.332050577816,
    -31.49589604712));
#1346 = VECTOR('',#1347,1.);
#1347 = DIRECTION('',(-0.499992238581,0.866029884795,-3.973799876734E-07
    ));
#1348 = ORIENTED_EDGE('',*,*,#1319,.F.);
#1349 = ORIENTED_EDGE('',*,*,#1350,.T.);
#1350 = EDGE_CURVE('',#1301,#1334,#1351,.T.);
#1351 = LINE('',#1352,#1353);
#1352 = CARTESIAN_POINT('',(-85.89492980123,-6.532047330094,
    -31.09589603612));
#1353 = VECTOR('',#1354,1.);
#1354 = DIRECTION('',(0.499992238581,-0.866029884795,3.973799876734E-07)
  );
#1355 = PLANE('',#1356);
#1356 = AXIS2_PLACEMENT_3D('',#1357,#1358,#1359);
#1357 = CARTESIAN_POINT('',(-85.72172378929,-6.432048953955,
    -31.29589604162));
#1358 = DIRECTION('',(0.612375480587,0.353548155504,0.707106761753));
#1359 = DIRECTION('',(0.755927326247,8.326672684689E-17,-0.654655541055)
  );
#1360 = ADVANCED_FACE('',(#1361),#1388,.T.);
#1361 = FACE_BOUND('',#1362,.T.);
#1362 = EDGE_LOOP('',(#1363,#1373,#1380,#1381));
#1363 = ORIENTED_EDGE('',*,*,#1364,.T.);
#1364 = EDGE_CURVE('',#1365,#1367,#1369,.T.);
#1365 = VERTEX_POINT('',#1366);
#1366 = CARTESIAN_POINT('',(-85.56339721865,-8.906327747907,
    -31.09589512842));
#1367 = VERTEX_POINT('',#1368);
#1368 = CARTESIAN_POINT('',(-85.56340431837,-9.306327890997,
    -31.49589498527));
#1369 = LINE('',#1370,#1371);
#1370 = CARTESIAN_POINT('',(-85.56339721865,-8.906327747907,
    -31.09589512842));
#1371 = VECTOR('',#1372,1.);
#1372 = DIRECTION('',(-1.255064921899E-05,-0.707107034135,
    -0.707106528126));
#1373 = ORIENTED_EDGE('',*,*,#1374,.T.);
#1374 = EDGE_CURVE('',#1367,#1336,#1375,.T.);
#1375 = CIRCLE('',#1376,1.);
#1376 = AXIS2_PLACEMENT_3D('',#1377,#1378,#1379);
#1377 = CARTESIAN_POINT('',(-85.56338639419,-8.306327891157,
    -31.49589534315));
#1378 = DIRECTION('',(-1.748854518068E-07,3.578844385982E-07,1.));
#1379 = DIRECTION('',(0.866018682137,-0.500011642054,3.304004543076E-07)
  );
#1380 = ORIENTED_EDGE('',*,*,#1333,.F.);
#1381 = ORIENTED_EDGE('',*,*,#1382,.T.);
#1382 = EDGE_CURVE('',#1334,#1365,#1383,.T.);
#1383 = CIRCLE('',#1384,0.6);
#1384 = AXIS2_PLACEMENT_3D('',#1385,#1386,#1387);
#1385 = CARTESIAN_POINT('',(-85.56338646414,-8.306327748004,
    -31.09589534315));
#1386 = DIRECTION('',(1.748854518068E-07,-3.578844385982E-07,-1.));
#1387 = DIRECTION('',(0.866018682137,-0.500011642054,3.304004543076E-07)
  );
#1388 = CONICAL_SURFACE('',#1389,0.8,0.785398163397);
#1389 = AXIS2_PLACEMENT_3D('',#1390,#1391,#1392);
#1390 = CARTESIAN_POINT('',(-85.56338642916,-8.30632781958,
    -31.29589534315));
#1391 = DIRECTION('',(1.748854394633E-07,-3.578844387507E-07,-1.));
#1392 = DIRECTION('',(0.866018682137,-0.500011642054,3.304004436942E-07)
  );
#1393 = ADVANCED_FACE('',(#1394),#1419,.T.);
#1394 = FACE_BOUND('',#1395,.T.);
#1395 = EDGE_LOOP('',(#1396,#1404,#1405,#1413));
#1396 = ORIENTED_EDGE('',*,*,#1397,.T.);
#1397 = EDGE_CURVE('',#1398,#1367,#1400,.T.);
#1398 = VERTEX_POINT('',#1399);
#1399 = CARTESIAN_POINT('',(-86.712517985,-9.306307294072,
    -31.49589518624));
#1400 = LINE('',#1401,#1402);
#1401 = CARTESIAN_POINT('',(-84.95269552703,-9.306338837453,
    -31.49589487846));
#1402 = VECTOR('',#1403,1.);
#1403 = DIRECTION('',(0.999999999839,-1.792418374166E-05,
    1.748918665651E-07));
#1404 = ORIENTED_EDGE('',*,*,#1364,.F.);
#1405 = ORIENTED_EDGE('',*,*,#1406,.T.);
#1406 = EDGE_CURVE('',#1365,#1407,#1409,.T.);
#1407 = VERTEX_POINT('',#1408);
#1408 = CARTESIAN_POINT('',(-86.48157074704,-8.906311290396,
    -31.095895289));
#1409 = LINE('',#1410,#1411);
#1410 = CARTESIAN_POINT('',(-84.95268842731,-8.906338694364,
    -31.09589502162));
#1411 = VECTOR('',#1412,1.);
#1412 = DIRECTION('',(-0.999999999839,1.792418374166E-05,
    -1.748918665651E-07));
#1413 = ORIENTED_EDGE('',*,*,#1414,.T.);
#1414 = EDGE_CURVE('',#1407,#1398,#1415,.T.);
#1415 = LINE('',#1416,#1417);
#1416 = CARTESIAN_POINT('',(-86.48157074704,-8.906311290396,
    -31.095895289));
#1417 = VECTOR('',#1418,1.);
#1418 = DIRECTION('',(-0.377976135512,-0.654647117798,-0.654653490132));
#1419 = PLANE('',#1420);
#1420 = AXIS2_PLACEMENT_3D('',#1421,#1422,#1423);
#1421 = CARTESIAN_POINT('',(-84.95269197717,-9.106338765908,
    -31.29589495004));
#1422 = DIRECTION('',(-1.279797460412E-05,-0.70710652801,0.707107034247)
  );
#1423 = DIRECTION('',(0.999999999836,1.050015922734E-16,
    1.809906277588E-05));
#1424 = ADVANCED_FACE('',(#1425),#1451,.T.);
#1425 = FACE_BOUND('',#1426,.T.);
#1426 = EDGE_LOOP('',(#1427,#1437,#1445));
#1427 = ORIENTED_EDGE('',*,*,#1428,.F.);
#1428 = EDGE_CURVE('',#1429,#1431,#1433,.T.);
#1429 = VERTEX_POINT('',#1430);
#1430 = CARTESIAN_POINT('',(-87.59209482166,27.351811649948,
    -31.09590845944));
#1431 = VERTEX_POINT('',#1432);
#1432 = CARTESIAN_POINT('',(-87.93850130896,27.551817749431,
    -31.4959085916));
#1433 = LINE('',#1434,#1435);
#1434 = CARTESIAN_POINT('',(-87.59209482166,27.351811649948,
    -31.09590845944));
#1435 = VECTOR('',#1436,1.);
#1436 = DIRECTION('',(-0.612365940536,0.353564173058,-0.707107014816));
#1437 = ORIENTED_EDGE('',*,*,#1438,.F.);
#1438 = EDGE_CURVE('',#1439,#1429,#1441,.T.);
#1439 = VERTEX_POINT('',#1440);
#1440 = CARTESIAN_POINT('',(-87.39208854262,27.698218083416,
    -31.49590854843));
#1441 = LINE('',#1442,#1443);
#1442 = CARTESIAN_POINT('',(-87.39208854262,27.698218083416,
    -31.49590854843));
#1443 = VECTOR('',#1444,1.);
#1444 = DIRECTION('',(-0.353564490475,-0.612365845379,0.70710693851));
#1445 = ORIENTED_EDGE('',*,*,#1446,.F.);
#1446 = EDGE_CURVE('',#1431,#1439,#1447,.T.);
#1447 = LINE('',#1448,#1449);
#1448 = CARTESIAN_POINT('',(-87.93850130896,27.551817749431,
    -31.4959085916));
#1449 = VECTOR('',#1450,1.);
#1450 = DIRECTION('',(0.965930477787,0.258801684854,7.630615176687E-08)
  );
#1451 = PLANE('',#1452);
#1452 = AXIS2_PLACEMENT_3D('',#1453,#1454,#1455);
#1453 = CARTESIAN_POINT('',(-87.39208854262,27.698218083416,
    -31.49590854843));
#1454 = DIRECTION('',(-0.21131078838,0.78867912642,0.577349968618));
#1455 = DIRECTION('',(0.939078134242,3.885780586188E-16,0.343703735488)
  );
#1456 = ADVANCED_FACE('',(#1457),#1482,.T.);
#1457 = FACE_BOUND('',#1458,.T.);
#1458 = EDGE_LOOP('',(#1459,#1467,#1468,#1476));
#1459 = ORIENTED_EDGE('',*,*,#1460,.T.);
#1460 = EDGE_CURVE('',#1461,#1439,#1463,.T.);
#1461 = VERTEX_POINT('',#1462);
#1462 = CARTESIAN_POINT('',(-75.97610091225,21.106920245224,
    -31.49590419302));
#1463 = LINE('',#1464,#1465);
#1464 = CARTESIAN_POINT('',(-84.65992271084,26.120735755677,
    -31.49590750606));
#1465 = VECTOR('',#1466,1.);
#1466 = DIRECTION('',(-0.866016393126,0.500015606593,-3.304014728397E-07
    ));
#1467 = ORIENTED_EDGE('',*,*,#1438,.T.);
#1468 = ORIENTED_EDGE('',*,*,#1469,.T.);
#1469 = EDGE_CURVE('',#1429,#1470,#1472,.T.);
#1470 = VERTEX_POINT('',#1471);
#1471 = CARTESIAN_POINT('',(-76.26892656413,20.814105331942,
    -31.09590413944));
#1472 = LINE('',#1473,#1474);
#1473 = CARTESIAN_POINT('',(-84.85992902343,25.77432934158,
    -31.09590741706));
#1474 = VECTOR('',#1475,1.);
#1475 = DIRECTION('',(0.866016393126,-0.500015606593,3.304014728397E-07)
  );
#1476 = ORIENTED_EDGE('',*,*,#1477,.T.);
#1477 = EDGE_CURVE('',#1470,#1461,#1478,.T.);
#1478 = LINE('',#1479,#1480);
#1479 = CARTESIAN_POINT('',(-76.26892656413,20.814105331942,
    -31.09590413944));
#1480 = VECTOR('',#1481,1.);
#1481 = DIRECTION('',(0.508599061628,0.508580410118,-0.694746688337));
#1482 = PLANE('',#1483);
#1483 = AXIS2_PLACEMENT_3D('',#1484,#1485,#1486);
#1484 = CARTESIAN_POINT('',(-84.75992586714,25.947532548628,
    -31.29590746156));
#1485 = DIRECTION('',(0.353564302458,0.612366317261,0.707106623863));
#1486 = DIRECTION('',(0.894421630149,-2.775557561563E-16,-0.447224717029
    ));
#1487 = ADVANCED_FACE('',(#1488),#1511,.T.);
#1488 = FACE_BOUND('',#1489,.T.);
#1489 = EDGE_LOOP('',(#1490,#1496,#1497,#1505));
#1490 = ORIENTED_EDGE('',*,*,#1491,.T.);
#1491 = EDGE_CURVE('',#1110,#1431,#1492,.T.);
#1492 = LINE('',#1493,#1494);
#1493 = CARTESIAN_POINT('',(-87.93849866819,27.551812345376,
    -46.5959085916));
#1494 = VECTOR('',#1495,1.);
#1495 = DIRECTION('',(-1.74885452281E-07,3.578844384631E-07,1.));
#1496 = ORIENTED_EDGE('',*,*,#1446,.T.);
#1497 = ORIENTED_EDGE('',*,*,#1498,.T.);
#1498 = EDGE_CURVE('',#1439,#1499,#1501,.T.);
#1499 = VERTEX_POINT('',#1500);
#1500 = CARTESIAN_POINT('',(-87.39208784308,27.698216651878,
    -35.49590854843));
#1501 = LINE('',#1502,#1503);
#1502 = CARTESIAN_POINT('',(-87.39208590185,27.69821267936,
    -46.59590854843));
#1503 = VECTOR('',#1504,1.);
#1504 = DIRECTION('',(1.74885452281E-07,-3.578844384631E-07,-1.));
#1505 = ORIENTED_EDGE('',*,*,#1506,.T.);
#1506 = EDGE_CURVE('',#1499,#1110,#1507,.T.);
#1507 = LINE('',#1508,#1509);
#1508 = CARTESIAN_POINT('',(-87.39208784308,27.698216651878,
    -35.49590854843));
#1509 = VECTOR('',#1510,1.);
#1510 = DIRECTION('',(-0.788679020766,-0.211310480786,0.577350225525));
#1511 = PLANE('',#1512);
#1512 = AXIS2_PLACEMENT_3D('',#1513,#1514,#1515);
#1513 = CARTESIAN_POINT('',(-87.66529228502,27.625012512368,
    -46.59590857001));
#1514 = DIRECTION('',(-0.258801684854,0.965930477786,-3.909521363438E-07
    ));
#1515 = DIRECTION('',(-1.455837878093E-22,4.047414853703E-07,1.));
#1516 = ADVANCED_FACE('',(#1517),#1541,.T.);
#1517 = FACE_BOUND('',#1518,.T.);
#1518 = EDGE_LOOP('',(#1519,#1529,#1535));
#1519 = ORIENTED_EDGE('',*,*,#1520,.F.);
#1520 = EDGE_CURVE('',#1521,#1523,#1525,.T.);
#1521 = VERTEX_POINT('',#1522);
#1522 = CARTESIAN_POINT('',(-101.8784574534,24.043515835551,
    -35.49590977393));
#1523 = VERTEX_POINT('',#1524);
#1524 = CARTESIAN_POINT('',(-101.3320446677,24.189916203086,
    -35.49590973076));
#1525 = LINE('',#1526,#1527);
#1526 = CARTESIAN_POINT('',(-101.8784574534,24.043515835551,
    -35.49590977393));
#1527 = VECTOR('',#1528,1.);
#1528 = DIRECTION('',(0.965930465254,0.25880173163,7.630627367906E-08));
#1529 = ORIENTED_EDGE('',*,*,#1530,.F.);
#1530 = EDGE_CURVE('',#1134,#1521,#1531,.T.);
#1531 = LINE('',#1532,#1533);
#1532 = CARTESIAN_POINT('',(-101.5320507877,23.843510044948,
    -35.09590964177));
#1533 = VECTOR('',#1534,1.);
#1534 = DIRECTION('',(-0.612366255798,0.35356362703,-0.707107014815));
#1535 = ORIENTED_EDGE('',*,*,#1536,.F.);
#1536 = EDGE_CURVE('',#1523,#1134,#1537,.T.);
#1537 = LINE('',#1538,#1539);
#1538 = CARTESIAN_POINT('',(-101.3320446677,24.189916203086,
    -35.49590973076));
#1539 = VECTOR('',#1540,1.);
#1540 = DIRECTION('',(-0.353564349966,-0.612365602019,0.70710721952));
#1541 = PLANE('',#1542);
#1542 = AXIS2_PLACEMENT_3D('',#1543,#1544,#1545);
#1543 = CARTESIAN_POINT('',(-101.5320507877,23.843510044948,
    -35.09590964177));
#1544 = DIRECTION('',(-0.211310885968,0.78867933787,0.577349644053));
#1545 = DIRECTION('',(0.939078020646,5.551115123126E-17,0.343704045859)
  );
#1546 = ADVANCED_FACE('',(#1547),#1558,.T.);
#1547 = FACE_BOUND('',#1548,.T.);
#1548 = EDGE_LOOP('',(#1549,#1550,#1551,#1557));
#1549 = ORIENTED_EDGE('',*,*,#391,.T.);
#1550 = ORIENTED_EDGE('',*,*,#1158,.T.);
#1551 = ORIENTED_EDGE('',*,*,#1552,.T.);
#1552 = EDGE_CURVE('',#1150,#345,#1553,.T.);
#1553 = LINE('',#1554,#1555);
#1554 = CARTESIAN_POINT('',(-104.3297907763,3.39795485778,-35.0959028139
    ));
#1555 = VECTOR('',#1556,1.);
#1556 = DIRECTION('',(-0.612373254709,-0.353552010888,-0.707106761751));
#1557 = ORIENTED_EDGE('',*,*,#344,.T.);
#1558 = PLANE('',#1559);
#1559 = AXIS2_PLACEMENT_3D('',#1560,#1561,#1562);
#1560 = CARTESIAN_POINT('',(-91.0732324552,-19.9632209305,
    -35.29589213492));
#1561 = DIRECTION('',(-0.612373502034,-0.353551504763,0.707106800622));
#1562 = DIRECTION('',(0.755928390787,-1.110223024625E-16,0.654654311833)
  );
#1563 = ADVANCED_FACE('',(#1564),#1588,.T.);
#1564 = FACE_BOUND('',#1565,.T.);
#1565 = EDGE_LOOP('',(#1566,#1576,#1582));
#1566 = ORIENTED_EDGE('',*,*,#1567,.F.);
#1567 = EDGE_CURVE('',#1568,#1570,#1572,.T.);
#1568 = VERTEX_POINT('',#1569);
#1569 = CARTESIAN_POINT('',(-60.45822314273,-46.60708466018,
    -35.49587724538));
#1570 = VERTEX_POINT('',#1571);
#1571 = CARTESIAN_POINT('',(-60.85822314273,-47.00708466018,
    -35.49587717218));
#1572 = LINE('',#1573,#1574);
#1573 = CARTESIAN_POINT('',(-60.45822314273,-46.60708466018,
    -35.49587724538));
#1574 = VECTOR('',#1575,1.);
#1575 = DIRECTION('',(-0.707106781187,-0.707106781186,1.29399672412E-07)
  );
#1576 = ORIENTED_EDGE('',*,*,#1577,.F.);
#1577 = EDGE_CURVE('',#1175,#1568,#1578,.T.);
#1578 = LINE('',#1579,#1580);
#1579 = CARTESIAN_POINT('',(-60.85822289476,-46.60708451703,
    -35.09587731533));
#1580 = VECTOR('',#1581,1.);
#1581 = DIRECTION('',(0.707106623839,-2.530626100917E-07,-0.707106938534
    ));
#1582 = ORIENTED_EDGE('',*,*,#1583,.F.);
#1583 = EDGE_CURVE('',#1570,#1175,#1584,.T.);
#1584 = LINE('',#1585,#1586);
#1585 = CARTESIAN_POINT('',(-60.85822314273,-47.00708466018,
    -35.49587717218));
#1586 = VECTOR('',#1587,1.);
#1587 = DIRECTION('',(4.383584783227E-07,0.707107034249,0.707106528124)
  );
#1588 = PLANE('',#1589);
#1589 = AXIS2_PLACEMENT_3D('',#1590,#1591,#1592);
#1590 = CARTESIAN_POINT('',(-60.85822289476,-46.60708451703,
    -35.09587731533));
#1591 = DIRECTION('',(0.577350321182,-0.577350215528,0.577350270859));
#1592 = DIRECTION('',(0.70710675037,3.885780586188E-16,-0.707106812003)
  );
#1593 = ADVANCED_FACE('',(#1594),#1619,.T.);
#1594 = FACE_BOUND('',#1595,.T.);
#1595 = EDGE_LOOP('',(#1596,#1606,#1612,#1613));
#1596 = ORIENTED_EDGE('',*,*,#1597,.T.);
#1597 = EDGE_CURVE('',#1598,#1600,#1602,.T.);
#1598 = VERTEX_POINT('',#1599);
#1599 = CARTESIAN_POINT('',(-60.45822314273,-43.00708562951,
    -35.49587853376));
#1600 = VERTEX_POINT('',#1601);
#1601 = CARTESIAN_POINT('',(-50.44978182318,-43.00708466018,
    -35.49587678343));
#1602 = LINE('',#1603,#1604);
#1603 = CARTESIAN_POINT('',(-59.01990832109,-43.00708549021,
    -35.49587828222));
#1604 = VECTOR('',#1605,1.);
#1605 = DIRECTION('',(1.,9.685125417876E-08,1.748854187402E-07));
#1606 = ORIENTED_EDGE('',*,*,#1607,.T.);
#1607 = EDGE_CURVE('',#1600,#1191,#1608,.T.);
#1608 = LINE('',#1609,#1610);
#1609 = CARTESIAN_POINT('',(-50.44978182318,-43.00708466018,
    -35.49587678343));
#1610 = VECTOR('',#1611,1.);
#1611 = DIRECTION('',(-0.577350426077,0.577350419897,0.577349961595));
#1612 = ORIENTED_EDGE('',*,*,#1190,.T.);
#1613 = ORIENTED_EDGE('',*,*,#1614,.T.);
#1614 = EDGE_CURVE('',#1183,#1598,#1615,.T.);
#1615 = LINE('',#1616,#1617);
#1616 = CARTESIAN_POINT('',(-60.85822289475,-42.6070855251,
    -35.09587874687));
#1617 = VECTOR('',#1618,1.);
#1618 = DIRECTION('',(0.577350082873,-0.577350591499,-0.577350133196));
#1619 = PLANE('',#1620);
#1620 = AXIS2_PLACEMENT_3D('',#1621,#1622,#1623);
#1621 = CARTESIAN_POINT('',(-59.01990837543,-42.80708541863,
    -35.2958783538));
#1622 = DIRECTION('',(-5.517855569198E-08,-0.707106528124,0.707107034249
    ));
#1623 = DIRECTION('',(1.,1.049824016832E-16,7.803423398951E-08));
#1624 = ADVANCED_FACE('',(#1625),#1643,.T.);
#1625 = FACE_BOUND('',#1626,.T.);
#1626 = EDGE_LOOP('',(#1627,#1635,#1641,#1642));
#1627 = ORIENTED_EDGE('',*,*,#1628,.T.);
#1628 = EDGE_CURVE('',#1600,#1629,#1631,.T.);
#1629 = VERTEX_POINT('',#1630);
#1630 = CARTESIAN_POINT('',(-50.44978247383,-36.28905753826,
    -35.49587918771));
#1631 = LINE('',#1632,#1633);
#1632 = CARTESIAN_POINT('',(-50.44978374999,-23.1125186964,
    -35.49588390339));
#1633 = VECTOR('',#1634,1.);
#1634 = DIRECTION('',(-9.685119237942E-08,1.,-3.578844581814E-07));
#1635 = ORIENTED_EDGE('',*,*,#1636,.T.);
#1636 = EDGE_CURVE('',#1629,#1199,#1637,.T.);
#1637 = LINE('',#1638,#1639);
#1638 = CARTESIAN_POINT('',(-50.44978247383,-36.28905753826,
    -35.49587918771));
#1639 = VECTOR('',#1640,1.);
#1640 = DIRECTION('',(-0.577350332882,-0.577350081204,0.577350393483));
#1641 = ORIENTED_EDGE('',*,*,#1198,.T.);
#1642 = ORIENTED_EDGE('',*,*,#1607,.F.);
#1643 = PLANE('',#1644);
#1644 = AXIS2_PLACEMENT_3D('',#1645,#1646,#1647);
#1645 = CARTESIAN_POINT('',(-50.64978378497,-23.11251864419,
    -35.29588393837));
#1646 = DIRECTION('',(0.707106657524,3.215466944389E-07,0.707106904849)
  );
#1647 = DIRECTION('',(0.707106904849,7.423378220891E-17,-0.707106657524)
  );
#1648 = ADVANCED_FACE('',(#1649),#1683,.T.);
#1649 = FACE_BOUND('',#1650,.T.);
#1650 = EDGE_LOOP('',(#1651,#1661,#1669,#1677));
#1651 = ORIENTED_EDGE('',*,*,#1652,.T.);
#1652 = EDGE_CURVE('',#1653,#1655,#1657,.T.);
#1653 = VERTEX_POINT('',#1654);
#1654 = CARTESIAN_POINT('',(-72.14683804037,-34.5349647546,
    -31.49588360997));
#1655 = VERTEX_POINT('',#1656);
#1656 = CARTESIAN_POINT('',(-71.8041297286,-34.32855192683,
    -31.09588362391));
#1657 = LINE('',#1658,#1659);
#1658 = CARTESIAN_POINT('',(-72.14683804037,-34.5349647546,
    -31.49588360997));
#1659 = VECTOR('',#1660,1.);
#1660 = DIRECTION('',(0.605776152503,0.364858290115,0.707045741938));
#1661 = ORIENTED_EDGE('',*,*,#1662,.T.);
#1662 = EDGE_CURVE('',#1655,#1663,#1665,.T.);
#1663 = VERTEX_POINT('',#1664);
#1664 = CARTESIAN_POINT('',(-81.69463457387,-17.19769956142,
    -31.09589148448));
#1665 = LINE('',#1666,#1667);
#1666 = CARTESIAN_POINT('',(-78.51562448011,-22.70390510263,
    -31.09588895793));
#1667 = VECTOR('',#1668,1.);
#1668 = DIRECTION('',(-0.500000099362,0.866025346417,-3.973797413313E-07
    ));
#1669 = ORIENTED_EDGE('',*,*,#1670,.T.);
#1670 = EDGE_CURVE('',#1663,#1671,#1673,.T.);
#1671 = VERTEX_POINT('',#1672);
#1672 = CARTESIAN_POINT('',(-82.15651473457,-17.19769973107,
    -31.49589156526));
#1673 = LINE('',#1674,#1675);
#1674 = CARTESIAN_POINT('',(-81.69463457387,-17.19769956142,
    -31.09589148448));
#1675 = VECTOR('',#1676,1.);
#1676 = DIRECTION('',(-0.755928842259,-2.776558308178E-07,
    -0.654653790519));
#1677 = ORIENTED_EDGE('',*,*,#1678,.T.);
#1678 = EDGE_CURVE('',#1671,#1653,#1679,.T.);
#1679 = LINE('',#1680,#1681);
#1680 = CARTESIAN_POINT('',(-78.86203454872,-22.90390528553,
    -31.49588894694));
#1681 = VECTOR('',#1682,1.);
#1682 = DIRECTION('',(0.500000099362,-0.866025346417,3.973797413313E-07)
  );
#1683 = PLANE('',#1684);
#1684 = AXIS2_PLACEMENT_3D('',#1685,#1686,#1687);
#1685 = CARTESIAN_POINT('',(-78.68882951442,-22.80390519408,
    -31.29588895244));
#1686 = DIRECTION('',(-0.612372518794,-0.353553207791,0.707106800623));
#1687 = DIRECTION('',(0.755928910961,3.608224830032E-16,0.654653711189)
  );
#1688 = ADVANCED_FACE('',(#1689),#1715,.T.);
#1689 = FACE_BOUND('',#1690,.T.);
#1690 = EDGE_LOOP('',(#1691,#1701,#1709));
#1691 = ORIENTED_EDGE('',*,*,#1692,.F.);
#1692 = EDGE_CURVE('',#1693,#1695,#1697,.T.);
#1693 = VERTEX_POINT('',#1694);
#1694 = CARTESIAN_POINT('',(-50.84978324333,-36.28905596356,
    -31.09587925767));
#1695 = VERTEX_POINT('',#1696);
#1696 = CARTESIAN_POINT('',(-50.44978317337,-36.28905610672,
    -31.49587918771));
#1697 = LINE('',#1698,#1699);
#1698 = CARTESIAN_POINT('',(-50.84978324333,-36.28905596356,
    -31.09587925767));
#1699 = VECTOR('',#1700,1.);
#1700 = DIRECTION('',(0.707106904849,-2.530626665316E-07,-0.707106657524
    ));
#1701 = ORIENTED_EDGE('',*,*,#1702,.F.);
#1702 = EDGE_CURVE('',#1703,#1693,#1705,.T.);
#1703 = VERTEX_POINT('',#1704);
#1704 = CARTESIAN_POINT('',(-50.84978313463,-36.68905610672,
    -31.49587911451));
#1705 = LINE('',#1706,#1707);
#1706 = CARTESIAN_POINT('',(-50.84978313463,-36.68905610672,
    -31.49587911451));
#1707 = VECTOR('',#1708,1.);
#1708 = DIRECTION('',(-1.921468161032E-07,0.707107034249,0.707106528124)
  );
#1709 = ORIENTED_EDGE('',*,*,#1710,.F.);
#1710 = EDGE_CURVE('',#1695,#1703,#1711,.T.);
#1711 = LINE('',#1712,#1713);
#1712 = CARTESIAN_POINT('',(-50.44978317337,-36.28905610672,
    -31.49587918771));
#1713 = VECTOR('',#1714,1.);
#1714 = DIRECTION('',(-0.707106746945,-0.707106815429,1.293998042857E-07
    ));
#1715 = PLANE('',#1716);
#1716 = AXIS2_PLACEMENT_3D('',#1717,#1718,#1719);
#1717 = CARTESIAN_POINT('',(-50.84978313463,-36.68905610672,
    -31.49587911451));
#1718 = DIRECTION('',(0.577350186858,-0.577350025287,0.577350595423));
#1719 = DIRECTION('',(0.70710703138,1.942890293094E-16,-0.707106530993)
  );
#1720 = ADVANCED_FACE('',(#1721),#1748,.T.);
#1721 = FACE_BOUND('',#1722,.T.);
#1722 = EDGE_LOOP('',(#1723,#1724,#1733,#1741));
#1723 = ORIENTED_EDGE('',*,*,#1652,.F.);
#1724 = ORIENTED_EDGE('',*,*,#1725,.T.);
#1725 = EDGE_CURVE('',#1653,#1726,#1728,.T.);
#1726 = VERTEX_POINT('',#1727);
#1727 = CARTESIAN_POINT('',(-68.25100362437,-36.68905610671,
    -31.49588215773));
#1728 = CIRCLE('',#1729,4.599999903118);
#1729 = AXIS2_PLACEMENT_3D('',#1730,#1731,#1732);
#1730 = CARTESIAN_POINT('',(-68.25100362437,-32.0890562036,-31.495883804
    ));
#1731 = DIRECTION('',(-1.748854533749E-07,3.578844413144E-07,1.));
#1732 = DIRECTION('',(-0.846920639812,-0.531719314921,4.217996989059E-08
    ));
#1733 = ORIENTED_EDGE('',*,*,#1734,.T.);
#1734 = EDGE_CURVE('',#1726,#1735,#1737,.T.);
#1735 = VERTEX_POINT('',#1736);
#1736 = CARTESIAN_POINT('',(-68.25100369432,-36.28905596356,
    -31.09588230089));
#1737 = LINE('',#1738,#1739);
#1738 = CARTESIAN_POINT('',(-68.25100362437,-36.68905610671,
    -31.49588215773));
#1739 = VECTOR('',#1740,1.);
#1740 = DIRECTION('',(-1.236624918385E-07,0.707107034249,0.707106528124)
  );
#1741 = ORIENTED_EDGE('',*,*,#1742,.T.);
#1742 = EDGE_CURVE('',#1735,#1655,#1743,.T.);
#1743 = CIRCLE('',#1744,4.199999903118);
#1744 = AXIS2_PLACEMENT_3D('',#1745,#1746,#1747);
#1745 = CARTESIAN_POINT('',(-68.25100369432,-32.08905606044,
    -31.095883804));
#1746 = DIRECTION('',(1.748854533749E-07,-3.578844413144E-07,-1.));
#1747 = DIRECTION('',(-0.846920639812,-0.531719314921,4.217996989059E-08
    ));
#1748 = CONICAL_SURFACE('',#1749,4.399999903118,0.785398163397);
#1749 = AXIS2_PLACEMENT_3D('',#1750,#1751,#1752);
#1750 = CARTESIAN_POINT('',(-68.25100365935,-32.08905613202,
    -31.295883804));
#1751 = DIRECTION('',(1.748854616679E-07,-3.578844443019E-07,-1.));
#1752 = DIRECTION('',(-0.846920639812,-0.531719314921,4.217996445563E-08
    ));
#1753 = ADVANCED_FACE('',(#1754),#1770,.T.);
#1754 = FACE_BOUND('',#1755,.T.);
#1755 = EDGE_LOOP('',(#1756,#1757,#1763,#1764));
#1756 = ORIENTED_EDGE('',*,*,#1734,.F.);
#1757 = ORIENTED_EDGE('',*,*,#1758,.T.);
#1758 = EDGE_CURVE('',#1726,#1703,#1759,.T.);
#1759 = LINE('',#1760,#1761);
#1760 = CARTESIAN_POINT('',(-67.2770762698,-36.68905610671,
    -31.49588198741));
#1761 = VECTOR('',#1762,1.);
#1762 = DIRECTION('',(1.,-2.276009537682E-13,1.74885453375E-07));
#1763 = ORIENTED_EDGE('',*,*,#1702,.T.);
#1764 = ORIENTED_EDGE('',*,*,#1765,.T.);
#1765 = EDGE_CURVE('',#1693,#1735,#1766,.T.);
#1766 = LINE('',#1767,#1768);
#1767 = CARTESIAN_POINT('',(-67.27707633976,-36.28905596356,
    -31.09588213056));
#1768 = VECTOR('',#1769,1.);
#1769 = DIRECTION('',(-1.,2.276009537682E-13,-1.74885453375E-07));
#1770 = PLANE('',#1771);
#1771 = AXIS2_PLACEMENT_3D('',#1772,#1773,#1774);
#1772 = CARTESIAN_POINT('',(-67.27707630478,-36.48905603514,
    -31.29588205898));
#1773 = DIRECTION('',(-1.236628952074E-07,-0.707106528124,0.707107034249
    ));
#1774 = DIRECTION('',(1.,1.049824149181E-16,1.748856810808E-07));
#1775 = ADVANCED_FACE('',(#1776),#1792,.T.);
#1776 = FACE_BOUND('',#1777,.T.);
#1777 = EDGE_LOOP('',(#1778,#1784,#1785,#1791));
#1778 = ORIENTED_EDGE('',*,*,#1779,.T.);
#1779 = EDGE_CURVE('',#1629,#1695,#1780,.T.);
#1780 = LINE('',#1781,#1782);
#1781 = CARTESIAN_POINT('',(-50.4497805326,-36.28906151077,
    -46.59587918771));
#1782 = VECTOR('',#1783,1.);
#1783 = DIRECTION('',(-1.748854537291E-07,3.578844409713E-07,1.));
#1784 = ORIENTED_EDGE('',*,*,#1710,.T.);
#1785 = ORIENTED_EDGE('',*,*,#1786,.T.);
#1786 = EDGE_CURVE('',#1703,#1199,#1787,.T.);
#1787 = LINE('',#1788,#1789);
#1788 = CARTESIAN_POINT('',(-50.84978049386,-36.68906151077,
    -46.59587911451));
#1789 = VECTOR('',#1790,1.);
#1790 = DIRECTION('',(1.748854537291E-07,-3.578844409713E-07,-1.));
#1791 = ORIENTED_EDGE('',*,*,#1636,.F.);
#1792 = PLANE('',#1793);
#1793 = AXIS2_PLACEMENT_3D('',#1794,#1795,#1796);
#1794 = CARTESIAN_POINT('',(-50.64978051323,-36.48906151077,
    -46.59587915111));
#1795 = DIRECTION('',(0.707106815429,-0.707106746944,3.767251990884E-07)
  );
#1796 = DIRECTION('',(5.327698600388E-07,2.64697796017E-22,-1.));
#1797 = ADVANCED_FACE('',(#1798),#1824,.T.);
#1798 = FACE_BOUND('',#1799,.T.);
#1799 = EDGE_LOOP('',(#1800,#1810,#1818));
#1800 = ORIENTED_EDGE('',*,*,#1801,.F.);
#1801 = EDGE_CURVE('',#1802,#1804,#1806,.T.);
#1802 = VERTEX_POINT('',#1803);
#1803 = CARTESIAN_POINT('',(-57.91314111936,-10.1799589421,
    -31.49588983698));
#1804 = VERTEX_POINT('',#1805);
#1805 = CARTESIAN_POINT('',(-58.25955314324,-10.3799556944,
    -31.09588982599));
#1806 = LINE('',#1807,#1808);
#1807 = CARTESIAN_POINT('',(-57.91314111936,-10.1799589421,
    -31.49588983698));
#1808 = VECTOR('',#1809,1.);
#1809 = DIRECTION('',(-0.61237572791,-0.35354764941,0.707106800606));
#1810 = ORIENTED_EDGE('',*,*,#1811,.F.);
#1811 = EDGE_CURVE('',#1812,#1802,#1814,.T.);
#1812 = VERTEX_POINT('',#1813);
#1813 = CARTESIAN_POINT('',(-58.45955307328,-10.03354567602,
    -31.49588998494));
#1814 = LINE('',#1815,#1816);
#1815 = CARTESIAN_POINT('',(-58.45955307328,-10.03354567602,
    -31.49588998494));
#1816 = VECTOR('',#1817,1.);
#1817 = DIRECTION('',(0.965924666499,-0.258823373458,2.615550667327E-07)
  );
#1818 = ORIENTED_EDGE('',*,*,#1819,.F.);
#1819 = EDGE_CURVE('',#1804,#1812,#1820,.T.);
#1820 = LINE('',#1821,#1822);
#1821 = CARTESIAN_POINT('',(-58.25955314324,-10.3799556944,
    -31.09588982599));
#1822 = VECTOR('',#1823,1.);
#1823 = DIRECTION('',(-0.353553266914,0.612372182659,-0.707107062162));
#1824 = PLANE('',#1825);
#1825 = AXIS2_PLACEMENT_3D('',#1826,#1827,#1828);
#1826 = CARTESIAN_POINT('',(-58.45955307328,-10.03354567602,
    -31.49588998494));
#1827 = DIRECTION('',(0.211328614175,0.788675572265,0.577348299161));
#1828 = DIRECTION('',(0.939068454852,3.053113317719E-16,-0.343730180669)
  );
#1829 = ADVANCED_FACE('',(#1830),#1855,.T.);
#1830 = FACE_BOUND('',#1831,.T.);
#1831 = EDGE_LOOP('',(#1832,#1842,#1848,#1849));
#1832 = ORIENTED_EDGE('',*,*,#1833,.F.);
#1833 = EDGE_CURVE('',#1834,#1836,#1838,.T.);
#1834 = VERTEX_POINT('',#1835);
#1835 = CARTESIAN_POINT('',(-58.45954537319,-10.03356138276,
    -74.60379537924));
#1836 = VERTEX_POINT('',#1837);
#1837 = CARTESIAN_POINT('',(-57.91313354002,-10.17997445239,
    -74.8347354216));
#1838 = LINE('',#1839,#1840);
#1839 = CARTESIAN_POINT('',(-65.18947045388,-8.230249949353,
    -71.75940476885));
#1840 = VECTOR('',#1841,1.);
#1841 = DIRECTION('',(0.894273063958,-0.239624157849,-0.377962895077));
#1842 = ORIENTED_EDGE('',*,*,#1843,.T.);
#1843 = EDGE_CURVE('',#1834,#1812,#1844,.T.);
#1844 = LINE('',#1845,#1846);
#1845 = CARTESIAN_POINT('',(-58.45954829016,-10.03355546415,
    -58.84588977531));
#1846 = VECTOR('',#1847,1.);
#1847 = DIRECTION('',(-1.748855852325E-07,3.578843633772E-07,1.));
#1848 = ORIENTED_EDGE('',*,*,#1811,.T.);
#1849 = ORIENTED_EDGE('',*,*,#1850,.T.);
#1850 = EDGE_CURVE('',#1802,#1836,#1851,.T.);
#1851 = LINE('',#1852,#1853);
#1852 = CARTESIAN_POINT('',(-57.91313633624,-10.17996873023,
    -58.84588962735));
#1853 = VECTOR('',#1854,1.);
#1854 = DIRECTION('',(1.748855852325E-07,-3.578843633772E-07,-1.));
#1855 = PLANE('',#1856);
#1856 = AXIS2_PLACEMENT_3D('',#1857,#1858,#1859);
#1857 = CARTESIAN_POINT('',(-58.1863423132,-10.10676209719,
    -58.84588970133));
#1858 = DIRECTION('',(0.258823373458,0.965924666499,-3.004248572015E-07)
  );
#1859 = DIRECTION('',(-9.264422860594E-23,3.1102307211E-07,1.));
#1860 = ADVANCED_FACE('',(#1861),#1886,.T.);
#1861 = FACE_BOUND('',#1862,.T.);
#1862 = EDGE_LOOP('',(#1863,#1873,#1879,#1880));
#1863 = ORIENTED_EDGE('',*,*,#1864,.T.);
#1864 = EDGE_CURVE('',#1865,#1867,#1869,.T.);
#1865 = VERTEX_POINT('',#1866);
#1866 = CARTESIAN_POINT('',(-76.74069409943,-20.58794892,-31.49588940479
    ));
#1867 = VERTEX_POINT('',#1868);
#1868 = CARTESIAN_POINT('',(-76.54069727395,-20.93436073077,
    -31.09588924584));
#1869 = LINE('',#1870,#1871);
#1870 = CARTESIAN_POINT('',(-76.74069409943,-20.58794892,-31.49588940479
    ));
#1871 = VECTOR('',#1872,1.);
#1872 = DIRECTION('',(0.353547778778,-0.612375351187,0.707107062177));
#1873 = ORIENTED_EDGE('',*,*,#1874,.T.);
#1874 = EDGE_CURVE('',#1867,#1804,#1875,.T.);
#1875 = LINE('',#1876,#1877);
#1876 = CARTESIAN_POINT('',(-72.25271833874,-18.45874617699,
    -31.09588938192));
#1877 = VECTOR('',#1878,1.);
#1878 = DIRECTION('',(0.866029884796,0.499992238581,-2.748341392734E-08)
  );
#1879 = ORIENTED_EDGE('',*,*,#1819,.T.);
#1880 = ORIENTED_EDGE('',*,*,#1881,.T.);
#1881 = EDGE_CURVE('',#1812,#1865,#1882,.T.);
#1882 = LINE('',#1883,#1884);
#1883 = CARTESIAN_POINT('',(-72.45271516422,-18.11233436623,
    -31.49588954087));
#1884 = VECTOR('',#1885,1.);
#1885 = DIRECTION('',(-0.866029884796,-0.499992238581,2.748341392734E-08
    ));
#1886 = PLANE('',#1887);
#1887 = AXIS2_PLACEMENT_3D('',#1888,#1889,#1890);
#1888 = CARTESIAN_POINT('',(-72.35271675148,-18.28554027161,
    -31.29588946139));
#1889 = DIRECTION('',(-0.353548026104,0.612375857312,0.707106500196));
#1890 = DIRECTION('',(0.894429834149,-3.053113317719E-16,0.447208309164)
  );
#1891 = ADVANCED_FACE('',(#1892),#1919,.F.);
#1892 = FACE_BOUND('',#1893,.F.);
#1893 = EDGE_LOOP('',(#1894,#1903,#1904,#1913));
#1894 = ORIENTED_EDGE('',*,*,#1895,.F.);
#1895 = EDGE_CURVE('',#1865,#1896,#1898,.T.);
#1896 = VERTEX_POINT('',#1897);
#1897 = CARTESIAN_POINT('',(-77.42370499998,-20.404930376,
    -31.49588958974));
#1898 = CIRCLE('',#1899,0.5);
#1899 = AXIS2_PLACEMENT_3D('',#1900,#1901,#1902);
#1900 = CARTESIAN_POINT('',(-76.99069021872,-20.15493397761,
    -31.49588960348));
#1901 = DIRECTION('',(1.748854533749E-07,-3.578844413144E-07,-1.));
#1902 = DIRECTION('',(-0.258827701808,-0.96592350669,3.004237945676E-07)
  );
#1903 = ORIENTED_EDGE('',*,*,#1864,.T.);
#1904 = ORIENTED_EDGE('',*,*,#1905,.F.);
#1905 = EDGE_CURVE('',#1906,#1867,#1908,.T.);
#1906 = VERTEX_POINT('',#1907);
#1907 = CARTESIAN_POINT('',(-77.77011689495,-20.60492735155,
    -31.09588957875));
#1908 = CIRCLE('',#1909,0.9);
#1909 = AXIS2_PLACEMENT_3D('',#1910,#1911,#1912);
#1910 = CARTESIAN_POINT('',(-76.99069028867,-20.15493383445,
    -31.09588960348));
#1911 = DIRECTION('',(-1.748854533749E-07,3.578844413144E-07,1.));
#1912 = DIRECTION('',(-0.258827701808,-0.96592350669,3.004237945676E-07)
  );
#1913 = ORIENTED_EDGE('',*,*,#1914,.F.);
#1914 = EDGE_CURVE('',#1896,#1906,#1915,.T.);
#1915 = LINE('',#1916,#1917);
#1916 = CARTESIAN_POINT('',(-77.42370499998,-20.404930376,
    -31.49588958974));
#1917 = VECTOR('',#1918,1.);
#1918 = DIRECTION('',(-0.612375500032,-0.353548044085,0.707106800621));
#1919 = CONICAL_SURFACE('',#1920,0.7,0.785398163397);
#1920 = AXIS2_PLACEMENT_3D('',#1921,#1922,#1923);
#1921 = CARTESIAN_POINT('',(-76.9906902537,-20.15493390603,
    -31.29588960348));
#1922 = DIRECTION('',(-1.748854616677E-07,3.578844443017E-07,1.));
#1923 = DIRECTION('',(-0.258827701808,-0.96592350669,3.004237953067E-07)
  );
#1924 = ADVANCED_FACE('',(#1925),#1950,.T.);
#1925 = FACE_BOUND('',#1926,.T.);
#1926 = EDGE_LOOP('',(#1927,#1937,#1943,#1944));
#1927 = ORIENTED_EDGE('',*,*,#1928,.T.);
#1928 = EDGE_CURVE('',#1929,#1931,#1933,.T.);
#1929 = VERTEX_POINT('',#1930);
#1930 = CARTESIAN_POINT('',(-79.84990261259,-16.20254586519,
    -31.49589151801));
#1931 = VERTEX_POINT('',#1932);
#1932 = CARTESIAN_POINT('',(-80.19631463646,-16.40254261747,
    -31.09589150702));
#1933 = LINE('',#1934,#1935);
#1934 = CARTESIAN_POINT('',(-79.84990261259,-16.20254586519,
    -31.49589151801));
#1935 = VECTOR('',#1936,1.);
#1936 = DIRECTION('',(-0.612375727912,-0.353547649379,0.70710680062));
#1937 = ORIENTED_EDGE('',*,*,#1938,.T.);
#1938 = EDGE_CURVE('',#1931,#1906,#1939,.T.);
#1939 = LINE('',#1940,#1941);
#1940 = CARTESIAN_POINT('',(-79.34515336849,-17.87682769223,
    -31.09589083054));
#1941 = VECTOR('',#1942,1.);
#1942 = DIRECTION('',(0.499992238581,-0.866029884795,3.973799908098E-07)
  );
#1943 = ORIENTED_EDGE('',*,*,#1914,.F.);
#1944 = ORIENTED_EDGE('',*,*,#1945,.T.);
#1945 = EDGE_CURVE('',#1896,#1929,#1946,.T.);
#1946 = LINE('',#1947,#1948);
#1947 = CARTESIAN_POINT('',(-78.99874134462,-17.67683093995,
    -31.49589084153));
#1948 = VECTOR('',#1949,1.);
#1949 = DIRECTION('',(-0.499992238581,0.866029884795,-3.973799908098E-07
    ));
#1950 = PLANE('',#1951);
#1951 = AXIS2_PLACEMENT_3D('',#1952,#1953,#1954);
#1952 = CARTESIAN_POINT('',(-79.17194735656,-17.77682931609,
    -31.29589083604));
#1953 = DIRECTION('',(0.612375480587,0.353548155504,0.707106761753));
#1954 = DIRECTION('',(0.755927326247,0.,-0.654655541055));
#1955 = ADVANCED_FACE('',(#1956),#1983,.T.);
#1956 = FACE_BOUND('',#1957,.T.);
#1957 = EDGE_LOOP('',(#1958,#1968,#1975,#1976));
#1958 = ORIENTED_EDGE('',*,*,#1959,.T.);
#1959 = EDGE_CURVE('',#1960,#1962,#1964,.T.);
#1960 = VERTEX_POINT('',#1961);
#1961 = CARTESIAN_POINT('',(-81.58195790117,-16.20253810377,
    -31.49589182093));
#1962 = VERTEX_POINT('',#1963);
#1963 = CARTESIAN_POINT('',(-81.23554780961,-16.40253796062,
    -31.09589168877));
#1964 = LINE('',#1965,#1966);
#1965 = CARTESIAN_POINT('',(-81.58195790117,-16.20253810377,
    -31.49589182093));
#1966 = VECTOR('',#1967,1.);
#1967 = DIRECTION('',(0.612372312033,-0.35355313753,0.707107014813));
#1968 = ORIENTED_EDGE('',*,*,#1969,.T.);
#1969 = EDGE_CURVE('',#1962,#1931,#1970,.T.);
#1970 = CIRCLE('',#1971,0.6);
#1971 = AXIS2_PLACEMENT_3D('',#1972,#1973,#1974);
#1972 = CARTESIAN_POINT('',(-80.71593256733,-16.70253796062,
    -31.09589149053));
#1973 = DIRECTION('',(1.748854533749E-07,-3.578844413144E-07,-1.));
#1974 = DIRECTION('',(4.481045754736E-06,0.99999999999,
    -3.578836576411E-07));
#1975 = ORIENTED_EDGE('',*,*,#1928,.F.);
#1976 = ORIENTED_EDGE('',*,*,#1977,.T.);
#1977 = EDGE_CURVE('',#1929,#1960,#1978,.T.);
#1978 = CIRCLE('',#1979,1.);
#1979 = AXIS2_PLACEMENT_3D('',#1980,#1981,#1982);
#1980 = CARTESIAN_POINT('',(-80.71593249738,-16.70253810377,
    -31.49589149053));
#1981 = DIRECTION('',(-1.748854533749E-07,3.578844413144E-07,1.));
#1982 = DIRECTION('',(4.481045754736E-06,0.99999999999,
    -3.578836576411E-07));
#1983 = CONICAL_SURFACE('',#1984,0.8,0.785398163397);
#1984 = AXIS2_PLACEMENT_3D('',#1985,#1986,#1987);
#1985 = CARTESIAN_POINT('',(-80.71593253236,-16.7025380322,
    -31.29589149053));
#1986 = DIRECTION('',(1.748854394633E-07,-3.578844387507E-07,-1.));
#1987 = DIRECTION('',(4.481045754736E-06,0.99999999999,
    -3.578836550774E-07));
#1988 = ADVANCED_FACE('',(#1989),#2005,.T.);
#1989 = FACE_BOUND('',#1990,.T.);
#1990 = EDGE_LOOP('',(#1991,#1997,#1998,#2004));
#1991 = ORIENTED_EDGE('',*,*,#1992,.T.);
#1992 = EDGE_CURVE('',#1663,#1962,#1993,.T.);
#1993 = LINE('',#1994,#1995);
#1994 = CARTESIAN_POINT('',(-80.93019341388,-15.87364863292,
    -31.09589182465));
#1995 = VECTOR('',#1996,1.);
#1996 = DIRECTION('',(0.5,0.866025403785,-2.224942911101E-07));
#1997 = ORIENTED_EDGE('',*,*,#1959,.F.);
#1998 = ORIENTED_EDGE('',*,*,#1999,.T.);
#1999 = EDGE_CURVE('',#1960,#1671,#2000,.T.);
#2000 = LINE('',#2001,#2002);
#2001 = CARTESIAN_POINT('',(-81.27660350544,-15.67364877607,
    -31.49589195681));
#2002 = VECTOR('',#2003,1.);
#2003 = DIRECTION('',(-0.5,-0.866025403785,2.224942911101E-07));
#2004 = ORIENTED_EDGE('',*,*,#1670,.F.);
#2005 = PLANE('',#2006);
#2006 = AXIS2_PLACEMENT_3D('',#2007,#2008,#2009);
#2007 = CARTESIAN_POINT('',(-81.10339845966,-15.77364870449,
    -31.29589189073));
#2008 = DIRECTION('',(-0.612372559359,0.353553643656,0.70710654756));
#2009 = DIRECTION('',(0.755928773557,2.22044604925E-16,0.654653869849));
#2010 = ADVANCED_FACE('',(#2011),#2036,.T.);
#2011 = FACE_BOUND('',#2012,.T.);
#2012 = EDGE_LOOP('',(#2013,#2021,#2022,#2030));
#2013 = ORIENTED_EDGE('',*,*,#2014,.T.);
#2014 = EDGE_CURVE('',#2015,#1802,#2017,.T.);
#2015 = VERTEX_POINT('',#2016);
#2016 = CARTESIAN_POINT('',(-50.44978445008,-23.10687188829,
    -31.49588390541));
#2017 = LINE('',#2018,#2019);
#2018 = CARTESIAN_POINT('',(-58.85571185092,-8.547378545305,
    -31.4958905861));
#2019 = VECTOR('',#2020,1.);
#2020 = DIRECTION('',(-0.5,0.866025403784,-3.97379744485E-07));
#2021 = ORIENTED_EDGE('',*,*,#1801,.T.);
#2022 = ORIENTED_EDGE('',*,*,#2023,.T.);
#2023 = EDGE_CURVE('',#1804,#2024,#2026,.T.);
#2024 = VERTEX_POINT('',#2025);
#2025 = CARTESIAN_POINT('',(-50.84978450966,-23.21405144009,
    -31.09588393701));
#2026 = LINE('',#2027,#2028);
#2027 = CARTESIAN_POINT('',(-59.20212208239,-8.747378402151,
    -31.09589057511));
#2028 = VECTOR('',#2029,1.);
#2029 = DIRECTION('',(0.5,-0.866025403784,3.97379744485E-07));
#2030 = ORIENTED_EDGE('',*,*,#2031,.T.);
#2031 = EDGE_CURVE('',#2024,#2015,#2032,.T.);
#2032 = LINE('',#2033,#2034);
#2033 = CARTESIAN_POINT('',(-50.84978450966,-23.21405144009,
    -31.09588393701));
#2034 = VECTOR('',#2035,1.);
#2035 = DIRECTION('',(0.694746698742,0.186156571734,-0.694746540392));
#2036 = PLANE('',#2037);
#2037 = AXIS2_PLACEMENT_3D('',#2038,#2039,#2040);
#2038 = CARTESIAN_POINT('',(-59.02891696666,-8.647378473728,
    -31.2958905806));
#2039 = DIRECTION('',(0.612372312033,0.353553643656,0.70710676175));
#2040 = DIRECTION('',(0.755929002536,2.498001805407E-16,-0.654653605448)
  );
#2041 = ADVANCED_FACE('',(#2042),#2058,.T.);
#2042 = FACE_BOUND('',#2043,.T.);
#2043 = EDGE_LOOP('',(#2044,#2050,#2051,#2057));
#2044 = ORIENTED_EDGE('',*,*,#2045,.T.);
#2045 = EDGE_CURVE('',#2024,#1693,#2046,.T.);
#2046 = LINE('',#2047,#2048);
#2047 = CARTESIAN_POINT('',(-50.84978354888,-33.13418982025,
    -31.09588038674));
#2048 = VECTOR('',#2049,1.);
#2049 = DIRECTION('',(9.685119237942E-08,-1.,3.578844582523E-07));
#2050 = ORIENTED_EDGE('',*,*,#1692,.T.);
#2051 = ORIENTED_EDGE('',*,*,#2052,.T.);
#2052 = EDGE_CURVE('',#1695,#2015,#2053,.T.);
#2053 = LINE('',#2054,#2055);
#2054 = CARTESIAN_POINT('',(-50.44978347892,-33.13418992466,
    -31.49588031679));
#2055 = VECTOR('',#2056,1.);
#2056 = DIRECTION('',(-9.685119237942E-08,1.,-3.578844582523E-07));
#2057 = ORIENTED_EDGE('',*,*,#2031,.F.);
#2058 = PLANE('',#2059);
#2059 = AXIS2_PLACEMENT_3D('',#2060,#2061,#2062);
#2060 = CARTESIAN_POINT('',(-50.6497835139,-33.13418987246,
    -31.29588035177));
#2061 = DIRECTION('',(0.707106657524,3.21546694489E-07,0.707106904849));
#2062 = DIRECTION('',(0.707106904849,7.423372926935E-17,-0.707106657524)
  );
#2063 = ADVANCED_FACE('',(#2064),#2075,.T.);
#2064 = FACE_BOUND('',#2065,.T.);
#2065 = EDGE_LOOP('',(#2066,#2067,#2068,#2074));
#2066 = ORIENTED_EDGE('',*,*,#1182,.T.);
#2067 = ORIENTED_EDGE('',*,*,#1577,.T.);
#2068 = ORIENTED_EDGE('',*,*,#2069,.T.);
#2069 = EDGE_CURVE('',#1568,#1598,#2070,.T.);
#2070 = LINE('',#2071,#2072);
#2071 = CARTESIAN_POINT('',(-60.45822314272,-24.11252252896,
    -35.49588529583));
#2072 = VECTOR('',#2073,1.);
#2073 = DIRECTION('',(4.495328058767E-13,1.,-3.578844412434E-07));
#2074 = ORIENTED_EDGE('',*,*,#1614,.F.);
#2075 = PLANE('',#2076);
#2076 = AXIS2_PLACEMENT_3D('',#2077,#2078,#2079);
#2077 = CARTESIAN_POINT('',(-60.65822301873,-24.11252245738,
    -35.29588533081));
#2078 = DIRECTION('',(0.707106938534,2.530621411043E-07,0.707106623839)
  );
#2079 = DIRECTION('',(0.707106623839,7.423391455781E-17,-0.707106938534)
  );
#2080 = ADVANCED_FACE('',(#2081),#2092,.T.);
#2081 = FACE_BOUND('',#2082,.T.);
#2082 = EDGE_LOOP('',(#2083,#2084,#2085,#2091));
#2083 = ORIENTED_EDGE('',*,*,#375,.F.);
#2084 = ORIENTED_EDGE('',*,*,#273,.T.);
#2085 = ORIENTED_EDGE('',*,*,#2086,.T.);
#2086 = EDGE_CURVE('',#266,#1166,#2087,.T.);
#2087 = LINE('',#2088,#2089);
#2088 = CARTESIAN_POINT('',(-66.4532078874,-47.00708466018,
    -35.49587815066));
#2089 = VECTOR('',#2090,1.);
#2090 = DIRECTION('',(-1.236626645483E-07,0.707107034247,0.707106528126)
  );
#2091 = ORIENTED_EDGE('',*,*,#1165,.T.);
#2092 = CONICAL_SURFACE('',#2093,15.8,0.785398163395);
#2093 = AXIS2_PLACEMENT_3D('',#2094,#2095,#2096);
#2094 = CARTESIAN_POINT('',(-66.45320792237,-31.00708458861,
    -35.29588387681));
#2095 = DIRECTION('',(1.748854616667E-07,-3.578844442995E-07,-1.));
#2096 = DIRECTION('',(-0.500006606844,-0.866021589287,2.224917689592E-07
    ));
#2097 = ADVANCED_FACE('',(#2098),#2109,.T.);
#2098 = FACE_BOUND('',#2099,.T.);
#2099 = EDGE_LOOP('',(#2100,#2101,#2107,#2108));
#2100 = ORIENTED_EDGE('',*,*,#2086,.F.);
#2101 = ORIENTED_EDGE('',*,*,#2102,.T.);
#2102 = EDGE_CURVE('',#266,#1570,#2103,.T.);
#2103 = LINE('',#2104,#2105);
#2104 = CARTESIAN_POINT('',(-72.29491113025,-47.00708466018,
    -35.49587917229));
#2105 = VECTOR('',#2106,1.);
#2106 = DIRECTION('',(1.,3.121895529155E-14,1.748854534017E-07));
#2107 = ORIENTED_EDGE('',*,*,#1583,.T.);
#2108 = ORIENTED_EDGE('',*,*,#1174,.T.);
#2109 = PLANE('',#2110);
#2110 = AXIS2_PLACEMENT_3D('',#2111,#2112,#2113);
#2111 = CARTESIAN_POINT('',(-72.29491116523,-46.80708458861,
    -35.29587924387));
#2112 = DIRECTION('',(-1.236627122131E-07,-0.707106528124,0.707107034249
    ));
#2113 = DIRECTION('',(1.,1.049822958041E-16,1.748854222878E-07));
#2114 = ADVANCED_FACE('',(#2115),#2140,.T.);
#2115 = FACE_BOUND('',#2116,.T.);
#2116 = EDGE_LOOP('',(#2117,#2125,#2126,#2134));
#2117 = ORIENTED_EDGE('',*,*,#2118,.F.);
#2118 = EDGE_CURVE('',#716,#2119,#2121,.T.);
#2119 = VERTEX_POINT('',#2120);
#2120 = CARTESIAN_POINT('',(-50.44965771076,-23.10709289153,
    -58.49588390531));
#2121 = LINE('',#2122,#2123);
#2122 = CARTESIAN_POINT('',(-58.23989267154,-9.61401087833,
    -71.98897693884));
#2123 = VECTOR('',#2124,1.);
#2124 = DIRECTION('',(-0.37796435852,0.654653436418,-0.654653971099));
#2125 = ORIENTED_EDGE('',*,*,#715,.T.);
#2126 = ORIENTED_EDGE('',*,*,#2127,.T.);
#2127 = EDGE_CURVE('',#707,#2128,#2130,.T.);
#2128 = VERTEX_POINT('',#2129);
#2129 = CARTESIAN_POINT('',(-36.99977956553,-23.10709289153,
    -58.49588155312));
#2130 = LINE('',#2131,#2132);
#2131 = CARTESIAN_POINT('',(-36.99977963548,-23.50709274837,
    -58.09588140997));
#2132 = VECTOR('',#2133,1.);
#2133 = DIRECTION('',(1.236627036525E-07,0.707106528124,-0.707107034249)
  );
#2134 = ORIENTED_EDGE('',*,*,#2135,.T.);
#2135 = EDGE_CURVE('',#2128,#2119,#2136,.T.);
#2136 = LINE('',#2137,#2138);
#2137 = CARTESIAN_POINT('',(-71.99750482824,-23.10709289153,
    -58.49588767372));
#2138 = VECTOR('',#2139,1.);
#2139 = DIRECTION('',(-1.,-3.037241026866E-14,-1.74885453495E-07));
#2140 = PLANE('',#2141);
#2141 = AXIS2_PLACEMENT_3D('',#2142,#2143,#2144);
#2142 = CARTESIAN_POINT('',(-71.99750486322,-23.30709281995,
    -58.29588760214));
#2143 = DIRECTION('',(-1.236626673168E-07,0.707107034249,0.707106528124)
  );
#2144 = DIRECTION('',(1.,1.049820443412E-16,1.748854837625E-07));
#2145 = ADVANCED_FACE('',(#2146),#2165,.T.);
#2146 = FACE_BOUND('',#2147,.T.);
#2147 = EDGE_LOOP('',(#2148,#2156,#2163,#2164));
#2148 = ORIENTED_EDGE('',*,*,#2149,.T.);
#2149 = EDGE_CURVE('',#699,#2150,#2152,.T.);
#2150 = VERTEX_POINT('',#2151);
#2151 = CARTESIAN_POINT('',(-34.99977956553,-25.10709289153,
    -58.49588048758));
#2152 = LINE('',#2153,#2154);
#2153 = CARTESIAN_POINT('',(-35.39977963548,-25.10709274837,
    -58.09588055754));
#2154 = VECTOR('',#2155,1.);
#2155 = DIRECTION('',(0.70710690485,-2.530624938216E-07,-0.707106657523)
  );
#2156 = ORIENTED_EDGE('',*,*,#2157,.T.);
#2157 = EDGE_CURVE('',#2150,#2128,#2158,.T.);
#2158 = CIRCLE('',#2159,2.);
#2159 = AXIS2_PLACEMENT_3D('',#2160,#2161,#2162);
#2160 = CARTESIAN_POINT('',(-36.99977956553,-25.10709289153,
    -58.49588083735));
#2161 = DIRECTION('',(-1.74885453495E-07,3.578844414051E-07,1.));
#2162 = DIRECTION('',(0.707106781187,0.707106781187,-1.293998253015E-07)
  );
#2163 = ORIENTED_EDGE('',*,*,#2127,.F.);
#2164 = ORIENTED_EDGE('',*,*,#706,.T.);
#2165 = CONICAL_SURFACE('',#2166,1.8,0.785398163398);
#2166 = AXIS2_PLACEMENT_3D('',#2167,#2168,#2169);
#2167 = CARTESIAN_POINT('',(-36.9997796005,-25.10709281995,
    -58.29588083735));
#2168 = DIRECTION('',(1.748854505658E-07,-3.578844443024E-07,-1.));
#2169 = DIRECTION('',(0.707106781187,0.707106781187,-1.293998294214E-07)
  );
#2170 = ADVANCED_FACE('',(#2171),#2189,.T.);
#2171 = FACE_BOUND('',#2172,.T.);
#2172 = EDGE_LOOP('',(#2173,#2181,#2187,#2188));
#2173 = ORIENTED_EDGE('',*,*,#2174,.T.);
#2174 = EDGE_CURVE('',#690,#2175,#2177,.T.);
#2175 = VERTEX_POINT('',#2176);
#2176 = CARTESIAN_POINT('',(-34.99977956553,-46.00709289152,
    -58.4958730078));
#2177 = LINE('',#2178,#2179);
#2178 = CARTESIAN_POINT('',(-35.39977963548,-46.00709274837,
    -58.09587307775));
#2179 = VECTOR('',#2180,1.);
#2180 = DIRECTION('',(0.707106904849,-2.530624781206E-07,-0.707106657524
    ));
#2181 = ORIENTED_EDGE('',*,*,#2182,.T.);
#2182 = EDGE_CURVE('',#2175,#2150,#2183,.T.);
#2183 = LINE('',#2184,#2185);
#2184 = CARTESIAN_POINT('',(-34.99977956553,-21.82436789315,
    -58.49588166242));
#2185 = VECTOR('',#2186,1.);
#2186 = DIRECTION('',(3.16796571903E-14,1.,-3.578844414051E-07));
#2187 = ORIENTED_EDGE('',*,*,#2149,.F.);
#2188 = ORIENTED_EDGE('',*,*,#698,.T.);
#2189 = PLANE('',#2190);
#2190 = AXIS2_PLACEMENT_3D('',#2191,#2192,#2193);
#2191 = CARTESIAN_POINT('',(-35.1997796005,-21.82436782157,
    -58.2958816974));
#2192 = DIRECTION('',(0.707106657524,2.530625372547E-07,0.707106904849)
  );
#2193 = DIRECTION('',(0.707106904849,7.423383514847E-17,-0.707106657524)
  );
#2194 = ADVANCED_FACE('',(#2195),#2214,.T.);
#2195 = FACE_BOUND('',#2196,.T.);
#2196 = EDGE_LOOP('',(#2197,#2205,#2212,#2213));
#2197 = ORIENTED_EDGE('',*,*,#2198,.T.);
#2198 = EDGE_CURVE('',#680,#2199,#2201,.T.);
#2199 = VERTEX_POINT('',#2200);
#2200 = CARTESIAN_POINT('',(-35.99977956553,-47.00709289152,
    -58.4958728248));
#2201 = LINE('',#2202,#2203);
#2202 = CARTESIAN_POINT('',(-35.99977963548,-46.60709274837,
    -58.09587296795));
#2203 = VECTOR('',#2204,1.);
#2204 = DIRECTION('',(1.236626645485E-07,-0.707107034248,-0.707106528125
    ));
#2205 = ORIENTED_EDGE('',*,*,#2206,.T.);
#2206 = EDGE_CURVE('',#2199,#2175,#2207,.T.);
#2207 = CIRCLE('',#2208,1.);
#2208 = AXIS2_PLACEMENT_3D('',#2209,#2210,#2211);
#2209 = CARTESIAN_POINT('',(-35.99977956553,-46.00709289152,
    -58.49587318269));
#2210 = DIRECTION('',(-1.74885453495E-07,3.578844414051E-07,1.));
#2211 = DIRECTION('',(0.707106781187,-0.707106781186,3.767252054959E-07)
  );
#2212 = ORIENTED_EDGE('',*,*,#2174,.F.);
#2213 = ORIENTED_EDGE('',*,*,#689,.T.);
#2214 = CONICAL_SURFACE('',#2215,0.8,0.785398163396);
#2215 = AXIS2_PLACEMENT_3D('',#2216,#2217,#2218);
#2216 = CARTESIAN_POINT('',(-35.9997796005,-46.00709281995,
    -58.29587318268));
#2217 = DIRECTION('',(1.748854505652E-07,-3.578844331987E-07,-1.));
#2218 = DIRECTION('',(0.707106781187,-0.707106781186,3.767251976214E-07)
  );
#2219 = ADVANCED_FACE('',(#2220),#2238,.T.);
#2220 = FACE_BOUND('',#2221,.T.);
#2221 = EDGE_LOOP('',(#2222,#2223,#2224,#2232));
#2222 = ORIENTED_EDGE('',*,*,#2198,.F.);
#2223 = ORIENTED_EDGE('',*,*,#679,.T.);
#2224 = ORIENTED_EDGE('',*,*,#2225,.T.);
#2225 = EDGE_CURVE('',#682,#2226,#2228,.T.);
#2226 = VERTEX_POINT('',#2227);
#2227 = CARTESIAN_POINT('',(-47.97295431221,-47.00709289152,
    -58.49587491873));
#2228 = LINE('',#2229,#2230);
#2229 = CARTESIAN_POINT('',(-47.97295438217,-46.60709274837,
    -58.09587506189));
#2230 = VECTOR('',#2231,1.);
#2231 = DIRECTION('',(1.236626488478E-07,-0.707107034249,-0.707106528124
    ));
#2232 = ORIENTED_EDGE('',*,*,#2233,.T.);
#2233 = EDGE_CURVE('',#2226,#2199,#2234,.T.);
#2234 = LINE('',#2235,#2236);
#2235 = CARTESIAN_POINT('',(-82.99750482824,-47.00709289153,
    -58.49588104402));
#2236 = VECTOR('',#2237,1.);
#2237 = DIRECTION('',(1.,3.121895532493E-14,1.74885453495E-07));
#2238 = PLANE('',#2239);
#2239 = AXIS2_PLACEMENT_3D('',#2240,#2241,#2242);
#2240 = CARTESIAN_POINT('',(-82.99750486322,-46.80709281995,
    -58.29588111559));
#2241 = DIRECTION('',(-1.23662712279E-07,-0.707106528124,0.707107034249)
  );
#2242 = DIRECTION('',(1.,1.049823752134E-16,1.748854223811E-07));
#2243 = ADVANCED_FACE('',(#2244),#2271,.F.);
#2244 = FACE_BOUND('',#2245,.F.);
#2245 = EDGE_LOOP('',(#2246,#2255,#2263,#2270));
#2246 = ORIENTED_EDGE('',*,*,#2247,.F.);
#2247 = EDGE_CURVE('',#2248,#2226,#2250,.T.);
#2248 = VERTEX_POINT('',#2249);
#2249 = CARTESIAN_POINT('',(-52.4984398381,-47.00709222066,
    -56.6213573113));
#2250 = CIRCLE('',#2251,6.4);
#2251 = AXIS2_PLACEMENT_3D('',#2252,#2253,#2254);
#2252 = CARTESIAN_POINT('',(-47.97295543148,-47.00709060106,
    -52.09587491873));
#2253 = DIRECTION('',(-3.136982107644E-14,-1.,3.578844046967E-07));
#2254 = DIRECTION('',(-0.382683454371,-3.306420612374E-07,
    -0.923879523396));
#2255 = ORIENTED_EDGE('',*,*,#2256,.F.);
#2256 = EDGE_CURVE('',#2257,#2248,#2259,.T.);
#2257 = VERTEX_POINT('',#2258);
#2258 = CARTESIAN_POINT('',(-52.21559706269,-46.60709211946,
    -56.33851480492));
#2259 = LINE('',#2260,#2261);
#2260 = CARTESIAN_POINT('',(-52.21559706269,-46.60709211946,
    -56.33851480492));
#2261 = VECTOR('',#2262,1.);
#2262 = DIRECTION('',(-0.500000111273,-0.707106960113,-0.499999635687));
#2263 = ORIENTED_EDGE('',*,*,#2264,.F.);
#2264 = EDGE_CURVE('',#682,#2257,#2265,.T.);
#2265 = CIRCLE('',#2266,6.);
#2266 = AXIS2_PLACEMENT_3D('',#2267,#2268,#2269);
#2267 = CARTESIAN_POINT('',(-47.97295543148,-46.60709060108,
    -52.09587506189));
#2268 = DIRECTION('',(3.136982107644E-14,1.,-3.578844046967E-07));
#2269 = DIRECTION('',(-0.382683454371,-3.306420612374E-07,
    -0.923879523396));
#2270 = ORIENTED_EDGE('',*,*,#2225,.T.);
#2271 = CONICAL_SURFACE('',#2272,6.2,0.785398163421);
#2272 = AXIS2_PLACEMENT_3D('',#2273,#2274,#2275);
#2273 = CARTESIAN_POINT('',(-47.97295543148,-46.80709060107,
    -52.09587499031));
#2274 = DIRECTION('',(-2.209947812431E-14,-1.,3.578844110115E-07));
#2275 = DIRECTION('',(-0.382683454371,-3.306420706192E-07,
    -0.923879523396));
#2276 = ADVANCED_FACE('',(#2277),#2302,.T.);
#2277 = FACE_BOUND('',#2278,.T.);
#2278 = EDGE_LOOP('',(#2279,#2280,#2288,#2296));
#2279 = ORIENTED_EDGE('',*,*,#2256,.F.);
#2280 = ORIENTED_EDGE('',*,*,#2281,.T.);
#2281 = EDGE_CURVE('',#2257,#2282,#2284,.T.);
#2282 = VERTEX_POINT('',#2283);
#2283 = CARTESIAN_POINT('',(-58.70087104437,-46.60708979846,
    -49.85323793699));
#2284 = LINE('',#2285,#2286);
#2285 = CARTESIAN_POINT('',(-43.09361422483,-46.60709538406,
    -65.46050170248));
#2286 = VECTOR('',#2287,1.);
#2287 = DIRECTION('',(-0.707106623839,2.53062567936E-07,0.707106938534)
  );
#2288 = ORIENTED_EDGE('',*,*,#2289,.T.);
#2289 = EDGE_CURVE('',#2282,#2290,#2292,.T.);
#2290 = VERTEX_POINT('',#2291);
#2291 = CARTESIAN_POINT('',(-58.98371381978,-47.00708989968,
    -50.13608044337));
#2292 = LINE('',#2293,#2294);
#2293 = CARTESIAN_POINT('',(-58.70087104437,-46.60708979846,
    -49.85323793699));
#2294 = VECTOR('',#2295,1.);
#2295 = DIRECTION('',(-0.500000111262,-0.707106960129,-0.499999635676));
#2296 = ORIENTED_EDGE('',*,*,#2297,.T.);
#2297 = EDGE_CURVE('',#2290,#2248,#2298,.T.);
#2298 = LINE('',#2299,#2300);
#2299 = CARTESIAN_POINT('',(-43.37645700025,-47.00709548528,
    -65.74334420886));
#2300 = VECTOR('',#2301,1.);
#2301 = DIRECTION('',(0.707106623839,-2.53062567936E-07,-0.707106938534)
  );
#2302 = PLANE('',#2303);
#2303 = AXIS2_PLACEMENT_3D('',#2304,#2305,#2306);
#2304 = CARTESIAN_POINT('',(-43.23503561254,-46.80709543467,
    -65.60192295567));
#2305 = DIRECTION('',(0.500000111261,-0.707106602244,0.500000141801));
#2306 = DIRECTION('',(0.707106802781,0.,-0.707106759592));
#2307 = ADVANCED_FACE('',(#2308),#2335,.F.);
#2308 = FACE_BOUND('',#2309,.F.);
#2309 = EDGE_LOOP('',(#2310,#2319,#2327,#2334));
#2310 = ORIENTED_EDGE('',*,*,#2311,.F.);
#2311 = EDGE_CURVE('',#2312,#2290,#2314,.T.);
#2312 = VERTEX_POINT('',#2313);
#2313 = CARTESIAN_POINT('',(-60.85822941316,-47.00708828008,
    -45.61059408324));
#2314 = CIRCLE('',#2315,6.4);
#2315 = AXIS2_PLACEMENT_3D('',#2316,#2317,#2318);
#2316 = CARTESIAN_POINT('',(-54.45822941316,-47.00708828008,
    -45.6105980508));
#2317 = DIRECTION('',(-3.136982104997E-14,-1.,3.578844046967E-07));
#2318 = DIRECTION('',(-0.923879693708,-1.369562641218E-07,
    -0.382683043202));
#2319 = ORIENTED_EDGE('',*,*,#2320,.F.);
#2320 = EDGE_CURVE('',#2321,#2312,#2323,.T.);
#2321 = VERTEX_POINT('',#2322);
#2322 = CARTESIAN_POINT('',(-60.45822941316,-46.60708828009,
    -45.61059447437));
#2323 = LINE('',#2324,#2325);
#2324 = CARTESIAN_POINT('',(-60.45822941316,-46.60708828009,
    -45.61059447437));
#2325 = VECTOR('',#2326,1.);
#2326 = DIRECTION('',(-0.707106781196,-0.707106781177,6.914204227694E-07
    ));
#2327 = ORIENTED_EDGE('',*,*,#2328,.F.);
#2328 = EDGE_CURVE('',#2282,#2321,#2329,.T.);
#2329 = CIRCLE('',#2330,6.);
#2330 = AXIS2_PLACEMENT_3D('',#2331,#2332,#2333);
#2331 = CARTESIAN_POINT('',(-54.45822941316,-46.6070882801,
    -45.61059819396));
#2332 = DIRECTION('',(3.136982104997E-14,1.,-3.578844046967E-07));
#2333 = DIRECTION('',(-0.923879693708,-1.369562641218E-07,
    -0.382683043202));
#2334 = ORIENTED_EDGE('',*,*,#2289,.T.);
#2335 = CONICAL_SURFACE('',#2336,6.2,0.785398163414);
#2336 = AXIS2_PLACEMENT_3D('',#2337,#2338,#2339);
#2337 = CARTESIAN_POINT('',(-54.45822941316,-46.80708828009,
    -45.61059812238));
#2338 = DIRECTION('',(-2.209947812389E-14,-1.,3.578844110048E-07));
#2339 = DIRECTION('',(-0.923879693708,-1.369562751005E-07,
    -0.382683043202));
#2340 = ADVANCED_FACE('',(#2341),#2357,.T.);
#2341 = FACE_BOUND('',#2342,.T.);
#2342 = EDGE_LOOP('',(#2343,#2344,#2350,#2351));
#2343 = ORIENTED_EDGE('',*,*,#2320,.F.);
#2344 = ORIENTED_EDGE('',*,*,#2345,.T.);
#2345 = EDGE_CURVE('',#2321,#1568,#2346,.T.);
#2346 = LINE('',#2347,#2348);
#2347 = CARTESIAN_POINT('',(-60.45825404633,-46.60710250072,
    -85.34588381911));
#2348 = VECTOR('',#2349,1.);
#2349 = DIRECTION('',(6.19931716878E-07,3.578844046966E-07,1.));
#2350 = ORIENTED_EDGE('',*,*,#1567,.T.);
#2351 = ORIENTED_EDGE('',*,*,#2352,.T.);
#2352 = EDGE_CURVE('',#1570,#2312,#2353,.T.);
#2353 = LINE('',#2354,#2355);
#2354 = CARTESIAN_POINT('',(-60.85825404633,-47.00710250072,
    -85.34588342799));
#2355 = VECTOR('',#2356,1.);
#2356 = DIRECTION('',(-6.19931716878E-07,-3.578844046966E-07,-1.));
#2357 = PLANE('',#2358);
#2358 = AXIS2_PLACEMENT_3D('',#2359,#2360,#2361);
#2359 = CARTESIAN_POINT('',(-60.65825404633,-46.80710250072,
    -85.34588362355));
#2360 = DIRECTION('',(0.707106781186,-0.707106781187,-1.852954314349E-07
    ));
#2361 = DIRECTION('',(-2.620473121812E-07,-2.382280164153E-22,-1.));
#2362 = ADVANCED_FACE('',(#2363),#2382,.T.);
#2363 = FACE_BOUND('',#2364,.T.);
#2364 = EDGE_LOOP('',(#2365,#2373,#2380,#2381));
#2365 = ORIENTED_EDGE('',*,*,#2366,.T.);
#2366 = EDGE_CURVE('',#1142,#2367,#2369,.T.);
#2367 = VERTEX_POINT('',#2368);
#2368 = CARTESIAN_POINT('',(-104.6760366751,19.198167056427,
    -35.49590852911));
#2369 = LINE('',#2370,#2371);
#2370 = CARTESIAN_POINT('',(-104.3296301684,18.998160990494,
    -35.09590839695));
#2371 = VECTOR('',#2372,1.);
#2372 = DIRECTION('',(-0.612365974777,0.353564113749,-0.707107014818));
#2373 = ORIENTED_EDGE('',*,*,#2374,.T.);
#2374 = EDGE_CURVE('',#2367,#345,#2375,.T.);
#2375 = CIRCLE('',#2376,16.);
#2376 = AXIS2_PLACEMENT_3D('',#2377,#2378,#2379);
#2377 = CARTESIAN_POINT('',(-90.81977361027,11.197918692942,
    -35.49590324269));
#2378 = DIRECTION('',(-1.748854534017E-07,3.578844412435E-07,1.));
#2379 = DIRECTION('',(-0.999999999947,1.029523999187E-05,
    -1.748891378987E-07));
#2380 = ORIENTED_EDGE('',*,*,#1552,.F.);
#2381 = ORIENTED_EDGE('',*,*,#1149,.T.);
#2382 = CONICAL_SURFACE('',#2383,15.8,0.785398163395);
#2383 = AXIS2_PLACEMENT_3D('',#2384,#2385,#2386);
#2384 = CARTESIAN_POINT('',(-90.81977364525,11.197918764518,
    -35.29590324269));
#2385 = DIRECTION('',(1.748854394623E-07,-3.578844387486E-07,-1.));
#2386 = DIRECTION('',(-0.999999999947,1.029523999187E-05,
    -1.748891239593E-07));
#2387 = ADVANCED_FACE('',(#2388),#2399,.T.);
#2388 = FACE_BOUND('',#2389,.T.);
#2389 = EDGE_LOOP('',(#2390,#2391,#2392,#2393));
#2390 = ORIENTED_EDGE('',*,*,#2366,.F.);
#2391 = ORIENTED_EDGE('',*,*,#1141,.T.);
#2392 = ORIENTED_EDGE('',*,*,#1530,.T.);
#2393 = ORIENTED_EDGE('',*,*,#2394,.T.);
#2394 = EDGE_CURVE('',#1521,#2367,#2395,.T.);
#2395 = LINE('',#2396,#2397);
#2396 = CARTESIAN_POINT('',(-107.5300588936,14.25506018574,
    -35.49590725917));
#2397 = VECTOR('',#2398,1.);
#2398 = DIRECTION('',(-0.500015522718,-0.866016441554,2.224883688946E-07
    ));
#2399 = PLANE('',#2400);
#2400 = AXIS2_PLACEMENT_3D('',#2401,#2402,#2403);
#2401 = CARTESIAN_POINT('',(-107.3568556403,14.155057152773,
    -35.29590719309));
#2402 = DIRECTION('',(-0.612366222104,0.353564619875,0.707106547558));
#2403 = DIRECTION('',(0.755932126223,-5.551115123126E-17,0.654649998506)
  );
#2404 = ADVANCED_FACE('',(#2405),#2423,.T.);
#2405 = FACE_BOUND('',#2406,.T.);
#2406 = EDGE_LOOP('',(#2407,#2415,#2416,#2417));
#2407 = ORIENTED_EDGE('',*,*,#2408,.T.);
#2408 = EDGE_CURVE('',#2409,#1523,#2411,.T.);
#2409 = VERTEX_POINT('',#2410);
#2410 = CARTESIAN_POINT('',(-98.21438631758,22.389860805983,
    -35.49590854132));
#2411 = LINE('',#2412,#2413);
#2412 = CARTESIAN_POINT('',(-82.05214010758,13.058197341857,
    -35.49590237512));
#2413 = VECTOR('',#2414,1.);
#2414 = DIRECTION('',(-0.866016441554,0.500015522717,-3.304014539953E-07
    ));
#2415 = ORIENTED_EDGE('',*,*,#1536,.T.);
#2416 = ORIENTED_EDGE('',*,*,#1133,.T.);
#2417 = ORIENTED_EDGE('',*,*,#2418,.T.);
#2418 = EDGE_CURVE('',#1126,#2409,#2419,.T.);
#2419 = LINE('',#2420,#2421);
#2420 = CARTESIAN_POINT('',(-98.06798589458,21.843448458129,
    -35.09590832016));
#2421 = VECTOR('',#2422,1.);
#2422 = DIRECTION('',(-0.211310871876,0.788678524718,-0.577350760002));
#2423 = PLANE('',#2424);
#2424 = AXIS2_PLACEMENT_3D('',#2425,#2426,#2427);
#2425 = CARTESIAN_POINT('',(-82.15214316762,12.884994262788,
    -35.29590233062));
#2426 = DIRECTION('',(0.353564383659,0.612366594864,0.707106342853));
#2427 = DIRECTION('',(0.89442151797,2.498001805407E-16,-0.44722494138));
#2428 = ADVANCED_FACE('',(#2429),#2454,.T.);
#2429 = FACE_BOUND('',#2430,.T.);
#2430 = EDGE_LOOP('',(#2431,#2439,#2447,#2453));
#2431 = ORIENTED_EDGE('',*,*,#2432,.F.);
#2432 = EDGE_CURVE('',#2433,#450,#2435,.T.);
#2433 = VERTEX_POINT('',#2434);
#2434 = CARTESIAN_POINT('',(-75.97621820396,21.107121924888,
    -58.49590419311));
#2435 = LINE('',#2436,#2437);
#2436 = CARTESIAN_POINT('',(-68.18622037751,7.613890622282,
    -71.98898484391));
#2437 = VECTOR('',#2438,1.);
#2438 = DIRECTION('',(-0.377952853305,0.654660679598,0.654653370317));
#2439 = ORIENTED_EDGE('',*,*,#2440,.T.);
#2440 = EDGE_CURVE('',#2433,#2441,#2443,.T.);
#2441 = VERTEX_POINT('',#2442);
#2442 = CARTESIAN_POINT('',(-69.25107035268,32.754937535554,
    -58.49590718556));
#2443 = LINE('',#2444,#2445);
#2444 = CARTESIAN_POINT('',(-86.75047624386,2.446332041064,
    -58.49589939897));
#2445 = VECTOR('',#2446,1.);
#2446 = DIRECTION('',(0.500015522718,0.866016441554,-2.224883672812E-07)
  );
#2447 = ORIENTED_EDGE('',*,*,#2448,.T.);
#2448 = EDGE_CURVE('',#2441,#460,#2449,.T.);
#2449 = LINE('',#2450,#2451);
#2450 = CARTESIAN_POINT('',(-69.25107035268,32.754937535554,
    -58.49590718556));
#2451 = VECTOR('',#2452,1.);
#2452 = DIRECTION('',(-0.612366222104,0.353564619875,0.707106547557));
#2453 = ORIENTED_EDGE('',*,*,#459,.T.);
#2454 = PLANE('',#2455);
#2455 = AXIS2_PLACEMENT_3D('',#2456,#2457,#2458);
#2456 = CARTESIAN_POINT('',(-86.92367956715,2.546335217185,
    -58.29589946505));
#2457 = DIRECTION('',(0.612365974779,-0.35356411375,0.707107014816));
#2458 = DIRECTION('',(0.755932471147,-1.110223024625E-16,-0.654649600218
    ));
#2459 = ADVANCED_FACE('',(#2460),#2479,.T.);
#2460 = FACE_BOUND('',#2461,.T.);
#2461 = EDGE_LOOP('',(#2462,#2470,#2471,#2472));
#2462 = ORIENTED_EDGE('',*,*,#2463,.T.);
#2463 = EDGE_CURVE('',#2464,#468,#2466,.T.);
#2464 = VERTEX_POINT('',#2465);
#2465 = CARTESIAN_POINT('',(-69.98307219035,35.487001464097,
    -58.49590829134));
#2466 = LINE('',#2467,#2468);
#2467 = CARTESIAN_POINT('',(-69.98307219035,35.487001464097,
    -58.49590829134));
#2468 = VECTOR('',#2469,1.);
#2469 = DIRECTION('',(-0.353564490475,-0.612365845379,0.707106938509));
#2470 = ORIENTED_EDGE('',*,*,#467,.T.);
#2471 = ORIENTED_EDGE('',*,*,#2448,.F.);
#2472 = ORIENTED_EDGE('',*,*,#2473,.T.);
#2473 = EDGE_CURVE('',#2441,#2464,#2474,.T.);
#2474 = CIRCLE('',#2475,2.);
#2475 = AXIS2_PLACEMENT_3D('',#2476,#2477,#2478);
#2476 = CARTESIAN_POINT('',(-70.98310323579,33.75496858099,
    -58.49590784636));
#2477 = DIRECTION('',(-1.748854517883E-07,3.578844384489E-07,1.));
#2478 = DIRECTION('',(0.965930465254,0.258801731629,7.630607341831E-08)
  );
#2479 = CONICAL_SURFACE('',#2480,1.8,0.785398163398);
#2480 = AXIS2_PLACEMENT_3D('',#2481,#2482,#2483);
#2481 = CARTESIAN_POINT('',(-70.98310327076,33.754968652566,
    -58.29590784636));
#2482 = DIRECTION('',(1.748854616681E-07,-3.578844332001E-07,-1.));
#2483 = DIRECTION('',(0.965930465254,0.258801731629,7.630608431987E-08)
  );
#2484 = ADVANCED_FACE('',(#2485),#2503,.T.);
#2485 = FACE_BOUND('',#2486,.T.);
#2486 = EDGE_LOOP('',(#2487,#2495,#2496,#2497));
#2487 = ORIENTED_EDGE('',*,*,#2488,.T.);
#2488 = EDGE_CURVE('',#2489,#477,#2491,.T.);
#2489 = VERTEX_POINT('',#2490);
#2490 = CARTESIAN_POINT('',(-88.08281581882,45.9373258889,
    -58.49591519673));
#2491 = LINE('',#2492,#2493);
#2492 = CARTESIAN_POINT('',(-88.08281581882,45.9373258889,
    -58.49591519673));
#2493 = VECTOR('',#2494,1.);
#2494 = DIRECTION('',(-0.353564490475,-0.612365845379,0.70710693851));
#2495 = ORIENTED_EDGE('',*,*,#476,.T.);
#2496 = ORIENTED_EDGE('',*,*,#2463,.F.);
#2497 = ORIENTED_EDGE('',*,*,#2498,.T.);
#2498 = EDGE_CURVE('',#2464,#2489,#2499,.T.);
#2499 = LINE('',#2500,#2501);
#2500 = CARTESIAN_POINT('',(-67.14017836866,33.845588008093,
    -58.49590720672));
#2501 = VECTOR('',#2502,1.);
#2502 = DIRECTION('',(-0.866016441554,0.500015522718,-3.304014512008E-07
    ));
#2503 = PLANE('',#2504);
#2504 = AXIS2_PLACEMENT_3D('',#2505,#2506,#2507);
#2505 = CARTESIAN_POINT('',(-67.24018150818,33.67238479136,
    -58.29590716222));
#2506 = DIRECTION('',(0.35356424315,0.612366351504,0.707106623863));
#2507 = DIRECTION('',(0.894421660157,1.110223024625E-16,-0.447224657015)
  );
#2508 = ADVANCED_FACE('',(#2509),#2528,.T.);
#2509 = FACE_BOUND('',#2510,.T.);
#2510 = EDGE_LOOP('',(#2511,#2519,#2520,#2521));
#2511 = ORIENTED_EDGE('',*,*,#2512,.T.);
#2512 = EDGE_CURVE('',#2513,#485,#2515,.T.);
#2513 = VERTEX_POINT('',#2514);
#2514 = CARTESIAN_POINT('',(-89.44884778309,45.571324970064,
    -58.49591530464));
#2515 = LINE('',#2516,#2517);
#2516 = CARTESIAN_POINT('',(-89.44884778309,45.571324970064,
    -58.49591530464));
#2517 = VECTOR('',#2518,1.);
#2518 = DIRECTION('',(0.612365974778,-0.353564113749,0.707107014817));
#2519 = ORIENTED_EDGE('',*,*,#484,.T.);
#2520 = ORIENTED_EDGE('',*,*,#2488,.F.);
#2521 = ORIENTED_EDGE('',*,*,#2522,.T.);
#2522 = EDGE_CURVE('',#2489,#2513,#2523,.T.);
#2523 = CIRCLE('',#2524,1.);
#2524 = AXIS2_PLACEMENT_3D('',#2525,#2526,#2527);
#2525 = CARTESIAN_POINT('',(-88.58283134154,45.071309447346,
    -58.49591497424));
#2526 = DIRECTION('',(-1.748854517883E-07,3.578844384489E-07,1.));
#2527 = DIRECTION('',(-0.258801731629,0.965930465254,-3.909521398977E-07
    ));
#2528 = CONICAL_SURFACE('',#2529,0.8,0.785398163396);
#2529 = AXIS2_PLACEMENT_3D('',#2530,#2531,#2532);
#2530 = CARTESIAN_POINT('',(-88.58283137652,45.071309518923,
    -58.29591497424));
#2531 = DIRECTION('',(1.748854394629E-07,-3.578844331987E-07,-1.));
#2532 = DIRECTION('',(-0.258801731629,0.965930465254,-3.909521316365E-07
    ));
#2533 = ADVANCED_FACE('',(#2534),#2552,.T.);
#2534 = FACE_BOUND('',#2535,.T.);
#2535 = EDGE_LOOP('',(#2536,#2537,#2545,#2551));
#2536 = ORIENTED_EDGE('',*,*,#2512,.F.);
#2537 = ORIENTED_EDGE('',*,*,#2538,.T.);
#2538 = EDGE_CURVE('',#2513,#2539,#2541,.T.);
#2539 = VERTEX_POINT('',#2540);
#2540 = CARTESIAN_POINT('',(-95.43562101265,35.202358781838,
    -58.49591264075));
#2541 = LINE('',#2542,#2543);
#2542 = CARTESIAN_POINT('',(-112.9484399468,4.870522176933,
    -58.49590484819));
#2543 = VECTOR('',#2544,1.);
#2544 = DIRECTION('',(-0.500015522718,-0.866016441554,2.224883672812E-07
    ));
#2545 = ORIENTED_EDGE('',*,*,#2546,.T.);
#2546 = EDGE_CURVE('',#2539,#494,#2547,.T.);
#2547 = LINE('',#2548,#2549);
#2548 = CARTESIAN_POINT('',(-95.43562101265,35.202358781838,
    -58.49591264075));
#2549 = VECTOR('',#2550,1.);
#2550 = DIRECTION('',(0.612365974779,-0.35356411375,0.707107014816));
#2551 = ORIENTED_EDGE('',*,*,#493,.T.);
#2552 = PLANE('',#2553);
#2553 = AXIS2_PLACEMENT_3D('',#2554,#2555,#2556);
#2554 = CARTESIAN_POINT('',(-112.7752366935,4.770519143966,
    -58.29590478211));
#2555 = DIRECTION('',(-0.612366222104,0.353564619875,0.707106547557));
#2556 = DIRECTION('',(0.755932126223,-5.551115123126E-17,0.654649998506)
  );
#2557 = ADVANCED_FACE('',(#2558),#2585,.F.);
#2558 = FACE_BOUND('',#2559,.F.);
#2559 = EDGE_LOOP('',(#2560,#2569,#2577,#2584));
#2560 = ORIENTED_EDGE('',*,*,#2561,.F.);
#2561 = EDGE_CURVE('',#2562,#494,#2564,.T.);
#2562 = VERTEX_POINT('',#2563);
#2563 = CARTESIAN_POINT('',(-97.21060185727,31.32815529404,
    -56.33855056571));
#2564 = CIRCLE('',#2565,6.);
#2565 = AXIS2_PLACEMENT_3D('',#2566,#2567,#2568);
#2566 = CARTESIAN_POINT('',(-95.08921555531,35.002354863221,
    -52.09591250859));
#2567 = DIRECTION('',(0.866016441554,-0.500015522718,3.304014879191E-07)
  );
#2568 = DIRECTION('',(-0.191347586689,-0.331410633963,-0.923879371328));
#2569 = ORIENTED_EDGE('',*,*,#2570,.F.);
#2570 = EDGE_CURVE('',#2571,#2562,#2573,.T.);
#2571 = VERTEX_POINT('',#2572);
#2572 = CARTESIAN_POINT('',(-97.69843418734,31.283214865173,
    -56.62139323501));
#2573 = LINE('',#2574,#2575);
#2574 = CARTESIAN_POINT('',(-97.69843418734,31.283214865173,
    -56.62139323501));
#2575 = VECTOR('',#2576,1.);
#2576 = DIRECTION('',(0.862373871705,7.944420500568E-02,0.499999923692)
  );
#2577 = ORIENTED_EDGE('',*,*,#2578,.F.);
#2578 = EDGE_CURVE('',#2539,#2571,#2579,.T.);
#2579 = CIRCLE('',#2580,6.4);
#2580 = AXIS2_PLACEMENT_3D('',#2581,#2582,#2583);
#2581 = CARTESIAN_POINT('',(-95.43562213192,35.202361072299,
    -52.09591264075));
#2582 = DIRECTION('',(-0.866016441554,0.500015522718,-3.304014879191E-07
    ));
#2583 = DIRECTION('',(-0.191347586689,-0.331410633963,-0.923879371328));
#2584 = ORIENTED_EDGE('',*,*,#2546,.T.);
#2585 = CONICAL_SURFACE('',#2586,6.2,0.785398163421);
#2586 = AXIS2_PLACEMENT_3D('',#2587,#2588,#2589);
#2587 = CARTESIAN_POINT('',(-95.26241884362,35.10235796776,
    -52.09591257467));
#2588 = DIRECTION('',(-0.866016441554,0.500015522718,-3.30401483965E-07)
  );
#2589 = DIRECTION('',(-0.191347586689,-0.331410633963,-0.923879371328));
#2590 = ADVANCED_FACE('',(#2591),#2616,.T.);
#2591 = FACE_BOUND('',#2592,.T.);
#2592 = EDGE_LOOP('',(#2593,#2594,#2602,#2610));
#2593 = ORIENTED_EDGE('',*,*,#2570,.F.);
#2594 = ORIENTED_EDGE('',*,*,#2595,.T.);
#2595 = EDGE_CURVE('',#2571,#2596,#2598,.T.);
#2596 = VERTEX_POINT('',#2597);
#2597 = CARTESIAN_POINT('',(-100.9411724143,25.666864272255,-50.13611379
    ));
#2598 = LINE('',#2599,#2600);
#2599 = CARTESIAN_POINT('',(-93.13730037282,39.182997336145,
    -65.7433837574));
#2600 = VECTOR('',#2601,1.);
#2601 = DIRECTION('',(-0.353564349966,-0.612365602019,0.70710721952));
#2602 = ORIENTED_EDGE('',*,*,#2603,.T.);
#2603 = EDGE_CURVE('',#2596,#2604,#2606,.T.);
#2604 = VERTEX_POINT('',#2605);
#2605 = CARTESIAN_POINT('',(-100.4533400842,25.711804701113,
    -49.8532711207));
#2606 = LINE('',#2607,#2608);
#2607 = CARTESIAN_POINT('',(-100.9411724143,25.666864272255,-50.13611379
    ));
#2608 = VECTOR('',#2609,1.);
#2609 = DIRECTION('',(0.862373871713,7.944420498786E-02,0.499999923681)
  );
#2610 = ORIENTED_EDGE('',*,*,#2611,.T.);
#2611 = EDGE_CURVE('',#2604,#2562,#2612,.T.);
#2612 = LINE('',#2613,#2614);
#2613 = CARTESIAN_POINT('',(-92.64946804273,39.227937765004,
    -65.4605410881));
#2614 = VECTOR('',#2615,1.);
#2615 = DIRECTION('',(0.353564349966,0.612365602019,-0.70710721952));
#2616 = PLANE('',#2617);
#2617 = AXIS2_PLACEMENT_3D('',#2618,#2619,#2620);
#2618 = CARTESIAN_POINT('',(-92.89338420777,39.205467550574,
    -65.60196242275));
#2619 = DIRECTION('',(-0.36235832517,0.786572938612,0.499999456422));
#2620 = DIRECTION('',(0.809719156664,2.22044604925E-16,0.586817592896));
#2621 = ADVANCED_FACE('',(#2622),#2649,.F.);
#2622 = FACE_BOUND('',#2623,.F.);
#2623 = EDGE_LOOP('',(#2624,#2633,#2641,#2648));
#2624 = ORIENTED_EDGE('',*,*,#2625,.F.);
#2625 = EDGE_CURVE('',#2626,#2604,#2628,.T.);
#2626 = VERTEX_POINT('',#2627);
#2627 = CARTESIAN_POINT('',(-101.3320469186,24.189905620981,
    -45.61062695975));
#2628 = CIRCLE('',#2629,6.);
#2629 = AXIS2_PLACEMENT_3D('',#2630,#2631,#2632);
#2630 = CARTESIAN_POINT('',(-98.3319537823,29.386004270299,
    -45.61063306358));
#2631 = DIRECTION('',(0.866016441554,-0.500015522718,3.304014878636E-07)
  );
#2632 = DIRECTION('',(-0.461954154516,-0.800095199684,-0.382682676076));
#2633 = ORIENTED_EDGE('',*,*,#2634,.F.);
#2634 = EDGE_CURVE('',#2635,#2626,#2637,.T.);
#2635 = VERTEX_POINT('',#2636);
#2636 = CARTESIAN_POINT('',(-101.8784597043,24.043505253442,
    -45.61062668498));
#2637 = LINE('',#2638,#2639);
#2638 = CARTESIAN_POINT('',(-101.8784597043,24.043505253442,
    -45.61062668498));
#2639 = VECTOR('',#2640,1.);
#2640 = DIRECTION('',(0.96593046525,0.258801731642,-4.857145237784E-07)
  );
#2641 = ORIENTED_EDGE('',*,*,#2642,.F.);
#2642 = EDGE_CURVE('',#2596,#2635,#2643,.T.);
#2643 = CIRCLE('',#2644,6.4);
#2644 = AXIS2_PLACEMENT_3D('',#2645,#2646,#2647);
#2645 = CARTESIAN_POINT('',(-98.67836035891,29.586010479381,
    -45.61063319574));
#2646 = DIRECTION('',(-0.866016441554,0.500015522718,-3.304014878913E-07
    ));
#2647 = DIRECTION('',(-0.461954154516,-0.800095199684,-0.382682676076));
#2648 = ORIENTED_EDGE('',*,*,#2603,.T.);
#2649 = CONICAL_SURFACE('',#2650,6.2,0.785398163414);
#2650 = AXIS2_PLACEMENT_3D('',#2651,#2652,#2653);
#2651 = CARTESIAN_POINT('',(-98.50515707061,29.48600737484,
    -45.61063312966));
#2652 = DIRECTION('',(-0.866016441554,0.500015522718,-3.304014839589E-07
    ));
#2653 = DIRECTION('',(-0.461954154516,-0.800095199684,-0.382682676076));
#2654 = ADVANCED_FACE('',(#2655),#2671,.T.);
#2655 = FACE_BOUND('',#2656,.T.);
#2656 = EDGE_LOOP('',(#2657,#2658,#2664,#2665));
#2657 = ORIENTED_EDGE('',*,*,#2634,.F.);
#2658 = ORIENTED_EDGE('',*,*,#2659,.T.);
#2659 = EDGE_CURVE('',#2635,#1521,#2660,.T.);
#2660 = LINE('',#2661,#2662);
#2661 = CARTESIAN_POINT('',(-101.8784685468,24.043463682017,
    -85.34591602972));
#2662 = VECTOR('',#2663,1.);
#2663 = DIRECTION('',(2.225354393309E-07,1.046209194376E-06,
    0.999999999999));
#2664 = ORIENTED_EDGE('',*,*,#1520,.T.);
#2665 = ORIENTED_EDGE('',*,*,#2666,.T.);
#2666 = EDGE_CURVE('',#1523,#2626,#2667,.T.);
#2667 = LINE('',#2668,#2669);
#2668 = CARTESIAN_POINT('',(-101.3320557611,24.189864049551,
    -85.34591630448));
#2669 = VECTOR('',#2670,1.);
#2670 = DIRECTION('',(-2.225354393309E-07,-1.046209194376E-06,
    -0.999999999999));
#2671 = PLANE('',#2672);
#2672 = AXIS2_PLACEMENT_3D('',#2673,#2674,#2675);
#2673 = CARTESIAN_POINT('',(-101.6052621539,24.116663865784,
    -85.3459161671));
#2674 = DIRECTION('',(-0.258801731629,0.965930465253,-9.529727768285E-07
    ));
#2675 = DIRECTION('',(-5.293955920339E-23,9.865852782456E-07,1.));
#2676 = ADVANCED_FACE('',(#2677),#2695,.T.);
#2677 = FACE_BOUND('',#2678,.T.);
#2678 = EDGE_LOOP('',(#2679,#2687,#2688,#2689));
#2679 = ORIENTED_EDGE('',*,*,#2680,.T.);
#2680 = EDGE_CURVE('',#2681,#2409,#2683,.T.);
#2681 = VERTEX_POINT('',#2682);
#2682 = CARTESIAN_POINT('',(-93.21000946014,31.057335058354,
    -35.49591076808));
#2683 = LINE('',#2684,#2685);
#2684 = CARTESIAN_POINT('',(-97.42828637754,23.751369178378,
    -35.4959088911));
#2685 = VECTOR('',#2686,1.);
#2686 = DIRECTION('',(-0.500015606593,-0.866016393126,2.224883368949E-07
    ));
#2687 = ORIENTED_EDGE('',*,*,#2418,.F.);
#2688 = ORIENTED_EDGE('',*,*,#1125,.T.);
#2689 = ORIENTED_EDGE('',*,*,#2690,.T.);
#2690 = EDGE_CURVE('',#1118,#2681,#2691,.T.);
#2691 = LINE('',#2692,#2693);
#2692 = CARTESIAN_POINT('',(-93.06360921548,30.51092240162,
    -35.09591054692));
#2693 = VECTOR('',#2694,1.);
#2694 = DIRECTION('',(-0.211310551659,0.788678736135,-0.577350588401));
#2695 = PLANE('',#2696);
#2696 = AXIS2_PLACEMENT_3D('',#2697,#2698,#2699);
#2697 = CARTESIAN_POINT('',(-97.2550831339,23.651366128637,
    -35.29590882502));
#2698 = DIRECTION('',(-0.612366187861,0.353564679183,0.707106547557));
#2699 = DIRECTION('',(0.755932144339,1.110223024625E-16,0.654649977587)
  );
#2700 = ADVANCED_FACE('',(#2701),#2712,.T.);
#2701 = FACE_BOUND('',#2702,.T.);
#2702 = EDGE_LOOP('',(#2703,#2709,#2710,#2711));
#2703 = ORIENTED_EDGE('',*,*,#2704,.T.);
#2704 = EDGE_CURVE('',#1499,#2681,#2705,.T.);
#2705 = LINE('',#2706,#2707);
#2706 = CARTESIAN_POINT('',(-76.18174529242,21.225652997118,
    -35.49590427148));
#2707 = VECTOR('',#2708,1.);
#2708 = DIRECTION('',(-0.866016393126,0.500015606593,-3.304014755437E-07
    ));
#2709 = ORIENTED_EDGE('',*,*,#2690,.F.);
#2710 = ORIENTED_EDGE('',*,*,#1117,.T.);
#2711 = ORIENTED_EDGE('',*,*,#1506,.F.);
#2712 = PLANE('',#2713);
#2713 = AXIS2_PLACEMENT_3D('',#2714,#2715,#2716);
#2714 = CARTESIAN_POINT('',(-76.28174844872,21.052449790069,
    -35.29590422698));
#2715 = DIRECTION('',(0.353564302458,0.612366317261,0.707106623864));
#2716 = DIRECTION('',(0.894421630149,-8.326672684689E-17,-0.447224717029
    ));
#2717 = ADVANCED_FACE('',(#2718),#2761,.T.);
#2718 = FACE_BOUND('',#2719,.T.);
#2719 = EDGE_LOOP('',(#2720,#2737,#2746,#2754));
#2720 = ORIENTED_EDGE('',*,*,#2721,.T.);
#2721 = EDGE_CURVE('',#2722,#2724,#2726,.T.);
#2722 = VERTEX_POINT('',#2723);
#2723 = CARTESIAN_POINT('',(-96.72188082246,8.031138930986,
    -31.49590314154));
#2724 = VERTEX_POINT('',#2725);
#2725 = CARTESIAN_POINT('',(-96.37175714799,8.224718515292,
    -31.09590314958));
#2726 = B_SPLINE_CURVE_WITH_KNOTS('',3,(#2727,#2728,#2729,#2730,#2731,
    #2732,#2733,#2734,#2735,#2736),.UNSPECIFIED.,.F.,.F.,(4,2,2,2,4),(0.
    ,3.214421911973E-02,6.428843823946E-02,9.64326573592E-02,
    0.128576876479),.UNSPECIFIED.);
#2727 = CARTESIAN_POINT('',(-96.72188104691,8.031138812263,
    -31.49590288763));
#2728 = CARTESIAN_POINT('',(-96.69273201266,8.047322143923,
    -31.46256957615));
#2729 = CARTESIAN_POINT('',(-96.66357597768,8.063492559273,
    -31.42923626466));
#2730 = CARTESIAN_POINT('',(-96.60524992333,8.095807548158,
    -31.36256964168));
#2731 = CARTESIAN_POINT('',(-96.57607990397,8.111952121694,
    -31.32923633018));
#2732 = CARTESIAN_POINT('',(-96.51772589799,8.144215417769,
    -31.26256970717));
#2733 = CARTESIAN_POINT('',(-96.48854191138,8.160334140309,
    -31.22923639566));
#2734 = CARTESIAN_POINT('',(-96.430159988,8.192545725218,-31.16256977263
    ));
#2735 = CARTESIAN_POINT('',(-96.40096205125,8.208638587588,
    -31.12923646111));
#2736 = CARTESIAN_POINT('',(-96.37175714799,8.224718515292,
    -31.09590314958));
#2737 = ORIENTED_EDGE('',*,*,#2738,.T.);
#2738 = EDGE_CURVE('',#2724,#2739,#2741,.T.);
#2739 = VERTEX_POINT('',#2740);
#2740 = CARTESIAN_POINT('',(-96.29297516139,12.282068636283,
    -31.09590458787));
#2741 = CIRCLE('',#2742,4.199999903118);
#2742 = AXIS2_PLACEMENT_3D('',#2743,#2744,#2745);
#2743 = CARTESIAN_POINT('',(-92.65570619077,10.182003489312,
    -31.09590320018));
#2744 = DIRECTION('',(1.748854518068E-07,-3.578844385982E-07,-1.));
#2745 = DIRECTION('',(-0.88395113543,-0.467579287579,1.274915714056E-08)
  );
#2746 = ORIENTED_EDGE('',*,*,#2747,.T.);
#2747 = EDGE_CURVE('',#2739,#2748,#2750,.T.);
#2748 = VERTEX_POINT('',#2749);
#2749 = CARTESIAN_POINT('',(-96.63938166806,12.482074702216,
    -31.49590472003));
#2750 = LINE('',#2751,#2752);
#2751 = CARTESIAN_POINT('',(-96.29297516139,12.282068636283,
    -31.09590458787));
#2752 = VECTOR('',#2753,1.);
#2753 = DIRECTION('',(-0.612365974779,0.35356411375,-0.707107014816));
#2754 = ORIENTED_EDGE('',*,*,#2755,.T.);
#2755 = EDGE_CURVE('',#2748,#2722,#2756,.T.);
#2756 = CIRCLE('',#2757,4.599999903118);
#2757 = AXIS2_PLACEMENT_3D('',#2758,#2759,#2760);
#2758 = CARTESIAN_POINT('',(-92.65570612082,10.182003346158,
    -31.49590320018));
#2759 = DIRECTION('',(-1.748854518068E-07,3.578844385982E-07,1.));
#2760 = DIRECTION('',(-0.88395113543,-0.467579287579,1.274915714056E-08)
  );
#2761 = CONICAL_SURFACE('',#2762,4.399999903118,0.785398163397);
#2762 = AXIS2_PLACEMENT_3D('',#2763,#2764,#2765);
#2763 = CARTESIAN_POINT('',(-92.65570615579,10.182003417735,
    -31.29590320018));
#2764 = DIRECTION('',(1.748854394634E-07,-3.578844387508E-07,-1.));
#2765 = DIRECTION('',(-0.88395113543,-0.467579287579,1.274916812282E-08)
  );
#2766 = ADVANCED_FACE('',(#2767),#2783,.T.);
#2767 = FACE_BOUND('',#2768,.T.);
#2768 = EDGE_LOOP('',(#2769,#2770,#2776,#2777));
#2769 = ORIENTED_EDGE('',*,*,#2747,.F.);
#2770 = ORIENTED_EDGE('',*,*,#2771,.T.);
#2771 = EDGE_CURVE('',#2739,#1429,#2772,.T.);
#2772 = LINE('',#2773,#2774);
#2773 = CARTESIAN_POINT('',(-95.80599636611,13.125505738218,
    -31.09590480456));
#2774 = VECTOR('',#2775,1.);
#2775 = DIRECTION('',(0.500015522718,0.866016441554,-2.224883674014E-07)
  );
#2776 = ORIENTED_EDGE('',*,*,#1428,.T.);
#2777 = ORIENTED_EDGE('',*,*,#2778,.T.);
#2778 = EDGE_CURVE('',#1431,#2748,#2779,.T.);
#2779 = LINE('',#2780,#2781);
#2780 = CARTESIAN_POINT('',(-96.15240287278,13.325511804151,
    -31.49590493672));
#2781 = VECTOR('',#2782,1.);
#2782 = DIRECTION('',(-0.500015522718,-0.866016441554,2.224883674014E-07
    ));
#2783 = PLANE('',#2784);
#2784 = AXIS2_PLACEMENT_3D('',#2785,#2786,#2787);
#2785 = CARTESIAN_POINT('',(-95.97919961944,13.225508771185,
    -31.29590487064));
#2786 = DIRECTION('',(-0.612366222104,0.353564619875,0.707106547557));
#2787 = DIRECTION('',(0.755932126223,3.053113317719E-16,0.654649998506)
  );
#2788 = ADVANCED_FACE('',(#2789),#2805,.T.);
#2789 = FACE_BOUND('',#2790,.T.);
#2790 = EDGE_LOOP('',(#2791,#2797,#2798,#2804));
#2791 = ORIENTED_EDGE('',*,*,#2792,.T.);
#2792 = EDGE_CURVE('',#1407,#2724,#2793,.T.);
#2793 = LINE('',#2794,#2795);
#2794 = CARTESIAN_POINT('',(-89.66048088255,-3.400048039451,
    -31.09589781556));
#2795 = VECTOR('',#2796,1.);
#2796 = DIRECTION('',(-0.499984377758,0.866034423102,-3.973802371192E-07
    ));
#2797 = ORIENTED_EDGE('',*,*,#2721,.F.);
#2798 = ORIENTED_EDGE('',*,*,#2799,.T.);
#2799 = EDGE_CURVE('',#2722,#1398,#2800,.T.);
#2800 = LINE('',#2801,#2802);
#2801 = CARTESIAN_POINT('',(-90.00689458183,-3.600041933708,
    -31.49589780456));
#2802 = VECTOR('',#2803,1.);
#2803 = DIRECTION('',(0.499984377758,-0.866034423102,3.973802371192E-07)
  );
#2804 = ORIENTED_EDGE('',*,*,#1414,.F.);
#2805 = PLANE('',#2806);
#2806 = AXIS2_PLACEMENT_3D('',#2807,#2808,#2809);
#2807 = CARTESIAN_POINT('',(-89.83368773219,-3.50004498658,
    -31.29589781006));
#2808 = DIRECTION('',(-0.612378936979,-0.353542090937,0.707106800618));
#2809 = DIRECTION('',(0.755925515487,2.22044604925E-16,0.654657631924));
#2810 = ADVANCED_FACE('',(#2811),#2827,.T.);
#2811 = FACE_BOUND('',#2812,.T.);
#2812 = EDGE_LOOP('',(#2813,#2819,#2820,#2826));
#2813 = ORIENTED_EDGE('',*,*,#2814,.T.);
#2814 = EDGE_CURVE('',#1470,#1248,#2815,.T.);
#2815 = LINE('',#2816,#2817);
#2816 = CARTESIAN_POINT('',(-67.91684829604,6.34728258749,
    -31.09589750133));
#2817 = VECTOR('',#2818,1.);
#2818 = DIRECTION('',(0.499984477121,-0.866034365737,3.973802339663E-07)
  );
#2819 = ORIENTED_EDGE('',*,*,#1247,.T.);
#2820 = ORIENTED_EDGE('',*,*,#2821,.T.);
#2821 = EDGE_CURVE('',#1238,#1461,#2822,.T.);
#2822 = LINE('',#2823,#2824);
#2823 = CARTESIAN_POINT('',(-67.57043447979,6.547276235185,
    -31.49589751232));
#2824 = VECTOR('',#2825,1.);
#2825 = DIRECTION('',(-0.499984477121,0.866034365737,-3.973802339663E-07
    ));
#2826 = ORIENTED_EDGE('',*,*,#1477,.F.);
#2827 = PLANE('',#2828);
#2828 = AXIS2_PLACEMENT_3D('',#2829,#2830,#2831);
#2829 = CARTESIAN_POINT('',(-67.74364138791,6.447279411337,
    -31.29589750682));
#2830 = DIRECTION('',(0.612378649091,0.353542667323,0.707106761755));
#2831 = DIRECTION('',(0.755925649985,-5.551115123126E-17,-0.65465747662)
  );
#2832 = ADVANCED_FACE('',(#2833),#2858,.T.);
#2833 = FACE_BOUND('',#2834,.T.);
#2834 = EDGE_LOOP('',(#2835,#2845,#2851,#2852));
#2835 = ORIENTED_EDGE('',*,*,#2836,.F.);
#2836 = EDGE_CURVE('',#2837,#2839,#2841,.T.);
#2837 = VERTEX_POINT('',#2838);
#2838 = CARTESIAN_POINT('',(-68.51296836919,8.179858016235,
    -74.83474384606));
#2839 = VERTEX_POINT('',#2840);
#2840 = CARTESIAN_POINT('',(-68.65938673379,7.633447736258,
    -74.60380348579));
#2841 = LINE('',#2842,#2843);
#2842 = CARTESIAN_POINT('',(-70.46275752057,0.903540214708,
    -71.75940895991));
#2843 = VECTOR('',#2844,1.);
#2844 = DIRECTION('',(-0.239632103229,-0.894270715022,0.377963415368));
#2845 = ORIENTED_EDGE('',*,*,#2846,.T.);
#2846 = EDGE_CURVE('',#2837,#1238,#2847,.T.);
#2847 = LINE('',#2848,#2849);
#2848 = CARTESIAN_POINT('',(-68.51297116541,8.179863738393,
    -58.84589805181));
#2849 = VECTOR('',#2850,1.);
#2850 = DIRECTION('',(-1.748855852325E-07,3.578843633772E-07,1.));
#2851 = ORIENTED_EDGE('',*,*,#1237,.T.);
#2852 = ORIENTED_EDGE('',*,*,#2853,.T.);
#2853 = EDGE_CURVE('',#1240,#2839,#2854,.T.);
#2854 = LINE('',#2855,#2856);
#2855 = CARTESIAN_POINT('',(-68.65938932848,7.633453096666,
    -58.84589788186));
#2856 = VECTOR('',#2857,1.);
#2857 = DIRECTION('',(1.748855852325E-07,-3.578843633772E-07,-1.));
#2858 = PLANE('',#2859);
#2859 = AXIS2_PLACEMENT_3D('',#2860,#2861,#2862);
#2860 = CARTESIAN_POINT('',(-68.58618024695,7.906658417529,
    -58.84589796683));
#2861 = DIRECTION('',(0.965922346862,-0.258832030153,2.615578312529E-07)
  );
#2862 = DIRECTION('',(2.70785567911E-07,-1.588186776102E-22,-1.));
#2863 = ADVANCED_FACE('',(#2864),#2939,.T.);
#2864 = FACE_BOUND('',#2865,.T.);
#2865 = EDGE_LOOP('',(#2866,#2867,#2875,#2883,#2892,#2900,#2909,#2917,
    #2925,#2933));
#2866 = ORIENTED_EDGE('',*,*,#2135,.F.);
#2867 = ORIENTED_EDGE('',*,*,#2868,.F.);
#2868 = EDGE_CURVE('',#2869,#2128,#2871,.T.);
#2869 = VERTEX_POINT('',#2870);
#2870 = CARTESIAN_POINT('',(-36.99977824977,-23.10709558408,
    -66.01941122044));
#2871 = LINE('',#2872,#2873);
#2872 = CARTESIAN_POINT('',(-36.99977102237,-23.10711037418,
    -107.3458815531));
#2873 = VECTOR('',#2874,1.);
#2874 = DIRECTION('',(-1.748854772071E-07,3.578844045351E-07,1.));
#2875 = ORIENTED_EDGE('',*,*,#2876,.T.);
#2876 = EDGE_CURVE('',#2869,#2877,#2879,.T.);
#2877 = VERTEX_POINT('',#2878);
#2878 = CARTESIAN_POINT('',(-44.99977744201,-23.10709723708,
    -70.63821477304));
#2879 = LINE('',#2880,#2881);
#2880 = CARTESIAN_POINT('',(-53.07073853794,-23.10709890474,
    -75.29798821639));
#2881 = VECTOR('',#2882,1.);
#2882 = DIRECTION('',(-0.866025316342,-1.789422285708E-07,
    -0.500000151455));
#2883 = ORIENTED_EDGE('',*,*,#2884,.F.);
#2884 = EDGE_CURVE('',#2885,#2877,#2887,.T.);
#2885 = VERTEX_POINT('',#2886);
#2886 = CARTESIAN_POINT('',(-49.49977607891,-23.10710002651,
    -78.43244419409));
#2887 = CIRCLE('',#2888,9.);
#2888 = AXIS2_PLACEMENT_3D('',#2889,#2890,#2891);
#2889 = CARTESIAN_POINT('',(-40.49977607891,-23.10710002651,
    -78.43244262012));
#2890 = DIRECTION('',(3.221636607978E-14,1.,-3.578844045351E-07));
#2891 = DIRECTION('',(-0.866025491227,1.789421759643E-07,0.499999848545)
  );
#2892 = ORIENTED_EDGE('',*,*,#2893,.F.);
#2893 = EDGE_CURVE('',#2894,#2885,#2896,.T.);
#2894 = VERTEX_POINT('',#2895);
#2895 = CARTESIAN_POINT('',(-49.49977416048,-23.10710395238,
    -89.40209930869));
#2896 = LINE('',#2897,#2898);
#2897 = CARTESIAN_POINT('',(-49.49977405609,-23.107104166,
    -89.99899152394));
#2898 = VECTOR('',#2899,1.);
#2899 = DIRECTION('',(-1.748854124336E-07,3.578844045351E-07,1.));
#2900 = ORIENTED_EDGE('',*,*,#2901,.F.);
#2901 = EDGE_CURVE('',#2902,#2894,#2904,.T.);
#2902 = VERTEX_POINT('',#2903);
#2903 = CARTESIAN_POINT('',(-46.49977325175,-23.107105812,
    -94.59825120674));
#2904 = CIRCLE('',#2905,6.);
#2905 = AXIS2_PLACEMENT_3D('',#2906,#2907,#2908);
#2906 = CARTESIAN_POINT('',(-43.49977416048,-23.10710395238,
    -89.40209825938));
#2907 = DIRECTION('',(3.221636610625E-14,1.,-3.578844045351E-07));
#2908 = DIRECTION('',(-0.866025316342,-1.789422285708E-07,
    -0.500000151455));
#2909 = ORIENTED_EDGE('',*,*,#2910,.F.);
#2910 = EDGE_CURVE('',#2911,#2902,#2913,.T.);
#2911 = VERTEX_POINT('',#2912);
#2912 = CARTESIAN_POINT('',(-36.99977229253,-23.10710777493,
    -100.0830771026));
#2913 = LINE('',#2914,#2915);
#2914 = CARTESIAN_POINT('',(-45.80381127061,-23.1071059558,
    -95.00006488161));
#2915 = VECTOR('',#2916,1.);
#2916 = DIRECTION('',(-0.866025491227,1.789421759643E-07,0.499999848545)
  );
#2917 = ORIENTED_EDGE('',*,*,#2918,.F.);
#2918 = EDGE_CURVE('',#2919,#2911,#2921,.T.);
#2919 = VERTEX_POINT('',#2920);
#2920 = CARTESIAN_POINT('',(-36.99976816299,-23.10711622559,
    -123.6958834385));
#2921 = LINE('',#2922,#2923);
#2922 = CARTESIAN_POINT('',(-36.99977102237,-23.10711037418,
    -107.3458815531));
#2923 = VECTOR('',#2924,1.);
#2924 = DIRECTION('',(-1.748854772071E-07,3.578844045351E-07,1.));
#2925 = ORIENTED_EDGE('',*,*,#2926,.F.);
#2926 = EDGE_CURVE('',#2927,#2919,#2929,.T.);
#2927 = VERTEX_POINT('',#2928);
#2928 = CARTESIAN_POINT('',(-50.44964630822,-23.10711622559,
    -123.6958857907));
#2929 = LINE('',#2930,#2931);
#2930 = CARTESIAN_POINT('',(-71.99749342571,-23.10711622559,
    -123.6958895591));
#2931 = VECTOR('',#2932,1.);
#2932 = DIRECTION('',(1.,3.037244201664E-14,1.748855422052E-07));
#2933 = ORIENTED_EDGE('',*,*,#2934,.T.);
#2934 = EDGE_CURVE('',#2927,#2119,#2935,.T.);
#2935 = LINE('',#2936,#2937);
#2936 = CARTESIAN_POINT('',(-50.4496530588,-23.10710241125,
    -85.09588369568));
#2937 = VECTOR('',#2938,1.);
#2938 = DIRECTION('',(-1.74885608995E-07,3.578844045351E-07,1.));
#2939 = PLANE('',#2940);
#2940 = AXIS2_PLACEMENT_3D('',#2941,#2942,#2943);
#2941 = CARTESIAN_POINT('',(-54.9997739517,-23.10710437962,
    -90.59588470106));
#2942 = DIRECTION('',(3.221636611727E-14,1.,-3.578844045351E-07));
#2943 = DIRECTION('',(-1.,4.357538011755E-14,3.173933777593E-08));
#2944 = ADVANCED_FACE('',(#2945),#2964,.T.);
#2945 = FACE_BOUND('',#2946,.T.);
#2946 = EDGE_LOOP('',(#2947,#2948,#2956,#2963));
#2947 = ORIENTED_EDGE('',*,*,#2157,.F.);
#2948 = ORIENTED_EDGE('',*,*,#2949,.T.);
#2949 = EDGE_CURVE('',#2150,#2950,#2952,.T.);
#2950 = VERTEX_POINT('',#2951);
#2951 = CARTESIAN_POINT('',(-34.99977824977,-25.10709558408,
    -66.0194101549));
#2952 = LINE('',#2953,#2954);
#2953 = CARTESIAN_POINT('',(-34.99977102237,-25.10711037418,
    -107.3458804875));
#2954 = VECTOR('',#2955,1.);
#2955 = DIRECTION('',(1.748854772071E-07,-3.578844045351E-07,-1.));
#2956 = ORIENTED_EDGE('',*,*,#2957,.T.);
#2957 = EDGE_CURVE('',#2950,#2869,#2958,.T.);
#2958 = CIRCLE('',#2959,2.);
#2959 = AXIS2_PLACEMENT_3D('',#2960,#2961,#2962);
#2960 = CARTESIAN_POINT('',(-36.99977824977,-25.10709558408,
    -66.01941050468));
#2961 = DIRECTION('',(-1.748854749906E-07,3.578844065544E-07,1.));
#2962 = DIRECTION('',(1.,3.119122705871E-14,1.748854749906E-07));
#2963 = ORIENTED_EDGE('',*,*,#2868,.T.);
#2964 = CYLINDRICAL_SURFACE('',#2965,2.);
#2965 = AXIS2_PLACEMENT_3D('',#2966,#2967,#2968);
#2966 = CARTESIAN_POINT('',(-36.99977102237,-25.10711037418,
    -107.3458808373));
#2967 = DIRECTION('',(-1.748854772071E-07,3.578844045351E-07,1.));
#2968 = DIRECTION('',(0.707106781187,0.707106781187,-1.293997824635E-07)
  );
#2969 = ADVANCED_FACE('',(#2970),#3005,.T.);
#2970 = FACE_BOUND('',#2971,.T.);
#2971 = EDGE_LOOP('',(#2972,#2973,#2981,#2989,#2998,#3004));
#2972 = ORIENTED_EDGE('',*,*,#2182,.F.);
#2973 = ORIENTED_EDGE('',*,*,#2974,.F.);
#2974 = EDGE_CURVE('',#2975,#2175,#2977,.T.);
#2975 = VERTEX_POINT('',#2976);
#2976 = CARTESIAN_POINT('',(-34.99977893594,-46.00709417991,
    -62.09587380213));
#2977 = LINE('',#2978,#2979);
#2978 = CARTESIAN_POINT('',(-34.99976809304,-46.00711636874,
    -124.0958730077));
#2979 = VECTOR('',#2980,1.);
#2980 = DIRECTION('',(-1.748854772071E-07,3.578844046967E-07,1.));
#2981 = ORIENTED_EDGE('',*,*,#2982,.F.);
#2982 = EDGE_CURVE('',#2983,#2975,#2985,.T.);
#2983 = VERTEX_POINT('',#2984);
#2984 = CARTESIAN_POINT('',(-34.99977893594,-41.00709417991,
    -62.09587559155));
#2985 = LINE('',#2986,#2987);
#2986 = CARTESIAN_POINT('',(-34.99977893594,-47.00709417991,
    -62.09587344425));
#2987 = VECTOR('',#2988,1.);
#2988 = DIRECTION('',(-3.167965077054E-14,-1.,3.578844046967E-07));
#2989 = ORIENTED_EDGE('',*,*,#2990,.F.);
#2990 = EDGE_CURVE('',#2991,#2983,#2993,.T.);
#2991 = VERTEX_POINT('',#2992);
#2992 = CARTESIAN_POINT('',(-34.99977824977,-32.13181451053,
    -66.01940764087));
#2993 = CIRCLE('',#2994,12.);
#2994 = AXIS2_PLACEMENT_3D('',#2995,#2996,#2997);
#2995 = CARTESIAN_POINT('',(-34.99977683731,-41.00709847452,
    -74.09587559155));
#2996 = DIRECTION('',(1.,3.090913413687E-14,1.748854772071E-07));
#2997 = DIRECTION('',(-1.628513619488E-07,0.364537952777,0.931188531386)
  );
#2998 = ORIENTED_EDGE('',*,*,#2999,.F.);
#2999 = EDGE_CURVE('',#2950,#2991,#3000,.T.);
#3000 = LINE('',#3001,#3002);
#3001 = CARTESIAN_POINT('',(-34.99977824977,-45.00709558408,
    -66.019403033));
#3002 = VECTOR('',#3003,1.);
#3003 = DIRECTION('',(-3.167965073926E-14,-1.,3.578844045178E-07));
#3004 = ORIENTED_EDGE('',*,*,#2949,.F.);
#3005 = PLANE('',#3006);
#3006 = AXIS2_PLACEMENT_3D('',#3007,#3008,#3009);
#3007 = CARTESIAN_POINT('',(-34.99976809304,-47.00711636874,
    -124.0958726499));
#3008 = DIRECTION('',(1.,3.090913412981E-14,1.748854772071E-07));
#3009 = DIRECTION('',(3.167965077054E-14,1.,-3.578844046967E-07));
#3010 = ADVANCED_FACE('',(#3011),#3030,.T.);
#3011 = FACE_BOUND('',#3012,.T.);
#3012 = EDGE_LOOP('',(#3013,#3014,#3022,#3029));
#3013 = ORIENTED_EDGE('',*,*,#2206,.F.);
#3014 = ORIENTED_EDGE('',*,*,#3015,.T.);
#3015 = EDGE_CURVE('',#2199,#3016,#3018,.T.);
#3016 = VERTEX_POINT('',#3017);
#3017 = CARTESIAN_POINT('',(-35.9997788485,-47.00709435885,
    -62.59587361913));
#3018 = LINE('',#3019,#3020);
#3019 = CARTESIAN_POINT('',(-35.99976809304,-47.00711636874,
    -124.0958728247));
#3020 = VECTOR('',#3021,1.);
#3021 = DIRECTION('',(1.748854772071E-07,-3.578844046967E-07,-1.));
#3022 = ORIENTED_EDGE('',*,*,#3023,.F.);
#3023 = EDGE_CURVE('',#2975,#3016,#3024,.T.);
#3024 = ELLIPSE('',#3025,1.11803398875,1.);
#3025 = AXIS2_PLACEMENT_3D('',#3026,#3027,#3028);
#3026 = CARTESIAN_POINT('',(-35.99977893594,-46.00709417991,
    -62.09587397702));
#3027 = DIRECTION('',(1.564223282538E-07,0.447213275398,-0.894427351051)
  );
#3028 = DIRECTION('',(7.821113038871E-08,-0.894427351051,-0.447213275398
    ));
#3029 = ORIENTED_EDGE('',*,*,#2974,.T.);
#3030 = CYLINDRICAL_SURFACE('',#3031,1.);
#3031 = AXIS2_PLACEMENT_3D('',#3032,#3033,#3034);
#3032 = CARTESIAN_POINT('',(-35.99976809304,-46.00711636874,
    -124.0958731826));
#3033 = DIRECTION('',(1.748854772071E-07,-3.578844046967E-07,-1.));
#3034 = DIRECTION('',(0.707106781187,-0.707106781186,3.767251963061E-07)
  );
#3035 = ADVANCED_FACE('',(#3036),#3102,.T.);
#3036 = FACE_BOUND('',#3037,.T.);
#3037 = EDGE_LOOP('',(#3038,#3039,#3040,#3041,#3042,#3043,#3044,#3045,
    #3053,#3061,#3069,#3078,#3086,#3095,#3101));
#3038 = ORIENTED_EDGE('',*,*,#2233,.F.);
#3039 = ORIENTED_EDGE('',*,*,#2247,.F.);
#3040 = ORIENTED_EDGE('',*,*,#2297,.F.);
#3041 = ORIENTED_EDGE('',*,*,#2311,.F.);
#3042 = ORIENTED_EDGE('',*,*,#2352,.F.);
#3043 = ORIENTED_EDGE('',*,*,#2102,.F.);
#3044 = ORIENTED_EDGE('',*,*,#265,.F.);
#3045 = ORIENTED_EDGE('',*,*,#3046,.F.);
#3046 = EDGE_CURVE('',#3047,#253,#3049,.T.);
#3047 = VERTEX_POINT('',#3048);
#3048 = CARTESIAN_POINT('',(-35.99976816299,-47.00711622559,
    -123.6958728247));
#3049 = LINE('',#3050,#3051);
#3050 = CARTESIAN_POINT('',(-82.99749342571,-47.00711622559,
    -123.695881044));
#3051 = VECTOR('',#3052,1.);
#3052 = DIRECTION('',(-1.,-3.121898707292E-14,-1.748855422052E-07));
#3053 = ORIENTED_EDGE('',*,*,#3054,.F.);
#3054 = EDGE_CURVE('',#3055,#3047,#3057,.T.);
#3055 = VERTEX_POINT('',#3056);
#3056 = CARTESIAN_POINT('',(-35.99976888002,-47.00711475826,
    -119.5958736191));
#3057 = LINE('',#3058,#3059);
#3058 = CARTESIAN_POINT('',(-35.99976809304,-47.00711636874,
    -124.0958728247));
#3059 = VECTOR('',#3060,1.);
#3060 = DIRECTION('',(1.748854772071E-07,-3.578844046967E-07,-1.));
#3061 = ORIENTED_EDGE('',*,*,#3062,.F.);
#3062 = EDGE_CURVE('',#3063,#3055,#3065,.T.);
#3063 = VERTEX_POINT('',#3064);
#3064 = CARTESIAN_POINT('',(-48.45776887992,-47.00711475826,
    -119.5958757978));
#3065 = LINE('',#3066,#3067);
#3066 = CARTESIAN_POINT('',(-53.72876888002,-47.00711475826,
    -119.5958767196));
#3067 = VECTOR('',#3068,1.);
#3068 = DIRECTION('',(1.,3.121901108946E-14,1.748856093122E-07));
#3069 = ORIENTED_EDGE('',*,*,#3070,.F.);
#3070 = EDGE_CURVE('',#3071,#3063,#3073,.T.);
#3071 = VERTEX_POINT('',#3072);
#3072 = CARTESIAN_POINT('',(-60.95777106599,-47.00711028471,
    -107.0958779839));
#3073 = CIRCLE('',#3074,12.5);
#3074 = AXIS2_PLACEMENT_3D('',#3075,#3076,#3077);
#3075 = CARTESIAN_POINT('',(-48.45777106599,-47.00711028471,
    -107.0958757978));
#3076 = DIRECTION('',(-3.136982104997E-14,-1.,3.578844046967E-07));
#3077 = DIRECTION('',(-0.707106657524,-2.530625115171E-07,
    -0.707106904849));
#3078 = ORIENTED_EDGE('',*,*,#3079,.F.);
#3079 = EDGE_CURVE('',#3080,#3071,#3082,.T.);
#3080 = VERTEX_POINT('',#3081);
#3081 = CARTESIAN_POINT('',(-60.95777666233,-47.00709883241,
    -75.09587798393));
#3082 = LINE('',#3083,#3084);
#3083 = CARTESIAN_POINT('',(-60.95776957947,-47.00711332672,
    -115.5958775867));
#3084 = VECTOR('',#3085,1.);
#3085 = DIRECTION('',(1.748856289191E-07,-3.578844046967E-07,-1.));
#3086 = ORIENTED_EDGE('',*,*,#3087,.F.);
#3087 = EDGE_CURVE('',#3088,#3080,#3090,.T.);
#3088 = VERTEX_POINT('',#3089);
#3089 = CARTESIAN_POINT('',(-48.4577788484,-47.00709435885,
    -62.59587579786));
#3090 = CIRCLE('',#3091,12.5);
#3091 = AXIS2_PLACEMENT_3D('',#3092,#3093,#3094);
#3092 = CARTESIAN_POINT('',(-48.45777666233,-47.00709883241,
    -75.09587579786));
#3093 = DIRECTION('',(-3.136982110291E-14,-1.,3.578844046967E-07));
#3094 = DIRECTION('',(-0.707106904849,2.530624673668E-07,0.707106657524)
  );
#3095 = ORIENTED_EDGE('',*,*,#3096,.F.);
#3096 = EDGE_CURVE('',#3016,#3088,#3097,.T.);
#3097 = LINE('',#3098,#3099);
#3098 = CARTESIAN_POINT('',(-62.72877884845,-47.00709435885,
    -62.59587829365));
#3099 = VECTOR('',#3100,1.);
#3100 = DIRECTION('',(-1.,-3.121901837134E-14,-1.748856296592E-07));
#3101 = ORIENTED_EDGE('',*,*,#3015,.F.);
#3102 = PLANE('',#3103);
#3103 = AXIS2_PLACEMENT_3D('',#3104,#3105,#3106);
#3104 = CARTESIAN_POINT('',(-76.99976809304,-47.00711636874,
    -124.0958799951));
#3105 = DIRECTION('',(-3.136982108925E-14,-1.,3.578844046967E-07));
#3106 = DIRECTION('',(1.,3.12189638111E-14,1.748854772071E-07));
#3107 = ADVANCED_FACE('',(#3108),#3131,.T.);
#3108 = FACE_BOUND('',#3109,.T.);
#3109 = EDGE_LOOP('',(#3110,#3111,#3119,#3130));
#3110 = ORIENTED_EDGE('',*,*,#2374,.F.);
#3111 = ORIENTED_EDGE('',*,*,#3112,.F.);
#3112 = EDGE_CURVE('',#3113,#2367,#3115,.T.);
#3113 = VERTEX_POINT('',#3114);
#3114 = CARTESIAN_POINT('',(-104.6760212502,19.19813549102,
    -123.6959085291));
#3115 = LINE('',#3116,#3117);
#3116 = CARTESIAN_POINT('',(-104.6760250714,19.198143310795,
    -101.8459072562));
#3117 = VECTOR('',#3118,1.);
#3118 = DIRECTION('',(-1.748854957058E-07,3.578844357992E-07,1.));
#3119 = ORIENTED_EDGE('',*,*,#3120,.F.);
#3120 = EDGE_CURVE('',#353,#3113,#3121,.T.);
#3121 = B_SPLINE_CURVE_WITH_KNOTS('',3,(#3122,#3123,#3124,#3125,#3126,
    #3127,#3128,#3129),.UNSPECIFIED.,.F.,.F.,(4,2,2,4),(0.,
    0.625031157419,1.152449816788,1.679868476156),.UNSPECIFIED.);
#3122 = CARTESIAN_POINT('',(-104.6761859762,3.197924072871,
    -123.6959028029));
#3123 = CARTESIAN_POINT('',(-105.7178997611,5.002236385336,
    -123.6959036308));
#3124 = CARTESIAN_POINT('',(-106.3972318778,6.992768355122,
    -123.695904462));
#3125 = CARTESIAN_POINT('',(-106.9111304325,10.799739044983,
    -123.6959059143));
#3126 = CARTESIAN_POINT('',(-106.8575597675,12.568909776467,
    -123.6959065381));
#3127 = CARTESIAN_POINT('',(-106.1772202502,16.018586414642,
    -123.6959076537));
#3128 = CARTESIAN_POINT('',(-105.555079639,17.675624722348,
    -123.6959081379));
#3129 = CARTESIAN_POINT('',(-104.6760212502,19.198135491,-123.6959085291
    ));
#3130 = ORIENTED_EDGE('',*,*,#352,.F.);
#3131 = CYLINDRICAL_SURFACE('',#3132,16.);
#3132 = AXIS2_PLACEMENT_3D('',#3133,#3134,#3135);
#3133 = CARTESIAN_POINT('',(-90.81976200662,11.19789494731,
    -101.8459019698));
#3134 = DIRECTION('',(-1.748854957058E-07,3.578844357992E-07,1.));
#3135 = DIRECTION('',(-0.999999999947,1.029523999187E-05,
    -1.748891802027E-07));
#3136 = ADVANCED_FACE('',(#3137),#3210,.F.);
#3137 = FACE_BOUND('',#3138,.T.);
#3138 = EDGE_LOOP('',(#3139,#3140,#3141,#3142,#3143,#3144,#3145,#3153,
    #3161,#3170,#3178,#3187,#3195,#3203,#3209));
#3139 = ORIENTED_EDGE('',*,*,#2394,.F.);
#3140 = ORIENTED_EDGE('',*,*,#2659,.F.);
#3141 = ORIENTED_EDGE('',*,*,#2642,.F.);
#3142 = ORIENTED_EDGE('',*,*,#2595,.F.);
#3143 = ORIENTED_EDGE('',*,*,#2578,.F.);
#3144 = ORIENTED_EDGE('',*,*,#2538,.F.);
#3145 = ORIENTED_EDGE('',*,*,#3146,.T.);
#3146 = EDGE_CURVE('',#2513,#3147,#3149,.T.);
#3147 = VERTEX_POINT('',#3148);
#3148 = CARTESIAN_POINT('',(-89.44884706606,45.571323502738,
    -62.59591609897));
#3149 = LINE('',#3150,#3151);
#3150 = CARTESIAN_POINT('',(-89.4488363106,45.571301492845,
    -124.0959153046));
#3151 = VECTOR('',#3152,1.);
#3152 = DIRECTION('',(1.748854954348E-07,-3.578844362686E-07,-1.));
#3153 = ORIENTED_EDGE('',*,*,#3154,.T.);
#3154 = EDGE_CURVE('',#3147,#3155,#3157,.T.);
#3155 = VERTEX_POINT('',#3156);
#3156 = CARTESIAN_POINT('',(-95.67804044804,34.782490673942,
    -62.59591332721));
#3157 = LINE('',#3158,#3159);
#3158 = CARTESIAN_POINT('',(-102.8137619727,22.423570036488,
    -62.59591015208));
#3159 = VECTOR('',#3160,1.);
#3160 = DIRECTION('',(-0.500015522718,-0.866016441554,2.224881911171E-07
    ));
#3161 = ORIENTED_EDGE('',*,*,#3162,.T.);
#3162 = EDGE_CURVE('',#3155,#3163,#3165,.T.);
#3163 = VERTEX_POINT('',#3164);
#3164 = CARTESIAN_POINT('',(-101.9282322959,23.957280680969,
    -75.09591054611));
#3165 = CIRCLE('',#3166,12.5);
#3166 = AXIS2_PLACEMENT_3D('',#3167,#3168,#3169);
#3167 = CARTESIAN_POINT('',(-95.67803826197,34.782486200388,
    -75.09591332721));
#3168 = DIRECTION('',(0.866016441554,-0.500015522718,3.304014879746E-07)
  );
#3169 = DIRECTION('',(-0.353564490475,-0.612365845379,0.707106938509));
#3170 = ORIENTED_EDGE('',*,*,#3171,.T.);
#3171 = EDGE_CURVE('',#3163,#3172,#3174,.T.);
#3172 = VERTEX_POINT('',#3173);
#3173 = CARTESIAN_POINT('',(-101.9282266996,23.957269228671,
    -107.0959105461));
#3174 = LINE('',#3175,#3176);
#3175 = CARTESIAN_POINT('',(-101.928225213,23.957266186655,
    -115.5959101489));
#3176 = VECTOR('',#3177,1.);
#3177 = DIRECTION('',(1.748855712931E-07,-3.578843048836E-07,-1.));
#3178 = ORIENTED_EDGE('',*,*,#3179,.T.);
#3179 = EDGE_CURVE('',#3172,#3180,#3182,.T.);
#3180 = VERTEX_POINT('',#3181);
#3181 = CARTESIAN_POINT('',(-95.67803047956,34.782470274537,
    -119.5959133272));
#3182 = CIRCLE('',#3183,12.5);
#3183 = AXIS2_PLACEMENT_3D('',#3184,#3185,#3186);
#3184 = CARTESIAN_POINT('',(-95.67803266563,34.782474748091,
    -107.0959133272));
#3185 = DIRECTION('',(0.866016441554,-0.500015522718,3.304014879468E-07)
  );
#3186 = DIRECTION('',(-0.35356424315,-0.612366351504,-0.707106623864));
#3187 = ORIENTED_EDGE('',*,*,#3188,.T.);
#3188 = EDGE_CURVE('',#3180,#3189,#3191,.T.);
#3189 = VERTEX_POINT('',#3190);
#3190 = CARTESIAN_POINT('',(-89.44883709759,45.571303103325,
    -119.5959160989));
#3191 = LINE('',#3192,#3193);
#3192 = CARTESIAN_POINT('',(-98.31361229986,30.217697611021,
    -119.5959121544));
#3193 = VECTOR('',#3194,1.);
#3194 = DIRECTION('',(0.500015522718,0.866016441554,-2.224882114641E-07)
  );
#3195 = ORIENTED_EDGE('',*,*,#3196,.T.);
#3196 = EDGE_CURVE('',#3189,#3197,#3199,.T.);
#3197 = VERTEX_POINT('',#3198);
#3198 = CARTESIAN_POINT('',(-89.44883638056,45.571301635999,
    -123.6959153046));
#3199 = LINE('',#3200,#3201);
#3200 = CARTESIAN_POINT('',(-89.4488363106,45.571301492845,
    -124.0959153046));
#3201 = VECTOR('',#3202,1.);
#3202 = DIRECTION('',(1.748854954348E-07,-3.578844362686E-07,-1.));
#3203 = ORIENTED_EDGE('',*,*,#3204,.T.);
#3204 = EDGE_CURVE('',#3197,#3113,#3205,.T.);
#3205 = LINE('',#3206,#3207);
#3206 = CARTESIAN_POINT('',(-112.9484285443,4.870498842867,
    -123.6959048481));
#3207 = VECTOR('',#3208,1.);
#3208 = DIRECTION('',(-0.500015522718,-0.866016441554,2.22488278571E-07)
  );
#3209 = ORIENTED_EDGE('',*,*,#3112,.T.);
#3210 = PLANE('',#3211);
#3211 = AXIS2_PLACEMENT_3D('',#3212,#3213,#3214);
#3212 = CARTESIAN_POINT('',(-109.949472742,10.064627389149,
    -124.0959061826));
#3213 = DIRECTION('',(0.866016441554,-0.500015522718,3.304014879092E-07)
  );
#3214 = DIRECTION('',(0.500015522718,0.866016441554,-2.224883435692E-07)
  );
#3215 = ADVANCED_FACE('',(#3216),#3235,.T.);
#3216 = FACE_BOUND('',#3217,.T.);
#3217 = EDGE_LOOP('',(#3218,#3219,#3227,#3234));
#3218 = ORIENTED_EDGE('',*,*,#2522,.F.);
#3219 = ORIENTED_EDGE('',*,*,#3220,.F.);
#3220 = EDGE_CURVE('',#3221,#2489,#3223,.T.);
#3221 = VERTEX_POINT('',#3222);
#3222 = CARTESIAN_POINT('',(-88.08281518923,45.937324600516,
    -62.09591599106));
#3223 = LINE('',#3224,#3225);
#3224 = CARTESIAN_POINT('',(-88.08280434633,45.937302411681,
    -124.0959151967));
#3225 = VECTOR('',#3226,1.);
#3226 = DIRECTION('',(-1.748854954348E-07,3.578844362686E-07,1.));
#3227 = ORIENTED_EDGE('',*,*,#3228,.T.);
#3228 = EDGE_CURVE('',#3221,#3147,#3229,.T.);
#3229 = ELLIPSE('',#3230,1.11803398875,1.);
#3230 = AXIS2_PLACEMENT_3D('',#3231,#3232,#3233);
#3231 = CARTESIAN_POINT('',(-88.58283071195,45.071308158962,
    -62.09591576857));
#3232 = DIRECTION('',(-0.387294483012,0.223614059822,0.89442704324));
#3233 = DIRECTION('',(-0.774588574967,0.44722731939,-0.44721389102));
#3234 = ORIENTED_EDGE('',*,*,#3146,.F.);
#3235 = CYLINDRICAL_SURFACE('',#3236,1.);
#3236 = AXIS2_PLACEMENT_3D('',#3237,#3238,#3239);
#3237 = CARTESIAN_POINT('',(-88.58281986905,45.071285970127,
    -124.0959149742));
#3238 = DIRECTION('',(-1.748854954348E-07,3.578844362686E-07,1.));
#3239 = DIRECTION('',(-0.258801731629,0.965930465254,-3.909521490875E-07
    ));
#3240 = ADVANCED_FACE('',(#3241),#3276,.F.);
#3241 = FACE_BOUND('',#3242,.T.);
#3242 = EDGE_LOOP('',(#3243,#3244,#3252,#3260,#3269,#3275));
#3243 = ORIENTED_EDGE('',*,*,#2498,.F.);
#3244 = ORIENTED_EDGE('',*,*,#3245,.T.);
#3245 = EDGE_CURVE('',#2464,#3246,#3248,.T.);
#3246 = VERTEX_POINT('',#3247);
#3247 = CARTESIAN_POINT('',(-69.9830708746,35.486998771543,
    -66.01943795866));
#3248 = LINE('',#3249,#3250);
#3249 = CARTESIAN_POINT('',(-69.9830636472,35.486983981442,
    -107.3459082913));
#3250 = VECTOR('',#3251,1.);
#3251 = DIRECTION('',(1.748854955747E-07,-3.578844363494E-07,-1.));
#3252 = ORIENTED_EDGE('',*,*,#3253,.T.);
#3253 = EDGE_CURVE('',#3246,#3254,#3256,.T.);
#3254 = VERTEX_POINT('',#3255);
#3255 = CARTESIAN_POINT('',(-76.06659296219,38.999467277496,
    -66.01944027963));
#3256 = LINE('',#3257,#3258);
#3257 = CARTESIAN_POINT('',(-87.21679806151,45.437307673628,
    -66.01944453365));
#3258 = VECTOR('',#3259,1.);
#3259 = DIRECTION('',(-0.866016441554,0.500015522718,-3.304014880881E-07
    ));
#3260 = ORIENTED_EDGE('',*,*,#3261,.T.);
#3261 = EDGE_CURVE('',#3254,#3262,#3264,.T.);
#3262 = VERTEX_POINT('',#3263);
#3263 = CARTESIAN_POINT('',(-83.75273298147,43.437246986926,
    -62.09591433905));
#3264 = CIRCLE('',#3265,12.);
#3265 = AXIS2_PLACEMENT_3D('',#3266,#3267,#3268);
#3266 = CARTESIAN_POINT('',(-83.75273088284,43.437242692313,
    -74.09591433905));
#3267 = DIRECTION('',(-0.500015522718,-0.866016441554,2.224883435542E-07
    ));
#3268 = DIRECTION('',(0.315695409217,-0.182274135116,0.931188782292));
#3269 = ORIENTED_EDGE('',*,*,#3270,.T.);
#3270 = EDGE_CURVE('',#3262,#3221,#3271,.T.);
#3271 = LINE('',#3272,#3273);
#3272 = CARTESIAN_POINT('',(-88.94883163079,46.437340123233,
    -62.09591632146));
#3273 = VECTOR('',#3274,1.);
#3274 = DIRECTION('',(-0.866016441554,0.500015522718,-3.304014879092E-07
    ));
#3275 = ORIENTED_EDGE('',*,*,#3220,.T.);
#3276 = PLANE('',#3277);
#3277 = AXIS2_PLACEMENT_3D('',#3278,#3279,#3280);
#3278 = CARTESIAN_POINT('',(-88.94882078789,46.437317934399,
    -124.0959155271));
#3279 = DIRECTION('',(-0.500015522718,-0.866016441554,2.224883435692E-07
    ));
#3280 = DIRECTION('',(0.866016441554,-0.500015522718,3.304014879092E-07)
  );
#3281 = ADVANCED_FACE('',(#3282),#3301,.T.);
#3282 = FACE_BOUND('',#3283,.T.);
#3283 = EDGE_LOOP('',(#3284,#3285,#3293,#3300));
#3284 = ORIENTED_EDGE('',*,*,#2473,.F.);
#3285 = ORIENTED_EDGE('',*,*,#3286,.F.);
#3286 = EDGE_CURVE('',#3287,#2441,#3289,.T.);
#3287 = VERTEX_POINT('',#3288);
#3288 = CARTESIAN_POINT('',(-69.25106903692,32.754934843,-66.01943685288
    ));
#3289 = LINE('',#3290,#3291);
#3290 = CARTESIAN_POINT('',(-69.25106180952,32.754920052899,
    -107.3459071855));
#3291 = VECTOR('',#3292,1.);
#3292 = DIRECTION('',(-1.748854955747E-07,3.578844363494E-07,1.));
#3293 = ORIENTED_EDGE('',*,*,#3294,.F.);
#3294 = EDGE_CURVE('',#3246,#3287,#3295,.T.);
#3295 = CIRCLE('',#3296,2.);
#3296 = AXIS2_PLACEMENT_3D('',#3297,#3298,#3299);
#3297 = CARTESIAN_POINT('',(-70.98310192003,33.754965888435,
    -66.01943751368));
#3298 = DIRECTION('',(1.748854927177E-07,-3.578844372593E-07,-1.));
#3299 = DIRECTION('',(0.500015522718,0.866016441554,-2.224883457857E-07)
  );
#3300 = ORIENTED_EDGE('',*,*,#3245,.F.);
#3301 = CYLINDRICAL_SURFACE('',#3302,2.);
#3302 = AXIS2_PLACEMENT_3D('',#3303,#3304,#3305);
#3303 = CARTESIAN_POINT('',(-70.98309469263,33.754951098335,
    -107.3459078463));
#3304 = DIRECTION('',(1.748854955747E-07,-3.578844363494E-07,-1.));
#3305 = DIRECTION('',(0.965930465254,0.258801731629,7.630611625626E-08)
  );
#3306 = ADVANCED_FACE('',(#3307),#3375,.F.);
#3307 = FACE_BOUND('',#3308,.T.);
#3308 = EDGE_LOOP('',(#3309,#3310,#3318,#3326,#3334,#3342,#3351,#3359,
    #3368,#3374));
#3309 = ORIENTED_EDGE('',*,*,#2440,.F.);
#3310 = ORIENTED_EDGE('',*,*,#3311,.F.);
#3311 = EDGE_CURVE('',#3312,#2433,#3314,.T.);
#3312 = VERTEX_POINT('',#3313);
#3313 = CARTESIAN_POINT('',(-75.97620680142,21.107098590829,
    -123.6959060785));
#3314 = LINE('',#3315,#3316);
#3315 = CARTESIAN_POINT('',(-75.97621355201,21.107112405165,
    -85.09590398348));
#3316 = VECTOR('',#3317,1.);
#3317 = DIRECTION('',(-1.748855614707E-07,3.578843222189E-07,1.));
#3318 = ORIENTED_EDGE('',*,*,#3319,.T.);
#3319 = EDGE_CURVE('',#3312,#3320,#3322,.T.);
#3320 = VERTEX_POINT('',#3321);
#3321 = CARTESIAN_POINT('',(-69.25105895015,32.754914201488,
    -123.6959090709));
#3322 = LINE('',#3323,#3324);
#3323 = CARTESIAN_POINT('',(-86.75046484132,2.446308706999,
    -123.6959012843));
#3324 = VECTOR('',#3325,1.);
#3325 = DIRECTION('',(0.500015522718,0.866016441554,-2.22488278571E-07)
  );
#3326 = ORIENTED_EDGE('',*,*,#3327,.T.);
#3327 = EDGE_CURVE('',#3320,#3328,#3330,.T.);
#3328 = VERTEX_POINT('',#3329);
#3329 = CARTESIAN_POINT('',(-69.25106307968,32.754922652144,
    -100.083102735));
#3330 = LINE('',#3331,#3332);
#3331 = CARTESIAN_POINT('',(-69.25106180952,32.754920052899,
    -107.3459071855));
#3332 = VECTOR('',#3333,1.);
#3333 = DIRECTION('',(-1.748854955747E-07,3.578844363494E-07,1.));
#3334 = ORIENTED_EDGE('',*,*,#3335,.T.);
#3335 = EDGE_CURVE('',#3328,#3336,#3338,.T.);
#3336 = VERTEX_POINT('',#3337);
#3337 = CARTESIAN_POINT('',(-74.00121150472,24.52776842032,
    -94.59827306412));
#3338 = LINE('',#3339,#3340);
#3339 = CARTESIAN_POINT('',(-73.6532196758,25.130482734019,
    -95.00008701555));
#3340 = VECTOR('',#3341,1.);
#3341 = DIRECTION('',(-0.433026232403,-0.749992059538,0.500000192681));
#3342 = ORIENTED_EDGE('',*,*,#3343,.T.);
#3343 = EDGE_CURVE('',#3336,#3344,#3346,.T.);
#3344 = VERTEX_POINT('',#3345);
#3345 = CARTESIAN_POINT('',(-75.50125898161,21.929720955281,
    -89.40211997395));
#3346 = CIRCLE('',#3347,6.);
#3347 = AXIS2_PLACEMENT_3D('',#3348,#3349,#3350);
#3348 = CARTESIAN_POINT('',(-72.5011658453,27.125819604603,
    -89.40212130888));
#3349 = DIRECTION('',(-0.866016441554,0.500015522718,-3.304014881134E-07
    ));
#3350 = DIRECTION('',(-0.433026057518,-0.749992417423,-0.499999807319));
#3351 = ORIENTED_EDGE('',*,*,#3352,.T.);
#3352 = EDGE_CURVE('',#3344,#3353,#3355,.T.);
#3353 = VERTEX_POINT('',#3354);
#3354 = CARTESIAN_POINT('',(-75.50126090004,21.929724881151,
    -78.43246485935));
#3355 = LINE('',#3356,#3357);
#3356 = CARTESIAN_POINT('',(-75.50125887722,21.929720741663,
    -89.9990121892));
#3357 = VECTOR('',#3358,1.);
#3358 = DIRECTION('',(-1.74885463187E-07,3.578844924443E-07,1.));
#3359 = ORIENTED_EDGE('',*,*,#3360,.T.);
#3360 = EDGE_CURVE('',#3353,#3361,#3363,.T.);
#3361 = VERTEX_POINT('',#3362);
#3362 = CARTESIAN_POINT('',(-73.25119241091,25.826801657575,
    -70.63823722649));
#3363 = CIRCLE('',#3364,9.);
#3364 = AXIS2_PLACEMENT_3D('',#3365,#3366,#3367);
#3365 = CARTESIAN_POINT('',(-71.00112119558,29.723872855133,
    -78.43246686174));
#3366 = DIRECTION('',(-0.866016441554,0.500015522718,-3.304014880301E-07
    ));
#3367 = DIRECTION('',(-0.433026232403,-0.749992059538,0.500000192681));
#3368 = ORIENTED_EDGE('',*,*,#3369,.F.);
#3369 = EDGE_CURVE('',#3287,#3361,#3370,.T.);
#3370 = LINE('',#3371,#3372);
#3371 = CARTESIAN_POINT('',(-77.28679783468,18.837214275954,
    -75.29800746265));
#3372 = VECTOR('',#3373,1.);
#3373 = DIRECTION('',(-0.433026057518,-0.749992417423,-0.499999807319));
#3374 = ORIENTED_EDGE('',*,*,#3286,.T.);
#3375 = PLANE('',#3376);
#3376 = AXIS2_PLACEMENT_3D('',#3377,#3378,#3379);
#3377 = CARTESIAN_POINT('',(-78.25134414778,17.166630099499,
    -90.59590318076));
#3378 = DIRECTION('',(-0.866016441554,0.500015522718,-3.304014880708E-07
    ));
#3379 = DIRECTION('',(-0.500015522718,-0.866016441553,4.291131585522E-07
    ));
#3380 = ADVANCED_FACE('',(#3381),#3409,.F.);
#3381 = FACE_BOUND('',#3382,.F.);
#3382 = EDGE_LOOP('',(#3383,#3384,#3393,#3402,#3408));
#3383 = ORIENTED_EDGE('',*,*,#501,.T.);
#3384 = ORIENTED_EDGE('',*,*,#3385,.T.);
#3385 = EDGE_CURVE('',#502,#3386,#3388,.T.);
#3386 = VERTEX_POINT('',#3387);
#3387 = CARTESIAN_POINT('',(-93.2100056013,31.057327161663,
    -57.56083029231));
#3388 = CIRCLE('',#3389,6.);
#3389 = AXIS2_PLACEMENT_3D('',#3390,#3391,#3392);
#3390 = CARTESIAN_POINT('',(-91.97155615796,33.202298861484,
    -52.09591131914));
#3391 = DIRECTION('',(-0.866016393126,0.500015606593,-3.304014724037E-07
    ));
#3392 = DIRECTION('',(-0.461954213771,-0.80009461762,0.382683821496));
#3393 = ORIENTED_EDGE('',*,*,#3394,.F.);
#3394 = EDGE_CURVE('',#3395,#3386,#3397,.T.);
#3395 = VERTEX_POINT('',#3396);
#3396 = CARTESIAN_POINT('',(-94.09294281577,29.528099497762,
    -56.33854937626));
#3397 = CIRCLE('',#3398,6.);
#3398 = AXIS2_PLACEMENT_3D('',#3399,#3400,#3401);
#3399 = CARTESIAN_POINT('',(-91.97155615796,33.202298861484,
    -52.09591131914));
#3400 = DIRECTION('',(0.866016393126,-0.500015606593,3.304014724037E-07)
  );
#3401 = DIRECTION('',(-0.461954213771,-0.80009461762,0.382683821496));
#3402 = ORIENTED_EDGE('',*,*,#3403,.T.);
#3403 = EDGE_CURVE('',#3395,#2562,#3404,.T.);
#3404 = LINE('',#3405,#3406);
#3405 = CARTESIAN_POINT('',(-64.41101974737,12.390523851189,
    -56.33853805205));
#3406 = VECTOR('',#3407,1.);
#3407 = DIRECTION('',(-0.866016441554,0.500015522717,-3.304014512007E-07
    ));
#3408 = ORIENTED_EDGE('',*,*,#2561,.T.);
#3409 = CYLINDRICAL_SURFACE('',#3410,6.);
#3410 = AXIS2_PLACEMENT_3D('',#3411,#3412,#3413);
#3411 = CARTESIAN_POINT('',(-62.28963344542,16.06472342037,
    -52.09589999493));
#3412 = DIRECTION('',(-0.866016441554,0.500015522717,-3.304014512007E-07
    ));
#3413 = DIRECTION('',(-0.191347586689,-0.331410633963,-0.923879371328));
#3414 = ADVANCED_FACE('',(#3415),#3433,.F.);
#3415 = FACE_BOUND('',#3416,.T.);
#3416 = EDGE_LOOP('',(#3417,#3418,#3426,#3432));
#3417 = ORIENTED_EDGE('',*,*,#2611,.F.);
#3418 = ORIENTED_EDGE('',*,*,#3419,.T.);
#3419 = EDGE_CURVE('',#2604,#3420,#3422,.T.);
#3420 = VERTEX_POINT('',#3421);
#3421 = CARTESIAN_POINT('',(-97.33568158671,23.911749218907,
    -49.85326993125));
#3422 = LINE('',#3423,#3424);
#3423 = CARTESIAN_POINT('',(-88.59639616822,18.865911568453,
    -49.85326659705));
#3424 = VECTOR('',#3425,1.);
#3425 = DIRECTION('',(0.866016441554,-0.500015522717,3.304014512007E-07)
  );
#3426 = ORIENTED_EDGE('',*,*,#3427,.T.);
#3427 = EDGE_CURVE('',#3420,#3395,#3428,.T.);
#3428 = LINE('',#3429,#3430);
#3429 = CARTESIAN_POINT('',(-97.3383067732,23.907202455232,
    -49.84801971865));
#3430 = VECTOR('',#3431,1.);
#3431 = DIRECTION('',(0.353564409274,0.612365567776,-0.70710721952));
#3432 = ORIENTED_EDGE('',*,*,#3403,.T.);
#3433 = PLANE('',#3434);
#3434 = AXIS2_PLACEMENT_3D('',#3435,#3436,#3437);
#3435 = CARTESIAN_POINT('',(-76.5037079578,15.628217709821,
    -53.09590232455));
#3436 = DIRECTION('',(-0.353564383659,-0.612366594864,-0.707106342853));
#3437 = DIRECTION('',(0.353564569122,0.612365475484,-0.70710721952));
#3438 = ADVANCED_FACE('',(#3439),#3458,.F.);
#3439 = FACE_BOUND('',#3440,.F.);
#3440 = EDGE_LOOP('',(#3441,#3442,#3451,#3457));
#3441 = ORIENTED_EDGE('',*,*,#3419,.T.);
#3442 = ORIENTED_EDGE('',*,*,#3443,.F.);
#3443 = EDGE_CURVE('',#3444,#3420,#3446,.T.);
#3444 = VERTEX_POINT('',#3445);
#3445 = CARTESIAN_POINT('',(-98.21438856846,22.389850223873,
    -45.6106257703));
#3446 = CIRCLE('',#3447,6.);
#3447 = AXIS2_PLACEMENT_3D('',#3448,#3449,#3450);
#3448 = CARTESIAN_POINT('',(-95.2142949289,27.585948582629,
    -45.61063187413));
#3449 = DIRECTION('',(0.866016393126,-0.500015606593,3.304014723482E-07)
  );
#3450 = DIRECTION('',(-0.461954232006,-0.800095154943,-0.382682676076));
#3451 = ORIENTED_EDGE('',*,*,#3452,.T.);
#3452 = EDGE_CURVE('',#3444,#2626,#3453,.T.);
#3453 = LINE('',#3454,#3455);
#3454 = CARTESIAN_POINT('',(-89.47510300257,17.344012488316,
    -45.6106224361));
#3455 = VECTOR('',#3456,1.);
#3456 = DIRECTION('',(-0.866016441554,0.500015522717,-3.304014512007E-07
    ));
#3457 = ORIENTED_EDGE('',*,*,#2625,.T.);
#3458 = CYLINDRICAL_SURFACE('',#3459,6.);
#3459 = AXIS2_PLACEMENT_3D('',#3460,#3461,#3462);
#3460 = CARTESIAN_POINT('',(-86.47500986627,22.540111137635,
    -45.61062853993));
#3461 = DIRECTION('',(0.866016441554,-0.500015522717,3.304014512007E-07)
  );
#3462 = DIRECTION('',(-0.461954154516,-0.800095199684,-0.382682676076));
#3463 = ADVANCED_FACE('',(#3464),#3475,.F.);
#3464 = FACE_BOUND('',#3465,.T.);
#3465 = EDGE_LOOP('',(#3466,#3467,#3468,#3474));
#3466 = ORIENTED_EDGE('',*,*,#2666,.F.);
#3467 = ORIENTED_EDGE('',*,*,#2408,.F.);
#3468 = ORIENTED_EDGE('',*,*,#3469,.T.);
#3469 = EDGE_CURVE('',#2409,#3444,#3470,.T.);
#3470 = LINE('',#3471,#3472);
#3471 = CARTESIAN_POINT('',(-98.21438750814,22.389855208768,
    -40.84590456388));
#3472 = VECTOR('',#3473,1.);
#3473 = DIRECTION('',(-2.22535538127E-07,-1.046209137333E-06,
    -0.999999999999));
#3474 = ORIENTED_EDGE('',*,*,#3452,.T.);
#3475 = PLANE('',#3476);
#3476 = AXIS2_PLACEMENT_3D('',#3477,#3478,#3479);
#3477 = CARTESIAN_POINT('',(-99.94642231876,23.389880612596,
    -46.59590920212));
#3478 = DIRECTION('',(-0.500015522718,-0.866016441553,1.017305537654E-06
    ));
#3479 = DIRECTION('',(8.739833931203E-08,-1.225156952062E-06,
    -0.999999999999));
#3480 = ADVANCED_FACE('',(#3481),#3494,.T.);
#3481 = FACE_BOUND('',#3482,.T.);
#3482 = EDGE_LOOP('',(#3483,#3484,#3490,#3491,#3492,#3493));
#3483 = ORIENTED_EDGE('',*,*,#2680,.F.);
#3484 = ORIENTED_EDGE('',*,*,#3485,.T.);
#3485 = EDGE_CURVE('',#2681,#3386,#3486,.T.);
#3486 = LINE('',#3487,#3488);
#3487 = CARTESIAN_POINT('',(-93.21000751891,31.057331085837,
    -46.59591076808));
#3488 = VECTOR('',#3489,1.);
#3489 = DIRECTION('',(1.748854515644E-07,-3.578844380494E-07,-1.));
#3490 = ORIENTED_EDGE('',*,*,#3394,.F.);
#3491 = ORIENTED_EDGE('',*,*,#3427,.F.);
#3492 = ORIENTED_EDGE('',*,*,#3443,.F.);
#3493 = ORIENTED_EDGE('',*,*,#3469,.F.);
#3494 = PLANE('',#3495);
#3495 = AXIS2_PLACEMENT_3D('',#3496,#3497,#3498);
#3496 = CARTESIAN_POINT('',(-93.21000953009,31.057335201508,
    -35.09591076808));
#3497 = DIRECTION('',(-0.866016393126,0.500015606593,-3.304014723555E-07
    ));
#3498 = DIRECTION('',(1.748854515644E-07,-3.578844380494E-07,-1.));
#3499 = ADVANCED_FACE('',(#3500),#3542,.F.);
#3500 = FACE_BOUND('',#3501,.T.);
#3501 = EDGE_LOOP('',(#3502,#3503,#3504,#3505,#3511,#3512,#3520,#3528,
    #3534,#3535,#3541));
#3502 = ORIENTED_EDGE('',*,*,#2704,.F.);
#3503 = ORIENTED_EDGE('',*,*,#1498,.F.);
#3504 = ORIENTED_EDGE('',*,*,#1460,.F.);
#3505 = ORIENTED_EDGE('',*,*,#3506,.T.);
#3506 = EDGE_CURVE('',#1461,#452,#3507,.T.);
#3507 = LINE('',#3508,#3509);
#3508 = CARTESIAN_POINT('',(-75.97609438027,21.106906878235,
    -68.84590398339));
#3509 = VECTOR('',#3510,1.);
#3510 = DIRECTION('',(1.748857167318E-07,-3.578845911502E-07,-1.));
#3511 = ORIENTED_EDGE('',*,*,#567,.T.);
#3512 = ORIENTED_EDGE('',*,*,#3513,.T.);
#3513 = EDGE_CURVE('',#560,#3514,#3516,.T.);
#3514 = VERTEX_POINT('',#3515);
#3515 = CARTESIAN_POINT('',(-82.73120732606,25.007138487794,
    -57.09590677022));
#3516 = LINE('',#3517,#3518);
#3517 = CARTESIAN_POINT('',(-84.91789829412,26.269678298641,
    -54.57090860434));
#3518 = VECTOR('',#3519,1.);
#3519 = DIRECTION('',(-0.612366187861,0.353564679183,0.707106547557));
#3520 = ORIENTED_EDGE('',*,*,#3521,.T.);
#3521 = EDGE_CURVE('',#3514,#3522,#3524,.T.);
#3522 = VERTEX_POINT('',#3523);
#3523 = CARTESIAN_POINT('',(-86.3684761772,27.10720403547,
    -57.09590815791));
#3524 = LINE('',#3525,#3526);
#3525 = CARTESIAN_POINT('',(-88.87992184366,28.55724821348,
    -57.09590911607));
#3526 = VECTOR('',#3527,1.);
#3527 = DIRECTION('',(-0.866016393126,0.500015606593,-3.304015094575E-07
    ));
#3528 = ORIENTED_EDGE('',*,*,#3529,.T.);
#3529 = EDGE_CURVE('',#3522,#518,#3530,.T.);
#3530 = LINE('',#3531,#3532);
#3531 = CARTESIAN_POINT('',(-88.51186530963,28.344741194857,
    -59.57090781236));
#3532 = VECTOR('',#3533,1.);
#3533 = DIRECTION('',(-0.612365940536,0.353564173058,-0.707107014816));
#3534 = ORIENTED_EDGE('',*,*,#517,.T.);
#3535 = ORIENTED_EDGE('',*,*,#3536,.F.);
#3536 = EDGE_CURVE('',#3386,#510,#3537,.T.);
#3537 = LINE('',#3538,#3539);
#3538 = CARTESIAN_POINT('',(-93.21000953009,31.057335201508,
    -35.09591076808));
#3539 = VECTOR('',#3540,1.);
#3540 = DIRECTION('',(1.748854515644E-07,-3.578844380494E-07,-1.));
#3541 = ORIENTED_EDGE('',*,*,#3485,.F.);
#3542 = PLANE('',#3543);
#3543 = AXIS2_PLACEMENT_3D('',#3544,#3545,#3546);
#3544 = CARTESIAN_POINT('',(-93.21000179463,31.057324826323,
    -58.09591076808));
#3545 = DIRECTION('',(-0.500015606593,-0.866016393126,2.224883350474E-07
    ));
#3546 = DIRECTION('',(0.866016393126,-0.500015606593,3.304014739001E-07)
  );
#3547 = ADVANCED_FACE('',(#3548),#3610,.F.);
#3548 = FACE_BOUND('',#3549,.T.);
#3549 = EDGE_LOOP('',(#3550,#3551,#3552,#3560,#3568,#3576,#3584,#3592,
    #3600,#3606,#3607,#3608,#3609));
#3550 = ORIENTED_EDGE('',*,*,#2821,.F.);
#3551 = ORIENTED_EDGE('',*,*,#2846,.F.);
#3552 = ORIENTED_EDGE('',*,*,#3553,.T.);
#3553 = EDGE_CURVE('',#2837,#3554,#3556,.T.);
#3554 = VERTEX_POINT('',#3555);
#3555 = CARTESIAN_POINT('',(-63.21313322586,-1.000105716426,
    -74.83473744354));
#3556 = LINE('',#3557,#3558);
#3557 = CARTESIAN_POINT('',(-62.0546133196,-3.006804120309,
    -74.83473604397));
#3558 = VECTOR('',#3559,1.);
#3559 = DIRECTION('',(0.499984477121,-0.866034365737,6.04011433082E-07)
  );
#3560 = ORIENTED_EDGE('',*,*,#3561,.T.);
#3561 = EDGE_CURVE('',#3554,#3562,#3564,.T.);
#3562 = VERTEX_POINT('',#3563);
#3563 = CARTESIAN_POINT('',(-63.21313167617,-1.000108887696,
    -83.6958940492));
#3564 = LINE('',#3565,#3566);
#3565 = CARTESIAN_POINT('',(-63.2131323932,-1.00010742037,
    -79.59589435032));
#3566 = VECTOR('',#3567,1.);
#3567 = DIRECTION('',(1.748855852325E-07,-3.578843633772E-07,-1.));
#3568 = ORIENTED_EDGE('',*,*,#3569,.T.);
#3569 = EDGE_CURVE('',#3562,#3570,#3572,.T.);
#3570 = VERTEX_POINT('',#3571);
#3571 = CARTESIAN_POINT('',(-67.03800685278,5.625043490377,
    -83.69589708916));
#3572 = LINE('',#3573,#3574);
#3573 = CARTESIAN_POINT('',(-63.01569369764,-1.342095653952,
    -83.69589389228));
#3574 = VECTOR('',#3575,1.);
#3575 = DIRECTION('',(-0.499984477121,0.866034365737,-3.97380324641E-07)
  );
#3576 = ORIENTED_EDGE('',*,*,#3577,.T.);
#3577 = EDGE_CURVE('',#3570,#3578,#3580,.T.);
#3578 = VERTEX_POINT('',#3579);
#3579 = CARTESIAN_POINT('',(-67.03800036795,5.625030532084,
    -115.0958970891));
#3580 = LINE('',#3581,#3582);
#3581 = CARTESIAN_POINT('',(-67.03800551834,5.62504107178,
    -85.64589687953));
#3582 = VECTOR('',#3583,1.);
#3583 = DIRECTION('',(1.748856296178E-07,-3.578844402582E-07,-1.));
#3584 = ORIENTED_EDGE('',*,*,#3585,.T.);
#3585 = EDGE_CURVE('',#3578,#3586,#3588,.T.);
#3586 = VERTEX_POINT('',#3587);
#3587 = CARTESIAN_POINT('',(-63.21312618476,-1.000120125265,
    -115.0958940492));
#3588 = LINE('',#3589,#3590);
#3589 = CARTESIAN_POINT('',(-63.01568721281,-1.342108612246,
    -115.0958938922));
#3590 = VECTOR('',#3591,1.);
#3591 = DIRECTION('',(0.499984477121,-0.866034365737,3.97380324641E-07)
  );
#3592 = ORIENTED_EDGE('',*,*,#3593,.T.);
#3593 = EDGE_CURVE('',#3586,#3594,#3596,.T.);
#3594 = VERTEX_POINT('',#3595);
#3595 = CARTESIAN_POINT('',(-63.21312468075,-1.00012320307,
    -123.6958940492));
#3596 = LINE('',#3597,#3598);
#3597 = CARTESIAN_POINT('',(-63.2131323932,-1.00010742037,
    -79.59589435032));
#3598 = VECTOR('',#3599,1.);
#3599 = DIRECTION('',(1.748855852325E-07,-3.578843633772E-07,-1.));
#3600 = ORIENTED_EDGE('',*,*,#3601,.T.);
#3601 = EDGE_CURVE('',#3594,#3312,#3602,.T.);
#3602 = LINE('',#3603,#3604);
#3603 = CARTESIAN_POINT('',(-58.97084716219,-8.348267571903,
    -123.6958906775));
#3604 = VECTOR('',#3605,1.);
#3605 = DIRECTION('',(-0.499984477121,0.866034365737,-3.973803230635E-07
    ));
#3606 = ORIENTED_EDGE('',*,*,#3311,.T.);
#3607 = ORIENTED_EDGE('',*,*,#2432,.T.);
#3608 = ORIENTED_EDGE('',*,*,#449,.T.);
#3609 = ORIENTED_EDGE('',*,*,#3506,.F.);
#3610 = PLANE('',#3611);
#3611 = AXIS2_PLACEMENT_3D('',#3612,#3613,#3614);
#3612 = CARTESIAN_POINT('',(-63.0611093907,-1.263429884503,
    -79.59589350912));
#3613 = DIRECTION('',(-0.866034365737,-0.499984477121,2.747969940977E-08
    ));
#3614 = DIRECTION('',(1.748855058575E-07,-3.578842258901E-07,-1.));
#3615 = ADVANCED_FACE('',(#3616),#3628,.T.);
#3616 = FACE_BOUND('',#3617,.T.);
#3617 = EDGE_LOOP('',(#3618,#3619,#3620,#3621,#3622,#3623,#3624,#3625,
    #3626,#3627));
#3618 = ORIENTED_EDGE('',*,*,#1874,.F.);
#3619 = ORIENTED_EDGE('',*,*,#1905,.F.);
#3620 = ORIENTED_EDGE('',*,*,#1938,.F.);
#3621 = ORIENTED_EDGE('',*,*,#1969,.F.);
#3622 = ORIENTED_EDGE('',*,*,#1992,.F.);
#3623 = ORIENTED_EDGE('',*,*,#1662,.F.);
#3624 = ORIENTED_EDGE('',*,*,#1742,.F.);
#3625 = ORIENTED_EDGE('',*,*,#1765,.F.);
#3626 = ORIENTED_EDGE('',*,*,#2045,.F.);
#3627 = ORIENTED_EDGE('',*,*,#2023,.F.);
#3628 = PLANE('',#3629);
#3629 = AXIS2_PLACEMENT_3D('',#3630,#3631,#3632);
#3630 = CARTESIAN_POINT('',(-66.30314898518,-23.2613023005,
    -31.09588662266));
#3631 = DIRECTION('',(-1.748854533749E-07,3.578844413144E-07,1.));
#3632 = DIRECTION('',(1.,3.08512240859E-14,1.748854533749E-07));
#3633 = ADVANCED_FACE('',(#3634),#3646,.F.);
#3634 = FACE_BOUND('',#3635,.T.);
#3635 = EDGE_LOOP('',(#3636,#3637,#3638,#3639,#3640,#3641,#3642,#3643,
    #3644,#3645));
#3636 = ORIENTED_EDGE('',*,*,#2738,.F.);
#3637 = ORIENTED_EDGE('',*,*,#2792,.F.);
#3638 = ORIENTED_EDGE('',*,*,#1406,.F.);
#3639 = ORIENTED_EDGE('',*,*,#1382,.F.);
#3640 = ORIENTED_EDGE('',*,*,#1350,.F.);
#3641 = ORIENTED_EDGE('',*,*,#1300,.F.);
#3642 = ORIENTED_EDGE('',*,*,#1286,.F.);
#3643 = ORIENTED_EDGE('',*,*,#2814,.F.);
#3644 = ORIENTED_EDGE('',*,*,#1469,.F.);
#3645 = ORIENTED_EDGE('',*,*,#2771,.F.);
#3646 = PLANE('',#3647);
#3647 = AXIS2_PLACEMENT_3D('',#3648,#3649,#3650);
#3648 = CARTESIAN_POINT('',(-84.0367687021,7.454863782479,
    -31.09590071685));
#3649 = DIRECTION('',(1.748854518068E-07,-3.578844385982E-07,-1.));
#3650 = DIRECTION('',(0.500015522718,0.866016441554,-2.224883674013E-07)
  );
#3651 = ADVANCED_FACE('',(#3652),#3692,.F.);
#3652 = FACE_BOUND('',#3653,.T.);
#3653 = EDGE_LOOP('',(#3654,#3662,#3670,#3678,#3686));
#3654 = ORIENTED_EDGE('',*,*,#3655,.T.);
#3655 = EDGE_CURVE('',#585,#3656,#3658,.T.);
#3656 = VERTEX_POINT('',#3657);
#3657 = CARTESIAN_POINT('',(-77.5024400714,34.863225635179,
    -60.29592853121));
#3658 = LINE('',#3659,#3660);
#3659 = CARTESIAN_POINT('',(-77.92745326571,34.127111659858,
    -60.29592819344));
#3660 = VECTOR('',#3661,1.);
#3661 = DIRECTION('',(0.500015522718,0.866016441553,-3.973738207762E-07)
  );
#3662 = ORIENTED_EDGE('',*,*,#3663,.T.);
#3663 = EDGE_CURVE('',#3656,#3664,#3666,.T.);
#3664 = VERTEX_POINT('',#3665);
#3665 = CARTESIAN_POINT('',(-77.50243999192,34.863225497521,
    -60.49592853121));
#3666 = LINE('',#3667,#3668);
#3667 = CARTESIAN_POINT('',(-77.5024400714,34.863225635179,
    -60.29592853121));
#3668 = VECTOR('',#3669,1.);
#3669 = DIRECTION('',(3.973738207762E-07,-6.882858926059E-07,-1.));
#3670 = ORIENTED_EDGE('',*,*,#3671,.T.);
#3671 = EDGE_CURVE('',#3664,#3672,#3674,.T.);
#3672 = VERTEX_POINT('',#3673);
#3673 = CARTESIAN_POINT('',(-79.20249276916,31.91876959624,
    -60.49592718014));
#3674 = LINE('',#3675,#3676);
#3675 = CARTESIAN_POINT('',(-77.50243999192,34.863225497521,
    -60.49592853121));
#3676 = VECTOR('',#3677,1.);
#3677 = DIRECTION('',(-0.500015522718,-0.866016441553,3.973738207762E-07
    ));
#3678 = ORIENTED_EDGE('',*,*,#3679,.T.);
#3679 = EDGE_CURVE('',#3672,#3680,#3682,.T.);
#3680 = VERTEX_POINT('',#3681);
#3681 = CARTESIAN_POINT('',(-79.20249284864,31.918769733897,
    -60.29592718014));
#3682 = LINE('',#3683,#3684);
#3683 = CARTESIAN_POINT('',(-79.20249284864,31.918769733897,
    -60.29592718014));
#3684 = VECTOR('',#3685,1.);
#3685 = DIRECTION('',(-3.973738207762E-07,6.882858926059E-07,1.));
#3686 = ORIENTED_EDGE('',*,*,#3687,.T.);
#3687 = EDGE_CURVE('',#3680,#585,#3688,.T.);
#3688 = LINE('',#3689,#3690);
#3689 = CARTESIAN_POINT('',(-77.92745326571,34.127111659858,
    -60.29592819344));
#3690 = VECTOR('',#3691,1.);
#3691 = DIRECTION('',(0.500015522718,0.866016441553,-3.973738207762E-07)
  );
#3692 = PLANE('',#3693);
#3693 = AXIS2_PLACEMENT_3D('',#3694,#3695,#3696);
#3694 = CARTESIAN_POINT('',(-77.5024400714,34.863225635179,
    -60.29592853121));
#3695 = DIRECTION('',(0.866016441553,-0.500015522718,6.882858926059E-07)
  );
#3696 = DIRECTION('',(-0.500015522718,-0.866016441553,3.973738207762E-07
    ));
#3697 = ADVANCED_FACE('',(#3698),#3724,.F.);
#3698 = FACE_BOUND('',#3699,.T.);
#3699 = EDGE_LOOP('',(#3700,#3711,#3717,#3718));
#3700 = ORIENTED_EDGE('',*,*,#3701,.T.);
#3701 = EDGE_CURVE('',#3702,#3704,#3706,.T.);
#3702 = VERTEX_POINT('',#3703);
#3703 = CARTESIAN_POINT('',(-76.72969674325,34.417063506977,
    -60.49592791705));
#3704 = VERTEX_POINT('',#3705);
#3705 = CARTESIAN_POINT('',(-78.4297495205,31.472607605695,
    -60.49592656598));
#3706 = CIRCLE('',#3707,3.1);
#3707 = AXIS2_PLACEMENT_3D('',#3708,#3709,#3710);
#3708 = CARTESIAN_POINT('',(-79.82469433118,34.241023935501,
    -60.49592902576));
#3709 = DIRECTION('',(3.973738208243E-07,-6.882858926336E-07,-1.));
#3710 = DIRECTION('',(-0.500015522718,-0.866016441554,3.973738207764E-07
    ));
#3711 = ORIENTED_EDGE('',*,*,#3712,.T.);
#3712 = EDGE_CURVE('',#3704,#3672,#3713,.T.);
#3713 = LINE('',#3714,#3715);
#3714 = CARTESIAN_POINT('',(-78.51301539029,31.520683168016,
    -60.49592663216));
#3715 = VECTOR('',#3716,1.);
#3716 = DIRECTION('',(-0.866016441553,0.500015522718,-6.882858926613E-07
    ));
#3717 = ORIENTED_EDGE('',*,*,#3671,.F.);
#3718 = ORIENTED_EDGE('',*,*,#3719,.T.);
#3719 = EDGE_CURVE('',#3664,#3702,#3720,.T.);
#3720 = LINE('',#3721,#3722);
#3721 = CARTESIAN_POINT('',(-79.05793381235,35.761327448463,
    -60.49592976747));
#3722 = VECTOR('',#3723,1.);
#3723 = DIRECTION('',(0.866016441553,-0.500015522718,6.882858926613E-07)
  );
#3724 = PLANE('',#3725);
#3725 = AXIS2_PLACEMENT_3D('',#3726,#3727,#3728);
#3726 = CARTESIAN_POINT('',(-77.74625487145,33.040986680978,
    -60.49592737387));
#3727 = DIRECTION('',(-3.973738208243E-07,6.882858926336E-07,1.));
#3728 = DIRECTION('',(-0.500015522718,-0.866016441553,3.973738207762E-07
    ));
#3729 = ADVANCED_FACE('',(#3730),#3740,.T.);
#3730 = FACE_BOUND('',#3731,.T.);
#3731 = EDGE_LOOP('',(#3732,#3733,#3734));
#3732 = ORIENTED_EDGE('',*,*,#3655,.F.);
#3733 = ORIENTED_EDGE('',*,*,#595,.F.);
#3734 = ORIENTED_EDGE('',*,*,#3735,.F.);
#3735 = EDGE_CURVE('',#3656,#596,#3736,.T.);
#3736 = LINE('',#3737,#3738);
#3737 = CARTESIAN_POINT('',(-80.09715362169,36.361346213381,
    -60.29593059341));
#3738 = VECTOR('',#3739,1.);
#3739 = DIRECTION('',(-0.866016441553,0.500015522718,-6.882858926613E-07
    ));
#3740 = PLANE('',#3741);
#3741 = AXIS2_PLACEMENT_3D('',#3742,#3743,#3744);
#3742 = CARTESIAN_POINT('',(-79.82469441066,34.241024073158,
    -60.29592902576));
#3743 = DIRECTION('',(3.973738208243E-07,-6.882858926336E-07,-1.));
#3744 = DIRECTION('',(-0.500015522718,-0.866016441554,3.973738207764E-07
    ));
#3745 = ADVANCED_FACE('',(#3746),#3797,.F.);
#3746 = FACE_BOUND('',#3747,.T.);
#3747 = EDGE_LOOP('',(#3748,#3749,#3750,#3758,#3766,#3774,#3782,#3790,
    #3796));
#3748 = ORIENTED_EDGE('',*,*,#3663,.F.);
#3749 = ORIENTED_EDGE('',*,*,#3735,.T.);
#3750 = ORIENTED_EDGE('',*,*,#3751,.T.);
#3751 = EDGE_CURVE('',#596,#3752,#3754,.T.);
#3752 = VERTEX_POINT('',#3753);
#3753 = CARTESIAN_POINT('',(-80.44689597268,36.563278412419,
    -60.29593087138));
#3754 = LINE('',#3755,#3756);
#3755 = CARTESIAN_POINT('',(-80.09715362169,36.361346213381,
    -60.29593059341));
#3756 = VECTOR('',#3757,1.);
#3757 = DIRECTION('',(-0.866016441553,0.500015522718,-6.882858926613E-07
    ));
#3758 = ORIENTED_EDGE('',*,*,#3759,.F.);
#3759 = EDGE_CURVE('',#3760,#3752,#3762,.T.);
#3760 = VERTEX_POINT('',#3761);
#3761 = CARTESIAN_POINT('',(-80.4468958932,36.563278274762,
    -60.49593087138));
#3762 = LINE('',#3763,#3764);
#3763 = CARTESIAN_POINT('',(-80.44689597268,36.563278412419,
    -60.29593087138));
#3764 = VECTOR('',#3765,1.);
#3765 = DIRECTION('',(-3.973738207762E-07,6.882858926059E-07,1.));
#3766 = ORIENTED_EDGE('',*,*,#3767,.F.);
#3767 = EDGE_CURVE('',#3768,#3760,#3770,.T.);
#3768 = VERTEX_POINT('',#3769);
#3769 = CARTESIAN_POINT('',(-81.21963914187,37.009440265306,
    -60.49593148553));
#3770 = LINE('',#3771,#3772);
#3771 = CARTESIAN_POINT('',(-81.13637327208,36.961364702985,
    -60.49593141936));
#3772 = VECTOR('',#3773,1.);
#3773 = DIRECTION('',(0.866016441553,-0.500015522718,6.882858926613E-07)
  );
#3774 = ORIENTED_EDGE('',*,*,#3775,.T.);
#3775 = EDGE_CURVE('',#3768,#3776,#3778,.T.);
#3776 = VERTEX_POINT('',#3777);
#3777 = CARTESIAN_POINT('',(-81.21963906239,37.009440127649,
    -60.69593148553));
#3778 = LINE('',#3779,#3780);
#3779 = CARTESIAN_POINT('',(-81.21963647946,37.009435653791,
    -67.19593148553));
#3780 = VECTOR('',#3781,1.);
#3781 = DIRECTION('',(3.973738208243E-07,-6.882858926336E-07,-1.));
#3782 = ORIENTED_EDGE('',*,*,#3783,.T.);
#3783 = EDGE_CURVE('',#3776,#3784,#3786,.T.);
#3784 = VERTEX_POINT('',#3785);
#3785 = CARTESIAN_POINT('',(-76.72969666378,34.41706336932,
    -60.69592791705));
#3786 = LINE('',#3787,#3788);
#3787 = CARTESIAN_POINT('',(-76.72969666378,34.41706336932,
    -60.69592791705));
#3788 = VECTOR('',#3789,1.);
#3789 = DIRECTION('',(0.866016441553,-0.500015522718,6.882858926613E-07)
  );
#3790 = ORIENTED_EDGE('',*,*,#3791,.T.);
#3791 = EDGE_CURVE('',#3784,#3702,#3792,.T.);
#3792 = LINE('',#3793,#3794);
#3793 = CARTESIAN_POINT('',(-76.72969408085,34.417058895461,
    -67.19592791705));
#3794 = VECTOR('',#3795,1.);
#3795 = DIRECTION('',(-3.973738208243E-07,6.882858926336E-07,1.));
#3796 = ORIENTED_EDGE('',*,*,#3719,.F.);
#3797 = PLANE('',#3798);
#3798 = AXIS2_PLACEMENT_3D('',#3799,#3800,#3801);
#3799 = CARTESIAN_POINT('',(-81.21963922134,37.009440402963,
    -60.29593148553));
#3800 = DIRECTION('',(0.500015522718,0.866016441553,-3.973738207762E-07)
  );
#3801 = DIRECTION('',(0.866016441553,-0.500015522718,6.882858926613E-07)
  );
#3802 = ADVANCED_FACE('',(#3803),#3834,.F.);
#3803 = FACE_BOUND('',#3804,.T.);
#3804 = EDGE_LOOP('',(#3805,#3811,#3819,#3827,#3833));
#3805 = ORIENTED_EDGE('',*,*,#3806,.T.);
#3806 = EDGE_CURVE('',#3752,#614,#3807,.T.);
#3807 = LINE('',#3808,#3809);
#3808 = CARTESIAN_POINT('',(-81.72193555561,34.354936486457,
    -60.29592985808));
#3809 = VECTOR('',#3810,1.);
#3810 = DIRECTION('',(-0.500015522718,-0.866016441553,3.973738207762E-07
    ));
#3811 = ORIENTED_EDGE('',*,*,#3812,.T.);
#3812 = EDGE_CURVE('',#614,#3813,#3815,.T.);
#3813 = VERTEX_POINT('',#3814);
#3814 = CARTESIAN_POINT('',(-82.14694874992,33.618822511137,
    -60.29592952031));
#3815 = LINE('',#3816,#3817);
#3816 = CARTESIAN_POINT('',(-81.72193555561,34.354936486457,
    -60.29592985808));
#3817 = VECTOR('',#3818,1.);
#3818 = DIRECTION('',(-0.500015522718,-0.866016441553,3.973738207762E-07
    ));
#3819 = ORIENTED_EDGE('',*,*,#3820,.T.);
#3820 = EDGE_CURVE('',#3813,#3821,#3823,.T.);
#3821 = VERTEX_POINT('',#3822);
#3822 = CARTESIAN_POINT('',(-82.14694867044,33.61882237348,
    -60.49592952031));
#3823 = LINE('',#3824,#3825);
#3824 = CARTESIAN_POINT('',(-82.14694874992,33.618822511137,
    -60.29592952031));
#3825 = VECTOR('',#3826,1.);
#3826 = DIRECTION('',(3.973738207762E-07,-6.882858926059E-07,-1.));
#3827 = ORIENTED_EDGE('',*,*,#3828,.T.);
#3828 = EDGE_CURVE('',#3821,#3760,#3829,.T.);
#3829 = LINE('',#3830,#3831);
#3830 = CARTESIAN_POINT('',(-80.4468958932,36.563278274762,
    -60.49593087138));
#3831 = VECTOR('',#3832,1.);
#3832 = DIRECTION('',(0.500015522718,0.866016441553,-3.973738207762E-07)
  );
#3833 = ORIENTED_EDGE('',*,*,#3759,.T.);
#3834 = PLANE('',#3835);
#3835 = AXIS2_PLACEMENT_3D('',#3836,#3837,#3838);
#3836 = CARTESIAN_POINT('',(-82.14694874992,33.618822511137,
    -60.29592952031));
#3837 = DIRECTION('',(-0.866016441553,0.500015522718,-6.882858926059E-07
    ));
#3838 = DIRECTION('',(0.500015522718,0.866016441553,-3.973738207762E-07)
  );
#3839 = ADVANCED_FACE('',(#3840),#3859,.F.);
#3840 = FACE_BOUND('',#3841,.T.);
#3841 = EDGE_LOOP('',(#3842,#3851,#3852,#3853));
#3842 = ORIENTED_EDGE('',*,*,#3843,.T.);
#3843 = EDGE_CURVE('',#3844,#3768,#3846,.T.);
#3844 = VERTEX_POINT('',#3845);
#3845 = CARTESIAN_POINT('',(-82.91969191911,34.064984364025,
    -60.49593013446));
#3846 = CIRCLE('',#3847,3.1);
#3847 = AXIS2_PLACEMENT_3D('',#3848,#3849,#3850);
#3848 = CARTESIAN_POINT('',(-79.82469433118,34.241023935501,
    -60.49592902576));
#3849 = DIRECTION('',(3.973738208243E-07,-6.882858926336E-07,-1.));
#3850 = DIRECTION('',(-0.500015522718,-0.866016441554,3.973738207764E-07
    ));
#3851 = ORIENTED_EDGE('',*,*,#3767,.T.);
#3852 = ORIENTED_EDGE('',*,*,#3828,.F.);
#3853 = ORIENTED_EDGE('',*,*,#3854,.T.);
#3854 = EDGE_CURVE('',#3821,#3844,#3855,.T.);
#3855 = LINE('',#3856,#3857);
#3856 = CARTESIAN_POINT('',(-80.59145485001,32.720720422539,
    -60.49592828404));
#3857 = VECTOR('',#3858,1.);
#3858 = DIRECTION('',(-0.866016441553,0.500015522718,-6.882858926613E-07
    ));
#3859 = PLANE('',#3860);
#3860 = AXIS2_PLACEMENT_3D('',#3861,#3862,#3863);
#3861 = CARTESIAN_POINT('',(-81.90313379091,35.441061190023,
    -60.49593067764));
#3862 = DIRECTION('',(-3.973738208243E-07,6.882858926336E-07,1.));
#3863 = DIRECTION('',(-0.500015522718,-0.866016441553,3.973738207762E-07
    ));
#3864 = ADVANCED_FACE('',(#3865),#3905,.F.);
#3865 = FACE_BOUND('',#3866,.T.);
#3866 = EDGE_LOOP('',(#3867,#3868,#3869,#3877,#3885,#3891,#3892,#3893,
    #3899));
#3867 = ORIENTED_EDGE('',*,*,#3679,.F.);
#3868 = ORIENTED_EDGE('',*,*,#3712,.F.);
#3869 = ORIENTED_EDGE('',*,*,#3870,.T.);
#3870 = EDGE_CURVE('',#3704,#3871,#3873,.T.);
#3871 = VERTEX_POINT('',#3872);
#3872 = CARTESIAN_POINT('',(-78.42974944102,31.472607468038,
    -60.69592656598));
#3873 = LINE('',#3874,#3875);
#3874 = CARTESIAN_POINT('',(-78.42974685809,31.472602994179,
    -67.19592656598));
#3875 = VECTOR('',#3876,1.);
#3876 = DIRECTION('',(3.973738208243E-07,-6.882858926336E-07,-1.));
#3877 = ORIENTED_EDGE('',*,*,#3878,.T.);
#3878 = EDGE_CURVE('',#3871,#3879,#3881,.T.);
#3879 = VERTEX_POINT('',#3880);
#3880 = CARTESIAN_POINT('',(-82.91969183963,34.064984226367,
    -60.69593013446));
#3881 = LINE('',#3882,#3883);
#3882 = CARTESIAN_POINT('',(-78.42974944102,31.472607468038,
    -60.69592656598));
#3883 = VECTOR('',#3884,1.);
#3884 = DIRECTION('',(-0.866016441553,0.500015522718,-6.882858926613E-07
    ));
#3885 = ORIENTED_EDGE('',*,*,#3886,.T.);
#3886 = EDGE_CURVE('',#3879,#3844,#3887,.T.);
#3887 = LINE('',#3888,#3889);
#3888 = CARTESIAN_POINT('',(-82.9196892567,34.064979752509,
    -67.19593013446));
#3889 = VECTOR('',#3890,1.);
#3890 = DIRECTION('',(-3.973738208243E-07,6.882858926336E-07,1.));
#3891 = ORIENTED_EDGE('',*,*,#3854,.F.);
#3892 = ORIENTED_EDGE('',*,*,#3820,.F.);
#3893 = ORIENTED_EDGE('',*,*,#3894,.T.);
#3894 = EDGE_CURVE('',#3813,#587,#3895,.T.);
#3895 = LINE('',#3896,#3897);
#3896 = CARTESIAN_POINT('',(-79.55223519962,32.120701932935,
    -60.2959274581));
#3897 = VECTOR('',#3898,1.);
#3898 = DIRECTION('',(0.866016441553,-0.500015522718,6.882858926613E-07)
  );
#3899 = ORIENTED_EDGE('',*,*,#3900,.T.);
#3900 = EDGE_CURVE('',#587,#3680,#3901,.T.);
#3901 = LINE('',#3902,#3903);
#3902 = CARTESIAN_POINT('',(-79.55223519962,32.120701932935,
    -60.2959274581));
#3903 = VECTOR('',#3904,1.);
#3904 = DIRECTION('',(0.866016441553,-0.500015522718,6.882858926613E-07)
  );
#3905 = PLANE('',#3906);
#3906 = AXIS2_PLACEMENT_3D('',#3907,#3908,#3909);
#3907 = CARTESIAN_POINT('',(-78.42974959997,31.472607743352,
    -60.29592656598));
#3908 = DIRECTION('',(-0.500015522718,-0.866016441553,3.973738207762E-07
    ));
#3909 = DIRECTION('',(-0.866016441553,0.500015522718,-6.882858926613E-07
    ));
#3910 = ADVANCED_FACE('',(#3911),#4004,.F.);
#3911 = FACE_BOUND('',#3912,.F.);
#3912 = EDGE_LOOP('',(#3913,#3930,#3940,#3948,#3955,#3956,#3957,#3958,
    #3965,#3966,#3967,#3968,#3975,#3976,#3997));
#3913 = ORIENTED_EDGE('',*,*,#3914,.F.);
#3914 = EDGE_CURVE('',#3915,#3917,#3919,.T.);
#3915 = VERTEX_POINT('',#3916);
#3916 = CARTESIAN_POINT('',(-77.43859968158,36.220050969924,
    -67.26381209989));
#3917 = VERTEX_POINT('',#3918);
#3918 = CARTESIAN_POINT('',(-78.42778947112,31.473586960917,
    -70.78024897914));
#3919 = B_SPLINE_CURVE_WITH_KNOTS('',3,(#3920,#3921,#3922,#3923,#3924,
    #3925,#3926,#3927,#3928,#3929),.UNSPECIFIED.,.F.,.F.,(4,3,3,4),(
    0.35476543763,0.867839306554,1.380913175477,2.150523978861),
  .UNSPECIFIED.);
#3920 = CARTESIAN_POINT('',(-77.43859968158,36.220050969924,
    -67.26381209989));
#3921 = CARTESIAN_POINT('',(-77.10013645747,35.811970501324,
    -67.4044408653));
#3922 = CARTESIAN_POINT('',(-76.86981617895,35.316186394512,
    -67.64435639029));
#3923 = CARTESIAN_POINT('',(-76.77533770794,34.794728287458,
    -67.95311520727));
#3924 = CARTESIAN_POINT('',(-76.68085923692,34.273270180404,
    -68.26187402426));
#3925 = CARTESIAN_POINT('',(-76.72222257341,33.726138073109,
    -68.63947613325));
#3926 = CARTESIAN_POINT('',(-76.89641242642,33.226099499429,
    -69.03665027941));
#3927 = CARTESIAN_POINT('',(-77.15769720594,32.47604163891,
    -69.63241149865));
#3928 = CARTESIAN_POINT('',(-77.71784164764,31.831944229027,
    -70.27220980154));
#3929 = CARTESIAN_POINT('',(-78.42778959873,31.473587222682,
    -70.78024898748));
#3930 = ORIENTED_EDGE('',*,*,#3931,.F.);
#3931 = EDGE_CURVE('',#3932,#3915,#3934,.T.);
#3932 = VERTEX_POINT('',#3933);
#3933 = CARTESIAN_POINT('',(-78.27612853766,36.924879249904,
    -65.83495254045));
#3934 = B_SPLINE_CURVE_WITH_KNOTS('',3,(#3935,#3936,#3937,#3938,#3939),
  .UNSPECIFIED.,.F.,.F.,(4,1,4),(-0.191799049051,-0.147280724281,
    -3.140260625201E-10),.UNSPECIFIED.);
#3935 = CARTESIAN_POINT('',(-78.27596361093,36.924782707205,
    -65.83516843992));
#3936 = CARTESIAN_POINT('',(-78.19693501262,36.878518732412,
    -65.93862637757));
#3937 = CARTESIAN_POINT('',(-77.87118440011,36.667843619328,
    -66.39313826787));
#3938 = CARTESIAN_POINT('',(-77.60558736708,36.421385539415,
    -66.87813554164));
#3939 = CARTESIAN_POINT('',(-77.438599836,36.22005083191,-67.2638120947)
  );
#3940 = ORIENTED_EDGE('',*,*,#3941,.T.);
#3941 = EDGE_CURVE('',#3932,#3942,#3944,.T.);
#3942 = VERTEX_POINT('',#3943);
#3943 = CARTESIAN_POINT('',(-78.27464613128,36.925674766659,
    -60.69593025762));
#3944 = LINE('',#3945,#3946);
#3945 = CARTESIAN_POINT('',(-78.27464354835,36.925670292801,
    -67.19593025761));
#3946 = VECTOR('',#3947,1.);
#3947 = DIRECTION('',(-3.973738208243E-07,6.882858926336E-07,1.));
#3948 = ORIENTED_EDGE('',*,*,#3949,.T.);
#3949 = EDGE_CURVE('',#3942,#3784,#3950,.T.);
#3950 = CIRCLE('',#3951,3.1);
#3951 = AXIS2_PLACEMENT_3D('',#3952,#3953,#3954);
#3952 = CARTESIAN_POINT('',(-79.82469425171,34.241023797844,
    -60.69592902576));
#3953 = DIRECTION('',(3.973738208243E-07,-6.882858926336E-07,-1.));
#3954 = DIRECTION('',(-0.500015522718,-0.866016441554,3.973738207764E-07
    ));
#3955 = ORIENTED_EDGE('',*,*,#3791,.T.);
#3956 = ORIENTED_EDGE('',*,*,#3701,.T.);
#3957 = ORIENTED_EDGE('',*,*,#3870,.T.);
#3958 = ORIENTED_EDGE('',*,*,#3959,.T.);
#3959 = EDGE_CURVE('',#3871,#3879,#3960,.T.);
#3960 = CIRCLE('',#3961,3.1);
#3961 = AXIS2_PLACEMENT_3D('',#3962,#3963,#3964);
#3962 = CARTESIAN_POINT('',(-79.82469425171,34.241023797844,
    -60.69592902576));
#3963 = DIRECTION('',(3.973738208243E-07,-6.882858926336E-07,-1.));
#3964 = DIRECTION('',(-0.500015522718,-0.866016441554,3.973738207764E-07
    ));
#3965 = ORIENTED_EDGE('',*,*,#3886,.T.);
#3966 = ORIENTED_EDGE('',*,*,#3843,.T.);
#3967 = ORIENTED_EDGE('',*,*,#3775,.T.);
#3968 = ORIENTED_EDGE('',*,*,#3969,.T.);
#3969 = EDGE_CURVE('',#3776,#3942,#3970,.T.);
#3970 = CIRCLE('',#3971,3.1);
#3971 = AXIS2_PLACEMENT_3D('',#3972,#3973,#3974);
#3972 = CARTESIAN_POINT('',(-79.82469425171,34.241023797844,
    -60.69592902576));
#3973 = DIRECTION('',(3.973738208243E-07,-6.882858926336E-07,-1.));
#3974 = DIRECTION('',(-0.500015522718,-0.866016441554,3.973738207764E-07
    ));
#3975 = ORIENTED_EDGE('',*,*,#3941,.F.);
#3976 = ORIENTED_EDGE('',*,*,#3977,.F.);
#3977 = EDGE_CURVE('',#3978,#3932,#3980,.T.);
#3978 = VERTEX_POINT('',#3979);
#3979 = CARTESIAN_POINT('',(-78.4324830251,31.471222820134,
    -70.76967871033));
#3980 = B_SPLINE_CURVE_WITH_KNOTS('',3,(#3981,#3982,#3983,#3984,#3985,
    #3986,#3987,#3988,#3989,#3990,#3991,#3992,#3993,#3994,#3995,#3996),
  .UNSPECIFIED.,.F.,.F.,(4,1,1,1,1,1,1,1,1,1,1,1,1,4),(-2.061930139931,
    -1.767368691369,-1.546447604948,-1.472807242808,-1.325526518527,
    -1.178245794246,-1.086195341571,-1.030965069965,-0.883684345685,
    -0.736403621404,-0.681173349799,-0.589122897123,-0.294561448562,
    -0.191830016916),.UNSPECIFIED.);
#3981 = CARTESIAN_POINT('',(-78.4324830251,31.471222820134,
    -70.76967871033));
#3982 = CARTESIAN_POINT('',(-78.79662187412,31.288193103141,
    -69.90940314172));
#3983 = CARTESIAN_POINT('',(-79.55418028364,31.06568806897,
    -68.44179373926));
#3984 = CARTESIAN_POINT('',(-80.59335510032,31.194881097365,
    -66.87720305694));
#3985 = CARTESIAN_POINT('',(-81.39234898606,31.538611388965,
    -65.80171509939));
#3986 = CARTESIAN_POINT('',(-82.04599674108,32.000364709616,
    -64.98377917211));
#3987 = CARTESIAN_POINT('',(-82.61046569844,32.775591449834,
    -64.2962814113));
#3988 = CARTESIAN_POINT('',(-82.86032238622,33.523772551157,
    -63.91848752796));
#3989 = CARTESIAN_POINT('',(-82.96360758914,34.329310338794,
    -63.63469054831));
#3990 = CARTESIAN_POINT('',(-82.81962397153,35.335240286752,
    -63.45137894505));
#3991 = CARTESIAN_POINT('',(-82.27404030978,36.210352444272,
    -63.46563096828));
#3992 = CARTESIAN_POINT('',(-81.65174649566,36.771923023488,
    -63.595640246));
#3993 = CARTESIAN_POINT('',(-80.5653960809,37.412976218429,
    -63.91912739887));
#3994 = CARTESIAN_POINT('',(-79.23423172995,37.390180936957,
    -64.71494287901));
#3995 = CARTESIAN_POINT('',(-78.45850758577,37.031630518151,
    -65.59621735128));
#3996 = CARTESIAN_POINT('',(-78.27612853766,36.924879249904,
    -65.83495254045));
#3997 = ORIENTED_EDGE('',*,*,#3998,.F.);
#3998 = EDGE_CURVE('',#3917,#3978,#3999,.T.);
#3999 = B_SPLINE_CURVE_WITH_KNOTS('',3,(#4000,#4001,#4002,#4003),
  .UNSPECIFIED.,.F.,.F.,(4,4),(0.,1.220648246857E-03),
  .PIECEWISE_BEZIER_KNOTS.);
#4000 = CARTESIAN_POINT('',(-78.42778947153,31.473586960711,
    -70.78024897938));
#4001 = CARTESIAN_POINT('',(-78.42940935629,31.472769303249,
    -70.77676832057));
#4002 = CARTESIAN_POINT('',(-78.43097405143,31.471981286374,
    -70.77324365042));
#4003 = CARTESIAN_POINT('',(-78.43248302503,31.471222820172,
    -70.76967871051));
#4004 = CYLINDRICAL_SURFACE('',#4005,3.1);
#4005 = AXIS2_PLACEMENT_3D('',#4006,#4007,#4008);
#4006 = CARTESIAN_POINT('',(-79.82469166878,34.241019323985,
    -67.19592902576));
#4007 = DIRECTION('',(3.973738208243E-07,-6.882858926336E-07,-1.));
#4008 = DIRECTION('',(-0.500015522718,-0.866016441554,3.973738207764E-07
    ));
#4009 = ADVANCED_FACE('',(#4010),#4015,.T.);
#4010 = FACE_BOUND('',#4011,.T.);
#4011 = EDGE_LOOP('',(#4012,#4013,#4014));
#4012 = ORIENTED_EDGE('',*,*,#3806,.F.);
#4013 = ORIENTED_EDGE('',*,*,#3751,.F.);
#4014 = ORIENTED_EDGE('',*,*,#613,.F.);
#4015 = PLANE('',#4016);
#4016 = AXIS2_PLACEMENT_3D('',#4017,#4018,#4019);
#4017 = CARTESIAN_POINT('',(-79.82469441066,34.241024073158,
    -60.29592902576));
#4018 = DIRECTION('',(3.973738208243E-07,-6.882858926336E-07,-1.));
#4019 = DIRECTION('',(-0.500015522718,-0.866016441554,3.973738207764E-07
    ));
#4020 = ADVANCED_FACE('',(#4021),#4026,.F.);
#4021 = FACE_BOUND('',#4022,.T.);
#4022 = EDGE_LOOP('',(#4023,#4024,#4025));
#4023 = ORIENTED_EDGE('',*,*,#3969,.T.);
#4024 = ORIENTED_EDGE('',*,*,#3949,.T.);
#4025 = ORIENTED_EDGE('',*,*,#3783,.F.);
#4026 = PLANE('',#4027);
#4027 = AXIS2_PLACEMENT_3D('',#4028,#4029,#4030);
#4028 = CARTESIAN_POINT('',(-78.62465699718,36.319463257572,
    -60.69592997945));
#4029 = DIRECTION('',(-3.973738208243E-07,6.882858926336E-07,1.));
#4030 = DIRECTION('',(-0.500015522718,-0.866016441553,3.973738207762E-07
    ));
#4031 = ADVANCED_FACE('',(#4032),#4037,.T.);
#4032 = FACE_BOUND('',#4033,.T.);
#4033 = EDGE_LOOP('',(#4034,#4035,#4036));
#4034 = ORIENTED_EDGE('',*,*,#3812,.F.);
#4035 = ORIENTED_EDGE('',*,*,#622,.F.);
#4036 = ORIENTED_EDGE('',*,*,#3894,.F.);
#4037 = PLANE('',#4038);
#4038 = AXIS2_PLACEMENT_3D('',#4039,#4040,#4041);
#4039 = CARTESIAN_POINT('',(-79.82469441066,34.241024073158,
    -60.29592902576));
#4040 = DIRECTION('',(3.973738208243E-07,-6.882858926336E-07,-1.));
#4041 = DIRECTION('',(-0.500015522718,-0.866016441554,3.973738207764E-07
    ));
#4042 = ADVANCED_FACE('',(#4043),#4047,.F.);
#4043 = FACE_BOUND('',#4044,.T.);
#4044 = EDGE_LOOP('',(#4045,#4046));
#4045 = ORIENTED_EDGE('',*,*,#3878,.F.);
#4046 = ORIENTED_EDGE('',*,*,#3959,.T.);
#4047 = PLANE('',#4048);
#4048 = AXIS2_PLACEMENT_3D('',#4049,#4050,#4051);
#4049 = CARTESIAN_POINT('',(-81.02473150623,32.162584338115,
    -60.69592807206));
#4050 = DIRECTION('',(-3.973738208243E-07,6.882858926336E-07,1.));
#4051 = DIRECTION('',(-0.500015522718,-0.866016441553,3.973738207762E-07
    ));
#4052 = ADVANCED_FACE('',(#4053),#4077,.T.);
#4053 = FACE_BOUND('',#4054,.T.);
#4054 = EDGE_LOOP('',(#4055,#4061,#4062,#4070));
#4055 = ORIENTED_EDGE('',*,*,#4056,.F.);
#4056 = EDGE_CURVE('',#166,#3320,#4057,.T.);
#4057 = LINE('',#4058,#4059);
#4058 = CARTESIAN_POINT('',(-69.42425812143,32.854914877585,
    -123.8959034807));
#4059 = VECTOR('',#4060,1.);
#4060 = DIRECTION('',(0.612367417991,-0.353564947024,0.707105348317));
#4061 = ORIENTED_EDGE('',*,*,#165,.F.);
#4062 = ORIENTED_EDGE('',*,*,#4063,.T.);
#4063 = EDGE_CURVE('',#158,#4064,#4066,.T.);
#4064 = VERTEX_POINT('',#4065);
#4065 = CARTESIAN_POINT('',(-69.98306078782,35.486978130031,
    -123.6959082913));
#4066 = LINE('',#4067,#4068);
#4067 = CARTESIAN_POINT('',(-70.08306385738,35.313774770143,
    -123.8959082468));
#4068 = VECTOR('',#4069,1.);
#4069 = DIRECTION('',(0.35356424315,0.612366351504,0.707106623863));
#4070 = ORIENTED_EDGE('',*,*,#4071,.F.);
#4071 = EDGE_CURVE('',#3320,#4064,#4072,.T.);
#4072 = CIRCLE('',#4073,2.);
#4073 = AXIS2_PLACEMENT_3D('',#4074,#4075,#4076);
#4074 = CARTESIAN_POINT('',(-70.98309183325,33.754945246924,
    -123.6959078463));
#4075 = DIRECTION('',(-1.748856297342E-07,3.578844387555E-07,1.));
#4076 = DIRECTION('',(0.965930465254,0.258801731629,7.630624522234E-08)
  );
#4077 = CONICAL_SURFACE('',#4078,1.8,0.785398163398);
#4078 = AXIS2_PLACEMENT_3D('',#4079,#4080,#4081);
#4079 = CARTESIAN_POINT('',(-70.98309179828,33.754945175347,
    -123.8959078463));
#4080 = DIRECTION('',(-1.74885626831E-07,3.578844403374E-07,1.));
#4081 = DIRECTION('',(0.965930465254,0.258801731629,7.63062420086E-08));
#4082 = ADVANCED_FACE('',(#4083),#4125,.T.);
#4083 = FACE_BOUND('',#4084,.T.);
#4084 = EDGE_LOOP('',(#4085,#4094,#4116,#4123,#4124));
#4085 = ORIENTED_EDGE('',*,*,#4086,.F.);
#4086 = EDGE_CURVE('',#4087,#3978,#4089,.T.);
#4087 = VERTEX_POINT('',#4088);
#4088 = CARTESIAN_POINT('',(-78.62243376459,31.263803569363,
    -70.91429719416));
#4089 = CIRCLE('',#4090,0.500000000024);
#4090 = AXIS2_PLACEMENT_3D('',#4091,#4092,#4093);
#4091 = CARTESIAN_POINT('',(-78.20793347292,31.024481845281,
    -70.76967831361));
#4092 = DIRECTION('',(0.430678422384,0.216475104682,-0.876159018413));
#4093 = DIRECTION('',(-0.829000583305,0.47864344814,-0.289237761075));
#4094 = ORIENTED_EDGE('',*,*,#4095,.F.);
#4095 = EDGE_CURVE('',#4096,#4087,#4098,.T.);
#4096 = VERTEX_POINT('',#4097);
#4097 = CARTESIAN_POINT('',(-77.40205559056,36.740354426903,
    -67.56086004905));
#4098 = B_SPLINE_CURVE_WITH_KNOTS('',3,(#4099,#4100,#4101,#4102,#4103,
    #4104,#4105,#4106,#4107,#4108,#4109,#4110,#4111,#4112,#4113,#4114,
    #4115),.UNSPECIFIED.,.F.,.F.,(4,1,1,1,1,1,1,1,1,1,1,1,1,1,4),(
    6.514923014111E-09,0.147280724281,0.294561448562,0.589122897123,
    0.681173349799,0.736403621404,0.883684345685,1.030965069965,
    1.086195341571,1.178245794246,1.325526518527,1.472807242808,
    1.546447604948,1.767368691369,2.061930139931),.UNSPECIFIED.);
#4099 = CARTESIAN_POINT('',(-77.40205572018,36.740354259701,
    -67.56086001025));
#4100 = CARTESIAN_POINT('',(-77.58525140761,36.967969745237,
    -67.19195205222));
#4101 = CARTESIAN_POINT('',(-78.03521897739,37.393828519089,
    -66.47948702804));
#4102 = CARTESIAN_POINT('',(-79.25762656245,38.045450331441,
    -65.19211165079));
#4103 = CARTESIAN_POINT('',(-80.88868845564,38.042264479934,
    -64.36159674716));
#4104 = CARTESIAN_POINT('',(-82.12313517899,37.282156327194,
    -64.0521742393));
#4105 = CARTESIAN_POINT('',(-82.8345123009,36.623493209806,
    -63.92781750843));
#4106 = CARTESIAN_POINT('',(-83.46656664619,35.606352462571,
    -63.91418506733));
#4107 = CARTESIAN_POINT('',(-83.65031445252,34.447726124743,
    -64.0895264923));
#4108 = CARTESIAN_POINT('',(-83.55189349481,33.524689821863,
    -64.3609843737));
#4109 = CARTESIAN_POINT('',(-83.28755674699,32.670741839452,
    -64.72235233539));
#4110 = CARTESIAN_POINT('',(-82.67036869052,31.79260603672,
    -65.37995876791));
#4111 = CARTESIAN_POINT('',(-81.94614146184,31.276496538302,
    -66.16233217365));
#4112 = CARTESIAN_POINT('',(-81.05604865555,30.899134003642,
    -67.19105970088));
#4113 = CARTESIAN_POINT('',(-79.89144054088,30.773454592596,
    -68.68762462851));
#4114 = CARTESIAN_POINT('',(-79.03551735191,31.045601903048,
    -70.09142491012));
#4115 = CARTESIAN_POINT('',(-78.62243376461,31.263803569325,
    -70.91429719407));
#4116 = ORIENTED_EDGE('',*,*,#4117,.T.);
#4117 = EDGE_CURVE('',#4096,#3915,#4118,.T.);
#4118 = CIRCLE('',#4119,0.5);
#4119 = AXIS2_PLACEMENT_3D('',#4120,#4121,#4122);
#4120 = CARTESIAN_POINT('',(-77.05374621268,36.539249665838,
    -67.26381215331));
#4121 = DIRECTION('',(-0.395002840377,0.476249612737,0.785594718963));
#4122 = DIRECTION('',(-0.696618755754,0.40220952213,-0.594095791468));
#4123 = ORIENTED_EDGE('',*,*,#3931,.F.);
#4124 = ORIENTED_EDGE('',*,*,#3977,.F.);
#4125 = B_SPLINE_SURFACE_WITH_KNOTS('',3,3,(
    (#4126,#4127,#4128,#4129,#4130,#4131,#4132,#4133,#4134,#4135,#4136
      ,#4137,#4138,#4139,#4140,#4141,#4142)
    ,(#4143,#4144,#4145,#4146,#4147,#4148,#4149,#4150,#4151,#4152,#4153
      ,#4154,#4155,#4156,#4157,#4158,#4159)
    ,(#4160,#4161,#4162,#4163,#4164,#4165,#4166,#4167,#4168,#4169,#4170
      ,#4171,#4172,#4173,#4174,#4175,#4176)
    ,(#4177,#4178,#4179,#4180,#4181,#4182,#4183,#4184,#4185,#4186,#4187
      ,#4188,#4189,#4190,#4191,#4192,#4193)
    ,(#4194,#4195,#4196,#4197,#4198,#4199,#4200,#4201,#4202,#4203,#4204
      ,#4205,#4206,#4207,#4208,#4209,#4210)
    ,(#4211,#4212,#4213,#4214,#4215,#4216,#4217,#4218,#4219,#4220,#4221
      ,#4222,#4223,#4224,#4225,#4226,#4227
    )),.UNSPECIFIED.,.F.,.F.,.F.,(4,1,1,4),(4,1,1,1,1,1,1,1,1,1,1,1,1,1,
    4),(0.,0.285714285714,0.571428571429,1.),(0.,0.147280724281,
    0.294561448562,0.589122897123,0.681173349799,0.736403621404,
    0.883684345685,1.030965069965,1.086195341571,1.178245794246,
    1.325526518527,1.472807242808,1.546447604948,1.767368691369,
    2.061930139931),.UNSPECIFIED.);
#4126 = CARTESIAN_POINT('',(-77.40205569587,36.740354229496,
    -67.56086005921));
#4127 = CARTESIAN_POINT('',(-77.5852513877,36.967969726399,
    -67.19195208373));
#4128 = CARTESIAN_POINT('',(-78.03521896387,37.393828511883,
    -66.47948704228));
#4129 = CARTESIAN_POINT('',(-79.25762656245,38.045450331441,
    -65.19211165079));
#4130 = CARTESIAN_POINT('',(-80.88868845564,38.042264479934,
    -64.36159674716));
#4131 = CARTESIAN_POINT('',(-82.12313517899,37.282156327194,
    -64.0521742393));
#4132 = CARTESIAN_POINT('',(-82.8345123009,36.623493209806,
    -63.92781750843));
#4133 = CARTESIAN_POINT('',(-83.46656664619,35.606352462571,
    -63.91418506733));
#4134 = CARTESIAN_POINT('',(-83.65031445252,34.447726124743,
    -64.0895264923));
#4135 = CARTESIAN_POINT('',(-83.55189349481,33.524689821863,
    -64.3609843737));
#4136 = CARTESIAN_POINT('',(-83.28755674699,32.670741839452,
    -64.72235233539));
#4137 = CARTESIAN_POINT('',(-82.67036869052,31.79260603672,
    -65.37995876791));
#4138 = CARTESIAN_POINT('',(-81.94614146184,31.276496538302,
    -66.16233217365));
#4139 = CARTESIAN_POINT('',(-81.05604865555,30.899134003642,
    -67.19105970088));
#4140 = CARTESIAN_POINT('',(-79.89144054088,30.773454592596,
    -68.68762462851));
#4141 = CARTESIAN_POINT('',(-79.03551735191,31.045601903048,
    -70.09142491012));
#4142 = CARTESIAN_POINT('',(-78.62243376461,31.263803569325,
    -70.91429719407));
#4143 = CARTESIAN_POINT('',(-77.43877763065,36.692410655108,
    -67.55025936741));
#4144 = CARTESIAN_POINT('',(-77.62347929127,36.916203306518,
    -67.18311297792));
#4145 = CARTESIAN_POINT('',(-78.07449718303,37.333805285486,
    -66.47543428551));
#4146 = CARTESIAN_POINT('',(-79.29010389745,37.965279588602,
    -65.20446144828));
#4147 = CARTESIAN_POINT('',(-80.88096673634,37.949670672609,
    -64.3918987365));
#4148 = CARTESIAN_POINT('',(-82.0772772948,37.207773886636,
    -64.08665707733));
#4149 = CARTESIAN_POINT('',(-82.76755986685,36.566486678459,
    -63.96378846818));
#4150 = CARTESIAN_POINT('',(-83.38136635884,35.5779860586,
    -63.95019946173));
#4151 = CARTESIAN_POINT('',(-83.56239280562,34.452952044008,
    -64.12367704574));
#4152 = CARTESIAN_POINT('',(-83.47012643127,33.555224537951,
    -64.39057228815));
#4153 = CARTESIAN_POINT('',(-83.21703569894,32.722492478025,
    -64.74514445634));
#4154 = CARTESIAN_POINT('',(-82.61912220307,31.858349483168,
    -65.39029534156));
#4155 = CARTESIAN_POINT('',(-81.90910348247,31.342079099647,
    -66.16210412364));
#4156 = CARTESIAN_POINT('',(-81.03118285341,30.958682999688,
    -67.18151723642));
#4157 = CARTESIAN_POINT('',(-79.87549770069,30.818676336677,
    -68.67183787225));
#4158 = CARTESIAN_POINT('',(-79.0227590732,31.078152944986,
    -70.07746992784));
#4159 = CARTESIAN_POINT('',(-78.61150070375,31.289880271779,
    -70.9024801722));
#4160 = CARTESIAN_POINT('',(-77.49621437464,36.587413182952,
    -67.51548654837));
#4161 = CARTESIAN_POINT('',(-77.68251011311,36.802769019736,
    -67.14947652505));
#4162 = CARTESIAN_POINT('',(-78.13307166429,37.202461241486,
    -66.44597784001));
#4163 = CARTESIAN_POINT('',(-79.33146540466,37.791793569099,
    -65.19412505109));
#4164 = CARTESIAN_POINT('',(-80.84424306401,37.752736644465,
    -64.40622462655));
#4165 = CARTESIAN_POINT('',(-81.96699274399,37.04859368017,
    -64.10648387239));
#4166 = CARTESIAN_POINT('',(-82.61623868221,36.442553296669,
    -63.98549464134));
#4167 = CARTESIAN_POINT('',(-83.19386648838,35.511268794587,
    -63.97194459324));
#4168 = CARTESIAN_POINT('',(-83.36783867661,34.452236484323,
    -64.14309756708));
#4169 = CARTESIAN_POINT('',(-83.28626954317,33.604089180969,
    -64.40386574989));
#4170 = CARTESIAN_POINT('',(-83.05416313157,32.81286612511,
    -64.74920500444));
#4171 = CARTESIAN_POINT('',(-82.49427086588,31.976478858747,
    -65.3778484341));
#4172 = CARTESIAN_POINT('',(-81.81437363304,31.461006252358,
    -66.13705554144));
#4173 = CARTESIAN_POINT('',(-80.96413453093,31.067604777095,
    -67.14689935576));
#4174 = CARTESIAN_POINT('',(-79.83224500361,30.902489578678,
    -68.6340197539));
#4175 = CARTESIAN_POINT('',(-78.99051674605,31.139363491314,
    -70.04675314159));
#4176 = CARTESIAN_POINT('',(-78.5849458696,31.33932216158,
    -70.87721132046));
#4177 = CARTESIAN_POINT('',(-77.52797614257,36.395973986349,
    -67.41540074736));
#4178 = CARTESIAN_POINT('',(-77.71030610496,36.59854858162,
    -67.04378647182));
#4179 = CARTESIAN_POINT('',(-78.14832314002,36.97293609557,
    -66.3296485047));
#4180 = CARTESIAN_POINT('',(-79.30180119322,37.514600008428,
    -65.06015226827));
#4181 = CARTESIAN_POINT('',(-80.72255777412,37.466436387684,
    -64.26388592943));
#4182 = CARTESIAN_POINT('',(-81.76589067658,36.815638355973,
    -63.96057489172));
#4183 = CARTESIAN_POINT('',(-82.3690199383,36.255398687941,
    -63.83805923756));
#4184 = CARTESIAN_POINT('',(-82.9034738811,35.394092377655,
    -63.82432913664));
#4185 = CARTESIAN_POINT('',(-83.0620062292,34.412199471572,
    -63.99765533118));
#4186 = CARTESIAN_POINT('',(-82.98497268383,33.622509210165,
    -64.26140607831));
#4187 = CARTESIAN_POINT('',(-82.76910869947,32.88211208788,
    -64.61057063409));
#4188 = CARTESIAN_POINT('',(-82.2477378768,32.087838664633,
    -65.24664216548));
#4189 = CARTESIAN_POINT('',(-81.60792424933,31.586419602563,
    -66.0163432809));
#4190 = CARTESIAN_POINT('',(-80.80227261328,31.195575185613,
    -67.04110719631));
#4191 = CARTESIAN_POINT('',(-79.72180680606,31.015222728279,
    -68.55121796572));
#4192 = CARTESIAN_POINT('',(-78.9132243846,31.228006208123,
    -69.98567729627));
#4193 = CARTESIAN_POINT('',(-78.52365875553,31.413481893742,
    -70.82876261143));
#4194 = CARTESIAN_POINT('',(-77.4847256128,36.275664050584,
    -67.32071878152));
#4195 = CARTESIAN_POINT('',(-77.65815406203,36.475117247037,
    -66.94034471162));
#4196 = CARTESIAN_POINT('',(-78.07792485521,36.846785577173,
    -66.20702973596));
#4197 = CARTESIAN_POINT('',(-79.19361866314,37.403620271203,
    -64.89003930937));
#4198 = CARTESIAN_POINT('',(-80.61636658921,37.393135256134,
    -64.04919275484));
#4199 = CARTESIAN_POINT('',(-81.67152437271,36.755849032483,
    -63.73336748942));
#4200 = CARTESIAN_POINT('',(-82.2782027714,36.20179162319,
    -63.60621269023));
#4201 = CARTESIAN_POINT('',(-82.81235958202,35.343457995131,
    -63.592148754));
#4202 = CARTESIAN_POINT('',(-82.96050831639,34.359674406111,
    -63.77168290305));
#4203 = CARTESIAN_POINT('',(-82.86994818819,33.570230213827,
    -64.04782669115));
#4204 = CARTESIAN_POINT('',(-82.6382773679,32.833374476678,
    -64.41472221786));
#4205 = CARTESIAN_POINT('',(-82.10072348445,32.05633245526,
    -65.0826367971));
#4206 = CARTESIAN_POINT('',(-81.46147195786,31.578657525003,
    -65.88230016259));
#4207 = CARTESIAN_POINT('',(-80.66826651598,31.213298648413,
    -66.93863201663));
#4208 = CARTESIAN_POINT('',(-79.61956218003,31.057085621867,
    -68.48272399146));
#4209 = CARTESIAN_POINT('',(-78.84250549196,31.271072780202,
    -69.93801004254));
#4210 = CARTESIAN_POINT('',(-78.4684688598,31.453134907203,
    -70.79183668044));
#4211 = CARTESIAN_POINT('',(-77.43859983493,36.220050830622,
    -67.26381209717));
#4212 = CARTESIAN_POINT('',(-77.60558736621,36.421385538608,
    -66.87813554323));
#4213 = CARTESIAN_POINT('',(-78.01348640048,36.799891321217,
    -66.13328565755));
#4214 = CARTESIAN_POINT('',(-79.11304395395,37.388105678959,
    -64.78739306751));
#4215 = CARTESIAN_POINT('',(-80.5653960809,37.412976218429,
    -63.91912739887));
#4216 = CARTESIAN_POINT('',(-81.65174649566,36.771923023488,
    -63.595640246));
#4217 = CARTESIAN_POINT('',(-82.27404030978,36.210352444272,
    -63.46563096828));
#4218 = CARTESIAN_POINT('',(-82.81962397153,35.335240286752,
    -63.45137894505));
#4219 = CARTESIAN_POINT('',(-82.96360758914,34.329310338794,
    -63.63469054831));
#4220 = CARTESIAN_POINT('',(-82.86032238622,33.523772551157,
    -63.91848752796));
#4221 = CARTESIAN_POINT('',(-82.61046569844,32.775591449834,
    -64.2962814113));
#4222 = CARTESIAN_POINT('',(-82.04599674108,32.000364709616,
    -64.98377917211));
#4223 = CARTESIAN_POINT('',(-81.39234898606,31.538611388965,
    -65.80171509939));
#4224 = CARTESIAN_POINT('',(-80.59335510032,31.194881097365,
    -66.87720305694));
#4225 = CARTESIAN_POINT('',(-79.55418028364,31.06568806897,
    -68.44179373926));
#4226 = CARTESIAN_POINT('',(-78.79662187412,31.288193103141,
    -69.90940314172));
#4227 = CARTESIAN_POINT('',(-78.4324830251,31.471222820134,
    -70.76967871033));
#4228 = ADVANCED_FACE('',(#4229),#4249,.T.);
#4229 = FACE_BOUND('',#4230,.T.);
#4230 = EDGE_LOOP('',(#4231,#4232,#4233,#4242));
#4231 = ORIENTED_EDGE('',*,*,#4086,.T.);
#4232 = ORIENTED_EDGE('',*,*,#3998,.F.);
#4233 = ORIENTED_EDGE('',*,*,#4234,.F.);
#4234 = EDGE_CURVE('',#4235,#3917,#4237,.T.);
#4235 = VERTEX_POINT('',#4236);
#4236 = CARTESIAN_POINT('',(-78.61112284345,31.270413822376,
    -70.93475977342));
#4237 = CIRCLE('',#4238,0.5);
#4238 = AXIS2_PLACEMENT_3D('',#4239,#4240,#4241);
#4239 = CARTESIAN_POINT('',(-78.20248289525,31.027227300028,
    -70.78024858262));
#4240 = DIRECTION('',(0.462333749244,0.233368970993,-0.85544516346));
#4241 = DIRECTION('',(-0.817279896408,0.486373044696,-0.309022381586));
#4242 = ORIENTED_EDGE('',*,*,#4243,.F.);
#4243 = EDGE_CURVE('',#4087,#4235,#4244,.T.);
#4244 = B_SPLINE_CURVE_WITH_KNOTS('',3,(#4245,#4246,#4247,#4248),
  .UNSPECIFIED.,.F.,.F.,(4,4),(-1.220648246857E-03,0.),
  .PIECEWISE_BEZIER_KNOTS.);
#4245 = CARTESIAN_POINT('',(-78.62243376453,31.263803569369,
    -70.91429719424));
#4246 = CARTESIAN_POINT('',(-78.6187719617,31.26599431162,
    -70.92116715565));
#4247 = CARTESIAN_POINT('',(-78.6150010656,31.268198137559,
    -70.92799021965));
#4248 = CARTESIAN_POINT('',(-78.61112284345,31.270413822376,
    -70.93475977342));
#4249 = B_SPLINE_SURFACE_WITH_KNOTS('',3,3,(
    (#4250,#4251,#4252,#4253)
    ,(#4254,#4255,#4256,#4257)
    ,(#4258,#4259,#4260,#4261)
    ,(#4262,#4263,#4264,#4265
    )),.UNSPECIFIED.,.F.,.F.,.F.,(4,4),(4,4),(0.,1.),(0.,
    1.220648246857E-03),.PIECEWISE_BEZIER_KNOTS.);
#4250 = CARTESIAN_POINT('',(-78.42778947153,31.473586960711,
    -70.78024897938));
#4251 = CARTESIAN_POINT('',(-78.42940935629,31.472769303249,
    -70.77676832057));
#4252 = CARTESIAN_POINT('',(-78.43097405143,31.471981286374,
    -70.77324365042));
#4253 = CARTESIAN_POINT('',(-78.43248302503,31.471222820172,
    -70.76967871051));
#4254 = CARTESIAN_POINT('',(-78.50916763728,31.432510090602,
    -70.83543654886));
#4255 = CARTESIAN_POINT('',(-78.5116611946,31.431313325436,
    -70.83079612641));
#4256 = CARTESIAN_POINT('',(-78.51408542179,31.430146331012,
    -70.82611022991));
#4257 = CARTESIAN_POINT('',(-78.51644997264,31.429017689998,
    -70.82138064077));
#4258 = CARTESIAN_POINT('',(-78.57447104934,31.360139746704,
    -70.89047334847));
#4259 = CARTESIAN_POINT('',(-78.57778613299,31.358426134658,
    -70.88467542413));
#4260 = CARTESIAN_POINT('',(-78.58101474904,31.356734421197,
    -70.87882967487));
#4261 = CARTESIAN_POINT('',(-78.58416805153,31.355072027955,
    -70.87293761768));
#4262 = CARTESIAN_POINT('',(-78.61112284345,31.270413822376,
    -70.93475977342));
#4263 = CARTESIAN_POINT('',(-78.6150010656,31.268198137559,
    -70.92799021965));
#4264 = CARTESIAN_POINT('',(-78.6187719617,31.26599431162,
    -70.92116715565));
#4265 = CARTESIAN_POINT('',(-78.62243376453,31.263803569369,
    -70.91429719424));
#4266 = ADVANCED_FACE('',(#4267),#4297,.T.);
#4267 = FACE_BOUND('',#4268,.T.);
#4268 = EDGE_LOOP('',(#4269,#4270,#4280,#4289));
#4269 = ORIENTED_EDGE('',*,*,#4117,.F.);
#4270 = ORIENTED_EDGE('',*,*,#4271,.F.);
#4271 = EDGE_CURVE('',#4272,#4096,#4274,.T.);
#4272 = VERTEX_POINT('',#4273);
#4273 = CARTESIAN_POINT('',(-77.07092049739,36.653129584977,
    -68.0336445573));
#4274 = B_SPLINE_CURVE_WITH_KNOTS('',3,(#4275,#4276,#4277,#4278,#4279),
  .UNSPECIFIED.,.F.,.F.,(4,1,4),(0.,2.717119848844E-02,6.33994631397E-02
    ),.UNSPECIFIED.);
#4275 = CARTESIAN_POINT('',(-77.07092049739,36.653129584976,
    -68.0336445573));
#4276 = CARTESIAN_POINT('',(-77.13218407687,36.614447614157,
    -67.98259956089));
#4277 = CARTESIAN_POINT('',(-77.26495303049,36.6059218071,
    -67.81788641106));
#4278 = CARTESIAN_POINT('',(-77.35699291646,36.684365343156,
    -67.65160441612));
#4279 = CARTESIAN_POINT('',(-77.40205559056,36.740354426903,
    -67.56086004905));
#4280 = ORIENTED_EDGE('',*,*,#4281,.T.);
#4281 = EDGE_CURVE('',#4272,#4282,#4284,.T.);
#4282 = VERTEX_POINT('',#4283);
#4283 = CARTESIAN_POINT('',(-77.00356310139,36.370200572804,
    -68.15566246169));
#4284 = CIRCLE('',#4285,0.5);
#4285 = AXIS2_PLACEMENT_3D('',#4286,#4287,#4288);
#4286 = CARTESIAN_POINT('',(-76.70960582981,36.44451590007,
    -67.75808686558));
#4287 = DIRECTION('',(-0.691070335466,-0.418631440629,0.589210920092));
#4288 = DIRECTION('',(-0.72262933514,0.417227369814,-0.551115383448));
#4289 = ORIENTED_EDGE('',*,*,#4290,.F.);
#4290 = EDGE_CURVE('',#3915,#4282,#4291,.T.);
#4291 = B_SPLINE_CURVE_WITH_KNOTS('',3,(#4292,#4293,#4294,#4295,#4296),
  .UNSPECIFIED.,.F.,.F.,(4,1,4),(-6.33994631397E-02,-2.717119848844E-02,
    0.),.UNSPECIFIED.);
#4292 = CARTESIAN_POINT('',(-77.43859968158,36.220050969924,
    -67.26381209989));
#4293 = CARTESIAN_POINT('',(-77.40837180161,36.18360560327,
    -67.43307580048));
#4294 = CARTESIAN_POINT('',(-77.32337147283,36.16368513324,
    -67.74087647611));
#4295 = CARTESIAN_POINT('',(-77.11882752826,36.279527084817,
    -68.05349007796));
#4296 = CARTESIAN_POINT('',(-77.00356310139,36.370200572804,
    -68.15566246169));
#4297 = B_SPLINE_SURFACE_WITH_KNOTS('',3,3,(
    (#4298,#4299,#4300,#4301,#4302)
    ,(#4303,#4304,#4305,#4306,#4307)
    ,(#4308,#4309,#4310,#4311,#4312)
    ,(#4313,#4314,#4315,#4316,#4317)
    ,(#4318,#4319,#4320,#4321,#4322
  )),.UNSPECIFIED.,.F.,.F.,.F.,(4,1,4),(4,1,4),(0.,0.5,1.),(0.,
    2.717119848844E-02,6.33994631397E-02),.UNSPECIFIED.);
#4298 = CARTESIAN_POINT('',(-77.07092049739,36.653129584976,
    -68.0336445573));
#4299 = CARTESIAN_POINT('',(-77.13218407687,36.614447614157,
    -67.98259956089));
#4300 = CARTESIAN_POINT('',(-77.26495303049,36.6059218071,
    -67.81788641106));
#4301 = CARTESIAN_POINT('',(-77.35699291646,36.684365343156,
    -67.65160441612));
#4302 = CARTESIAN_POINT('',(-77.40205559056,36.740354426903,
    -67.56086004905));
#4303 = CARTESIAN_POINT('',(-77.07172913509,36.609991358194,
    -68.06524248415));
#4304 = CARTESIAN_POINT('',(-77.14385295851,36.562408049087,
    -68.00632428141));
#4305 = CARTESIAN_POINT('',(-77.29961301778,36.536901148734,
    -67.82368851376));
#4306 = CARTESIAN_POINT('',(-77.41028677932,36.604696024417,
    -67.64231308861));
#4307 = CARTESIAN_POINT('',(-77.46631897651,36.656453158959,
    -67.54230884697));
#4308 = CARTESIAN_POINT('',(-77.06082650896,36.516498778568,
    -68.11888108915));
#4309 = CARTESIAN_POINT('',(-77.15342717537,36.450404951851,
    -68.04315613536));
#4310 = CARTESIAN_POINT('',(-77.34599719121,36.38558697244,
    -67.81715416331));
#4311 = CARTESIAN_POINT('',(-77.47796351932,36.423011859176,
    -67.59146330619));
#4312 = CARTESIAN_POINT('',(-77.54454048982,36.460195158857,
    -67.4626620837));
#4313 = CARTESIAN_POINT('',(-77.0260482971,36.41811288403,
    -68.14799330965));
#4314 = CARTESIAN_POINT('',(-77.13471783824,36.334934514028,
    -68.05454256547));
#4315 = CARTESIAN_POINT('',(-77.33946020964,36.233468823508,
    -67.77207768027));
#4316 = CARTESIAN_POINT('',(-77.44659287408,36.252720862943,
    -67.48951444683));
#4317 = CARTESIAN_POINT('',(-77.49241310321,36.284933059683,
    -67.33020323422));
#4318 = CARTESIAN_POINT('',(-77.00356310139,36.370200572804,
    -68.15566246169));
#4319 = CARTESIAN_POINT('',(-77.11882752826,36.279527084817,
    -68.05349007796));
#4320 = CARTESIAN_POINT('',(-77.32337147283,36.16368513324,
    -67.74087647611));
#4321 = CARTESIAN_POINT('',(-77.40837180161,36.18360560327,
    -67.43307580048));
#4322 = CARTESIAN_POINT('',(-77.43859968158,36.220050969924,
    -67.26381209989));
#4323 = ADVANCED_FACE('',(#4324),#4347,.T.);
#4324 = FACE_BOUND('',#4325,.T.);
#4325 = EDGE_LOOP('',(#4326,#4337,#4338));
#4326 = ORIENTED_EDGE('',*,*,#4327,.F.);
#4327 = EDGE_CURVE('',#4235,#4328,#4330,.T.);
#4328 = VERTEX_POINT('',#4329);
#4329 = CARTESIAN_POINT('',(-77.59248599361,31.0850284055,
    -71.57181707449));
#4330 = B_SPLINE_CURVE_WITH_KNOTS('',3,(#4331,#4332,#4333,#4334,#4335,
    #4336),.UNSPECIFIED.,.F.,.F.,(4,2,4),(0.,6.615916657918E-02,
    6.647860738738E-02),.UNSPECIFIED.);
#4331 = CARTESIAN_POINT('',(-78.61112263781,31.270414252762,
    -70.93475963991));
#4332 = CARTESIAN_POINT('',(-78.40092283045,31.390504446179,
    -71.30166959379));
#4333 = CARTESIAN_POINT('',(-77.96307792527,31.305762430162,
    -71.56941247126));
#4334 = CARTESIAN_POINT('',(-77.59601780374,31.087117427225,
    -71.57177165814));
#4335 = CARTESIAN_POINT('',(-77.59425000999,31.086076878754,
    -71.57180208745));
#4336 = CARTESIAN_POINT('',(-77.59248599361,31.0850284055,
    -71.57181707449));
#4337 = ORIENTED_EDGE('',*,*,#4234,.T.);
#4338 = ORIENTED_EDGE('',*,*,#4339,.F.);
#4339 = EDGE_CURVE('',#4328,#3917,#4340,.T.);
#4340 = B_SPLINE_CURVE_WITH_KNOTS('',3,(#4341,#4342,#4343,#4344,#4345,
    #4346),.UNSPECIFIED.,.F.,.F.,(4,2,4),(-6.647860738738E-02,
    -6.615916657918E-02,-1.150561475541E-09),.UNSPECIFIED.);
#4341 = CARTESIAN_POINT('',(-77.59248599361,31.0850284055,
    -71.57181707449));
#4342 = CARTESIAN_POINT('',(-77.59389286108,31.086487023313,
    -71.5714939142));
#4343 = CARTESIAN_POINT('',(-77.59530267856,31.087938104036,
    -71.57115487897));
#4344 = CARTESIAN_POINT('',(-77.88816866557,31.391893262919,
    -71.50472241461));
#4345 = CARTESIAN_POINT('',(-78.24241860724,31.567155608742,
    -71.16758734303));
#4346 = CARTESIAN_POINT('',(-78.42778930312,31.473587371898,
    -70.78024879946));
#4347 = B_SPLINE_SURFACE_WITH_KNOTS('',3,3,(
    (#4348,#4349,#4350,#4351,#4352,#4353)
    ,(#4354,#4355,#4356,#4357,#4358,#4359)
    ,(#4360,#4361,#4362,#4363,#4364,#4365)
    ,(#4366,#4367,#4368,#4369,#4370,#4371
    )),.UNSPECIFIED.,.F.,.F.,.F.,(4,4),(4,2,4),(0.,1.),(0.,
    6.615916657918E-02,6.647860738738E-02),.UNSPECIFIED.);
#4348 = CARTESIAN_POINT('',(-78.61112263781,31.270414252762,
    -70.93475963991));
#4349 = CARTESIAN_POINT('',(-78.40092283045,31.390504446179,
    -71.30166959379));
#4350 = CARTESIAN_POINT('',(-77.96307792527,31.305762430162,
    -71.56941247126));
#4351 = CARTESIAN_POINT('',(-77.59601780374,31.087117427225,
    -71.57177165814));
#4352 = CARTESIAN_POINT('',(-77.59425000999,31.086076878754,
    -71.57180208745));
#4353 = CARTESIAN_POINT('',(-77.59248599361,31.0850284055,
    -71.57181707449));
#4354 = CARTESIAN_POINT('',(-78.57447085666,31.360140168042,
    -70.89047319449));
#4355 = CARTESIAN_POINT('',(-78.35841399044,31.469255506519,
    -71.27528863103));
#4356 = CARTESIAN_POINT('',(-77.93645994283,31.333439784637,
    -71.54801347654));
#4357 = CARTESIAN_POINT('',(-77.59578478697,31.087394890174,
    -71.5715663098));
#4358 = CARTESIAN_POINT('',(-77.59413096036,31.086213593607,
    -71.57169936303));
#4359 = CARTESIAN_POINT('',(-77.59248599361,31.0850284055,
    -71.57181707449));
#4360 = CARTESIAN_POINT('',(-78.50916746158,31.432510503048,
    -70.83543637139));
#4361 = CARTESIAN_POINT('',(-78.30312406807,31.530882918883,
    -71.22851394083));
#4362 = CARTESIAN_POINT('',(-77.91174340604,31.361870588819,
    -71.52666295906));
#4363 = CARTESIAN_POINT('',(-77.59554555277,31.087669397277,
    -71.57135999464));
#4364 = CARTESIAN_POINT('',(-77.59401191072,31.08635030846,
    -71.57159663862));
#4365 = CARTESIAN_POINT('',(-77.59248599361,31.0850284055,
    -71.57181707449));
#4366 = CARTESIAN_POINT('',(-78.42778931279,31.473587367017,
    -70.78024877925));
#4367 = CARTESIAN_POINT('',(-78.24241861956,31.567155614837,
    -71.16758733131));
#4368 = CARTESIAN_POINT('',(-77.88816867063,31.39189326818,
    -71.50472241346));
#4369 = CARTESIAN_POINT('',(-77.59530267856,31.087938104036,
    -71.57115487897));
#4370 = CARTESIAN_POINT('',(-77.59389286108,31.086487023313,
    -71.5714939142));
#4371 = CARTESIAN_POINT('',(-77.59248599361,31.0850284055,
    -71.57181707449));
#4372 = ADVANCED_FACE('',(#4373),#4396,.T.);
#4373 = FACE_BOUND('',#4374,.T.);
#4374 = EDGE_LOOP('',(#4375,#4386,#4387));
#4375 = ORIENTED_EDGE('',*,*,#4376,.F.);
#4376 = EDGE_CURVE('',#4282,#4377,#4379,.T.);
#4377 = VERTEX_POINT('',#4378);
#4378 = CARTESIAN_POINT('',(-76.07581641813,36.811298744777,
    -68.27087535637));
#4379 = B_SPLINE_CURVE_WITH_KNOTS('',3,(#4380,#4381,#4382,#4383,#4384,
    #4385),.UNSPECIFIED.,.F.,.F.,(4,2,4),(-5.551931799899E-02,0.,
    3.388175530995E-04),.UNSPECIFIED.);
#4380 = CARTESIAN_POINT('',(-77.00356310139,36.370200572804,
    -68.15566246169));
#4381 = CARTESIAN_POINT('',(-76.76804156662,36.555475072778,
    -68.36443282805));
#4382 = CARTESIAN_POINT('',(-76.40197396534,36.732228661319,
    -68.4035647727));
#4383 = CARTESIAN_POINT('',(-76.07972074366,36.810348094153,
    -68.27246311407));
#4384 = CARTESIAN_POINT('',(-76.0777678982,36.810826694402,
    -68.27167474045));
#4385 = CARTESIAN_POINT('',(-76.07581641813,36.811298744777,
    -68.27087535637));
#4386 = ORIENTED_EDGE('',*,*,#4281,.F.);
#4387 = ORIENTED_EDGE('',*,*,#4388,.F.);
#4388 = EDGE_CURVE('',#4377,#4272,#4389,.T.);
#4389 = B_SPLINE_CURVE_WITH_KNOTS('',3,(#4390,#4391,#4392,#4393,#4394,
    #4395),.UNSPECIFIED.,.F.,.F.,(4,2,4),(-3.388175530995E-04,0.,
    5.551931799899E-02),.UNSPECIFIED.);
#4390 = CARTESIAN_POINT('',(-76.07581641813,36.811298744777,
    -68.27087535637));
#4391 = CARTESIAN_POINT('',(-76.07790741748,36.811468993311,
    -68.27139387161));
#4392 = CARTESIAN_POINT('',(-76.08000039673,36.811633485537,
    -68.271901157));
#4393 = CARTESIAN_POINT('',(-76.42519244525,36.839368014185,
    -68.35669850496));
#4394 = CARTESIAN_POINT('',(-76.81986356813,36.778650921332,
    -68.2678063476));
#4395 = CARTESIAN_POINT('',(-77.07092049739,36.653129584977,
    -68.0336445573));
#4396 = B_SPLINE_SURFACE_WITH_KNOTS('',3,3,(
    (#4397,#4398,#4399,#4400,#4401,#4402)
    ,(#4403,#4404,#4405,#4406,#4407,#4408)
    ,(#4409,#4410,#4411,#4412,#4413,#4414)
    ,(#4415,#4416,#4417,#4418,#4419,#4420
    )),.UNSPECIFIED.,.F.,.F.,.F.,(4,4),(4,2,4),(0.,1.),(
    -5.551931799899E-02,0.,3.388175530995E-04),.UNSPECIFIED.);
#4397 = CARTESIAN_POINT('',(-77.00356310139,36.370200572804,
    -68.15566246169));
#4398 = CARTESIAN_POINT('',(-76.76804156662,36.555475072778,
    -68.36443282805));
#4399 = CARTESIAN_POINT('',(-76.40197396534,36.732228661319,
    -68.4035647727));
#4400 = CARTESIAN_POINT('',(-76.07972074366,36.810348094153,
    -68.27246311407));
#4401 = CARTESIAN_POINT('',(-76.0777678982,36.810826694402,
    -68.27167474045));
#4402 = CARTESIAN_POINT('',(-76.07581641813,36.811298744777,
    -68.27087535637));
#4403 = CARTESIAN_POINT('',(-77.04853349281,36.466025195256,
    -68.14032415761));
#4404 = CARTESIAN_POINT('',(-76.78935747903,36.636902636336,
    -68.35366467507));
#4405 = CARTESIAN_POINT('',(-76.40880429126,36.768021685208,
    -68.38729690382));
#4406 = CARTESIAN_POINT('',(-76.07981755847,36.810776742282,
    -68.27227962316));
#4407 = CARTESIAN_POINT('',(-76.07781440463,36.811040794039,
    -68.2715811175));
#4408 = CARTESIAN_POINT('',(-76.07581641813,36.811298744777,
    -68.27087535637));
#4409 = CARTESIAN_POINT('',(-77.07253777279,36.566853131411,
    -68.09684041101));
#4410 = CARTESIAN_POINT('',(-76.80713431091,36.713533886818,
    -68.3204813698));
#4411 = CARTESIAN_POINT('',(-76.41648844007,36.803496828812,
    -68.37177782316));
#4412 = CARTESIAN_POINT('',(-76.079911014,36.811206228452,
    -68.27209186162));
#4413 = CARTESIAN_POINT('',(-76.07786091105,36.811254893675,
    -68.27148749455));
#4414 = CARTESIAN_POINT('',(-76.07581641813,36.811298744777,
    -68.27087535637));
#4415 = CARTESIAN_POINT('',(-77.07092049739,36.653129584977,
    -68.0336445573));
#4416 = CARTESIAN_POINT('',(-76.81986356813,36.778650921332,
    -68.2678063476));
#4417 = CARTESIAN_POINT('',(-76.42519244525,36.839368014185,
    -68.35669850496));
#4418 = CARTESIAN_POINT('',(-76.08000039673,36.811633485537,
    -68.271901157));
#4419 = CARTESIAN_POINT('',(-76.07790741748,36.811468993311,
    -68.27139387161));
#4420 = CARTESIAN_POINT('',(-76.07581641813,36.811298744777,
    -68.27087535637));
#4421 = ADVANCED_FACE('',(#4422),#4460,.T.);
#4422 = FACE_BOUND('',#4423,.T.);
#4423 = EDGE_LOOP('',(#4424,#4435,#4445,#4452));
#4424 = ORIENTED_EDGE('',*,*,#4425,.F.);
#4425 = EDGE_CURVE('',#4426,#4428,#4430,.T.);
#4426 = VERTEX_POINT('',#4427);
#4427 = CARTESIAN_POINT('',(-76.88803693256,37.741678697662,
    -67.48633585387));
#4428 = VERTEX_POINT('',#4429);
#4429 = CARTESIAN_POINT('',(-75.94578199844,37.775001214654,
    -67.75149062785));
#4430 = CIRCLE('',#4431,1.);
#4431 = AXIS2_PLACEMENT_3D('',#4432,#4433,#4434);
#4432 = CARTESIAN_POINT('',(-76.19578991125,37.341993303814,
    -66.88546511283));
#4433 = DIRECTION('',(-0.100657913549,-0.87795951554,-0.468033197021));
#4434 = DIRECTION('',(-0.692247021305,0.399685393848,-0.600870741041));
#4435 = ORIENTED_EDGE('',*,*,#4436,.F.);
#4436 = EDGE_CURVE('',#4437,#4426,#4439,.T.);
#4437 = VERTEX_POINT('',#4438);
#4438 = CARTESIAN_POINT('',(-77.2071199783,38.503265453837,
    -66.6924795621));
#4439 = B_SPLINE_CURVE_WITH_KNOTS('',3,(#4440,#4441,#4442,#4443,#4444),
  .UNSPECIFIED.,.F.,.F.,(4,1,4),(6.515703154916E-16,5.471619792442E-02,
    0.12767112849),.UNSPECIFIED.);
#4440 = CARTESIAN_POINT('',(-77.2071199783,38.503265453844,
    -66.6924795621));
#4441 = CARTESIAN_POINT('',(-77.10967202351,38.447001490223,
    -66.8161331822));
#4442 = CARTESIAN_POINT('',(-76.91888358745,38.265418633468,
    -67.11087004058));
#4443 = CARTESIAN_POINT('',(-76.8573841377,37.951618621817,
    -67.3820029066));
#4444 = CARTESIAN_POINT('',(-76.88803693256,37.741678697662,
    -67.48633585387));
#4445 = ORIENTED_EDGE('',*,*,#4446,.T.);
#4446 = EDGE_CURVE('',#4437,#3254,#4447,.T.);
#4447 = CIRCLE('',#4448,1.);
#4448 = AXIS2_PLACEMENT_3D('',#4449,#4450,#4451);
#4449 = CARTESIAN_POINT('',(-76.56660848491,38.133450835936,
    -66.01944005715));
#4450 = DIRECTION('',(0.582863194823,-0.336530342384,-0.739606533756));
#4451 = DIRECTION('',(-0.640511493387,0.369814617901,-0.673039504951));
#4452 = ORIENTED_EDGE('',*,*,#4453,.F.);
#4453 = EDGE_CURVE('',#4428,#3254,#4454,.T.);
#4454 = B_SPLINE_CURVE_WITH_KNOTS('',3,(#4455,#4456,#4457,#4458,#4459),
  .UNSPECIFIED.,.F.,.F.,(4,1,4),(-0.12767112849,-5.471619792442E-02,
    -6.515703154916E-16),.UNSPECIFIED.);
#4455 = CARTESIAN_POINT('',(-75.94578199844,37.775001214659,
    -67.75149062785));
#4456 = CARTESIAN_POINT('',(-75.82273151653,38.159231162062,
    -67.52385507031));
#4457 = CARTESIAN_POINT('',(-75.78027064446,38.691299000036,
    -66.93229236803));
#4458 = CARTESIAN_POINT('',(-75.96028607883,38.938088359814,
    -66.28923003677));
#4459 = CARTESIAN_POINT('',(-76.06659296219,38.999467277496,
    -66.01944027963));
#4460 = B_SPLINE_SURFACE_WITH_KNOTS('',3,3,(
    (#4461,#4462,#4463,#4464,#4465)
    ,(#4466,#4467,#4468,#4469,#4470)
    ,(#4471,#4472,#4473,#4474,#4475)
    ,(#4476,#4477,#4478,#4479,#4480)
    ,(#4481,#4482,#4483,#4484,#4485
  )),.UNSPECIFIED.,.F.,.F.,.F.,(4,1,4),(4,1,4),(0.,0.571428571429,1.),(
    6.515703154916E-16,5.471619792442E-02,0.12767112849),.UNSPECIFIED.);
#4461 = CARTESIAN_POINT('',(-77.2071199783,38.503265453844,
    -66.6924795621));
#4462 = CARTESIAN_POINT('',(-77.10967202351,38.447001490223,
    -66.8161331822));
#4463 = CARTESIAN_POINT('',(-76.91888358745,38.265418633468,
    -67.11087004058));
#4464 = CARTESIAN_POINT('',(-76.8573841377,37.951618621817,
    -67.3820029066));
#4465 = CARTESIAN_POINT('',(-76.88803693256,37.741678697662,
    -67.48633585387));
#4466 = CARTESIAN_POINT('',(-77.05751568374,38.762376967241,
    -66.69247962867));
#4467 = CARTESIAN_POINT('',(-76.95099955058,38.680475732272,
    -66.83779125809));
#4468 = CARTESIAN_POINT('',(-76.75039523552,38.436383656213,
    -67.18044849793));
#4469 = CARTESIAN_POINT('',(-76.70226504801,38.049323528378,
    -67.49286777479));
#4470 = CARTESIAN_POINT('',(-76.74872095163,37.793051689583,
    -67.61266591643));
#4471 = CARTESIAN_POINT('',(-76.6376492809,39.117862384376,
    -66.52334504412));
#4472 = CARTESIAN_POINT('',(-76.53321663427,39.004688301228,
    -66.73094232576));
#4473 = CARTESIAN_POINT('',(-76.35137493951,38.675565486395,
    -67.20395908893));
#4474 = CARTESIAN_POINT('',(-76.35066482268,38.173033562994,
    -67.61450682229));
#4475 = CARTESIAN_POINT('',(-76.43423271347,37.841678923521,
    -67.77151890616));
#4476 = CARTESIAN_POINT('',(-76.2103234052,39.082453483695,
    -66.17046999137));
#4477 = CARTESIAN_POINT('',(-76.10804807368,38.999654971446,
    -66.42919836463));
#4478 = CARTESIAN_POINT('',(-75.93601933802,38.713527686814,
    -67.03273158359));
#4479 = CARTESIAN_POINT('',(-75.97229630211,38.178532187223,
    -67.57093515521));
#4480 = CARTESIAN_POINT('',(-76.08658779475,37.804856264945,
    -67.7772116833));
#4481 = CARTESIAN_POINT('',(-76.06659296219,38.999467277496,
    -66.01944027963));
#4482 = CARTESIAN_POINT('',(-75.96028607883,38.938088359814,
    -66.28923003677));
#4483 = CARTESIAN_POINT('',(-75.78027064446,38.691299000036,
    -66.93229236803));
#4484 = CARTESIAN_POINT('',(-75.82273151653,38.159231162062,
    -67.52385507031));
#4485 = CARTESIAN_POINT('',(-75.94578199844,37.775001214659,
    -67.75149062785));
#4486 = ADVANCED_FACE('',(#4487),#4514,.T.);
#4487 = FACE_BOUND('',#4488,.T.);
#4488 = EDGE_LOOP('',(#4489,#4499,#4508));
#4489 = ORIENTED_EDGE('',*,*,#4490,.F.);
#4490 = EDGE_CURVE('',#4491,#4493,#4495,.T.);
#4491 = VERTEX_POINT('',#4492);
#4492 = CARTESIAN_POINT('',(-86.94052789444,-2.920955232494,
    -73.83473531556));
#4493 = VERTEX_POINT('',#4494);
#4494 = CARTESIAN_POINT('',(-86.69053176598,-3.353969968267,
    -73.54605987896));
#4495 = LINE('',#4496,#4497);
#4496 = CARTESIAN_POINT('',(-86.94052789444,-2.920955232494,
    -73.83473531556));
#4497 = VECTOR('',#4498,1.);
#4498 = DIRECTION('',(0.433005996176,-0.750003522785,0.500000523086));
#4499 = ORIENTED_EDGE('',*,*,#4500,.T.);
#4500 = EDGE_CURVE('',#4491,#4501,#4503,.T.);
#4501 = VERTEX_POINT('',#4502);
#4502 = CARTESIAN_POINT('',(-87.12354671754,-3.603966294182,
    -73.83473482087));
#4503 = CIRCLE('',#4504,0.5);
#4504 = AXIS2_PLACEMENT_3D('',#4505,#4506,#4507);
#4505 = CARTESIAN_POINT('',(-86.69053177515,-3.353970174892,
    -73.83473501355));
#4506 = DIRECTION('',(3.173934353261E-08,7.157690695504E-07,1.));
#4507 = DIRECTION('',(0.258827701808,0.96592350669,-6.99593190984E-07));
#4508 = ORIENTED_EDGE('',*,*,#4509,.T.);
#4509 = EDGE_CURVE('',#4501,#4493,#4510,.T.);
#4510 = LINE('',#4511,#4512);
#4511 = CARTESIAN_POINT('',(-87.12354671754,-3.603966294182,
    -73.83473482087));
#4512 = VECTOR('',#4513,1.);
#4513 = DIRECTION('',(0.750003896539,0.433006338191,0.499999666263));
#4514 = CONICAL_SURFACE('',#4515,0.5,1.047197551197);
#4515 = AXIS2_PLACEMENT_3D('',#4516,#4517,#4518);
#4516 = CARTESIAN_POINT('',(-86.69053177515,-3.353970174892,
    -73.83473501355));
#4517 = DIRECTION('',(-3.173934506201E-08,-7.157690728563E-07,-1.));
#4518 = DIRECTION('',(0.258827701808,0.96592350669,-6.995931945731E-07)
  );
#4519 = ADVANCED_FACE('',(#4520),#4563,.F.);
#4520 = FACE_BOUND('',#4521,.T.);
#4521 = EDGE_LOOP('',(#4522,#4530,#4539,#4547,#4556,#4562));
#4522 = ORIENTED_EDGE('',*,*,#4523,.T.);
#4523 = EDGE_CURVE('',#4501,#4524,#4526,.T.);
#4524 = VERTEX_POINT('',#4525);
#4525 = CARTESIAN_POINT('',(-84.69734910494,-7.806350804986,
    -73.83473188994));
#4526 = LINE('',#4527,#4528);
#4527 = CARTESIAN_POINT('',(-80.0326027205,-15.88609577339,
    -73.83472625477));
#4528 = VECTOR('',#4529,1.);
#4529 = DIRECTION('',(0.499992238581,-0.866029884795,6.04007979419E-07)
  );
#4530 = ORIENTED_EDGE('',*,*,#4531,.F.);
#4531 = EDGE_CURVE('',#4532,#4524,#4534,.T.);
#4532 = VERTEX_POINT('',#4533);
#4533 = CARTESIAN_POINT('',(-84.5951385275,-8.556364028471,
    -74.00013257378));
#4534 = ELLIPSE('',#4535,1.154700299791,1.);
#4535 = AXIS2_PLACEMENT_3D('',#4536,#4537,#4538);
#4536 = CARTESIAN_POINT('',(-85.56337888877,-8.306343250192,
    -74.41208165447));
#4537 = DIRECTION('',(-0.433014914911,-0.249995499416,0.866025596467));
#4538 = DIRECTION('',(0.750004103164,0.433005980298,0.499999666263));
#4539 = ORIENTED_EDGE('',*,*,#4540,.T.);
#4540 = EDGE_CURVE('',#4532,#4541,#4543,.T.);
#4541 = VERTEX_POINT('',#4542);
#4542 = CARTESIAN_POINT('',(-83.75049170224,-8.556379016935,
    -73.57781142344));
#4543 = LINE('',#4544,#4545);
#4544 = CARTESIAN_POINT('',(-86.55011089561,-8.556329337009,
    -74.97761352166));
#4545 = VECTOR('',#4546,1.);
#4546 = DIRECTION('',(0.894428149136,-1.587184585079E-05,0.447211678941)
  );
#4547 = ORIENTED_EDGE('',*,*,#4548,.T.);
#4548 = EDGE_CURVE('',#4541,#4549,#4551,.T.);
#4549 = VERTEX_POINT('',#4550);
#4550 = CARTESIAN_POINT('',(-83.83131935805,-8.306373628123,
    -73.54605642493));
#4551 = ELLIPSE('',#4552,2.309413026369,1.);
#4552 = AXIS2_PLACEMENT_3D('',#4553,#4554,#4555);
#4553 = CARTESIAN_POINT('',(-85.83132973814,-8.306338495339,
    -74.54605636148));
#4554 = DIRECTION('',(-0.433014914911,-0.249995499416,0.866025596467));
#4555 = DIRECTION('',(0.901386755598,-0.120113073614,0.416022555133));
#4556 = ORIENTED_EDGE('',*,*,#4557,.F.);
#4557 = EDGE_CURVE('',#4493,#4549,#4558,.T.);
#4558 = LINE('',#4559,#4560);
#4559 = CARTESIAN_POINT('',(-79.59958776894,-15.63609944748,
    -73.54605131285));
#4560 = VECTOR('',#4561,1.);
#4561 = DIRECTION('',(0.499992238581,-0.866029884795,6.04007979419E-07)
  );
#4562 = ORIENTED_EDGE('',*,*,#4509,.F.);
#4563 = PLANE('',#4564);
#4564 = AXIS2_PLACEMENT_3D('',#4565,#4566,#4567);
#4565 = CARTESIAN_POINT('',(-79.84990171012,-16.2025497556,
    -73.83472603406));
#4566 = DIRECTION('',(0.433014914911,0.249995499416,-0.866025596467));
#4567 = DIRECTION('',(-0.499992238581,0.866029884795,-6.04007979299E-07)
  );
#4568 = ADVANCED_FACE('',(#4569),#4605,.T.);
#4569 = FACE_BOUND('',#4570,.T.);
#4570 = EDGE_LOOP('',(#4571,#4582,#4590,#4599));
#4571 = ORIENTED_EDGE('',*,*,#4572,.T.);
#4572 = EDGE_CURVE('',#4573,#4575,#4577,.T.);
#4573 = VERTEX_POINT('',#4574);
#4574 = CARTESIAN_POINT('',(-80.77360650942,-11.13843972431,
    -74.54605485276));
#4575 = VERTEX_POINT('',#4576);
#4576 = CARTESIAN_POINT('',(-79.90757648957,-10.63844694891,
    -73.54605488024));
#4577 = CIRCLE('',#4578,1.);
#4578 = AXIS2_PLACEMENT_3D('',#4579,#4580,#4581);
#4579 = CARTESIAN_POINT('',(-79.90757662462,-10.63844748573,
    -74.54605488024));
#4580 = DIRECTION('',(-0.499992238581,0.866029884795,-3.973799892476E-07
    ));
#4581 = DIRECTION('',(-0.612375618333,-0.353547586114,0.707106927151));
#4582 = ORIENTED_EDGE('',*,*,#4583,.F.);
#4583 = EDGE_CURVE('',#4584,#4575,#4586,.T.);
#4584 = VERTEX_POINT('',#4585);
#4585 = CARTESIAN_POINT('',(-81.25394511075,-8.306419825453,
    -73.5460565067));
#4586 = LINE('',#4587,#4588);
#4587 = CARTESIAN_POINT('',(-80.7896102368,-9.11068806477,
    -73.54605594577));
#4588 = VECTOR('',#4589,1.);
#4589 = DIRECTION('',(0.499992238581,-0.866029884795,6.040079793245E-07)
  );
#4590 = ORIENTED_EDGE('',*,*,#4591,.T.);
#4591 = EDGE_CURVE('',#4584,#4592,#4594,.T.);
#4592 = VERTEX_POINT('',#4593);
#4593 = CARTESIAN_POINT('',(-81.83130736106,-9.306410192636,
    -74.5460561305));
#4594 = ELLIPSE('',#4595,1.154697551035,1.);
#4595 = AXIS2_PLACEMENT_3D('',#4596,#4597,#4598);
#4596 = CARTESIAN_POINT('',(-81.25394514249,-8.306420541222,
    -74.5460565067));
#4597 = DIRECTION('',(0.866018682137,-0.500011642054,3.304060047174E-07)
  );
#4598 = DIRECTION('',(0.500011642054,0.866018682137,-6.357394292075E-07)
  );
#4599 = ORIENTED_EDGE('',*,*,#4600,.F.);
#4600 = EDGE_CURVE('',#4573,#4592,#4601,.T.);
#4601 = LINE('',#4602,#4603);
#4602 = CARTESIAN_POINT('',(-81.65564015333,-9.61068101912,
    -74.54605591829));
#4603 = VECTOR('',#4604,1.);
#4604 = DIRECTION('',(-0.499992238581,0.866029884795,-6.040079793245E-07
    ));
#4605 = CYLINDRICAL_SURFACE('',#4606,1.);
#4606 = AXIS2_PLACEMENT_3D('',#4607,#4608,#4609);
#4607 = CARTESIAN_POINT('',(-80.78961026853,-9.110688780539,
    -74.54605594577));
#4608 = DIRECTION('',(0.499992238581,-0.866029884795,6.040079793245E-07)
  );
#4609 = DIRECTION('',(-0.612375691385,-0.35354745958,0.707106927151));
#4610 = ADVANCED_FACE('',(#4611),#4638,.T.);
#4611 = FACE_BOUND('',#4612,.T.);
#4612 = EDGE_LOOP('',(#4613,#4624,#4632));
#4613 = ORIENTED_EDGE('',*,*,#4614,.T.);
#4614 = EDGE_CURVE('',#4615,#4617,#4619,.T.);
#4615 = VERTEX_POINT('',#4616);
#4616 = CARTESIAN_POINT('',(-74.7900642615,-4.566255895811,
    -81.95689479757));
#4617 = VERTEX_POINT('',#4618);
#4618 = CARTESIAN_POINT('',(-75.77839896076,-8.254506771529,
    -81.95689365045));
#4619 = CIRCLE('',#4620,2.7);
#4620 = AXIS2_PLACEMENT_3D('',#4621,#4622,#4623);
#4621 = CARTESIAN_POINT('',(-73.44010617327,-6.904548683301,
    -81.95689372465));
#4622 = DIRECTION('',(-1.748856425837E-07,3.578844331586E-07,1.));
#4623 = DIRECTION('',(-0.500015522718,-0.866016441554,2.224882672991E-07
    ));
#4624 = ORIENTED_EDGE('',*,*,#4625,.T.);
#4625 = EDGE_CURVE('',#4617,#4626,#4628,.T.);
#4626 = VERTEX_POINT('',#4627);
#4627 = CARTESIAN_POINT('',(-77.12835704899,-5.916213984039,
    -81.95689472338));
#4628 = LINE('',#4629,#4630);
#4629 = CARTESIAN_POINT('',(-73.52721919954,-12.15382590218,
    -81.95689186125));
#4630 = VECTOR('',#4631,1.);
#4631 = DIRECTION('',(-0.499984477121,0.866034365737,-3.97380324641E-07)
  );
#4632 = ORIENTED_EDGE('',*,*,#4633,.T.);
#4633 = EDGE_CURVE('',#4626,#4615,#4634,.T.);
#4634 = LINE('',#4635,#4636);
#4635 = CARTESIAN_POINT('',(-77.12835704899,-5.916213984039,
    -81.95689472338));
#4636 = VECTOR('',#4637,1.);
#4637 = DIRECTION('',(0.866034365737,0.499984477121,-2.74796846312E-08)
  );
#4638 = PLANE('',#4639);
#4639 = AXIS2_PLACEMENT_3D('',#4640,#4641,#4642);
#4640 = CARTESIAN_POINT('',(-73.44010617327,-6.904548683301,
    -81.95689372465));
#4641 = DIRECTION('',(1.748856425837E-07,-3.578844331586E-07,-1.));
#4642 = DIRECTION('',(0.500015522718,0.866016441554,-2.224882672991E-07)
  );
#4643 = ADVANCED_FACE('',(#4644),#4669,.T.);
#4644 = FACE_BOUND('',#4645,.T.);
#4645 = EDGE_LOOP('',(#4646,#4655,#4663));
#4646 = ORIENTED_EDGE('',*,*,#4647,.T.);
#4647 = EDGE_CURVE('',#4648,#4615,#4650,.T.);
#4648 = VERTEX_POINT('',#4649);
#4649 = CARTESIAN_POINT('',(-71.10183255116,-5.554557398289,
    -81.95689379886));
#4650 = CIRCLE('',#4651,2.7);
#4651 = AXIS2_PLACEMENT_3D('',#4652,#4653,#4654);
#4652 = CARTESIAN_POINT('',(-73.44010617327,-6.904548683301,
    -81.95689372465));
#4653 = DIRECTION('',(-1.748856425837E-07,3.578844331586E-07,1.));
#4654 = DIRECTION('',(-0.500015522718,-0.866016441554,2.224882672991E-07
    ));
#4655 = ORIENTED_EDGE('',*,*,#4656,.T.);
#4656 = EDGE_CURVE('',#4615,#4657,#4659,.T.);
#4657 = VERTEX_POINT('',#4658);
#4658 = CARTESIAN_POINT('',(-72.45177147401,-3.216297807583,
    -81.95689487177));
#4659 = LINE('',#4660,#4661);
#4660 = CARTESIAN_POINT('',(-77.12835704899,-5.916213984039,
    -81.95689472338));
#4661 = VECTOR('',#4662,1.);
#4662 = DIRECTION('',(0.866034365737,0.499984477121,-2.74796846312E-08)
  );
#4663 = ORIENTED_EDGE('',*,*,#4664,.T.);
#4664 = EDGE_CURVE('',#4657,#4648,#4665,.T.);
#4665 = LINE('',#4666,#4667);
#4666 = CARTESIAN_POINT('',(-68.85063362456,-9.453909725725,
    -81.95689200964));
#4667 = VECTOR('',#4668,1.);
#4668 = DIRECTION('',(0.499984477121,-0.866034365737,3.97380324641E-07)
  );
#4669 = PLANE('',#4670);
#4670 = AXIS2_PLACEMENT_3D('',#4671,#4672,#4673);
#4671 = CARTESIAN_POINT('',(-73.44010617327,-6.904548683301,
    -81.95689372465));
#4672 = DIRECTION('',(1.748856425837E-07,-3.578844331586E-07,-1.));
#4673 = DIRECTION('',(0.500015522718,0.866016441554,-2.224882672991E-07)
  );
#4674 = ADVANCED_FACE('',(#4675),#4701,.T.);
#4675 = FACE_BOUND('',#4676,.T.);
#4676 = EDGE_LOOP('',(#4677,#4687,#4693,#4694,#4695));
#4677 = ORIENTED_EDGE('',*,*,#4678,.F.);
#4678 = EDGE_CURVE('',#4679,#4681,#4683,.T.);
#4679 = VERTEX_POINT('',#4680);
#4680 = CARTESIAN_POINT('',(-72.45177143903,-3.21629787916,
    -82.15689487177));
#4681 = VERTEX_POINT('',#4682);
#4682 = CARTESIAN_POINT('',(-77.12835701401,-5.916214055616,
    -82.15689472338));
#4683 = LINE('',#4684,#4685);
#4684 = CARTESIAN_POINT('',(-77.12835701401,-5.916214055616,
    -82.15689472338));
#4685 = VECTOR('',#4686,1.);
#4686 = DIRECTION('',(-0.866034365737,-0.499984477121,2.74796846312E-08)
  );
#4687 = ORIENTED_EDGE('',*,*,#4688,.T.);
#4688 = EDGE_CURVE('',#4679,#4657,#4689,.T.);
#4689 = LINE('',#4690,#4691);
#4690 = CARTESIAN_POINT('',(-72.45177140405,-3.216297950737,
    -82.35689487177));
#4691 = VECTOR('',#4692,1.);
#4692 = DIRECTION('',(-1.748856425837E-07,3.578844331586E-07,1.));
#4693 = ORIENTED_EDGE('',*,*,#4656,.F.);
#4694 = ORIENTED_EDGE('',*,*,#4633,.F.);
#4695 = ORIENTED_EDGE('',*,*,#4696,.F.);
#4696 = EDGE_CURVE('',#4681,#4626,#4697,.T.);
#4697 = LINE('',#4698,#4699);
#4698 = CARTESIAN_POINT('',(-77.12835697903,-5.916214127193,
    -82.35689472338));
#4699 = VECTOR('',#4700,1.);
#4700 = DIRECTION('',(-1.748856425837E-07,3.578844331586E-07,1.));
#4701 = PLANE('',#4702);
#4702 = AXIS2_PLACEMENT_3D('',#4703,#4704,#4705);
#4703 = CARTESIAN_POINT('',(-77.12835697903,-5.916214127193,
    -82.35689472338));
#4704 = DIRECTION('',(0.499984477121,-0.866034365737,3.97380324641E-07)
  );
#4705 = DIRECTION('',(0.866034365737,0.499984477121,-2.74796846312E-08)
  );
#4706 = ADVANCED_FACE('',(#4707),#4733,.F.);
#4707 = FACE_BOUND('',#4708,.T.);
#4708 = EDGE_LOOP('',(#4709,#4710,#4718,#4727));
#4709 = ORIENTED_EDGE('',*,*,#4678,.T.);
#4710 = ORIENTED_EDGE('',*,*,#4711,.T.);
#4711 = EDGE_CURVE('',#4681,#4712,#4714,.T.);
#4712 = VERTEX_POINT('',#4713);
#4713 = CARTESIAN_POINT('',(-78.029578687,-4.355187712454,
    -82.15689543966));
#4714 = LINE('',#4715,#4716);
#4715 = CARTESIAN_POINT('',(-73.52721916456,-12.15382597375,
    -82.15689186125));
#4716 = VECTOR('',#4717,1.);
#4717 = DIRECTION('',(-0.499984477121,0.866034365737,-3.97380324641E-07)
  );
#4718 = ORIENTED_EDGE('',*,*,#4719,.T.);
#4719 = EDGE_CURVE('',#4712,#4720,#4722,.T.);
#4720 = VERTEX_POINT('',#4721);
#4721 = CARTESIAN_POINT('',(-73.35299311202,-1.655271535998,
    -82.15689558805));
#4722 = CIRCLE('',#4723,5.25);
#4723 = AXIS2_PLACEMENT_3D('',#4724,#4725,#4726);
#4724 = CARTESIAN_POINT('',(-73.44010613829,-6.904548754878,
    -82.15689372465));
#4725 = DIRECTION('',(1.748856368992E-07,-3.578844430041E-07,-1.));
#4726 = DIRECTION('',(0.500015522718,0.866016441554,-2.224882786678E-07)
  );
#4727 = ORIENTED_EDGE('',*,*,#4728,.T.);
#4728 = EDGE_CURVE('',#4720,#4679,#4729,.T.);
#4729 = LINE('',#4730,#4731);
#4730 = CARTESIAN_POINT('',(-68.85063358958,-9.453909797302,
    -82.15689200964));
#4731 = VECTOR('',#4732,1.);
#4732 = DIRECTION('',(0.499984477121,-0.866034365737,3.97380324641E-07)
  );
#4733 = PLANE('',#4734);
#4734 = AXIS2_PLACEMENT_3D('',#4735,#4736,#4737);
#4735 = CARTESIAN_POINT('',(-73.44010613829,-6.904548754878,
    -82.15689372465));
#4736 = DIRECTION('',(-1.748856425837E-07,3.578844331586E-07,1.));
#4737 = DIRECTION('',(-0.500015522718,-0.866016441554,2.224882672991E-07
    ));
#4738 = ADVANCED_FACE('',(#4739),#4774,.T.);
#4739 = FACE_BOUND('',#4740,.T.);
#4740 = EDGE_LOOP('',(#4741,#4751,#4759,#4765,#4766,#4767,#4768));
#4741 = ORIENTED_EDGE('',*,*,#4742,.T.);
#4742 = EDGE_CURVE('',#4743,#4745,#4747,.T.);
#4743 = VERTEX_POINT('',#4744);
#4744 = CARTESIAN_POINT('',(-75.77839392923,-8.254515486725,
    -81.95689365045));
#4745 = VERTEX_POINT('',#4746);
#4746 = CARTESIAN_POINT('',(-75.77839385929,-8.254515629888,
    -82.35689365045));
#4747 = LINE('',#4748,#4749);
#4748 = CARTESIAN_POINT('',(-75.77839410072,-8.254515135829,
    -80.97639416119));
#4749 = VECTOR('',#4750,1.);
#4750 = DIRECTION('',(1.748855788014E-07,-3.578843670901E-07,-1.));
#4751 = ORIENTED_EDGE('',*,*,#4752,.T.);
#4752 = EDGE_CURVE('',#4745,#4753,#4755,.T.);
#4753 = VERTEX_POINT('',#4754);
#4754 = CARTESIAN_POINT('',(-78.02957865203,-4.355187784031,
    -82.35689543966));
#4755 = LINE('',#4756,#4757);
#4756 = CARTESIAN_POINT('',(-76.45337793492,-7.085360520938,
    -82.35689418691));
#4757 = VECTOR('',#4758,1.);
#4758 = DIRECTION('',(-0.499984477121,0.866034365737,-3.97380324641E-07)
  );
#4759 = ORIENTED_EDGE('',*,*,#4760,.T.);
#4760 = EDGE_CURVE('',#4753,#4712,#4761,.T.);
#4761 = LINE('',#4762,#4763);
#4762 = CARTESIAN_POINT('',(-78.02957865203,-4.355187784031,
    -82.35689543966));
#4763 = VECTOR('',#4764,1.);
#4764 = DIRECTION('',(-1.748856041249E-07,3.578844109535E-07,1.));
#4765 = ORIENTED_EDGE('',*,*,#4711,.F.);
#4766 = ORIENTED_EDGE('',*,*,#4696,.T.);
#4767 = ORIENTED_EDGE('',*,*,#4625,.F.);
#4768 = ORIENTED_EDGE('',*,*,#4769,.F.);
#4769 = EDGE_CURVE('',#4743,#4617,#4770,.T.);
#4770 = LINE('',#4771,#4772);
#4771 = CARTESIAN_POINT('',(-73.52721919954,-12.15382590218,
    -81.95689186125));
#4772 = VECTOR('',#4773,1.);
#4773 = DIRECTION('',(-0.499984477121,0.866034365737,-3.97380324641E-07)
  );
#4774 = PLANE('',#4775);
#4775 = AXIS2_PLACEMENT_3D('',#4776,#4777,#4778);
#4776 = CARTESIAN_POINT('',(-77.12835697903,-5.916214127193,
    -82.35689472338));
#4777 = DIRECTION('',(0.866034365737,0.499984477121,-2.747970683566E-08)
  );
#4778 = DIRECTION('',(-0.499984477121,0.866034365737,-3.97380324641E-07)
  );
#4779 = ADVANCED_FACE('',(#4780),#4805,.T.);
#4780 = FACE_BOUND('',#4781,.T.);
#4781 = EDGE_LOOP('',(#4782,#4790,#4791,#4797,#4798));
#4782 = ORIENTED_EDGE('',*,*,#4783,.F.);
#4783 = EDGE_CURVE('',#4592,#4784,#4786,.T.);
#4784 = VERTEX_POINT('',#4785);
#4785 = CARTESIAN_POINT('',(-83.52193463632,-9.306379889522,
    -74.54605607687));
#4786 = LINE('',#4787,#4788);
#4787 = CARTESIAN_POINT('',(-79.94271693024,-9.306444044078,
    -74.54605619042));
#4788 = VECTOR('',#4789,1.);
#4789 = DIRECTION('',(-0.999999999839,1.792418381567E-05,
    3.172651355921E-08));
#4790 = ORIENTED_EDGE('',*,*,#4591,.F.);
#4791 = ORIENTED_EDGE('',*,*,#4792,.F.);
#4792 = EDGE_CURVE('',#4549,#4584,#4793,.T.);
#4793 = LINE('',#4794,#4795);
#4794 = CARTESIAN_POINT('',(-79.94269897432,-8.30644332847,
    -73.5460565483));
#4795 = VECTOR('',#4796,1.);
#4796 = DIRECTION('',(0.999999999839,-1.792418381567E-05,
    -3.172651355921E-08));
#4797 = ORIENTED_EDGE('',*,*,#4548,.F.);
#4798 = ORIENTED_EDGE('',*,*,#4799,.F.);
#4799 = EDGE_CURVE('',#4784,#4541,#4800,.T.);
#4800 = ELLIPSE('',#4801,1.027486044597,1.);
#4801 = AXIS2_PLACEMENT_3D('',#4802,#4803,#4804);
#4802 = CARTESIAN_POINT('',(-83.52191669036,-8.306379889683,
    -74.54605643475));
#4803 = DIRECTION('',(-0.973249235441,1.738366632841E-05,-0.229751877929
    ));
#4804 = DIRECTION('',(0.229751877888,-4.376651239281E-06,-0.973249235596
    ));
#4805 = CYLINDRICAL_SURFACE('',#4806,1.);
#4806 = AXIS2_PLACEMENT_3D('',#4807,#4808,#4809);
#4807 = CARTESIAN_POINT('',(-79.94269900606,-8.306444044239,
    -74.5460565483));
#4808 = DIRECTION('',(0.999999999839,-1.792418381567E-05,
    -3.172651355921E-08));
#4809 = DIRECTION('',(-1.265187107448E-05,-0.70710640148,0.707107160779)
  );
#4810 = ADVANCED_FACE('',(#4811),#4830,.T.);
#4811 = FACE_BOUND('',#4812,.T.);
#4812 = EDGE_LOOP('',(#4813,#4814,#4823,#4829));
#4813 = ORIENTED_EDGE('',*,*,#4540,.F.);
#4814 = ORIENTED_EDGE('',*,*,#4815,.F.);
#4815 = EDGE_CURVE('',#4816,#4532,#4818,.T.);
#4816 = VERTEX_POINT('',#4817);
#4817 = CARTESIAN_POINT('',(-85.56339661101,-9.306343663281,
    -75.56678159638));
#4818 = ELLIPSE('',#4819,1.902109466072,1.);
#4819 = AXIS2_PLACEMENT_3D('',#4820,#4821,#4822);
#4820 = CARTESIAN_POINT('',(-85.56337868683,-8.306343663442,
    -75.56678195426));
#4821 = DIRECTION('',(-0.850650290922,1.543536180098E-05,0.52573194911)
  );
#4822 = DIRECTION('',(0.525731949031,-9.118884255404E-06,0.850650291062)
  );
#4823 = ORIENTED_EDGE('',*,*,#4824,.F.);
#4824 = EDGE_CURVE('',#4784,#4816,#4825,.T.);
#4825 = LINE('',#4826,#4827);
#4826 = CARTESIAN_POINT('',(-86.11711390488,-9.306333837432,
    -75.84363876024));
#4827 = VECTOR('',#4828,1.);
#4828 = DIRECTION('',(-0.894428149136,1.587184585079E-05,-0.447211678941
    ));
#4829 = ORIENTED_EDGE('',*,*,#4799,.T.);
#4830 = CYLINDRICAL_SURFACE('',#4831,1.);
#4831 = AXIS2_PLACEMENT_3D('',#4832,#4833,#4834);
#4832 = CARTESIAN_POINT('',(-86.1170959807,-8.306333837593,
    -75.84363911813));
#4833 = DIRECTION('',(0.894428149136,-1.587184585079E-05,0.447211678941)
  );
#4834 = DIRECTION('',(-0.273873623464,-0.790565439358,0.547722123402));
#4835 = ADVANCED_FACE('',(#4836),#4863,.F.);
#4836 = FACE_BOUND('',#4837,.T.);
#4837 = EDGE_LOOP('',(#4838,#4849,#4857));
#4838 = ORIENTED_EDGE('',*,*,#4839,.T.);
#4839 = EDGE_CURVE('',#4840,#4842,#4844,.T.);
#4840 = VERTEX_POINT('',#4841);
#4841 = CARTESIAN_POINT('',(-68.89345551606,-4.279578885871,
    -86.69589386894));
#4842 = VERTEX_POINT('',#4843);
#4843 = CARTESIAN_POINT('',(-76.06506559046,-2.357891763417,
    -86.69589581089));
#4844 = CIRCLE('',#4845,5.25);
#4845 = AXIS2_PLACEMENT_3D('',#4846,#4847,#4848);
#4846 = CARTESIAN_POINT('',(-73.44010633791,-6.904548658593,
    -86.69589372465));
#4847 = DIRECTION('',(-1.748856425837E-07,3.578844331586E-07,1.));
#4848 = DIRECTION('',(-0.500015522718,-0.866016441554,2.224882672991E-07
    ));
#4849 = ORIENTED_EDGE('',*,*,#4850,.F.);
#4850 = EDGE_CURVE('',#4851,#4842,#4853,.T.);
#4851 = VERTEX_POINT('',#4852);
#4852 = CARTESIAN_POINT('',(-71.51836794754,0.267091014363,
    -86.69589595518));
#4853 = LINE('',#4854,#4855);
#4854 = CARTESIAN_POINT('',(-76.4582364616,-2.584884373556,
    -86.69589579842));
#4855 = VECTOR('',#4856,1.);
#4856 = DIRECTION('',(-0.866029884796,-0.499992238581,2.748324598902E-08
    ));
#4857 = ORIENTED_EDGE('',*,*,#4858,.F.);
#4858 = EDGE_CURVE('',#4840,#4851,#4859,.T.);
#4859 = LINE('',#4860,#4861);
#4860 = CARTESIAN_POINT('',(-70.58448393017,-1.350510510607,
    -86.69589521294));
#4861 = VECTOR('',#4862,1.);
#4862 = DIRECTION('',(-0.499984477121,0.866034365737,-3.97380324641E-07)
  );
#4863 = PLANE('',#4864);
#4864 = AXIS2_PLACEMENT_3D('',#4865,#4866,#4867);
#4865 = CARTESIAN_POINT('',(-69.65348157887,-5.279152875949,
    -86.69589364412));
#4866 = DIRECTION('',(-1.748856425837E-07,3.578844331586E-07,1.));
#4867 = DIRECTION('',(-0.500015522718,-0.866016441554,2.224882672991E-07
    ));
#4868 = ADVANCED_FACE('',(#4869),#4912,.F.);
#4869 = FACE_BOUND('',#4870,.T.);
#4870 = EDGE_LOOP('',(#4871,#4882,#4890,#4898,#4906));
#4871 = ORIENTED_EDGE('',*,*,#4872,.F.);
#4872 = EDGE_CURVE('',#4873,#4875,#4877,.T.);
#4873 = VERTEX_POINT('',#4874);
#4874 = CARTESIAN_POINT('',(-85.28540611152,-8.636479240438,
    -85.36576664714));
#4875 = VERTEX_POINT('',#4876);
#4876 = CARTESIAN_POINT('',(-87.78162197978,-9.306305728935,
    -84.69589537322));
#4877 = ELLIPSE('',#4878,7.071067811868,5.);
#4878 = AXIS2_PLACEMENT_3D('',#4879,#4880,#4881);
#4879 = CARTESIAN_POINT('',(-87.78532420068,-4.306308892785,
    -89.69589572168));
#4880 = DIRECTION('',(-1.255064909148E-05,-0.707107034135,
    -0.707106528126));
#4881 = DIRECTION('',(-1.396681992169E-05,-0.707106527989,0.707107034246
    ));
#4882 = ORIENTED_EDGE('',*,*,#4883,.T.);
#4883 = EDGE_CURVE('',#4873,#4884,#4886,.T.);
#4884 = VERTEX_POINT('',#4885);
#4885 = CARTESIAN_POINT('',(-82.28870285206,-6.906405043556,
    -87.09589527148));
#4886 = LINE('',#4887,#4888);
#4887 = CARTESIAN_POINT('',(-72.48714548983,-1.247712802962,
    -92.75476553229));
#4888 = VECTOR('',#4889,1.);
#4889 = DIRECTION('',(0.774604911113,0.447199423321,-0.447213492038));
#4890 = ORIENTED_EDGE('',*,*,#4891,.T.);
#4891 = EDGE_CURVE('',#4884,#4892,#4894,.T.);
#4892 = VERTEX_POINT('',#4893);
#4893 = CARTESIAN_POINT('',(-80.44563667399,-6.906438079013,
    -87.09589494914));
#4894 = LINE('',#4895,#4896);
#4895 = CARTESIAN_POINT('',(-74.81898047022,-6.906538932233,
    -87.09589396508));
#4896 = VECTOR('',#4897,1.);
#4897 = DIRECTION('',(0.999999999839,-1.792418374185E-05,
    1.74892057342E-07));
#4898 = ORIENTED_EDGE('',*,*,#4899,.T.);
#4899 = EDGE_CURVE('',#4892,#4900,#4902,.T.);
#4900 = VERTEX_POINT('',#4901);
#4901 = CARTESIAN_POINT('',(-81.83130725061,-9.306413825075,
    -84.69589289095));
#4902 = LINE('',#4903,#4904);
#4903 = CARTESIAN_POINT('',(-80.67658163137,-7.306433796425,
    -86.69589484637));
#4904 = VECTOR('',#4905,1.);
#4905 = DIRECTION('',(-0.37797296898,-0.654647629477,0.654654806704));
#4906 = ORIENTED_EDGE('',*,*,#4907,.F.);
#4907 = EDGE_CURVE('',#4875,#4900,#4908,.T.);
#4908 = LINE('',#4909,#4910);
#4909 = CARTESIAN_POINT('',(-77.76093381851,-9.30648534159,
    -84.69589362068));
#4910 = VECTOR('',#4911,1.);
#4911 = DIRECTION('',(0.999999999839,-1.792418374179E-05,
    1.74892057342E-07));
#4912 = PLANE('',#4913);
#4913 = AXIS2_PLACEMENT_3D('',#4914,#4915,#4916);
#4914 = CARTESIAN_POINT('',(-77.76091571944,-8.306485699636,
    -85.69589397856));
#4915 = DIRECTION('',(1.255064909148E-05,0.707107034135,0.707106528126)
  );
#4916 = DIRECTION('',(-0.377976553456,-0.654646594664,0.654653771953));
#4917 = ADVANCED_FACE('',(#4918),#4952,.T.);
#4918 = FACE_BOUND('',#4919,.T.);
#4919 = EDGE_LOOP('',(#4920,#4931,#4937,#4938,#4946));
#4920 = ORIENTED_EDGE('',*,*,#4921,.T.);
#4921 = EDGE_CURVE('',#4922,#4924,#4926,.T.);
#4922 = VERTEX_POINT('',#4923);
#4923 = CARTESIAN_POINT('',(-81.77315251262,-6.608779683653,
    -103.695895701));
#4924 = VERTEX_POINT('',#4925);
#4925 = CARTESIAN_POINT('',(-81.77315260736,-6.608764200335,
    -87.09589528783));
#4926 = B_SPLINE_CURVE_WITH_KNOTS('',3,(#4927,#4928,#4929,#4930),
  .UNSPECIFIED.,.F.,.F.,(4,4),(-0.60000009267,1.059999948655),
  .PIECEWISE_BEZIER_KNOTS.);
#4927 = CARTESIAN_POINT('',(-81.77315251262,-6.608779683653,
    -103.695895701));
#4928 = CARTESIAN_POINT('',(-81.7731525442,-6.608774522547,-98.16256223)
  );
#4929 = CARTESIAN_POINT('',(-81.77315257578,-6.608769361441,
    -92.62922875892));
#4930 = CARTESIAN_POINT('',(-81.77315260736,-6.608764200335,
    -87.09589528783));
#4931 = ORIENTED_EDGE('',*,*,#4932,.F.);
#4932 = EDGE_CURVE('',#4884,#4924,#4933,.T.);
#4933 = LINE('',#4934,#4935);
#4934 = CARTESIAN_POINT('',(-69.93298451793,0.226876977525,
    -87.09589566353));
#4935 = VECTOR('',#4936,1.);
#4936 = DIRECTION('',(0.866034365737,0.499984477121,-2.74796846312E-08)
  );
#4937 = ORIENTED_EDGE('',*,*,#4883,.F.);
#4938 = ORIENTED_EDGE('',*,*,#4939,.T.);
#4939 = EDGE_CURVE('',#4873,#4940,#4942,.T.);
#4940 = VERTEX_POINT('',#4941);
#4941 = CARTESIAN_POINT('',(-85.28538779569,-8.636485732059,
    -103.6958955896));
#4942 = LINE('',#4943,#4944);
#4943 = CARTESIAN_POINT('',(-85.28539370936,-8.636483618488,
    -97.79040314301));
#4944 = VECTOR('',#4945,1.);
#4945 = DIRECTION('',(1.001383997392E-06,-3.57899248033E-07,
    -0.999999999999));
#4946 = ORIENTED_EDGE('',*,*,#4947,.T.);
#4947 = EDGE_CURVE('',#4940,#4922,#4948,.T.);
#4948 = LINE('',#4949,#4950);
#4949 = CARTESIAN_POINT('',(-70.22188755421,6.007018976538E-02,
    -103.6958960676));
#4950 = VECTOR('',#4951,1.);
#4951 = DIRECTION('',(0.866034365737,0.499984477121,-2.74796846312E-08)
  );
#4952 = PLANE('',#4953);
#4953 = AXIS2_PLACEMENT_3D('',#4954,#4955,#4956);
#4954 = CARTESIAN_POINT('',(-65.42427345087,2.829858391207,
    -104.6958958065));
#4955 = DIRECTION('',(0.499984477121,-0.866034365737,8.106295026023E-07)
  );
#4956 = DIRECTION('',(-3.815038036675E-07,7.157724304372E-07,1.));
#4957 = ADVANCED_FACE('',(#4958),#4985,.T.);
#4958 = FACE_BOUND('',#4959,.T.);
#4959 = EDGE_LOOP('',(#4960,#4968,#4976,#4983,#4984));
#4960 = ORIENTED_EDGE('',*,*,#4961,.F.);
#4961 = EDGE_CURVE('',#4962,#4875,#4964,.T.);
#4962 = VERTEX_POINT('',#4963);
#4963 = CARTESIAN_POINT('',(-87.78541882852,-9.306307102485,
    -84.69589393228));
#4964 = LINE('',#4965,#4966);
#4965 = CARTESIAN_POINT('',(-77.76093381851,-9.30648534159,
    -84.69589362068));
#4966 = VECTOR('',#4967,1.);
#4967 = DIRECTION('',(0.999999999839,-1.792418374179E-05,
    1.74892057342E-07));
#4968 = ORIENTED_EDGE('',*,*,#4969,.F.);
#4969 = EDGE_CURVE('',#4970,#4962,#4972,.T.);
#4970 = VERTEX_POINT('',#4971);
#4971 = CARTESIAN_POINT('',(-87.78539980222,-9.306313902571,
    -103.6958953738));
#4972 = LINE('',#4973,#4974);
#4973 = CARTESIAN_POINT('',(-87.78540571588,-9.306311789001,
    -97.79040540675));
#4974 = VECTOR('',#4975,1.);
#4975 = DIRECTION('',(-1.001383997392E-06,3.57899248033E-07,
    0.999999999999));
#4976 = ORIENTED_EDGE('',*,*,#4977,.T.);
#4977 = EDGE_CURVE('',#4970,#4940,#4978,.T.);
#4978 = CIRCLE('',#4979,5.);
#4979 = AXIS2_PLACEMENT_3D('',#4980,#4981,#4982);
#4980 = CARTESIAN_POINT('',(-87.7853101813,-4.306313903375,
    -103.6958996427));
#4981 = DIRECTION('',(-1.424528277696E-07,8.537828629656E-07,1.));
#4982 = DIRECTION('',(0.499984477121,-0.866034365737,8.106295028125E-07)
  );
#4983 = ORIENTED_EDGE('',*,*,#4939,.F.);
#4984 = ORIENTED_EDGE('',*,*,#4872,.T.);
#4985 = CYLINDRICAL_SURFACE('',#4986,5.);
#4986 = AXIS2_PLACEMENT_3D('',#4987,#4988,#4989);
#4987 = CARTESIAN_POINT('',(-87.78531609496,-4.306311789804,
    -97.79040719615));
#4988 = DIRECTION('',(-1.001383997392E-06,3.57899248033E-07,
    0.999999999999));
#4989 = DIRECTION('',(0.258801731629,-0.965930465254,6.048656997176E-07)
  );
#4990 = ADVANCED_FACE('',(#4991),#5025,.T.);
#4991 = FACE_BOUND('',#4992,.T.);
#4992 = EDGE_LOOP('',(#4993,#5003,#5011,#5019));
#4993 = ORIENTED_EDGE('',*,*,#4994,.T.);
#4994 = EDGE_CURVE('',#4995,#4997,#4999,.T.);
#4995 = VERTEX_POINT('',#4996);
#4996 = CARTESIAN_POINT('',(-95.24503213982,34.532482733641,
    -63.09591316201));
#4997 = VERTEX_POINT('',#4998);
#4998 = CARTESIAN_POINT('',(-89.01583875784,45.321315562437,
    -63.09591593377));
#4999 = LINE('',#5000,#5001);
#5000 = CARTESIAN_POINT('',(-102.3807536645,22.173562096187,
    -63.09590998688));
#5001 = VECTOR('',#5002,1.);
#5002 = DIRECTION('',(0.500015522718,0.866016441554,-2.224881911171E-07)
  );
#5003 = ORIENTED_EDGE('',*,*,#5004,.T.);
#5004 = EDGE_CURVE('',#4997,#5005,#5007,.T.);
#5005 = VERTEX_POINT('',#5006);
#5006 = CARTESIAN_POINT('',(-84.2527483293,42.571230187488,
    -63.09591411656));
#5007 = LINE('',#5008,#5009);
#5008 = CARTESIAN_POINT('',(-89.44884697862,45.571323323795,
    -63.09591609897));
#5009 = VECTOR('',#5010,1.);
#5010 = DIRECTION('',(0.866016441554,-0.500015522718,3.304014879092E-07)
  );
#5011 = ORIENTED_EDGE('',*,*,#5012,.T.);
#5012 = EDGE_CURVE('',#5005,#5013,#5015,.T.);
#5013 = VERTEX_POINT('',#5014);
#5014 = CARTESIAN_POINT('',(-90.48194171127,31.782397358693,
    -63.0959113448));
#5015 = LINE('',#5016,#5017);
#5016 = CARTESIAN_POINT('',(-91.23196499537,30.483372696322,
    -63.09591101107));
#5017 = VECTOR('',#5018,1.);
#5018 = DIRECTION('',(-0.500015522718,-0.866016441554,2.224881911171E-07
    ));
#5019 = ORIENTED_EDGE('',*,*,#5020,.T.);
#5020 = EDGE_CURVE('',#5013,#4995,#5021,.T.);
#5021 = LINE('',#5022,#5023);
#5022 = CARTESIAN_POINT('',(-95.67804036059,34.782490495,-63.09591332721
    ));
#5023 = VECTOR('',#5024,1.);
#5024 = DIRECTION('',(-0.866016441554,0.500015522718,-3.304014879092E-07
    ));
#5025 = PLANE('',#5026);
#5026 = AXIS2_PLACEMENT_3D('',#5027,#5028,#5029);
#5027 = CARTESIAN_POINT('',(-95.67804036059,34.782490495,-63.09591332721
    ));
#5028 = DIRECTION('',(1.748855716632E-07,-3.578843042426E-07,-1.));
#5029 = DIRECTION('',(0.500015522718,0.866016441554,-2.224881911171E-07)
  );
#5030 = ADVANCED_FACE('',(#5031),#5058,.F.);
#5031 = FACE_BOUND('',#5032,.F.);
#5032 = EDGE_LOOP('',(#5033,#5043,#5050,#5051));
#5033 = ORIENTED_EDGE('',*,*,#5034,.T.);
#5034 = EDGE_CURVE('',#5035,#5037,#5039,.T.);
#5035 = VERTEX_POINT('',#5036);
#5036 = CARTESIAN_POINT('',(-101.2452163138,24.140281140387,
    -75.09591049215));
#5037 = VERTEX_POINT('',#5038);
#5038 = CARTESIAN_POINT('',(-96.48212588526,21.390195765439,
    -75.09590867495));
#5039 = LINE('',#5040,#5041);
#5040 = CARTESIAN_POINT('',(-101.6782245345,24.390288901746,
    -75.09591065735));
#5041 = VECTOR('',#5042,1.);
#5042 = DIRECTION('',(0.866016441554,-0.500015522718,3.304014879092E-07)
  );
#5043 = ORIENTED_EDGE('',*,*,#5044,.F.);
#5044 = EDGE_CURVE('',#5013,#5037,#5045,.T.);
#5045 = CIRCLE('',#5046,12.);
#5046 = AXIS2_PLACEMENT_3D('',#5047,#5048,#5049);
#5047 = CARTESIAN_POINT('',(-90.48193961265,31.782393064081,
    -75.0959113448));
#5048 = DIRECTION('',(0.866016441554,-0.500015522718,3.304014879746E-07)
  );
#5049 = DIRECTION('',(-0.353564490475,-0.612365845379,0.707106938509));
#5050 = ORIENTED_EDGE('',*,*,#5020,.T.);
#5051 = ORIENTED_EDGE('',*,*,#5052,.F.);
#5052 = EDGE_CURVE('',#5035,#4995,#5053,.T.);
#5053 = CIRCLE('',#5054,12.);
#5054 = AXIS2_PLACEMENT_3D('',#5055,#5056,#5057);
#5055 = CARTESIAN_POINT('',(-95.24503004119,34.532478439029,
    -75.09591316201));
#5056 = DIRECTION('',(-0.866016441554,0.500015522718,-3.304014879191E-07
    ));
#5057 = DIRECTION('',(-0.353564490475,-0.612365845379,0.707106938509));
#5058 = CYLINDRICAL_SURFACE('',#5059,12.);
#5059 = AXIS2_PLACEMENT_3D('',#5060,#5061,#5062);
#5060 = CARTESIAN_POINT('',(-95.67803826197,34.782486200388,
    -75.09591332721));
#5061 = DIRECTION('',(-0.866016441554,0.500015522718,-3.304014879092E-07
    ));
#5062 = DIRECTION('',(-0.353564490475,-0.612365845379,0.707106938509));
#5063 = ADVANCED_FACE('',(#5064),#5089,.T.);
#5064 = FACE_BOUND('',#5065,.T.);
#5065 = EDGE_LOOP('',(#5066,#5074,#5075,#5083));
#5066 = ORIENTED_EDGE('',*,*,#5067,.T.);
#5067 = EDGE_CURVE('',#5068,#5035,#5070,.T.);
#5068 = VERTEX_POINT('',#5069);
#5069 = CARTESIAN_POINT('',(-101.2452107174,24.140269688089,
    -107.0959104921));
#5070 = LINE('',#5071,#5072);
#5071 = CARTESIAN_POINT('',(-101.2452092309,24.140266646073,
    -115.5959100949));
#5072 = VECTOR('',#5073,1.);
#5073 = DIRECTION('',(-1.748855712931E-07,3.578843048836E-07,1.));
#5074 = ORIENTED_EDGE('',*,*,#5034,.T.);
#5075 = ORIENTED_EDGE('',*,*,#5076,.T.);
#5076 = EDGE_CURVE('',#5037,#5077,#5079,.T.);
#5077 = VERTEX_POINT('',#5078);
#5078 = CARTESIAN_POINT('',(-96.48212028892,21.390184313141,
    -107.0959086749));
#5079 = LINE('',#5080,#5081);
#5080 = CARTESIAN_POINT('',(-96.48212168801,21.390187176215,
    -99.09590867494));
#5081 = VECTOR('',#5082,1.);
#5082 = DIRECTION('',(1.748855712931E-07,-3.578843048836E-07,-1.));
#5083 = ORIENTED_EDGE('',*,*,#5084,.T.);
#5084 = EDGE_CURVE('',#5077,#5068,#5085,.T.);
#5085 = LINE('',#5086,#5087);
#5086 = CARTESIAN_POINT('',(-101.6782189382,24.390277449448,
    -107.0959106573));
#5087 = VECTOR('',#5088,1.);
#5088 = DIRECTION('',(-0.866016441554,0.500015522718,-3.304014875497E-07
    ));
#5089 = PLANE('',#5090);
#5090 = AXIS2_PLACEMENT_3D('',#5091,#5092,#5093);
#5091 = CARTESIAN_POINT('',(-101.6782189382,24.390277449448,
    -107.0959106573));
#5092 = DIRECTION('',(0.500015522718,0.866016441554,-2.224881918572E-07)
  );
#5093 = DIRECTION('',(-1.748855712931E-07,3.578843048836E-07,1.));
#5094 = ADVANCED_FACE('',(#5095),#5122,.F.);
#5095 = FACE_BOUND('',#5096,.F.);
#5096 = EDGE_LOOP('',(#5097,#5107,#5114,#5115));
#5097 = ORIENTED_EDGE('',*,*,#5098,.T.);
#5098 = EDGE_CURVE('',#5099,#5101,#5103,.T.);
#5099 = VERTEX_POINT('',#5100);
#5100 = CARTESIAN_POINT('',(-95.24502234622,34.53246269212,
    -119.095913162));
#5101 = VERTEX_POINT('',#5102);
#5102 = CARTESIAN_POINT('',(-90.48193191768,31.782377317172,
    -119.0959113447));
#5103 = LINE('',#5104,#5105);
#5104 = CARTESIAN_POINT('',(-95.678030567,34.782470453479,
    -119.0959133272));
#5105 = VECTOR('',#5106,1.);
#5106 = DIRECTION('',(0.866016441554,-0.500015522718,3.304014875497E-07)
  );
#5107 = ORIENTED_EDGE('',*,*,#5108,.F.);
#5108 = EDGE_CURVE('',#5077,#5101,#5109,.T.);
#5109 = CIRCLE('',#5110,12.);
#5110 = AXIS2_PLACEMENT_3D('',#5111,#5112,#5113);
#5111 = CARTESIAN_POINT('',(-90.48193401631,31.782381611784,
    -107.0959113447));
#5112 = DIRECTION('',(0.866016441554,-0.500015522718,3.304014879468E-07)
  );
#5113 = DIRECTION('',(-0.35356424315,-0.612366351504,-0.707106623864));
#5114 = ORIENTED_EDGE('',*,*,#5084,.T.);
#5115 = ORIENTED_EDGE('',*,*,#5116,.F.);
#5116 = EDGE_CURVE('',#5099,#5068,#5117,.T.);
#5117 = CIRCLE('',#5118,12.);
#5118 = AXIS2_PLACEMENT_3D('',#5119,#5120,#5121);
#5119 = CARTESIAN_POINT('',(-95.24502444485,34.532466986732,
    -107.095913162));
#5120 = DIRECTION('',(-0.866016441554,0.500015522718,-3.304014879468E-07
    ));
#5121 = DIRECTION('',(-0.35356424315,-0.612366351504,-0.707106623864));
#5122 = CYLINDRICAL_SURFACE('',#5123,12.);
#5123 = AXIS2_PLACEMENT_3D('',#5124,#5125,#5126);
#5124 = CARTESIAN_POINT('',(-95.67803266563,34.782474748091,
    -107.0959133272));
#5125 = DIRECTION('',(0.866016441554,-0.500015522718,3.304014875497E-07)
  );
#5126 = DIRECTION('',(-0.35356424315,-0.612366351504,-0.707106623864));
#5127 = ADVANCED_FACE('',(#5128),#5156,.F.);
#5128 = FACE_BOUND('',#5129,.F.);
#5129 = EDGE_LOOP('',(#5130,#5131,#5140,#5149));
#5130 = ORIENTED_EDGE('',*,*,#5108,.T.);
#5131 = ORIENTED_EDGE('',*,*,#5132,.F.);
#5132 = EDGE_CURVE('',#5133,#5101,#5135,.T.);
#5133 = VERTEX_POINT('',#5134);
#5134 = CARTESIAN_POINT('',(-80.95575298433,26.282210504003,
    -108.0959077103));
#5135 = CIRCLE('',#5136,11.);
#5136 = AXIS2_PLACEMENT_3D('',#5137,#5138,#5139);
#5137 = CARTESIAN_POINT('',(-90.48193384142,31.782381253899,
    -108.0959113447));
#5138 = DIRECTION('',(0.500015522718,0.866016441554,-2.224882117515E-07)
  );
#5139 = DIRECTION('',(0.866016441554,-0.500015522718,3.304014876664E-07)
  );
#5140 = ORIENTED_EDGE('',*,*,#5141,.T.);
#5141 = EDGE_CURVE('',#5133,#5142,#5144,.T.);
#5142 = VERTEX_POINT('',#5143);
#5143 = CARTESIAN_POINT('',(-81.45576868194,25.416194420334,
    -107.0959074878));
#5144 = CIRCLE('',#5145,1.);
#5145 = AXIS2_PLACEMENT_3D('',#5146,#5147,#5148);
#5146 = CARTESIAN_POINT('',(-80.95575315922,26.282210861887,
    -107.0959077103));
#5147 = DIRECTION('',(-0.866016441554,0.500015522718,-3.304014879746E-07
    ));
#5148 = DIRECTION('',(-0.35356424315,-0.612366351504,-0.707106623864));
#5149 = ORIENTED_EDGE('',*,*,#5150,.T.);
#5150 = EDGE_CURVE('',#5142,#5077,#5151,.T.);
#5151 = CIRCLE('',#5152,11.);
#5152 = AXIS2_PLACEMENT_3D('',#5153,#5154,#5155);
#5153 = CARTESIAN_POINT('',(-90.98194953903,30.91636517023,
    -107.0959111223));
#5154 = DIRECTION('',(1.748855708249E-07,-3.578843052089E-07,-1.));
#5155 = DIRECTION('',(0.866016441554,-0.500015522718,3.304014876664E-07)
  );
#5156 = ( BOUNDED_SURFACE() B_SPLINE_SURFACE(2,2,(
    (#5157,#5158,#5159)
    ,(#5160,#5161,#5162)
    ,(#5163,#5164,#5165
)),.UNSPECIFIED.,.F.,.F.,.F.) B_SPLINE_SURFACE_WITH_KNOTS((3,3),(3,3),(
    -1.570796326795,7.83910131665E-16),(-1.570796151909,
    1.748856139105E-07),.PIECEWISE_BEZIER_KNOTS.) 
GEOMETRIC_REPRESENTATION_ITEM() RATIONAL_B_SPLINE_SURFACE((
    (1.,0.707106781187,1.)
    ,(0.707106781187,0.5,0.707106781187)
,(1.,0.707106781187,1.))) REPRESENTATION_ITEM('') SURFACE() );
#5157 = CARTESIAN_POINT('',(-81.45576868194,25.416194420334,
    -107.0959074878));
#5158 = CARTESIAN_POINT('',(-81.45576850705,25.416194062449,
    -108.0959074878));
#5159 = CARTESIAN_POINT('',(-80.95575298433,26.282210504003,
    -108.0959077103));
#5160 = CARTESIAN_POINT('',(-86.95593943183,15.890013563245,
    -107.0959050405));
#5161 = CARTESIAN_POINT('',(-86.95593733321,15.890009268633,
    -119.0959050405));
#5162 = CARTESIAN_POINT('',(-80.95575106059,26.282206567276,
    -119.0959077103));
#5163 = CARTESIAN_POINT('',(-96.48212028892,21.390184313141,
    -107.0959086749));
#5164 = CARTESIAN_POINT('',(-96.4821181903,21.390180018529,
    -119.0959086749));
#5165 = CARTESIAN_POINT('',(-90.48193191768,31.782377317172,
    -119.0959113447));
#5166 = ADVANCED_FACE('',(#5167),#5186,.F.);
#5167 = FACE_BOUND('',#5168,.F.);
#5168 = EDGE_LOOP('',(#5169,#5170,#5171,#5179));
#5169 = ORIENTED_EDGE('',*,*,#5076,.T.);
#5170 = ORIENTED_EDGE('',*,*,#5150,.F.);
#5171 = ORIENTED_EDGE('',*,*,#5172,.T.);
#5172 = EDGE_CURVE('',#5142,#5173,#5175,.T.);
#5173 = VERTEX_POINT('',#5174);
#5174 = CARTESIAN_POINT('',(-81.45577427827,25.416205872631,
    -75.0959074879));
#5175 = LINE('',#5176,#5177);
#5176 = CARTESIAN_POINT('',(-81.45577008102,25.416197283408,
    -99.09590748789));
#5177 = VECTOR('',#5178,1.);
#5178 = DIRECTION('',(-1.748855712931E-07,3.578843048836E-07,1.));
#5179 = ORIENTED_EDGE('',*,*,#5180,.T.);
#5180 = EDGE_CURVE('',#5173,#5037,#5181,.T.);
#5181 = CIRCLE('',#5182,11.);
#5182 = AXIS2_PLACEMENT_3D('',#5183,#5184,#5185);
#5183 = CARTESIAN_POINT('',(-90.98195513536,30.916376622528,
    -75.09591112232));
#5184 = DIRECTION('',(1.748855708249E-07,-3.578843052089E-07,-1.));
#5185 = DIRECTION('',(0.866016441554,-0.500015522718,3.304014876664E-07)
  );
#5186 = CYLINDRICAL_SURFACE('',#5187,11.);
#5187 = AXIS2_PLACEMENT_3D('',#5188,#5189,#5190);
#5188 = CARTESIAN_POINT('',(-90.98195093811,30.916368033304,
    -99.09591112231));
#5189 = DIRECTION('',(-1.748855712931E-07,3.578843048836E-07,1.));
#5190 = DIRECTION('',(0.258801731629,-0.965930465254,3.909520418109E-07)
  );
#5191 = ADVANCED_FACE('',(#5192),#5212,.F.);
#5192 = FACE_BOUND('',#5193,.F.);
#5193 = EDGE_LOOP('',(#5194,#5195,#5196,#5205));
#5194 = ORIENTED_EDGE('',*,*,#5044,.T.);
#5195 = ORIENTED_EDGE('',*,*,#5180,.F.);
#5196 = ORIENTED_EDGE('',*,*,#5197,.T.);
#5197 = EDGE_CURVE('',#5173,#5198,#5200,.T.);
#5198 = VERTEX_POINT('',#5199);
#5199 = CARTESIAN_POINT('',(-80.95575893044,26.282222672069,
    -74.09590771039));
#5200 = CIRCLE('',#5201,1.);
#5201 = AXIS2_PLACEMENT_3D('',#5202,#5203,#5204);
#5202 = CARTESIAN_POINT('',(-80.95575875556,26.282222314185,
    -75.09590771039));
#5203 = DIRECTION('',(-0.866016441554,0.500015522718,-3.304014879746E-07
    ));
#5204 = DIRECTION('',(-0.353564490475,-0.612365845379,0.707106938509));
#5205 = ORIENTED_EDGE('',*,*,#5206,.T.);
#5206 = EDGE_CURVE('',#5198,#5013,#5207,.T.);
#5207 = CIRCLE('',#5208,11.);
#5208 = AXIS2_PLACEMENT_3D('',#5209,#5210,#5211);
#5209 = CARTESIAN_POINT('',(-90.48193978753,31.782393421966,
    -74.0959113448));
#5210 = DIRECTION('',(-0.500015522718,-0.866016441554,2.224881915656E-07
    ));
#5211 = DIRECTION('',(0.866016441554,-0.500015522718,3.304014876664E-07)
  );
#5212 = ( BOUNDED_SURFACE() B_SPLINE_SURFACE(2,2,(
    (#5213,#5214,#5215)
    ,(#5216,#5217,#5218)
    ,(#5219,#5220,#5221
)),.UNSPECIFIED.,.F.,.F.,.F.) B_SPLINE_SURFACE_WITH_KNOTS((3,3),(3,3),(
    -1.570796326795,7.376888612836E-16),(-3.141592478704,-1.570796151909
),.PIECEWISE_BEZIER_KNOTS.) GEOMETRIC_REPRESENTATION_ITEM() 
RATIONAL_B_SPLINE_SURFACE((
    (1.,0.707106781187,1.)
    ,(0.707106781187,0.5,0.707106781187)
,(1.,0.707106781187,1.))) REPRESENTATION_ITEM('') SURFACE() );
#5213 = CARTESIAN_POINT('',(-80.95575893044,26.282222672069,
    -74.09590771039));
#5214 = CARTESIAN_POINT('',(-81.45577445316,25.416206230516,
    -74.0959074879));
#5215 = CARTESIAN_POINT('',(-81.45577427827,25.416205872631,
    -75.0959074879));
#5216 = CARTESIAN_POINT('',(-80.95576085418,26.282226608797,
    -63.09590771039));
#5217 = CARTESIAN_POINT('',(-86.9559471268,15.890029310154,
    -63.09590504053));
#5218 = CARTESIAN_POINT('',(-86.95594502817,15.890025015542,
    -75.09590504053));
#5219 = CARTESIAN_POINT('',(-90.48194171127,31.782397358693,
    -63.0959113448));
#5220 = CARTESIAN_POINT('',(-96.48212798389,21.39020006005,
    -63.09590867495));
#5221 = CARTESIAN_POINT('',(-96.48212588526,21.390195765439,
    -75.09590867495));
#5222 = ADVANCED_FACE('',(#5223),#5268,.F.);
#5223 = FACE_BOUND('',#5224,.F.);
#5224 = EDGE_LOOP('',(#5225,#5226,#5233,#5234,#5241,#5242,#5243,#5251,
    #5260,#5267));
#5225 = ORIENTED_EDGE('',*,*,#4271,.F.);
#5226 = ORIENTED_EDGE('',*,*,#5227,.F.);
#5227 = EDGE_CURVE('',#4426,#4272,#5228,.T.);
#5228 = ELLIPSE('',#5229,23.515952032617,11.);
#5229 = AXIS2_PLACEMENT_3D('',#5230,#5231,#5232);
#5230 = CARTESIAN_POINT('',(-90.74737719687,31.322661373173,
    -74.09591122669));
#5231 = DIRECTION('',(0.233891206156,0.405094099758,-0.883851613125));
#5232 = DIRECTION('',(0.441939392498,0.765430106138,0.467767384472));
#5233 = ORIENTED_EDGE('',*,*,#4436,.F.);
#5234 = ORIENTED_EDGE('',*,*,#5235,.F.);
#5235 = EDGE_CURVE('',#5005,#4437,#5236,.T.);
#5236 = CIRCLE('',#5237,11.);
#5237 = AXIS2_PLACEMENT_3D('',#5238,#5239,#5240);
#5238 = CARTESIAN_POINT('',(-84.25274640556,42.571226250753,
    -74.09591411656));
#5239 = DIRECTION('',(0.500015522718,0.866016441554,-2.224883435542E-07)
  );
#5240 = DIRECTION('',(0.315695409217,-0.182274135116,0.931188782292));
#5241 = ORIENTED_EDGE('',*,*,#5012,.T.);
#5242 = ORIENTED_EDGE('',*,*,#5206,.F.);
#5243 = ORIENTED_EDGE('',*,*,#5244,.T.);
#5244 = EDGE_CURVE('',#5198,#5245,#5247,.T.);
#5245 = VERTEX_POINT('',#5246);
#5246 = CARTESIAN_POINT('',(-80.33807320707,27.352041443391,
    -74.09590798523));
#5247 = LINE('',#5248,#5249);
#5248 = CARTESIAN_POINT('',(-81.70578221454,24.983198009698,
    -74.09590737666));
#5249 = VECTOR('',#5250,1.);
#5250 = DIRECTION('',(0.500015522718,0.866016441554,-2.224881911171E-07)
  );
#5251 = ORIENTED_EDGE('',*,*,#5252,.F.);
#5252 = EDGE_CURVE('',#5253,#5245,#5255,.T.);
#5253 = VERTEX_POINT('',#5254);
#5254 = CARTESIAN_POINT('',(-79.20151640647,29.839720992013,
    -71.72023540453));
#5255 = B_SPLINE_CURVE_WITH_KNOTS('',3,(#5256,#5257,#5258,#5259),
  .UNSPECIFIED.,.F.,.F.,(4,4),(-0.380700790067,0.),
  .PIECEWISE_BEZIER_KNOTS.);
#5256 = CARTESIAN_POINT('',(-79.20151640647,29.839720992013,
    -71.72023540453));
#5257 = CARTESIAN_POINT('',(-79.63695956541,28.829809088582,
    -72.29833660549));
#5258 = CARTESIAN_POINT('',(-79.99411859826,27.94776428761,
    -73.11838832504));
#5259 = CARTESIAN_POINT('',(-80.33807320707,27.352041443391,
    -74.09590798523));
#5260 = ORIENTED_EDGE('',*,*,#5261,.F.);
#5261 = EDGE_CURVE('',#4087,#5253,#5262,.T.);
#5262 = ELLIPSE('',#5263,23.515952032617,11.);
#5263 = AXIS2_PLACEMENT_3D('',#5264,#5265,#5266);
#5264 = CARTESIAN_POINT('',(-90.74737719687,31.322661373173,
    -74.09591122669));
#5265 = DIRECTION('',(0.233891206156,0.405094099758,-0.883851613125));
#5266 = DIRECTION('',(0.441939392498,0.765430106138,0.467767384472));
#5267 = ORIENTED_EDGE('',*,*,#4095,.F.);
#5268 = CYLINDRICAL_SURFACE('',#5269,11.);
#5269 = AXIS2_PLACEMENT_3D('',#5270,#5271,#5272);
#5270 = CARTESIAN_POINT('',(-91.23196307163,30.483368759594,
    -74.09591101107));
#5271 = DIRECTION('',(-0.500015522718,-0.866016441554,2.224881911171E-07
    ));
#5272 = DIRECTION('',(0.612365974779,-0.35356411375,0.707107014816));
#5273 = ADVANCED_FACE('',(#5274),#5310,.T.);
#5274 = FACE_BOUND('',#5275,.T.);
#5275 = EDGE_LOOP('',(#5276,#5287,#5295,#5304));
#5276 = ORIENTED_EDGE('',*,*,#5277,.F.);
#5277 = EDGE_CURVE('',#5278,#5280,#5282,.T.);
#5278 = VERTEX_POINT('',#5279);
#5279 = CARTESIAN_POINT('',(-78.61069329008,28.343877065783,
    -92.86622442841));
#5280 = VERTEX_POINT('',#5281);
#5281 = CARTESIAN_POINT('',(-79.72671734154,28.410884057787,
    -93.73225005135));
#5282 = CIRCLE('',#5283,1.);
#5283 = AXIS2_PLACEMENT_3D('',#5284,#5285,#5286);
#5284 = CARTESIAN_POINT('',(-78.86070089998,27.910868535069,
    -93.73224972095));
#5285 = DIRECTION('',(-0.433026232403,-0.749992059538,0.500000192681));
#5286 = DIRECTION('',(0.250007609904,0.433008530714,0.86602529254));
#5287 = ORIENTED_EDGE('',*,*,#5288,.F.);
#5288 = EDGE_CURVE('',#5289,#5278,#5291,.T.);
#5289 = VERTEX_POINT('',#5290);
#5290 = CARTESIAN_POINT('',(-73.86054486504,36.571031297607,
    -98.35105409935));
#5291 = LINE('',#5292,#5293);
#5292 = CARTESIAN_POINT('',(-77.54442734395,30.190626599905,
    -94.09740429378));
#5293 = VECTOR('',#5294,1.);
#5294 = DIRECTION('',(-0.433026232403,-0.749992059538,0.500000192681));
#5295 = ORIENTED_EDGE('',*,*,#5296,.T.);
#5296 = EDGE_CURVE('',#5289,#5297,#5299,.T.);
#5297 = VERTEX_POINT('',#5298);
#5298 = CARTESIAN_POINT('',(-74.9765689165,36.638038289611,
    -99.21707972229));
#5299 = CIRCLE('',#5300,1.);
#5300 = AXIS2_PLACEMENT_3D('',#5301,#5302,#5303);
#5301 = CARTESIAN_POINT('',(-74.11055247495,36.138022766893,
    -99.21707939189));
#5302 = DIRECTION('',(-0.433026232403,-0.749992059538,0.500000192681));
#5303 = DIRECTION('',(0.250007609904,0.433008530714,0.86602529254));
#5304 = ORIENTED_EDGE('',*,*,#5305,.F.);
#5305 = EDGE_CURVE('',#5280,#5297,#5306,.T.);
#5306 = LINE('',#5307,#5308);
#5307 = CARTESIAN_POINT('',(-78.66045139541,30.257633591909,
    -94.96342991673));
#5308 = VECTOR('',#5309,1.);
#5309 = DIRECTION('',(0.433026232403,0.749992059538,-0.500000192681));
#5310 = CYLINDRICAL_SURFACE('',#5311,1.);
#5311 = AXIS2_PLACEMENT_3D('',#5312,#5313,#5314);
#5312 = CARTESIAN_POINT('',(-77.79443495385,29.757618069191,
    -94.96342958632));
#5313 = DIRECTION('',(0.433026232403,0.749992059538,-0.500000192681));
#5314 = DIRECTION('',(-0.43558402213,0.659747635192,0.612372123405));
#5315 = ADVANCED_FACE('',(#5316),#5344,.T.);
#5316 = FACE_BOUND('',#5317,.T.);
#5317 = EDGE_LOOP('',(#5318,#5329,#5336,#5337));
#5318 = ORIENTED_EDGE('',*,*,#5319,.F.);
#5319 = EDGE_CURVE('',#5320,#5322,#5324,.T.);
#5320 = VERTEX_POINT('',#5321);
#5321 = CARTESIAN_POINT('',(-79.61072494134,26.611845422424,
    -89.4021223683));
#5322 = VERTEX_POINT('',#5323);
#5323 = CARTESIAN_POINT('',(-80.97675690561,26.245844503588,
    -89.40212247621));
#5324 = CIRCLE('',#5325,1.);
#5325 = AXIS2_PLACEMENT_3D('',#5326,#5327,#5328);
#5326 = CARTESIAN_POINT('',(-80.11074046405,25.74582898087,
    -89.40212214581));
#5327 = DIRECTION('',(-1.748854749536E-07,3.578844680264E-07,1.));
#5328 = DIRECTION('',(0.500015522718,0.866016441554,-2.224883813128E-07)
  );
#5329 = ORIENTED_EDGE('',*,*,#5330,.F.);
#5330 = EDGE_CURVE('',#5278,#5320,#5331,.T.);
#5331 = CIRCLE('',#5332,4.);
#5332 = AXIS2_PLACEMENT_3D('',#5333,#5334,#5335);
#5333 = CARTESIAN_POINT('',(-77.61066285046,30.075911188638,
    -89.40212325825));
#5334 = DIRECTION('',(-0.866016441554,0.500015522718,-3.304014879191E-07
    ));
#5335 = DIRECTION('',(-0.433026057518,-0.749992417423,-0.499999807319));
#5336 = ORIENTED_EDGE('',*,*,#5277,.T.);
#5337 = ORIENTED_EDGE('',*,*,#5338,.F.);
#5338 = EDGE_CURVE('',#5322,#5280,#5339,.T.);
#5339 = CIRCLE('',#5340,5.);
#5340 = AXIS2_PLACEMENT_3D('',#5341,#5342,#5343);
#5341 = CARTESIAN_POINT('',(-78.47667929202,30.575926711356,
    -89.40212358865));
#5342 = DIRECTION('',(0.866016441554,-0.500015522718,3.304014879468E-07)
  );
#5343 = DIRECTION('',(-0.433026057518,-0.749992417423,-0.499999807319));
#5344 = TOROIDAL_SURFACE('',#5345,5.,1.);
#5345 = AXIS2_PLACEMENT_3D('',#5346,#5347,#5348);
#5346 = CARTESIAN_POINT('',(-77.61066285046,30.075911188638,
    -89.40212325825));
#5347 = DIRECTION('',(0.866016441554,-0.500015522718,3.304014879092E-07)
  );
#5348 = DIRECTION('',(-8.744004228658E-08,5.093381346534E-07,1.));
#5349 = ADVANCED_FACE('',(#5350),#5376,.T.);
#5350 = FACE_BOUND('',#5351,.T.);
#5351 = EDGE_LOOP('',(#5352,#5363,#5369,#5370));
#5352 = ORIENTED_EDGE('',*,*,#5353,.F.);
#5353 = EDGE_CURVE('',#5354,#5356,#5358,.T.);
#5354 = VERTEX_POINT('',#5355);
#5355 = CARTESIAN_POINT('',(-79.61072685977,26.611849348293,
    -78.43246725369));
#5356 = VERTEX_POINT('',#5357);
#5357 = CARTESIAN_POINT('',(-80.97675882404,26.245848429458,
    -78.43246736161));
#5358 = CIRCLE('',#5359,1.);
#5359 = AXIS2_PLACEMENT_3D('',#5360,#5361,#5362);
#5360 = CARTESIAN_POINT('',(-80.11074238249,25.74583290674,
    -78.43246703121));
#5361 = DIRECTION('',(-1.748854571895E-07,3.578844987935E-07,1.));
#5362 = DIRECTION('',(0.500015522718,0.866016441554,-2.2248841684E-07));
#5363 = ORIENTED_EDGE('',*,*,#5364,.F.);
#5364 = EDGE_CURVE('',#5320,#5354,#5365,.T.);
#5365 = LINE('',#5366,#5367);
#5366 = CARTESIAN_POINT('',(-79.61072479323,26.611845119334,
    -90.24901498071));
#5367 = VECTOR('',#5368,1.);
#5368 = DIRECTION('',(-1.74885463047E-07,3.578844923635E-07,1.));
#5369 = ORIENTED_EDGE('',*,*,#5319,.T.);
#5370 = ORIENTED_EDGE('',*,*,#5371,.F.);
#5371 = EDGE_CURVE('',#5356,#5322,#5372,.T.);
#5372 = LINE('',#5373,#5374);
#5373 = CARTESIAN_POINT('',(-80.9767567575,26.245844200498,
    -90.24901508862));
#5374 = VECTOR('',#5375,1.);
#5375 = DIRECTION('',(1.74885463047E-07,-3.578844923635E-07,-1.));
#5376 = CYLINDRICAL_SURFACE('',#5377,1.);
#5377 = AXIS2_PLACEMENT_3D('',#5378,#5379,#5380);
#5378 = CARTESIAN_POINT('',(-80.11074031594,25.745828677781,
    -90.24901475822));
#5379 = DIRECTION('',(1.74885463047E-07,-3.578844923635E-07,-1.));
#5380 = DIRECTION('',(-0.258801731629,0.965930465254,-3.909521948892E-07
    ));
#5381 = ADVANCED_FACE('',(#5382),#5408,.T.);
#5382 = FACE_BOUND('',#5383,.T.);
#5383 = EDGE_LOOP('',(#5384,#5393,#5400,#5401));
#5384 = ORIENTED_EDGE('',*,*,#5385,.F.);
#5385 = EDGE_CURVE('',#5386,#5245,#5388,.T.);
#5386 = VERTEX_POINT('',#5387);
#5387 = CARTESIAN_POINT('',(-79.05187694492,27.579768235485,
    -74.63797779937));
#5388 = CIRCLE('',#5389,1.);
#5389 = AXIS2_PLACEMENT_3D('',#5390,#5391,#5392);
#5390 = CARTESIAN_POINT('',(-79.47205676551,26.852025920673,
    -74.09590765483));
#5391 = DIRECTION('',(0.271043246222,0.469441796471,0.840333242472));
#5392 = DIRECTION('',(0.420179820596,0.727742314812,-0.542070144535));
#5393 = ORIENTED_EDGE('',*,*,#5394,.F.);
#5394 = EDGE_CURVE('',#5354,#5386,#5395,.T.);
#5395 = CIRCLE('',#5396,7.);
#5396 = AXIS2_PLACEMENT_3D('',#5397,#5398,#5399);
#5397 = CARTESIAN_POINT('',(-76.11061820074,32.673964439168,
    -78.43246881111));
#5398 = DIRECTION('',(-0.866016441554,0.500015522718,-3.304014879191E-07
    ));
#5399 = DIRECTION('',(-0.472374480228,-0.81814251664,0.327879814711));
#5400 = ORIENTED_EDGE('',*,*,#5353,.T.);
#5401 = ORIENTED_EDGE('',*,*,#5402,.F.);
#5402 = EDGE_CURVE('',#5245,#5356,#5403,.T.);
#5403 = CIRCLE('',#5404,8.);
#5404 = AXIS2_PLACEMENT_3D('',#5405,#5406,#5407);
#5405 = CARTESIAN_POINT('',(-76.9766346423,33.173979961886,
    -78.43246914151));
#5406 = DIRECTION('',(0.866016441554,-0.500015522718,3.304014878913E-07)
  );
#5407 = DIRECTION('',(-0.472374480228,-0.81814251664,0.327879814711));
#5408 = TOROIDAL_SURFACE('',#5409,8.,1.);
#5409 = AXIS2_PLACEMENT_3D('',#5410,#5411,#5412);
#5410 = CARTESIAN_POINT('',(-76.11061820074,32.673964439168,
    -78.43246881111));
#5411 = DIRECTION('',(0.866016441554,-0.500015522718,3.304014879092E-07)
  );
#5412 = DIRECTION('',(-8.744004211564E-08,5.093381349495E-07,1.));
#5413 = ADVANCED_FACE('',(#5414),#5434,.T.);
#5414 = FACE_BOUND('',#5415,.T.);
#5415 = EDGE_LOOP('',(#5416,#5425,#5432,#5433));
#5416 = ORIENTED_EDGE('',*,*,#5417,.F.);
#5417 = EDGE_CURVE('',#5418,#5253,#5420,.T.);
#5418 = VERTEX_POINT('',#5419);
#5419 = CARTESIAN_POINT('',(-78.10593013527,29.784513856894,
    -72.37029029948));
#5420 = CIRCLE('',#5421,1.);
#5421 = AXIS2_PLACEMENT_3D('',#5422,#5423,#5424);
#5422 = CARTESIAN_POINT('',(-78.35593804809,29.351505946054,
    -71.50426478445));
#5423 = DIRECTION('',(0.335205027533,0.800411576291,0.496969715431));
#5424 = DIRECTION('',(0.250007912814,0.43300791084,-0.866025515029));
#5425 = ORIENTED_EDGE('',*,*,#5426,.F.);
#5426 = EDGE_CURVE('',#5386,#5418,#5427,.T.);
#5427 = B_SPLINE_CURVE_WITH_KNOTS('',3,(#5428,#5429,#5430,#5431),
  .UNSPECIFIED.,.F.,.F.,(4,4),(0.,0.380700790067),
  .PIECEWISE_BEZIER_KNOTS.);
#5428 = CARTESIAN_POINT('',(-79.05187694492,27.579768235485,
    -74.63797779937));
#5429 = CARTESIAN_POINT('',(-78.75091667581,28.101025752005,
    -73.70489083883));
#5430 = CARTESIAN_POINT('',(-78.46303355961,28.887036294426,
    -72.92211418669));
#5431 = CARTESIAN_POINT('',(-78.10593013527,29.784513856894,
    -72.37029029948));
#5432 = ORIENTED_EDGE('',*,*,#5385,.T.);
#5433 = ORIENTED_EDGE('',*,*,#5252,.F.);
#5434 = B_SPLINE_SURFACE_WITH_KNOTS('',3,3,(
    (#5435,#5436,#5437,#5438)
    ,(#5439,#5440,#5441,#5442)
    ,(#5443,#5444,#5445,#5446)
    ,(#5447,#5448,#5449,#5450)
    ,(#5451,#5452,#5453,#5454
  )),.UNSPECIFIED.,.F.,.F.,.F.,(4,1,4),(4,4),(0.,0.571428571429,1.),(0.,
    0.380700790067),.UNSPECIFIED.);
#5435 = CARTESIAN_POINT('',(-79.05187694492,27.579768235485,
    -74.63797779937));
#5436 = CARTESIAN_POINT('',(-78.75091667581,28.101025752005,
    -73.70489083883));
#5437 = CARTESIAN_POINT('',(-78.46303355961,28.887036294426,
    -72.92211418669));
#5438 = CARTESIAN_POINT('',(-78.10593013527,29.784513856894,
    -72.37029029948));
#5439 = CARTESIAN_POINT('',(-79.31098845831,27.729372530042,
    -74.63797789822));
#5440 = CARTESIAN_POINT('',(-79.0082883278,28.234895315741,
    -73.72396904915));
#5441 = CARTESIAN_POINT('',(-78.71223001743,29.003254892086,
    -72.94163232528));
#5442 = CARTESIAN_POINT('',(-78.34516027634,29.893688751191,
    -72.38476543346));
#5443 = CARTESIAN_POINT('',(-79.86499939968,27.805397164987,
    -74.50175600791));
#5444 = CARTESIAN_POINT('',(-79.54178426911,28.316607665493,
    -73.59522770258));
#5445 = CARTESIAN_POINT('',(-79.21088558488,29.089828021197,
    -72.80782062561));
#5446 = CARTESIAN_POINT('',(-78.80902274324,30.000331939629,
    -72.24364901076));
#5447 = CARTESIAN_POINT('',(-80.24378507581,27.515346436957,
    -74.21754824122));
#5448 = CARTESIAN_POINT('',(-79.90287537494,28.083972801185,
    -73.26625365175));
#5449 = CARTESIAN_POINT('',(-79.54874597216,28.93053361309,
    -72.45878994578));
#5450 = CARTESIAN_POINT('',(-79.11944739074,29.908425470346,
    -71.88624513091));
#5451 = CARTESIAN_POINT('',(-80.33807320707,27.352041443391,
    -74.09590798523));
#5452 = CARTESIAN_POINT('',(-79.99411859826,27.94776428761,
    -73.11838832504));
#5453 = CARTESIAN_POINT('',(-79.63695956541,28.829809088582,
    -72.29833660549));
#5454 = CARTESIAN_POINT('',(-79.20151640647,29.839720992013,
    -71.72023540453));
#5455 = ADVANCED_FACE('',(#5456),#5469,.T.);
#5456 = FACE_BOUND('',#5457,.T.);
#5457 = EDGE_LOOP('',(#5458,#5459,#5466,#5467,#5468));
#5458 = ORIENTED_EDGE('',*,*,#4327,.T.);
#5459 = ORIENTED_EDGE('',*,*,#5460,.F.);
#5460 = EDGE_CURVE('',#5418,#4328,#5461,.T.);
#5461 = ELLIPSE('',#5462,24.000000000007,12.);
#5462 = AXIS2_PLACEMENT_3D('',#5463,#5464,#5465);
#5463 = CARTESIAN_POINT('',(-90.49736928405,31.755669284012,
    -74.96193674172));
#5464 = DIRECTION('',(-0.250007912814,-0.43300791084,0.866025515029));
#5465 = DIRECTION('',(0.433026057518,0.749992417423,0.499999807319));
#5466 = ORIENTED_EDGE('',*,*,#5417,.T.);
#5467 = ORIENTED_EDGE('',*,*,#5261,.F.);
#5468 = ORIENTED_EDGE('',*,*,#4243,.T.);
#5469 = B_SPLINE_SURFACE_WITH_KNOTS('',3,3,(
    (#5470,#5471,#5472,#5473)
    ,(#5474,#5475,#5476,#5477)
    ,(#5478,#5479,#5480,#5481)
    ,(#5482,#5483,#5484,#5485)
    ,(#5486,#5487,#5488,#5489
  )),.UNSPECIFIED.,.F.,.F.,.F.,(4,1,4),(4,4),(0.,0.5,1.),(-1.35311085594
    ,-1.277366189346),.UNSPECIFIED.);
#5470 = CARTESIAN_POINT('',(-78.10593013527,29.784513856894,
    -72.37029029948));
#5471 = CARTESIAN_POINT('',(-77.90639462719,30.260970107343,
    -72.07446208533));
#5472 = CARTESIAN_POINT('',(-77.71871369697,30.73931183384,
    -71.78111337344));
#5473 = CARTESIAN_POINT('',(-77.54342526831,31.218168032136,
    -71.49108494836));
#5474 = CARTESIAN_POINT('',(-78.31525650871,29.880041889404,
    -72.38295604171));
#5475 = CARTESIAN_POINT('',(-78.11344379294,30.352538081592,
    -72.088358186));
#5476 = CARTESIAN_POINT('',(-77.92339615166,30.827111564322,
    -71.79638177553));
#5477 = CARTESIAN_POINT('',(-77.74567566104,31.3021374487,
    -71.50748720979));
#5478 = CARTESIAN_POINT('',(-78.77431679771,29.998650396656,
    -72.26434983145));
#5479 = CARTESIAN_POINT('',(-78.56668777377,30.465801636873,
    -71.97714863433));
#5480 = CARTESIAN_POINT('',(-78.37064638528,30.934870382561,
    -71.69206258833));
#5481 = CARTESIAN_POINT('',(-78.18686151892,31.404631656976,
    -71.41006645235));
#5482 = CARTESIAN_POINT('',(-79.10576922146,29.919876216734,
    -71.91391341864));
#5483 = CARTESIAN_POINT('',(-78.89852285257,30.390300613497,
    -71.63832651381));
#5484 = CARTESIAN_POINT('',(-78.702746532,30.862500157299,
    -71.36486929187));
#5485 = CARTESIAN_POINT('',(-78.51862067872,31.334828350829,
    -71.09430675535));
#5486 = CARTESIAN_POINT('',(-79.20151640647,29.839720992013,
    -71.72023540453));
#5487 = CARTESIAN_POINT('',(-78.99725862242,30.313450715966,
    -71.44905955106));
#5488 = CARTESIAN_POINT('',(-78.80404648275,30.788598858732,
    -71.18015657458));
#5489 = CARTESIAN_POINT('',(-78.62243376452,31.263803569385,
    -70.91429719424));
#5490 = ADVANCED_FACE('',(#5491),#5506,.T.);
#5491 = FACE_BOUND('',#5492,.T.);
#5492 = EDGE_LOOP('',(#5493,#5494,#5495,#5496,#5497));
#5493 = ORIENTED_EDGE('',*,*,#4339,.T.);
#5494 = ORIENTED_EDGE('',*,*,#3914,.F.);
#5495 = ORIENTED_EDGE('',*,*,#4290,.T.);
#5496 = ORIENTED_EDGE('',*,*,#4376,.T.);
#5497 = ORIENTED_EDGE('',*,*,#5498,.F.);
#5498 = EDGE_CURVE('',#4328,#4377,#5499,.T.);
#5499 = B_SPLINE_CURVE_WITH_KNOTS('',3,(#5500,#5501,#5502,#5503,#5504,
    #5505),.UNSPECIFIED.,.F.,.F.,(4,1,1,4),(-2.113370092844,
    -1.380913181592,-0.867839289035,-0.498822769134),.UNSPECIFIED.);
#5500 = CARTESIAN_POINT('',(-77.59258713184,31.085133773351,
    -71.57179358816));
#5501 = CARTESIAN_POINT('',(-76.71759679464,31.570408524948,
    -71.07656301254));
#5502 = CARTESIAN_POINT('',(-75.54951652906,32.960016904854,
    -70.04456024224));
#5503 = CARTESIAN_POINT('',(-75.37736573604,35.237133190351,
    -68.85631762338));
#5504 = CARTESIAN_POINT('',(-75.81434666708,36.380846048554,
    -68.41061710056));
#5505 = CARTESIAN_POINT('',(-76.07646184951,36.811223140984,
    -68.27109948371));
#5506 = B_SPLINE_SURFACE_WITH_KNOTS('',3,3,(
    (#5507,#5508,#5509,#5510,#5511,#5512)
    ,(#5513,#5514,#5515,#5516,#5517,#5518)
    ,(#5519,#5520,#5521,#5522,#5523,#5524)
    ,(#5525,#5526,#5527,#5528,#5529,#5530)
    ,(#5531,#5532,#5533,#5534,#5535,#5536)
    ,(#5537,#5538,#5539,#5540,#5541,#5542
    )),.UNSPECIFIED.,.F.,.F.,.F.,(4,1,1,4),(4,1,1,4),(0.,0.285714285714,
    0.571428571429,1.),(-2.150524020426,-1.380913181592,-0.867839289035,
    -0.354765396479),.UNSPECIFIED.);
#5507 = CARTESIAN_POINT('',(-77.72716859271,31.013875782196,
    -71.64627373095));
#5508 = CARTESIAN_POINT('',(-76.78820518817,31.487831673806,
    -71.13823450601));
#5509 = CARTESIAN_POINT('',(-75.55347805933,32.907615954862,
    -70.07190405531));
#5510 = CARTESIAN_POINT('',(-75.36200564682,35.440308027348,
    -68.75029712634));
#5511 = CARTESIAN_POINT('',(-75.97123991386,36.75173694134,
    -68.27046633668));
#5512 = CARTESIAN_POINT('',(-76.41888483096,37.291456272592,
    -68.12983772177));
#5513 = CARTESIAN_POINT('',(-77.79365057581,31.113020426617,
    -71.615894264));
#5514 = CARTESIAN_POINT('',(-76.88420730625,31.583539270221,
    -71.11812215841));
#5515 = CARTESIAN_POINT('',(-75.69853016393,32.983027845437,
    -70.07597624561));
#5516 = CARTESIAN_POINT('',(-75.54387586526,35.438012149543,
    -68.80397905122));
#5517 = CARTESIAN_POINT('',(-76.13703412731,36.684771240698,
    -68.35178749694));
#5518 = CARTESIAN_POINT('',(-76.56372977468,37.194807716311,
    -68.21997591071));
#5519 = CARTESIAN_POINT('',(-77.93804570236,31.2911891837,
    -71.51523745447));
#5520 = CARTESIAN_POINT('',(-77.08961093262,31.75129067142,
    -71.03097646044));
#5521 = CARTESIAN_POINT('',(-76.00616332156,33.102482888935,
    -70.02166011576));
#5522 = CARTESIAN_POINT('',(-75.93205192889,35.389461401024,
    -68.82303737092));
#5523 = CARTESIAN_POINT('',(-76.49612001716,36.501764063111,
    -68.41465113794));
#5524 = CARTESIAN_POINT('',(-76.88200456711,36.950873643971,
    -68.29690306158));
#5525 = CARTESIAN_POINT('',(-78.19711597018,31.491636782153,
    -71.22342104902));
#5526 = CARTESIAN_POINT('',(-77.44233656716,31.916701068062,
    -70.73938179474));
#5527 = CARTESIAN_POINT('',(-76.50284118089,33.151156406844,
    -69.73123618168));
#5528 = CARTESIAN_POINT('',(-76.50604273117,35.16807444234,
    -68.54223319563));
#5529 = CARTESIAN_POINT('',(-77.02229448389,36.109239859538,
    -68.14237814228));
#5530 = CARTESIAN_POINT('',(-77.35816918938,36.48575813528,
    -68.02754708118));
#5531 = CARTESIAN_POINT('',(-78.35604949437,31.509798941849,
    -70.94662214557));
#5532 = CARTESIAN_POINT('',(-77.63961369885,31.894736683769,
    -70.44768555267));
#5533 = CARTESIAN_POINT('',(-76.72725324806,33.026864050572,
    -69.40301606751));
#5534 = CARTESIAN_POINT('',(-76.66694008906,34.941647600722,
    -68.13217146889));
#5535 = CARTESIAN_POINT('',(-77.14544467374,35.882483008201,
    -67.68284990884));
#5536 = CARTESIAN_POINT('',(-77.47552087876,36.264566298412,
    -67.55218420395));
#5537 = CARTESIAN_POINT('',(-78.42778959974,31.473587222175,
    -70.78024898516));
#5538 = CARTESIAN_POINT('',(-77.71784164873,31.831944228148,
    -70.2722097991));
#5539 = CARTESIAN_POINT('',(-76.78426757893,32.905439910471,
    -69.20587929398));
#5540 = CARTESIAN_POINT('',(-76.63949590005,34.820402286009,
    -67.88427191181));
#5541 = CARTESIAN_POINT('',(-77.10013645684,35.81197050034,
    -67.40444086142));
#5542 = CARTESIAN_POINT('',(-77.43859968107,36.220050969303,
    -67.26381209587));
#5543 = ADVANCED_FACE('',(#5544),#5556,.T.);
#5544 = FACE_BOUND('',#5545,.T.);
#5545 = EDGE_LOOP('',(#5546,#5547,#5548,#5549));
#5546 = ORIENTED_EDGE('',*,*,#4388,.T.);
#5547 = ORIENTED_EDGE('',*,*,#5227,.F.);
#5548 = ORIENTED_EDGE('',*,*,#4425,.T.);
#5549 = ORIENTED_EDGE('',*,*,#5550,.F.);
#5550 = EDGE_CURVE('',#4377,#4428,#5551,.T.);
#5551 = ELLIPSE('',#5552,24.000000000007,12.);
#5552 = AXIS2_PLACEMENT_3D('',#5553,#5554,#5555);
#5553 = CARTESIAN_POINT('',(-90.49736928405,31.755669284012,
    -74.96193674172));
#5554 = DIRECTION('',(-0.250007912814,-0.43300791084,0.866025515029));
#5555 = DIRECTION('',(0.433026057518,0.749992417423,0.499999807319));
#5556 = B_SPLINE_SURFACE_WITH_KNOTS('',3,3,(
    (#5557,#5558,#5559,#5560)
    ,(#5561,#5562,#5563,#5564)
    ,(#5565,#5566,#5567,#5568)
    ,(#5569,#5570,#5571,#5572)
    ,(#5573,#5574,#5575,#5576
  )),.UNSPECIFIED.,.F.,.F.,.F.,(4,1,4),(4,4),(0.,0.5,1.),(
    -0.987096305899,-0.926206677272),.UNSPECIFIED.);
#5557 = CARTESIAN_POINT('',(-76.09828324943,36.668910126003,
    -68.34855468888));
#5558 = CARTESIAN_POINT('',(-76.03851777633,37.040872031206,
    -68.1453224681));
#5559 = CARTESIAN_POINT('',(-75.98765261264,37.409796901756,
    -67.94617812666));
#5560 = CARTESIAN_POINT('',(-75.94578199844,37.775001214654,
    -67.75149062785));
#5561 = CARTESIAN_POINT('',(-76.26966610212,36.711770746022,
    -68.37660014637));
#5562 = CARTESIAN_POINT('',(-76.20756624891,37.081009578823,
    -68.17402332109));
#5563 = CARTESIAN_POINT('',(-76.15432539121,37.447283555364,
    -67.97557826248));
#5564 = CARTESIAN_POINT('',(-76.11005542747,37.809832106655,
    -67.78149852588));
#5565 = CARTESIAN_POINT('',(-76.63668064153,36.754708384914,
    -68.34725621855));
#5566 = CARTESIAN_POINT('',(-76.56914938431,37.119920157511,
    -68.14879463925));
#5567 = CARTESIAN_POINT('',(-76.5104359232,37.482141042144,
    -67.95424574616));
#5568 = CARTESIAN_POINT('',(-76.46065008104,37.840699288479,
    -67.7639997878));
#5569 = CARTESIAN_POINT('',(-76.94982540395,36.700735509823,
    -68.1563854099));
#5570 = CARTESIAN_POINT('',(-76.87991997647,37.066077893507,
    -67.96599061398));
#5571 = CARTESIAN_POINT('',(-76.81869353493,37.428296287257,
    -67.77939115729));
#5572 = CARTESIAN_POINT('',(-76.76613544925,37.786630065591,
    -67.59687465861));
#5573 = CARTESIAN_POINT('',(-77.07092049739,36.653129584977,
    -68.0336445573));
#5574 = CARTESIAN_POINT('',(-77.001467994,37.019498444779,
    -67.84734836145));
#5575 = CARTESIAN_POINT('',(-76.94046913399,37.382572376578,
    -67.66479938819));
#5576 = CARTESIAN_POINT('',(-76.88803693256,37.741678697662,
    -67.48633585387));
#5577 = ADVANCED_FACE('',(#5578),#5597,.T.);
#5578 = FACE_BOUND('',#5579,.T.);
#5579 = EDGE_LOOP('',(#5580,#5581,#5582,#5591));
#5580 = ORIENTED_EDGE('',*,*,#4453,.T.);
#5581 = ORIENTED_EDGE('',*,*,#3253,.F.);
#5582 = ORIENTED_EDGE('',*,*,#5583,.F.);
#5583 = EDGE_CURVE('',#5584,#3246,#5586,.T.);
#5584 = VERTEX_POINT('',#5585);
#5585 = CARTESIAN_POINT('',(-70.4830860944,34.620981710115,
    -67.75148854374));
#5586 = CIRCLE('',#5587,2.);
#5587 = AXIS2_PLACEMENT_3D('',#5588,#5589,#5590);
#5588 = CARTESIAN_POINT('',(-70.98310192003,33.754965888435,
    -66.01943751368));
#5589 = DIRECTION('',(0.866016441554,-0.500015522718,3.304014866978E-07)
  );
#5590 = DIRECTION('',(0.250007912814,0.43300791084,-0.866025515029));
#5591 = ORIENTED_EDGE('',*,*,#5592,.F.);
#5592 = EDGE_CURVE('',#4428,#5584,#5593,.T.);
#5593 = LINE('',#5594,#5595);
#5594 = CARTESIAN_POINT('',(-87.71681328132,44.5712906122,
    -67.75149511873));
#5595 = VECTOR('',#5596,1.);
#5596 = DIRECTION('',(0.866016441554,-0.500015522718,3.304014880881E-07)
  );
#5597 = CYLINDRICAL_SURFACE('',#5598,2.);
#5598 = AXIS2_PLACEMENT_3D('',#5599,#5600,#5601);
#5599 = CARTESIAN_POINT('',(-88.21682910695,43.705274790521,
    -66.01944408867));
#5600 = DIRECTION('',(-0.866016441554,0.500015522718,-3.304014880881E-07
    ));
#5601 = DIRECTION('',(0.433026232403,0.749992059538,-0.500000192681));
#5602 = ADVANCED_FACE('',(#5603),#5615,.T.);
#5603 = FACE_BOUND('',#5604,.T.);
#5604 = EDGE_LOOP('',(#5605,#5606,#5607,#5614));
#5605 = ORIENTED_EDGE('',*,*,#4446,.F.);
#5606 = ORIENTED_EDGE('',*,*,#5235,.F.);
#5607 = ORIENTED_EDGE('',*,*,#5608,.T.);
#5608 = EDGE_CURVE('',#5005,#3262,#5609,.T.);
#5609 = CIRCLE('',#5610,1.);
#5610 = AXIS2_PLACEMENT_3D('',#5611,#5612,#5613);
#5611 = CARTESIAN_POINT('',(-84.25274850418,42.571230545373,
    -62.09591411656));
#5612 = DIRECTION('',(0.866016441554,-0.500015522718,3.304014860515E-07)
  );
#5613 = DIRECTION('',(1.748855704357E-07,-3.578843026533E-07,-1.));
#5614 = ORIENTED_EDGE('',*,*,#3261,.F.);
#5615 = TOROIDAL_SURFACE('',#5616,12.,1.);
#5616 = AXIS2_PLACEMENT_3D('',#5617,#5618,#5619);
#5617 = CARTESIAN_POINT('',(-84.25274640556,42.571226250753,
    -74.09591411656));
#5618 = DIRECTION('',(-0.500015522718,-0.866016441554,2.224883435692E-07
    ));
#5619 = DIRECTION('',(-4.848192741315E-07,5.368321939867E-07,1.));
#5620 = ADVANCED_FACE('',(#5621),#5633,.T.);
#5621 = FACE_BOUND('',#5622,.T.);
#5622 = EDGE_LOOP('',(#5623,#5630,#5631,#5632));
#5623 = ORIENTED_EDGE('',*,*,#5624,.T.);
#5624 = EDGE_CURVE('',#4997,#3221,#5625,.T.);
#5625 = ELLIPSE('',#5626,1.11803398875,1.);
#5626 = AXIS2_PLACEMENT_3D('',#5627,#5628,#5629);
#5627 = CARTESIAN_POINT('',(-88.58283071195,45.071308158962,
    -62.09591576857));
#5628 = DIRECTION('',(0.77458873139,-0.447227639492,-0.44721329998));
#5629 = DIRECTION('',(-0.387294170167,0.223613419619,-0.89442733876));
#5630 = ORIENTED_EDGE('',*,*,#3270,.F.);
#5631 = ORIENTED_EDGE('',*,*,#5608,.F.);
#5632 = ORIENTED_EDGE('',*,*,#5004,.F.);
#5633 = CYLINDRICAL_SURFACE('',#5634,1.);
#5634 = AXIS2_PLACEMENT_3D('',#5635,#5636,#5637);
#5635 = CARTESIAN_POINT('',(-89.4488471535,45.57132368168,
    -62.09591609897));
#5636 = DIRECTION('',(-0.866016441554,0.500015522718,-3.304014879092E-07
    ));
#5637 = DIRECTION('',(0.353564490475,0.612365845379,-0.707106938509));
#5638 = ADVANCED_FACE('',(#5639),#5650,.T.);
#5639 = FACE_BOUND('',#5640,.T.);
#5640 = EDGE_LOOP('',(#5641,#5648,#5649));
#5641 = ORIENTED_EDGE('',*,*,#5642,.F.);
#5642 = EDGE_CURVE('',#3147,#4997,#5643,.T.);
#5643 = CIRCLE('',#5644,0.5);
#5644 = AXIS2_PLACEMENT_3D('',#5645,#5646,#5647);
#5645 = CARTESIAN_POINT('',(-89.01583884529,45.321315741379,
    -62.59591593377));
#5646 = DIRECTION('',(-0.500015522718,-0.866016441554,2.224880526868E-07
    ));
#5647 = DIRECTION('',(-0.866016441554,0.500015522718,-3.304015038151E-07
    ));
#5648 = ORIENTED_EDGE('',*,*,#3228,.F.);
#5649 = ORIENTED_EDGE('',*,*,#5624,.F.);
#5650 = B_SPLINE_SURFACE_WITH_KNOTS('',3,3,(
    (#5651,#5652,#5653,#5654,#5655,#5656)
    ,(#5657,#5658,#5659,#5660,#5661,#5662)
    ,(#5663,#5664,#5665,#5666,#5667,#5668)
    ,(#5669,#5670,#5671,#5672,#5673,#5674)
    ,(#5675,#5676,#5677,#5678,#5679,#5680
    )),.UNSPECIFIED.,.F.,.F.,.F.,(4,1,4),(4,1,1,4),(0.,0.5,1.),(
    -1.570796326795,-0.897597901026,-0.448798950513,-2.789435301047E-14)
  ,.UNSPECIFIED.);
#5651 = CARTESIAN_POINT('',(-88.08281518923,45.937324600515,
    -62.09591599106));
#5652 = CARTESIAN_POINT('',(-88.27714880466,46.049527781279,
    -62.20811580283));
#5653 = CARTESIAN_POINT('',(-88.66543087533,46.12222587862,
    -62.39442034468));
#5654 = CARTESIAN_POINT('',(-89.16544577196,45.925280806012,
    -62.56169315332));
#5655 = CARTESIAN_POINT('',(-89.37404491878,45.700879259436,
    -62.59591613226));
#5656 = CARTESIAN_POINT('',(-89.44884706606,45.571323502737,
    -62.59591609897));
#5657 = CARTESIAN_POINT('',(-88.08281518923,45.937324600515,
    -62.09591599106));
#5658 = CARTESIAN_POINT('',(-88.2609543318,46.040177506177,
    -62.22681575292));
#5659 = CARTESIAN_POINT('',(-88.60963406202,46.120323556608,
    -62.44398006903));
#5660 = CARTESIAN_POINT('',(-89.11928203609,45.960940801631,
    -62.66943930397));
#5661 = CARTESIAN_POINT('',(-89.36415659208,45.718005548262,
    -62.72681583056));
#5662 = CARTESIAN_POINT('',(-89.44884704317,45.571323455891,
    -62.72681579287));
#5663 = CARTESIAN_POINT('',(-88.08281518923,45.937324600516,
    -62.09591599106));
#5664 = CARTESIAN_POINT('',(-88.22856538609,46.021476955972,
    -62.26421565311));
#5665 = CARTESIAN_POINT('',(-88.51041805529,46.092636973133,
    -62.54388597907));
#5666 = CARTESIAN_POINT('',(-88.98497686899,45.952406465132,
    -62.88474442889));
#5667 = CARTESIAN_POINT('',(-89.25895949848,45.683188392357,
    -62.98740466083));
#5668 = CARTESIAN_POINT('',(-89.35487430216,45.517065955754,
    -62.98740461815));
#5669 = CARTESIAN_POINT('',(-88.08281518923,45.937324600515,
    -62.09591599106));
#5670 = CARTESIAN_POINT('',(-88.19617644037,46.002776405768,
    -62.30161555329));
#5671 = CARTESIAN_POINT('',(-88.43671451602,46.020484226245,
    -62.64365232195));
#5672 = CARTESIAN_POINT('',(-88.82840189474,45.792994035638,
    -63.00532205694));
#5673 = CARTESIAN_POINT('',(-89.04450959386,45.533449533676,
    -63.0959160147));
#5674 = CARTESIAN_POINT('',(-89.12920004495,45.386767441305,
    -63.09591597702));
#5675 = CARTESIAN_POINT('',(-88.08281518923,45.937324600515,
    -62.09591599106));
#5676 = CARTESIAN_POINT('',(-88.17998196751,45.993426130665,
    -62.32031550339));
#5677 = CARTESIAN_POINT('',(-88.40692129056,45.972969045415,
    -62.69292443161));
#5678 = CARTESIAN_POINT('',(-88.76207517013,45.692384920577,
    -63.02746997665));
#5679 = CARTESIAN_POINT('',(-88.94103661056,45.450871319135,
    -63.09591596706));
#5680 = CARTESIAN_POINT('',(-89.01583875784,45.321315562436,
    -63.09591593377));
#5681 = ADVANCED_FACE('',(#5682),#5687,.T.);
#5682 = FACE_BOUND('',#5683,.T.);
#5683 = EDGE_LOOP('',(#5684,#5685,#5686));
#5684 = ORIENTED_EDGE('',*,*,#3687,.F.);
#5685 = ORIENTED_EDGE('',*,*,#3900,.F.);
#5686 = ORIENTED_EDGE('',*,*,#584,.F.);
#5687 = PLANE('',#5688);
#5688 = AXIS2_PLACEMENT_3D('',#5689,#5690,#5691);
#5689 = CARTESIAN_POINT('',(-79.82469441066,34.241024073158,
    -60.29592902576));
#5690 = DIRECTION('',(3.973738208243E-07,-6.882858926336E-07,-1.));
#5691 = DIRECTION('',(-0.500015522718,-0.866016441554,3.973738207764E-07
    ));
#5692 = ADVANCED_FACE('',(#5693),#5718,.F.);
#5693 = FACE_BOUND('',#5694,.T.);
#5694 = EDGE_LOOP('',(#5695,#5705,#5711,#5712));
#5695 = ORIENTED_EDGE('',*,*,#5696,.F.);
#5696 = EDGE_CURVE('',#5697,#5699,#5701,.T.);
#5697 = VERTEX_POINT('',#5698);
#5698 = CARTESIAN_POINT('',(-83.19337810746,32.606407574176,
    -57.09590957071));
#5699 = VERTEX_POINT('',#5700);
#5700 = CARTESIAN_POINT('',(-79.55610905294,30.506342378761,
    -57.09590818302));
#5701 = LINE('',#5702,#5703);
#5702 = CARTESIAN_POINT('',(-78.69009261138,30.006326856043,
    -57.09590785262));
#5703 = VECTOR('',#5704,1.);
#5704 = DIRECTION('',(0.866016441554,-0.500015522718,3.304014878532E-07)
  );
#5705 = ORIENTED_EDGE('',*,*,#5706,.T.);
#5706 = EDGE_CURVE('',#5697,#3522,#5707,.T.);
#5707 = LINE('',#5708,#5709);
#5708 = CARTESIAN_POINT('',(-88.25603527498,23.837991103445,
    -57.09590731801));
#5709 = VECTOR('',#5710,1.);
#5710 = DIRECTION('',(-0.500015522718,-0.866016441554,2.224883790963E-07
    ));
#5711 = ORIENTED_EDGE('',*,*,#3521,.F.);
#5712 = ORIENTED_EDGE('',*,*,#5713,.T.);
#5713 = EDGE_CURVE('',#3514,#5699,#5714,.T.);
#5714 = LINE('',#5715,#5716);
#5715 = CARTESIAN_POINT('',(-81.24366144211,27.583536888518,
    -57.09590743212));
#5716 = VECTOR('',#5717,1.);
#5717 = DIRECTION('',(0.500015522718,0.866016441554,-2.224883790963E-07)
  );
#5718 = PLANE('',#5719);
#5719 = AXIS2_PLACEMENT_3D('',#5720,#5721,#5722);
#5720 = CARTESIAN_POINT('',(-84.74984835854,25.710763995981,
    -57.09590737507));
#5721 = DIRECTION('',(1.748854776706E-07,-3.578844670357E-07,-1.));
#5722 = DIRECTION('',(0.500015522718,0.866016441554,-2.224883790963E-07)
  );
#5723 = ADVANCED_FACE('',(#5724),#5741,.T.);
#5724 = FACE_BOUND('',#5725,.T.);
#5725 = EDGE_LOOP('',(#5726,#5727,#5733,#5734,#5735));
#5726 = ORIENTED_EDGE('',*,*,#1374,.F.);
#5727 = ORIENTED_EDGE('',*,*,#5728,.F.);
#5728 = EDGE_CURVE('',#4816,#1367,#5729,.T.);
#5729 = LINE('',#5730,#5731);
#5730 = CARTESIAN_POINT('',(-85.56339491924,-9.306347125316,
    -85.2403932848));
#5731 = VECTOR('',#5732,1.);
#5732 = DIRECTION('',(-1.748854978474E-07,3.578844337222E-07,1.));
#5733 = ORIENTED_EDGE('',*,*,#4815,.T.);
#5734 = ORIENTED_EDGE('',*,*,#4531,.T.);
#5735 = ORIENTED_EDGE('',*,*,#5736,.F.);
#5736 = EDGE_CURVE('',#1336,#4524,#5737,.T.);
#5737 = LINE('',#5738,#5739);
#5738 = CARTESIAN_POINT('',(-84.69734711026,-7.806354886896,
    -85.24039367017));
#5739 = VECTOR('',#5740,1.);
#5740 = DIRECTION('',(1.748854978474E-07,-3.578844337222E-07,-1.));
#5741 = CYLINDRICAL_SURFACE('',#5742,1.);
#5742 = AXIS2_PLACEMENT_3D('',#5743,#5744,#5745);
#5743 = CARTESIAN_POINT('',(-85.56337699505,-8.306347125477,
    -85.24039364269));
#5744 = DIRECTION('',(-1.748854978474E-07,3.578844337222E-07,1.));
#5745 = DIRECTION('',(0.866018682137,-0.500011642054,3.304004917416E-07)
  );
#5746 = ADVANCED_FACE('',(#5747),#5758,.F.);
#5747 = FACE_BOUND('',#5748,.T.);
#5748 = EDGE_LOOP('',(#5749,#5750,#5751,#5752));
#5749 = ORIENTED_EDGE('',*,*,#1343,.F.);
#5750 = ORIENTED_EDGE('',*,*,#5736,.T.);
#5751 = ORIENTED_EDGE('',*,*,#4523,.F.);
#5752 = ORIENTED_EDGE('',*,*,#5753,.T.);
#5753 = EDGE_CURVE('',#4501,#1311,#5754,.T.);
#5754 = LINE('',#5755,#5756);
#5755 = CARTESIAN_POINT('',(-87.12354933888,-3.603960929912,
    -58.84589559844));
#5756 = VECTOR('',#5757,1.);
#5757 = DIRECTION('',(-1.748854892331E-07,3.578844188014E-07,1.));
#5758 = PLANE('',#5759);
#5759 = AXIS2_PLACEMENT_3D('',#5760,#5761,#5762);
#5760 = CARTESIAN_POINT('',(-79.95658772327,-16.01776065247,
    -79.59588820188));
#5761 = DIRECTION('',(-0.866029884796,-0.499992238581,2.748337161676E-08
    ));
#5762 = DIRECTION('',(1.748854418558E-07,-3.578843367398E-07,-1.));
#5763 = ADVANCED_FACE('',(#5764),#5775,.F.);
#5764 = FACE_BOUND('',#5765,.F.);
#5765 = EDGE_LOOP('',(#5766,#5772,#5773,#5774));
#5766 = ORIENTED_EDGE('',*,*,#5767,.T.);
#5767 = EDGE_CURVE('',#1272,#4491,#5768,.T.);
#5768 = LINE('',#5769,#5770);
#5769 = CARTESIAN_POINT('',(-86.94053035464,-2.920950147323,
    -58.84589581088));
#5770 = VECTOR('',#5771,1.);
#5771 = DIRECTION('',(1.748854892331E-07,-3.578844188014E-07,-1.));
#5772 = ORIENTED_EDGE('',*,*,#4500,.T.);
#5773 = ORIENTED_EDGE('',*,*,#5753,.T.);
#5774 = ORIENTED_EDGE('',*,*,#1310,.T.);
#5775 = CYLINDRICAL_SURFACE('',#5776,0.5);
#5776 = AXIS2_PLACEMENT_3D('',#5777,#5778,#5779);
#5777 = CARTESIAN_POINT('',(-86.69053423534,-3.353965089721,
    -58.84589561219));
#5778 = DIRECTION('',(1.748854892331E-07,-3.578844188014E-07,-1.));
#5779 = DIRECTION('',(-0.96592350669,0.258827701808,-2.615564066605E-07)
  );
#5780 = ADVANCED_FACE('',(#5781),#5806,.F.);
#5781 = FACE_BOUND('',#5782,.T.);
#5782 = EDGE_LOOP('',(#5783,#5791,#5799,#5805));
#5783 = ORIENTED_EDGE('',*,*,#5784,.F.);
#5784 = EDGE_CURVE('',#5785,#4493,#5787,.T.);
#5785 = VERTEX_POINT('',#5786);
#5786 = CARTESIAN_POINT('',(-69.99600630025,6.284419313904,
    -73.54606730769));
#5787 = LINE('',#5788,#5789);
#5788 = CARTESIAN_POINT('',(-80.75002662528,7.571128840301E-02,
    -73.54606252237));
#5789 = VECTOR('',#5790,1.);
#5790 = DIRECTION('',(-0.866029884796,-0.499992238581,3.853661994144E-07
    ));
#5791 = ORIENTED_EDGE('',*,*,#5792,.F.);
#5792 = EDGE_CURVE('',#5793,#5785,#5795,.T.);
#5793 = VERTEX_POINT('',#5794);
#5794 = CARTESIAN_POINT('',(-69.81298360557,6.967432409466,
    -73.83474293698));
#5795 = LINE('',#5796,#5797);
#5796 = CARTESIAN_POINT('',(-71.4131268291,0.995939211061,
    -71.31089007381));
#5797 = VECTOR('',#5798,1.);
#5798 = DIRECTION('',(-0.239632037385,-0.894270625477,0.377963668979));
#5799 = ORIENTED_EDGE('',*,*,#5800,.T.);
#5800 = EDGE_CURVE('',#5793,#4491,#5801,.T.);
#5801 = LINE('',#5802,#5803);
#5802 = CARTESIAN_POINT('',(-81.00002275373,0.508726024176,
    -73.83473795897));
#5803 = VECTOR('',#5804,1.);
#5804 = DIRECTION('',(-0.866029884796,-0.499992238581,3.853661994144E-07
    ));
#5805 = ORIENTED_EDGE('',*,*,#4490,.T.);
#5806 = PLANE('',#5807);
#5807 = AXIS2_PLACEMENT_3D('',#5808,#5809,#5810);
#5808 = CARTESIAN_POINT('',(-69.81298360557,6.967432409466,
    -73.83474293698));
#5809 = DIRECTION('',(0.249996091803,-0.433015562272,-0.86602510178));
#5810 = DIRECTION('',(0.866029884796,0.499992238581,-3.853661995901E-07)
  );
#5811 = ADVANCED_FACE('',(#5812),#5837,.F.);
#5812 = FACE_BOUND('',#5813,.T.);
#5813 = EDGE_LOOP('',(#5814,#5824,#5830,#5831));
#5814 = ORIENTED_EDGE('',*,*,#5815,.T.);
#5815 = EDGE_CURVE('',#5816,#5818,#5820,.T.);
#5816 = VERTEX_POINT('',#5817);
#5817 = CARTESIAN_POINT('',(-65.14615699538,-2.116113820335,
    -73.54606144878));
#5818 = VERTEX_POINT('',#5819);
#5819 = CARTESIAN_POINT('',(-64.71314209195,-1.866117856002,
    -73.83473677606));
#5820 = LINE('',#5821,#5822);
#5821 = CARTESIAN_POINT('',(-64.89694101199,-1.972231959456,
    -73.71220470389));
#5822 = VECTOR('',#5823,1.);
#5823 = DIRECTION('',(0.750003813151,0.433005711899,-0.500000333721));
#5824 = ORIENTED_EDGE('',*,*,#5825,.F.);
#5825 = EDGE_CURVE('',#5793,#5818,#5826,.T.);
#5826 = LINE('',#5827,#5828);
#5827 = CARTESIAN_POINT('',(-63.05138131368,-4.744491100515,
    -73.83473476855));
#5828 = VECTOR('',#5829,1.);
#5829 = DIRECTION('',(0.499984477121,-0.866034365737,6.04011433082E-07)
  );
#5830 = ORIENTED_EDGE('',*,*,#5792,.T.);
#5831 = ORIENTED_EDGE('',*,*,#5832,.F.);
#5832 = EDGE_CURVE('',#5816,#5785,#5833,.T.);
#5833 = LINE('',#5834,#5835);
#5834 = CARTESIAN_POINT('',(-63.48439848738,-4.994483132451,
    -73.54605944128));
#5835 = VECTOR('',#5836,1.);
#5836 = DIRECTION('',(-0.499984477121,0.866034365737,-6.04011433082E-07)
  );
#5837 = PLANE('',#5838);
#5838 = AXIS2_PLACEMENT_3D('',#5839,#5840,#5841);
#5839 = CARTESIAN_POINT('',(-59.6133009006,-10.69966756326,
    -73.83473061515));
#5840 = DIRECTION('',(-0.433017210356,-0.249992858435,-0.866025211104));
#5841 = DIRECTION('',(0.499984477121,-0.866034365737,6.040114335359E-07)
  );
#5842 = ADVANCED_FACE('',(#5843),#5873,.F.);
#5843 = FACE_BOUND('',#5844,.T.);
#5844 = EDGE_LOOP('',(#5845,#5853,#5862,#5868,#5869,#5870,#5871,#5872));
#5845 = ORIENTED_EDGE('',*,*,#5846,.T.);
#5846 = EDGE_CURVE('',#4575,#5847,#5849,.T.);
#5847 = VERTEX_POINT('',#5848);
#5848 = CARTESIAN_POINT('',(-76.21141025309,-8.504508544255,
    -73.54605652496));
#5849 = LINE('',#5850,#5851);
#5850 = CARTESIAN_POINT('',(-71.05043093009,-5.524877413411,
    -73.5460588215));
#5851 = VECTOR('',#5852,1.);
#5852 = DIRECTION('',(0.866029884796,0.499992238581,-3.853661989073E-07)
  );
#5853 = ORIENTED_EDGE('',*,*,#5854,.F.);
#5854 = EDGE_CURVE('',#5855,#5847,#5857,.T.);
#5855 = VERTEX_POINT('',#5856);
#5856 = CARTESIAN_POINT('',(-70.66881899045,-5.304558217368,
    -73.54605899131));
#5857 = CIRCLE('',#5858,3.2);
#5858 = AXIS2_PLACEMENT_3D('',#5859,#5860,#5861);
#5859 = CARTESIAN_POINT('',(-73.44010774569,-6.90454529078,
    -73.54605775813));
#5860 = DIRECTION('',(3.173934314067E-08,7.15769069215E-07,1.));
#5861 = DIRECTION('',(-0.500015522718,-0.866016441553,6.357379465469E-07
    ));
#5862 = ORIENTED_EDGE('',*,*,#5863,.T.);
#5863 = EDGE_CURVE('',#5855,#5816,#5864,.T.);
#5864 = LINE('',#5865,#5866);
#5865 = CARTESIAN_POINT('',(-71.05043093009,-5.524877413411,
    -73.5460588215));
#5866 = VECTOR('',#5867,1.);
#5867 = DIRECTION('',(0.866029884796,0.499992238581,-3.853661989073E-07)
  );
#5868 = ORIENTED_EDGE('',*,*,#5832,.T.);
#5869 = ORIENTED_EDGE('',*,*,#5784,.T.);
#5870 = ORIENTED_EDGE('',*,*,#4557,.T.);
#5871 = ORIENTED_EDGE('',*,*,#4792,.T.);
#5872 = ORIENTED_EDGE('',*,*,#4583,.T.);
#5873 = PLANE('',#5874);
#5874 = AXIS2_PLACEMENT_3D('',#5875,#5876,#5877);
#5875 = CARTESIAN_POINT('',(-74.01708565881,-7.237615805021,
    -73.54605750141));
#5876 = DIRECTION('',(-3.173934314067E-08,-7.15769069215E-07,-1.));
#5877 = DIRECTION('',(0.500015522718,0.866016441553,-6.357379465469E-07)
  );
#5878 = ADVANCED_FACE('',(#5879),#5905,.F.);
#5879 = FACE_BOUND('',#5880,.F.);
#5880 = EDGE_LOOP('',(#5881,#5882,#5890,#5899));
#5881 = ORIENTED_EDGE('',*,*,#5854,.F.);
#5882 = ORIENTED_EDGE('',*,*,#5883,.F.);
#5883 = EDGE_CURVE('',#5884,#5855,#5886,.T.);
#5884 = VERTEX_POINT('',#5885);
#5885 = CARTESIAN_POINT('',(-71.10183397184,-5.554554491629,
    -73.83473393322));
#5886 = LINE('',#5887,#5888);
#5887 = CARTESIAN_POINT('',(-70.8853263199,-5.429556261404,
    -73.69039635477));
#5888 = VECTOR('',#5889,1.);
#5889 = DIRECTION('',(0.750003948197,0.433006248719,0.499999666259));
#5890 = ORIENTED_EDGE('',*,*,#5891,.F.);
#5891 = EDGE_CURVE('',#5892,#5884,#5894,.T.);
#5892 = VERTEX_POINT('',#5893);
#5893 = CARTESIAN_POINT('',(-75.77839534967,-8.254512579929,
    -73.83473185224));
#5894 = CIRCLE('',#5895,2.7);
#5895 = AXIS2_PLACEMENT_3D('',#5896,#5897,#5898);
#5896 = CARTESIAN_POINT('',(-73.44010775485,-6.904545497405,
    -73.83473289272));
#5897 = DIRECTION('',(-3.173934353261E-08,-7.157690695504E-07,-1.));
#5898 = DIRECTION('',(-0.500015522718,-0.866016441553,6.357379470333E-07
    ));
#5899 = ORIENTED_EDGE('',*,*,#5900,.F.);
#5900 = EDGE_CURVE('',#5847,#5892,#5901,.T.);
#5901 = LINE('',#5902,#5903);
#5902 = CARTESIAN_POINT('',(-75.99490296263,-8.379510655187,
    -73.69039408111));
#5903 = VECTOR('',#5904,1.);
#5904 = DIRECTION('',(0.750003813146,0.433005711896,-0.500000333733));
#5905 = CONICAL_SURFACE('',#5906,2.7,1.047197551197);
#5906 = AXIS2_PLACEMENT_3D('',#5907,#5908,#5909);
#5907 = CARTESIAN_POINT('',(-73.44010775485,-6.904545497405,
    -73.83473289272));
#5908 = DIRECTION('',(3.173934506201E-08,7.157690728563E-07,1.));
#5909 = DIRECTION('',(-0.499992238581,0.866029884795,-6.040079815173E-07
    ));
#5910 = ADVANCED_FACE('',(#5911),#5929,.F.);
#5911 = FACE_BOUND('',#5912,.F.);
#5912 = EDGE_LOOP('',(#5913,#5914,#5920,#5921,#5922,#5923));
#5913 = ORIENTED_EDGE('',*,*,#5891,.T.);
#5914 = ORIENTED_EDGE('',*,*,#5915,.F.);
#5915 = EDGE_CURVE('',#4648,#5884,#5916,.T.);
#5916 = LINE('',#5917,#5918);
#5917 = CARTESIAN_POINT('',(-71.10183182754,-5.554558879709,
    -86.09589379886));
#5918 = VECTOR('',#5919,1.);
#5919 = DIRECTION('',(-1.748855428372E-07,3.578842868468E-07,1.));
#5920 = ORIENTED_EDGE('',*,*,#4647,.T.);
#5921 = ORIENTED_EDGE('',*,*,#4614,.T.);
#5922 = ORIENTED_EDGE('',*,*,#4769,.F.);
#5923 = ORIENTED_EDGE('',*,*,#5924,.F.);
#5924 = EDGE_CURVE('',#5892,#4743,#5925,.T.);
#5925 = LINE('',#5926,#5927);
#5926 = CARTESIAN_POINT('',(-75.77839320538,-8.254516968008,
    -86.09589365045));
#5927 = VECTOR('',#5928,1.);
#5928 = DIRECTION('',(1.748855428372E-07,-3.578842868468E-07,-1.));
#5929 = CYLINDRICAL_SURFACE('',#5930,2.7);
#5930 = AXIS2_PLACEMENT_3D('',#5931,#5932,#5933);
#5931 = CARTESIAN_POINT('',(-73.44010544942,-6.904550164585,
    -86.09589372465));
#5932 = DIRECTION('',(1.748856303108E-07,-3.578844383586E-07,-1.));
#5933 = DIRECTION('',(-0.499992238581,0.866029884795,-3.973800767166E-07
    ));
#5934 = ADVANCED_FACE('',(#5935),#5962,.T.);
#5935 = FACE_BOUND('',#5936,.T.);
#5936 = EDGE_LOOP('',(#5937,#5945,#5946,#5947,#5948,#5956));
#5937 = ORIENTED_EDGE('',*,*,#5938,.T.);
#5938 = EDGE_CURVE('',#5939,#4648,#5941,.T.);
#5939 = VERTEX_POINT('',#5940);
#5940 = CARTESIAN_POINT('',(-71.10183248121,-5.554557541443,
    -82.35689379886));
#5941 = LINE('',#5942,#5943);
#5942 = CARTESIAN_POINT('',(-71.10183272263,-5.554557047384,
    -80.9763943096));
#5943 = VECTOR('',#5944,1.);
#5944 = DIRECTION('',(-1.748855788014E-07,3.578843670901E-07,1.));
#5945 = ORIENTED_EDGE('',*,*,#4664,.F.);
#5946 = ORIENTED_EDGE('',*,*,#4688,.F.);
#5947 = ORIENTED_EDGE('',*,*,#4728,.F.);
#5948 = ORIENTED_EDGE('',*,*,#5949,.F.);
#5949 = EDGE_CURVE('',#5950,#4720,#5952,.T.);
#5950 = VERTEX_POINT('',#5951);
#5951 = CARTESIAN_POINT('',(-73.35299307705,-1.655271607575,
    -82.35689558805));
#5952 = LINE('',#5953,#5954);
#5953 = CARTESIAN_POINT('',(-73.35299307705,-1.655271607575,
    -82.35689558805));
#5954 = VECTOR('',#5955,1.);
#5955 = DIRECTION('',(-1.748856041249E-07,3.578844109535E-07,1.));
#5956 = ORIENTED_EDGE('',*,*,#5957,.T.);
#5957 = EDGE_CURVE('',#5950,#5939,#5958,.T.);
#5958 = LINE('',#5959,#5960);
#5959 = CARTESIAN_POINT('',(-72.22740319644,-3.604931172901,
    -82.35689469344));
#5960 = VECTOR('',#5961,1.);
#5961 = DIRECTION('',(0.499984477121,-0.866034365737,3.97380324641E-07)
  );
#5962 = PLANE('',#5963);
#5963 = AXIS2_PLACEMENT_3D('',#5964,#5965,#5966);
#5964 = CARTESIAN_POINT('',(-73.35299307705,-1.655271607575,
    -82.35689558805));
#5965 = DIRECTION('',(-0.866034365737,-0.499984477121,2.747970683566E-08
    ));
#5966 = DIRECTION('',(0.499984477121,-0.866034365737,3.97380324641E-07)
  );
#5967 = ADVANCED_FACE('',(#5968),#6013,.F.);
#5968 = FACE_BOUND('',#5969,.F.);
#5969 = EDGE_LOOP('',(#5970,#5979,#5980,#5981,#5982,#5991,#5997,#5998,
    #6007));
#5970 = ORIENTED_EDGE('',*,*,#5971,.T.);
#5971 = EDGE_CURVE('',#5972,#4753,#5974,.T.);
#5972 = VERTEX_POINT('',#5973);
#5973 = CARTESIAN_POINT('',(-77.98677006552,-9.529495838268,
    -82.35689358036));
#5974 = CIRCLE('',#5975,5.25);
#5975 = AXIS2_PLACEMENT_3D('',#5976,#5977,#5978);
#5976 = CARTESIAN_POINT('',(-73.44010610332,-6.904548826455,
    -82.35689372465));
#5977 = DIRECTION('',(1.748856425837E-07,-3.578844331586E-07,-1.));
#5978 = DIRECTION('',(-0.500015522718,-0.866016441554,2.224882672991E-07
    ));
#5979 = ORIENTED_EDGE('',*,*,#4760,.T.);
#5980 = ORIENTED_EDGE('',*,*,#4719,.T.);
#5981 = ORIENTED_EDGE('',*,*,#5949,.F.);
#5982 = ORIENTED_EDGE('',*,*,#5983,.T.);
#5983 = EDGE_CURVE('',#5950,#5984,#5986,.T.);
#5984 = VERTEX_POINT('',#5985);
#5985 = CARTESIAN_POINT('',(-68.8934562752,-4.279577333189,
    -82.35689386894));
#5986 = CIRCLE('',#5987,5.25);
#5987 = AXIS2_PLACEMENT_3D('',#5988,#5989,#5990);
#5988 = CARTESIAN_POINT('',(-73.44010610332,-6.904548826455,
    -82.35689372465));
#5989 = DIRECTION('',(1.748856425837E-07,-3.578844331586E-07,-1.));
#5990 = DIRECTION('',(-0.500015522718,-0.866016441554,2.224882672991E-07
    ));
#5991 = ORIENTED_EDGE('',*,*,#5992,.F.);
#5992 = EDGE_CURVE('',#4840,#5984,#5993,.T.);
#5993 = LINE('',#5994,#5995);
#5994 = CARTESIAN_POINT('',(-68.8934556213,-4.279578671319,
    -86.09589386894));
#5995 = VECTOR('',#5996,1.);
#5996 = DIRECTION('',(-1.748855421085E-07,3.578842869896E-07,1.));
#5997 = ORIENTED_EDGE('',*,*,#4839,.T.);
#5998 = ORIENTED_EDGE('',*,*,#5999,.T.);
#5999 = EDGE_CURVE('',#4842,#6000,#6002,.T.);
#6000 = VERTEX_POINT('',#6001);
#6001 = CARTESIAN_POINT('',(-77.98676930669,-9.529497391129,
    -86.69589358036));
#6002 = CIRCLE('',#6003,5.25);
#6003 = AXIS2_PLACEMENT_3D('',#6004,#6005,#6006);
#6004 = CARTESIAN_POINT('',(-73.44010633791,-6.904548658593,
    -86.69589372465));
#6005 = DIRECTION('',(-1.748856425837E-07,3.578844331586E-07,1.));
#6006 = DIRECTION('',(-0.500015522718,-0.866016441554,2.224882672991E-07
    ));
#6007 = ORIENTED_EDGE('',*,*,#6008,.F.);
#6008 = EDGE_CURVE('',#5972,#6000,#6009,.T.);
#6009 = LINE('',#6010,#6011);
#6010 = CARTESIAN_POINT('',(-77.98676941162,-9.529497176398,
    -86.09589358036));
#6011 = VECTOR('',#6012,1.);
#6012 = DIRECTION('',(1.748855421085E-07,-3.578842869896E-07,-1.));
#6013 = CYLINDRICAL_SURFACE('',#6014,5.25);
#6014 = AXIS2_PLACEMENT_3D('',#6015,#6016,#6017);
#6015 = CARTESIAN_POINT('',(-73.44010544942,-6.904550164585,
    -86.09589372465));
#6016 = DIRECTION('',(-1.748856298228E-07,3.578844389183E-07,1.));
#6017 = DIRECTION('',(-0.499992238581,0.866029884795,-3.973800769573E-07
    ));
#6018 = ADVANCED_FACE('',(#6019),#6060,.F.);
#6019 = FACE_BOUND('',#6020,.T.);
#6020 = EDGE_LOOP('',(#6021,#6029,#6030,#6038,#6046,#6054));
#6021 = ORIENTED_EDGE('',*,*,#6022,.T.);
#6022 = EDGE_CURVE('',#6023,#4840,#6025,.T.);
#6023 = VERTEX_POINT('',#6024);
#6024 = CARTESIAN_POINT('',(-68.8934554461,-4.279579029025,
    -87.09589386894));
#6025 = LINE('',#6026,#6027);
#6026 = CARTESIAN_POINT('',(-68.89345569969,-4.279578510093,
    -85.64589437968));
#6027 = VECTOR('',#6028,1.);
#6028 = DIRECTION('',(-1.748855980311E-07,3.578843559881E-07,1.));
#6029 = ORIENTED_EDGE('',*,*,#4858,.T.);
#6030 = ORIENTED_EDGE('',*,*,#6031,.F.);
#6031 = EDGE_CURVE('',#6032,#4851,#6034,.T.);
#6032 = VERTEX_POINT('',#6033);
#6033 = CARTESIAN_POINT('',(-71.51836791256,0.267090942786,
    -86.89589595518));
#6034 = LINE('',#6035,#6036);
#6035 = CARTESIAN_POINT('',(-71.51836794754,0.267091014363,
    -86.69589595518));
#6036 = VECTOR('',#6037,1.);
#6037 = DIRECTION('',(-1.748856233546E-07,3.578843998514E-07,1.));
#6038 = ORIENTED_EDGE('',*,*,#6039,.F.);
#6039 = EDGE_CURVE('',#6040,#6032,#6042,.T.);
#6040 = VERTEX_POINT('',#6041);
#6041 = CARTESIAN_POINT('',(-72.51833686685,1.99915967433,
    -86.89589674994));
#6042 = LINE('',#6043,#6044);
#6043 = CARTESIAN_POINT('',(-70.52917542519,-1.446311627888,
    -86.89589516898));
#6044 = VECTOR('',#6045,1.);
#6045 = DIRECTION('',(0.499984477121,-0.866034365737,3.97380324641E-07)
  );
#6046 = ORIENTED_EDGE('',*,*,#6047,.T.);
#6047 = EDGE_CURVE('',#6040,#6048,#6050,.T.);
#6048 = VERTEX_POINT('',#6049);
#6049 = CARTESIAN_POINT('',(-72.51833683187,1.999159602753,
    -87.09589674994));
#6050 = LINE('',#6051,#6052);
#6051 = CARTESIAN_POINT('',(-72.51833503398,1.999156235762,
    -91.69589674994));
#6052 = VECTOR('',#6053,1.);
#6053 = DIRECTION('',(1.748856424165E-07,-3.57884432869E-07,-1.));
#6054 = ORIENTED_EDGE('',*,*,#6055,.T.);
#6055 = EDGE_CURVE('',#6048,#6023,#6056,.T.);
#6056 = LINE('',#6057,#6058);
#6057 = CARTESIAN_POINT('',(-64.84161674449,-11.29786003691,
    -87.0958906486));
#6058 = VECTOR('',#6059,1.);
#6059 = DIRECTION('',(0.499984477121,-0.866034365737,3.97380324641E-07)
  );
#6060 = PLANE('',#6061);
#6061 = AXIS2_PLACEMENT_3D('',#6062,#6063,#6064);
#6062 = CARTESIAN_POINT('',(-72.51833503398,1.999156235762,
    -91.69589674994));
#6063 = DIRECTION('',(0.866034365737,0.499984477121,-2.74796846312E-08)
  );
#6064 = DIRECTION('',(0.499984477121,-0.866034365737,3.97380324641E-07)
  );
#6065 = ADVANCED_FACE('',(#6066),#6077,.F.);
#6066 = FACE_BOUND('',#6067,.T.);
#6067 = EDGE_LOOP('',(#6068));
#6068 = ORIENTED_EDGE('',*,*,#6069,.T.);
#6069 = EDGE_CURVE('',#6070,#6070,#6072,.T.);
#6070 = VERTEX_POINT('',#6071);
#6071 = CARTESIAN_POINT('',(-100.605277522,8.249140442926,
    -119.0959038987));
#6072 = CIRCLE('',#6073,1.4);
#6073 = AXIS2_PLACEMENT_3D('',#6074,#6075,#6076);
#6074 = CARTESIAN_POINT('',(-99.90525579025,9.461563461101,
    -119.0959042102));
#6075 = DIRECTION('',(1.748855619275E-07,-3.578843203857E-07,-1.));
#6076 = DIRECTION('',(0.500015522718,0.866016441554,-2.224882099653E-07)
  );
#6077 = PLANE('',#6078);
#6078 = AXIS2_PLACEMENT_3D('',#6079,#6080,#6081);
#6079 = CARTESIAN_POINT('',(-99.90525579025,9.461563461101,
    -119.0959042102));
#6080 = DIRECTION('',(-1.748855619275E-07,3.578843203857E-07,1.));
#6081 = DIRECTION('',(0.500015522718,0.866016441554,-2.224882099653E-07)
  );
#6082 = ADVANCED_FACE('',(#6083),#6119,.T.);
#6083 = FACE_BOUND('',#6084,.T.);
#6084 = EDGE_LOOP('',(#6085,#6086,#6094,#6100,#6101,#6102,#6103,#6109,
    #6110,#6111,#6112,#6113));
#6085 = ORIENTED_EDGE('',*,*,#893,.F.);
#6086 = ORIENTED_EDGE('',*,*,#6087,.T.);
#6087 = EDGE_CURVE('',#886,#6088,#6090,.T.);
#6088 = VERTEX_POINT('',#6089);
#6089 = CARTESIAN_POINT('',(-88.17773480823,-9.306306870286,
    -103.6958954425));
#6090 = LINE('',#6091,#6092);
#6091 = CARTESIAN_POINT('',(-88.17772969995,-9.306299200772,
    -82.26531047107));
#6092 = VECTOR('',#6093,1.);
#6093 = DIRECTION('',(-2.383641343387E-07,-3.578770265598E-07,-1.));
#6094 = ORIENTED_EDGE('',*,*,#6095,.T.);
#6095 = EDGE_CURVE('',#6088,#4970,#6096,.T.);
#6096 = LINE('',#6097,#6098);
#6097 = CARTESIAN_POINT('',(-79.32996874471,-9.306465459271,
    -103.695893895));
#6098 = VECTOR('',#6099,1.);
#6099 = DIRECTION('',(0.999999999839,-1.792418374174E-05,
    1.74892057342E-07));
#6100 = ORIENTED_EDGE('',*,*,#4969,.T.);
#6101 = ORIENTED_EDGE('',*,*,#4961,.T.);
#6102 = ORIENTED_EDGE('',*,*,#4907,.T.);
#6103 = ORIENTED_EDGE('',*,*,#6104,.T.);
#6104 = EDGE_CURVE('',#4900,#4592,#6105,.T.);
#6105 = LINE('',#6106,#6107);
#6106 = CARTESIAN_POINT('',(-81.83130450363,-9.306416040052,
    -90.88489433256));
#6107 = VECTOR('',#6108,1.);
#6108 = DIRECTION('',(-1.748856426807E-07,3.578844337248E-07,1.));
#6109 = ORIENTED_EDGE('',*,*,#4783,.T.);
#6110 = ORIENTED_EDGE('',*,*,#4824,.T.);
#6111 = ORIENTED_EDGE('',*,*,#5728,.T.);
#6112 = ORIENTED_EDGE('',*,*,#1397,.F.);
#6113 = ORIENTED_EDGE('',*,*,#6114,.F.);
#6114 = EDGE_CURVE('',#870,#1398,#6115,.T.);
#6115 = LINE('',#6116,#6117);
#6116 = CARTESIAN_POINT('',(-86.71251735541,-9.306308582456,
    -35.09589518624));
#6117 = VECTOR('',#6118,1.);
#6118 = DIRECTION('',(-1.748854518095E-07,3.578844392797E-07,1.));
#6119 = PLANE('',#6120);
#6120 = AXIS2_PLACEMENT_3D('',#6121,#6122,#6123);
#6121 = CARTESIAN_POINT('',(-85.86831160446,-9.306343679995,
    -90.8848950386));
#6122 = DIRECTION('',(-1.792418380425E-05,-0.999999999839,
    3.578812989849E-07));
#6123 = DIRECTION('',(0.999999999839,-1.792418374166E-05,
    1.74892057342E-07));
#6124 = ADVANCED_FACE('',(#6125),#6137,.F.);
#6125 = FACE_BOUND('',#6126,.T.);
#6126 = EDGE_LOOP('',(#6127,#6128,#6134,#6135,#6136));
#6127 = ORIENTED_EDGE('',*,*,#2799,.F.);
#6128 = ORIENTED_EDGE('',*,*,#6129,.F.);
#6129 = EDGE_CURVE('',#1093,#2722,#6130,.T.);
#6130 = LINE('',#6131,#6132);
#6131 = CARTESIAN_POINT('',(-96.72188019287,8.031137642602,
    -35.09590314154));
#6132 = VECTOR('',#6133,1.);
#6133 = DIRECTION('',(-1.748854518095E-07,3.578844392797E-07,1.));
#6134 = ORIENTED_EDGE('',*,*,#1092,.T.);
#6135 = ORIENTED_EDGE('',*,*,#867,.T.);
#6136 = ORIENTED_EDGE('',*,*,#6114,.T.);
#6137 = PLANE('',#6138);
#6138 = AXIS2_PLACEMENT_3D('',#6139,#6140,#6141);
#6139 = CARTESIAN_POINT('',(-86.71251735541,-9.306308582456,
    -35.09589518624));
#6140 = DIRECTION('',(0.866034423102,0.499984377758,-2.747980731572E-08)
  );
#6141 = DIRECTION('',(-0.499984377758,0.866034423102,-3.973802380493E-07
    ));
#6142 = ADVANCED_FACE('',(#6143),#6154,.T.);
#6143 = FACE_BOUND('',#6144,.T.);
#6144 = EDGE_LOOP('',(#6145,#6146,#6152,#6153));
#6145 = ORIENTED_EDGE('',*,*,#2755,.F.);
#6146 = ORIENTED_EDGE('',*,*,#6147,.F.);
#6147 = EDGE_CURVE('',#1101,#2748,#6148,.T.);
#6148 = LINE('',#6149,#6150);
#6149 = CARTESIAN_POINT('',(-96.63938103847,12.482073413832,
    -35.09590472003));
#6150 = VECTOR('',#6151,1.);
#6151 = DIRECTION('',(-1.748854518095E-07,3.578844392797E-07,1.));
#6152 = ORIENTED_EDGE('',*,*,#1100,.T.);
#6153 = ORIENTED_EDGE('',*,*,#6129,.T.);
#6154 = CYLINDRICAL_SURFACE('',#6155,4.599999903118);
#6155 = AXIS2_PLACEMENT_3D('',#6156,#6157,#6158);
#6156 = CARTESIAN_POINT('',(-92.65570549123,10.182002057774,
    -35.09590320018));
#6157 = DIRECTION('',(1.748854518095E-07,-3.578844392797E-07,-1.));
#6158 = DIRECTION('',(-0.88395113543,-0.467579287579,1.27491574568E-08)
  );
#6159 = ADVANCED_FACE('',(#6160),#6166,.F.);
#6160 = FACE_BOUND('',#6161,.T.);
#6161 = EDGE_LOOP('',(#6162,#6163,#6164,#6165));
#6162 = ORIENTED_EDGE('',*,*,#1491,.F.);
#6163 = ORIENTED_EDGE('',*,*,#1109,.T.);
#6164 = ORIENTED_EDGE('',*,*,#6147,.T.);
#6165 = ORIENTED_EDGE('',*,*,#2778,.F.);
#6166 = PLANE('',#6167);
#6167 = AXIS2_PLACEMENT_3D('',#6168,#6169,#6170);
#6168 = CARTESIAN_POINT('',(-96.63938103847,12.482073413832,
    -35.09590472003));
#6169 = DIRECTION('',(0.866016441554,-0.500015522718,3.304014516346E-07)
  );
#6170 = DIRECTION('',(0.500015522718,0.866016441554,-2.224883650752E-07)
  );
#6171 = ADVANCED_FACE('',(#6172),#6206,.T.);
#6172 = FACE_BOUND('',#6173,.T.);
#6173 = EDGE_LOOP('',(#6174,#6184,#6192,#6200));
#6174 = ORIENTED_EDGE('',*,*,#6175,.T.);
#6175 = EDGE_CURVE('',#6176,#6178,#6180,.T.);
#6176 = VERTEX_POINT('',#6177);
#6177 = CARTESIAN_POINT('',(-67.60807240374,-3.306597074128,
    -115.0958939923));
#6178 = VERTEX_POINT('',#6179);
#6179 = CARTESIAN_POINT('',(-71.40803419084,-1.112597434652,
    -115.0958954421));
#6180 = LINE('',#6181,#6182);
#6181 = CARTESIAN_POINT('',(-68.89799109515,-2.56183138898,
    -115.0958944844));
#6182 = VECTOR('',#6183,1.);
#6183 = DIRECTION('',(-0.866016455084,0.500015499283,-3.304016077669E-07
    ));
#6184 = ORIENTED_EDGE('',*,*,#6185,.T.);
#6185 = EDGE_CURVE('',#6178,#6186,#6188,.T.);
#6186 = VERTEX_POINT('',#6187);
#6187 = CARTESIAN_POINT('',(-71.40803338637,-1.112599080921,
    -119.6958954421));
#6188 = LINE('',#6189,#6190);
#6189 = CARTESIAN_POINT('',(-71.4080342608,-1.112597291498,
    -114.6958954421));
#6190 = VECTOR('',#6191,1.);
#6191 = DIRECTION('',(1.748856410454E-07,-3.578844322704E-07,-1.));
#6192 = ORIENTED_EDGE('',*,*,#6193,.F.);
#6193 = EDGE_CURVE('',#6194,#6186,#6196,.T.);
#6194 = VERTEX_POINT('',#6195);
#6195 = CARTESIAN_POINT('',(-67.60807159926,-3.306598720397,
    -119.6958939923));
#6196 = LINE('',#6197,#6198);
#6197 = CARTESIAN_POINT('',(-71.60803102957,-0.997125615223,
    -119.6958955184));
#6198 = VECTOR('',#6199,1.);
#6199 = DIRECTION('',(-0.866016455084,0.500015499283,-3.304016078459E-07
    ));
#6200 = ORIENTED_EDGE('',*,*,#6201,.T.);
#6201 = EDGE_CURVE('',#6194,#6176,#6202,.T.);
#6202 = LINE('',#6203,#6204);
#6203 = CARTESIAN_POINT('',(-67.60807247369,-3.306596930975,
    -114.6958939923));
#6204 = VECTOR('',#6205,1.);
#6205 = DIRECTION('',(-1.748856410454E-07,3.578844322704E-07,1.));
#6206 = PLANE('',#6207);
#6207 = AXIS2_PLACEMENT_3D('',#6208,#6209,#6210);
#6208 = CARTESIAN_POINT('',(-69.50805366274,-2.209596940625,
    -114.6958947172));
#6209 = DIRECTION('',(-0.500015499283,-0.866016455084,2.2248827624E-07)
  );
#6210 = DIRECTION('',(-0.866016455084,0.500015499283,-3.304016078459E-07
    ));
#6211 = ADVANCED_FACE('',(#6212),#6239,.F.);
#6212 = FACE_BOUND('',#6213,.F.);
#6213 = EDGE_LOOP('',(#6214,#6215,#6224,#6232));
#6214 = ORIENTED_EDGE('',*,*,#6185,.T.);
#6215 = ORIENTED_EDGE('',*,*,#6216,.F.);
#6216 = EDGE_CURVE('',#6217,#6186,#6219,.T.);
#6217 = VERTEX_POINT('',#6218);
#6218 = CARTESIAN_POINT('',(-71.80803339823,-1.112591928954,
    -119.695895512));
#6219 = CIRCLE('',#6220,0.4);
#6220 = AXIS2_PLACEMENT_3D('',#6221,#6222,#6223);
#6221 = CARTESIAN_POINT('',(-71.60803958608,-1.459005662954,
    -119.6958953531));
#6222 = DIRECTION('',(1.748856410454E-07,-3.578844322704E-07,-1.));
#6223 = DIRECTION('',(1.787991563358E-05,0.99999999984,
    -3.578813052727E-07));
#6224 = ORIENTED_EDGE('',*,*,#6225,.T.);
#6225 = EDGE_CURVE('',#6217,#6226,#6228,.T.);
#6226 = VERTEX_POINT('',#6227);
#6227 = CARTESIAN_POINT('',(-71.8080342027,-1.112590282686,
    -115.095895512));
#6228 = LINE('',#6229,#6230);
#6229 = CARTESIAN_POINT('',(-71.80803427266,-1.112590139532,
    -114.695895512));
#6230 = VECTOR('',#6231,1.);
#6231 = DIRECTION('',(-1.748856410454E-07,3.578844322704E-07,1.));
#6232 = ORIENTED_EDGE('',*,*,#6233,.F.);
#6233 = EDGE_CURVE('',#6178,#6226,#6234,.T.);
#6234 = CIRCLE('',#6235,0.4);
#6235 = AXIS2_PLACEMENT_3D('',#6236,#6237,#6238);
#6236 = CARTESIAN_POINT('',(-71.60804039056,-1.459004016686,
    -115.0958953531));
#6237 = DIRECTION('',(-1.748856425837E-07,3.578844331586E-07,1.));
#6238 = DIRECTION('',(1.787991563358E-05,0.99999999984,
    -3.578813061609E-07));
#6239 = CYLINDRICAL_SURFACE('',#6240,0.4);
#6240 = AXIS2_PLACEMENT_3D('',#6241,#6242,#6243);
#6241 = CARTESIAN_POINT('',(-71.60804046051,-1.459003873532,
    -114.6958953531));
#6242 = DIRECTION('',(-1.748856410454E-07,3.578844322704E-07,1.));
#6243 = DIRECTION('',(1.787991563358E-05,0.99999999984,
    -3.578813052727E-07));
#6244 = ADVANCED_FACE('',(#6245),#6270,.T.);
#6245 = FACE_BOUND('',#6246,.T.);
#6246 = EDGE_LOOP('',(#6247,#6255,#6263,#6269));
#6247 = ORIENTED_EDGE('',*,*,#6248,.T.);
#6248 = EDGE_CURVE('',#6226,#6249,#6251,.T.);
#6249 = VERTEX_POINT('',#6250);
#6250 = CARTESIAN_POINT('',(-75.60807325682,-3.306453349128,
    -115.0958953915));
#6251 = LINE('',#6252,#6253);
#6252 = CARTESIAN_POINT('',(-72.8521390157,-1.715379610404,
    -115.0958954789));
#6253 = VECTOR('',#6254,1.);
#6254 = DIRECTION('',(-0.866034335001,-0.499984530361,2.747970906009E-08
    ));
#6255 = ORIENTED_EDGE('',*,*,#6256,.T.);
#6256 = EDGE_CURVE('',#6249,#6257,#6259,.T.);
#6257 = VERTEX_POINT('',#6258);
#6258 = CARTESIAN_POINT('',(-75.60807245235,-3.306454995396,
    -119.6958953915));
#6259 = LINE('',#6260,#6261);
#6260 = CARTESIAN_POINT('',(-75.60807332678,-3.306453205974,
    -114.6958953915));
#6261 = VECTOR('',#6262,1.);
#6262 = DIRECTION('',(1.748856410454E-07,-3.578844322704E-07,-1.));
#6263 = ORIENTED_EDGE('',*,*,#6264,.F.);
#6264 = EDGE_CURVE('',#6217,#6257,#6265,.T.);
#6265 = LINE('',#6266,#6267);
#6266 = CARTESIAN_POINT('',(-73.70805283395,-2.209523409442,
    -119.6958954517));
#6267 = VECTOR('',#6268,1.);
#6268 = DIRECTION('',(-0.866034335001,-0.499984530361,2.747970888046E-08
    ));
#6269 = ORIENTED_EDGE('',*,*,#6225,.T.);
#6270 = PLANE('',#6271);
#6271 = AXIS2_PLACEMENT_3D('',#6272,#6273,#6274);
#6272 = CARTESIAN_POINT('',(-73.70805370838,-2.20952162002,
    -114.6958954517));
#6273 = DIRECTION('',(0.499984530361,-0.866034335001,3.973803214133E-07)
  );
#6274 = DIRECTION('',(-0.866034335001,-0.499984530361,2.747970888046E-08
    ));
#6275 = ADVANCED_FACE('',(#6276),#6303,.F.);
#6276 = FACE_BOUND('',#6277,.F.);
#6277 = EDGE_LOOP('',(#6278,#6279,#6288,#6296));
#6278 = ORIENTED_EDGE('',*,*,#6256,.T.);
#6279 = ORIENTED_EDGE('',*,*,#6280,.F.);
#6280 = EDGE_CURVE('',#6281,#6257,#6283,.T.);
#6281 = VERTEX_POINT('',#6282);
#6282 = CARTESIAN_POINT('',(-75.80807864014,-3.652861545967,
    -119.6958953025));
#6283 = CIRCLE('',#6284,0.4);
#6284 = AXIS2_PLACEMENT_3D('',#6285,#6286,#6287);
#6285 = CARTESIAN_POINT('',(-75.40807864021,-3.652868729396,
    -119.6958952325));
#6286 = DIRECTION('',(1.748856410454E-07,-3.578844322704E-07,-1.));
#6287 = DIRECTION('',(-0.866016448325,0.50001551099,-3.304016089983E-07)
  );
#6288 = ORIENTED_EDGE('',*,*,#6289,.T.);
#6289 = EDGE_CURVE('',#6281,#6290,#6292,.T.);
#6290 = VERTEX_POINT('',#6291);
#6291 = CARTESIAN_POINT('',(-75.80807944462,-3.652859899698,
    -115.0958953025));
#6292 = LINE('',#6293,#6294);
#6293 = CARTESIAN_POINT('',(-75.80807951457,-3.652859756544,
    -114.6958953025));
#6294 = VECTOR('',#6295,1.);
#6295 = DIRECTION('',(-1.748856410454E-07,3.578844322704E-07,1.));
#6296 = ORIENTED_EDGE('',*,*,#6297,.F.);
#6297 = EDGE_CURVE('',#6249,#6290,#6298,.T.);
#6298 = CIRCLE('',#6299,0.4);
#6299 = AXIS2_PLACEMENT_3D('',#6300,#6301,#6302);
#6300 = CARTESIAN_POINT('',(-75.40807944468,-3.652867083128,
    -115.0958952325));
#6301 = DIRECTION('',(-1.748856425837E-07,3.578844331586E-07,1.));
#6302 = DIRECTION('',(-0.866016448325,0.50001551099,-3.304016107746E-07)
  );
#6303 = CYLINDRICAL_SURFACE('',#6304,0.4);
#6304 = AXIS2_PLACEMENT_3D('',#6305,#6306,#6307);
#6305 = CARTESIAN_POINT('',(-75.40807951463,-3.652866939974,
    -114.6958952325));
#6306 = DIRECTION('',(-1.748856410454E-07,3.578844322704E-07,1.));
#6307 = DIRECTION('',(-0.866016448325,0.50001551099,-3.304016089983E-07)
  );
#6308 = ADVANCED_FACE('',(#6309),#6334,.T.);
#6309 = FACE_BOUND('',#6310,.T.);
#6310 = EDGE_LOOP('',(#6311,#6319,#6327,#6333));
#6311 = ORIENTED_EDGE('',*,*,#6312,.T.);
#6312 = EDGE_CURVE('',#6290,#6313,#6315,.T.);
#6313 = VERTEX_POINT('',#6314);
#6314 = CARTESIAN_POINT('',(-75.80815824436,-8.040721857709,
    -115.0958937321));
#6315 = LINE('',#6316,#6317);
#6316 = CARTESIAN_POINT('',(-75.808091973,-4.35048702489,-115.0958950528
    ));
#6317 = VECTOR('',#6318,1.);
#6318 = DIRECTION('',(-1.795857399167E-05,-0.999999999839,
    3.578812924042E-07));
#6319 = ORIENTED_EDGE('',*,*,#6320,.T.);
#6320 = EDGE_CURVE('',#6313,#6321,#6323,.T.);
#6321 = VERTEX_POINT('',#6322);
#6322 = CARTESIAN_POINT('',(-75.80815743989,-8.040723503977,
    -119.6958937321));
#6323 = LINE('',#6324,#6325);
#6324 = CARTESIAN_POINT('',(-75.80815831431,-8.040721714555,
    -114.6958937321));
#6325 = VECTOR('',#6326,1.);
#6326 = DIRECTION('',(1.748856410454E-07,-3.578844322704E-07,-1.));
#6327 = ORIENTED_EDGE('',*,*,#6328,.F.);
#6328 = EDGE_CURVE('',#6281,#6321,#6329,.T.);
#6329 = LINE('',#6330,#6331);
#6330 = CARTESIAN_POINT('',(-75.80807449279,-3.421921463892,
    -119.6958953851));
#6331 = VECTOR('',#6332,1.);
#6332 = DIRECTION('',(-1.795857399178E-05,-0.999999999839,
    3.578812924649E-07));
#6333 = ORIENTED_EDGE('',*,*,#6289,.T.);
#6334 = PLANE('',#6335);
#6335 = AXIS2_PLACEMENT_3D('',#6336,#6337,#6338);
#6336 = CARTESIAN_POINT('',(-75.80807536722,-3.42191967447,
    -114.6958953851));
#6337 = DIRECTION('',(0.999999999839,-1.795857392921E-05,
    1.748920681112E-07));
#6338 = DIRECTION('',(-1.79585739918E-05,-0.999999999839,
    3.578812924649E-07));
#6339 = ADVANCED_FACE('',(#6340),#6365,.F.);
#6340 = FACE_BOUND('',#6341,.T.);
#6341 = EDGE_LOOP('',(#6342,#6350,#6351,#6359));
#6342 = ORIENTED_EDGE('',*,*,#6343,.F.);
#6343 = EDGE_CURVE('',#6313,#6344,#6346,.T.);
#6344 = VERTEX_POINT('',#6345);
#6345 = CARTESIAN_POINT('',(-76.20815831425,-8.040714531125,
    -114.6958938021));
#6346 = LINE('',#6347,#6348);
#6347 = CARTESIAN_POINT('',(-75.80815824436,-8.040721857709,
    -115.0958937321));
#6348 = VECTOR('',#6349,1.);
#6349 = DIRECTION('',(-0.707106904735,1.295169192091E-05,0.707106657519)
  );
#6350 = ORIENTED_EDGE('',*,*,#6312,.F.);
#6351 = ORIENTED_EDGE('',*,*,#6352,.T.);
#6352 = EDGE_CURVE('',#6290,#6353,#6355,.T.);
#6353 = VERTEX_POINT('',#6354);
#6354 = CARTESIAN_POINT('',(-76.20807951451,-3.652852573115,
    -114.6958953724));
#6355 = LINE('',#6356,#6357);
#6356 = CARTESIAN_POINT('',(-75.80807944462,-3.652859899698,
    -115.0958953025));
#6357 = VECTOR('',#6358,1.);
#6358 = DIRECTION('',(-0.707106904735,1.295169192391E-05,0.707106657519)
  );
#6359 = ORIENTED_EDGE('',*,*,#6360,.F.);
#6360 = EDGE_CURVE('',#6344,#6353,#6361,.T.);
#6361 = LINE('',#6362,#6363);
#6362 = CARTESIAN_POINT('',(-76.20809204289,-4.350479698307,
    -114.6958951227));
#6363 = VECTOR('',#6364,1.);
#6364 = DIRECTION('',(1.795857399173E-05,0.999999999839,
    -3.578812924042E-07));
#6365 = PLANE('',#6366);
#6366 = AXIS2_PLACEMENT_3D('',#6367,#6368,#6369);
#6367 = CARTESIAN_POINT('',(-76.00809200795,-4.350483361598,
    -114.8958950878));
#6368 = DIRECTION('',(-0.70710665741,1.244556689619E-05,-0.707106904854)
  );
#6369 = DIRECTION('',(0.447227673864,0.774588374313,-0.447213884075));
#6370 = ADVANCED_FACE('',(#6371),#6390,.F.);
#6371 = FACE_BOUND('',#6372,.F.);
#6372 = EDGE_LOOP('',(#6373,#6374,#6375,#6384));
#6373 = ORIENTED_EDGE('',*,*,#6297,.T.);
#6374 = ORIENTED_EDGE('',*,*,#6352,.T.);
#6375 = ORIENTED_EDGE('',*,*,#6376,.T.);
#6376 = EDGE_CURVE('',#6353,#6377,#6379,.T.);
#6377 = VERTEX_POINT('',#6378);
#6378 = CARTESIAN_POINT('',(-75.80806713892,-2.960039471974,
    -114.6958955504));
#6379 = CIRCLE('',#6380,0.8);
#6380 = AXIS2_PLACEMENT_3D('',#6381,#6382,#6383);
#6381 = CARTESIAN_POINT('',(-75.40807951463,-3.652866939974,
    -114.6958952325));
#6382 = DIRECTION('',(1.748856425837E-07,-3.578844331586E-07,-1.));
#6383 = DIRECTION('',(-0.866016448325,0.50001551099,-3.304016107746E-07)
  );
#6384 = ORIENTED_EDGE('',*,*,#6385,.F.);
#6385 = EDGE_CURVE('',#6249,#6377,#6386,.T.);
#6386 = LINE('',#6387,#6388);
#6387 = CARTESIAN_POINT('',(-75.60807325682,-3.306453349128,
    -115.0958953915));
#6388 = VECTOR('',#6389,1.);
#6389 = DIRECTION('',(-0.353542575569,0.612379004082,0.707106500196));
#6390 = CONICAL_SURFACE('',#6391,0.6,0.785398163397);
#6391 = AXIS2_PLACEMENT_3D('',#6392,#6393,#6394);
#6392 = CARTESIAN_POINT('',(-75.40807947966,-3.652867011551,
    -114.8958952325));
#6393 = DIRECTION('',(-1.748856419971E-07,3.578844362742E-07,1.));
#6394 = DIRECTION('',(-0.866016448325,0.50001551099,-3.304016118244E-07)
  );
#6395 = ADVANCED_FACE('',(#6396),#6414,.F.);
#6396 = FACE_BOUND('',#6397,.T.);
#6397 = EDGE_LOOP('',(#6398,#6399,#6400,#6408));
#6398 = ORIENTED_EDGE('',*,*,#6385,.F.);
#6399 = ORIENTED_EDGE('',*,*,#6248,.F.);
#6400 = ORIENTED_EDGE('',*,*,#6401,.T.);
#6401 = EDGE_CURVE('',#6226,#6402,#6404,.T.);
#6402 = VERTEX_POINT('',#6403);
#6403 = CARTESIAN_POINT('',(-72.0080280848,-0.766176405532,
    -114.695895671));
#6404 = LINE('',#6405,#6406);
#6405 = CARTESIAN_POINT('',(-71.8080342027,-1.112590282686,
    -115.095895512));
#6406 = VECTOR('',#6407,1.);
#6407 = DIRECTION('',(-0.353542575569,0.612379004082,0.707106500196));
#6408 = ORIENTED_EDGE('',*,*,#6409,.F.);
#6409 = EDGE_CURVE('',#6377,#6402,#6410,.T.);
#6410 = LINE('',#6411,#6412);
#6411 = CARTESIAN_POINT('',(-73.0521328978,-1.36896573325,
    -114.6958956379));
#6412 = VECTOR('',#6413,1.);
#6413 = DIRECTION('',(0.866034335001,0.499984530361,-2.747970906009E-08)
  );
#6414 = PLANE('',#6415);
#6415 = AXIS2_PLACEMENT_3D('',#6416,#6417,#6418);
#6416 = CARTESIAN_POINT('',(-72.95213595675,-1.542172671827,
    -114.8958955584));
#6417 = DIRECTION('',(-0.353542328244,0.612378497957,-0.707107062177));
#6418 = DIRECTION('',(0.447227244425,0.774588861738,0.447213469292));
#6419 = ADVANCED_FACE('',(#6420),#6439,.F.);
#6420 = FACE_BOUND('',#6421,.F.);
#6421 = EDGE_LOOP('',(#6422,#6423,#6424,#6433));
#6422 = ORIENTED_EDGE('',*,*,#6233,.T.);
#6423 = ORIENTED_EDGE('',*,*,#6401,.T.);
#6424 = ORIENTED_EDGE('',*,*,#6425,.T.);
#6425 = EDGE_CURVE('',#6402,#6426,#6428,.T.);
#6426 = VERTEX_POINT('',#6427);
#6427 = CARTESIAN_POINT('',(-71.20802806109,-0.766190709465,
    -114.6958955311));
#6428 = CIRCLE('',#6429,0.8);
#6429 = AXIS2_PLACEMENT_3D('',#6430,#6431,#6432);
#6430 = CARTESIAN_POINT('',(-71.60804046051,-1.459003873532,
    -114.6958953531));
#6431 = DIRECTION('',(1.748856425837E-07,-3.578844331586E-07,-1.));
#6432 = DIRECTION('',(1.787991563358E-05,0.99999999984,
    -3.578813061609E-07));
#6433 = ORIENTED_EDGE('',*,*,#6434,.F.);
#6434 = EDGE_CURVE('',#6178,#6426,#6435,.T.);
#6435 = LINE('',#6436,#6437);
#6436 = CARTESIAN_POINT('',(-71.40803419084,-1.112597434652,
    -115.0958954421));
#6437 = VECTOR('',#6438,1.);
#6438 = DIRECTION('',(0.353564226578,0.612366361072,0.707106623864));
#6439 = CONICAL_SURFACE('',#6440,0.6,0.785398163397);
#6440 = AXIS2_PLACEMENT_3D('',#6441,#6442,#6443);
#6441 = CARTESIAN_POINT('',(-71.60804042553,-1.459003945109,
    -114.8958953531));
#6442 = DIRECTION('',(-1.748856419971E-07,3.578844362742E-07,1.));
#6443 = DIRECTION('',(1.787991563358E-05,0.99999999984,
    -3.578813092764E-07));
#6444 = ADVANCED_FACE('',(#6445),#6463,.F.);
#6445 = FACE_BOUND('',#6446,.T.);
#6446 = EDGE_LOOP('',(#6447,#6448,#6449,#6457));
#6447 = ORIENTED_EDGE('',*,*,#6434,.F.);
#6448 = ORIENTED_EDGE('',*,*,#6175,.F.);
#6449 = ORIENTED_EDGE('',*,*,#6450,.T.);
#6450 = EDGE_CURVE('',#6176,#6451,#6453,.T.);
#6451 = VERTEX_POINT('',#6452);
#6452 = CARTESIAN_POINT('',(-67.40806627398,-2.960190348941,
    -114.6958940813));
#6453 = LINE('',#6454,#6455);
#6454 = CARTESIAN_POINT('',(-67.60807240374,-3.306597074128,
    -115.0958939923));
#6455 = VECTOR('',#6456,1.);
#6456 = DIRECTION('',(0.353564226578,0.612366361072,0.707106623864));
#6457 = ORIENTED_EDGE('',*,*,#6458,.F.);
#6458 = EDGE_CURVE('',#6426,#6451,#6459,.T.);
#6459 = LINE('',#6460,#6461);
#6460 = CARTESIAN_POINT('',(-68.69798496539,-2.215424663793,
    -114.6958945734));
#6461 = VECTOR('',#6462,1.);
#6462 = DIRECTION('',(0.866016455084,-0.500015499283,3.304016077669E-07)
  );
#6463 = PLANE('',#6464);
#6464 = AXIS2_PLACEMENT_3D('',#6465,#6466,#6467);
#6465 = CARTESIAN_POINT('',(-68.79798803027,-2.388628026386,
    -114.8958945289));
#6466 = DIRECTION('',(0.353564473904,0.612365854947,-0.707106938509));
#6467 = DIRECTION('',(0.353564023993,0.612366478039,0.707106623863));
#6468 = ADVANCED_FACE('',(#6469),#6511,.F.);
#6469 = FACE_BOUND('',#6470,.T.);
#6470 = EDGE_LOOP('',(#6471,#6481,#6489,#6497,#6505));
#6471 = ORIENTED_EDGE('',*,*,#6472,.F.);
#6472 = EDGE_CURVE('',#6473,#6475,#6477,.T.);
#6473 = VERTEX_POINT('',#6474);
#6474 = CARTESIAN_POINT('',(-67.2576277175,4.805414784202,
    -114.4958968342));
#6475 = VERTEX_POINT('',#6476);
#6476 = CARTESIAN_POINT('',(-66.98442481014,4.732206287193,
    -114.6958967602));
#6477 = LINE('',#6478,#6479);
#6478 = CARTESIAN_POINT('',(-66.12239674263,4.501213945967,
    -115.3269498899));
#6479 = VECTOR('',#6480,1.);
#6480 = DIRECTION('',(0.788671216602,-0.211335358612,-0.577351780376));
#6481 = ORIENTED_EDGE('',*,*,#6482,.F.);
#6482 = EDGE_CURVE('',#6483,#6473,#6485,.T.);
#6483 = VERTEX_POINT('',#6484);
#6484 = CARTESIAN_POINT('',(-67.18441867093,5.078620176664,
    -114.2958969192));
#6485 = LINE('',#6486,#6487);
#6486 = CARTESIAN_POINT('',(-65.64756081883,10.813947603436,
    -110.0973524186));
#6487 = VECTOR('',#6488,1.);
#6488 = DIRECTION('',(-0.211335682353,-0.788673678307,-0.577348299132));
#6489 = ORIENTED_EDGE('',*,*,#6490,.F.);
#6490 = EDGE_CURVE('',#6491,#6483,#6493,.T.);
#6491 = VERTEX_POINT('',#6492);
#6492 = CARTESIAN_POINT('',(-77.06504429972,-0.625843622393,
    -114.2958966056));
#6493 = LINE('',#6494,#6495);
#6494 = CARTESIAN_POINT('',(-70.17962163492,3.349374729988,
    -114.2958968241));
#6495 = VECTOR('',#6496,1.);
#6496 = DIRECTION('',(0.866029884796,0.499992238581,-2.748324598902E-08)
  );
#6497 = ORIENTED_EDGE('',*,*,#6498,.F.);
#6498 = EDGE_CURVE('',#6499,#6491,#6501,.T.);
#6499 = VERTEX_POINT('',#6500);
#6500 = CARTESIAN_POINT('',(-76.86504733434,-0.972255719465,
    -114.6958964467));
#6501 = LINE('',#6502,#6503);
#6502 = CARTESIAN_POINT('',(-76.86504733434,-0.972255719465,
    -114.6958964467));
#6503 = VECTOR('',#6504,1.);
#6504 = DIRECTION('',(-0.353548026104,0.612375857312,0.707106500196));
#6505 = ORIENTED_EDGE('',*,*,#6506,.F.);
#6506 = EDGE_CURVE('',#6475,#6499,#6507,.T.);
#6507 = LINE('',#6508,#6509);
#6508 = CARTESIAN_POINT('',(-69.97962466953,3.002962632916,
    -114.6958966652));
#6509 = VECTOR('',#6510,1.);
#6510 = DIRECTION('',(-0.866029884796,-0.499992238581,2.748324598902E-08
    ));
#6511 = PLANE('',#6512);
#6512 = AXIS2_PLACEMENT_3D('',#6513,#6514,#6515);
#6513 = CARTESIAN_POINT('',(-70.07962315223,3.176168681452,
    -114.4958967446));
#6514 = DIRECTION('',(-0.353547778778,0.612375351187,-0.707107062177));
#6515 = DIRECTION('',(0.447228623347,0.774591249996,0.447207953741));
#6516 = ADVANCED_FACE('',(#6517),#6557,.T.);
#6517 = FACE_BOUND('',#6518,.T.);
#6518 = EDGE_LOOP('',(#6519,#6529,#6535,#6536,#6544,#6550,#6551));
#6519 = ORIENTED_EDGE('',*,*,#6520,.F.);
#6520 = EDGE_CURVE('',#6521,#6523,#6525,.T.);
#6521 = VERTEX_POINT('',#6522);
#6522 = CARTESIAN_POINT('',(-69.78251407575,3.578654916032,
    -87.09589683676));
#6523 = VERTEX_POINT('',#6524);
#6524 = CARTESIAN_POINT('',(-67.1844249459,5.078632705496,-84.0958969192
    ));
#6525 = LINE('',#6526,#6527);
#6526 = CARTESIAN_POINT('',(-68.13707246061,4.528632285251,
    -85.19591401744));
#6527 = VECTOR('',#6528,1.);
#6528 = DIRECTION('',(0.612375480599,0.353548155511,0.707106761739));
#6529 = ORIENTED_EDGE('',*,*,#6530,.F.);
#6530 = EDGE_CURVE('',#6048,#6521,#6531,.T.);
#6531 = LINE('',#6532,#6533);
#6532 = CARTESIAN_POINT('',(-71.34672440965,2.675576350047,
    -87.09589678712));
#6533 = VECTOR('',#6534,1.);
#6534 = DIRECTION('',(0.866029884796,0.499992238581,-2.748324598902E-08)
  );
#6535 = ORIENTED_EDGE('',*,*,#6047,.F.);
#6536 = ORIENTED_EDGE('',*,*,#6537,.F.);
#6537 = EDGE_CURVE('',#6538,#6040,#6540,.T.);
#6538 = VERTEX_POINT('',#6539);
#6539 = CARTESIAN_POINT('',(-77.06505008501,-0.625832095637,
    -86.89589660565));
#6540 = LINE('',#6541,#6542);
#6541 = CARTESIAN_POINT('',(-71.34672444463,2.675576421624,
    -86.89589678712));
#6542 = VECTOR('',#6543,1.);
#6543 = DIRECTION('',(0.866029884796,0.499992238581,-2.748324598902E-08)
  );
#6544 = ORIENTED_EDGE('',*,*,#6545,.T.);
#6545 = EDGE_CURVE('',#6538,#6491,#6546,.T.);
#6546 = LINE('',#6547,#6548);
#6547 = CARTESIAN_POINT('',(-77.06504825214,-0.625835534205,
    -91.69589660565));
#6548 = VECTOR('',#6549,1.);
#6549 = DIRECTION('',(1.748856422493E-07,-3.578844329655E-07,-1.));
#6550 = ORIENTED_EDGE('',*,*,#6490,.T.);
#6551 = ORIENTED_EDGE('',*,*,#6552,.T.);
#6552 = EDGE_CURVE('',#6483,#6523,#6553,.T.);
#6553 = LINE('',#6554,#6555);
#6554 = CARTESIAN_POINT('',(-67.18442368141,5.078630430053,
    -85.64589670958));
#6555 = VECTOR('',#6556,1.);
#6556 = DIRECTION('',(-1.748856296178E-07,3.578844402582E-07,1.));
#6557 = PLANE('',#6558);
#6558 = AXIS2_PLACEMENT_3D('',#6559,#6560,#6561);
#6559 = CARTESIAN_POINT('',(-66.83801066943,5.278625160285,
    -91.6958969302));
#6560 = DIRECTION('',(0.499992238581,-0.866029884795,3.973800780151E-07)
  );
#6561 = DIRECTION('',(-0.866029884796,-0.499992238581,2.748324598902E-08
    ));
#6562 = ADVANCED_FACE('',(#6563),#6582,.F.);
#6563 = FACE_BOUND('',#6564,.T.);
#6564 = EDGE_LOOP('',(#6565,#6573,#6580,#6581));
#6565 = ORIENTED_EDGE('',*,*,#6566,.F.);
#6566 = EDGE_CURVE('',#6567,#6032,#6569,.T.);
#6567 = VERTEX_POINT('',#6568);
#6568 = CARTESIAN_POINT('',(-80.39521318546,-4.857851992153,
    -86.89589567348));
#6569 = LINE('',#6570,#6571);
#6570 = CARTESIAN_POINT('',(-83.64271252252,-6.732757802952,
    -86.89589557042));
#6571 = VECTOR('',#6572,1.);
#6572 = DIRECTION('',(0.866029884796,0.499992238581,-2.748324530854E-08)
  );
#6573 = ORIENTED_EDGE('',*,*,#6574,.T.);
#6574 = EDGE_CURVE('',#6567,#6538,#6575,.T.);
#6575 = CIRCLE('',#6576,7.25);
#6576 = AXIS2_PLACEMENT_3D('',#6577,#6578,#6579);
#6577 = CARTESIAN_POINT('',(-73.44010630293,-6.90454873017,
    -86.89589372465));
#6578 = DIRECTION('',(1.748856425837E-07,-3.578844331586E-07,-1.));
#6579 = DIRECTION('',(-0.500015522718,-0.866016441554,2.224882672991E-07
    ));
#6580 = ORIENTED_EDGE('',*,*,#6537,.T.);
#6581 = ORIENTED_EDGE('',*,*,#6039,.T.);
#6582 = PLANE('',#6583);
#6583 = AXIS2_PLACEMENT_3D('',#6584,#6585,#6586);
#6584 = CARTESIAN_POINT('',(-71.87706901306,-6.818352798552,
    -86.89589348214));
#6585 = DIRECTION('',(-1.748856425837E-07,3.578844331586E-07,1.));
#6586 = DIRECTION('',(-0.500015522718,-0.866016441554,2.224882672991E-07
    ));
#6587 = ADVANCED_FACE('',(#6588),#6607,.F.);
#6588 = FACE_BOUND('',#6589,.T.);
#6589 = EDGE_LOOP('',(#6590,#6598,#6599,#6600,#6601));
#6590 = ORIENTED_EDGE('',*,*,#6591,.F.);
#6591 = EDGE_CURVE('',#6567,#6592,#6594,.T.);
#6592 = VERTEX_POINT('',#6593);
#6593 = CARTESIAN_POINT('',(-80.39521322044,-4.857851920583,
    -86.69589567348));
#6594 = LINE('',#6595,#6596);
#6595 = CARTESIAN_POINT('',(-80.39521233327,-4.857853702646,
    -91.69589567347));
#6596 = VECTOR('',#6597,1.);
#6597 = DIRECTION('',(-1.748856422493E-07,3.578844329655E-07,1.));
#6598 = ORIENTED_EDGE('',*,*,#6566,.T.);
#6599 = ORIENTED_EDGE('',*,*,#6031,.T.);
#6600 = ORIENTED_EDGE('',*,*,#4850,.T.);
#6601 = ORIENTED_EDGE('',*,*,#6602,.T.);
#6602 = EDGE_CURVE('',#4842,#6592,#6603,.T.);
#6603 = LINE('',#6604,#6605);
#6604 = CARTESIAN_POINT('',(-76.4582364616,-2.584884373556,
    -86.69589579842));
#6605 = VECTOR('',#6606,1.);
#6606 = DIRECTION('',(-0.866029884796,-0.499992238581,2.748324598902E-08
    ));
#6607 = PLANE('',#6608);
#6608 = AXIS2_PLACEMENT_3D('',#6609,#6610,#6611);
#6609 = CARTESIAN_POINT('',(-80.39521502727,-4.857852963734,
    -86.69589567348));
#6610 = DIRECTION('',(-0.499992238581,0.866029884795,-3.973800398901E-07
    ));
#6611 = DIRECTION('',(0.866029884796,0.499992238581,-2.748324530854E-08)
  );
#6612 = ADVANCED_FACE('',(#6613),#6632,.F.);
#6613 = FACE_BOUND('',#6614,.T.);
#6614 = EDGE_LOOP('',(#6615,#6623,#6630,#6631));
#6615 = ORIENTED_EDGE('',*,*,#6616,.F.);
#6616 = EDGE_CURVE('',#6617,#6000,#6619,.T.);
#6617 = VERTEX_POINT('',#6618);
#6618 = CARTESIAN_POINT('',(-80.48672343256,-5.199360207862,
    -86.69589556726));
#6619 = LINE('',#6620,#6621);
#6620 = CARTESIAN_POINT('',(-76.60617128817,-11.92081279698,
    -86.6958924831));
#6621 = VECTOR('',#6622,1.);
#6622 = DIRECTION('',(0.499992238581,-0.866029884795,3.973800783495E-07)
  );
#6623 = ORIENTED_EDGE('',*,*,#6624,.F.);
#6624 = EDGE_CURVE('',#6592,#6617,#6625,.T.);
#6625 = CIRCLE('',#6626,7.25);
#6626 = AXIS2_PLACEMENT_3D('',#6627,#6628,#6629);
#6627 = CARTESIAN_POINT('',(-73.44010534449,-6.904550379315,
    -86.69589372465));
#6628 = DIRECTION('',(-1.748856425837E-07,3.578844331586E-07,1.));
#6629 = DIRECTION('',(-0.500015522718,-0.866016441554,2.224882672991E-07
    ));
#6630 = ORIENTED_EDGE('',*,*,#6602,.F.);
#6631 = ORIENTED_EDGE('',*,*,#5999,.T.);
#6632 = PLANE('',#6633);
#6633 = AXIS2_PLACEMENT_3D('',#6634,#6635,#6636);
#6634 = CARTESIAN_POINT('',(-69.65348157887,-5.279152875949,
    -86.69589364412));
#6635 = DIRECTION('',(-1.748856425837E-07,3.578844331586E-07,1.));
#6636 = DIRECTION('',(-0.500015522718,-0.866016441554,2.224882672991E-07
    ));
#6637 = ADVANCED_FACE('',(#6638),#6666,.T.);
#6638 = FACE_BOUND('',#6639,.T.);
#6639 = EDGE_LOOP('',(#6640,#6649,#6650,#6659));
#6640 = ORIENTED_EDGE('',*,*,#6641,.T.);
#6641 = EDGE_CURVE('',#6642,#4924,#6644,.T.);
#6642 = VERTEX_POINT('',#6643);
#6643 = CARTESIAN_POINT('',(-80.39515459555,-4.857653128297,
    -87.09589567354));
#6644 = B_SPLINE_CURVE_WITH_KNOTS('',3,(#6645,#6646,#6647,#6648),
  .UNSPECIFIED.,.F.,.F.,(4,4),(0.,0.228984185316),
  .PIECEWISE_BEZIER_KNOTS.);
#6645 = CARTESIAN_POINT('',(-80.39515459554,-4.857653128299,
    -87.09589567354));
#6646 = CARTESIAN_POINT('',(-80.61000618307,-5.587686491099,
    -87.09589499384));
#6647 = CARTESIAN_POINT('',(-81.11410676228,-6.228279654586,
    -87.09589439921));
#6648 = CARTESIAN_POINT('',(-81.77315260736,-6.608764200334,
    -87.09589404809));
#6649 = ORIENTED_EDGE('',*,*,#4921,.F.);
#6650 = ORIENTED_EDGE('',*,*,#6651,.F.);
#6651 = EDGE_CURVE('',#6652,#4922,#6654,.T.);
#6652 = VERTEX_POINT('',#6653);
#6653 = CARTESIAN_POINT('',(-80.39515367885,-4.857665818707,
    -103.6958973265));
#6654 = CIRCLE('',#6655,2.999999999994);
#6655 = AXIS2_PLACEMENT_3D('',#6656,#6657,#6658);
#6656 = CARTESIAN_POINT('',(-83.27310594399,-4.010676586442,
    -103.6958981329));
#6657 = DIRECTION('',(5.707079238944E-09,-9.327297869148E-07,-1.));
#6658 = DIRECTION('',(0.959317421713,-0.282329744089,2.688122625848E-07)
  );
#6659 = ORIENTED_EDGE('',*,*,#6660,.F.);
#6660 = EDGE_CURVE('',#6642,#6652,#6661,.T.);
#6661 = B_SPLINE_CURVE_WITH_KNOTS('',3,(#6662,#6663,#6664,#6665),
  .UNSPECIFIED.,.F.,.F.,(4,4),(-1.06000007263,0.60000009267),
  .PIECEWISE_BEZIER_KNOTS.);
#6662 = CARTESIAN_POINT('',(-80.39515459554,-4.857653128299,
    -87.09589567354));
#6663 = CARTESIAN_POINT('',(-80.39515428998,-4.857657358436,
    -92.62922955787));
#6664 = CARTESIAN_POINT('',(-80.39515398441,-4.857661588572,
    -98.1625634422));
#6665 = CARTESIAN_POINT('',(-80.39515367885,-4.857665818709,
    -103.6958973265));
#6666 = B_SPLINE_SURFACE_WITH_KNOTS('',3,3,(
    (#6667,#6668,#6669,#6670)
    ,(#6671,#6672,#6673,#6674)
    ,(#6675,#6676,#6677,#6678)
    ,(#6679,#6680,#6681,#6682
    )),.UNSPECIFIED.,.F.,.F.,.F.,(4,4),(4,4),(0.,1.),(-0.60000009267,
    1.06000007263),.PIECEWISE_BEZIER_KNOTS.);
#6667 = CARTESIAN_POINT('',(-81.77315251262,-6.608779683653,
    -103.695895701));
#6668 = CARTESIAN_POINT('',(-81.7731525442,-6.608774522547,
    -98.16256181675));
#6669 = CARTESIAN_POINT('',(-81.77315257578,-6.60876936144,
    -92.62922793242));
#6670 = CARTESIAN_POINT('',(-81.77315260736,-6.608764200334,
    -87.09589404809));
#6671 = CARTESIAN_POINT('',(-81.1141058271,-6.228294652695,
    -103.6958960522));
#6672 = CARTESIAN_POINT('',(-81.11410614286,-6.228289650282,
    -98.16256216788));
#6673 = CARTESIAN_POINT('',(-81.11410644652,-6.228284656999,
    -92.62922828355));
#6674 = CARTESIAN_POINT('',(-81.11410676228,-6.228279654586,
    -87.09589439921));
#6675 = CARTESIAN_POINT('',(-80.6100048319,-5.587700320981,
    -103.6958966468));
#6676 = CARTESIAN_POINT('',(-80.61000528675,-5.587695708608,
    -98.1625627625));
#6677 = CARTESIAN_POINT('',(-80.61000572823,-5.587691103472,
    -92.62922887817));
#6678 = CARTESIAN_POINT('',(-80.61000618307,-5.587686491099,
    -87.09589499384));
#6679 = CARTESIAN_POINT('',(-80.39515367885,-4.857665818709,
    -103.6958973265));
#6680 = CARTESIAN_POINT('',(-80.39515398441,-4.857661588572,
    -98.1625634422));
#6681 = CARTESIAN_POINT('',(-80.39515428998,-4.857657358436,
    -92.62922955787));
#6682 = CARTESIAN_POINT('',(-80.39515459554,-4.857653128299,
    -87.09589567354));
#6683 = ADVANCED_FACE('',(#6684),#6720,.T.);
#6684 = FACE_BOUND('',#6685,.T.);
#6685 = EDGE_LOOP('',(#6686,#6697,#6708,#6709));
#6686 = ORIENTED_EDGE('',*,*,#6687,.T.);
#6687 = EDGE_CURVE('',#6688,#6690,#6692,.T.);
#6688 = VERTEX_POINT('',#6689);
#6689 = CARTESIAN_POINT('',(-83.51869719463,-8.771217707588,
    -104.6958948192));
#6690 = VERTEX_POINT('',#6691);
#6691 = CARTESIAN_POINT('',(-80.56886398761,-8.224879009626,
    -107.6958944988));
#6692 = CIRCLE('',#6693,3.);
#6693 = AXIS2_PLACEMENT_3D('',#6694,#6695,#6696);
#6694 = CARTESIAN_POINT('',(-83.51869666997,-8.771218781241,
    -107.6958948192));
#6695 = DIRECTION('',(-0.182113257205,0.983277560788,-3.837487228564E-07
    ));
#6696 = DIRECTION('',(-1.74885644416E-07,3.578844291242E-07,1.));
#6697 = ORIENTED_EDGE('',*,*,#6698,.F.);
#6698 = EDGE_CURVE('',#6652,#6690,#6699,.T.);
#6699 = B_SPLINE_CURVE_WITH_KNOTS('',3,(#6700,#6701,#6702,#6703,#6704,
    #6705,#6706,#6707),.UNSPECIFIED.,.F.,.F.,(4,1,1,1,1,4),(
    -0.685277338187,-0.587380575589,-0.489483812991,-0.293690287794,
    -0.146845143897,0.),.UNSPECIFIED.);
#6700 = CARTESIAN_POINT('',(-80.39515367885,-4.857665818712,
    -103.6958973265));
#6701 = CARTESIAN_POINT('',(-80.39515366083,-4.85766606818,
    -104.0222198685));
#6702 = CARTESIAN_POINT('',(-80.41954213695,-4.938478776484,
    -104.6735516403));
#6703 = CARTESIAN_POINT('',(-80.53396137653,-5.367803670503,
    -105.8329465817));
#6704 = CARTESIAN_POINT('',(-80.67555713959,-6.142223755984,
    -106.8350174325));
#6705 = CARTESIAN_POINT('',(-80.70690939678,-7.195301268822,
    -107.5350747909));
#6706 = CARTESIAN_POINT('',(-80.63191528649,-7.884448398874,
    -107.6958946317));
#6707 = CARTESIAN_POINT('',(-80.56886398761,-8.224879009626,
    -107.6958944988));
#6708 = ORIENTED_EDGE('',*,*,#6651,.T.);
#6709 = ORIENTED_EDGE('',*,*,#6710,.F.);
#6710 = EDGE_CURVE('',#6688,#4922,#6711,.T.);
#6711 = B_SPLINE_CURVE_WITH_KNOTS('',3,(#6712,#6713,#6714,#6715,#6716,
    #6717,#6718,#6719),.UNSPECIFIED.,.F.,.F.,(4,1,1,1,1,4),(0.,
    0.146845143897,0.293690287794,0.489483812991,0.587380575589,
    0.685277338187),.UNSPECIFIED.);
#6712 = CARTESIAN_POINT('',(-83.51869719463,-8.771217707588,
    -104.6958948192));
#6713 = CARTESIAN_POINT('',(-83.43482267288,-8.589604188503,
    -104.6958948695));
#6714 = CARTESIAN_POINT('',(-83.20455978092,-8.19778656758,
    -104.6556899443));
#6715 = CARTESIAN_POINT('',(-82.68504178797,-7.532044317419,
    -104.4806756593));
#6716 = CARTESIAN_POINT('',(-82.16682540453,-6.988040262065,
    -104.2301579875));
#6717 = CARTESIAN_POINT('',(-81.83827201508,-6.669961456776,
    -103.9403092752));
#6718 = CARTESIAN_POINT('',(-81.77315260414,-6.608779812849,
    -103.7774763365));
#6719 = CARTESIAN_POINT('',(-81.77315251263,-6.608779683657,
    -103.695895701));
#6720 = B_SPLINE_SURFACE_WITH_KNOTS('',3,3,(
    (#6721,#6722,#6723,#6724,#6725,#6726,#6727,#6728)
    ,(#6729,#6730,#6731,#6732,#6733,#6734,#6735,#6736)
    ,(#6737,#6738,#6739,#6740,#6741,#6742,#6743,#6744)
    ,(#6745,#6746,#6747,#6748,#6749,#6750,#6751,#6752)
    ,(#6753,#6754,#6755,#6756,#6757,#6758,#6759,#6760
  )),.UNSPECIFIED.,.F.,.F.,.F.,(4,1,4),(4,1,1,1,1,4),(0.,0.571428571429,
    1.),(0.,0.146845143897,0.293690287794,0.489483812991,0.587380575589,
    0.685277338187),.UNSPECIFIED.);
#6721 = CARTESIAN_POINT('',(-83.51869719463,-8.771217707588,
    -104.6958948192));
#6722 = CARTESIAN_POINT('',(-83.43482267288,-8.589604188503,
    -104.6958948695));
#6723 = CARTESIAN_POINT('',(-83.20455978092,-8.19778656758,
    -104.6556899443));
#6724 = CARTESIAN_POINT('',(-82.68504178797,-7.532044317419,
    -104.4806756593));
#6725 = CARTESIAN_POINT('',(-82.16682540453,-6.988040262065,
    -104.2301579875));
#6726 = CARTESIAN_POINT('',(-81.83827201508,-6.669961456776,
    -103.9403092752));
#6727 = CARTESIAN_POINT('',(-81.77315260414,-6.608779812849,
    -103.7774763365));
#6728 = CARTESIAN_POINT('',(-81.77315251263,-6.608779683657,
    -103.695895701));
#6729 = CARTESIAN_POINT('',(-82.63610931994,-8.607753230172,
    -104.6958947233));
#6730 = CARTESIAN_POINT('',(-82.56596480655,-8.473422931213,
    -104.7314340265));
#6731 = CARTESIAN_POINT('',(-82.39653334748,-8.14729061523,
    -104.7815527709));
#6732 = CARTESIAN_POINT('',(-82.04499888695,-7.468232524027,
    -104.7162255372));
#6733 = CARTESIAN_POINT('',(-81.68289476905,-6.841115420913,
    -104.448612098));
#6734 = CARTESIAN_POINT('',(-81.44468331013,-6.46468744623,
    -104.0526649268));
#6735 = CARTESIAN_POINT('',(-81.39655446317,-6.39135982776,
    -103.8146939075));
#6736 = CARTESIAN_POINT('',(-81.39655440662,-6.391359665967,
    -103.6958959017));
#6737 = CARTESIAN_POINT('',(-81.10819841567,-8.32476849274,
    -105.4493383549));
#6738 = CARTESIAN_POINT('',(-81.10391148205,-8.193473935573,
    -105.5044532644));
#6739 = CARTESIAN_POINT('',(-81.1065795002,-7.858584734788,
    -105.5762137926));
#6740 = CARTESIAN_POINT('',(-81.07240056693,-7.099928772102,
    -105.4258921245));
#6741 = CARTESIAN_POINT('',(-80.95289588834,-6.380062047871,
    -104.9541511057));
#6742 = CARTESIAN_POINT('',(-80.84518285019,-5.949180786008,-104.2875883
    ));
#6743 = CARTESIAN_POINT('',(-80.82202268717,-5.865389877824,
    -103.8936084635));
#6744 = CARTESIAN_POINT('',(-80.82202268438,-5.865389670585,
    -103.695896389));
#6745 = CARTESIAN_POINT('',(-80.56886410534,-8.224878768699,
    -107.022696073));
#6746 = CARTESIAN_POINT('',(-80.61889479917,-7.956329765718,
    -107.0389630048));
#6747 = CARTESIAN_POINT('',(-80.69316230399,-7.390333080274,
    -106.9477651914));
#6748 = CARTESIAN_POINT('',(-80.70469681326,-6.441106257993,
    -106.411798001));
#6749 = CARTESIAN_POINT('',(-80.60307117019,-5.684491357057,
    -105.5690044533));
#6750 = CARTESIAN_POINT('',(-80.50826560168,-5.252842368952,
    -104.5575269072));
#6751 = CARTESIAN_POINT('',(-80.48723272725,-5.17053798588,
    -103.9836479834));
#6752 = CARTESIAN_POINT('',(-80.48723274445,-5.170537748257,
    -103.6958970352));
#6753 = CARTESIAN_POINT('',(-80.56886398761,-8.224879009626,
    -107.6958944988));
#6754 = CARTESIAN_POINT('',(-80.63191528649,-7.884448398874,
    -107.6958946317));
#6755 = CARTESIAN_POINT('',(-80.70690939678,-7.195301268822,
    -107.5350747909));
#6756 = CARTESIAN_POINT('',(-80.67555713959,-6.142223755984,
    -106.8350174325));
#6757 = CARTESIAN_POINT('',(-80.53396137653,-5.367803670503,
    -105.8329465817));
#6758 = CARTESIAN_POINT('',(-80.41954213695,-4.938478776484,
    -104.6735516403));
#6759 = CARTESIAN_POINT('',(-80.39515366083,-4.85766606818,
    -104.0222198685));
#6760 = CARTESIAN_POINT('',(-80.39515367885,-4.857665818712,
    -103.6958973265));
#6761 = ADVANCED_FACE('',(#6762),#6781,.F.);
#6762 = FACE_BOUND('',#6763,.F.);
#6763 = EDGE_LOOP('',(#6764,#6765,#6766,#6774));
#6764 = ORIENTED_EDGE('',*,*,#4947,.T.);
#6765 = ORIENTED_EDGE('',*,*,#6710,.F.);
#6766 = ORIENTED_EDGE('',*,*,#6767,.T.);
#6767 = EDGE_CURVE('',#6688,#6768,#6770,.T.);
#6768 = VERTEX_POINT('',#6769);
#6769 = CARTESIAN_POINT('',(-84.78540314369,-9.502520455681,
    -104.695894779));
#6770 = LINE('',#6771,#6772);
#6771 = CARTESIAN_POINT('',(-69.72190290221,-0.805964533856,
    -104.6958952569));
#6772 = VECTOR('',#6773,1.);
#6773 = DIRECTION('',(-0.866034365737,-0.499984477121,2.74796846312E-08)
  );
#6774 = ORIENTED_EDGE('',*,*,#6775,.T.);
#6775 = EDGE_CURVE('',#6768,#4940,#6776,.T.);
#6776 = CIRCLE('',#6777,1.);
#6777 = AXIS2_PLACEMENT_3D('',#6778,#6779,#6780);
#6778 = CARTESIAN_POINT('',(-84.78540331857,-9.502520097796,
    -103.695894779));
#6779 = DIRECTION('',(0.866034365737,0.499984477121,-2.747969054288E-08)
  );
#6780 = DIRECTION('',(1.748856397766E-07,-3.578844401201E-07,-1.));
#6781 = CYLINDRICAL_SURFACE('',#6782,1.);
#6782 = AXIS2_PLACEMENT_3D('',#6783,#6784,#6785);
#6783 = CARTESIAN_POINT('',(-69.72190307709,-0.805964175971,
    -103.6958952569));
#6784 = DIRECTION('',(0.866034365737,0.499984477121,-2.74796846312E-08)
  );
#6785 = DIRECTION('',(-0.353542217547,0.612378393158,-0.707107208282));
#6786 = ADVANCED_FACE('',(#6787),#6807,.F.);
#6787 = FACE_BOUND('',#6788,.F.);
#6788 = EDGE_LOOP('',(#6789,#6790,#6799,#6806));
#6789 = ORIENTED_EDGE('',*,*,#6775,.F.);
#6790 = ORIENTED_EDGE('',*,*,#6791,.T.);
#6791 = EDGE_CURVE('',#6768,#6792,#6794,.T.);
#6792 = VERTEX_POINT('',#6793);
#6793 = CARTESIAN_POINT('',(-87.78541755152,-10.30631426029,
    -104.695895016));
#6794 = CIRCLE('',#6795,6.000000000004);
#6795 = AXIS2_PLACEMENT_3D('',#6796,#6797,#6798);
#6796 = CARTESIAN_POINT('',(-87.78531000642,-4.306314261255,
    -104.6958971632));
#6797 = DIRECTION('',(1.748856425837E-07,-3.578844331586E-07,-1.));
#6798 = DIRECTION('',(0.258801731629,-0.965930465254,3.909521841658E-07)
  );
#6799 = ORIENTED_EDGE('',*,*,#6800,.F.);
#6800 = EDGE_CURVE('',#4970,#6792,#6801,.T.);
#6801 = CIRCLE('',#6802,1.);
#6802 = AXIS2_PLACEMENT_3D('',#6803,#6804,#6805);
#6803 = CARTESIAN_POINT('',(-87.7854177264,-10.30631390241,
    -103.695895016));
#6804 = DIRECTION('',(-0.999999999839,1.792418373879E-05,
    -1.748920468431E-07));
#6805 = DIRECTION('',(1.792418380138E-05,0.999999999839,
    -3.578813005104E-07));
#6806 = ORIENTED_EDGE('',*,*,#4977,.T.);
#6807 = TOROIDAL_SURFACE('',#6808,6.000000000004,1.);
#6808 = AXIS2_PLACEMENT_3D('',#6809,#6810,#6811);
#6809 = CARTESIAN_POINT('',(-87.7853101813,-4.306313903371,
    -103.6958971632));
#6810 = DIRECTION('',(1.74885632085E-07,-3.578844267973E-07,-1.));
#6811 = DIRECTION('',(-0.500015522718,-0.866016441554,2.224882670396E-07
    ));
#6812 = ADVANCED_FACE('',(#6813),#6832,.F.);
#6813 = FACE_BOUND('',#6814,.F.);
#6814 = EDGE_LOOP('',(#6815,#6816,#6817,#6825));
#6815 = ORIENTED_EDGE('',*,*,#6095,.T.);
#6816 = ORIENTED_EDGE('',*,*,#6800,.T.);
#6817 = ORIENTED_EDGE('',*,*,#6818,.T.);
#6818 = EDGE_CURVE('',#6792,#6819,#6821,.T.);
#6819 = VERTEX_POINT('',#6820);
#6820 = CARTESIAN_POINT('',(-88.17775255753,-10.30630722801,
    -104.6958950846));
#6821 = LINE('',#6822,#6823);
#6822 = CARTESIAN_POINT('',(-79.32998649401,-10.30646581699,
    -104.6958935372));
#6823 = VECTOR('',#6824,1.);
#6824 = DIRECTION('',(-0.999999999839,1.792418374174E-05,
    -1.74892057342E-07));
#6825 = ORIENTED_EDGE('',*,*,#6826,.T.);
#6826 = EDGE_CURVE('',#6819,#6088,#6827,.T.);
#6827 = CIRCLE('',#6828,1.);
#6828 = AXIS2_PLACEMENT_3D('',#6829,#6830,#6831);
#6829 = CARTESIAN_POINT('',(-88.17775273241,-10.30630687012,
    -103.6958950846));
#6830 = DIRECTION('',(0.999999999839,-1.792418374074E-05,
    1.748920583809E-07));
#6831 = DIRECTION('',(1.748856436225E-07,-3.578844423406E-07,-1.));
#6832 = CYLINDRICAL_SURFACE('',#6833,1.);
#6833 = AXIS2_PLACEMENT_3D('',#6834,#6835,#6836);
#6834 = CARTESIAN_POINT('',(-79.32998666889,-10.30646545911,
    -103.6958935372));
#6835 = DIRECTION('',(-0.999999999839,1.792418374174E-05,
    -1.74892057342E-07));
#6836 = DIRECTION('',(1.279797473908E-05,0.70710652801,-0.707107034247)
  );
#6837 = ADVANCED_FACE('',(#6838),#6857,.F.);
#6838 = FACE_BOUND('',#6839,.F.);
#6839 = EDGE_LOOP('',(#6840,#6849,#6856));
#6840 = ORIENTED_EDGE('',*,*,#6841,.T.);
#6841 = EDGE_CURVE('',#6819,#6842,#6844,.T.);
#6842 = VERTEX_POINT('',#6843);
#6843 = CARTESIAN_POINT('',(-89.04378261721,-10.8062991087,
    -103.6958946992));
#6844 = CIRCLE('',#6845,1.);
#6845 = AXIS2_PLACEMENT_3D('',#6846,#6847,#6848);
#6846 = CARTESIAN_POINT('',(-88.17775273241,-10.30630687012,
    -103.6958950846));
#6847 = DIRECTION('',(-0.499992238581,0.866029884795,-3.973800783152E-07
    ));
#6848 = DIRECTION('',(-0.612375590166,-0.353548218768,-0.707106635222));
#6849 = ORIENTED_EDGE('',*,*,#6850,.F.);
#6850 = EDGE_CURVE('',#6088,#6842,#6851,.T.);
#6851 = CIRCLE('',#6852,1.);
#6852 = AXIS2_PLACEMENT_3D('',#6853,#6854,#6855);
#6853 = CARTESIAN_POINT('',(-88.17775273241,-10.30630687012,
    -103.6958950846));
#6854 = DIRECTION('',(2.383641251941E-07,3.578770280855E-07,1.));
#6855 = DIRECTION('',(1.792418380514E-05,0.999999999839,
    -3.578813005104E-07));
#6856 = ORIENTED_EDGE('',*,*,#6826,.F.);
#6857 = SPHERICAL_SURFACE('',#6858,1.);
#6858 = AXIS2_PLACEMENT_3D('',#6859,#6860,#6861);
#6859 = CARTESIAN_POINT('',(-88.17775273241,-10.30630687012,
    -103.6958950846));
#6860 = DIRECTION('',(-0.612366904628,0.353568672704,0.707103929984));
#6861 = DIRECTION('',(-0.612365292257,0.353560060896,-0.707109632362));
#6862 = ADVANCED_FACE('',(#6863),#6874,.F.);
#6863 = FACE_BOUND('',#6864,.F.);
#6864 = EDGE_LOOP('',(#6865,#6866,#6867,#6873));
#6865 = ORIENTED_EDGE('',*,*,#6087,.T.);
#6866 = ORIENTED_EDGE('',*,*,#6850,.T.);
#6867 = ORIENTED_EDGE('',*,*,#6868,.T.);
#6868 = EDGE_CURVE('',#6842,#910,#6869,.T.);
#6869 = LINE('',#6870,#6871);
#6870 = CARTESIAN_POINT('',(-89.04377750893,-10.80629143919,
    -82.26530972782));
#6871 = VECTOR('',#6872,1.);
#6872 = DIRECTION('',(2.383641343387E-07,3.578770265598E-07,1.));
#6873 = ORIENTED_EDGE('',*,*,#917,.T.);
#6874 = CYLINDRICAL_SURFACE('',#6875,1.);
#6875 = AXIS2_PLACEMENT_3D('',#6876,#6877,#6878);
#6876 = CARTESIAN_POINT('',(-88.17774762413,-10.30629920061,
    -82.26531011319));
#6877 = DIRECTION('',(2.383641343387E-07,3.578770265598E-07,1.));
#6878 = DIRECTION('',(-0.866018682137,0.500011642054,2.748511378537E-08)
  );
#6879 = ADVANCED_FACE('',(#6880),#6892,.T.);
#6880 = FACE_BOUND('',#6881,.T.);
#6881 = EDGE_LOOP('',(#6882,#6883,#6884,#6891));
#6882 = ORIENTED_EDGE('',*,*,#5642,.T.);
#6883 = ORIENTED_EDGE('',*,*,#4994,.F.);
#6884 = ORIENTED_EDGE('',*,*,#6885,.T.);
#6885 = EDGE_CURVE('',#4995,#3155,#6886,.T.);
#6886 = CIRCLE('',#6887,0.5);
#6887 = AXIS2_PLACEMENT_3D('',#6888,#6889,#6890);
#6888 = CARTESIAN_POINT('',(-95.24503222726,34.532482912583,
    -62.59591316201));
#6889 = DIRECTION('',(0.500015522718,0.866016441554,-2.224882036772E-07)
  );
#6890 = DIRECTION('',(1.748855637742E-07,-3.57884314191E-07,-1.));
#6891 = ORIENTED_EDGE('',*,*,#3154,.F.);
#6892 = CYLINDRICAL_SURFACE('',#6893,0.5);
#6893 = AXIS2_PLACEMENT_3D('',#6894,#6895,#6896);
#6894 = CARTESIAN_POINT('',(-102.3807537519,22.173562275129,
    -62.59590998688));
#6895 = DIRECTION('',(-0.500015522718,-0.866016441554,2.224881911171E-07
    ));
#6896 = DIRECTION('',(-0.612365974779,0.35356411375,-0.707107014816));
#6897 = ADVANCED_FACE('',(#6898),#6910,.T.);
#6898 = FACE_BOUND('',#6899,.T.);
#6899 = EDGE_LOOP('',(#6900,#6901,#6902,#6909));
#6900 = ORIENTED_EDGE('',*,*,#6885,.F.);
#6901 = ORIENTED_EDGE('',*,*,#5052,.F.);
#6902 = ORIENTED_EDGE('',*,*,#6903,.T.);
#6903 = EDGE_CURVE('',#5035,#3163,#6904,.T.);
#6904 = CIRCLE('',#6905,0.5);
#6905 = AXIS2_PLACEMENT_3D('',#6906,#6907,#6908);
#6906 = CARTESIAN_POINT('',(-101.4952240751,23.70727291961,
    -75.09591038091));
#6907 = DIRECTION('',(-1.748855702757E-07,3.578843384566E-07,1.));
#6908 = DIRECTION('',(0.500015522718,0.866016441554,-2.224882214407E-07)
  );
#6909 = ORIENTED_EDGE('',*,*,#3162,.F.);
#6910 = TOROIDAL_SURFACE('',#6911,12.5,0.5);
#6911 = AXIS2_PLACEMENT_3D('',#6912,#6913,#6914);
#6912 = CARTESIAN_POINT('',(-95.24503004119,34.532478439029,
    -75.09591316201));
#6913 = DIRECTION('',(-0.866016441554,0.500015522718,-3.304014879092E-07
    ));
#6914 = DIRECTION('',(8.744004197384E-08,-5.093381351951E-07,-1.));
#6915 = ADVANCED_FACE('',(#6916),#6928,.T.);
#6916 = FACE_BOUND('',#6917,.T.);
#6917 = EDGE_LOOP('',(#6918,#6919,#6920,#6927));
#6918 = ORIENTED_EDGE('',*,*,#6903,.F.);
#6919 = ORIENTED_EDGE('',*,*,#5067,.F.);
#6920 = ORIENTED_EDGE('',*,*,#6921,.T.);
#6921 = EDGE_CURVE('',#5068,#3172,#6922,.T.);
#6922 = CIRCLE('',#6923,0.5);
#6923 = AXIS2_PLACEMENT_3D('',#6924,#6925,#6926);
#6924 = CARTESIAN_POINT('',(-101.4952184788,23.707261467312,
    -107.0959103809));
#6925 = DIRECTION('',(-1.748855880398E-07,3.578843076895E-07,1.));
#6926 = DIRECTION('',(0.500015522718,0.866016441554,-2.224881859136E-07)
  );
#6927 = ORIENTED_EDGE('',*,*,#3171,.F.);
#6928 = CYLINDRICAL_SURFACE('',#6929,0.5);
#6929 = AXIS2_PLACEMENT_3D('',#6930,#6931,#6932);
#6930 = CARTESIAN_POINT('',(-101.4952169923,23.707258425296,
    -115.5959099837));
#6931 = DIRECTION('',(1.748855712931E-07,-3.578843048836E-07,-1.));
#6932 = DIRECTION('',(-0.258801731629,0.965930465254,-3.909520418109E-07
    ));
#6933 = ADVANCED_FACE('',(#6934),#6946,.T.);
#6934 = FACE_BOUND('',#6935,.T.);
#6935 = EDGE_LOOP('',(#6936,#6937,#6938,#6945));
#6936 = ORIENTED_EDGE('',*,*,#6921,.F.);
#6937 = ORIENTED_EDGE('',*,*,#5116,.F.);
#6938 = ORIENTED_EDGE('',*,*,#6939,.T.);
#6939 = EDGE_CURVE('',#5099,#3180,#6940,.T.);
#6940 = CIRCLE('',#6941,0.5);
#6941 = AXIS2_PLACEMENT_3D('',#6942,#6943,#6944);
#6942 = CARTESIAN_POINT('',(-95.24502225878,34.532462513178,
    -119.595913162));
#6943 = DIRECTION('',(-0.500015522718,-0.866016441554,2.224882036771E-07
    ));
#6944 = DIRECTION('',(-1.748855637742E-07,3.57884314191E-07,1.));
#6945 = ORIENTED_EDGE('',*,*,#3179,.F.);
#6946 = TOROIDAL_SURFACE('',#6947,12.5,0.5);
#6947 = AXIS2_PLACEMENT_3D('',#6948,#6949,#6950);
#6948 = CARTESIAN_POINT('',(-95.24502444485,34.532466986732,
    -107.095913162));
#6949 = DIRECTION('',(-0.866016441554,0.500015522718,-3.304014879092E-07
    ));
#6950 = DIRECTION('',(8.744004197384E-08,-5.093381351951E-07,-1.));
#6951 = ADVANCED_FACE('',(#6952),#6971,.T.);
#6952 = FACE_BOUND('',#6953,.T.);
#6953 = EDGE_LOOP('',(#6954,#6955,#6963,#6970));
#6954 = ORIENTED_EDGE('',*,*,#6939,.F.);
#6955 = ORIENTED_EDGE('',*,*,#6956,.F.);
#6956 = EDGE_CURVE('',#6957,#5099,#6959,.T.);
#6957 = VERTEX_POINT('',#6958);
#6958 = CARTESIAN_POINT('',(-89.01582896425,45.321295520908,
    -119.0959159337));
#6959 = LINE('',#6960,#6961);
#6960 = CARTESIAN_POINT('',(-97.88060416652,29.967690028605,
    -119.0959119892));
#6961 = VECTOR('',#6962,1.);
#6962 = DIRECTION('',(-0.500015522718,-0.866016441554,2.224882114641E-07
    ));
#6963 = ORIENTED_EDGE('',*,*,#6964,.T.);
#6964 = EDGE_CURVE('',#6957,#3189,#6965,.T.);
#6965 = CIRCLE('',#6966,0.5);
#6966 = AXIS2_PLACEMENT_3D('',#6967,#6968,#6969);
#6967 = CARTESIAN_POINT('',(-89.01582887681,45.321295341966,
    -119.5959159337));
#6968 = DIRECTION('',(-0.500015522718,-0.866016441554,2.224882125589E-07
    ));
#6969 = DIRECTION('',(-1.748855747167E-07,3.578843307648E-07,1.));
#6970 = ORIENTED_EDGE('',*,*,#3188,.F.);
#6971 = CYLINDRICAL_SURFACE('',#6972,0.5);
#6972 = AXIS2_PLACEMENT_3D('',#6973,#6974,#6975);
#6973 = CARTESIAN_POINT('',(-97.88060407908,29.967689849662,
    -119.5959119892));
#6974 = DIRECTION('',(0.500015522718,0.866016441554,-2.224882114641E-07)
  );
#6975 = DIRECTION('',(-0.612366222104,0.353564619875,0.707106547557));
#6976 = ADVANCED_FACE('',(#6977),#6995,.T.);
#6977 = FACE_BOUND('',#6978,.T.);
#6978 = EDGE_LOOP('',(#6979,#6980,#6981,#6989));
#6979 = ORIENTED_EDGE('',*,*,#6956,.T.);
#6980 = ORIENTED_EDGE('',*,*,#5098,.T.);
#6981 = ORIENTED_EDGE('',*,*,#6982,.T.);
#6982 = EDGE_CURVE('',#5101,#6983,#6985,.T.);
#6983 = VERTEX_POINT('',#6984);
#6984 = CARTESIAN_POINT('',(-84.25273853571,42.57121014596,
    -119.0959141165));
#6985 = LINE('',#6986,#6987);
#6986 = CARTESIAN_POINT('',(-86.73181549734,38.277500628739,
    -119.0959130134));
#6987 = VECTOR('',#6988,1.);
#6988 = DIRECTION('',(0.500015522718,0.866016441554,-2.224882114641E-07)
  );
#6989 = ORIENTED_EDGE('',*,*,#6990,.T.);
#6990 = EDGE_CURVE('',#6983,#6957,#6991,.T.);
#6991 = LINE('',#6992,#6993);
#6992 = CARTESIAN_POINT('',(-89.44883718503,45.571303282267,
    -119.0959160989));
#6993 = VECTOR('',#6994,1.);
#6994 = DIRECTION('',(-0.866016441554,0.500015522718,-3.304014875497E-07
    ));
#6995 = PLANE('',#6996);
#6996 = AXIS2_PLACEMENT_3D('',#6997,#6998,#6999);
#6997 = CARTESIAN_POINT('',(-86.67775115813,50.370766401356,
    -119.0959173319));
#6998 = DIRECTION('',(-1.748855611781E-07,3.578843216837E-07,1.));
#6999 = DIRECTION('',(-0.500015522718,-0.866016441554,2.224882114641E-07
    ));
#7000 = ADVANCED_FACE('',(#7001),#7028,.T.);
#7001 = FACE_BOUND('',#7002,.T.);
#7002 = EDGE_LOOP('',(#7003,#7004,#7017));
#7003 = ORIENTED_EDGE('',*,*,#6964,.F.);
#7004 = ORIENTED_EDGE('',*,*,#7005,.F.);
#7005 = EDGE_CURVE('',#7006,#6957,#7008,.T.);
#7006 = VERTEX_POINT('',#7007);
#7007 = CARTESIAN_POINT('',(-88.08280504587,45.937303843218,
    -120.095915991));
#7008 = B_SPLINE_CURVE_WITH_KNOTS('',3,(#7009,#7010,#7011,#7012,#7013,
    #7014,#7015,#7016),.UNSPECIFIED.,.F.,.F.,(4,2,1,1,4),(
    -3.900304007016E-04,0.,5.684191259683E-02,7.578921679577E-02,
    9.473652099471E-02),.UNSPECIFIED.);
#7009 = CARTESIAN_POINT('',(-88.08280504587,45.937303843218,
    -120.095915991));
#7010 = CARTESIAN_POINT('',(-88.08360118115,45.937763511634,
    -120.0940773774));
#7011 = CARTESIAN_POINT('',(-88.08440090627,45.938221343935,
    -120.0922343822));
#7012 = CARTESIAN_POINT('',(-88.20174609085,46.003843521086,
    -119.823364671));
#7013 = CARTESIAN_POINT('',(-88.43110237426,45.976092127115,
    -119.4538645761));
#7014 = CARTESIAN_POINT('',(-88.803950926,45.637915453451,-119.146265944
    ));
#7015 = CARTESIAN_POINT('',(-88.95266932283,45.430686700637,
    -119.0959159618));
#7016 = CARTESIAN_POINT('',(-89.01582896425,45.321295520908,
    -119.0959159337));
#7017 = ORIENTED_EDGE('',*,*,#7018,.F.);
#7018 = EDGE_CURVE('',#3189,#7006,#7019,.T.);
#7019 = B_SPLINE_CURVE_WITH_KNOTS('',3,(#7020,#7021,#7022,#7023,#7024,
    #7025,#7026,#7027),.UNSPECIFIED.,.F.,.F.,(4,1,1,2,4),(
    -9.473652099471E-02,-7.578921679577E-02,-5.684191259683E-02,0.,
    3.900304007016E-04),.UNSPECIFIED.);
#7020 = CARTESIAN_POINT('',(-89.44883709759,45.571303103325,
    -119.5959160989));
#7021 = CARTESIAN_POINT('',(-89.38567745617,45.680694283054,
    -119.595916127));
#7022 = CARTESIAN_POINT('',(-89.21515712838,45.875335170581,
    -119.6210911339));
#7023 = CARTESIAN_POINT('',(-88.70911589131,46.136609867839,
    -119.774890427));
#7024 = CARTESIAN_POINT('',(-88.31976304846,46.071983428827,
    -119.9596403983));
#7025 = CARTESIAN_POINT('',(-88.08599507311,45.939141774213,
    -120.0940751875));
#7026 = CARTESIAN_POINT('',(-88.08439731595,45.938223179063,
    -120.0949966846));
#7027 = CARTESIAN_POINT('',(-88.08280504587,45.937303843218,
    -120.095915991));
#7028 = B_SPLINE_SURFACE_WITH_KNOTS('',3,3,(
    (#7029,#7030,#7031,#7032,#7033,#7034,#7035,#7036)
    ,(#7037,#7038,#7039,#7040,#7041,#7042,#7043,#7044)
    ,(#7045,#7046,#7047,#7048,#7049,#7050,#7051,#7052)
    ,(#7053,#7054,#7055,#7056,#7057,#7058,#7059,#7060
  )),.UNSPECIFIED.,.F.,.F.,.F.,(4,4),(4,2,1,1,4),(0.,1.),(
    -3.900304007016E-04,0.,5.684191259683E-02,7.578921679577E-02,
    9.473652099471E-02),.UNSPECIFIED.);
#7029 = CARTESIAN_POINT('',(-88.08280504587,45.937303843218,
    -120.095915991));
#7030 = CARTESIAN_POINT('',(-88.08360118115,45.937763511634,
    -120.0940773774));
#7031 = CARTESIAN_POINT('',(-88.08440090627,45.938221343935,
    -120.0922343822));
#7032 = CARTESIAN_POINT('',(-88.20174609085,46.003843521086,
    -119.823364671));
#7033 = CARTESIAN_POINT('',(-88.43110237426,45.976092127115,
    -119.4538645761));
#7034 = CARTESIAN_POINT('',(-88.803950926,45.637915453451,-119.146265944
    ));
#7035 = CARTESIAN_POINT('',(-88.95266932283,45.430686700637,
    -119.0959159618));
#7036 = CARTESIAN_POINT('',(-89.01582896425,45.321295520908,
    -119.0959159337));
#7037 = CARTESIAN_POINT('',(-88.08280504587,45.937303843218,
    -120.095915991));
#7038 = CARTESIAN_POINT('',(-88.08391805678,45.937815939544,
    -120.0943910209));
#7039 = CARTESIAN_POINT('',(-88.08487660233,45.938635000758,
    -120.0928395628));
#7040 = CARTESIAN_POINT('',(-88.24426270661,46.020796640062,
    -119.8694507124));
#7041 = CARTESIAN_POINT('',(-88.48739720263,46.091629256913,
    -119.5578771137));
#7042 = CARTESIAN_POINT('',(-88.95488309268,45.834141015038,
    -119.17686647));
#7043 = CARTESIAN_POINT('',(-89.16327656776,45.591166395225,
    -119.0948272196));
#7044 = CARTESIAN_POINT('',(-89.24255153848,45.452199278646,
    -119.0959160202));
#7045 = CARTESIAN_POINT('',(-88.08280504587,45.937303843218,
    -120.095915991));
#7046 = CARTESIAN_POINT('',(-88.084182217,45.937968458755,
    -120.0946960501));
#7047 = CARTESIAN_POINT('',(-88.08541078602,45.938943424461,
    -120.0934563917));
#7048 = CARTESIAN_POINT('',(-88.28314053956,46.043243684996,
    -119.9143434555));
#7049 = CARTESIAN_POINT('',(-88.5830838758,46.146876241872,
    -119.668367769));
#7050 = CARTESIAN_POINT('',(-89.14142215546,45.941843795937,
    -119.39226557));
#7051 = CARTESIAN_POINT('',(-89.36978434861,45.710398592189,
    -119.33328446));
#7052 = CARTESIAN_POINT('',(-89.44883714337,45.571303197019,
    -119.3341167111));
#7053 = CARTESIAN_POINT('',(-88.08280504587,45.937303843218,
    -120.095915991));
#7054 = CARTESIAN_POINT('',(-88.08439731595,45.938223179063,
    -120.0949966846));
#7055 = CARTESIAN_POINT('',(-88.08599507311,45.939141774213,
    -120.0940751875));
#7056 = CARTESIAN_POINT('',(-88.31976304846,46.071983428827,
    -119.9596403983));
#7057 = CARTESIAN_POINT('',(-88.70911589131,46.136609867839,
    -119.774890427));
#7058 = CARTESIAN_POINT('',(-89.21515712838,45.875335170581,
    -119.6210911339));
#7059 = CARTESIAN_POINT('',(-89.38567745617,45.680694283054,
    -119.595916127));
#7060 = CARTESIAN_POINT('',(-89.44883709759,45.571303103325,
    -119.5959160989));
#7061 = ADVANCED_FACE('',(#7062),#7081,.F.);
#7062 = FACE_BOUND('',#7063,.F.);
#7063 = EDGE_LOOP('',(#7064,#7072,#7073,#7074));
#7064 = ORIENTED_EDGE('',*,*,#7065,.T.);
#7065 = EDGE_CURVE('',#7066,#5133,#7068,.T.);
#7066 = VERTEX_POINT('',#7067);
#7067 = CARTESIAN_POINT('',(-74.72655960236,37.071043332791,
    -108.0959104821));
#7068 = LINE('',#7069,#7070);
#7069 = CARTESIAN_POINT('',(-77.205636564,32.77733381557,-108.095909379)
  );
#7070 = VECTOR('',#7071,1.);
#7071 = DIRECTION('',(-0.500015522718,-0.866016441554,2.224882114641E-07
    ));
#7072 = ORIENTED_EDGE('',*,*,#5132,.T.);
#7073 = ORIENTED_EDGE('',*,*,#6982,.T.);
#7074 = ORIENTED_EDGE('',*,*,#7075,.F.);
#7075 = EDGE_CURVE('',#7066,#6983,#7076,.T.);
#7076 = CIRCLE('',#7077,11.);
#7077 = AXIS2_PLACEMENT_3D('',#7078,#7079,#7080);
#7078 = CARTESIAN_POINT('',(-84.25274045945,42.571214082687,
    -108.0959141165));
#7079 = DIRECTION('',(0.500015522718,0.866016441554,-2.22488343582E-07)
  );
#7080 = DIRECTION('',(0.612366222104,-0.353564619875,-0.707106547557));
#7081 = CYLINDRICAL_SURFACE('',#7082,11.);
#7082 = AXIS2_PLACEMENT_3D('',#7083,#7084,#7085);
#7083 = CARTESIAN_POINT('',(-86.73181742109,38.277504565466,
    -108.0959130134));
#7084 = DIRECTION('',(0.500015522718,0.866016441554,-2.224882114641E-07)
  );
#7085 = DIRECTION('',(0.612366222104,-0.353564619875,-0.707106547557));
#7086 = ADVANCED_FACE('',(#7087),#7113,.F.);
#7087 = FACE_BOUND('',#7088,.T.);
#7088 = EDGE_LOOP('',(#7089,#7090,#7091,#7092,#7093,#7102,#7108,#7109,
    #7110,#7111,#7112));
#7089 = ORIENTED_EDGE('',*,*,#5402,.T.);
#7090 = ORIENTED_EDGE('',*,*,#5371,.T.);
#7091 = ORIENTED_EDGE('',*,*,#5338,.T.);
#7092 = ORIENTED_EDGE('',*,*,#5305,.T.);
#7093 = ORIENTED_EDGE('',*,*,#7094,.T.);
#7094 = EDGE_CURVE('',#5297,#7095,#7097,.T.);
#7095 = VERTEX_POINT('',#7096);
#7096 = CARTESIAN_POINT('',(-74.72656100368,37.071046200451,
    -100.0831052373));
#7097 = CIRCLE('',#7098,1.);
#7098 = AXIS2_PLACEMENT_3D('',#7099,#7100,#7101);
#7099 = CARTESIAN_POINT('',(-75.2265765264,36.205029758897,
    -100.0831050148));
#7100 = DIRECTION('',(-0.866016441554,0.500015522718,-3.304014879191E-07
    ));
#7101 = DIRECTION('',(0.433026057518,0.749992417423,0.499999807319));
#7102 = ORIENTED_EDGE('',*,*,#7103,.T.);
#7103 = EDGE_CURVE('',#7095,#7066,#7104,.T.);
#7104 = LINE('',#7105,#7106);
#7105 = CARTESIAN_POINT('',(-74.7265596898,37.071043511735,
    -107.5959100849));
#7106 = VECTOR('',#7107,1.);
#7107 = DIRECTION('',(1.748854954348E-07,-3.578844362686E-07,-1.));
#7108 = ORIENTED_EDGE('',*,*,#7065,.T.);
#7109 = ORIENTED_EDGE('',*,*,#5141,.T.);
#7110 = ORIENTED_EDGE('',*,*,#5172,.T.);
#7111 = ORIENTED_EDGE('',*,*,#5197,.T.);
#7112 = ORIENTED_EDGE('',*,*,#5244,.T.);
#7113 = PLANE('',#7114);
#7114 = AXIS2_PLACEMENT_3D('',#7115,#7116,#7117);
#7115 = CARTESIAN_POINT('',(-82.45580252559,23.684167263293,
    -91.09590704292));
#7116 = DIRECTION('',(0.866016441554,-0.500015522718,3.304014879092E-07)
  );
#7117 = DIRECTION('',(0.500015522718,0.866016441554,-2.22488345068E-07)
  );
#7118 = ADVANCED_FACE('',(#7119),#7139,.T.);
#7119 = FACE_BOUND('',#7120,.T.);
#7120 = EDGE_LOOP('',(#7121,#7122,#7131,#7138));
#7121 = ORIENTED_EDGE('',*,*,#5296,.F.);
#7122 = ORIENTED_EDGE('',*,*,#7123,.F.);
#7123 = EDGE_CURVE('',#7124,#5289,#7126,.T.);
#7124 = VERTEX_POINT('',#7125);
#7125 = CARTESIAN_POINT('',(-73.36052903941,37.437047119286,
    -100.0831051294));
#7126 = CIRCLE('',#7127,2.);
#7127 = AXIS2_PLACEMENT_3D('',#7128,#7129,#7130);
#7128 = CARTESIAN_POINT('',(-74.36056008485,35.705014236179,
    -100.0831046844));
#7129 = DIRECTION('',(0.866016441554,-0.500015522718,3.304014879191E-07)
  );
#7130 = DIRECTION('',(0.433026057518,0.749992417423,0.499999807319));
#7131 = ORIENTED_EDGE('',*,*,#7132,.T.);
#7132 = EDGE_CURVE('',#7124,#7095,#7133,.T.);
#7133 = CIRCLE('',#7134,1.);
#7134 = AXIS2_PLACEMENT_3D('',#7135,#7136,#7137);
#7135 = CARTESIAN_POINT('',(-73.86054456213,36.571030677733,
    -100.0831049069));
#7136 = DIRECTION('',(-1.748854927177E-07,3.578844372593E-07,1.));
#7137 = DIRECTION('',(0.500015522718,0.866016441554,-2.224883457857E-07)
  );
#7138 = ORIENTED_EDGE('',*,*,#7094,.F.);
#7139 = ( BOUNDED_SURFACE() B_SPLINE_SURFACE(2,2,(
    (#7140,#7141,#7142)
    ,(#7143,#7144,#7145)
    ,(#7146,#7147,#7148
)),.UNSPECIFIED.,.F.,.F.,.F.) B_SPLINE_SURFACE_WITH_KNOTS((3,3),(3,3),(
    -1.570796326795,7.597964880035E-15),(0.523598600713,1.570796151909),
.PIECEWISE_BEZIER_KNOTS.) GEOMETRIC_REPRESENTATION_ITEM() 
RATIONAL_B_SPLINE_SURFACE((
    (1.,0.866025403784,1.)
    ,(0.707106781187,0.612372435696,0.707106781187)
,(1.,0.866025403784,1.))) REPRESENTATION_ITEM('') SURFACE() );
#7140 = CARTESIAN_POINT('',(-74.9765689165,36.638038289611,
    -99.21707972229));
#7141 = CARTESIAN_POINT('',(-74.72656110466,37.071046407075,
    -99.50575496813));
#7142 = CARTESIAN_POINT('',(-74.72656100368,37.071046200451,
    -100.0831052373));
#7143 = CARTESIAN_POINT('',(-74.7265613066,37.071046820325,
    -98.35105442975));
#7144 = CARTESIAN_POINT('',(-74.22654568291,37.937063055254,
    -98.92840492143));
#7145 = CARTESIAN_POINT('',(-74.22654548097,37.937062642004,
    -100.0831054598));
#7146 = CARTESIAN_POINT('',(-73.86054486504,36.571031297607,
    -98.35105409935));
#7147 = CARTESIAN_POINT('',(-73.36052924135,37.437047532536,
    -98.92840459103));
#7148 = CARTESIAN_POINT('',(-73.36052903941,37.437047119286,
    -100.0831051294));
#7149 = ADVANCED_FACE('',(#7150),#7175,.T.);
#7150 = FACE_BOUND('',#7151,.T.);
#7151 = EDGE_LOOP('',(#7152,#7153,#7161,#7169));
#7152 = ORIENTED_EDGE('',*,*,#5288,.T.);
#7153 = ORIENTED_EDGE('',*,*,#7154,.T.);
#7154 = EDGE_CURVE('',#5278,#7155,#7157,.T.);
#7155 = VERTEX_POINT('',#7156);
#7156 = CARTESIAN_POINT('',(-75.23322916802,26.393816527183,
    -92.86622313984));
#7157 = LINE('',#7158,#7159);
#7158 = CARTESIAN_POINT('',(-90.73492347183,35.344094383832,
    -92.86622905403));
#7159 = VECTOR('',#7160,1.);
#7160 = DIRECTION('',(0.866016441554,-0.500015522718,3.304014879092E-07)
  );
#7161 = ORIENTED_EDGE('',*,*,#7162,.T.);
#7162 = EDGE_CURVE('',#7155,#7163,#7165,.T.);
#7163 = VERTEX_POINT('',#7164);
#7164 = CARTESIAN_POINT('',(-70.48308074298,34.620970759007,
    -98.35105281078));
#7165 = LINE('',#7166,#7167);
#7166 = CARTESIAN_POINT('',(-74.8852373391,26.996530840883,
    -93.26803709127));
#7167 = VECTOR('',#7168,1.);
#7168 = DIRECTION('',(0.433026232403,0.749992059538,-0.500000192681));
#7169 = ORIENTED_EDGE('',*,*,#7170,.T.);
#7170 = EDGE_CURVE('',#7163,#5289,#7171,.T.);
#7171 = LINE('',#7172,#7173);
#7172 = CARTESIAN_POINT('',(-87.7168079299,44.571279661092,
    -98.35105938577));
#7173 = VECTOR('',#7174,1.);
#7174 = DIRECTION('',(-0.866016441554,0.500015522718,-3.304014877303E-07
    ));
#7175 = PLANE('',#7176);
#7176 = AXIS2_PLACEMENT_3D('',#7177,#7178,#7179);
#7177 = CARTESIAN_POINT('',(-85.98477504679,43.571248615657,
    -98.35105872497));
#7178 = DIRECTION('',(0.250007609904,0.433008530714,0.86602529254));
#7179 = DIRECTION('',(-0.433026232403,-0.749992059538,0.500000192681));
#7180 = ADVANCED_FACE('',(#7181),#7200,.F.);
#7181 = FACE_BOUND('',#7182,.F.);
#7182 = EDGE_LOOP('',(#7183,#7184,#7193,#7199));
#7183 = ORIENTED_EDGE('',*,*,#7154,.T.);
#7184 = ORIENTED_EDGE('',*,*,#7185,.F.);
#7185 = EDGE_CURVE('',#7186,#7155,#7188,.T.);
#7186 = VERTEX_POINT('',#7187);
#7187 = CARTESIAN_POINT('',(-76.23326081928,24.661784883824,
    -89.40212107973));
#7188 = CIRCLE('',#7189,4.);
#7189 = AXIS2_PLACEMENT_3D('',#7190,#7191,#7192);
#7190 = CARTESIAN_POINT('',(-74.23319872841,28.125850650038,
    -89.40212196968));
#7191 = DIRECTION('',(0.866016441554,-0.500015522718,3.304014881134E-07)
  );
#7192 = DIRECTION('',(-0.433026057518,-0.749992417423,-0.499999807319));
#7193 = ORIENTED_EDGE('',*,*,#7194,.F.);
#7194 = EDGE_CURVE('',#5320,#7186,#7195,.T.);
#7195 = LINE('',#7196,#7197);
#7196 = CARTESIAN_POINT('',(-91.73495512309,33.612062740474,
    -89.40212699392));
#7197 = VECTOR('',#7198,1.);
#7198 = DIRECTION('',(0.866016441554,-0.500015522718,3.304014879092E-07)
  );
#7199 = ORIENTED_EDGE('',*,*,#5330,.F.);
#7200 = CYLINDRICAL_SURFACE('',#7201,4.);
#7201 = AXIS2_PLACEMENT_3D('',#7202,#7203,#7204);
#7202 = CARTESIAN_POINT('',(-89.73489303221,37.076128506688,
    -89.40212788387));
#7203 = DIRECTION('',(-0.866016441554,0.500015522718,-3.304014879092E-07
    ));
#7204 = DIRECTION('',(-0.500015522718,-0.866016441554,2.22488392419E-07)
  );
#7205 = ADVANCED_FACE('',(#7206),#7224,.T.);
#7206 = FACE_BOUND('',#7207,.T.);
#7207 = EDGE_LOOP('',(#7208,#7209,#7217,#7223));
#7208 = ORIENTED_EDGE('',*,*,#5364,.T.);
#7209 = ORIENTED_EDGE('',*,*,#7210,.T.);
#7210 = EDGE_CURVE('',#5354,#7211,#7213,.T.);
#7211 = VERTEX_POINT('',#7212);
#7212 = CARTESIAN_POINT('',(-76.23326273771,24.661788809694,
    -78.43246596513));
#7213 = LINE('',#7214,#7215);
#7214 = CARTESIAN_POINT('',(-91.73495704152,33.612066666343,
    -78.43247187931));
#7215 = VECTOR('',#7216,1.);
#7216 = DIRECTION('',(0.866016441554,-0.500015522718,3.304014879092E-07)
  );
#7217 = ORIENTED_EDGE('',*,*,#7218,.T.);
#7218 = EDGE_CURVE('',#7211,#7186,#7219,.T.);
#7219 = LINE('',#7220,#7221);
#7220 = CARTESIAN_POINT('',(-76.23326071489,24.661784670206,
    -89.99901329498));
#7221 = VECTOR('',#7222,1.);
#7222 = DIRECTION('',(1.74885463187E-07,-3.578844924443E-07,-1.));
#7223 = ORIENTED_EDGE('',*,*,#7194,.F.);
#7224 = PLANE('',#7225);
#7225 = AXIS2_PLACEMENT_3D('',#7226,#7227,#7228);
#7226 = CARTESIAN_POINT('',(-91.73495512309,33.612062740474,
    -89.40212699392));
#7227 = DIRECTION('',(0.500015522718,0.866016441554,-2.224884083427E-07)
  );
#7228 = DIRECTION('',(-1.74885463047E-07,3.578844923635E-07,1.));
#7229 = ADVANCED_FACE('',(#7230),#7250,.F.);
#7230 = FACE_BOUND('',#7231,.F.);
#7231 = EDGE_LOOP('',(#7232,#7233,#7234,#7243,#7249));
#7232 = ORIENTED_EDGE('',*,*,#5394,.F.);
#7233 = ORIENTED_EDGE('',*,*,#7210,.T.);
#7234 = ORIENTED_EDGE('',*,*,#7235,.F.);
#7235 = EDGE_CURVE('',#7236,#7211,#7238,.T.);
#7236 = VERTEX_POINT('',#7237);
#7237 = CARTESIAN_POINT('',(-74.48320946838,27.69284852469,
    -72.37028891735));
#7238 = CIRCLE('',#7239,7.);
#7239 = AXIS2_PLACEMENT_3D('',#7240,#7241,#7242);
#7240 = CARTESIAN_POINT('',(-72.73315407868,30.723903900568,
    -78.43246752255));
#7241 = DIRECTION('',(0.866016441554,-0.500015522718,3.304014880579E-07)
  );
#7242 = DIRECTION('',(-0.433026232403,-0.749992059538,0.500000192681));
#7243 = ORIENTED_EDGE('',*,*,#7244,.F.);
#7244 = EDGE_CURVE('',#5418,#7236,#7245,.T.);
#7245 = LINE('',#7246,#7247);
#7246 = CARTESIAN_POINT('',(-89.98490377219,36.64312638134,
    -72.37029483153));
#7247 = VECTOR('',#7248,1.);
#7248 = DIRECTION('',(0.866016441554,-0.500015522718,3.304014879092E-07)
  );
#7249 = ORIENTED_EDGE('',*,*,#5426,.F.);
#7250 = CYLINDRICAL_SURFACE('',#7251,7.);
#7251 = AXIS2_PLACEMENT_3D('',#7252,#7253,#7254);
#7252 = CARTESIAN_POINT('',(-88.23484838249,39.674181757218,
    -78.43247343673));
#7253 = DIRECTION('',(-0.866016441554,0.500015522718,-3.304014879092E-07
    ));
#7254 = DIRECTION('',(-0.250007912814,-0.43300791084,0.866025515029));
#7255 = ADVANCED_FACE('',(#7256),#7269,.T.);
#7256 = FACE_BOUND('',#7257,.T.);
#7257 = EDGE_LOOP('',(#7258,#7259,#7260,#7266,#7267,#7268));
#7258 = ORIENTED_EDGE('',*,*,#5550,.T.);
#7259 = ORIENTED_EDGE('',*,*,#5592,.T.);
#7260 = ORIENTED_EDGE('',*,*,#7261,.T.);
#7261 = EDGE_CURVE('',#5584,#7236,#7262,.T.);
#7262 = LINE('',#7263,#7264);
#7263 = CARTESIAN_POINT('',(-78.51881489215,20.703261143069,
    -77.03005915351));
#7264 = VECTOR('',#7265,1.);
#7265 = DIRECTION('',(-0.433026057518,-0.749992417423,-0.499999807319));
#7266 = ORIENTED_EDGE('',*,*,#7244,.F.);
#7267 = ORIENTED_EDGE('',*,*,#5460,.T.);
#7268 = ORIENTED_EDGE('',*,*,#5498,.T.);
#7269 = PLANE('',#7270);
#7270 = AXIS2_PLACEMENT_3D('',#7271,#7272,#7273);
#7271 = CARTESIAN_POINT('',(-89.98490377219,36.64312638134,
    -72.37029483153));
#7272 = DIRECTION('',(0.250007912814,0.43300791084,-0.866025515029));
#7273 = DIRECTION('',(0.433026057518,0.749992417423,0.499999807319));
#7274 = ADVANCED_FACE('',(#7275),#7286,.T.);
#7275 = FACE_BOUND('',#7276,.T.);
#7276 = EDGE_LOOP('',(#7277,#7278,#7285));
#7277 = ORIENTED_EDGE('',*,*,#3294,.T.);
#7278 = ORIENTED_EDGE('',*,*,#7279,.F.);
#7279 = EDGE_CURVE('',#5584,#3287,#7280,.T.);
#7280 = CIRCLE('',#7281,2.);
#7281 = AXIS2_PLACEMENT_3D('',#7282,#7283,#7284);
#7282 = CARTESIAN_POINT('',(-70.98310192003,33.754965888435,
    -66.01943751368));
#7283 = DIRECTION('',(-0.433026057518,-0.749992417423,-0.499999807319));
#7284 = DIRECTION('',(0.789148388943,-4.738153675012E-02,-0.612372280728
    ));
#7285 = ORIENTED_EDGE('',*,*,#5583,.T.);
#7286 = SPHERICAL_SURFACE('',#7287,2.);
#7287 = AXIS2_PLACEMENT_3D('',#7288,#7289,#7290);
#7288 = CARTESIAN_POINT('',(-70.98310192003,33.754965888435,
    -66.01943751368));
#7289 = DIRECTION('',(-3.973738174068E-07,6.882858940571E-07,1.));
#7290 = DIRECTION('',(0.500015522718,0.866016441553,-3.973738237178E-07)
  );
#7291 = ADVANCED_FACE('',(#7292),#7297,.T.);
#7292 = FACE_BOUND('',#7293,.T.);
#7293 = EDGE_LOOP('',(#7294,#7295,#7296));
#7294 = ORIENTED_EDGE('',*,*,#3385,.T.);
#7295 = ORIENTED_EDGE('',*,*,#3536,.T.);
#7296 = ORIENTED_EDGE('',*,*,#509,.T.);
#7297 = PLANE('',#7298);
#7298 = AXIS2_PLACEMENT_3D('',#7299,#7300,#7301);
#7299 = CARTESIAN_POINT('',(-93.21000953009,31.057335201508,
    -35.09591076808));
#7300 = DIRECTION('',(0.866016393126,-0.500015606593,3.304014723555E-07)
  );
#7301 = DIRECTION('',(1.748854515644E-07,-3.578844380494E-07,-1.));
#7302 = ADVANCED_FACE('',(#7303),#7323,.F.);
#7303 = FACE_BOUND('',#7304,.T.);
#7304 = EDGE_LOOP('',(#7305,#7306,#7307,#7308,#7316));
#7305 = ORIENTED_EDGE('',*,*,#525,.T.);
#7306 = ORIENTED_EDGE('',*,*,#3529,.F.);
#7307 = ORIENTED_EDGE('',*,*,#5706,.F.);
#7308 = ORIENTED_EDGE('',*,*,#7309,.F.);
#7309 = EDGE_CURVE('',#7310,#5697,#7312,.T.);
#7310 = VERTEX_POINT('',#7311);
#7311 = CARTESIAN_POINT('',(-83.62638624079,32.856415156593,
    -57.59590973591));
#7312 = LINE('',#7313,#7314);
#7313 = CARTESIAN_POINT('',(-83.84289030746,32.981418947801,
    -57.84590981851));
#7314 = VECTOR('',#7315,1.);
#7315 = DIRECTION('',(0.612365974779,-0.35356411375,0.707107014816));
#7316 = ORIENTED_EDGE('',*,*,#7317,.F.);
#7317 = EDGE_CURVE('',#526,#7310,#7318,.T.);
#7318 = ELLIPSE('',#7319,0.707106781187,0.5);
#7319 = AXIS2_PLACEMENT_3D('',#7320,#7321,#7322);
#7320 = CARTESIAN_POINT('',(-83.87639400215,32.423406935816,
    -57.59590962466));
#7321 = DIRECTION('',(0.612366222104,-0.353564619875,-0.707106547557));
#7322 = DIRECTION('',(-0.612365974779,0.35356411375,-0.707107014816));
#7323 = PLANE('',#7324);
#7324 = AXIS2_PLACEMENT_3D('',#7325,#7326,#7327);
#7325 = CARTESIAN_POINT('',(-88.68904340831,24.087998685861,
    -57.59590748321));
#7326 = DIRECTION('',(0.612366222104,-0.353564619875,-0.707106547557));
#7327 = DIRECTION('',(0.500015522718,0.866016441554,-2.224883766944E-07)
  );
#7328 = ADVANCED_FACE('',(#7329),#7339,.T.);
#7329 = FACE_BOUND('',#7330,.T.);
#7330 = EDGE_LOOP('',(#7331,#7332,#7338));
#7331 = ORIENTED_EDGE('',*,*,#7317,.T.);
#7332 = ORIENTED_EDGE('',*,*,#7333,.F.);
#7333 = EDGE_CURVE('',#534,#7310,#7334,.T.);
#7334 = LINE('',#7335,#7336);
#7335 = CARTESIAN_POINT('',(-83.62638615335,32.856414977651,
    -58.09590973591));
#7336 = VECTOR('',#7337,1.);
#7337 = DIRECTION('',(-1.748854776706E-07,3.578844670357E-07,1.));
#7338 = ORIENTED_EDGE('',*,*,#533,.T.);
#7339 = CYLINDRICAL_SURFACE('',#7340,0.5);
#7340 = AXIS2_PLACEMENT_3D('',#7341,#7342,#7343);
#7341 = CARTESIAN_POINT('',(-83.87639391471,32.423406756874,
    -58.09590962466));
#7342 = DIRECTION('',(1.748854776706E-07,-3.578844670357E-07,-1.));
#7343 = DIRECTION('',(-0.258801731629,0.965930465254,-3.909521742089E-07
    ));
#7344 = ADVANCED_FACE('',(#7345),#7365,.F.);
#7345 = FACE_BOUND('',#7346,.T.);
#7346 = EDGE_LOOP('',(#7347,#7348,#7349,#7350,#7351,#7359));
#7347 = ORIENTED_EDGE('',*,*,#542,.T.);
#7348 = ORIENTED_EDGE('',*,*,#7333,.T.);
#7349 = ORIENTED_EDGE('',*,*,#7309,.T.);
#7350 = ORIENTED_EDGE('',*,*,#5696,.T.);
#7351 = ORIENTED_EDGE('',*,*,#7352,.T.);
#7352 = EDGE_CURVE('',#5699,#7353,#7355,.T.);
#7353 = VERTEX_POINT('',#7354);
#7354 = CARTESIAN_POINT('',(-79.12310074472,30.25633443846,
    -57.59590801782));
#7355 = LINE('',#7356,#7357);
#7356 = CARTESIAN_POINT('',(-80.24892234609,30.906355083243,
    -56.29590844734));
#7357 = VECTOR('',#7358,1.);
#7358 = DIRECTION('',(0.612366222104,-0.353564619875,-0.707106547557));
#7359 = ORIENTED_EDGE('',*,*,#7360,.T.);
#7360 = EDGE_CURVE('',#7353,#543,#7361,.T.);
#7361 = LINE('',#7362,#7363);
#7362 = CARTESIAN_POINT('',(-79.12310065727,30.256334259518,
    -58.09590801782));
#7363 = VECTOR('',#7364,1.);
#7364 = DIRECTION('',(1.748854776706E-07,-3.578844670357E-07,-1.));
#7365 = PLANE('',#7366);
#7366 = AXIS2_PLACEMENT_3D('',#7367,#7368,#7369);
#7367 = CARTESIAN_POINT('',(-84.05939437413,33.10642273901,
    -58.09590990111));
#7368 = DIRECTION('',(-0.500015522718,-0.866016441554,2.224883790963E-07
    ));
#7369 = DIRECTION('',(0.866016441554,-0.500015522718,3.304014878532E-07)
  );
#7370 = ADVANCED_FACE('',(#7371),#7382,.T.);
#7371 = FACE_BOUND('',#7372,.T.);
#7372 = EDGE_LOOP('',(#7373,#7380,#7381));
#7373 = ORIENTED_EDGE('',*,*,#7374,.T.);
#7374 = EDGE_CURVE('',#7353,#551,#7375,.T.);
#7375 = ELLIPSE('',#7376,0.707106781187,0.5);
#7376 = AXIS2_PLACEMENT_3D('',#7377,#7378,#7379);
#7377 = CARTESIAN_POINT('',(-79.37310850607,29.823326217683,
    -57.59590790658));
#7378 = DIRECTION('',(-0.612365974779,0.35356411375,-0.707107014816));
#7379 = DIRECTION('',(0.612366222104,-0.353564619875,-0.707106547557));
#7380 = ORIENTED_EDGE('',*,*,#550,.T.);
#7381 = ORIENTED_EDGE('',*,*,#7360,.F.);
#7382 = CYLINDRICAL_SURFACE('',#7383,0.5);
#7383 = AXIS2_PLACEMENT_3D('',#7384,#7385,#7386);
#7384 = CARTESIAN_POINT('',(-79.37310841863,29.823326038741,
    -58.09590790658));
#7385 = DIRECTION('',(1.748854776706E-07,-3.578844670357E-07,-1.));
#7386 = DIRECTION('',(0.965930465254,0.258801731629,7.630609102052E-08)
  );
#7387 = ADVANCED_FACE('',(#7388),#7395,.F.);
#7388 = FACE_BOUND('',#7389,.T.);
#7389 = EDGE_LOOP('',(#7390,#7391,#7392,#7393,#7394));
#7390 = ORIENTED_EDGE('',*,*,#5713,.F.);
#7391 = ORIENTED_EDGE('',*,*,#3513,.F.);
#7392 = ORIENTED_EDGE('',*,*,#559,.T.);
#7393 = ORIENTED_EDGE('',*,*,#7374,.F.);
#7394 = ORIENTED_EDGE('',*,*,#7352,.F.);
#7395 = PLANE('',#7396);
#7396 = AXIS2_PLACEMENT_3D('',#7397,#7398,#7399);
#7397 = CARTESIAN_POINT('',(-80.81065313389,27.333528948216,
    -57.59590726692));
#7398 = DIRECTION('',(-0.612365974779,0.35356411375,-0.707107014816));
#7399 = DIRECTION('',(0.500015522718,0.866016441554,-2.224883781932E-07)
  );
#7400 = ADVANCED_FACE('',(#7401),#7413,.F.);
#7401 = FACE_BOUND('',#7402,.F.);
#7402 = EDGE_LOOP('',(#7403,#7404,#7410,#7411,#7412));
#7403 = ORIENTED_EDGE('',*,*,#2853,.T.);
#7404 = ORIENTED_EDGE('',*,*,#7405,.T.);
#7405 = EDGE_CURVE('',#2839,#5793,#7406,.T.);
#7406 = LINE('',#7407,#7408);
#7407 = CARTESIAN_POINT('',(-82.37449421017,-0.284805174523,
    -65.46044644245));
#7408 = VECTOR('',#7409,1.);
#7409 = DIRECTION('',(-0.750003968119,-0.433005801368,0.500000023787));
#7410 = ORIENTED_EDGE('',*,*,#5800,.T.);
#7411 = ORIENTED_EDGE('',*,*,#5767,.F.);
#7412 = ORIENTED_EDGE('',*,*,#1279,.T.);
#7413 = PLANE('',#7414);
#7414 = AXIS2_PLACEMENT_3D('',#7415,#7416,#7417);
#7415 = CARTESIAN_POINT('',(-85.03523195799,-1.820938851104,
    -38.09589757181));
#7416 = DIRECTION('',(-0.499992238581,0.866029884795,-3.973799892416E-07
    ));
#7417 = DIRECTION('',(2.066248253669E-07,5.781449428172E-07,1.));
#7418 = ADVANCED_FACE('',(#7419),#7431,.F.);
#7419 = FACE_BOUND('',#7420,.T.);
#7420 = EDGE_LOOP('',(#7421,#7422,#7423,#7429,#7430));
#7421 = ORIENTED_EDGE('',*,*,#7405,.T.);
#7422 = ORIENTED_EDGE('',*,*,#5825,.T.);
#7423 = ORIENTED_EDGE('',*,*,#7424,.T.);
#7424 = EDGE_CURVE('',#5818,#3554,#7425,.T.);
#7425 = LINE('',#7426,#7427);
#7426 = CARTESIAN_POINT('',(-64.89691873182,-1.972219096267,
    -73.71221965853));
#7427 = VECTOR('',#7428,1.);
#7428 = DIRECTION('',(0.750003968119,0.433005801368,-0.500000023787));
#7429 = ORIENTED_EDGE('',*,*,#3553,.F.);
#7430 = ORIENTED_EDGE('',*,*,#2836,.T.);
#7431 = PLANE('',#7432);
#7432 = AXIS2_PLACEMENT_3D('',#7433,#7434,#7435);
#7433 = CARTESIAN_POINT('',(-63.55463005017,-3.87280263765,
    -73.83473537651));
#7434 = DIRECTION('',(-0.433016941942,-0.249992703473,-0.866025390044));
#7435 = DIRECTION('',(0.447227668536,0.774588365084,-0.447213905388));
#7436 = ADVANCED_FACE('',(#7437),#7461,.F.);
#7437 = FACE_BOUND('',#7438,.T.);
#7438 = EDGE_LOOP('',(#7439,#7447,#7453,#7454,#7460));
#7439 = ORIENTED_EDGE('',*,*,#7440,.T.);
#7440 = EDGE_CURVE('',#3562,#7441,#7443,.T.);
#7441 = VERTEX_POINT('',#7442);
#7442 = CARTESIAN_POINT('',(-66.15763268998,-2.700083715745,
    -87.09589395576));
#7443 = LINE('',#7444,#7445);
#7444 = CARTESIAN_POINT('',(-64.19263811711,-1.565616009513,
    -84.82692500896));
#7445 = VECTOR('',#7446,1.);
#7446 = DIRECTION('',(-0.612375480599,-0.353548155511,-0.707106761739));
#7447 = ORIENTED_EDGE('',*,*,#7448,.F.);
#7448 = EDGE_CURVE('',#6521,#7441,#7449,.T.);
#7449 = LINE('',#7450,#7451);
#7450 = CARTESIAN_POINT('',(-65.8821934918,-3.177178150098,
    -87.09589373684));
#7451 = VECTOR('',#7452,1.);
#7452 = DIRECTION('',(0.499984477121,-0.866034365737,3.97380324641E-07)
  );
#7453 = ORIENTED_EDGE('',*,*,#6520,.T.);
#7454 = ORIENTED_EDGE('',*,*,#7455,.F.);
#7455 = EDGE_CURVE('',#3570,#6523,#7456,.T.);
#7456 = LINE('',#7457,#7458);
#7457 = CARTESIAN_POINT('',(-67.55015912483,3.71376655051,
    -85.09504672576));
#7458 = VECTOR('',#7459,1.);
#7459 = DIRECTION('',(-0.211335682353,-0.788673678307,-0.577348299132));
#7460 = ORIENTED_EDGE('',*,*,#3569,.F.);
#7461 = PLANE('',#7462);
#7462 = AXIS2_PLACEMENT_3D('',#7463,#7464,#7465);
#7463 = CARTESIAN_POINT('',(-64.31474498392,-2.092072906461,
    -85.19589385106));
#7464 = DIRECTION('',(-0.612378896416,-0.353542161198,0.707106800618));
#7465 = DIRECTION('',(-0.377975918679,-0.654647297542,-0.654653435582));
#7466 = ADVANCED_FACE('',(#7467),#7479,.F.);
#7467 = FACE_BOUND('',#7468,.F.);
#7468 = EDGE_LOOP('',(#7469,#7470,#7471,#7477,#7478));
#7469 = ORIENTED_EDGE('',*,*,#7455,.F.);
#7470 = ORIENTED_EDGE('',*,*,#3577,.T.);
#7471 = ORIENTED_EDGE('',*,*,#7472,.T.);
#7472 = EDGE_CURVE('',#3578,#6473,#7473,.T.);
#7473 = LINE('',#7474,#7475);
#7474 = CARTESIAN_POINT('',(-67.03800036795,5.625030532084,
    -115.0958970891));
#7475 = VECTOR('',#7476,1.);
#7476 = DIRECTION('',(-0.21133588429,-0.788673265048,0.577348789736));
#7477 = ORIENTED_EDGE('',*,*,#6482,.F.);
#7478 = ORIENTED_EDGE('',*,*,#6552,.T.);
#7479 = PLANE('',#7480);
#7480 = AXIS2_PLACEMENT_3D('',#7481,#7482,#7483);
#7481 = CARTESIAN_POINT('',(-67.11121459987,5.351835750917,
    -85.64589679456));
#7482 = DIRECTION('',(-0.965922346862,0.258832030153,-2.61557894025E-07)
  );
#7483 = DIRECTION('',(-1.280227829058E-07,5.327695611217E-07,1.));
#7484 = ADVANCED_FACE('',(#7485),#7504,.F.);
#7485 = FACE_BOUND('',#7486,.F.);
#7486 = EDGE_LOOP('',(#7487,#7495,#7496,#7497));
#7487 = ORIENTED_EDGE('',*,*,#7488,.T.);
#7488 = EDGE_CURVE('',#7489,#6070,#7491,.T.);
#7489 = VERTEX_POINT('',#7490);
#7490 = CARTESIAN_POINT('',(-100.6052767175,8.249138796659,
    -123.6959038987));
#7491 = LINE('',#7492,#7493);
#7492 = CARTESIAN_POINT('',(-100.6052766476,8.249138653505,
    -124.0959038987));
#7493 = VECTOR('',#7494,1.);
#7494 = DIRECTION('',(-1.748855619275E-07,3.578843203857E-07,1.));
#7495 = ORIENTED_EDGE('',*,*,#6069,.T.);
#7496 = ORIENTED_EDGE('',*,*,#7488,.F.);
#7497 = ORIENTED_EDGE('',*,*,#7498,.F.);
#7498 = EDGE_CURVE('',#7489,#7489,#7499,.T.);
#7499 = CIRCLE('',#7500,1.4);
#7500 = AXIS2_PLACEMENT_3D('',#7501,#7502,#7503);
#7501 = CARTESIAN_POINT('',(-99.90525498578,9.461561814834,
    -123.6959042101));
#7502 = DIRECTION('',(1.748856297342E-07,-3.578844387555E-07,-1.));
#7503 = DIRECTION('',(0.500015522718,0.866016441554,-2.22488278571E-07)
  );
#7504 = CYLINDRICAL_SURFACE('',#7505,1.4);
#7505 = AXIS2_PLACEMENT_3D('',#7506,#7507,#7508);
#7506 = CARTESIAN_POINT('',(-99.90525491583,9.46156167168,
    -124.0959042102));
#7507 = DIRECTION('',(1.748855619275E-07,-3.578843203857E-07,-1.));
#7508 = DIRECTION('',(0.500015522718,0.866016441554,-2.224882099653E-07)
  );
#7509 = ADVANCED_FACE('',(#7510),#7537,.F.);
#7510 = FACE_BOUND('',#7511,.F.);
#7511 = EDGE_LOOP('',(#7512,#7521,#7522,#7531));
#7512 = ORIENTED_EDGE('',*,*,#7513,.T.);
#7513 = EDGE_CURVE('',#7514,#6176,#7516,.T.);
#7514 = VERTEX_POINT('',#7515);
#7515 = CARTESIAN_POINT('',(-67.46168458697,-3.452975694749,
    -115.0958939143));
#7516 = CIRCLE('',#7517,0.4);
#7517 = AXIS2_PLACEMENT_3D('',#7518,#7519,#7520);
#7518 = CARTESIAN_POINT('',(-67.80807860345,-3.653003656162,
    -115.0958939033));
#7519 = DIRECTION('',(-1.748856425837E-07,3.578844331586E-07,1.));
#7520 = DIRECTION('',(0.866034463565,0.499984307671,-2.747960687886E-08)
  );
#7521 = ORIENTED_EDGE('',*,*,#6450,.T.);
#7522 = ORIENTED_EDGE('',*,*,#7523,.T.);
#7523 = EDGE_CURVE('',#6451,#7524,#7526,.T.);
#7524 = VERTEX_POINT('',#7525);
#7525 = CARTESIAN_POINT('',(-67.11527270231,-3.252978655761,
    -114.6958939253));
#7526 = CIRCLE('',#7527,0.8);
#7527 = AXIS2_PLACEMENT_3D('',#7528,#7529,#7530);
#7528 = CARTESIAN_POINT('',(-67.8080786734,-3.653003513008,
    -114.6958939033));
#7529 = DIRECTION('',(1.748856425837E-07,-3.578844331586E-07,-1.));
#7530 = DIRECTION('',(0.866034463565,0.499984307671,-2.747960687886E-08)
  );
#7531 = ORIENTED_EDGE('',*,*,#7532,.F.);
#7532 = EDGE_CURVE('',#7514,#7524,#7533,.T.);
#7533 = LINE('',#7534,#7535);
#7534 = CARTESIAN_POINT('',(-67.28847859096,-3.352977144262,
    -114.8958938578));
#7535 = VECTOR('',#7536,1.);
#7536 = DIRECTION('',(0.612375481202,0.353548155859,0.707106761042));
#7537 = CONICAL_SURFACE('',#7538,0.6,0.785398163397);
#7538 = AXIS2_PLACEMENT_3D('',#7539,#7540,#7541);
#7539 = CARTESIAN_POINT('',(-67.80807863843,-3.653003584585,
    -114.8958939033));
#7540 = DIRECTION('',(-1.748856407953E-07,3.578844355803E-07,1.));
#7541 = DIRECTION('',(0.866034463565,0.499984307671,-2.747960963851E-08)
  );
#7542 = ADVANCED_FACE('',(#7543),#7562,.F.);
#7543 = FACE_BOUND('',#7544,.F.);
#7544 = EDGE_LOOP('',(#7545,#7554,#7555,#7556));
#7545 = ORIENTED_EDGE('',*,*,#7546,.F.);
#7546 = EDGE_CURVE('',#6194,#7547,#7549,.T.);
#7547 = VERTEX_POINT('',#7548);
#7548 = CARTESIAN_POINT('',(-67.4616837825,-3.452977341017,
    -119.6958939143));
#7549 = CIRCLE('',#7550,0.4);
#7550 = AXIS2_PLACEMENT_3D('',#7551,#7552,#7553);
#7551 = CARTESIAN_POINT('',(-67.80807779898,-3.653005302431,
    -119.6958939033));
#7552 = DIRECTION('',(1.748856410454E-07,-3.578844322704E-07,-1.));
#7553 = DIRECTION('',(0.866034463565,0.499984307671,-2.747960776704E-08)
  );
#7554 = ORIENTED_EDGE('',*,*,#6201,.T.);
#7555 = ORIENTED_EDGE('',*,*,#7513,.F.);
#7556 = ORIENTED_EDGE('',*,*,#7557,.F.);
#7557 = EDGE_CURVE('',#7547,#7514,#7558,.T.);
#7558 = LINE('',#7559,#7560);
#7559 = CARTESIAN_POINT('',(-67.46168465692,-3.452975551596,
    -114.6958939143));
#7560 = VECTOR('',#7561,1.);
#7561 = DIRECTION('',(-1.748855534772E-07,3.578842805947E-07,1.));
#7562 = CYLINDRICAL_SURFACE('',#7563,0.4);
#7563 = AXIS2_PLACEMENT_3D('',#7564,#7565,#7566);
#7564 = CARTESIAN_POINT('',(-67.8080786734,-3.653003513008,
    -114.6958939033));
#7565 = DIRECTION('',(-1.748856410454E-07,3.578844322704E-07,1.));
#7566 = DIRECTION('',(0.866034463565,0.499984307671,-2.747960776704E-08)
  );
#7567 = ADVANCED_FACE('',(#7568),#7587,.F.);
#7568 = FACE_BOUND('',#7569,.T.);
#7569 = EDGE_LOOP('',(#7570,#7578,#7579,#7580,#7581));
#7570 = ORIENTED_EDGE('',*,*,#7571,.T.);
#7571 = EDGE_CURVE('',#7572,#3586,#7574,.T.);
#7572 = VERTEX_POINT('',#7573);
#7573 = CARTESIAN_POINT('',(-63.55953820865,-1.200116877551,
    -114.6958940382));
#7574 = LINE('',#7575,#7576);
#7575 = CARTESIAN_POINT('',(-72.20341063104,-6.190551078603,
    -104.7148632841));
#7576 = VECTOR('',#7577,1.);
#7577 = DIRECTION('',(0.612375727924,0.353547649386,-0.707106800606));
#7578 = ORIENTED_EDGE('',*,*,#3585,.F.);
#7579 = ORIENTED_EDGE('',*,*,#7472,.T.);
#7580 = ORIENTED_EDGE('',*,*,#6472,.T.);
#7581 = ORIENTED_EDGE('',*,*,#7582,.F.);
#7582 = EDGE_CURVE('',#7572,#6475,#7583,.T.);
#7583 = LINE('',#7584,#7585);
#7584 = CARTESIAN_POINT('',(-63.36210102906,-1.54210225994,
    -114.6958938812));
#7585 = VECTOR('',#7586,1.);
#7586 = DIRECTION('',(-0.499984477121,0.866034365737,-3.97380324641E-07)
  );
#7587 = PLANE('',#7588);
#7588 = AXIS2_PLACEMENT_3D('',#7589,#7590,#7591);
#7589 = CARTESIAN_POINT('',(-63.18889412094,-1.442105436093,
    -114.8958938867));
#7590 = DIRECTION('',(-0.61237864909,-0.353542667323,-0.707106761755));
#7591 = DIRECTION('',(0.377976495483,0.654646494255,-0.654653905833));
#7592 = ADVANCED_FACE('',(#7593),#7629,.F.);
#7593 = FACE_BOUND('',#7594,.F.);
#7594 = EDGE_LOOP('',(#7595,#7606,#7614,#7623));
#7595 = ORIENTED_EDGE('',*,*,#7596,.F.);
#7596 = EDGE_CURVE('',#7597,#7599,#7601,.T.);
#7597 = VERTEX_POINT('',#7598);
#7598 = CARTESIAN_POINT('',(-69.26983497764,-4.49689231396,
    -119.6958938569));
#7599 = VERTEX_POINT('',#7600);
#7600 = CARTESIAN_POINT('',(-73.94639635554,-7.196850402296,
    -119.6958937085));
#7601 = CIRCLE('',#7602,2.7);
#7602 = AXIS2_PLACEMENT_3D('',#7603,#7604,#7605);
#7603 = CARTESIAN_POINT('',(-71.6081159938,-5.846870791378,
    -119.6958937827));
#7604 = DIRECTION('',(-1.748856410454E-07,3.578844322704E-07,1.));
#7605 = DIRECTION('',(-0.500015522718,-0.866016441554,2.224882672991E-07
    ));
#7606 = ORIENTED_EDGE('',*,*,#7607,.F.);
#7607 = EDGE_CURVE('',#7608,#7597,#7610,.T.);
#7608 = VERTEX_POINT('',#7609);
#7609 = CARTESIAN_POINT('',(-69.2698342781,-4.496893745497,
    -123.6958938569));
#7610 = LINE('',#7611,#7612);
#7611 = CARTESIAN_POINT('',(-69.26983420815,-4.496893888651,
    -124.0958938569));
#7612 = VECTOR('',#7613,1.);
#7613 = DIRECTION('',(-1.748855421387E-07,3.578842873222E-07,1.));
#7614 = ORIENTED_EDGE('',*,*,#7615,.F.);
#7615 = EDGE_CURVE('',#7616,#7608,#7618,.T.);
#7616 = VERTEX_POINT('',#7617);
#7617 = CARTESIAN_POINT('',(-73.946395656,-7.196851833833,
    -123.6958937085));
#7618 = CIRCLE('',#7619,2.7);
#7619 = AXIS2_PLACEMENT_3D('',#7620,#7621,#7622);
#7620 = CARTESIAN_POINT('',(-71.60811529425,-5.846872222916,
    -123.6958937827));
#7621 = DIRECTION('',(1.748856297342E-07,-3.578844387555E-07,-1.));
#7622 = DIRECTION('',(-0.500015522718,-0.866016441554,2.224882785711E-07
    ));
#7623 = ORIENTED_EDGE('',*,*,#7624,.F.);
#7624 = EDGE_CURVE('',#7599,#7616,#7625,.T.);
#7625 = LINE('',#7626,#7627);
#7626 = CARTESIAN_POINT('',(-73.94639558604,-7.196851976987,
    -124.0958937085));
#7627 = VECTOR('',#7628,1.);
#7628 = DIRECTION('',(1.748855421387E-07,-3.578842873222E-07,-1.));
#7629 = CYLINDRICAL_SURFACE('',#7630,2.7);
#7630 = AXIS2_PLACEMENT_3D('',#7631,#7632,#7633);
#7631 = CARTESIAN_POINT('',(-71.6081152243,-5.84687236607,
    -124.0958937827));
#7632 = DIRECTION('',(1.748856295499E-07,-3.578844387259E-07,-1.));
#7633 = DIRECTION('',(-0.499992238581,0.866029884795,-3.973800766541E-07
    ));
#7634 = ADVANCED_FACE('',(#7635),#7662,.F.);
#7635 = FACE_BOUND('',#7636,.F.);
#7636 = EDGE_LOOP('',(#7637,#7646,#7647,#7656));
#7637 = ORIENTED_EDGE('',*,*,#7638,.F.);
#7638 = EDGE_CURVE('',#6313,#7639,#7641,.T.);
#7639 = VERTEX_POINT('',#7640);
#7640 = CARTESIAN_POINT('',(-75.75454837123,-8.240763738251,
    -115.0958936512));
#7641 = CIRCLE('',#7642,0.4);
#7642 = AXIS2_PLACEMENT_3D('',#7643,#7644,#7645);
#7643 = CARTESIAN_POINT('',(-75.40815824442,-8.040729041138,
    -115.0958936622));
#7644 = DIRECTION('',(-1.748856425837E-07,3.578844331586E-07,1.));
#7645 = DIRECTION('',(-0.866034367564,-0.499984473958,2.747968317955E-08
    ));
#7646 = ORIENTED_EDGE('',*,*,#6320,.T.);
#7647 = ORIENTED_EDGE('',*,*,#7648,.F.);
#7648 = EDGE_CURVE('',#7649,#6321,#7651,.T.);
#7649 = VERTEX_POINT('',#7650);
#7650 = CARTESIAN_POINT('',(-75.75454756676,-8.240765384519,
    -119.6958936512));
#7651 = CIRCLE('',#7652,0.4);
#7652 = AXIS2_PLACEMENT_3D('',#7653,#7654,#7655);
#7653 = CARTESIAN_POINT('',(-75.40815743995,-8.040730687407,
    -119.6958936622));
#7654 = DIRECTION('',(1.748856410454E-07,-3.578844322704E-07,-1.));
#7655 = DIRECTION('',(-0.866034367564,-0.499984473958,2.747968406773E-08
    ));
#7656 = ORIENTED_EDGE('',*,*,#7657,.F.);
#7657 = EDGE_CURVE('',#7639,#7649,#7658,.T.);
#7658 = LINE('',#7659,#7660);
#7659 = CARTESIAN_POINT('',(-75.75454844119,-8.240763595098,
    -114.6958936512));
#7660 = VECTOR('',#7661,1.);
#7661 = DIRECTION('',(1.748855534772E-07,-3.578842805947E-07,-1.));
#7662 = CYLINDRICAL_SURFACE('',#7663,0.4);
#7663 = AXIS2_PLACEMENT_3D('',#7664,#7665,#7666);
#7664 = CARTESIAN_POINT('',(-75.40815831438,-8.040728897985,
    -114.6958936622));
#7665 = DIRECTION('',(-1.748856410454E-07,3.578844322704E-07,1.));
#7666 = DIRECTION('',(-0.866034367564,-0.499984473958,2.747968406773E-08
    ));
#7667 = ADVANCED_FACE('',(#7668),#7687,.F.);
#7668 = FACE_BOUND('',#7669,.F.);
#7669 = EDGE_LOOP('',(#7670,#7679,#7680,#7681));
#7670 = ORIENTED_EDGE('',*,*,#7671,.T.);
#7671 = EDGE_CURVE('',#7672,#6344,#7674,.T.);
#7672 = VERTEX_POINT('',#7673);
#7673 = CARTESIAN_POINT('',(-76.10096039614,-8.440760491125,
    -114.6958936402));
#7674 = CIRCLE('',#7675,0.8);
#7675 = AXIS2_PLACEMENT_3D('',#7676,#7677,#7678);
#7676 = CARTESIAN_POINT('',(-75.40815831438,-8.040728897985,
    -114.6958936622));
#7677 = DIRECTION('',(1.748856425837E-07,-3.578844331586E-07,-1.));
#7678 = DIRECTION('',(-0.866034367564,-0.499984473958,2.747968317955E-08
    ));
#7679 = ORIENTED_EDGE('',*,*,#6343,.F.);
#7680 = ORIENTED_EDGE('',*,*,#7638,.T.);
#7681 = ORIENTED_EDGE('',*,*,#7682,.F.);
#7682 = EDGE_CURVE('',#7672,#7639,#7683,.T.);
#7683 = LINE('',#7684,#7685);
#7684 = CARTESIAN_POINT('',(-75.92775439883,-8.340762123432,
    -114.8958936282));
#7685 = VECTOR('',#7686,1.);
#7686 = DIRECTION('',(0.612375728823,0.353547649905,-0.707106799567));
#7687 = CONICAL_SURFACE('',#7688,0.6,0.785398163397);
#7688 = AXIS2_PLACEMENT_3D('',#7689,#7690,#7691);
#7689 = CARTESIAN_POINT('',(-75.4081582794,-8.040728969561,
    -114.8958936622));
#7690 = DIRECTION('',(-1.748856419971E-07,3.578844362742E-07,1.));
#7691 = DIRECTION('',(-0.866034367564,-0.499984473958,2.747968524531E-08
    ));
#7692 = ADVANCED_FACE('',(#7693),#7720,.F.);
#7693 = FACE_BOUND('',#7694,.F.);
#7694 = EDGE_LOOP('',(#7695,#7704,#7705,#7714));
#7695 = ORIENTED_EDGE('',*,*,#7696,.T.);
#7696 = EDGE_CURVE('',#7697,#6491,#7699,.T.);
#7697 = VERTEX_POINT('',#7698);
#7698 = CARTESIAN_POINT('',(-79.71882424944,-10.5294917459,
    -114.2958935254));
#7699 = CIRCLE('',#7700,7.25);
#7700 = AXIS2_PLACEMENT_3D('',#7701,#7702,#7703);
#7701 = CARTESIAN_POINT('',(-73.44010051764,-6.904560256926,
    -114.2958937246));
#7702 = DIRECTION('',(1.748856425837E-07,-3.578844331586E-07,-1.));
#7703 = DIRECTION('',(-0.500015522718,-0.866016441554,2.224882672991E-07
    ));
#7704 = ORIENTED_EDGE('',*,*,#6498,.F.);
#7705 = ORIENTED_EDGE('',*,*,#7706,.T.);
#7706 = EDGE_CURVE('',#6499,#7707,#7709,.T.);
#7707 = VERTEX_POINT('',#7708);
#7708 = CARTESIAN_POINT('',(-79.37241222557,-10.32949499362,
    -114.6958935363));
#7709 = CIRCLE('',#7710,6.85);
#7710 = AXIS2_PLACEMENT_3D('',#7711,#7712,#7713);
#7711 = CARTESIAN_POINT('',(-73.44010044769,-6.90456040008,
    -114.6958937246));
#7712 = DIRECTION('',(-1.748856425837E-07,3.578844331586E-07,1.));
#7713 = DIRECTION('',(-0.500015522718,-0.866016441554,2.224882672991E-07
    ));
#7714 = ORIENTED_EDGE('',*,*,#7715,.F.);
#7715 = EDGE_CURVE('',#7697,#7707,#7716,.T.);
#7716 = LINE('',#7717,#7718);
#7717 = CARTESIAN_POINT('',(-79.54561843331,-10.4294934828,
    -114.4958933047));
#7718 = VECTOR('',#7719,1.);
#7719 = DIRECTION('',(0.612375727913,0.353547649379,-0.707106800619));
#7720 = CONICAL_SURFACE('',#7721,7.05,0.785398163397);
#7721 = AXIS2_PLACEMENT_3D('',#7722,#7723,#7724);
#7722 = CARTESIAN_POINT('',(-73.44010048267,-6.904560328503,
    -114.4958937246));
#7723 = DIRECTION('',(-1.748856419971E-07,3.578844362742E-07,1.));
#7724 = DIRECTION('',(-0.500015522718,-0.866016441554,2.224882702906E-07
    ));
#7725 = ADVANCED_FACE('',(#7726),#7765,.F.);
#7726 = FACE_BOUND('',#7727,.F.);
#7727 = EDGE_LOOP('',(#7728,#7737,#7738,#7739,#7748,#7754,#7755,#7756,
    #7757,#7758,#7759));
#7728 = ORIENTED_EDGE('',*,*,#7729,.F.);
#7729 = EDGE_CURVE('',#6690,#7730,#7732,.T.);
#7730 = VERTEX_POINT('',#7731);
#7731 = CARTESIAN_POINT('',(-79.71882540369,-10.52948938386,
    -107.6958935254));
#7732 = CIRCLE('',#7733,7.25);
#7733 = AXIS2_PLACEMENT_3D('',#7734,#7735,#7736);
#7734 = CARTESIAN_POINT('',(-73.44010167189,-6.904557894889,
    -107.6958937246));
#7735 = DIRECTION('',(-1.748856425837E-07,3.578844331586E-07,1.));
#7736 = DIRECTION('',(-0.866025214645,-0.500000327599,2.748695766502E-08
    ));
#7737 = ORIENTED_EDGE('',*,*,#6698,.F.);
#7738 = ORIENTED_EDGE('',*,*,#6660,.F.);
#7739 = ORIENTED_EDGE('',*,*,#7740,.F.);
#7740 = EDGE_CURVE('',#7741,#6642,#7743,.T.);
#7741 = VERTEX_POINT('',#7742);
#7742 = CARTESIAN_POINT('',(-80.48672336261,-5.199360351016,
    -87.09589556726));
#7743 = CIRCLE('',#7744,7.25);
#7744 = AXIS2_PLACEMENT_3D('',#7745,#7746,#7747);
#7745 = CARTESIAN_POINT('',(-73.44010527453,-6.904550522469,
    -87.09589372465));
#7746 = DIRECTION('',(1.748856425837E-07,-3.578844331586E-07,-1.));
#7747 = DIRECTION('',(-0.500015522718,-0.866016441554,2.224882672991E-07
    ));
#7748 = ORIENTED_EDGE('',*,*,#7749,.F.);
#7749 = EDGE_CURVE('',#6617,#7741,#7750,.T.);
#7750 = LINE('',#7751,#7752);
#7751 = CARTESIAN_POINT('',(-80.48672255813,-5.199361997284,
    -91.69589556726));
#7752 = VECTOR('',#7753,1.);
#7753 = DIRECTION('',(1.748856422493E-07,-3.578844329655E-07,-1.));
#7754 = ORIENTED_EDGE('',*,*,#6624,.F.);
#7755 = ORIENTED_EDGE('',*,*,#6591,.F.);
#7756 = ORIENTED_EDGE('',*,*,#6574,.T.);
#7757 = ORIENTED_EDGE('',*,*,#6545,.T.);
#7758 = ORIENTED_EDGE('',*,*,#7696,.F.);
#7759 = ORIENTED_EDGE('',*,*,#7760,.F.);
#7760 = EDGE_CURVE('',#7730,#7697,#7761,.T.);
#7761 = LINE('',#7762,#7763);
#7762 = CARTESIAN_POINT('',(-79.71882820186,-10.52948365771,
    -91.6958935254));
#7763 = VECTOR('',#7764,1.);
#7764 = DIRECTION('',(1.748855534772E-07,-3.578842792045E-07,-1.));
#7765 = CYLINDRICAL_SURFACE('',#7766,7.25);
#7766 = AXIS2_PLACEMENT_3D('',#7767,#7768,#7769);
#7767 = CARTESIAN_POINT('',(-73.44010447006,-6.904552168738,
    -91.69589372464));
#7768 = DIRECTION('',(-1.748856422493E-07,3.578844329655E-07,1.));
#7769 = DIRECTION('',(-0.500015522718,-0.866016441554,2.224882672991E-07
    ));
#7770 = ADVANCED_FACE('',(#7771),#7797,.T.);
#7771 = FACE_BOUND('',#7772,.T.);
#7772 = EDGE_LOOP('',(#7773,#7788,#7789,#7790));
#7773 = ORIENTED_EDGE('',*,*,#7774,.T.);
#7774 = EDGE_CURVE('',#7775,#7730,#7777,.T.);
#7775 = VERTEX_POINT('',#7776);
#7776 = CARTESIAN_POINT('',(-82.31691558273,-12.02946502595,
    -104.6958934429));
#7777 = B_SPLINE_CURVE_WITH_KNOTS('',3,(#7778,#7779,#7780,#7781,#7782,
    #7783,#7784,#7785,#7786,#7787),.UNSPECIFIED.,.F.,.F.,(4,2,2,2,4),(
    0.444288777208,0.55536097151,0.666433165812,0.777505360114,
    0.888577554416),.UNSPECIFIED.);
#7778 = CARTESIAN_POINT('',(-82.31691558273,-12.02946502595,
    -104.6958934429));
#7779 = CARTESIAN_POINT('',(-81.99627611728,-11.84434757571,
    -104.6958934531));
#7780 = CARTESIAN_POINT('',(-81.61890194049,-11.62647504231,
    -104.7825699057));
#7781 = CARTESIAN_POINT('',(-81.02643741204,-11.28442269695,
    -105.0659398482));
#7782 = CARTESIAN_POINT('',(-80.70651500244,-11.09971934378,
    -105.3127734778));
#7783 = CARTESIAN_POINT('',(-80.25306223019,-10.8379239224,
    -105.8363728375));
#7784 = CARTESIAN_POINT('',(-80.03929687454,-10.71450916065,
    -106.2057854616));
#7785 = CARTESIAN_POINT('',(-79.79388993252,-10.57282664298,
    -106.8899009824));
#7786 = CARTESIAN_POINT('',(-79.71882546844,-10.52948925136,
    -107.3256528777));
#7787 = CARTESIAN_POINT('',(-79.71882540369,-10.52948938386,
    -107.6958935254));
#7788 = ORIENTED_EDGE('',*,*,#7729,.F.);
#7789 = ORIENTED_EDGE('',*,*,#6687,.F.);
#7790 = ORIENTED_EDGE('',*,*,#7791,.F.);
#7791 = EDGE_CURVE('',#7775,#6688,#7792,.T.);
#7792 = CIRCLE('',#7793,10.25);
#7793 = AXIS2_PLACEMENT_3D('',#7794,#7795,#7796);
#7794 = CARTESIAN_POINT('',(-73.44010219655,-6.904556821235,
    -104.6958937246));
#7795 = DIRECTION('',(1.748856425837E-07,-3.578844331586E-07,-1.));
#7796 = DIRECTION('',(-0.866025214645,-0.500000327599,2.748695766502E-08
    ));
#7797 = TOROIDAL_SURFACE('',#7798,10.25,3.);
#7798 = AXIS2_PLACEMENT_3D('',#7799,#7800,#7801);
#7799 = CARTESIAN_POINT('',(-73.44010167189,-6.904557894889,
    -107.6958937246));
#7800 = DIRECTION('',(-1.748856425837E-07,3.578844331586E-07,1.));
#7801 = DIRECTION('',(0.500015522718,0.866016441554,-2.224882672991E-07)
  );
#7802 = ADVANCED_FACE('',(#7803),#7822,.T.);
#7803 = FACE_BOUND('',#7804,.T.);
#7804 = EDGE_LOOP('',(#7805,#7806,#7814,#7821));
#7805 = ORIENTED_EDGE('',*,*,#7018,.T.);
#7806 = ORIENTED_EDGE('',*,*,#7807,.F.);
#7807 = EDGE_CURVE('',#7808,#7006,#7810,.T.);
#7808 = VERTEX_POINT('',#7809);
#7809 = CARTESIAN_POINT('',(-88.08280441629,45.937302554834,
    -123.6959151967));
#7810 = LINE('',#7811,#7812);
#7811 = CARTESIAN_POINT('',(-88.08280434633,45.937302411681,
    -124.0959151967));
#7812 = VECTOR('',#7813,1.);
#7813 = DIRECTION('',(-1.748854954348E-07,3.578844362686E-07,1.));
#7814 = ORIENTED_EDGE('',*,*,#7815,.F.);
#7815 = EDGE_CURVE('',#3197,#7808,#7816,.T.);
#7816 = CIRCLE('',#7817,1.);
#7817 = AXIS2_PLACEMENT_3D('',#7818,#7819,#7820);
#7818 = CARTESIAN_POINT('',(-88.582819939,45.071286113281,
    -123.6959149742));
#7819 = DIRECTION('',(1.748854954348E-07,-3.578844362686E-07,-1.));
#7820 = DIRECTION('',(-0.258801731629,0.965930465254,-3.909521490875E-07
    ));
#7821 = ORIENTED_EDGE('',*,*,#3196,.F.);
#7822 = CYLINDRICAL_SURFACE('',#7823,1.);
#7823 = AXIS2_PLACEMENT_3D('',#7824,#7825,#7826);
#7824 = CARTESIAN_POINT('',(-88.58281986905,45.071285970127,
    -124.0959149742));
#7825 = DIRECTION('',(-1.748854954348E-07,3.578844362686E-07,1.));
#7826 = DIRECTION('',(-0.258801731629,0.965930465254,-3.909521490875E-07
    ));
#7827 = ADVANCED_FACE('',(#7828),#7847,.T.);
#7828 = FACE_BOUND('',#7829,.T.);
#7829 = EDGE_LOOP('',(#7830,#7831,#7832,#7841));
#7830 = ORIENTED_EDGE('',*,*,#7005,.T.);
#7831 = ORIENTED_EDGE('',*,*,#6990,.F.);
#7832 = ORIENTED_EDGE('',*,*,#7833,.F.);
#7833 = EDGE_CURVE('',#7834,#6983,#7836,.T.);
#7834 = VERTEX_POINT('',#7835);
#7835 = CARTESIAN_POINT('',(-83.75272283811,43.437226229629,
    -120.095914339));
#7836 = CIRCLE('',#7837,1.);
#7837 = AXIS2_PLACEMENT_3D('',#7838,#7839,#7840);
#7838 = CARTESIAN_POINT('',(-84.25273836082,42.571209788075,
    -120.0959141165));
#7839 = DIRECTION('',(0.866016441554,-0.500015522718,3.304014860515E-07)
  );
#7840 = DIRECTION('',(0.500015522718,0.866016441554,-2.224883457857E-07)
  );
#7841 = ORIENTED_EDGE('',*,*,#7842,.F.);
#7842 = EDGE_CURVE('',#7006,#7834,#7843,.T.);
#7843 = LINE('',#7844,#7845);
#7844 = CARTESIAN_POINT('',(-88.94882148743,46.437319365936,
    -120.0959163214));
#7845 = VECTOR('',#7846,1.);
#7846 = DIRECTION('',(0.866016441554,-0.500015522718,3.304014875497E-07)
  );
#7847 = CYLINDRICAL_SURFACE('',#7848,1.);
#7848 = AXIS2_PLACEMENT_3D('',#7849,#7850,#7851);
#7849 = CARTESIAN_POINT('',(-89.44883701015,45.571302924383,
    -120.0959160989));
#7850 = DIRECTION('',(0.866016441554,-0.500015522718,3.304014875497E-07)
  );
#7851 = DIRECTION('',(0.35356424315,0.612366351504,0.707106623864));
#7852 = ADVANCED_FACE('',(#7853),#7873,.T.);
#7853 = FACE_BOUND('',#7854,.T.);
#7854 = EDGE_LOOP('',(#7855,#7864,#7871,#7872));
#7855 = ORIENTED_EDGE('',*,*,#7856,.F.);
#7856 = EDGE_CURVE('',#7857,#7066,#7859,.T.);
#7857 = VERTEX_POINT('',#7858);
#7858 = CARTESIAN_POINT('',(-73.36052763809,37.437044251628,
    -108.0959103742));
#7859 = CIRCLE('',#7860,1.000000000002);
#7860 = AXIS2_PLACEMENT_3D('',#7861,#7862,#7863);
#7861 = CARTESIAN_POINT('',(-73.86054316081,36.571027810073,
    -108.0959101517));
#7862 = DIRECTION('',(-1.748854927175E-07,3.578844372596E-07,1.));
#7863 = DIRECTION('',(0.500015522718,0.866016441554,-2.224883457861E-07)
  );
#7864 = ORIENTED_EDGE('',*,*,#7865,.F.);
#7865 = EDGE_CURVE('',#7834,#7857,#7866,.T.);
#7866 = CIRCLE('',#7867,12.);
#7867 = AXIS2_PLACEMENT_3D('',#7868,#7869,#7870);
#7868 = CARTESIAN_POINT('',(-83.75272493673,43.437230524242,
    -108.095914339));
#7869 = DIRECTION('',(-0.500015522718,-0.866016441554,2.22488343582E-07)
  );
#7870 = DIRECTION('',(0.612366222104,-0.353564619875,-0.707106547557));
#7871 = ORIENTED_EDGE('',*,*,#7833,.T.);
#7872 = ORIENTED_EDGE('',*,*,#7075,.F.);
#7873 = TOROIDAL_SURFACE('',#7874,12.,1.);
#7874 = AXIS2_PLACEMENT_3D('',#7875,#7876,#7877);
#7875 = CARTESIAN_POINT('',(-84.25274045945,42.571214082687,
    -108.0959141165));
#7876 = DIRECTION('',(0.500015522718,0.866016441554,-2.224883435692E-07)
  );
#7877 = DIRECTION('',(4.848192741315E-07,-5.368321939867E-07,-1.));
#7878 = ADVANCED_FACE('',(#7879),#7890,.T.);
#7879 = FACE_BOUND('',#7880,.T.);
#7880 = EDGE_LOOP('',(#7881,#7882,#7888,#7889));
#7881 = ORIENTED_EDGE('',*,*,#7132,.F.);
#7882 = ORIENTED_EDGE('',*,*,#7883,.F.);
#7883 = EDGE_CURVE('',#7857,#7124,#7884,.T.);
#7884 = LINE('',#7885,#7886);
#7885 = CARTESIAN_POINT('',(-73.36052772553,37.43704443057,
    -107.595909977));
#7886 = VECTOR('',#7887,1.);
#7887 = DIRECTION('',(-1.748854954348E-07,3.578844362686E-07,1.));
#7888 = ORIENTED_EDGE('',*,*,#7856,.T.);
#7889 = ORIENTED_EDGE('',*,*,#7103,.F.);
#7890 = CYLINDRICAL_SURFACE('',#7891,1.);
#7891 = AXIS2_PLACEMENT_3D('',#7892,#7893,#7894);
#7892 = CARTESIAN_POINT('',(-73.86054324825,36.571027989017,
    -107.5959097545));
#7893 = DIRECTION('',(-1.748854954348E-07,3.578844362686E-07,1.));
#7894 = DIRECTION('',(-0.258801731629,0.965930465254,-3.909521490875E-07
    ));
#7895 = ADVANCED_FACE('',(#7896),#7915,.T.);
#7896 = FACE_BOUND('',#7897,.T.);
#7897 = EDGE_LOOP('',(#7898,#7899,#7900,#7909));
#7898 = ORIENTED_EDGE('',*,*,#7123,.T.);
#7899 = ORIENTED_EDGE('',*,*,#7170,.F.);
#7900 = ORIENTED_EDGE('',*,*,#7901,.F.);
#7901 = EDGE_CURVE('',#7902,#7163,#7904,.T.);
#7902 = VERTEX_POINT('',#7903);
#7903 = CARTESIAN_POINT('',(-69.98306491735,35.486986580687,
    -100.0831038408));
#7904 = CIRCLE('',#7905,2.);
#7905 = AXIS2_PLACEMENT_3D('',#7906,#7907,#7908);
#7906 = CARTESIAN_POINT('',(-70.98309596279,33.75495369758,
    -100.0831033958));
#7907 = DIRECTION('',(0.866016441554,-0.500015522718,3.304014892023E-07)
  );
#7908 = DIRECTION('',(0.500015522718,0.866016441554,-2.224883457857E-07)
  );
#7909 = ORIENTED_EDGE('',*,*,#7910,.F.);
#7910 = EDGE_CURVE('',#7124,#7902,#7911,.T.);
#7911 = LINE('',#7912,#7913);
#7912 = CARTESIAN_POINT('',(-87.21679210427,45.437295482772,
    -100.0831104158));
#7913 = VECTOR('',#7914,1.);
#7914 = DIRECTION('',(0.866016441554,-0.500015522718,3.304014877303E-07)
  );
#7915 = CYLINDRICAL_SURFACE('',#7916,2.);
#7916 = AXIS2_PLACEMENT_3D('',#7917,#7918,#7919);
#7917 = CARTESIAN_POINT('',(-88.21682314971,43.705262599665,
    -100.0831099708));
#7918 = DIRECTION('',(0.866016441554,-0.500015522718,3.304014877303E-07)
  );
#7919 = DIRECTION('',(0.433026057518,0.749992417423,0.499999807319));
#7920 = ADVANCED_FACE('',(#7921),#7939,.T.);
#7921 = FACE_BOUND('',#7922,.T.);
#7922 = EDGE_LOOP('',(#7923,#7930,#7931,#7938));
#7923 = ORIENTED_EDGE('',*,*,#7924,.T.);
#7924 = EDGE_CURVE('',#3328,#7163,#7925,.T.);
#7925 = CIRCLE('',#7926,2.);
#7926 = AXIS2_PLACEMENT_3D('',#7927,#7928,#7929);
#7927 = CARTESIAN_POINT('',(-70.98309596279,33.75495369758,
    -100.0831033958));
#7928 = DIRECTION('',(-0.433026232403,-0.749992059538,0.500000192681));
#7929 = DIRECTION('',(0.789148174753,-4.738109843296E-02,0.612372590663)
  );
#7930 = ORIENTED_EDGE('',*,*,#7162,.F.);
#7931 = ORIENTED_EDGE('',*,*,#7932,.T.);
#7932 = EDGE_CURVE('',#7155,#3336,#7933,.T.);
#7933 = CIRCLE('',#7934,2.);
#7934 = AXIS2_PLACEMENT_3D('',#7935,#7936,#7937);
#7935 = CARTESIAN_POINT('',(-75.73324438783,25.527799465755,
    -94.59827372492));
#7936 = DIRECTION('',(0.433026232403,0.749992059538,-0.500000192681));
#7937 = DIRECTION('',(0.250007609904,0.433008530714,0.86602529254));
#7938 = ORIENTED_EDGE('',*,*,#3335,.F.);
#7939 = CYLINDRICAL_SURFACE('',#7940,2.);
#7940 = AXIS2_PLACEMENT_3D('',#7941,#7942,#7943);
#7941 = CARTESIAN_POINT('',(-75.3852525589,26.130513779455,
    -95.00008767635));
#7942 = DIRECTION('',(-0.433026232403,-0.749992059538,0.500000192681));
#7943 = DIRECTION('',(0.789148174753,-4.738109843296E-02,0.612372590663)
  );
#7944 = ADVANCED_FACE('',(#7945),#7957,.T.);
#7945 = FACE_BOUND('',#7946,.T.);
#7946 = EDGE_LOOP('',(#7947,#7948,#7949,#7956));
#7947 = ORIENTED_EDGE('',*,*,#7932,.F.);
#7948 = ORIENTED_EDGE('',*,*,#7185,.F.);
#7949 = ORIENTED_EDGE('',*,*,#7950,.T.);
#7950 = EDGE_CURVE('',#7186,#3344,#7951,.T.);
#7951 = CIRCLE('',#7952,2.);
#7952 = AXIS2_PLACEMENT_3D('',#7953,#7954,#7955);
#7953 = CARTESIAN_POINT('',(-77.23329186471,22.929752000717,
    -89.40212063475));
#7954 = DIRECTION('',(1.748854633578E-07,-3.578844912702E-07,-1.));
#7955 = DIRECTION('',(0.500015522718,0.866016441554,-2.224884072405E-07)
  );
#7956 = ORIENTED_EDGE('',*,*,#3343,.F.);
#7957 = TOROIDAL_SURFACE('',#7958,6.,2.);
#7958 = AXIS2_PLACEMENT_3D('',#7959,#7960,#7961);
#7959 = CARTESIAN_POINT('',(-74.23319872841,28.125850650038,
    -89.40212196968));
#7960 = DIRECTION('',(-0.866016441554,0.500015522718,-3.304014880708E-07
    ));
#7961 = DIRECTION('',(1.748854949468E-07,-3.578844374369E-07,-1.));
#7962 = ADVANCED_FACE('',(#7963),#7975,.T.);
#7963 = FACE_BOUND('',#7964,.T.);
#7964 = EDGE_LOOP('',(#7965,#7966,#7967,#7974));
#7965 = ORIENTED_EDGE('',*,*,#7950,.F.);
#7966 = ORIENTED_EDGE('',*,*,#7218,.F.);
#7967 = ORIENTED_EDGE('',*,*,#7968,.T.);
#7968 = EDGE_CURVE('',#7211,#3353,#7969,.T.);
#7969 = CIRCLE('',#7970,2.);
#7970 = AXIS2_PLACEMENT_3D('',#7971,#7972,#7973);
#7971 = CARTESIAN_POINT('',(-77.23329378315,22.929755926586,
    -78.43246552015));
#7972 = DIRECTION('',(1.748854877834E-07,-3.578844489655E-07,-1.));
#7973 = DIRECTION('',(0.500015522718,0.866016441554,-2.224883583907E-07)
  );
#7974 = ORIENTED_EDGE('',*,*,#3352,.F.);
#7975 = CYLINDRICAL_SURFACE('',#7976,2.);
#7976 = AXIS2_PLACEMENT_3D('',#7977,#7978,#7979);
#7977 = CARTESIAN_POINT('',(-77.23329176032,22.929751787099,-89.99901285
    ));
#7978 = DIRECTION('',(-1.74885463187E-07,3.578844924443E-07,1.));
#7979 = DIRECTION('',(0.965930465254,0.258801731629,7.630607045449E-08)
  );
#7980 = ADVANCED_FACE('',(#7981),#7993,.T.);
#7981 = FACE_BOUND('',#7982,.T.);
#7982 = EDGE_LOOP('',(#7983,#7984,#7985,#7992));
#7983 = ORIENTED_EDGE('',*,*,#7968,.F.);
#7984 = ORIENTED_EDGE('',*,*,#7235,.F.);
#7985 = ORIENTED_EDGE('',*,*,#7986,.T.);
#7986 = EDGE_CURVE('',#7236,#3361,#7987,.T.);
#7987 = CIRCLE('',#7988,2.);
#7988 = AXIS2_PLACEMENT_3D('',#7989,#7990,#7991);
#7989 = CARTESIAN_POINT('',(-74.98322529401,26.826832703011,
    -70.63823788729));
#7990 = DIRECTION('',(-0.433026057518,-0.749992417423,-0.499999807319));
#7991 = DIRECTION('',(0.250007912814,0.43300791084,-0.866025515029));
#7992 = ORIENTED_EDGE('',*,*,#3360,.F.);
#7993 = TOROIDAL_SURFACE('',#7994,9.,2.);
#7994 = AXIS2_PLACEMENT_3D('',#7995,#7996,#7997);
#7995 = CARTESIAN_POINT('',(-72.73315407868,30.723903900568,
    -78.43246752255));
#7996 = DIRECTION('',(-0.866016441554,0.500015522718,-3.304014880708E-07
    ));
#7997 = DIRECTION('',(1.748854945501E-07,-3.578844381239E-07,-1.));
#7998 = ADVANCED_FACE('',(#7999),#8005,.T.);
#7999 = FACE_BOUND('',#8000,.T.);
#8000 = EDGE_LOOP('',(#8001,#8002,#8003,#8004));
#8001 = ORIENTED_EDGE('',*,*,#7279,.T.);
#8002 = ORIENTED_EDGE('',*,*,#3369,.T.);
#8003 = ORIENTED_EDGE('',*,*,#7986,.F.);
#8004 = ORIENTED_EDGE('',*,*,#7261,.F.);
#8005 = CYLINDRICAL_SURFACE('',#8006,2.);
#8006 = AXIS2_PLACEMENT_3D('',#8007,#8008,#8009);
#8007 = CARTESIAN_POINT('',(-79.01883071778,19.83724532139,
    -75.29800812345));
#8008 = DIRECTION('',(0.433026057518,0.749992417423,0.499999807319));
#8009 = DIRECTION('',(0.789148388943,-4.738153675012E-02,-0.612372280728
    ));
#8010 = ADVANCED_FACE('',(#8011),#8022,.F.);
#8011 = FACE_BOUND('',#8012,.F.);
#8012 = EDGE_LOOP('',(#8013,#8019,#8020,#8021));
#8013 = ORIENTED_EDGE('',*,*,#8014,.T.);
#8014 = EDGE_CURVE('',#194,#7489,#8015,.T.);
#8015 = LINE('',#8016,#8017);
#8016 = CARTESIAN_POINT('',(-100.7052797871,8.075935436771,
    -123.8959038542));
#8017 = VECTOR('',#8018,1.);
#8018 = DIRECTION('',(0.353564243146,0.612366351497,0.707106623871));
#8019 = ORIENTED_EDGE('',*,*,#7498,.T.);
#8020 = ORIENTED_EDGE('',*,*,#8014,.F.);
#8021 = ORIENTED_EDGE('',*,*,#193,.T.);
#8022 = CONICAL_SURFACE('',#8023,1.6,0.785398163387);
#8023 = AXIS2_PLACEMENT_3D('',#8024,#8025,#8026);
#8024 = CARTESIAN_POINT('',(-99.9052549508,9.461561743257,
    -123.8959042101));
#8025 = DIRECTION('',(1.748856323873E-07,-3.578844307301E-07,-1.));
#8026 = DIRECTION('',(0.500015522718,0.866016441554,-2.224882702944E-07)
  );
#8027 = ADVANCED_FACE('',(#8028),#8044,.F.);
#8028 = FACE_BOUND('',#8029,.F.);
#8029 = EDGE_LOOP('',(#8030,#8031,#8037,#8038));
#8030 = ORIENTED_EDGE('',*,*,#7615,.T.);
#8031 = ORIENTED_EDGE('',*,*,#8032,.F.);
#8032 = EDGE_CURVE('',#205,#7608,#8033,.T.);
#8033 = LINE('',#8034,#8035);
#8034 = CARTESIAN_POINT('',(-69.09662826616,-4.396895369358,
    -123.8958938624));
#8035 = VECTOR('',#8036,1.);
#8036 = DIRECTION('',(-0.612375727912,-0.353547649379,0.70710680062));
#8037 = ORIENTED_EDGE('',*,*,#204,.T.);
#8038 = ORIENTED_EDGE('',*,*,#8039,.F.);
#8039 = EDGE_CURVE('',#7616,#207,#8040,.T.);
#8040 = LINE('',#8041,#8042);
#8041 = CARTESIAN_POINT('',(-74.11960159798,-7.296850353126,
    -123.895893703));
#8042 = VECTOR('',#8043,1.);
#8043 = DIRECTION('',(-0.612375480586,-0.353548155504,-0.707106761753));
#8044 = CONICAL_SURFACE('',#8045,2.9,0.785398163397);
#8045 = AXIS2_PLACEMENT_3D('',#8046,#8047,#8048);
#8046 = CARTESIAN_POINT('',(-71.60811525928,-5.846872294493,
    -123.8958937827));
#8047 = DIRECTION('',(1.748856347861E-07,-3.578844321107E-07,-1.));
#8048 = DIRECTION('',(-0.499992238581,0.866029884795,-3.973800735433E-07
    ));
#8049 = ADVANCED_FACE('',(#8050),#8061,.F.);
#8050 = FACE_BOUND('',#8051,.T.);
#8051 = EDGE_LOOP('',(#8052,#8058,#8059,#8060));
#8052 = ORIENTED_EDGE('',*,*,#8053,.T.);
#8053 = EDGE_CURVE('',#353,#124,#8054,.T.);
#8054 = LINE('',#8055,#8056);
#8055 = CARTESIAN_POINT('',(-102.1552050332,4.653402800973,
    -126.606875866));
#8056 = VECTOR('',#8057,1.);
#8057 = DIRECTION('',(0.612373502036,0.353551504761,-0.707106800622));
#8058 = ORIENTED_EDGE('',*,*,#123,.F.);
#8059 = ORIENTED_EDGE('',*,*,#314,.T.);
#8060 = ORIENTED_EDGE('',*,*,#360,.F.);
#8061 = PLANE('',#8062);
#8062 = AXIS2_PLACEMENT_3D('',#8063,#8064,#8065);
#8063 = CARTESIAN_POINT('',(-86.83999124641,-27.29545980385,
    -123.8958887705));
#8064 = DIRECTION('',(0.612373254709,0.353552010888,0.707106761751));
#8065 = DIRECTION('',(-0.377975068514,-0.65464402277,0.654657201162));
#8066 = ADVANCED_FACE('',(#8067),#8078,.T.);
#8067 = FACE_BOUND('',#8068,.T.);
#8068 = EDGE_LOOP('',(#8069,#8070,#8071,#8072));
#8069 = ORIENTED_EDGE('',*,*,#131,.F.);
#8070 = ORIENTED_EDGE('',*,*,#8053,.F.);
#8071 = ORIENTED_EDGE('',*,*,#3120,.T.);
#8072 = ORIENTED_EDGE('',*,*,#8073,.F.);
#8073 = EDGE_CURVE('',#132,#3113,#8074,.T.);
#8074 = LINE('',#8075,#8076);
#8075 = CARTESIAN_POINT('',(-102.1550702768,17.742602771426,
    -126.6068805504));
#8076 = VECTOR('',#8077,1.);
#8077 = DIRECTION('',(-0.612366222105,0.353564619873,0.707106547557));
#8078 = CONICAL_SURFACE('',#8079,13.089027016852,0.785398163395);
#8079 = AXIS2_PLACEMENT_3D('',#8080,#8081,#8082);
#8080 = CARTESIAN_POINT('',(-90.81975767628,11.197886085742,
    -126.6068762258));
#8081 = DIRECTION('',(-1.748884001897E-07,3.578844075383E-07,1.));
#8082 = DIRECTION('',(-0.866016441554,0.500015522717,-3.304039891088E-07
    ));
#8083 = ADVANCED_FACE('',(#8084),#8095,.F.);
#8084 = FACE_BOUND('',#8085,.T.);
#8085 = EDGE_LOOP('',(#8086,#8087,#8088,#8094));
#8086 = ORIENTED_EDGE('',*,*,#8073,.T.);
#8087 = ORIENTED_EDGE('',*,*,#3204,.F.);
#8088 = ORIENTED_EDGE('',*,*,#8089,.T.);
#8089 = EDGE_CURVE('',#3197,#141,#8090,.T.);
#8090 = LINE('',#8091,#8092);
#8091 = CARTESIAN_POINT('',(-89.44883638056,45.571301635999,
    -123.6959153046));
#8092 = VECTOR('',#8093,1.);
#8093 = DIRECTION('',(0.61236622209,-0.353564619867,-0.707106547573));
#8094 = ORIENTED_EDGE('',*,*,#140,.F.);
#8095 = PLANE('',#8096);
#8096 = AXIS2_PLACEMENT_3D('',#8097,#8098,#8099);
#8097 = CARTESIAN_POINT('',(-112.775225221,4.770495666746,
    -123.8959047821));
#8098 = DIRECTION('',(0.612365974779,-0.35356411375,0.707107014816));
#8099 = DIRECTION('',(-0.500015522718,-0.866016441554,2.224882473256E-07
    ));
#8100 = ADVANCED_FACE('',(#8101),#8112,.T.);
#8101 = FACE_BOUND('',#8102,.T.);
#8102 = EDGE_LOOP('',(#8103,#8104,#8110,#8111));
#8103 = ORIENTED_EDGE('',*,*,#7815,.T.);
#8104 = ORIENTED_EDGE('',*,*,#8105,.T.);
#8105 = EDGE_CURVE('',#7808,#149,#8106,.T.);
#8106 = LINE('',#8107,#8108);
#8107 = CARTESIAN_POINT('',(-88.08280441629,45.937302554834,
    -123.6959151967));
#8108 = VECTOR('',#8109,1.);
#8109 = DIRECTION('',(-0.35356424315,-0.612366351504,-0.707106623864));
#8110 = ORIENTED_EDGE('',*,*,#148,.F.);
#8111 = ORIENTED_EDGE('',*,*,#8089,.F.);
#8112 = CONICAL_SURFACE('',#8113,0.8,0.785398163375);
#8113 = AXIS2_PLACEMENT_3D('',#8114,#8115,#8116);
#8114 = CARTESIAN_POINT('',(-88.58281990403,45.071286041704,
    -123.8959149742));
#8115 = DIRECTION('',(-1.748856364559E-07,3.578844459039E-07,1.));
#8116 = DIRECTION('',(-0.258801731629,0.965930465254,-3.909521948909E-07
    ));
#8117 = ADVANCED_FACE('',(#8118),#8137,.F.);
#8118 = FACE_BOUND('',#8119,.T.);
#8119 = EDGE_LOOP('',(#8120,#8121,#8122,#8128,#8134,#8135,#8136));
#8120 = ORIENTED_EDGE('',*,*,#7883,.T.);
#8121 = ORIENTED_EDGE('',*,*,#7910,.T.);
#8122 = ORIENTED_EDGE('',*,*,#8123,.T.);
#8123 = EDGE_CURVE('',#7902,#4064,#8124,.T.);
#8124 = LINE('',#8125,#8126);
#8125 = CARTESIAN_POINT('',(-69.9830636472,35.486983981442,
    -107.3459082913));
#8126 = VECTOR('',#8127,1.);
#8127 = DIRECTION('',(1.748854955747E-07,-3.578844363494E-07,-1.));
#8128 = ORIENTED_EDGE('',*,*,#8129,.T.);
#8129 = EDGE_CURVE('',#4064,#7808,#8130,.T.);
#8130 = LINE('',#8131,#8132);
#8131 = CARTESIAN_POINT('',(-68.87219984923,34.845595719464,
    -123.6959078675));
#8132 = VECTOR('',#8133,1.);
#8133 = DIRECTION('',(-0.866016441554,0.500015522718,-3.304016054582E-07
    ));
#8134 = ORIENTED_EDGE('',*,*,#7807,.T.);
#8135 = ORIENTED_EDGE('',*,*,#7842,.T.);
#8136 = ORIENTED_EDGE('',*,*,#7865,.T.);
#8137 = PLANE('',#8138);
#8138 = AXIS2_PLACEMENT_3D('',#8139,#8140,#8141);
#8139 = CARTESIAN_POINT('',(-88.94882078789,46.437317934399,
    -124.0959155271));
#8140 = DIRECTION('',(-0.500015522718,-0.866016441554,2.224883435692E-07
    ));
#8141 = DIRECTION('',(0.866016441554,-0.500015522718,3.304014879092E-07)
  );
#8142 = ADVANCED_FACE('',(#8143),#8154,.T.);
#8143 = FACE_BOUND('',#8144,.T.);
#8144 = EDGE_LOOP('',(#8145,#8146,#8147));
#8145 = ORIENTED_EDGE('',*,*,#7901,.T.);
#8146 = ORIENTED_EDGE('',*,*,#7924,.F.);
#8147 = ORIENTED_EDGE('',*,*,#8148,.T.);
#8148 = EDGE_CURVE('',#3328,#7902,#8149,.T.);
#8149 = CIRCLE('',#8150,2.);
#8150 = AXIS2_PLACEMENT_3D('',#8151,#8152,#8153);
#8151 = CARTESIAN_POINT('',(-70.98309596279,33.75495369758,
    -100.0831033958));
#8152 = DIRECTION('',(-1.748854927177E-07,3.578844372593E-07,1.));
#8153 = DIRECTION('',(0.866016441554,-0.500015522718,3.304014860515E-07)
  );
#8154 = SPHERICAL_SURFACE('',#8155,2.);
#8155 = AXIS2_PLACEMENT_3D('',#8156,#8157,#8158);
#8156 = CARTESIAN_POINT('',(-70.98309596279,33.75495369758,
    -100.0831033958));
#8157 = DIRECTION('',(-3.973738174068E-07,6.882858940571E-07,1.));
#8158 = DIRECTION('',(0.500015522718,0.866016441553,-3.973738237178E-07)
  );
#8159 = ADVANCED_FACE('',(#8160),#8176,.F.);
#8160 = FACE_BOUND('',#8161,.T.);
#8161 = EDGE_LOOP('',(#8162,#8168,#8169,#8175));
#8162 = ORIENTED_EDGE('',*,*,#8163,.T.);
#8163 = EDGE_CURVE('',#3594,#57,#8164,.T.);
#8164 = LINE('',#8165,#8166);
#8165 = CARTESIAN_POINT('',(-54.96943040852,3.759281764764,
    -114.1769434277));
#8166 = VECTOR('',#8167,1.);
#8167 = DIRECTION('',(-0.612375480599,-0.353548155511,-0.707106761739));
#8168 = ORIENTED_EDGE('',*,*,#182,.F.);
#8169 = ORIENTED_EDGE('',*,*,#8170,.T.);
#8170 = EDGE_CURVE('',#175,#3312,#8171,.T.);
#8171 = LINE('',#8172,#8173);
#8172 = CARTESIAN_POINT('',(-76.43808694674,21.107106726497,
    -124.0959042738));
#8173 = VECTOR('',#8174,1.);
#8174 = DIRECTION('',(0.755930358459,-1.331513881881E-05,0.654652039623)
  );
#8175 = ORIENTED_EDGE('',*,*,#3601,.F.);
#8176 = PLANE('',#8177);
#8177 = AXIS2_PLACEMENT_3D('',#8178,#8179,#8180);
#8178 = CARTESIAN_POINT('',(-59.14405400036,-8.448264538904,
    -123.895890672));
#8179 = DIRECTION('',(-0.612378896416,-0.353542161198,0.707106800618));
#8180 = DIRECTION('',(-0.377975918679,-0.654647297542,-0.654653435582));
#8181 = ADVANCED_FACE('',(#8182),#8188,.F.);
#8182 = FACE_BOUND('',#8183,.T.);
#8183 = EDGE_LOOP('',(#8184,#8185,#8186,#8187));
#8184 = ORIENTED_EDGE('',*,*,#4063,.F.);
#8185 = ORIENTED_EDGE('',*,*,#157,.F.);
#8186 = ORIENTED_EDGE('',*,*,#8105,.F.);
#8187 = ORIENTED_EDGE('',*,*,#8129,.F.);
#8188 = PLANE('',#8189);
#8189 = AXIS2_PLACEMENT_3D('',#8190,#8191,#8192);
#8190 = CARTESIAN_POINT('',(-68.9722029188,34.672392359577,
    -123.895907823));
#8191 = DIRECTION('',(-0.353564490475,-0.612365845379,0.707106938509));
#8192 = DIRECTION('',(-0.353564023993,-0.612366478039,-0.707106623863));
#8193 = ADVANCED_FACE('',(#8194),#8200,.T.);
#8194 = FACE_BOUND('',#8195,.T.);
#8195 = EDGE_LOOP('',(#8196,#8197,#8198,#8199));
#8196 = ORIENTED_EDGE('',*,*,#4071,.T.);
#8197 = ORIENTED_EDGE('',*,*,#8123,.F.);
#8198 = ORIENTED_EDGE('',*,*,#8148,.F.);
#8199 = ORIENTED_EDGE('',*,*,#3327,.F.);
#8200 = CYLINDRICAL_SURFACE('',#8201,2.);
#8201 = AXIS2_PLACEMENT_3D('',#8202,#8203,#8204);
#8202 = CARTESIAN_POINT('',(-70.98309469263,33.754951098335,
    -107.3459078463));
#8203 = DIRECTION('',(1.748854955747E-07,-3.578844363494E-07,-1.));
#8204 = DIRECTION('',(0.965930465254,0.258801731629,7.630611625626E-08)
  );
#8205 = ADVANCED_FACE('',(#8206),#8212,.F.);
#8206 = FACE_BOUND('',#8207,.T.);
#8207 = EDGE_LOOP('',(#8208,#8209,#8210,#8211));
#8208 = ORIENTED_EDGE('',*,*,#4056,.T.);
#8209 = ORIENTED_EDGE('',*,*,#3319,.F.);
#8210 = ORIENTED_EDGE('',*,*,#8170,.F.);
#8211 = ORIENTED_EDGE('',*,*,#174,.F.);
#8212 = PLANE('',#8213);
#8213 = AXIS2_PLACEMENT_3D('',#8214,#8215,#8216);
#8214 = CARTESIAN_POINT('',(-86.92366809465,2.546311739965,
    -123.8959004077));
#8215 = DIRECTION('',(-0.612364778889,0.3535637866,0.707108214053));
#8216 = DIRECTION('',(-0.500015522718,-0.866016441554,2.224883093038E-07
    ));
#8217 = ADVANCED_FACE('',(#8218),#8258,.T.);
#8218 = FACE_BOUND('',#8219,.T.);
#8219 = EDGE_LOOP('',(#8220,#8228,#8236,#8244,#8252));
#8220 = ORIENTED_EDGE('',*,*,#8221,.F.);
#8221 = EDGE_CURVE('',#835,#8222,#8224,.T.);
#8222 = VERTEX_POINT('',#8223);
#8223 = CARTESIAN_POINT('',(-39.29977963548,-31.30709274837,
    -60.29589816879));
#8224 = LINE('',#8225,#8226);
#8225 = CARTESIAN_POINT('',(-40.14977963548,-31.30709274837,
    -60.29589816879));
#8226 = VECTOR('',#8227,1.);
#8227 = DIRECTION('',(1.,-2.694713255929E-17,-5.293955921071E-23));
#8228 = ORIENTED_EDGE('',*,*,#8229,.F.);
#8229 = EDGE_CURVE('',#8230,#835,#8232,.T.);
#8230 = VERTEX_POINT('',#8231);
#8231 = CARTESIAN_POINT('',(-42.69977963548,-31.30709274837,
    -60.29589816879));
#8232 = LINE('',#8233,#8234);
#8233 = CARTESIAN_POINT('',(-40.14977963548,-31.30709274837,
    -60.29589816879));
#8234 = VECTOR('',#8235,1.);
#8235 = DIRECTION('',(1.,-2.694713255929E-17,-5.293955921071E-23));
#8236 = ORIENTED_EDGE('',*,*,#8237,.F.);
#8237 = EDGE_CURVE('',#8238,#8230,#8240,.T.);
#8238 = VERTEX_POINT('',#8239);
#8239 = CARTESIAN_POINT('',(-42.69977963548,-31.30709274837,
    -60.49589816879));
#8240 = LINE('',#8241,#8242);
#8241 = CARTESIAN_POINT('',(-42.69977963548,-31.30709274837,
    -60.29589816879));
#8242 = VECTOR('',#8243,1.);
#8243 = DIRECTION('',(5.293955920339E-23,3.197296891829E-40,1.));
#8244 = ORIENTED_EDGE('',*,*,#8245,.F.);
#8245 = EDGE_CURVE('',#8246,#8238,#8248,.T.);
#8246 = VERTEX_POINT('',#8247);
#8247 = CARTESIAN_POINT('',(-39.29977963548,-31.30709274837,
    -60.49589816879));
#8248 = LINE('',#8249,#8250);
#8249 = CARTESIAN_POINT('',(-39.29977963548,-31.30709274837,
    -60.49589816879));
#8250 = VECTOR('',#8251,1.);
#8251 = DIRECTION('',(-1.,2.694713255929E-17,2.117582368136E-22));
#8252 = ORIENTED_EDGE('',*,*,#8253,.F.);
#8253 = EDGE_CURVE('',#8222,#8246,#8254,.T.);
#8254 = LINE('',#8255,#8256);
#8255 = CARTESIAN_POINT('',(-39.29977963548,-31.30709274837,
    -60.29589816879));
#8256 = VECTOR('',#8257,1.);
#8257 = DIRECTION('',(-5.293955920339E-23,-3.197296891829E-40,-1.));
#8258 = PLANE('',#8259);
#8259 = AXIS2_PLACEMENT_3D('',#8260,#8261,#8262);
#8260 = CARTESIAN_POINT('',(-39.29977963548,-31.30709274837,
    -60.29589816879));
#8261 = DIRECTION('',(-2.694713255929E-17,-1.,1.746299008667E-39));
#8262 = DIRECTION('',(-1.,2.694713255929E-17,2.117582368136E-22));
#8263 = ADVANCED_FACE('',(#8264),#8290,.T.);
#8264 = FACE_BOUND('',#8265,.T.);
#8265 = EDGE_LOOP('',(#8266,#8277,#8283,#8284));
#8266 = ORIENTED_EDGE('',*,*,#8267,.F.);
#8267 = EDGE_CURVE('',#8268,#8270,#8272,.T.);
#8268 = VERTEX_POINT('',#8269);
#8269 = CARTESIAN_POINT('',(-39.29977963548,-30.41479646901,
    -60.49589816879));
#8270 = VERTEX_POINT('',#8271);
#8271 = CARTESIAN_POINT('',(-42.69977963548,-30.41479646901,
    -60.49589816879));
#8272 = CIRCLE('',#8273,3.1);
#8273 = AXIS2_PLACEMENT_3D('',#8274,#8275,#8276);
#8274 = CARTESIAN_POINT('',(-40.99977963548,-33.00709274837,
    -60.49589816879));
#8275 = DIRECTION('',(2.117582368121E-22,-5.546647024329E-17,1.));
#8276 = DIRECTION('',(-1.,1.788074580606E-13,2.117582467299E-22));
#8277 = ORIENTED_EDGE('',*,*,#8278,.F.);
#8278 = EDGE_CURVE('',#8246,#8268,#8279,.T.);
#8279 = LINE('',#8280,#8281);
#8280 = CARTESIAN_POINT('',(-39.29977963548,-33.10324088805,
    -60.49589816879));
#8281 = VECTOR('',#8282,1.);
#8282 = DIRECTION('',(2.694713255929E-17,1.,5.546647024329E-17));
#8283 = ORIENTED_EDGE('',*,*,#8245,.T.);
#8284 = ORIENTED_EDGE('',*,*,#8285,.F.);
#8285 = EDGE_CURVE('',#8270,#8238,#8286,.T.);
#8286 = LINE('',#8287,#8288);
#8287 = CARTESIAN_POINT('',(-42.69977963548,-30.51094460869,
    -60.49589816879));
#8288 = VECTOR('',#8289,1.);
#8289 = DIRECTION('',(-2.694713255929E-17,-1.,-5.546647024329E-17));
#8290 = PLANE('',#8291);
#8291 = AXIS2_PLACEMENT_3D('',#8292,#8293,#8294);
#8292 = CARTESIAN_POINT('',(-40.99977963548,-30.60709274837,
    -60.49589816879));
#8293 = DIRECTION('',(-2.117582368121E-22,5.546647024329E-17,-1.));
#8294 = DIRECTION('',(-1.,2.694713255929E-17,2.117582368136E-22));
#8295 = ADVANCED_FACE('',(#8296),#8306,.F.);
#8296 = FACE_BOUND('',#8297,.T.);
#8297 = EDGE_LOOP('',(#8298,#8299,#8305));
#8298 = ORIENTED_EDGE('',*,*,#8221,.T.);
#8299 = ORIENTED_EDGE('',*,*,#8300,.T.);
#8300 = EDGE_CURVE('',#8222,#817,#8301,.T.);
#8301 = LINE('',#8302,#8303);
#8302 = CARTESIAN_POINT('',(-39.29977963548,-34.30324088805,
    -60.29589816879));
#8303 = VECTOR('',#8304,1.);
#8304 = DIRECTION('',(-2.694713255929E-17,-1.,-5.546652318285E-17));
#8305 = ORIENTED_EDGE('',*,*,#834,.T.);
#8306 = PLANE('',#8307);
#8307 = AXIS2_PLACEMENT_3D('',#8308,#8309,#8310);
#8308 = CARTESIAN_POINT('',(-40.99977963548,-33.00709274837,
    -60.29589816879));
#8309 = DIRECTION('',(5.293955920922E-23,-5.546652318285E-17,1.));
#8310 = DIRECTION('',(-1.,1.788074580606E-13,5.293956912704E-23));
#8311 = ADVANCED_FACE('',(#8312),#8363,.T.);
#8312 = FACE_BOUND('',#8313,.T.);
#8313 = EDGE_LOOP('',(#8314,#8315,#8316,#8324,#8332,#8340,#8348,#8356,
    #8362));
#8314 = ORIENTED_EDGE('',*,*,#8253,.T.);
#8315 = ORIENTED_EDGE('',*,*,#8278,.T.);
#8316 = ORIENTED_EDGE('',*,*,#8317,.F.);
#8317 = EDGE_CURVE('',#8318,#8268,#8320,.T.);
#8318 = VERTEX_POINT('',#8319);
#8319 = CARTESIAN_POINT('',(-39.29977963548,-30.41479646901,
    -60.69589816879));
#8320 = LINE('',#8321,#8322);
#8321 = CARTESIAN_POINT('',(-39.29977963548,-30.41479646901,
    -67.19589816879));
#8322 = VECTOR('',#8323,1.);
#8323 = DIRECTION('',(5.293955920922E-23,-5.546652318285E-17,1.));
#8324 = ORIENTED_EDGE('',*,*,#8325,.F.);
#8325 = EDGE_CURVE('',#8326,#8318,#8328,.T.);
#8326 = VERTEX_POINT('',#8327);
#8327 = CARTESIAN_POINT('',(-39.29977963548,-35.59938902773,
    -60.69589816879));
#8328 = LINE('',#8329,#8330);
#8329 = CARTESIAN_POINT('',(-39.29977963548,-30.41479646901,
    -60.69589816879));
#8330 = VECTOR('',#8331,1.);
#8331 = DIRECTION('',(2.694713255929E-17,1.,5.546647024329E-17));
#8332 = ORIENTED_EDGE('',*,*,#8333,.F.);
#8333 = EDGE_CURVE('',#8334,#8326,#8336,.T.);
#8334 = VERTEX_POINT('',#8335);
#8335 = CARTESIAN_POINT('',(-39.29977963548,-35.59938902773,
    -60.49589816879));
#8336 = LINE('',#8337,#8338);
#8337 = CARTESIAN_POINT('',(-39.29977963548,-35.59938902773,
    -67.19589816879));
#8338 = VECTOR('',#8339,1.);
#8339 = DIRECTION('',(-5.293955920922E-23,5.546652318285E-17,-1.));
#8340 = ORIENTED_EDGE('',*,*,#8341,.T.);
#8341 = EDGE_CURVE('',#8334,#8342,#8344,.T.);
#8342 = VERTEX_POINT('',#8343);
#8343 = CARTESIAN_POINT('',(-39.29977963548,-34.70709274837,
    -60.49589816879));
#8344 = LINE('',#8345,#8346);
#8345 = CARTESIAN_POINT('',(-39.29977963548,-35.50324088805,
    -60.49589816879));
#8346 = VECTOR('',#8347,1.);
#8347 = DIRECTION('',(2.694713255929E-17,1.,5.546647024329E-17));
#8348 = ORIENTED_EDGE('',*,*,#8349,.T.);
#8349 = EDGE_CURVE('',#8342,#8350,#8352,.T.);
#8350 = VERTEX_POINT('',#8351);
#8351 = CARTESIAN_POINT('',(-39.29977963548,-34.70709274837,
    -60.29589816879));
#8352 = LINE('',#8353,#8354);
#8353 = CARTESIAN_POINT('',(-39.29977963548,-34.70709274837,
    -60.29589816879));
#8354 = VECTOR('',#8355,1.);
#8355 = DIRECTION('',(5.293955920339E-23,3.197296891829E-40,1.));
#8356 = ORIENTED_EDGE('',*,*,#8357,.F.);
#8357 = EDGE_CURVE('',#817,#8350,#8358,.T.);
#8358 = LINE('',#8359,#8360);
#8359 = CARTESIAN_POINT('',(-39.29977963548,-34.30324088805,
    -60.29589816879));
#8360 = VECTOR('',#8361,1.);
#8361 = DIRECTION('',(-2.694713255929E-17,-1.,-5.546652318285E-17));
#8362 = ORIENTED_EDGE('',*,*,#8300,.F.);
#8363 = PLANE('',#8364);
#8364 = AXIS2_PLACEMENT_3D('',#8365,#8366,#8367);
#8365 = CARTESIAN_POINT('',(-39.29977963548,-35.59938902773,
    -60.29589816879));
#8366 = DIRECTION('',(-1.,2.694713255929E-17,5.293955920339E-23));
#8367 = DIRECTION('',(2.694713255929E-17,1.,5.546647024329E-17));
#8368 = ADVANCED_FACE('',(#8369),#8400,.T.);
#8369 = FACE_BOUND('',#8370,.T.);
#8370 = EDGE_LOOP('',(#8371,#8377,#8378,#8386,#8394));
#8371 = ORIENTED_EDGE('',*,*,#8372,.F.);
#8372 = EDGE_CURVE('',#8350,#815,#8373,.T.);
#8373 = LINE('',#8374,#8375);
#8374 = CARTESIAN_POINT('',(-41.84977963548,-34.70709274837,
    -60.29589816879));
#8375 = VECTOR('',#8376,1.);
#8376 = DIRECTION('',(-1.,2.694713255929E-17,5.293955921071E-23));
#8377 = ORIENTED_EDGE('',*,*,#8349,.F.);
#8378 = ORIENTED_EDGE('',*,*,#8379,.F.);
#8379 = EDGE_CURVE('',#8380,#8342,#8382,.T.);
#8380 = VERTEX_POINT('',#8381);
#8381 = CARTESIAN_POINT('',(-42.69977963548,-34.70709274837,
    -60.49589816879));
#8382 = LINE('',#8383,#8384);
#8383 = CARTESIAN_POINT('',(-39.29977963548,-34.70709274837,
    -60.49589816879));
#8384 = VECTOR('',#8385,1.);
#8385 = DIRECTION('',(1.,-2.694713255929E-17,-2.117582368136E-22));
#8386 = ORIENTED_EDGE('',*,*,#8387,.F.);
#8387 = EDGE_CURVE('',#8388,#8380,#8390,.T.);
#8388 = VERTEX_POINT('',#8389);
#8389 = CARTESIAN_POINT('',(-42.69977963548,-34.70709274837,
    -60.29589816879));
#8390 = LINE('',#8391,#8392);
#8391 = CARTESIAN_POINT('',(-42.69977963548,-34.70709274837,
    -60.29589816879));
#8392 = VECTOR('',#8393,1.);
#8393 = DIRECTION('',(-5.293955920339E-23,-3.197296891829E-40,-1.));
#8394 = ORIENTED_EDGE('',*,*,#8395,.F.);
#8395 = EDGE_CURVE('',#815,#8388,#8396,.T.);
#8396 = LINE('',#8397,#8398);
#8397 = CARTESIAN_POINT('',(-41.84977963548,-34.70709274837,
    -60.29589816879));
#8398 = VECTOR('',#8399,1.);
#8399 = DIRECTION('',(-1.,2.694713255929E-17,5.293955921071E-23));
#8400 = PLANE('',#8401);
#8401 = AXIS2_PLACEMENT_3D('',#8402,#8403,#8404);
#8402 = CARTESIAN_POINT('',(-42.69977963548,-34.70709274837,
    -60.29589816879));
#8403 = DIRECTION('',(2.694713255929E-17,1.,-1.746299008667E-39));
#8404 = DIRECTION('',(1.,-2.694713255929E-17,-2.117582368136E-22));
#8405 = ADVANCED_FACE('',(#8406),#8425,.T.);
#8406 = FACE_BOUND('',#8407,.T.);
#8407 = EDGE_LOOP('',(#8408,#8417,#8423,#8424));
#8408 = ORIENTED_EDGE('',*,*,#8409,.F.);
#8409 = EDGE_CURVE('',#8410,#8334,#8412,.T.);
#8410 = VERTEX_POINT('',#8411);
#8411 = CARTESIAN_POINT('',(-42.69977963548,-35.59938902773,
    -60.49589816879));
#8412 = CIRCLE('',#8413,3.1);
#8413 = AXIS2_PLACEMENT_3D('',#8414,#8415,#8416);
#8414 = CARTESIAN_POINT('',(-40.99977963548,-33.00709274837,
    -60.49589816879));
#8415 = DIRECTION('',(2.117582368121E-22,-5.546647024329E-17,1.));
#8416 = DIRECTION('',(-1.,1.788074580606E-13,2.117582467299E-22));
#8417 = ORIENTED_EDGE('',*,*,#8418,.F.);
#8418 = EDGE_CURVE('',#8380,#8410,#8419,.T.);
#8419 = LINE('',#8420,#8421);
#8420 = CARTESIAN_POINT('',(-42.69977963548,-32.91094460869,
    -60.49589816879));
#8421 = VECTOR('',#8422,1.);
#8422 = DIRECTION('',(-2.694713255929E-17,-1.,-5.546647024329E-17));
#8423 = ORIENTED_EDGE('',*,*,#8379,.T.);
#8424 = ORIENTED_EDGE('',*,*,#8341,.F.);
#8425 = PLANE('',#8426);
#8426 = AXIS2_PLACEMENT_3D('',#8427,#8428,#8429);
#8427 = CARTESIAN_POINT('',(-40.99977963548,-35.40709274837,
    -60.49589816879));
#8428 = DIRECTION('',(-2.117582368121E-22,5.546647024329E-17,-1.));
#8429 = DIRECTION('',(-1.,2.694713255929E-17,2.117582368136E-22));
#8430 = ADVANCED_FACE('',(#8431),#8471,.T.);
#8431 = FACE_BOUND('',#8432,.T.);
#8432 = EDGE_LOOP('',(#8433,#8434,#8440,#8446,#8447,#8448,#8456,#8464,
    #8470));
#8433 = ORIENTED_EDGE('',*,*,#8237,.T.);
#8434 = ORIENTED_EDGE('',*,*,#8435,.F.);
#8435 = EDGE_CURVE('',#844,#8230,#8436,.T.);
#8436 = LINE('',#8437,#8438);
#8437 = CARTESIAN_POINT('',(-42.69977963548,-31.71094460869,
    -60.29589816879));
#8438 = VECTOR('',#8439,1.);
#8439 = DIRECTION('',(2.694713255929E-17,1.,5.546652318285E-17));
#8440 = ORIENTED_EDGE('',*,*,#8441,.F.);
#8441 = EDGE_CURVE('',#8388,#844,#8442,.T.);
#8442 = LINE('',#8443,#8444);
#8443 = CARTESIAN_POINT('',(-42.69977963548,-31.71094460869,
    -60.29589816879));
#8444 = VECTOR('',#8445,1.);
#8445 = DIRECTION('',(2.694713255929E-17,1.,5.546652318285E-17));
#8446 = ORIENTED_EDGE('',*,*,#8387,.T.);
#8447 = ORIENTED_EDGE('',*,*,#8418,.T.);
#8448 = ORIENTED_EDGE('',*,*,#8449,.F.);
#8449 = EDGE_CURVE('',#8450,#8410,#8452,.T.);
#8450 = VERTEX_POINT('',#8451);
#8451 = CARTESIAN_POINT('',(-42.69977963548,-35.59938902773,
    -60.69589816879));
#8452 = LINE('',#8453,#8454);
#8453 = CARTESIAN_POINT('',(-42.69977963548,-35.59938902773,
    -67.19589816879));
#8454 = VECTOR('',#8455,1.);
#8455 = DIRECTION('',(5.293955920922E-23,-5.546652318285E-17,1.));
#8456 = ORIENTED_EDGE('',*,*,#8457,.F.);
#8457 = EDGE_CURVE('',#8458,#8450,#8460,.T.);
#8458 = VERTEX_POINT('',#8459);
#8459 = CARTESIAN_POINT('',(-42.69977963548,-30.41479646901,
    -60.69589816879));
#8460 = LINE('',#8461,#8462);
#8461 = CARTESIAN_POINT('',(-42.69977963548,-30.41479646901,
    -60.69589816879));
#8462 = VECTOR('',#8463,1.);
#8463 = DIRECTION('',(-2.694713255929E-17,-1.,-5.546647024329E-17));
#8464 = ORIENTED_EDGE('',*,*,#8465,.F.);
#8465 = EDGE_CURVE('',#8270,#8458,#8466,.T.);
#8466 = LINE('',#8467,#8468);
#8467 = CARTESIAN_POINT('',(-42.69977963548,-30.41479646901,
    -67.19589816879));
#8468 = VECTOR('',#8469,1.);
#8469 = DIRECTION('',(-5.293955920922E-23,5.546652318285E-17,-1.));
#8470 = ORIENTED_EDGE('',*,*,#8285,.T.);
#8471 = PLANE('',#8472);
#8472 = AXIS2_PLACEMENT_3D('',#8473,#8474,#8475);
#8473 = CARTESIAN_POINT('',(-42.69977963548,-30.41479646901,
    -60.29589816879));
#8474 = DIRECTION('',(1.,-2.694713255929E-17,-5.293955920339E-23));
#8475 = DIRECTION('',(-2.694713255929E-17,-1.,-5.546647024329E-17));
#8476 = ADVANCED_FACE('',(#8477),#8569,.F.);
#8477 = FACE_BOUND('',#8478,.F.);
#8478 = EDGE_LOOP('',(#8479,#8501,#8509,#8516,#8517,#8518,#8519,#8526,
    #8527,#8528,#8529,#8536,#8537,#8547,#8562));
#8479 = ORIENTED_EDGE('',*,*,#8480,.T.);
#8480 = EDGE_CURVE('',#8481,#8483,#8485,.T.);
#8481 = VERTEX_POINT('',#8482);
#8482 = CARTESIAN_POINT('',(-42.70234159476,-30.41647838594,
    -70.769650313));
#8483 = VERTEX_POINT('',#8484);
#8484 = CARTESIAN_POINT('',(-37.90089769631,-33.00762659919,
    -65.83499364497));
#8485 = B_SPLINE_CURVE_WITH_KNOTS('',3,(#8486,#8487,#8488,#8489,#8490,
    #8491,#8492,#8493,#8494,#8495,#8496,#8497,#8498,#8499,#8500),
  .UNSPECIFIED.,.F.,.F.,(4,1,1,1,1,1,1,1,1,1,1,1,4),(-2.061930139931,
    -1.767368691369,-1.546447604948,-1.472807242808,-1.178245794246,
    -1.030965069965,-0.883684345685,-0.736403621404,-0.681173349799,
    -0.625943078193,-0.589122897123,-0.294561448562,-0.191803623214),
  .UNSPECIFIED.);
#8486 = CARTESIAN_POINT('',(-42.70234159476,-30.41647838594,
    -70.769650313));
#8487 = CARTESIAN_POINT('',(-43.04292375775,-30.64031032447,
    -69.90937472567));
#8488 = CARTESIAN_POINT('',(-43.61637400175,-31.18026473361,
    -68.44201900348));
#8489 = CARTESIAN_POINT('',(-44.02199040591,-32.15108902744,
    -66.87707788071));
#8490 = CARTESIAN_POINT('',(-44.16121327942,-33.29310745389,
    -65.44359514042));
#8491 = CARTESIAN_POINT('',(-43.89732241074,-34.51992860115,
    -64.36981963279));
#8492 = CARTESIAN_POINT('',(-42.74115774501,-35.67380414382,
    -63.68270289268));
#8493 = CARTESIAN_POINT('',(-41.54894111,-36.14633462399,-63.45131499544
    ));
#8494 = CARTESIAN_POINT('',(-40.52077685856,-36.11423194898,
    -63.46635929714));
#8495 = CARTESIAN_POINT('',(-39.81972597556,-35.88639069095,
    -63.57883755566));
#8496 = CARTESIAN_POINT('',(-39.44925220814,-35.70100730573,
    -63.67748949912));
#8497 = CARTESIAN_POINT('',(-38.54745199199,-35.10154804094,
    -64.00775258245));
#8498 = CARTESIAN_POINT('',(-37.97831316124,-34.07083462299,
    -64.71541149805));
#8499 = CARTESIAN_POINT('',(-37.89982741265,-33.21910051021,
    -65.59627638032));
#8500 = CARTESIAN_POINT('',(-37.90089769631,-33.00762659919,
    -65.83499364497));
#8501 = ORIENTED_EDGE('',*,*,#8502,.T.);
#8502 = EDGE_CURVE('',#8483,#8503,#8505,.T.);
#8503 = VERTEX_POINT('',#8504);
#8504 = CARTESIAN_POINT('',(-37.89977963548,-33.00709274837,
    -60.69589816879));
#8505 = LINE('',#8506,#8507);
#8506 = CARTESIAN_POINT('',(-37.89977963548,-33.00709274837,
    -67.19589816879));
#8507 = VECTOR('',#8508,1.);
#8508 = DIRECTION('',(5.293955920922E-23,-5.546652318285E-17,1.));
#8509 = ORIENTED_EDGE('',*,*,#8510,.F.);
#8510 = EDGE_CURVE('',#8326,#8503,#8511,.T.);
#8511 = CIRCLE('',#8512,3.1);
#8512 = AXIS2_PLACEMENT_3D('',#8513,#8514,#8515);
#8513 = CARTESIAN_POINT('',(-40.99977963548,-33.00709274837,
    -60.69589816879));
#8514 = DIRECTION('',(2.117582368121E-22,-5.546647024329E-17,1.));
#8515 = DIRECTION('',(-1.,1.788074580606E-13,2.117582467299E-22));
#8516 = ORIENTED_EDGE('',*,*,#8333,.F.);
#8517 = ORIENTED_EDGE('',*,*,#8409,.F.);
#8518 = ORIENTED_EDGE('',*,*,#8449,.F.);
#8519 = ORIENTED_EDGE('',*,*,#8520,.F.);
#8520 = EDGE_CURVE('',#8458,#8450,#8521,.T.);
#8521 = CIRCLE('',#8522,3.1);
#8522 = AXIS2_PLACEMENT_3D('',#8523,#8524,#8525);
#8523 = CARTESIAN_POINT('',(-40.99977963548,-33.00709274837,
    -60.69589816879));
#8524 = DIRECTION('',(2.117582368121E-22,-5.546647024329E-17,1.));
#8525 = DIRECTION('',(-1.,1.788074580606E-13,2.117582467299E-22));
#8526 = ORIENTED_EDGE('',*,*,#8465,.F.);
#8527 = ORIENTED_EDGE('',*,*,#8267,.F.);
#8528 = ORIENTED_EDGE('',*,*,#8317,.F.);
#8529 = ORIENTED_EDGE('',*,*,#8530,.F.);
#8530 = EDGE_CURVE('',#8503,#8318,#8531,.T.);
#8531 = CIRCLE('',#8532,3.1);
#8532 = AXIS2_PLACEMENT_3D('',#8533,#8534,#8535);
#8533 = CARTESIAN_POINT('',(-40.99977963548,-33.00709274837,
    -60.69589816879));
#8534 = DIRECTION('',(2.117582368121E-22,-5.546647024329E-17,1.));
#8535 = DIRECTION('',(-1.,1.788074580606E-13,2.117582467299E-22));
#8536 = ORIENTED_EDGE('',*,*,#8502,.F.);
#8537 = ORIENTED_EDGE('',*,*,#8538,.T.);
#8538 = EDGE_CURVE('',#8483,#8539,#8541,.T.);
#8539 = VERTEX_POINT('',#8540);
#8540 = CARTESIAN_POINT('',(-38.09282263254,-31.93024444604,
    -67.26378082896));
#8541 = B_SPLINE_CURVE_WITH_KNOTS('',3,(#8542,#8543,#8544,#8545,#8546),
  .UNSPECIFIED.,.F.,.F.,(4,1,4),(-0.191803623214,-0.147280724281,
    -3.140257381346E-10),.UNSPECIFIED.);
#8542 = CARTESIAN_POINT('',(-37.90089769631,-33.00762659919,
    -65.83499364497));
#8543 = CARTESIAN_POINT('',(-37.9013614287,-32.91599920696,
    -65.93842503437));
#8544 = CARTESIAN_POINT('',(-37.92064110773,-32.5283941147,
    -66.39282124985));
#8545 = CARTESIAN_POINT('',(-38.00196017321,-32.17552867177,
    -66.87810406577));
#8546 = CARTESIAN_POINT('',(-38.09282282927,-31.93024451076,
    -67.26378082377));
#8547 = ORIENTED_EDGE('',*,*,#8548,.T.);
#8548 = EDGE_CURVE('',#8539,#8549,#8551,.T.);
#8549 = VERTEX_POINT('',#8550);
#8550 = CARTESIAN_POINT('',(-42.69794735592,-30.41359580539,
    -70.78022058205));
#8551 = B_SPLINE_CURVE_WITH_KNOTS('',3,(#8552,#8553,#8554,#8555,#8556,
    #8557,#8558,#8559,#8560,#8561),.UNSPECIFIED.,.F.,.F.,(4,3,3,4),(
    0.35476543763,0.867839306554,1.380913175477,2.150523978861),
  .UNSPECIFIED.);
#8552 = CARTESIAN_POINT('',(-38.09282263254,-31.93024444604,
    -67.26378082896));
#8553 = CARTESIAN_POINT('',(-38.27699010602,-31.43308325708,
    -67.40441000974));
#8554 = CARTESIAN_POINT('',(-38.59118188356,-30.98569407583,
    -67.64432474354));
#8555 = CARTESIAN_POINT('',(-38.99553426348,-30.64311504445,
    -67.95308541426));
#8556 = CARTESIAN_POINT('',(-39.3998866434,-30.30053601308,
    -68.26184608498));
#8557 = CARTESIAN_POINT('',(-39.89439962568,-30.06276713159,
    -68.63945269261));
#8558 = CARTESIAN_POINT('',(-40.41453945353,-29.96360009954,
    -69.03662767093));
#8559 = CARTESIAN_POINT('',(-41.19474919531,-29.81484955147,
    -69.6323901384));
#8560 = CARTESIAN_POINT('',(-42.03261933961,-29.97795316467,
    -70.27218143992));
#8561 = CARTESIAN_POINT('',(-42.69794719304,-30.41359604679,
    -70.78022059039));
#8562 = ORIENTED_EDGE('',*,*,#8563,.T.);
#8563 = EDGE_CURVE('',#8549,#8481,#8564,.T.);
#8564 = B_SPLINE_CURVE_WITH_KNOTS('',3,(#8565,#8566,#8567,#8568),
  .UNSPECIFIED.,.F.,.F.,(4,4),(0.,1.220648246857E-03),
  .PIECEWISE_BEZIER_KNOTS.);
#8565 = CARTESIAN_POINT('',(-42.6979473563,-30.41359580564,
    -70.78022058229));
#8566 = CARTESIAN_POINT('',(-42.69946543002,-30.41458980866,
    -70.7767399234));
#8567 = CARTESIAN_POINT('',(-42.70093023885,-30.41555083728,
    -70.77321525317));
#8568 = CARTESIAN_POINT('',(-42.70234159469,-30.4164783859,
    -70.76965031318));
#8569 = CYLINDRICAL_SURFACE('',#8570,3.1);
#8570 = AXIS2_PLACEMENT_3D('',#8571,#8572,#8573);
#8571 = CARTESIAN_POINT('',(-40.99977963548,-33.00709274837,
    -67.19589816879));
#8572 = DIRECTION('',(5.293955920922E-23,-5.546652318285E-17,1.));
#8573 = DIRECTION('',(-1.,1.788074580606E-13,5.293956912704E-23));
#8574 = ADVANCED_FACE('',(#8575),#8580,.F.);
#8575 = FACE_BOUND('',#8576,.T.);
#8576 = EDGE_LOOP('',(#8577,#8578,#8579));
#8577 = ORIENTED_EDGE('',*,*,#8372,.T.);
#8578 = ORIENTED_EDGE('',*,*,#814,.T.);
#8579 = ORIENTED_EDGE('',*,*,#8357,.T.);
#8580 = PLANE('',#8581);
#8581 = AXIS2_PLACEMENT_3D('',#8582,#8583,#8584);
#8582 = CARTESIAN_POINT('',(-40.99977963548,-33.00709274837,
    -60.29589816879));
#8583 = DIRECTION('',(5.293955920922E-23,-5.546652318285E-17,1.));
#8584 = DIRECTION('',(-1.,1.788074580606E-13,5.293956912704E-23));
#8585 = ADVANCED_FACE('',(#8586),#8591,.T.);
#8586 = FACE_BOUND('',#8587,.T.);
#8587 = EDGE_LOOP('',(#8588,#8589,#8590));
#8588 = ORIENTED_EDGE('',*,*,#8510,.F.);
#8589 = ORIENTED_EDGE('',*,*,#8325,.T.);
#8590 = ORIENTED_EDGE('',*,*,#8530,.F.);
#8591 = PLANE('',#8592);
#8592 = AXIS2_PLACEMENT_3D('',#8593,#8594,#8595);
#8593 = CARTESIAN_POINT('',(-38.59977963548,-33.00709274837,
    -60.69589816879));
#8594 = DIRECTION('',(-2.117582368121E-22,5.546647024329E-17,-1.));
#8595 = DIRECTION('',(-1.,2.694713255929E-17,2.117582368136E-22));
#8596 = ADVANCED_FACE('',(#8597),#8602,.F.);
#8597 = FACE_BOUND('',#8598,.T.);
#8598 = EDGE_LOOP('',(#8599,#8600,#8601));
#8599 = ORIENTED_EDGE('',*,*,#8395,.T.);
#8600 = ORIENTED_EDGE('',*,*,#8441,.T.);
#8601 = ORIENTED_EDGE('',*,*,#852,.T.);
#8602 = PLANE('',#8603);
#8603 = AXIS2_PLACEMENT_3D('',#8604,#8605,#8606);
#8604 = CARTESIAN_POINT('',(-40.99977963548,-33.00709274837,
    -60.29589816879));
#8605 = DIRECTION('',(5.293955920922E-23,-5.546652318285E-17,1.));
#8606 = DIRECTION('',(-1.,1.788074580606E-13,5.293956912704E-23));
#8607 = ADVANCED_FACE('',(#8608),#8612,.T.);
#8608 = FACE_BOUND('',#8609,.T.);
#8609 = EDGE_LOOP('',(#8610,#8611));
#8610 = ORIENTED_EDGE('',*,*,#8457,.T.);
#8611 = ORIENTED_EDGE('',*,*,#8520,.F.);
#8612 = PLANE('',#8613);
#8613 = AXIS2_PLACEMENT_3D('',#8614,#8615,#8616);
#8614 = CARTESIAN_POINT('',(-43.39977963548,-33.00709274837,
    -60.69589816879));
#8615 = DIRECTION('',(-2.117582368121E-22,5.546647024329E-17,-1.));
#8616 = DIRECTION('',(-1.,2.694713255929E-17,2.117582368136E-22));
#8617 = ADVANCED_FACE('',(#8618),#8642,.T.);
#8618 = FACE_BOUND('',#8619,.T.);
#8619 = EDGE_LOOP('',(#8620,#8626,#8635,#8641));
#8620 = ORIENTED_EDGE('',*,*,#8621,.T.);
#8621 = EDGE_CURVE('',#65,#2919,#8622,.T.);
#8622 = LINE('',#8623,#8624);
#8623 = CARTESIAN_POINT('',(-36.99976812802,-23.30711158357,
    -123.8958777106));
#8624 = VECTOR('',#8625,1.);
#8625 = DIRECTION('',(-1.236624332891E-07,0.707108700743,0.707104861624)
  );
#8626 = ORIENTED_EDGE('',*,*,#8627,.T.);
#8627 = EDGE_CURVE('',#2919,#8628,#8630,.T.);
#8628 = VERTEX_POINT('',#8629);
#8629 = CARTESIAN_POINT('',(-34.99976816299,-25.10711622559,
    -123.6958804875));
#8630 = CIRCLE('',#8631,2.);
#8631 = AXIS2_PLACEMENT_3D('',#8632,#8633,#8634);
#8632 = CARTESIAN_POINT('',(-36.99976816299,-25.10711622559,
    -123.6958808373));
#8633 = DIRECTION('',(1.748855422052E-07,-3.578842871477E-07,-1.));
#8634 = DIRECTION('',(0.707106781187,0.707106781187,-1.293996534974E-07)
  );
#8635 = ORIENTED_EDGE('',*,*,#8636,.F.);
#8636 = EDGE_CURVE('',#73,#8628,#8637,.T.);
#8637 = LINE('',#8638,#8639);
#8638 = CARTESIAN_POINT('',(-35.19976812802,-25.10711629717,
    -123.8958805225));
#8639 = VECTOR('',#8640,1.);
#8640 = DIRECTION('',(0.707106657524,2.530624302941E-07,0.707106904849)
  );
#8641 = ORIENTED_EDGE('',*,*,#72,.T.);
#8642 = CONICAL_SURFACE('',#8643,1.8,0.785398163398);
#8643 = AXIS2_PLACEMENT_3D('',#8644,#8645,#8646);
#8644 = CARTESIAN_POINT('',(-36.99976812801,-25.10711629717,
    -123.8958808373));
#8645 = DIRECTION('',(-1.748855393836E-07,3.57884288871E-07,1.));
#8646 = DIRECTION('',(0.707106781187,0.707106781187,-1.293996567112E-07)
  );
#8647 = ADVANCED_FACE('',(#8648),#8689,.F.);
#8648 = FACE_BOUND('',#8649,.F.);
#8649 = EDGE_LOOP('',(#8650,#8673,#8680,#8681,#8682));
#8650 = ORIENTED_EDGE('',*,*,#8651,.F.);
#8651 = EDGE_CURVE('',#8652,#8654,#8656,.T.);
#8652 = VERTEX_POINT('',#8653);
#8653 = CARTESIAN_POINT('',(-37.62395855338,-32.15875667184,
    -67.56082843452));
#8654 = VERTEX_POINT('',#8655);
#8655 = CARTESIAN_POINT('',(-42.97694833705,-30.47726610387,
    -70.91426886411));
#8656 = B_SPLINE_CURVE_WITH_KNOTS('',3,(#8657,#8658,#8659,#8660,#8661,
    #8662,#8663,#8664,#8665,#8666,#8667,#8668,#8669,#8670,#8671,#8672),
  .UNSPECIFIED.,.F.,.F.,(4,1,1,1,1,1,1,1,1,1,1,1,1,4),(
    6.514923014111E-09,0.147280724281,0.294561448562,0.589122897123,
    0.625943078193,0.681173349799,0.736403621404,0.883684345685,
    1.030965069965,1.178245794246,1.472807242808,1.546447604948,
    1.767368691369,2.061930139931),.UNSPECIFIED.);
#8657 = CARTESIAN_POINT('',(-37.62395876299,-32.15875670049,
    -67.56082839572));
#8658 = CARTESIAN_POINT('',(-37.51844084412,-32.43121819986,
    -67.19192020821));
#8659 = CARTESIAN_POINT('',(-37.37341270201,-33.03317298767,
    -66.47905265351));
#8660 = CARTESIAN_POINT('',(-37.42319797196,-34.41910683273,
    -65.19267592648));
#8661 = CARTESIAN_POINT('',(-38.15191519859,-35.68143884826,
    -64.44636665029));
#8662 = CARTESIAN_POINT('',(-39.19916706,-36.34731786329,-64.13046283942
    ));
#8663 = CARTESIAN_POINT('',(-39.62939466012,-36.55324162359,
    -64.03610011417));
#8664 = CARTESIAN_POINT('',(-40.44351826533,-36.80632756519,
    -63.9285122209));
#8665 = CARTESIAN_POINT('',(-41.63751546044,-36.84198719859,
    -63.91412202835));
#8666 = CARTESIAN_POINT('',(-43.02202510285,-36.3171006063,
    -64.13544959276));
#8667 = CARTESIAN_POINT('',(-44.3646679457,-35.03537630085,
    -64.79269170221));
#8668 = CARTESIAN_POINT('',(-44.67112186588,-33.67262405873,
    -65.81978132053));
#8669 = CARTESIAN_POINT('',(-44.50944370108,-32.4040706313,
    -67.19093872306));
#8670 = CARTESIAN_POINT('',(-44.03840530815,-31.32567955036,
    -68.68783892386));
#8671 = CARTESIAN_POINT('',(-43.37246310048,-30.72589849561,
    -70.09139656611));
#8672 = CARTESIAN_POINT('',(-42.97694833709,-30.47726610387,
    -70.91426886403));
#8673 = ORIENTED_EDGE('',*,*,#8674,.T.);
#8674 = EDGE_CURVE('',#8652,#8539,#8675,.T.);
#8675 = CIRCLE('',#8676,0.5);
#8676 = AXIS2_PLACEMENT_3D('',#8677,#8678,#8679);
#8677 = CARTESIAN_POINT('',(-37.62395860533,-31.75655931717,
    -67.26378081561));
#8678 = DIRECTION('',(-0.214932131032,0.580210612569,-0.785595203722));
#8679 = DIRECTION('',(1.038987384877E-07,-0.804394709335,-0.594095237815
    ));
#8680 = ORIENTED_EDGE('',*,*,#8538,.F.);
#8681 = ORIENTED_EDGE('',*,*,#8480,.F.);
#8682 = ORIENTED_EDGE('',*,*,#8683,.F.);
#8683 = EDGE_CURVE('',#8654,#8481,#8684,.T.);
#8684 = CIRCLE('',#8685,0.500000000024);
#8685 = AXIS2_PLACEMENT_3D('',#8686,#8687,#8688);
#8686 = CARTESIAN_POINT('',(-42.97694836238,-29.99863735975,
    -70.769650313));
#8687 = DIRECTION('',(-0.402817244495,-0.264733079136,0.876159040556));
#8688 = DIRECTION('',(5.067162724137E-08,-0.957257488195,-0.289237102209
    ));
#8689 = B_SPLINE_SURFACE_WITH_KNOTS('',3,3,(
    (#8690,#8691,#8692,#8693,#8694,#8695,#8696,#8697,#8698,#8699,#8700
      ,#8701,#8702,#8703,#8704,#8705)
    ,(#8706,#8707,#8708,#8709,#8710,#8711,#8712,#8713,#8714,#8715,#8716
      ,#8717,#8718,#8719,#8720,#8721)
    ,(#8722,#8723,#8724,#8725,#8726,#8727,#8728,#8729,#8730,#8731,#8732
      ,#8733,#8734,#8735,#8736,#8737)
    ,(#8738,#8739,#8740,#8741,#8742,#8743,#8744,#8745,#8746,#8747,#8748
      ,#8749,#8750,#8751,#8752,#8753)
    ,(#8754,#8755,#8756,#8757,#8758,#8759,#8760,#8761,#8762,#8763,#8764
      ,#8765,#8766,#8767,#8768,#8769)
    ,(#8770,#8771,#8772,#8773,#8774,#8775,#8776,#8777,#8778,#8779,#8780
      ,#8781,#8782,#8783,#8784,#8785
    )),.UNSPECIFIED.,.F.,.F.,.F.,(4,1,1,4),(4,1,1,1,1,1,1,1,1,1,1,1,1,4)
  ,(0.,0.285714285714,0.571428571429,1.),(0.,0.147280724281,
    0.294561448562,0.589122897123,0.625943078193,0.681173349799,
    0.736403621404,0.883684345685,1.030965069965,1.178245794246,
    1.472807242808,1.546447604948,1.767368691369,2.061930139931),
  .UNSPECIFIED.);
#8690 = CARTESIAN_POINT('',(-37.623958777,-32.15875666434,
    -67.56082844468));
#8691 = CARTESIAN_POINT('',(-37.51844085053,-32.43121817324,
    -67.19192023974));
#8692 = CARTESIAN_POINT('',(-37.37341270146,-33.03317297235,
    -66.47905266774));
#8693 = CARTESIAN_POINT('',(-37.42319797196,-34.41910683273,
    -65.19267592648));
#8694 = CARTESIAN_POINT('',(-38.15191519859,-35.68143884826,
    -64.44636665029));
#8695 = CARTESIAN_POINT('',(-39.19916706,-36.34731786329,-64.13046283942
    ));
#8696 = CARTESIAN_POINT('',(-39.62939466012,-36.55324162359,
    -64.03610011417));
#8697 = CARTESIAN_POINT('',(-40.44351826533,-36.80632756519,
    -63.9285122209));
#8698 = CARTESIAN_POINT('',(-41.63751546044,-36.84198719859,
    -63.91412202835));
#8699 = CARTESIAN_POINT('',(-43.02202510285,-36.3171006063,
    -64.13544959276));
#8700 = CARTESIAN_POINT('',(-44.3646679457,-35.03537630085,
    -64.79269170221));
#8701 = CARTESIAN_POINT('',(-44.67112186588,-33.67262405873,
    -65.81978132053));
#8702 = CARTESIAN_POINT('',(-44.50944370108,-32.4040706313,
    -67.19093872306));
#8703 = CARTESIAN_POINT('',(-44.03840530815,-31.32567955036,
    -68.68783892386));
#8704 = CARTESIAN_POINT('',(-43.37246310048,-30.72589849561,
    -70.09139656611));
#8705 = CARTESIAN_POINT('',(-42.97694833709,-30.47726610387,
    -70.91426886403));
#8706 = CARTESIAN_POINT('',(-37.68384024231,-32.16658592491,
    -67.55022777129));
#8707 = CARTESIAN_POINT('',(-37.58238596997,-32.43844014667,
    -67.18308115437));
#8708 = CARTESIAN_POINT('',(-37.44512803608,-33.037254712,
    -66.47503197928));
#8709 = CARTESIAN_POINT('',(-37.50873694431,-34.40703931221,
    -65.20497257657));
#8710 = CARTESIAN_POINT('',(-38.22946753374,-35.63291425297,
    -64.4748965904));
#8711 = CARTESIAN_POINT('',(-39.24915862767,-36.27621847939,
    -64.1638134331));
#8712 = CARTESIAN_POINT('',(-39.66781516669,-36.47524465985,
    -64.07079945978));
#8713 = CARTESIAN_POINT('',(-40.45923941237,-36.7196734458,
    -63.96442697551));
#8714 = CARTESIAN_POINT('',(-41.61961241579,-36.75420318395,
    -63.95008318702));
#8715 = CARTESIAN_POINT('',(-42.96534644138,-36.24695054739,
    -64.16925182789));
#8716 = CARTESIAN_POINT('',(-44.27718154917,-35.00778854439,
    -64.81405348641));
#8717 = CARTESIAN_POINT('',(-44.59207643135,-33.67166827113,
    -65.82237305275));
#8718 = CARTESIAN_POINT('',(-44.44539825147,-32.41217346916,
    -67.18144816608));
#8719 = CARTESIAN_POINT('',(-43.99129486622,-31.33497436956,
    -68.67188542042));
#8720 = CARTESIAN_POINT('',(-43.33789403112,-30.73112563312,
    -70.0774415665));
#8721 = CARTESIAN_POINT('',(-42.94889878858,-30.48083664128,
    -70.90245182855));
#8722 = CARTESIAN_POINT('',(-37.80348989398,-32.16382743363,
    -67.51545531473));
#8723 = CARTESIAN_POINT('',(-37.71013910503,-32.43284361552,
    -67.14944506916));
#8724 = CARTESIAN_POINT('',(-37.58834702676,-33.02244807227,
    -66.44562314174));
#8725 = CARTESIAN_POINT('',(-37.67939566227,-34.35593539005,
    -65.19457027688));
#8726 = CARTESIAN_POINT('',(-38.38409659592,-35.51124181081,
    -64.48679948741));
#8727 = CARTESIAN_POINT('',(-39.34881988922,-36.11203869146,
    -64.18215719132));
#8728 = CARTESIAN_POINT('',(-39.74439682321,-36.29810206445,
    -64.09091047748));
#8729 = CARTESIAN_POINT('',(-40.49055869971,-36.5263776593,
    -63.98607209025));
#8730 = CARTESIAN_POINT('',(-41.58389918707,-36.55880964312,
    -63.97173960175));
#8731 = CARTESIAN_POINT('',(-42.8523562601,-36.08441761509,
    -64.18832206335));
#8732 = CARTESIAN_POINT('',(-44.10270788742,-34.92609624173,
    -64.81603030042));
#8733 = CARTESIAN_POINT('',(-44.43429725334,-33.64429764623,
    -65.80001390281));
#8734 = CARTESIAN_POINT('',(-44.31746601281,-32.40831430887,
    -67.14692060176));
#8735 = CARTESIAN_POINT('',(-43.89713233257,-31.34031709721,
    -68.63377258055));
#8736 = CARTESIAN_POINT('',(-43.26876301145,-30.7338095214,
    -70.04672475953));
#8737 = CARTESIAN_POINT('',(-42.89280345158,-30.4825614848,
    -70.87718296193));
#8738 = CARTESIAN_POINT('',(-37.98516162253,-32.09561146914,
    -67.41536974908));
#8739 = CARTESIAN_POINT('',(-37.90089665151,-32.35480240073,
    -67.04375526167));
#8740 = CARTESIAN_POINT('',(-37.79492067853,-32.92095859894,
    -66.32929321094));
#8741 = CARTESIAN_POINT('',(-37.90441567963,-34.19154599117,
    -65.06060475314));
#8742 = CARTESIAN_POINT('',(-38.57561042157,-35.27159352361,
    -64.34532693845));
#8743 = CARTESIAN_POINT('',(-39.47115111189,-35.83174823154,
    -64.03715436766));
#8744 = CARTESIAN_POINT('',(-39.83800372116,-36.00541182129,
    -63.94481112248));
#8745 = CARTESIAN_POINT('',(-40.52875718692,-36.21851400359,
    -63.83865490854));
#8746 = CARTESIAN_POINT('',(-41.54036458303,-36.24894971468,
    -63.8240983917));
#8747 = CARTESIAN_POINT('',(-42.71431528558,-35.80561133339,
    -64.04353145371));
#8748 = CARTESIAN_POINT('',(-43.8817331868,-34.72628925653,
    -64.67797027699));
#8749 = CARTESIAN_POINT('',(-44.21560132195,-33.51603318819,
    -65.6741885302));
#8750 = CARTESIAN_POINT('',(-44.12565360568,-32.3319558463,
    -67.04114934186));
#8751 = CARTESIAN_POINT('',(-43.74418633052,-31.3016996647,
    -68.5508874827));
#8752 = CARTESIAN_POINT('',(-43.15334957726,-30.71119580936,
    -69.98564888669));
#8753 = CARTESIAN_POINT('',(-42.79793538734,-30.4665668717,
    -70.82873422899));
#8754 = CARTESIAN_POINT('',(-38.06772444931,-31.99799770362,
    -67.32068745398));
#8755 = CARTESIAN_POINT('',(-37.98171176971,-32.24791902457,
    -66.94031317788));
#8756 = CARTESIAN_POINT('',(-37.86880936784,-32.79679262414,
    -66.20661075311));
#8757 = CARTESIAN_POINT('',(-37.94654182443,-34.04256311853,
    -64.8905665035));
#8758 = CARTESIAN_POINT('',(-38.58883672375,-35.14056444205,
    -64.13506431532));
#8759 = CARTESIAN_POINT('',(-39.47739873463,-35.71624824661,
    -63.8131919382));
#8760 = CARTESIAN_POINT('',(-39.84188916581,-35.89444117816,
    -63.71694566486));
#8761 = CARTESIAN_POINT('',(-40.52995362992,-36.11341704497,
    -63.60686840729));
#8762 = CARTESIAN_POINT('',(-41.53840545801,-36.14446478999,
    -63.59201002268));
#8763 = CARTESIAN_POINT('',(-42.70846310778,-35.68955874993,
    -63.81887539206));
#8764 = CARTESIAN_POINT('',(-43.85712529207,-34.58176950961,
    -64.48590694542));
#8765 = CARTESIAN_POINT('',(-44.15405135553,-33.37618212198,
    -65.53021081265));
#8766 = CARTESIAN_POINT('',(-44.04345493046,-32.2249222382,
    -66.93857491011));
#8767 = CARTESIAN_POINT('',(-43.65661055852,-31.23331288186,
    -68.48274294045));
#8768 = CARTESIAN_POINT('',(-43.08069274869,-30.67148588439,
    -69.93798162004));
#8769 = CARTESIAN_POINT('',(-42.73599949189,-30.43859848846,
    -70.79180828127));
#8770 = CARTESIAN_POINT('',(-38.09282282985,-31.93024450919,
    -67.26378082623));
#8771 = CARTESIAN_POINT('',(-38.00196017348,-32.17552867062,
    -66.87810406736));
#8772 = CARTESIAN_POINT('',(-37.87707482777,-32.7174399986,
    -66.13283342506));
#8773 = CARTESIAN_POINT('',(-37.91994548617,-33.96513045625,
    -64.78798501335));
#8774 = CARTESIAN_POINT('',(-38.54745199199,-35.10154804094,
    -64.00775258245));
#8775 = CARTESIAN_POINT('',(-39.44925220814,-35.70100730573,
    -63.67748949912));
#8776 = CARTESIAN_POINT('',(-39.81972597556,-35.88639069095,
    -63.57883755566));
#8777 = CARTESIAN_POINT('',(-40.52077685856,-36.11423194898,
    -63.46635929714));
#8778 = CARTESIAN_POINT('',(-41.54894111,-36.14633462399,-63.45131499544
    ));
#8779 = CARTESIAN_POINT('',(-42.74115774501,-35.67380414382,
    -63.68270289268));
#8780 = CARTESIAN_POINT('',(-43.89732241074,-34.51992860115,
    -64.36981963279));
#8781 = CARTESIAN_POINT('',(-44.16121327942,-33.29310745389,
    -65.44359514042));
#8782 = CARTESIAN_POINT('',(-44.02199040591,-32.15108902744,
    -66.87707788071));
#8783 = CARTESIAN_POINT('',(-43.61637400175,-31.18026473361,
    -68.44201900348));
#8784 = CARTESIAN_POINT('',(-43.04292375775,-30.64031032447,
    -69.90937472567));
#8785 = CARTESIAN_POINT('',(-42.70234159476,-30.41647838594,
    -70.769650313));
#8786 = ADVANCED_FACE('',(#8787),#8807,.F.);
#8787 = FACE_BOUND('',#8788,.F.);
#8788 = EDGE_LOOP('',(#8789,#8790,#8799,#8806));
#8789 = ORIENTED_EDGE('',*,*,#8563,.F.);
#8790 = ORIENTED_EDGE('',*,*,#8791,.F.);
#8791 = EDGE_CURVE('',#8792,#8549,#8794,.T.);
#8792 = VERTEX_POINT('',#8793);
#8793 = CARTESIAN_POINT('',(-42.96556810498,-30.47077590339,
    -70.93473144332));
#8794 = CIRCLE('',#8795,0.5);
#8795 = AXIS2_PLACEMENT_3D('',#8796,#8797,#8798);
#8796 = CARTESIAN_POINT('',(-42.97184537579,-29.99528984714,
    -70.78022058229));
#8797 = DIRECTION('',(-0.433275757058,-0.283699931522,0.855445186555));
#8798 = DIRECTION('',(1.255454162305E-02,-0.950972112515,-0.309021722057
    ));
#8799 = ORIENTED_EDGE('',*,*,#8800,.F.);
#8800 = EDGE_CURVE('',#8654,#8792,#8801,.T.);
#8801 = B_SPLINE_CURVE_WITH_KNOTS('',3,(#8802,#8803,#8804,#8805),
  .UNSPECIFIED.,.F.,.F.,(4,4),(-1.220648246857E-03,0.),
  .PIECEWISE_BEZIER_KNOTS.);
#8802 = CARTESIAN_POINT('',(-42.97694833701,-30.47726610381,
    -70.9142688642));
#8803 = CARTESIAN_POINT('',(-42.97322015722,-30.47519033222,
    -70.92113882555));
#8804 = CARTESIAN_POINT('',(-42.96942609843,-30.47302662608,
    -70.92796188954));
#8805 = CARTESIAN_POINT('',(-42.96556810498,-30.47077590339,
    -70.93473144332));
#8806 = ORIENTED_EDGE('',*,*,#8683,.T.);
#8807 = B_SPLINE_SURFACE_WITH_KNOTS('',3,3,(
    (#8808,#8809,#8810,#8811)
    ,(#8812,#8813,#8814,#8815)
    ,(#8816,#8817,#8818,#8819)
    ,(#8820,#8821,#8822,#8823
    )),.UNSPECIFIED.,.F.,.F.,.F.,(4,4),(4,4),(0.,1.),(0.,
    1.220648246857E-03),.PIECEWISE_BEZIER_KNOTS.);
#8808 = CARTESIAN_POINT('',(-42.6979473563,-30.41359580564,
    -70.78022058229));
#8809 = CARTESIAN_POINT('',(-42.69946543002,-30.41458980866,
    -70.7767399234));
#8810 = CARTESIAN_POINT('',(-42.70093023885,-30.41555083728,
    -70.77321525317));
#8811 = CARTESIAN_POINT('',(-42.70234159469,-30.4164783859,
    -70.76965031318));
#8812 = CARTESIAN_POINT('',(-42.77421092534,-30.46353160047,
    -70.8354081477));
#8813 = CARTESIAN_POINT('',(-42.77649416286,-30.46509265775,
    -70.83076772509));
#8814 = CARTESIAN_POINT('',(-42.77871695231,-30.46660855981,
    -70.82608182843));
#8815 = CARTESIAN_POINT('',(-42.78087668799,-30.46809195844,
    -70.82135223913));
#8816 = CARTESIAN_POINT('',(-42.86953753089,-30.48389917156,
    -70.89044497117));
#8817 = CARTESIAN_POINT('',(-42.87267914268,-30.48591325188,
    -70.8846470467));
#8818 = CARTESIAN_POINT('',(-42.87575855482,-30.48786339946,
    -70.87880129732));
#8819 = CARTESIAN_POINT('',(-42.87877491723,-30.48976298477,
    -70.87290924002));
#8820 = CARTESIAN_POINT('',(-42.96556810498,-30.47077590339,
    -70.93473144332));
#8821 = CARTESIAN_POINT('',(-42.96942609843,-30.47302662608,
    -70.92796188954));
#8822 = CARTESIAN_POINT('',(-42.97322015722,-30.47519033222,
    -70.92113882555));
#8823 = CARTESIAN_POINT('',(-42.97694833701,-30.47726610381,
    -70.9142688642));
#8824 = ADVANCED_FACE('',(#8825),#8855,.F.);
#8825 = FACE_BOUND('',#8826,.F.);
#8826 = EDGE_LOOP('',(#8827,#8837,#8846,#8854));
#8827 = ORIENTED_EDGE('',*,*,#8828,.F.);
#8828 = EDGE_CURVE('',#8829,#8652,#8831,.T.);
#8829 = VERTEX_POINT('',#8830);
#8830 = CARTESIAN_POINT('',(-37.53392382603,-31.82837478726,
    -68.03361313439));
#8831 = B_SPLINE_CURVE_WITH_KNOTS('',3,(#8832,#8833,#8834,#8835,#8836),
  .UNSPECIFIED.,.F.,.F.,(4,1,4),(0.,2.717119848844E-02,6.33994631397E-02
    ),.UNSPECIFIED.);
#8832 = CARTESIAN_POINT('',(-37.53392382603,-31.82837478726,
    -68.03361313439));
#8833 = CARTESIAN_POINT('',(-37.59805580975,-31.86208843337,
    -67.98256814026));
#8834 = CARTESIAN_POINT('',(-37.67182599333,-31.97280550637,
    -67.81785473772));
#8835 = CARTESIAN_POINT('',(-37.64991394785,-32.09173630666,
    -67.65157285803));
#8836 = CARTESIAN_POINT('',(-37.62395855338,-32.15875667184,
    -67.56082843452));
#8837 = ORIENTED_EDGE('',*,*,#8838,.T.);
#8838 = EDGE_CURVE('',#8829,#8839,#8841,.T.);
#8839 = VERTEX_POINT('',#8840);
#8840 = CARTESIAN_POINT('',(-37.7452652103,-31.62857336093,
    -68.15563126028));
#8841 = CIRCLE('',#8842,0.5);
#8842 = AXIS2_PLACEMENT_3D('',#8843,#8844,#8845);
#8843 = CARTESIAN_POINT('',(-37.53392387422,-31.4111600742,
    -67.75805572983));
#8844 = DIRECTION('',(0.708087839696,0.389155648626,-0.589210906567));
#8845 = DIRECTION('',(9.638208450791E-08,-0.834429426115,-0.551114809122
    ));
#8846 = ORIENTED_EDGE('',*,*,#8847,.F.);
#8847 = EDGE_CURVE('',#8539,#8839,#8848,.T.);
#8848 = B_SPLINE_CURVE_WITH_KNOTS('',3,(#8849,#8850,#8851,#8852,#8853),
  .UNSPECIFIED.,.F.,.F.,(4,1,4),(-6.33994631397E-02,-2.717119848844E-02,
    0.),.UNSPECIFIED.);
#8849 = CARTESIAN_POINT('',(-38.09282263254,-31.93024444604,
    -67.26378082896));
#8850 = CARTESIAN_POINT('',(-38.10927044281,-31.88584347244,
    -67.43304456664));
#8851 = CARTESIAN_POINT('',(-38.08402053223,-31.80227162209,
    -67.74084489313));
#8852 = CARTESIAN_POINT('',(-37.88142398497,-31.68305602792,
    -68.05345889316));
#8853 = CARTESIAN_POINT('',(-37.7452652103,-31.62857336093,
    -68.15563126028));
#8854 = ORIENTED_EDGE('',*,*,#8674,.F.);
#8855 = B_SPLINE_SURFACE_WITH_KNOTS('',3,3,(
    (#8856,#8857,#8858,#8859,#8860)
    ,(#8861,#8862,#8863,#8864,#8865)
    ,(#8866,#8867,#8868,#8869,#8870)
    ,(#8871,#8872,#8873,#8874,#8875)
    ,(#8876,#8877,#8878,#8879,#8880
  )),.UNSPECIFIED.,.F.,.F.,.F.,(4,1,4),(4,1,4),(0.,0.5,1.),(0.,
    2.717119848844E-02,6.33994631397E-02),.UNSPECIFIED.);
#8856 = CARTESIAN_POINT('',(-37.53392382603,-31.82837478726,
    -68.03361313439));
#8857 = CARTESIAN_POINT('',(-37.59805580975,-31.86208843337,
    -67.98256814026));
#8858 = CARTESIAN_POINT('',(-37.67182599333,-31.97280550637,
    -67.81785473772));
#8859 = CARTESIAN_POINT('',(-37.64991394785,-32.09173630666,
    -67.65157285803));
#8860 = CARTESIAN_POINT('',(-37.62395855338,-32.15875667184,
    -67.56082843452));
#8861 = CARTESIAN_POINT('',(-37.57168655853,-31.80750531954,
    -68.06521109061));
#8862 = CARTESIAN_POINT('',(-37.64895754124,-31.84617330272,
    -68.00629289196));
#8863 = CARTESIAN_POINT('',(-37.74892957414,-31.96831028157,
    -67.82365687813));
#8864 = CARTESIAN_POINT('',(-37.74555665015,-32.09805376568,
    -67.64228156418));
#8865 = CARTESIAN_POINT('',(-37.72875112878,-32.17245787155,
    -67.54227726465));
#8866 = CARTESIAN_POINT('',(-37.64720136074,-31.75131634659,
    -68.11885038445));
#8867 = CARTESIAN_POINT('',(-37.75074150207,-31.79846205477,
    -68.04312543936));
#8868 = CARTESIAN_POINT('',(-37.90316586512,-31.93282405206,
    -67.81712469439));
#8869 = CARTESIAN_POINT('',(-37.93674549583,-32.06582773824,
    -67.59143690438));
#8870 = CARTESIAN_POINT('',(-37.93783371685,-32.14207662769,
    -67.46263562984));
#8871 = CARTESIAN_POINT('',(-37.71501531096,-31.67200280418,
    -68.14796206633));
#8872 = CARTESIAN_POINT('',(-37.84138564152,-31.72452187303,
    -68.05451133622));
#8873 = CARTESIAN_POINT('',(-38.03163132176,-31.85109769733,
    -67.77204607876));
#8874 = CARTESIAN_POINT('',(-38.06852659868,-31.95350229115,
    -67.48948315023));
#8875 = CARTESIAN_POINT('',(-38.0635411958,-32.00928985167,
    -67.33017189724));
#8876 = CARTESIAN_POINT('',(-37.7452652103,-31.62857336093,
    -68.15563126028));
#8877 = CARTESIAN_POINT('',(-37.88142398497,-31.68305602792,
    -68.05345889316));
#8878 = CARTESIAN_POINT('',(-38.08402053223,-31.80227162209,
    -67.74084489313));
#8879 = CARTESIAN_POINT('',(-38.10927044281,-31.88584347244,
    -67.43304456664));
#8880 = CARTESIAN_POINT('',(-38.09282263254,-31.93024444604,
    -67.26378082896));
#8881 = ADVANCED_FACE('',(#8882),#8905,.F.);
#8882 = FACE_BOUND('',#8883,.F.);
#8883 = EDGE_LOOP('',(#8884,#8885,#8896));
#8884 = ORIENTED_EDGE('',*,*,#8791,.T.);
#8885 = ORIENTED_EDGE('',*,*,#8886,.F.);
#8886 = EDGE_CURVE('',#8887,#8549,#8889,.T.);
#8887 = VERTEX_POINT('',#8888);
#8888 = CARTESIAN_POINT('',(-42.61678043393,-29.49592449581,
    -71.57178927676));
#8889 = B_SPLINE_CURVE_WITH_KNOTS('',3,(#8890,#8891,#8892,#8893,#8894,
    #8895),.UNSPECIFIED.,.F.,.F.,(4,2,4),(-6.647860738738E-02,
    -6.615916657918E-02,-1.150561475541E-09),.UNSPECIFIED.);
#8890 = CARTESIAN_POINT('',(-42.61678043393,-29.49592449581,
    -71.57178927676));
#8891 = CARTESIAN_POINT('',(-42.61622070263,-29.4978721975,
    -71.57146611492));
#8892 = CARTESIAN_POINT('',(-42.61566897507,-29.49981868455,
    -71.5711270756));
#8893 = CARTESIAN_POINT('',(-42.49887593734,-29.9054279143,
    -71.5046950506));
#8894 = CARTESIAN_POINT('',(-42.52422690517,-30.29984763244,
    -71.1675589552));
#8895 = CARTESIAN_POINT('',(-42.697946916,-30.41359586539,
    -70.78022040237));
#8896 = ORIENTED_EDGE('',*,*,#8897,.F.);
#8897 = EDGE_CURVE('',#8792,#8887,#8898,.T.);
#8898 = B_SPLINE_CURVE_WITH_KNOTS('',3,(#8899,#8900,#8901,#8902,#8903,
    #8904),.UNSPECIFIED.,.F.,.F.,(4,2,4),(0.,6.615916657918E-02,
    6.647860738738E-02),.UNSPECIFIED.);
#8899 = CARTESIAN_POINT('',(-42.96556762943,-30.4707759405,
    -70.93473130981));
#8900 = CARTESIAN_POINT('',(-42.75646423512,-30.34878666469,
    -71.30164126457));
#8901 = CARTESIAN_POINT('',(-42.610922424,-29.92723383542,
    -71.56938513817));
#8902 = CARTESIAN_POINT('',(-42.61673726812,-29.50002764406,
    -71.57174385505));
#8903 = CARTESIAN_POINT('',(-42.61675447444,-29.4979764159,
    -71.5717742883));
#8904 = CARTESIAN_POINT('',(-42.61678043393,-29.49592449581,
    -71.57178927676));
#8905 = B_SPLINE_SURFACE_WITH_KNOTS('',3,3,(
    (#8906,#8907,#8908,#8909,#8910,#8911)
    ,(#8912,#8913,#8914,#8915,#8916,#8917)
    ,(#8918,#8919,#8920,#8921,#8922,#8923)
    ,(#8924,#8925,#8926,#8927,#8928,#8929
    )),.UNSPECIFIED.,.F.,.F.,.F.,(4,4),(4,2,4),(0.,1.),(0.,
    6.615916657918E-02,6.647860738738E-02),.UNSPECIFIED.);
#8906 = CARTESIAN_POINT('',(-42.96556762943,-30.4707759405,
    -70.93473130981));
#8907 = CARTESIAN_POINT('',(-42.75646423512,-30.34878666469,
    -71.30164126457));
#8908 = CARTESIAN_POINT('',(-42.610922424,-29.92723383542,
    -71.56938513817));
#8909 = CARTESIAN_POINT('',(-42.61673726812,-29.50002764406,
    -71.57174385505));
#8910 = CARTESIAN_POINT('',(-42.61675447444,-29.4979764159,
    -71.5717742883));
#8911 = CARTESIAN_POINT('',(-42.61678043393,-29.49592449581,
    -71.57178927676));
#8912 = CARTESIAN_POINT('',(-42.86953706966,-30.48389921537,
    -70.8904448172));
#8913 = CARTESIAN_POINT('',(-42.6670094527,-30.35135004478,
    -71.27526026449));
#8914 = CARTESIAN_POINT('',(-42.57364398333,-29.91802086806,
    -71.54798620092));
#8915 = CARTESIAN_POINT('',(-42.61638046873,-29.49996458483,
    -71.57153850639));
#8916 = CARTESIAN_POINT('',(-42.6165765505,-29.49794167643,
    -71.57167156384));
#8917 = CARTESIAN_POINT('',(-42.61678043393,-29.49592449581,
    -71.57178927676));
#8918 = CARTESIAN_POINT('',(-42.77421048031,-30.46353165454,
    -70.83540797024));
#8919 = CARTESIAN_POINT('',(-42.58599329949,-30.33428269357,
    -71.22848555385));
#8920 = CARTESIAN_POINT('',(-42.53666388377,-29.91083179577,
    -71.52663572444));
#8921 = CARTESIAN_POINT('',(-42.61602312004,-29.49989466167,
    -71.57133219097));
#8922 = CARTESIAN_POINT('',(-42.61639862657,-29.49790693696,
    -71.57156883938));
#8923 = CARTESIAN_POINT('',(-42.61678043393,-29.49592449581,
    -71.57178927676));
#8924 = CARTESIAN_POINT('',(-42.69794692506,-30.41359587133,
    -70.78022038216));
#8925 = CARTESIAN_POINT('',(-42.52422690606,-30.29984764616,
    -71.16755894348));
#8926 = CARTESIAN_POINT('',(-42.49887593532,-29.90542792132,
    -71.50469504945));
#8927 = CARTESIAN_POINT('',(-42.61566897507,-29.49981868455,
    -71.5711270756));
#8928 = CARTESIAN_POINT('',(-42.61622070263,-29.4978721975,
    -71.57146611492));
#8929 = CARTESIAN_POINT('',(-42.61678043393,-29.49592449581,
    -71.57178927676));
#8930 = ADVANCED_FACE('',(#8931),#8954,.F.);
#8931 = FACE_BOUND('',#8932,.F.);
#8932 = EDGE_LOOP('',(#8933,#8934,#8945));
#8933 = ORIENTED_EDGE('',*,*,#8838,.F.);
#8934 = ORIENTED_EDGE('',*,*,#8935,.F.);
#8935 = EDGE_CURVE('',#8936,#8829,#8938,.T.);
#8936 = VERTEX_POINT('',#8937);
#8937 = CARTESIAN_POINT('',(-36.89937915247,-31.04568549197,
    -68.27084422003));
#8938 = B_SPLINE_CURVE_WITH_KNOTS('',3,(#8939,#8940,#8941,#8942,#8943,
    #8944),.UNSPECIFIED.,.F.,.F.,(4,2,4),(-3.388175530995E-04,0.,
    5.551931799899E-02),.UNSPECIFIED.);
#8939 = CARTESIAN_POINT('',(-36.89937915247,-31.04568549197,
    -68.27084422003));
#8940 = CARTESIAN_POINT('',(-36.90027724637,-31.04758145905,
    -68.27136273431));
#8941 = CARTESIAN_POINT('',(-36.90118131598,-31.0494762624,
    -68.27187001754));
#8942 = CARTESIAN_POINT('',(-37.04976394434,-31.36228603054,
    -68.35666750468));
#8943 = CARTESIAN_POINT('',(-37.29968783021,-31.67371813654,
    -68.26777493806));
#8944 = CARTESIAN_POINT('',(-37.53392382603,-31.82837478726,
    -68.03361313439));
#8945 = ORIENTED_EDGE('',*,*,#8946,.F.);
#8946 = EDGE_CURVE('',#8839,#8936,#8947,.T.);
#8947 = B_SPLINE_CURVE_WITH_KNOTS('',3,(#8948,#8949,#8950,#8951,#8952,
    #8953),.UNSPECIFIED.,.F.,.F.,(4,2,4),(-5.551931799899E-02,0.,
    3.388175530995E-04),.UNSPECIFIED.);
#8948 = CARTESIAN_POINT('',(-37.7452652103,-31.62857336093,
    -68.15563126028));
#8949 = CARTESIAN_POINT('',(-37.46704994085,-31.51724810913,
    -68.36440159271));
#8950 = CARTESIAN_POINT('',(-37.13093874941,-31.28860717579,
    -68.40353384553));
#8951 = CARTESIAN_POINT('',(-36.90215465503,-31.04859136283,
    -68.27243197564));
#8952 = CARTESIAN_POINT('',(-36.90076372587,-31.04713947383,
    -68.27164360365));
#8953 = CARTESIAN_POINT('',(-36.89937915247,-31.04568549197,
    -68.27084422003));
#8954 = B_SPLINE_SURFACE_WITH_KNOTS('',3,3,(
    (#8955,#8956,#8957,#8958,#8959,#8960)
    ,(#8961,#8962,#8963,#8964,#8965,#8966)
    ,(#8967,#8968,#8969,#8970,#8971,#8972)
    ,(#8973,#8974,#8975,#8976,#8977,#8978
    )),.UNSPECIFIED.,.F.,.F.,.F.,(4,4),(4,2,4),(0.,1.),(
    -5.551931799899E-02,0.,3.388175530995E-04),.UNSPECIFIED.);
#8955 = CARTESIAN_POINT('',(-37.7452652103,-31.62857336093,
    -68.15563126028));
#8956 = CARTESIAN_POINT('',(-37.46704994085,-31.51724810913,
    -68.36440159271));
#8957 = CARTESIAN_POINT('',(-37.13093874941,-31.28860717579,
    -68.40353384553));
#8958 = CARTESIAN_POINT('',(-36.90215465503,-31.04859136283,
    -68.27243197564));
#8959 = CARTESIAN_POINT('',(-36.90076372587,-31.04713947383,
    -68.27164360365));
#8960 = CARTESIAN_POINT('',(-36.89937915247,-31.04568549197,
    -68.27084422003));
#8961 = CARTESIAN_POINT('',(-37.68476541162,-31.71543224742,
    -68.14029287238));
#8962 = CARTESIAN_POINT('',(-37.40719062338,-31.57642307809,
    -68.35363337522));
#8963 = CARTESIAN_POINT('',(-37.10335658157,-31.31241924762,
    -68.38726581883));
#8964 = CARTESIAN_POINT('',(-36.90183184809,-31.04888953731,
    -68.27224848494));
#8965 = CARTESIAN_POINT('',(-36.90060156604,-31.04728680223,
    -68.27154998054));
#8966 = CARTESIAN_POINT('',(-36.89937915247,-31.04568549197,
    -68.27084422003));
#8967 = CARTESIAN_POINT('',(-37.60944929103,-31.78663585182,
    -68.09680904684));
#8968 = CARTESIAN_POINT('',(-37.34971540559,-31.6301348987,
    -68.32045001013));
#8969 = CARTESIAN_POINT('',(-37.07647676642,-31.33681191119,
    -68.37174673532));
#8970 = CARTESIAN_POINT('',(-36.90150663512,-31.04918522115,
    -68.27206072296));
#8971 = CARTESIAN_POINT('',(-36.90043940621,-31.04743413064,
    -68.27145635742));
#8972 = CARTESIAN_POINT('',(-36.89937915247,-31.04568549197,
    -68.27084422003));
#8973 = CARTESIAN_POINT('',(-37.53392382603,-31.82837478726,
    -68.03361313439));
#8974 = CARTESIAN_POINT('',(-37.29968783021,-31.67371813654,
    -68.26777493806));
#8975 = CARTESIAN_POINT('',(-37.04976394434,-31.36228603054,
    -68.35666750468));
#8976 = CARTESIAN_POINT('',(-36.90118131598,-31.0494762624,
    -68.27187001754));
#8977 = CARTESIAN_POINT('',(-36.90027724637,-31.04758145905,
    -68.27136273431));
#8978 = CARTESIAN_POINT('',(-36.89937915247,-31.04568549197,
    -68.27084422003));
#8979 = ADVANCED_FACE('',(#8980),#9018,.F.);
#8980 = FACE_BOUND('',#8981,.F.);
#8981 = EDGE_LOOP('',(#8982,#8994,#9001,#9011));
#8982 = ORIENTED_EDGE('',*,*,#8983,.F.);
#8983 = EDGE_CURVE('',#8984,#8986,#8988,.T.);
#8984 = VERTEX_POINT('',#8985);
#8985 = CARTESIAN_POINT('',(-35.99977813207,-32.87142150753,
    -66.69244681164));
#8986 = VERTEX_POINT('',#8987);
#8987 = CARTESIAN_POINT('',(-36.49977799322,-32.21428569011,
    -67.4863037544));
#8988 = B_SPLINE_CURVE_WITH_KNOTS('',3,(#8989,#8990,#8991,#8992,#8993),
  .UNSPECIFIED.,.F.,.F.,(4,1,4),(6.515703154916E-16,5.471619792442E-02,
    0.12767112849),.UNSPECIFIED.);
#8989 = CARTESIAN_POINT('',(-35.99977813206,-32.87142150753,
    -66.69244681164));
#8990 = CARTESIAN_POINT('',(-35.99977811044,-32.75889720641,
    -66.81610050919));
#8991 = CARTESIAN_POINT('',(-36.06163426232,-32.50287746799,
    -67.11083715398));
#8992 = CARTESIAN_POINT('',(-36.30263973538,-32.29271301489,
    -67.38197067482));
#8993 = CARTESIAN_POINT('',(-36.49977799322,-32.21428569011,
    -67.4863037544));
#8994 = ORIENTED_EDGE('',*,*,#8995,.T.);
#8995 = EDGE_CURVE('',#8984,#2991,#8996,.T.);
#8996 = CIRCLE('',#8997,1.);
#8997 = AXIS2_PLACEMENT_3D('',#8998,#8999,#9000);
#8998 = CARTESIAN_POINT('',(-35.99977824978,-32.13181451053,
    -66.01940781575));
#8999 = DIRECTION('',(-1.293465029716E-07,-0.67303899589,0.739606997));
#9000 = DIRECTION('',(1.177047704525E-07,-0.739606997,-0.67303899589));
#9001 = ORIENTED_EDGE('',*,*,#9002,.F.);
#9002 = EDGE_CURVE('',#9003,#2991,#9005,.T.);
#9003 = VERTEX_POINT('',#9004);
#9004 = CARTESIAN_POINT('',(-35.99977794685,-31.41493938328,
    -67.75145887988));
#9005 = B_SPLINE_CURVE_WITH_KNOTS('',3,(#9006,#9007,#9008,#9009,#9010),
  .UNSPECIFIED.,.F.,.F.,(4,1,4),(-0.12767112849,-5.471619792442E-02,
    -6.515703154916E-16),.UNSPECIFIED.);
#9006 = CARTESIAN_POINT('',(-35.99977794685,-31.41493938328,
    -67.75145887987));
#9007 = CARTESIAN_POINT('',(-35.60550143448,-31.50049642413,
    -67.52382310677));
#9008 = CARTESIAN_POINT('',(-35.12349049697,-31.72976663074,
    -66.93225915102));
#9009 = CARTESIAN_POINT('',(-34.99977820259,-32.00906077577,
    -66.2891974825));
#9010 = CARTESIAN_POINT('',(-34.99977824977,-32.13181451053,
    -66.01940764087));
#9011 = ORIENTED_EDGE('',*,*,#9012,.F.);
#9012 = EDGE_CURVE('',#8986,#9003,#9013,.T.);
#9013 = CIRCLE('',#9014,1.);
#9014 = AXIS2_PLACEMENT_3D('',#9015,#9016,#9017);
#9015 = CARTESIAN_POINT('',(-36.49977809831,-31.41493907334,
    -66.88543356354));
#9016 = DIRECTION('',(0.81065770875,-0.351821655841,0.468033761309));
#9017 = DIRECTION('',(1.05083577201E-07,-0.799346616765,-0.600870190862)
  );
#9018 = B_SPLINE_SURFACE_WITH_KNOTS('',3,3,(
    (#9019,#9020,#9021,#9022,#9023)
    ,(#9024,#9025,#9026,#9027,#9028)
    ,(#9029,#9030,#9031,#9032,#9033)
    ,(#9034,#9035,#9036,#9037,#9038)
    ,(#9039,#9040,#9041,#9042,#9043
  )),.UNSPECIFIED.,.F.,.F.,.F.,(4,1,4),(4,1,4),(0.,0.571428571429,1.),(
    6.515703154916E-16,5.471619792442E-02,0.12767112849),.UNSPECIFIED.);
#9019 = CARTESIAN_POINT('',(-35.99977813206,-32.87142150753,
    -66.69244681164));
#9020 = CARTESIAN_POINT('',(-35.99977811044,-32.75889720641,
    -66.81610050919));
#9021 = CARTESIAN_POINT('',(-36.06163426232,-32.50287746799,
    -67.11083715398));
#9022 = CARTESIAN_POINT('',(-36.30263973538,-32.29271301489,
    -67.38197067482));
#9023 = CARTESIAN_POINT('',(-36.49977799322,-32.21428569011,
    -67.4863037544));
#9024 = CARTESIAN_POINT('',(-35.70057883172,-32.87142150753,
    -66.69244675932));
#9025 = CARTESIAN_POINT('',(-35.71824687005,-32.73822499612,
    -66.83775848744));
#9026 = CARTESIAN_POINT('',(-35.82932817728,-32.44245015111,
    -67.18041627102));
#9027 = CARTESIAN_POINT('',(-36.14046368311,-32.20723137905,
    -67.49283553739));
#9028 = CARTESIAN_POINT('',(-36.38562793434,-32.11932314041,
    -67.61263383696));
#9029 = CARTESIAN_POINT('',(-35.18276252616,-32.68557100783,
    -66.5233235612));
#9030 = CARTESIAN_POINT('',(-35.22855511604,-32.53854196336,
    -66.73092096224));
#9031 = CARTESIAN_POINT('',(-35.42266352039,-32.21649424287,
    -67.2039346735));
#9032 = CARTESIAN_POINT('',(-35.85752153767,-31.96459891368,
    -67.6144789859));
#9033 = CARTESIAN_POINT('',(-36.18626528364,-31.8712877259,
    -67.77149126463));
#9034 = CARTESIAN_POINT('',(-34.99977822336,-32.29778193255,
    -66.17043723837));
#9035 = CARTESIAN_POINT('',(-35.02034374014,-32.16780945058,
    -66.42916570926));
#9036 = CARTESIAN_POINT('',(-35.18211653678,-31.87576219321,
    -67.03269798568));
#9037 = CARTESIAN_POINT('',(-35.66357112509,-31.63967283211,
    -67.57090311896));
#9038 = CARTESIAN_POINT('',(-36.04432805606,-31.55180752423,
    -67.77717985882));
#9039 = CARTESIAN_POINT('',(-34.99977824977,-32.13181451053,
    -66.01940764087));
#9040 = CARTESIAN_POINT('',(-34.99977820259,-32.00906077577,
    -66.2891974825));
#9041 = CARTESIAN_POINT('',(-35.12349049697,-31.72976663074,
    -66.93225915102));
#9042 = CARTESIAN_POINT('',(-35.60550143448,-31.50049642413,
    -67.52382310677));
#9043 = CARTESIAN_POINT('',(-35.99977794685,-31.41493938328,
    -67.75145887987));
#9044 = ADVANCED_FACE('',(#9045),#9072,.T.);
#9045 = FACE_BOUND('',#9046,.T.);
#9046 = EDGE_LOOP('',(#9047,#9057,#9065));
#9047 = ORIENTED_EDGE('',*,*,#9048,.T.);
#9048 = EDGE_CURVE('',#9049,#9051,#9053,.T.);
#9049 = VERTEX_POINT('',#9050);
#9050 = CARTESIAN_POINT('',(-76.74068653384,-20.58796435151,
    -73.83472720901));
#9051 = VERTEX_POINT('',#9052);
#9052 = CARTESIAN_POINT('',(-76.99068258432,-20.1549493058,
    -73.54605216979));
#9053 = LINE('',#9054,#9055);
#9054 = CARTESIAN_POINT('',(-76.74068653384,-20.58796435151,
    -73.83472720901));
#9055 = VECTOR('',#9056,1.);
#9056 = DIRECTION('',(-0.433005861124,0.750004059608,0.499999834804));
#9057 = ORIENTED_EDGE('',*,*,#9058,.F.);
#9058 = EDGE_CURVE('',#9059,#9051,#9061,.T.);
#9059 = VERTEX_POINT('',#9060);
#9060 = CARTESIAN_POINT('',(-77.42369759553,-20.40494552841,
    -73.8347271117));
#9061 = LINE('',#9062,#9063);
#9062 = CARTESIAN_POINT('',(-77.42369759553,-20.40494552841,
    -73.8347271117));
#9063 = VECTOR('',#9064,1.);
#9064 = DIRECTION('',(0.750003999852,0.433006159244,0.499999666263));
#9065 = ORIENTED_EDGE('',*,*,#9066,.F.);
#9066 = EDGE_CURVE('',#9049,#9059,#9067,.T.);
#9067 = CIRCLE('',#9068,0.5);
#9068 = AXIS2_PLACEMENT_3D('',#9069,#9070,#9071);
#9069 = CARTESIAN_POINT('',(-76.99068265313,-20.15494940911,
    -73.83472730438));
#9070 = DIRECTION('',(-2.383641262571E-07,-3.578770404926E-07,-1.));
#9071 = DIRECTION('',(0.96592350669,-0.258827701808,-1.376130207829E-07)
  );
#9072 = CONICAL_SURFACE('',#9073,0.5,1.047197551197);
#9073 = AXIS2_PLACEMENT_3D('',#9074,#9075,#9076);
#9074 = CARTESIAN_POINT('',(-76.99068265313,-20.15494940911,
    -73.83472730438));
#9075 = DIRECTION('',(-2.383641298848E-07,-3.578770401641E-07,-1.));
#9076 = DIRECTION('',(0.96592350669,-0.258827701808,-1.37613024372E-07)
  );
#9077 = ADVANCED_FACE('',(#9078),#9121,.T.);
#9078 = FACE_BOUND('',#9079,.T.);
#9079 = EDGE_LOOP('',(#9080,#9088,#9089,#9097,#9106,#9114));
#9080 = ORIENTED_EDGE('',*,*,#9081,.F.);
#9081 = EDGE_CURVE('',#9059,#9082,#9084,.T.);
#9082 = VERTEX_POINT('',#9083);
#9083 = CARTESIAN_POINT('',(-79.84989520813,-16.2025610176,
    -73.83472803732));
#9084 = LINE('',#9085,#9086);
#9085 = CARTESIAN_POINT('',(-84.51464159258,-8.122816049195,
    -73.83472981697));
#9086 = VECTOR('',#9087,1.);
#9087 = DIRECTION('',(-0.499992238581,0.866029884796,-1.907519990642E-07
    ));
#9088 = ORIENTED_EDGE('',*,*,#9058,.T.);
#9089 = ORIENTED_EDGE('',*,*,#9090,.T.);
#9090 = EDGE_CURVE('',#9051,#9091,#9093,.T.);
#9091 = VERTEX_POINT('',#9092);
#9092 = CARTESIAN_POINT('',(-79.84989499226,-15.20254564595,
    -73.54605326061));
#9093 = LINE('',#9094,#9095);
#9094 = CARTESIAN_POINT('',(-84.08162658137,-7.872819826595,
    -73.54605487505));
#9095 = VECTOR('',#9096,1.);
#9096 = DIRECTION('',(-0.499992238581,0.866029884796,-1.907519990642E-07
    ));
#9097 = ORIENTED_EDGE('',*,*,#9098,.F.);
#9098 = EDGE_CURVE('',#9099,#9091,#9101,.T.);
#9099 = VERTEX_POINT('',#9100);
#9100 = CARTESIAN_POINT('',(-80.02598867425,-15.00754101377,
    -73.57780846331));
#9101 = ELLIPSE('',#9102,2.309413026369,1.);
#9102 = AXIS2_PLACEMENT_3D('',#9103,#9104,#9105);
#9103 = CARTESIAN_POINT('',(-80.84990040495,-16.9346057736,
    -74.54605240238));
#9104 = DIRECTION('',(0.433014735968,0.24999580936,-0.866025596467));
#9105 = DIRECTION('',(0.34668730786,0.840674438177,0.416022114273));
#9106 = ORIENTED_EDGE('',*,*,#9107,.F.);
#9107 = EDGE_CURVE('',#9108,#9099,#9110,.T.);
#9108 = VERTEX_POINT('',#9109);
#9109 = CARTESIAN_POINT('',(-80.44831205002,-15.73902683689,
    -74.000129278));
#9110 = LINE('',#9111,#9112);
#9111 = CARTESIAN_POINT('',(-81.42579814876,-17.43208306951,
    -74.977609449));
#9112 = VECTOR('',#9113,1.);
#9113 = DIRECTION('',(0.447214035534,0.774597726919,0.447211323507));
#9114 = ORIENTED_EDGE('',*,*,#9115,.T.);
#9115 = EDGE_CURVE('',#9108,#9082,#9116,.T.);
#9116 = ELLIPSE('',#9117,1.154700299791,1.);
#9117 = AXIS2_PLACEMENT_3D('',#9118,#9119,#9120);
#9118 = CARTESIAN_POINT('',(-80.71592499196,-16.70255346281,
    -74.41207780185));
#9119 = DIRECTION('',(0.433014735968,0.24999580936,-0.866025596467));
#9120 = DIRECTION('',(0.750003793227,0.433006517137,0.499999666263));
#9121 = PLANE('',#9122);
#9122 = AXIS2_PLACEMENT_3D('',#9123,#9124,#9125);
#9123 = CARTESIAN_POINT('',(-84.69734260296,-7.806362066986,
    -73.83472988667));
#9124 = DIRECTION('',(-0.433014735968,-0.24999580936,0.866025596467));
#9125 = DIRECTION('',(0.499992238581,-0.866029884796,1.907519991684E-07)
  );
#9126 = ADVANCED_FACE('',(#9127),#9153,.T.);
#9127 = FACE_BOUND('',#9128,.T.);
#9128 = EDGE_LOOP('',(#9129,#9130,#9138,#9147));
#9129 = ORIENTED_EDGE('',*,*,#4572,.F.);
#9130 = ORIENTED_EDGE('',*,*,#9131,.T.);
#9131 = EDGE_CURVE('',#4573,#9132,#9134,.T.);
#9132 = VERTEX_POINT('',#9133);
#9133 = CARTESIAN_POINT('',(-79.71590565778,-12.97046925599,
    -74.54605444924));
#9134 = LINE('',#9135,#9136);
#9135 = CARTESIAN_POINT('',(-79.89157286551,-12.6661984295,
    -74.54605451626));
#9136 = VECTOR('',#9137,1.);
#9137 = DIRECTION('',(0.499992238581,-0.866029884796,1.907519991587E-07)
  );
#9138 = ORIENTED_EDGE('',*,*,#9139,.F.);
#9139 = EDGE_CURVE('',#9140,#9132,#9142,.T.);
#9140 = VERTEX_POINT('',#9141);
#9141 = CARTESIAN_POINT('',(-78.5612078684,-12.97047407236,
    -73.54605436659));
#9142 = ELLIPSE('',#9143,1.154697551035,1.);
#9143 = AXIS2_PLACEMENT_3D('',#9144,#9145,#9146);
#9144 = CARTESIAN_POINT('',(-78.56120810676,-12.97047443024,
    -74.54605436659));
#9145 = DIRECTION('',(-4.481045744298E-06,-0.99999999999,
    3.578781072314E-07));
#9146 = DIRECTION('',(0.99999999999,-4.481045829603E-06,
    -2.383625241947E-07));
#9147 = ORIENTED_EDGE('',*,*,#9148,.T.);
#9148 = EDGE_CURVE('',#9140,#4575,#9149,.T.);
#9149 = LINE('',#9150,#9151);
#9150 = CARTESIAN_POINT('',(-79.02554274235,-12.16620583305,
    -73.54605454374));
#9151 = VECTOR('',#9152,1.);
#9152 = DIRECTION('',(-0.499992238581,0.866029884796,-1.907519991587E-07
    ));
#9153 = CYLINDRICAL_SURFACE('',#9154,1.);
#9154 = AXIS2_PLACEMENT_3D('',#9155,#9156,#9157);
#9155 = CARTESIAN_POINT('',(-79.02554298071,-12.16620619092,
    -74.54605454374));
#9156 = DIRECTION('',(0.499992238581,-0.866029884796,1.907519991587E-07)
  );
#9157 = DIRECTION('',(-0.61237554528,-0.353547712648,0.707106927151));
#9158 = ADVANCED_FACE('',(#9159),#9186,.F.);
#9159 = FACE_BOUND('',#9160,.T.);
#9160 = EDGE_LOOP('',(#9161,#9172,#9180));
#9161 = ORIENTED_EDGE('',*,*,#9162,.F.);
#9162 = EDGE_CURVE('',#9163,#9165,#9167,.T.);
#9163 = VERTEX_POINT('',#9164);
#9164 = CARTESIAN_POINT('',(-72.09012030735,-9.242792792067,
    -81.95689265173));
#9165 = VERTEX_POINT('',#9166);
#9166 = CARTESIAN_POINT('',(-75.77838889757,-8.254524201849,
    -81.95689365044));
#9167 = CIRCLE('',#9168,2.7);
#9168 = AXIS2_PLACEMENT_3D('',#9169,#9170,#9171);
#9169 = CARTESIAN_POINT('',(-73.44012030735,-6.904524201849,
    -81.95689372466));
#9170 = DIRECTION('',(1.748855534772E-07,-3.578842788183E-07,-1.));
#9171 = DIRECTION('',(-1.,-9.80172995975E-17,-1.748855534772E-07));
#9172 = ORIENTED_EDGE('',*,*,#9173,.F.);
#9173 = EDGE_CURVE('',#9174,#9163,#9176,.T.);
#9174 = VERTEX_POINT('',#9175);
#9175 = CARTESIAN_POINT('',(-74.42838889757,-10.59279279206,
    -81.95689257752));
#9176 = LINE('',#9177,#9178);
#9177 = CARTESIAN_POINT('',(-74.42838889757,-10.59279279206,
    -81.95689257752));
#9178 = VECTOR('',#9179,1.);
#9179 = DIRECTION('',(0.866025403784,0.5,-2.748680734303E-08));
#9180 = ORIENTED_EDGE('',*,*,#9181,.F.);
#9181 = EDGE_CURVE('',#9165,#9174,#9182,.T.);
#9182 = LINE('',#9183,#9184);
#9183 = CARTESIAN_POINT('',(-78.02963855054,-4.355245422382,
    -81.95689543964));
#9184 = VECTOR('',#9185,1.);
#9185 = DIRECTION('',(0.5,-0.866025403784,3.973796538103E-07));
#9186 = PLANE('',#9187);
#9187 = AXIS2_PLACEMENT_3D('',#9188,#9189,#9190);
#9188 = CARTESIAN_POINT('',(-73.44012030735,-6.904524201849,
    -81.95689372466));
#9189 = DIRECTION('',(-1.748855534772E-07,3.578842788183E-07,1.));
#9190 = DIRECTION('',(1.,-1.161353623395E-13,1.748855534772E-07));
#9191 = ADVANCED_FACE('',(#9192),#9215,.F.);
#9192 = FACE_BOUND('',#9193,.T.);
#9193 = EDGE_LOOP('',(#9194,#9201,#9209));
#9194 = ORIENTED_EDGE('',*,*,#9195,.F.);
#9195 = EDGE_CURVE('',#4648,#9163,#9196,.T.);
#9196 = CIRCLE('',#9197,2.7);
#9197 = AXIS2_PLACEMENT_3D('',#9198,#9199,#9200);
#9198 = CARTESIAN_POINT('',(-73.44012030735,-6.904524201849,
    -81.95689372466));
#9199 = DIRECTION('',(1.748855534772E-07,-3.578842788183E-07,-1.));
#9200 = DIRECTION('',(-1.,-9.80172995975E-17,-1.748855534772E-07));
#9201 = ORIENTED_EDGE('',*,*,#9202,.F.);
#9202 = EDGE_CURVE('',#9203,#4648,#9205,.T.);
#9203 = VERTEX_POINT('',#9204);
#9204 = CARTESIAN_POINT('',(-69.75185171713,-7.892792792067,
    -81.95689272595));
#9205 = LINE('',#9206,#9207);
#9206 = CARTESIAN_POINT('',(-73.3531013701,-1.655245422382,
    -81.95689558807));
#9207 = VECTOR('',#9208,1.);
#9208 = DIRECTION('',(-0.5,0.866025403784,-3.973796538103E-07));
#9209 = ORIENTED_EDGE('',*,*,#9210,.F.);
#9210 = EDGE_CURVE('',#9163,#9203,#9211,.T.);
#9211 = LINE('',#9212,#9213);
#9212 = CARTESIAN_POINT('',(-74.42838889757,-10.59279279206,
    -81.95689257752));
#9213 = VECTOR('',#9214,1.);
#9214 = DIRECTION('',(0.866025403784,0.5,-2.748680734303E-08));
#9215 = PLANE('',#9216);
#9216 = AXIS2_PLACEMENT_3D('',#9217,#9218,#9219);
#9217 = CARTESIAN_POINT('',(-73.44012030735,-6.904524201849,
    -81.95689372466));
#9218 = DIRECTION('',(-1.748855534772E-07,3.578842788183E-07,1.));
#9219 = DIRECTION('',(1.,-1.161353623395E-13,1.748855534772E-07));
#9220 = ADVANCED_FACE('',(#9221),#9247,.F.);
#9221 = FACE_BOUND('',#9222,.T.);
#9222 = EDGE_LOOP('',(#9223,#9233,#9239,#9240,#9241));
#9223 = ORIENTED_EDGE('',*,*,#9224,.T.);
#9224 = EDGE_CURVE('',#9225,#9227,#9229,.T.);
#9225 = VERTEX_POINT('',#9226);
#9226 = CARTESIAN_POINT('',(-69.75185168216,-7.892792863644,
    -82.15689272595));
#9227 = VERTEX_POINT('',#9228);
#9228 = CARTESIAN_POINT('',(-74.42838886259,-10.59279286364,
    -82.15689257752));
#9229 = LINE('',#9230,#9231);
#9230 = CARTESIAN_POINT('',(-74.42838886259,-10.59279286364,
    -82.15689257752));
#9231 = VECTOR('',#9232,1.);
#9232 = DIRECTION('',(-0.866025403784,-0.5,2.748680734303E-08));
#9233 = ORIENTED_EDGE('',*,*,#9234,.T.);
#9234 = EDGE_CURVE('',#9227,#9174,#9235,.T.);
#9235 = LINE('',#9236,#9237);
#9236 = CARTESIAN_POINT('',(-74.42838882762,-10.59279293522,
    -82.35689257752));
#9237 = VECTOR('',#9238,1.);
#9238 = DIRECTION('',(-1.748855534772E-07,3.578842788183E-07,1.));
#9239 = ORIENTED_EDGE('',*,*,#9173,.T.);
#9240 = ORIENTED_EDGE('',*,*,#9210,.T.);
#9241 = ORIENTED_EDGE('',*,*,#9242,.F.);
#9242 = EDGE_CURVE('',#9225,#9203,#9243,.T.);
#9243 = LINE('',#9244,#9245);
#9244 = CARTESIAN_POINT('',(-69.75185164718,-7.89279293522,
    -82.35689272595));
#9245 = VECTOR('',#9246,1.);
#9246 = DIRECTION('',(-1.748855534772E-07,3.578842788183E-07,1.));
#9247 = PLANE('',#9248);
#9248 = AXIS2_PLACEMENT_3D('',#9249,#9250,#9251);
#9249 = CARTESIAN_POINT('',(-74.42838882762,-10.59279293522,
    -82.35689257752));
#9250 = DIRECTION('',(0.5,-0.866025403784,3.973796538103E-07));
#9251 = DIRECTION('',(0.866025403784,0.5,-2.748680734303E-08));
#9252 = ADVANCED_FACE('',(#9253),#9279,.T.);
#9253 = FACE_BOUND('',#9254,.T.);
#9254 = EDGE_LOOP('',(#9255,#9256,#9264,#9273));
#9255 = ORIENTED_EDGE('',*,*,#9224,.F.);
#9256 = ORIENTED_EDGE('',*,*,#9257,.F.);
#9257 = EDGE_CURVE('',#9258,#9225,#9260,.T.);
#9258 = VERTEX_POINT('',#9259);
#9259 = CARTESIAN_POINT('',(-68.85060202919,-9.453803052892,
    -82.15689200967));
#9260 = LINE('',#9261,#9262);
#9261 = CARTESIAN_POINT('',(-73.35310133513,-1.655245493959,
    -82.15689558807));
#9262 = VECTOR('',#9263,1.);
#9263 = DIRECTION('',(-0.5,0.866025403784,-3.973796538103E-07));
#9264 = ORIENTED_EDGE('',*,*,#9265,.F.);
#9265 = EDGE_CURVE('',#9266,#9258,#9268,.T.);
#9266 = VERTEX_POINT('',#9267);
#9267 = CARTESIAN_POINT('',(-73.52713920962,-12.15380305289,
    -82.15689186124));
#9268 = CIRCLE('',#9269,5.25);
#9269 = AXIS2_PLACEMENT_3D('',#9270,#9271,#9272);
#9270 = CARTESIAN_POINT('',(-73.44012027237,-6.904524273426,
    -82.15689372466));
#9271 = DIRECTION('',(-1.748855421085E-07,3.578842788183E-07,1.));
#9272 = DIRECTION('',(1.,-1.162500298952E-13,1.748855421085E-07));
#9273 = ORIENTED_EDGE('',*,*,#9274,.F.);
#9274 = EDGE_CURVE('',#9227,#9266,#9275,.T.);
#9275 = LINE('',#9276,#9277);
#9276 = CARTESIAN_POINT('',(-78.02963851556,-4.355245493959,
    -82.15689543964));
#9277 = VECTOR('',#9278,1.);
#9278 = DIRECTION('',(0.5,-0.866025403784,3.973796538103E-07));
#9279 = PLANE('',#9280);
#9280 = AXIS2_PLACEMENT_3D('',#9281,#9282,#9283);
#9281 = CARTESIAN_POINT('',(-73.44012027237,-6.904524273426,
    -82.15689372466));
#9282 = DIRECTION('',(1.748855534772E-07,-3.578842788183E-07,-1.));
#9283 = DIRECTION('',(-1.,1.162500258265E-13,-1.748855534772E-07));
#9284 = ADVANCED_FACE('',(#9285),#9311,.F.);
#9285 = FACE_BOUND('',#9286,.T.);
#9286 = EDGE_LOOP('',(#9287,#9288,#9294,#9295,#9296,#9297,#9305));
#9287 = ORIENTED_EDGE('',*,*,#4742,.F.);
#9288 = ORIENTED_EDGE('',*,*,#9289,.T.);
#9289 = EDGE_CURVE('',#4743,#9165,#9290,.T.);
#9290 = LINE('',#9291,#9292);
#9291 = CARTESIAN_POINT('',(-78.02963855054,-4.355245422382,
    -81.95689543964));
#9292 = VECTOR('',#9293,1.);
#9293 = DIRECTION('',(0.5,-0.866025403784,3.973796538103E-07));
#9294 = ORIENTED_EDGE('',*,*,#9181,.T.);
#9295 = ORIENTED_EDGE('',*,*,#9234,.F.);
#9296 = ORIENTED_EDGE('',*,*,#9274,.T.);
#9297 = ORIENTED_EDGE('',*,*,#9298,.F.);
#9298 = EDGE_CURVE('',#9299,#9266,#9301,.T.);
#9299 = VERTEX_POINT('',#9300);
#9300 = CARTESIAN_POINT('',(-73.52713917464,-12.15380312446,
    -82.35689186124));
#9301 = LINE('',#9302,#9303);
#9302 = CARTESIAN_POINT('',(-73.52713917464,-12.15380312446,
    -82.35689186124));
#9303 = VECTOR('',#9304,1.);
#9304 = DIRECTION('',(-1.748855534772E-07,3.578843232273E-07,1.));
#9305 = ORIENTED_EDGE('',*,*,#9306,.F.);
#9306 = EDGE_CURVE('',#4745,#9299,#9307,.T.);
#9307 = LINE('',#9308,#9309);
#9308 = CARTESIAN_POINT('',(-75.10338882761,-9.423658640112,
    -82.35689311398));
#9309 = VECTOR('',#9310,1.);
#9310 = DIRECTION('',(0.5,-0.866025403784,3.973796538103E-07));
#9311 = PLANE('',#9312);
#9312 = AXIS2_PLACEMENT_3D('',#9313,#9314,#9315);
#9313 = CARTESIAN_POINT('',(-74.42838882762,-10.59279293522,
    -82.35689257752));
#9314 = DIRECTION('',(-0.866025403784,-0.5,2.74868295475E-08));
#9315 = DIRECTION('',(0.5,-0.866025403784,3.973796538103E-07));
#9316 = ADVANCED_FACE('',(#9317),#9329,.F.);
#9317 = FACE_BOUND('',#9318,.T.);
#9318 = EDGE_LOOP('',(#9319,#9320,#9327,#9328));
#9319 = ORIENTED_EDGE('',*,*,#9306,.T.);
#9320 = ORIENTED_EDGE('',*,*,#9321,.F.);
#9321 = EDGE_CURVE('',#5972,#9299,#9322,.T.);
#9322 = CIRCLE('',#9323,5.25);
#9323 = AXIS2_PLACEMENT_3D('',#9324,#9325,#9326);
#9324 = CARTESIAN_POINT('',(-73.4401202374,-6.904524345003,
    -82.35689372466));
#9325 = DIRECTION('',(-1.748855534772E-07,3.578842788183E-07,1.));
#9326 = DIRECTION('',(-1.,-9.80172995973E-17,-1.748855534772E-07));
#9327 = ORIENTED_EDGE('',*,*,#5971,.T.);
#9328 = ORIENTED_EDGE('',*,*,#4752,.F.);
#9329 = PLANE('',#9330);
#9330 = AXIS2_PLACEMENT_3D('',#9331,#9332,#9333);
#9331 = CARTESIAN_POINT('',(-73.4401202374,-6.904524345003,
    -82.35689372466));
#9332 = DIRECTION('',(-1.748855534772E-07,3.578842788183E-07,1.));
#9333 = DIRECTION('',(1.,-1.161353623395E-13,1.748855534772E-07));
#9334 = ADVANCED_FACE('',(#9335),#9354,.F.);
#9335 = FACE_BOUND('',#9336,.T.);
#9336 = EDGE_LOOP('',(#9337,#9345,#9351,#9352,#9353));
#9337 = ORIENTED_EDGE('',*,*,#9338,.F.);
#9338 = EDGE_CURVE('',#9339,#4900,#9341,.T.);
#9339 = VERTEX_POINT('',#9340);
#9340 = CARTESIAN_POINT('',(-79.71590471503,-12.97047433005,
    -84.69589120969));
#9341 = LINE('',#9342,#9343);
#9342 = CARTESIAN_POINT('',(-80.01298846234,-12.45589665223,
    -84.69589288741));
#9343 = VECTOR('',#9344,1.);
#9344 = DIRECTION('',(-0.499992238581,0.866029884795,-3.973799001337E-07
    ));
#9345 = ORIENTED_EDGE('',*,*,#9346,.T.);
#9346 = EDGE_CURVE('',#9339,#9132,#9347,.T.);
#9347 = LINE('',#9348,#9349);
#9348 = CARTESIAN_POINT('',(-79.71590280036,-12.9704751034,
    -90.88489265129));
#9349 = VECTOR('',#9350,1.);
#9350 = DIRECTION('',(-1.748855530353E-07,3.578842784513E-07,1.));
#9351 = ORIENTED_EDGE('',*,*,#9131,.F.);
#9352 = ORIENTED_EDGE('',*,*,#4600,.T.);
#9353 = ORIENTED_EDGE('',*,*,#6104,.F.);
#9354 = PLANE('',#9355);
#9355 = AXIS2_PLACEMENT_3D('',#9356,#9357,#9358);
#9356 = CARTESIAN_POINT('',(-79.00954880216,-14.19394143843,
    -90.8848920899));
#9357 = DIRECTION('',(0.866029884796,0.499992238581,-2.748324618815E-08)
  );
#9358 = DIRECTION('',(-0.499992238581,0.866029884795,-3.973799001337E-07
    ));
#9359 = ADVANCED_FACE('',(#9360),#9385,.T.);
#9360 = FACE_BOUND('',#9361,.T.);
#9361 = EDGE_LOOP('',(#9362,#9370,#9377,#9378,#9384));
#9362 = ORIENTED_EDGE('',*,*,#9363,.T.);
#9363 = EDGE_CURVE('',#9132,#9364,#9366,.T.);
#9364 = VERTEX_POINT('',#9365);
#9365 = CARTESIAN_POINT('',(-80.56121929555,-14.43459542494,
    -74.54605372377));
#9366 = LINE('',#9367,#9368);
#9367 = CARTESIAN_POINT('',(-78.77161044223,-11.33490196529,
    -74.54605525966));
#9368 = VECTOR('',#9369,1.);
#9369 = DIRECTION('',(-0.5,-0.866025403784,4.291126712345E-07));
#9370 = ORIENTED_EDGE('',*,*,#9371,.T.);
#9371 = EDGE_CURVE('',#9364,#9099,#9372,.T.);
#9372 = ELLIPSE('',#9373,1.027486044597,1.);
#9373 = AXIS2_PLACEMENT_3D('',#9374,#9375,#9376);
#9374 = CARTESIAN_POINT('',(-79.69519388088,-14.93459540608,
    -74.54605339337));
#9375 = DIRECTION('',(0.486624579355,0.842858689859,0.229751491173));
#9376 = DIRECTION('',(0.114876101809,0.198970422248,-0.973249326896));
#9377 = ORIENTED_EDGE('',*,*,#9098,.T.);
#9378 = ORIENTED_EDGE('',*,*,#9379,.T.);
#9379 = EDGE_CURVE('',#9091,#9140,#9380,.T.);
#9380 = LINE('',#9381,#9382);
#9381 = CARTESIAN_POINT('',(-77.90558480008,-11.83490160742,
    -73.54605492926));
#9382 = VECTOR('',#9383,1.);
#9383 = DIRECTION('',(0.5,0.866025403784,-4.291126712345E-07));
#9384 = ORIENTED_EDGE('',*,*,#9139,.T.);
#9385 = CYLINDRICAL_SURFACE('',#9386,1.);
#9386 = AXIS2_PLACEMENT_3D('',#9387,#9388,#9389);
#9387 = CARTESIAN_POINT('',(-77.90558503844,-11.83490196529,
    -74.54605492926));
#9388 = DIRECTION('',(-0.5,-0.866025403784,4.291126712345E-07));
#9389 = DIRECTION('',(-0.612372376727,0.353553706917,0.707106674093));
#9390 = ADVANCED_FACE('',(#9391),#9410,.T.);
#9391 = FACE_BOUND('',#9392,.T.);
#9392 = EDGE_LOOP('',(#9393,#9394,#9395,#9403));
#9393 = ORIENTED_EDGE('',*,*,#9107,.T.);
#9394 = ORIENTED_EDGE('',*,*,#9371,.F.);
#9395 = ORIENTED_EDGE('',*,*,#9396,.T.);
#9396 = EDGE_CURVE('',#9364,#9397,#9399,.T.);
#9397 = VERTEX_POINT('',#9398);
#9398 = CARTESIAN_POINT('',(-81.58195019381,-16.20255387606,
    -75.56677843204));
#9399 = LINE('',#9400,#9401);
#9400 = CARTESIAN_POINT('',(-81.85880881658,-16.68208726015,
    -75.84363537586));
#9401 = VECTOR('',#9402,1.);
#9402 = DIRECTION('',(-0.447214035534,-0.774597726919,-0.447211323507));
#9403 = ORIENTED_EDGE('',*,*,#9404,.T.);
#9404 = EDGE_CURVE('',#9397,#9108,#9405,.T.);
#9405 = ELLIPSE('',#9406,1.902109466072,1.);
#9406 = AXIS2_PLACEMENT_3D('',#9407,#9408,#9409);
#9407 = CARTESIAN_POINT('',(-80.71592479002,-16.70255387606,
    -75.56677810164));
#9408 = DIRECTION('',(0.425325191501,0.736684494018,-0.525732287147));
#9409 = DIRECTION('',(0.262865900175,0.455297656785,0.850650082144));
#9410 = CYLINDRICAL_SURFACE('',#9411,1.);
#9411 = AXIS2_PLACEMENT_3D('',#9412,#9413,#9414);
#9412 = CARTESIAN_POINT('',(-80.99278341279,-17.18208726015,
    -75.84363504546));
#9413 = DIRECTION('',(-0.447214035534,-0.774597726919,-0.447211323507));
#9414 = DIRECTION('',(-0.821583949253,0.158116307565,0.547721688097));
#9415 = ADVANCED_FACE('',(#9416),#9441,.T.);
#9416 = FACE_BOUND('',#9417,.T.);
#9417 = EDGE_LOOP('',(#9418,#9427,#9435));
#9418 = ORIENTED_EDGE('',*,*,#9419,.F.);
#9419 = EDGE_CURVE('',#4840,#9420,#9422,.T.);
#9420 = VERTEX_POINT('',#9421);
#9421 = CARTESIAN_POINT('',(-70.81515923257,-11.45118451374,
    -86.69589163841));
#9422 = CIRCLE('',#9423,5.25);
#9423 = AXIS2_PLACEMENT_3D('',#9424,#9425,#9426);
#9424 = CARTESIAN_POINT('',(-73.44011848512,-6.904527618567,
    -86.69589372466));
#9425 = DIRECTION('',(1.748855534772E-07,-3.578842788183E-07,-1.));
#9426 = DIRECTION('',(-1.,-1.535284508289E-16,-1.748855534772E-07));
#9427 = ORIENTED_EDGE('',*,*,#9428,.T.);
#9428 = EDGE_CURVE('',#4840,#9429,#9431,.T.);
#9429 = VERTEX_POINT('',#9430);
#9430 = CARTESIAN_POINT('',(-66.26846158965,-8.826201735963,
    -86.6958917827));
#9431 = LINE('',#9432,#9433);
#9432 = CARTESIAN_POINT('',(-67.20237460106,-7.208616950361,
    -86.69589252494));
#9433 = VECTOR('',#9434,1.);
#9434 = DIRECTION('',(0.5,-0.866025403784,3.973796538103E-07));
#9435 = ORIENTED_EDGE('',*,*,#9436,.T.);
#9436 = EDGE_CURVE('',#9429,#9420,#9437,.T.);
#9437 = LINE('',#9438,#9439);
#9438 = CARTESIAN_POINT('',(-71.20833010371,-11.67817712388,
    -86.69589162593));
#9439 = VECTOR('',#9440,1.);
#9440 = DIRECTION('',(-0.866029884796,-0.499992238581,2.748324598902E-08
    ));
#9441 = PLANE('',#9442);
#9442 = AXIS2_PLACEMENT_3D('',#9443,#9444,#9445);
#9443 = CARTESIAN_POINT('',(-70.13912785509,-4.437971441134,
    -86.6958940301));
#9444 = DIRECTION('',(1.748855534772E-07,-3.578842788183E-07,-1.));
#9445 = DIRECTION('',(-1.,1.160798511883E-13,-1.748855534772E-07));
#9446 = ADVANCED_FACE('',(#9447),#9465,.T.);
#9447 = FACE_BOUND('',#9448,.T.);
#9448 = EDGE_LOOP('',(#9449,#9457,#9463,#9464));
#9449 = ORIENTED_EDGE('',*,*,#9450,.T.);
#9450 = EDGE_CURVE('',#4892,#9451,#9453,.T.);
#9451 = VERTEX_POINT('',#9452);
#9452 = CARTESIAN_POINT('',(-76.94462850823,-12.97048760719,
    -87.09589216663));
#9453 = LINE('',#9454,#9455);
#9454 = CARTESIAN_POINT('',(-78.89872586822,-9.585821644472,
    -87.0958937197));
#9455 = VECTOR('',#9456,1.);
#9456 = DIRECTION('',(0.499992238581,-0.866029884795,3.973800783495E-07)
  );
#9457 = ORIENTED_EDGE('',*,*,#9458,.T.);
#9458 = EDGE_CURVE('',#9451,#9339,#9459,.T.);
#9459 = LINE('',#9460,#9461);
#9460 = CARTESIAN_POINT('',(-77.4065075986,-12.97048539434,
    -86.69589224741));
#9461 = VECTOR('',#9462,1.);
#9462 = DIRECTION('',(-0.755928222352,3.621638992049E-06,0.654654506315)
  );
#9463 = ORIENTED_EDGE('',*,*,#9338,.T.);
#9464 = ORIENTED_EDGE('',*,*,#4899,.F.);
#9465 = PLANE('',#9466);
#9466 = AXIS2_PLACEMENT_3D('',#9467,#9468,#9469);
#9467 = CARTESIAN_POINT('',(-79.14695840266,-11.95590477153,
    -85.69589291489));
#9468 = DIRECTION('',(-0.612375480586,-0.353548155504,-0.707106761753));
#9469 = DIRECTION('',(-0.755927326247,-4.163336342344E-16,0.654655541055
    ));
#9470 = ADVANCED_FACE('',(#9471),#9505,.T.);
#9471 = FACE_BOUND('',#9472,.T.);
#9472 = EDGE_LOOP('',(#9473,#9484,#9490,#9491,#9499));
#9473 = ORIENTED_EDGE('',*,*,#9474,.T.);
#9474 = EDGE_CURVE('',#9475,#9477,#9479,.T.);
#9475 = VERTEX_POINT('',#9476);
#9476 = CARTESIAN_POINT('',(-80.86283313124,-16.29675888694,
    -85.36576313221));
#9477 = VERTEX_POINT('',#9478);
#9478 = CARTESIAN_POINT('',(-82.69106083164,-18.12359876768,
    -84.69589132738));
#9479 = ELLIPSE('',#9480,7.071067811868,5.);
#9480 = AXIS2_PLACEMENT_3D('',#9481,#9482,#9483);
#9481 = CARTESIAN_POINT('',(-78.36283054487,-20.6268844249,
    -89.69588823295));
#9482 = DIRECTION('',(0.612372312033,-0.353553137531,0.707107014813));
#9483 = DIRECTION('',(-0.612373143781,0.353552631406,0.70710654756));
#9484 = ORIENTED_EDGE('',*,*,#9485,.T.);
#9485 = EDGE_CURVE('',#9477,#9339,#9486,.T.);
#9486 = LINE('',#9487,#9488);
#9487 = CARTESIAN_POINT('',(-77.6807167502,-9.445428255234,
    -84.69589355693));
#9488 = VECTOR('',#9489,1.);
#9489 = DIRECTION('',(0.5,0.866025403785,-2.224941003333E-07));
#9490 = ORIENTED_EDGE('',*,*,#9458,.F.);
#9491 = ORIENTED_EDGE('',*,*,#9492,.F.);
#9492 = EDGE_CURVE('',#9493,#9451,#9495,.T.);
#9493 = VERTEX_POINT('',#9494);
#9494 = CARTESIAN_POINT('',(-77.86616159741,-14.56662973851,
    -87.09589175656));
#9495 = LINE('',#9496,#9497);
#9496 = CARTESIAN_POINT('',(-74.1313004059,-8.097660395585,
    -87.09589341853));
#9497 = VECTOR('',#9498,1.);
#9498 = DIRECTION('',(0.5,0.866025403785,-2.224941003333E-07));
#9499 = ORIENTED_EDGE('',*,*,#9500,.F.);
#9500 = EDGE_CURVE('',#9475,#9493,#9501,.T.);
#9501 = LINE('',#9502,#9503);
#9502 = CARTESIAN_POINT('',(-68.06470800276,-8.907757763494,
    -92.75476201745));
#9503 = VECTOR('',#9504,1.);
#9504 = DIRECTION('',(0.77459671049,0.44721362751,-0.447213492045));
#9505 = PLANE('',#9506);
#9506 = AXIS2_PLACEMENT_3D('',#9507,#9508,#9509);
#9507 = CARTESIAN_POINT('',(-76.81469117153,-9.945428613118,
    -85.69589322653));
#9508 = DIRECTION('',(-0.612372312033,0.353553137531,-0.707107014813));
#9509 = DIRECTION('',(-0.75592911848,-3.608224830032E-16,0.654653471567)
  );
#9510 = ADVANCED_FACE('',(#9511),#9545,.F.);
#9511 = FACE_BOUND('',#9512,.T.);
#9512 = EDGE_LOOP('',(#9513,#9524,#9532,#9538,#9539));
#9513 = ORIENTED_EDGE('',*,*,#9514,.F.);
#9514 = EDGE_CURVE('',#9515,#9517,#9519,.T.);
#9515 = VERTEX_POINT('',#9516);
#9516 = CARTESIAN_POINT('',(-77.35062337345,-14.26898339356,
    -103.6958921861));
#9517 = VERTEX_POINT('',#9518);
#9518 = CARTESIAN_POINT('',(-77.35061660841,-14.26897979195,
    -87.09589177292));
#9519 = B_SPLINE_CURVE_WITH_KNOTS('',3,(#9520,#9521,#9522,#9523),
  .UNSPECIFIED.,.F.,.F.,(4,4),(-0.60000009267,1.059999948655),
  .PIECEWISE_BEZIER_KNOTS.);
#9520 = CARTESIAN_POINT('',(-77.35062337345,-14.26898339356,
    -103.6958921861));
#9521 = CARTESIAN_POINT('',(-77.35062111844,-14.26898219303,
    -98.16255871509));
#9522 = CARTESIAN_POINT('',(-77.35061886343,-14.26898099249,
    -92.62922524401));
#9523 = CARTESIAN_POINT('',(-77.35061660841,-14.26897979195,
    -87.09589177292));
#9524 = ORIENTED_EDGE('',*,*,#9525,.F.);
#9525 = EDGE_CURVE('',#9526,#9515,#9528,.T.);
#9526 = VERTEX_POINT('',#9527);
#9527 = CARTESIAN_POINT('',(-80.86282231098,-16.29675239559,
    -103.6958920747));
#9528 = LINE('',#9529,#9530);
#9529 = CARTESIAN_POINT('',(-65.79947795058,-7.599926474227,
    -103.6958925528));
#9530 = VECTOR('',#9531,1.);
#9531 = DIRECTION('',(0.866025403784,0.5,-2.748680734303E-08));
#9532 = ORIENTED_EDGE('',*,*,#9533,.F.);
#9533 = EDGE_CURVE('',#9475,#9526,#9534,.T.);
#9534 = LINE('',#9535,#9536);
#9535 = CARTESIAN_POINT('',(-80.8628257842,-16.29675450907,
    -97.79039962807));
#9536 = VECTOR('',#9537,1.);
#9537 = DIRECTION('',(5.881347304574E-07,3.578842930304E-07,-1.));
#9538 = ORIENTED_EDGE('',*,*,#9500,.T.);
#9539 = ORIENTED_EDGE('',*,*,#9540,.T.);
#9540 = EDGE_CURVE('',#9493,#9517,#9541,.T.);
#9541 = LINE('',#9542,#9543);
#9542 = CARTESIAN_POINT('',(-65.51057112352,-7.433126252418,
    -87.09589214872));
#9543 = VECTOR('',#9544,1.);
#9544 = DIRECTION('',(0.866025403784,0.5,-2.748680734303E-08));
#9545 = PLANE('',#9546);
#9546 = AXIS2_PLACEMENT_3D('',#9547,#9548,#9549);
#9547 = CARTESIAN_POINT('',(-61.00191390746,-4.830051564149,
    -104.6958922918));
#9548 = DIRECTION('',(0.5,-0.866025403784,-1.586952415107E-08));
#9549 = DIRECTION('',(3.173904858352E-08,1.624528377288E-16,1.));
#9550 = ADVANCED_FACE('',(#9551),#9578,.T.);
#9551 = FACE_BOUND('',#9552,.T.);
#9552 = EDGE_LOOP('',(#9553,#9561,#9562,#9563,#9572));
#9553 = ORIENTED_EDGE('',*,*,#9554,.T.);
#9554 = EDGE_CURVE('',#9555,#9477,#9557,.T.);
#9555 = VERTEX_POINT('',#9556);
#9556 = CARTESIAN_POINT('',(-82.69296050446,-18.12688621432,
    -84.69588988493));
#9557 = LINE('',#9558,#9559);
#9558 = CARTESIAN_POINT('',(-77.6807167502,-9.445428255234,
    -84.69589355693));
#9559 = VECTOR('',#9560,1.);
#9560 = DIRECTION('',(0.5,0.866025403785,-2.224941003333E-07));
#9561 = ORIENTED_EDGE('',*,*,#9474,.F.);
#9562 = ORIENTED_EDGE('',*,*,#9533,.T.);
#9563 = ORIENTED_EDGE('',*,*,#9564,.F.);
#9564 = EDGE_CURVE('',#9565,#9526,#9567,.T.);
#9565 = VERTEX_POINT('',#9566);
#9566 = CARTESIAN_POINT('',(-82.6929493299,-18.12687941452,
    -103.6958913265));
#9567 = CIRCLE('',#9568,5.);
#9568 = AXIS2_PLACEMENT_3D('',#9569,#9570,#9571);
#9569 = CARTESIAN_POINT('',(-78.36282231098,-20.62687941451,
    -103.695892154));
#9570 = DIRECTION('',(-2.707875509289E-07,-1.380147170982E-07,-1.));
#9571 = DIRECTION('',(-0.5,0.866025403784,1.586952436128E-08));
#9572 = ORIENTED_EDGE('',*,*,#9573,.T.);
#9573 = EDGE_CURVE('',#9565,#9555,#9574,.T.);
#9574 = LINE('',#9575,#9576);
#9575 = CARTESIAN_POINT('',(-82.69295280313,-18.126881528,
    -97.79040135941));
#9576 = VECTOR('',#9577,1.);
#9577 = DIRECTION('',(-5.881347304574E-07,-3.578842930304E-07,1.));
#9578 = CYLINDRICAL_SURFACE('',#9579,5.);
#9579 = AXIS2_PLACEMENT_3D('',#9580,#9581,#9582);
#9580 = CARTESIAN_POINT('',(-78.3628257842,-20.626881528,-97.79039970742
    ));
#9581 = DIRECTION('',(5.881347304574E-07,3.578842930304E-07,-1.));
#9582 = DIRECTION('',(-0.707106781187,0.707106781186,-1.628116456759E-07
    ));
#9583 = ADVANCED_FACE('',(#9584),#9618,.F.);
#9584 = FACE_BOUND('',#9585,.T.);
#9585 = EDGE_LOOP('',(#9586,#9596,#9604,#9612));
#9586 = ORIENTED_EDGE('',*,*,#9587,.F.);
#9587 = EDGE_CURVE('',#9588,#9590,#9592,.T.);
#9588 = VERTEX_POINT('',#9589);
#9589 = CARTESIAN_POINT('',(-48.45777876096,-46.50709453779,
    -63.0958759768));
#9590 = VERTEX_POINT('',#9591);
#9591 = CARTESIAN_POINT('',(-35.99977876105,-46.50709453779,
    -63.09587379807));
#9592 = LINE('',#9593,#9594);
#9593 = CARTESIAN_POINT('',(-62.72877876101,-46.50709453779,
    -63.09587847259));
#9594 = VECTOR('',#9595,1.);
#9595 = DIRECTION('',(1.,3.121901837134E-14,1.748856296592E-07));
#9596 = ORIENTED_EDGE('',*,*,#9597,.F.);
#9597 = EDGE_CURVE('',#9598,#9588,#9600,.T.);
#9598 = VERTEX_POINT('',#9599);
#9599 = CARTESIAN_POINT('',(-48.45777876096,-41.00709453779,
    -63.09587794516));
#9600 = LINE('',#9601,#9602);
#9601 = CARTESIAN_POINT('',(-48.45777876096,-47.00709453779,
    -63.09587579786));
#9602 = VECTOR('',#9603,1.);
#9603 = DIRECTION('',(-3.136982108925E-14,-1.,3.578844046967E-07));
#9604 = ORIENTED_EDGE('',*,*,#9605,.F.);
#9605 = EDGE_CURVE('',#9606,#9598,#9608,.T.);
#9606 = VERTEX_POINT('',#9607);
#9607 = CARTESIAN_POINT('',(-35.99977876105,-41.00709453779,
    -63.09587576644));
#9608 = LINE('',#9609,#9610);
#9609 = CARTESIAN_POINT('',(-49.95777876101,-41.00709453779,
    -63.09587820749));
#9610 = VECTOR('',#9611,1.);
#9611 = DIRECTION('',(-1.,-3.121901837134E-14,-1.748856296592E-07));
#9612 = ORIENTED_EDGE('',*,*,#9613,.F.);
#9613 = EDGE_CURVE('',#9590,#9606,#9614,.T.);
#9614 = LINE('',#9615,#9616);
#9615 = CARTESIAN_POINT('',(-35.99977876105,-47.00709453779,
    -63.09587361913));
#9616 = VECTOR('',#9617,1.);
#9617 = DIRECTION('',(3.167965077054E-14,1.,-3.578844046967E-07));
#9618 = PLANE('',#9619);
#9619 = AXIS2_PLACEMENT_3D('',#9620,#9621,#9622);
#9620 = CARTESIAN_POINT('',(-48.45777876096,-47.00709453779,
    -63.09587579786));
#9621 = DIRECTION('',(-1.748856296592E-07,3.578844046967E-07,1.));
#9622 = DIRECTION('',(1.,3.121901837134E-14,1.748856296592E-07));
#9623 = ADVANCED_FACE('',(#9624),#9651,.F.);
#9624 = FACE_BOUND('',#9625,.F.);
#9625 = EDGE_LOOP('',(#9626,#9627,#9636,#9644));
#9626 = ORIENTED_EDGE('',*,*,#9597,.F.);
#9627 = ORIENTED_EDGE('',*,*,#9628,.T.);
#9628 = EDGE_CURVE('',#9598,#9629,#9631,.T.);
#9629 = VERTEX_POINT('',#9630);
#9630 = CARTESIAN_POINT('',(-60.45777666233,-41.00709883241,
    -75.09588004379));
#9631 = CIRCLE('',#9632,12.);
#9632 = AXIS2_PLACEMENT_3D('',#9633,#9634,#9635);
#9633 = CARTESIAN_POINT('',(-48.45777666233,-41.00709883241,
    -75.09587794516));
#9634 = DIRECTION('',(-3.136982110291E-14,-1.,3.578844046967E-07));
#9635 = DIRECTION('',(-0.707106904849,2.530624673668E-07,0.707106657524)
  );
#9636 = ORIENTED_EDGE('',*,*,#9637,.F.);
#9637 = EDGE_CURVE('',#9638,#9629,#9640,.T.);
#9638 = VERTEX_POINT('',#9639);
#9639 = CARTESIAN_POINT('',(-60.45777666233,-46.50709883241,
    -75.09587807543));
#9640 = LINE('',#9641,#9642);
#9641 = CARTESIAN_POINT('',(-60.45777666233,-47.00709883241,
    -75.09587789648));
#9642 = VECTOR('',#9643,1.);
#9643 = DIRECTION('',(3.136982108925E-14,1.,-3.578844046967E-07));
#9644 = ORIENTED_EDGE('',*,*,#9645,.T.);
#9645 = EDGE_CURVE('',#9638,#9588,#9646,.T.);
#9646 = CIRCLE('',#9647,12.);
#9647 = AXIS2_PLACEMENT_3D('',#9648,#9649,#9650);
#9648 = CARTESIAN_POINT('',(-48.45777666233,-46.50709883241,
    -75.0958759768));
#9649 = DIRECTION('',(3.136982110291E-14,1.,-3.578844046967E-07));
#9650 = DIRECTION('',(-0.707106904849,2.530624673668E-07,0.707106657524)
  );
#9651 = CYLINDRICAL_SURFACE('',#9652,12.);
#9652 = AXIS2_PLACEMENT_3D('',#9653,#9654,#9655);
#9653 = CARTESIAN_POINT('',(-48.45777666233,-47.00709883241,
    -75.09587579786));
#9654 = DIRECTION('',(3.136982108925E-14,1.,-3.578844046967E-07));
#9655 = DIRECTION('',(-0.707106904849,2.530624673668E-07,0.707106657524)
  );
#9656 = ADVANCED_FACE('',(#9657),#9682,.F.);
#9657 = FACE_BOUND('',#9658,.T.);
#9658 = EDGE_LOOP('',(#9659,#9667,#9675,#9681));
#9659 = ORIENTED_EDGE('',*,*,#9660,.F.);
#9660 = EDGE_CURVE('',#9661,#9638,#9663,.T.);
#9661 = VERTEX_POINT('',#9662);
#9662 = CARTESIAN_POINT('',(-60.45777106599,-46.50711028471,
    -107.0958780754));
#9663 = LINE('',#9664,#9665);
#9664 = CARTESIAN_POINT('',(-60.45776957947,-46.50711332672,
    -115.5958776782));
#9665 = VECTOR('',#9666,1.);
#9666 = DIRECTION('',(-1.748856289191E-07,3.578844046967E-07,1.));
#9667 = ORIENTED_EDGE('',*,*,#9668,.F.);
#9668 = EDGE_CURVE('',#9669,#9661,#9671,.T.);
#9669 = VERTEX_POINT('',#9670);
#9670 = CARTESIAN_POINT('',(-60.45777106599,-41.00711028471,
    -107.0958800437));
#9671 = LINE('',#9672,#9673);
#9672 = CARTESIAN_POINT('',(-60.45777106599,-47.00711028471,
    -107.0958778964));
#9673 = VECTOR('',#9674,1.);
#9674 = DIRECTION('',(-3.136982115212E-14,-1.,3.578844050562E-07));
#9675 = ORIENTED_EDGE('',*,*,#9676,.F.);
#9676 = EDGE_CURVE('',#9629,#9669,#9677,.T.);
#9677 = LINE('',#9678,#9679);
#9678 = CARTESIAN_POINT('',(-60.45777246508,-41.00710742163,
    -99.09588004378));
#9679 = VECTOR('',#9680,1.);
#9680 = DIRECTION('',(1.748856289191E-07,-3.578844046967E-07,-1.));
#9681 = ORIENTED_EDGE('',*,*,#9637,.F.);
#9682 = PLANE('',#9683);
#9683 = AXIS2_PLACEMENT_3D('',#9684,#9685,#9686);
#9684 = CARTESIAN_POINT('',(-60.45777106599,-47.00711028471,
    -107.0958778964));
#9685 = DIRECTION('',(-1.,-3.121901810645E-14,-1.748856289191E-07));
#9686 = DIRECTION('',(-1.748856289191E-07,3.578844046967E-07,1.));
#9687 = ADVANCED_FACE('',(#9688),#9715,.F.);
#9688 = FACE_BOUND('',#9689,.F.);
#9689 = EDGE_LOOP('',(#9690,#9691,#9700,#9708));
#9690 = ORIENTED_EDGE('',*,*,#9668,.F.);
#9691 = ORIENTED_EDGE('',*,*,#9692,.T.);
#9692 = EDGE_CURVE('',#9669,#9693,#9695,.T.);
#9693 = VERTEX_POINT('',#9694);
#9694 = CARTESIAN_POINT('',(-48.45776896737,-41.00711457932,
    -119.0958779451));
#9695 = CIRCLE('',#9696,12.);
#9696 = AXIS2_PLACEMENT_3D('',#9697,#9698,#9699);
#9697 = CARTESIAN_POINT('',(-48.45777106599,-41.00711028471,
    -107.0958779451));
#9698 = DIRECTION('',(-3.136982104997E-14,-1.,3.578844046967E-07));
#9699 = DIRECTION('',(-0.707106657524,-2.530625115171E-07,
    -0.707106904849));
#9700 = ORIENTED_EDGE('',*,*,#9701,.F.);
#9701 = EDGE_CURVE('',#9702,#9693,#9704,.T.);
#9702 = VERTEX_POINT('',#9703);
#9703 = CARTESIAN_POINT('',(-48.45776896737,-46.50711457932,
    -119.0958759767));
#9704 = LINE('',#9705,#9706);
#9705 = CARTESIAN_POINT('',(-48.45776896737,-47.00711457932,
    -119.0958757978));
#9706 = VECTOR('',#9707,1.);
#9707 = DIRECTION('',(3.136982115212E-14,1.,-3.578844050562E-07));
#9708 = ORIENTED_EDGE('',*,*,#9709,.T.);
#9709 = EDGE_CURVE('',#9702,#9661,#9710,.T.);
#9710 = CIRCLE('',#9711,12.);
#9711 = AXIS2_PLACEMENT_3D('',#9712,#9713,#9714);
#9712 = CARTESIAN_POINT('',(-48.45777106599,-46.50711028471,
    -107.0958759767));
#9713 = DIRECTION('',(3.136982104997E-14,1.,-3.578844046967E-07));
#9714 = DIRECTION('',(-0.707106657524,-2.530625115171E-07,
    -0.707106904849));
#9715 = CYLINDRICAL_SURFACE('',#9716,12.);
#9716 = AXIS2_PLACEMENT_3D('',#9717,#9718,#9719);
#9717 = CARTESIAN_POINT('',(-48.45777106599,-47.00711028471,
    -107.0958757978));
#9718 = DIRECTION('',(-3.136982115212E-14,-1.,3.578844050562E-07));
#9719 = DIRECTION('',(-0.707106657524,-2.530625117713E-07,
    -0.707106904849));
#9720 = ADVANCED_FACE('',(#9721),#9749,.T.);
#9721 = FACE_BOUND('',#9722,.T.);
#9722 = EDGE_LOOP('',(#9723,#9732,#9733,#9742));
#9723 = ORIENTED_EDGE('',*,*,#9724,.T.);
#9724 = EDGE_CURVE('',#9725,#9669,#9727,.T.);
#9725 = VERTEX_POINT('',#9726);
#9726 = CARTESIAN_POINT('',(-49.45777106599,-30.00711028471,
    -107.0958820567));
#9727 = CIRCLE('',#9728,11.);
#9728 = AXIS2_PLACEMENT_3D('',#9729,#9730,#9731);
#9729 = CARTESIAN_POINT('',(-49.45777106599,-41.00711028471,
    -107.09587812));
#9730 = DIRECTION('',(-1.748856284032E-07,3.578844049395E-07,1.));
#9731 = DIRECTION('',(3.13849797838E-14,1.,-3.578844049395E-07));
#9732 = ORIENTED_EDGE('',*,*,#9692,.T.);
#9733 = ORIENTED_EDGE('',*,*,#9734,.F.);
#9734 = EDGE_CURVE('',#9735,#9693,#9737,.T.);
#9735 = VERTEX_POINT('',#9736);
#9736 = CARTESIAN_POINT('',(-48.45777089111,-30.00711064259,
    -108.0958818818));
#9737 = CIRCLE('',#9738,11.);
#9738 = AXIS2_PLACEMENT_3D('',#9739,#9740,#9741);
#9739 = CARTESIAN_POINT('',(-48.45777089111,-41.00711064259,
    -108.0958779451));
#9740 = DIRECTION('',(-1.,-3.120385233451E-14,-1.748856090248E-07));
#9741 = DIRECTION('',(3.13849797838E-14,1.,-3.578844049395E-07));
#9742 = ORIENTED_EDGE('',*,*,#9743,.T.);
#9743 = EDGE_CURVE('',#9735,#9725,#9744,.T.);
#9744 = CIRCLE('',#9745,1.);
#9745 = AXIS2_PLACEMENT_3D('',#9746,#9747,#9748);
#9746 = CARTESIAN_POINT('',(-48.45777106599,-30.00711028471,
    -107.0958818818));
#9747 = DIRECTION('',(3.136982104997E-14,1.,-3.578844046967E-07));
#9748 = DIRECTION('',(-0.707106657524,-2.530625115171E-07,
    -0.707106904849));
#9749 = ( BOUNDED_SURFACE() B_SPLINE_SURFACE(2,2,(
    (#9750,#9751,#9752)
    ,(#9753,#9754,#9755)
    ,(#9756,#9757,#9758
)),.UNSPECIFIED.,.F.,.F.,.F.) B_SPLINE_SURFACE_WITH_KNOTS((3,3),(3,3),(
    -1.570796326795,4.184385895576E-16),(-1.570796151909,
    1.748856096085E-07),.PIECEWISE_BEZIER_KNOTS.) 
GEOMETRIC_REPRESENTATION_ITEM() RATIONAL_B_SPLINE_SURFACE((
    (1.,0.707106781187,1.)
    ,(0.707106781187,0.5,0.707106781187)
,(1.,0.707106781187,1.))) REPRESENTATION_ITEM('') SURFACE() );
#9750 = CARTESIAN_POINT('',(-49.45777106599,-30.00711028471,
    -107.0958820567));
#9751 = CARTESIAN_POINT('',(-49.45777089111,-30.00711064259,
    -108.0958820567));
#9752 = CARTESIAN_POINT('',(-48.45777089111,-30.00711064259,
    -108.0958818818));
#9753 = CARTESIAN_POINT('',(-60.45777106599,-30.00711028471,
    -107.0958839805));
#9754 = CARTESIAN_POINT('',(-60.45776896737,-30.00711457932,
    -119.0958839805));
#9755 = CARTESIAN_POINT('',(-48.45776896737,-30.00711457932,
    -119.0958818818));
#9756 = CARTESIAN_POINT('',(-60.45777106599,-41.00711028471,
    -107.0958800437));
#9757 = CARTESIAN_POINT('',(-60.45776896737,-41.00711457932,
    -119.0958800437));
#9758 = CARTESIAN_POINT('',(-48.45776896737,-41.00711457932,
    -119.0958779451));
#9759 = ADVANCED_FACE('',(#9760),#9779,.F.);
#9760 = FACE_BOUND('',#9761,.F.);
#9761 = EDGE_LOOP('',(#9762,#9770,#9771,#9772));
#9762 = ORIENTED_EDGE('',*,*,#9763,.F.);
#9763 = EDGE_CURVE('',#9725,#9764,#9766,.T.);
#9764 = VERTEX_POINT('',#9765);
#9765 = CARTESIAN_POINT('',(-49.45777666233,-30.00709883241,
    -75.09588205678));
#9766 = LINE('',#9767,#9768);
#9767 = CARTESIAN_POINT('',(-49.45777246508,-30.00710742163,
    -99.09588205677));
#9768 = VECTOR('',#9769,1.);
#9769 = DIRECTION('',(-1.748856289191E-07,3.578844046967E-07,1.));
#9770 = ORIENTED_EDGE('',*,*,#9724,.T.);
#9771 = ORIENTED_EDGE('',*,*,#9676,.F.);
#9772 = ORIENTED_EDGE('',*,*,#9773,.F.);
#9773 = EDGE_CURVE('',#9764,#9629,#9774,.T.);
#9774 = CIRCLE('',#9775,11.);
#9775 = AXIS2_PLACEMENT_3D('',#9776,#9777,#9778);
#9776 = CARTESIAN_POINT('',(-49.45777666233,-41.00709883241,
    -75.09587812005));
#9777 = DIRECTION('',(-1.748856284032E-07,3.578844049395E-07,1.));
#9778 = DIRECTION('',(3.13849797838E-14,1.,-3.578844049395E-07));
#9779 = CYLINDRICAL_SURFACE('',#9780,11.);
#9780 = AXIS2_PLACEMENT_3D('',#9781,#9782,#9783);
#9781 = CARTESIAN_POINT('',(-49.45777246508,-41.00710742163,
    -99.09587812004));
#9782 = DIRECTION('',(1.748856289191E-07,-3.578844046967E-07,-1.));
#9783 = DIRECTION('',(-0.707106781187,0.707106781186,-3.767253035827E-07
    ));
#9784 = ADVANCED_FACE('',(#9785),#9805,.T.);
#9785 = FACE_BOUND('',#9786,.T.);
#9786 = EDGE_LOOP('',(#9787,#9796,#9797,#9798));
#9787 = ORIENTED_EDGE('',*,*,#9788,.T.);
#9788 = EDGE_CURVE('',#9789,#9598,#9791,.T.);
#9789 = VERTEX_POINT('',#9790);
#9790 = CARTESIAN_POINT('',(-48.45777683722,-30.00709847452,
    -74.09588188189));
#9791 = CIRCLE('',#9792,11.);
#9792 = AXIS2_PLACEMENT_3D('',#9793,#9794,#9795);
#9793 = CARTESIAN_POINT('',(-48.45777683722,-41.00709847452,
    -74.09587794516));
#9794 = DIRECTION('',(1.,3.120385955872E-14,1.748856292106E-07));
#9795 = DIRECTION('',(3.13849797838E-14,1.,-3.578844049395E-07));
#9796 = ORIENTED_EDGE('',*,*,#9628,.T.);
#9797 = ORIENTED_EDGE('',*,*,#9773,.F.);
#9798 = ORIENTED_EDGE('',*,*,#9799,.T.);
#9799 = EDGE_CURVE('',#9764,#9789,#9800,.T.);
#9800 = CIRCLE('',#9801,1.);
#9801 = AXIS2_PLACEMENT_3D('',#9802,#9803,#9804);
#9802 = CARTESIAN_POINT('',(-48.45777666233,-30.00709883241,
    -75.09588188189));
#9803 = DIRECTION('',(3.136982110291E-14,1.,-3.578844046967E-07));
#9804 = DIRECTION('',(-0.707106904849,2.530624673668E-07,0.707106657524)
  );
#9805 = ( BOUNDED_SURFACE() B_SPLINE_SURFACE(2,2,(
    (#9806,#9807,#9808)
    ,(#9809,#9810,#9811)
    ,(#9812,#9813,#9814
)),.UNSPECIFIED.,.F.,.F.,.F.) B_SPLINE_SURFACE_WITH_KNOTS((3,3),(3,3),(
    -1.570796326795,5.099995347753E-16),(-3.141592478704,-1.570796151909
),.PIECEWISE_BEZIER_KNOTS.) GEOMETRIC_REPRESENTATION_ITEM() 
RATIONAL_B_SPLINE_SURFACE((
    (1.,0.707106781187,1.)
    ,(0.707106781187,0.5,0.707106781187)
,(1.,0.707106781187,1.))) REPRESENTATION_ITEM('') SURFACE() );
#9806 = CARTESIAN_POINT('',(-48.45777683722,-30.00709847452,
    -74.09588188189));
#9807 = CARTESIAN_POINT('',(-49.45777683722,-30.00709847452,
    -74.09588205678));
#9808 = CARTESIAN_POINT('',(-49.45777666233,-30.00709883241,
    -75.09588205678));
#9809 = CARTESIAN_POINT('',(-48.45777876096,-30.00709453779,
    -63.09588188189));
#9810 = CARTESIAN_POINT('',(-60.45777876096,-30.00709453779,
    -63.09588398052));
#9811 = CARTESIAN_POINT('',(-60.45777666233,-30.00709883241,
    -75.09588398052));
#9812 = CARTESIAN_POINT('',(-48.45777876096,-41.00709453779,
    -63.09587794516));
#9813 = CARTESIAN_POINT('',(-60.45777876096,-41.00709453779,
    -63.09588004379));
#9814 = CARTESIAN_POINT('',(-60.45777666233,-41.00709883241,
    -75.09588004379));
#9815 = ADVANCED_FACE('',(#9816),#9861,.F.);
#9816 = FACE_BOUND('',#9817,.F.);
#9817 = EDGE_LOOP('',(#9818,#9827,#9836,#9842,#9843,#9844,#9851,#9852,
    #9859,#9860));
#9818 = ORIENTED_EDGE('',*,*,#9819,.T.);
#9819 = EDGE_CURVE('',#8654,#9820,#9822,.T.);
#9820 = VERTEX_POINT('',#9821);
#9821 = CARTESIAN_POINT('',(-44.49977725278,-30.26669835316,
    -71.72020782455));
#9822 = ELLIPSE('',#9823,23.515952032617,11.);
#9823 = AXIS2_PLACEMENT_3D('',#9824,#9825,#9826);
#9824 = CARTESIAN_POINT('',(-48.98863517516,-41.00709847452,
    -74.095878038));
#9825 = DIRECTION('',(-0.467767735692,3.163166560623E-07,0.883851427247)
  );
#9826 = DIRECTION('',(0.883851427247,1.674067497053E-07,0.467767735692)
  );
#9827 = ORIENTED_EDGE('',*,*,#9828,.T.);
#9828 = EDGE_CURVE('',#9820,#9829,#9831,.T.);
#9829 = VERTEX_POINT('',#9830);
#9830 = CARTESIAN_POINT('',(-47.22244374192,-30.00709847452,
    -74.09588166585));
#9831 = B_SPLINE_CURVE_WITH_KNOTS('',3,(#9832,#9833,#9834,#9835),
  .UNSPECIFIED.,.F.,.F.,(4,4),(-0.380700790067,0.),
  .PIECEWISE_BEZIER_KNOTS.);
#9832 = CARTESIAN_POINT('',(-44.49977725278,-30.26669835316,
    -71.72020782455));
#9833 = CARTESIAN_POINT('',(-45.59210567468,-30.13882805778,
    -72.29830954758));
#9834 = CARTESIAN_POINT('',(-46.53455570915,-30.00709812468,
    -73.11836173231));
#9835 = CARTESIAN_POINT('',(-47.22244374192,-30.00709847452,
    -74.09588166585));
#9836 = ORIENTED_EDGE('',*,*,#9837,.F.);
#9837 = EDGE_CURVE('',#9789,#9829,#9838,.T.);
#9838 = LINE('',#9839,#9840);
#9839 = CARTESIAN_POINT('',(-49.95777683727,-30.00709847452,
    -74.09588214422));
#9840 = VECTOR('',#9841,1.);
#9841 = DIRECTION('',(1.,3.121901837134E-14,1.748856296592E-07));
#9842 = ORIENTED_EDGE('',*,*,#9788,.T.);
#9843 = ORIENTED_EDGE('',*,*,#9605,.F.);
#9844 = ORIENTED_EDGE('',*,*,#9845,.T.);
#9845 = EDGE_CURVE('',#9606,#8984,#9846,.T.);
#9846 = CIRCLE('',#9847,11.);
#9847 = AXIS2_PLACEMENT_3D('',#9848,#9849,#9850);
#9848 = CARTESIAN_POINT('',(-35.99977683732,-41.00709847452,
    -74.09587576644));
#9849 = DIRECTION('',(-1.,-3.090913413687E-14,-1.748854772071E-07));
#9850 = DIRECTION('',(-1.628513619488E-07,0.364537952777,0.931188531386)
  );
#9851 = ORIENTED_EDGE('',*,*,#8983,.T.);
#9852 = ORIENTED_EDGE('',*,*,#9853,.T.);
#9853 = EDGE_CURVE('',#8986,#8829,#9854,.T.);
#9854 = ELLIPSE('',#9855,23.515952032617,11.);
#9855 = AXIS2_PLACEMENT_3D('',#9856,#9857,#9858);
#9856 = CARTESIAN_POINT('',(-48.98863517516,-41.00709847452,
    -74.095878038));
#9857 = DIRECTION('',(-0.467767735692,3.163166560623E-07,0.883851427247)
  );
#9858 = DIRECTION('',(0.883851427247,1.674067497053E-07,0.467767735692)
  );
#9859 = ORIENTED_EDGE('',*,*,#8828,.T.);
#9860 = ORIENTED_EDGE('',*,*,#8651,.T.);
#9861 = CYLINDRICAL_SURFACE('',#9862,11.);
#9862 = AXIS2_PLACEMENT_3D('',#9863,#9864,#9865);
#9863 = CARTESIAN_POINT('',(-49.95777683727,-41.00709847452,
    -74.09587820749));
#9864 = DIRECTION('',(1.,3.121901837134E-14,1.748856296592E-07));
#9865 = DIRECTION('',(-1.236627924823E-07,0.707107034249,0.707106528124)
  );
#9866 = ADVANCED_FACE('',(#9867),#9903,.T.);
#9867 = FACE_BOUND('',#9868,.T.);
#9868 = EDGE_LOOP('',(#9869,#9880,#9888,#9897));
#9869 = ORIENTED_EDGE('',*,*,#9870,.T.);
#9870 = EDGE_CURVE('',#9871,#9873,#9875,.T.);
#9871 = VERTEX_POINT('',#9872);
#9872 = CARTESIAN_POINT('',(-45.49977355466,-29.00710519213,
    -92.86619811277));
#9873 = VERTEX_POINT('',#9874);
#9874 = CARTESIAN_POINT('',(-45.9997734032,-30.00710550206,
    -93.73222324611));
#9875 = CIRCLE('',#9876,1.);
#9876 = AXIS2_PLACEMENT_3D('',#9877,#9878,#9879);
#9877 = CARTESIAN_POINT('',(-45.9997734032,-29.00710550206,
    -93.73222360399));
#9878 = DIRECTION('',(0.866025491227,-1.789421797502E-07,-0.499999848545
    ));
#9879 = DIRECTION('',(0.499999848545,3.099370005613E-07,0.866025491227)
  );
#9880 = ORIENTED_EDGE('',*,*,#9881,.T.);
#9881 = EDGE_CURVE('',#9873,#9882,#9884,.T.);
#9882 = VERTEX_POINT('',#9883);
#9883 = CARTESIAN_POINT('',(-36.49977244398,-30.007107465,-99.217049142)
  );
#9884 = LINE('',#9885,#9886);
#9885 = CARTESIAN_POINT('',(-43.86730792957,-30.00710594268,
    -94.9634022641));
#9886 = VECTOR('',#9887,1.);
#9887 = DIRECTION('',(0.866025491227,-1.789421753119E-07,-0.499999848545
    ));
#9888 = ORIENTED_EDGE('',*,*,#9889,.F.);
#9889 = EDGE_CURVE('',#9890,#9882,#9892,.T.);
#9890 = VERTEX_POINT('',#9891);
#9891 = CARTESIAN_POINT('',(-35.99977259544,-29.00710715506,
    -98.35102400866));
#9892 = CIRCLE('',#9893,1.);
#9893 = AXIS2_PLACEMENT_3D('',#9894,#9895,#9896);
#9894 = CARTESIAN_POINT('',(-36.49977244398,-29.007107465,
    -99.21704949988));
#9895 = DIRECTION('',(0.866025491227,-1.789421759043E-07,-0.499999848545
    ));
#9896 = DIRECTION('',(0.499999848545,3.099369961205E-07,0.866025491227)
  );
#9897 = ORIENTED_EDGE('',*,*,#9898,.T.);
#9898 = EDGE_CURVE('',#9890,#9871,#9899,.T.);
#9899 = LINE('',#9900,#9901);
#9900 = CARTESIAN_POINT('',(-43.36730808103,-29.00710563275,
    -94.09737713076));
#9901 = VECTOR('',#9902,1.);
#9902 = DIRECTION('',(-0.866025491227,1.789421753119E-07,0.499999848545)
  );
#9903 = CYLINDRICAL_SURFACE('',#9904,1.);
#9904 = AXIS2_PLACEMENT_3D('',#9905,#9906,#9907);
#9905 = CARTESIAN_POINT('',(-43.86730792957,-29.00710594268,
    -94.96340262198));
#9906 = DIRECTION('',(-0.866025491227,1.789421753119E-07,0.499999848545)
  );
#9907 = DIRECTION('',(0.353553283498,-0.707106562028,0.61237275059));
#9908 = ADVANCED_FACE('',(#9909),#9937,.T.);
#9909 = FACE_BOUND('',#9910,.T.);
#9910 = EDGE_LOOP('',(#9911,#9922,#9929,#9930));
#9911 = ORIENTED_EDGE('',*,*,#9912,.T.);
#9912 = EDGE_CURVE('',#9913,#9915,#9917,.T.);
#9913 = VERTEX_POINT('',#9914);
#9914 = CARTESIAN_POINT('',(-47.49977416048,-29.00710395238,
    -89.4020968474));
#9915 = VERTEX_POINT('',#9916);
#9916 = CARTESIAN_POINT('',(-48.49977416048,-30.00710395238,
    -89.4020966644));
#9917 = CIRCLE('',#9918,1.);
#9918 = AXIS2_PLACEMENT_3D('',#9919,#9920,#9921);
#9919 = CARTESIAN_POINT('',(-48.49977416048,-29.00710395238,
    -89.40209702229));
#9920 = DIRECTION('',(1.748854394634E-07,-3.578844065544E-07,-1.));
#9921 = DIRECTION('',(1.,3.119122705871E-14,1.748854394634E-07));
#9922 = ORIENTED_EDGE('',*,*,#9923,.T.);
#9923 = EDGE_CURVE('',#9915,#9873,#9924,.T.);
#9924 = CIRCLE('',#9925,5.);
#9925 = AXIS2_PLACEMENT_3D('',#9926,#9927,#9928);
#9926 = CARTESIAN_POINT('',(-43.49977416048,-30.00710395238,
    -89.40209578997));
#9927 = DIRECTION('',(-3.136982107644E-14,-1.,3.578844046967E-07));
#9928 = DIRECTION('',(-0.866025316342,-1.789422293848E-07,
    -0.500000151455));
#9929 = ORIENTED_EDGE('',*,*,#9870,.F.);
#9930 = ORIENTED_EDGE('',*,*,#9931,.T.);
#9931 = EDGE_CURVE('',#9871,#9913,#9932,.T.);
#9932 = CIRCLE('',#9933,4.);
#9933 = AXIS2_PLACEMENT_3D('',#9934,#9935,#9936);
#9934 = CARTESIAN_POINT('',(-43.49977416048,-29.00710395238,
    -89.40209614786));
#9935 = DIRECTION('',(3.136982107644E-14,1.,-3.578844046967E-07));
#9936 = DIRECTION('',(-0.866025316342,-1.789422293848E-07,
    -0.500000151455));
#9937 = TOROIDAL_SURFACE('',#9938,5.,1.);
#9938 = AXIS2_PLACEMENT_3D('',#9939,#9940,#9941);
#9939 = CARTESIAN_POINT('',(-43.49977416048,-29.00710395238,
    -89.40209614786));
#9940 = DIRECTION('',(3.136982108925E-14,1.,-3.578844046967E-07));
#9941 = DIRECTION('',(1.602367394273E-29,3.578844046967E-07,1.));
#9942 = ADVANCED_FACE('',(#9943),#9969,.T.);
#9943 = FACE_BOUND('',#9944,.T.);
#9944 = EDGE_LOOP('',(#9945,#9956,#9962,#9963));
#9945 = ORIENTED_EDGE('',*,*,#9946,.T.);
#9946 = EDGE_CURVE('',#9947,#9949,#9951,.T.);
#9947 = VERTEX_POINT('',#9948);
#9948 = CARTESIAN_POINT('',(-47.49977607891,-29.00710002651,
    -78.4324417328));
#9949 = VERTEX_POINT('',#9950);
#9950 = CARTESIAN_POINT('',(-48.49977607891,-30.00710002651,
    -78.4324415498));
#9951 = CIRCLE('',#9952,1.);
#9952 = AXIS2_PLACEMENT_3D('',#9953,#9954,#9955);
#9953 = CARTESIAN_POINT('',(-48.49977607891,-29.00710002651,
    -78.43244190768));
#9954 = DIRECTION('',(1.748854039363E-07,-3.578844065544E-07,-1.));
#9955 = DIRECTION('',(1.,3.119122705871E-14,1.748854039363E-07));
#9956 = ORIENTED_EDGE('',*,*,#9957,.T.);
#9957 = EDGE_CURVE('',#9949,#9915,#9958,.T.);
#9958 = LINE('',#9959,#9960);
#9959 = CARTESIAN_POINT('',(-48.49977401237,-30.00710425547,
    -90.24898927682));
#9960 = VECTOR('',#9961,1.);
#9961 = DIRECTION('',(1.748854124336E-07,-3.578844046967E-07,-1.));
#9962 = ORIENTED_EDGE('',*,*,#9912,.F.);
#9963 = ORIENTED_EDGE('',*,*,#9964,.T.);
#9964 = EDGE_CURVE('',#9913,#9947,#9965,.T.);
#9965 = LINE('',#9966,#9967);
#9966 = CARTESIAN_POINT('',(-47.49977401237,-29.00710425547,
    -90.24898945982));
#9967 = VECTOR('',#9968,1.);
#9968 = DIRECTION('',(-1.748854124336E-07,3.578844046967E-07,1.));
#9969 = CYLINDRICAL_SURFACE('',#9970,1.);
#9970 = AXIS2_PLACEMENT_3D('',#9971,#9972,#9973);
#9971 = CARTESIAN_POINT('',(-48.49977401237,-29.00710425547,
    -90.2489896347));
#9972 = DIRECTION('',(-1.748854124336E-07,3.578844046967E-07,1.));
#9973 = DIRECTION('',(0.707106781187,-0.707106781186,3.767251505044E-07)
  );
#9974 = ADVANCED_FACE('',(#9975),#10001,.T.);
#9975 = FACE_BOUND('',#9976,.T.);
#9976 = EDGE_LOOP('',(#9977,#9986,#9993,#9994));
#9977 = ORIENTED_EDGE('',*,*,#9978,.T.);
#9978 = EDGE_CURVE('',#9979,#9829,#9981,.T.);
#9979 = VERTEX_POINT('',#9980);
#9980 = CARTESIAN_POINT('',(-46.38211028405,-29.00709866852,
    -74.63795183434));
#9981 = CIRCLE('',#9982,1.);
#9982 = AXIS2_PLACEMENT_3D('',#9983,#9984,#9985);
#9983 = CARTESIAN_POINT('',(-47.22244374192,-29.00709847452,
    -74.09588202373));
#9984 = DIRECTION('',(-0.542069810608,-3.007422216787E-07,
    -0.840333457877));
#9985 = DIRECTION('',(0.840333457877,-1.939983595107E-07,-0.542069810608
    ));
#9986 = ORIENTED_EDGE('',*,*,#9987,.T.);
#9987 = EDGE_CURVE('',#9829,#9949,#9988,.T.);
#9988 = CIRCLE('',#9989,8.);
#9989 = AXIS2_PLACEMENT_3D('',#9990,#9991,#9992);
#9990 = CARTESIAN_POINT('',(-40.49977607891,-30.00710002651,
    -78.43244015072));
#9991 = DIRECTION('',(-3.136982108968E-14,-1.,3.578844046967E-07));
#9992 = DIRECTION('',(-0.944719573885,1.173429675835E-07,0.327879439305)
  );
#9993 = ORIENTED_EDGE('',*,*,#9946,.F.);
#9994 = ORIENTED_EDGE('',*,*,#9995,.T.);
#9995 = EDGE_CURVE('',#9947,#9979,#9996,.T.);
#9996 = CIRCLE('',#9997,7.);
#9997 = AXIS2_PLACEMENT_3D('',#9998,#9999,#10000);
#9998 = CARTESIAN_POINT('',(-40.49977607891,-29.00710002651,
    -78.4324405086));
#9999 = DIRECTION('',(3.136982108968E-14,1.,-3.578844046967E-07));
#10000 = DIRECTION('',(-0.944719573885,1.173429675835E-07,0.327879439305
    ));
#10001 = TOROIDAL_SURFACE('',#10002,8.,1.);
#10002 = AXIS2_PLACEMENT_3D('',#10003,#10004,#10005);
#10003 = CARTESIAN_POINT('',(-40.49977607891,-29.00710002651,
    -78.4324405086));
#10004 = DIRECTION('',(3.136982108925E-14,1.,-3.578844046967E-07));
#10005 = DIRECTION('',(3.640216738847E-30,3.578844046967E-07,1.));
#10006 = ADVANCED_FACE('',(#10007),#10027,.F.);
#10007 = FACE_BOUND('',#10008,.F.);
#10008 = EDGE_LOOP('',(#10009,#10018,#10019,#10020));
#10009 = ORIENTED_EDGE('',*,*,#10010,.F.);
#10010 = EDGE_CURVE('',#9979,#10011,#10013,.T.);
#10011 = VERTEX_POINT('',#10012);
#10012 = CARTESIAN_POINT('',(-43.9997771391,-29.29029865207,
    -72.37026319286));
#10013 = B_SPLINE_CURVE_WITH_KNOTS('',3,(#10014,#10015,#10016,#10017),
  .UNSPECIFIED.,.F.,.F.,(4,4),(0.,0.380700790067),
  .PIECEWISE_BEZIER_KNOTS.);
#10014 = CARTESIAN_POINT('',(-46.38211028405,-29.00709866852,
    -74.63795183434));
#10015 = CARTESIAN_POINT('',(-45.78020826897,-29.00709833458,
    -73.70486463462));
#10016 = CARTESIAN_POINT('',(-44.95556450022,-29.15080375616,
    -72.92208755588));
#10017 = CARTESIAN_POINT('',(-43.9997771391,-29.29029865207,
    -72.37026319286));
#10018 = ORIENTED_EDGE('',*,*,#9978,.T.);
#10019 = ORIENTED_EDGE('',*,*,#9828,.F.);
#10020 = ORIENTED_EDGE('',*,*,#10021,.F.);
#10021 = EDGE_CURVE('',#10011,#9820,#10022,.T.);
#10022 = CIRCLE('',#10023,1.);
#10023 = AXIS2_PLACEMENT_3D('',#10024,#10025,#10026);
#10024 = CARTESIAN_POINT('',(-44.49977729055,-29.29029834213,
    -71.50423787651));
#10025 = DIRECTION('',(-0.860777104655,0.109924805517,-0.496970133141));
#10026 = DIRECTION('',(0.500000151455,-3.099369694157E-07,
    -0.866025316342));
#10027 = B_SPLINE_SURFACE_WITH_KNOTS('',3,3,(
    (#10028,#10029,#10030,#10031)
    ,(#10032,#10033,#10034,#10035)
    ,(#10036,#10037,#10038,#10039)
    ,(#10040,#10041,#10042,#10043)
    ,(#10044,#10045,#10046,#10047
    )),.UNSPECIFIED.,.F.,.F.,.F.,(4,1,4),(4,4),(0.,0.571428571429,1.),(
    0.,0.380700790067),.UNSPECIFIED.);
#10028 = CARTESIAN_POINT('',(-46.38211028405,-29.00709866852,
    -74.63795183434));
#10029 = CARTESIAN_POINT('',(-45.78020826897,-29.00709833458,
    -73.70486463462));
#10030 = CARTESIAN_POINT('',(-44.95556450022,-29.15080375616,
    -72.92208755588));
#10031 = CARTESIAN_POINT('',(-43.9997771391,-29.29029865207,
    -72.37026319286));
#10032 = CARTESIAN_POINT('',(-46.38211028405,-29.30629796886,
    -74.63795172726));
#10033 = CARTESIAN_POINT('',(-45.79296483927,-29.29692328982,
    -73.72394265053));
#10034 = CARTESIAN_POINT('',(-44.97951937319,-29.4247231021,
    -72.94160551546));
#10035 = CARTESIAN_POINT('',(-44.02484866391,-29.55206503935,
    -72.38473815662));
#10036 = CARTESIAN_POINT('',(-46.59327718738,-29.82410628952,
    -74.50173513616));
#10037 = CARTESIAN_POINT('',(-45.98894826662,-29.79980923397,
    -73.59520660741));
#10038 = CARTESIAN_POINT('',(-45.15387831131,-29.89986166119,
    -72.80780006596));
#10039 = CARTESIAN_POINT('',(-44.16442951322,-30.00710753749,
    -72.24362798412));
#10040 = CARTESIAN_POINT('',(-47.03387335493,-30.00709851806,
    -74.2175218469));
#10041 = CARTESIAN_POINT('',(-46.37097381015,-29.99618646599,
    -73.26622700152));
#10042 = CARTESIAN_POINT('',(-45.46076835069,-30.11279757186,
    -72.4587628536));
#10043 = CARTESIAN_POINT('',(-44.39924219717,-30.22997865611,
    -71.88621753625));
#10044 = CARTESIAN_POINT('',(-47.22244374192,-30.00709847452,
    -74.09588166585));
#10045 = CARTESIAN_POINT('',(-46.53455570915,-30.00709812468,
    -73.11836173231));
#10046 = CARTESIAN_POINT('',(-45.59210567468,-30.13882805778,
    -72.29830954758));
#10047 = CARTESIAN_POINT('',(-44.49977725278,-30.26669835316,
    -71.72020782455));
#10048 = ADVANCED_FACE('',(#10049),#10062,.F.);
#10049 = FACE_BOUND('',#10050,.F.);
#10050 = EDGE_LOOP('',(#10051,#10058,#10059,#10060,#10061));
#10051 = ORIENTED_EDGE('',*,*,#10052,.F.);
#10052 = EDGE_CURVE('',#10011,#8887,#10053,.T.);
#10053 = ELLIPSE('',#10054,24.000000000007,12.);
#10054 = AXIS2_PLACEMENT_3D('',#10055,#10056,#10057);
#10055 = CARTESIAN_POINT('',(-48.48863502371,-41.00709878446,
    -74.96190335434));
#10056 = DIRECTION('',(0.500000151455,-3.099369704761E-07,
    -0.866025316342));
#10057 = DIRECTION('',(0.866025316342,1.789422293195E-07,0.500000151455)
  );
#10058 = ORIENTED_EDGE('',*,*,#10021,.T.);
#10059 = ORIENTED_EDGE('',*,*,#9819,.F.);
#10060 = ORIENTED_EDGE('',*,*,#8800,.T.);
#10061 = ORIENTED_EDGE('',*,*,#8897,.T.);
#10062 = B_SPLINE_SURFACE_WITH_KNOTS('',3,3,(
    (#10063,#10064,#10065,#10066)
    ,(#10067,#10068,#10069,#10070)
    ,(#10071,#10072,#10073,#10074)
    ,(#10075,#10076,#10077,#10078)
    ,(#10079,#10080,#10081,#10082
    )),.UNSPECIFIED.,.F.,.F.,.F.,(4,1,4),(4,4),(0.,0.5,1.),(
    -1.35311085594,-1.277366189346),.UNSPECIFIED.);
#10063 = CARTESIAN_POINT('',(-43.9997771391,-29.29029865207,
    -72.37026319286));
#10064 = CARTESIAN_POINT('',(-43.48738745871,-29.3557329389,
    -72.07443473006));
#10065 = CARTESIAN_POINT('',(-42.97929239702,-29.43237625407,
    -71.78108576351));
#10066 = CARTESIAN_POINT('',(-42.47694823612,-29.52000892551,
    -71.49105707849));
#10067 = CARTESIAN_POINT('',(-44.02171472331,-29.51934424094,
    -72.38292878615));
#10068 = CARTESIAN_POINT('',(-43.5116158788,-29.58082633872,
    -72.08833068542));
#10069 = CARTESIAN_POINT('',(-43.00560078536,-29.65353586376,
    -71.79635402383));
#10070 = CARTESIAN_POINT('',(-42.50535767011,-29.73714711392,
    -71.50745920177));
#10071 = CARTESIAN_POINT('',(-44.14852949595,-29.97621500132,
    -72.26433448962));
#10072 = CARTESIAN_POINT('',(-43.64015122042,-30.02998752673,
    -71.97713305348));
#10073 = CARTESIAN_POINT('',(-43.13590742208,-30.09475165168,
    -71.69204511095));
#10074 = CARTESIAN_POINT('',(-42.63719126087,-30.17047867079,
    -71.41004872467));
#10075 = CARTESIAN_POINT('',(-44.38248635457,-30.2238587066,
    -71.91388582154));
#10076 = CARTESIAN_POINT('',(-43.87146480051,-30.27959925466,
    -71.63829867528));
#10077 = CARTESIAN_POINT('',(-43.36464114128,-30.34616065568,
    -71.36484120612));
#10078 = CARTESIAN_POINT('',(-42.86353148262,-30.42287588179,
    -71.09427841767));
#10079 = CARTESIAN_POINT('',(-44.49977725278,-30.26669835316,
    -71.72020782455));
#10080 = CARTESIAN_POINT('',(-43.98738756808,-30.32667978276,
    -71.44903172618));
#10081 = CARTESIAN_POINT('',(-43.47929250212,-30.396936155,
    -71.18012849944));
#10082 = CARTESIAN_POINT('',(-42.97694833699,-30.47726610382,
    -70.91426886419));
#10083 = ADVANCED_FACE('',(#10084),#10099,.F.);
#10084 = FACE_BOUND('',#10085,.F.);
#10085 = EDGE_LOOP('',(#10086,#10087,#10088,#10089,#10098));
#10086 = ORIENTED_EDGE('',*,*,#8548,.F.);
#10087 = ORIENTED_EDGE('',*,*,#8847,.T.);
#10088 = ORIENTED_EDGE('',*,*,#8946,.T.);
#10089 = ORIENTED_EDGE('',*,*,#10090,.F.);
#10090 = EDGE_CURVE('',#8887,#8936,#10091,.T.);
#10091 = B_SPLINE_CURVE_WITH_KNOTS('',3,(#10092,#10093,#10094,#10095,
    #10096,#10097),.UNSPECIFIED.,.F.,.F.,(4,1,1,4),(-2.113370092844,
    -1.380913181592,-0.867839289035,-0.498822769134),.UNSPECIFIED.);
#10092 = CARTESIAN_POINT('',(-42.61673983887,-29.49606416203,
    -71.57176583913));
#10093 = CARTESIAN_POINT('',(-41.7589764626,-28.98094485761,
    -71.07653590728));
#10094 = CARTESIAN_POINT('',(-39.97151406777,-28.66405421323,
    -70.04454370907));
#10095 = CARTESIAN_POINT('',(-37.91339376696,-29.65362774297,
    -68.8562865653));
#10096 = CARTESIAN_POINT('',(-37.14141845196,-30.60399497913,
    -68.41058588925));
#10097 = CARTESIAN_POINT('',(-36.89976700109,-31.04619876084,
    -68.27106814444));
#10098 = ORIENTED_EDGE('',*,*,#8886,.T.);
#10099 = B_SPLINE_SURFACE_WITH_KNOTS('',3,3,(
    (#10100,#10101,#10102,#10103,#10104,#10105)
    ,(#10106,#10107,#10108,#10109,#10110,#10111)
    ,(#10112,#10113,#10114,#10115,#10116,#10117)
    ,(#10118,#10119,#10120,#10121,#10122,#10123)
    ,(#10124,#10125,#10126,#10127,#10128,#10129)
    ,(#10130,#10131,#10132,#10133,#10134,#10135
  )),.UNSPECIFIED.,.F.,.F.,.F.,(4,1,1,4),(4,1,1,4),(0.,0.285714285714,
    0.571428571429,1.),(-2.150524020426,-1.380913181592,-0.867839289035,
    -0.354765396479),.UNSPECIFIED.);
#10100 = CARTESIAN_POINT('',(-42.74574313618,-29.57698447614,
    -71.64624592868));
#10101 = CARTESIAN_POINT('',(-41.86579346582,-29.000811683,
    -71.13820675064));
#10102 = CARTESIAN_POINT('',(-40.01887548697,-28.64128216887,
    -70.07188785639));
#10103 = CARTESIAN_POINT('',(-37.72975876364,-29.74192206588,
    -68.75026477229));
#10104 = CARTESIAN_POINT('',(-36.89867077826,-30.92533869331,
    -68.27043528289));
#10105 = CARTESIAN_POINT('',(-36.65509442667,-31.58287449824,
    -68.12980611861));
#10106 = CARTESIAN_POINT('',(-42.69312427962,-29.68413280687,
    -71.61586636707));
#10107 = CARTESIAN_POINT('',(-41.83091167099,-29.13180636569,
    -71.11809429902));
#10108 = CARTESIAN_POINT('',(-40.02609531782,-28.80460924063,
    -70.07596167938));
#10109 = CARTESIAN_POINT('',(-37.82268451294,-29.89828253586,
    -68.80394709736));
#10110 = CARTESIAN_POINT('',(-37.03956382402,-31.03543537423,
    -68.35175642336));
#10111 = CARTESIAN_POINT('',(-36.81121834989,-31.65998688463,
    -68.21994431651));
#10112 = CARTESIAN_POINT('',(-42.61102550075,-29.89826995487,
    -71.51521033997));
#10113 = CARTESIAN_POINT('',(-41.78833968515,-29.39356904726,
    -71.03094936641));
#10114 = CARTESIAN_POINT('',(-40.0764786942,-29.13076049814,
    -70.02164899596));
#10115 = CARTESIAN_POINT('',(-38.05883330277,-30.21018598202,
    -68.8230095506));
#10116 = CARTESIAN_POINT('',(-37.37760825299,-31.25490817636,
    -68.41462788991));
#10117 = CARTESIAN_POINT('',(-37.18162028364,-31.81365222195,
    -68.29687935109));
#10118 = CARTESIAN_POINT('',(-42.56697278467,-30.22285709669,
    -71.22339405191));
#10119 = CARTESIAN_POINT('',(-41.82145889896,-29.78174413187,
    -70.739354805));
#10120 = CARTESIAN_POINT('',(-40.2826582566,-29.58524966489,
    -69.73122698464));
#10121 = CARTESIAN_POINT('',(-38.53755784314,-30.59659736337,
    -68.54220703287));
#10122 = CARTESIAN_POINT('',(-37.98064573341,-31.51431992364,
    -68.14235892894));
#10123 = CARTESIAN_POINT('',(-37.82251732813,-31.99345784433,
    -68.02752747521));
#10124 = CARTESIAN_POINT('',(-42.63071601696,-30.36957447309,
    -70.94659375207));
#10125 = CARTESIAN_POINT('',(-41.93912478296,-29.94160379768,
    -70.44765717891));
#10126 = CARTESIAN_POINT('',(-40.50255986671,-29.7174147533,
    -69.40301026351));
#10127 = CARTESIAN_POINT('',(-38.8141288197,-30.6226690922,
    -68.13214473663));
#10128 = CARTESIAN_POINT('',(-38.23857981653,-31.50757845691,
    -67.68281898674));
#10129 = CARTESIAN_POINT('',(-38.07273268328,-31.98447736357,
    -67.5521528877));
#10130 = CARTESIAN_POINT('',(-42.69794719398,-30.41359604741,
    -70.78022058807));
#10131 = CARTESIAN_POINT('',(-42.03261934092,-29.97795316517,
    -70.27218143747));
#10132 = CARTESIAN_POINT('',(-40.63616910098,-29.70611380918,
    -69.20586260131));
#10133 = CARTESIAN_POINT('',(-38.90537366238,-30.5383048934,
    -67.88423947388));
#10134 = CARTESIAN_POINT('',(-38.27699010655,-31.43308325604,
    -67.40441000586));
#10135 = CARTESIAN_POINT('',(-38.09282263282,-31.93024444529,
    -67.26378082493));
#10136 = ADVANCED_FACE('',(#10137),#10149,.F.);
#10137 = FACE_BOUND('',#10138,.F.);
#10138 = EDGE_LOOP('',(#10139,#10140,#10141,#10148));
#10139 = ORIENTED_EDGE('',*,*,#9853,.F.);
#10140 = ORIENTED_EDGE('',*,*,#9012,.T.);
#10141 = ORIENTED_EDGE('',*,*,#10142,.F.);
#10142 = EDGE_CURVE('',#8936,#9003,#10143,.T.);
#10143 = ELLIPSE('',#10144,24.000000000007,12.);
#10144 = AXIS2_PLACEMENT_3D('',#10145,#10146,#10147);
#10145 = CARTESIAN_POINT('',(-48.48863502371,-41.00709878446,
    -74.96190335434));
#10146 = DIRECTION('',(0.500000151455,-3.099369704761E-07,
    -0.866025316342));
#10147 = DIRECTION('',(0.866025316342,1.789422293195E-07,0.500000151455)
  );
#10148 = ORIENTED_EDGE('',*,*,#8935,.T.);
#10149 = B_SPLINE_SURFACE_WITH_KNOTS('',3,3,(
    (#10150,#10151,#10152,#10153)
    ,(#10154,#10155,#10156,#10157)
    ,(#10158,#10159,#10160,#10161)
    ,(#10162,#10163,#10164,#10165)
    ,(#10166,#10167,#10168,#10169
    )),.UNSPECIFIED.,.F.,.F.,.F.,(4,1,4),(4,4),(0.,0.5,1.),(
    -0.987096305899,-0.926206677272),.UNSPECIFIED.);
#10150 = CARTESIAN_POINT('',(-37.03392377095,-30.99394567108,
    -68.34852364161));
#10151 = CARTESIAN_POINT('',(-36.6819150619,-31.12817437532,
    -68.14529118856));
#10152 = CARTESIAN_POINT('',(-36.33698676603,-31.26859233218,
    -67.94614661341));
#10153 = CARTESIAN_POINT('',(-35.99977794685,-31.41493938328,
    -67.75145887988));
#10154 = CARTESIAN_POINT('',(-37.08249984485,-31.16379703394,
    -68.37656900149));
#10155 = CARTESIAN_POINT('',(-36.73168213472,-31.2946425486,
    -68.17399194675));
#10156 = CARTESIAN_POINT('',(-36.38786167249,-31.43167762772,
    -67.9755466572));
#10157 = CARTESIAN_POINT('',(-36.05175307427,-31.57461888105,
    -67.78146668865));
#10158 = CARTESIAN_POINT('',(-37.22882420055,-31.50311366952,
    -68.34723601286));
#10159 = CARTESIAN_POINT('',(-36.87877820282,-31.62724190923,
    -68.14877420903));
#10160 = CARTESIAN_POINT('',(-36.53573210831,-31.75750960468,
    -67.95422339219));
#10161 = CARTESIAN_POINT('',(-36.20032115344,-31.89367880483,
    -67.76397720683));
#10162 = CARTESIAN_POINT('',(-37.43214683718,-31.74730823123,
    -68.15635400235));
#10163 = CARTESIAN_POINT('',(-37.0808006029,-31.86944571358,
    -67.96595898274));
#10164 = CARTESIAN_POINT('',(-36.73649942146,-31.9975372996,
    -67.77935930107));
#10165 = CARTESIAN_POINT('',(-36.3998966917,-32.13119345913,
    -67.59684257664));
#10166 = CARTESIAN_POINT('',(-37.53392382603,-31.82837478726,
    -68.03361313439));
#10167 = CARTESIAN_POINT('',(-37.18191511401,-31.95141776614,
    -67.84731671397));
#10168 = CARTESIAN_POINT('',(-36.83698681524,-32.0801342266,
    -67.66476751505));
#10169 = CARTESIAN_POINT('',(-36.49977799322,-32.21428569011,
    -67.4863037544));
#10170 = ADVANCED_FACE('',(#10171),#10190,.T.);
#10171 = FACE_BOUND('',#10172,.T.);
#10172 = EDGE_LOOP('',(#10173,#10174,#10182,#10189));
#10173 = ORIENTED_EDGE('',*,*,#9002,.F.);
#10174 = ORIENTED_EDGE('',*,*,#10175,.T.);
#10175 = EDGE_CURVE('',#9003,#10176,#10178,.T.);
#10176 = VERTEX_POINT('',#10177);
#10177 = CARTESIAN_POINT('',(-35.99977794686,-25.10709620395,
    -67.75146113736));
#10178 = LINE('',#10179,#10180);
#10179 = CARTESIAN_POINT('',(-35.99977794686,-45.00709620395,
    -67.75145401546));
#10180 = VECTOR('',#10181,1.);
#10181 = DIRECTION('',(3.167965073926E-14,1.,-3.578844045178E-07));
#10182 = ORIENTED_EDGE('',*,*,#10183,.T.);
#10183 = EDGE_CURVE('',#10176,#2950,#10184,.T.);
#10184 = CIRCLE('',#10185,2.);
#10185 = AXIS2_PLACEMENT_3D('',#10186,#10187,#10188);
#10186 = CARTESIAN_POINT('',(-36.99977824977,-25.10709558408,
    -66.01941050468));
#10187 = DIRECTION('',(-3.139755727618E-14,-1.,3.578844059675E-07));
#10188 = DIRECTION('',(0.500000151455,-3.099369715906E-07,
    -0.866025316342));
#10189 = ORIENTED_EDGE('',*,*,#2999,.T.);
#10190 = CYLINDRICAL_SURFACE('',#10191,2.);
#10191 = AXIS2_PLACEMENT_3D('',#10192,#10193,#10194);
#10192 = CARTESIAN_POINT('',(-36.99977824977,-45.00709558408,
    -66.01940338278));
#10193 = DIRECTION('',(3.167965073926E-14,1.,-3.578844045178E-07));
#10194 = DIRECTION('',(0.866025491227,-1.789421754908E-07,
    -0.499999848545));
#10195 = ADVANCED_FACE('',(#10196),#10208,.T.);
#10196 = FACE_BOUND('',#10197,.T.);
#10197 = EDGE_LOOP('',(#10198,#10199,#10200,#10207));
#10198 = ORIENTED_EDGE('',*,*,#8995,.T.);
#10199 = ORIENTED_EDGE('',*,*,#2990,.T.);
#10200 = ORIENTED_EDGE('',*,*,#10201,.F.);
#10201 = EDGE_CURVE('',#9606,#2983,#10202,.T.);
#10202 = CIRCLE('',#10203,1.);
#10203 = AXIS2_PLACEMENT_3D('',#10204,#10205,#10206);
#10204 = CARTESIAN_POINT('',(-35.99977893594,-41.00709417991,
    -62.09587576644));
#10205 = DIRECTION('',(-3.583844947177E-14,-1.,3.578844065544E-07));
#10206 = DIRECTION('',(1.748856304218E-07,-3.578844065544E-07,-1.));
#10207 = ORIENTED_EDGE('',*,*,#9845,.T.);
#10208 = TOROIDAL_SURFACE('',#10209,12.,1.);
#10209 = AXIS2_PLACEMENT_3D('',#10210,#10211,#10212);
#10210 = CARTESIAN_POINT('',(-35.99977683732,-41.00709847452,
    -74.09587576644));
#10211 = DIRECTION('',(-1.,-3.090913412981E-14,-1.748854772071E-07));
#10212 = DIRECTION('',(-1.748854772071E-07,7.512526843902E-30,1.));
#10213 = ADVANCED_FACE('',(#10214),#10226,.T.);
#10214 = FACE_BOUND('',#10215,.T.);
#10215 = EDGE_LOOP('',(#10216,#10223,#10224,#10225));
#10216 = ORIENTED_EDGE('',*,*,#10217,.F.);
#10217 = EDGE_CURVE('',#9590,#2975,#10218,.T.);
#10218 = ELLIPSE('',#10219,1.11803398875,1.);
#10219 = AXIS2_PLACEMENT_3D('',#10220,#10221,#10222);
#10220 = CARTESIAN_POINT('',(-35.99977893594,-46.00709417991,
    -62.09587397702));
#10221 = DIRECTION('',(-7.821119412613E-08,-0.894427030949,
    0.447213915601));
#10222 = DIRECTION('',(1.564223083012E-07,-0.447213915601,
    -0.894427030949));
#10223 = ORIENTED_EDGE('',*,*,#9613,.T.);
#10224 = ORIENTED_EDGE('',*,*,#10201,.T.);
#10225 = ORIENTED_EDGE('',*,*,#2982,.T.);
#10226 = CYLINDRICAL_SURFACE('',#10227,1.);
#10227 = AXIS2_PLACEMENT_3D('',#10228,#10229,#10230);
#10228 = CARTESIAN_POINT('',(-35.99977893594,-47.00709417991,
    -62.09587361913));
#10229 = DIRECTION('',(3.167965077054E-14,1.,-3.578844046967E-07));
#10230 = DIRECTION('',(0.707106904849,-2.530624675859E-07,
    -0.707106657524));
#10231 = ADVANCED_FACE('',(#10232),#10243,.F.);
#10232 = FACE_BOUND('',#10233,.F.);
#10233 = EDGE_LOOP('',(#10234,#10235,#10236));
#10234 = ORIENTED_EDGE('',*,*,#3023,.F.);
#10235 = ORIENTED_EDGE('',*,*,#10217,.F.);
#10236 = ORIENTED_EDGE('',*,*,#10237,.F.);
#10237 = EDGE_CURVE('',#3016,#9590,#10238,.T.);
#10238 = CIRCLE('',#10239,0.5);
#10239 = AXIS2_PLACEMENT_3D('',#10240,#10241,#10242);
#10240 = CARTESIAN_POINT('',(-35.9997788485,-46.50709435885,
    -62.59587379807));
#10241 = DIRECTION('',(1.,4.493030019611E-14,1.748857680894E-07));
#10242 = DIRECTION('',(-1.76585860248E-14,-1.,3.578843887908E-07));
#10243 = B_SPLINE_SURFACE_WITH_KNOTS('',3,3,(
    (#10244,#10245,#10246,#10247,#10248,#10249)
    ,(#10250,#10251,#10252,#10253,#10254,#10255)
    ,(#10256,#10257,#10258,#10259,#10260,#10261)
    ,(#10262,#10263,#10264,#10265,#10266,#10267)
    ,(#10268,#10269,#10270,#10271,#10272,#10273
  )),.UNSPECIFIED.,.F.,.F.,.F.,(4,1,4),(4,1,1,4),(0.,0.5,1.),(
    -1.570796326795,-0.897597901026,-0.448798950513,-2.789435301047E-14)
  ,.UNSPECIFIED.);
#10244 = CARTESIAN_POINT('',(-34.99977893594,-46.00709417991,
    -62.09587380213));
#10245 = CARTESIAN_POINT('',(-34.99977891632,-46.23149369532,
    -62.20807345945));
#10246 = CARTESIAN_POINT('',(-35.13094695978,-46.60411156246,
    -62.39438224927));
#10247 = CARTESIAN_POINT('',(-35.55153072125,-46.93865468191,
    -62.56165373289));
#10248 = CARTESIAN_POINT('',(-35.85017919832,-47.00709435885,
    -62.59587359297));
#10249 = CARTESIAN_POINT('',(-35.9997788485,-47.00709435885,
    -62.59587361913));
#10250 = CARTESIAN_POINT('',(-34.99977893594,-46.00709417991,
    -62.09587380213));
#10251 = CARTESIAN_POINT('',(-34.99977891305,-46.21279374574,
    -62.22677342241));
#10252 = CARTESIAN_POINT('',(-35.10470515769,-46.5548741016,
    -62.44395991955));
#10253 = CARTESIAN_POINT('',(-35.49756574487,-46.91653367008,
    -62.66941491663));
#10254 = CARTESIAN_POINT('',(-35.83040318176,-47.0070944057,
    -62.72677328341));
#10255 = CARTESIAN_POINT('',(-35.9997788256,-47.0070944057,
    -62.72677331303));
#10256 = CARTESIAN_POINT('',(-34.99977893594,-46.00709417991,
    -62.09587380213));
#10257 = CARTESIAN_POINT('',(-34.9997789065,-46.17539384658,
    -62.26417334834));
#10258 = CARTESIAN_POINT('',(-35.0790540807,-46.4551028725,
    -62.54388218791));
#10259 = CARTESIAN_POINT('',(-35.43776190737,-46.79596359079,
    -62.88474272496));
#10260 = CARTESIAN_POINT('',(-35.80795512792,-46.89859697941,
    -62.98737610486));
#10261 = CARTESIAN_POINT('',(-35.99977878003,-46.89859697941,
    -62.98737613841));
#10262 = CARTESIAN_POINT('',(-34.99977893594,-46.00709417991,
    -62.09587380213));
#10263 = CARTESIAN_POINT('',(-34.99977889996,-46.13799394742,
    -62.30157327427));
#10264 = CARTESIAN_POINT('',(-35.10470512276,-46.35518067106,
    -62.64365349303));
#10265 = CARTESIAN_POINT('',(-35.49756568613,-46.5806358583,
    -63.00531296884));
#10266 = CARTESIAN_POINT('',(-35.8304031172,-46.63799423169,
    -63.09587372161));
#10267 = CARTESIAN_POINT('',(-35.99977876105,-46.63799423169,
    -63.09587375123));
#10268 = CARTESIAN_POINT('',(-34.99977893594,-46.00709417991,
    -62.09587380213));
#10269 = CARTESIAN_POINT('',(-34.99977889669,-46.11929399785,
    -62.32027323723));
#10270 = CARTESIAN_POINT('',(-35.13094690758,-46.30560303143,
    -62.69289099396));
#10271 = CARTESIAN_POINT('',(-35.55153063979,-46.47287468095,
    -63.02743406723));
#10272 = CARTESIAN_POINT('',(-35.85017911088,-46.50709453779,
    -63.09587377191));
#10273 = CARTESIAN_POINT('',(-35.99977876105,-46.50709453779,
    -63.09587379807));
#10274 = ADVANCED_FACE('',(#10275),#10280,.F.);
#10275 = FACE_BOUND('',#10276,.T.);
#10276 = EDGE_LOOP('',(#10277,#10278,#10279));
#10277 = ORIENTED_EDGE('',*,*,#8229,.T.);
#10278 = ORIENTED_EDGE('',*,*,#843,.T.);
#10279 = ORIENTED_EDGE('',*,*,#8435,.T.);
#10280 = PLANE('',#10281);
#10281 = AXIS2_PLACEMENT_3D('',#10282,#10283,#10284);
#10282 = CARTESIAN_POINT('',(-40.99977963548,-33.00709274837,
    -60.29589816879));
#10283 = DIRECTION('',(5.293955920922E-23,-5.546652318285E-17,1.));
#10284 = DIRECTION('',(-1.,1.788074580606E-13,5.293956912704E-23));
#10285 = ADVANCED_FACE('',(#10286),#10320,.T.);
#10286 = FACE_BOUND('',#10287,.T.);
#10287 = EDGE_LOOP('',(#10288,#10298,#10306,#10314));
#10288 = ORIENTED_EDGE('',*,*,#10289,.T.);
#10289 = EDGE_CURVE('',#10290,#10292,#10294,.T.);
#10290 = VERTEX_POINT('',#10291);
#10291 = CARTESIAN_POINT('',(-44.09977981036,-35.10709239049,
    -57.0958785002));
#10292 = VERTEX_POINT('',#10293);
#10293 = CARTESIAN_POINT('',(-44.09977981036,-30.90709239049,
    -57.09588000331));
#10294 = LINE('',#10295,#10296);
#10295 = CARTESIAN_POINT('',(-44.09977981036,-29.90709239049,
    -57.0958803612));
#10296 = VECTOR('',#10297,1.);
#10297 = DIRECTION('',(3.42349127755E-14,1.,-3.578844047527E-07));
#10298 = ORIENTED_EDGE('',*,*,#10299,.F.);
#10299 = EDGE_CURVE('',#10300,#10292,#10302,.T.);
#10300 = VERTEX_POINT('',#10301);
#10301 = CARTESIAN_POINT('',(-50.44977921811,-30.90709239049,
    -57.09588111383));
#10302 = LINE('',#10303,#10304);
#10303 = CARTESIAN_POINT('',(-47.47477981037,-30.90709239049,
    -57.09588059355));
#10304 = VECTOR('',#10305,1.);
#10305 = DIRECTION('',(1.,3.218436242226E-14,1.748854416799E-07));
#10306 = ORIENTED_EDGE('',*,*,#10307,.T.);
#10307 = EDGE_CURVE('',#10300,#10308,#10310,.T.);
#10308 = VERTEX_POINT('',#10309);
#10309 = CARTESIAN_POINT('',(-50.44977881135,-35.10709239049,
    -57.09587961072));
#10310 = LINE('',#10311,#10312);
#10311 = CARTESIAN_POINT('',(-50.44977852991,-38.00709022734,
    -57.09587857286));
#10312 = VECTOR('',#10313,1.);
#10313 = DIRECTION('',(9.685119237943E-08,-1.,3.578844216346E-07));
#10314 = ORIENTED_EDGE('',*,*,#10315,.F.);
#10315 = EDGE_CURVE('',#10290,#10308,#10316,.T.);
#10316 = LINE('',#10317,#10318);
#10317 = CARTESIAN_POINT('',(-54.22477981037,-35.10709239049,
    -57.09588027091));
#10318 = VECTOR('',#10319,1.);
#10319 = DIRECTION('',(-1.,-2.870888164952E-14,-1.748854416799E-07));
#10320 = PLANE('',#10321);
#10321 = AXIS2_PLACEMENT_3D('',#10322,#10323,#10324);
#10322 = CARTESIAN_POINT('',(-50.84977981037,-33.00709239049,
    -57.09588043223));
#10323 = DIRECTION('',(-1.748854416799E-07,3.578844046967E-07,1.));
#10324 = DIRECTION('',(1.,3.12189510965E-14,1.748854416799E-07));
#10325 = ADVANCED_FACE('',(#10326),#10343,.T.);
#10326 = FACE_BOUND('',#10327,.T.);
#10327 = EDGE_LOOP('',(#10328,#10329,#10335,#10336,#10337));
#10328 = ORIENTED_EDGE('',*,*,#1977,.F.);
#10329 = ORIENTED_EDGE('',*,*,#10330,.T.);
#10330 = EDGE_CURVE('',#1929,#9082,#10331,.T.);
#10331 = LINE('',#10332,#10333);
#10332 = CARTESIAN_POINT('',(-79.84989321345,-16.20256509951,
    -85.24038981755));
#10333 = VECTOR('',#10334,1.);
#10334 = DIRECTION('',(1.748854806187E-07,-3.578844038806E-07,-1.));
#10335 = ORIENTED_EDGE('',*,*,#9115,.F.);
#10336 = ORIENTED_EDGE('',*,*,#9404,.F.);
#10337 = ORIENTED_EDGE('',*,*,#10338,.T.);
#10338 = EDGE_CURVE('',#9397,#1960,#10339,.T.);
#10339 = LINE('',#10340,#10341);
#10340 = CARTESIAN_POINT('',(-81.58194850203,-16.20255733809,
    -85.24039012046));
#10341 = VECTOR('',#10342,1.);
#10342 = DIRECTION('',(-1.748854806187E-07,3.578844038806E-07,1.));
#10343 = CYLINDRICAL_SURFACE('',#10344,1.);
#10344 = AXIS2_PLACEMENT_3D('',#10345,#10346,#10347);
#10345 = CARTESIAN_POINT('',(-80.71592309825,-16.70255733809,
    -85.24038979006));
#10346 = DIRECTION('',(1.748854806187E-07,-3.578844038806E-07,-1.));
#10347 = DIRECTION('',(4.481045754736E-06,0.99999999999,
    -3.578836202071E-07));
#10348 = ADVANCED_FACE('',(#10349),#10360,.T.);
#10349 = FACE_BOUND('',#10350,.T.);
#10350 = EDGE_LOOP('',(#10351,#10352,#10358,#10359));
#10351 = ORIENTED_EDGE('',*,*,#1945,.F.);
#10352 = ORIENTED_EDGE('',*,*,#10353,.F.);
#10353 = EDGE_CURVE('',#9059,#1896,#10354,.T.);
#10354 = LINE('',#10355,#10356);
#10355 = CARTESIAN_POINT('',(-77.42370021686,-20.40494016413,
    -58.84588788927));
#10356 = VECTOR('',#10357,1.);
#10357 = DIRECTION('',(-1.748854892331E-07,3.578844188014E-07,1.));
#10358 = ORIENTED_EDGE('',*,*,#9081,.T.);
#10359 = ORIENTED_EDGE('',*,*,#10330,.F.);
#10360 = PLANE('',#10361);
#10361 = AXIS2_PLACEMENT_3D('',#10362,#10363,#10364);
#10362 = CARTESIAN_POINT('',(-84.59065457472,-7.991155293779,
    -79.59589188491));
#10363 = DIRECTION('',(0.866029884796,0.499992238581,-2.748337161677E-08
    ));
#10364 = DIRECTION('',(1.748855366104E-07,-3.578845008629E-07,-1.));
#10365 = ADVANCED_FACE('',(#10366),#10377,.F.);
#10366 = FACE_BOUND('',#10367,.F.);
#10367 = EDGE_LOOP('',(#10368,#10369,#10370,#10376));
#10368 = ORIENTED_EDGE('',*,*,#10353,.F.);
#10369 = ORIENTED_EDGE('',*,*,#9066,.F.);
#10370 = ORIENTED_EDGE('',*,*,#10371,.F.);
#10371 = EDGE_CURVE('',#1865,#9049,#10372,.T.);
#10372 = LINE('',#10373,#10374);
#10373 = CARTESIAN_POINT('',(-76.74068931631,-20.58795870814,
    -58.84588770432));
#10374 = VECTOR('',#10375,1.);
#10375 = DIRECTION('',(1.748854892331E-07,-3.578844188014E-07,-1.));
#10376 = ORIENTED_EDGE('',*,*,#1895,.T.);
#10377 = CYLINDRICAL_SURFACE('',#10378,0.5);
#10378 = AXIS2_PLACEMENT_3D('',#10379,#10380,#10381);
#10379 = CARTESIAN_POINT('',(-76.9906854356,-20.15494376574,
    -58.84588790301));
#10380 = DIRECTION('',(-1.748854892331E-07,3.578844188014E-07,1.));
#10381 = DIRECTION('',(-0.258827701808,-0.96592350669,3.004237635407E-07
    ));
#10382 = ADVANCED_FACE('',(#10383),#10408,.T.);
#10383 = FACE_BOUND('',#10384,.T.);
#10384 = EDGE_LOOP('',(#10385,#10393,#10394,#10402));
#10385 = ORIENTED_EDGE('',*,*,#10386,.T.);
#10386 = EDGE_CURVE('',#10387,#9051,#10389,.T.);
#10387 = VERTEX_POINT('',#10388);
#10388 = CARTESIAN_POINT('',(-60.29615711859,-10.51656002363,
    -73.54605959852));
#10389 = LINE('',#10390,#10391);
#10390 = CARTESIAN_POINT('',(-71.05017744362,-16.72526804913,
    -73.5460548132));
#10391 = VECTOR('',#10392,1.);
#10392 = DIRECTION('',(-0.866029884796,-0.499992238581,
    3.853661994144E-07));
#10393 = ORIENTED_EDGE('',*,*,#9048,.F.);
#10394 = ORIENTED_EDGE('',*,*,#10395,.F.);
#10395 = EDGE_CURVE('',#10396,#9049,#10398,.T.);
#10396 = VERTEX_POINT('',#10397);
#10397 = CARTESIAN_POINT('',(-59.61314224498,-10.69957670955,
    -73.83473483043));
#10398 = LINE('',#10399,#10400);
#10399 = CARTESIAN_POINT('',(-70.80018139314,-17.15828309484,
    -73.83472985241));
#10400 = VECTOR('',#10401,1.);
#10401 = DIRECTION('',(-0.866029884796,-0.499992238581,
    3.853661994144E-07));
#10402 = ORIENTED_EDGE('',*,*,#10403,.T.);
#10403 = EDGE_CURVE('',#10396,#10387,#10404,.T.);
#10404 = LINE('',#10405,#10406);
#10405 = CARTESIAN_POINT('',(-65.58465098867,-9.09948601984,
    -71.3108854415));
#10406 = VECTOR('',#10407,1.);
#10407 = DIRECTION('',(-0.894272953487,0.239624170098,0.377963148689));
#10408 = PLANE('',#10409);
#10409 = AXIS2_PLACEMENT_3D('',#10410,#10411,#10412);
#10410 = CARTESIAN_POINT('',(-59.61314224498,-10.69957670955,
    -73.83473483043));
#10411 = DIRECTION('',(0.24999632572,-0.433014632467,0.86602549916));
#10412 = DIRECTION('',(0.866029884796,0.499992238581,-3.853661995068E-07
    ));
#10413 = ADVANCED_FACE('',(#10414),#10430,.T.);
#10414 = FACE_BOUND('',#10415,.T.);
#10415 = EDGE_LOOP('',(#10416,#10417,#10423,#10424));
#10416 = ORIENTED_EDGE('',*,*,#5815,.F.);
#10417 = ORIENTED_EDGE('',*,*,#10418,.T.);
#10418 = EDGE_CURVE('',#5816,#10387,#10419,.T.);
#10419 = LINE('',#10420,#10421);
#10420 = CARTESIAN_POINT('',(-66.80796709553,0.762225705654,
    -73.54606208276));
#10421 = VECTOR('',#10422,1.);
#10422 = DIRECTION('',(0.5,-0.866025403784,1.907485453693E-07));
#10423 = ORIENTED_EDGE('',*,*,#10403,.F.);
#10424 = ORIENTED_EDGE('',*,*,#10425,.T.);
#10425 = EDGE_CURVE('',#10396,#5818,#10426,.T.);
#10426 = LINE('',#10427,#10428);
#10427 = CARTESIAN_POINT('',(-66.37495446245,1.012225602344,
    -73.83473741004));
#10428 = VECTOR('',#10429,1.);
#10429 = DIRECTION('',(-0.5,0.866025403784,-1.907485453693E-07));
#10430 = PLANE('',#10431);
#10431 = AXIS2_PLACEMENT_3D('',#10432,#10433,#10434);
#10432 = CARTESIAN_POINT('',(-69.81314161665,6.967340439356,
    -73.8347387217));
#10433 = DIRECTION('',(0.433012908322,0.250000309931,0.8660252111));
#10434 = DIRECTION('',(-0.5,0.866025403784,-1.907485451536E-07));
#10435 = ADVANCED_FACE('',(#10436),#10452,.T.);
#10436 = FACE_BOUND('',#10437,.T.);
#10437 = EDGE_LOOP('',(#10438,#10439,#10440,#10441,#10442,#10443,#10444,
    #10445));
#10438 = ORIENTED_EDGE('',*,*,#5846,.F.);
#10439 = ORIENTED_EDGE('',*,*,#9148,.F.);
#10440 = ORIENTED_EDGE('',*,*,#9379,.F.);
#10441 = ORIENTED_EDGE('',*,*,#9090,.F.);
#10442 = ORIENTED_EDGE('',*,*,#10386,.F.);
#10443 = ORIENTED_EDGE('',*,*,#10418,.F.);
#10444 = ORIENTED_EDGE('',*,*,#5863,.F.);
#10445 = ORIENTED_EDGE('',*,*,#10446,.T.);
#10446 = EDGE_CURVE('',#5855,#5847,#10447,.T.);
#10447 = CIRCLE('',#10448,3.2);
#10448 = AXIS2_PLACEMENT_3D('',#10449,#10450,#10451);
#10449 = CARTESIAN_POINT('',(-73.44012149785,-6.904521470843,
    -73.54605775814));
#10450 = DIRECTION('',(-2.383641257707E-07,-3.578770403209E-07,-1.));
#10451 = DIRECTION('',(-1.,1.477975494477E-13,2.383641257707E-07));
#10452 = PLANE('',#10453);
#10453 = AXIS2_PLACEMENT_3D('',#10454,#10455,#10456);
#10454 = CARTESIAN_POINT('',(-74.01706395221,-7.237653402736,
    -73.5460575014));
#10455 = DIRECTION('',(2.383641257707E-07,3.578770403209E-07,1.));
#10456 = DIRECTION('',(1.,-2.640310175289E-13,-2.383641257706E-07));
#10457 = ADVANCED_FACE('',(#10458),#10470,.F.);
#10458 = FACE_BOUND('',#10459,.F.);
#10459 = EDGE_LOOP('',(#10460,#10467,#10468,#10469));
#10460 = ORIENTED_EDGE('',*,*,#10461,.T.);
#10461 = EDGE_CURVE('',#5892,#5884,#10462,.T.);
#10462 = CIRCLE('',#10463,2.7);
#10463 = AXIS2_PLACEMENT_3D('',#10464,#10465,#10466);
#10464 = CARTESIAN_POINT('',(-73.44012156666,-6.904521574153,
    -73.83473289273));
#10465 = DIRECTION('',(2.383641262571E-07,3.578770404926E-07,1.));
#10466 = DIRECTION('',(-1.,1.477975496218E-13,2.383641262571E-07));
#10467 = ORIENTED_EDGE('',*,*,#5883,.T.);
#10468 = ORIENTED_EDGE('',*,*,#10446,.T.);
#10469 = ORIENTED_EDGE('',*,*,#5900,.T.);
#10470 = CONICAL_SURFACE('',#10471,2.7,1.047197551197);
#10471 = AXIS2_PLACEMENT_3D('',#10472,#10473,#10474);
#10472 = CARTESIAN_POINT('',(-73.44012156666,-6.904521574153,
    -73.83473289273));
#10473 = DIRECTION('',(2.383641298848E-07,3.578770401641E-07,1.));
#10474 = DIRECTION('',(0.499992238581,-0.866029884796,1.907519969659E-07
    ));
#10475 = ADVANCED_FACE('',(#10476),#10484,.F.);
#10476 = FACE_BOUND('',#10477,.F.);
#10477 = EDGE_LOOP('',(#10478,#10479,#10480,#10481,#10482,#10483));
#10478 = ORIENTED_EDGE('',*,*,#9289,.T.);
#10479 = ORIENTED_EDGE('',*,*,#9162,.F.);
#10480 = ORIENTED_EDGE('',*,*,#9195,.F.);
#10481 = ORIENTED_EDGE('',*,*,#5915,.T.);
#10482 = ORIENTED_EDGE('',*,*,#10461,.F.);
#10483 = ORIENTED_EDGE('',*,*,#5924,.T.);
#10484 = CYLINDRICAL_SURFACE('',#10485,2.7);
#10485 = AXIS2_PLACEMENT_3D('',#10486,#10487,#10488);
#10486 = CARTESIAN_POINT('',(-73.4401195835,-6.904525683132,
    -86.09589372466));
#10487 = DIRECTION('',(-1.748855428372E-07,3.578842868468E-07,1.));
#10488 = DIRECTION('',(0.499992238581,-0.866029884795,3.973799017667E-07
    ));
#10489 = ADVANCED_FACE('',(#10490),#10510,.F.);
#10490 = FACE_BOUND('',#10491,.T.);
#10491 = EDGE_LOOP('',(#10492,#10493,#10501,#10507,#10508,#10509));
#10492 = ORIENTED_EDGE('',*,*,#5938,.F.);
#10493 = ORIENTED_EDGE('',*,*,#10494,.F.);
#10494 = EDGE_CURVE('',#10495,#5939,#10497,.T.);
#10495 = VERTEX_POINT('',#10496);
#10496 = CARTESIAN_POINT('',(-68.85060199421,-9.453803124469,
    -82.35689200967));
#10497 = LINE('',#10498,#10499);
#10498 = CARTESIAN_POINT('',(-69.97622682069,-7.504163734736,
    -82.35689290427));
#10499 = VECTOR('',#10500,1.);
#10500 = DIRECTION('',(-0.5,0.866025403784,-3.973796538103E-07));
#10501 = ORIENTED_EDGE('',*,*,#10502,.T.);
#10502 = EDGE_CURVE('',#10495,#9258,#10503,.T.);
#10503 = LINE('',#10504,#10505);
#10504 = CARTESIAN_POINT('',(-68.85060199421,-9.453803124469,
    -82.35689200967));
#10505 = VECTOR('',#10506,1.);
#10506 = DIRECTION('',(-1.748855534772E-07,3.578843232273E-07,1.));
#10507 = ORIENTED_EDGE('',*,*,#9257,.T.);
#10508 = ORIENTED_EDGE('',*,*,#9242,.T.);
#10509 = ORIENTED_EDGE('',*,*,#9202,.T.);
#10510 = PLANE('',#10511);
#10511 = AXIS2_PLACEMENT_3D('',#10512,#10513,#10514);
#10512 = CARTESIAN_POINT('',(-68.85060199421,-9.453803124469,
    -82.35689200967));
#10513 = DIRECTION('',(0.866025403784,0.5,-2.74868295475E-08));
#10514 = DIRECTION('',(-0.5,0.866025403784,-3.973796538103E-07));
#10515 = ADVANCED_FACE('',(#10516),#10528,.F.);
#10516 = FACE_BOUND('',#10517,.T.);
#10517 = EDGE_LOOP('',(#10518,#10525,#10526,#10527));
#10518 = ORIENTED_EDGE('',*,*,#10519,.F.);
#10519 = EDGE_CURVE('',#10495,#5984,#10520,.T.);
#10520 = CIRCLE('',#10521,5.25);
#10521 = AXIS2_PLACEMENT_3D('',#10522,#10523,#10524);
#10522 = CARTESIAN_POINT('',(-73.4401202374,-6.904524345003,
    -82.35689372466));
#10523 = DIRECTION('',(-1.748855534772E-07,3.578842788183E-07,1.));
#10524 = DIRECTION('',(-1.,-9.80172995973E-17,-1.748855534772E-07));
#10525 = ORIENTED_EDGE('',*,*,#10494,.T.);
#10526 = ORIENTED_EDGE('',*,*,#5957,.F.);
#10527 = ORIENTED_EDGE('',*,*,#5983,.T.);
#10528 = PLANE('',#10529);
#10529 = AXIS2_PLACEMENT_3D('',#10530,#10531,#10532);
#10530 = CARTESIAN_POINT('',(-73.4401202374,-6.904524345003,
    -82.35689372466));
#10531 = DIRECTION('',(-1.748855534772E-07,3.578842788183E-07,1.));
#10532 = DIRECTION('',(1.,-1.161353623395E-13,1.748855534772E-07));
#10533 = ADVANCED_FACE('',(#10534),#10551,.F.);
#10534 = FACE_BOUND('',#10535,.F.);
#10535 = EDGE_LOOP('',(#10536,#10543,#10544,#10545,#10546,#10547,#10548,
    #10549,#10550));
#10536 = ORIENTED_EDGE('',*,*,#10537,.F.);
#10537 = EDGE_CURVE('',#9420,#6000,#10538,.T.);
#10538 = CIRCLE('',#10539,5.25);
#10539 = AXIS2_PLACEMENT_3D('',#10540,#10541,#10542);
#10540 = CARTESIAN_POINT('',(-73.44011848512,-6.904527618567,
    -86.69589372466));
#10541 = DIRECTION('',(1.748855534772E-07,-3.578842788183E-07,-1.));
#10542 = DIRECTION('',(-1.,-1.535284508289E-16,-1.748855534772E-07));
#10543 = ORIENTED_EDGE('',*,*,#9419,.F.);
#10544 = ORIENTED_EDGE('',*,*,#5992,.T.);
#10545 = ORIENTED_EDGE('',*,*,#10519,.F.);
#10546 = ORIENTED_EDGE('',*,*,#10502,.T.);
#10547 = ORIENTED_EDGE('',*,*,#9265,.F.);
#10548 = ORIENTED_EDGE('',*,*,#9298,.F.);
#10549 = ORIENTED_EDGE('',*,*,#9321,.F.);
#10550 = ORIENTED_EDGE('',*,*,#6008,.T.);
#10551 = CYLINDRICAL_SURFACE('',#10552,5.25);
#10552 = AXIS2_PLACEMENT_3D('',#10553,#10554,#10555);
#10553 = CARTESIAN_POINT('',(-73.4401195835,-6.904525683132,
    -86.09589372466));
#10554 = DIRECTION('',(1.748855421085E-07,-3.578842869896E-07,-1.));
#10555 = DIRECTION('',(0.499992238581,-0.866029884795,3.973799015259E-07
    ));
#10556 = ADVANCED_FACE('',(#10557),#10591,.T.);
#10557 = FACE_BOUND('',#10558,.T.);
#10558 = EDGE_LOOP('',(#10559,#10560,#10568,#10576,#10584,#10590));
#10559 = ORIENTED_EDGE('',*,*,#6022,.F.);
#10560 = ORIENTED_EDGE('',*,*,#10561,.F.);
#10561 = EDGE_CURVE('',#10562,#6023,#10564,.T.);
#10562 = VERTEX_POINT('',#10563);
#10563 = CARTESIAN_POINT('',(-65.26846151966,-10.55825268675,
    -87.09589098794));
#10564 = LINE('',#10565,#10566);
#10565 = CARTESIAN_POINT('',(-72.94541994403,2.738629351838,
    -87.09589708928));
#10566 = VECTOR('',#10567,1.);
#10567 = DIRECTION('',(-0.5,0.866025403784,-3.973796538103E-07));
#10568 = ORIENTED_EDGE('',*,*,#10569,.F.);
#10569 = EDGE_CURVE('',#10570,#10562,#10572,.T.);
#10570 = VERTEX_POINT('',#10571);
#10571 = CARTESIAN_POINT('',(-65.26846155464,-10.55825261517,
    -86.89589098794));
#10572 = LINE('',#10573,#10574);
#10573 = CARTESIAN_POINT('',(-65.26846170864,-10.55825261231,
    -91.69589098794));
#10574 = VECTOR('',#10575,1.);
#10575 = DIRECTION('',(1.748855536444E-07,-3.57884279108E-07,-1.));
#10576 = ORIENTED_EDGE('',*,*,#10577,.T.);
#10577 = EDGE_CURVE('',#10570,#10578,#10580,.T.);
#10578 = VERTEX_POINT('',#10579);
#10579 = CARTESIAN_POINT('',(-66.26846155468,-8.82620180754,
    -86.8958917827));
#10580 = LINE('',#10581,#10582);
#10581 = CARTESIAN_POINT('',(-67.25768475324,-7.112816967609,
    -86.89589256889));
#10582 = VECTOR('',#10583,1.);
#10583 = DIRECTION('',(-0.5,0.866025403784,-3.973796538103E-07));
#10584 = ORIENTED_EDGE('',*,*,#10585,.T.);
#10585 = EDGE_CURVE('',#10578,#9429,#10586,.T.);
#10586 = LINE('',#10587,#10588);
#10587 = CARTESIAN_POINT('',(-66.26846158965,-8.826201735963,
    -86.6958917827));
#10588 = VECTOR('',#10589,1.);
#10589 = DIRECTION('',(-1.748855727069E-07,3.578843121252E-07,1.));
#10590 = ORIENTED_EDGE('',*,*,#9428,.F.);
#10591 = PLANE('',#10592);
#10592 = AXIS2_PLACEMENT_3D('',#10593,#10594,#10595);
#10593 = CARTESIAN_POINT('',(-65.26846170864,-10.55825261231,
    -91.69589098794));
#10594 = DIRECTION('',(-0.866025403784,-0.5,2.748680734303E-08));
#10595 = DIRECTION('',(-0.5,0.866025403784,-3.973796538103E-07));
#10596 = ADVANCED_FACE('',(#10597),#10617,.T.);
#10597 = FACE_BOUND('',#10598,.T.);
#10598 = EDGE_LOOP('',(#10599,#10607,#10613,#10614,#10615,#10616));
#10599 = ORIENTED_EDGE('',*,*,#10600,.F.);
#10600 = EDGE_CURVE('',#10601,#7441,#10603,.T.);
#10601 = VERTEX_POINT('',#10602);
#10602 = CARTESIAN_POINT('',(-62.53263876354,-8.978757373475,
    -87.09589107476));
#10603 = LINE('',#10604,#10605);
#10604 = CARTESIAN_POINT('',(-66.43308043965,-2.222994218492,
    -87.09589417467));
#10605 = VECTOR('',#10606,1.);
#10606 = DIRECTION('',(-0.5,0.866025403784,-3.973796538103E-07));
#10607 = ORIENTED_EDGE('',*,*,#10608,.F.);
#10608 = EDGE_CURVE('',#10562,#10601,#10609,.T.);
#10609 = LINE('',#10610,#10611);
#10610 = CARTESIAN_POINT('',(-64.09684909744,-9.88183593946,
    -87.09589102512));
#10611 = VECTOR('',#10612,1.);
#10612 = DIRECTION('',(0.866029884796,0.499992238581,-2.748324598902E-08
    ));
#10613 = ORIENTED_EDGE('',*,*,#10561,.T.);
#10614 = ORIENTED_EDGE('',*,*,#6055,.F.);
#10615 = ORIENTED_EDGE('',*,*,#6530,.T.);
#10616 = ORIENTED_EDGE('',*,*,#7448,.T.);
#10617 = PLANE('',#10618);
#10618 = AXIS2_PLACEMENT_3D('',#10619,#10620,#10621);
#10619 = CARTESIAN_POINT('',(-72.58392841367,-5.59401107374,
    -87.09589404393));
#10620 = DIRECTION('',(1.748855534772E-07,-3.578842788183E-07,-1.));
#10621 = DIRECTION('',(-1.,1.160798511883E-13,-1.748855534772E-07));
#10622 = ADVANCED_FACE('',(#10623),#10634,.T.);
#10623 = FACE_BOUND('',#10624,.T.);
#10624 = EDGE_LOOP('',(#10625));
#10625 = ORIENTED_EDGE('',*,*,#10626,.F.);
#10626 = EDGE_CURVE('',#10627,#10627,#10629,.T.);
#10627 = VERTEX_POINT('',#10628);
#10628 = CARTESIAN_POINT('',(-73.89976896747,-38.00711457932,
    -119.0958826739));
#10629 = CIRCLE('',#10630,1.4);
#10630 = AXIS2_PLACEMENT_3D('',#10631,#10632,#10633);
#10631 = CARTESIAN_POINT('',(-72.49976896747,-38.00711457932,
    -119.095882429));
#10632 = DIRECTION('',(-1.74885610811E-07,3.578844050562E-07,1.));
#10633 = DIRECTION('',(1.,3.096921144531E-14,1.74885610811E-07));
#10634 = PLANE('',#10635);
#10635 = AXIS2_PLACEMENT_3D('',#10636,#10637,#10638);
#10636 = CARTESIAN_POINT('',(-72.49976896747,-38.00711457932,
    -119.095882429));
#10637 = DIRECTION('',(1.74885610811E-07,-3.578844050562E-07,-1.));
#10638 = DIRECTION('',(1.,3.096921144531E-14,1.74885610811E-07));
#10639 = ADVANCED_FACE('',(#10640),#10683,.F.);
#10640 = FACE_BOUND('',#10641,.T.);
#10641 = EDGE_LOOP('',(#10642,#10643,#10651,#10660,#10668,#10677));
#10642 = ORIENTED_EDGE('',*,*,#1597,.F.);
#10643 = ORIENTED_EDGE('',*,*,#10644,.T.);
#10644 = EDGE_CURVE('',#1598,#10645,#10647,.T.);
#10645 = VERTEX_POINT('',#10646);
#10646 = CARTESIAN_POINT('',(-60.45822941316,-43.00708924941,
    -45.61059576275));
#10647 = LINE('',#10648,#10649);
#10648 = CARTESIAN_POINT('',(-60.45822645936,-43.00708754419,
    -40.84587455632));
#10649 = VECTOR('',#10650,1.);
#10650 = DIRECTION('',(-6.19931716878E-07,-3.578845187777E-07,-1.));
#10651 = ORIENTED_EDGE('',*,*,#10652,.T.);
#10652 = EDGE_CURVE('',#10645,#10653,#10655,.T.);
#10653 = VERTEX_POINT('',#10654);
#10654 = CARTESIAN_POINT('',(-58.70087104437,-43.00709059759,
    -49.85323922537));
#10655 = CIRCLE('',#10656,6.);
#10656 = AXIS2_PLACEMENT_3D('',#10657,#10658,#10659);
#10657 = CARTESIAN_POINT('',(-54.45822941316,-43.00708866831,
    -45.61059948234));
#10658 = DIRECTION('',(9.685119158999E-08,-1.,3.578844587366E-07));
#10659 = DIRECTION('',(-0.923879693708,-2.264351630053E-07,
    -0.382683043202));
#10660 = ORIENTED_EDGE('',*,*,#10661,.T.);
#10661 = EDGE_CURVE('',#10653,#10662,#10664,.T.);
#10662 = VERTEX_POINT('',#10663);
#10663 = CARTESIAN_POINT('',(-52.21559706268,-43.00709229046,
    -56.33851609331));
#10664 = LINE('',#10665,#10666);
#10665 = CARTESIAN_POINT('',(-58.70612125254,-43.00709059622,
    -49.84798901486));
#10666 = VECTOR('',#10667,1.);
#10667 = DIRECTION('',(0.707106623839,-1.845784648662E-07,
    -0.707106938534));
#10668 = ORIENTED_EDGE('',*,*,#10669,.T.);
#10669 = EDGE_CURVE('',#10662,#10670,#10672,.T.);
#10670 = VERTEX_POINT('',#10671);
#10671 = CARTESIAN_POINT('',(-50.44977796435,-43.00709255687,
    -57.56079630766));
#10672 = CIRCLE('',#10673,6.);
#10673 = AXIS2_PLACEMENT_3D('',#10674,#10675,#10676);
#10674 = CARTESIAN_POINT('',(-47.97295543148,-43.00709036118,
    -52.09587635027));
#10675 = DIRECTION('',(9.685119158999E-08,-1.,3.578844587366E-07));
#10676 = DIRECTION('',(-0.923879523396,4.747762820845E-08,0.382683454371
    ));
#10677 = ORIENTED_EDGE('',*,*,#10678,.F.);
#10678 = EDGE_CURVE('',#1600,#10670,#10679,.T.);
#10679 = LINE('',#10680,#10681);
#10680 = CARTESIAN_POINT('',(-50.44977988195,-43.0070886327,
    -46.59587678343));
#10681 = VECTOR('',#10682,1.);
#10682 = DIRECTION('',(1.748854537291E-07,-3.578844417987E-07,-1.));
#10683 = PLANE('',#10684);
#10684 = AXIS2_PLACEMENT_3D('',#10685,#10686,#10687);
#10685 = CARTESIAN_POINT('',(-50.44978189314,-43.00708451703,
    -35.09587678343));
#10686 = DIRECTION('',(-9.685119158999E-08,1.,-3.578844587366E-07));
#10687 = DIRECTION('',(1.748854537291E-07,-3.578844417987E-07,-1.));
#10688 = ADVANCED_FACE('',(#10689),#10720,.F.);
#10689 = FACE_BOUND('',#10690,.F.);
#10690 = EDGE_LOOP('',(#10691,#10692,#10700,#10706,#10707,#10708,#10709,
    #10710,#10711,#10712,#10713,#10714));
#10691 = ORIENTED_EDGE('',*,*,#1066,.T.);
#10692 = ORIENTED_EDGE('',*,*,#10693,.T.);
#10693 = EDGE_CURVE('',#1008,#10694,#10696,.T.);
#10694 = VERTEX_POINT('',#10695);
#10695 = CARTESIAN_POINT('',(-82.88911683294,-18.46665149657,
    -103.6958912392));
#10696 = LINE('',#10697,#10698);
#10697 = CARTESIAN_POINT('',(-82.88911615275,-18.46663615722,
    -82.26530626783));
#10698 = VECTOR('',#10699,1.);
#10699 = DIRECTION('',(-3.173933550746E-08,-7.157690835159E-07,-1.));
#10700 = ORIENTED_EDGE('',*,*,#10701,.T.);
#10701 = EDGE_CURVE('',#10694,#9565,#10702,.T.);
#10702 = LINE('',#10703,#10704);
#10703 = CARTESIAN_POINT('',(-78.46523380047,-10.80426131758,
    -103.6958932078));
#10704 = VECTOR('',#10705,1.);
#10705 = DIRECTION('',(0.5,0.866025403785,-2.224941003333E-07));
#10706 = ORIENTED_EDGE('',*,*,#9573,.T.);
#10707 = ORIENTED_EDGE('',*,*,#9554,.T.);
#10708 = ORIENTED_EDGE('',*,*,#9485,.T.);
#10709 = ORIENTED_EDGE('',*,*,#9346,.T.);
#10710 = ORIENTED_EDGE('',*,*,#9363,.T.);
#10711 = ORIENTED_EDGE('',*,*,#9396,.T.);
#10712 = ORIENTED_EDGE('',*,*,#10338,.T.);
#10713 = ORIENTED_EDGE('',*,*,#1999,.T.);
#10714 = ORIENTED_EDGE('',*,*,#10715,.F.);
#10715 = EDGE_CURVE('',#1057,#1671,#10716,.T.);
#10716 = LINE('',#10717,#10718);
#10717 = CARTESIAN_POINT('',(-82.15651410498,-17.19770101945,
    -35.09589156526));
#10718 = VECTOR('',#10719,1.);
#10719 = DIRECTION('',(-1.748854527861E-07,3.578844409713E-07,1.));
#10720 = PLANE('',#10721);
#10721 = AXIS2_PLACEMENT_3D('',#10722,#10723,#10724);
#10722 = CARTESIAN_POINT('',(-81.7344063511,-16.46662580855,
    -90.88489175308));
#10723 = DIRECTION('',(0.866025403785,-0.5,3.303974709091E-07));
#10724 = DIRECTION('',(0.5,0.866025403785,-2.224941003333E-07));
#10725 = ADVANCED_FACE('',(#10726),#10738,.T.);
#10726 = FACE_BOUND('',#10727,.T.);
#10727 = EDGE_LOOP('',(#10728,#10729,#10730,#10731,#10732));
#10728 = ORIENTED_EDGE('',*,*,#1678,.F.);
#10729 = ORIENTED_EDGE('',*,*,#10715,.F.);
#10730 = ORIENTED_EDGE('',*,*,#1056,.T.);
#10731 = ORIENTED_EDGE('',*,*,#1223,.F.);
#10732 = ORIENTED_EDGE('',*,*,#10733,.T.);
#10733 = EDGE_CURVE('',#1215,#1653,#10734,.T.);
#10734 = LINE('',#10735,#10736);
#10735 = CARTESIAN_POINT('',(-72.14683741078,-34.53496604299,
    -35.09588360997));
#10736 = VECTOR('',#10737,1.);
#10737 = DIRECTION('',(-1.748854527861E-07,3.578844409713E-07,1.));
#10738 = PLANE('',#10739);
#10739 = AXIS2_PLACEMENT_3D('',#10740,#10741,#10742);
#10740 = CARTESIAN_POINT('',(-82.15651410498,-17.19770101945,
    -35.09589156526));
#10741 = DIRECTION('',(-0.866025346417,-0.500000099362,
    2.748702121346E-08));
#10742 = DIRECTION('',(0.500000099362,-0.866025346417,3.973797404012E-07
    ));
#10743 = ADVANCED_FACE('',(#10744),#10755,.T.);
#10744 = FACE_BOUND('',#10745,.T.);
#10745 = EDGE_LOOP('',(#10746,#10747,#10748,#10749));
#10746 = ORIENTED_EDGE('',*,*,#1725,.F.);
#10747 = ORIENTED_EDGE('',*,*,#10733,.F.);
#10748 = ORIENTED_EDGE('',*,*,#1214,.F.);
#10749 = ORIENTED_EDGE('',*,*,#10750,.T.);
#10750 = EDGE_CURVE('',#1207,#1726,#10751,.T.);
#10751 = LINE('',#10752,#10753);
#10752 = CARTESIAN_POINT('',(-68.25100299478,-36.6890573951,
    -35.09588215773));
#10753 = VECTOR('',#10754,1.);
#10754 = DIRECTION('',(-1.748854527861E-07,3.578844409713E-07,1.));
#10755 = CYLINDRICAL_SURFACE('',#10756,4.599999903118);
#10756 = AXIS2_PLACEMENT_3D('',#10757,#10758,#10759);
#10757 = CARTESIAN_POINT('',(-68.25100299478,-32.08905749198,
    -35.095883804));
#10758 = DIRECTION('',(-1.748854527861E-07,3.578844409713E-07,1.));
#10759 = DIRECTION('',(-0.846920639812,-0.531719314921,
    4.217997020682E-08));
#10760 = ADVANCED_FACE('',(#10761),#10767,.T.);
#10761 = FACE_BOUND('',#10762,.T.);
#10762 = EDGE_LOOP('',(#10763,#10764,#10765,#10766));
#10763 = ORIENTED_EDGE('',*,*,#1758,.F.);
#10764 = ORIENTED_EDGE('',*,*,#10750,.F.);
#10765 = ORIENTED_EDGE('',*,*,#1206,.F.);
#10766 = ORIENTED_EDGE('',*,*,#1786,.F.);
#10767 = PLANE('',#10768);
#10768 = AXIS2_PLACEMENT_3D('',#10769,#10770,#10771);
#10769 = CARTESIAN_POINT('',(-68.25100299478,-36.6890573951,
    -35.09588215773));
#10770 = DIRECTION('',(-2.901897364833E-13,-1.,3.578844409712E-07));
#10771 = DIRECTION('',(1.,-2.276009529357E-13,1.748854557012E-07));
#10772 = ADVANCED_FACE('',(#10773),#10807,.F.);
#10773 = FACE_BOUND('',#10774,.T.);
#10774 = EDGE_LOOP('',(#10775,#10785,#10793,#10801));
#10775 = ORIENTED_EDGE('',*,*,#10776,.F.);
#10776 = EDGE_CURVE('',#10777,#10779,#10781,.T.);
#10777 = VERTEX_POINT('',#10778);
#10778 = CARTESIAN_POINT('',(-67.40811447554,-3.652941533417,
    -115.0958938334));
#10779 = VERTEX_POINT('',#10780);
#10780 = CARTESIAN_POINT('',(-67.40811459428,-8.040804794903,
    -115.095892263));
#10781 = LINE('',#10782,#10783);
#10782 = CARTESIAN_POINT('',(-67.40811451585,-5.142426731809,
    -115.0958933003));
#10783 = VECTOR('',#10784,1.);
#10784 = DIRECTION('',(-2.706092452535E-08,-1.,3.578842740858E-07));
#10785 = ORIENTED_EDGE('',*,*,#10786,.F.);
#10786 = EDGE_CURVE('',#10787,#10777,#10789,.T.);
#10787 = VERTEX_POINT('',#10788);
#10788 = CARTESIAN_POINT('',(-67.40811367107,-3.652943179684,
    -119.6958938334));
#10789 = LINE('',#10790,#10791);
#10790 = CARTESIAN_POINT('',(-67.40811454549,-3.652941390263,
    -114.6958938334));
#10791 = VECTOR('',#10792,1.);
#10792 = DIRECTION('',(-1.748855534772E-07,3.578842805947E-07,1.));
#10793 = ORIENTED_EDGE('',*,*,#10794,.T.);
#10794 = EDGE_CURVE('',#10787,#10795,#10797,.T.);
#10795 = VERTEX_POINT('',#10796);
#10796 = CARTESIAN_POINT('',(-67.40811378981,-8.040806441171,
    -119.695892263));
#10797 = LINE('',#10798,#10799);
#10798 = CARTESIAN_POINT('',(-67.40811379606,-8.271746213764,
    -119.6958921804));
#10799 = VECTOR('',#10800,1.);
#10800 = DIRECTION('',(-2.706092452535E-08,-1.,3.578842740067E-07));
#10801 = ORIENTED_EDGE('',*,*,#10802,.F.);
#10802 = EDGE_CURVE('',#10779,#10795,#10803,.T.);
#10803 = LINE('',#10804,#10805);
#10804 = CARTESIAN_POINT('',(-67.40811466423,-8.040804651749,
    -114.695892263));
#10805 = VECTOR('',#10806,1.);
#10806 = DIRECTION('',(1.748855534772E-07,-3.578842805947E-07,-1.));
#10807 = PLANE('',#10808);
#10808 = AXIS2_PLACEMENT_3D('',#10809,#10810,#10811);
#10809 = CARTESIAN_POINT('',(-67.40811460486,-5.846873362218,
    -114.6958930482));
#10810 = DIRECTION('',(1.,-2.706086193656E-08,1.748855631618E-07));
#10811 = DIRECTION('',(-2.706092452535E-08,-1.,3.578842740067E-07));
#10812 = ADVANCED_FACE('',(#10813),#10840,.F.);
#10813 = FACE_BOUND('',#10814,.F.);
#10814 = EDGE_LOOP('',(#10815,#10825,#10832,#10833));
#10815 = ORIENTED_EDGE('',*,*,#10816,.F.);
#10816 = EDGE_CURVE('',#10817,#10819,#10821,.T.);
#10817 = VERTEX_POINT('',#10818);
#10818 = CARTESIAN_POINT('',(-67.6081138111,-8.387216604155,
    -119.695892174));
#10819 = VERTEX_POINT('',#10820);
#10820 = CARTESIAN_POINT('',(-67.60811461558,-8.387214957887,
    -115.095892174));
#10821 = LINE('',#10822,#10823);
#10822 = CARTESIAN_POINT('',(-67.60811468553,-8.387214814734,
    -114.695892174));
#10823 = VECTOR('',#10824,1.);
#10824 = DIRECTION('',(-1.748855534772E-07,3.578842805947E-07,1.));
#10825 = ORIENTED_EDGE('',*,*,#10826,.T.);
#10826 = EDGE_CURVE('',#10817,#10795,#10827,.T.);
#10827 = CIRCLE('',#10828,0.4);
#10828 = AXIS2_PLACEMENT_3D('',#10829,#10830,#10831);
#10829 = CARTESIAN_POINT('',(-67.80811378981,-8.040806430346,
    -119.695892333));
#10830 = DIRECTION('',(-1.748855534772E-07,3.578842805947E-07,1.));
#10831 = DIRECTION('',(0.86602538165,-0.500000038337,3.303974822128E-07)
  );
#10832 = ORIENTED_EDGE('',*,*,#10802,.F.);
#10833 = ORIENTED_EDGE('',*,*,#10834,.T.);
#10834 = EDGE_CURVE('',#10779,#10819,#10835,.T.);
#10835 = CIRCLE('',#10836,0.4);
#10836 = AXIS2_PLACEMENT_3D('',#10837,#10838,#10839);
#10837 = CARTESIAN_POINT('',(-67.80811459428,-8.040804784079,
    -115.095892333));
#10838 = DIRECTION('',(1.748855534772E-07,-3.578842788183E-07,-1.));
#10839 = DIRECTION('',(0.86602538165,-0.500000038337,3.303974813246E-07)
  );
#10840 = CYLINDRICAL_SURFACE('',#10841,0.4);
#10841 = AXIS2_PLACEMENT_3D('',#10842,#10843,#10844);
#10842 = CARTESIAN_POINT('',(-67.80811466423,-8.040804640925,
    -114.695892333));
#10843 = DIRECTION('',(1.748855534772E-07,-3.578842805947E-07,-1.));
#10844 = DIRECTION('',(0.86602538165,-0.500000038337,3.303974822128E-07)
  );
#10845 = ADVANCED_FACE('',(#10846),#10871,.F.);
#10846 = FACE_BOUND('',#10847,.T.);
#10847 = EDGE_LOOP('',(#10848,#10856,#10857,#10865));
#10848 = ORIENTED_EDGE('',*,*,#10849,.F.);
#10849 = EDGE_CURVE('',#10819,#10850,#10852,.T.);
#10850 = VERTEX_POINT('',#10851);
#10851 = CARTESIAN_POINT('',(-71.40811461563,-10.58114566936,
    -115.0958920534));
#10852 = LINE('',#10853,#10854);
#10853 = CARTESIAN_POINT('',(-68.65220869802,-8.990022871864,
    -115.0958921409));
#10854 = VECTOR('',#10855,1.);
#10855 = DIRECTION('',(-0.866025434522,-0.499999946761,
    2.748678291418E-08));
#10856 = ORIENTED_EDGE('',*,*,#10816,.F.);
#10857 = ORIENTED_EDGE('',*,*,#10858,.T.);
#10858 = EDGE_CURVE('',#10817,#10859,#10861,.T.);
#10859 = VERTEX_POINT('',#10860);
#10860 = CARTESIAN_POINT('',(-71.40811381115,-10.58114731563,
    -119.6958920534));
#10861 = LINE('',#10862,#10863);
#10862 = CARTESIAN_POINT('',(-69.50811371979,-9.48418190716,
    -119.6958921137));
#10863 = VECTOR('',#10864,1.);
#10864 = DIRECTION('',(-0.866025434522,-0.499999946761,
    2.748678273454E-08));
#10865 = ORIENTED_EDGE('',*,*,#10866,.F.);
#10866 = EDGE_CURVE('',#10850,#10859,#10867,.T.);
#10867 = LINE('',#10868,#10869);
#10868 = CARTESIAN_POINT('',(-71.40811468558,-10.58114552621,
    -114.6958920534));
#10869 = VECTOR('',#10870,1.);
#10870 = DIRECTION('',(1.748855534772E-07,-3.578842805947E-07,-1.));
#10871 = PLANE('',#10872);
#10872 = AXIS2_PLACEMENT_3D('',#10873,#10874,#10875);
#10873 = CARTESIAN_POINT('',(-69.50811459422,-9.484180117738,
    -114.6958921137));
#10874 = DIRECTION('',(0.499999946761,-0.866025434522,3.973796570384E-07
    ));
#10875 = DIRECTION('',(-0.866025434522,-0.499999946761,
    2.748678273454E-08));
#10876 = ADVANCED_FACE('',(#10877),#10904,.F.);
#10877 = FACE_BOUND('',#10878,.F.);
#10878 = EDGE_LOOP('',(#10879,#10889,#10896,#10897));
#10879 = ORIENTED_EDGE('',*,*,#10880,.F.);
#10880 = EDGE_CURVE('',#10881,#10883,#10885,.T.);
#10881 = VERTEX_POINT('',#10882);
#10882 = CARTESIAN_POINT('',(-71.80811377794,-10.58114731021,
    -119.6958921234));
#10883 = VERTEX_POINT('',#10884);
#10884 = CARTESIAN_POINT('',(-71.80811458242,-10.58114566394,
    -115.0958921234));
#10885 = LINE('',#10886,#10887);
#10886 = CARTESIAN_POINT('',(-71.80811465237,-10.58114552079,
    -114.6958921234));
#10887 = VECTOR('',#10888,1.);
#10888 = DIRECTION('',(-1.748855534772E-07,3.578842805947E-07,1.));
#10889 = ORIENTED_EDGE('',*,*,#10890,.T.);
#10890 = EDGE_CURVE('',#10881,#10859,#10891,.T.);
#10891 = CIRCLE('',#10892,0.4);
#10892 = AXIS2_PLACEMENT_3D('',#10893,#10894,#10895);
#10893 = CARTESIAN_POINT('',(-71.60811378986,-10.23473714182,
    -119.6958922124));
#10894 = DIRECTION('',(-1.748855534772E-07,3.578842805947E-07,1.));
#10895 = DIRECTION('',(-1.354219502433E-08,-1.,3.578842782264E-07));
#10896 = ORIENTED_EDGE('',*,*,#10866,.F.);
#10897 = ORIENTED_EDGE('',*,*,#10898,.T.);
#10898 = EDGE_CURVE('',#10850,#10883,#10899,.T.);
#10899 = CIRCLE('',#10900,0.4);
#10900 = AXIS2_PLACEMENT_3D('',#10901,#10902,#10903);
#10901 = CARTESIAN_POINT('',(-71.60811459433,-10.23473549555,
    -115.0958922124));
#10902 = DIRECTION('',(1.748855534772E-07,-3.578842788183E-07,-1.));
#10903 = DIRECTION('',(-1.354219502433E-08,-1.,3.5788427645E-07));
#10904 = CYLINDRICAL_SURFACE('',#10905,0.4);
#10905 = AXIS2_PLACEMENT_3D('',#10906,#10907,#10908);
#10906 = CARTESIAN_POINT('',(-71.60811466429,-10.2347353524,
    -114.6958922124));
#10907 = DIRECTION('',(1.748855534772E-07,-3.578842805947E-07,-1.));
#10908 = DIRECTION('',(-1.354219502433E-08,-1.,3.578842782264E-07));
#10909 = ADVANCED_FACE('',(#10910),#10935,.F.);
#10910 = FACE_BOUND('',#10911,.T.);
#10911 = EDGE_LOOP('',(#10912,#10920,#10921,#10929));
#10912 = ORIENTED_EDGE('',*,*,#10913,.F.);
#10913 = EDGE_CURVE('',#10883,#10914,#10916,.T.);
#10914 = VERTEX_POINT('',#10915);
#10915 = CARTESIAN_POINT('',(-75.60811458242,-8.387214815273,
    -115.0958935731));
#10916 = LINE('',#10917,#10918);
#10917 = CARTESIAN_POINT('',(-72.4122774073,-10.23233212207,
    -115.0958923539));
#10918 = VECTOR('',#10919,1.);
#10919 = DIRECTION('',(-0.86602542098,0.499999970217,-3.303974638236E-07
    ));
#10920 = ORIENTED_EDGE('',*,*,#10880,.F.);
#10921 = ORIENTED_EDGE('',*,*,#10922,.T.);
#10922 = EDGE_CURVE('',#10881,#10923,#10925,.T.);
#10923 = VERTEX_POINT('',#10924);
#10924 = CARTESIAN_POINT('',(-75.60811377794,-8.387216461541,
    -119.6958935731));
#10925 = LINE('',#10926,#10927);
#10926 = CARTESIAN_POINT('',(-71.60811379611,-10.69661734439,
    -119.6958920471));
#10927 = VECTOR('',#10928,1.);
#10928 = DIRECTION('',(-0.86602542098,0.499999970217,-3.303974637628E-07
    ));
#10929 = ORIENTED_EDGE('',*,*,#10930,.F.);
#10930 = EDGE_CURVE('',#10914,#10923,#10931,.T.);
#10931 = LINE('',#10932,#10933);
#10932 = CARTESIAN_POINT('',(-75.60811465237,-8.38721467212,
    -114.6958935731));
#10933 = VECTOR('',#10934,1.);
#10934 = DIRECTION('',(1.748855534772E-07,-3.578842805947E-07,-1.));
#10935 = PLANE('',#10936);
#10936 = AXIS2_PLACEMENT_3D('',#10937,#10938,#10939);
#10937 = CARTESIAN_POINT('',(-71.60811467054,-10.69661555497,
    -114.6958920471));
#10938 = DIRECTION('',(-0.499999970217,-0.86602542098,2.224941132341E-07
    ));
#10939 = DIRECTION('',(-0.86602542098,0.499999970217,-3.303974637628E-07
    ));
#10940 = ADVANCED_FACE('',(#10941),#10966,.T.);
#10941 = FACE_BOUND('',#10942,.T.);
#10942 = EDGE_LOOP('',(#10943,#10951,#10959,#10965));
#10943 = ORIENTED_EDGE('',*,*,#10944,.T.);
#10944 = EDGE_CURVE('',#10914,#10945,#10947,.T.);
#10945 = VERTEX_POINT('',#10946);
#10946 = CARTESIAN_POINT('',(-75.80811464046,-8.733624840511,
    -114.6958934841));
#10947 = LINE('',#10948,#10949);
#10948 = CARTESIAN_POINT('',(-75.60811458242,-8.387214815273,
    -115.0958935731));
#10949 = VECTOR('',#10950,1.);
#10950 = DIRECTION('',(-0.353553493196,-0.612372194792,0.707106938514));
#10951 = ORIENTED_EDGE('',*,*,#10952,.T.);
#10952 = EDGE_CURVE('',#10945,#10953,#10955,.T.);
#10953 = VERTEX_POINT('',#10954);
#10954 = CARTESIAN_POINT('',(-72.00811464046,-10.92755568918,
    -114.6958920344));
#10955 = LINE('',#10956,#10957);
#10956 = CARTESIAN_POINT('',(-72.61227746534,-10.57874214731,
    -114.6958922649));
#10957 = VECTOR('',#10958,1.);
#10958 = DIRECTION('',(0.86602542098,-0.499999970217,3.303974638236E-07)
  );
#10959 = ORIENTED_EDGE('',*,*,#10960,.F.);
#10960 = EDGE_CURVE('',#10883,#10953,#10961,.T.);
#10961 = LINE('',#10962,#10963);
#10962 = CARTESIAN_POINT('',(-71.80811458242,-10.58114566394,
    -115.0958921234));
#10963 = VECTOR('',#10964,1.);
#10964 = DIRECTION('',(-0.353553493196,-0.612372194792,0.707106938514));
#10965 = ORIENTED_EDGE('',*,*,#10913,.T.);
#10966 = PLANE('',#10967);
#10967 = AXIS2_PLACEMENT_3D('',#10968,#10969,#10970);
#10968 = CARTESIAN_POINT('',(-72.51227743632,-10.40553713469,
    -114.8958923094));
#10969 = DIRECTION('',(0.353553245871,0.612372700917,0.707106623859));
#10970 = DIRECTION('',(0.894427224423,5.828670879282E-16,-0.447213528653
    ));
#10971 = ADVANCED_FACE('',(#10972),#10991,.F.);
#10972 = FACE_BOUND('',#10973,.F.);
#10973 = EDGE_LOOP('',(#10974,#10983,#10984,#10985));
#10974 = ORIENTED_EDGE('',*,*,#10975,.F.);
#10975 = EDGE_CURVE('',#10953,#10976,#10978,.T.);
#10976 = VERTEX_POINT('',#10977);
#10977 = CARTESIAN_POINT('',(-71.20811470688,-10.92755570002,
    -114.6958918945));
#10978 = CIRCLE('',#10979,0.8);
#10979 = AXIS2_PLACEMENT_3D('',#10980,#10981,#10982);
#10980 = CARTESIAN_POINT('',(-71.60811466429,-10.2347353524,
    -114.6958922124));
#10981 = DIRECTION('',(-1.748855534772E-07,3.578842788183E-07,1.));
#10982 = DIRECTION('',(-1.354219502433E-08,-1.,3.5788427645E-07));
#10983 = ORIENTED_EDGE('',*,*,#10960,.F.);
#10984 = ORIENTED_EDGE('',*,*,#10898,.F.);
#10985 = ORIENTED_EDGE('',*,*,#10986,.T.);
#10986 = EDGE_CURVE('',#10850,#10976,#10987,.T.);
#10987 = LINE('',#10988,#10989);
#10988 = CARTESIAN_POINT('',(-71.40811461563,-10.58114566936,
    -115.0958920534));
#10989 = VECTOR('',#10990,1.);
#10990 = DIRECTION('',(0.353553229285,-0.612372204368,0.707107062176));
#10991 = CONICAL_SURFACE('',#10992,0.6,0.785398163397);
#10992 = AXIS2_PLACEMENT_3D('',#10993,#10994,#10995);
#10993 = CARTESIAN_POINT('',(-71.60811462931,-10.23473542398,
    -114.8958922124));
#10994 = DIRECTION('',(-1.748855504857E-07,3.578842777685E-07,1.));
#10995 = DIRECTION('',(-1.354219502433E-08,-1.,3.578842754002E-07));
#10996 = ADVANCED_FACE('',(#10997),#11015,.T.);
#10997 = FACE_BOUND('',#10998,.T.);
#10998 = EDGE_LOOP('',(#10999,#11000,#11008,#11014));
#10999 = ORIENTED_EDGE('',*,*,#10986,.T.);
#11000 = ORIENTED_EDGE('',*,*,#11001,.T.);
#11001 = EDGE_CURVE('',#10976,#11002,#11004,.T.);
#11002 = VERTEX_POINT('',#11003);
#11003 = CARTESIAN_POINT('',(-67.40811470682,-8.733624988542,
    -114.6958920151));
#11004 = LINE('',#11005,#11006);
#11005 = CARTESIAN_POINT('',(-68.45220878927,-9.336432902519,
    -114.695891982));
#11006 = VECTOR('',#11007,1.);
#11007 = DIRECTION('',(0.866025434522,0.499999946761,-2.748678291418E-08
    ));
#11008 = ORIENTED_EDGE('',*,*,#11009,.F.);
#11009 = EDGE_CURVE('',#10819,#11002,#11010,.T.);
#11010 = LINE('',#11011,#11012);
#11011 = CARTESIAN_POINT('',(-67.60811461558,-8.387214957887,
    -115.095892174));
#11012 = VECTOR('',#11013,1.);
#11013 = DIRECTION('',(0.353553229285,-0.612372204368,0.707107062176));
#11014 = ORIENTED_EDGE('',*,*,#10849,.T.);
#11015 = PLANE('',#11016);
#11016 = AXIS2_PLACEMENT_3D('',#11017,#11018,#11019);
#11017 = CARTESIAN_POINT('',(-68.55220874364,-9.163227887191,
    -114.8958920614));
#11018 = DIRECTION('',(-0.353553476611,0.612372710493,0.707106500197));
#11019 = DIRECTION('',(0.894427076393,2.22044604925E-16,0.447213824714)
  );
#11020 = ADVANCED_FACE('',(#11021),#11040,.F.);
#11021 = FACE_BOUND('',#11022,.F.);
#11022 = EDGE_LOOP('',(#11023,#11032,#11033,#11034));
#11023 = ORIENTED_EDGE('',*,*,#11024,.F.);
#11024 = EDGE_CURVE('',#11002,#11025,#11027,.T.);
#11025 = VERTEX_POINT('',#11026);
#11026 = CARTESIAN_POINT('',(-67.00811466423,-8.040804662574,
    -114.6958921931));
#11027 = CIRCLE('',#11028,0.8);
#11028 = AXIS2_PLACEMENT_3D('',#11029,#11030,#11031);
#11029 = CARTESIAN_POINT('',(-67.80811466423,-8.040804640925,
    -114.695892333));
#11030 = DIRECTION('',(-1.748855534772E-07,3.578842788183E-07,1.));
#11031 = DIRECTION('',(0.86602538165,-0.500000038337,3.303974813246E-07)
  );
#11032 = ORIENTED_EDGE('',*,*,#11009,.F.);
#11033 = ORIENTED_EDGE('',*,*,#10834,.F.);
#11034 = ORIENTED_EDGE('',*,*,#11035,.T.);
#11035 = EDGE_CURVE('',#10779,#11025,#11036,.T.);
#11036 = LINE('',#11037,#11038);
#11037 = CARTESIAN_POINT('',(-67.40811459428,-8.040804794903,
    -115.095892263));
#11038 = VECTOR('',#11039,1.);
#11039 = DIRECTION('',(0.707106657524,2.33927480821E-07,0.707106904849)
  );
#11040 = CONICAL_SURFACE('',#11041,0.6,0.785398163397);
#11041 = AXIS2_PLACEMENT_3D('',#11042,#11043,#11044);
#11042 = CARTESIAN_POINT('',(-67.80811462926,-8.040804712502,
    -114.895892333));
#11043 = DIRECTION('',(-1.748855504857E-07,3.578842777685E-07,1.));
#11044 = DIRECTION('',(0.86602538165,-0.500000038337,3.303974782091E-07)
  );
#11045 = ADVANCED_FACE('',(#11046),#11064,.T.);
#11046 = FACE_BOUND('',#11047,.T.);
#11047 = EDGE_LOOP('',(#11048,#11049,#11057,#11063));
#11048 = ORIENTED_EDGE('',*,*,#11035,.T.);
#11049 = ORIENTED_EDGE('',*,*,#11050,.T.);
#11050 = EDGE_CURVE('',#11025,#11051,#11053,.T.);
#11051 = VERTEX_POINT('',#11052);
#11052 = CARTESIAN_POINT('',(-67.00811454549,-3.652941401087,
    -114.6958937634));
#11053 = LINE('',#11054,#11055);
#11054 = CARTESIAN_POINT('',(-67.0081145858,-5.14242659948,
    -114.6958932304));
#11055 = VECTOR('',#11056,1.);
#11056 = DIRECTION('',(2.706092452535E-08,1.,-3.578842740858E-07));
#11057 = ORIENTED_EDGE('',*,*,#11058,.F.);
#11058 = EDGE_CURVE('',#10777,#11051,#11059,.T.);
#11059 = LINE('',#11060,#11061);
#11060 = CARTESIAN_POINT('',(-67.40811447554,-3.652941533417,
    -115.0958938334));
#11061 = VECTOR('',#11062,1.);
#11062 = DIRECTION('',(0.707106657524,2.33927480821E-07,0.707106904849)
  );
#11063 = ORIENTED_EDGE('',*,*,#10776,.T.);
#11064 = PLANE('',#11065);
#11065 = AXIS2_PLACEMENT_3D('',#11066,#11067,#11068);
#11066 = CARTESIAN_POINT('',(-67.20811455082,-5.142426665644,
    -114.8958932654));
#11067 = DIRECTION('',(-0.707106904849,2.721973194126E-07,0.707106657524
    ));
#11068 = DIRECTION('',(0.707106657524,7.423354398089E-17,0.707106904849)
  );
#11069 = ADVANCED_FACE('',(#11070),#11112,.T.);
#11070 = FACE_BOUND('',#11071,.T.);
#11071 = EDGE_LOOP('',(#11072,#11082,#11090,#11098,#11106));
#11072 = ORIENTED_EDGE('',*,*,#11073,.T.);
#11073 = EDGE_CURVE('',#11074,#11076,#11078,.T.);
#11074 = VERTEX_POINT('',#11075);
#11075 = CARTESIAN_POINT('',(-60.2077512876,-7.405582109943,
    -114.4958912312));
#11076 = VERTEX_POINT('',#11077);
#11077 = CARTESIAN_POINT('',(-60.13454527566,-7.132378653047,
    -114.6958913161));
#11078 = LINE('',#11079,#11080);
#11079 = CARTESIAN_POINT('',(-59.9035607755,-6.270348851609,
    -115.3269449473));
#11080 = VECTOR('',#11081,1.);
#11081 = DIRECTION('',(0.211328184806,0.788672802979,-0.577352239233));
#11082 = ORIENTED_EDGE('',*,*,#11083,.T.);
#11083 = EDGE_CURVE('',#11076,#11084,#11086,.T.);
#11084 = VERTEX_POINT('',#11085);
#11085 = CARTESIAN_POINT('',(-70.01516779986,-12.8368406597,
    -114.6958910026));
#11086 = LINE('',#11087,#11088);
#11087 = CARTESIAN_POINT('',(-63.12974513506,-8.861622307324,
    -114.6958912211));
#11088 = VECTOR('',#11089,1.);
#11089 = DIRECTION('',(-0.866029884796,-0.499992238581,
    2.748324598902E-08));
#11090 = ORIENTED_EDGE('',*,*,#11091,.T.);
#11091 = EDGE_CURVE('',#11084,#11092,#11094,.T.);
#11092 = VERTEX_POINT('',#11093);
#11093 = CARTESIAN_POINT('',(-69.81517097438,-13.18325247047,
    -114.2958908436));
#11094 = LINE('',#11095,#11096);
#11095 = CARTESIAN_POINT('',(-70.01516779986,-12.8368406597,
    -114.6958910026));
#11096 = VECTOR('',#11097,1.);
#11097 = DIRECTION('',(0.353547778778,-0.612375351187,0.707107062176));
#11098 = ORIENTED_EDGE('',*,*,#11099,.T.);
#11099 = EDGE_CURVE('',#11092,#11100,#11102,.T.);
#11100 = VERTEX_POINT('',#11101);
#11101 = CARTESIAN_POINT('',(-59.9345453456,-7.478788671413,
    -114.2958911572));
#11102 = LINE('',#11103,#11104);
#11103 = CARTESIAN_POINT('',(-62.92974830958,-9.208034118089,
    -114.2958910621));
#11104 = VECTOR('',#11105,1.);
#11105 = DIRECTION('',(0.866029884796,0.499992238581,-2.748324598902E-08
    ));
#11106 = ORIENTED_EDGE('',*,*,#11107,.T.);
#11107 = EDGE_CURVE('',#11100,#11074,#11108,.T.);
#11108 = LINE('',#11109,#11110);
#11109 = CARTESIAN_POINT('',(-54.19920638244,-9.015594354613,
    -110.0973433197));
#11110 = VECTOR('',#11111,1.);
#11111 = DIRECTION('',(-0.788675264692,0.211328508527,-0.577348757986));
#11112 = PLANE('',#11113);
#11113 = AXIS2_PLACEMENT_3D('',#11114,#11115,#11116);
#11114 = CARTESIAN_POINT('',(-63.02974672232,-9.034828212706,
    -114.4958911416));
#11115 = DIRECTION('',(-0.353548026104,0.612375857311,0.707106500196));
#11116 = DIRECTION('',(0.894429834148,-2.775557561563E-17,0.447208309164
    ));
#11117 = ADVANCED_FACE('',(#11118),#11151,.F.);
#11118 = FACE_BOUND('',#11119,.F.);
#11119 = EDGE_LOOP('',(#11120,#11121,#11122,#11130,#11136,#11137,#11145)
  );
#11120 = ORIENTED_EDGE('',*,*,#10608,.F.);
#11121 = ORIENTED_EDGE('',*,*,#10569,.F.);
#11122 = ORIENTED_EDGE('',*,*,#11123,.F.);
#11123 = EDGE_CURVE('',#11124,#10570,#11126,.T.);
#11124 = VERTEX_POINT('',#11125);
#11125 = CARTESIAN_POINT('',(-69.8151747728,-13.18324438514,
    -86.89589084365));
#11126 = LINE('',#11127,#11128);
#11127 = CARTESIAN_POINT('',(-64.09684913242,-9.881835867883,
    -86.89589102512));
#11128 = VECTOR('',#11129,1.);
#11129 = DIRECTION('',(0.866029884796,0.499992238581,-2.748324598902E-08
    ));
#11130 = ORIENTED_EDGE('',*,*,#11131,.T.);
#11131 = EDGE_CURVE('',#11124,#11092,#11132,.T.);
#11132 = LINE('',#11133,#11134);
#11133 = CARTESIAN_POINT('',(-69.8151749268,-13.18324438228,
    -91.69589084365));
#11134 = VECTOR('',#11135,1.);
#11135 = DIRECTION('',(1.748855534772E-07,-3.578842792045E-07,-1.));
#11136 = ORIENTED_EDGE('',*,*,#11099,.T.);
#11137 = ORIENTED_EDGE('',*,*,#11138,.T.);
#11138 = EDGE_CURVE('',#11100,#11139,#11141,.T.);
#11139 = VERTEX_POINT('',#11140);
#11140 = CARTESIAN_POINT('',(-59.93454963369,-7.478779584012,
    -84.0958911572));
#11141 = LINE('',#11142,#11143);
#11142 = CARTESIAN_POINT('',(-59.93455035607,-7.478778418028,
    -85.64589094759));
#11143 = VECTOR('',#11144,1.);
#11144 = DIRECTION('',(-1.748855408457E-07,3.578842864971E-07,1.));
#11145 = ORIENTED_EDGE('',*,*,#11146,.F.);
#11146 = EDGE_CURVE('',#10601,#11139,#11147,.T.);
#11147 = LINE('',#11148,#11149);
#11148 = CARTESIAN_POINT('',(-60.8871971484,-8.028780004257,
    -85.19590825544));
#11149 = VECTOR('',#11150,1.);
#11150 = DIRECTION('',(0.612375480599,0.353548155511,0.707106761739));
#11151 = PLANE('',#11152);
#11152 = AXIS2_PLACEMENT_3D('',#11153,#11154,#11155);
#11153 = CARTESIAN_POINT('',(-59.58813734409,-7.278783687796,
    -91.6958911682));
#11154 = DIRECTION('',(0.499992238581,-0.866029884795,3.973799004681E-07
    ));
#11155 = DIRECTION('',(-0.866029884796,-0.499992238581,
    2.748324598902E-08));
#11156 = ADVANCED_FACE('',(#11157),#11176,.T.);
#11157 = FACE_BOUND('',#11158,.T.);
#11158 = EDGE_LOOP('',(#11159,#11167,#11168,#11169));
#11159 = ORIENTED_EDGE('',*,*,#11160,.T.);
#11160 = EDGE_CURVE('',#11161,#10578,#11163,.T.);
#11161 = VERTEX_POINT('',#11162);
#11162 = CARTESIAN_POINT('',(-75.14530682757,-13.95114474247,
    -86.895891501));
#11163 = LINE('',#11164,#11165);
#11164 = CARTESIAN_POINT('',(-78.39280616464,-15.82605055327,
    -86.89589139794));
#11165 = VECTOR('',#11166,1.);
#11166 = DIRECTION('',(0.866029884796,0.499992238581,-2.748324530854E-08
    ));
#11167 = ORIENTED_EDGE('',*,*,#10577,.F.);
#11168 = ORIENTED_EDGE('',*,*,#11123,.F.);
#11169 = ORIENTED_EDGE('',*,*,#11170,.F.);
#11170 = EDGE_CURVE('',#11161,#11124,#11171,.T.);
#11171 = CIRCLE('',#11172,7.25);
#11172 = AXIS2_PLACEMENT_3D('',#11173,#11174,#11175);
#11173 = CARTESIAN_POINT('',(-73.44011845014,-6.904527690144,
    -86.89589372466));
#11174 = DIRECTION('',(-1.748855534772E-07,3.578842788183E-07,1.));
#11175 = DIRECTION('',(-1.,1.160798511883E-13,-1.748855534772E-07));
#11176 = PLANE('',#11177);
#11177 = AXIS2_PLACEMENT_3D('',#11178,#11179,#11180);
#11178 = CARTESIAN_POINT('',(-72.58392844865,-5.594011002163,
    -86.89589404393));
#11179 = DIRECTION('',(1.748855534772E-07,-3.578842788183E-07,-1.));
#11180 = DIRECTION('',(-1.,-1.535244167697E-16,-1.748855534772E-07));
#11181 = ADVANCED_FACE('',(#11182),#11201,.T.);
#11182 = FACE_BOUND('',#11183,.T.);
#11183 = EDGE_LOOP('',(#11184,#11192,#11198,#11199,#11200));
#11184 = ORIENTED_EDGE('',*,*,#11185,.T.);
#11185 = EDGE_CURVE('',#11161,#11186,#11188,.T.);
#11186 = VERTEX_POINT('',#11187);
#11187 = CARTESIAN_POINT('',(-75.14530686256,-13.9511446709,
    -86.695891501));
#11188 = LINE('',#11189,#11190);
#11189 = CARTESIAN_POINT('',(-75.14530597539,-13.95114645297,
    -91.69589150099));
#11190 = VECTOR('',#11191,1.);
#11191 = DIRECTION('',(-1.748855534772E-07,3.578842792045E-07,1.));
#11192 = ORIENTED_EDGE('',*,*,#11193,.F.);
#11193 = EDGE_CURVE('',#9420,#11186,#11194,.T.);
#11194 = LINE('',#11195,#11196);
#11195 = CARTESIAN_POINT('',(-71.20833010371,-11.67817712388,
    -86.69589162593));
#11196 = VECTOR('',#11197,1.);
#11197 = DIRECTION('',(-0.866029884796,-0.499992238581,
    2.748324598902E-08));
#11198 = ORIENTED_EDGE('',*,*,#9436,.F.);
#11199 = ORIENTED_EDGE('',*,*,#10585,.F.);
#11200 = ORIENTED_EDGE('',*,*,#11160,.F.);
#11201 = PLANE('',#11202);
#11202 = AXIS2_PLACEMENT_3D('',#11203,#11204,#11205);
#11203 = CARTESIAN_POINT('',(-75.14530866939,-13.95114571406,
    -86.695891501));
#11204 = DIRECTION('',(-0.499992238581,0.866029884795,
    -3.973799385931E-07));
#11205 = DIRECTION('',(0.866029884796,0.499992238581,-2.748324530854E-08
    ));
#11206 = ADVANCED_FACE('',(#11207),#11226,.T.);
#11207 = FACE_BOUND('',#11208,.T.);
#11208 = EDGE_LOOP('',(#11209,#11217,#11218,#11219));
#11209 = ORIENTED_EDGE('',*,*,#11210,.T.);
#11210 = EDGE_CURVE('',#11211,#6000,#11213,.T.);
#11211 = VERTEX_POINT('',#11212);
#11212 = CARTESIAN_POINT('',(-75.48681518082,-13.85963457439,
    -86.69589159347));
#11213 = LINE('',#11214,#11215);
#11214 = CARTESIAN_POINT('',(-79.3673673252,-7.138181985279,
    -86.69589467763));
#11215 = VECTOR('',#11216,1.);
#11216 = DIRECTION('',(-0.499992238581,0.866029884795,
    -3.973799001337E-07));
#11217 = ORIENTED_EDGE('',*,*,#10537,.F.);
#11218 = ORIENTED_EDGE('',*,*,#11193,.T.);
#11219 = ORIENTED_EDGE('',*,*,#11220,.T.);
#11220 = EDGE_CURVE('',#11186,#11211,#11221,.T.);
#11221 = CIRCLE('',#11222,7.25);
#11222 = AXIS2_PLACEMENT_3D('',#11223,#11224,#11225);
#11223 = CARTESIAN_POINT('',(-73.44011947857,-6.904525897863,
    -86.69589372466));
#11224 = DIRECTION('',(1.748855534772E-07,-3.578842788183E-07,-1.));
#11225 = DIRECTION('',(-1.,1.161353623395E-13,-1.748855534772E-07));
#11226 = PLANE('',#11227);
#11227 = AXIS2_PLACEMENT_3D('',#11228,#11229,#11230);
#11228 = CARTESIAN_POINT('',(-70.13912785509,-4.437971441134,
    -86.6958940301));
#11229 = DIRECTION('',(1.748855534772E-07,-3.578842788183E-07,-1.));
#11230 = DIRECTION('',(-1.,1.160798511883E-13,-1.748855534772E-07));
#11231 = ADVANCED_FACE('',(#11232),#11251,.T.);
#11232 = FACE_BOUND('',#11233,.T.);
#11233 = EDGE_LOOP('',(#11234,#11235,#11243,#11249,#11250));
#11234 = ORIENTED_EDGE('',*,*,#11210,.F.);
#11235 = ORIENTED_EDGE('',*,*,#11236,.T.);
#11236 = EDGE_CURVE('',#11211,#11237,#11239,.T.);
#11237 = VERTEX_POINT('',#11238);
#11238 = CARTESIAN_POINT('',(-75.48681511086,-13.85963471755,
    -87.09589159347));
#11239 = LINE('',#11240,#11241);
#11240 = CARTESIAN_POINT('',(-75.48681430639,-13.85963636381,
    -91.69589159347));
#11241 = VECTOR('',#11242,1.);
#11242 = DIRECTION('',(1.748855534772E-07,-3.578842792045E-07,-1.));
#11243 = ORIENTED_EDGE('',*,*,#11244,.F.);
#11244 = EDGE_CURVE('',#7741,#11237,#11245,.T.);
#11245 = LINE('',#11246,#11247);
#11246 = CARTESIAN_POINT('',(-81.66216904235,-3.163386573706,
    -87.09589650147));
#11247 = VECTOR('',#11248,1.);
#11248 = DIRECTION('',(0.499992238581,-0.866029884795,3.973799001337E-07
    ));
#11249 = ORIENTED_EDGE('',*,*,#7749,.F.);
#11250 = ORIENTED_EDGE('',*,*,#6616,.T.);
#11251 = PLANE('',#11252);
#11252 = AXIS2_PLACEMENT_3D('',#11253,#11254,#11255);
#11253 = CARTESIAN_POINT('',(-80.50514220561,-5.167457296836,
    -86.6958955819));
#11254 = DIRECTION('',(0.866029884796,0.499992238581,-2.748324598902E-08
    ));
#11255 = DIRECTION('',(0.499992238581,-0.866029884795,3.973799001337E-07
    ));
#11256 = ADVANCED_FACE('',(#11257),#11283,.T.);
#11257 = FACE_BOUND('',#11258,.T.);
#11258 = EDGE_LOOP('',(#11259,#11260,#11269,#11276,#11277,#11278,#11279,
    #11280,#11281,#11282));
#11259 = ORIENTED_EDGE('',*,*,#11244,.T.);
#11260 = ORIENTED_EDGE('',*,*,#11261,.T.);
#11261 = EDGE_CURVE('',#11237,#11262,#11264,.T.);
#11262 = VERTEX_POINT('',#11263);
#11263 = CARTESIAN_POINT('',(-75.14510523286,-13.95119357532,
    -87.09589150094));
#11264 = CIRCLE('',#11265,7.25);
#11265 = AXIS2_PLACEMENT_3D('',#11266,#11267,#11268);
#11266 = CARTESIAN_POINT('',(-73.44011940861,-6.904526041016,
    -87.09589372466));
#11267 = DIRECTION('',(-1.748855534772E-07,3.578842788183E-07,1.));
#11268 = DIRECTION('',(-1.,1.161353623395E-13,-1.748855534772E-07));
#11269 = ORIENTED_EDGE('',*,*,#11270,.T.);
#11270 = EDGE_CURVE('',#11262,#9517,#11271,.T.);
#11271 = B_SPLINE_CURVE_WITH_KNOTS('',3,(#11272,#11273,#11274,#11275),
  .UNSPECIFIED.,.F.,.F.,(4,4),(0.,0.228984185316),
  .PIECEWISE_BEZIER_KNOTS.);
#11272 = CARTESIAN_POINT('',(-75.14510523286,-13.95119357532,
    -87.09589150094));
#11273 = CARTESIAN_POINT('',(-75.88475525678,-13.77223056911,
    -87.09589123834));
#11274 = CARTESIAN_POINT('',(-76.69157758332,-13.88848343341,
    -87.09589088431));
#11275 = CARTESIAN_POINT('',(-77.35061660841,-14.26897979195,
    -87.09589053318));
#11276 = ORIENTED_EDGE('',*,*,#9540,.F.);
#11277 = ORIENTED_EDGE('',*,*,#9492,.T.);
#11278 = ORIENTED_EDGE('',*,*,#9450,.F.);
#11279 = ORIENTED_EDGE('',*,*,#4891,.F.);
#11280 = ORIENTED_EDGE('',*,*,#4932,.T.);
#11281 = ORIENTED_EDGE('',*,*,#6641,.F.);
#11282 = ORIENTED_EDGE('',*,*,#7740,.F.);
#11283 = PLANE('',#11284);
#11284 = AXIS2_PLACEMENT_3D('',#11285,#11286,#11287);
#11285 = CARTESIAN_POINT('',(-72.58392841367,-5.59401107374,
    -87.09589404393));
#11286 = DIRECTION('',(1.748855534772E-07,-3.578842788183E-07,-1.));
#11287 = DIRECTION('',(-1.,-1.535244167697E-16,-1.748855534772E-07));
#11288 = ADVANCED_FACE('',(#11289),#11309,.F.);
#11289 = FACE_BOUND('',#11290,.F.);
#11290 = EDGE_LOOP('',(#11291,#11292,#11301,#11308));
#11291 = ORIENTED_EDGE('',*,*,#9514,.F.);
#11292 = ORIENTED_EDGE('',*,*,#11293,.F.);
#11293 = EDGE_CURVE('',#11294,#9515,#11296,.T.);
#11294 = VERTEX_POINT('',#11295);
#11295 = CARTESIAN_POINT('',(-75.1451091682,-13.9511978616,
    -103.6958931539));
#11296 = CIRCLE('',#11297,2.999999999994);
#11297 = AXIS2_PLACEMENT_3D('',#11298,#11299,#11300);
#11298 = CARTESIAN_POINT('',(-75.85062337345,-16.86705960491,
    -103.6958922337));
#11299 = DIRECTION('',(4.075318820099E-07,2.169640961929E-07,1.));
#11300 = DIRECTION('',(0.23517140175,0.971953914442,-3.067189465381E-07)
  );
#11301 = ORIENTED_EDGE('',*,*,#11302,.F.);
#11302 = EDGE_CURVE('',#11262,#11294,#11303,.T.);
#11303 = B_SPLINE_CURVE_WITH_KNOTS('',3,(#11304,#11305,#11306,#11307),
  .UNSPECIFIED.,.F.,.F.,(4,4),(-1.06000007263,0.60000009267),
  .PIECEWISE_BEZIER_KNOTS.);
#11304 = CARTESIAN_POINT('',(-75.14510523286,-13.95119357532,
    -87.09589150094));
#11305 = CARTESIAN_POINT('',(-75.14510654464,-13.95119500407,
    -92.62922538527));
#11306 = CARTESIAN_POINT('',(-75.14510785642,-13.95119643283,
    -98.16255926961));
#11307 = CARTESIAN_POINT('',(-75.1451091682,-13.95119786159,
    -103.6958931539));
#11308 = ORIENTED_EDGE('',*,*,#11270,.T.);
#11309 = B_SPLINE_SURFACE_WITH_KNOTS('',3,3,(
    (#11310,#11311,#11312,#11313)
    ,(#11314,#11315,#11316,#11317)
    ,(#11318,#11319,#11320,#11321)
    ,(#11322,#11323,#11324,#11325
    )),.UNSPECIFIED.,.F.,.F.,.F.,(4,4),(4,4),(0.,1.),(-0.60000009267,
    1.06000007263),.PIECEWISE_BEZIER_KNOTS.);
#11310 = CARTESIAN_POINT('',(-77.35062337345,-14.26898339356,
    -103.6958921861));
#11311 = CARTESIAN_POINT('',(-77.35062111844,-14.26898219303,
    -98.16255830184));
#11312 = CARTESIAN_POINT('',(-77.35061886343,-14.26898099249,
    -92.62922441751));
#11313 = CARTESIAN_POINT('',(-77.35061660841,-14.26897979195,
    -87.09589053318));
#11314 = CARTESIAN_POINT('',(-76.69158350792,-13.88848654979,
    -103.6958925373));
#11315 = CARTESIAN_POINT('',(-76.69158153243,-13.88848551601,
    -98.16255865298));
#11316 = CARTESIAN_POINT('',(-76.6915795588,-13.88848446719,
    -92.62922476864));
#11317 = CARTESIAN_POINT('',(-76.69157758332,-13.88848343341,
    -87.09589088431));
#11318 = CARTESIAN_POINT('',(-75.88475996167,-13.77223390937,
    -103.6958928913));
#11319 = CARTESIAN_POINT('',(-75.88475839351,-13.77223280101,
    -98.162559007));
#11320 = CARTESIAN_POINT('',(-75.88475682494,-13.77223167747,
    -92.62922512267));
#11321 = CARTESIAN_POINT('',(-75.88475525678,-13.77223056911,
    -87.09589123834));
#11322 = CARTESIAN_POINT('',(-75.1451091682,-13.95119786159,
    -103.6958931539));
#11323 = CARTESIAN_POINT('',(-75.14510785642,-13.95119643283,
    -98.16255926961));
#11324 = CARTESIAN_POINT('',(-75.14510654464,-13.95119500407,
    -92.62922538527));
#11325 = CARTESIAN_POINT('',(-75.14510523286,-13.95119357532,
    -87.09589150094));
#11326 = ADVANCED_FACE('',(#11327),#11363,.F.);
#11327 = FACE_BOUND('',#11328,.F.);
#11328 = EDGE_LOOP('',(#11329,#11342,#11343,#11356));
#11329 = ORIENTED_EDGE('',*,*,#11330,.F.);
#11330 = EDGE_CURVE('',#11294,#11331,#11333,.T.);
#11331 = VERTEX_POINT('',#11332);
#11332 = CARTESIAN_POINT('',(-78.14802741509,-12.41797773443,
    -107.6958925748));
#11333 = B_SPLINE_CURVE_WITH_KNOTS('',3,(#11334,#11335,#11336,#11337,
    #11338,#11339,#11340,#11341),.UNSPECIFIED.,.F.,.F.,(4,1,1,1,1,4),(
    -0.685277338187,-0.587380575589,-0.489483812991,-0.293690287794,
    -0.146845143897,0.),.UNSPECIFIED.);
#11334 = CARTESIAN_POINT('',(-75.1451091682,-13.95119786159,
    -103.6958931539));
#11335 = CARTESIAN_POINT('',(-75.14510924557,-13.95119794585,
    -104.0222156959));
#11336 = CARTESIAN_POINT('',(-75.22728865989,-13.93191167585,
    -104.6735476801));
#11337 = CARTESIAN_POINT('',(-75.65630212308,-13.81633236089,
    -105.8329428804));
#11338 = CARTESIAN_POINT('',(-76.39776234011,-13.55173529982,
    -106.8350142587));
#11339 = CARTESIAN_POINT('',(-77.32542112502,-13.05233227543,
    -107.5350723098));
#11340 = CARTESIAN_POINT('',(-77.88473553714,-12.64280178571,
    -107.6958924483));
#11341 = CARTESIAN_POINT('',(-78.14802741509,-12.41797773443,
    -107.6958925748));
#11342 = ORIENTED_EDGE('',*,*,#11293,.T.);
#11343 = ORIENTED_EDGE('',*,*,#11344,.F.);
#11344 = EDGE_CURVE('',#11345,#9515,#11347,.T.);
#11345 = VERTEX_POINT('',#11346);
#11346 = CARTESIAN_POINT('',(-80.09612929524,-14.69940189705,
    -104.695892099));
#11347 = B_SPLINE_CURVE_WITH_KNOTS('',3,(#11348,#11349,#11350,#11351,
    #11352,#11353,#11354,#11355),.UNSPECIFIED.,.F.,.F.,(4,1,1,1,1,4),(0.
    ,0.146845143897,0.293690287794,0.489483812991,0.587380575589,
    0.685277338187),.UNSPECIFIED.);
#11348 = CARTESIAN_POINT('',(-80.09612929524,-14.69940189705,
    -104.695892099));
#11349 = CARTESIAN_POINT('',(-79.89691043887,-14.71757476086,
    -104.6958920576));
#11350 = CARTESIAN_POINT('',(-79.4424550845,-14.71407832543,
    -104.6556870059));
#11351 = CARTESIAN_POINT('',(-78.60614433795,-14.59704852071,
    -104.480672474));
#11352 = CARTESIAN_POINT('',(-77.87591171017,-14.42027487436,
    -104.230154621));
#11353 = CARTESIAN_POINT('',(-77.43616840241,-14.29478629237,
    -103.9403058181));
#11354 = CARTESIAN_POINT('',(-77.35062349867,-14.26898346437,
    -103.7774728216));
#11355 = CARTESIAN_POINT('',(-77.35062337346,-14.26898339357,
    -103.6958921861));
#11356 = ORIENTED_EDGE('',*,*,#11357,.T.);
#11357 = EDGE_CURVE('',#11345,#11331,#11358,.T.);
#11358 = CIRCLE('',#11359,3.);
#11359 = AXIS2_PLACEMENT_3D('',#11360,#11361,#11362);
#11360 = CARTESIAN_POINT('',(-80.09612877059,-14.6994029707,
    -107.695892099));
#11361 = DIRECTION('',(-0.760475078758,0.649367118499,
    -3.653943915798E-07));
#11362 = DIRECTION('',(-1.748855578872E-07,3.578842792488E-07,1.));
#11363 = B_SPLINE_SURFACE_WITH_KNOTS('',3,3,(
    (#11364,#11365,#11366,#11367,#11368,#11369,#11370,#11371)
    ,(#11372,#11373,#11374,#11375,#11376,#11377,#11378,#11379)
    ,(#11380,#11381,#11382,#11383,#11384,#11385,#11386,#11387)
    ,(#11388,#11389,#11390,#11391,#11392,#11393,#11394,#11395)
    ,(#11396,#11397,#11398,#11399,#11400,#11401,#11402,#11403
  )),.UNSPECIFIED.,.F.,.F.,.F.,(4,1,4),(4,1,1,1,1,4),(0.,0.571428571429,
    1.),(0.,0.146845143897,0.293690287794,0.489483812991,0.587380575589,
    0.685277338187),.UNSPECIFIED.);
#11364 = CARTESIAN_POINT('',(-80.09612929524,-14.69940189705,
    -104.695892099));
#11365 = CARTESIAN_POINT('',(-79.89691043887,-14.71757476086,
    -104.6958920576));
#11366 = CARTESIAN_POINT('',(-79.4424550845,-14.71407832543,
    -104.6556870059));
#11367 = CARTESIAN_POINT('',(-78.60614433795,-14.59704852071,
    -104.480672474));
#11368 = CARTESIAN_POINT('',(-77.87591171017,-14.42027487436,
    -104.230154621));
#11369 = CARTESIAN_POINT('',(-77.43616840241,-14.29478629237,
    -103.9403058181));
#11370 = CARTESIAN_POINT('',(-77.35062349867,-14.26898346437,
    -103.7774728216));
#11371 = CARTESIAN_POINT('',(-77.35062337346,-14.26898339357,
    -103.6958921861));
#11372 = CARTESIAN_POINT('',(-79.51325873268,-14.01680106257,
    -104.6958922413));
#11373 = CARTESIAN_POINT('',(-79.36185312553,-14.0232220198,
    -104.73143148));
#11374 = CARTESIAN_POINT('',(-78.99469701202,-14.03956398512,
    -104.7815473374));
#11375 = CARTESIAN_POINT('',(-78.23084869285,-14.0746686045,
    -104.7162189747));
#11376 = CARTESIAN_POINT('',(-77.5066979879,-14.0746481853,
    -104.4486061039));
#11377 = CARTESIAN_POINT('',(-77.06159639955,-14.05657238791,
    -104.0526598491));
#11378 = CARTESIAN_POINT('',(-76.97402928577,-14.05155667554,
    -103.8146903926));
#11379 = CARTESIAN_POINT('',(-76.97402916458,-14.0515566257,
    -103.6958923868));
#11380 = CARTESIAN_POINT('',(-78.50421163169,-12.83510448996,
    -105.449339973));
#11381 = CARTESIAN_POINT('',(-78.38836483124,-12.89704128953,
    -105.5044547938));
#11382 = CARTESIAN_POINT('',(-78.09967955861,-13.06680057856,
    -105.5762143736));
#11383 = CARTESIAN_POINT('',(-77.42558079224,-13.41654063725,
    -105.4258918627));
#11384 = CARTESIAN_POINT('',(-76.7424095623,-13.67299143839,
    -104.9541491623));
#11385 = CARTESIAN_POINT('',(-76.31540083247,-13.79515697154,
    -104.2875855892));
#11386 = CARTESIAN_POINT('',(-76.23125576784,-13.81699616948,
    -103.8936048149));
#11387 = CARTESIAN_POINT('',(-76.23125566554,-13.81699613461,
    -103.6958927404));
#11388 = CARTESIAN_POINT('',(-78.14802753282,-12.4179774935,
    -107.022694149));
#11389 = CARTESIAN_POINT('',(-77.94047579794,-12.59558357824,
    -107.038960876));
#11390 = CARTESIAN_POINT('',(-77.48744828879,-12.94290678641,
    -106.9477635295));
#11391 = CARTESIAN_POINT('',(-76.67116974329,-13.42752353838,
    -106.4117959263));
#11392 = CARTESIAN_POINT('',(-75.96511474372,-13.71783290721,
    -105.5690016416));
#11393 = CARTESIAN_POINT('',(-75.54389571083,-13.85156048191,
    -104.5575235477));
#11394 = CARTESIAN_POINT('',(-75.46210244825,-13.87449908927,
    -103.9836439896));
#11395 = CARTESIAN_POINT('',(-75.46210236541,-13.87449902493,
    -103.6958930414));
#11396 = CARTESIAN_POINT('',(-78.14802741509,-12.41797773443,
    -107.6958925748));
#11397 = CARTESIAN_POINT('',(-77.88473553714,-12.64280178571,
    -107.6958924483));
#11398 = CARTESIAN_POINT('',(-77.32542112502,-13.05233227543,
    -107.5350723098));
#11399 = CARTESIAN_POINT('',(-76.39776234011,-13.55173529982,
    -106.8350142587));
#11400 = CARTESIAN_POINT('',(-75.65630212308,-13.81633236089,
    -105.8329428804));
#11401 = CARTESIAN_POINT('',(-75.22728865989,-13.93191167585,
    -104.6735476801));
#11402 = CARTESIAN_POINT('',(-75.14510924557,-13.95119794585,
    -104.0222156959));
#11403 = CARTESIAN_POINT('',(-75.1451091682,-13.95119786159,
    -103.6958931539));
#11404 = ADVANCED_FACE('',(#11405),#11424,.F.);
#11405 = FACE_BOUND('',#11406,.F.);
#11406 = EDGE_LOOP('',(#11407,#11415,#11416,#11417));
#11407 = ORIENTED_EDGE('',*,*,#11408,.F.);
#11408 = EDGE_CURVE('',#11345,#11409,#11411,.T.);
#11409 = VERTEX_POINT('',#11410);
#11410 = CARTESIAN_POINT('',(-81.36282213609,-15.43072734969,
    -104.6958920588));
#11411 = LINE('',#11412,#11413);
#11412 = CARTESIAN_POINT('',(-66.2994777757,-6.733901428326,
    -104.6958925369));
#11413 = VECTOR('',#11414,1.);
#11414 = DIRECTION('',(-0.866025403784,-0.5,2.748680734303E-08));
#11415 = ORIENTED_EDGE('',*,*,#11344,.T.);
#11416 = ORIENTED_EDGE('',*,*,#9525,.F.);
#11417 = ORIENTED_EDGE('',*,*,#11418,.F.);
#11418 = EDGE_CURVE('',#11409,#9526,#11419,.T.);
#11419 = CIRCLE('',#11420,1.);
#11420 = AXIS2_PLACEMENT_3D('',#11421,#11422,#11423);
#11421 = CARTESIAN_POINT('',(-81.36282231098,-15.43072699181,
    -103.6958920588));
#11422 = DIRECTION('',(-0.866025403784,-0.5,2.748681325471E-08));
#11423 = DIRECTION('',(1.748855460448E-07,-3.578842777685E-07,-1.));
#11424 = CYLINDRICAL_SURFACE('',#11425,1.);
#11425 = AXIS2_PLACEMENT_3D('',#11426,#11427,#11428);
#11426 = CARTESIAN_POINT('',(-66.29947795058,-6.733901070442,
    -103.6958925369));
#11427 = DIRECTION('',(-0.866025403784,-0.5,2.748680734303E-08));
#11428 = DIRECTION('',(0.353553441203,-0.612372562227,-0.707106646302));
#11429 = ADVANCED_FACE('',(#11430),#11450,.F.);
#11430 = FACE_BOUND('',#11431,.F.);
#11431 = EDGE_LOOP('',(#11432,#11441,#11448,#11449));
#11432 = ORIENTED_EDGE('',*,*,#11433,.T.);
#11433 = EDGE_CURVE('',#9565,#11434,#11436,.T.);
#11434 = VERTEX_POINT('',#11435);
#11435 = CARTESIAN_POINT('',(-83.5589745588,-17.6268797724,
    -104.6958916569));
#11436 = CIRCLE('',#11437,1.);
#11437 = AXIS2_PLACEMENT_3D('',#11438,#11439,#11440);
#11438 = CARTESIAN_POINT('',(-83.55897473369,-17.62687941452,
    -103.6958916569));
#11439 = DIRECTION('',(0.5,0.866025403785,-2.224941108321E-07));
#11440 = DIRECTION('',(0.866025403785,-0.5,3.303974693836E-07));
#11441 = ORIENTED_EDGE('',*,*,#11442,.F.);
#11442 = EDGE_CURVE('',#11409,#11434,#11443,.T.);
#11443 = CIRCLE('',#11444,6.000000000004);
#11444 = AXIS2_PLACEMENT_3D('',#11445,#11446,#11447);
#11445 = CARTESIAN_POINT('',(-78.36282213609,-20.6268797724,
    -104.6958896745));
#11446 = DIRECTION('',(-1.748855534772E-07,3.578842788183E-07,1.));
#11447 = DIRECTION('',(-0.707106781187,0.707106781186,
    -3.767251612277E-07));
#11448 = ORIENTED_EDGE('',*,*,#11418,.T.);
#11449 = ORIENTED_EDGE('',*,*,#9564,.F.);
#11450 = TOROIDAL_SURFACE('',#11451,6.000000000004,1.);
#11451 = AXIS2_PLACEMENT_3D('',#11452,#11453,#11454);
#11452 = CARTESIAN_POINT('',(-78.36282231098,-20.62687941452,
    -103.6958896745));
#11453 = DIRECTION('',(1.748855537367E-07,-3.578842910912E-07,-1.));
#11454 = DIRECTION('',(-1.,3.350043363081E-22,-1.748855537367E-07));
#11455 = ADVANCED_FACE('',(#11456),#11475,.F.);
#11456 = FACE_BOUND('',#11457,.F.);
#11457 = EDGE_LOOP('',(#11458,#11466,#11467,#11468));
#11458 = ORIENTED_EDGE('',*,*,#11459,.F.);
#11459 = EDGE_CURVE('',#11434,#11460,#11462,.T.);
#11460 = VERTEX_POINT('',#11461);
#11461 = CARTESIAN_POINT('',(-83.75514206184,-17.96665185445,
    -104.6958915696));
#11462 = LINE('',#11463,#11464);
#11463 = CARTESIAN_POINT('',(-79.33125902937,-10.30426167547,
    -104.6958935382));
#11464 = VECTOR('',#11465,1.);
#11465 = DIRECTION('',(-0.5,-0.866025403785,2.224941003333E-07));
#11466 = ORIENTED_EDGE('',*,*,#11433,.F.);
#11467 = ORIENTED_EDGE('',*,*,#10701,.F.);
#11468 = ORIENTED_EDGE('',*,*,#11469,.F.);
#11469 = EDGE_CURVE('',#11460,#10694,#11470,.T.);
#11470 = CIRCLE('',#11471,1.);
#11471 = AXIS2_PLACEMENT_3D('',#11472,#11473,#11474);
#11472 = CARTESIAN_POINT('',(-83.75514223672,-17.96665149657,
    -103.6958915696));
#11473 = DIRECTION('',(-0.5,-0.866025403785,2.224940992943E-07));
#11474 = DIRECTION('',(1.748855460448E-07,-3.578842733276E-07,-1.));
#11475 = CYLINDRICAL_SURFACE('',#11476,1.);
#11476 = AXIS2_PLACEMENT_3D('',#11477,#11478,#11479);
#11477 = CARTESIAN_POINT('',(-79.33125920425,-10.30426131758,
    -103.6958935382));
#11478 = DIRECTION('',(0.5,0.866025403785,-2.224941003333E-07));
#11479 = DIRECTION('',(0.612372559359,-0.353553643655,-0.70710654756));
#11480 = ADVANCED_FACE('',(#11481),#11500,.F.);
#11481 = FACE_BOUND('',#11482,.F.);
#11482 = EDGE_LOOP('',(#11483,#11492,#11499));
#11483 = ORIENTED_EDGE('',*,*,#11484,.T.);
#11484 = EDGE_CURVE('',#10694,#11485,#11487,.T.);
#11485 = VERTEX_POINT('',#11486);
#11486 = CARTESIAN_POINT('',(-84.62117212152,-18.46664373515,
    -103.6958911842));
#11487 = CIRCLE('',#11488,1.);
#11488 = AXIS2_PLACEMENT_3D('',#11489,#11490,#11491);
#11489 = CARTESIAN_POINT('',(-83.75514223672,-17.96665149657,
    -103.6958915696));
#11490 = DIRECTION('',(-3.173933225628E-08,-7.157690748336E-07,-1.));
#11491 = DIRECTION('',(0.866025403785,-0.5,3.303974693836E-07));
#11492 = ORIENTED_EDGE('',*,*,#11493,.F.);
#11493 = EDGE_CURVE('',#11460,#11485,#11494,.T.);
#11494 = CIRCLE('',#11495,1.);
#11495 = AXIS2_PLACEMENT_3D('',#11496,#11497,#11498);
#11496 = CARTESIAN_POINT('',(-83.75514223672,-17.96665149657,
    -103.6958915696));
#11497 = DIRECTION('',(-0.499992238581,0.866029884795,
    -3.973799001245E-07));
#11498 = DIRECTION('',(-0.612375590166,-0.353548218768,-0.707106635222)
  );
#11499 = ORIENTED_EDGE('',*,*,#11469,.T.);
#11500 = SPHERICAL_SURFACE('',#11501,1.);
#11501 = AXIS2_PLACEMENT_3D('',#11502,#11503,#11504);
#11502 = CARTESIAN_POINT('',(-83.75514223672,-17.96665149657,
    -103.6958915696));
#11503 = DIRECTION('',(3.044882490144E-06,-0.70710914568,0.707104416679)
  );
#11504 = DIRECTION('',(-3.044902854299E-06,-0.707104416685,
    -0.707109145673));
#11505 = ADVANCED_FACE('',(#11506),#11517,.F.);
#11506 = FACE_BOUND('',#11507,.F.);
#11507 = EDGE_LOOP('',(#11508,#11514,#11515,#11516));
#11508 = ORIENTED_EDGE('',*,*,#11509,.F.);
#11509 = EDGE_CURVE('',#11485,#974,#11510,.T.);
#11510 = LINE('',#11511,#11512);
#11511 = CARTESIAN_POINT('',(-84.62117144133,-18.4666283958,
    -82.26530621286));
#11512 = VECTOR('',#11513,1.);
#11513 = DIRECTION('',(3.173933550746E-08,7.157690835159E-07,1.));
#11514 = ORIENTED_EDGE('',*,*,#11484,.F.);
#11515 = ORIENTED_EDGE('',*,*,#10693,.F.);
#11516 = ORIENTED_EDGE('',*,*,#1015,.T.);
#11517 = CYLINDRICAL_SURFACE('',#11518,1.);
#11518 = AXIS2_PLACEMENT_3D('',#11519,#11520,#11521);
#11519 = CARTESIAN_POINT('',(-83.75514155653,-17.96663615722,
    -82.26530659822));
#11520 = DIRECTION('',(-3.173933550746E-08,-7.157690835159E-07,-1.));
#11521 = DIRECTION('',(-4.481045754736E-06,-0.99999999999,
    7.157692257341E-07));
#11522 = ADVANCED_FACE('',(#11523),#11535,.T.);
#11523 = FACE_BOUND('',#11524,.T.);
#11524 = EDGE_LOOP('',(#11525,#11526,#11527,#11534));
#11525 = ORIENTED_EDGE('',*,*,#10237,.F.);
#11526 = ORIENTED_EDGE('',*,*,#3096,.T.);
#11527 = ORIENTED_EDGE('',*,*,#11528,.F.);
#11528 = EDGE_CURVE('',#9588,#3088,#11529,.T.);
#11529 = CIRCLE('',#11530,0.5);
#11530 = AXIS2_PLACEMENT_3D('',#11531,#11532,#11533);
#11531 = CARTESIAN_POINT('',(-48.4577788484,-46.50709435885,
    -62.5958759768));
#11532 = DIRECTION('',(-1.,-2.716668087161E-14,-1.748856170991E-07));
#11533 = DIRECTION('',(1.748856170991E-07,-3.578844065544E-07,-1.));
#11534 = ORIENTED_EDGE('',*,*,#9587,.T.);
#11535 = CYLINDRICAL_SURFACE('',#11536,0.5);
#11536 = AXIS2_PLACEMENT_3D('',#11537,#11538,#11539);
#11537 = CARTESIAN_POINT('',(-62.72877884845,-46.50709435885,
    -62.59587847259));
#11538 = DIRECTION('',(1.,3.121901837134E-14,1.748856296592E-07));
#11539 = DIRECTION('',(1.236627924823E-07,-0.707107034249,
    -0.707106528124));
#11540 = ADVANCED_FACE('',(#11541),#11553,.T.);
#11541 = FACE_BOUND('',#11542,.T.);
#11542 = EDGE_LOOP('',(#11543,#11544,#11545,#11552));
#11543 = ORIENTED_EDGE('',*,*,#11528,.T.);
#11544 = ORIENTED_EDGE('',*,*,#3087,.T.);
#11545 = ORIENTED_EDGE('',*,*,#11546,.F.);
#11546 = EDGE_CURVE('',#9638,#3080,#11547,.T.);
#11547 = CIRCLE('',#11548,0.5);
#11548 = AXIS2_PLACEMENT_3D('',#11549,#11550,#11551);
#11549 = CARTESIAN_POINT('',(-60.95777666233,-46.50709883241,
    -75.09587816287));
#11550 = DIRECTION('',(1.748855993355E-07,-3.578843887908E-07,-1.));
#11551 = DIRECTION('',(1.,3.563211915721E-14,1.748855993355E-07));
#11552 = ORIENTED_EDGE('',*,*,#9645,.T.);
#11553 = TOROIDAL_SURFACE('',#11554,12.5,0.5);
#11554 = AXIS2_PLACEMENT_3D('',#11555,#11556,#11557);
#11555 = CARTESIAN_POINT('',(-48.45777666233,-46.50709883241,
    -75.0958759768));
#11556 = DIRECTION('',(-3.136982108925E-14,-1.,3.578844046967E-07));
#11557 = DIRECTION('',(-1.735566815712E-30,-3.578844046967E-07,-1.));
#11558 = ADVANCED_FACE('',(#11559),#11571,.T.);
#11559 = FACE_BOUND('',#11560,.T.);
#11560 = EDGE_LOOP('',(#11561,#11562,#11563,#11570));
#11561 = ORIENTED_EDGE('',*,*,#11546,.T.);
#11562 = ORIENTED_EDGE('',*,*,#3079,.T.);
#11563 = ORIENTED_EDGE('',*,*,#11564,.F.);
#11564 = EDGE_CURVE('',#9661,#3071,#11565,.T.);
#11565 = CIRCLE('',#11566,0.5);
#11566 = AXIS2_PLACEMENT_3D('',#11567,#11568,#11569);
#11567 = CARTESIAN_POINT('',(-60.95777106599,-46.50711028471,
    -107.0958781628));
#11568 = DIRECTION('',(1.748856348627E-07,-3.578843887908E-07,-1.));
#11569 = DIRECTION('',(1.,3.563211915721E-14,1.748856348627E-07));
#11570 = ORIENTED_EDGE('',*,*,#9660,.T.);
#11571 = CYLINDRICAL_SURFACE('',#11572,0.5);
#11572 = AXIS2_PLACEMENT_3D('',#11573,#11574,#11575);
#11573 = CARTESIAN_POINT('',(-60.95776957947,-46.50711332672,
    -115.5958777656));
#11574 = DIRECTION('',(-1.748856289191E-07,3.578844046967E-07,1.));
#11575 = DIRECTION('',(0.707106781187,-0.707106781186,3.767253035827E-07
    ));
#11576 = ADVANCED_FACE('',(#11577),#11589,.T.);
#11577 = FACE_BOUND('',#11578,.T.);
#11578 = EDGE_LOOP('',(#11579,#11580,#11581,#11588));
#11579 = ORIENTED_EDGE('',*,*,#11564,.T.);
#11580 = ORIENTED_EDGE('',*,*,#3070,.T.);
#11581 = ORIENTED_EDGE('',*,*,#11582,.F.);
#11582 = EDGE_CURVE('',#9702,#3063,#11583,.T.);
#11583 = CIRCLE('',#11584,0.5);
#11584 = AXIS2_PLACEMENT_3D('',#11585,#11586,#11587);
#11585 = CARTESIAN_POINT('',(-48.45776887992,-46.50711475826,
    -119.5958759767));
#11586 = DIRECTION('',(1.,2.716667776502E-14,1.748856170991E-07));
#11587 = DIRECTION('',(-1.748856170991E-07,3.578844065544E-07,1.));
#11588 = ORIENTED_EDGE('',*,*,#9709,.T.);
#11589 = TOROIDAL_SURFACE('',#11590,12.5,0.5);
#11590 = AXIS2_PLACEMENT_3D('',#11591,#11592,#11593);
#11591 = CARTESIAN_POINT('',(-48.45777106599,-46.50711028471,
    -107.0958759767));
#11592 = DIRECTION('',(-3.136982108925E-14,-1.,3.578844046967E-07));
#11593 = DIRECTION('',(-1.735754894808E-30,-3.578844046967E-07,-1.));
#11594 = ADVANCED_FACE('',(#11595),#11614,.T.);
#11595 = FACE_BOUND('',#11596,.T.);
#11596 = EDGE_LOOP('',(#11597,#11598,#11599,#11608));
#11597 = ORIENTED_EDGE('',*,*,#11582,.T.);
#11598 = ORIENTED_EDGE('',*,*,#3062,.T.);
#11599 = ORIENTED_EDGE('',*,*,#11600,.F.);
#11600 = EDGE_CURVE('',#11601,#3055,#11603,.T.);
#11601 = VERTEX_POINT('',#11602);
#11602 = CARTESIAN_POINT('',(-35.99976896747,-46.50711457932,
    -119.095873798));
#11603 = CIRCLE('',#11604,0.5);
#11604 = AXIS2_PLACEMENT_3D('',#11605,#11606,#11607);
#11605 = CARTESIAN_POINT('',(-35.99976888002,-46.50711475826,
    -119.595873798));
#11606 = DIRECTION('',(1.,3.604846499656E-14,1.748856082173E-07));
#11607 = DIRECTION('',(-1.748856082173E-07,3.578843887908E-07,1.));
#11608 = ORIENTED_EDGE('',*,*,#11609,.T.);
#11609 = EDGE_CURVE('',#11601,#9702,#11610,.T.);
#11610 = LINE('',#11611,#11612);
#11611 = CARTESIAN_POINT('',(-53.72876896747,-46.50711457932,
    -119.0958768986));
#11612 = VECTOR('',#11613,1.);
#11613 = DIRECTION('',(-1.,-3.121901108946E-14,-1.748856093122E-07));
#11614 = CYLINDRICAL_SURFACE('',#11615,0.5);
#11615 = AXIS2_PLACEMENT_3D('',#11616,#11617,#11618);
#11616 = CARTESIAN_POINT('',(-53.72876888002,-46.50711475826,
    -119.5958768986));
#11617 = DIRECTION('',(-1.,-3.121901108946E-14,-1.748856093122E-07));
#11618 = DIRECTION('',(-1.236628224584E-07,-0.707106528124,
    0.707107034249));
#11619 = ADVANCED_FACE('',(#11620),#11631,.T.);
#11620 = FACE_BOUND('',#11621,.T.);
#11621 = EDGE_LOOP('',(#11622,#11623,#11629,#11630));
#11622 = ORIENTED_EDGE('',*,*,#2345,.F.);
#11623 = ORIENTED_EDGE('',*,*,#11624,.F.);
#11624 = EDGE_CURVE('',#10645,#2321,#11625,.T.);
#11625 = LINE('',#11626,#11627);
#11626 = CARTESIAN_POINT('',(-60.45822941316,-32.91572706903,
    -45.61059937429));
#11627 = VECTOR('',#11628,1.);
#11628 = DIRECTION('',(-4.495328057765E-13,-1.,3.57884441405E-07));
#11629 = ORIENTED_EDGE('',*,*,#10644,.F.);
#11630 = ORIENTED_EDGE('',*,*,#2069,.F.);
#11631 = PLANE('',#11632);
#11632 = AXIS2_PLACEMENT_3D('',#11633,#11634,#11635);
#11633 = CARTESIAN_POINT('',(-60.45823002397,-45.00709035021,
    -46.595877818));
#11634 = DIRECTION('',(1.,-6.713967219805E-13,-6.199317168778E-07));
#11635 = DIRECTION('',(-6.199317168778E-07,-6.508190038447E-23,-1.));
#11636 = ADVANCED_FACE('',(#11637),#11648,.F.);
#11637 = FACE_BOUND('',#11638,.F.);
#11638 = EDGE_LOOP('',(#11639,#11640,#11641,#11647));
#11639 = ORIENTED_EDGE('',*,*,#11624,.F.);
#11640 = ORIENTED_EDGE('',*,*,#10652,.T.);
#11641 = ORIENTED_EDGE('',*,*,#11642,.F.);
#11642 = EDGE_CURVE('',#2282,#10653,#11643,.T.);
#11643 = LINE('',#11644,#11645);
#11644 = CARTESIAN_POINT('',(-58.70087104436,-32.9157285874,
    -49.85324283692));
#11645 = VECTOR('',#11646,1.);
#11646 = DIRECTION('',(4.49532805739E-13,1.,-3.57884441405E-07));
#11647 = ORIENTED_EDGE('',*,*,#2328,.T.);
#11648 = CYLINDRICAL_SURFACE('',#11649,6.);
#11649 = AXIS2_PLACEMENT_3D('',#11650,#11651,#11652);
#11650 = CARTESIAN_POINT('',(-54.45822941316,-32.91572706903,
    -45.61060309388));
#11651 = DIRECTION('',(-4.495328057765E-13,-1.,3.57884441405E-07));
#11652 = DIRECTION('',(-0.923879693708,-1.369558918372E-07,
    -0.382683043202));
#11653 = ADVANCED_FACE('',(#11654),#11665,.T.);
#11654 = FACE_BOUND('',#11655,.T.);
#11655 = EDGE_LOOP('',(#11656,#11657,#11663,#11664));
#11656 = ORIENTED_EDGE('',*,*,#2281,.F.);
#11657 = ORIENTED_EDGE('',*,*,#11658,.F.);
#11658 = EDGE_CURVE('',#10662,#2257,#11659,.T.);
#11659 = LINE('',#11660,#11661);
#11660 = CARTESIAN_POINT('',(-52.21559706267,-8.733005051268,
    -56.33852835947));
#11661 = VECTOR('',#11662,1.);
#11662 = DIRECTION('',(-4.495328056493E-13,-1.,3.57884441405E-07));
#11663 = ORIENTED_EDGE('',*,*,#10661,.F.);
#11664 = ORIENTED_EDGE('',*,*,#11642,.F.);
#11665 = PLANE('',#11666);
#11666 = AXIS2_PLACEMENT_3D('',#11667,#11668,#11669);
#11667 = CARTESIAN_POINT('',(-55.45823405352,-20.82436681933,
    -53.09588559819));
#11668 = DIRECTION('',(0.707106938534,2.530621412186E-07,0.707106623839)
  );
#11669 = DIRECTION('',(0.707106623839,7.423388808803E-17,-0.707106938534
    ));
#11670 = ADVANCED_FACE('',(#11671),#11689,.F.);
#11671 = FACE_BOUND('',#11672,.T.);
#11672 = EDGE_LOOP('',(#11673,#11674,#11682,#11688));
#11673 = ORIENTED_EDGE('',*,*,#11609,.F.);
#11674 = ORIENTED_EDGE('',*,*,#11675,.F.);
#11675 = EDGE_CURVE('',#11676,#11601,#11678,.T.);
#11676 = VERTEX_POINT('',#11677);
#11677 = CARTESIAN_POINT('',(-35.99976896747,-41.00711457932,
    -119.0958757664));
#11678 = LINE('',#11679,#11680);
#11679 = CARTESIAN_POINT('',(-35.99976896747,-47.00711457932,
    -119.0958736191));
#11680 = VECTOR('',#11681,1.);
#11681 = DIRECTION('',(-3.167965083341E-14,-1.,3.578844050562E-07));
#11682 = ORIENTED_EDGE('',*,*,#11683,.F.);
#11683 = EDGE_CURVE('',#9693,#11676,#11684,.T.);
#11684 = LINE('',#11685,#11686);
#11685 = CARTESIAN_POINT('',(-40.95776896746,-41.00711457932,
    -119.0958766335));
#11686 = VECTOR('',#11687,1.);
#11687 = DIRECTION('',(1.,3.121901108946E-14,1.748856093122E-07));
#11688 = ORIENTED_EDGE('',*,*,#9701,.F.);
#11689 = PLANE('',#11690);
#11690 = AXIS2_PLACEMENT_3D('',#11691,#11692,#11693);
#11691 = CARTESIAN_POINT('',(-30.45776896747,-47.00711457932,
    -119.0958726499));
#11692 = DIRECTION('',(1.748856093122E-07,-3.578844050562E-07,-1.));
#11693 = DIRECTION('',(-1.,-3.096921090892E-14,-1.748856093122E-07));
#11694 = ADVANCED_FACE('',(#11695),#11722,.F.);
#11695 = FACE_BOUND('',#11696,.F.);
#11696 = EDGE_LOOP('',(#11697,#11710,#11721));
#11697 = ORIENTED_EDGE('',*,*,#11698,.F.);
#11698 = EDGE_CURVE('',#11699,#11601,#11701,.T.);
#11699 = VERTEX_POINT('',#11700);
#11700 = CARTESIAN_POINT('',(-34.99976879258,-46.0071149372,
    -120.0958738021));
#11701 = B_SPLINE_CURVE_WITH_KNOTS('',3,(#11702,#11703,#11704,#11705,
    #11706,#11707,#11708,#11709),.UNSPECIFIED.,.F.,.F.,(4,2,1,1,4),(
    -3.900304007016E-04,0.,5.684191259683E-02,7.578921679577E-02,
    9.473652099471E-02),.UNSPECIFIED.);
#11702 = CARTESIAN_POINT('',(-34.99976879258,-46.0071149372,
    -120.0958738021));
#11703 = CARTESIAN_POINT('',(-34.9997687929,-46.00803424352,
    -120.0940351878));
#11704 = CARTESIAN_POINT('',(-34.99977217813,-46.00895574075,
    -120.0921921917));
#11705 = CARTESIAN_POINT('',(-35.00161685269,-46.14339049262,
    -119.8233224477));
#11706 = CARTESIAN_POINT('',(-35.14033190498,-46.32814037385,
    -119.4538223789));
#11707 = CARTESIAN_POINT('',(-35.61962859279,-46.48193961865,
    -119.1462236979));
#11708 = CARTESIAN_POINT('',(-35.87345360614,-46.50711457932,
    -119.0958737759));
#11709 = CARTESIAN_POINT('',(-35.99976896747,-46.50711457932,
    -119.095873798));
#11710 = ORIENTED_EDGE('',*,*,#11711,.F.);
#11711 = EDGE_CURVE('',#3055,#11699,#11712,.T.);
#11712 = B_SPLINE_CURVE_WITH_KNOTS('',3,(#11713,#11714,#11715,#11716,
    #11717,#11718,#11719,#11720),.UNSPECIFIED.,.F.,.F.,(4,1,1,2,4),(
    -9.473652099471E-02,-7.578921679577E-02,-5.684191259683E-02,0.,
    3.900304007016E-04),.UNSPECIFIED.);
#11713 = CARTESIAN_POINT('',(-35.99976888002,-47.00711475826,
    -119.5958736191));
#11714 = CARTESIAN_POINT('',(-35.8734535187,-47.00711475826,
    -119.595873597));
#11715 = CARTESIAN_POINT('',(-35.61962850975,-46.95676480989,
    -119.6210485493));
#11716 = CARTESIAN_POINT('',(-35.14033184884,-46.64916615517,
    -119.7748479305));
#11717 = CARTESIAN_POINT('',(-35.00161682885,-46.27966619435,
    -119.9595980519));
#11718 = CARTESIAN_POINT('',(-34.99977217781,-46.01079654627,
    -120.0940329959));
#11719 = CARTESIAN_POINT('',(-34.99976879274,-46.00895355082,
    -120.0949544944));
#11720 = CARTESIAN_POINT('',(-34.99976879258,-46.0071149372,
    -120.0958738021));
#11721 = ORIENTED_EDGE('',*,*,#11600,.F.);
#11722 = B_SPLINE_SURFACE_WITH_KNOTS('',3,3,(
    (#11723,#11724,#11725,#11726,#11727,#11728,#11729,#11730)
    ,(#11731,#11732,#11733,#11734,#11735,#11736,#11737,#11738)
    ,(#11739,#11740,#11741,#11742,#11743,#11744,#11745,#11746)
    ,(#11747,#11748,#11749,#11750,#11751,#11752,#11753,#11754
  )),.UNSPECIFIED.,.F.,.F.,.F.,(4,4),(4,2,1,1,4),(0.,1.),(
    -3.900304007016E-04,0.,5.684191259683E-02,7.578921679577E-02,
    9.473652099471E-02),.UNSPECIFIED.);
#11723 = CARTESIAN_POINT('',(-34.99976879258,-46.0071149372,
    -120.0958738021));
#11724 = CARTESIAN_POINT('',(-34.9997687929,-46.00803424352,
    -120.0940351878));
#11725 = CARTESIAN_POINT('',(-34.99977217813,-46.00895574075,
    -120.0921921917));
#11726 = CARTESIAN_POINT('',(-35.00161685269,-46.14339049262,
    -119.8233224477));
#11727 = CARTESIAN_POINT('',(-35.14033190498,-46.32814037385,
    -119.4538223789));
#11728 = CARTESIAN_POINT('',(-35.61962859279,-46.48193961865,
    -119.1462236979));
#11729 = CARTESIAN_POINT('',(-35.87345360614,-46.50711457932,
    -119.0958737759));
#11730 = CARTESIAN_POINT('',(-35.99976896747,-46.50711457932,
    -119.095873798));
#11731 = CARTESIAN_POINT('',(-34.99976879258,-46.0071149372,
    -120.0958738021));
#11732 = CARTESIAN_POINT('',(-34.99988183208,-46.00833487801,
    -120.0943488311));
#11733 = CARTESIAN_POINT('',(-34.9996517997,-46.00957453661,
    -120.0927973718));
#11734 = CARTESIAN_POINT('',(-35.00819412245,-46.18868743527,
    -119.8694084604));
#11735 = CARTESIAN_POINT('',(-35.06842309767,-46.43466305073,
    -119.5578348146));
#11736 = CARTESIAN_POINT('',(-35.52516244426,-46.71076520436,
    -119.1768240289));
#11737 = CARTESIAN_POINT('',(-35.83978244418,-46.76974625376,
    -119.0947848396));
#11738 = CARTESIAN_POINT('',(-35.99976896747,-46.76891396712,
    -119.0958737043));
#11739 = CARTESIAN_POINT('',(-34.99976879258,-46.0071149372,
    -120.0958738021));
#11740 = CARTESIAN_POINT('',(-34.99988183202,-46.00863990728,
    -120.0946538602));
#11741 = CARTESIAN_POINT('',(-34.99965179959,-46.01019136567,
    -120.0934142004));
#11742 = CARTESIAN_POINT('',(-35.0081941146,-46.2335801503,
    -119.9143011434));
#11743 = CARTESIAN_POINT('',(-35.06842307835,-46.54515363063,
    -119.6683253154));
#11744 = CARTESIAN_POINT('',(-35.52516240659,-46.9261642986,
    -119.392222969));
#11745 = CARTESIAN_POINT('',(-35.83978240248,-47.0082035007,
    -119.3332419159));
#11746 = CARTESIAN_POINT('',(-35.99976892581,-47.00711466457,
    -119.3340742313));
#11747 = CARTESIAN_POINT('',(-34.99976879258,-46.0071149372,
    -120.0958738021));
#11748 = CARTESIAN_POINT('',(-34.99976879274,-46.00895355082,
    -120.0949544944));
#11749 = CARTESIAN_POINT('',(-34.99977217781,-46.01079654627,
    -120.0940329959));
#11750 = CARTESIAN_POINT('',(-35.00161682885,-46.27966619435,
    -119.9595980519));
#11751 = CARTESIAN_POINT('',(-35.14033184884,-46.64916615517,
    -119.7748479305));
#11752 = CARTESIAN_POINT('',(-35.61962850975,-46.95676480989,
    -119.6210485493));
#11753 = CARTESIAN_POINT('',(-35.8734535187,-47.00711475826,
    -119.595873597));
#11754 = CARTESIAN_POINT('',(-35.99976888002,-47.00711475826,
    -119.5958736191));
#11755 = ADVANCED_FACE('',(#11756),#11775,.F.);
#11756 = FACE_BOUND('',#11757,.F.);
#11757 = EDGE_LOOP('',(#11758,#11759,#11760,#11768));
#11758 = ORIENTED_EDGE('',*,*,#11683,.F.);
#11759 = ORIENTED_EDGE('',*,*,#9734,.F.);
#11760 = ORIENTED_EDGE('',*,*,#11761,.F.);
#11761 = EDGE_CURVE('',#11762,#9735,#11764,.T.);
#11762 = VERTEX_POINT('',#11763);
#11763 = CARTESIAN_POINT('',(-35.99977089121,-30.00711064259,
    -108.0958797031));
#11764 = LINE('',#11765,#11766);
#11765 = CARTESIAN_POINT('',(-40.95777089121,-30.00711064259,
    -108.0958805702));
#11766 = VECTOR('',#11767,1.);
#11767 = DIRECTION('',(-1.,-3.121901108946E-14,-1.748856093122E-07));
#11768 = ORIENTED_EDGE('',*,*,#11769,.T.);
#11769 = EDGE_CURVE('',#11762,#11676,#11770,.T.);
#11770 = CIRCLE('',#11771,11.);
#11771 = AXIS2_PLACEMENT_3D('',#11772,#11773,#11774);
#11772 = CARTESIAN_POINT('',(-35.99977089121,-41.00711064259,
    -108.0958757664));
#11773 = DIRECTION('',(-1.,-3.090913409717E-14,-1.748854772071E-07));
#11774 = DIRECTION('',(1.236627292651E-07,0.707106528124,-0.707107034249
    ));
#11775 = CYLINDRICAL_SURFACE('',#11776,11.);
#11776 = AXIS2_PLACEMENT_3D('',#11777,#11778,#11779);
#11777 = CARTESIAN_POINT('',(-40.95777089121,-41.00711064259,
    -108.0958766335));
#11778 = DIRECTION('',(-1.,-3.121901108946E-14,-1.748856093122E-07));
#11779 = DIRECTION('',(1.236628224584E-07,0.707106528124,-0.707107034249
    ));
#11780 = ADVANCED_FACE('',(#11781),#11807,.T.);
#11781 = FACE_BOUND('',#11782,.T.);
#11782 = EDGE_LOOP('',(#11783,#11784,#11785,#11786,#11787,#11788,#11789,
    #11797,#11804,#11805,#11806));
#11783 = ORIENTED_EDGE('',*,*,#9987,.F.);
#11784 = ORIENTED_EDGE('',*,*,#9837,.F.);
#11785 = ORIENTED_EDGE('',*,*,#9799,.F.);
#11786 = ORIENTED_EDGE('',*,*,#9763,.F.);
#11787 = ORIENTED_EDGE('',*,*,#9743,.F.);
#11788 = ORIENTED_EDGE('',*,*,#11761,.F.);
#11789 = ORIENTED_EDGE('',*,*,#11790,.F.);
#11790 = EDGE_CURVE('',#11791,#11762,#11793,.T.);
#11791 = VERTEX_POINT('',#11792);
#11792 = CARTESIAN_POINT('',(-35.99977229253,-30.00710777493,
    -100.0830744583));
#11793 = LINE('',#11794,#11795);
#11794 = CARTESIAN_POINT('',(-35.99977097865,-30.00711046365,
    -107.595879306));
#11795 = VECTOR('',#11796,1.);
#11796 = DIRECTION('',(1.748854772071E-07,-3.578844046967E-07,-1.));
#11797 = ORIENTED_EDGE('',*,*,#11798,.F.);
#11798 = EDGE_CURVE('',#9882,#11791,#11799,.T.);
#11799 = CIRCLE('',#11800,1.);
#11800 = AXIS2_PLACEMENT_3D('',#11801,#11802,#11803);
#11801 = CARTESIAN_POINT('',(-36.99977229253,-30.00710777493,
    -100.0830746332));
#11802 = DIRECTION('',(3.136982107644E-14,1.,-3.578844046967E-07));
#11803 = DIRECTION('',(0.866025316342,1.789422293848E-07,0.500000151455)
  );
#11804 = ORIENTED_EDGE('',*,*,#9881,.F.);
#11805 = ORIENTED_EDGE('',*,*,#9923,.F.);
#11806 = ORIENTED_EDGE('',*,*,#9957,.F.);
#11807 = PLANE('',#11808);
#11808 = AXIS2_PLACEMENT_3D('',#11809,#11810,#11811);
#11809 = CARTESIAN_POINT('',(-51.45777386426,-30.00710455856,
    -91.09588240654));
#11810 = DIRECTION('',(-3.136982108925E-14,-1.,3.578844046967E-07));
#11811 = DIRECTION('',(1.,3.121896327471E-14,1.748854757083E-07));
#11812 = ADVANCED_FACE('',(#11813),#11833,.F.);
#11813 = FACE_BOUND('',#11814,.F.);
#11814 = EDGE_LOOP('',(#11815,#11824,#11831,#11832));
#11815 = ORIENTED_EDGE('',*,*,#11816,.F.);
#11816 = EDGE_CURVE('',#11817,#9890,#11819,.T.);
#11817 = VERTEX_POINT('',#11818);
#11818 = CARTESIAN_POINT('',(-34.99977229253,-29.00710777493,
    -100.0830746413));
#11819 = CIRCLE('',#11820,2.);
#11820 = AXIS2_PLACEMENT_3D('',#11821,#11822,#11823);
#11821 = CARTESIAN_POINT('',(-36.99977229253,-29.00710777493,
    -100.0830749911));
#11822 = DIRECTION('',(-3.136982107644E-14,-1.,3.578844046967E-07));
#11823 = DIRECTION('',(0.866025316342,1.789422293848E-07,0.500000151455)
  );
#11824 = ORIENTED_EDGE('',*,*,#11825,.T.);
#11825 = EDGE_CURVE('',#11817,#11791,#11826,.T.);
#11826 = CIRCLE('',#11827,1.);
#11827 = AXIS2_PLACEMENT_3D('',#11828,#11829,#11830);
#11828 = CARTESIAN_POINT('',(-35.99977229253,-29.00710777493,
    -100.0830748162));
#11829 = DIRECTION('',(1.748854749906E-07,-3.578844065544E-07,-1.));
#11830 = DIRECTION('',(1.,3.119122705871E-14,1.748854749906E-07));
#11831 = ORIENTED_EDGE('',*,*,#11798,.F.);
#11832 = ORIENTED_EDGE('',*,*,#9889,.F.);
#11833 = ( BOUNDED_SURFACE() B_SPLINE_SURFACE(2,2,(
    (#11834,#11835,#11836)
    ,(#11837,#11838,#11839)
    ,(#11840,#11841,#11842
)),.UNSPECIFIED.,.F.,.F.,.F.) B_SPLINE_SURFACE_WITH_KNOTS((3,3),(3,3),(
    -1.570796326795,4.175455441817E-15),(0.523598600713,1.570796151909),
.PIECEWISE_BEZIER_KNOTS.) GEOMETRIC_REPRESENTATION_ITEM() 
RATIONAL_B_SPLINE_SURFACE((
    (1.,0.866025403784,1.)
    ,(0.707106781187,0.612372435696,0.707106781187)
,(1.,0.866025403784,1.))) REPRESENTATION_ITEM('') SURFACE() );
#11834 = CARTESIAN_POINT('',(-36.49977244398,-30.007107465,-99.217049142
    ));
#11835 = CARTESIAN_POINT('',(-35.9997723935,-30.00710756831,
    -99.50572418915));
#11836 = CARTESIAN_POINT('',(-35.99977229253,-30.00710777493,
    -100.0830744583));
#11837 = CARTESIAN_POINT('',(-35.99977259544,-30.00710715506,
    -98.35102365077));
#11838 = CARTESIAN_POINT('',(-34.99977249447,-30.00710736168,
    -98.92837374508));
#11839 = CARTESIAN_POINT('',(-34.99977229253,-30.00710777493,
    -100.0830742834));
#11840 = CARTESIAN_POINT('',(-35.99977259544,-29.00710715506,
    -98.35102400866));
#11841 = CARTESIAN_POINT('',(-34.99977249447,-29.00710736168,
    -98.92837410296));
#11842 = CARTESIAN_POINT('',(-34.99977229253,-29.00710777493,
    -100.0830746413));
#11843 = ADVANCED_FACE('',(#11844),#11869,.F.);
#11844 = FACE_BOUND('',#11845,.T.);
#11845 = EDGE_LOOP('',(#11846,#11847,#11855,#11863));
#11846 = ORIENTED_EDGE('',*,*,#9898,.F.);
#11847 = ORIENTED_EDGE('',*,*,#11848,.F.);
#11848 = EDGE_CURVE('',#11849,#9890,#11851,.T.);
#11849 = VERTEX_POINT('',#11850);
#11850 = CARTESIAN_POINT('',(-35.99977259544,-25.10710715506,
    -98.35102540441));
#11851 = LINE('',#11852,#11853);
#11852 = CARTESIAN_POINT('',(-35.99977259544,-45.00710715506,
    -98.35101828251));
#11853 = VECTOR('',#11854,1.);
#11854 = DIRECTION('',(-3.167965080183E-14,-1.,3.578844048756E-07));
#11855 = ORIENTED_EDGE('',*,*,#11856,.F.);
#11856 = EDGE_CURVE('',#11857,#11849,#11859,.T.);
#11857 = VERTEX_POINT('',#11858);
#11858 = CARTESIAN_POINT('',(-45.49977355466,-25.10710519213,
    -92.86619950852));
#11859 = LINE('',#11860,#11861);
#11860 = CARTESIAN_POINT('',(-44.80381157352,-25.10710533593,
    -93.26801318339));
#11861 = VECTOR('',#11862,1.);
#11862 = DIRECTION('',(0.866025491227,-1.789421759643E-07,
    -0.499999848545));
#11863 = ORIENTED_EDGE('',*,*,#11864,.F.);
#11864 = EDGE_CURVE('',#9871,#11857,#11865,.T.);
#11865 = LINE('',#11866,#11867);
#11866 = CARTESIAN_POINT('',(-45.49977355466,-43.00710519213,
    -92.86619310239));
#11867 = VECTOR('',#11868,1.);
#11868 = DIRECTION('',(3.136982108925E-14,1.,-3.578844046967E-07));
#11869 = PLANE('',#11870);
#11870 = AXIS2_PLACEMENT_3D('',#11871,#11872,#11873);
#11871 = CARTESIAN_POINT('',(-35.99977259544,-43.00710715506,
    -98.35101899827));
#11872 = DIRECTION('',(-0.499999848545,-3.099370016951E-07,
    -0.866025491227));
#11873 = DIRECTION('',(-0.866025491227,1.789421753119E-07,0.499999848545
    ));
#11874 = ADVANCED_FACE('',(#11875),#11894,.F.);
#11875 = FACE_BOUND('',#11876,.F.);
#11876 = EDGE_LOOP('',(#11877,#11885,#11892,#11893));
#11877 = ORIENTED_EDGE('',*,*,#11878,.T.);
#11878 = EDGE_CURVE('',#9913,#11879,#11881,.T.);
#11879 = VERTEX_POINT('',#11880);
#11880 = CARTESIAN_POINT('',(-47.49977416048,-25.10710395238,
    -89.40209824315));
#11881 = LINE('',#11882,#11883);
#11882 = CARTESIAN_POINT('',(-47.49977416048,-43.00710395238,
    -89.40209183702));
#11883 = VECTOR('',#11884,1.);
#11884 = DIRECTION('',(3.136982108925E-14,1.,-3.578844046967E-07));
#11885 = ORIENTED_EDGE('',*,*,#11886,.T.);
#11886 = EDGE_CURVE('',#11879,#11857,#11887,.T.);
#11887 = CIRCLE('',#11888,4.);
#11888 = AXIS2_PLACEMENT_3D('',#11889,#11890,#11891);
#11889 = CARTESIAN_POINT('',(-43.49977416048,-25.10710395238,
    -89.40209754361));
#11890 = DIRECTION('',(-3.221636610625E-14,-1.,3.578844045351E-07));
#11891 = DIRECTION('',(-0.866025316342,-1.789422285708E-07,
    -0.500000151455));
#11892 = ORIENTED_EDGE('',*,*,#11864,.F.);
#11893 = ORIENTED_EDGE('',*,*,#9931,.T.);
#11894 = CYLINDRICAL_SURFACE('',#11895,4.);
#11895 = AXIS2_PLACEMENT_3D('',#11896,#11897,#11898);
#11896 = CARTESIAN_POINT('',(-43.49977416048,-43.00710395238,
    -89.40209113748));
#11897 = DIRECTION('',(3.136982108925E-14,1.,-3.578844046967E-07));
#11898 = DIRECTION('',(-1.,-3.121894632852E-14,-1.748854283573E-07));
#11899 = ADVANCED_FACE('',(#11900),#11918,.F.);
#11900 = FACE_BOUND('',#11901,.T.);
#11901 = EDGE_LOOP('',(#11902,#11903,#11904,#11912));
#11902 = ORIENTED_EDGE('',*,*,#9964,.F.);
#11903 = ORIENTED_EDGE('',*,*,#11878,.T.);
#11904 = ORIENTED_EDGE('',*,*,#11905,.F.);
#11905 = EDGE_CURVE('',#11906,#11879,#11908,.T.);
#11906 = VERTEX_POINT('',#11907);
#11907 = CARTESIAN_POINT('',(-47.49977607891,-25.10710002651,
    -78.43244312855));
#11908 = LINE('',#11909,#11910);
#11909 = CARTESIAN_POINT('',(-47.49977405609,-25.107104166,
    -89.9989904584));
#11910 = VECTOR('',#11911,1.);
#11911 = DIRECTION('',(1.748854124336E-07,-3.578844045351E-07,-1.));
#11912 = ORIENTED_EDGE('',*,*,#11913,.F.);
#11913 = EDGE_CURVE('',#9947,#11906,#11914,.T.);
#11914 = LINE('',#11915,#11916);
#11915 = CARTESIAN_POINT('',(-47.49977607891,-43.00710002651,
    -78.43243672242));
#11916 = VECTOR('',#11917,1.);
#11917 = DIRECTION('',(3.136982108925E-14,1.,-3.578844046967E-07));
#11918 = PLANE('',#11919);
#11919 = AXIS2_PLACEMENT_3D('',#11920,#11921,#11922);
#11920 = CARTESIAN_POINT('',(-47.49977416048,-43.00710395238,
    -89.40209183702));
#11921 = DIRECTION('',(-1.,-3.121894062969E-14,-1.748854124336E-07));
#11922 = DIRECTION('',(-1.748854124336E-07,3.578844046967E-07,1.));
#11923 = ADVANCED_FACE('',(#11924),#11944,.F.);
#11924 = FACE_BOUND('',#11925,.F.);
#11925 = EDGE_LOOP('',(#11926,#11934,#11941,#11942,#11943));
#11926 = ORIENTED_EDGE('',*,*,#11927,.T.);
#11927 = EDGE_CURVE('',#10011,#11928,#11930,.T.);
#11928 = VERTEX_POINT('',#11929);
#11929 = CARTESIAN_POINT('',(-43.9997771391,-25.10709785695,
    -72.37026468996));
#11930 = LINE('',#11931,#11932);
#11931 = CARTESIAN_POINT('',(-43.9997771391,-43.00709785695,
    -72.37025828383));
#11932 = VECTOR('',#11933,1.);
#11933 = DIRECTION('',(3.136982108925E-14,1.,-3.578844046967E-07));
#11934 = ORIENTED_EDGE('',*,*,#11935,.T.);
#11935 = EDGE_CURVE('',#11928,#11906,#11936,.T.);
#11936 = CIRCLE('',#11937,7.);
#11937 = AXIS2_PLACEMENT_3D('',#11938,#11939,#11940);
#11938 = CARTESIAN_POINT('',(-40.49977607891,-25.10710002651,
    -78.43244190435));
#11939 = DIRECTION('',(-3.221636610625E-14,-1.,3.578844045351E-07));
#11940 = DIRECTION('',(-0.866025491227,1.789421759643E-07,0.499999848545
    ));
#11941 = ORIENTED_EDGE('',*,*,#11913,.F.);
#11942 = ORIENTED_EDGE('',*,*,#9995,.T.);
#11943 = ORIENTED_EDGE('',*,*,#10010,.T.);
#11944 = CYLINDRICAL_SURFACE('',#11945,7.);
#11945 = AXIS2_PLACEMENT_3D('',#11946,#11947,#11948);
#11946 = CARTESIAN_POINT('',(-40.49977607891,-43.00710002651,
    -78.43243549822));
#11947 = DIRECTION('',(3.136982108925E-14,1.,-3.578844046967E-07));
#11948 = DIRECTION('',(-0.500000151455,3.099369704761E-07,0.866025316342
    ));
#11949 = ADVANCED_FACE('',(#11950),#11963,.F.);
#11950 = FACE_BOUND('',#11951,.T.);
#11951 = EDGE_LOOP('',(#11952,#11953,#11954,#11955,#11956,#11962));
#11952 = ORIENTED_EDGE('',*,*,#10142,.F.);
#11953 = ORIENTED_EDGE('',*,*,#10090,.F.);
#11954 = ORIENTED_EDGE('',*,*,#10052,.F.);
#11955 = ORIENTED_EDGE('',*,*,#11927,.T.);
#11956 = ORIENTED_EDGE('',*,*,#11957,.F.);
#11957 = EDGE_CURVE('',#10176,#11928,#11958,.T.);
#11958 = LINE('',#11959,#11960);
#11959 = CARTESIAN_POINT('',(-52.07073823503,-25.10709952461,
    -77.03003813331));
#11960 = VECTOR('',#11961,1.);
#11961 = DIRECTION('',(-0.866025316342,-1.789422285708E-07,
    -0.500000151455));
#11962 = ORIENTED_EDGE('',*,*,#10175,.F.);
#11963 = PLANE('',#11964);
#11964 = AXIS2_PLACEMENT_3D('',#11965,#11966,#11967);
#11965 = CARTESIAN_POINT('',(-43.9997771391,-43.00709785695,
    -72.37025828383));
#11966 = DIRECTION('',(-0.500000151455,3.099369704761E-07,0.866025316342
    ));
#11967 = DIRECTION('',(0.866025316342,1.789422293848E-07,0.500000151455)
  );
#11968 = ADVANCED_FACE('',(#11969),#11980,.T.);
#11969 = FACE_BOUND('',#11970,.T.);
#11970 = EDGE_LOOP('',(#11971,#11972,#11973));
#11971 = ORIENTED_EDGE('',*,*,#2957,.F.);
#11972 = ORIENTED_EDGE('',*,*,#10183,.F.);
#11973 = ORIENTED_EDGE('',*,*,#11974,.T.);
#11974 = EDGE_CURVE('',#10176,#2869,#11975,.T.);
#11975 = CIRCLE('',#11976,2.);
#11976 = AXIS2_PLACEMENT_3D('',#11977,#11978,#11979);
#11977 = CARTESIAN_POINT('',(-36.99977824977,-25.10709558408,
    -66.01941050468));
#11978 = DIRECTION('',(0.866025316342,1.78942228618E-07,0.500000151455)
  );
#11979 = DIRECTION('',(0.353553497688,0.707106562028,-0.612372626927));
#11980 = SPHERICAL_SURFACE('',#11981,2.);
#11981 = AXIS2_PLACEMENT_3D('',#11982,#11983,#11984);
#11982 = CARTESIAN_POINT('',(-36.99977824977,-25.10709558408,
    -66.01941050468));
#11983 = DIRECTION('',(0.,0.,1.));
#11984 = DIRECTION('',(1.,0.,-0.));
#11985 = ADVANCED_FACE('',(#11986),#11999,.F.);
#11986 = FACE_BOUND('',#11987,.F.);
#11987 = EDGE_LOOP('',(#11988,#11989,#11990,#11997,#11998));
#11988 = ORIENTED_EDGE('',*,*,#11658,.F.);
#11989 = ORIENTED_EDGE('',*,*,#10669,.T.);
#11990 = ORIENTED_EDGE('',*,*,#11991,.F.);
#11991 = EDGE_CURVE('',#790,#10670,#11992,.T.);
#11992 = CIRCLE('',#11993,6.);
#11993 = AXIS2_PLACEMENT_3D('',#11994,#11995,#11996);
#11994 = CARTESIAN_POINT('',(-47.97295543148,-43.00709036118,
    -52.09587635027));
#11995 = DIRECTION('',(-9.685119231007E-08,1.,-3.578844587366E-07));
#11996 = DIRECTION('',(-0.923879523396,4.747762754318E-08,0.382683454371
    ));
#11997 = ORIENTED_EDGE('',*,*,#797,.F.);
#11998 = ORIENTED_EDGE('',*,*,#2264,.T.);
#11999 = CYLINDRICAL_SURFACE('',#12000,6.);
#12000 = AXIS2_PLACEMENT_3D('',#12001,#12002,#12003);
#12001 = CARTESIAN_POINT('',(-47.97295543146,-8.733003532895,
    -52.09588861643));
#12002 = DIRECTION('',(4.495328056868E-13,1.,-3.57884441405E-07));
#12003 = DIRECTION('',(-0.382683454371,-3.306419351274E-07,
    -0.923879523396));
#12004 = ADVANCED_FACE('',(#12005),#12015,.F.);
#12005 = FACE_BOUND('',#12006,.T.);
#12006 = EDGE_LOOP('',(#12007,#12008,#12009));
#12007 = ORIENTED_EDGE('',*,*,#11991,.F.);
#12008 = ORIENTED_EDGE('',*,*,#789,.F.);
#12009 = ORIENTED_EDGE('',*,*,#12010,.F.);
#12010 = EDGE_CURVE('',#10670,#782,#12011,.T.);
#12011 = LINE('',#12012,#12013);
#12012 = CARTESIAN_POINT('',(-50.44978189314,-43.00708451703,
    -35.09587678343));
#12013 = VECTOR('',#12014,1.);
#12014 = DIRECTION('',(1.748854537291E-07,-3.578844417987E-07,-1.));
#12015 = PLANE('',#12016);
#12016 = AXIS2_PLACEMENT_3D('',#12017,#12018,#12019);
#12017 = CARTESIAN_POINT('',(-50.44978189314,-43.00708451703,
    -35.09587678343));
#12018 = DIRECTION('',(9.685119231007E-08,-1.,3.578844587366E-07));
#12019 = DIRECTION('',(1.748854537291E-07,-3.578844417987E-07,-1.));
#12020 = ADVANCED_FACE('',(#12021),#12046,.T.);
#12021 = FACE_BOUND('',#12022,.T.);
#12022 = EDGE_LOOP('',(#12023,#12024,#12033,#12039,#12040));
#12023 = ORIENTED_EDGE('',*,*,#773,.F.);
#12024 = ORIENTED_EDGE('',*,*,#12025,.T.);
#12025 = EDGE_CURVE('',#765,#12026,#12028,.T.);
#12026 = VERTEX_POINT('',#12027);
#12027 = CARTESIAN_POINT('',(-44.09977972292,-35.60709256943,
    -57.59587832126));
#12028 = ELLIPSE('',#12029,0.707106781187,0.5);
#12029 = AXIS2_PLACEMENT_3D('',#12030,#12031,#12032);
#12030 = CARTESIAN_POINT('',(-44.59977972292,-35.60709256943,
    -57.5958784087));
#12031 = DIRECTION('',(-1.236627056994E-07,-0.707106528124,
    0.707107034249));
#12032 = DIRECTION('',(1.236626577945E-07,-0.707107034249,
    -0.707106528124));
#12033 = ORIENTED_EDGE('',*,*,#12034,.T.);
#12034 = EDGE_CURVE('',#12026,#10290,#12035,.T.);
#12035 = LINE('',#12036,#12037);
#12036 = CARTESIAN_POINT('',(-44.0997796792,-35.8570926589,
    -57.84587823178));
#12037 = VECTOR('',#12038,1.);
#12038 = DIRECTION('',(-1.23662657535E-07,0.707107034249,0.707106528124)
  );
#12039 = ORIENTED_EDGE('',*,*,#10315,.T.);
#12040 = ORIENTED_EDGE('',*,*,#12041,.T.);
#12041 = EDGE_CURVE('',#10308,#774,#12042,.T.);
#12042 = LINE('',#12043,#12044);
#12043 = CARTESIAN_POINT('',(-50.44977813823,-37.58209211296,
    -59.57087756166));
#12044 = VECTOR('',#12045,1.);
#12045 = DIRECTION('',(1.921468251602E-07,-0.707107034249,
    -0.707106528124));
#12046 = PLANE('',#12047);
#12047 = AXIS2_PLACEMENT_3D('',#12048,#12049,#12050);
#12048 = CARTESIAN_POINT('',(-54.22477972292,-35.60709256943,
    -57.59588009197));
#12049 = DIRECTION('',(-1.236627056994E-07,-0.707106528124,
    0.707107034249));
#12050 = DIRECTION('',(1.,3.12189520545E-14,1.7488544419E-07));
#12051 = ADVANCED_FACE('',(#12052),#12062,.T.);
#12052 = FACE_BOUND('',#12053,.T.);
#12053 = EDGE_LOOP('',(#12054,#12055,#12056));
#12054 = ORIENTED_EDGE('',*,*,#12025,.F.);
#12055 = ORIENTED_EDGE('',*,*,#764,.F.);
#12056 = ORIENTED_EDGE('',*,*,#12057,.T.);
#12057 = EDGE_CURVE('',#757,#12026,#12058,.T.);
#12058 = LINE('',#12059,#12060);
#12059 = CARTESIAN_POINT('',(-44.09977963548,-35.60709274837,
    -58.09587832126));
#12060 = VECTOR('',#12061,1.);
#12061 = DIRECTION('',(-1.748854416799E-07,3.578844046967E-07,1.));
#12062 = CYLINDRICAL_SURFACE('',#12063,0.5);
#12063 = AXIS2_PLACEMENT_3D('',#12064,#12065,#12066);
#12064 = CARTESIAN_POINT('',(-44.59977963548,-35.60709274837,
    -58.0958784087));
#12065 = DIRECTION('',(-1.748854416799E-07,3.578844046967E-07,1.));
#12066 = DIRECTION('',(0.707106781187,-0.707106781186,3.767251711846E-07
    ));
#12067 = ADVANCED_FACE('',(#12068),#12088,.T.);
#12068 = FACE_BOUND('',#12069,.T.);
#12069 = EDGE_LOOP('',(#12070,#12071,#12079,#12085,#12086,#12087));
#12070 = ORIENTED_EDGE('',*,*,#756,.F.);
#12071 = ORIENTED_EDGE('',*,*,#12072,.F.);
#12072 = EDGE_CURVE('',#12073,#748,#12075,.T.);
#12073 = VERTEX_POINT('',#12074);
#12074 = CARTESIAN_POINT('',(-44.09977972292,-30.40709256943,
    -57.59588018225));
#12075 = LINE('',#12076,#12077);
#12076 = CARTESIAN_POINT('',(-44.09977963548,-30.40709274837,
    -58.09588018225));
#12077 = VECTOR('',#12078,1.);
#12078 = DIRECTION('',(1.748854416799E-07,-3.578844046967E-07,-1.));
#12079 = ORIENTED_EDGE('',*,*,#12080,.F.);
#12080 = EDGE_CURVE('',#10292,#12073,#12081,.T.);
#12081 = LINE('',#12082,#12083);
#12082 = CARTESIAN_POINT('',(-44.09977995027,-31.70709210418,
    -56.295879717));
#12083 = VECTOR('',#12084,1.);
#12084 = DIRECTION('',(1.236627059504E-07,0.707106528124,-0.707107034249
    ));
#12085 = ORIENTED_EDGE('',*,*,#10289,.F.);
#12086 = ORIENTED_EDGE('',*,*,#12034,.F.);
#12087 = ORIENTED_EDGE('',*,*,#12057,.F.);
#12088 = PLANE('',#12089);
#12089 = AXIS2_PLACEMENT_3D('',#12090,#12091,#12092);
#12090 = CARTESIAN_POINT('',(-44.09977963548,-36.10709274837,
    -58.09587814231));
#12091 = DIRECTION('',(1.,2.835385942004E-14,1.748854416799E-07));
#12092 = DIRECTION('',(3.42349127755E-14,1.,-3.578844047527E-07));
#12093 = ADVANCED_FACE('',(#12094),#12105,.T.);
#12094 = FACE_BOUND('',#12095,.T.);
#12095 = EDGE_LOOP('',(#12096,#12103,#12104));
#12096 = ORIENTED_EDGE('',*,*,#12097,.F.);
#12097 = EDGE_CURVE('',#12073,#740,#12098,.T.);
#12098 = ELLIPSE('',#12099,0.707106781187,0.5);
#12099 = AXIS2_PLACEMENT_3D('',#12100,#12101,#12102);
#12100 = CARTESIAN_POINT('',(-44.59977972292,-30.40709256943,
    -57.5958802697));
#12101 = DIRECTION('',(-1.236626602435E-07,0.707107034249,0.707106528124
    ));
#12102 = DIRECTION('',(1.236627032376E-07,0.707106528124,-0.707107034249
    ));
#12103 = ORIENTED_EDGE('',*,*,#12072,.T.);
#12104 = ORIENTED_EDGE('',*,*,#747,.F.);
#12105 = CYLINDRICAL_SURFACE('',#12106,0.5);
#12106 = AXIS2_PLACEMENT_3D('',#12107,#12108,#12109);
#12107 = CARTESIAN_POINT('',(-44.59977963548,-30.40709274837,
    -58.0958802697));
#12108 = DIRECTION('',(-1.748854416799E-07,3.578844046967E-07,1.));
#12109 = DIRECTION('',(0.707106781187,0.707106781187,-1.293998076993E-07
    ));
#12110 = ADVANCED_FACE('',(#12111),#12123,.T.);
#12111 = FACE_BOUND('',#12112,.T.);
#12112 = EDGE_LOOP('',(#12113,#12114,#12115,#12116,#12117));
#12113 = ORIENTED_EDGE('',*,*,#10299,.T.);
#12114 = ORIENTED_EDGE('',*,*,#12080,.T.);
#12115 = ORIENTED_EDGE('',*,*,#12097,.T.);
#12116 = ORIENTED_EDGE('',*,*,#739,.F.);
#12117 = ORIENTED_EDGE('',*,*,#12118,.T.);
#12118 = EDGE_CURVE('',#732,#10300,#12119,.T.);
#12119 = LINE('',#12120,#12121);
#12120 = CARTESIAN_POINT('',(-50.44977941459,-33.43209048697,
    -54.57088121003));
#12121 = VECTOR('',#12122,1.);
#12122 = DIRECTION('',(-5.517855536521E-08,-0.707106528124,
    0.707107034249));
#12123 = PLANE('',#12124);
#12124 = AXIS2_PLACEMENT_3D('',#12125,#12126,#12127);
#12125 = CARTESIAN_POINT('',(-47.47477972292,-30.40709256943,
    -57.59588077249));
#12126 = DIRECTION('',(-1.236626602435E-07,0.707107034249,0.707106528124
    ));
#12127 = DIRECTION('',(1.,3.121895202803E-14,1.748854426454E-07));
#12128 = ADVANCED_FACE('',(#12129),#12147,.T.);
#12129 = FACE_BOUND('',#12130,.T.);
#12130 = EDGE_LOOP('',(#12131,#12132,#12133,#12134,#12135,#12136,#12137,
    #12138,#12139,#12145,#12146));
#12131 = ORIENTED_EDGE('',*,*,#1628,.F.);
#12132 = ORIENTED_EDGE('',*,*,#10678,.T.);
#12133 = ORIENTED_EDGE('',*,*,#12010,.T.);
#12134 = ORIENTED_EDGE('',*,*,#781,.F.);
#12135 = ORIENTED_EDGE('',*,*,#12041,.F.);
#12136 = ORIENTED_EDGE('',*,*,#10307,.F.);
#12137 = ORIENTED_EDGE('',*,*,#12118,.F.);
#12138 = ORIENTED_EDGE('',*,*,#731,.F.);
#12139 = ORIENTED_EDGE('',*,*,#12140,.F.);
#12140 = EDGE_CURVE('',#2015,#724,#12141,.T.);
#12141 = LINE('',#12142,#12143);
#12142 = CARTESIAN_POINT('',(-50.44977791811,-23.10688525527,
    -68.84588369578));
#12143 = VECTOR('',#12144,1.);
#12144 = DIRECTION('',(1.74885453729E-07,-3.578841356066E-07,-1.));
#12145 = ORIENTED_EDGE('',*,*,#2052,.F.);
#12146 = ORIENTED_EDGE('',*,*,#1779,.F.);
#12147 = PLANE('',#12148);
#12148 = AXIS2_PLACEMENT_3D('',#12149,#12150,#12151);
#12149 = CARTESIAN_POINT('',(-50.44977787077,-43.00708846082,
    -58.09587678343));
#12150 = DIRECTION('',(1.,9.68512549682E-08,1.748854190675E-07));
#12151 = DIRECTION('',(-9.685119237942E-08,1.,-3.578844571919E-07));
#12152 = ADVANCED_FACE('',(#12153),#12165,.T.);
#12153 = FACE_BOUND('',#12154,.T.);
#12154 = EDGE_LOOP('',(#12155,#12156,#12162,#12163,#12164));
#12155 = ORIENTED_EDGE('',*,*,#1843,.F.);
#12156 = ORIENTED_EDGE('',*,*,#12157,.T.);
#12157 = EDGE_CURVE('',#1834,#10396,#12158,.T.);
#12158 = LINE('',#12159,#12160);
#12159 = CARTESIAN_POINT('',(-72.17465284957,-17.95181429354,
    -65.4604383359));
#12160 = VECTOR('',#12161,1.);
#12161 = DIRECTION('',(-0.750003968119,-0.433005801368,0.500000023787));
#12162 = ORIENTED_EDGE('',*,*,#10395,.T.);
#12163 = ORIENTED_EDGE('',*,*,#10371,.F.);
#12164 = ORIENTED_EDGE('',*,*,#1881,.F.);
#12165 = PLANE('',#12166);
#12166 = AXIS2_PLACEMENT_3D('',#12167,#12168,#12169);
#12167 = CARTESIAN_POINT('',(-74.83539091966,-19.48794741192,
    -38.09588946525));
#12168 = DIRECTION('',(-0.499992238581,0.866029884795,
    -3.973799892416E-07));
#12169 = DIRECTION('',(2.066248253669E-07,5.781449428172E-07,1.));
#12170 = ADVANCED_FACE('',(#12171),#12183,.T.);
#12171 = FACE_BOUND('',#12172,.T.);
#12172 = EDGE_LOOP('',(#12173,#12179,#12180,#12181,#12182));
#12173 = ORIENTED_EDGE('',*,*,#12174,.T.);
#12174 = EDGE_CURVE('',#1836,#3554,#12175,.T.);
#12175 = LINE('',#12176,#12177);
#12176 = CARTESIAN_POINT('',(-64.37168910036,1.006571921611,
    -74.83473788552));
#12177 = VECTOR('',#12178,1.);
#12178 = DIRECTION('',(-0.5,0.866025403784,-1.907485453693E-07));
#12179 = ORIENTED_EDGE('',*,*,#7424,.F.);
#12180 = ORIENTED_EDGE('',*,*,#10425,.F.);
#12181 = ORIENTED_EDGE('',*,*,#12157,.F.);
#12182 = ORIENTED_EDGE('',*,*,#1833,.T.);
#12183 = PLANE('',#12184);
#12184 = AXIS2_PLACEMENT_3D('',#12185,#12186,#12187);
#12185 = CARTESIAN_POINT('',(-65.87169010173,0.140546159942,
    -73.83473721804));
#12186 = DIRECTION('',(0.433012639911,0.250000154964,0.866025390041));
#12187 = DIRECTION('',(0.894427213767,1.387778780781E-16,-0.447213549966
    ));
#12188 = ADVANCED_FACE('',(#12189),#12208,.T.);
#12189 = FACE_BOUND('',#12190,.T.);
#12190 = EDGE_LOOP('',(#12191,#12192,#12200,#12206,#12207));
#12191 = ORIENTED_EDGE('',*,*,#7440,.F.);
#12192 = ORIENTED_EDGE('',*,*,#12193,.T.);
#12193 = EDGE_CURVE('',#3562,#12194,#12196,.T.);
#12194 = VERTEX_POINT('',#12195);
#12195 = CARTESIAN_POINT('',(-59.38813774973,-7.62519270694,
    -83.69589100925));
#12196 = LINE('',#12197,#12198);
#12197 = CARTESIAN_POINT('',(-63.4105757845,-0.658125660409,
    -83.69589420612));
#12198 = VECTOR('',#12199,1.);
#12199 = DIRECTION('',(0.5,-0.866025403784,3.973796538103E-07));
#12200 = ORIENTED_EDGE('',*,*,#12201,.T.);
#12201 = EDGE_CURVE('',#12194,#11139,#12202,.T.);
#12202 = LINE('',#12203,#12204);
#12203 = CARTESIAN_POINT('',(-61.29941853405,-7.113057819985,
    -85.09504175785));
#12204 = VECTOR('',#12205,1.);
#12205 = DIRECTION('',(-0.788675264692,0.211328508527,-0.577348757986));
#12206 = ORIENTED_EDGE('',*,*,#11146,.F.);
#12207 = ORIENTED_EDGE('',*,*,#10600,.T.);
#12208 = PLANE('',#12209);
#12209 = AXIS2_PLACEMENT_3D('',#12210,#12211,#12212);
#12210 = CARTESIAN_POINT('',(-64.70961362785,-1.408126197235,
    -85.19589416489));
#12211 = DIRECTION('',(0.612372559359,0.353553137531,-0.707106800623));
#12212 = DIRECTION('',(-0.755928889501,-1.665334536938E-16,
    -0.654653735969));
#12213 = ADVANCED_FACE('',(#12214),#12233,.T.);
#12214 = FACE_BOUND('',#12215,.T.);
#12215 = EDGE_LOOP('',(#12216,#12217,#12218,#12226,#12232));
#12216 = ORIENTED_EDGE('',*,*,#11138,.T.);
#12217 = ORIENTED_EDGE('',*,*,#12201,.F.);
#12218 = ORIENTED_EDGE('',*,*,#12219,.T.);
#12219 = EDGE_CURVE('',#12194,#12220,#12222,.T.);
#12220 = VERTEX_POINT('',#12221);
#12221 = CARTESIAN_POINT('',(-59.38813325177,-7.625202223802,
    -115.0958910092));
#12222 = LINE('',#12223,#12224);
#12223 = CARTESIAN_POINT('',(-59.38813840215,-7.625191684109,
    -85.64589079963));
#12224 = VECTOR('',#12225,1.);
#12225 = DIRECTION('',(1.748855408457E-07,-3.578842864971E-07,-1.));
#12226 = ORIENTED_EDGE('',*,*,#12227,.T.);
#12227 = EDGE_CURVE('',#12220,#11074,#12228,.T.);
#12228 = LINE('',#12229,#12230);
#12229 = CARTESIAN_POINT('',(-59.38813325177,-7.625202223802,
    -115.0958910092));
#12230 = VECTOR('',#12231,1.);
#12231 = DIRECTION('',(-0.788675466621,0.211328921772,0.577348330883));
#12232 = ORIENTED_EDGE('',*,*,#11107,.F.);
#12233 = PLANE('',#12234);
#12234 = AXIS2_PLACEMENT_3D('',#12235,#12236,#12237);
#12235 = CARTESIAN_POINT('',(-59.66134437911,-7.551985051069,
    -85.64589087361));
#12236 = DIRECTION('',(0.258823373458,0.965924666499,-3.004247944294E-07
    ));
#12237 = DIRECTION('',(2.64697796017E-22,3.110230071235E-07,1.));
#12238 = ADVANCED_FACE('',(#12239),#12258,.F.);
#12239 = FACE_BOUND('',#12240,.F.);
#12240 = EDGE_LOOP('',(#12241,#12249,#12250,#12251));
#12241 = ORIENTED_EDGE('',*,*,#12242,.T.);
#12242 = EDGE_CURVE('',#12243,#10627,#12245,.T.);
#12243 = VERTEX_POINT('',#12244);
#12244 = CARTESIAN_POINT('',(-73.89976816299,-38.00711622559,
    -123.6958826739));
#12245 = LINE('',#12246,#12247);
#12246 = CARTESIAN_POINT('',(-73.89976809304,-38.00711636874,
    -124.0958826739));
#12247 = VECTOR('',#12248,1.);
#12248 = DIRECTION('',(-1.74885610811E-07,3.578844050562E-07,1.));
#12249 = ORIENTED_EDGE('',*,*,#10626,.F.);
#12250 = ORIENTED_EDGE('',*,*,#12242,.F.);
#12251 = ORIENTED_EDGE('',*,*,#12252,.T.);
#12252 = EDGE_CURVE('',#12243,#12243,#12253,.T.);
#12253 = CIRCLE('',#12254,1.4);
#12254 = AXIS2_PLACEMENT_3D('',#12255,#12256,#12257);
#12255 = CARTESIAN_POINT('',(-72.49976816299,-38.00711622559,
    -123.695882429));
#12256 = DIRECTION('',(-1.748855422052E-07,3.578842871477E-07,1.));
#12257 = DIRECTION('',(1.,3.096918689239E-14,1.748855422052E-07));
#12258 = CYLINDRICAL_SURFACE('',#12259,1.4);
#12259 = AXIS2_PLACEMENT_3D('',#12260,#12261,#12262);
#12260 = CARTESIAN_POINT('',(-72.49976809304,-38.00711636874,
    -124.095882429));
#12261 = DIRECTION('',(-1.74885610811E-07,3.578844050562E-07,1.));
#12262 = DIRECTION('',(1.,3.096921144531E-14,1.74885610811E-07));
#12263 = ADVANCED_FACE('',(#12264),#12282,.F.);
#12264 = FACE_BOUND('',#12265,.F.);
#12265 = EDGE_LOOP('',(#12266,#12273,#12274,#12281));
#12266 = ORIENTED_EDGE('',*,*,#12267,.F.);
#12267 = EDGE_CURVE('',#11051,#7524,#12268,.T.);
#12268 = CIRCLE('',#12269,0.8);
#12269 = AXIS2_PLACEMENT_3D('',#12270,#12271,#12272);
#12270 = CARTESIAN_POINT('',(-67.80811454549,-3.652941379439,
    -114.6958939033));
#12271 = DIRECTION('',(-1.748855534772E-07,3.578842788183E-07,1.));
#12272 = DIRECTION('',(0.866025305953,0.500000169448,-2.748688509523E-08
    ));
#12273 = ORIENTED_EDGE('',*,*,#11058,.F.);
#12274 = ORIENTED_EDGE('',*,*,#12275,.F.);
#12275 = EDGE_CURVE('',#7514,#10777,#12276,.T.);
#12276 = CIRCLE('',#12277,0.4);
#12277 = AXIS2_PLACEMENT_3D('',#12278,#12279,#12280);
#12278 = CARTESIAN_POINT('',(-67.80811447554,-3.652941522592,
    -115.0958939033));
#12279 = DIRECTION('',(1.748855534772E-07,-3.578842788183E-07,-1.));
#12280 = DIRECTION('',(0.866025305953,0.500000169448,-2.748688509523E-08
    ));
#12281 = ORIENTED_EDGE('',*,*,#7532,.T.);
#12282 = CONICAL_SURFACE('',#12283,0.6,0.785398163397);
#12283 = AXIS2_PLACEMENT_3D('',#12284,#12285,#12286);
#12284 = CARTESIAN_POINT('',(-67.80811451052,-3.652941451016,
    -114.8958939033));
#12285 = DIRECTION('',(-1.748855504857E-07,3.578842791563E-07,1.));
#12286 = DIRECTION('',(0.866025305953,0.500000169448,-2.748688785488E-08
    ));
#12287 = ADVANCED_FACE('',(#12288),#12300,.F.);
#12288 = FACE_BOUND('',#12289,.F.);
#12289 = EDGE_LOOP('',(#12290,#12291,#12292,#12299));
#12290 = ORIENTED_EDGE('',*,*,#12275,.T.);
#12291 = ORIENTED_EDGE('',*,*,#10786,.F.);
#12292 = ORIENTED_EDGE('',*,*,#12293,.T.);
#12293 = EDGE_CURVE('',#10787,#7547,#12294,.T.);
#12294 = CIRCLE('',#12295,0.4);
#12295 = AXIS2_PLACEMENT_3D('',#12296,#12297,#12298);
#12296 = CARTESIAN_POINT('',(-67.80811367107,-3.65294316886,
    -119.6958939033));
#12297 = DIRECTION('',(-1.748855534772E-07,3.578842805947E-07,1.));
#12298 = DIRECTION('',(0.866025305953,0.500000169448,-2.748688598341E-08
    ));
#12299 = ORIENTED_EDGE('',*,*,#7557,.T.);
#12300 = CYLINDRICAL_SURFACE('',#12301,0.4);
#12301 = AXIS2_PLACEMENT_3D('',#12302,#12303,#12304);
#12302 = CARTESIAN_POINT('',(-67.80811454549,-3.652941379439,
    -114.6958939033));
#12303 = DIRECTION('',(1.748855534772E-07,-3.578842805947E-07,-1.));
#12304 = DIRECTION('',(0.866025305953,0.500000169448,-2.748688598341E-08
    ));
#12305 = ADVANCED_FACE('',(#12306),#12323,.T.);
#12306 = FACE_BOUND('',#12307,.T.);
#12307 = EDGE_LOOP('',(#12308,#12309,#12315,#12316,#12317));
#12308 = ORIENTED_EDGE('',*,*,#7571,.F.);
#12309 = ORIENTED_EDGE('',*,*,#12310,.T.);
#12310 = EDGE_CURVE('',#7572,#11076,#12311,.T.);
#12311 = LINE('',#12312,#12313);
#12312 = CARTESIAN_POINT('',(-63.75698151801,-0.858135034117,
    -114.6958941951));
#12313 = VECTOR('',#12314,1.);
#12314 = DIRECTION('',(0.5,-0.866025403784,3.973796538103E-07));
#12315 = ORIENTED_EDGE('',*,*,#11073,.F.);
#12316 = ORIENTED_EDGE('',*,*,#12227,.F.);
#12317 = ORIENTED_EDGE('',*,*,#12318,.T.);
#12318 = EDGE_CURVE('',#12220,#3586,#12319,.T.);
#12319 = LINE('',#12320,#12321);
#12320 = CARTESIAN_POINT('',(-63.41057128655,-0.658135177271,
    -115.0958942061));
#12321 = VECTOR('',#12322,1.);
#12322 = DIRECTION('',(-0.5,0.866025403784,-3.973796538103E-07));
#12323 = PLANE('',#12324);
#12324 = AXIS2_PLACEMENT_3D('',#12325,#12326,#12327);
#12325 = CARTESIAN_POINT('',(-63.58377640228,-0.758135105694,
    -114.8958942006));
#12326 = DIRECTION('',(0.612372312033,0.353553643656,0.70710676175));
#12327 = DIRECTION('',(0.755929002536,-8.326672684689E-17,
    -0.654653605447));
#12328 = ADVANCED_FACE('',(#12329),#12332,.T.);
#12329 = FACE_BOUND('',#12330,.T.);
#12330 = EDGE_LOOP('',(#12331));
#12331 = ORIENTED_EDGE('',*,*,#31,.T.);
#12332 = PLANE('',#12333);
#12333 = AXIS2_PLACEMENT_3D('',#12334,#12335,#12336);
#12334 = CARTESIAN_POINT('',(-69.75501059015,0.532022580462,
    -120.8958957416));
#12335 = DIRECTION('',(1.748855434255E-07,-3.578842869114E-07,-1.));
#12336 = DIRECTION('',(-1.,6.291637241408E-17,-1.748855434255E-07));
#12337 = ADVANCED_FACE('',(#12338),#12356,.F.);
#12338 = FACE_BOUND('',#12339,.F.);
#12339 = EDGE_LOOP('',(#12340,#12347,#12348,#12355));
#12340 = ORIENTED_EDGE('',*,*,#12341,.T.);
#12341 = EDGE_CURVE('',#7616,#7608,#12342,.T.);
#12342 = CIRCLE('',#12343,2.7);
#12343 = AXIS2_PLACEMENT_3D('',#12344,#12345,#12346);
#12344 = CARTESIAN_POINT('',(-71.60811463984,-5.846873356415,
    -123.6958937827));
#12345 = DIRECTION('',(-1.748855422052E-07,3.578842871477E-07,1.));
#12346 = DIRECTION('',(-1.,-9.801326553846E-17,-1.748855422052E-07));
#12347 = ORIENTED_EDGE('',*,*,#7607,.T.);
#12348 = ORIENTED_EDGE('',*,*,#12349,.T.);
#12349 = EDGE_CURVE('',#7597,#7599,#12350,.T.);
#12350 = CIRCLE('',#12351,2.7);
#12351 = AXIS2_PLACEMENT_3D('',#12352,#12353,#12354);
#12352 = CARTESIAN_POINT('',(-71.60811533938,-5.846871924878,
    -119.6958937827));
#12353 = DIRECTION('',(1.748855534772E-07,-3.578842805947E-07,-1.));
#12354 = DIRECTION('',(-1.,-9.801729959683E-17,-1.748855534772E-07));
#12355 = ORIENTED_EDGE('',*,*,#7624,.T.);
#12356 = CYLINDRICAL_SURFACE('',#12357,2.7);
#12357 = AXIS2_PLACEMENT_3D('',#12358,#12359,#12360);
#12358 = CARTESIAN_POINT('',(-71.60811456989,-5.846873499568,
    -124.0958937827));
#12359 = DIRECTION('',(-1.748855421387E-07,3.578842873222E-07,1.));
#12360 = DIRECTION('',(0.499992238581,-0.866029884795,3.973799018291E-07
    ));
#12361 = ADVANCED_FACE('',(#12362,#12384),#12388,.F.);
#12362 = FACE_BOUND('',#12363,.T.);
#12363 = EDGE_LOOP('',(#12364,#12365,#12366,#12367,#12368,#12369,#12370,
    #12371,#12378,#12379,#12380,#12381,#12382,#12383));
#12364 = ORIENTED_EDGE('',*,*,#7546,.F.);
#12365 = ORIENTED_EDGE('',*,*,#6193,.T.);
#12366 = ORIENTED_EDGE('',*,*,#6216,.F.);
#12367 = ORIENTED_EDGE('',*,*,#6264,.T.);
#12368 = ORIENTED_EDGE('',*,*,#6280,.F.);
#12369 = ORIENTED_EDGE('',*,*,#6328,.T.);
#12370 = ORIENTED_EDGE('',*,*,#7648,.F.);
#12371 = ORIENTED_EDGE('',*,*,#12372,.T.);
#12372 = EDGE_CURVE('',#7649,#10923,#12373,.T.);
#12373 = CIRCLE('',#12374,0.4);
#12374 = AXIS2_PLACEMENT_3D('',#12375,#12376,#12377);
#12375 = CARTESIAN_POINT('',(-75.40811378986,-8.040806293149,
    -119.6958936621));
#12376 = DIRECTION('',(-1.748855534772E-07,3.578842805947E-07,1.));
#12377 = DIRECTION('',(-0.866025401958,-0.500000003164,
    2.748680968285E-08));
#12378 = ORIENTED_EDGE('',*,*,#10922,.F.);
#12379 = ORIENTED_EDGE('',*,*,#10890,.T.);
#12380 = ORIENTED_EDGE('',*,*,#10858,.F.);
#12381 = ORIENTED_EDGE('',*,*,#10826,.T.);
#12382 = ORIENTED_EDGE('',*,*,#10794,.F.);
#12383 = ORIENTED_EDGE('',*,*,#12293,.T.);
#12384 = FACE_BOUND('',#12385,.T.);
#12385 = EDGE_LOOP('',(#12386,#12387));
#12386 = ORIENTED_EDGE('',*,*,#12349,.T.);
#12387 = ORIENTED_EDGE('',*,*,#7596,.F.);
#12388 = PLANE('',#12389);
#12389 = AXIS2_PLACEMENT_3D('',#12390,#12391,#12392);
#12390 = CARTESIAN_POINT('',(-70.13912307732,-4.437981530611,
    -119.6958940301));
#12391 = DIRECTION('',(1.748855534772E-07,-3.578842805947E-07,-1.));
#12392 = DIRECTION('',(-1.,1.161353623395E-13,-1.748855534772E-07));
#12393 = ADVANCED_FACE('',(#12394),#12406,.F.);
#12394 = FACE_BOUND('',#12395,.F.);
#12395 = EDGE_LOOP('',(#12396,#12397,#12398,#12405));
#12396 = ORIENTED_EDGE('',*,*,#12372,.T.);
#12397 = ORIENTED_EDGE('',*,*,#10930,.F.);
#12398 = ORIENTED_EDGE('',*,*,#12399,.T.);
#12399 = EDGE_CURVE('',#10914,#7639,#12400,.T.);
#12400 = CIRCLE('',#12401,0.4);
#12401 = AXIS2_PLACEMENT_3D('',#12402,#12403,#12404);
#12402 = CARTESIAN_POINT('',(-75.40811459433,-8.040804646881,
    -115.0958936621));
#12403 = DIRECTION('',(1.748855534772E-07,-3.578842788183E-07,-1.));
#12404 = DIRECTION('',(-0.866025401958,-0.500000003164,
    2.748680879467E-08));
#12405 = ORIENTED_EDGE('',*,*,#7657,.T.);
#12406 = CYLINDRICAL_SURFACE('',#12407,0.4);
#12407 = AXIS2_PLACEMENT_3D('',#12408,#12409,#12410);
#12408 = CARTESIAN_POINT('',(-75.40811466429,-8.040804503728,
    -114.6958936621));
#12409 = DIRECTION('',(1.748855534772E-07,-3.578842805947E-07,-1.));
#12410 = DIRECTION('',(-0.866025401958,-0.500000003164,
    2.748680968285E-08));
#12411 = ADVANCED_FACE('',(#12412),#12424,.F.);
#12412 = FACE_BOUND('',#12413,.F.);
#12413 = EDGE_LOOP('',(#12414,#12415,#12416,#12423));
#12414 = ORIENTED_EDGE('',*,*,#12399,.F.);
#12415 = ORIENTED_EDGE('',*,*,#10944,.T.);
#12416 = ORIENTED_EDGE('',*,*,#12417,.F.);
#12417 = EDGE_CURVE('',#7672,#10945,#12418,.T.);
#12418 = CIRCLE('',#12419,0.8);
#12419 = AXIS2_PLACEMENT_3D('',#12420,#12421,#12422);
#12420 = CARTESIAN_POINT('',(-75.40811466429,-8.040804503728,
    -114.6958936621));
#12421 = DIRECTION('',(-1.748855534772E-07,3.578842788183E-07,1.));
#12422 = DIRECTION('',(-0.866025401958,-0.500000003164,
    2.748680879467E-08));
#12423 = ORIENTED_EDGE('',*,*,#7682,.T.);
#12424 = CONICAL_SURFACE('',#12425,0.6,0.785398163397);
#12425 = AXIS2_PLACEMENT_3D('',#12426,#12427,#12428);
#12426 = CARTESIAN_POINT('',(-75.40811462931,-8.040804575305,
    -114.8958936621));
#12427 = DIRECTION('',(-1.748855504857E-07,3.578842777685E-07,1.));
#12428 = DIRECTION('',(-0.866025401958,-0.500000003164,
    2.748681086043E-08));
#12429 = ADVANCED_FACE('',(#12430,#12444),#12460,.F.);
#12430 = FACE_BOUND('',#12431,.T.);
#12431 = EDGE_LOOP('',(#12432,#12433,#12434,#12435,#12442,#12443));
#12432 = ORIENTED_EDGE('',*,*,#7582,.T.);
#12433 = ORIENTED_EDGE('',*,*,#6506,.T.);
#12434 = ORIENTED_EDGE('',*,*,#7706,.T.);
#12435 = ORIENTED_EDGE('',*,*,#12436,.F.);
#12436 = EDGE_CURVE('',#11084,#7707,#12437,.T.);
#12437 = CIRCLE('',#12438,6.85);
#12438 = AXIS2_PLACEMENT_3D('',#12439,#12440,#12441);
#12439 = CARTESIAN_POINT('',(-73.44011458177,-6.904535918622,
    -114.6958937246));
#12440 = DIRECTION('',(1.748855534772E-07,-3.578842788183E-07,-1.));
#12441 = DIRECTION('',(-1.,1.161353623395E-13,-1.748855534772E-07));
#12442 = ORIENTED_EDGE('',*,*,#11083,.F.);
#12443 = ORIENTED_EDGE('',*,*,#12310,.F.);
#12444 = FACE_BOUND('',#12445,.T.);
#12445 = EDGE_LOOP('',(#12446,#12447,#12448,#12449,#12450,#12451,#12452,
    #12453,#12454,#12455,#12456,#12457,#12458,#12459));
#12446 = ORIENTED_EDGE('',*,*,#12267,.F.);
#12447 = ORIENTED_EDGE('',*,*,#11050,.F.);
#12448 = ORIENTED_EDGE('',*,*,#11024,.F.);
#12449 = ORIENTED_EDGE('',*,*,#11001,.F.);
#12450 = ORIENTED_EDGE('',*,*,#10975,.F.);
#12451 = ORIENTED_EDGE('',*,*,#10952,.F.);
#12452 = ORIENTED_EDGE('',*,*,#12417,.F.);
#12453 = ORIENTED_EDGE('',*,*,#7671,.T.);
#12454 = ORIENTED_EDGE('',*,*,#6360,.T.);
#12455 = ORIENTED_EDGE('',*,*,#6376,.T.);
#12456 = ORIENTED_EDGE('',*,*,#6409,.T.);
#12457 = ORIENTED_EDGE('',*,*,#6425,.T.);
#12458 = ORIENTED_EDGE('',*,*,#6458,.T.);
#12459 = ORIENTED_EDGE('',*,*,#7523,.T.);
#12460 = PLANE('',#12461);
#12461 = AXIS2_PLACEMENT_3D('',#12462,#12463,#12464);
#12462 = CARTESIAN_POINT('',(-70.13912395175,-4.437979741189,
    -114.6958940301));
#12463 = DIRECTION('',(1.748855534772E-07,-3.578842788183E-07,-1.));
#12464 = DIRECTION('',(-1.,1.161353623395E-13,-1.748855534772E-07));
#12465 = ADVANCED_FACE('',(#12466),#12478,.F.);
#12466 = FACE_BOUND('',#12467,.F.);
#12467 = EDGE_LOOP('',(#12468,#12469,#12470,#12477));
#12468 = ORIENTED_EDGE('',*,*,#12436,.F.);
#12469 = ORIENTED_EDGE('',*,*,#11091,.T.);
#12470 = ORIENTED_EDGE('',*,*,#12471,.F.);
#12471 = EDGE_CURVE('',#7697,#11092,#12472,.T.);
#12472 = CIRCLE('',#12473,7.25);
#12473 = AXIS2_PLACEMENT_3D('',#12474,#12475,#12476);
#12474 = CARTESIAN_POINT('',(-73.44011465173,-6.904535775469,
    -114.2958937246));
#12475 = DIRECTION('',(-1.748855534772E-07,3.578842788183E-07,1.));
#12476 = DIRECTION('',(-1.,1.161353623395E-13,-1.748855534772E-07));
#12477 = ORIENTED_EDGE('',*,*,#7715,.T.);
#12478 = CONICAL_SURFACE('',#12479,7.05,0.785398163397);
#12479 = AXIS2_PLACEMENT_3D('',#12480,#12481,#12482);
#12480 = CARTESIAN_POINT('',(-73.44011461675,-6.904535847045,
    -114.4958937246));
#12481 = DIRECTION('',(-1.748855504857E-07,3.578842777685E-07,1.));
#12482 = DIRECTION('',(-1.,1.161353634101E-13,-1.748855504858E-07));
#12483 = ADVANCED_FACE('',(#12484),#12503,.F.);
#12484 = FACE_BOUND('',#12485,.F.);
#12485 = EDGE_LOOP('',(#12486,#12487,#12488,#12489,#12490,#12491,#12492,
    #12493,#12494,#12495,#12502));
#12486 = ORIENTED_EDGE('',*,*,#12471,.T.);
#12487 = ORIENTED_EDGE('',*,*,#11131,.F.);
#12488 = ORIENTED_EDGE('',*,*,#11170,.F.);
#12489 = ORIENTED_EDGE('',*,*,#11185,.T.);
#12490 = ORIENTED_EDGE('',*,*,#11220,.T.);
#12491 = ORIENTED_EDGE('',*,*,#11236,.T.);
#12492 = ORIENTED_EDGE('',*,*,#11261,.T.);
#12493 = ORIENTED_EDGE('',*,*,#11302,.T.);
#12494 = ORIENTED_EDGE('',*,*,#11330,.T.);
#12495 = ORIENTED_EDGE('',*,*,#12496,.T.);
#12496 = EDGE_CURVE('',#11331,#7730,#12497,.T.);
#12497 = CIRCLE('',#12498,7.25);
#12498 = AXIS2_PLACEMENT_3D('',#12499,#12500,#12501);
#12499 = CARTESIAN_POINT('',(-73.44011580597,-6.904533413432,
    -107.6958937246));
#12500 = DIRECTION('',(1.748855534772E-07,-3.578842788183E-07,-1.));
#12501 = DIRECTION('',(-0.866034554871,-0.499984149519,
    2.747953431228E-08));
#12502 = ORIENTED_EDGE('',*,*,#7760,.T.);
#12503 = CYLINDRICAL_SURFACE('',#12504,7.25);
#12504 = AXIS2_PLACEMENT_3D('',#12505,#12506,#12507);
#12505 = CARTESIAN_POINT('',(-73.44011860414,-6.904527687284,
    -91.69589372466));
#12506 = DIRECTION('',(1.748855534772E-07,-3.578842792045E-07,-1.));
#12507 = DIRECTION('',(-1.,1.161353623395E-13,-1.748855534772E-07));
#12508 = ADVANCED_FACE('',(#12509),#12521,.T.);
#12509 = FACE_BOUND('',#12510,.T.);
#12510 = EDGE_LOOP('',(#12511,#12512,#12519,#12520));
#12511 = ORIENTED_EDGE('',*,*,#7774,.F.);
#12512 = ORIENTED_EDGE('',*,*,#12513,.T.);
#12513 = EDGE_CURVE('',#7775,#11345,#12514,.T.);
#12514 = CIRCLE('',#12515,10.25);
#12515 = AXIS2_PLACEMENT_3D('',#12516,#12517,#12518);
#12516 = CARTESIAN_POINT('',(-73.44011633063,-6.90453233978,
    -104.6958937246));
#12517 = DIRECTION('',(-1.748855534772E-07,3.578842788183E-07,1.));
#12518 = DIRECTION('',(-0.866034554871,-0.499984149519,
    2.747953431228E-08));
#12519 = ORIENTED_EDGE('',*,*,#11357,.T.);
#12520 = ORIENTED_EDGE('',*,*,#12496,.T.);
#12521 = TOROIDAL_SURFACE('',#12522,10.25,3.);
#12522 = AXIS2_PLACEMENT_3D('',#12523,#12524,#12525);
#12523 = CARTESIAN_POINT('',(-73.44011580597,-6.904533413432,
    -107.6958937246));
#12524 = DIRECTION('',(-1.748855534772E-07,3.578842788183E-07,1.));
#12525 = DIRECTION('',(1.,6.703242657253E-17,1.748855534772E-07));
#12526 = ADVANCED_FACE('',(#12527),#12543,.F.);
#12527 = FACE_BOUND('',#12528,.T.);
#12528 = EDGE_LOOP('',(#12529,#12535,#12536,#12537,#12538,#12539,#12540,
    #12541,#12542));
#12529 = ORIENTED_EDGE('',*,*,#12530,.T.);
#12530 = EDGE_CURVE('',#6819,#11460,#12531,.T.);
#12531 = LINE('',#12532,#12533);
#12532 = CARTESIAN_POINT('',(-84.70811252332,-16.31602443409,
    -104.695892327));
#12533 = VECTOR('',#12534,1.);
#12534 = DIRECTION('',(0.499992238581,-0.866029884795,3.973800783495E-07
    ));
#12535 = ORIENTED_EDGE('',*,*,#11459,.F.);
#12536 = ORIENTED_EDGE('',*,*,#11442,.F.);
#12537 = ORIENTED_EDGE('',*,*,#11408,.F.);
#12538 = ORIENTED_EDGE('',*,*,#12513,.F.);
#12539 = ORIENTED_EDGE('',*,*,#7791,.T.);
#12540 = ORIENTED_EDGE('',*,*,#6767,.T.);
#12541 = ORIENTED_EDGE('',*,*,#6791,.T.);
#12542 = ORIENTED_EDGE('',*,*,#6818,.T.);
#12543 = PLANE('',#12544);
#12544 = AXIS2_PLACEMENT_3D('',#12545,#12546,#12547);
#12545 = CARTESIAN_POINT('',(-72.82503324425,-6.510807449497,
    -104.6958937579));
#12546 = DIRECTION('',(1.748855534772E-07,-3.578842788183E-07,-1.));
#12547 = DIRECTION('',(-1.,-9.80132655381E-17,-1.748855534772E-07));
#12548 = ADVANCED_FACE('',(#12549),#12560,.F.);
#12549 = FACE_BOUND('',#12550,.F.);
#12550 = EDGE_LOOP('',(#12551,#12552,#12553,#12554));
#12551 = ORIENTED_EDGE('',*,*,#6841,.F.);
#12552 = ORIENTED_EDGE('',*,*,#12530,.T.);
#12553 = ORIENTED_EDGE('',*,*,#11493,.T.);
#12554 = ORIENTED_EDGE('',*,*,#12555,.T.);
#12555 = EDGE_CURVE('',#11485,#6842,#12556,.T.);
#12556 = LINE('',#12557,#12558);
#12557 = CARTESIAN_POINT('',(-85.574142583,-16.81601631479,
    -103.6958919416));
#12558 = VECTOR('',#12559,1.);
#12559 = DIRECTION('',(-0.499992238581,0.866029884795,
    -3.973800783495E-07));
#12560 = CYLINDRICAL_SURFACE('',#12561,1.);
#12561 = AXIS2_PLACEMENT_3D('',#12562,#12563,#12564);
#12562 = CARTESIAN_POINT('',(-87.22478227093,-11.95693429048,
    -103.6958943272));
#12563 = DIRECTION('',(0.499992238581,-0.866029884795,3.973799001337E-07
    ));
#12564 = DIRECTION('',(-0.612375590166,-0.353548218768,-0.707106635222)
  );
#12565 = ADVANCED_FACE('',(#12566),#12572,.F.);
#12566 = FACE_BOUND('',#12567,.T.);
#12567 = EDGE_LOOP('',(#12568,#12569,#12570,#12571));
#12568 = ORIENTED_EDGE('',*,*,#981,.F.);
#12569 = ORIENTED_EDGE('',*,*,#11509,.F.);
#12570 = ORIENTED_EDGE('',*,*,#12555,.T.);
#12571 = ORIENTED_EDGE('',*,*,#6868,.T.);
#12572 = PLANE('',#12573);
#12573 = AXIS2_PLACEMENT_3D('',#12574,#12575,#12576);
#12574 = CARTESIAN_POINT('',(-89.33241570022,-10.30633843599,
    -73.64572788715));
#12575 = DIRECTION('',(-0.866029884796,-0.499992238581,3.85366199447E-07
    ));
#12576 = DIRECTION('',(0.499992238581,-0.866029884796,1.907519919588E-07
    ));
#12577 = ADVANCED_FACE('',(#12578),#12597,.T.);
#12578 = FACE_BOUND('',#12579,.T.);
#12579 = EDGE_LOOP('',(#12580,#12581,#12582,#12591));
#12580 = ORIENTED_EDGE('',*,*,#11711,.F.);
#12581 = ORIENTED_EDGE('',*,*,#3054,.T.);
#12582 = ORIENTED_EDGE('',*,*,#12583,.T.);
#12583 = EDGE_CURVE('',#3047,#12584,#12586,.T.);
#12584 = VERTEX_POINT('',#12585);
#12585 = CARTESIAN_POINT('',(-34.99976816299,-46.00711622559,
    -123.6958730077));
#12586 = CIRCLE('',#12587,1.);
#12587 = AXIS2_PLACEMENT_3D('',#12588,#12589,#12590);
#12588 = CARTESIAN_POINT('',(-35.99976816299,-46.00711622559,
    -123.6958731826));
#12589 = DIRECTION('',(-1.748854772071E-07,3.578844046967E-07,1.));
#12590 = DIRECTION('',(0.707106781187,-0.707106781186,3.767251963061E-07
    ));
#12591 = ORIENTED_EDGE('',*,*,#12592,.T.);
#12592 = EDGE_CURVE('',#12584,#11699,#12593,.T.);
#12593 = LINE('',#12594,#12595);
#12594 = CARTESIAN_POINT('',(-34.99976809304,-46.00711636874,
    -124.0958730077));
#12595 = VECTOR('',#12596,1.);
#12596 = DIRECTION('',(-1.748854772071E-07,3.578844046967E-07,1.));
#12597 = CYLINDRICAL_SURFACE('',#12598,1.);
#12598 = AXIS2_PLACEMENT_3D('',#12599,#12600,#12601);
#12599 = CARTESIAN_POINT('',(-35.99976809304,-46.00711636874,
    -124.0958731826));
#12600 = DIRECTION('',(1.748854772071E-07,-3.578844046967E-07,-1.));
#12601 = DIRECTION('',(0.707106781187,-0.707106781186,3.767251963061E-07
    ));
#12602 = ADVANCED_FACE('',(#12603),#12622,.T.);
#12603 = FACE_BOUND('',#12604,.T.);
#12604 = EDGE_LOOP('',(#12605,#12606,#12614,#12621));
#12605 = ORIENTED_EDGE('',*,*,#11698,.F.);
#12606 = ORIENTED_EDGE('',*,*,#12607,.T.);
#12607 = EDGE_CURVE('',#11699,#12608,#12610,.T.);
#12608 = VERTEX_POINT('',#12609);
#12609 = CARTESIAN_POINT('',(-34.99976879258,-41.0071149372,
    -120.0958755915));
#12610 = LINE('',#12611,#12612);
#12611 = CARTESIAN_POINT('',(-34.99976879258,-47.0071149372,
    -120.0958734442));
#12612 = VECTOR('',#12613,1.);
#12613 = DIRECTION('',(3.167965083341E-14,1.,-3.578844050562E-07));
#12614 = ORIENTED_EDGE('',*,*,#12615,.T.);
#12615 = EDGE_CURVE('',#12608,#11676,#12616,.T.);
#12616 = CIRCLE('',#12617,1.);
#12617 = AXIS2_PLACEMENT_3D('',#12618,#12619,#12620);
#12618 = CARTESIAN_POINT('',(-35.99976879258,-41.0071149372,
    -120.0958757664));
#12619 = DIRECTION('',(-3.583844947177E-14,-1.,3.578844065544E-07));
#12620 = DIRECTION('',(1.,2.675033496021E-14,1.748854749906E-07));
#12621 = ORIENTED_EDGE('',*,*,#11675,.T.);
#12622 = CYLINDRICAL_SURFACE('',#12623,1.);
#12623 = AXIS2_PLACEMENT_3D('',#12624,#12625,#12626);
#12624 = CARTESIAN_POINT('',(-35.99976879258,-47.0071149372,
    -120.0958736191));
#12625 = DIRECTION('',(-3.167965083341E-14,-1.,3.578844050562E-07));
#12626 = DIRECTION('',(0.707106657524,2.530625115522E-07,0.707106904849)
  );
#12627 = ADVANCED_FACE('',(#12628),#12648,.T.);
#12628 = FACE_BOUND('',#12629,.T.);
#12629 = EDGE_LOOP('',(#12630,#12639,#12640,#12641));
#12630 = ORIENTED_EDGE('',*,*,#12631,.T.);
#12631 = EDGE_CURVE('',#12632,#11762,#12634,.T.);
#12632 = VERTEX_POINT('',#12633);
#12633 = CARTESIAN_POINT('',(-34.99977089121,-29.00711064259,
    -108.0958798861));
#12634 = CIRCLE('',#12635,1.000000000002);
#12635 = AXIS2_PLACEMENT_3D('',#12636,#12637,#12638);
#12636 = CARTESIAN_POINT('',(-35.99977089121,-29.00711064259,
    -108.095880061));
#12637 = DIRECTION('',(1.748854749902E-07,-3.578844065544E-07,-1.));
#12638 = DIRECTION('',(1.,2.675033496015E-14,1.748854749902E-07));
#12639 = ORIENTED_EDGE('',*,*,#11769,.T.);
#12640 = ORIENTED_EDGE('',*,*,#12615,.F.);
#12641 = ORIENTED_EDGE('',*,*,#12642,.T.);
#12642 = EDGE_CURVE('',#12608,#12632,#12643,.T.);
#12643 = CIRCLE('',#12644,12.);
#12644 = AXIS2_PLACEMENT_3D('',#12645,#12646,#12647);
#12645 = CARTESIAN_POINT('',(-34.99977089121,-41.00711064259,
    -108.0958755915));
#12646 = DIRECTION('',(1.,3.090913409717E-14,1.748854772071E-07));
#12647 = DIRECTION('',(1.236627292651E-07,0.707106528124,-0.707107034249
    ));
#12648 = TOROIDAL_SURFACE('',#12649,12.,1.);
#12649 = AXIS2_PLACEMENT_3D('',#12650,#12651,#12652);
#12650 = CARTESIAN_POINT('',(-35.99977089121,-41.00711064259,
    -108.0958757664));
#12651 = DIRECTION('',(1.,3.090913412981E-14,1.748854772071E-07));
#12652 = DIRECTION('',(1.748854772071E-07,-7.512526843902E-30,-1.));
#12653 = ADVANCED_FACE('',(#12654),#12665,.T.);
#12654 = FACE_BOUND('',#12655,.T.);
#12655 = EDGE_LOOP('',(#12656,#12657,#12658,#12659));
#12656 = ORIENTED_EDGE('',*,*,#11825,.T.);
#12657 = ORIENTED_EDGE('',*,*,#11790,.T.);
#12658 = ORIENTED_EDGE('',*,*,#12631,.F.);
#12659 = ORIENTED_EDGE('',*,*,#12660,.T.);
#12660 = EDGE_CURVE('',#12632,#11817,#12661,.T.);
#12661 = LINE('',#12662,#12663);
#12662 = CARTESIAN_POINT('',(-34.99977097865,-29.00711046365,
    -107.5958794889));
#12663 = VECTOR('',#12664,1.);
#12664 = DIRECTION('',(-1.748854772071E-07,3.578844046967E-07,1.));
#12665 = CYLINDRICAL_SURFACE('',#12666,1.);
#12666 = AXIS2_PLACEMENT_3D('',#12667,#12668,#12669);
#12667 = CARTESIAN_POINT('',(-35.99977097865,-29.00711046365,
    -107.5958796638));
#12668 = DIRECTION('',(1.748854772071E-07,-3.578844046967E-07,-1.));
#12669 = DIRECTION('',(0.707106781187,-0.707106781186,3.767251963061E-07
    ));
#12670 = ADVANCED_FACE('',(#12671),#12690,.T.);
#12671 = FACE_BOUND('',#12672,.T.);
#12672 = EDGE_LOOP('',(#12673,#12674,#12682,#12689));
#12673 = ORIENTED_EDGE('',*,*,#11816,.F.);
#12674 = ORIENTED_EDGE('',*,*,#12675,.T.);
#12675 = EDGE_CURVE('',#11817,#12676,#12678,.T.);
#12676 = VERTEX_POINT('',#12677);
#12677 = CARTESIAN_POINT('',(-34.99977229253,-25.10710777493,
    -100.083076037));
#12678 = LINE('',#12679,#12680);
#12679 = CARTESIAN_POINT('',(-34.99977229253,-45.00710777493,
    -100.0830689151));
#12680 = VECTOR('',#12681,1.);
#12681 = DIRECTION('',(3.167965080183E-14,1.,-3.578844048756E-07));
#12682 = ORIENTED_EDGE('',*,*,#12683,.T.);
#12683 = EDGE_CURVE('',#12676,#11849,#12684,.T.);
#12684 = CIRCLE('',#12685,2.);
#12685 = AXIS2_PLACEMENT_3D('',#12686,#12687,#12688);
#12686 = CARTESIAN_POINT('',(-36.99977229253,-25.10710777493,
    -100.0830763868));
#12687 = DIRECTION('',(-3.139755682224E-14,-1.,3.578844034036E-07));
#12688 = DIRECTION('',(1.,3.119122705871E-14,1.748854749906E-07));
#12689 = ORIENTED_EDGE('',*,*,#11848,.T.);
#12690 = CYLINDRICAL_SURFACE('',#12691,2.);
#12691 = AXIS2_PLACEMENT_3D('',#12692,#12693,#12694);
#12692 = CARTESIAN_POINT('',(-36.99977229253,-45.00710777493,
    -100.0830692649));
#12693 = DIRECTION('',(-3.167965080183E-14,-1.,3.578844048756E-07));
#12694 = DIRECTION('',(0.866025316342,1.789422292059E-07,0.500000151455)
  );
#12695 = ADVANCED_FACE('',(#12696),#12714,.T.);
#12696 = FACE_BOUND('',#12697,.T.);
#12697 = EDGE_LOOP('',(#12698,#12705,#12706,#12713));
#12698 = ORIENTED_EDGE('',*,*,#12699,.F.);
#12699 = EDGE_CURVE('',#2911,#11849,#12700,.T.);
#12700 = CIRCLE('',#12701,2.);
#12701 = AXIS2_PLACEMENT_3D('',#12702,#12703,#12704);
#12702 = CARTESIAN_POINT('',(-36.99977229253,-25.10710777493,
    -100.0830763868));
#12703 = DIRECTION('',(0.866025491227,-1.789421759657E-07,
    -0.499999848545));
#12704 = DIRECTION('',(0.353553283498,0.707107000345,0.612372244465));
#12705 = ORIENTED_EDGE('',*,*,#2910,.T.);
#12706 = ORIENTED_EDGE('',*,*,#12707,.F.);
#12707 = EDGE_CURVE('',#11857,#2902,#12708,.T.);
#12708 = CIRCLE('',#12709,2.);
#12709 = AXIS2_PLACEMENT_3D('',#12710,#12711,#12712);
#12710 = CARTESIAN_POINT('',(-46.49977325175,-25.107105812,
    -94.59825049097));
#12711 = DIRECTION('',(-0.866025491227,1.78942175607E-07,0.499999848545)
  );
#12712 = DIRECTION('',(0.499999848545,3.099370018452E-07,0.866025491227)
  );
#12713 = ORIENTED_EDGE('',*,*,#11856,.T.);
#12714 = CYLINDRICAL_SURFACE('',#12715,2.);
#12715 = AXIS2_PLACEMENT_3D('',#12716,#12717,#12718);
#12716 = CARTESIAN_POINT('',(-45.80381127061,-25.1071059558,
    -95.00006416584));
#12717 = DIRECTION('',(0.866025491227,-1.789421759643E-07,
    -0.499999848545));
#12718 = DIRECTION('',(0.353553283498,0.707107000345,0.612372244465));
#12719 = ADVANCED_FACE('',(#12720),#12732,.T.);
#12720 = FACE_BOUND('',#12721,.T.);
#12721 = EDGE_LOOP('',(#12722,#12723,#12724,#12731));
#12722 = ORIENTED_EDGE('',*,*,#12707,.T.);
#12723 = ORIENTED_EDGE('',*,*,#2901,.T.);
#12724 = ORIENTED_EDGE('',*,*,#12725,.F.);
#12725 = EDGE_CURVE('',#11879,#2894,#12726,.T.);
#12726 = CIRCLE('',#12727,2.);
#12727 = AXIS2_PLACEMENT_3D('',#12728,#12729,#12730);
#12728 = CARTESIAN_POINT('',(-49.49977416048,-25.10710395238,
    -89.40209859292));
#12729 = DIRECTION('',(-1.748854135358E-07,3.578844049743E-07,1.));
#12730 = DIRECTION('',(1.,3.103852978264E-14,1.748854135358E-07));
#12731 = ORIENTED_EDGE('',*,*,#11886,.T.);
#12732 = TOROIDAL_SURFACE('',#12733,6.,2.);
#12733 = AXIS2_PLACEMENT_3D('',#12734,#12735,#12736);
#12734 = CARTESIAN_POINT('',(-43.49977416048,-25.10710395238,
    -89.40209754361));
#12735 = DIRECTION('',(-3.221636611727E-14,-1.,3.578844045351E-07));
#12736 = DIRECTION('',(1.748854758787E-07,-3.578844045351E-07,-1.));
#12737 = ADVANCED_FACE('',(#12738),#12750,.T.);
#12738 = FACE_BOUND('',#12739,.T.);
#12739 = EDGE_LOOP('',(#12740,#12741,#12742,#12749));
#12740 = ORIENTED_EDGE('',*,*,#12725,.T.);
#12741 = ORIENTED_EDGE('',*,*,#2893,.T.);
#12742 = ORIENTED_EDGE('',*,*,#12743,.F.);
#12743 = EDGE_CURVE('',#11906,#2885,#12744,.T.);
#12744 = CIRCLE('',#12745,2.);
#12745 = AXIS2_PLACEMENT_3D('',#12746,#12747,#12748);
#12746 = CARTESIAN_POINT('',(-49.49977607891,-25.10710002651,
    -78.43244347832));
#12747 = DIRECTION('',(-1.748854623856E-07,3.578844049743E-07,1.));
#12748 = DIRECTION('',(1.,3.103854726523E-14,1.748854623856E-07));
#12749 = ORIENTED_EDGE('',*,*,#11905,.T.);
#12750 = CYLINDRICAL_SURFACE('',#12751,2.);
#12751 = AXIS2_PLACEMENT_3D('',#12752,#12753,#12754);
#12752 = CARTESIAN_POINT('',(-49.49977405609,-25.107104166,
    -89.99899080817));
#12753 = DIRECTION('',(1.748854124336E-07,-3.578844045351E-07,-1.));
#12754 = DIRECTION('',(0.707106781187,0.707106781187,-1.293998282653E-07
    ));
#12755 = ADVANCED_FACE('',(#12756),#12768,.T.);
#12756 = FACE_BOUND('',#12757,.T.);
#12757 = EDGE_LOOP('',(#12758,#12759,#12760,#12767));
#12758 = ORIENTED_EDGE('',*,*,#12743,.T.);
#12759 = ORIENTED_EDGE('',*,*,#2884,.T.);
#12760 = ORIENTED_EDGE('',*,*,#12761,.F.);
#12761 = EDGE_CURVE('',#11928,#2877,#12762,.T.);
#12762 = CIRCLE('',#12763,2.);
#12763 = AXIS2_PLACEMENT_3D('',#12764,#12765,#12766);
#12764 = CARTESIAN_POINT('',(-44.99977744201,-25.10709723708,
    -70.63821405727));
#12765 = DIRECTION('',(0.866025316342,1.789422293673E-07,0.500000151455)
  );
#12766 = DIRECTION('',(0.500000151455,-3.099369685863E-07,
    -0.866025316342));
#12767 = ORIENTED_EDGE('',*,*,#11935,.T.);
#12768 = TOROIDAL_SURFACE('',#12769,9.,2.);
#12769 = AXIS2_PLACEMENT_3D('',#12770,#12771,#12772);
#12770 = CARTESIAN_POINT('',(-40.49977607891,-25.10710002651,
    -78.43244190435));
#12771 = DIRECTION('',(-3.221636611727E-14,-1.,3.578844045351E-07));
#12772 = DIRECTION('',(1.748854753135E-07,-3.578844045351E-07,-1.));
#12773 = ADVANCED_FACE('',(#12774),#12780,.T.);
#12774 = FACE_BOUND('',#12775,.T.);
#12775 = EDGE_LOOP('',(#12776,#12777,#12778,#12779));
#12776 = ORIENTED_EDGE('',*,*,#11974,.F.);
#12777 = ORIENTED_EDGE('',*,*,#11957,.T.);
#12778 = ORIENTED_EDGE('',*,*,#12761,.T.);
#12779 = ORIENTED_EDGE('',*,*,#2876,.F.);
#12780 = CYLINDRICAL_SURFACE('',#12781,2.);
#12781 = AXIS2_PLACEMENT_3D('',#12782,#12783,#12784);
#12782 = CARTESIAN_POINT('',(-53.07073853794,-25.10709890474,
    -75.29798750063));
#12783 = DIRECTION('',(-0.866025316342,-1.789422285708E-07,
    -0.500000151455));
#12784 = DIRECTION('',(0.353553497688,0.707106562028,-0.612372626927));
#12785 = ADVANCED_FACE('',(#12786),#12806,.T.);
#12786 = FACE_BOUND('',#12787,.T.);
#12787 = EDGE_LOOP('',(#12788,#12789,#12790,#12791,#12792,#12793,#12799,
    #12800,#12801,#12802,#12803,#12804,#12805));
#12788 = ORIENTED_EDGE('',*,*,#2014,.F.);
#12789 = ORIENTED_EDGE('',*,*,#12140,.T.);
#12790 = ORIENTED_EDGE('',*,*,#723,.F.);
#12791 = ORIENTED_EDGE('',*,*,#2118,.T.);
#12792 = ORIENTED_EDGE('',*,*,#2934,.F.);
#12793 = ORIENTED_EDGE('',*,*,#12794,.F.);
#12794 = EDGE_CURVE('',#3594,#2927,#12795,.T.);
#12795 = LINE('',#12796,#12797);
#12796 = CARTESIAN_POINT('',(-67.45553390811,6.347945125222,
    -123.6958974208));
#12797 = VECTOR('',#12798,1.);
#12798 = DIRECTION('',(0.5,-0.866025403784,3.973796553878E-07));
#12799 = ORIENTED_EDGE('',*,*,#3593,.F.);
#12800 = ORIENTED_EDGE('',*,*,#12318,.F.);
#12801 = ORIENTED_EDGE('',*,*,#12219,.F.);
#12802 = ORIENTED_EDGE('',*,*,#12193,.F.);
#12803 = ORIENTED_EDGE('',*,*,#3561,.F.);
#12804 = ORIENTED_EDGE('',*,*,#12174,.F.);
#12805 = ORIENTED_EDGE('',*,*,#1850,.F.);
#12806 = PLANE('',#12807);
#12807 = AXIS2_PLACEMENT_3D('',#12808,#12809,#12810);
#12808 = CARTESIAN_POINT('',(-63.36516011551,-0.736787681167,
    -79.59589375078));
#12809 = DIRECTION('',(0.866025403784,0.5,-2.74868221216E-08));
#12810 = DIRECTION('',(1.748856646099E-07,-3.578845008629E-07,-1.));
#12811 = ADVANCED_FACE('',(#12812),#12823,.F.);
#12812 = FACE_BOUND('',#12813,.F.);
#12813 = EDGE_LOOP('',(#12814,#12820,#12821,#12822));
#12814 = ORIENTED_EDGE('',*,*,#12815,.T.);
#12815 = EDGE_CURVE('',#225,#12243,#12816,.T.);
#12816 = LINE('',#12817,#12818);
#12817 = CARTESIAN_POINT('',(-74.09976812801,-38.00711629717,
    -123.8958827088));
#12818 = VECTOR('',#12819,1.);
#12819 = DIRECTION('',(0.707106657516,2.530624293498E-07,0.707106904857)
  );
#12820 = ORIENTED_EDGE('',*,*,#12252,.F.);
#12821 = ORIENTED_EDGE('',*,*,#12815,.F.);
#12822 = ORIENTED_EDGE('',*,*,#224,.F.);
#12823 = CONICAL_SURFACE('',#12824,1.6,0.785398163387);
#12824 = AXIS2_PLACEMENT_3D('',#12825,#12826,#12827);
#12825 = CARTESIAN_POINT('',(-72.49976812801,-38.00711629717,
    -123.895882429));
#12826 = DIRECTION('',(1.748855504819E-07,-3.578842888629E-07,-1.));
#12827 = DIRECTION('',(1.,3.096918985448E-14,1.748855504819E-07));
#12828 = ADVANCED_FACE('',(#12829),#12835,.F.);
#12829 = FACE_BOUND('',#12830,.F.);
#12830 = EDGE_LOOP('',(#12831,#12832,#12833,#12834));
#12831 = ORIENTED_EDGE('',*,*,#215,.F.);
#12832 = ORIENTED_EDGE('',*,*,#8032,.T.);
#12833 = ORIENTED_EDGE('',*,*,#12341,.F.);
#12834 = ORIENTED_EDGE('',*,*,#8039,.T.);
#12835 = CONICAL_SURFACE('',#12836,2.9,0.785398163397);
#12836 = AXIS2_PLACEMENT_3D('',#12837,#12838,#12839);
#12837 = CARTESIAN_POINT('',(-71.60811460486,-5.846873427992,
    -123.8958937827));
#12838 = DIRECTION('',(1.748855504857E-07,-3.578842860952E-07,-1.));
#12839 = DIRECTION('',(0.499992238581,-0.866029884795,3.973799049399E-07
    ));
#12840 = ADVANCED_FACE('',(#12841),#12852,.T.);
#12841 = FACE_BOUND('',#12842,.T.);
#12842 = EDGE_LOOP('',(#12843,#12844,#12845,#12846));
#12843 = ORIENTED_EDGE('',*,*,#252,.F.);
#12844 = ORIENTED_EDGE('',*,*,#321,.T.);
#12845 = ORIENTED_EDGE('',*,*,#106,.T.);
#12846 = ORIENTED_EDGE('',*,*,#12847,.T.);
#12847 = EDGE_CURVE('',#99,#253,#12848,.T.);
#12848 = LINE('',#12849,#12850);
#12849 = CARTESIAN_POINT('',(-66.45319195343,-44.09614428423,
    -126.6068521756));
#12850 = VECTOR('',#12851,1.);
#12851 = DIRECTION('',(-1.236647722757E-07,-0.707106528124,
    0.707107034249));
#12852 = CONICAL_SURFACE('',#12853,13.089027016852,0.785398163395);
#12853 = AXIS2_PLACEMENT_3D('',#12854,#12855,#12856);
#12854 = CARTESIAN_POINT('',(-66.45319195341,-31.00711726737,
    -126.6068568599));
#12855 = DIRECTION('',(-1.748869545106E-07,3.578819034968E-07,1.));
#12856 = DIRECTION('',(-1.443674746677E-12,-1.,3.578819034965E-07));
#12857 = ADVANCED_FACE('',(#12858),#12869,.T.);
#12858 = FACE_BOUND('',#12859,.T.);
#12859 = EDGE_LOOP('',(#12860,#12861,#12862,#12868));
#12860 = ORIENTED_EDGE('',*,*,#12847,.F.);
#12861 = ORIENTED_EDGE('',*,*,#98,.T.);
#12862 = ORIENTED_EDGE('',*,*,#12863,.F.);
#12863 = EDGE_CURVE('',#3047,#90,#12864,.T.);
#12864 = LINE('',#12865,#12866);
#12865 = CARTESIAN_POINT('',(-35.99976816299,-47.00711622559,
    -123.6958728247));
#12866 = VECTOR('',#12867,1.);
#12867 = DIRECTION('',(1.236627507525E-07,0.707106528108,-0.707107034265
    ));
#12868 = ORIENTED_EDGE('',*,*,#3046,.T.);
#12869 = PLANE('',#12870);
#12870 = AXIS2_PLACEMENT_3D('',#12871,#12872,#12873);
#12871 = CARTESIAN_POINT('',(-82.99749339074,-46.80711629717,
    -123.8958811156));
#12872 = DIRECTION('',(1.23662730643E-07,-0.707107034249,-0.707106528124
    ));
#12873 = DIRECTION('',(-1.,-1.049826796159E-16,-1.748855733192E-07));
#12874 = ADVANCED_FACE('',(#12875),#12886,.T.);
#12875 = FACE_BOUND('',#12876,.T.);
#12876 = EDGE_LOOP('',(#12877,#12878,#12879,#12880));
#12877 = ORIENTED_EDGE('',*,*,#12583,.F.);
#12878 = ORIENTED_EDGE('',*,*,#12863,.T.);
#12879 = ORIENTED_EDGE('',*,*,#89,.T.);
#12880 = ORIENTED_EDGE('',*,*,#12881,.F.);
#12881 = EDGE_CURVE('',#12584,#82,#12882,.T.);
#12882 = LINE('',#12883,#12884);
#12883 = CARTESIAN_POINT('',(-34.99976816299,-46.00711622559,
    -123.6958730077));
#12884 = VECTOR('',#12885,1.);
#12885 = DIRECTION('',(-0.707106657524,-2.530624468672E-07,
    -0.707106904849));
#12886 = CONICAL_SURFACE('',#12887,0.8,0.785398163375);
#12887 = AXIS2_PLACEMENT_3D('',#12888,#12889,#12890);
#12888 = CARTESIAN_POINT('',(-35.99976812802,-46.00711629716,
    -123.8958731826));
#12889 = DIRECTION('',(-1.748855393756E-07,3.578842777523E-07,1.));
#12890 = DIRECTION('',(0.707106781187,-0.707106781186,3.767251505026E-07
    ));
#12891 = ADVANCED_FACE('',(#12892),#12911,.T.);
#12892 = FACE_BOUND('',#12893,.T.);
#12893 = EDGE_LOOP('',(#12894,#12895,#12896,#12897,#12898,#12904,#12910)
  );
#12894 = ORIENTED_EDGE('',*,*,#12660,.F.);
#12895 = ORIENTED_EDGE('',*,*,#12642,.F.);
#12896 = ORIENTED_EDGE('',*,*,#12607,.F.);
#12897 = ORIENTED_EDGE('',*,*,#12592,.F.);
#12898 = ORIENTED_EDGE('',*,*,#12899,.F.);
#12899 = EDGE_CURVE('',#8628,#12584,#12900,.T.);
#12900 = LINE('',#12901,#12902);
#12901 = CARTESIAN_POINT('',(-34.99976816299,-23.82439122721,
    -123.6958809466));
#12902 = VECTOR('',#12903,1.);
#12903 = DIRECTION('',(-3.167963021292E-14,-1.,3.578842871477E-07));
#12904 = ORIENTED_EDGE('',*,*,#12905,.F.);
#12905 = EDGE_CURVE('',#12676,#8628,#12906,.T.);
#12906 = LINE('',#12907,#12908);
#12907 = CARTESIAN_POINT('',(-34.99977102237,-25.10711037418,
    -107.3458804875));
#12908 = VECTOR('',#12909,1.);
#12909 = DIRECTION('',(1.748854772071E-07,-3.578844045351E-07,-1.));
#12910 = ORIENTED_EDGE('',*,*,#12675,.F.);
#12911 = PLANE('',#12912);
#12912 = AXIS2_PLACEMENT_3D('',#12913,#12914,#12915);
#12913 = CARTESIAN_POINT('',(-34.99976809304,-47.00711636874,
    -124.0958726499));
#12914 = DIRECTION('',(1.,3.090913412981E-14,1.748854772071E-07));
#12915 = DIRECTION('',(3.167965077054E-14,1.,-3.578844046967E-07));
#12916 = ADVANCED_FACE('',(#12917),#12928,.T.);
#12917 = FACE_BOUND('',#12918,.T.);
#12918 = EDGE_LOOP('',(#12919,#12920,#12927));
#12919 = ORIENTED_EDGE('',*,*,#12683,.F.);
#12920 = ORIENTED_EDGE('',*,*,#12921,.F.);
#12921 = EDGE_CURVE('',#2911,#12676,#12922,.T.);
#12922 = CIRCLE('',#12923,2.);
#12923 = AXIS2_PLACEMENT_3D('',#12924,#12925,#12926);
#12924 = CARTESIAN_POINT('',(-36.99977229253,-25.10710777493,
    -100.0830763868));
#12925 = DIRECTION('',(1.748854749906E-07,-3.578844065544E-07,-1.));
#12926 = DIRECTION('',(3.320170836955E-14,1.,-3.578844065544E-07));
#12927 = ORIENTED_EDGE('',*,*,#12699,.T.);
#12928 = SPHERICAL_SURFACE('',#12929,2.);
#12929 = AXIS2_PLACEMENT_3D('',#12930,#12931,#12932);
#12930 = CARTESIAN_POINT('',(-36.99977229253,-25.10710777493,
    -100.0830763868));
#12931 = DIRECTION('',(0.,0.,1.));
#12932 = DIRECTION('',(1.,0.,-0.));
#12933 = ADVANCED_FACE('',(#12934),#12945,.T.);
#12934 = FACE_BOUND('',#12935,.T.);
#12935 = EDGE_LOOP('',(#12936,#12937,#12938,#12944));
#12936 = ORIENTED_EDGE('',*,*,#8163,.F.);
#12937 = ORIENTED_EDGE('',*,*,#12794,.T.);
#12938 = ORIENTED_EDGE('',*,*,#12939,.F.);
#12939 = EDGE_CURVE('',#55,#2927,#12940,.T.);
#12940 = LINE('',#12941,#12942);
#12941 = CARTESIAN_POINT('',(-50.68058634594,-23.50711636874,
    -124.0958838025));
#12942 = VECTOR('',#12943,1.);
#12943 = DIRECTION('',(0.377965122052,0.654655227459,0.654651739227));
#12944 = ORIENTED_EDGE('',*,*,#54,.T.);
#12945 = PLANE('',#12946);
#12946 = AXIS2_PLACEMENT_3D('',#12947,#12948,#12949);
#12947 = CARTESIAN_POINT('',(-67.62873895389,6.247945053645,
    -123.8958974154));
#12948 = DIRECTION('',(0.612372559359,0.353553137531,-0.707106800623));
#12949 = DIRECTION('',(-0.755928889501,-1.942890293094E-16,
    -0.654653735969));
#12950 = ADVANCED_FACE('',(#12951),#12957,.T.);
#12951 = FACE_BOUND('',#12952,.T.);
#12952 = EDGE_LOOP('',(#12953,#12954,#12955,#12956));
#12953 = ORIENTED_EDGE('',*,*,#8636,.T.);
#12954 = ORIENTED_EDGE('',*,*,#12899,.T.);
#12955 = ORIENTED_EDGE('',*,*,#12881,.T.);
#12956 = ORIENTED_EDGE('',*,*,#81,.T.);
#12957 = PLANE('',#12958);
#12958 = AXIS2_PLACEMENT_3D('',#12959,#12960,#12961);
#12959 = CARTESIAN_POINT('',(-35.19976812801,-23.82439129879,
    -123.8958809816));
#12960 = DIRECTION('',(0.707106904849,-2.530623844662E-07,
    -0.707106657524));
#12961 = DIRECTION('',(-0.707106657524,-7.423372926935E-17,
    -0.707106904849));
#12962 = ADVANCED_FACE('',(#12963),#12969,.T.);
#12963 = FACE_BOUND('',#12964,.T.);
#12964 = EDGE_LOOP('',(#12965,#12966,#12967,#12968));
#12965 = ORIENTED_EDGE('',*,*,#8627,.F.);
#12966 = ORIENTED_EDGE('',*,*,#2918,.T.);
#12967 = ORIENTED_EDGE('',*,*,#12921,.T.);
#12968 = ORIENTED_EDGE('',*,*,#12905,.T.);
#12969 = CYLINDRICAL_SURFACE('',#12970,2.);
#12970 = AXIS2_PLACEMENT_3D('',#12971,#12972,#12973);
#12971 = CARTESIAN_POINT('',(-36.99977102237,-25.10711037418,
    -107.3458808373));
#12972 = DIRECTION('',(-1.748854772071E-07,3.578844045351E-07,1.));
#12973 = DIRECTION('',(0.707106781187,0.707106781187,-1.293997824635E-07
    ));
#12974 = ADVANCED_FACE('',(#12975),#12981,.T.);
#12975 = FACE_BOUND('',#12976,.T.);
#12976 = EDGE_LOOP('',(#12977,#12978,#12979,#12980));
#12977 = ORIENTED_EDGE('',*,*,#8621,.F.);
#12978 = ORIENTED_EDGE('',*,*,#64,.T.);
#12979 = ORIENTED_EDGE('',*,*,#12939,.T.);
#12980 = ORIENTED_EDGE('',*,*,#2926,.T.);
#12981 = PLANE('',#12982);
#12982 = AXIS2_PLACEMENT_3D('',#12983,#12984,#12985);
#12983 = CARTESIAN_POINT('',(-71.99749339073,-23.30711629716,
    -123.8958885448));
#12984 = DIRECTION('',(1.23663067051E-07,0.707104861624,-0.707108700743)
  );
#12985 = DIRECTION('',(-1.,-1.049822428645E-16,-1.748855119379E-07));
#12986 = ( GEOMETRIC_REPRESENTATION_CONTEXT(3) 
GLOBAL_UNCERTAINTY_ASSIGNED_CONTEXT((#12990)) 
GLOBAL_UNIT_ASSIGNED_CONTEXT((#12987,#12988,#12989)) 
REPRESENTATION_CONTEXT('Context #1',
  '3D Context with UNIT and UNCERTAINTY') );
#12987 = ( LENGTH_UNIT() NAMED_UNIT(*) SI_UNIT(.MILLI.,.METRE.) );
#12988 = ( NAMED_UNIT(*) PLANE_ANGLE_UNIT() SI_UNIT($,.RADIAN.) );
#12989 = ( NAMED_UNIT(*) SI_UNIT($,.STERADIAN.) SOLID_ANGLE_UNIT() );
#12990 = UNCERTAINTY_MEASURE_WITH_UNIT(LENGTH_MEASURE(5.E-04),#12987,
  'distance_accuracy_value','confusion accuracy');
#12991 = PRODUCT_RELATED_PRODUCT_CATEGORY('part',$,(#7));
#12992 = MECHANICAL_DESIGN_GEOMETRIC_PRESENTATION_REPRESENTATION('',(
    #12993),#12986);
#12993 = STYLED_ITEM('color',(#12994),#15);
#12994 = PRESENTATION_STYLE_ASSIGNMENT((#12995,#13001));
#12995 = SURFACE_STYLE_USAGE(.BOTH.,#12996);
#12996 = SURFACE_SIDE_STYLE('',(#12997));
#12997 = SURFACE_STYLE_FILL_AREA(#12998);
#12998 = FILL_AREA_STYLE('',(#12999));
#12999 = FILL_AREA_STYLE_COLOUR('',#13000);
#13000 = COLOUR_RGB('',0.623529443769,0.713725498821,0.858823546443);
#13001 = CURVE_STYLE('',#13002,POSITIVE_LENGTH_MEASURE(0.1),#13003);
#13002 = DRAUGHTING_PRE_DEFINED_CURVE_FONT('continuous');
#13003 = COLOUR_RGB('',9.803921802644E-02,9.803921802644E-02,
  9.803921802644E-02);
ENDSEC;
END-ISO-10303-21;
