ISO-10303-21;
HEADER;
FILE_DESCRIPTION(('FreeCAD Model'),'2;1');
FILE_NAME('Open CASCADE Shape Model','2025-11-08T20:22:16',(''),(''),
  'Open CASCADE STEP processor 7.9','FreeCAD','Unknown');
FILE_SCHEMA(('AUTOMOTIVE_DESIGN { 1 0 10303 214 1 1 1 1 }'));
ENDSEC;
DATA;
#1 = APPLICATION_PROTOCOL_DEFINITION('international standard',
  'automotive_design',2000,#2);
#2 = APPLICATION_CONTEXT(
  'core data for automotive mechanical design processes');
#3 = SHAPE_DEFINITION_REPRESENTATION(#4,#10);
#4 = PRODUCT_DEFINITION_SHAPE('','',#5);
#5 = PRODUCT_DEFINITION('design','',#6,#9);
#6 = PRODUCT_DEFINITION_FORMATION('','',#7);
#7 = PRODUCT('idler_mount_pin_x3','idler_mount_pin_x3','',(#8));
#8 = PRODUCT_CONTEXT('',#2,'mechanical');
#9 = PRODUCT_DEFINITION_CONTEXT('part definition',#2,'design');
#10 = ADVANCED_BREP_SHAPE_REPRESENTATION('',(#11,#15),#3369);
#11 = AXIS2_PLACEMENT_3D('',#12,#13,#14);
#12 = CARTESIAN_POINT('',(0.,0.,0.));
#13 = DIRECTION('',(0.,0.,1.));
#14 = DIRECTION('',(1.,0.,-0.));
#15 = MANIFOLD_SOLID_BREP('',#16);
#16 = CLOSED_SHELL('',(#17,#50,#208,#233,#258,#283,#316,#471,#496,#521,
    #546,#596,#628,#650,#675,#699,#724,#930,#1003,#1043,#1093,#1118,
    #1143,#1199,#1255,#1273,#1291,#1330,#1370,#1404,#1422,#1495,#1574,
    #1591,#1609,#1631,#1643,#1655,#1686,#1711,#1735,#1760,#1784,#1809,
    #1833,#1851,#1883,#1988,#2013,#2037,#2066,#2083,#2100,#2117,#2142,
    #2166,#2197,#2293,#2305,#2337,#2354,#2383,#2405,#2422,#2446,#2469,
    #2481,#2505,#2537,#2554,#2571,#2583,#2607,#2631,#2672,#2728,#2753,
    #2778,#2803,#2828,#2853,#2878,#2903,#2928,#2959,#2983,#3014,#3032,
    #3055,#3072,#3095,#3108,#3121,#3134,#3171,#3184,#3197,#3209,#3221,
    #3233,#3245,#3269,#3293,#3311,#3323,#3340,#3357));
#17 = ADVANCED_FACE('',(#18),#45,.F.);
#18 = FACE_BOUND('',#19,.F.);
#19 = EDGE_LOOP('',(#20,#30,#37,#38));
#20 = ORIENTED_EDGE('',*,*,#21,.T.);
#21 = EDGE_CURVE('',#22,#24,#26,.T.);
#22 = VERTEX_POINT('',#23);
#23 = CARTESIAN_POINT('',(176.46013455398,-17.83518688919,
    18.973999999953));
#24 = VERTEX_POINT('',#25);
#25 = CARTESIAN_POINT('',(176.96013455398,-17.83518688919,
    18.473999999953));
#26 = LINE('',#27,#28);
#27 = CARTESIAN_POINT('',(176.71013455398,-17.83518688919,
    18.723999999953));
#28 = VECTOR('',#29,1.);
#29 = DIRECTION('',(0.707106781186,-1.246205979501E-14,-0.707106781187)
  );
#30 = ORIENTED_EDGE('',*,*,#31,.F.);
#31 = EDGE_CURVE('',#24,#24,#32,.T.);
#32 = CIRCLE('',#33,5.);
#33 = AXIS2_PLACEMENT_3D('',#34,#35,#36);
#34 = CARTESIAN_POINT('',(181.96013455398,-17.83518688919,
    18.473999999952));
#35 = DIRECTION('',(-4.44625144405E-14,-1.693090117847E-14,-1.));
#36 = DIRECTION('',(1.,1.708973687386E-17,-4.44625144405E-14));
#37 = ORIENTED_EDGE('',*,*,#21,.F.);
#38 = ORIENTED_EDGE('',*,*,#39,.F.);
#39 = EDGE_CURVE('',#22,#22,#40,.T.);
#40 = CIRCLE('',#41,5.5);
#41 = AXIS2_PLACEMENT_3D('',#42,#43,#44);
#42 = CARTESIAN_POINT('',(181.96013455398,-17.83518688919,
    18.973999999953));
#43 = DIRECTION('',(4.44625144405E-14,1.693090117847E-14,1.));
#44 = DIRECTION('',(1.,1.708973687386E-17,-4.44625144405E-14));
#45 = CONICAL_SURFACE('',#46,5.25,0.785398163397);
#46 = AXIS2_PLACEMENT_3D('',#47,#48,#49);
#47 = CARTESIAN_POINT('',(181.96013455398,-17.83518688919,
    18.723999999952));
#48 = DIRECTION('',(7.1054273576E-14,1.7763568394E-14,1.));
#49 = DIRECTION('',(1.,1.708973687339E-17,-7.1054273576E-14));
#50 = ADVANCED_FACE('',(#51,#189,#200),#203,.T.);
#51 = FACE_BOUND('',#52,.T.);
#52 = EDGE_LOOP('',(#53,#67,#75,#84,#92,#100,#109,#117,#126,#134,#142,
    #151,#159,#183));
#53 = ORIENTED_EDGE('',*,*,#54,.F.);
#54 = EDGE_CURVE('',#55,#57,#59,.T.);
#55 = VERTEX_POINT('',#56);
#56 = CARTESIAN_POINT('',(191.61551050197,-47.22866164566,
    18.973999999953));
#57 = VERTEX_POINT('',#58);
#58 = CARTESIAN_POINT('',(188.15140888683,-45.22866164566,
    18.973999999953));
#59 = B_SPLINE_CURVE_WITH_KNOTS('',3,(#60,#61,#62,#63,#64,#65,#66),
  .UNSPECIFIED.,.F.,.F.,(4,3,4),(0.,0.179986635523,0.419968816221),
  .UNSPECIFIED.);
#60 = CARTESIAN_POINT('',(191.61551050197,-47.22866164566,
    18.973999999953));
#61 = CARTESIAN_POINT('',(191.04408193054,-47.22866164566,
    18.973999999953));
#62 = CARTESIAN_POINT('',(190.4339067077,-47.09967935896,18.973999999953
    ));
#63 = CARTESIAN_POINT('',(189.88540237046,-46.83509943864,
    18.973999999953));
#64 = CARTESIAN_POINT('',(189.15406325414,-46.48232621156,
    18.973999999954));
#65 = CARTESIAN_POINT('',(188.53236126778,-45.88849052473,
    18.973999999954));
#66 = CARTESIAN_POINT('',(188.15140888683,-45.22866164566,
    18.973999999954));
#67 = ORIENTED_EDGE('',*,*,#68,.F.);
#68 = EDGE_CURVE('',#69,#55,#71,.T.);
#69 = VERTEX_POINT('',#70);
#70 = CARTESIAN_POINT('',(208.9240665428,-47.22866164566,18.973999999951
    ));
#71 = LINE('',#72,#73);
#72 = CARTESIAN_POINT('',(214.17697163538,-47.22866164566,
    18.973999999951));
#73 = VECTOR('',#74,1.);
#74 = DIRECTION('',(-1.,2.71884566788E-14,4.44625144405E-14));
#75 = ORIENTED_EDGE('',*,*,#76,.T.);
#76 = EDGE_CURVE('',#69,#77,#79,.T.);
#77 = VERTEX_POINT('',#78);
#78 = CARTESIAN_POINT('',(208.1601345203,-45.22866164566,18.973999999952
    ));
#79 = CIRCLE('',#80,3.);
#80 = AXIS2_PLACEMENT_3D('',#81,#82,#83);
#81 = CARTESIAN_POINT('',(211.1601345203,-45.22866164566,18.973999999951
    ));
#82 = DIRECTION('',(-4.44625144405E-14,-1.693090117847E-14,-1.));
#83 = DIRECTION('',(-0.707106781187,-0.707106781187,4.341170050438E-14)
  );
#84 = ORIENTED_EDGE('',*,*,#85,.F.);
#85 = EDGE_CURVE('',#86,#77,#88,.T.);
#86 = VERTEX_POINT('',#87);
#87 = CARTESIAN_POINT('',(208.16013455139,-39.0286616995,18.973999999952
    ));
#88 = LINE('',#89,#90);
#89 = CARTESIAN_POINT('',(208.1601345203,-20.76609585946,18.973999999951
    ));
#90 = VECTOR('',#91,1.);
#91 = DIRECTION('',(-2.71884566788E-14,-1.,1.693090117848E-14));
#92 = ORIENTED_EDGE('',*,*,#93,.F.);
#93 = EDGE_CURVE('',#94,#86,#96,.T.);
#94 = VERTEX_POINT('',#95);
#95 = CARTESIAN_POINT('',(207.86050032033,-39.0286616995,18.973999999952
    ));
#96 = LINE('',#97,#98);
#97 = CARTESIAN_POINT('',(214.17697166647,-39.0286616995,18.973999999951
    ));
#98 = VECTOR('',#99,1.);
#99 = DIRECTION('',(1.,-2.718845667878E-14,-4.44625144405E-14));
#100 = ORIENTED_EDGE('',*,*,#101,.F.);
#101 = EDGE_CURVE('',#102,#94,#104,.T.);
#102 = VERTEX_POINT('',#103);
#103 = CARTESIAN_POINT('',(204.06050032485,-35.22884702062,
    18.973999999952));
#104 = CIRCLE('',#105,3.8);
#105 = AXIS2_PLACEMENT_3D('',#106,#107,#108);
#106 = CARTESIAN_POINT('',(207.86050032033,-35.2286616995,
    18.973999999951));
#107 = DIRECTION('',(4.44625144405E-14,1.693090117847E-14,1.));
#108 = DIRECTION('',(-0.707089538631,-0.707124023321,4.34112257819E-14)
  );
#109 = ORIENTED_EDGE('',*,*,#110,.F.);
#110 = EDGE_CURVE('',#111,#102,#113,.T.);
#111 = VERTEX_POINT('',#112);
#112 = CARTESIAN_POINT('',(204.0600614064,-26.22884702063,
    18.973999999951));
#113 = LINE('',#114,#115);
#114 = CARTESIAN_POINT('',(204.06056310649,-36.51618131556,
    18.973999999952));
#115 = VECTOR('',#116,1.);
#116 = DIRECTION('',(4.876871628952E-05,-0.999999998811,
    1.692873277859E-14));
#117 = ORIENTED_EDGE('',*,*,#118,.F.);
#118 = EDGE_CURVE('',#119,#111,#121,.T.);
#119 = VERTEX_POINT('',#120);
#120 = CARTESIAN_POINT('',(207.86006140188,-22.4286616995,
    18.973999999951));
#121 = CIRCLE('',#122,3.8);
#122 = AXIS2_PLACEMENT_3D('',#123,#124,#125);
#123 = CARTESIAN_POINT('',(207.86006140188,-26.2286616995,
    18.973999999951));
#124 = DIRECTION('',(4.44625144405E-14,1.693090117847E-14,1.));
#125 = DIRECTION('',(-0.707124023321,0.707089538631,1.946884899525E-14)
  );
#126 = ORIENTED_EDGE('',*,*,#127,.F.);
#127 = EDGE_CURVE('',#128,#119,#130,.T.);
#128 = VERTEX_POINT('',#129);
#129 = CARTESIAN_POINT('',(208.16013455139,-22.4286616995,
    18.973999999951));
#130 = LINE('',#131,#132);
#131 = CARTESIAN_POINT('',(214.17697166647,-22.4286616995,
    18.973999999951));
#132 = VECTOR('',#133,1.);
#133 = DIRECTION('',(-1.,2.718845667878E-14,4.44625144405E-14));
#134 = ORIENTED_EDGE('',*,*,#135,.F.);
#135 = EDGE_CURVE('',#136,#128,#138,.T.);
#136 = VERTEX_POINT('',#137);
#137 = CARTESIAN_POINT('',(208.1601345203,-12.22866164566,
    18.973999999951));
#138 = LINE('',#139,#140);
#139 = CARTESIAN_POINT('',(208.1601345203,-24.76609585946,
    18.973999999951));
#140 = VECTOR('',#141,1.);
#141 = DIRECTION('',(-2.718845667878E-14,-1.,1.693090117848E-14));
#142 = ORIENTED_EDGE('',*,*,#143,.T.);
#143 = EDGE_CURVE('',#136,#144,#146,.T.);
#144 = VERTEX_POINT('',#145);
#145 = CARTESIAN_POINT('',(208.9240665428,-10.22866164566,
    18.973999999951));
#146 = CIRCLE('',#147,3.);
#147 = AXIS2_PLACEMENT_3D('',#148,#149,#150);
#148 = CARTESIAN_POINT('',(211.1601345203,-12.22866164566,
    18.973999999951));
#149 = DIRECTION('',(-4.44625144405E-14,-1.693090117847E-14,-1.));
#150 = DIRECTION('',(-0.707106781187,0.707106781187,1.946779043458E-14)
  );
#151 = ORIENTED_EDGE('',*,*,#152,.F.);
#152 = EDGE_CURVE('',#153,#144,#155,.T.);
#153 = VERTEX_POINT('',#154);
#154 = CARTESIAN_POINT('',(174.87235269546,-10.22866164566,
    18.973999999952));
#155 = LINE('',#156,#157);
#156 = CARTESIAN_POINT('',(214.17697163538,-10.22866164566,
    18.973999999951));
#157 = VECTOR('',#158,1.);
#158 = DIRECTION('',(1.,-2.718845667878E-14,-4.44625144405E-14));
#159 = ORIENTED_EDGE('',*,*,#160,.F.);
#160 = EDGE_CURVE('',#161,#153,#163,.T.);
#161 = VERTEX_POINT('',#162);
#162 = CARTESIAN_POINT('',(171.40825108033,-16.22866164566,
    18.973999999953));
#163 = B_SPLINE_CURVE_WITH_KNOTS('',3,(#164,#165,#166,#167,#168,#169,
    #170,#171,#172,#173,#174,#175,#176,#177,#178,#179,#180,#181,#182),
  .UNSPECIFIED.,.F.,.F.,(4,3,3,3,3,3,4),(0.,0.120007907101,
    0.360023721302,0.480031628403,0.600039535504,0.720047442605,
    0.840055349705),.UNSPECIFIED.);
#164 = CARTESIAN_POINT('',(171.40825108033,-16.22866164566,
    18.973999999953));
#165 = CARTESIAN_POINT('',(171.24329386056,-15.94294735994,
    18.973999999953));
#166 = CARTESIAN_POINT('',(171.09813137574,-15.61821570135,
    18.973999999953));
#167 = CARTESIAN_POINT('',(171.00255939935,-15.25429084628,
    18.973999999953));
#168 = CARTESIAN_POINT('',(170.81141544658,-14.52644113615,
    18.973999999953));
#169 = CARTESIAN_POINT('',(170.81863352754,-13.64181864013,
    18.973999999953));
#170 = CARTESIAN_POINT('',(171.12414227996,-12.82555059674,
    18.973999999953));
#171 = CARTESIAN_POINT('',(171.27689665617,-12.41741657504,
    18.973999999953));
#172 = CARTESIAN_POINT('',(171.50422370024,-12.0263711665,
    18.973999999953));
#173 = CARTESIAN_POINT('',(171.78236092704,-11.68832668237,
    18.973999999953));
#174 = CARTESIAN_POINT('',(172.06049815385,-11.35028219823,
    18.973999999953));
#175 = CARTESIAN_POINT('',(172.38944556338,-11.0652386385,
    18.973999999953));
#176 = CARTESIAN_POINT('',(172.73976633847,-10.84443299852,
    18.973999999953));
#177 = CARTESIAN_POINT('',(173.09008711356,-10.62362735855,
    18.973999999953));
#178 = CARTESIAN_POINT('',(173.4617812542,-10.46705963833,
    18.973999999953));
#179 = CARTESIAN_POINT('',(173.82486903979,-10.3683182101,
    18.973999999953));
#180 = CARTESIAN_POINT('',(174.18795682539,-10.26957678188,
    18.973999999953));
#181 = CARTESIAN_POINT('',(174.54243825593,-10.22866164566,
    18.973999999953));
#182 = CARTESIAN_POINT('',(174.87235269546,-10.22866164566,
    18.973999999953));
#183 = ORIENTED_EDGE('',*,*,#184,.F.);
#184 = EDGE_CURVE('',#57,#161,#185,.T.);
#185 = LINE('',#186,#187);
#186 = CARTESIAN_POINT('',(176.22897925471,-24.57840777316,
    18.973999999953));
#187 = VECTOR('',#188,1.);
#188 = DIRECTION('',(-0.5,0.866025403784,7.568666690728E-15));
#189 = FACE_BOUND('',#190,.T.);
#190 = EDGE_LOOP('',(#191));
#191 = ORIENTED_EDGE('',*,*,#192,.F.);
#192 = EDGE_CURVE('',#193,#193,#195,.T.);
#193 = VERTEX_POINT('',#194);
#194 = CARTESIAN_POINT('',(188.66013448667,-38.96620670267,
    18.973999999953));
#195 = CIRCLE('',#196,5.5);
#196 = AXIS2_PLACEMENT_3D('',#197,#198,#199);
#197 = CARTESIAN_POINT('',(194.16013448667,-38.96620670267,
    18.973999999952));
#198 = DIRECTION('',(4.44625144405E-14,1.693090117847E-14,1.));
#199 = DIRECTION('',(1.,1.70897368518E-17,-4.44625144405E-14));
#200 = FACE_BOUND('',#201,.T.);
#201 = EDGE_LOOP('',(#202));
#202 = ORIENTED_EDGE('',*,*,#39,.F.);
#203 = PLANE('',#204);
#204 = AXIS2_PLACEMENT_3D('',#205,#206,#207);
#205 = CARTESIAN_POINT('',(214.19380875046,-27.30353007327,
    18.973999999951));
#206 = DIRECTION('',(4.44625144405E-14,1.693090117847E-14,1.));
#207 = DIRECTION('',(1.,1.708973682969E-17,-4.44625144405E-14));
#208 = ADVANCED_FACE('',(#209),#228,.F.);
#209 = FACE_BOUND('',#210,.F.);
#210 = EDGE_LOOP('',(#211,#219,#220,#221));
#211 = ORIENTED_EDGE('',*,*,#212,.T.);
#212 = EDGE_CURVE('',#213,#24,#215,.T.);
#213 = VERTEX_POINT('',#214);
#214 = CARTESIAN_POINT('',(176.96013455398,-17.83518688919,
    14.673999999952));
#215 = LINE('',#216,#217);
#216 = CARTESIAN_POINT('',(176.96013455398,-17.83518688919,
    10.973999999953));
#217 = VECTOR('',#218,1.);
#218 = DIRECTION('',(4.42978680007E-14,1.52794443764E-14,1.));
#219 = ORIENTED_EDGE('',*,*,#31,.T.);
#220 = ORIENTED_EDGE('',*,*,#212,.F.);
#221 = ORIENTED_EDGE('',*,*,#222,.F.);
#222 = EDGE_CURVE('',#213,#213,#223,.T.);
#223 = CIRCLE('',#224,5.);
#224 = AXIS2_PLACEMENT_3D('',#225,#226,#227);
#225 = CARTESIAN_POINT('',(181.96013455398,-17.83518688919,
    14.673999999952));
#226 = DIRECTION('',(-4.44625144405E-14,-1.657007869547E-14,-1.));
#227 = DIRECTION('',(1.,1.708973687386E-17,-4.44625144405E-14));
#228 = CYLINDRICAL_SURFACE('',#229,5.);
#229 = AXIS2_PLACEMENT_3D('',#230,#231,#232);
#230 = CARTESIAN_POINT('',(181.96013455398,-17.83518688919,
    10.973999999952));
#231 = DIRECTION('',(4.42978680007E-14,1.52794443764E-14,1.));
#232 = DIRECTION('',(1.,1.708973687386E-17,-4.42978680007E-14));
#233 = ADVANCED_FACE('',(#234),#253,.F.);
#234 = FACE_BOUND('',#235,.F.);
#235 = EDGE_LOOP('',(#236,#244,#245,#246));
#236 = ORIENTED_EDGE('',*,*,#237,.T.);
#237 = EDGE_CURVE('',#238,#193,#240,.T.);
#238 = VERTEX_POINT('',#239);
#239 = CARTESIAN_POINT('',(189.16013448667,-38.96620670267,
    18.473999999952));
#240 = LINE('',#241,#242);
#241 = CARTESIAN_POINT('',(188.91013448667,-38.96620670267,
    18.723999999952));
#242 = VECTOR('',#243,1.);
#243 = DIRECTION('',(-0.707106781186,1.263525100628E-14,0.707106781187)
  );
#244 = ORIENTED_EDGE('',*,*,#192,.F.);
#245 = ORIENTED_EDGE('',*,*,#237,.F.);
#246 = ORIENTED_EDGE('',*,*,#247,.F.);
#247 = EDGE_CURVE('',#238,#238,#248,.T.);
#248 = CIRCLE('',#249,5.);
#249 = AXIS2_PLACEMENT_3D('',#250,#251,#252);
#250 = CARTESIAN_POINT('',(194.16013448667,-38.96620670267,
    18.473999999952));
#251 = DIRECTION('',(-4.44625144405E-14,-1.693090117847E-14,-1.));
#252 = DIRECTION('',(1.,1.70897368518E-17,-4.44625144405E-14));
#253 = CONICAL_SURFACE('',#254,5.25,0.785398163397);
#254 = AXIS2_PLACEMENT_3D('',#255,#256,#257);
#255 = CARTESIAN_POINT('',(194.16013448667,-38.96620670267,
    18.723999999952));
#256 = DIRECTION('',(7.105427357599E-14,1.7763568394E-14,1.));
#257 = DIRECTION('',(1.,1.708973685133E-17,-7.105427357599E-14));
#258 = ADVANCED_FACE('',(#259),#278,.F.);
#259 = FACE_BOUND('',#260,.F.);
#260 = EDGE_LOOP('',(#261,#269,#270,#271));
#261 = ORIENTED_EDGE('',*,*,#262,.T.);
#262 = EDGE_CURVE('',#263,#238,#265,.T.);
#263 = VERTEX_POINT('',#264);
#264 = CARTESIAN_POINT('',(189.16013448668,-38.96620670267,
    14.673999999952));
#265 = LINE('',#266,#267);
#266 = CARTESIAN_POINT('',(189.16013448667,-38.96620670267,
    10.973999999952));
#267 = VECTOR('',#268,1.);
#268 = DIRECTION('',(4.42978680007E-14,1.52794443764E-14,1.));
#269 = ORIENTED_EDGE('',*,*,#247,.T.);
#270 = ORIENTED_EDGE('',*,*,#262,.F.);
#271 = ORIENTED_EDGE('',*,*,#272,.F.);
#272 = EDGE_CURVE('',#263,#263,#273,.T.);
#273 = CIRCLE('',#274,5.);
#274 = AXIS2_PLACEMENT_3D('',#275,#276,#277);
#275 = CARTESIAN_POINT('',(194.16013448668,-38.96620670267,
    14.673999999952));
#276 = DIRECTION('',(-4.44625144405E-14,-1.657007869547E-14,-1.));
#277 = DIRECTION('',(1.,1.70897368518E-17,-4.44625144405E-14));
#278 = CYLINDRICAL_SURFACE('',#279,5.);
#279 = AXIS2_PLACEMENT_3D('',#280,#281,#282);
#280 = CARTESIAN_POINT('',(194.16013448667,-38.96620670267,
    10.973999999952));
#281 = DIRECTION('',(4.42978680007E-14,1.52794443764E-14,1.));
#282 = DIRECTION('',(1.,1.708973685181E-17,-4.42978680007E-14));
#283 = ADVANCED_FACE('',(#284),#311,.F.);
#284 = FACE_BOUND('',#285,.F.);
#285 = EDGE_LOOP('',(#286,#296,#303,#304));
#286 = ORIENTED_EDGE('',*,*,#287,.T.);
#287 = EDGE_CURVE('',#288,#290,#292,.T.);
#288 = VERTEX_POINT('',#289);
#289 = CARTESIAN_POINT('',(241.36013455392,-17.83518688919,
    18.47399999995));
#290 = VERTEX_POINT('',#291);
#291 = CARTESIAN_POINT('',(240.86013455392,-17.83518688919,
    18.97399999995));
#292 = LINE('',#293,#294);
#293 = CARTESIAN_POINT('',(241.11013455392,-17.83518688919,
    18.72399999995));
#294 = VECTOR('',#295,1.);
#295 = DIRECTION('',(-0.707106781187,1.263525100626E-14,0.707106781187)
  );
#296 = ORIENTED_EDGE('',*,*,#297,.F.);
#297 = EDGE_CURVE('',#290,#290,#298,.T.);
#298 = CIRCLE('',#299,5.5);
#299 = AXIS2_PLACEMENT_3D('',#300,#301,#302);
#300 = CARTESIAN_POINT('',(246.36013455392,-17.83518688919,
    18.97399999995));
#301 = DIRECTION('',(4.44625144405E-14,1.693090117847E-14,1.));
#302 = DIRECTION('',(1.,1.708973687386E-17,-4.44625144405E-14));
#303 = ORIENTED_EDGE('',*,*,#287,.F.);
#304 = ORIENTED_EDGE('',*,*,#305,.F.);
#305 = EDGE_CURVE('',#288,#288,#306,.T.);
#306 = CIRCLE('',#307,5.);
#307 = AXIS2_PLACEMENT_3D('',#308,#309,#310);
#308 = CARTESIAN_POINT('',(246.36013455392,-17.83518688919,
    18.47399999995));
#309 = DIRECTION('',(-4.44625144405E-14,-1.693090117847E-14,-1.));
#310 = DIRECTION('',(1.,1.708973687386E-17,-4.44625144405E-14));
#311 = CONICAL_SURFACE('',#312,5.25,0.785398163398);
#312 = AXIS2_PLACEMENT_3D('',#313,#314,#315);
#313 = CARTESIAN_POINT('',(246.36013455392,-17.83518688919,
    18.72399999995));
#314 = DIRECTION('',(7.105427357602E-14,1.7763568394E-14,1.));
#315 = DIRECTION('',(1.,1.708973687339E-17,-7.105427357602E-14));
#316 = ADVANCED_FACE('',(#317,#452,#463),#466,.T.);
#317 = FACE_BOUND('',#318,.T.);
#318 = EDGE_LOOP('',(#319,#330,#338,#362,#370,#379,#387,#395,#404,#412,
    #421,#429,#437,#446));
#319 = ORIENTED_EDGE('',*,*,#320,.F.);
#320 = EDGE_CURVE('',#321,#323,#325,.T.);
#321 = VERTEX_POINT('',#322);
#322 = CARTESIAN_POINT('',(240.16886011491,-45.22866164566,
    18.97399999995));
#323 = VERTEX_POINT('',#324);
#324 = CARTESIAN_POINT('',(236.70475849977,-47.22866164566,
    18.973999999951));
#325 = CIRCLE('',#326,4.000000000006);
#326 = AXIS2_PLACEMENT_3D('',#327,#328,#329);
#327 = CARTESIAN_POINT('',(236.70475849977,-43.22866164566,
    18.973999999945));
#328 = DIRECTION('',(-4.44625144405E-14,-1.693090117847E-14,-1.));
#329 = DIRECTION('',(0.866025403784,-0.5,-3.004021643236E-14));
#330 = ORIENTED_EDGE('',*,*,#331,.F.);
#331 = EDGE_CURVE('',#332,#321,#334,.T.);
#332 = VERTEX_POINT('',#333);
#333 = CARTESIAN_POINT('',(256.91201792141,-16.22866164566,
    18.973999999949));
#334 = LINE('',#335,#336);
#335 = CARTESIAN_POINT('',(239.38845132516,-46.58036932018,
    18.97399999995));
#336 = VECTOR('',#337,1.);
#337 = DIRECTION('',(-0.5,-0.866025403784,3.689384774977E-14));
#338 = ORIENTED_EDGE('',*,*,#339,.F.);
#339 = EDGE_CURVE('',#340,#332,#342,.T.);
#340 = VERTEX_POINT('',#341);
#341 = CARTESIAN_POINT('',(253.44791630627,-10.22866164566,
    18.973999999949));
#342 = B_SPLINE_CURVE_WITH_KNOTS('',3,(#343,#344,#345,#346,#347,#348,
    #349,#350,#351,#352,#353,#354,#355,#356,#357,#358,#359,#360,#361),
  .UNSPECIFIED.,.F.,.F.,(4,3,3,3,3,3,4),(0.,0.120007907101,
    0.360023721303,0.480031628403,0.600039535504,0.720047442605,
    0.840055349706),.UNSPECIFIED.);
#343 = CARTESIAN_POINT('',(253.44791630627,-10.22866164566,
    18.973999999949));
#344 = CARTESIAN_POINT('',(253.77783074581,-10.22866164566,
    18.973999999949));
#345 = CARTESIAN_POINT('',(254.13163769186,-10.26530288881,
    18.973999999949));
#346 = CARTESIAN_POINT('',(254.49459175073,-10.36449118666,
    18.973999999949));
#347 = CARTESIAN_POINT('',(255.22049986847,-10.56286778236,
    18.973999999948));
#348 = CARTESIAN_POINT('',(255.98299643748,-11.01143259687,
    18.973999999948));
#349 = CARTESIAN_POINT('',(256.53714858577,-11.68413661459,
    18.973999999947));
#350 = CARTESIAN_POINT('',(256.81422465992,-12.02048862345,
    18.973999999947));
#351 = CARTESIAN_POINT('',(257.03921462888,-12.41287543311,
    18.973999999947));
#352 = CARTESIAN_POINT('',(257.19290095782,-12.82277197344,
    18.973999999947));
#353 = CARTESIAN_POINT('',(257.34658728675,-13.23266851378,
    18.973999999947));
#354 = CARTESIAN_POINT('',(257.42896997565,-13.6600747848,
    18.973999999946));
#355 = CARTESIAN_POINT('',(257.44503357141,-14.07386819445,
    18.973999999946));
#356 = CARTESIAN_POINT('',(257.46109716718,-14.48766160409,
    18.973999999946));
#357 = CARTESIAN_POINT('',(257.4108416698,-14.88784215236,
    18.973999999946));
#358 = CARTESIAN_POINT('',(257.3148111633,-15.25166359133,
    18.973999999946));
#359 = CARTESIAN_POINT('',(257.2187806568,-15.61548503029,
    18.973999999946));
#360 = CARTESIAN_POINT('',(257.07697514118,-15.94294735995,
    18.973999999946));
#361 = CARTESIAN_POINT('',(256.91201792141,-16.22866164566,
    18.973999999946));
#362 = ORIENTED_EDGE('',*,*,#363,.F.);
#363 = EDGE_CURVE('',#364,#340,#366,.T.);
#364 = VERTEX_POINT('',#365);
#365 = CARTESIAN_POINT('',(219.3962024978,-10.22866164566,
    18.973999999951));
#366 = LINE('',#367,#368);
#367 = CARTESIAN_POINT('',(214.17697163538,-10.22866164566,
    18.973999999951));
#368 = VECTOR('',#369,1.);
#369 = DIRECTION('',(1.,-2.718845667878E-14,-4.44625144405E-14));
#370 = ORIENTED_EDGE('',*,*,#371,.T.);
#371 = EDGE_CURVE('',#364,#372,#374,.T.);
#372 = VERTEX_POINT('',#373);
#373 = CARTESIAN_POINT('',(220.1601345203,-12.22866164566,
    18.973999999951));
#374 = CIRCLE('',#375,3.);
#375 = AXIS2_PLACEMENT_3D('',#376,#377,#378);
#376 = CARTESIAN_POINT('',(217.1601345203,-12.22866164566,
    18.973999999951));
#377 = DIRECTION('',(-4.44625144405E-14,-1.693090117847E-14,-1.));
#378 = DIRECTION('',(0.707106781187,0.707106781187,-4.341170050438E-14)
  );
#379 = ORIENTED_EDGE('',*,*,#380,.F.);
#380 = EDGE_CURVE('',#381,#372,#383,.T.);
#381 = VERTEX_POINT('',#382);
#382 = CARTESIAN_POINT('',(220.1601345203,-22.4286616995,18.973999999951
    ));
#383 = LINE('',#384,#385);
#384 = CARTESIAN_POINT('',(220.1601345203,-37.26609585947,
    18.973999999951));
#385 = VECTOR('',#386,1.);
#386 = DIRECTION('',(2.718845667878E-14,1.,-1.693090117848E-14));
#387 = ORIENTED_EDGE('',*,*,#388,.F.);
#388 = EDGE_CURVE('',#389,#381,#391,.T.);
#389 = VERTEX_POINT('',#390);
#390 = CARTESIAN_POINT('',(220.4602077009,-22.4286616995,18.973999999951
    ));
#391 = LINE('',#392,#393);
#392 = CARTESIAN_POINT('',(214.17697166647,-22.4286616995,
    18.973999999951));
#393 = VECTOR('',#394,1.);
#394 = DIRECTION('',(-1.,2.718845667878E-14,4.44625144405E-14));
#395 = ORIENTED_EDGE('',*,*,#396,.F.);
#396 = EDGE_CURVE('',#397,#389,#399,.T.);
#397 = VERTEX_POINT('',#398);
#398 = CARTESIAN_POINT('',(224.26020769638,-26.22884702063,
    18.973999999951));
#399 = CIRCLE('',#400,3.8);
#400 = AXIS2_PLACEMENT_3D('',#401,#402,#403);
#401 = CARTESIAN_POINT('',(220.4602077009,-26.2286616995,18.973999999951
    ));
#402 = DIRECTION('',(4.44625144405E-14,1.693090117847E-14,1.));
#403 = DIRECTION('',(0.707124023321,0.707089538631,-4.341217520105E-14)
  );
#404 = ORIENTED_EDGE('',*,*,#405,.F.);
#405 = EDGE_CURVE('',#406,#397,#408,.T.);
#406 = VERTEX_POINT('',#407);
#407 = CARTESIAN_POINT('',(224.25976877793,-35.22884702063,
    18.973999999951));
#408 = LINE('',#409,#410);
#409 = CARTESIAN_POINT('',(224.26004736855,-29.51636087744,
    18.973999999951));
#410 = VECTOR('',#411,1.);
#411 = DIRECTION('',(4.876871659646E-05,0.999999998811,
    -1.693306953811E-14));
#412 = ORIENTED_EDGE('',*,*,#413,.F.);
#413 = EDGE_CURVE('',#414,#406,#416,.T.);
#414 = VERTEX_POINT('',#415);
#415 = CARTESIAN_POINT('',(220.45976878245,-39.0286616995,
    18.973999999951));
#416 = CIRCLE('',#417,3.8);
#417 = AXIS2_PLACEMENT_3D('',#418,#419,#420);
#418 = CARTESIAN_POINT('',(220.45976878245,-35.2286616995,
    18.973999999951));
#419 = DIRECTION('',(4.44625144405E-14,1.693090117847E-14,1.));
#420 = DIRECTION('',(0.707089538631,-0.707124023321,-1.946673186233E-14)
  );
#421 = ORIENTED_EDGE('',*,*,#422,.F.);
#422 = EDGE_CURVE('',#423,#414,#425,.T.);
#423 = VERTEX_POINT('',#424);
#424 = CARTESIAN_POINT('',(220.16013455139,-39.0286616995,
    18.973999999951));
#425 = LINE('',#426,#427);
#426 = CARTESIAN_POINT('',(214.17697166647,-39.0286616995,
    18.973999999951));
#427 = VECTOR('',#428,1.);
#428 = DIRECTION('',(1.,-2.718845667878E-14,-4.44625144405E-14));
#429 = ORIENTED_EDGE('',*,*,#430,.F.);
#430 = EDGE_CURVE('',#431,#423,#433,.T.);
#431 = VERTEX_POINT('',#432);
#432 = CARTESIAN_POINT('',(220.1601345203,-45.22866164566,
    18.973999999951));
#433 = LINE('',#434,#435);
#434 = CARTESIAN_POINT('',(220.1601345203,-33.26609585947,
    18.973999999951));
#435 = VECTOR('',#436,1.);
#436 = DIRECTION('',(2.71884566788E-14,1.,-1.693090117848E-14));
#437 = ORIENTED_EDGE('',*,*,#438,.T.);
#438 = EDGE_CURVE('',#431,#439,#441,.T.);
#439 = VERTEX_POINT('',#440);
#440 = CARTESIAN_POINT('',(219.3962024978,-47.22866164566,
    18.973999999951));
#441 = CIRCLE('',#442,3.);
#442 = AXIS2_PLACEMENT_3D('',#443,#444,#445);
#443 = CARTESIAN_POINT('',(217.1601345203,-45.22866164566,
    18.973999999951));
#444 = DIRECTION('',(-4.44625144405E-14,-1.693090117847E-14,-1.));
#445 = DIRECTION('',(0.707106781187,-0.707106781187,-1.946779043458E-14)
  );
#446 = ORIENTED_EDGE('',*,*,#447,.F.);
#447 = EDGE_CURVE('',#323,#439,#448,.T.);
#448 = LINE('',#449,#450);
#449 = CARTESIAN_POINT('',(214.17697163538,-47.22866164566,
    18.973999999951));
#450 = VECTOR('',#451,1.);
#451 = DIRECTION('',(-1.,2.71884566788E-14,4.44625144405E-14));
#452 = FACE_BOUND('',#453,.T.);
#453 = EDGE_LOOP('',(#454));
#454 = ORIENTED_EDGE('',*,*,#455,.F.);
#455 = EDGE_CURVE('',#456,#456,#458,.T.);
#456 = VERTEX_POINT('',#457);
#457 = CARTESIAN_POINT('',(228.66013455392,-38.96620666381,
    18.973999999951));
#458 = CIRCLE('',#459,5.5);
#459 = AXIS2_PLACEMENT_3D('',#460,#461,#462);
#460 = CARTESIAN_POINT('',(234.16013455392,-38.96620666381,
    18.973999999951));
#461 = DIRECTION('',(4.44625144405E-14,1.693090117847E-14,1.));
#462 = DIRECTION('',(1.,1.70897368518E-17,-4.44625144405E-14));
#463 = FACE_BOUND('',#464,.T.);
#464 = EDGE_LOOP('',(#465));
#465 = ORIENTED_EDGE('',*,*,#297,.F.);
#466 = PLANE('',#467);
#467 = AXIS2_PLACEMENT_3D('',#468,#469,#470);
#468 = CARTESIAN_POINT('',(214.19380875046,-27.30353007327,
    18.973999999951));
#469 = DIRECTION('',(4.44625144405E-14,1.693090117847E-14,1.));
#470 = DIRECTION('',(1.,1.708973682969E-17,-4.44625144405E-14));
#471 = ADVANCED_FACE('',(#472),#491,.F.);
#472 = FACE_BOUND('',#473,.F.);
#473 = EDGE_LOOP('',(#474,#482,#483,#484));
#474 = ORIENTED_EDGE('',*,*,#475,.T.);
#475 = EDGE_CURVE('',#476,#288,#478,.T.);
#476 = VERTEX_POINT('',#477);
#477 = CARTESIAN_POINT('',(241.36013455392,-17.83518688919,
    14.67399999995));
#478 = LINE('',#479,#480);
#479 = CARTESIAN_POINT('',(241.36013455392,-17.83518688919,
    10.97399999995));
#480 = VECTOR('',#481,1.);
#481 = DIRECTION('',(4.42978680007E-14,1.52794443764E-14,1.));
#482 = ORIENTED_EDGE('',*,*,#305,.T.);
#483 = ORIENTED_EDGE('',*,*,#475,.F.);
#484 = ORIENTED_EDGE('',*,*,#485,.F.);
#485 = EDGE_CURVE('',#476,#476,#486,.T.);
#486 = CIRCLE('',#487,5.);
#487 = AXIS2_PLACEMENT_3D('',#488,#489,#490);
#488 = CARTESIAN_POINT('',(246.36013455392,-17.83518688919,
    14.673999999949));
#489 = DIRECTION('',(-4.44625144405E-14,-1.657007869547E-14,-1.));
#490 = DIRECTION('',(1.,1.708973687386E-17,-4.44625144405E-14));
#491 = CYLINDRICAL_SURFACE('',#492,5.);
#492 = AXIS2_PLACEMENT_3D('',#493,#494,#495);
#493 = CARTESIAN_POINT('',(246.36013455392,-17.83518688919,
    10.97399999995));
#494 = DIRECTION('',(4.42978680007E-14,1.52794443764E-14,1.));
#495 = DIRECTION('',(1.,1.708973687386E-17,-4.42978680007E-14));
#496 = ADVANCED_FACE('',(#497),#516,.F.);
#497 = FACE_BOUND('',#498,.F.);
#498 = EDGE_LOOP('',(#499,#507,#514,#515));
#499 = ORIENTED_EDGE('',*,*,#500,.T.);
#500 = EDGE_CURVE('',#456,#501,#503,.T.);
#501 = VERTEX_POINT('',#502);
#502 = CARTESIAN_POINT('',(229.16013455392,-38.96620666381,
    18.473999999951));
#503 = LINE('',#504,#505);
#504 = CARTESIAN_POINT('',(228.91013455392,-38.96620666381,
    18.723999999951));
#505 = VECTOR('',#506,1.);
#506 = DIRECTION('',(0.707106781186,-1.246205979503E-14,-0.707106781187)
  );
#507 = ORIENTED_EDGE('',*,*,#508,.F.);
#508 = EDGE_CURVE('',#501,#501,#509,.T.);
#509 = CIRCLE('',#510,5.);
#510 = AXIS2_PLACEMENT_3D('',#511,#512,#513);
#511 = CARTESIAN_POINT('',(234.16013455392,-38.96620666381,
    18.473999999951));
#512 = DIRECTION('',(-4.44625144405E-14,-1.693090117847E-14,-1.));
#513 = DIRECTION('',(1.,1.70897368518E-17,-4.44625144405E-14));
#514 = ORIENTED_EDGE('',*,*,#500,.F.);
#515 = ORIENTED_EDGE('',*,*,#455,.F.);
#516 = CONICAL_SURFACE('',#517,5.25,0.785398163397);
#517 = AXIS2_PLACEMENT_3D('',#518,#519,#520);
#518 = CARTESIAN_POINT('',(234.16013455392,-38.96620666381,
    18.723999999951));
#519 = DIRECTION('',(7.105427357601E-14,1.7763568394E-14,1.));
#520 = DIRECTION('',(1.,1.708973685133E-17,-7.105427357601E-14));
#521 = ADVANCED_FACE('',(#522),#541,.F.);
#522 = FACE_BOUND('',#523,.F.);
#523 = EDGE_LOOP('',(#524,#532,#533,#534));
#524 = ORIENTED_EDGE('',*,*,#525,.T.);
#525 = EDGE_CURVE('',#526,#501,#528,.T.);
#526 = VERTEX_POINT('',#527);
#527 = CARTESIAN_POINT('',(229.16013455392,-38.96620666381,
    14.673999999951));
#528 = LINE('',#529,#530);
#529 = CARTESIAN_POINT('',(229.16013455392,-38.96620666381,
    10.973999999951));
#530 = VECTOR('',#531,1.);
#531 = DIRECTION('',(4.42978680007E-14,1.52794443764E-14,1.));
#532 = ORIENTED_EDGE('',*,*,#508,.T.);
#533 = ORIENTED_EDGE('',*,*,#525,.F.);
#534 = ORIENTED_EDGE('',*,*,#535,.F.);
#535 = EDGE_CURVE('',#526,#526,#536,.T.);
#536 = CIRCLE('',#537,5.);
#537 = AXIS2_PLACEMENT_3D('',#538,#539,#540);
#538 = CARTESIAN_POINT('',(234.16013455392,-38.96620666381,
    14.67399999995));
#539 = DIRECTION('',(-4.44625144405E-14,-1.657007869547E-14,-1.));
#540 = DIRECTION('',(1.,1.70897368518E-17,-4.44625144405E-14));
#541 = CYLINDRICAL_SURFACE('',#542,5.);
#542 = AXIS2_PLACEMENT_3D('',#543,#544,#545);
#543 = CARTESIAN_POINT('',(234.16013455392,-38.96620666381,
    10.97399999995));
#544 = DIRECTION('',(4.42978680007E-14,1.52794443764E-14,1.));
#545 = DIRECTION('',(1.,1.708973685181E-17,-4.42978680007E-14));
#546 = ADVANCED_FACE('',(#547),#591,.T.);
#547 = FACE_BOUND('',#548,.T.);
#548 = EDGE_LOOP('',(#549,#559,#572,#580));
#549 = ORIENTED_EDGE('',*,*,#550,.T.);
#550 = EDGE_CURVE('',#551,#553,#555,.T.);
#551 = VERTEX_POINT('',#552);
#552 = CARTESIAN_POINT('',(236.70475849977,-48.22866164566,
    17.973999999951));
#553 = VERTEX_POINT('',#554);
#554 = CARTESIAN_POINT('',(236.70475849977,-48.22866164566,
    11.97399999995));
#555 = LINE('',#556,#557);
#556 = CARTESIAN_POINT('',(236.70475849977,-48.22866164566,
    15.749999999975));
#557 = VECTOR('',#558,1.);
#558 = DIRECTION('',(-3.522247409248E-14,4.395989713491E-16,-1.));
#559 = ORIENTED_EDGE('',*,*,#560,.T.);
#560 = EDGE_CURVE('',#553,#561,#563,.T.);
#561 = VERTEX_POINT('',#562);
#562 = CARTESIAN_POINT('',(241.03488551869,-45.72866164566,
    11.97399999995));
#563 = B_SPLINE_CURVE_WITH_KNOTS('',3,(#564,#565,#566,#567,#568,#569,
    #570,#571),.UNSPECIFIED.,.F.,.F.,(4,2,2,4),(0.,0.195322236693,
    0.36013672759,0.524951218487),.UNSPECIFIED.);
#564 = CARTESIAN_POINT('',(236.70475849977,-48.22866164566,
    11.97399999995));
#565 = CARTESIAN_POINT('',(237.35583262208,-48.22866164566,
    11.97399999995));
#566 = CARTESIAN_POINT('',(238.00068212092,-48.10149239184,
    11.973999999951));
#567 = CARTESIAN_POINT('',(239.11125980841,-47.64573891846,
    11.973999999951));
#568 = CARTESIAN_POINT('',(239.58167604353,-47.35481792345,
    11.973999999951));
#569 = CARTESIAN_POINT('',(240.40895728931,-46.63170903145,
    11.973999999951));
#570 = CARTESIAN_POINT('',(240.76019470053,-46.20444009909,
    11.973999999951));
#571 = CARTESIAN_POINT('',(241.03488551869,-45.72866164566,
    11.973999999951));
#572 = ORIENTED_EDGE('',*,*,#573,.T.);
#573 = EDGE_CURVE('',#561,#574,#576,.T.);
#574 = VERTEX_POINT('',#575);
#575 = CARTESIAN_POINT('',(241.03488551869,-45.72866164566,
    17.97399999995));
#576 = LINE('',#577,#578);
#577 = CARTESIAN_POINT('',(241.03488551869,-45.72866164566,
    15.749999999975));
#578 = VECTOR('',#579,1.);
#579 = DIRECTION('',(3.522247409248E-14,-4.395989713491E-16,1.));
#580 = ORIENTED_EDGE('',*,*,#581,.T.);
#581 = EDGE_CURVE('',#574,#551,#582,.T.);
#582 = B_SPLINE_CURVE_WITH_KNOTS('',3,(#583,#584,#585,#586,#587,#588,
    #589,#590),.UNSPECIFIED.,.F.,.F.,(4,2,2,4),(0.,0.195322236693,
    0.36013672759,0.524951218487),.UNSPECIFIED.);
#583 = CARTESIAN_POINT('',(241.03488551869,-45.72866164566,
    17.97399999995));
#584 = CARTESIAN_POINT('',(240.70934845754,-46.29250837533,
    17.97399999995));
#585 = CARTESIAN_POINT('',(240.27679190372,-46.78737979603,
    17.97399999995));
#586 = CARTESIAN_POINT('',(239.32680897417,-47.52129154958,
    17.97399999995));
#587 = CARTESIAN_POINT('',(238.83965588444,-47.78322346204,
    17.973999999951));
#588 = CARTESIAN_POINT('',(237.79978459137,-48.13811559096,
    17.973999999951));
#589 = CARTESIAN_POINT('',(237.25414013609,-48.22866164566,
    17.97399999995));
#590 = CARTESIAN_POINT('',(236.70475849977,-48.22866164566,
    17.97399999995));
#591 = CYLINDRICAL_SURFACE('',#592,5.);
#592 = AXIS2_PLACEMENT_3D('',#593,#594,#595);
#593 = CARTESIAN_POINT('',(236.70475849977,-43.22866164566,
    15.749999999975));
#594 = DIRECTION('',(-3.522247409248E-14,4.395989713491E-16,-1.));
#595 = DIRECTION('',(0.5,-0.866025403784,-1.79919409229E-14));
#596 = ADVANCED_FACE('',(#597),#623,.T.);
#597 = FACE_BOUND('',#598,.T.);
#598 = EDGE_LOOP('',(#599,#610,#616,#617));
#599 = ORIENTED_EDGE('',*,*,#600,.T.);
#600 = EDGE_CURVE('',#601,#603,#605,.T.);
#601 = VERTEX_POINT('',#602);
#602 = CARTESIAN_POINT('',(236.70475849977,-47.22866164566,
    10.97399999995));
#603 = VERTEX_POINT('',#604);
#604 = CARTESIAN_POINT('',(240.16886011491,-45.22866164566,
    10.97399999995));
#605 = CIRCLE('',#606,4.);
#606 = AXIS2_PLACEMENT_3D('',#607,#608,#609);
#607 = CARTESIAN_POINT('',(236.70475849977,-43.22866164566,
    10.973999999951));
#608 = DIRECTION('',(4.44625144405E-14,1.657007869547E-14,1.));
#609 = DIRECTION('',(0.866025403785,-0.5,-3.022062767387E-14));
#610 = ORIENTED_EDGE('',*,*,#611,.T.);
#611 = EDGE_CURVE('',#603,#561,#612,.T.);
#612 = LINE('',#613,#614);
#613 = CARTESIAN_POINT('',(237.98100165618,-43.96550097557,
    8.447678659768));
#614 = VECTOR('',#615,1.);
#615 = DIRECTION('',(0.612372435696,-0.353553390593,0.707106781187));
#616 = ORIENTED_EDGE('',*,*,#560,.F.);
#617 = ORIENTED_EDGE('',*,*,#618,.T.);
#618 = EDGE_CURVE('',#553,#601,#619,.T.);
#619 = LINE('',#620,#621);
#620 = CARTESIAN_POINT('',(236.70475849977,-44.70234030548,
    8.447678659768));
#621 = VECTOR('',#622,1.);
#622 = DIRECTION('',(-1.463682310994E-13,0.707106781186,-0.707106781187)
  );
#623 = CONICAL_SURFACE('',#624,1.473678659818,0.785398163397);
#624 = AXIS2_PLACEMENT_3D('',#625,#626,#627);
#625 = CARTESIAN_POINT('',(236.70475849977,-43.22866164566,
    8.447678659768));
#626 = DIRECTION('',(1.392934389956E-13,1.743620976522E-13,1.));
#627 = DIRECTION('',(0.866025403785,-0.5,-3.345060792463E-14));
#628 = ADVANCED_FACE('',(#629),#645,.T.);
#629 = FACE_BOUND('',#630,.T.);
#630 = EDGE_LOOP('',(#631,#632,#638,#639));
#631 = ORIENTED_EDGE('',*,*,#320,.T.);
#632 = ORIENTED_EDGE('',*,*,#633,.T.);
#633 = EDGE_CURVE('',#323,#551,#634,.T.);
#634 = LINE('',#635,#636);
#635 = CARTESIAN_POINT('',(236.70475849977,-44.70234030548,
    21.500321340129));
#636 = VECTOR('',#637,1.);
#637 = DIRECTION('',(-3.475731555215E-13,-0.707106781186,-0.707106781187
    ));
#638 = ORIENTED_EDGE('',*,*,#581,.F.);
#639 = ORIENTED_EDGE('',*,*,#640,.T.);
#640 = EDGE_CURVE('',#574,#321,#641,.T.);
#641 = LINE('',#642,#643);
#642 = CARTESIAN_POINT('',(237.98100165619,-43.96550097557,
    21.500321340129));
#643 = VECTOR('',#644,1.);
#644 = DIRECTION('',(-0.612372435696,0.353553390593,0.707106781187));
#645 = CONICAL_SURFACE('',#646,1.473678659822,0.785398163397);
#646 = AXIS2_PLACEMENT_3D('',#647,#648,#649);
#647 = CARTESIAN_POINT('',(236.70475849977,-43.22866164566,
    21.500321340129));
#648 = DIRECTION('',(-2.544567335892E-13,4.419014396523E-14,-1.));
#649 = DIRECTION('',(0.866025403784,-0.5,-2.424610674349E-13));
#650 = ADVANCED_FACE('',(#651),#670,.T.);
#651 = FACE_BOUND('',#652,.T.);
#652 = EDGE_LOOP('',(#653,#654,#662,#669));
#653 = ORIENTED_EDGE('',*,*,#640,.F.);
#654 = ORIENTED_EDGE('',*,*,#655,.T.);
#655 = EDGE_CURVE('',#574,#656,#658,.T.);
#656 = VERTEX_POINT('',#657);
#657 = CARTESIAN_POINT('',(257.77804332519,-16.72866164566,
    17.973999999949));
#658 = LINE('',#659,#660);
#659 = CARTESIAN_POINT('',(240.25447672894,-47.08036932018,
    17.97399999995));
#660 = VECTOR('',#661,1.);
#661 = DIRECTION('',(0.5,0.866025403784,-3.689384774977E-14));
#662 = ORIENTED_EDGE('',*,*,#663,.F.);
#663 = EDGE_CURVE('',#332,#656,#664,.T.);
#664 = B_SPLINE_CURVE_WITH_KNOTS('',3,(#665,#666,#667,#668),
  .UNSPECIFIED.,.F.,.F.,(4,4),(2.83360541932,2.923048138421),
  .PIECEWISE_BEZIER_KNOTS.);
#665 = CARTESIAN_POINT('',(256.91201792141,-16.22866164566,
    18.973999999949));
#666 = CARTESIAN_POINT('',(257.200693056,-16.39532831233,18.640666666615
    ));
#667 = CARTESIAN_POINT('',(257.4893681906,-16.56199497899,18.30733333328
    ));
#668 = CARTESIAN_POINT('',(257.77804332519,-16.72866164566,
    17.973999999946));
#669 = ORIENTED_EDGE('',*,*,#331,.T.);
#670 = PLANE('',#671);
#671 = AXIS2_PLACEMENT_3D('',#672,#673,#674);
#672 = CARTESIAN_POINT('',(239.82146402705,-46.83036932018,
    18.47399999995));
#673 = DIRECTION('',(0.612372435696,-0.353553390593,0.707106781186));
#674 = DIRECTION('',(0.755928946018,-2.775557561563E-17,-0.654653670708)
  );
#675 = ADVANCED_FACE('',(#676),#694,.T.);
#676 = FACE_BOUND('',#677,.T.);
#677 = EDGE_LOOP('',(#678,#679,#687,#693));
#678 = ORIENTED_EDGE('',*,*,#573,.F.);
#679 = ORIENTED_EDGE('',*,*,#680,.F.);
#680 = EDGE_CURVE('',#681,#561,#683,.T.);
#681 = VERTEX_POINT('',#682);
#682 = CARTESIAN_POINT('',(257.77804332519,-16.72866164566,
    11.973999999949));
#683 = LINE('',#684,#685);
#684 = CARTESIAN_POINT('',(240.25447672894,-47.08036932018,
    11.97399999995));
#685 = VECTOR('',#686,1.);
#686 = DIRECTION('',(-0.5,-0.866025403784,3.658136631323E-14));
#687 = ORIENTED_EDGE('',*,*,#688,.F.);
#688 = EDGE_CURVE('',#656,#681,#689,.T.);
#689 = LINE('',#690,#691);
#690 = CARTESIAN_POINT('',(257.77804332519,-16.72866164566,
    15.749999999974));
#691 = VECTOR('',#692,1.);
#692 = DIRECTION('',(-3.522247409248E-14,4.395989713491E-16,-1.));
#693 = ORIENTED_EDGE('',*,*,#655,.F.);
#694 = PLANE('',#695);
#695 = AXIS2_PLACEMENT_3D('',#696,#697,#698);
#696 = CARTESIAN_POINT('',(238.20602112637,-50.62839850088,
    10.97399999995));
#697 = DIRECTION('',(0.866025403784,-0.5,-3.07233568339E-14));
#698 = DIRECTION('',(0.5,0.866025403784,-3.658136631323E-14));
#699 = ADVANCED_FACE('',(#700),#719,.T.);
#700 = FACE_BOUND('',#701,.T.);
#701 = EDGE_LOOP('',(#702,#703,#711,#718));
#702 = ORIENTED_EDGE('',*,*,#611,.F.);
#703 = ORIENTED_EDGE('',*,*,#704,.T.);
#704 = EDGE_CURVE('',#603,#705,#707,.T.);
#705 = VERTEX_POINT('',#706);
#706 = CARTESIAN_POINT('',(256.91201792141,-16.22866164566,
    10.973999999949));
#707 = LINE('',#708,#709);
#708 = CARTESIAN_POINT('',(239.38845132516,-46.58036932018,
    10.97399999995));
#709 = VECTOR('',#710,1.);
#710 = DIRECTION('',(0.5,0.866025403784,-3.658136631323E-14));
#711 = ORIENTED_EDGE('',*,*,#712,.F.);
#712 = EDGE_CURVE('',#681,#705,#713,.T.);
#713 = B_SPLINE_CURVE_WITH_KNOTS('',3,(#714,#715,#716,#717),
  .UNSPECIFIED.,.F.,.F.,(4,4),(-2.923048138421,-2.833605419321),
  .PIECEWISE_BEZIER_KNOTS.);
#714 = CARTESIAN_POINT('',(257.77804332519,-16.72866164566,
    11.97399999995));
#715 = CARTESIAN_POINT('',(257.4893681906,-16.56199497899,
    11.640666666617));
#716 = CARTESIAN_POINT('',(257.200693056,-16.39532831233,11.307333333283
    ));
#717 = CARTESIAN_POINT('',(256.91201792141,-16.22866164566,
    10.973999999949));
#718 = ORIENTED_EDGE('',*,*,#680,.T.);
#719 = PLANE('',#720);
#720 = AXIS2_PLACEMENT_3D('',#721,#722,#723);
#721 = CARTESIAN_POINT('',(239.82146402705,-46.83036932018,
    11.47399999995));
#722 = DIRECTION('',(0.612372435696,-0.353553390593,-0.707106781187));
#723 = DIRECTION('',(-0.755928946018,1.387778780781E-16,-0.654653670708)
  );
#724 = ADVANCED_FACE('',(#725,#811,#881,#892,#903,#914),#925,.F.);
#725 = FACE_BOUND('',#726,.T.);
#726 = EDGE_LOOP('',(#727,#728,#736,#748,#756,#780,#788,#810));
#727 = ORIENTED_EDGE('',*,*,#600,.F.);
#728 = ORIENTED_EDGE('',*,*,#729,.F.);
#729 = EDGE_CURVE('',#730,#601,#732,.T.);
#730 = VERTEX_POINT('',#731);
#731 = CARTESIAN_POINT('',(191.61551050197,-47.22866164566,
    10.973999999952));
#732 = LINE('',#733,#734);
#733 = CARTESIAN_POINT('',(214.17697163538,-47.22866164566,
    10.973999999951));
#734 = VECTOR('',#735,1.);
#735 = DIRECTION('',(1.,-2.71884566788E-14,-4.44625144405E-14));
#736 = ORIENTED_EDGE('',*,*,#737,.F.);
#737 = EDGE_CURVE('',#738,#730,#740,.T.);
#738 = VERTEX_POINT('',#739);
#739 = CARTESIAN_POINT('',(188.15140888683,-45.22866164566,
    10.973999999953));
#740 = B_SPLINE_CURVE_WITH_KNOTS('',3,(#741,#742,#743,#744,#745,#746,
    #747),.UNSPECIFIED.,.F.,.F.,(4,3,4),(0.,0.239982180698,
    0.419968816222),.UNSPECIFIED.);
#741 = CARTESIAN_POINT('',(188.15140888683,-45.22866164566,
    10.973999999953));
#742 = CARTESIAN_POINT('',(188.53236126778,-45.88849052473,
    10.973999999953));
#743 = CARTESIAN_POINT('',(189.15406174291,-46.48232855196,
    10.973999999953));
#744 = CARTESIAN_POINT('',(189.88540107512,-46.8351014447,
    10.973999999953));
#745 = CARTESIAN_POINT('',(190.43390557427,-47.09968111426,
    10.973999999953));
#746 = CARTESIAN_POINT('',(191.04408193054,-47.22866164566,
    10.973999999953));
#747 = CARTESIAN_POINT('',(191.61551050197,-47.22866164566,
    10.973999999953));
#748 = ORIENTED_EDGE('',*,*,#749,.F.);
#749 = EDGE_CURVE('',#750,#738,#752,.T.);
#750 = VERTEX_POINT('',#751);
#751 = CARTESIAN_POINT('',(171.40825108033,-16.22866164566,
    10.973999999953));
#752 = LINE('',#753,#754);
#753 = CARTESIAN_POINT('',(176.2289792547,-24.57840777316,
    10.973999999953));
#754 = VECTOR('',#755,1.);
#755 = DIRECTION('',(0.5,-0.866025403784,-7.881148127265E-15));
#756 = ORIENTED_EDGE('',*,*,#757,.F.);
#757 = EDGE_CURVE('',#758,#750,#760,.T.);
#758 = VERTEX_POINT('',#759);
#759 = CARTESIAN_POINT('',(174.87235269546,-10.22866164566,
    10.973999999953));
#760 = B_SPLINE_CURVE_WITH_KNOTS('',3,(#761,#762,#763,#764,#765,#766,
    #767,#768,#769,#770,#771,#772,#773,#774,#775,#776,#777,#778,#779),
  .UNSPECIFIED.,.F.,.F.,(4,3,3,3,3,3,4),(0.,0.120007907101,
    0.360023721302,0.480031628403,0.600039535504,0.720047442605,
    0.840055349706),.UNSPECIFIED.);
#761 = CARTESIAN_POINT('',(174.87235269546,-10.22866164566,
    10.973999999953));
#762 = CARTESIAN_POINT('',(174.54243825593,-10.22866164566,
    10.973999999952));
#763 = CARTESIAN_POINT('',(174.18863113065,-10.26531430637,
    10.973999999952));
#764 = CARTESIAN_POINT('',(173.82567696308,-10.36450973935,
    10.973999999952));
#765 = CARTESIAN_POINT('',(173.09976862795,-10.5629006053,
    10.973999999952));
#766 = CARTESIAN_POINT('',(172.33727212369,-11.0114625603,
    10.973999999953));
#767 = CARTESIAN_POINT('',(171.78311734942,-11.68417593528,
    10.973999999953));
#768 = CARTESIAN_POINT('',(171.50603996228,-12.02053262276,
    10.973999999953));
#769 = CARTESIAN_POINT('',(171.28104800764,-12.41292716525,
    10.973999999953));
#770 = CARTESIAN_POINT('',(171.12736148904,-12.82282326588,
    10.973999999953));
#771 = CARTESIAN_POINT('',(170.97367497044,-13.23271936651,
    10.973999999953));
#772 = CARTESIAN_POINT('',(170.89129388789,-13.66011702528,
    10.973999999953));
#773 = CARTESIAN_POINT('',(170.87523106672,-14.07390606526,
    10.973999999953));
#774 = CARTESIAN_POINT('',(170.85916824555,-14.48769510524,
    10.973999999953));
#775 = CARTESIAN_POINT('',(170.90942368578,-14.88787552642,
    10.973999999953));
#776 = CARTESIAN_POINT('',(171.00545508953,-15.2516885901,
    10.973999999953));
#777 = CARTESIAN_POINT('',(171.10148649328,-15.61550165377,
    10.973999999954));
#778 = CARTESIAN_POINT('',(171.24329386056,-15.94294735994,
    10.973999999954));
#779 = CARTESIAN_POINT('',(171.40825108033,-16.22866164566,
    10.973999999954));
#780 = ORIENTED_EDGE('',*,*,#781,.F.);
#781 = EDGE_CURVE('',#782,#758,#784,.T.);
#782 = VERTEX_POINT('',#783);
#783 = CARTESIAN_POINT('',(253.44791630627,-10.22866164566,
    10.973999999949));
#784 = LINE('',#785,#786);
#785 = CARTESIAN_POINT('',(214.17697163538,-10.22866164566,
    10.973999999951));
#786 = VECTOR('',#787,1.);
#787 = DIRECTION('',(-1.,2.718845667878E-14,4.44625144405E-14));
#788 = ORIENTED_EDGE('',*,*,#789,.F.);
#789 = EDGE_CURVE('',#705,#782,#790,.T.);
#790 = B_SPLINE_CURVE_WITH_KNOTS('',3,(#791,#792,#793,#794,#795,#796,
    #797,#798,#799,#800,#801,#802,#803,#804,#805,#806,#807,#808,#809),
  .UNSPECIFIED.,.F.,.F.,(4,3,3,3,3,3,4),(5.551115123126E-17,
    0.120007907101,0.360023721302,0.480031628403,0.600039535504,
    0.720047442605,0.840055349706),.UNSPECIFIED.);
#791 = CARTESIAN_POINT('',(256.91201792141,-16.22866164566,
    10.973999999949));
#792 = CARTESIAN_POINT('',(257.07697514117,-15.94294735994,
    10.973999999949));
#793 = CARTESIAN_POINT('',(257.22214591109,-15.61822066115,
    10.973999999949));
#794 = CARTESIAN_POINT('',(257.31772306838,-15.25429890461,
    10.973999999949));
#795 = CARTESIAN_POINT('',(257.50887738296,-14.52645539155,
    10.973999999948));
#796 = CARTESIAN_POINT('',(257.50165724704,-13.64183164753,
    10.973999999948));
#797 = CARTESIAN_POINT('',(257.19615423667,-12.82556947997,
    10.973999999948));
#798 = CARTESIAN_POINT('',(257.04340273149,-12.41743839619,
    10.973999999948));
#799 = CARTESIAN_POINT('',(256.81608050769,-12.02639770652,
    10.973999999948));
#800 = CARTESIAN_POINT('',(256.537942878,-11.68835317455,10.973999999948
    ));
#801 = CARTESIAN_POINT('',(256.25980524831,-11.35030864258,
    10.973999999948));
#802 = CARTESIAN_POINT('',(255.93085221273,-11.0652602683,
    10.973999999948));
#803 = CARTESIAN_POINT('',(255.58052856455,-10.84445221402,
    10.973999999948));
#804 = CARTESIAN_POINT('',(255.23020491637,-10.62364415973,
    10.973999999948));
#805 = CARTESIAN_POINT('',(254.85851065559,-10.46707642544,
    10.973999999948));
#806 = CARTESIAN_POINT('',(254.49541711295,-10.36833079693,
    10.973999999948));
#807 = CARTESIAN_POINT('',(254.13232357031,-10.26958516841,
    10.973999999948));
#808 = CARTESIAN_POINT('',(253.77783074581,-10.22866164566,
    10.973999999948));
#809 = CARTESIAN_POINT('',(253.44791630627,-10.22866164566,
    10.973999999948));
#810 = ORIENTED_EDGE('',*,*,#704,.F.);
#811 = FACE_BOUND('',#812,.T.);
#812 = EDGE_LOOP('',(#813,#823,#832,#840,#849,#857,#866,#874));
#813 = ORIENTED_EDGE('',*,*,#814,.F.);
#814 = EDGE_CURVE('',#815,#817,#819,.T.);
#815 = VERTEX_POINT('',#816);
#816 = CARTESIAN_POINT('',(204.06050032485,-35.22884702062,
    10.973999999952));
#817 = VERTEX_POINT('',#818);
#818 = CARTESIAN_POINT('',(204.0600614064,-26.22884702063,
    10.973999999951));
#819 = LINE('',#820,#821);
#820 = CARTESIAN_POINT('',(204.06056310649,-36.51618131556,
    10.973999999952));
#821 = VECTOR('',#822,1.);
#822 = DIRECTION('',(-4.876871628952E-05,0.999999998811,
    -1.656791029601E-14));
#823 = ORIENTED_EDGE('',*,*,#824,.F.);
#824 = EDGE_CURVE('',#825,#815,#827,.T.);
#825 = VERTEX_POINT('',#826);
#826 = CARTESIAN_POINT('',(207.86050032033,-39.0286616995,
    10.973999999951));
#827 = CIRCLE('',#828,3.8);
#828 = AXIS2_PLACEMENT_3D('',#829,#830,#831);
#829 = CARTESIAN_POINT('',(207.86050032033,-35.2286616995,
    10.973999999951));
#830 = DIRECTION('',(-4.44625144405E-14,-1.657007869547E-14,-1.));
#831 = DIRECTION('',(-0.707089538631,-0.707124023321,4.315607953601E-14)
  );
#832 = ORIENTED_EDGE('',*,*,#833,.F.);
#833 = EDGE_CURVE('',#834,#825,#836,.T.);
#834 = VERTEX_POINT('',#835);
#835 = CARTESIAN_POINT('',(220.45976878245,-39.0286616995,
    10.973999999951));
#836 = LINE('',#837,#838);
#837 = CARTESIAN_POINT('',(214.17697166647,-39.0286616995,
    10.973999999951));
#838 = VECTOR('',#839,1.);
#839 = DIRECTION('',(-1.,2.718845667878E-14,4.44625144405E-14));
#840 = ORIENTED_EDGE('',*,*,#841,.F.);
#841 = EDGE_CURVE('',#842,#834,#844,.T.);
#842 = VERTEX_POINT('',#843);
#843 = CARTESIAN_POINT('',(224.25976877793,-35.22884702063,
    10.973999999951));
#844 = CIRCLE('',#845,3.8);
#845 = AXIS2_PLACEMENT_3D('',#846,#847,#848);
#846 = CARTESIAN_POINT('',(220.45976878245,-35.2286616995,
    10.973999999951));
#847 = DIRECTION('',(-4.44625144405E-14,-1.657007869547E-14,-1.));
#848 = DIRECTION('',(0.707089538631,-0.707124023321,-1.972187810822E-14)
  );
#849 = ORIENTED_EDGE('',*,*,#850,.F.);
#850 = EDGE_CURVE('',#851,#842,#853,.T.);
#851 = VERTEX_POINT('',#852);
#852 = CARTESIAN_POINT('',(224.26020769638,-26.22884702063,
    10.973999999951));
#853 = LINE('',#854,#855);
#854 = CARTESIAN_POINT('',(224.26004736855,-29.51636087744,
    10.973999999951));
#855 = VECTOR('',#856,1.);
#856 = DIRECTION('',(-4.876871659646E-05,-0.999999998811,
    1.657224705553E-14));
#857 = ORIENTED_EDGE('',*,*,#858,.F.);
#858 = EDGE_CURVE('',#859,#851,#861,.T.);
#859 = VERTEX_POINT('',#860);
#860 = CARTESIAN_POINT('',(220.4602077009,-22.4286616995,10.973999999951
    ));
#861 = CIRCLE('',#862,3.8);
#862 = AXIS2_PLACEMENT_3D('',#863,#864,#865);
#863 = CARTESIAN_POINT('',(220.4602077009,-26.2286616995,10.973999999951
    ));
#864 = DIRECTION('',(-4.44625144405E-14,-1.657007869547E-14,-1.));
#865 = DIRECTION('',(0.707124023321,0.707089538631,-4.315704139801E-14)
  );
#866 = ORIENTED_EDGE('',*,*,#867,.F.);
#867 = EDGE_CURVE('',#868,#859,#870,.T.);
#868 = VERTEX_POINT('',#869);
#869 = CARTESIAN_POINT('',(207.86006140188,-22.4286616995,
    10.973999999951));
#870 = LINE('',#871,#872);
#871 = CARTESIAN_POINT('',(214.17697166647,-22.4286616995,
    10.973999999951));
#872 = VECTOR('',#873,1.);
#873 = DIRECTION('',(1.,-2.718845667878E-14,-4.44625144405E-14));
#874 = ORIENTED_EDGE('',*,*,#875,.F.);
#875 = EDGE_CURVE('',#817,#868,#876,.T.);
#876 = CIRCLE('',#877,3.8);
#877 = AXIS2_PLACEMENT_3D('',#878,#879,#880);
#878 = CARTESIAN_POINT('',(207.86006140188,-26.2286616995,
    10.973999999951));
#879 = DIRECTION('',(-4.44625144405E-14,-1.657007869547E-14,-1.));
#880 = DIRECTION('',(-0.707124023321,0.707089538631,1.972398279828E-14)
  );
#881 = FACE_BOUND('',#882,.T.);
#882 = EDGE_LOOP('',(#883));
#883 = ORIENTED_EDGE('',*,*,#884,.F.);
#884 = EDGE_CURVE('',#885,#885,#887,.T.);
#885 = VERTEX_POINT('',#886);
#886 = CARTESIAN_POINT('',(231.06013455392,-38.96620666381,
    10.973999999951));
#887 = CIRCLE('',#888,3.1);
#888 = AXIS2_PLACEMENT_3D('',#889,#890,#891);
#889 = CARTESIAN_POINT('',(234.16013455392,-38.96620666381,
    10.97399999995));
#890 = DIRECTION('',(-4.44625144405E-14,-1.657007869547E-14,-1.));
#891 = DIRECTION('',(1.,1.70897368518E-17,-4.44625144405E-14));
#892 = FACE_BOUND('',#893,.T.);
#893 = EDGE_LOOP('',(#894));
#894 = ORIENTED_EDGE('',*,*,#895,.F.);
#895 = EDGE_CURVE('',#896,#896,#898,.T.);
#896 = VERTEX_POINT('',#897);
#897 = CARTESIAN_POINT('',(243.26013455392,-17.83518688919,
    10.97399999995));
#898 = CIRCLE('',#899,3.1);
#899 = AXIS2_PLACEMENT_3D('',#900,#901,#902);
#900 = CARTESIAN_POINT('',(246.36013455392,-17.83518688919,
    10.97399999995));
#901 = DIRECTION('',(-4.44625144405E-14,-1.657007869547E-14,-1.));
#902 = DIRECTION('',(1.,1.708973687386E-17,-4.44625144405E-14));
#903 = FACE_BOUND('',#904,.T.);
#904 = EDGE_LOOP('',(#905));
#905 = ORIENTED_EDGE('',*,*,#906,.F.);
#906 = EDGE_CURVE('',#907,#907,#909,.T.);
#907 = VERTEX_POINT('',#908);
#908 = CARTESIAN_POINT('',(191.06013448668,-38.96620670267,
    10.973999999952));
#909 = CIRCLE('',#910,3.1);
#910 = AXIS2_PLACEMENT_3D('',#911,#912,#913);
#911 = CARTESIAN_POINT('',(194.16013448668,-38.96620670267,
    10.973999999952));
#912 = DIRECTION('',(-4.44625144405E-14,-1.657007869547E-14,-1.));
#913 = DIRECTION('',(1.,1.70897368518E-17,-4.44625144405E-14));
#914 = FACE_BOUND('',#915,.T.);
#915 = EDGE_LOOP('',(#916));
#916 = ORIENTED_EDGE('',*,*,#917,.F.);
#917 = EDGE_CURVE('',#918,#918,#920,.T.);
#918 = VERTEX_POINT('',#919);
#919 = CARTESIAN_POINT('',(178.86013455398,-17.83518688919,
    10.973999999952));
#920 = CIRCLE('',#921,3.1);
#921 = AXIS2_PLACEMENT_3D('',#922,#923,#924);
#922 = CARTESIAN_POINT('',(181.96013455398,-17.83518688919,
    10.973999999952));
#923 = DIRECTION('',(-4.44625144405E-14,-1.657007869547E-14,-1.));
#924 = DIRECTION('',(1.,1.708973687386E-17,-4.44625144405E-14));
#925 = PLANE('',#926);
#926 = AXIS2_PLACEMENT_3D('',#927,#928,#929);
#927 = CARTESIAN_POINT('',(214.19380875046,-27.30353007327,
    10.973999999951));
#928 = DIRECTION('',(4.44625144405E-14,1.657007869547E-14,1.));
#929 = DIRECTION('',(1.,1.708973682977E-17,-4.44625144405E-14));
#930 = ADVANCED_FACE('',(#931),#966,.T.);
#931 = FACE_BOUND('',#932,.T.);
#932 = EDGE_LOOP('',(#933,#934,#935,#959));
#933 = ORIENTED_EDGE('',*,*,#339,.T.);
#934 = ORIENTED_EDGE('',*,*,#663,.T.);
#935 = ORIENTED_EDGE('',*,*,#936,.T.);
#936 = EDGE_CURVE('',#656,#937,#939,.T.);
#937 = VERTEX_POINT('',#938);
#938 = CARTESIAN_POINT('',(253.44791630627,-9.228661645664,
    17.973999999949));
#939 = B_SPLINE_CURVE_WITH_KNOTS('',3,(#940,#941,#942,#943,#944,#945,
    #946,#947,#948,#949,#950,#951,#952,#953,#954,#955,#956,#957,#958),
  .UNSPECIFIED.,.F.,.F.,(4,3,3,3,3,3,4),(0.,0.150009883876,
    0.300019767752,0.450029651628,0.600039535504,0.900059303256,
    1.050069187132),.UNSPECIFIED.);
#940 = CARTESIAN_POINT('',(257.77804332519,-16.72866164566,
    17.973999999949));
#941 = CARTESIAN_POINT('',(257.9842398499,-16.37151878852,
    17.973999999949));
#942 = CARTESIAN_POINT('',(258.16149674443,-15.96219087645,
    17.973999999949));
#943 = CARTESIAN_POINT('',(258.28153487755,-15.50741407774,
    17.973999999949));
#944 = CARTESIAN_POINT('',(258.40157301067,-15.05263727904,
    17.973999999949));
#945 = CARTESIAN_POINT('',(258.4643923824,-14.5524115937,17.973999999949
    ));
#946 = CARTESIAN_POINT('',(258.4443128877,-14.03516983164,
    17.973999999949));
#947 = CARTESIAN_POINT('',(258.42423339299,-13.51792806959,
    17.973999999949));
#948 = CARTESIAN_POINT('',(258.32125503187,-12.98367023081,
    17.973999999949));
#949 = CARTESIAN_POINT('',(258.1291471207,-12.47129955539,17.97399999995
    ));
#950 = CARTESIAN_POINT('',(257.93703920953,-11.95892887997,
    17.97399999995));
#951 = CARTESIAN_POINT('',(257.65580174833,-11.46844536789,
    17.97399999995));
#952 = CARTESIAN_POINT('',(257.30945665565,-11.04800535682,
    17.97399999995));
#953 = CARTESIAN_POINT('',(256.61676647028,-10.20712533468,
    17.973999999951));
#954 = CARTESIAN_POINT('',(255.66364575902,-9.646419316542,
    17.973999999951));
#955 = CARTESIAN_POINT('',(254.75626061185,-9.398448571916,
    17.973999999952));
#956 = CARTESIAN_POINT('',(254.30256803826,-9.274463199603,
    17.973999999952));
#957 = CARTESIAN_POINT('',(253.86030935569,-9.228661645667,
    17.973999999953));
#958 = CARTESIAN_POINT('',(253.44791630627,-9.228661645667,
    17.973999999953));
#959 = ORIENTED_EDGE('',*,*,#960,.T.);
#960 = EDGE_CURVE('',#937,#340,#961,.T.);
#961 = B_SPLINE_CURVE_WITH_KNOTS('',3,(#962,#963,#964,#965),
  .UNSPECIFIED.,.F.,.F.,(4,4),(-2.923048138421,-2.83360541932),
  .PIECEWISE_BEZIER_KNOTS.);
#962 = CARTESIAN_POINT('',(253.44791630627,-9.228661645664,
    17.973999999949));
#963 = CARTESIAN_POINT('',(253.44791630627,-9.561994978999,
    18.307333333283));
#964 = CARTESIAN_POINT('',(253.44791630627,-9.895328312333,
    18.640666666618));
#965 = CARTESIAN_POINT('',(253.44791630627,-10.22866164566,
    18.973999999952));
#966 = B_SPLINE_SURFACE_WITH_KNOTS('',3,3,(
    (#967,#968,#969,#970)
    ,(#971,#972,#973,#974)
    ,(#975,#976,#977,#978)
    ,(#979,#980,#981,#982)
    ,(#983,#984,#985,#986)
    ,(#987,#988,#989,#990)
    ,(#991,#992,#993,#994)
    ,(#995,#996,#997,#998)
    ,(#999,#1000,#1001,#1002
  )),.UNSPECIFIED.,.F.,.F.,.F.,(4,1,1,1,1,1,4),(4,4),(0.,0.142857142857,
    0.285714285714,0.428571428571,0.571428571429,0.857142857143,1.),(
    -2.923048138421,-2.83360541932),.UNSPECIFIED.);
#967 = CARTESIAN_POINT('',(257.77804332519,-16.72866164566,
    17.973999999946));
#968 = CARTESIAN_POINT('',(257.4893681906,-16.56199497899,18.30733333328
    ));
#969 = CARTESIAN_POINT('',(257.200693056,-16.39532831233,18.640666666615
    ));
#970 = CARTESIAN_POINT('',(256.91201792141,-16.22866164566,
    18.973999999949));
#971 = CARTESIAN_POINT('',(257.9842398499,-16.37151878852,
    17.973999999946));
#972 = CARTESIAN_POINT('',(257.68185284654,-16.22873773733,
    18.30733333328));
#973 = CARTESIAN_POINT('',(257.37936214454,-16.08572841114,
    18.640666666615));
#974 = CARTESIAN_POINT('',(257.07697514117,-15.94294735995,
    18.973999999949));
#975 = CARTESIAN_POINT('',(258.33875363895,-15.55286296438,
    17.973999999946));
#976 = CARTESIAN_POINT('',(258.01265685908,-15.46441886185,
    18.30733333328));
#977 = CARTESIAN_POINT('',(257.68668295229,-15.37646680316,
    18.640666666615));
#978 = CARTESIAN_POINT('',(257.36058617241,-15.28802270063,
    18.973999999949));
#979 = CARTESIAN_POINT('',(258.52721175413,-14.05218590836,
    17.973999999946));
#980 = CARTESIAN_POINT('',(258.18862804382,-14.06400161246,
    18.30733333328));
#981 = CARTESIAN_POINT('',(257.84993637486,-14.07566535172,
    18.640666666615));
#982 = CARTESIAN_POINT('',(257.51135266455,-14.08748105582,
    18.973999999949));
#983 = CARTESIAN_POINT('',(258.21827667074,-12.44941239204,
    17.973999999946));
#984 = CARTESIAN_POINT('',(257.90019748699,-12.56787176807,
    18.307333333281));
#985 = CARTESIAN_POINT('',(257.5822837816,-12.68680286673,
    18.640666666615));
#986 = CARTESIAN_POINT('',(257.26420459785,-12.80526224277,
    18.97399999995));
#987 = CARTESIAN_POINT('',(257.09332682592,-10.48747834374,
    17.973999999947));
#988 = CARTESIAN_POINT('',(256.85031438515,-10.73677045906,
    18.307333333282));
#989 = CARTESIAN_POINT('',(256.60725716275,-10.98642288881,
    18.640666666616));
#990 = CARTESIAN_POINT('',(256.36424472199,-11.23571500413,
    18.973999999951));
#991 = CARTESIAN_POINT('',(255.18708540339,-9.366066307469,
    17.973999999948));
#992 = CARTESIAN_POINT('',(255.07119295956,-9.690527360543,
    18.307333333283));
#993 = CARTESIAN_POINT('',(254.9551440278,-10.01412432203,
    18.640666666617));
#994 = CARTESIAN_POINT('',(254.83925158397,-10.33858537511,
    18.973999999951));
#995 = CARTESIAN_POINT('',(253.86030935569,-9.228661645664,
    17.973999999949));
#996 = CARTESIAN_POINT('',(253.83273247198,-9.561409059741,
    18.307333333283));
#997 = CARTESIAN_POINT('',(253.80540762951,-9.895914231591,
    18.640666666618));
#998 = CARTESIAN_POINT('',(253.77783074581,-10.22866164566,
    18.973999999952));
#999 = CARTESIAN_POINT('',(253.44791630627,-9.228661645664,
    17.973999999949));
#1000 = CARTESIAN_POINT('',(253.44791630627,-9.561994978999,
    18.307333333283));
#1001 = CARTESIAN_POINT('',(253.44791630627,-9.895328312333,
    18.640666666618));
#1002 = CARTESIAN_POINT('',(253.44791630627,-10.22866164566,
    18.973999999952));
#1003 = ADVANCED_FACE('',(#1004),#1038,.T.);
#1004 = FACE_BOUND('',#1005,.T.);
#1005 = EDGE_LOOP('',(#1006,#1014,#1015,#1016));
#1006 = ORIENTED_EDGE('',*,*,#1007,.T.);
#1007 = EDGE_CURVE('',#1008,#937,#1010,.T.);
#1008 = VERTEX_POINT('',#1009);
#1009 = CARTESIAN_POINT('',(253.44791630627,-9.228661645664,
    11.973999999949));
#1010 = LINE('',#1011,#1012);
#1011 = CARTESIAN_POINT('',(253.44791630627,-9.228661645664,
    15.749999999974));
#1012 = VECTOR('',#1013,1.);
#1013 = DIRECTION('',(3.522247409248E-14,-4.395989713491E-16,1.));
#1014 = ORIENTED_EDGE('',*,*,#936,.F.);
#1015 = ORIENTED_EDGE('',*,*,#688,.T.);
#1016 = ORIENTED_EDGE('',*,*,#1017,.T.);
#1017 = EDGE_CURVE('',#681,#1008,#1018,.T.);
#1018 = B_SPLINE_CURVE_WITH_KNOTS('',3,(#1019,#1020,#1021,#1022,#1023,
    #1024,#1025,#1026,#1027,#1028,#1029,#1030,#1031,#1032,#1033,#1034,
    #1035,#1036,#1037),.UNSPECIFIED.,.F.,.F.,(4,3,3,3,3,3,4),(
    -1.050069187132,-0.900059303256,-0.600039535504,-0.450029651628,
    -0.300019767752,-0.150009883876,0.),.UNSPECIFIED.);
#1019 = CARTESIAN_POINT('',(257.77804332519,-16.72866164566,
    11.973999999949));
#1020 = CARTESIAN_POINT('',(257.9842398499,-16.37151878852,
    11.973999999949));
#1021 = CARTESIAN_POINT('',(258.1657033123,-15.96561041502,
    11.973999999949));
#1022 = CARTESIAN_POINT('',(258.28517475891,-15.51070821935,
    11.973999999949));
#1023 = CARTESIAN_POINT('',(258.52411765214,-14.60090382802,
    11.973999999948));
#1024 = CARTESIAN_POINT('',(258.51509248223,-13.495124148,
    11.973999999948));
#1025 = CARTESIAN_POINT('',(258.13321371927,-12.47479643855,
    11.973999999948));
#1026 = CARTESIAN_POINT('',(257.94227433779,-11.96463258382,
    11.973999999948));
#1027 = CARTESIAN_POINT('',(257.65812155805,-11.47583172174,
    11.973999999948));
#1028 = CARTESIAN_POINT('',(257.31044952094,-11.05327605677,
    11.973999999948));
#1029 = CARTESIAN_POINT('',(256.96277748383,-10.63072039181,
    11.973999999948));
#1030 = CARTESIAN_POINT('',(256.55158618935,-10.27440992396,
    11.973999999948));
#1031 = CARTESIAN_POINT('',(256.11368162912,-9.99839985611,
    11.973999999948));
#1032 = CARTESIAN_POINT('',(255.67577706889,-9.722389788255,
    11.973999999948));
#1033 = CARTESIAN_POINT('',(255.21115924292,-9.526680120394,
    11.973999999948));
#1034 = CARTESIAN_POINT('',(254.75729231462,-9.403248084747,
    11.973999999948));
#1035 = CARTESIAN_POINT('',(254.30342538632,-9.279816049099,
    11.973999999948));
#1036 = CARTESIAN_POINT('',(253.86030935569,-9.228661645665,
    11.973999999948));
#1037 = CARTESIAN_POINT('',(253.44791630627,-9.228661645665,
    11.973999999948));
#1038 = CYLINDRICAL_SURFACE('',#1039,5.);
#1039 = AXIS2_PLACEMENT_3D('',#1040,#1041,#1042);
#1040 = CARTESIAN_POINT('',(253.44791630627,-14.22866164566,
    15.749999999974));
#1041 = DIRECTION('',(3.522247409248E-14,-4.395989713491E-16,1.));
#1042 = DIRECTION('',(0.866025403784,0.5,-3.028375786255E-14));
#1043 = ADVANCED_FACE('',(#1044),#1056,.T.);
#1044 = FACE_BOUND('',#1045,.T.);
#1045 = EDGE_LOOP('',(#1046,#1047,#1054,#1055));
#1046 = ORIENTED_EDGE('',*,*,#789,.T.);
#1047 = ORIENTED_EDGE('',*,*,#1048,.T.);
#1048 = EDGE_CURVE('',#782,#1008,#1049,.T.);
#1049 = B_SPLINE_CURVE_WITH_KNOTS('',3,(#1050,#1051,#1052,#1053),
  .UNSPECIFIED.,.F.,.F.,(4,4),(2.833605419321,2.923048138421),
  .PIECEWISE_BEZIER_KNOTS.);
#1050 = CARTESIAN_POINT('',(253.44791630627,-10.22866164566,
    10.973999999948));
#1051 = CARTESIAN_POINT('',(253.44791630627,-9.895328312332,
    11.307333333282));
#1052 = CARTESIAN_POINT('',(253.44791630627,-9.561994978998,
    11.640666666616));
#1053 = CARTESIAN_POINT('',(253.44791630627,-9.228661645664,
    11.973999999949));
#1054 = ORIENTED_EDGE('',*,*,#1017,.F.);
#1055 = ORIENTED_EDGE('',*,*,#712,.T.);
#1056 = B_SPLINE_SURFACE_WITH_KNOTS('',3,3,(
    (#1057,#1058,#1059,#1060)
    ,(#1061,#1062,#1063,#1064)
    ,(#1065,#1066,#1067,#1068)
    ,(#1069,#1070,#1071,#1072)
    ,(#1073,#1074,#1075,#1076)
    ,(#1077,#1078,#1079,#1080)
    ,(#1081,#1082,#1083,#1084)
    ,(#1085,#1086,#1087,#1088)
    ,(#1089,#1090,#1091,#1092
    )),.UNSPECIFIED.,.F.,.F.,.F.,(4,1,1,1,1,1,4),(4,4),(0.,
    0.142857142857,0.285714285714,0.428571428571,0.571428571429,
    0.857142857143,1.),(-2.923048138421,-2.833605419321),.UNSPECIFIED.);
#1057 = CARTESIAN_POINT('',(253.44791630627,-9.228661645664,
    11.973999999949));
#1058 = CARTESIAN_POINT('',(253.44791630627,-9.561994978998,
    11.640666666616));
#1059 = CARTESIAN_POINT('',(253.44791630627,-9.895328312332,
    11.307333333282));
#1060 = CARTESIAN_POINT('',(253.44791630627,-10.22866164566,
    10.973999999948));
#1061 = CARTESIAN_POINT('',(253.86030935569,-9.228661645664,
    11.973999999949));
#1062 = CARTESIAN_POINT('',(253.83276787152,-9.561926997949,
    11.640666666615));
#1063 = CARTESIAN_POINT('',(253.80537222998,-9.89539629338,
    11.307333333282));
#1064 = CARTESIAN_POINT('',(253.77783074581,-10.22866164566,
    10.973999999948));
#1065 = CARTESIAN_POINT('',(254.74654141694,-9.330970452533,
    11.973999999949));
#1066 = CARTESIAN_POINT('',(254.66008786661,-9.657600599258,
    11.640666666615));
#1067 = CARTESIAN_POINT('',(254.57326994514,-9.983878544435,
    11.307333333282));
#1068 = CARTESIAN_POINT('',(254.48681639481,-10.31050869116,
    10.973999999948));
#1069 = CARTESIAN_POINT('',(256.14039489487,-9.918099456114,
    11.973999999949));
#1070 = CARTESIAN_POINT('',(255.9608703398,-10.20541369849,
    11.640666666615));
#1071 = CARTESIAN_POINT('',(255.78142373222,-10.49289765164,
    11.307333333281));
#1072 = CARTESIAN_POINT('',(255.60189917715,-10.78021189402,
    10.973999999948));
#1073 = CARTESIAN_POINT('',(257.37396877831,-10.98703085966,
    11.973999999949));
#1074 = CARTESIAN_POINT('',(257.11234035747,-11.20326582518,
    11.640666666615));
#1075 = CARTESIAN_POINT('',(256.85038670473,-11.41912205133,
    11.307333333281));
#1076 = CARTESIAN_POINT('',(256.5887582839,-11.63535701686,
    10.973999999948));
#1077 = CARTESIAN_POINT('',(258.51057989728,-12.94223430799,
    11.973999999949));
#1078 = CARTESIAN_POINT('',(258.17318037207,-13.02804319747,
    11.640666666615));
#1079 = CARTESIAN_POINT('',(257.83544670429,-13.11371088604,
    11.307333333282));
#1080 = CARTESIAN_POINT('',(257.49804717908,-13.19951977552,
    10.973999999948));
#1081 = CARTESIAN_POINT('',(258.52863023709,-15.15379366803,
    11.97399999995));
#1082 = CARTESIAN_POINT('',(258.18969250067,-15.09192894196,
    11.640666666616));
#1083 = CARTESIAN_POINT('',(257.85142518734,-15.03063198962,
    11.307333333282));
#1084 = CARTESIAN_POINT('',(257.51248745093,-14.96876726355,
    10.973999999948));
#1085 = CARTESIAN_POINT('',(257.9842398499,-16.37151878852,
    11.97399999995));
#1086 = CARTESIAN_POINT('',(257.68228369442,-16.22902736332,
    11.640666666616));
#1087 = CARTESIAN_POINT('',(257.37893129666,-16.08543878514,
    11.307333333283));
#1088 = CARTESIAN_POINT('',(257.07697514117,-15.94294735994,
    10.973999999949));
#1089 = CARTESIAN_POINT('',(257.77804332519,-16.72866164566,
    11.97399999995));
#1090 = CARTESIAN_POINT('',(257.4893681906,-16.56199497899,
    11.640666666617));
#1091 = CARTESIAN_POINT('',(257.200693056,-16.39532831233,
    11.307333333283));
#1092 = CARTESIAN_POINT('',(256.91201792141,-16.22866164566,
    10.973999999949));
#1093 = ADVANCED_FACE('',(#1094),#1113,.T.);
#1094 = FACE_BOUND('',#1095,.T.);
#1095 = EDGE_LOOP('',(#1096,#1097,#1098,#1107));
#1096 = ORIENTED_EDGE('',*,*,#633,.F.);
#1097 = ORIENTED_EDGE('',*,*,#447,.T.);
#1098 = ORIENTED_EDGE('',*,*,#1099,.F.);
#1099 = EDGE_CURVE('',#1100,#439,#1102,.T.);
#1100 = VERTEX_POINT('',#1101);
#1101 = CARTESIAN_POINT('',(217.1601345203,-48.22866164566,
    17.973999999951));
#1102 = ELLIPSE('',#1103,4.24264068712,3.);
#1103 = AXIS2_PLACEMENT_3D('',#1104,#1105,#1106);
#1104 = CARTESIAN_POINT('',(217.1601345203,-45.22866164566,
    20.973999999952));
#1105 = DIRECTION('',(1.221460338189E-14,-0.707106781187,0.707106781186)
  );
#1106 = DIRECTION('',(4.945791244853E-14,-0.707106781186,-0.707106781187
    ));
#1107 = ORIENTED_EDGE('',*,*,#1108,.T.);
#1108 = EDGE_CURVE('',#1100,#551,#1109,.T.);
#1109 = LINE('',#1110,#1111);
#1110 = CARTESIAN_POINT('',(214.17697163538,-48.22866164566,
    17.973999999951));
#1111 = VECTOR('',#1112,1.);
#1112 = DIRECTION('',(1.,-2.71884566788E-14,-4.44625144405E-14));
#1113 = PLANE('',#1114);
#1114 = AXIS2_PLACEMENT_3D('',#1115,#1116,#1117);
#1115 = CARTESIAN_POINT('',(214.17697163538,-47.72866164566,
    18.473999999951));
#1116 = DIRECTION('',(1.221460338189E-14,-0.707106781187,0.707106781186)
  );
#1117 = DIRECTION('',(1.,4.102076707149E-29,-1.727405776168E-14));
#1118 = ADVANCED_FACE('',(#1119),#1138,.T.);
#1119 = FACE_BOUND('',#1120,.T.);
#1120 = EDGE_LOOP('',(#1121,#1122,#1130,#1137));
#1121 = ORIENTED_EDGE('',*,*,#960,.F.);
#1122 = ORIENTED_EDGE('',*,*,#1123,.T.);
#1123 = EDGE_CURVE('',#937,#1124,#1126,.T.);
#1124 = VERTEX_POINT('',#1125);
#1125 = CARTESIAN_POINT('',(217.1601345203,-9.228661645663,
    17.973999999951));
#1126 = LINE('',#1127,#1128);
#1127 = CARTESIAN_POINT('',(214.17697163538,-9.228661645663,
    17.973999999951));
#1128 = VECTOR('',#1129,1.);
#1129 = DIRECTION('',(-1.,2.718845667878E-14,4.44625144405E-14));
#1130 = ORIENTED_EDGE('',*,*,#1131,.F.);
#1131 = EDGE_CURVE('',#364,#1124,#1132,.T.);
#1132 = ELLIPSE('',#1133,4.242640687118,3.);
#1133 = AXIS2_PLACEMENT_3D('',#1134,#1135,#1136);
#1134 = CARTESIAN_POINT('',(217.1601345203,-12.22866164566,
    20.973999999949));
#1135 = DIRECTION('',(5.066488755705E-14,0.707106781186,0.707106781187)
  );
#1136 = DIRECTION('',(8.812143924364E-14,0.707106781187,-0.707106781186)
  );
#1137 = ORIENTED_EDGE('',*,*,#363,.T.);
#1138 = PLANE('',#1139);
#1139 = AXIS2_PLACEMENT_3D('',#1140,#1141,#1142);
#1140 = CARTESIAN_POINT('',(214.17697163538,-9.728661645663,
    18.473999999951));
#1141 = DIRECTION('',(5.066488755705E-14,0.707106781186,0.707106781187)
  );
#1142 = DIRECTION('',(1.,2.205024002274E-26,-7.165097111928E-14));
#1143 = ADVANCED_FACE('',(#1144),#1194,.T.);
#1144 = FACE_BOUND('',#1145,.T.);
#1145 = EDGE_LOOP('',(#1146,#1147,#1148,#1156,#1164,#1172,#1180,#1188));
#1146 = ORIENTED_EDGE('',*,*,#550,.F.);
#1147 = ORIENTED_EDGE('',*,*,#1108,.F.);
#1148 = ORIENTED_EDGE('',*,*,#1149,.F.);
#1149 = EDGE_CURVE('',#1150,#1100,#1152,.T.);
#1150 = VERTEX_POINT('',#1151);
#1151 = CARTESIAN_POINT('',(217.1601345203,-48.22866164566,28.526));
#1152 = LINE('',#1153,#1154);
#1153 = CARTESIAN_POINT('',(217.1601345203,-48.22866164566,20.526));
#1154 = VECTOR('',#1155,1.);
#1155 = DIRECTION('',(2.6460451111E-14,4.395989713474E-16,-1.));
#1156 = ORIENTED_EDGE('',*,*,#1157,.F.);
#1157 = EDGE_CURVE('',#1158,#1150,#1160,.T.);
#1158 = VERTEX_POINT('',#1159);
#1159 = CARTESIAN_POINT('',(211.1601345203,-48.22866164566,28.526));
#1160 = LINE('',#1161,#1162);
#1161 = CARTESIAN_POINT('',(206.4779546643,-48.22866164566,28.526));
#1162 = VECTOR('',#1163,1.);
#1163 = DIRECTION('',(1.,-2.71884566788E-14,2.6460451111E-14));
#1164 = ORIENTED_EDGE('',*,*,#1165,.F.);
#1165 = EDGE_CURVE('',#1166,#1158,#1168,.T.);
#1166 = VERTEX_POINT('',#1167);
#1167 = CARTESIAN_POINT('',(211.1601345203,-48.22866164566,
    17.973999999952));
#1168 = LINE('',#1169,#1170);
#1169 = CARTESIAN_POINT('',(211.1601345203,-48.22866164566,20.526));
#1170 = VECTOR('',#1171,1.);
#1171 = DIRECTION('',(-2.6460451111E-14,-4.395989713474E-16,1.));
#1172 = ORIENTED_EDGE('',*,*,#1173,.F.);
#1173 = EDGE_CURVE('',#1174,#1166,#1176,.T.);
#1174 = VERTEX_POINT('',#1175);
#1175 = CARTESIAN_POINT('',(191.61551050197,-48.22866164566,
    17.973999999953));
#1176 = LINE('',#1177,#1178);
#1177 = CARTESIAN_POINT('',(214.17697163538,-48.22866164566,
    17.973999999951));
#1178 = VECTOR('',#1179,1.);
#1179 = DIRECTION('',(1.,-2.71884566788E-14,-4.44625144405E-14));
#1180 = ORIENTED_EDGE('',*,*,#1181,.F.);
#1181 = EDGE_CURVE('',#1182,#1174,#1184,.T.);
#1182 = VERTEX_POINT('',#1183);
#1183 = CARTESIAN_POINT('',(191.61551050196,-48.22866164566,
    11.973999999952));
#1184 = LINE('',#1185,#1186);
#1185 = CARTESIAN_POINT('',(191.61551050197,-48.22866164566,
    15.749999999976));
#1186 = VECTOR('',#1187,1.);
#1187 = DIRECTION('',(5.337326190893E-14,-4.395989713496E-16,1.));
#1188 = ORIENTED_EDGE('',*,*,#1189,.F.);
#1189 = EDGE_CURVE('',#553,#1182,#1190,.T.);
#1190 = LINE('',#1191,#1192);
#1191 = CARTESIAN_POINT('',(214.17697163538,-48.22866164566,
    11.973999999951));
#1192 = VECTOR('',#1193,1.);
#1193 = DIRECTION('',(-1.,2.71884566788E-14,4.44625144405E-14));
#1194 = PLANE('',#1195);
#1195 = AXIS2_PLACEMENT_3D('',#1196,#1197,#1198);
#1196 = CARTESIAN_POINT('',(214.1601345203,-48.22866164566,20.526));
#1197 = DIRECTION('',(-2.71884566788E-14,-1.,-4.395989713481E-16));
#1198 = DIRECTION('',(2.6460451111E-14,4.395989713474E-16,-1.));
#1199 = ADVANCED_FACE('',(#1200),#1250,.T.);
#1200 = FACE_BOUND('',#1201,.T.);
#1201 = EDGE_LOOP('',(#1202,#1203,#1211,#1219,#1227,#1235,#1243,#1249));
#1202 = ORIENTED_EDGE('',*,*,#1007,.F.);
#1203 = ORIENTED_EDGE('',*,*,#1204,.F.);
#1204 = EDGE_CURVE('',#1205,#1008,#1207,.T.);
#1205 = VERTEX_POINT('',#1206);
#1206 = CARTESIAN_POINT('',(174.87235269546,-9.228661645662,
    11.973999999952));
#1207 = LINE('',#1208,#1209);
#1208 = CARTESIAN_POINT('',(214.17697163538,-9.228661645663,
    11.973999999951));
#1209 = VECTOR('',#1210,1.);
#1210 = DIRECTION('',(1.,-2.718845667878E-14,-4.44625144405E-14));
#1211 = ORIENTED_EDGE('',*,*,#1212,.F.);
#1212 = EDGE_CURVE('',#1213,#1205,#1215,.T.);
#1213 = VERTEX_POINT('',#1214);
#1214 = CARTESIAN_POINT('',(174.87235269546,-9.228661645662,
    17.973999999953));
#1215 = LINE('',#1216,#1217);
#1216 = CARTESIAN_POINT('',(174.87235269546,-9.228661645662,
    15.749999999977));
#1217 = VECTOR('',#1218,1.);
#1218 = DIRECTION('',(-5.337326190893E-14,4.395989713496E-16,-1.));
#1219 = ORIENTED_EDGE('',*,*,#1220,.F.);
#1220 = EDGE_CURVE('',#1221,#1213,#1223,.T.);
#1221 = VERTEX_POINT('',#1222);
#1222 = CARTESIAN_POINT('',(211.1601345203,-9.228661645663,
    17.973999999951));
#1223 = LINE('',#1224,#1225);
#1224 = CARTESIAN_POINT('',(214.17697163538,-9.228661645663,
    17.973999999951));
#1225 = VECTOR('',#1226,1.);
#1226 = DIRECTION('',(-1.,2.718845667878E-14,4.44625144405E-14));
#1227 = ORIENTED_EDGE('',*,*,#1228,.F.);
#1228 = EDGE_CURVE('',#1229,#1221,#1231,.T.);
#1229 = VERTEX_POINT('',#1230);
#1230 = CARTESIAN_POINT('',(211.1601345203,-9.228661645663,28.526));
#1231 = LINE('',#1232,#1233);
#1232 = CARTESIAN_POINT('',(211.1601345203,-9.228661645663,20.526));
#1233 = VECTOR('',#1234,1.);
#1234 = DIRECTION('',(2.6460451111E-14,4.395989713474E-16,-1.));
#1235 = ORIENTED_EDGE('',*,*,#1236,.F.);
#1236 = EDGE_CURVE('',#1237,#1229,#1239,.T.);
#1237 = VERTEX_POINT('',#1238);
#1238 = CARTESIAN_POINT('',(217.1601345203,-9.228661645663,28.526));
#1239 = LINE('',#1240,#1241);
#1240 = CARTESIAN_POINT('',(206.4779546643,-9.228661645663,28.526));
#1241 = VECTOR('',#1242,1.);
#1242 = DIRECTION('',(-1.,2.718845667878E-14,-2.6460451111E-14));
#1243 = ORIENTED_EDGE('',*,*,#1244,.F.);
#1244 = EDGE_CURVE('',#1124,#1237,#1245,.T.);
#1245 = LINE('',#1246,#1247);
#1246 = CARTESIAN_POINT('',(217.1601345203,-9.228661645663,20.526));
#1247 = VECTOR('',#1248,1.);
#1248 = DIRECTION('',(-2.6460451111E-14,-4.395989713474E-16,1.));
#1249 = ORIENTED_EDGE('',*,*,#1123,.F.);
#1250 = PLANE('',#1251);
#1251 = AXIS2_PLACEMENT_3D('',#1252,#1253,#1254);
#1252 = CARTESIAN_POINT('',(214.1601345203,-9.228661645663,20.526));
#1253 = DIRECTION('',(2.718845667878E-14,1.,4.395989713481E-16));
#1254 = DIRECTION('',(-2.6460451111E-14,-4.395989713474E-16,1.));
#1255 = ADVANCED_FACE('',(#1256),#1268,.T.);
#1256 = FACE_BOUND('',#1257,.T.);
#1257 = EDGE_LOOP('',(#1258,#1259,#1260,#1267));
#1258 = ORIENTED_EDGE('',*,*,#618,.F.);
#1259 = ORIENTED_EDGE('',*,*,#1189,.T.);
#1260 = ORIENTED_EDGE('',*,*,#1261,.F.);
#1261 = EDGE_CURVE('',#730,#1182,#1262,.T.);
#1262 = B_SPLINE_CURVE_WITH_KNOTS('',3,(#1263,#1264,#1265,#1266),
  .UNSPECIFIED.,.F.,.F.,(4,4),(0.811531654599,0.942462388741),
  .PIECEWISE_BEZIER_KNOTS.);
#1263 = CARTESIAN_POINT('',(191.61551050197,-47.22866164566,
    10.973999999952));
#1264 = CARTESIAN_POINT('',(191.61551050197,-47.56199497899,
    11.307333333286));
#1265 = CARTESIAN_POINT('',(191.61551050197,-47.89532831233,
    11.64066666662));
#1266 = CARTESIAN_POINT('',(191.61551050197,-48.22866164566,
    11.973999999953));
#1267 = ORIENTED_EDGE('',*,*,#729,.T.);
#1268 = PLANE('',#1269);
#1269 = AXIS2_PLACEMENT_3D('',#1270,#1271,#1272);
#1270 = CARTESIAN_POINT('',(214.17697163538,-47.72866164566,
    11.473999999951));
#1271 = DIRECTION('',(-5.066488755706E-14,-0.707106781187,
    -0.707106781186));
#1272 = DIRECTION('',(-1.,2.524354896707E-29,7.165097111931E-14));
#1273 = ADVANCED_FACE('',(#1274),#1286,.T.);
#1274 = FACE_BOUND('',#1275,.T.);
#1275 = EDGE_LOOP('',(#1276,#1277,#1278,#1285));
#1276 = ORIENTED_EDGE('',*,*,#1048,.F.);
#1277 = ORIENTED_EDGE('',*,*,#781,.T.);
#1278 = ORIENTED_EDGE('',*,*,#1279,.F.);
#1279 = EDGE_CURVE('',#1205,#758,#1280,.T.);
#1280 = B_SPLINE_CURVE_WITH_KNOTS('',3,(#1281,#1282,#1283,#1284),
  .UNSPECIFIED.,.F.,.F.,(4,4),(-1.940394704103,-1.850951985002),
  .PIECEWISE_BEZIER_KNOTS.);
#1281 = CARTESIAN_POINT('',(174.87235269546,-9.228661645662,
    11.973999999952));
#1282 = CARTESIAN_POINT('',(174.87235269546,-9.561994978996,
    11.640666666619));
#1283 = CARTESIAN_POINT('',(174.87235269546,-9.895328312329,
    11.307333333285));
#1284 = CARTESIAN_POINT('',(174.87235269546,-10.22866164566,
    10.973999999952));
#1285 = ORIENTED_EDGE('',*,*,#1204,.T.);
#1286 = PLANE('',#1287);
#1287 = AXIS2_PLACEMENT_3D('',#1288,#1289,#1290);
#1288 = CARTESIAN_POINT('',(214.17697163538,-9.728661645663,
    11.473999999951));
#1289 = DIRECTION('',(-1.221460338193E-14,0.707106781186,-0.707106781187
    ));
#1290 = DIRECTION('',(-1.,-2.203761824825E-26,1.727405776171E-14));
#1291 = ADVANCED_FACE('',(#1292),#1325,.T.);
#1292 = FACE_BOUND('',#1293,.T.);
#1293 = EDGE_LOOP('',(#1294,#1295,#1307,#1315));
#1294 = ORIENTED_EDGE('',*,*,#1181,.T.);
#1295 = ORIENTED_EDGE('',*,*,#1296,.T.);
#1296 = EDGE_CURVE('',#1174,#1297,#1299,.T.);
#1297 = VERTEX_POINT('',#1298);
#1298 = CARTESIAN_POINT('',(187.28538348304,-45.72866164566,
    17.973999999953));
#1299 = B_SPLINE_CURVE_WITH_KNOTS('',3,(#1300,#1301,#1302,#1303,#1304,
    #1305,#1306),.UNSPECIFIED.,.F.,.F.,(4,3,4),(-0.524961020277,
    -0.299977725872,0.),.UNSPECIFIED.);
#1300 = CARTESIAN_POINT('',(191.61551050197,-48.22866164566,
    17.973999999953));
#1301 = CARTESIAN_POINT('',(190.90122478768,-48.22866164566,
    17.973999999953));
#1302 = CARTESIAN_POINT('',(190.13850575913,-48.06743378728,
    17.973999999953));
#1303 = CARTESIAN_POINT('',(189.45287533758,-47.73670888689,
    17.973999999953));
#1304 = CARTESIAN_POINT('',(188.53870144218,-47.29574235304,
    17.973999999954));
#1305 = CARTESIAN_POINT('',(187.76157395924,-46.5534477445,
    17.973999999954));
#1306 = CARTESIAN_POINT('',(187.28538348305,-45.72866164566,
    17.973999999955));
#1307 = ORIENTED_EDGE('',*,*,#1308,.T.);
#1308 = EDGE_CURVE('',#1297,#1309,#1311,.T.);
#1309 = VERTEX_POINT('',#1310);
#1310 = CARTESIAN_POINT('',(187.28538348304,-45.72866164566,
    11.973999999953));
#1311 = LINE('',#1312,#1313);
#1312 = CARTESIAN_POINT('',(187.28538348304,-45.72866164566,
    15.749999999977));
#1313 = VECTOR('',#1314,1.);
#1314 = DIRECTION('',(-5.337326190893E-14,4.395989713496E-16,-1.));
#1315 = ORIENTED_EDGE('',*,*,#1316,.T.);
#1316 = EDGE_CURVE('',#1309,#1182,#1317,.T.);
#1317 = B_SPLINE_CURVE_WITH_KNOTS('',3,(#1318,#1319,#1320,#1321,#1322,
    #1323,#1324),.UNSPECIFIED.,.F.,.F.,(4,3,4),(-0.524961020277,
    -0.224983294404,0.),.UNSPECIFIED.);
#1318 = CARTESIAN_POINT('',(187.28538348304,-45.72866164566,
    11.973999999953));
#1319 = CARTESIAN_POINT('',(187.76157395923,-46.5534477445,
    11.973999999953));
#1320 = CARTESIAN_POINT('',(188.53869955314,-47.29574527854,
    11.973999999953));
#1321 = CARTESIAN_POINT('',(189.4528737184,-47.73671139446,
    11.973999999953));
#1322 = CARTESIAN_POINT('',(190.13850434235,-48.0674359814,
    11.973999999953));
#1323 = CARTESIAN_POINT('',(190.90122478768,-48.22866164566,
    11.973999999953));
#1324 = CARTESIAN_POINT('',(191.61551050196,-48.22866164566,
    11.973999999953));
#1325 = CYLINDRICAL_SURFACE('',#1326,5.);
#1326 = AXIS2_PLACEMENT_3D('',#1327,#1328,#1329);
#1327 = CARTESIAN_POINT('',(191.61551050197,-43.22866164566,
    15.749999999976));
#1328 = DIRECTION('',(5.337326190893E-14,-4.395989713496E-16,1.));
#1329 = DIRECTION('',(-0.5,-0.866025403784,2.63059270778E-14));
#1330 = ADVANCED_FACE('',(#1331),#1349,.T.);
#1331 = FACE_BOUND('',#1332,.T.);
#1332 = EDGE_LOOP('',(#1333,#1334,#1341,#1342));
#1333 = ORIENTED_EDGE('',*,*,#54,.T.);
#1334 = ORIENTED_EDGE('',*,*,#1335,.T.);
#1335 = EDGE_CURVE('',#57,#1297,#1336,.T.);
#1336 = B_SPLINE_CURVE_WITH_KNOTS('',3,(#1337,#1338,#1339,#1340),
  .UNSPECIFIED.,.F.,.F.,(4,4),(0.811531654599,0.942462388741),
  .PIECEWISE_BEZIER_KNOTS.);
#1337 = CARTESIAN_POINT('',(188.15140888683,-45.22866164566,
    18.973999999954));
#1338 = CARTESIAN_POINT('',(187.86273375223,-45.39532831232,
    18.64066666662));
#1339 = CARTESIAN_POINT('',(187.57405861764,-45.56199497899,
    18.307333333286));
#1340 = CARTESIAN_POINT('',(187.28538348304,-45.72866164566,
    17.973999999952));
#1341 = ORIENTED_EDGE('',*,*,#1296,.F.);
#1342 = ORIENTED_EDGE('',*,*,#1343,.T.);
#1343 = EDGE_CURVE('',#1174,#55,#1344,.T.);
#1344 = B_SPLINE_CURVE_WITH_KNOTS('',3,(#1345,#1346,#1347,#1348),
  .UNSPECIFIED.,.F.,.F.,(4,4),(-0.942462388741,-0.811531654599),
  .PIECEWISE_BEZIER_KNOTS.);
#1345 = CARTESIAN_POINT('',(191.61551050197,-48.22866164566,
    17.97399999995));
#1346 = CARTESIAN_POINT('',(191.61551050197,-47.89532831233,
    18.307333333284));
#1347 = CARTESIAN_POINT('',(191.61551050197,-47.56199497899,
    18.640666666619));
#1348 = CARTESIAN_POINT('',(191.61551050197,-47.22866164566,
    18.973999999953));
#1349 = B_SPLINE_SURFACE_WITH_KNOTS('',3,3,(
    (#1350,#1351,#1352,#1353)
    ,(#1354,#1355,#1356,#1357)
    ,(#1358,#1359,#1360,#1361)
    ,(#1362,#1363,#1364,#1365)
    ,(#1366,#1367,#1368,#1369
  )),.UNSPECIFIED.,.F.,.F.,.F.,(4,1,4),(4,4),(0.,0.571428571429,1.),(
    -0.942462388741,-0.811531654599),.UNSPECIFIED.);
#1350 = CARTESIAN_POINT('',(187.28538348304,-45.72866164566,
    17.973999999952));
#1351 = CARTESIAN_POINT('',(187.57405861764,-45.56199497899,
    18.307333333286));
#1352 = CARTESIAN_POINT('',(187.86273375223,-45.39532831232,
    18.64066666662));
#1353 = CARTESIAN_POINT('',(188.15140888683,-45.22866164566,
    18.973999999954));
#1354 = CARTESIAN_POINT('',(187.76157395923,-46.5534477445,
    17.973999999952));
#1355 = CARTESIAN_POINT('',(188.01912648831,-46.33152952953,
    18.307333333286));
#1356 = CARTESIAN_POINT('',(188.27480873871,-46.1104087397,
    18.64066666662));
#1357 = CARTESIAN_POINT('',(188.53236126778,-45.88849052473,
    18.973999999954));
#1358 = CARTESIAN_POINT('',(189.1215470544,-47.85246330945,
    17.973999999951));
#1359 = CARTESIAN_POINT('',(189.28777740988,-47.544235584,
    18.307333333285));
#1360 = CARTESIAN_POINT('',(189.45410938843,-47.23593070214,
    18.640666666619));
#1361 = CARTESIAN_POINT('',(189.62033974391,-46.92770297669,
    18.973999999953));
#1362 = CARTESIAN_POINT('',(190.90122478768,-48.22866164566,
    17.973999999951));
#1363 = CARTESIAN_POINT('',(190.94854267104,-47.89518277297,
    18.307333333285));
#1364 = CARTESIAN_POINT('',(190.99676404718,-47.56214051835,
    18.640666666619));
#1365 = CARTESIAN_POINT('',(191.04408193054,-47.22866164566,
    18.973999999953));
#1366 = CARTESIAN_POINT('',(191.61551050197,-48.22866164566,
    17.97399999995));
#1367 = CARTESIAN_POINT('',(191.61551050197,-47.89532831233,
    18.307333333284));
#1368 = CARTESIAN_POINT('',(191.61551050197,-47.56199497899,
    18.640666666619));
#1369 = CARTESIAN_POINT('',(191.61551050197,-47.22866164566,
    18.973999999953));
#1370 = ADVANCED_FACE('',(#1371),#1383,.T.);
#1371 = FACE_BOUND('',#1372,.T.);
#1372 = EDGE_LOOP('',(#1373,#1374,#1375,#1376));
#1373 = ORIENTED_EDGE('',*,*,#737,.T.);
#1374 = ORIENTED_EDGE('',*,*,#1261,.T.);
#1375 = ORIENTED_EDGE('',*,*,#1316,.F.);
#1376 = ORIENTED_EDGE('',*,*,#1377,.T.);
#1377 = EDGE_CURVE('',#1309,#738,#1378,.T.);
#1378 = B_SPLINE_CURVE_WITH_KNOTS('',3,(#1379,#1380,#1381,#1382),
  .UNSPECIFIED.,.F.,.F.,(4,4),(-0.942462388741,-0.811531654599),
  .PIECEWISE_BEZIER_KNOTS.);
#1379 = CARTESIAN_POINT('',(187.28538348304,-45.72866164566,
    11.973999999953));
#1380 = CARTESIAN_POINT('',(187.57405861764,-45.56199497899,
    11.640666666619));
#1381 = CARTESIAN_POINT('',(187.86273375223,-45.39532831232,
    11.307333333285));
#1382 = CARTESIAN_POINT('',(188.15140888683,-45.22866164566,
    10.973999999952));
#1383 = B_SPLINE_SURFACE_WITH_KNOTS('',3,3,(
    (#1384,#1385,#1386,#1387)
    ,(#1388,#1389,#1390,#1391)
    ,(#1392,#1393,#1394,#1395)
    ,(#1396,#1397,#1398,#1399)
    ,(#1400,#1401,#1402,#1403
  )),.UNSPECIFIED.,.F.,.F.,.F.,(4,1,4),(4,4),(0.,0.571428571429,1.),(
    0.811531654599,0.942462388741),.UNSPECIFIED.);
#1384 = CARTESIAN_POINT('',(188.15140888683,-45.22866164566,
    10.973999999952));
#1385 = CARTESIAN_POINT('',(187.86273375223,-45.39532831232,
    11.307333333285));
#1386 = CARTESIAN_POINT('',(187.57405861764,-45.56199497899,
    11.640666666619));
#1387 = CARTESIAN_POINT('',(187.28538348304,-45.72866164566,
    11.973999999953));
#1388 = CARTESIAN_POINT('',(188.53236126778,-45.88849052473,
    10.973999999952));
#1389 = CARTESIAN_POINT('',(188.27480873871,-46.1104087397,
    11.307333333286));
#1390 = CARTESIAN_POINT('',(188.01912648831,-46.33152952953,
    11.640666666619));
#1391 = CARTESIAN_POINT('',(187.76157395923,-46.5534477445,
    11.973999999953));
#1392 = CARTESIAN_POINT('',(189.62033709925,-46.92770707238,
    10.973999999952));
#1393 = CARTESIAN_POINT('',(189.45410674377,-47.23593479783,
    11.307333333286));
#1394 = CARTESIAN_POINT('',(189.28777410405,-47.54424070362,
    11.640666666619));
#1395 = CARTESIAN_POINT('',(189.12154374857,-47.85246842907,
    11.973999999953));
#1396 = CARTESIAN_POINT('',(191.04408193054,-47.22866164566,
    10.973999999952));
#1397 = CARTESIAN_POINT('',(190.99676404718,-47.56214051835,
    11.307333333286));
#1398 = CARTESIAN_POINT('',(190.94854267104,-47.89518277297,
    11.64066666662));
#1399 = CARTESIAN_POINT('',(190.90122478768,-48.22866164566,
    11.973999999953));
#1400 = CARTESIAN_POINT('',(191.61551050197,-47.22866164566,
    10.973999999952));
#1401 = CARTESIAN_POINT('',(191.61551050197,-47.56199497899,
    11.307333333286));
#1402 = CARTESIAN_POINT('',(191.61551050197,-47.89532831233,
    11.64066666662));
#1403 = CARTESIAN_POINT('',(191.61551050197,-48.22866164566,
    11.973999999953));
#1404 = ADVANCED_FACE('',(#1405),#1417,.T.);
#1405 = FACE_BOUND('',#1406,.T.);
#1406 = EDGE_LOOP('',(#1407,#1408,#1409,#1416));
#1407 = ORIENTED_EDGE('',*,*,#1343,.F.);
#1408 = ORIENTED_EDGE('',*,*,#1173,.T.);
#1409 = ORIENTED_EDGE('',*,*,#1410,.F.);
#1410 = EDGE_CURVE('',#69,#1166,#1411,.T.);
#1411 = ELLIPSE('',#1412,4.24264068712,3.);
#1412 = AXIS2_PLACEMENT_3D('',#1413,#1414,#1415);
#1413 = CARTESIAN_POINT('',(211.1601345203,-45.22866164566,
    20.973999999953));
#1414 = DIRECTION('',(1.221460338189E-14,-0.707106781187,0.707106781186)
  );
#1415 = DIRECTION('',(4.945791244853E-14,-0.707106781186,-0.707106781187
    ));
#1416 = ORIENTED_EDGE('',*,*,#68,.T.);
#1417 = PLANE('',#1418);
#1418 = AXIS2_PLACEMENT_3D('',#1419,#1420,#1421);
#1419 = CARTESIAN_POINT('',(214.17697163538,-47.72866164566,
    18.473999999951));
#1420 = DIRECTION('',(1.221460338189E-14,-0.707106781187,0.707106781186)
  );
#1421 = DIRECTION('',(1.,2.682127077751E-29,-1.727405776168E-14));
#1422 = ADVANCED_FACE('',(#1423),#1458,.T.);
#1423 = FACE_BOUND('',#1424,.T.);
#1424 = EDGE_LOOP('',(#1425,#1426,#1435,#1457));
#1425 = ORIENTED_EDGE('',*,*,#757,.T.);
#1426 = ORIENTED_EDGE('',*,*,#1427,.T.);
#1427 = EDGE_CURVE('',#750,#1428,#1430,.T.);
#1428 = VERTEX_POINT('',#1429);
#1429 = CARTESIAN_POINT('',(170.54222567654,-16.72866164566,
    11.973999999953));
#1430 = B_SPLINE_CURVE_WITH_KNOTS('',3,(#1431,#1432,#1433,#1434),
  .UNSPECIFIED.,.F.,.F.,(4,4),(1.850951985002,1.940394704103),
  .PIECEWISE_BEZIER_KNOTS.);
#1431 = CARTESIAN_POINT('',(171.40825108033,-16.22866164566,
    10.973999999953));
#1432 = CARTESIAN_POINT('',(171.11957594573,-16.39532831232,
    11.307333333287));
#1433 = CARTESIAN_POINT('',(170.83090081114,-16.56199497899,
    11.64066666662));
#1434 = CARTESIAN_POINT('',(170.54222567654,-16.72866164566,
    11.973999999954));
#1435 = ORIENTED_EDGE('',*,*,#1436,.T.);
#1436 = EDGE_CURVE('',#1428,#1205,#1437,.T.);
#1437 = B_SPLINE_CURVE_WITH_KNOTS('',3,(#1438,#1439,#1440,#1441,#1442,
    #1443,#1444,#1445,#1446,#1447,#1448,#1449,#1450,#1451,#1452,#1453,
    #1454,#1455,#1456),.UNSPECIFIED.,.F.,.F.,(4,3,3,3,3,3,4),(0.,
    0.150009883876,0.300019767752,0.450029651628,0.600039535504,
    0.900059303256,1.050069187132),.UNSPECIFIED.);
#1438 = CARTESIAN_POINT('',(170.54222567654,-16.72866164566,
    11.973999999953));
#1439 = CARTESIAN_POINT('',(170.33602915183,-16.37151878851,
    11.973999999953));
#1440 = CARTESIAN_POINT('',(170.15876994273,-15.9622116558,
    11.973999999953));
#1441 = CARTESIAN_POINT('',(170.03873068804,-15.50744532621,
    11.973999999952));
#1442 = CARTESIAN_POINT('',(169.91869143335,-15.05267899661,
    11.973999999952));
#1443 = CARTESIAN_POINT('',(169.85587213308,-14.55245347014,
    11.973999999952));
#1444 = CARTESIAN_POINT('',(169.87595065953,-14.03521717016,
    11.973999999952));
#1445 = CARTESIAN_POINT('',(169.89602918599,-13.51798087019,
    11.973999999952));
#1446 = CARTESIAN_POINT('',(169.99900553919,-12.98373379672,
    11.973999999952));
#1447 = CARTESIAN_POINT('',(170.19111368743,-12.47136367094,
    11.973999999952));
#1448 = CARTESIAN_POINT('',(170.38322183568,-11.95899354515,
    11.973999999952));
#1449 = CARTESIAN_POINT('',(170.66446177898,-11.46850036704,
    11.973999999951));
#1450 = CARTESIAN_POINT('',(171.0108085129,-11.04805450768,
    11.973999999951));
#1451 = CARTESIAN_POINT('',(171.70350198075,-10.20716278896,
    11.973999999951));
#1452 = CARTESIAN_POINT('',(172.65662261107,-9.646460345222,
    11.973999999951));
#1453 = CARTESIAN_POINT('',(173.56400802999,-9.39847176278,
    11.973999999951));
#1454 = CARTESIAN_POINT('',(174.01770073944,-9.274477471559,
    11.973999999951));
#1455 = CARTESIAN_POINT('',(174.45995964604,-9.228661645663,
    11.973999999951));
#1456 = CARTESIAN_POINT('',(174.87235269546,-9.228661645663,
    11.973999999951));
#1457 = ORIENTED_EDGE('',*,*,#1279,.T.);
#1458 = B_SPLINE_SURFACE_WITH_KNOTS('',3,3,(
    (#1459,#1460,#1461,#1462)
    ,(#1463,#1464,#1465,#1466)
    ,(#1467,#1468,#1469,#1470)
    ,(#1471,#1472,#1473,#1474)
    ,(#1475,#1476,#1477,#1478)
    ,(#1479,#1480,#1481,#1482)
    ,(#1483,#1484,#1485,#1486)
    ,(#1487,#1488,#1489,#1490)
    ,(#1491,#1492,#1493,#1494
    )),.UNSPECIFIED.,.F.,.F.,.F.,(4,1,1,1,1,1,4),(4,4),(0.,
    0.142857142857,0.285714285714,0.428571428571,0.571428571429,
    0.857142857143,1.),(-1.940394704103,-1.850951985002),.UNSPECIFIED.);
#1459 = CARTESIAN_POINT('',(170.54222567654,-16.72866164566,
    11.973999999954));
#1460 = CARTESIAN_POINT('',(170.83090081114,-16.56199497899,
    11.64066666662));
#1461 = CARTESIAN_POINT('',(171.11957594573,-16.39532831232,
    11.307333333287));
#1462 = CARTESIAN_POINT('',(171.40825108033,-16.22866164566,
    10.973999999953));
#1463 = CARTESIAN_POINT('',(170.33602915183,-16.37151878851,
    11.973999999954));
#1464 = CARTESIAN_POINT('',(170.6384161552,-16.22873773732,
    11.64066666662));
#1465 = CARTESIAN_POINT('',(170.94090685719,-16.08572841113,
    11.307333333286));
#1466 = CARTESIAN_POINT('',(171.24329386056,-15.94294735994,
    10.973999999953));
#1467 = CARTESIAN_POINT('',(169.98151073363,-15.55290452309,
    11.973999999954));
#1468 = CARTESIAN_POINT('',(170.3076075135,-15.46446042057,
    11.64066666662));
#1469 = CARTESIAN_POINT('',(170.63358234613,-15.37650005013,
    11.307333333286));
#1470 = CARTESIAN_POINT('',(170.959679126,-15.28805594761,
    10.973999999952));
#1471 = CARTESIAN_POINT('',(169.7930528328,-14.05222794366,
    11.973999999953));
#1472 = CARTESIAN_POINT('',(170.1316365431,-14.06404364776,
    11.64066666662));
#1473 = CARTESIAN_POINT('',(170.47032909502,-14.07569897996,
    11.307333333286));
#1474 = CARTESIAN_POINT('',(170.80891280533,-14.08751468406,
    10.973999999952));
#1475 = CARTESIAN_POINT('',(170.10198189238,-12.44948672325,
    11.973999999953));
#1476 = CARTESIAN_POINT('',(170.42006107613,-12.56794609929,
    11.640666666619));
#1477 = CARTESIAN_POINT('',(170.73797686925,-12.6868623317,
    11.307333333286));
#1478 = CARTESIAN_POINT('',(171.056056053,-12.80532170774,
    10.973999999952));
#1479 = CARTESIAN_POINT('',(171.22694166558,-10.48751401083,
    11.973999999952));
#1480 = CARTESIAN_POINT('',(171.46995410635,-10.73680612614,
    11.640666666619));
#1481 = CARTESIAN_POINT('',(171.71301143079,-10.98645142248,
    11.307333333285));
#1482 = CARTESIAN_POINT('',(171.95602387156,-11.23574353779,
    10.973999999952));
#1483 = CARTESIAN_POINT('',(173.13318292624,-9.36610912335,
    11.973999999952));
#1484 = CARTESIAN_POINT('',(173.24907537007,-9.690570176424,
    11.640666666619));
#1485 = CARTESIAN_POINT('',(173.36512443625,-10.01415857474,
    11.307333333285));
#1486 = CARTESIAN_POINT('',(173.48101688008,-10.33861962781,
    10.973999999951));
#1487 = CARTESIAN_POINT('',(174.45995964604,-9.228661645662,
    11.973999999952));
#1488 = CARTESIAN_POINT('',(174.48753652975,-9.561409059738,
    11.640666666619));
#1489 = CARTESIAN_POINT('',(174.51486137222,-9.895914231587,
    11.307333333285));
#1490 = CARTESIAN_POINT('',(174.54243825593,-10.22866164566,
    10.973999999951));
#1491 = CARTESIAN_POINT('',(174.87235269546,-9.228661645662,
    11.973999999952));
#1492 = CARTESIAN_POINT('',(174.87235269546,-9.561994978996,
    11.640666666619));
#1493 = CARTESIAN_POINT('',(174.87235269546,-9.895328312329,
    11.307333333285));
#1494 = CARTESIAN_POINT('',(174.87235269546,-10.22866164566,
    10.973999999952));
#1495 = ADVANCED_FACE('',(#1496),#1537,.T.);
#1496 = FACE_BOUND('',#1497,.T.);
#1497 = EDGE_LOOP('',(#1498,#1499,#1506,#1530));
#1498 = ORIENTED_EDGE('',*,*,#160,.T.);
#1499 = ORIENTED_EDGE('',*,*,#1500,.T.);
#1500 = EDGE_CURVE('',#153,#1213,#1501,.T.);
#1501 = B_SPLINE_CURVE_WITH_KNOTS('',3,(#1502,#1503,#1504,#1505),
  .UNSPECIFIED.,.F.,.F.,(4,4),(1.850951985003,1.940394704103),
  .PIECEWISE_BEZIER_KNOTS.);
#1502 = CARTESIAN_POINT('',(174.87235269546,-10.22866164566,
    18.973999999954));
#1503 = CARTESIAN_POINT('',(174.87235269546,-9.89532831233,
    18.64066666662));
#1504 = CARTESIAN_POINT('',(174.87235269546,-9.561994978996,
    18.307333333286));
#1505 = CARTESIAN_POINT('',(174.87235269546,-9.228661645662,
    17.973999999953));
#1506 = ORIENTED_EDGE('',*,*,#1507,.T.);
#1507 = EDGE_CURVE('',#1213,#1508,#1510,.T.);
#1508 = VERTEX_POINT('',#1509);
#1509 = CARTESIAN_POINT('',(170.54222567654,-16.72866164566,
    17.973999999953));
#1510 = B_SPLINE_CURVE_WITH_KNOTS('',3,(#1511,#1512,#1513,#1514,#1515,
    #1516,#1517,#1518,#1519,#1520,#1521,#1522,#1523,#1524,#1525,#1526,
    #1527,#1528,#1529),.UNSPECIFIED.,.F.,.F.,(4,3,3,3,3,3,4),(0.,
    0.150009883876,0.300019767752,0.450029651628,0.600039535504,
    0.900059303256,1.050069187132),.UNSPECIFIED.);
#1511 = CARTESIAN_POINT('',(174.87235269546,-9.228661645662,
    17.973999999953));
#1512 = CARTESIAN_POINT('',(174.45995964604,-9.228661645662,
    17.973999999953));
#1513 = CARTESIAN_POINT('',(174.01685785787,-9.279805565942,
    17.973999999952));
#1514 = CARTESIAN_POINT('',(173.56299812588,-9.403232351219,
    17.973999999952));
#1515 = CARTESIAN_POINT('',(173.10913839389,-9.526659136496,
    17.973999999952));
#1516 = CARTESIAN_POINT('',(172.64452071808,-9.72236878677,
    17.973999999952));
#1517 = CARTESIAN_POINT('',(172.20661974922,-9.99837583674,
    17.973999999952));
#1518 = CARTESIAN_POINT('',(171.76871878036,-10.27438288671,
    17.973999999952));
#1519 = CARTESIAN_POINT('',(171.35753451844,-10.63068733637,
    17.973999999952));
#1520 = CARTESIAN_POINT('',(171.00986298494,-11.05324294154,
    17.973999999952));
#1521 = CARTESIAN_POINT('',(170.66219145143,-11.47579854671,
    17.973999999952));
#1522 = CARTESIAN_POINT('',(170.37803264634,-11.96460530739,
    17.973999999952));
#1523 = CARTESIAN_POINT('',(170.18708967608,-12.47477283451,
    17.973999999952));
#1524 = CARTESIAN_POINT('',(169.80520373556,-13.49510788875,
    17.973999999952));
#1525 = CARTESIAN_POINT('',(169.79618113435,-14.60088600878,
    17.973999999952));
#1526 = CARTESIAN_POINT('',(170.03511107532,-15.51069814644,
    17.973999999952));
#1527 = CARTESIAN_POINT('',(170.1545760458,-15.96560421527,
    17.973999999952));
#1528 = CARTESIAN_POINT('',(170.33602915183,-16.37151878851,
    17.973999999952));
#1529 = CARTESIAN_POINT('',(170.54222567654,-16.72866164566,
    17.973999999952));
#1530 = ORIENTED_EDGE('',*,*,#1531,.T.);
#1531 = EDGE_CURVE('',#1508,#161,#1532,.T.);
#1532 = B_SPLINE_CURVE_WITH_KNOTS('',3,(#1533,#1534,#1535,#1536),
  .UNSPECIFIED.,.F.,.F.,(4,4),(-1.940394704103,-1.850951985003),
  .PIECEWISE_BEZIER_KNOTS.);
#1533 = CARTESIAN_POINT('',(170.54222567654,-16.72866164566,
    17.973999999952));
#1534 = CARTESIAN_POINT('',(170.83090081114,-16.56199497899,
    18.307333333286));
#1535 = CARTESIAN_POINT('',(171.11957594573,-16.39532831232,
    18.640666666619));
#1536 = CARTESIAN_POINT('',(171.40825108033,-16.22866164565,
    18.973999999953));
#1537 = B_SPLINE_SURFACE_WITH_KNOTS('',3,3,(
    (#1538,#1539,#1540,#1541)
    ,(#1542,#1543,#1544,#1545)
    ,(#1546,#1547,#1548,#1549)
    ,(#1550,#1551,#1552,#1553)
    ,(#1554,#1555,#1556,#1557)
    ,(#1558,#1559,#1560,#1561)
    ,(#1562,#1563,#1564,#1565)
    ,(#1566,#1567,#1568,#1569)
    ,(#1570,#1571,#1572,#1573
    )),.UNSPECIFIED.,.F.,.F.,.F.,(4,1,1,1,1,1,4),(4,4),(0.,
    0.142857142857,0.285714285714,0.428571428571,0.571428571429,
    0.857142857143,1.),(-1.940394704103,-1.850951985003),.UNSPECIFIED.);
#1538 = CARTESIAN_POINT('',(174.87235269546,-9.228661645662,
    17.973999999953));
#1539 = CARTESIAN_POINT('',(174.87235269546,-9.561994978996,
    18.307333333286));
#1540 = CARTESIAN_POINT('',(174.87235269546,-9.89532831233,
    18.64066666662));
#1541 = CARTESIAN_POINT('',(174.87235269546,-10.22866164566,
    18.973999999954));
#1542 = CARTESIAN_POINT('',(174.45995964604,-9.228661645662,
    17.973999999953));
#1543 = CARTESIAN_POINT('',(174.48750113021,-9.561926997947,
    18.307333333286));
#1544 = CARTESIAN_POINT('',(174.51489677175,-9.895396293378,
    18.64066666662));
#1545 = CARTESIAN_POINT('',(174.54243825593,-10.22866164566,
    18.973999999954));
#1546 = CARTESIAN_POINT('',(173.57375606969,-9.330949486223,
    17.973999999952));
#1547 = CARTESIAN_POINT('',(173.66020962003,-9.657579632948,
    18.307333333286));
#1548 = CARTESIAN_POINT('',(173.74702184451,-9.983861771387,
    18.64066666662));
#1549 = CARTESIAN_POINT('',(173.83347539485,-10.31049191811,
    18.973999999953));
#1550 = CARTESIAN_POINT('',(172.17990304228,-9.918078437044,
    17.973999999952));
#1551 = CARTESIAN_POINT('',(172.35942759735,-10.20539267942,
    18.307333333286));
#1552 = CARTESIAN_POINT('',(172.53886841784,-10.49288083638,
    18.640666666619));
#1553 = CARTESIAN_POINT('',(172.71839297291,-10.78019507876,
    18.973999999953));
#1554 = CARTESIAN_POINT('',(170.94635025653,-10.98699178604,
    17.973999999952));
#1555 = CARTESIAN_POINT('',(171.20797867736,-11.20322675157,
    18.307333333285));
#1556 = CARTESIAN_POINT('',(171.46992232348,-11.41909079244,
    18.640666666619));
#1557 = CARTESIAN_POINT('',(171.73155074432,-11.63532575796,
    18.973999999953));
#1558 = CARTESIAN_POINT('',(169.80971503616,-12.94221882873,
    17.973999999952));
#1559 = CARTESIAN_POINT('',(170.14711456137,-13.02802771822,
    18.307333333285));
#1560 = CARTESIAN_POINT('',(170.48484304281,-13.11369850264,
    18.640666666619));
#1561 = CARTESIAN_POINT('',(170.82224256802,-13.19950739212,
    18.973999999953));
#1562 = CARTESIAN_POINT('',(169.79166983375,-15.1537750688,
    17.973999999952));
#1563 = CARTESIAN_POINT('',(170.13060757017,-15.09191034273,
    18.307333333285));
#1564 = CARTESIAN_POINT('',(170.46886866968,-15.03061711024,
    18.640666666619));
#1565 = CARTESIAN_POINT('',(170.8078064061,-14.96875238417,
    18.973999999953));
#1566 = CARTESIAN_POINT('',(170.33602915183,-16.37151878851,
    17.973999999952));
#1567 = CARTESIAN_POINT('',(170.63798530732,-16.22902736332,
    18.307333333286));
#1568 = CARTESIAN_POINT('',(170.94133770507,-16.08543878513,
    18.640666666619));
#1569 = CARTESIAN_POINT('',(171.24329386056,-15.94294735994,
    18.973999999953));
#1570 = CARTESIAN_POINT('',(170.54222567654,-16.72866164566,
    17.973999999952));
#1571 = CARTESIAN_POINT('',(170.83090081114,-16.56199497899,
    18.307333333286));
#1572 = CARTESIAN_POINT('',(171.11957594573,-16.39532831232,
    18.640666666619));
#1573 = CARTESIAN_POINT('',(171.40825108033,-16.22866164565,
    18.973999999953));
#1574 = ADVANCED_FACE('',(#1575),#1586,.T.);
#1575 = FACE_BOUND('',#1576,.T.);
#1576 = EDGE_LOOP('',(#1577,#1583,#1584,#1585));
#1577 = ORIENTED_EDGE('',*,*,#1578,.T.);
#1578 = EDGE_CURVE('',#1428,#1508,#1579,.T.);
#1579 = LINE('',#1580,#1581);
#1580 = CARTESIAN_POINT('',(170.54222567654,-16.72866164566,
    15.749999999978));
#1581 = VECTOR('',#1582,1.);
#1582 = DIRECTION('',(5.337326190893E-14,-4.395989713496E-16,1.));
#1583 = ORIENTED_EDGE('',*,*,#1507,.F.);
#1584 = ORIENTED_EDGE('',*,*,#1212,.T.);
#1585 = ORIENTED_EDGE('',*,*,#1436,.F.);
#1586 = CYLINDRICAL_SURFACE('',#1587,5.);
#1587 = AXIS2_PLACEMENT_3D('',#1588,#1589,#1590);
#1588 = CARTESIAN_POINT('',(174.87235269546,-14.22866164566,
    15.749999999977));
#1589 = DIRECTION('',(5.337326190893E-14,-4.395989713496E-16,1.));
#1590 = DIRECTION('',(-0.866025403784,0.5,4.644240018165E-14));
#1591 = ADVANCED_FACE('',(#1592),#1604,.T.);
#1592 = FACE_BOUND('',#1593,.T.);
#1593 = EDGE_LOOP('',(#1594,#1595,#1596,#1603));
#1594 = ORIENTED_EDGE('',*,*,#1500,.F.);
#1595 = ORIENTED_EDGE('',*,*,#152,.T.);
#1596 = ORIENTED_EDGE('',*,*,#1597,.F.);
#1597 = EDGE_CURVE('',#1221,#144,#1598,.T.);
#1598 = ELLIPSE('',#1599,4.242640687119,3.);
#1599 = AXIS2_PLACEMENT_3D('',#1600,#1601,#1602);
#1600 = CARTESIAN_POINT('',(211.1601345203,-12.22866164566,
    20.973999999951));
#1601 = DIRECTION('',(5.066488755704E-14,0.707106781187,0.707106781187)
  );
#1602 = DIRECTION('',(8.80560187245E-14,0.707106781187,-0.707106781187)
  );
#1603 = ORIENTED_EDGE('',*,*,#1220,.T.);
#1604 = PLANE('',#1605);
#1605 = AXIS2_PLACEMENT_3D('',#1606,#1607,#1608);
#1606 = CARTESIAN_POINT('',(214.17697163538,-9.728661645663,
    18.473999999951));
#1607 = DIRECTION('',(5.066488755705E-14,0.707106781186,0.707106781187)
  );
#1608 = DIRECTION('',(1.,2.205024002274E-26,-7.165097111928E-14));
#1609 = ADVANCED_FACE('',(#1610),#1626,.T.);
#1610 = FACE_BOUND('',#1611,.T.);
#1611 = EDGE_LOOP('',(#1612,#1613,#1619,#1620));
#1612 = ORIENTED_EDGE('',*,*,#1308,.F.);
#1613 = ORIENTED_EDGE('',*,*,#1614,.F.);
#1614 = EDGE_CURVE('',#1508,#1297,#1615,.T.);
#1615 = LINE('',#1616,#1617);
#1616 = CARTESIAN_POINT('',(175.36295385092,-25.07840777316,
    17.973999999953));
#1617 = VECTOR('',#1618,1.);
#1618 = DIRECTION('',(0.5,-0.866025403784,-7.568666690728E-15));
#1619 = ORIENTED_EDGE('',*,*,#1578,.F.);
#1620 = ORIENTED_EDGE('',*,*,#1621,.F.);
#1621 = EDGE_CURVE('',#1309,#1428,#1622,.T.);
#1622 = LINE('',#1623,#1624);
#1623 = CARTESIAN_POINT('',(175.36295385092,-25.07840777316,
    11.973999999953));
#1624 = VECTOR('',#1625,1.);
#1625 = DIRECTION('',(-0.5,0.866025403784,7.881148127265E-15));
#1626 = PLANE('',#1627);
#1627 = AXIS2_PLACEMENT_3D('',#1628,#1629,#1630);
#1628 = CARTESIAN_POINT('',(164.69173389711,-6.595312634416,
    10.973999999953));
#1629 = DIRECTION('',(-0.866025403784,-0.5,4.60028012103E-14));
#1630 = DIRECTION('',(0.5,-0.866025403784,-7.881148127265E-15));
#1631 = ADVANCED_FACE('',(#1632),#1638,.T.);
#1632 = FACE_BOUND('',#1633,.T.);
#1633 = EDGE_LOOP('',(#1634,#1635,#1636,#1637));
#1634 = ORIENTED_EDGE('',*,*,#1377,.F.);
#1635 = ORIENTED_EDGE('',*,*,#1621,.T.);
#1636 = ORIENTED_EDGE('',*,*,#1427,.F.);
#1637 = ORIENTED_EDGE('',*,*,#749,.T.);
#1638 = PLANE('',#1639);
#1639 = AXIS2_PLACEMENT_3D('',#1640,#1641,#1642);
#1640 = CARTESIAN_POINT('',(175.79596655281,-24.82840777316,
    11.473999999953));
#1641 = DIRECTION('',(-0.612372435696,-0.353553390593,-0.707106781187));
#1642 = DIRECTION('',(-0.755928946018,-2.498001805407E-16,0.654653670708
    ));
#1643 = ADVANCED_FACE('',(#1644),#1650,.T.);
#1644 = FACE_BOUND('',#1645,.T.);
#1645 = EDGE_LOOP('',(#1646,#1647,#1648,#1649));
#1646 = ORIENTED_EDGE('',*,*,#1335,.F.);
#1647 = ORIENTED_EDGE('',*,*,#184,.T.);
#1648 = ORIENTED_EDGE('',*,*,#1531,.F.);
#1649 = ORIENTED_EDGE('',*,*,#1614,.T.);
#1650 = PLANE('',#1651);
#1651 = AXIS2_PLACEMENT_3D('',#1652,#1653,#1654);
#1652 = CARTESIAN_POINT('',(175.79596655281,-24.82840777316,
    18.473999999953));
#1653 = DIRECTION('',(-0.612372435696,-0.353553390593,0.707106781187));
#1654 = DIRECTION('',(0.755928946019,1.110223024625E-16,0.654653670708)
  );
#1655 = ADVANCED_FACE('',(#1656),#1681,.T.);
#1656 = FACE_BOUND('',#1657,.T.);
#1657 = EDGE_LOOP('',(#1658,#1666,#1667,#1675));
#1658 = ORIENTED_EDGE('',*,*,#1659,.T.);
#1659 = EDGE_CURVE('',#1660,#815,#1662,.T.);
#1660 = VERTEX_POINT('',#1661);
#1661 = CARTESIAN_POINT('',(204.8605003239,-35.22880800565,
    11.773999999951));
#1662 = LINE('',#1663,#1664);
#1663 = CARTESIAN_POINT('',(204.8605003239,-35.22880800565,
    11.773999999951));
#1664 = VECTOR('',#1665,1.);
#1665 = DIRECTION('',(-0.707106780346,-3.448469000847E-05,
    -0.707106781187));
#1666 = ORIENTED_EDGE('',*,*,#814,.T.);
#1667 = ORIENTED_EDGE('',*,*,#1668,.T.);
#1668 = EDGE_CURVE('',#817,#1669,#1671,.T.);
#1669 = VERTEX_POINT('',#1670);
#1670 = CARTESIAN_POINT('',(204.86006140545,-26.22880800565,
    11.773999999951));
#1671 = LINE('',#1672,#1673);
#1672 = CARTESIAN_POINT('',(204.0600614064,-26.22884702063,
    10.973999999951));
#1673 = VECTOR('',#1674,1.);
#1674 = DIRECTION('',(0.707106780346,3.448469000847E-05,0.707106781187)
  );
#1675 = ORIENTED_EDGE('',*,*,#1676,.T.);
#1676 = EDGE_CURVE('',#1669,#1660,#1677,.T.);
#1677 = LINE('',#1678,#1679);
#1678 = CARTESIAN_POINT('',(204.86056310554,-36.51614230058,
    11.773999999951));
#1679 = VECTOR('',#1680,1.);
#1680 = DIRECTION('',(4.876871628952E-05,-0.999999998811,
    1.656791029601E-14));
#1681 = PLANE('',#1682);
#1682 = AXIS2_PLACEMENT_3D('',#1683,#1684,#1685);
#1683 = CARTESIAN_POINT('',(204.46056310601,-36.51616180807,
    11.373999999952));
#1684 = DIRECTION('',(0.707106780346,3.448468998637E-05,-0.707106781187)
  );
#1685 = DIRECTION('',(-0.707106781607,2.371692252312E-20,-0.707106780766
    ));
#1686 = ADVANCED_FACE('',(#1687),#1706,.F.);
#1687 = FACE_BOUND('',#1688,.F.);
#1688 = EDGE_LOOP('',(#1689,#1690,#1698,#1705));
#1689 = ORIENTED_EDGE('',*,*,#824,.F.);
#1690 = ORIENTED_EDGE('',*,*,#1691,.F.);
#1691 = EDGE_CURVE('',#1692,#825,#1694,.T.);
#1692 = VERTEX_POINT('',#1693);
#1693 = CARTESIAN_POINT('',(207.86050032033,-38.2286616995,
    11.773999999951));
#1694 = LINE('',#1695,#1696);
#1695 = CARTESIAN_POINT('',(207.86050032033,-38.2286616995,
    11.773999999951));
#1696 = VECTOR('',#1697,1.);
#1697 = DIRECTION('',(-3.140184917366E-14,-0.707106781187,
    -0.707106781187));
#1698 = ORIENTED_EDGE('',*,*,#1699,.F.);
#1699 = EDGE_CURVE('',#1660,#1692,#1700,.T.);
#1700 = CIRCLE('',#1701,3.);
#1701 = AXIS2_PLACEMENT_3D('',#1702,#1703,#1704);
#1702 = CARTESIAN_POINT('',(207.86050032033,-35.2286616995,
    11.773999999951));
#1703 = DIRECTION('',(4.44625144405E-14,1.657007869547E-14,1.));
#1704 = DIRECTION('',(-0.707089538631,-0.707124023321,4.315607953601E-14
    ));
#1705 = ORIENTED_EDGE('',*,*,#1659,.T.);
#1706 = CONICAL_SURFACE('',#1707,3.4,0.785398163397);
#1707 = AXIS2_PLACEMENT_3D('',#1708,#1709,#1710);
#1708 = CARTESIAN_POINT('',(207.86050032033,-35.2286616995,
    11.373999999951));
#1709 = DIRECTION('',(-4.4408920985E-14,-1.665334536938E-14,-1.));
#1710 = DIRECTION('',(-0.707089538631,-0.707124023321,4.317706402975E-14
    ));
#1711 = ADVANCED_FACE('',(#1712),#1730,.T.);
#1712 = FACE_BOUND('',#1713,.T.);
#1713 = EDGE_LOOP('',(#1714,#1715,#1723,#1729));
#1714 = ORIENTED_EDGE('',*,*,#1691,.F.);
#1715 = ORIENTED_EDGE('',*,*,#1716,.T.);
#1716 = EDGE_CURVE('',#1692,#1717,#1719,.T.);
#1717 = VERTEX_POINT('',#1718);
#1718 = CARTESIAN_POINT('',(220.45976878245,-38.2286616995,
    11.773999999951));
#1719 = LINE('',#1720,#1721);
#1720 = CARTESIAN_POINT('',(214.17697166647,-38.2286616995,
    11.773999999951));
#1721 = VECTOR('',#1722,1.);
#1722 = DIRECTION('',(1.,-2.718845667878E-14,-4.44625144405E-14));
#1723 = ORIENTED_EDGE('',*,*,#1724,.T.);
#1724 = EDGE_CURVE('',#1717,#834,#1725,.T.);
#1725 = LINE('',#1726,#1727);
#1726 = CARTESIAN_POINT('',(220.45976878245,-38.2286616995,
    11.773999999951));
#1727 = VECTOR('',#1728,1.);
#1728 = DIRECTION('',(-6.280369834734E-14,-0.707106781187,
    -0.707106781187));
#1729 = ORIENTED_EDGE('',*,*,#833,.T.);
#1730 = PLANE('',#1731);
#1731 = AXIS2_PLACEMENT_3D('',#1732,#1733,#1734);
#1732 = CARTESIAN_POINT('',(214.17697166647,-38.6286616995,
    11.373999999951));
#1733 = DIRECTION('',(-1.221460338192E-14,0.707106781187,-0.707106781187
    ));
#1734 = DIRECTION('',(-1.,-2.206443951903E-26,1.727405776169E-14));
#1735 = ADVANCED_FACE('',(#1736),#1755,.F.);
#1736 = FACE_BOUND('',#1737,.F.);
#1737 = EDGE_LOOP('',(#1738,#1739,#1747,#1754));
#1738 = ORIENTED_EDGE('',*,*,#841,.F.);
#1739 = ORIENTED_EDGE('',*,*,#1740,.F.);
#1740 = EDGE_CURVE('',#1741,#842,#1743,.T.);
#1741 = VERTEX_POINT('',#1742);
#1742 = CARTESIAN_POINT('',(223.45976877888,-35.22880800565,
    11.77399999995));
#1743 = LINE('',#1744,#1745);
#1744 = CARTESIAN_POINT('',(223.45976877888,-35.22880800565,
    11.77399999995));
#1745 = VECTOR('',#1746,1.);
#1746 = DIRECTION('',(0.707106780346,-3.448469022829E-05,-0.707106781186
    ));
#1747 = ORIENTED_EDGE('',*,*,#1748,.F.);
#1748 = EDGE_CURVE('',#1717,#1741,#1749,.T.);
#1749 = CIRCLE('',#1750,3.);
#1750 = AXIS2_PLACEMENT_3D('',#1751,#1752,#1753);
#1751 = CARTESIAN_POINT('',(220.45976878245,-35.2286616995,
    11.773999999951));
#1752 = DIRECTION('',(4.44625144405E-14,1.657007869547E-14,1.));
#1753 = DIRECTION('',(0.707089538631,-0.707124023321,-1.972187810822E-14
    ));
#1754 = ORIENTED_EDGE('',*,*,#1724,.T.);
#1755 = CONICAL_SURFACE('',#1756,3.4,0.785398163398);
#1756 = AXIS2_PLACEMENT_3D('',#1757,#1758,#1759);
#1757 = CARTESIAN_POINT('',(220.45976878245,-35.2286616995,
    11.373999999951));
#1758 = DIRECTION('',(-4.440892098501E-14,-1.665334536938E-14,-1.));
#1759 = DIRECTION('',(0.707089538631,-0.707124023321,-1.962510287104E-14
    ));
#1760 = ADVANCED_FACE('',(#1761),#1779,.T.);
#1761 = FACE_BOUND('',#1762,.T.);
#1762 = EDGE_LOOP('',(#1763,#1771,#1772,#1773));
#1763 = ORIENTED_EDGE('',*,*,#1764,.T.);
#1764 = EDGE_CURVE('',#1765,#851,#1767,.T.);
#1765 = VERTEX_POINT('',#1766);
#1766 = CARTESIAN_POINT('',(223.46020769733,-26.22880800565,
    11.77399999995));
#1767 = LINE('',#1768,#1769);
#1768 = CARTESIAN_POINT('',(223.46020769733,-26.22880800565,
    11.77399999995));
#1769 = VECTOR('',#1770,1.);
#1770 = DIRECTION('',(0.707106780346,-3.448469022829E-05,-0.707106781187
    ));
#1771 = ORIENTED_EDGE('',*,*,#850,.T.);
#1772 = ORIENTED_EDGE('',*,*,#1740,.F.);
#1773 = ORIENTED_EDGE('',*,*,#1774,.T.);
#1774 = EDGE_CURVE('',#1741,#1765,#1775,.T.);
#1775 = LINE('',#1776,#1777);
#1776 = CARTESIAN_POINT('',(223.4600473695,-29.51632186247,
    11.773999999951));
#1777 = VECTOR('',#1778,1.);
#1778 = DIRECTION('',(4.876871659646E-05,0.999999998811,
    -1.657224705553E-14));
#1779 = PLANE('',#1780);
#1780 = AXIS2_PLACEMENT_3D('',#1781,#1782,#1783);
#1781 = CARTESIAN_POINT('',(223.86004736902,-29.51634136995,
    11.373999999951));
#1782 = DIRECTION('',(-0.707106780346,3.448469020341E-05,-0.707106781187
    ));
#1783 = DIRECTION('',(-0.707106781607,-2.03287907341E-20,0.707106780766)
  );
#1784 = ADVANCED_FACE('',(#1785),#1804,.F.);
#1785 = FACE_BOUND('',#1786,.F.);
#1786 = EDGE_LOOP('',(#1787,#1788,#1796,#1803));
#1787 = ORIENTED_EDGE('',*,*,#858,.F.);
#1788 = ORIENTED_EDGE('',*,*,#1789,.F.);
#1789 = EDGE_CURVE('',#1790,#859,#1792,.T.);
#1790 = VERTEX_POINT('',#1791);
#1791 = CARTESIAN_POINT('',(220.4602077009,-23.2286616995,
    11.773999999951));
#1792 = LINE('',#1793,#1794);
#1793 = CARTESIAN_POINT('',(220.4602077009,-23.2286616995,
    11.773999999951));
#1794 = VECTOR('',#1795,1.);
#1795 = DIRECTION('',(-3.140184917368E-14,0.707106781186,-0.707106781187
    ));
#1796 = ORIENTED_EDGE('',*,*,#1797,.F.);
#1797 = EDGE_CURVE('',#1765,#1790,#1798,.T.);
#1798 = CIRCLE('',#1799,3.);
#1799 = AXIS2_PLACEMENT_3D('',#1800,#1801,#1802);
#1800 = CARTESIAN_POINT('',(220.4602077009,-26.2286616995,
    11.773999999951));
#1801 = DIRECTION('',(4.44625144405E-14,1.657007869547E-14,1.));
#1802 = DIRECTION('',(0.707124023321,0.707089538631,-4.315704139801E-14)
  );
#1803 = ORIENTED_EDGE('',*,*,#1764,.T.);
#1804 = CONICAL_SURFACE('',#1805,3.4,0.785398163397);
#1805 = AXIS2_PLACEMENT_3D('',#1806,#1807,#1808);
#1806 = CARTESIAN_POINT('',(220.4602077009,-26.2286616995,
    11.373999999951));
#1807 = DIRECTION('',(-4.440892098499E-14,-1.665334536937E-14,-1.));
#1808 = DIRECTION('',(0.707124023321,0.707089538631,-4.317802117217E-14)
  );
#1809 = ADVANCED_FACE('',(#1810),#1828,.T.);
#1810 = FACE_BOUND('',#1811,.T.);
#1811 = EDGE_LOOP('',(#1812,#1820,#1821,#1822));
#1812 = ORIENTED_EDGE('',*,*,#1813,.T.);
#1813 = EDGE_CURVE('',#1814,#868,#1816,.T.);
#1814 = VERTEX_POINT('',#1815);
#1815 = CARTESIAN_POINT('',(207.86006140188,-23.2286616995,
    11.773999999951));
#1816 = LINE('',#1817,#1818);
#1817 = CARTESIAN_POINT('',(207.86006140188,-23.2286616995,
    11.773999999951));
#1818 = VECTOR('',#1819,1.);
#1819 = DIRECTION('',(-1.556055985796E-26,0.707106781187,-0.707106781187
    ));
#1820 = ORIENTED_EDGE('',*,*,#867,.T.);
#1821 = ORIENTED_EDGE('',*,*,#1789,.F.);
#1822 = ORIENTED_EDGE('',*,*,#1823,.T.);
#1823 = EDGE_CURVE('',#1790,#1814,#1824,.T.);
#1824 = LINE('',#1825,#1826);
#1825 = CARTESIAN_POINT('',(214.17697166647,-23.2286616995,
    11.773999999951));
#1826 = VECTOR('',#1827,1.);
#1827 = DIRECTION('',(-1.,2.718845667878E-14,4.44625144405E-14));
#1828 = PLANE('',#1829);
#1829 = AXIS2_PLACEMENT_3D('',#1830,#1831,#1832);
#1830 = CARTESIAN_POINT('',(214.17697166647,-22.8286616995,
    11.373999999951));
#1831 = DIRECTION('',(-5.066488755704E-14,-0.707106781187,
    -0.707106781187));
#1832 = DIRECTION('',(-1.,-2.20754835717E-26,7.16509711193E-14));
#1833 = ADVANCED_FACE('',(#1834),#1846,.F.);
#1834 = FACE_BOUND('',#1835,.F.);
#1835 = EDGE_LOOP('',(#1836,#1837,#1838,#1845));
#1836 = ORIENTED_EDGE('',*,*,#875,.F.);
#1837 = ORIENTED_EDGE('',*,*,#1668,.T.);
#1838 = ORIENTED_EDGE('',*,*,#1839,.F.);
#1839 = EDGE_CURVE('',#1814,#1669,#1840,.T.);
#1840 = CIRCLE('',#1841,3.);
#1841 = AXIS2_PLACEMENT_3D('',#1842,#1843,#1844);
#1842 = CARTESIAN_POINT('',(207.86006140188,-26.2286616995,
    11.773999999952));
#1843 = DIRECTION('',(4.44625144405E-14,1.657007869547E-14,1.));
#1844 = DIRECTION('',(-0.707124023321,0.707089538631,1.972398279828E-14)
  );
#1845 = ORIENTED_EDGE('',*,*,#1813,.T.);
#1846 = CONICAL_SURFACE('',#1847,3.4,0.785398163397);
#1847 = AXIS2_PLACEMENT_3D('',#1848,#1849,#1850);
#1848 = CARTESIAN_POINT('',(207.86006140188,-26.2286616995,
    11.373999999951));
#1849 = DIRECTION('',(-4.440892098498E-14,-1.665334536937E-14,-1.));
#1850 = DIRECTION('',(-0.707124023321,0.707089538631,1.962720858436E-14)
  );
#1851 = ADVANCED_FACE('',(#1852),#1878,.F.);
#1852 = FACE_BOUND('',#1853,.F.);
#1853 = EDGE_LOOP('',(#1854,#1862,#1871,#1877));
#1854 = ORIENTED_EDGE('',*,*,#1855,.F.);
#1855 = EDGE_CURVE('',#1856,#1741,#1858,.T.);
#1856 = VERTEX_POINT('',#1857);
#1857 = CARTESIAN_POINT('',(223.45976877888,-35.22880800565,
    18.173999999951));
#1858 = LINE('',#1859,#1860);
#1859 = CARTESIAN_POINT('',(223.45976877888,-35.22880800565,
    15.749999999975));
#1860 = VECTOR('',#1861,1.);
#1861 = DIRECTION('',(-4.074438774546E-14,4.395989713492E-16,-1.));
#1862 = ORIENTED_EDGE('',*,*,#1863,.T.);
#1863 = EDGE_CURVE('',#1856,#1864,#1866,.T.);
#1864 = VERTEX_POINT('',#1865);
#1865 = CARTESIAN_POINT('',(220.45976878245,-38.2286616995,
    18.173999999951));
#1866 = CIRCLE('',#1867,3.);
#1867 = AXIS2_PLACEMENT_3D('',#1868,#1869,#1870);
#1868 = CARTESIAN_POINT('',(220.45976878245,-35.2286616995,
    18.173999999951));
#1869 = DIRECTION('',(-4.44625144405E-14,-1.693090117847E-14,-1.));
#1870 = DIRECTION('',(0.707089538631,-0.707124023321,-1.946673186233E-14
    ));
#1871 = ORIENTED_EDGE('',*,*,#1872,.F.);
#1872 = EDGE_CURVE('',#1717,#1864,#1873,.T.);
#1873 = LINE('',#1874,#1875);
#1874 = CARTESIAN_POINT('',(220.45976878245,-38.2286616995,
    15.749999999975));
#1875 = VECTOR('',#1876,1.);
#1876 = DIRECTION('',(4.074438774546E-14,-4.395989713492E-16,1.));
#1877 = ORIENTED_EDGE('',*,*,#1748,.T.);
#1878 = CYLINDRICAL_SURFACE('',#1879,3.);
#1879 = AXIS2_PLACEMENT_3D('',#1880,#1881,#1882);
#1880 = CARTESIAN_POINT('',(220.45976878245,-35.2286616995,
    15.749999999975));
#1881 = DIRECTION('',(4.074438774546E-14,-4.395989713492E-16,1.));
#1882 = DIRECTION('',(0.707089538631,-0.707124023321,-2.912078132601E-14
    ));
#1883 = ADVANCED_FACE('',(#1884),#1983,.T.);
#1884 = FACE_BOUND('',#1885,.T.);
#1885 = EDGE_LOOP('',(#1886,#1887,#1895,#1903,#1911,#1919,#1927,#1935,
    #1944,#1952,#1960,#1968,#1976,#1982));
#1886 = ORIENTED_EDGE('',*,*,#1716,.F.);
#1887 = ORIENTED_EDGE('',*,*,#1888,.F.);
#1888 = EDGE_CURVE('',#1889,#1692,#1891,.T.);
#1889 = VERTEX_POINT('',#1890);
#1890 = CARTESIAN_POINT('',(207.86050032033,-38.2286616995,
    18.173999999952));
#1891 = LINE('',#1892,#1893);
#1892 = CARTESIAN_POINT('',(207.86050032033,-38.2286616995,
    15.749999999976));
#1893 = VECTOR('',#1894,1.);
#1894 = DIRECTION('',(-5.850948935572E-14,4.395989713497E-16,-1.));
#1895 = ORIENTED_EDGE('',*,*,#1896,.F.);
#1896 = EDGE_CURVE('',#1897,#1889,#1899,.T.);
#1897 = VERTEX_POINT('',#1898);
#1898 = CARTESIAN_POINT('',(208.96013455139,-38.2286616995,
    18.173999999952));
#1899 = LINE('',#1900,#1901);
#1900 = CARTESIAN_POINT('',(214.17697166647,-38.2286616995,
    18.173999999951));
#1901 = VECTOR('',#1902,1.);
#1902 = DIRECTION('',(-1.,2.718845667878E-14,4.44625144405E-14));
#1903 = ORIENTED_EDGE('',*,*,#1904,.F.);
#1904 = EDGE_CURVE('',#1905,#1897,#1907,.T.);
#1905 = VERTEX_POINT('',#1906);
#1906 = CARTESIAN_POINT('',(208.96013455139,-38.2286616995,29.326));
#1907 = LINE('',#1908,#1909);
#1908 = CARTESIAN_POINT('',(208.96013455139,-38.2286616995,20.526));
#1909 = VECTOR('',#1910,1.);
#1910 = DIRECTION('',(2.6460451111E-14,4.395989713474E-16,-1.));
#1911 = ORIENTED_EDGE('',*,*,#1912,.F.);
#1912 = EDGE_CURVE('',#1913,#1905,#1915,.T.);
#1913 = VERTEX_POINT('',#1914);
#1914 = CARTESIAN_POINT('',(209.16013455139,-38.2286616995,29.526));
#1915 = LINE('',#1916,#1917);
#1916 = CARTESIAN_POINT('',(207.91013455139,-38.2286616995,28.276));
#1917 = VECTOR('',#1918,1.);
#1918 = DIRECTION('',(-0.707106781187,1.95359855012E-14,-0.707106781187)
  );
#1919 = ORIENTED_EDGE('',*,*,#1920,.T.);
#1920 = EDGE_CURVE('',#1913,#1921,#1923,.T.);
#1921 = VERTEX_POINT('',#1922);
#1922 = CARTESIAN_POINT('',(211.76013732539,-38.2286616995,29.526));
#1923 = LINE('',#1924,#1925);
#1924 = CARTESIAN_POINT('',(206.47795469539,-38.2286616995,29.526));
#1925 = VECTOR('',#1926,1.);
#1926 = DIRECTION('',(1.,-2.718845667878E-14,2.6460451111E-14));
#1927 = ORIENTED_EDGE('',*,*,#1928,.T.);
#1928 = EDGE_CURVE('',#1921,#1929,#1931,.T.);
#1929 = VERTEX_POINT('',#1930);
#1930 = CARTESIAN_POINT('',(211.76013732539,-38.2286616995,27.826));
#1931 = LINE('',#1932,#1933);
#1932 = CARTESIAN_POINT('',(211.76013732539,-38.2286616995,
    24.033071421427));
#1933 = VECTOR('',#1934,1.);
#1934 = DIRECTION('',(-5.888794390706E-14,4.395989713497E-16,-1.));
#1935 = ORIENTED_EDGE('',*,*,#1936,.F.);
#1936 = EDGE_CURVE('',#1937,#1929,#1939,.T.);
#1937 = VERTEX_POINT('',#1938);
#1938 = CARTESIAN_POINT('',(216.56013732539,-38.2286616995,27.826));
#1939 = CIRCLE('',#1940,2.6);
#1940 = AXIS2_PLACEMENT_3D('',#1941,#1942,#1943);
#1941 = CARTESIAN_POINT('',(214.16013732539,-38.2286616995,26.826));
#1942 = DIRECTION('',(2.718845667878E-14,1.,4.395989713481E-16));
#1943 = DIRECTION('',(1.633174732829E-13,4.395989713437E-16,-1.));
#1944 = ORIENTED_EDGE('',*,*,#1945,.T.);
#1945 = EDGE_CURVE('',#1937,#1946,#1948,.T.);
#1946 = VERTEX_POINT('',#1947);
#1947 = CARTESIAN_POINT('',(216.56013732539,-38.2286616995,29.526));
#1948 = LINE('',#1949,#1950);
#1949 = CARTESIAN_POINT('',(216.56013732539,-38.2286616995,24.926));
#1950 = VECTOR('',#1951,1.);
#1951 = DIRECTION('',(5.888794390706E-14,-4.395989713497E-16,1.));
#1952 = ORIENTED_EDGE('',*,*,#1953,.T.);
#1953 = EDGE_CURVE('',#1946,#1954,#1956,.T.);
#1954 = VERTEX_POINT('',#1955);
#1955 = CARTESIAN_POINT('',(219.16013455139,-38.2286616995,29.526));
#1956 = LINE('',#1957,#1958);
#1957 = CARTESIAN_POINT('',(206.47795469539,-38.2286616995,29.526));
#1958 = VECTOR('',#1959,1.);
#1959 = DIRECTION('',(1.,-2.718845667878E-14,2.6460451111E-14));
#1960 = ORIENTED_EDGE('',*,*,#1961,.F.);
#1961 = EDGE_CURVE('',#1962,#1954,#1964,.T.);
#1962 = VERTEX_POINT('',#1963);
#1963 = CARTESIAN_POINT('',(219.36013455139,-38.2286616995,29.326));
#1964 = LINE('',#1965,#1966);
#1965 = CARTESIAN_POINT('',(220.41013455139,-38.2286616995,28.276));
#1966 = VECTOR('',#1967,1.);
#1967 = DIRECTION('',(-0.707106781187,1.891429867392E-14,0.707106781187)
  );
#1968 = ORIENTED_EDGE('',*,*,#1969,.F.);
#1969 = EDGE_CURVE('',#1970,#1962,#1972,.T.);
#1970 = VERTEX_POINT('',#1971);
#1971 = CARTESIAN_POINT('',(219.36013455139,-38.2286616995,
    18.173999999951));
#1972 = LINE('',#1973,#1974);
#1973 = CARTESIAN_POINT('',(219.36013455139,-38.2286616995,20.526));
#1974 = VECTOR('',#1975,1.);
#1975 = DIRECTION('',(-2.6460451111E-14,-4.395989713474E-16,1.));
#1976 = ORIENTED_EDGE('',*,*,#1977,.F.);
#1977 = EDGE_CURVE('',#1864,#1970,#1978,.T.);
#1978 = LINE('',#1979,#1980);
#1979 = CARTESIAN_POINT('',(214.17697166647,-38.2286616995,
    18.173999999951));
#1980 = VECTOR('',#1981,1.);
#1981 = DIRECTION('',(-1.,2.718845667878E-14,4.44625144405E-14));
#1982 = ORIENTED_EDGE('',*,*,#1872,.F.);
#1983 = PLANE('',#1984);
#1984 = AXIS2_PLACEMENT_3D('',#1985,#1986,#1987);
#1985 = CARTESIAN_POINT('',(214.16013455139,-38.2286616995,20.526));
#1986 = DIRECTION('',(2.718845667878E-14,1.,4.395989713481E-16));
#1987 = DIRECTION('',(-2.6460451111E-14,-4.395989713474E-16,1.));
#1988 = ADVANCED_FACE('',(#1989),#2008,.F.);
#1989 = FACE_BOUND('',#1990,.F.);
#1990 = EDGE_LOOP('',(#1991,#1992,#2001,#2007));
#1991 = ORIENTED_EDGE('',*,*,#1888,.F.);
#1992 = ORIENTED_EDGE('',*,*,#1993,.T.);
#1993 = EDGE_CURVE('',#1889,#1994,#1996,.T.);
#1994 = VERTEX_POINT('',#1995);
#1995 = CARTESIAN_POINT('',(204.8605003239,-35.22880800565,
    18.173999999952));
#1996 = CIRCLE('',#1997,3.);
#1997 = AXIS2_PLACEMENT_3D('',#1998,#1999,#2000);
#1998 = CARTESIAN_POINT('',(207.86050032033,-35.2286616995,
    18.173999999952));
#1999 = DIRECTION('',(-4.44625144405E-14,-1.693090117847E-14,-1.));
#2000 = DIRECTION('',(-0.707089538631,-0.707124023321,4.34112257819E-14)
  );
#2001 = ORIENTED_EDGE('',*,*,#2002,.F.);
#2002 = EDGE_CURVE('',#1660,#1994,#2003,.T.);
#2003 = LINE('',#2004,#2005);
#2004 = CARTESIAN_POINT('',(204.8605003239,-35.22880800565,
    15.749999999976));
#2005 = VECTOR('',#2006,1.);
#2006 = DIRECTION('',(5.850948935572E-14,-4.395989713497E-16,1.));
#2007 = ORIENTED_EDGE('',*,*,#1699,.T.);
#2008 = CYLINDRICAL_SURFACE('',#2009,3.);
#2009 = AXIS2_PLACEMENT_3D('',#2010,#2011,#2012);
#2010 = CARTESIAN_POINT('',(207.86050032033,-35.2286616995,
    15.749999999976));
#2011 = DIRECTION('',(5.850948935572E-14,-4.395989713497E-16,1.));
#2012 = DIRECTION('',(-0.707089538631,-0.707124023321,4.106059684082E-14
    ));
#2013 = ADVANCED_FACE('',(#2014),#2032,.T.);
#2014 = FACE_BOUND('',#2015,.T.);
#2015 = EDGE_LOOP('',(#2016,#2017,#2025,#2031));
#2016 = ORIENTED_EDGE('',*,*,#1676,.F.);
#2017 = ORIENTED_EDGE('',*,*,#2018,.F.);
#2018 = EDGE_CURVE('',#2019,#1669,#2021,.T.);
#2019 = VERTEX_POINT('',#2020);
#2020 = CARTESIAN_POINT('',(204.86006140545,-26.22880800565,
    18.173999999952));
#2021 = LINE('',#2022,#2023);
#2022 = CARTESIAN_POINT('',(204.86006140545,-26.22880800565,
    12.223999999952));
#2023 = VECTOR('',#2024,1.);
#2024 = DIRECTION('',(-5.850947175887E-14,7.877648834628E-17,-1.));
#2025 = ORIENTED_EDGE('',*,*,#2026,.F.);
#2026 = EDGE_CURVE('',#1994,#2019,#2027,.T.);
#2027 = LINE('',#2028,#2029);
#2028 = CARTESIAN_POINT('',(204.86056310554,-36.51614230058,
    18.173999999952));
#2029 = VECTOR('',#2030,1.);
#2030 = DIRECTION('',(-4.876871628952E-05,0.999999998811,
    -1.692873277859E-14));
#2031 = ORIENTED_EDGE('',*,*,#2002,.F.);
#2032 = PLANE('',#2033);
#2033 = AXIS2_PLACEMENT_3D('',#2034,#2035,#2036);
#2034 = CARTESIAN_POINT('',(204.86081729574,-41.72829929124,
    10.973999999952));
#2035 = DIRECTION('',(0.999999998811,4.876871628952E-05,
    -5.850946784746E-14));
#2036 = DIRECTION('',(4.876871628952E-05,-0.999999998811,
    1.527832357579E-14));
#2037 = ADVANCED_FACE('',(#2038),#2061,.T.);
#2038 = FACE_BOUND('',#2039,.T.);
#2039 = EDGE_LOOP('',(#2040,#2048,#2054,#2055));
#2040 = ORIENTED_EDGE('',*,*,#2041,.T.);
#2041 = EDGE_CURVE('',#86,#2042,#2044,.T.);
#2042 = VERTEX_POINT('',#2043);
#2043 = CARTESIAN_POINT('',(208.16013455139,-39.0286616995,28.526));
#2044 = LINE('',#2045,#2046);
#2045 = CARTESIAN_POINT('',(208.16013455139,-39.0286616995,20.526));
#2046 = VECTOR('',#2047,1.);
#2047 = DIRECTION('',(-2.6460451111E-14,-4.395989713474E-16,1.));
#2048 = ORIENTED_EDGE('',*,*,#2049,.T.);
#2049 = EDGE_CURVE('',#2042,#1905,#2050,.T.);
#2050 = LINE('',#2051,#2052);
#2051 = CARTESIAN_POINT('',(196.2601281028,-50.92866814809,
    16.625993551416));
#2052 = VECTOR('',#2053,1.);
#2053 = DIRECTION('',(0.57735026919,0.57735026919,0.57735026919));
#2054 = ORIENTED_EDGE('',*,*,#1904,.T.);
#2055 = ORIENTED_EDGE('',*,*,#2056,.T.);
#2056 = EDGE_CURVE('',#1897,#86,#2057,.T.);
#2057 = LINE('',#2058,#2059);
#2058 = CARTESIAN_POINT('',(208.96013455139,-38.2286616995,
    18.173999999952));
#2059 = VECTOR('',#2060,1.);
#2060 = DIRECTION('',(-0.57735026919,-0.57735026919,0.57735026919));
#2061 = PLANE('',#2062);
#2062 = AXIS2_PLACEMENT_3D('',#2063,#2064,#2065);
#2063 = CARTESIAN_POINT('',(208.56013455139,-38.6286616995,20.526));
#2064 = DIRECTION('',(-0.707106781187,0.707106781187,-1.83995210002E-14)
  );
#2065 = DIRECTION('',(-2.602085213965E-14,-2.99767143984E-29,1.));
#2066 = ADVANCED_FACE('',(#2067),#2078,.T.);
#2067 = FACE_BOUND('',#2068,.T.);
#2068 = EDGE_LOOP('',(#2069,#2070,#2076,#2077));
#2069 = ORIENTED_EDGE('',*,*,#1896,.T.);
#2070 = ORIENTED_EDGE('',*,*,#2071,.T.);
#2071 = EDGE_CURVE('',#1889,#94,#2072,.T.);
#2072 = LINE('',#2073,#2074);
#2073 = CARTESIAN_POINT('',(207.86050032033,-38.2286616995,
    18.173999999952));
#2074 = VECTOR('',#2075,1.);
#2075 = DIRECTION('',(1.556055985796E-26,-0.707106781187,0.707106781187)
  );
#2076 = ORIENTED_EDGE('',*,*,#93,.T.);
#2077 = ORIENTED_EDGE('',*,*,#2056,.F.);
#2078 = PLANE('',#2079);
#2079 = AXIS2_PLACEMENT_3D('',#2080,#2081,#2082);
#2080 = CARTESIAN_POINT('',(214.17697166647,-38.6286616995,
    18.573999999951));
#2081 = DIRECTION('',(5.066488755704E-14,0.707106781187,0.707106781187)
  );
#2082 = DIRECTION('',(1.,2.205024002274E-26,-7.16509711193E-14));
#2083 = ADVANCED_FACE('',(#2084),#2095,.F.);
#2084 = FACE_BOUND('',#2085,.F.);
#2085 = EDGE_LOOP('',(#2086,#2087,#2093,#2094));
#2086 = ORIENTED_EDGE('',*,*,#101,.F.);
#2087 = ORIENTED_EDGE('',*,*,#2088,.F.);
#2088 = EDGE_CURVE('',#1994,#102,#2089,.T.);
#2089 = LINE('',#2090,#2091);
#2090 = CARTESIAN_POINT('',(204.8605003239,-35.22880800565,
    18.173999999952));
#2091 = VECTOR('',#2092,1.);
#2092 = DIRECTION('',(-0.707106780346,-3.448468998492E-05,0.707106781187
    ));
#2093 = ORIENTED_EDGE('',*,*,#1993,.F.);
#2094 = ORIENTED_EDGE('',*,*,#2071,.T.);
#2095 = CONICAL_SURFACE('',#2096,3.4,0.785398163397);
#2096 = AXIS2_PLACEMENT_3D('',#2097,#2098,#2099);
#2097 = CARTESIAN_POINT('',(207.86050032033,-35.2286616995,
    18.573999999951));
#2098 = DIRECTION('',(4.440892098501E-14,1.665334536938E-14,1.));
#2099 = DIRECTION('',(-0.707089538631,-0.707124023321,4.317706402976E-14
    ));
#2100 = ADVANCED_FACE('',(#2101),#2112,.T.);
#2101 = FACE_BOUND('',#2102,.T.);
#2102 = EDGE_LOOP('',(#2103,#2104,#2105,#2111));
#2103 = ORIENTED_EDGE('',*,*,#2088,.F.);
#2104 = ORIENTED_EDGE('',*,*,#2026,.T.);
#2105 = ORIENTED_EDGE('',*,*,#2106,.T.);
#2106 = EDGE_CURVE('',#2019,#111,#2107,.T.);
#2107 = LINE('',#2108,#2109);
#2108 = CARTESIAN_POINT('',(204.86006140545,-26.22880800565,
    18.173999999952));
#2109 = VECTOR('',#2110,1.);
#2110 = DIRECTION('',(-0.707106780346,-3.448468998492E-05,0.707106781187
    ));
#2111 = ORIENTED_EDGE('',*,*,#110,.T.);
#2112 = PLANE('',#2113);
#2113 = AXIS2_PLACEMENT_3D('',#2114,#2115,#2116);
#2114 = CARTESIAN_POINT('',(204.46056310601,-36.51616180807,
    18.573999999952));
#2115 = DIRECTION('',(0.707106780346,3.448469001006E-05,0.707106781186)
  );
#2116 = DIRECTION('',(0.707106781607,3.049318610115E-20,-0.707106780766)
  );
#2117 = ADVANCED_FACE('',(#2118),#2137,.F.);
#2118 = FACE_BOUND('',#2119,.F.);
#2119 = EDGE_LOOP('',(#2120,#2121,#2129,#2136));
#2120 = ORIENTED_EDGE('',*,*,#118,.F.);
#2121 = ORIENTED_EDGE('',*,*,#2122,.F.);
#2122 = EDGE_CURVE('',#2123,#119,#2125,.T.);
#2123 = VERTEX_POINT('',#2124);
#2124 = CARTESIAN_POINT('',(207.86006140188,-23.2286616995,
    18.173999999952));
#2125 = LINE('',#2126,#2127);
#2126 = CARTESIAN_POINT('',(207.86006140188,-23.2286616995,
    18.173999999952));
#2127 = VECTOR('',#2128,1.);
#2128 = DIRECTION('',(3.140184917367E-14,0.707106781187,0.707106781186)
  );
#2129 = ORIENTED_EDGE('',*,*,#2130,.F.);
#2130 = EDGE_CURVE('',#2019,#2123,#2131,.T.);
#2131 = CIRCLE('',#2132,3.);
#2132 = AXIS2_PLACEMENT_3D('',#2133,#2134,#2135);
#2133 = CARTESIAN_POINT('',(207.86006140188,-26.2286616995,
    18.173999999952));
#2134 = DIRECTION('',(-4.44625144405E-14,-1.693090117847E-14,-1.));
#2135 = DIRECTION('',(-0.707124023321,0.707089538631,1.946884899525E-14)
  );
#2136 = ORIENTED_EDGE('',*,*,#2106,.T.);
#2137 = CONICAL_SURFACE('',#2138,3.4,0.785398163398);
#2138 = AXIS2_PLACEMENT_3D('',#2139,#2140,#2141);
#2139 = CARTESIAN_POINT('',(207.86006140188,-26.2286616995,
    18.573999999952));
#2140 = DIRECTION('',(4.440892098503E-14,1.665334536939E-14,1.));
#2141 = DIRECTION('',(-0.707124023321,0.707089538631,1.962720858439E-14)
  );
#2142 = ADVANCED_FACE('',(#2143),#2161,.T.);
#2143 = FACE_BOUND('',#2144,.T.);
#2144 = EDGE_LOOP('',(#2145,#2146,#2147,#2155));
#2145 = ORIENTED_EDGE('',*,*,#127,.T.);
#2146 = ORIENTED_EDGE('',*,*,#2122,.F.);
#2147 = ORIENTED_EDGE('',*,*,#2148,.T.);
#2148 = EDGE_CURVE('',#2123,#2149,#2151,.T.);
#2149 = VERTEX_POINT('',#2150);
#2150 = CARTESIAN_POINT('',(208.96013455139,-23.2286616995,
    18.173999999951));
#2151 = LINE('',#2152,#2153);
#2152 = CARTESIAN_POINT('',(214.17697166647,-23.2286616995,
    18.173999999951));
#2153 = VECTOR('',#2154,1.);
#2154 = DIRECTION('',(1.,-2.718845667878E-14,-4.44625144405E-14));
#2155 = ORIENTED_EDGE('',*,*,#2156,.T.);
#2156 = EDGE_CURVE('',#2149,#128,#2157,.T.);
#2157 = LINE('',#2158,#2159);
#2158 = CARTESIAN_POINT('',(208.96013455139,-23.2286616995,
    18.173999999951));
#2159 = VECTOR('',#2160,1.);
#2160 = DIRECTION('',(-0.57735026919,0.57735026919,0.57735026919));
#2161 = PLANE('',#2162);
#2162 = AXIS2_PLACEMENT_3D('',#2163,#2164,#2165);
#2163 = CARTESIAN_POINT('',(214.17697166647,-22.8286616995,
    18.573999999951));
#2164 = DIRECTION('',(1.221460338192E-14,-0.707106781187,0.707106781187)
  );
#2165 = DIRECTION('',(1.,2.211177117334E-26,-1.727405776169E-14));
#2166 = ADVANCED_FACE('',(#2167),#2192,.T.);
#2167 = FACE_BOUND('',#2168,.T.);
#2168 = EDGE_LOOP('',(#2169,#2177,#2185,#2191));
#2169 = ORIENTED_EDGE('',*,*,#2170,.T.);
#2170 = EDGE_CURVE('',#2149,#2171,#2173,.T.);
#2171 = VERTEX_POINT('',#2172);
#2172 = CARTESIAN_POINT('',(208.96013455139,-23.2286616995,29.326));
#2173 = LINE('',#2174,#2175);
#2174 = CARTESIAN_POINT('',(208.96013455139,-23.2286616995,
    16.999999999975));
#2175 = VECTOR('',#2176,1.);
#2176 = DIRECTION('',(-2.6460451111E-14,-7.877648834397E-17,1.));
#2177 = ORIENTED_EDGE('',*,*,#2178,.T.);
#2178 = EDGE_CURVE('',#2171,#2179,#2181,.T.);
#2179 = VERTEX_POINT('',#2180);
#2180 = CARTESIAN_POINT('',(208.1601345203,-22.42866166842,28.526));
#2181 = LINE('',#2182,#2183);
#2182 = CARTESIAN_POINT('',(220.1724743333,-34.44100148142,
    40.538339781913));
#2183 = VECTOR('',#2184,1.);
#2184 = DIRECTION('',(-0.57735026919,0.57735026919,-0.57735026919));
#2185 = ORIENTED_EDGE('',*,*,#2186,.T.);
#2186 = EDGE_CURVE('',#2179,#128,#2187,.T.);
#2187 = LINE('',#2188,#2189);
#2188 = CARTESIAN_POINT('',(208.16013455139,-22.4286616995,
    16.999999999975));
#2189 = VECTOR('',#2190,1.);
#2190 = DIRECTION('',(2.6460451111E-14,7.877648834397E-17,-1.));
#2191 = ORIENTED_EDGE('',*,*,#2156,.F.);
#2192 = PLANE('',#2193);
#2193 = AXIS2_PLACEMENT_3D('',#2194,#2195,#2196);
#2194 = CARTESIAN_POINT('',(208.56013455139,-22.8286616995,
    16.999999999975));
#2195 = DIRECTION('',(-0.707106781187,-0.707106781187,
    -1.876606780295E-14));
#2196 = DIRECTION('',(-2.653922759934E-14,-4.733165431326E-30,1.));
#2197 = ADVANCED_FACE('',(#2198),#2288,.T.);
#2198 = FACE_BOUND('',#2199,.T.);
#2199 = EDGE_LOOP('',(#2200,#2201,#2209,#2217,#2225,#2233,#2241,#2249,
    #2258,#2266,#2274,#2280,#2281,#2282));
#2200 = ORIENTED_EDGE('',*,*,#1823,.F.);
#2201 = ORIENTED_EDGE('',*,*,#2202,.F.);
#2202 = EDGE_CURVE('',#2203,#1790,#2205,.T.);
#2203 = VERTEX_POINT('',#2204);
#2204 = CARTESIAN_POINT('',(220.4602077009,-23.2286616995,
    18.173999999951));
#2205 = LINE('',#2206,#2207);
#2206 = CARTESIAN_POINT('',(220.4602077009,-23.2286616995,
    12.223999999951));
#2207 = VECTOR('',#2208,1.);
#2208 = DIRECTION('',(-4.074440534231E-14,7.87764883458E-17,-1.));
#2209 = ORIENTED_EDGE('',*,*,#2210,.F.);
#2210 = EDGE_CURVE('',#2211,#2203,#2213,.T.);
#2211 = VERTEX_POINT('',#2212);
#2212 = CARTESIAN_POINT('',(219.36013455139,-23.2286616995,
    18.173999999951));
#2213 = LINE('',#2214,#2215);
#2214 = CARTESIAN_POINT('',(214.17697166647,-23.2286616995,
    18.173999999951));
#2215 = VECTOR('',#2216,1.);
#2216 = DIRECTION('',(1.,-2.718845667878E-14,-4.44625144405E-14));
#2217 = ORIENTED_EDGE('',*,*,#2218,.F.);
#2218 = EDGE_CURVE('',#2219,#2211,#2221,.T.);
#2219 = VERTEX_POINT('',#2220);
#2220 = CARTESIAN_POINT('',(219.36013455139,-23.2286616995,29.326));
#2221 = LINE('',#2222,#2223);
#2222 = CARTESIAN_POINT('',(219.36013455139,-23.2286616995,
    16.999999999976));
#2223 = VECTOR('',#2224,1.);
#2224 = DIRECTION('',(2.6460451111E-14,7.877648834397E-17,-1.));
#2225 = ORIENTED_EDGE('',*,*,#2226,.F.);
#2226 = EDGE_CURVE('',#2227,#2219,#2229,.T.);
#2227 = VERTEX_POINT('',#2228);
#2228 = CARTESIAN_POINT('',(219.1601345203,-23.2286616995,29.526));
#2229 = LINE('',#2230,#2231);
#2230 = CARTESIAN_POINT('',(222.1731345514,-23.2286616995,
    26.512999999988));
#2231 = VECTOR('',#2232,1.);
#2232 = DIRECTION('',(0.707106781187,-1.916943869846E-14,-0.707106781187
    ));
#2233 = ORIENTED_EDGE('',*,*,#2234,.T.);
#2234 = EDGE_CURVE('',#2227,#2235,#2237,.T.);
#2235 = VERTEX_POINT('',#2236);
#2236 = CARTESIAN_POINT('',(216.56013732539,-23.2286616995,29.526));
#2237 = LINE('',#2238,#2239);
#2238 = CARTESIAN_POINT('',(206.47795469539,-23.2286616995,29.526));
#2239 = VECTOR('',#2240,1.);
#2240 = DIRECTION('',(-1.,2.718845667878E-14,-2.6460451111E-14));
#2241 = ORIENTED_EDGE('',*,*,#2242,.F.);
#2242 = EDGE_CURVE('',#2243,#2235,#2245,.T.);
#2243 = VERTEX_POINT('',#2244);
#2244 = CARTESIAN_POINT('',(216.56013732539,-23.2286616995,27.826));
#2245 = LINE('',#2246,#2247);
#2246 = CARTESIAN_POINT('',(216.56013732539,-23.2286616995,
    21.499999999976));
#2247 = VECTOR('',#2248,1.);
#2248 = DIRECTION('',(4.509985555088E-14,-7.877648834592E-17,1.));
#2249 = ORIENTED_EDGE('',*,*,#2250,.F.);
#2250 = EDGE_CURVE('',#2251,#2243,#2253,.T.);
#2251 = VERTEX_POINT('',#2252);
#2252 = CARTESIAN_POINT('',(211.76013732539,-23.2286616995,27.826));
#2253 = CIRCLE('',#2254,2.6);
#2254 = AXIS2_PLACEMENT_3D('',#2255,#2256,#2257);
#2255 = CARTESIAN_POINT('',(214.16013732539,-23.2286616995,26.826));
#2256 = DIRECTION('',(-2.718845667878E-14,-1.,-7.877648834469E-17));
#2257 = DIRECTION('',(1.487963532033E-13,7.877648834065E-17,-1.));
#2258 = ORIENTED_EDGE('',*,*,#2259,.F.);
#2259 = EDGE_CURVE('',#2260,#2251,#2262,.T.);
#2260 = VERTEX_POINT('',#2261);
#2261 = CARTESIAN_POINT('',(211.76013732539,-23.2286616995,29.526));
#2262 = LINE('',#2263,#2264);
#2263 = CARTESIAN_POINT('',(211.76013732539,-23.2286616995,
    20.507071421403));
#2264 = VECTOR('',#2265,1.);
#2265 = DIRECTION('',(-5.851741304996E-14,7.877648834628E-17,-1.));
#2266 = ORIENTED_EDGE('',*,*,#2267,.T.);
#2267 = EDGE_CURVE('',#2260,#2268,#2270,.T.);
#2268 = VERTEX_POINT('',#2269);
#2269 = CARTESIAN_POINT('',(209.1601345203,-23.2286616995,29.526));
#2270 = LINE('',#2271,#2272);
#2271 = CARTESIAN_POINT('',(206.47795469539,-23.2286616995,29.526));
#2272 = VECTOR('',#2273,1.);
#2273 = DIRECTION('',(-1.,2.718845667878E-14,-2.6460451111E-14));
#2274 = ORIENTED_EDGE('',*,*,#2275,.F.);
#2275 = EDGE_CURVE('',#2171,#2268,#2276,.T.);
#2276 = LINE('',#2277,#2278);
#2277 = CARTESIAN_POINT('',(206.14713455138,-23.2286616995,
    26.512999999988));
#2278 = VECTOR('',#2279,1.);
#2279 = DIRECTION('',(0.707106781187,-1.928084547667E-14,0.707106781187)
  );
#2280 = ORIENTED_EDGE('',*,*,#2170,.F.);
#2281 = ORIENTED_EDGE('',*,*,#2148,.F.);
#2282 = ORIENTED_EDGE('',*,*,#2283,.F.);
#2283 = EDGE_CURVE('',#1814,#2123,#2284,.T.);
#2284 = LINE('',#2285,#2286);
#2285 = CARTESIAN_POINT('',(207.86006140188,-23.2286616995,
    12.223999999952));
#2286 = VECTOR('',#2287,1.);
#2287 = DIRECTION('',(5.850947175887E-14,-7.877648834628E-17,1.));
#2288 = PLANE('',#2289);
#2289 = AXIS2_PLACEMENT_3D('',#2290,#2291,#2292);
#2290 = CARTESIAN_POINT('',(214.16013455139,-23.2286616995,
    13.473999999951));
#2291 = DIRECTION('',(-2.718845667878E-14,-1.,-7.877648834469E-17));
#2292 = DIRECTION('',(-1.,2.718845667878E-14,2.29815859279E-14));
#2293 = ADVANCED_FACE('',(#2294),#2300,.F.);
#2294 = FACE_BOUND('',#2295,.F.);
#2295 = EDGE_LOOP('',(#2296,#2297,#2298,#2299));
#2296 = ORIENTED_EDGE('',*,*,#2018,.F.);
#2297 = ORIENTED_EDGE('',*,*,#2130,.T.);
#2298 = ORIENTED_EDGE('',*,*,#2283,.F.);
#2299 = ORIENTED_EDGE('',*,*,#1839,.T.);
#2300 = CYLINDRICAL_SURFACE('',#2301,3.);
#2301 = AXIS2_PLACEMENT_3D('',#2302,#2303,#2304);
#2302 = CARTESIAN_POINT('',(207.86006140188,-26.2286616995,
    12.223999999952));
#2303 = DIRECTION('',(5.850947175887E-14,-7.877648834628E-17,1.));
#2304 = DIRECTION('',(-0.707124023321,0.707089538631,4.142915510334E-14)
  );
#2305 = ADVANCED_FACE('',(#2306),#2332,.T.);
#2306 = FACE_BOUND('',#2307,.T.);
#2307 = EDGE_LOOP('',(#2308,#2309,#2317,#2325,#2331));
#2308 = ORIENTED_EDGE('',*,*,#2049,.F.);
#2309 = ORIENTED_EDGE('',*,*,#2310,.T.);
#2310 = EDGE_CURVE('',#2042,#2311,#2313,.T.);
#2311 = VERTEX_POINT('',#2312);
#2312 = CARTESIAN_POINT('',(208.1601345203,-45.22866164566,28.526));
#2313 = LINE('',#2314,#2315);
#2314 = CARTESIAN_POINT('',(208.1601345203,-100.2287003371,28.526));
#2315 = VECTOR('',#2316,1.);
#2316 = DIRECTION('',(-2.71884566788E-14,-1.,-4.395989713481E-16));
#2317 = ORIENTED_EDGE('',*,*,#2318,.T.);
#2318 = EDGE_CURVE('',#2311,#2319,#2321,.T.);
#2319 = VERTEX_POINT('',#2320);
#2320 = CARTESIAN_POINT('',(209.1601345203,-45.22866164566,29.526));
#2321 = LINE('',#2322,#2323);
#2322 = CARTESIAN_POINT('',(208.1601345203,-45.22866164566,28.526));
#2323 = VECTOR('',#2324,1.);
#2324 = DIRECTION('',(0.707106781187,-2.512147933894E-14,0.707106781187)
  );
#2325 = ORIENTED_EDGE('',*,*,#2326,.T.);
#2326 = EDGE_CURVE('',#2319,#1913,#2327,.T.);
#2327 = LINE('',#2328,#2329);
#2328 = CARTESIAN_POINT('',(209.1601345203,-100.2287003371,29.526));
#2329 = VECTOR('',#2330,1.);
#2330 = DIRECTION('',(2.71884566788E-14,1.,4.395989713481E-16));
#2331 = ORIENTED_EDGE('',*,*,#1912,.T.);
#2332 = PLANE('',#2333);
#2333 = AXIS2_PLACEMENT_3D('',#2334,#2335,#2336);
#2334 = CARTESIAN_POINT('',(208.6601345203,-100.2287003371,29.026));
#2335 = DIRECTION('',(-0.707106781187,1.891429867394E-14,0.707106781187)
  );
#2336 = DIRECTION('',(0.707106781187,0.,0.707106781187));
#2337 = ADVANCED_FACE('',(#2338),#2349,.T.);
#2338 = FACE_BOUND('',#2339,.T.);
#2339 = EDGE_LOOP('',(#2340,#2341,#2342,#2348));
#2340 = ORIENTED_EDGE('',*,*,#2041,.F.);
#2341 = ORIENTED_EDGE('',*,*,#85,.T.);
#2342 = ORIENTED_EDGE('',*,*,#2343,.F.);
#2343 = EDGE_CURVE('',#2311,#77,#2344,.T.);
#2344 = LINE('',#2345,#2346);
#2345 = CARTESIAN_POINT('',(208.1601345203,-45.22866164566,20.526));
#2346 = VECTOR('',#2347,1.);
#2347 = DIRECTION('',(2.6460451111E-14,4.395989713474E-16,-1.));
#2348 = ORIENTED_EDGE('',*,*,#2310,.F.);
#2349 = PLANE('',#2350);
#2350 = AXIS2_PLACEMENT_3D('',#2351,#2352,#2353);
#2351 = CARTESIAN_POINT('',(208.1601345203,-14.22866164566,20.526));
#2352 = DIRECTION('',(-1.,2.71884566788E-14,-2.6460451111E-14));
#2353 = DIRECTION('',(-2.6460451111E-14,-4.395989713474E-16,1.));
#2354 = ADVANCED_FACE('',(#2355),#2378,.T.);
#2355 = FACE_BOUND('',#2356,.T.);
#2356 = EDGE_LOOP('',(#2357,#2365,#2371,#2372));
#2357 = ORIENTED_EDGE('',*,*,#2358,.T.);
#2358 = EDGE_CURVE('',#381,#2359,#2361,.T.);
#2359 = VERTEX_POINT('',#2360);
#2360 = CARTESIAN_POINT('',(220.1601345203,-22.42866173059,28.526));
#2361 = LINE('',#2362,#2363);
#2362 = CARTESIAN_POINT('',(220.16013455139,-22.4286616995,
    16.999999999976));
#2363 = VECTOR('',#2364,1.);
#2364 = DIRECTION('',(-2.6460451111E-14,-7.877648834397E-17,1.));
#2365 = ORIENTED_EDGE('',*,*,#2366,.T.);
#2366 = EDGE_CURVE('',#2359,#2219,#2367,.T.);
#2367 = LINE('',#2368,#2369);
#2368 = CARTESIAN_POINT('',(206.06446143614,-36.52433481475,
    42.621673115246));
#2369 = VECTOR('',#2370,1.);
#2370 = DIRECTION('',(-0.57735026919,-0.57735026919,0.57735026919));
#2371 = ORIENTED_EDGE('',*,*,#2218,.T.);
#2372 = ORIENTED_EDGE('',*,*,#2373,.T.);
#2373 = EDGE_CURVE('',#2211,#381,#2374,.T.);
#2374 = LINE('',#2375,#2376);
#2375 = CARTESIAN_POINT('',(219.36013455139,-23.2286616995,
    18.173999999951));
#2376 = VECTOR('',#2377,1.);
#2377 = DIRECTION('',(0.57735026919,0.57735026919,0.57735026919));
#2378 = PLANE('',#2379);
#2379 = AXIS2_PLACEMENT_3D('',#2380,#2381,#2382);
#2380 = CARTESIAN_POINT('',(219.76013455139,-22.8286616995,
    16.999999999976));
#2381 = DIRECTION('',(0.707106781187,-0.707106781187,1.865466102474E-14)
  );
#2382 = DIRECTION('',(2.638167462266E-14,6.941975965945E-29,-1.));
#2383 = ADVANCED_FACE('',(#2384),#2400,.T.);
#2384 = FACE_BOUND('',#2385,.T.);
#2385 = EDGE_LOOP('',(#2386,#2387,#2393,#2394));
#2386 = ORIENTED_EDGE('',*,*,#422,.T.);
#2387 = ORIENTED_EDGE('',*,*,#2388,.T.);
#2388 = EDGE_CURVE('',#414,#1864,#2389,.T.);
#2389 = LINE('',#2390,#2391);
#2390 = CARTESIAN_POINT('',(220.45976878245,-39.0286616995,
    18.973999999951));
#2391 = VECTOR('',#2392,1.);
#2392 = DIRECTION('',(-1.556055985796E-26,0.707106781187,-0.707106781187
    ));
#2393 = ORIENTED_EDGE('',*,*,#1977,.T.);
#2394 = ORIENTED_EDGE('',*,*,#2395,.T.);
#2395 = EDGE_CURVE('',#1970,#423,#2396,.T.);
#2396 = LINE('',#2397,#2398);
#2397 = CARTESIAN_POINT('',(219.36013455139,-38.2286616995,
    18.173999999951));
#2398 = VECTOR('',#2399,1.);
#2399 = DIRECTION('',(0.57735026919,-0.57735026919,0.57735026919));
#2400 = PLANE('',#2401);
#2401 = AXIS2_PLACEMENT_3D('',#2402,#2403,#2404);
#2402 = CARTESIAN_POINT('',(214.17697166647,-38.6286616995,
    18.573999999951));
#2403 = DIRECTION('',(5.066488755704E-14,0.707106781187,0.707106781187)
  );
#2404 = DIRECTION('',(1.,2.212597066964E-26,-7.16509711193E-14));
#2405 = ADVANCED_FACE('',(#2406),#2417,.F.);
#2406 = FACE_BOUND('',#2407,.F.);
#2407 = EDGE_LOOP('',(#2408,#2409,#2410,#2411));
#2408 = ORIENTED_EDGE('',*,*,#413,.F.);
#2409 = ORIENTED_EDGE('',*,*,#2388,.T.);
#2410 = ORIENTED_EDGE('',*,*,#1863,.F.);
#2411 = ORIENTED_EDGE('',*,*,#2412,.F.);
#2412 = EDGE_CURVE('',#406,#1856,#2413,.T.);
#2413 = LINE('',#2414,#2415);
#2414 = CARTESIAN_POINT('',(224.25976877793,-35.22884702063,
    18.973999999951));
#2415 = VECTOR('',#2416,1.);
#2416 = DIRECTION('',(-0.707106780346,3.448469020473E-05,-0.707106781187
    ));
#2417 = CONICAL_SURFACE('',#2418,3.4,0.785398163397);
#2418 = AXIS2_PLACEMENT_3D('',#2419,#2420,#2421);
#2419 = CARTESIAN_POINT('',(220.45976878245,-35.2286616995,
    18.573999999951));
#2420 = DIRECTION('',(4.4408920985E-14,1.665334536937E-14,1.));
#2421 = DIRECTION('',(0.707089538631,-0.707124023321,-1.962510287104E-14
    ));
#2422 = ADVANCED_FACE('',(#2423),#2441,.T.);
#2423 = FACE_BOUND('',#2424,.T.);
#2424 = EDGE_LOOP('',(#2425,#2433,#2439,#2440));
#2425 = ORIENTED_EDGE('',*,*,#2426,.T.);
#2426 = EDGE_CURVE('',#397,#2427,#2429,.T.);
#2427 = VERTEX_POINT('',#2428);
#2428 = CARTESIAN_POINT('',(223.46020769733,-26.22880800565,
    18.173999999951));
#2429 = LINE('',#2430,#2431);
#2430 = CARTESIAN_POINT('',(224.26020769638,-26.22884702063,
    18.973999999951));
#2431 = VECTOR('',#2432,1.);
#2432 = DIRECTION('',(-0.707106780346,3.448469020473E-05,-0.707106781187
    ));
#2433 = ORIENTED_EDGE('',*,*,#2434,.T.);
#2434 = EDGE_CURVE('',#2427,#1856,#2435,.T.);
#2435 = LINE('',#2436,#2437);
#2436 = CARTESIAN_POINT('',(223.4600473695,-29.51632186247,
    18.173999999951));
#2437 = VECTOR('',#2438,1.);
#2438 = DIRECTION('',(-4.876871659646E-05,-0.999999998811,
    1.693306953811E-14));
#2439 = ORIENTED_EDGE('',*,*,#2412,.F.);
#2440 = ORIENTED_EDGE('',*,*,#405,.T.);
#2441 = PLANE('',#2442);
#2442 = AXIS2_PLACEMENT_3D('',#2443,#2444,#2445);
#2443 = CARTESIAN_POINT('',(223.86004736902,-29.51634136995,
    18.573999999951));
#2444 = DIRECTION('',(-0.707106780346,3.44846902271E-05,0.707106781187)
  );
#2445 = DIRECTION('',(0.707106781607,-2.371692252312E-20,0.707106780766)
  );
#2446 = ADVANCED_FACE('',(#2447),#2464,.F.);
#2447 = FACE_BOUND('',#2448,.F.);
#2448 = EDGE_LOOP('',(#2449,#2450,#2451,#2458));
#2449 = ORIENTED_EDGE('',*,*,#396,.F.);
#2450 = ORIENTED_EDGE('',*,*,#2426,.T.);
#2451 = ORIENTED_EDGE('',*,*,#2452,.F.);
#2452 = EDGE_CURVE('',#2203,#2427,#2453,.T.);
#2453 = CIRCLE('',#2454,3.);
#2454 = AXIS2_PLACEMENT_3D('',#2455,#2456,#2457);
#2455 = CARTESIAN_POINT('',(220.4602077009,-26.2286616995,
    18.173999999951));
#2456 = DIRECTION('',(-4.44625144405E-14,-1.693090117847E-14,-1.));
#2457 = DIRECTION('',(0.707124023321,0.707089538631,-4.341217520105E-14)
  );
#2458 = ORIENTED_EDGE('',*,*,#2459,.F.);
#2459 = EDGE_CURVE('',#389,#2203,#2460,.T.);
#2460 = LINE('',#2461,#2462);
#2461 = CARTESIAN_POINT('',(220.4602077009,-22.4286616995,
    18.973999999951));
#2462 = VECTOR('',#2463,1.);
#2463 = DIRECTION('',(-6.280369834735E-14,-0.707106781187,
    -0.707106781186));
#2464 = CONICAL_SURFACE('',#2465,3.4,0.785398163398);
#2465 = AXIS2_PLACEMENT_3D('',#2466,#2467,#2468);
#2466 = CARTESIAN_POINT('',(220.4602077009,-26.2286616995,
    18.573999999951));
#2467 = DIRECTION('',(4.440892098502E-14,1.665334536938E-14,1.));
#2468 = DIRECTION('',(0.707124023321,0.707089538631,-4.31780211722E-14)
  );
#2469 = ADVANCED_FACE('',(#2470),#2476,.T.);
#2470 = FACE_BOUND('',#2471,.T.);
#2471 = EDGE_LOOP('',(#2472,#2473,#2474,#2475));
#2472 = ORIENTED_EDGE('',*,*,#2210,.T.);
#2473 = ORIENTED_EDGE('',*,*,#2459,.F.);
#2474 = ORIENTED_EDGE('',*,*,#388,.T.);
#2475 = ORIENTED_EDGE('',*,*,#2373,.F.);
#2476 = PLANE('',#2477);
#2477 = AXIS2_PLACEMENT_3D('',#2478,#2479,#2480);
#2478 = CARTESIAN_POINT('',(214.17697166647,-22.8286616995,
    18.573999999951));
#2479 = DIRECTION('',(1.221460338192E-14,-0.707106781187,0.707106781187)
  );
#2480 = DIRECTION('',(1.,2.211177117334E-26,-1.727405776169E-14));
#2481 = ADVANCED_FACE('',(#2482),#2500,.T.);
#2482 = FACE_BOUND('',#2483,.T.);
#2483 = EDGE_LOOP('',(#2484,#2485,#2493,#2499));
#2484 = ORIENTED_EDGE('',*,*,#1969,.T.);
#2485 = ORIENTED_EDGE('',*,*,#2486,.T.);
#2486 = EDGE_CURVE('',#1962,#2487,#2489,.T.);
#2487 = VERTEX_POINT('',#2488);
#2488 = CARTESIAN_POINT('',(220.16013455139,-39.0286616995,28.526));
#2489 = LINE('',#2490,#2491);
#2490 = CARTESIAN_POINT('',(234.1434743333,-53.01200148142,
    14.542660218084));
#2491 = VECTOR('',#2492,1.);
#2492 = DIRECTION('',(0.57735026919,-0.57735026919,-0.57735026919));
#2493 = ORIENTED_EDGE('',*,*,#2494,.T.);
#2494 = EDGE_CURVE('',#2487,#423,#2495,.T.);
#2495 = LINE('',#2496,#2497);
#2496 = CARTESIAN_POINT('',(220.16013455139,-39.0286616995,20.526));
#2497 = VECTOR('',#2498,1.);
#2498 = DIRECTION('',(2.6460451111E-14,4.395989713474E-16,-1.));
#2499 = ORIENTED_EDGE('',*,*,#2395,.F.);
#2500 = PLANE('',#2501);
#2501 = AXIS2_PLACEMENT_3D('',#2502,#2503,#2504);
#2502 = CARTESIAN_POINT('',(219.76013455139,-38.6286616995,20.526));
#2503 = DIRECTION('',(0.707106781187,0.707106781187,1.902120782749E-14)
  );
#2504 = DIRECTION('',(2.690005008235E-14,3.155443620884E-30,-1.));
#2505 = ADVANCED_FACE('',(#2506),#2532,.T.);
#2506 = FACE_BOUND('',#2507,.T.);
#2507 = EDGE_LOOP('',(#2508,#2509,#2517,#2525,#2531));
#2508 = ORIENTED_EDGE('',*,*,#2366,.F.);
#2509 = ORIENTED_EDGE('',*,*,#2510,.T.);
#2510 = EDGE_CURVE('',#2359,#2511,#2513,.T.);
#2511 = VERTEX_POINT('',#2512);
#2512 = CARTESIAN_POINT('',(220.1601345203,-12.22866164566,28.526));
#2513 = LINE('',#2514,#2515);
#2514 = CARTESIAN_POINT('',(220.1601345203,-116.7287003371,28.526));
#2515 = VECTOR('',#2516,1.);
#2516 = DIRECTION('',(2.718845667878E-14,1.,4.395989713481E-16));
#2517 = ORIENTED_EDGE('',*,*,#2518,.T.);
#2518 = EDGE_CURVE('',#2511,#2519,#2521,.T.);
#2519 = VERTEX_POINT('',#2520);
#2520 = CARTESIAN_POINT('',(219.1601345203,-12.22866164566,29.526));
#2521 = LINE('',#2522,#2523);
#2522 = CARTESIAN_POINT('',(220.1601345203,-12.22866164566,28.526));
#2523 = VECTOR('',#2524,1.);
#2524 = DIRECTION('',(-0.707106781187,2.512147933892E-14,0.707106781187)
  );
#2525 = ORIENTED_EDGE('',*,*,#2526,.T.);
#2526 = EDGE_CURVE('',#2519,#2227,#2527,.T.);
#2527 = LINE('',#2528,#2529);
#2528 = CARTESIAN_POINT('',(219.1601345203,-116.7287003371,29.526));
#2529 = VECTOR('',#2530,1.);
#2530 = DIRECTION('',(-2.718845667878E-14,-1.,-4.395989713481E-16));
#2531 = ORIENTED_EDGE('',*,*,#2226,.T.);
#2532 = PLANE('',#2533);
#2533 = AXIS2_PLACEMENT_3D('',#2534,#2535,#2536);
#2534 = CARTESIAN_POINT('',(219.6601345203,-116.7287003371,29.026));
#2535 = DIRECTION('',(0.707106781187,-1.953598550121E-14,0.707106781187)
  );
#2536 = DIRECTION('',(0.707106781187,1.559735781803E-26,-0.707106781187)
  );
#2537 = ADVANCED_FACE('',(#2538),#2549,.T.);
#2538 = FACE_BOUND('',#2539,.T.);
#2539 = EDGE_LOOP('',(#2540,#2541,#2542,#2548));
#2540 = ORIENTED_EDGE('',*,*,#2358,.F.);
#2541 = ORIENTED_EDGE('',*,*,#380,.T.);
#2542 = ORIENTED_EDGE('',*,*,#2543,.F.);
#2543 = EDGE_CURVE('',#2511,#372,#2544,.T.);
#2544 = LINE('',#2545,#2546);
#2545 = CARTESIAN_POINT('',(220.1601345203,-12.22866164566,20.526));
#2546 = VECTOR('',#2547,1.);
#2547 = DIRECTION('',(2.6460451111E-14,4.395989713474E-16,-1.));
#2548 = ORIENTED_EDGE('',*,*,#2510,.F.);
#2549 = PLANE('',#2550);
#2550 = AXIS2_PLACEMENT_3D('',#2551,#2552,#2553);
#2551 = CARTESIAN_POINT('',(220.1601345203,-43.22866164566,20.526));
#2552 = DIRECTION('',(1.,-2.718845667878E-14,2.6460451111E-14));
#2553 = DIRECTION('',(2.6460451111E-14,4.395989713474E-16,-1.));
#2554 = ADVANCED_FACE('',(#2555),#2566,.F.);
#2555 = FACE_BOUND('',#2556,.F.);
#2556 = EDGE_LOOP('',(#2557,#2558,#2559,#2565));
#2557 = ORIENTED_EDGE('',*,*,#2202,.F.);
#2558 = ORIENTED_EDGE('',*,*,#2452,.T.);
#2559 = ORIENTED_EDGE('',*,*,#2560,.F.);
#2560 = EDGE_CURVE('',#1765,#2427,#2561,.T.);
#2561 = LINE('',#2562,#2563);
#2562 = CARTESIAN_POINT('',(223.46020769733,-26.22880800565,
    12.223999999951));
#2563 = VECTOR('',#2564,1.);
#2564 = DIRECTION('',(4.074440534231E-14,-7.87764883458E-17,1.));
#2565 = ORIENTED_EDGE('',*,*,#1797,.T.);
#2566 = CYLINDRICAL_SURFACE('',#2567,3.);
#2567 = AXIS2_PLACEMENT_3D('',#2568,#2569,#2570);
#2568 = CARTESIAN_POINT('',(220.4602077009,-26.2286616995,
    12.223999999951));
#2569 = DIRECTION('',(4.074440534231E-14,-7.87764883458E-17,1.));
#2570 = DIRECTION('',(0.707124023321,0.707089538631,-2.875564580269E-14)
  );
#2571 = ADVANCED_FACE('',(#2572),#2578,.T.);
#2572 = FACE_BOUND('',#2573,.T.);
#2573 = EDGE_LOOP('',(#2574,#2575,#2576,#2577));
#2574 = ORIENTED_EDGE('',*,*,#1774,.F.);
#2575 = ORIENTED_EDGE('',*,*,#1855,.F.);
#2576 = ORIENTED_EDGE('',*,*,#2434,.F.);
#2577 = ORIENTED_EDGE('',*,*,#2560,.F.);
#2578 = PLANE('',#2579);
#2579 = AXIS2_PLACEMENT_3D('',#2580,#2581,#2582);
#2580 = CARTESIAN_POINT('',(223.46013455139,-27.72866169951,
    10.973999999951));
#2581 = DIRECTION('',(-0.999999998811,4.876871659646E-05,
    4.074440913568E-14));
#2582 = DIRECTION('',(4.876871659646E-05,0.999999998811,
    -1.528056514068E-14));
#2583 = ADVANCED_FACE('',(#2584),#2602,.T.);
#2584 = FACE_BOUND('',#2585,.T.);
#2585 = EDGE_LOOP('',(#2586,#2587,#2595,#2601));
#2586 = ORIENTED_EDGE('',*,*,#2494,.F.);
#2587 = ORIENTED_EDGE('',*,*,#2588,.F.);
#2588 = EDGE_CURVE('',#2589,#2487,#2591,.T.);
#2589 = VERTEX_POINT('',#2590);
#2590 = CARTESIAN_POINT('',(220.1601345203,-45.22866164566,28.526));
#2591 = LINE('',#2592,#2593);
#2592 = CARTESIAN_POINT('',(220.1601345203,-112.7287003371,28.526));
#2593 = VECTOR('',#2594,1.);
#2594 = DIRECTION('',(2.71884566788E-14,1.,4.395989713481E-16));
#2595 = ORIENTED_EDGE('',*,*,#2596,.F.);
#2596 = EDGE_CURVE('',#431,#2589,#2597,.T.);
#2597 = LINE('',#2598,#2599);
#2598 = CARTESIAN_POINT('',(220.1601345203,-45.22866164566,20.526));
#2599 = VECTOR('',#2600,1.);
#2600 = DIRECTION('',(-2.6460451111E-14,-4.395989713474E-16,1.));
#2601 = ORIENTED_EDGE('',*,*,#430,.T.);
#2602 = PLANE('',#2603);
#2603 = AXIS2_PLACEMENT_3D('',#2604,#2605,#2606);
#2604 = CARTESIAN_POINT('',(220.1601345203,-39.22866164566,20.526));
#2605 = DIRECTION('',(1.,-2.71884566788E-14,2.6460451111E-14));
#2606 = DIRECTION('',(2.6460451111E-14,4.395989713474E-16,-1.));
#2607 = ADVANCED_FACE('',(#2608),#2626,.T.);
#2608 = FACE_BOUND('',#2609,.T.);
#2609 = EDGE_LOOP('',(#2610,#2611,#2619,#2625));
#2610 = ORIENTED_EDGE('',*,*,#2186,.F.);
#2611 = ORIENTED_EDGE('',*,*,#2612,.F.);
#2612 = EDGE_CURVE('',#2613,#2179,#2615,.T.);
#2613 = VERTEX_POINT('',#2614);
#2614 = CARTESIAN_POINT('',(208.1601345203,-12.22866164566,28.526));
#2615 = LINE('',#2616,#2617);
#2616 = CARTESIAN_POINT('',(208.1601345203,-104.2287003371,28.526));
#2617 = VECTOR('',#2618,1.);
#2618 = DIRECTION('',(-2.718845667878E-14,-1.,-4.395989713481E-16));
#2619 = ORIENTED_EDGE('',*,*,#2620,.F.);
#2620 = EDGE_CURVE('',#136,#2613,#2621,.T.);
#2621 = LINE('',#2622,#2623);
#2622 = CARTESIAN_POINT('',(208.1601345203,-12.22866164566,20.526));
#2623 = VECTOR('',#2624,1.);
#2624 = DIRECTION('',(-2.6460451111E-14,-4.395989713474E-16,1.));
#2625 = ORIENTED_EDGE('',*,*,#135,.T.);
#2626 = PLANE('',#2627);
#2627 = AXIS2_PLACEMENT_3D('',#2628,#2629,#2630);
#2628 = CARTESIAN_POINT('',(208.1601345203,-18.22866164566,20.526));
#2629 = DIRECTION('',(-1.,2.718845667878E-14,-2.6460451111E-14));
#2630 = DIRECTION('',(-2.6460451111E-14,-4.395989713474E-16,1.));
#2631 = ADVANCED_FACE('',(#2632),#2667,.F.);
#2632 = FACE_BOUND('',#2633,.T.);
#2633 = EDGE_LOOP('',(#2634,#2645,#2653,#2661));
#2634 = ORIENTED_EDGE('',*,*,#2635,.F.);
#2635 = EDGE_CURVE('',#2636,#2638,#2640,.T.);
#2636 = VERTEX_POINT('',#2637);
#2637 = CARTESIAN_POINT('',(211.76013732539,-43.42872168244,27.826));
#2638 = VERTEX_POINT('',#2639);
#2639 = CARTESIAN_POINT('',(216.56013732539,-43.42872168244,27.826));
#2640 = CIRCLE('',#2641,2.6);
#2641 = AXIS2_PLACEMENT_3D('',#2642,#2643,#2644);
#2642 = CARTESIAN_POINT('',(214.16013732539,-43.42872168244,26.826));
#2643 = DIRECTION('',(2.274086837209E-15,-1.,-4.395989713474E-16));
#2644 = DIRECTION('',(1.633174732829E-13,4.395989713477E-16,-1.));
#2645 = ORIENTED_EDGE('',*,*,#2646,.T.);
#2646 = EDGE_CURVE('',#2636,#2647,#2649,.T.);
#2647 = VERTEX_POINT('',#2648);
#2648 = CARTESIAN_POINT('',(211.76013732539,-43.42872168244,29.526));
#2649 = LINE('',#2650,#2651);
#2650 = CARTESIAN_POINT('',(211.76013732539,-43.42872168244,
    27.183071421427));
#2651 = VECTOR('',#2652,1.);
#2652 = DIRECTION('',(5.888794390706E-14,-4.395989713472E-16,1.));
#2653 = ORIENTED_EDGE('',*,*,#2654,.F.);
#2654 = EDGE_CURVE('',#2655,#2647,#2657,.T.);
#2655 = VERTEX_POINT('',#2656);
#2656 = CARTESIAN_POINT('',(216.56013732539,-43.42872168244,29.526));
#2657 = LINE('',#2658,#2659);
#2658 = CARTESIAN_POINT('',(205.22795608239,-43.42872168244,29.526));
#2659 = VECTOR('',#2660,1.);
#2660 = DIRECTION('',(-1.,-2.274086837209E-15,-2.6460451111E-14));
#2661 = ORIENTED_EDGE('',*,*,#2662,.T.);
#2662 = EDGE_CURVE('',#2655,#2638,#2663,.T.);
#2663 = LINE('',#2664,#2665);
#2664 = CARTESIAN_POINT('',(216.56013732539,-43.42872168244,28.076));
#2665 = VECTOR('',#2666,1.);
#2666 = DIRECTION('',(-5.888794390706E-14,4.395989713472E-16,-1.));
#2667 = PLANE('',#2668);
#2668 = AXIS2_PLACEMENT_3D('',#2669,#2670,#2671);
#2669 = CARTESIAN_POINT('',(211.66013732539,-43.42872168244,26.826));
#2670 = DIRECTION('',(2.274086837209E-15,-1.,-4.395989713474E-16));
#2671 = DIRECTION('',(-2.637718438415E-14,-4.395989713474E-16,1.));
#2672 = ADVANCED_FACE('',(#2673),#2723,.T.);
#2673 = FACE_BOUND('',#2674,.T.);
#2674 = EDGE_LOOP('',(#2675,#2681,#2682,#2683,#2692,#2700,#2709,#2715,
    #2716,#2722));
#2675 = ORIENTED_EDGE('',*,*,#2676,.F.);
#2676 = EDGE_CURVE('',#1921,#2647,#2677,.T.);
#2677 = LINE('',#2678,#2679);
#2678 = CARTESIAN_POINT('',(211.76013732539,-113.978700391,29.526));
#2679 = VECTOR('',#2680,1.);
#2680 = DIRECTION('',(-2.733084803634E-14,-1.,-4.395989713481E-16));
#2681 = ORIENTED_EDGE('',*,*,#1920,.F.);
#2682 = ORIENTED_EDGE('',*,*,#2326,.F.);
#2683 = ORIENTED_EDGE('',*,*,#2684,.F.);
#2684 = EDGE_CURVE('',#2685,#2319,#2687,.T.);
#2685 = VERTEX_POINT('',#2686);
#2686 = CARTESIAN_POINT('',(211.1601345203,-47.22866164566,29.526));
#2687 = CIRCLE('',#2688,2.);
#2688 = AXIS2_PLACEMENT_3D('',#2689,#2690,#2691);
#2689 = CARTESIAN_POINT('',(211.1601345203,-45.22866164566,29.526));
#2690 = DIRECTION('',(2.6460451111E-14,4.395989713474E-16,-1.));
#2691 = DIRECTION('',(-0.707106781187,-0.707106781187,
    -1.902120782749E-14));
#2692 = ORIENTED_EDGE('',*,*,#2693,.F.);
#2693 = EDGE_CURVE('',#2694,#2685,#2696,.T.);
#2694 = VERTEX_POINT('',#2695);
#2695 = CARTESIAN_POINT('',(217.1601345203,-47.22866164566,29.526));
#2696 = LINE('',#2697,#2698);
#2697 = CARTESIAN_POINT('',(206.4779546643,-47.22866164566,29.526));
#2698 = VECTOR('',#2699,1.);
#2699 = DIRECTION('',(-1.,2.71884566788E-14,-2.6460451111E-14));
#2700 = ORIENTED_EDGE('',*,*,#2701,.F.);
#2701 = EDGE_CURVE('',#2702,#2694,#2704,.T.);
#2702 = VERTEX_POINT('',#2703);
#2703 = CARTESIAN_POINT('',(219.1601345203,-45.22866164566,29.526));
#2704 = CIRCLE('',#2705,2.);
#2705 = AXIS2_PLACEMENT_3D('',#2706,#2707,#2708);
#2706 = CARTESIAN_POINT('',(217.1601345203,-45.22866164566,29.526));
#2707 = DIRECTION('',(2.6460451111E-14,4.395989713474E-16,-1.));
#2708 = DIRECTION('',(0.707106781187,-0.707106781187,1.83995210002E-14)
  );
#2709 = ORIENTED_EDGE('',*,*,#2710,.F.);
#2710 = EDGE_CURVE('',#1954,#2702,#2711,.T.);
#2711 = LINE('',#2712,#2713);
#2712 = CARTESIAN_POINT('',(219.1601345203,-112.7287003371,29.526));
#2713 = VECTOR('',#2714,1.);
#2714 = DIRECTION('',(-2.71884566788E-14,-1.,-4.395989713481E-16));
#2715 = ORIENTED_EDGE('',*,*,#1953,.F.);
#2716 = ORIENTED_EDGE('',*,*,#2717,.F.);
#2717 = EDGE_CURVE('',#2655,#1946,#2718,.T.);
#2718 = LINE('',#2719,#2720);
#2719 = CARTESIAN_POINT('',(216.56013732539,-113.978700391,29.526));
#2720 = VECTOR('',#2721,1.);
#2721 = DIRECTION('',(2.733084803634E-14,1.,4.395989713481E-16));
#2722 = ORIENTED_EDGE('',*,*,#2654,.T.);
#2723 = PLANE('',#2724);
#2724 = AXIS2_PLACEMENT_3D('',#2725,#2726,#2727);
#2725 = CARTESIAN_POINT('',(198.7957748083,-186.2287390286,29.526));
#2726 = DIRECTION('',(-2.6460451111E-14,-4.395989713474E-16,1.));
#2727 = DIRECTION('',(1.,-2.71884566788E-14,2.6460451111E-14));
#2728 = ADVANCED_FACE('',(#2729),#2748,.F.);
#2729 = FACE_BOUND('',#2730,.F.);
#2730 = EDGE_LOOP('',(#2731,#2739,#2740,#2741));
#2731 = ORIENTED_EDGE('',*,*,#2732,.T.);
#2732 = EDGE_CURVE('',#2733,#918,#2735,.T.);
#2733 = VERTEX_POINT('',#2734);
#2734 = CARTESIAN_POINT('',(179.26013455398,-17.83518688919,
    11.373999999952));
#2735 = LINE('',#2736,#2737);
#2736 = CARTESIAN_POINT('',(179.06013455398,-17.83518688919,
    11.173999999952));
#2737 = VECTOR('',#2738,1.);
#2738 = DIRECTION('',(-0.707106781187,-1.170118210334E-14,
    -0.707106781187));
#2739 = ORIENTED_EDGE('',*,*,#917,.F.);
#2740 = ORIENTED_EDGE('',*,*,#2732,.F.);
#2741 = ORIENTED_EDGE('',*,*,#2742,.F.);
#2742 = EDGE_CURVE('',#2733,#2733,#2743,.T.);
#2743 = CIRCLE('',#2744,2.7);
#2744 = AXIS2_PLACEMENT_3D('',#2745,#2746,#2747);
#2745 = CARTESIAN_POINT('',(181.96013455398,-17.83518688919,
    11.373999999952));
#2746 = DIRECTION('',(4.44625144405E-14,1.657007869547E-14,1.));
#2747 = DIRECTION('',(1.,1.708973687386E-17,-4.44625144405E-14));
#2748 = CONICAL_SURFACE('',#2749,2.9,0.785398163397);
#2749 = AXIS2_PLACEMENT_3D('',#2750,#2751,#2752);
#2750 = CARTESIAN_POINT('',(181.96013455398,-17.83518688919,
    11.173999999952));
#2751 = DIRECTION('',(-8.881784197001E-14,-1.665334536938E-14,-1.));
#2752 = DIRECTION('',(1.,1.708973687312E-17,-8.881784197001E-14));
#2753 = ADVANCED_FACE('',(#2754),#2773,.F.);
#2754 = FACE_BOUND('',#2755,.F.);
#2755 = EDGE_LOOP('',(#2756,#2764,#2771,#2772));
#2756 = ORIENTED_EDGE('',*,*,#2757,.T.);
#2757 = EDGE_CURVE('',#2733,#2758,#2760,.T.);
#2758 = VERTEX_POINT('',#2759);
#2759 = CARTESIAN_POINT('',(179.26013455398,-17.83518688919,
    14.673999999952));
#2760 = LINE('',#2761,#2762);
#2761 = CARTESIAN_POINT('',(179.26013455398,-17.83518688919,
    10.973999999952));
#2762 = VECTOR('',#2763,1.);
#2763 = DIRECTION('',(4.218544365115E-14,1.52794443764E-14,1.));
#2764 = ORIENTED_EDGE('',*,*,#2765,.T.);
#2765 = EDGE_CURVE('',#2758,#2758,#2766,.T.);
#2766 = CIRCLE('',#2767,2.7);
#2767 = AXIS2_PLACEMENT_3D('',#2768,#2769,#2770);
#2768 = CARTESIAN_POINT('',(181.96013455398,-17.83518688919,
    14.673999999952));
#2769 = DIRECTION('',(-4.446251438756E-14,-1.659499438137E-14,-1.));
#2770 = DIRECTION('',(1.,1.708973687386E-17,-4.446251438756E-14));
#2771 = ORIENTED_EDGE('',*,*,#2757,.F.);
#2772 = ORIENTED_EDGE('',*,*,#2742,.T.);
#2773 = CYLINDRICAL_SURFACE('',#2774,2.7);
#2774 = AXIS2_PLACEMENT_3D('',#2775,#2776,#2777);
#2775 = CARTESIAN_POINT('',(181.96013455398,-17.83518688919,
    10.973999999952));
#2776 = DIRECTION('',(4.218544365115E-14,1.52794443764E-14,1.));
#2777 = DIRECTION('',(1.,1.70897368739E-17,-4.218544365115E-14));
#2778 = ADVANCED_FACE('',(#2779),#2798,.F.);
#2779 = FACE_BOUND('',#2780,.F.);
#2780 = EDGE_LOOP('',(#2781,#2789,#2790,#2791));
#2781 = ORIENTED_EDGE('',*,*,#2782,.T.);
#2782 = EDGE_CURVE('',#2783,#907,#2785,.T.);
#2783 = VERTEX_POINT('',#2784);
#2784 = CARTESIAN_POINT('',(191.46013448668,-38.96620670267,
    11.373999999952));
#2785 = LINE('',#2786,#2787);
#2786 = CARTESIAN_POINT('',(191.26013448668,-38.96620670267,
    11.173999999952));
#2787 = VECTOR('',#2788,1.);
#2788 = DIRECTION('',(-0.707106781187,-7.77595095661E-15,-0.707106781187
    ));
#2789 = ORIENTED_EDGE('',*,*,#906,.F.);
#2790 = ORIENTED_EDGE('',*,*,#2782,.F.);
#2791 = ORIENTED_EDGE('',*,*,#2792,.F.);
#2792 = EDGE_CURVE('',#2783,#2783,#2793,.T.);
#2793 = CIRCLE('',#2794,2.7);
#2794 = AXIS2_PLACEMENT_3D('',#2795,#2796,#2797);
#2795 = CARTESIAN_POINT('',(194.16013448668,-38.96620670267,
    11.373999999952));
#2796 = DIRECTION('',(4.44625144405E-14,1.657007869547E-14,1.));
#2797 = DIRECTION('',(1.,1.70897368518E-17,-4.44625144405E-14));
#2798 = CONICAL_SURFACE('',#2799,2.9,0.785398163397);
#2799 = AXIS2_PLACEMENT_3D('',#2800,#2801,#2802);
#2800 = CARTESIAN_POINT('',(194.16013448668,-38.96620670267,
    11.173999999952));
#2801 = DIRECTION('',(-8.881784196999E-14,-1.110223024625E-14,-1.));
#2802 = DIRECTION('',(1.,1.708973685132E-17,-8.881784196999E-14));
#2803 = ADVANCED_FACE('',(#2804),#2823,.F.);
#2804 = FACE_BOUND('',#2805,.F.);
#2805 = EDGE_LOOP('',(#2806,#2814,#2821,#2822));
#2806 = ORIENTED_EDGE('',*,*,#2807,.T.);
#2807 = EDGE_CURVE('',#2783,#2808,#2810,.T.);
#2808 = VERTEX_POINT('',#2809);
#2809 = CARTESIAN_POINT('',(191.46013448668,-38.96620670267,
    14.673999999952));
#2810 = LINE('',#2811,#2812);
#2811 = CARTESIAN_POINT('',(191.46013448668,-38.96620670267,
    10.973999999952));
#2812 = VECTOR('',#2813,1.);
#2813 = DIRECTION('',(4.218544365115E-14,1.52794443764E-14,1.));
#2814 = ORIENTED_EDGE('',*,*,#2815,.T.);
#2815 = EDGE_CURVE('',#2808,#2808,#2816,.T.);
#2816 = CIRCLE('',#2817,2.7);
#2817 = AXIS2_PLACEMENT_3D('',#2818,#2819,#2820);
#2818 = CARTESIAN_POINT('',(194.16013448668,-38.96620670267,
    14.673999999952));
#2819 = DIRECTION('',(-4.446251438756E-14,-1.659499438137E-14,-1.));
#2820 = DIRECTION('',(1.,1.708973685181E-17,-4.446251438756E-14));
#2821 = ORIENTED_EDGE('',*,*,#2807,.F.);
#2822 = ORIENTED_EDGE('',*,*,#2792,.T.);
#2823 = CYLINDRICAL_SURFACE('',#2824,2.7);
#2824 = AXIS2_PLACEMENT_3D('',#2825,#2826,#2827);
#2825 = CARTESIAN_POINT('',(194.16013448668,-38.96620670267,
    10.973999999952));
#2826 = DIRECTION('',(4.218544365115E-14,1.52794443764E-14,1.));
#2827 = DIRECTION('',(1.,1.708973685184E-17,-4.218544365115E-14));
#2828 = ADVANCED_FACE('',(#2829),#2848,.F.);
#2829 = FACE_BOUND('',#2830,.F.);
#2830 = EDGE_LOOP('',(#2831,#2839,#2840,#2841));
#2831 = ORIENTED_EDGE('',*,*,#2832,.T.);
#2832 = EDGE_CURVE('',#2833,#885,#2835,.T.);
#2833 = VERTEX_POINT('',#2834);
#2834 = CARTESIAN_POINT('',(231.46013455392,-38.96620666381,
    11.37399999995));
#2835 = LINE('',#2836,#2837);
#2836 = CARTESIAN_POINT('',(231.26013455392,-38.96620666381,
    11.17399999995));
#2837 = VECTOR('',#2838,1.);
#2838 = DIRECTION('',(-0.707106781187,-7.775950956612E-15,
    -0.707106781186));
#2839 = ORIENTED_EDGE('',*,*,#884,.F.);
#2840 = ORIENTED_EDGE('',*,*,#2832,.F.);
#2841 = ORIENTED_EDGE('',*,*,#2842,.F.);
#2842 = EDGE_CURVE('',#2833,#2833,#2843,.T.);
#2843 = CIRCLE('',#2844,2.7);
#2844 = AXIS2_PLACEMENT_3D('',#2845,#2846,#2847);
#2845 = CARTESIAN_POINT('',(234.16013455392,-38.96620666381,
    11.37399999995));
#2846 = DIRECTION('',(4.44625144405E-14,1.657007869547E-14,1.));
#2847 = DIRECTION('',(1.,1.70897368518E-17,-4.44625144405E-14));
#2848 = CONICAL_SURFACE('',#2849,2.9,0.785398163397);
#2849 = AXIS2_PLACEMENT_3D('',#2850,#2851,#2852);
#2850 = CARTESIAN_POINT('',(234.16013455392,-38.96620666381,
    11.17399999995));
#2851 = DIRECTION('',(-8.881784197001E-14,-1.110223024625E-14,-1.));
#2852 = DIRECTION('',(1.,1.708973685132E-17,-8.881784197001E-14));
#2853 = ADVANCED_FACE('',(#2854),#2873,.F.);
#2854 = FACE_BOUND('',#2855,.F.);
#2855 = EDGE_LOOP('',(#2856,#2864,#2871,#2872));
#2856 = ORIENTED_EDGE('',*,*,#2857,.T.);
#2857 = EDGE_CURVE('',#2833,#2858,#2860,.T.);
#2858 = VERTEX_POINT('',#2859);
#2859 = CARTESIAN_POINT('',(231.46013455392,-38.96620666381,
    14.67399999995));
#2860 = LINE('',#2861,#2862);
#2861 = CARTESIAN_POINT('',(231.46013455392,-38.96620666381,
    10.97399999995));
#2862 = VECTOR('',#2863,1.);
#2863 = DIRECTION('',(4.218544365115E-14,1.52794443764E-14,1.));
#2864 = ORIENTED_EDGE('',*,*,#2865,.T.);
#2865 = EDGE_CURVE('',#2858,#2858,#2866,.T.);
#2866 = CIRCLE('',#2867,2.7);
#2867 = AXIS2_PLACEMENT_3D('',#2868,#2869,#2870);
#2868 = CARTESIAN_POINT('',(234.16013455392,-38.96620666381,
    14.67399999995));
#2869 = DIRECTION('',(-4.446251438756E-14,-1.659499438137E-14,-1.));
#2870 = DIRECTION('',(1.,1.708973685181E-17,-4.446251438756E-14));
#2871 = ORIENTED_EDGE('',*,*,#2857,.F.);
#2872 = ORIENTED_EDGE('',*,*,#2842,.T.);
#2873 = CYLINDRICAL_SURFACE('',#2874,2.7);
#2874 = AXIS2_PLACEMENT_3D('',#2875,#2876,#2877);
#2875 = CARTESIAN_POINT('',(234.16013455392,-38.96620666381,
    10.97399999995));
#2876 = DIRECTION('',(4.218544365115E-14,1.52794443764E-14,1.));
#2877 = DIRECTION('',(1.,1.708973685184E-17,-4.218544365115E-14));
#2878 = ADVANCED_FACE('',(#2879),#2898,.F.);
#2879 = FACE_BOUND('',#2880,.F.);
#2880 = EDGE_LOOP('',(#2881,#2889,#2890,#2891));
#2881 = ORIENTED_EDGE('',*,*,#2882,.T.);
#2882 = EDGE_CURVE('',#2883,#896,#2885,.T.);
#2883 = VERTEX_POINT('',#2884);
#2884 = CARTESIAN_POINT('',(243.66013455392,-17.83518688919,
    11.37399999995));
#2885 = LINE('',#2886,#2887);
#2886 = CARTESIAN_POINT('',(243.46013455392,-17.83518688919,
    11.17399999995));
#2887 = VECTOR('',#2888,1.);
#2888 = DIRECTION('',(-0.707106781186,-1.170118210333E-14,
    -0.707106781187));
#2889 = ORIENTED_EDGE('',*,*,#895,.F.);
#2890 = ORIENTED_EDGE('',*,*,#2882,.F.);
#2891 = ORIENTED_EDGE('',*,*,#2892,.F.);
#2892 = EDGE_CURVE('',#2883,#2883,#2893,.T.);
#2893 = CIRCLE('',#2894,2.7);
#2894 = AXIS2_PLACEMENT_3D('',#2895,#2896,#2897);
#2895 = CARTESIAN_POINT('',(246.36013455392,-17.83518688919,
    11.37399999995));
#2896 = DIRECTION('',(4.44625144405E-14,1.657007869547E-14,1.));
#2897 = DIRECTION('',(1.,1.708973687386E-17,-4.44625144405E-14));
#2898 = CONICAL_SURFACE('',#2899,2.9,0.785398163397);
#2899 = AXIS2_PLACEMENT_3D('',#2900,#2901,#2902);
#2900 = CARTESIAN_POINT('',(246.36013455392,-17.83518688919,
    11.17399999995));
#2901 = DIRECTION('',(-8.881784196996E-14,-1.665334536937E-14,-1.));
#2902 = DIRECTION('',(1.,1.708973687312E-17,-8.881784196996E-14));
#2903 = ADVANCED_FACE('',(#2904),#2923,.F.);
#2904 = FACE_BOUND('',#2905,.F.);
#2905 = EDGE_LOOP('',(#2906,#2914,#2921,#2922));
#2906 = ORIENTED_EDGE('',*,*,#2907,.T.);
#2907 = EDGE_CURVE('',#2883,#2908,#2910,.T.);
#2908 = VERTEX_POINT('',#2909);
#2909 = CARTESIAN_POINT('',(243.66013455392,-17.83518688919,
    14.67399999995));
#2910 = LINE('',#2911,#2912);
#2911 = CARTESIAN_POINT('',(243.66013455392,-17.83518688919,
    10.97399999995));
#2912 = VECTOR('',#2913,1.);
#2913 = DIRECTION('',(4.218544365115E-14,1.52794443764E-14,1.));
#2914 = ORIENTED_EDGE('',*,*,#2915,.T.);
#2915 = EDGE_CURVE('',#2908,#2908,#2916,.T.);
#2916 = CIRCLE('',#2917,2.7);
#2917 = AXIS2_PLACEMENT_3D('',#2918,#2919,#2920);
#2918 = CARTESIAN_POINT('',(246.36013455392,-17.83518688919,
    14.67399999995));
#2919 = DIRECTION('',(-4.446251438756E-14,-1.659499438137E-14,-1.));
#2920 = DIRECTION('',(1.,1.708973687386E-17,-4.446251438756E-14));
#2921 = ORIENTED_EDGE('',*,*,#2907,.F.);
#2922 = ORIENTED_EDGE('',*,*,#2892,.T.);
#2923 = CYLINDRICAL_SURFACE('',#2924,2.7);
#2924 = AXIS2_PLACEMENT_3D('',#2925,#2926,#2927);
#2925 = CARTESIAN_POINT('',(246.36013455392,-17.83518688919,
    10.97399999995));
#2926 = DIRECTION('',(4.218544365115E-14,1.52794443764E-14,1.));
#2927 = DIRECTION('',(1.,1.70897368739E-17,-4.218544365115E-14));
#2928 = ADVANCED_FACE('',(#2929),#2954,.T.);
#2929 = FACE_BOUND('',#2930,.T.);
#2930 = EDGE_LOOP('',(#2931,#2932,#2939,#2947));
#2931 = ORIENTED_EDGE('',*,*,#2518,.F.);
#2932 = ORIENTED_EDGE('',*,*,#2933,.T.);
#2933 = EDGE_CURVE('',#2511,#1237,#2934,.T.);
#2934 = CIRCLE('',#2935,3.);
#2935 = AXIS2_PLACEMENT_3D('',#2936,#2937,#2938);
#2936 = CARTESIAN_POINT('',(217.1601345203,-12.22866164566,28.526));
#2937 = DIRECTION('',(-2.6460451111E-14,-4.395989713474E-16,1.));
#2938 = DIRECTION('',(0.707106781187,0.707106781187,1.902120782749E-14)
  );
#2939 = ORIENTED_EDGE('',*,*,#2940,.T.);
#2940 = EDGE_CURVE('',#1237,#2941,#2943,.T.);
#2941 = VERTEX_POINT('',#2942);
#2942 = CARTESIAN_POINT('',(217.1601345203,-10.22866164566,29.526));
#2943 = LINE('',#2944,#2945);
#2944 = CARTESIAN_POINT('',(217.1601345203,-9.228661645663,28.526));
#2945 = VECTOR('',#2946,1.);
#2946 = DIRECTION('',(-5.024295867786E-14,-0.707106781187,0.707106781187
    ));
#2947 = ORIENTED_EDGE('',*,*,#2948,.T.);
#2948 = EDGE_CURVE('',#2941,#2519,#2949,.T.);
#2949 = CIRCLE('',#2950,2.);
#2950 = AXIS2_PLACEMENT_3D('',#2951,#2952,#2953);
#2951 = CARTESIAN_POINT('',(217.1601345203,-12.22866164566,29.526));
#2952 = DIRECTION('',(2.6460451111E-14,4.395989713474E-16,-1.));
#2953 = DIRECTION('',(0.707106781187,0.707106781187,1.902120782749E-14)
  );
#2954 = CONICAL_SURFACE('',#2955,2.5,0.785398163397);
#2955 = AXIS2_PLACEMENT_3D('',#2956,#2957,#2958);
#2956 = CARTESIAN_POINT('',(217.1601345203,-12.22866164566,29.026));
#2957 = DIRECTION('',(3.552713678801E-14,7.836020935977E-40,-1.));
#2958 = DIRECTION('',(0.707106781187,0.707106781187,2.512147933894E-14)
  );
#2959 = ADVANCED_FACE('',(#2960),#2978,.T.);
#2960 = FACE_BOUND('',#2961,.T.);
#2961 = EDGE_LOOP('',(#2962,#2970,#2976,#2977));
#2962 = ORIENTED_EDGE('',*,*,#2963,.T.);
#2963 = EDGE_CURVE('',#1229,#2964,#2966,.T.);
#2964 = VERTEX_POINT('',#2965);
#2965 = CARTESIAN_POINT('',(211.1601345203,-10.22866164566,29.526));
#2966 = LINE('',#2967,#2968);
#2967 = CARTESIAN_POINT('',(211.1601345203,-9.228661645663,28.526));
#2968 = VECTOR('',#2969,1.);
#2969 = DIRECTION('',(-5.024295867787E-14,-0.707106781187,0.707106781187
    ));
#2970 = ORIENTED_EDGE('',*,*,#2971,.T.);
#2971 = EDGE_CURVE('',#2964,#2941,#2972,.T.);
#2972 = LINE('',#2973,#2974);
#2973 = CARTESIAN_POINT('',(206.4779546643,-10.22866164566,29.526));
#2974 = VECTOR('',#2975,1.);
#2975 = DIRECTION('',(1.,-2.718845667878E-14,2.6460451111E-14));
#2976 = ORIENTED_EDGE('',*,*,#2940,.F.);
#2977 = ORIENTED_EDGE('',*,*,#1236,.T.);
#2978 = PLANE('',#2979);
#2979 = AXIS2_PLACEMENT_3D('',#2980,#2981,#2982);
#2980 = CARTESIAN_POINT('',(206.4779546643,-9.728661645663,29.026));
#2981 = DIRECTION('',(5.147776737201E-16,0.707106781187,0.707106781187)
  );
#2982 = DIRECTION('',(1.,2.205660021379E-26,-7.280055678039E-16));
#2983 = ADVANCED_FACE('',(#2984),#3009,.T.);
#2984 = FACE_BOUND('',#2985,.T.);
#2985 = EDGE_LOOP('',(#2986,#2987,#2994,#3002));
#2986 = ORIENTED_EDGE('',*,*,#2963,.F.);
#2987 = ORIENTED_EDGE('',*,*,#2988,.T.);
#2988 = EDGE_CURVE('',#1229,#2613,#2989,.T.);
#2989 = CIRCLE('',#2990,3.);
#2990 = AXIS2_PLACEMENT_3D('',#2991,#2992,#2993);
#2991 = CARTESIAN_POINT('',(211.1601345203,-12.22866164566,28.526));
#2992 = DIRECTION('',(-2.6460451111E-14,-4.395989713474E-16,1.));
#2993 = DIRECTION('',(-0.707106781187,0.707106781187,-1.83995210002E-14)
  );
#2994 = ORIENTED_EDGE('',*,*,#2995,.T.);
#2995 = EDGE_CURVE('',#2613,#2996,#2998,.T.);
#2996 = VERTEX_POINT('',#2997);
#2997 = CARTESIAN_POINT('',(209.1601345203,-12.22866164566,29.526));
#2998 = LINE('',#2999,#3000);
#2999 = CARTESIAN_POINT('',(208.1601345203,-12.22866164566,28.526));
#3000 = VECTOR('',#3001,1.);
#3001 = DIRECTION('',(0.707106781187,-1.884110950419E-14,0.707106781187)
  );
#3002 = ORIENTED_EDGE('',*,*,#3003,.T.);
#3003 = EDGE_CURVE('',#2996,#2964,#3004,.T.);
#3004 = CIRCLE('',#3005,2.);
#3005 = AXIS2_PLACEMENT_3D('',#3006,#3007,#3008);
#3006 = CARTESIAN_POINT('',(211.1601345203,-12.22866164566,29.526));
#3007 = DIRECTION('',(2.6460451111E-14,4.395989713474E-16,-1.));
#3008 = DIRECTION('',(-0.707106781187,0.707106781187,-1.83995210002E-14)
  );
#3009 = CONICAL_SURFACE('',#3010,2.5,0.785398163397);
#3010 = AXIS2_PLACEMENT_3D('',#3011,#3012,#3013);
#3011 = CARTESIAN_POINT('',(211.1601345203,-12.22866164566,29.026));
#3012 = DIRECTION('',(3.5527136788E-14,7.836020935977E-40,-1.));
#3013 = DIRECTION('',(-0.707106781187,0.707106781187,-2.512147933894E-14
    ));
#3014 = ADVANCED_FACE('',(#3015),#3027,.T.);
#3015 = FACE_BOUND('',#3016,.T.);
#3016 = EDGE_LOOP('',(#3017,#3018,#3019,#3025,#3026));
#3017 = ORIENTED_EDGE('',*,*,#2178,.F.);
#3018 = ORIENTED_EDGE('',*,*,#2275,.T.);
#3019 = ORIENTED_EDGE('',*,*,#3020,.T.);
#3020 = EDGE_CURVE('',#2268,#2996,#3021,.T.);
#3021 = LINE('',#3022,#3023);
#3022 = CARTESIAN_POINT('',(209.1601345203,-104.2287003371,29.526));
#3023 = VECTOR('',#3024,1.);
#3024 = DIRECTION('',(2.718845667878E-14,1.,4.395989713481E-16));
#3025 = ORIENTED_EDGE('',*,*,#2995,.F.);
#3026 = ORIENTED_EDGE('',*,*,#2612,.T.);
#3027 = PLANE('',#3028);
#3028 = AXIS2_PLACEMENT_3D('',#3029,#3030,#3031);
#3029 = CARTESIAN_POINT('',(208.6601345203,-104.2287003371,29.026));
#3030 = DIRECTION('',(-0.707106781187,1.891429867392E-14,0.707106781187)
  );
#3031 = DIRECTION('',(0.707106781187,1.559735781803E-26,0.707106781187)
  );
#3032 = ADVANCED_FACE('',(#3033),#3050,.T.);
#3033 = FACE_BOUND('',#3034,.T.);
#3034 = EDGE_LOOP('',(#3035,#3036,#3043,#3049));
#3035 = ORIENTED_EDGE('',*,*,#2318,.F.);
#3036 = ORIENTED_EDGE('',*,*,#3037,.T.);
#3037 = EDGE_CURVE('',#2311,#1158,#3038,.T.);
#3038 = CIRCLE('',#3039,3.);
#3039 = AXIS2_PLACEMENT_3D('',#3040,#3041,#3042);
#3040 = CARTESIAN_POINT('',(211.1601345203,-45.22866164566,28.526));
#3041 = DIRECTION('',(-2.6460451111E-14,-4.395989713474E-16,1.));
#3042 = DIRECTION('',(-0.707106781187,-0.707106781187,
    -1.902120782749E-14));
#3043 = ORIENTED_EDGE('',*,*,#3044,.T.);
#3044 = EDGE_CURVE('',#1158,#2685,#3045,.T.);
#3045 = LINE('',#3046,#3047);
#3046 = CARTESIAN_POINT('',(211.1601345203,-48.22866164566,28.526));
#3047 = VECTOR('',#3048,1.);
#3048 = DIRECTION('',(0.,0.707106781187,0.707106781187));
#3049 = ORIENTED_EDGE('',*,*,#2684,.T.);
#3050 = CONICAL_SURFACE('',#3051,2.5,0.785398163397);
#3051 = AXIS2_PLACEMENT_3D('',#3052,#3053,#3054);
#3052 = CARTESIAN_POINT('',(211.1601345203,-45.22866164566,29.026));
#3053 = DIRECTION('',(3.552713678801E-14,0.,-1.));
#3054 = DIRECTION('',(-0.707106781187,-0.707106781187,
    -2.512147933894E-14));
#3055 = ADVANCED_FACE('',(#3056),#3067,.T.);
#3056 = FACE_BOUND('',#3057,.T.);
#3057 = EDGE_LOOP('',(#3058,#3059,#3060,#3066));
#3058 = ORIENTED_EDGE('',*,*,#3044,.F.);
#3059 = ORIENTED_EDGE('',*,*,#1157,.T.);
#3060 = ORIENTED_EDGE('',*,*,#3061,.T.);
#3061 = EDGE_CURVE('',#1150,#2694,#3062,.T.);
#3062 = LINE('',#3063,#3064);
#3063 = CARTESIAN_POINT('',(217.1601345203,-48.22866164566,28.526));
#3064 = VECTOR('',#3065,1.);
#3065 = DIRECTION('',(0.,0.707106781187,0.707106781187));
#3066 = ORIENTED_EDGE('',*,*,#2693,.T.);
#3067 = PLANE('',#3068);
#3068 = AXIS2_PLACEMENT_3D('',#3069,#3070,#3071);
#3069 = CARTESIAN_POINT('',(206.4779546643,-47.72866164566,29.026));
#3070 = DIRECTION('',(-3.793550650142E-14,-0.707106781187,0.707106781187
    ));
#3071 = DIRECTION('',(1.,-3.155443620884E-30,5.36489077898E-14));
#3072 = ADVANCED_FACE('',(#3073),#3090,.T.);
#3073 = FACE_BOUND('',#3074,.T.);
#3074 = EDGE_LOOP('',(#3075,#3076,#3083,#3089));
#3075 = ORIENTED_EDGE('',*,*,#3061,.F.);
#3076 = ORIENTED_EDGE('',*,*,#3077,.T.);
#3077 = EDGE_CURVE('',#1150,#2589,#3078,.T.);
#3078 = CIRCLE('',#3079,3.);
#3079 = AXIS2_PLACEMENT_3D('',#3080,#3081,#3082);
#3080 = CARTESIAN_POINT('',(217.1601345203,-45.22866164566,28.526));
#3081 = DIRECTION('',(-2.6460451111E-14,-4.395989713474E-16,1.));
#3082 = DIRECTION('',(0.707106781187,-0.707106781187,1.83995210002E-14)
  );
#3083 = ORIENTED_EDGE('',*,*,#3084,.T.);
#3084 = EDGE_CURVE('',#2589,#2702,#3085,.T.);
#3085 = LINE('',#3086,#3087);
#3086 = CARTESIAN_POINT('',(220.1601345203,-45.22866164566,28.526));
#3087 = VECTOR('',#3088,1.);
#3088 = DIRECTION('',(-0.707106781187,1.884110950421E-14,0.707106781187)
  );
#3089 = ORIENTED_EDGE('',*,*,#2701,.T.);
#3090 = CONICAL_SURFACE('',#3091,2.5,0.785398163397);
#3091 = AXIS2_PLACEMENT_3D('',#3092,#3093,#3094);
#3092 = CARTESIAN_POINT('',(217.1601345203,-45.22866164566,29.026));
#3093 = DIRECTION('',(3.552713678801E-14,0.,-1.));
#3094 = DIRECTION('',(0.707106781187,-0.707106781187,2.512147933894E-14)
  );
#3095 = ADVANCED_FACE('',(#3096),#3103,.T.);
#3096 = FACE_BOUND('',#3097,.T.);
#3097 = EDGE_LOOP('',(#3098,#3099,#3100,#3101,#3102));
#3098 = ORIENTED_EDGE('',*,*,#2486,.F.);
#3099 = ORIENTED_EDGE('',*,*,#1961,.T.);
#3100 = ORIENTED_EDGE('',*,*,#2710,.T.);
#3101 = ORIENTED_EDGE('',*,*,#3084,.F.);
#3102 = ORIENTED_EDGE('',*,*,#2588,.T.);
#3103 = PLANE('',#3104);
#3104 = AXIS2_PLACEMENT_3D('',#3105,#3106,#3107);
#3105 = CARTESIAN_POINT('',(219.6601345203,-112.7287003371,29.026));
#3106 = DIRECTION('',(0.707106781187,-1.953598550122E-14,0.707106781187)
  );
#3107 = DIRECTION('',(0.707106781187,0.,-0.707106781187));
#3108 = ADVANCED_FACE('',(#3109),#3116,.T.);
#3109 = FACE_BOUND('',#3110,.T.);
#3110 = EDGE_LOOP('',(#3111,#3112,#3113,#3114,#3115));
#3111 = ORIENTED_EDGE('',*,*,#2988,.F.);
#3112 = ORIENTED_EDGE('',*,*,#1228,.T.);
#3113 = ORIENTED_EDGE('',*,*,#1597,.T.);
#3114 = ORIENTED_EDGE('',*,*,#143,.F.);
#3115 = ORIENTED_EDGE('',*,*,#2620,.T.);
#3116 = CYLINDRICAL_SURFACE('',#3117,3.);
#3117 = AXIS2_PLACEMENT_3D('',#3118,#3119,#3120);
#3118 = CARTESIAN_POINT('',(211.1601345203,-12.22866164566,20.526));
#3119 = DIRECTION('',(2.6460451111E-14,4.395989713474E-16,-1.));
#3120 = DIRECTION('',(-0.707106781187,0.707106781187,-1.83995210002E-14)
  );
#3121 = ADVANCED_FACE('',(#3122),#3129,.T.);
#3122 = FACE_BOUND('',#3123,.T.);
#3123 = EDGE_LOOP('',(#3124,#3125,#3126,#3127,#3128));
#3124 = ORIENTED_EDGE('',*,*,#2933,.F.);
#3125 = ORIENTED_EDGE('',*,*,#2543,.T.);
#3126 = ORIENTED_EDGE('',*,*,#371,.F.);
#3127 = ORIENTED_EDGE('',*,*,#1131,.T.);
#3128 = ORIENTED_EDGE('',*,*,#1244,.T.);
#3129 = CYLINDRICAL_SURFACE('',#3130,3.);
#3130 = AXIS2_PLACEMENT_3D('',#3131,#3132,#3133);
#3131 = CARTESIAN_POINT('',(217.1601345203,-12.22866164566,20.526));
#3132 = DIRECTION('',(-2.6460451111E-14,-4.395989713474E-16,1.));
#3133 = DIRECTION('',(0.707106781187,0.707106781187,1.902120782749E-14)
  );
#3134 = ADVANCED_FACE('',(#3135),#3166,.T.);
#3135 = FACE_BOUND('',#3136,.T.);
#3136 = EDGE_LOOP('',(#3137,#3138,#3139,#3147,#3155,#3161,#3162,#3163,
    #3164,#3165));
#3137 = ORIENTED_EDGE('',*,*,#3020,.F.);
#3138 = ORIENTED_EDGE('',*,*,#2267,.F.);
#3139 = ORIENTED_EDGE('',*,*,#3140,.T.);
#3140 = EDGE_CURVE('',#2260,#3141,#3143,.T.);
#3141 = VERTEX_POINT('',#3142);
#3142 = CARTESIAN_POINT('',(211.76013732539,-18.0286616995,29.526));
#3143 = LINE('',#3144,#3145);
#3144 = CARTESIAN_POINT('',(211.76013732539,-113.978700391,29.526));
#3145 = VECTOR('',#3146,1.);
#3146 = DIRECTION('',(2.718845667878E-14,1.,4.395989713481E-16));
#3147 = ORIENTED_EDGE('',*,*,#3148,.T.);
#3148 = EDGE_CURVE('',#3141,#3149,#3151,.T.);
#3149 = VERTEX_POINT('',#3150);
#3150 = CARTESIAN_POINT('',(216.56013732539,-18.0286616995,29.526));
#3151 = LINE('',#3152,#3153);
#3152 = CARTESIAN_POINT('',(206.47795469539,-18.0286616995,29.526));
#3153 = VECTOR('',#3154,1.);
#3154 = DIRECTION('',(1.,-2.718845667878E-14,2.6460451111E-14));
#3155 = ORIENTED_EDGE('',*,*,#3156,.T.);
#3156 = EDGE_CURVE('',#3149,#2235,#3157,.T.);
#3157 = LINE('',#3158,#3159);
#3158 = CARTESIAN_POINT('',(216.56013732539,-113.978700391,29.526));
#3159 = VECTOR('',#3160,1.);
#3160 = DIRECTION('',(-2.718845667878E-14,-1.,-4.395989713481E-16));
#3161 = ORIENTED_EDGE('',*,*,#2234,.F.);
#3162 = ORIENTED_EDGE('',*,*,#2526,.F.);
#3163 = ORIENTED_EDGE('',*,*,#2948,.F.);
#3164 = ORIENTED_EDGE('',*,*,#2971,.F.);
#3165 = ORIENTED_EDGE('',*,*,#3003,.F.);
#3166 = PLANE('',#3167);
#3167 = AXIS2_PLACEMENT_3D('',#3168,#3169,#3170);
#3168 = CARTESIAN_POINT('',(198.7957748083,-186.2287390286,29.526));
#3169 = DIRECTION('',(-2.6460451111E-14,-4.395989713474E-16,1.));
#3170 = DIRECTION('',(1.,-2.71884566788E-14,2.6460451111E-14));
#3171 = ADVANCED_FACE('',(#3172),#3179,.T.);
#3172 = FACE_BOUND('',#3173,.T.);
#3173 = EDGE_LOOP('',(#3174,#3175,#3176,#3177,#3178));
#3174 = ORIENTED_EDGE('',*,*,#3077,.F.);
#3175 = ORIENTED_EDGE('',*,*,#1149,.T.);
#3176 = ORIENTED_EDGE('',*,*,#1099,.T.);
#3177 = ORIENTED_EDGE('',*,*,#438,.F.);
#3178 = ORIENTED_EDGE('',*,*,#2596,.T.);
#3179 = CYLINDRICAL_SURFACE('',#3180,3.);
#3180 = AXIS2_PLACEMENT_3D('',#3181,#3182,#3183);
#3181 = CARTESIAN_POINT('',(217.1601345203,-45.22866164566,20.526));
#3182 = DIRECTION('',(2.6460451111E-14,4.395989713474E-16,-1.));
#3183 = DIRECTION('',(0.707106781187,-0.707106781187,1.83995210002E-14)
  );
#3184 = ADVANCED_FACE('',(#3185),#3192,.T.);
#3185 = FACE_BOUND('',#3186,.T.);
#3186 = EDGE_LOOP('',(#3187,#3188,#3189,#3190,#3191));
#3187 = ORIENTED_EDGE('',*,*,#3037,.F.);
#3188 = ORIENTED_EDGE('',*,*,#2343,.T.);
#3189 = ORIENTED_EDGE('',*,*,#76,.F.);
#3190 = ORIENTED_EDGE('',*,*,#1410,.T.);
#3191 = ORIENTED_EDGE('',*,*,#1165,.T.);
#3192 = CYLINDRICAL_SURFACE('',#3193,3.);
#3193 = AXIS2_PLACEMENT_3D('',#3194,#3195,#3196);
#3194 = CARTESIAN_POINT('',(211.1601345203,-45.22866164566,20.526));
#3195 = DIRECTION('',(2.6460451111E-14,4.395989713474E-16,-1.));
#3196 = DIRECTION('',(-0.707106781187,-0.707106781187,
    -1.902120782749E-14));
#3197 = ADVANCED_FACE('',(#3198,#3201),#3204,.T.);
#3198 = FACE_BOUND('',#3199,.T.);
#3199 = EDGE_LOOP('',(#3200));
#3200 = ORIENTED_EDGE('',*,*,#535,.F.);
#3201 = FACE_BOUND('',#3202,.T.);
#3202 = EDGE_LOOP('',(#3203));
#3203 = ORIENTED_EDGE('',*,*,#2865,.T.);
#3204 = PLANE('',#3205);
#3205 = AXIS2_PLACEMENT_3D('',#3206,#3207,#3208);
#3206 = CARTESIAN_POINT('',(216.69380878411,-27.30353005384,
    14.673999999951));
#3207 = DIRECTION('',(4.44625144405E-14,1.657007869547E-14,1.));
#3208 = DIRECTION('',(1.,1.708973685181E-17,-4.44625144405E-14));
#3209 = ADVANCED_FACE('',(#3210,#3213),#3216,.T.);
#3210 = FACE_BOUND('',#3211,.T.);
#3211 = EDGE_LOOP('',(#3212));
#3212 = ORIENTED_EDGE('',*,*,#272,.F.);
#3213 = FACE_BOUND('',#3214,.T.);
#3214 = EDGE_LOOP('',(#3215));
#3215 = ORIENTED_EDGE('',*,*,#2815,.T.);
#3216 = PLANE('',#3217);
#3217 = AXIS2_PLACEMENT_3D('',#3218,#3219,#3220);
#3218 = CARTESIAN_POINT('',(211.69380871681,-27.3035300927,
    14.673999999951));
#3219 = DIRECTION('',(4.44625144405E-14,1.657007869547E-14,1.));
#3220 = DIRECTION('',(1.,1.708973685181E-17,-4.44625144405E-14));
#3221 = ADVANCED_FACE('',(#3222,#3225),#3228,.T.);
#3222 = FACE_BOUND('',#3223,.T.);
#3223 = EDGE_LOOP('',(#3224));
#3224 = ORIENTED_EDGE('',*,*,#485,.F.);
#3225 = FACE_BOUND('',#3226,.T.);
#3226 = EDGE_LOOP('',(#3227));
#3227 = ORIENTED_EDGE('',*,*,#2915,.T.);
#3228 = PLANE('',#3229);
#3229 = AXIS2_PLACEMENT_3D('',#3230,#3231,#3232);
#3230 = CARTESIAN_POINT('',(214.19380878411,-31.63365715048,
    14.673999999951));
#3231 = DIRECTION('',(4.44625144405E-14,1.657007869547E-14,1.));
#3232 = DIRECTION('',(1.,1.708973687386E-17,-4.44625144405E-14));
#3233 = ADVANCED_FACE('',(#3234,#3237),#3240,.T.);
#3234 = FACE_BOUND('',#3235,.T.);
#3235 = EDGE_LOOP('',(#3236));
#3236 = ORIENTED_EDGE('',*,*,#222,.F.);
#3237 = FACE_BOUND('',#3238,.T.);
#3238 = EDGE_LOOP('',(#3239));
#3239 = ORIENTED_EDGE('',*,*,#2765,.T.);
#3240 = PLANE('',#3241);
#3241 = AXIS2_PLACEMENT_3D('',#3242,#3243,#3244);
#3242 = CARTESIAN_POINT('',(214.19380878411,-31.63365715048,
    14.673999999951));
#3243 = DIRECTION('',(4.44625144405E-14,1.657007869547E-14,1.));
#3244 = DIRECTION('',(1.,1.708973687386E-17,-4.44625144405E-14));
#3245 = ADVANCED_FACE('',(#3246),#3264,.F.);
#3246 = FACE_BOUND('',#3247,.T.);
#3247 = EDGE_LOOP('',(#3248,#3249,#3257,#3263));
#3248 = ORIENTED_EDGE('',*,*,#2259,.T.);
#3249 = ORIENTED_EDGE('',*,*,#3250,.T.);
#3250 = EDGE_CURVE('',#2251,#3251,#3253,.T.);
#3251 = VERTEX_POINT('',#3252);
#3252 = CARTESIAN_POINT('',(211.76013732539,-18.0286616995,27.826));
#3253 = LINE('',#3254,#3255);
#3254 = CARTESIAN_POINT('',(211.76013732539,-37.7286616995,27.826));
#3255 = VECTOR('',#3256,1.);
#3256 = DIRECTION('',(2.718845667878E-14,1.,4.395989713481E-16));
#3257 = ORIENTED_EDGE('',*,*,#3258,.T.);
#3258 = EDGE_CURVE('',#3251,#3141,#3259,.T.);
#3259 = LINE('',#3260,#3261);
#3260 = CARTESIAN_POINT('',(211.76013732539,-18.0286616995,
    25.533071421427));
#3261 = VECTOR('',#3262,1.);
#3262 = DIRECTION('',(5.851741304996E-14,-4.395989713497E-16,1.));
#3263 = ORIENTED_EDGE('',*,*,#3140,.F.);
#3264 = PLANE('',#3265);
#3265 = AXIS2_PLACEMENT_3D('',#3266,#3267,#3268);
#3266 = CARTESIAN_POINT('',(211.76013732539,-37.7286616995,
    27.540142842854));
#3267 = DIRECTION('',(-1.,2.718845667878E-14,5.851741304996E-14));
#3268 = DIRECTION('',(5.851741304997E-14,2.679115510106E-13,1.));
#3269 = ADVANCED_FACE('',(#3270),#3288,.F.);
#3270 = FACE_BOUND('',#3271,.T.);
#3271 = EDGE_LOOP('',(#3272,#3273,#3274,#3282));
#3272 = ORIENTED_EDGE('',*,*,#2242,.T.);
#3273 = ORIENTED_EDGE('',*,*,#3156,.F.);
#3274 = ORIENTED_EDGE('',*,*,#3275,.T.);
#3275 = EDGE_CURVE('',#3149,#3276,#3278,.T.);
#3276 = VERTEX_POINT('',#3277);
#3277 = CARTESIAN_POINT('',(216.56013732539,-18.0286616995,27.826));
#3278 = LINE('',#3279,#3280);
#3279 = CARTESIAN_POINT('',(216.56013732539,-18.0286616995,26.526));
#3280 = VECTOR('',#3281,1.);
#3281 = DIRECTION('',(-4.509985555088E-14,4.395989713494E-16,-1.));
#3282 = ORIENTED_EDGE('',*,*,#3283,.T.);
#3283 = EDGE_CURVE('',#3276,#2243,#3284,.T.);
#3284 = LINE('',#3285,#3286);
#3285 = CARTESIAN_POINT('',(216.56013732539,-37.7286616995,27.826));
#3286 = VECTOR('',#3287,1.);
#3287 = DIRECTION('',(-2.718845667878E-14,-1.,-4.395989713481E-16));
#3288 = PLANE('',#3289);
#3289 = AXIS2_PLACEMENT_3D('',#3290,#3291,#3292);
#3290 = CARTESIAN_POINT('',(216.56013732539,-37.7286616995,29.526));
#3291 = DIRECTION('',(1.,-2.718845667878E-14,-4.509985555088E-14));
#3292 = DIRECTION('',(-4.509985555089E-14,-2.679115510107E-13,-1.));
#3293 = ADVANCED_FACE('',(#3294),#3306,.F.);
#3294 = FACE_BOUND('',#3295,.F.);
#3295 = EDGE_LOOP('',(#3296,#3297,#3304,#3305));
#3296 = ORIENTED_EDGE('',*,*,#3250,.T.);
#3297 = ORIENTED_EDGE('',*,*,#3298,.F.);
#3298 = EDGE_CURVE('',#3276,#3251,#3299,.T.);
#3299 = CIRCLE('',#3300,2.6);
#3300 = AXIS2_PLACEMENT_3D('',#3301,#3302,#3303);
#3301 = CARTESIAN_POINT('',(214.16013732539,-18.0286616995,26.826));
#3302 = DIRECTION('',(2.718845667878E-14,1.,4.395989713481E-16));
#3303 = DIRECTION('',(1.487963532033E-13,4.395989713441E-16,-1.));
#3304 = ORIENTED_EDGE('',*,*,#3283,.T.);
#3305 = ORIENTED_EDGE('',*,*,#2250,.F.);
#3306 = CYLINDRICAL_SURFACE('',#3307,2.6);
#3307 = AXIS2_PLACEMENT_3D('',#3308,#3309,#3310);
#3308 = CARTESIAN_POINT('',(214.16013732539,-37.7286616995,26.826));
#3309 = DIRECTION('',(2.718845667878E-14,1.,4.395989713481E-16));
#3310 = DIRECTION('',(1.487963532033E-13,4.395989713441E-16,-1.));
#3311 = ADVANCED_FACE('',(#3312),#3318,.F.);
#3312 = FACE_BOUND('',#3313,.T.);
#3313 = EDGE_LOOP('',(#3314,#3315,#3316,#3317));
#3314 = ORIENTED_EDGE('',*,*,#3298,.F.);
#3315 = ORIENTED_EDGE('',*,*,#3275,.F.);
#3316 = ORIENTED_EDGE('',*,*,#3148,.F.);
#3317 = ORIENTED_EDGE('',*,*,#3258,.F.);
#3318 = PLANE('',#3319);
#3319 = AXIS2_PLACEMENT_3D('',#3320,#3321,#3322);
#3320 = CARTESIAN_POINT('',(214.16013455139,-18.0286616995,23.526));
#3321 = DIRECTION('',(2.718845667878E-14,1.,4.395989713481E-16));
#3322 = DIRECTION('',(-1.,2.718845667878E-14,-2.6460451111E-14));
#3323 = ADVANCED_FACE('',(#3324),#3335,.T.);
#3324 = FACE_BOUND('',#3325,.T.);
#3325 = EDGE_LOOP('',(#3326,#3327,#3333,#3334));
#3326 = ORIENTED_EDGE('',*,*,#2646,.F.);
#3327 = ORIENTED_EDGE('',*,*,#3328,.T.);
#3328 = EDGE_CURVE('',#2636,#1929,#3329,.T.);
#3329 = LINE('',#3330,#3331);
#3330 = CARTESIAN_POINT('',(211.76013732539,-37.7286616995,27.826));
#3331 = VECTOR('',#3332,1.);
#3332 = DIRECTION('',(2.733084803634E-14,1.,4.395989713481E-16));
#3333 = ORIENTED_EDGE('',*,*,#1928,.F.);
#3334 = ORIENTED_EDGE('',*,*,#2676,.T.);
#3335 = PLANE('',#3336);
#3336 = AXIS2_PLACEMENT_3D('',#3337,#3338,#3339);
#3337 = CARTESIAN_POINT('',(211.76013732539,-37.7286616995,
    27.540142842854));
#3338 = DIRECTION('',(1.,-2.733084803634E-14,-5.888794390706E-14));
#3339 = DIRECTION('',(5.888794390706E-14,-4.395989713495E-16,1.));
#3340 = ADVANCED_FACE('',(#3341),#3352,.F.);
#3341 = FACE_BOUND('',#3342,.F.);
#3342 = EDGE_LOOP('',(#3343,#3344,#3345,#3351));
#3343 = ORIENTED_EDGE('',*,*,#3328,.T.);
#3344 = ORIENTED_EDGE('',*,*,#1936,.F.);
#3345 = ORIENTED_EDGE('',*,*,#3346,.T.);
#3346 = EDGE_CURVE('',#1937,#2638,#3347,.T.);
#3347 = LINE('',#3348,#3349);
#3348 = CARTESIAN_POINT('',(216.56013732539,-37.7286616995,27.826));
#3349 = VECTOR('',#3350,1.);
#3350 = DIRECTION('',(-2.733084803634E-14,-1.,-4.395989713481E-16));
#3351 = ORIENTED_EDGE('',*,*,#2635,.F.);
#3352 = CYLINDRICAL_SURFACE('',#3353,2.6);
#3353 = AXIS2_PLACEMENT_3D('',#3354,#3355,#3356);
#3354 = CARTESIAN_POINT('',(214.16013732539,-37.7286616995,26.826));
#3355 = DIRECTION('',(-2.733084803634E-14,-1.,-4.395989713481E-16));
#3356 = DIRECTION('',(1.633174732829E-13,4.395989713437E-16,-1.));
#3357 = ADVANCED_FACE('',(#3358),#3364,.T.);
#3358 = FACE_BOUND('',#3359,.T.);
#3359 = EDGE_LOOP('',(#3360,#3361,#3362,#3363));
#3360 = ORIENTED_EDGE('',*,*,#2662,.F.);
#3361 = ORIENTED_EDGE('',*,*,#2717,.T.);
#3362 = ORIENTED_EDGE('',*,*,#1945,.F.);
#3363 = ORIENTED_EDGE('',*,*,#3346,.T.);
#3364 = PLANE('',#3365);
#3365 = AXIS2_PLACEMENT_3D('',#3366,#3367,#3368);
#3366 = CARTESIAN_POINT('',(216.56013732539,-37.7286616995,29.326));
#3367 = DIRECTION('',(-1.,2.733084803634E-14,5.888794390706E-14));
#3368 = DIRECTION('',(-5.888794390706E-14,4.395989713495E-16,-1.));
#3369 = ( GEOMETRIC_REPRESENTATION_CONTEXT(3) 
GLOBAL_UNCERTAINTY_ASSIGNED_CONTEXT((#3373)) 
GLOBAL_UNIT_ASSIGNED_CONTEXT((#3370,#3371,#3372)) REPRESENTATION_CONTEXT
('Context #1','3D Context with UNIT and UNCERTAINTY') );
#3370 = ( LENGTH_UNIT() NAMED_UNIT(*) SI_UNIT(.MILLI.,.METRE.) );
#3371 = ( NAMED_UNIT(*) PLANE_ANGLE_UNIT() SI_UNIT($,.RADIAN.) );
#3372 = ( NAMED_UNIT(*) SI_UNIT($,.STERADIAN.) SOLID_ANGLE_UNIT() );
#3373 = UNCERTAINTY_MEASURE_WITH_UNIT(LENGTH_MEASURE(5.E-04),#3370,
  'distance_accuracy_value','confusion accuracy');
#3374 = PRODUCT_RELATED_PRODUCT_CATEGORY('part',$,(#7));
#3375 = MECHANICAL_DESIGN_GEOMETRIC_PRESENTATION_REPRESENTATION('',(
    #3376),#3369);
#3376 = STYLED_ITEM('color',(#3377),#15);
#3377 = PRESENTATION_STYLE_ASSIGNMENT((#3378,#3384));
#3378 = SURFACE_STYLE_USAGE(.BOTH.,#3379);
#3379 = SURFACE_SIDE_STYLE('',(#3380));
#3380 = SURFACE_STYLE_FILL_AREA(#3381);
#3381 = FILL_AREA_STYLE('',(#3382));
#3382 = FILL_AREA_STYLE_COLOUR('',#3383);
#3383 = COLOUR_RGB('',0.623529443769,0.713725498821,0.858823546443);
#3384 = CURVE_STYLE('',#3385,POSITIVE_LENGTH_MEASURE(0.1),#3386);
#3385 = DRAUGHTING_PRE_DEFINED_CURVE_FONT('continuous');
#3386 = COLOUR_RGB('',9.803921802644E-02,9.803921802644E-02,
  9.803921802644E-02);
ENDSEC;
END-ISO-10303-21;
