ISO-10303-21;
HEADER;
FILE_DESCRIPTION(('FreeCAD Model'),'2;1');
FILE_NAME('Open CASCADE Shape Model','2025-11-08T20:19:46',(''),(''),
  'Open CASCADE STEP processor 7.9','FreeCAD','Unknown');
FILE_SCHEMA(('AUTOMOTIVE_DESIGN { 1 0 10303 214 1 1 1 1 }'));
ENDSEC;
DATA;
#1 = APPLICATION_PROTOCOL_DEFINITION('international standard',
  'automotive_design',2000,#2);
#2 = APPLICATION_CONTEXT(
  'core data for automotive mechanical design processes');
#3 = SHAPE_DEFINITION_REPRESENTATION(#4,#10);
#4 = PRODUCT_DEFINITION_SHAPE('','',#5);
#5 = PRODUCT_DEFINITION('design','',#6,#9);
#6 = PRODUCT_DEFINITION_FORMATION('','',#7);
#7 = PRODUCT('4020_cover003','4020_cover003','',(#8));
#8 = PRODUCT_CONTEXT('',#2,'mechanical');
#9 = PRODUCT_DEFINITION_CONTEXT('part definition',#2,'design');
#10 = ADVANCED_BREP_SHAPE_REPRESENTATION('',(#11,#15),#3344);
#11 = AXIS2_PLACEMENT_3D('',#12,#13,#14);
#12 = CARTESIAN_POINT('',(0.,0.,0.));
#13 = DIRECTION('',(0.,0.,1.));
#14 = DIRECTION('',(1.,0.,-0.));
#15 = MANIFOLD_SOLID_BREP('',#16);
#16 = CLOSED_SHELL('',(#17,#49,#81,#113,#144,#177,#208,#241,#272,#305,
    #336,#369,#391,#423,#454,#493,#525,#557,#579,#601,#632,#665,#696,
    #729,#760,#793,#824,#857,#879,#901,#923,#945,#984,#1015,#1032,#1211,
    #1229,#1253,#1293,#1340,#1371,#1397,#1409,#1426,#1448,#1465,#1482,
    #1499,#1516,#1528,#1540,#1673,#1720,#1744,#1768,#1792,#1816,#1833,
    #1847,#1894,#1918,#1942,#1966,#1990,#2007,#2021,#2068,#2092,#2116,
    #2140,#2164,#2181,#2195,#2242,#2266,#2290,#2314,#2338,#2355,#2369,
    #2402,#2523,#2548,#2573,#2598,#2623,#2648,#2672,#2697,#2721,#2746,
    #2770,#2795,#2813,#2837,#2862,#2886,#2911,#2935,#2960,#2984,#3009,
    #3026,#3044,#3061,#3078,#3095,#3112,#3129,#3146,#3163,#3176,#3193,
    #3210,#3235,#3260,#3285,#3310,#3327));
#17 = ADVANCED_FACE('',(#18),#44,.T.);
#18 = FACE_BOUND('',#19,.T.);
#19 = EDGE_LOOP('',(#20,#30,#38));
#20 = ORIENTED_EDGE('',*,*,#21,.F.);
#21 = EDGE_CURVE('',#22,#24,#26,.T.);
#22 = VERTEX_POINT('',#23);
#23 = CARTESIAN_POINT('',(31.862083417284,-128.5215028637,
    179.04723944349));
#24 = VERTEX_POINT('',#25);
#25 = CARTESIAN_POINT('',(32.208493434175,-128.3215028996,
    178.64723930034));
#26 = LINE('',#27,#28);
#27 = CARTESIAN_POINT('',(31.862083417284,-128.5215028637,
    179.04723944349));
#28 = VECTOR('',#29,1.);
#29 = DIRECTION('',(0.612372180036,0.353553327284,-0.707107034249));
#30 = ORIENTED_EDGE('',*,*,#31,.F.);
#31 = EDGE_CURVE('',#32,#22,#34,.T.);
#32 = VERTEX_POINT('',#33);
#33 = CARTESIAN_POINT('',(32.062083272661,-128.8679130611,
    178.64723936084));
#34 = LINE('',#35,#36);
#35 = CARTESIAN_POINT('',(32.062083272661,-128.8679130611,
    178.64723936084));
#36 = VECTOR('',#37,1.);
#37 = DIRECTION('',(-0.353553116658,0.612372467351,0.70710689074));
#38 = ORIENTED_EDGE('',*,*,#39,.F.);
#39 = EDGE_CURVE('',#24,#32,#40,.T.);
#40 = LINE('',#41,#42);
#41 = CARTESIAN_POINT('',(32.208493434175,-128.3215028996,
    178.64723930034));
#42 = VECTOR('',#43,1.);
#43 = DIRECTION('',(-0.258819045102,-0.965925826289,1.069566787487E-07)
  );
#44 = PLANE('',#45);
#45 = AXIS2_PLACEMENT_3D('',#46,#47,#48);
#46 = CARTESIAN_POINT('',(32.062083272661,-128.8679130611,
    178.64723936084));
#47 = DIRECTION('',(0.788675346006,-0.211324858123,0.577349983063));
#48 = DIRECTION('',(-0.353553116658,0.61237246735,0.70710689074));
#49 = ADVANCED_FACE('',(#50),#76,.T.);
#50 = FACE_BOUND('',#51,.T.);
#51 = EDGE_LOOP('',(#52,#62,#70));
#52 = ORIENTED_EDGE('',*,*,#53,.F.);
#53 = EDGE_CURVE('',#54,#56,#58,.T.);
#54 = VERTEX_POINT('',#55);
#55 = CARTESIAN_POINT('',(24.140163208349,-122.3467450162,
    178.64724263457));
#56 = VERTEX_POINT('',#57);
#57 = CARTESIAN_POINT('',(23.593753046836,-122.2003348547,
    178.64724286037));
#58 = LINE('',#59,#60);
#59 = CARTESIAN_POINT('',(24.14016320835,-122.3467450162,178.64724263457
    ));
#60 = VECTOR('',#61,1.);
#61 = DIRECTION('',(-0.965925826289,0.258819045102,3.991684003083E-07));
#62 = ORIENTED_EDGE('',*,*,#63,.F.);
#63 = EDGE_CURVE('',#64,#54,#66,.T.);
#64 = VERTEX_POINT('',#65);
#65 = CARTESIAN_POINT('',(24.086573535163,-121.4539246932,
    179.04724265672));
#66 = LINE('',#67,#68);
#67 = CARTESIAN_POINT('',(24.086573535163,-121.4539246932,
    179.04724265672));
#68 = VECTOR('',#69,1.);
#69 = DIRECTION('',(5.469473116235E-02,-0.911230926418,-0.408248313067)
  );
#70 = ORIENTED_EDGE('',*,*,#71,.F.);
#71 = EDGE_CURVE('',#56,#64,#72,.T.);
#72 = LINE('',#73,#74);
#73 = CARTESIAN_POINT('',(23.593753046836,-122.2003348547,
    178.64724286037));
#74 = VECTOR('',#75,1.);
#75 = DIRECTION('',(0.502982804663,0.761801681057,0.408248082607));
#76 = PLANE('',#77);
#77 = AXIS2_PLACEMENT_3D('',#78,#79,#80);
#78 = CARTESIAN_POINT('',(24.086573535163,-121.4539246932,
    179.04724265672));
#79 = DIRECTION('',(-0.110360437846,-0.411872156223,0.90453407934));
#80 = DIRECTION('',(-0.474341518344,0.821583836258,0.316227962038));
#81 = ADVANCED_FACE('',(#82),#108,.T.);
#82 = FACE_BOUND('',#83,.T.);
#83 = EDGE_LOOP('',(#84,#94,#102));
#84 = ORIENTED_EDGE('',*,*,#85,.F.);
#85 = EDGE_CURVE('',#86,#88,#90,.T.);
#86 = VERTEX_POINT('',#87);
#87 = CARTESIAN_POINT('',(-94.69996374589,91.4903928464,178.64729174521)
  );
#88 = VERTEX_POINT('',#89);
#89 = CARTESIAN_POINT('',(-95.04637376275,91.290392882164,
    179.04729188836));
#90 = LINE('',#91,#92);
#91 = CARTESIAN_POINT('',(-94.69996374589,91.4903928464,178.64729174521)
  );
#92 = VECTOR('',#93,1.);
#93 = DIRECTION('',(-0.612372179985,-0.353553327372,0.707107034249));
#94 = ORIENTED_EDGE('',*,*,#95,.F.);
#95 = EDGE_CURVE('',#96,#86,#98,.T.);
#96 = VERTEX_POINT('',#97);
#97 = CARTESIAN_POINT('',(-95.24637390741,91.636803007914,
    178.64729197101));
#98 = LINE('',#99,#100);
#99 = CARTESIAN_POINT('',(-95.24637390741,91.636803007914,
    178.64729197101));
#100 = VECTOR('',#101,1.);
#101 = DIRECTION('',(0.965925826289,-0.258819045102,-3.991684003083E-07)
  );
#102 = ORIENTED_EDGE('',*,*,#103,.F.);
#103 = EDGE_CURVE('',#88,#96,#104,.T.);
#104 = LINE('',#105,#106);
#105 = CARTESIAN_POINT('',(-95.04637376275,91.290392882164,
    179.04729188836));
#106 = VECTOR('',#107,1.);
#107 = DIRECTION('',(-0.353553664554,0.612372404085,-0.707106671582));
#108 = PLANE('',#109);
#109 = AXIS2_PLACEMENT_3D('',#110,#111,#112);
#110 = CARTESIAN_POINT('',(-95.24637390741,91.636803007914,
    178.64729197101));
#111 = DIRECTION('',(0.211325111267,0.788675161736,0.577350142122));
#112 = DIRECTION('',(-0.353553664555,0.612372404085,-0.707106671582));
#113 = ADVANCED_FACE('',(#114),#139,.T.);
#114 = FACE_BOUND('',#115,.T.);
#115 = EDGE_LOOP('',(#116,#126,#132,#133));
#116 = ORIENTED_EDGE('',*,*,#117,.T.);
#117 = EDGE_CURVE('',#118,#120,#122,.T.);
#118 = VERTEX_POINT('',#119);
#119 = CARTESIAN_POINT('',(32.062079175689,-128.8679130616,
    168.73250901874));
#120 = VERTEX_POINT('',#121);
#121 = CARTESIAN_POINT('',(32.208489337203,-128.3215029,168.73250895821)
  );
#122 = LINE('',#123,#124);
#123 = CARTESIAN_POINT('',(32.062079175689,-128.8679130616,
    168.73250901874));
#124 = VECTOR('',#125,1.);
#125 = DIRECTION('',(0.258819045102,0.965925826289,-1.069972499379E-07)
  );
#126 = ORIENTED_EDGE('',*,*,#127,.T.);
#127 = EDGE_CURVE('',#120,#24,#128,.T.);
#128 = LINE('',#129,#130);
#129 = CARTESIAN_POINT('',(32.208486523065,-128.3215029004,
    161.92225577421));
#130 = VECTOR('',#131,1.);
#131 = DIRECTION('',(4.132207148225E-07,4.966054228297E-11,1.));
#132 = ORIENTED_EDGE('',*,*,#39,.T.);
#133 = ORIENTED_EDGE('',*,*,#134,.T.);
#134 = EDGE_CURVE('',#32,#118,#135,.T.);
#135 = LINE('',#136,#137);
#136 = CARTESIAN_POINT('',(32.062076361551,-128.8679130619,
    161.92225583473));
#137 = VECTOR('',#138,1.);
#138 = DIRECTION('',(-4.132207148225E-07,-4.966054228297E-11,-1.));
#139 = PLANE('',#140);
#140 = AXIS2_PLACEMENT_3D('',#141,#142,#143);
#141 = CARTESIAN_POINT('',(32.135281442308,-128.5947079811,
    161.92225580447));
#142 = DIRECTION('',(0.965925826289,-0.258819045102,-3.991277073105E-07)
  );
#143 = DIRECTION('',(4.132207505723E-07,4.979396235199E-11,1.));
#144 = ADVANCED_FACE('',(#145),#172,.T.);
#145 = FACE_BOUND('',#146,.T.);
#146 = EDGE_LOOP('',(#147,#157,#164,#165));
#147 = ORIENTED_EDGE('',*,*,#148,.T.);
#148 = EDGE_CURVE('',#149,#151,#153,.T.);
#149 = VERTEX_POINT('',#150);
#150 = CARTESIAN_POINT('',(31.183396923069,-127.3459937931,
    164.48986700857));
#151 = VERTEX_POINT('',#152);
#152 = CARTESIAN_POINT('',(31.388385901425,-126.9010449161,
    164.77270974872));
#153 = LINE('',#154,#155);
#154 = CARTESIAN_POINT('',(31.183396923069,-127.3459937931,
    164.48986700857));
#155 = VECTOR('',#156,1.);
#156 = DIRECTION('',(0.362372741658,0.786565920427,0.500000048925));
#157 = ORIENTED_EDGE('',*,*,#158,.T.);
#158 = EDGE_CURVE('',#151,#120,#159,.T.);
#159 = CIRCLE('',#160,5.6);
#160 = AXIS2_PLACEMENT_3D('',#161,#162,#163);
#161 = CARTESIAN_POINT('',(29.408489337202,-123.4717606389,
    168.73251011499));
#162 = DIRECTION('',(-0.866025403784,-0.5,3.578844666452E-07));
#163 = DIRECTION('',(0.461939570102,-0.800103079357,-0.382683806787));
#164 = ORIENTED_EDGE('',*,*,#117,.F.);
#165 = ORIENTED_EDGE('',*,*,#166,.T.);
#166 = EDGE_CURVE('',#118,#149,#167,.T.);
#167 = CIRCLE('',#168,6.);
#168 = AXIS2_PLACEMENT_3D('',#169,#170,#171);
#169 = CARTESIAN_POINT('',(29.062079175688,-123.6717606389,
    168.73251025814));
#170 = DIRECTION('',(0.866025403784,0.5,-3.578844666452E-07));
#171 = DIRECTION('',(0.461939570102,-0.800103079357,-0.382683806787));
#172 = CONICAL_SURFACE('',#173,5.8,0.785398163397);
#173 = AXIS2_PLACEMENT_3D('',#174,#175,#176);
#174 = CARTESIAN_POINT('',(29.235284256445,-123.5717606389,
    168.73251018657));
#175 = DIRECTION('',(-0.866025403784,-0.5,3.57884386712E-07));
#176 = DIRECTION('',(0.461939570103,-0.800103079357,-0.382683806787));
#177 = ADVANCED_FACE('',(#178),#203,.T.);
#178 = FACE_BOUND('',#179,.T.);
#179 = EDGE_LOOP('',(#180,#190,#196,#197));
#180 = ORIENTED_EDGE('',*,*,#181,.T.);
#181 = EDGE_CURVE('',#182,#184,#186,.T.);
#182 = VERTEX_POINT('',#183);
#183 = CARTESIAN_POINT('',(27.940755242164,-121.729578293,
    158.00459550072));
#184 = VERTEX_POINT('',#185);
#185 = CARTESIAN_POINT('',(28.145744220519,-121.284629416,
    158.28743824087));
#186 = LINE('',#187,#188);
#187 = CARTESIAN_POINT('',(27.940755242164,-121.729578293,
    158.00459550072));
#188 = VECTOR('',#189,1.);
#189 = DIRECTION('',(0.362372741658,0.786565920427,0.500000048925));
#190 = ORIENTED_EDGE('',*,*,#191,.T.);
#191 = EDGE_CURVE('',#184,#151,#192,.T.);
#192 = LINE('',#193,#194);
#193 = CARTESIAN_POINT('',(15.272240677583,-98.98708563716,
    132.54047821599));
#194 = VECTOR('',#195,1.);
#195 = DIRECTION('',(0.35355382329,-0.612372679023,0.707106354111));
#196 = ORIENTED_EDGE('',*,*,#148,.F.);
#197 = ORIENTED_EDGE('',*,*,#198,.T.);
#198 = EDGE_CURVE('',#149,#182,#199,.T.);
#199 = LINE('',#200,#201);
#200 = CARTESIAN_POINT('',(15.067251699228,-99.4320345141,
    132.25763547583));
#201 = VECTOR('',#202,1.);
#202 = DIRECTION('',(-0.35355382329,0.612372679023,-0.707106354111));
#203 = PLANE('',#204);
#204 = AXIS2_PLACEMENT_3D('',#205,#206,#207);
#205 = CARTESIAN_POINT('',(15.169746188406,-99.20956007563,
    132.39905684591));
#206 = DIRECTION('',(0.862372129733,-7.945913924053E-02,-0.50000055505)
  );
#207 = DIRECTION('',(0.35355382329,-0.612372679022,0.707106354111));
#208 = ADVANCED_FACE('',(#209),#236,.T.);
#209 = FACE_BOUND('',#210,.T.);
#210 = EDGE_LOOP('',(#211,#221,#228,#229));
#211 = ORIENTED_EDGE('',*,*,#212,.T.);
#212 = EDGE_CURVE('',#213,#215,#217,.T.);
#213 = VERTEX_POINT('',#214);
#214 = CARTESIAN_POINT('',(25.819432631007,-118.0553410091,
    156.24723875029));
#215 = VERTEX_POINT('',#216);
#216 = CARTESIAN_POINT('',(26.165843116773,-117.8553412844,
    156.64723860714));
#217 = LINE('',#218,#219);
#218 = CARTESIAN_POINT('',(25.819432631007,-118.0553410091,
    156.24723875029));
#219 = VECTOR('',#220,1.);
#220 = DIRECTION('',(0.612373008897,0.353552903904,0.707106528124));
#221 = ORIENTED_EDGE('',*,*,#222,.T.);
#222 = EDGE_CURVE('',#215,#184,#223,.T.);
#223 = CIRCLE('',#224,5.6);
#224 = AXIS2_PLACEMENT_3D('',#225,#226,#227);
#225 = CARTESIAN_POINT('',(26.165847656297,-117.8553451387,
    162.24723860713));
#226 = DIRECTION('',(-0.866025403784,-0.5,3.578844667007E-07));
#227 = DIRECTION('',(0.191341059048,-0.33141309713,-0.923879839683));
#228 = ORIENTED_EDGE('',*,*,#181,.F.);
#229 = ORIENTED_EDGE('',*,*,#230,.T.);
#230 = EDGE_CURVE('',#182,#213,#231,.T.);
#231 = CIRCLE('',#232,6.);
#232 = AXIS2_PLACEMENT_3D('',#233,#234,#235);
#233 = CARTESIAN_POINT('',(25.819437494783,-118.0553451387,
    162.24723875029));
#234 = DIRECTION('',(0.866025403784,0.5,-3.57884466673E-07));
#235 = DIRECTION('',(0.191341059048,-0.33141309713,-0.923879839683));
#236 = CONICAL_SURFACE('',#237,5.8,0.785398163397);
#237 = AXIS2_PLACEMENT_3D('',#238,#239,#240);
#238 = CARTESIAN_POINT('',(25.99264257554,-117.9553451387,
    162.24723867871));
#239 = DIRECTION('',(-0.866025403784,-0.5,3.57884386712E-07));
#240 = DIRECTION('',(0.191341059048,-0.33141309713,-0.923879839683));
#241 = ADVANCED_FACE('',(#242),#267,.T.);
#242 = FACE_BOUND('',#243,.T.);
#243 = EDGE_LOOP('',(#244,#254,#260,#261));
#244 = ORIENTED_EDGE('',*,*,#245,.T.);
#245 = EDGE_CURVE('',#246,#248,#250,.T.);
#246 = VERTEX_POINT('',#247);
#247 = CARTESIAN_POINT('',(-89.00374317593,80.824233375019,
    156.24746871459));
#248 = VERTEX_POINT('',#249);
#249 = CARTESIAN_POINT('',(-88.65733269017,81.024233099707,
    156.64746857144));
#250 = LINE('',#251,#252);
#251 = CARTESIAN_POINT('',(-89.00374317593,80.824233375019,
    156.24746871459));
#252 = VECTOR('',#253,1.);
#253 = DIRECTION('',(0.612373008897,0.353552903904,0.707106528124));
#254 = ORIENTED_EDGE('',*,*,#255,.T.);
#255 = EDGE_CURVE('',#248,#215,#256,.T.);
#256 = LINE('',#257,#258);
#257 = CARTESIAN_POINT('',(-63.07286064896,36.710627639489,
    156.64741733165));
#258 = VECTOR('',#259,1.);
#259 = DIRECTION('',(0.5,-0.866025403784,-1.001384519457E-06));
#260 = ORIENTED_EDGE('',*,*,#212,.F.);
#261 = ORIENTED_EDGE('',*,*,#262,.T.);
#262 = EDGE_CURVE('',#213,#246,#263,.T.);
#263 = LINE('',#264,#265);
#264 = CARTESIAN_POINT('',(-63.41927113472,36.510627914802,
    156.2474174748));
#265 = VECTOR('',#266,1.);
#266 = DIRECTION('',(-0.5,0.866025403784,1.001384519457E-06));
#267 = PLANE('',#268);
#268 = AXIS2_PLACEMENT_3D('',#269,#270,#271);
#269 = CARTESIAN_POINT('',(-63.24606589184,36.610627777145,
    156.44741740323));
#270 = DIRECTION('',(0.612371862494,0.353553877282,-0.707107034249));
#271 = DIRECTION('',(0.5,-0.866025403784,-1.001384370536E-06));
#272 = ADVANCED_FACE('',(#273),#300,.T.);
#273 = FACE_BOUND('',#274,.T.);
#274 = EDGE_LOOP('',(#275,#285,#292,#293));
#275 = ORIENTED_EDGE('',*,*,#276,.T.);
#276 = EDGE_CURVE('',#277,#279,#281,.T.);
#277 = VERTEX_POINT('',#278);
#278 = CARTESIAN_POINT('',(-91.12506125202,84.498465319673,
    158.00483059017));
#279 = VERTEX_POINT('',#280);
#280 = CARTESIAN_POINT('',(-90.63722956118,84.45351624805,
    158.28767298864));
#281 = LINE('',#282,#283);
#282 = CARTESIAN_POINT('',(-91.12506125202,84.498465319673,
    158.00483059017));
#283 = VECTOR('',#284,1.);
#284 = DIRECTION('',(0.862372741672,-7.945948338212E-02,0.499999444921)
  );
#285 = ORIENTED_EDGE('',*,*,#286,.T.);
#286 = EDGE_CURVE('',#279,#248,#287,.T.);
#287 = CIRCLE('',#288,5.6);
#288 = AXIS2_PLACEMENT_3D('',#289,#290,#291);
#289 = CARTESIAN_POINT('',(-88.65732815064,81.024229245326,
    162.24746857144));
#290 = DIRECTION('',(-0.866025403784,-0.5,3.578844666452E-07));
#291 = DIRECTION('',(-0.19134237333,0.331414050964,-0.923879225328));
#292 = ORIENTED_EDGE('',*,*,#245,.F.);
#293 = ORIENTED_EDGE('',*,*,#294,.T.);
#294 = EDGE_CURVE('',#246,#277,#295,.T.);
#295 = CIRCLE('',#296,6.);
#296 = AXIS2_PLACEMENT_3D('',#297,#298,#299);
#297 = CARTESIAN_POINT('',(-89.00373831216,80.824229245326,
    162.24746871459));
#298 = DIRECTION('',(0.866025403784,0.5,-3.57884466673E-07));
#299 = DIRECTION('',(-0.19134237333,0.331414050964,-0.923879225328));
#300 = CONICAL_SURFACE('',#301,5.8,0.785398163398);
#301 = AXIS2_PLACEMENT_3D('',#302,#303,#304);
#302 = CARTESIAN_POINT('',(-88.8305332314,80.924229245326,
    162.24746864301));
#303 = DIRECTION('',(-0.866025403784,-0.5,3.57884386712E-07));
#304 = DIRECTION('',(-0.19134237333,0.331414050964,-0.923879225328));
#305 = ADVANCED_FACE('',(#306),#331,.T.);
#306 = FACE_BOUND('',#307,.T.);
#307 = EDGE_LOOP('',(#308,#318,#324,#325));
#308 = ORIENTED_EDGE('',*,*,#309,.T.);
#309 = EDGE_CURVE('',#310,#312,#314,.T.);
#310 = VERTEX_POINT('',#311);
#311 = CARTESIAN_POINT('',(-94.36770094472,90.114886660049,
    164.4901218303));
#312 = VERTEX_POINT('',#313);
#313 = CARTESIAN_POINT('',(-93.87986925389,90.069937588426,
    164.77296422878));
#314 = LINE('',#315,#316);
#315 = CARTESIAN_POINT('',(-94.36770094472,90.114886660049,
    164.4901218303));
#316 = VECTOR('',#317,1.);
#317 = DIRECTION('',(0.862372741672,-7.94594833819E-02,0.499999444921));
#318 = ORIENTED_EDGE('',*,*,#319,.T.);
#319 = EDGE_CURVE('',#312,#279,#320,.T.);
#320 = LINE('',#321,#322);
#321 = CARTESIAN_POINT('',(-77.7637489942,62.155975406889,132.5406647907
    ));
#322 = VECTOR('',#323,1.);
#323 = DIRECTION('',(0.353552957877,-0.612372192334,-0.707107208302));
#324 = ORIENTED_EDGE('',*,*,#276,.F.);
#325 = ORIENTED_EDGE('',*,*,#326,.T.);
#326 = EDGE_CURVE('',#277,#310,#327,.T.);
#327 = LINE('',#328,#329);
#328 = CARTESIAN_POINT('',(-78.25158068503,62.200924478512,
    132.25782239223));
#329 = VECTOR('',#330,1.);
#330 = DIRECTION('',(-0.353552957877,0.612372192334,0.707107208302));
#331 = PLANE('',#332);
#332 = AXIS2_PLACEMENT_3D('',#333,#334,#335);
#333 = CARTESIAN_POINT('',(-78.00766483962,62.178449942701,
    132.39924359146));
#334 = DIRECTION('',(0.362372129719,0.786566264569,-0.499999951046));
#335 = DIRECTION('',(0.353552957877,-0.612372192334,-0.707107208302));
#336 = ADVANCED_FACE('',(#337),#364,.T.);
#337 = FACE_BOUND('',#338,.T.);
#338 = EDGE_LOOP('',(#339,#349,#356,#357));
#339 = ORIENTED_EDGE('',*,*,#340,.T.);
#340 = EDGE_CURVE('',#341,#343,#345,.T.);
#341 = VERTEX_POINT('',#342);
#342 = CARTESIAN_POINT('',(-95.24637800486,91.636803008409,
    168.73276119482));
#343 = VERTEX_POINT('',#344);
#344 = CARTESIAN_POINT('',(-94.69996784335,91.490392846895,
    168.73276096899));
#345 = LINE('',#346,#347);
#346 = CARTESIAN_POINT('',(-95.24637800486,91.636803008409,
    168.73276119482));
#347 = VECTOR('',#348,1.);
#348 = DIRECTION('',(0.965925826289,-0.258819045103,-3.9920884589E-07));
#349 = ORIENTED_EDGE('',*,*,#350,.T.);
#350 = EDGE_CURVE('',#343,#312,#351,.T.);
#351 = CIRCLE('',#352,5.6);
#352 = AXIS2_PLACEMENT_3D('',#353,#354,#355);
#353 = CARTESIAN_POINT('',(-91.89996784335,86.640650585702,
    168.73275981157));
#354 = DIRECTION('',(-0.866025403784,-0.5,3.57884466673E-07));
#355 = DIRECTION('',(-0.461939962425,0.800103211054,-0.382683057863));
#356 = ORIENTED_EDGE('',*,*,#309,.F.);
#357 = ORIENTED_EDGE('',*,*,#358,.T.);
#358 = EDGE_CURVE('',#310,#341,#359,.T.);
#359 = CIRCLE('',#360,6.);
#360 = AXIS2_PLACEMENT_3D('',#361,#362,#363);
#361 = CARTESIAN_POINT('',(-92.24637800486,86.440650585702,
    168.73275995473));
#362 = DIRECTION('',(0.866025403784,0.5,-3.578844667007E-07));
#363 = DIRECTION('',(-0.461939962425,0.800103211054,-0.382683057863));
#364 = CONICAL_SURFACE('',#365,5.8,0.785398163398);
#365 = AXIS2_PLACEMENT_3D('',#366,#367,#368);
#366 = CARTESIAN_POINT('',(-92.07317292411,86.540650585702,
    168.73275988315));
#367 = DIRECTION('',(-0.866025403784,-0.5,3.57884386712E-07));
#368 = DIRECTION('',(-0.461939962425,0.800103211054,-0.382683057863));
#369 = ADVANCED_FACE('',(#370),#386,.T.);
#370 = FACE_BOUND('',#371,.T.);
#371 = EDGE_LOOP('',(#372,#373,#379,#380));
#372 = ORIENTED_EDGE('',*,*,#340,.F.);
#373 = ORIENTED_EDGE('',*,*,#374,.T.);
#374 = EDGE_CURVE('',#341,#96,#375,.T.);
#375 = LINE('',#376,#377);
#376 = CARTESIAN_POINT('',(-95.24637608744,91.636803008177,
    173.37231500146));
#377 = VECTOR('',#378,1.);
#378 = DIRECTION('',(4.132781683215E-07,-4.985183720418E-11,1.));
#379 = ORIENTED_EDGE('',*,*,#95,.T.);
#380 = ORIENTED_EDGE('',*,*,#381,.T.);
#381 = EDGE_CURVE('',#86,#343,#382,.T.);
#382 = LINE('',#383,#384);
#383 = CARTESIAN_POINT('',(-94.69996592592,91.490392846663,
    173.37231477564));
#384 = VECTOR('',#385,1.);
#385 = DIRECTION('',(-4.132781683215E-07,4.985183720418E-11,-1.));
#386 = PLANE('',#387);
#387 = AXIS2_PLACEMENT_3D('',#388,#389,#390);
#388 = CARTESIAN_POINT('',(-94.97317100668,91.56359792742,
    173.37231488855));
#389 = DIRECTION('',(0.258819045102,0.965925826289,-1.069161077096E-07)
  );
#390 = DIRECTION('',(-4.132783017416E-07,4.988758700429E-11,-1.));
#391 = ADVANCED_FACE('',(#392),#418,.T.);
#392 = FACE_BOUND('',#393,.T.);
#393 = EDGE_LOOP('',(#394,#404,#412));
#394 = ORIENTED_EDGE('',*,*,#395,.F.);
#395 = EDGE_CURVE('',#396,#398,#400,.T.);
#396 = VERTEX_POINT('',#397);
#397 = CARTESIAN_POINT('',(-93.55983679167,81.515635034606,
    178.64729127405));
#398 = VERTEX_POINT('',#399);
#399 = CARTESIAN_POINT('',(-92.81342646485,81.022814711578,
    179.04729096559));
#400 = LINE('',#401,#402);
#401 = CARTESIAN_POINT('',(-93.55983679167,81.515635034606,
    178.64729127405));
#402 = VECTOR('',#403,1.);
#403 = DIRECTION('',(0.761801849765,-0.502982635955,0.40824797565));
#404 = ORIENTED_EDGE('',*,*,#405,.F.);
#405 = EDGE_CURVE('',#406,#396,#408,.T.);
#406 = VERTEX_POINT('',#407);
#407 = CARTESIAN_POINT('',(-93.70624695318,80.969224873092,
    178.64729133455));
#408 = LINE('',#409,#410);
#409 = CARTESIAN_POINT('',(-93.70624695318,80.969224873092,
    178.64729133455));
#410 = VECTOR('',#411,1.);
#411 = DIRECTION('',(0.258819045102,0.965925826289,-1.069570555709E-07)
  );
#412 = ORIENTED_EDGE('',*,*,#413,.F.);
#413 = EDGE_CURVE('',#398,#406,#414,.T.);
#414 = LINE('',#415,#416);
#415 = CARTESIAN_POINT('',(-92.81342646485,81.022814711578,
    179.04729096559));
#416 = VECTOR('',#417,1.);
#417 = DIRECTION('',(-0.911231095127,-5.469489987068E-02,-0.408247913898
    ));
#418 = PLANE('',#419);
#419 = AXIS2_PLACEMENT_3D('',#420,#421,#422);
#420 = CARTESIAN_POINT('',(-93.70624695318,80.969224873092,
    178.64729133455));
#421 = DIRECTION('',(-0.411871782424,0.110360811645,0.904534203939));
#422 = DIRECTION('',(-0.474341779706,0.821583836258,-0.316227569996));
#423 = ADVANCED_FACE('',(#424),#449,.T.);
#424 = FACE_BOUND('',#425,.T.);
#425 = EDGE_LOOP('',(#426,#436,#442,#443));
#426 = ORIENTED_EDGE('',*,*,#427,.T.);
#427 = EDGE_CURVE('',#428,#430,#432,.T.);
#428 = VERTEX_POINT('',#429);
#429 = CARTESIAN_POINT('',(-93.55983753551,81.515635034606,
    176.84729127405));
#430 = VERTEX_POINT('',#431);
#431 = CARTESIAN_POINT('',(-93.70624786233,80.969224873092,
    176.44729133455));
#432 = LINE('',#433,#434);
#433 = CARTESIAN_POINT('',(-93.62846597147,81.259510513927,
    176.65979514021));
#434 = VECTOR('',#435,1.);
#435 = DIRECTION('',(-0.211325103995,-0.788675134595,-0.57735018186));
#436 = ORIENTED_EDGE('',*,*,#437,.T.);
#437 = EDGE_CURVE('',#430,#406,#438,.T.);
#438 = LINE('',#439,#440);
#439 = CARTESIAN_POINT('',(-93.70624915372,80.969224873093,
    173.32231436135));
#440 = VECTOR('',#441,1.);
#441 = DIRECTION('',(4.132494450406E-07,-1.015411170415E-13,1.));
#442 = ORIENTED_EDGE('',*,*,#405,.T.);
#443 = ORIENTED_EDGE('',*,*,#444,.T.);
#444 = EDGE_CURVE('',#396,#428,#445,.T.);
#445 = LINE('',#446,#447);
#446 = CARTESIAN_POINT('',(-93.55983899221,81.515635034606,
    173.32231430084));
#447 = VECTOR('',#448,1.);
#448 = DIRECTION('',(-4.132494450406E-07,1.015411170415E-13,-1.));
#449 = PLANE('',#450);
#450 = AXIS2_PLACEMENT_3D('',#451,#452,#453);
#451 = CARTESIAN_POINT('',(-93.63304407297,81.242429953849,
    173.3223143311));
#452 = DIRECTION('',(-0.965925826289,0.258819045102,3.991683379451E-07)
  );
#453 = DIRECTION('',(-4.132494807695E-07,-3.180102089329E-14,-1.));
#454 = ADVANCED_FACE('',(#455),#488,.T.);
#455 = FACE_BOUND('',#456,.T.);
#456 = EDGE_LOOP('',(#457,#467,#473,#474,#482));
#457 = ORIENTED_EDGE('',*,*,#458,.T.);
#458 = EDGE_CURVE('',#459,#461,#463,.T.);
#459 = VERTEX_POINT('',#460);
#460 = CARTESIAN_POINT('',(-127.7276477796,61.09601979233,
    178.84730539388));
#461 = VERTEX_POINT('',#462);
#462 = CARTESIAN_POINT('',(-127.4544426162,61.022814711573,
    179.04730528097));
#463 = LINE('',#464,#465);
#464 = CARTESIAN_POINT('',(-76.60316884995,47.397261093795,
    216.27298903172));
#465 = VECTOR('',#466,1.);
#466 = DIRECTION('',(0.788675373184,-0.211324865405,0.57734994327));
#467 = ORIENTED_EDGE('',*,*,#468,.T.);
#468 = EDGE_CURVE('',#461,#398,#469,.T.);
#469 = LINE('',#470,#471);
#470 = CARTESIAN_POINT('',(-89.69573501123,82.822814711579,
    179.04728967721));
#471 = VECTOR('',#472,1.);
#472 = DIRECTION('',(0.866025403784,0.5,-3.578844667344E-07));
#473 = ORIENTED_EDGE('',*,*,#413,.T.);
#474 = ORIENTED_EDGE('',*,*,#475,.T.);
#475 = EDGE_CURVE('',#406,#476,#478,.T.);
#476 = VERTEX_POINT('',#477);
#477 = CARTESIAN_POINT('',(-127.6544427815,61.369224873087,
    178.64730536362));
#478 = LINE('',#479,#480);
#479 = CARTESIAN_POINT('',(-89.89573517653,83.169224873093,
    178.64728975986));
#480 = VECTOR('',#481,1.);
#481 = DIRECTION('',(-0.866025403784,-0.5,3.578844667344E-07));
#482 = ORIENTED_EDGE('',*,*,#483,.T.);
#483 = EDGE_CURVE('',#476,#459,#484,.T.);
#484 = LINE('',#485,#486);
#485 = CARTESIAN_POINT('',(-125.0221130579,71.193224235306,
    171.45563760915));
#486 = VECTOR('',#487,1.);
#487 = DIRECTION('',(-0.211324626815,-0.788675134595,0.577350356519));
#488 = PLANE('',#489);
#489 = AXIS2_PLACEMENT_3D('',#490,#491,#492);
#490 = CARTESIAN_POINT('',(-89.79573509388,82.996019792336,
    178.84728971854));
#491 = DIRECTION('',(-0.353553098382,0.612372435696,0.707106927292));
#492 = DIRECTION('',(-0.353553682805,0.612372435696,-0.707106635081));
#493 = ADVANCED_FACE('',(#494),#520,.T.);
#494 = FACE_BOUND('',#495,.T.);
#495 = EDGE_LOOP('',(#496,#506,#514));
#496 = ORIENTED_EDGE('',*,*,#497,.F.);
#497 = EDGE_CURVE('',#498,#500,#502,.T.);
#498 = VERTEX_POINT('',#499);
#499 = CARTESIAN_POINT('',(28.744391819037,-130.3215028996,
    178.64724073187));
#500 = VERTEX_POINT('',#501);
#501 = CARTESIAN_POINT('',(29.090802125174,-130.1215028637,
    179.04724058872));
#502 = LINE('',#503,#504);
#503 = CARTESIAN_POINT('',(28.744391819037,-130.3215028996,
    178.64724073187));
#504 = VECTOR('',#505,1.);
#505 = DIRECTION('',(0.612372691355,0.353553453903,0.707106528124));
#506 = ORIENTED_EDGE('',*,*,#507,.F.);
#507 = EDGE_CURVE('',#508,#498,#510,.T.);
#508 = VERTEX_POINT('',#509);
#509 = CARTESIAN_POINT('',(29.290801980551,-130.4679130611,
    178.64724050607));
#510 = LINE('',#511,#512);
#511 = CARTESIAN_POINT('',(29.290801980551,-130.4679130611,
    178.64724050607));
#512 = VECTOR('',#513,1.);
#513 = DIRECTION('',(-0.965925826289,0.258819045102,3.991681490935E-07)
  );
#514 = ORIENTED_EDGE('',*,*,#515,.F.);
#515 = EDGE_CURVE('',#500,#508,#516,.T.);
#516 = LINE('',#517,#518);
#517 = CARTESIAN_POINT('',(29.090802125174,-130.1215028637,
    179.04724058872));
#518 = VECTOR('',#519,1.);
#519 = DIRECTION('',(0.353553116658,-0.612372467351,-0.70710689074));
#520 = PLANE('',#521);
#521 = AXIS2_PLACEMENT_3D('',#522,#523,#524);
#522 = CARTESIAN_POINT('',(29.290801980551,-130.4679130611,
    178.64724050607));
#523 = DIRECTION('',(-0.211324619533,-0.788675107416,0.577350396312));
#524 = DIRECTION('',(-0.353553116658,0.612372467351,0.70710689074));
#525 = ADVANCED_FACE('',(#526),#552,.T.);
#526 = FACE_BOUND('',#527,.T.);
#527 = EDGE_LOOP('',(#528,#538,#546));
#528 = ORIENTED_EDGE('',*,*,#529,.F.);
#529 = EDGE_CURVE('',#530,#532,#534,.T.);
#530 = VERTEX_POINT('',#531);
#531 = CARTESIAN_POINT('',(-98.16406536103,89.4903928464,178.64729317674
    ));
#532 = VERTEX_POINT('',#533);
#533 = CARTESIAN_POINT('',(-98.01765519951,90.036803007914,
    178.64729311624));
#534 = LINE('',#535,#536);
#535 = CARTESIAN_POINT('',(-98.16406536103,89.4903928464,178.64729317674
    ));
#536 = VECTOR('',#537,1.);
#537 = DIRECTION('',(0.258819045102,0.965925826289,-1.069564275339E-07)
  );
#538 = ORIENTED_EDGE('',*,*,#539,.F.);
#539 = EDGE_CURVE('',#540,#530,#542,.T.);
#540 = VERTEX_POINT('',#541);
#541 = CARTESIAN_POINT('',(-97.81765505486,89.690392882164,
    179.04729303359));
#542 = LINE('',#543,#544);
#543 = CARTESIAN_POINT('',(-97.81765505486,89.690392882164,
    179.04729303359));
#544 = VECTOR('',#545,1.);
#545 = DIRECTION('',(-0.612372691406,-0.353553453815,-0.707106528124));
#546 = ORIENTED_EDGE('',*,*,#547,.F.);
#547 = EDGE_CURVE('',#532,#540,#548,.T.);
#548 = LINE('',#549,#550);
#549 = CARTESIAN_POINT('',(-98.01765519951,90.036803007914,
    178.64729311624));
#550 = VECTOR('',#551,1.);
#551 = DIRECTION('',(0.353553664554,-0.612372404085,0.707106671582));
#552 = PLANE('',#553);
#553 = AXIS2_PLACEMENT_3D('',#554,#555,#556);
#554 = CARTESIAN_POINT('',(-97.81765505486,89.690392882164,
    179.04729303359));
#555 = DIRECTION('',(-0.788674923146,0.211324872677,0.577350555372));
#556 = DIRECTION('',(-0.353553664554,0.612372404085,-0.707106671582));
#557 = ADVANCED_FACE('',(#558),#574,.T.);
#558 = FACE_BOUND('',#559,.T.);
#559 = EDGE_LOOP('',(#560,#561,#567,#568));
#560 = ORIENTED_EDGE('',*,*,#539,.T.);
#561 = ORIENTED_EDGE('',*,*,#562,.T.);
#562 = EDGE_CURVE('',#530,#396,#563,.T.);
#563 = LINE('',#564,#565);
#564 = CARTESIAN_POINT('',(-2.88272249648,-75.54173400835,
    178.64725380177));
#565 = VECTOR('',#566,1.);
#566 = DIRECTION('',(0.5,-0.866025403784,-2.066248035744E-07));
#567 = ORIENTED_EDGE('',*,*,#395,.T.);
#568 = ORIENTED_EDGE('',*,*,#569,.T.);
#569 = EDGE_CURVE('',#398,#540,#570,.T.);
#570 = LINE('',#571,#572);
#571 = CARTESIAN_POINT('',(-2.536312169666,-75.34173400835,
    179.04725365861));
#572 = VECTOR('',#573,1.);
#573 = DIRECTION('',(-0.5,0.866025403784,2.066248035744E-07));
#574 = PLANE('',#575);
#575 = AXIS2_PLACEMENT_3D('',#576,#577,#578);
#576 = CARTESIAN_POINT('',(-2.709517333073,-75.44173400835,
    178.84725373019));
#577 = DIRECTION('',(-0.612372143484,-0.353553390593,0.707107034249));
#578 = DIRECTION('',(-0.5,0.866025403784,2.06624653748E-07));
#579 = ADVANCED_FACE('',(#580),#596,.T.);
#580 = FACE_BOUND('',#581,.T.);
#581 = EDGE_LOOP('',(#582,#583,#589,#590));
#582 = ORIENTED_EDGE('',*,*,#103,.T.);
#583 = ORIENTED_EDGE('',*,*,#584,.T.);
#584 = EDGE_CURVE('',#96,#532,#585,.T.);
#585 = LINE('',#586,#587);
#586 = CARTESIAN_POINT('',(-94.89996374589,91.836803007914,
    178.64729182786));
#587 = VECTOR('',#588,1.);
#588 = DIRECTION('',(-0.866025403784,-0.5,3.578844667344E-07));
#589 = ORIENTED_EDGE('',*,*,#547,.T.);
#590 = ORIENTED_EDGE('',*,*,#591,.T.);
#591 = EDGE_CURVE('',#540,#88,#592,.T.);
#592 = LINE('',#593,#594);
#593 = CARTESIAN_POINT('',(-94.69996360124,91.490392882164,
    179.04729174521));
#594 = VECTOR('',#595,1.);
#595 = DIRECTION('',(0.866025403784,0.5,-3.578844667344E-07));
#596 = PLANE('',#597);
#597 = AXIS2_PLACEMENT_3D('',#598,#599,#600);
#598 = CARTESIAN_POINT('',(-94.79996367357,91.663597945039,
    178.84729178653));
#599 = DIRECTION('',(-0.353553116632,0.612372467306,0.707106890791));
#600 = DIRECTION('',(-0.353553664554,0.612372404085,-0.707106671582));
#601 = ADVANCED_FACE('',(#602),#627,.T.);
#602 = FACE_BOUND('',#603,.T.);
#603 = EDGE_LOOP('',(#604,#614,#620,#621));
#604 = ORIENTED_EDGE('',*,*,#605,.T.);
#605 = EDGE_CURVE('',#606,#608,#610,.T.);
#606 = VERTEX_POINT('',#607);
#607 = CARTESIAN_POINT('',(-98.01765929697,90.036803008408,
    168.73276234005));
#608 = VERTEX_POINT('',#609);
#609 = CARTESIAN_POINT('',(-98.16406945849,89.490392846894,
    168.73276240053));
#610 = LINE('',#611,#612);
#611 = CARTESIAN_POINT('',(-98.01765929697,90.036803008408,
    168.73276234005));
#612 = VECTOR('',#613,1.);
#613 = DIRECTION('',(-0.258819045102,-0.965925826289,1.069161075596E-07)
  );
#614 = ORIENTED_EDGE('',*,*,#615,.T.);
#615 = EDGE_CURVE('',#608,#530,#616,.T.);
#616 = LINE('',#617,#618);
#617 = CARTESIAN_POINT('',(-98.16406754106,89.490392846663,
    173.37231620717));
#618 = VECTOR('',#619,1.);
#619 = DIRECTION('',(4.132781683709E-07,-4.985180867934E-11,1.));
#620 = ORIENTED_EDGE('',*,*,#529,.T.);
#621 = ORIENTED_EDGE('',*,*,#622,.T.);
#622 = EDGE_CURVE('',#532,#606,#623,.T.);
#623 = LINE('',#624,#625);
#624 = CARTESIAN_POINT('',(-98.01765737955,90.036803008177,
    173.37231614669));
#625 = VECTOR('',#626,1.);
#626 = DIRECTION('',(-4.132781683709E-07,4.985180867934E-11,-1.));
#627 = PLANE('',#628);
#628 = AXIS2_PLACEMENT_3D('',#629,#630,#631);
#629 = CARTESIAN_POINT('',(-98.0908624603,89.76359792742,173.37231617693
    ));
#630 = DIRECTION('',(-0.965925826289,0.258819045102,3.992089588685E-07)
  );
#631 = DIRECTION('',(-4.132782040999E-07,4.971846654147E-11,-1.));
#632 = ADVANCED_FACE('',(#633),#660,.T.);
#633 = FACE_BOUND('',#634,.T.);
#634 = EDGE_LOOP('',(#635,#645,#652,#653));
#635 = ORIENTED_EDGE('',*,*,#636,.T.);
#636 = EDGE_CURVE('',#637,#639,#641,.T.);
#637 = VERTEX_POINT('',#638);
#638 = CARTESIAN_POINT('',(-97.13898223683,88.514886660049,
    164.49012297553));
#639 = VERTEX_POINT('',#640);
#640 = CARTESIAN_POINT('',(-97.34397086902,88.069937588426,
    164.77296566032));
#641 = LINE('',#642,#643);
#642 = CARTESIAN_POINT('',(-97.13898223683,88.514886660049,
    164.49012297553));
#643 = VECTOR('',#644,1.);
#644 = DIRECTION('',(-0.362372129719,-0.786566264569,0.499999951046));
#645 = ORIENTED_EDGE('',*,*,#646,.T.);
#646 = EDGE_CURVE('',#639,#608,#647,.T.);
#647 = CIRCLE('',#648,5.6);
#648 = AXIS2_PLACEMENT_3D('',#649,#650,#651);
#649 = CARTESIAN_POINT('',(-95.36406945849,84.640650585702,
    168.73276124311));
#650 = DIRECTION('',(0.866025403784,0.5,-3.578844667562E-07));
#651 = DIRECTION('',(-0.461939962425,0.800103211054,-0.382683057863));
#652 = ORIENTED_EDGE('',*,*,#605,.F.);
#653 = ORIENTED_EDGE('',*,*,#654,.T.);
#654 = EDGE_CURVE('',#606,#637,#655,.T.);
#655 = CIRCLE('',#656,6.);
#656 = AXIS2_PLACEMENT_3D('',#657,#658,#659);
#657 = CARTESIAN_POINT('',(-95.01765929697,84.840650585702,
    168.73276109996));
#658 = DIRECTION('',(-0.866025403784,-0.5,3.578844667562E-07));
#659 = DIRECTION('',(-0.461939962425,0.800103211054,-0.382683057863));
#660 = CONICAL_SURFACE('',#661,5.8,0.785398163397);
#661 = AXIS2_PLACEMENT_3D('',#662,#663,#664);
#662 = CARTESIAN_POINT('',(-95.19086437773,84.740650585702,
    168.73276117153));
#663 = DIRECTION('',(0.866025403784,0.5,-3.57884386712E-07));
#664 = DIRECTION('',(-0.461939962425,0.800103211054,-0.382683057863));
#665 = ADVANCED_FACE('',(#666),#691,.T.);
#666 = FACE_BOUND('',#667,.T.);
#667 = EDGE_LOOP('',(#668,#678,#684,#685));
#668 = ORIENTED_EDGE('',*,*,#669,.T.);
#669 = EDGE_CURVE('',#670,#672,#674,.T.);
#670 = VERTEX_POINT('',#671);
#671 = CARTESIAN_POINT('',(-93.89634254413,82.898465319673,
    158.0048317354));
#672 = VERTEX_POINT('',#673);
#673 = CARTESIAN_POINT('',(-94.10133117631,82.45351624805,
    158.28767442018));
#674 = LINE('',#675,#676);
#675 = CARTESIAN_POINT('',(-93.89634254413,82.898465319673,
    158.0048317354));
#676 = VECTOR('',#677,1.);
#677 = DIRECTION('',(-0.362372129719,-0.786566264569,0.499999951046));
#678 = ORIENTED_EDGE('',*,*,#679,.T.);
#679 = EDGE_CURVE('',#672,#639,#680,.T.);
#680 = LINE('',#681,#682);
#681 = CARTESIAN_POINT('',(-81.22785060933,60.155975406889,
    132.54066622224));
#682 = VECTOR('',#683,1.);
#683 = DIRECTION('',(-0.353552957877,0.612372192334,0.707107208302));
#684 = ORIENTED_EDGE('',*,*,#636,.F.);
#685 = ORIENTED_EDGE('',*,*,#686,.T.);
#686 = EDGE_CURVE('',#637,#670,#687,.T.);
#687 = LINE('',#688,#689);
#688 = CARTESIAN_POINT('',(-81.02286197714,60.600924478512,
    132.25782353746));
#689 = VECTOR('',#690,1.);
#690 = DIRECTION('',(0.353552957877,-0.612372192334,-0.707107208302));
#691 = PLANE('',#692);
#692 = AXIS2_PLACEMENT_3D('',#693,#694,#695);
#693 = CARTESIAN_POINT('',(-81.12535629324,60.3784499427,132.39924487985
    ));
#694 = DIRECTION('',(-0.862372741673,7.945948338173E-02,-0.499999444921)
  );
#695 = DIRECTION('',(0.353552957877,-0.612372192334,-0.707107208303));
#696 = ADVANCED_FACE('',(#697),#724,.T.);
#697 = FACE_BOUND('',#698,.T.);
#698 = EDGE_LOOP('',(#699,#709,#716,#717));
#699 = ORIENTED_EDGE('',*,*,#700,.T.);
#700 = EDGE_CURVE('',#701,#703,#705,.T.);
#701 = VERTEX_POINT('',#702);
#702 = CARTESIAN_POINT('',(-91.77502446804,79.224233375019,
    156.24746985982));
#703 = VERTEX_POINT('',#704);
#704 = CARTESIAN_POINT('',(-92.1214343053,79.024233099706,
    156.64747000298));
#705 = LINE('',#706,#707);
#706 = CARTESIAN_POINT('',(-91.77502446804,79.224233375019,
    156.24746985982));
#707 = VECTOR('',#708,1.);
#708 = DIRECTION('',(-0.612371862494,-0.353553877282,0.707107034249));
#709 = ORIENTED_EDGE('',*,*,#710,.T.);
#710 = EDGE_CURVE('',#703,#672,#711,.T.);
#711 = CIRCLE('',#712,5.6);
#712 = AXIS2_PLACEMENT_3D('',#713,#714,#715);
#713 = CARTESIAN_POINT('',(-92.12142976578,79.024229245326,
    162.24747000297));
#714 = DIRECTION('',(0.866025403784,0.5,-3.578844667007E-07));
#715 = DIRECTION('',(-0.19134237333,0.331414050964,-0.923879225328));
#716 = ORIENTED_EDGE('',*,*,#669,.F.);
#717 = ORIENTED_EDGE('',*,*,#718,.T.);
#718 = EDGE_CURVE('',#670,#701,#719,.T.);
#719 = CIRCLE('',#720,6.);
#720 = AXIS2_PLACEMENT_3D('',#721,#722,#723);
#721 = CARTESIAN_POINT('',(-91.77501960427,79.224229245326,
    162.24746985982));
#722 = DIRECTION('',(-0.866025403784,-0.5,3.578844667007E-07));
#723 = DIRECTION('',(-0.19134237333,0.331414050964,-0.923879225328));
#724 = CONICAL_SURFACE('',#725,5.8,0.785398163398);
#725 = AXIS2_PLACEMENT_3D('',#726,#727,#728);
#726 = CARTESIAN_POINT('',(-91.94822468502,79.124229245326,
    162.2474699314));
#727 = DIRECTION('',(0.866025403784,0.5,-3.57884386712E-07));
#728 = DIRECTION('',(-0.19134237333,0.331414050964,-0.923879225328));
#729 = ADVANCED_FACE('',(#730),#755,.T.);
#730 = FACE_BOUND('',#731,.T.);
#731 = EDGE_LOOP('',(#732,#742,#748,#749));
#732 = ORIENTED_EDGE('',*,*,#733,.T.);
#733 = EDGE_CURVE('',#734,#736,#738,.T.);
#734 = VERTEX_POINT('',#735);
#735 = CARTESIAN_POINT('',(23.048151338898,-119.6553410091,
    156.24723989552));
#736 = VERTEX_POINT('',#737);
#737 = CARTESIAN_POINT('',(22.701741501636,-119.8553412844,
    156.64724003868));
#738 = LINE('',#739,#740);
#739 = CARTESIAN_POINT('',(23.048151338898,-119.6553410091,
    156.24723989552));
#740 = VECTOR('',#741,1.);
#741 = DIRECTION('',(-0.612371862494,-0.353553877282,0.707107034249));
#742 = ORIENTED_EDGE('',*,*,#743,.T.);
#743 = EDGE_CURVE('',#736,#703,#744,.T.);
#744 = LINE('',#745,#746);
#745 = CARTESIAN_POINT('',(-66.53696226409,34.710627639489,
    156.64741876319));
#746 = VECTOR('',#747,1.);
#747 = DIRECTION('',(-0.5,0.866025403784,1.001384519457E-06));
#748 = ORIENTED_EDGE('',*,*,#700,.F.);
#749 = ORIENTED_EDGE('',*,*,#750,.T.);
#750 = EDGE_CURVE('',#701,#734,#751,.T.);
#751 = LINE('',#752,#753);
#752 = CARTESIAN_POINT('',(-66.19055242683,34.910627914802,
    156.24741862003));
#753 = VECTOR('',#754,1.);
#754 = DIRECTION('',(0.5,-0.866025403784,-1.001384519457E-06));
#755 = PLANE('',#756);
#756 = AXIS2_PLACEMENT_3D('',#757,#758,#759);
#757 = CARTESIAN_POINT('',(-66.36375734546,34.810627777145,
    156.44741869161));
#758 = DIRECTION('',(-0.612373008897,-0.353552903904,-0.707106528124));
#759 = DIRECTION('',(0.5,-0.866025403784,-1.001384669463E-06));
#760 = ADVANCED_FACE('',(#761),#788,.T.);
#761 = FACE_BOUND('',#762,.T.);
#762 = EDGE_LOOP('',(#763,#773,#780,#781));
#763 = ORIENTED_EDGE('',*,*,#764,.T.);
#764 = EDGE_CURVE('',#765,#767,#769,.T.);
#765 = VERTEX_POINT('',#766);
#766 = CARTESIAN_POINT('',(25.169473950055,-123.329578293,
    158.00459664595));
#767 = VERTEX_POINT('',#768);
#768 = CARTESIAN_POINT('',(24.681642605382,-123.284629416,
    158.28743967241));
#769 = LINE('',#770,#771);
#770 = CARTESIAN_POINT('',(25.169473950055,-123.329578293,
    158.00459664595));
#771 = VECTOR('',#772,1.);
#772 = DIRECTION('',(-0.862372129733,7.945913924076E-02,0.50000055505));
#773 = ORIENTED_EDGE('',*,*,#774,.T.);
#774 = EDGE_CURVE('',#767,#736,#775,.T.);
#775 = CIRCLE('',#776,5.6);
#776 = AXIS2_PLACEMENT_3D('',#777,#778,#779);
#777 = CARTESIAN_POINT('',(22.70174604116,-119.8553451387,
    162.24724003867));
#778 = DIRECTION('',(0.866025403784,0.5,-3.578844667285E-07));
#779 = DIRECTION('',(0.191341059048,-0.33141309713,-0.923879839683));
#780 = ORIENTED_EDGE('',*,*,#733,.F.);
#781 = ORIENTED_EDGE('',*,*,#782,.T.);
#782 = EDGE_CURVE('',#734,#765,#783,.T.);
#783 = CIRCLE('',#784,6.);
#784 = AXIS2_PLACEMENT_3D('',#785,#786,#787);
#785 = CARTESIAN_POINT('',(23.048156202673,-119.6553451387,
    162.24723989552));
#786 = DIRECTION('',(-0.866025403784,-0.5,3.578844667007E-07));
#787 = DIRECTION('',(0.191341059048,-0.33141309713,-0.923879839683));
#788 = CONICAL_SURFACE('',#789,5.8,0.785398163397);
#789 = AXIS2_PLACEMENT_3D('',#790,#791,#792);
#790 = CARTESIAN_POINT('',(22.874951121917,-119.7553451387,
    162.2472399671));
#791 = DIRECTION('',(0.866025403784,0.5,-3.57884386712E-07));
#792 = DIRECTION('',(0.191341059048,-0.33141309713,-0.923879839683));
#793 = ADVANCED_FACE('',(#794),#819,.T.);
#794 = FACE_BOUND('',#795,.T.);
#795 = EDGE_LOOP('',(#796,#806,#812,#813));
#796 = ORIENTED_EDGE('',*,*,#797,.T.);
#797 = EDGE_CURVE('',#798,#800,#802,.T.);
#798 = VERTEX_POINT('',#799);
#799 = CARTESIAN_POINT('',(28.41211563096,-128.9459937931,164.4898681538
    ));
#800 = VERTEX_POINT('',#801);
#801 = CARTESIAN_POINT('',(27.924284286288,-128.9010449161,
    164.77271118026));
#802 = LINE('',#803,#804);
#803 = CARTESIAN_POINT('',(28.41211563096,-128.9459937931,164.4898681538
    ));
#804 = VECTOR('',#805,1.);
#805 = DIRECTION('',(-0.862372129733,7.94591392405E-02,0.50000055505));
#806 = ORIENTED_EDGE('',*,*,#807,.T.);
#807 = EDGE_CURVE('',#800,#767,#808,.T.);
#808 = LINE('',#809,#810);
#809 = CARTESIAN_POINT('',(11.808139062446,-100.9870856371,
    132.54047964752));
#810 = VECTOR('',#811,1.);
#811 = DIRECTION('',(-0.35355382329,0.612372679023,-0.707106354111));
#812 = ORIENTED_EDGE('',*,*,#764,.F.);
#813 = ORIENTED_EDGE('',*,*,#814,.T.);
#814 = EDGE_CURVE('',#765,#798,#815,.T.);
#815 = LINE('',#816,#817);
#816 = CARTESIAN_POINT('',(12.295970407119,-101.0320345141,
    132.25763662107));
#817 = VECTOR('',#818,1.);
#818 = DIRECTION('',(0.35355382329,-0.612372679023,0.707106354111));
#819 = PLANE('',#820);
#820 = AXIS2_PLACEMENT_3D('',#821,#822,#823);
#821 = CARTESIAN_POINT('',(12.052054734782,-101.0095600756,
    132.39905813429));
#822 = DIRECTION('',(-0.362372741658,-0.786565920427,-0.500000048925));
#823 = DIRECTION('',(0.35355382329,-0.612372679023,0.707106354111));
#824 = ADVANCED_FACE('',(#825),#852,.T.);
#825 = FACE_BOUND('',#826,.T.);
#826 = EDGE_LOOP('',(#827,#837,#844,#845));
#827 = ORIENTED_EDGE('',*,*,#828,.T.);
#828 = EDGE_CURVE('',#829,#831,#833,.T.);
#829 = VERTEX_POINT('',#830);
#830 = CARTESIAN_POINT('',(29.290797883579,-130.4679130616,
    168.73251016397));
#831 = VERTEX_POINT('',#832);
#832 = CARTESIAN_POINT('',(28.744387722066,-130.3215029,168.73251038975)
  );
#833 = LINE('',#834,#835);
#834 = CARTESIAN_POINT('',(29.290797883579,-130.4679130616,
    168.73251016397));
#835 = VECTOR('',#836,1.);
#836 = DIRECTION('',(-0.965925826289,0.258819045102,3.991277035118E-07)
  );
#837 = ORIENTED_EDGE('',*,*,#838,.T.);
#838 = EDGE_CURVE('',#831,#800,#839,.T.);
#839 = CIRCLE('',#840,5.6);
#840 = AXIS2_PLACEMENT_3D('',#841,#842,#843);
#841 = CARTESIAN_POINT('',(25.944387722065,-125.4717606389,
    168.73251154653));
#842 = DIRECTION('',(0.866025403784,0.5,-3.578844667007E-07));
#843 = DIRECTION('',(0.461939570102,-0.800103079357,-0.382683806787));
#844 = ORIENTED_EDGE('',*,*,#797,.F.);
#845 = ORIENTED_EDGE('',*,*,#846,.T.);
#846 = EDGE_CURVE('',#798,#829,#847,.T.);
#847 = CIRCLE('',#848,6.);
#848 = AXIS2_PLACEMENT_3D('',#849,#850,#851);
#849 = CARTESIAN_POINT('',(26.290797883579,-125.2717606389,
    168.73251140337));
#850 = DIRECTION('',(-0.866025403784,-0.5,3.578844667007E-07));
#851 = DIRECTION('',(0.461939570102,-0.800103079357,-0.382683806787));
#852 = CONICAL_SURFACE('',#853,5.8,0.785398163397);
#853 = AXIS2_PLACEMENT_3D('',#854,#855,#856);
#854 = CARTESIAN_POINT('',(26.117592802822,-125.3717606389,
    168.73251147495));
#855 = DIRECTION('',(0.866025403784,0.5,-3.57884386712E-07));
#856 = DIRECTION('',(0.461939570103,-0.800103079357,-0.382683806787));
#857 = ADVANCED_FACE('',(#858),#874,.T.);
#858 = FACE_BOUND('',#859,.T.);
#859 = EDGE_LOOP('',(#860,#861,#867,#868));
#860 = ORIENTED_EDGE('',*,*,#828,.F.);
#861 = ORIENTED_EDGE('',*,*,#862,.T.);
#862 = EDGE_CURVE('',#829,#508,#863,.T.);
#863 = LINE('',#864,#865);
#864 = CARTESIAN_POINT('',(29.290795069442,-130.4679130619,
    161.92225697996));
#865 = VECTOR('',#866,1.);
#866 = DIRECTION('',(4.132207148719E-07,4.966057080781E-11,1.));
#867 = ORIENTED_EDGE('',*,*,#507,.T.);
#868 = ORIENTED_EDGE('',*,*,#869,.T.);
#869 = EDGE_CURVE('',#498,#831,#870,.T.);
#870 = LINE('',#871,#872);
#871 = CARTESIAN_POINT('',(28.744384907928,-130.3215029004,
    161.92225720574));
#872 = VECTOR('',#873,1.);
#873 = DIRECTION('',(-4.132207148719E-07,-4.966057080781E-11,-1.));
#874 = PLANE('',#875);
#875 = AXIS2_PLACEMENT_3D('',#876,#877,#878);
#876 = CARTESIAN_POINT('',(29.017589988685,-130.3947079811,
    161.92225709285));
#877 = DIRECTION('',(-0.258819045102,-0.965925826289,1.069973592676E-07)
  );
#878 = DIRECTION('',(4.13220848214E-07,4.962484188995E-11,1.));
#879 = ADVANCED_FACE('',(#880),#896,.T.);
#880 = FACE_BOUND('',#881,.T.);
#881 = EDGE_LOOP('',(#882,#883,#889,#890));
#882 = ORIENTED_EDGE('',*,*,#31,.T.);
#883 = ORIENTED_EDGE('',*,*,#884,.T.);
#884 = EDGE_CURVE('',#22,#500,#885,.T.);
#885 = LINE('',#886,#887);
#886 = CARTESIAN_POINT('',(32.208493578798,-128.3215028637,
    179.04723930034));
#887 = VECTOR('',#888,1.);
#888 = DIRECTION('',(-0.866025403784,-0.5,3.578844667344E-07));
#889 = ORIENTED_EDGE('',*,*,#515,.T.);
#890 = ORIENTED_EDGE('',*,*,#891,.T.);
#891 = EDGE_CURVE('',#508,#32,#892,.T.);
#892 = LINE('',#893,#894);
#893 = CARTESIAN_POINT('',(32.408493434175,-128.6679130611,
    178.64723921769));
#894 = VECTOR('',#895,1.);
#895 = DIRECTION('',(0.866025403784,0.5,-3.578844667344E-07));
#896 = PLANE('',#897);
#897 = AXIS2_PLACEMENT_3D('',#898,#899,#900);
#898 = CARTESIAN_POINT('',(32.308493506486,-128.4947079624,
    178.84723925901));
#899 = DIRECTION('',(0.353553664529,-0.612372404041,0.707106671633));
#900 = DIRECTION('',(-0.353553116658,0.61237246735,0.70710689074));
#901 = ADVANCED_FACE('',(#902),#918,.T.);
#902 = FACE_BOUND('',#903,.T.);
#903 = EDGE_LOOP('',(#904,#905,#911,#912));
#904 = ORIENTED_EDGE('',*,*,#63,.T.);
#905 = ORIENTED_EDGE('',*,*,#906,.T.);
#906 = EDGE_CURVE('',#54,#498,#907,.T.);
#907 = LINE('',#908,#909);
#908 = CARTESIAN_POINT('',(-2.88272249648,-75.54173400835,
    178.64725380177));
#909 = VECTOR('',#910,1.);
#910 = DIRECTION('',(0.5,-0.866025403784,-2.066248035744E-07));
#911 = ORIENTED_EDGE('',*,*,#497,.T.);
#912 = ORIENTED_EDGE('',*,*,#913,.T.);
#913 = EDGE_CURVE('',#500,#64,#914,.T.);
#914 = LINE('',#915,#916);
#915 = CARTESIAN_POINT('',(-2.536312169666,-75.34173400835,
    179.04725365861));
#916 = VECTOR('',#917,1.);
#917 = DIRECTION('',(-0.5,0.866025403784,2.066248035744E-07));
#918 = PLANE('',#919);
#919 = AXIS2_PLACEMENT_3D('',#920,#921,#922);
#920 = CARTESIAN_POINT('',(-2.709517333073,-75.44173400835,
    178.84725373019));
#921 = DIRECTION('',(-0.612372143484,-0.353553390593,0.707107034249));
#922 = DIRECTION('',(-0.5,0.866025403784,2.06624653748E-07));
#923 = ADVANCED_FACE('',(#924),#940,.T.);
#924 = FACE_BOUND('',#925,.T.);
#925 = EDGE_LOOP('',(#926,#927,#933,#934));
#926 = ORIENTED_EDGE('',*,*,#85,.T.);
#927 = ORIENTED_EDGE('',*,*,#928,.T.);
#928 = EDGE_CURVE('',#88,#22,#929,.T.);
#929 = LINE('',#930,#931);
#930 = CARTESIAN_POINT('',(0.234969122443,-73.74173400835,
    179.04725251338));
#931 = VECTOR('',#932,1.);
#932 = DIRECTION('',(0.5,-0.866025403784,-2.066248035744E-07));
#933 = ORIENTED_EDGE('',*,*,#21,.T.);
#934 = ORIENTED_EDGE('',*,*,#935,.T.);
#935 = EDGE_CURVE('',#24,#86,#936,.T.);
#936 = LINE('',#937,#938);
#937 = CARTESIAN_POINT('',(0.581379118657,-73.54173400835,
    178.64725237023));
#938 = VECTOR('',#939,1.);
#939 = DIRECTION('',(-0.5,0.866025403784,2.066248035744E-07));
#940 = PLANE('',#941);
#941 = AXIS2_PLACEMENT_3D('',#942,#943,#944);
#942 = CARTESIAN_POINT('',(0.40817412055,-73.64173400835,178.84725244181
    ));
#943 = DIRECTION('',(0.612372727907,0.353553390593,0.707106528124));
#944 = DIRECTION('',(-0.5,0.866025403784,2.066249527588E-07));
#945 = ADVANCED_FACE('',(#946),#979,.T.);
#946 = FACE_BOUND('',#947,.T.);
#947 = EDGE_LOOP('',(#948,#958,#964,#965,#973));
#948 = ORIENTED_EDGE('',*,*,#949,.T.);
#949 = EDGE_CURVE('',#950,#952,#954,.T.);
#950 = VERTEX_POINT('',#951);
#951 = CARTESIAN_POINT('',(-10.62764777961,-141.7271297739,
    178.84725700235));
#952 = VERTEX_POINT('',#953);
#953 = CARTESIAN_POINT('',(-10.3544427815,-141.8003348547,
    178.64725688944));
#954 = LINE('',#955,#956);
#955 = CARTESIAN_POINT('',(-0.188940143612,-144.5241739012,
    171.20558602189));
#956 = VECTOR('',#957,1.);
#957 = DIRECTION('',(0.788674896005,-0.211324865405,-0.577350595109));
#958 = ORIENTED_EDGE('',*,*,#959,.T.);
#959 = EDGE_CURVE('',#952,#56,#960,.T.);
#960 = LINE('',#961,#962);
#961 = CARTESIAN_POINT('',(27.404264823487,-120.0003348547,
    178.64724128568));
#962 = VECTOR('',#963,1.);
#963 = DIRECTION('',(0.866025403784,0.5,-3.578844667344E-07));
#964 = ORIENTED_EDGE('',*,*,#71,.T.);
#965 = ORIENTED_EDGE('',*,*,#966,.T.);
#966 = EDGE_CURVE('',#64,#967,#969,.T.);
#967 = VERTEX_POINT('',#968);
#968 = CARTESIAN_POINT('',(-10.5544426162,-141.4539246932,
    179.04725697209));
#969 = LINE('',#970,#971);
#970 = CARTESIAN_POINT('',(27.204264988786,-119.6539246932,
    179.04724136833));
#971 = VECTOR('',#972,1.);
#972 = DIRECTION('',(-0.866025403784,-0.5,3.578844667344E-07));
#973 = ORIENTED_EDGE('',*,*,#974,.T.);
#974 = EDGE_CURVE('',#967,#950,#975,.T.);
#975 = LINE('',#976,#977);
#976 = CARTESIAN_POINT('',(-4.695237290713,-119.5870974145,
    195.05488311912));
#977 = VECTOR('',#978,1.);
#978 = DIRECTION('',(-0.211325103995,-0.788675134595,-0.57735018186));
#979 = PLANE('',#980);
#980 = AXIS2_PLACEMENT_3D('',#981,#982,#983);
#981 = CARTESIAN_POINT('',(27.304264906137,-119.8271297739,
    178.84724132701));
#982 = DIRECTION('',(0.353553682805,-0.612372435696,0.707106635081));
#983 = DIRECTION('',(-0.353553098382,0.612372435696,0.707106927292));
#984 = ADVANCED_FACE('',(#985),#1010,.T.);
#985 = FACE_BOUND('',#986,.T.);
#986 = EDGE_LOOP('',(#987,#997,#1003,#1004));
#987 = ORIENTED_EDGE('',*,*,#988,.T.);
#988 = EDGE_CURVE('',#989,#991,#993,.T.);
#989 = VERTEX_POINT('',#990);
#990 = CARTESIAN_POINT('',(23.593752137687,-122.2003348547,
    176.44724286037));
#991 = VERTEX_POINT('',#992);
#992 = CARTESIAN_POINT('',(24.140162464501,-122.3467450162,
    176.84724263457));
#993 = LINE('',#994,#995);
#994 = CARTESIAN_POINT('',(23.542531412081,-122.1866103068,
    176.40974671934));
#995 = VECTOR('',#996,1.);
#996 = DIRECTION('',(0.788675373184,-0.211324865405,0.57734994327));
#997 = ORIENTED_EDGE('',*,*,#998,.T.);
#998 = EDGE_CURVE('',#991,#54,#999,.T.);
#999 = LINE('',#1000,#1001);
#1000 = CARTESIAN_POINT('',(24.140160387932,-122.3467450162,
    171.82226566137));
#1001 = VECTOR('',#1002,1.);
#1002 = DIRECTION('',(4.132494354186E-07,-8.487544469578E-14,1.));
#1003 = ORIENTED_EDGE('',*,*,#53,.T.);
#1004 = ORIENTED_EDGE('',*,*,#1005,.T.);
#1005 = EDGE_CURVE('',#56,#989,#1006,.T.);
#1006 = LINE('',#1007,#1008);
#1007 = CARTESIAN_POINT('',(23.593750226418,-122.2003348547,
    171.82226588717));
#1008 = VECTOR('',#1009,1.);
#1009 = DIRECTION('',(-4.132494354186E-07,8.487544469578E-14,-1.));
#1010 = PLANE('',#1011);
#1011 = AXIS2_PLACEMENT_3D('',#1012,#1013,#1014);
#1012 = CARTESIAN_POINT('',(23.866955307175,-122.2735399354,
    171.82226577427));
#1013 = DIRECTION('',(-0.258819045102,-0.965925826289,1.069567422808E-07
    ));
#1014 = DIRECTION('',(4.132495687608E-07,-1.206043626651E-13,1.));
#1015 = ADVANCED_FACE('',(#1016),#1027,.T.);
#1016 = FACE_BOUND('',#1017,.T.);
#1017 = EDGE_LOOP('',(#1018,#1019,#1020,#1021));
#1018 = ORIENTED_EDGE('',*,*,#622,.F.);
#1019 = ORIENTED_EDGE('',*,*,#584,.F.);
#1020 = ORIENTED_EDGE('',*,*,#374,.F.);
#1021 = ORIENTED_EDGE('',*,*,#1022,.F.);
#1022 = EDGE_CURVE('',#606,#341,#1023,.T.);
#1023 = LINE('',#1024,#1025);
#1024 = CARTESIAN_POINT('',(-94.89996784335,91.836803008409,
    168.73276105167));
#1025 = VECTOR('',#1026,1.);
#1026 = DIRECTION('',(0.866025403784,0.5,-3.578844667344E-07));
#1027 = PLANE('',#1028);
#1028 = AXIS2_PLACEMENT_3D('',#1029,#1030,#1031);
#1029 = CARTESIAN_POINT('',(-94.89996353925,91.836803007889,
    179.14729182786));
#1030 = DIRECTION('',(-0.5,0.866025403784,2.066822571183E-07));
#1031 = DIRECTION('',(-4.132781683211E-07,4.985183744622E-11,-1.));
#1032 = ADVANCED_FACE('',(#1033,#1070,#1104,#1138,#1172),#1206,.T.);
#1033 = FACE_BOUND('',#1034,.T.);
#1034 = EDGE_LOOP('',(#1035,#1043,#1044,#1045,#1046,#1047,#1048,#1049,
    #1050,#1051,#1052,#1053,#1054,#1055,#1056,#1064));
#1035 = ORIENTED_EDGE('',*,*,#1036,.F.);
#1036 = EDGE_CURVE('',#428,#1037,#1039,.T.);
#1037 = VERTEX_POINT('',#1038);
#1038 = CARTESIAN_POINT('',(-93.15983786611,80.822814711579,
    176.04729110875));
#1039 = LINE('',#1040,#1041);
#1040 = CARTESIAN_POINT('',(-77.5411065316,53.770356131614,
    144.80979616754));
#1041 = VECTOR('',#1042,1.);
#1042 = DIRECTION('',(0.353553098382,-0.612372435696,-0.707106927292));
#1043 = ORIENTED_EDGE('',*,*,#444,.F.);
#1044 = ORIENTED_EDGE('',*,*,#562,.F.);
#1045 = ORIENTED_EDGE('',*,*,#615,.F.);
#1046 = ORIENTED_EDGE('',*,*,#646,.F.);
#1047 = ORIENTED_EDGE('',*,*,#679,.F.);
#1048 = ORIENTED_EDGE('',*,*,#710,.F.);
#1049 = ORIENTED_EDGE('',*,*,#743,.F.);
#1050 = ORIENTED_EDGE('',*,*,#774,.F.);
#1051 = ORIENTED_EDGE('',*,*,#807,.F.);
#1052 = ORIENTED_EDGE('',*,*,#838,.F.);
#1053 = ORIENTED_EDGE('',*,*,#869,.F.);
#1054 = ORIENTED_EDGE('',*,*,#906,.F.);
#1055 = ORIENTED_EDGE('',*,*,#998,.F.);
#1056 = ORIENTED_EDGE('',*,*,#1057,.F.);
#1057 = EDGE_CURVE('',#1058,#991,#1060,.T.);
#1058 = VERTEX_POINT('',#1059);
#1059 = CARTESIAN_POINT('',(23.740162133901,-121.6539246932,
    176.04724279987));
#1060 = LINE('',#1061,#1062);
#1061 = CARTESIAN_POINT('',(8.121404981806,-94.60146611352,
    144.80976076788));
#1062 = VECTOR('',#1063,1.);
#1063 = DIRECTION('',(0.353553682805,-0.612372435696,0.707106635081));
#1064 = ORIENTED_EDGE('',*,*,#1065,.T.);
#1065 = EDGE_CURVE('',#1058,#1037,#1066,.T.);
#1066 = LINE('',#1067,#1068);
#1067 = CARTESIAN_POINT('',(-64.03483786594,30.376834940845,
    176.04727907285));
#1068 = VECTOR('',#1069,1.);
#1069 = DIRECTION('',(-0.5,0.866025403784,2.066248034592E-07));
#1070 = FACE_BOUND('',#1071,.T.);
#1071 = EDGE_LOOP('',(#1072,#1082,#1090,#1098));
#1072 = ORIENTED_EDGE('',*,*,#1073,.T.);
#1073 = EDGE_CURVE('',#1074,#1076,#1078,.T.);
#1074 = VERTEX_POINT('',#1075);
#1075 = CARTESIAN_POINT('',(-88.35985862686,72.508997281498,
    162.75750722136));
#1076 = VERTEX_POINT('',#1077);
#1077 = CARTESIAN_POINT('',(-88.35985649726,72.508997281497,
    167.91079304866));
#1078 = LINE('',#1079,#1080);
#1079 = CARTESIAN_POINT('',(-88.35985724941,72.508997281497,
    166.09071016642));
#1080 = VECTOR('',#1081,1.);
#1081 = DIRECTION('',(4.13249482964E-07,-1.672263491439E-13,1.));
#1082 = ORIENTED_EDGE('',*,*,#1083,.T.);
#1083 = EDGE_CURVE('',#1076,#1084,#1086,.T.);
#1084 = VERTEX_POINT('',#1085);
#1085 = CARTESIAN_POINT('',(-80.85985649726,59.518616224732,
    167.91078994929));
#1086 = LINE('',#1087,#1088);
#1087 = CARTESIAN_POINT('',(-57.78484886272,19.551530616665,
    167.91078041355));
#1088 = VECTOR('',#1089,1.);
#1089 = DIRECTION('',(0.5,-0.866025403784,-2.066248253137E-07));
#1090 = ORIENTED_EDGE('',*,*,#1091,.T.);
#1091 = EDGE_CURVE('',#1084,#1092,#1094,.T.);
#1092 = VERTEX_POINT('',#1093);
#1093 = CARTESIAN_POINT('',(-80.85985862686,59.518616224733,
    162.75750412198));
#1094 = LINE('',#1095,#1096);
#1095 = CARTESIAN_POINT('',(-80.85985724941,59.518616224732,
    166.09070706705));
#1096 = VECTOR('',#1097,1.);
#1097 = DIRECTION('',(-4.132494819577E-07,1.654833647674E-13,-1.));
#1098 = ORIENTED_EDGE('',*,*,#1099,.T.);
#1099 = EDGE_CURVE('',#1092,#1074,#1100,.T.);
#1100 = LINE('',#1101,#1102);
#1101 = CARTESIAN_POINT('',(-57.78485099231,19.551530616666,
    162.75749458624));
#1102 = VECTOR('',#1103,1.);
#1103 = DIRECTION('',(-0.5,0.866025403784,2.066248863043E-07));
#1104 = FACE_BOUND('',#1105,.T.);
#1105 = EDGE_LOOP('',(#1106,#1116,#1124,#1132));
#1106 = ORIENTED_EDGE('',*,*,#1107,.T.);
#1107 = EDGE_CURVE('',#1108,#1110,#1112,.T.);
#1108 = VERTEX_POINT('',#1109);
#1109 = CARTESIAN_POINT('',(-12.59319196018,-58.72271890529,
    162.75747591081));
#1110 = VERTEX_POINT('',#1111);
#1111 = CARTESIAN_POINT('',(-20.09319196018,-45.73233784852,
    162.75747901018));
#1112 = LINE('',#1113,#1114);
#1113 = CARTESIAN_POINT('',(-23.65151765897,-39.56913694834,
    162.75748048066));
#1114 = VECTOR('',#1115,1.);
#1115 = DIRECTION('',(-0.5,0.866025403784,2.066248863043E-07));
#1116 = ORIENTED_EDGE('',*,*,#1117,.T.);
#1117 = EDGE_CURVE('',#1110,#1118,#1120,.T.);
#1118 = VERTEX_POINT('',#1119);
#1119 = CARTESIAN_POINT('',(-20.09318983059,-45.73233784852,
    167.91076483749));
#1120 = LINE('',#1121,#1122);
#1121 = CARTESIAN_POINT('',(-20.09319058273,-45.73233784852,
    166.09068195524));
#1122 = VECTOR('',#1123,1.);
#1123 = DIRECTION('',(4.13249482964E-07,-1.672263491439E-13,1.));
#1124 = ORIENTED_EDGE('',*,*,#1125,.T.);
#1125 = EDGE_CURVE('',#1118,#1126,#1128,.T.);
#1126 = VERTEX_POINT('',#1127);
#1127 = CARTESIAN_POINT('',(-12.59318983058,-58.72271890529,
    167.91076173811));
#1128 = LINE('',#1129,#1130);
#1129 = CARTESIAN_POINT('',(-23.65151552938,-39.56913694834,
    167.91076630796));
#1130 = VECTOR('',#1131,1.);
#1131 = DIRECTION('',(0.5,-0.866025403784,-2.066248253137E-07));
#1132 = ORIENTED_EDGE('',*,*,#1133,.T.);
#1133 = EDGE_CURVE('',#1126,#1108,#1134,.T.);
#1134 = LINE('',#1135,#1136);
#1135 = CARTESIAN_POINT('',(-12.59319058273,-58.72271890529,
    166.09067885587));
#1136 = VECTOR('',#1137,1.);
#1137 = DIRECTION('',(-4.132494819577E-07,1.654833647674E-13,-1.));
#1138 = FACE_BOUND('',#1139,.T.);
#1139 = EDGE_LOOP('',(#1140,#1150,#1158,#1166));
#1140 = ORIENTED_EDGE('',*,*,#1141,.T.);
#1141 = EDGE_CURVE('',#1142,#1144,#1146,.T.);
#1142 = VERTEX_POINT('',#1143);
#1143 = CARTESIAN_POINT('',(-46.72652529352,0.39794865972,162.7574900164
    ));
#1144 = VERTEX_POINT('',#1145);
#1145 = CARTESIAN_POINT('',(-54.22652529352,13.388329716485,
    162.75749311577));
#1146 = LINE('',#1147,#1148);
#1147 = CARTESIAN_POINT('',(-40.71818432564,-10.00880316584,
    162.75748753345));
#1148 = VECTOR('',#1149,1.);
#1149 = DIRECTION('',(-0.5,0.866025403784,2.066248863043E-07));
#1150 = ORIENTED_EDGE('',*,*,#1151,.T.);
#1151 = EDGE_CURVE('',#1144,#1152,#1154,.T.);
#1152 = VERTEX_POINT('',#1153);
#1153 = CARTESIAN_POINT('',(-54.22652316393,13.388329716485,
    167.91077894307));
#1154 = LINE('',#1155,#1156);
#1155 = CARTESIAN_POINT('',(-54.22652391607,13.388329716485,
    166.09069606083));
#1156 = VECTOR('',#1157,1.);
#1157 = DIRECTION('',(4.13249482964E-07,-1.672263491439E-13,1.));
#1158 = ORIENTED_EDGE('',*,*,#1159,.T.);
#1159 = EDGE_CURVE('',#1152,#1160,#1162,.T.);
#1160 = VERTEX_POINT('',#1161);
#1161 = CARTESIAN_POINT('',(-46.72652316392,0.397948659719,
    167.9107758437));
#1162 = LINE('',#1163,#1164);
#1163 = CARTESIAN_POINT('',(-40.71818219605,-10.00880316584,
    167.91077336076));
#1164 = VECTOR('',#1165,1.);
#1165 = DIRECTION('',(0.5,-0.866025403784,-2.066248253137E-07));
#1166 = ORIENTED_EDGE('',*,*,#1167,.T.);
#1167 = EDGE_CURVE('',#1160,#1142,#1168,.T.);
#1168 = LINE('',#1169,#1170);
#1169 = CARTESIAN_POINT('',(-46.72652391607,0.397948659719,
    166.09069296146));
#1170 = VECTOR('',#1171,1.);
#1171 = DIRECTION('',(-4.132494819577E-07,1.654833647674E-13,-1.));
#1172 = FACE_BOUND('',#1173,.T.);
#1173 = EDGE_LOOP('',(#1174,#1184,#1192,#1200));
#1174 = ORIENTED_EDGE('',*,*,#1175,.T.);
#1175 = EDGE_CURVE('',#1176,#1178,#1180,.T.);
#1176 = VERTEX_POINT('',#1177);
#1177 = CARTESIAN_POINT('',(21.540141373157,-117.8433864703,
    162.75746180522));
#1178 = VERTEX_POINT('',#1179);
#1179 = CARTESIAN_POINT('',(14.040141373156,-104.8530054135,
    162.7574649046));
#1180 = LINE('',#1181,#1182);
#1181 = CARTESIAN_POINT('',(-6.584850992304,-69.12947073085,
    162.75747342787));
#1182 = VECTOR('',#1183,1.);
#1183 = DIRECTION('',(-0.5,0.866025403784,2.066248863043E-07));
#1184 = ORIENTED_EDGE('',*,*,#1185,.T.);
#1185 = EDGE_CURVE('',#1178,#1186,#1188,.T.);
#1186 = VERTEX_POINT('',#1187);
#1187 = CARTESIAN_POINT('',(14.040143502749,-104.8530054135,
    167.9107507319));
#1188 = LINE('',#1189,#1190);
#1189 = CARTESIAN_POINT('',(14.0401427506,-104.8530054135,
    166.09066784965));
#1190 = VECTOR('',#1191,1.);
#1191 = DIRECTION('',(4.13249482964E-07,-1.672263491439E-13,1.));
#1192 = ORIENTED_EDGE('',*,*,#1193,.T.);
#1193 = EDGE_CURVE('',#1186,#1194,#1196,.T.);
#1194 = VERTEX_POINT('',#1195);
#1195 = CARTESIAN_POINT('',(21.54014350275,-117.8433864703,
    167.91074763253));
#1196 = LINE('',#1197,#1198);
#1197 = CARTESIAN_POINT('',(-6.584848862711,-69.12947073085,
    167.91075925517));
#1198 = VECTOR('',#1199,1.);
#1199 = DIRECTION('',(0.5,-0.866025403784,-2.066248253137E-07));
#1200 = ORIENTED_EDGE('',*,*,#1201,.T.);
#1201 = EDGE_CURVE('',#1194,#1176,#1202,.T.);
#1202 = LINE('',#1203,#1204);
#1203 = CARTESIAN_POINT('',(21.540142750602,-117.8433864703,
    166.09066475028));
#1204 = VECTOR('',#1205,1.);
#1205 = DIRECTION('',(-4.132494819577E-07,1.654833647674E-13,-1.));
#1206 = PLANE('',#1207);
#1207 = AXIS2_PLACEMENT_3D('',#1208,#1209,#1210);
#1208 = CARTESIAN_POINT('',(-34.7098413577,-20.4155549914,167.5973130079
    ));
#1209 = DIRECTION('',(-0.866025403784,-0.5,3.578844667344E-07));
#1210 = DIRECTION('',(6.198741616642E-07,-3.578846088327E-07,1.));
#1211 = ADVANCED_FACE('',(#1212),#1224,.T.);
#1212 = FACE_BOUND('',#1213,.T.);
#1213 = EDGE_LOOP('',(#1214,#1215,#1216,#1217,#1218,#1219,#1220,#1221,
    #1222,#1223));
#1214 = ORIENTED_EDGE('',*,*,#127,.F.);
#1215 = ORIENTED_EDGE('',*,*,#158,.F.);
#1216 = ORIENTED_EDGE('',*,*,#191,.F.);
#1217 = ORIENTED_EDGE('',*,*,#222,.F.);
#1218 = ORIENTED_EDGE('',*,*,#255,.F.);
#1219 = ORIENTED_EDGE('',*,*,#286,.F.);
#1220 = ORIENTED_EDGE('',*,*,#319,.F.);
#1221 = ORIENTED_EDGE('',*,*,#350,.F.);
#1222 = ORIENTED_EDGE('',*,*,#381,.F.);
#1223 = ORIENTED_EDGE('',*,*,#935,.F.);
#1224 = PLANE('',#1225);
#1225 = AXIS2_PLACEMENT_3D('',#1226,#1227,#1228);
#1226 = CARTESIAN_POINT('',(-31.24573974257,-18.4155549914,
    167.59731157636));
#1227 = DIRECTION('',(0.866025403784,0.5,-3.578844666773E-07));
#1228 = DIRECTION('',(0.5,-0.866025403784,-6.198742436492E-07));
#1229 = ADVANCED_FACE('',(#1230),#1248,.T.);
#1230 = FACE_BOUND('',#1231,.T.);
#1231 = EDGE_LOOP('',(#1232,#1233,#1241,#1247));
#1232 = ORIENTED_EDGE('',*,*,#959,.F.);
#1233 = ORIENTED_EDGE('',*,*,#1234,.F.);
#1234 = EDGE_CURVE('',#1235,#952,#1237,.T.);
#1235 = VERTEX_POINT('',#1236);
#1236 = CARTESIAN_POINT('',(-10.35444369065,-141.8003348547,
    176.44725688945));
#1237 = LINE('',#1238,#1239);
#1238 = CARTESIAN_POINT('',(-10.35444354602,-141.8003348547,
    176.79725688945));
#1239 = VECTOR('',#1240,1.);
#1240 = DIRECTION('',(4.132494459075E-07,-7.881968290691E-14,1.));
#1241 = ORIENTED_EDGE('',*,*,#1242,.F.);
#1242 = EDGE_CURVE('',#989,#1235,#1243,.T.);
#1243 = LINE('',#1244,#1245);
#1244 = CARTESIAN_POINT('',(27.404263914338,-120.0003348547,
    176.44724128568));
#1245 = VECTOR('',#1246,1.);
#1246 = DIRECTION('',(-0.866025403784,-0.5,3.578844788459E-07));
#1247 = ORIENTED_EDGE('',*,*,#1005,.F.);
#1248 = PLANE('',#1249);
#1249 = AXIS2_PLACEMENT_3D('',#1250,#1251,#1252);
#1250 = CARTESIAN_POINT('',(27.404263749038,-120.0003348547,
    176.04724128568));
#1251 = DIRECTION('',(0.5,-0.866025403784,-2.066247912137E-07));
#1252 = DIRECTION('',(4.132494459441E-07,-7.879858662492E-14,1.));
#1253 = ADVANCED_FACE('',(#1254),#1288,.T.);
#1254 = FACE_BOUND('',#1255,.T.);
#1255 = EDGE_LOOP('',(#1256,#1257,#1265,#1273,#1281,#1287));
#1256 = ORIENTED_EDGE('',*,*,#949,.F.);
#1257 = ORIENTED_EDGE('',*,*,#1258,.F.);
#1258 = EDGE_CURVE('',#1259,#950,#1261,.T.);
#1259 = VERTEX_POINT('',#1260);
#1260 = CARTESIAN_POINT('',(-10.90085294302,-141.6539246932,
    178.64725711525));
#1261 = LINE('',#1262,#1263);
#1262 = CARTESIAN_POINT('',(-23.26242385998,-138.3416527508,
    169.59796698866));
#1263 = VECTOR('',#1264,1.);
#1264 = DIRECTION('',(0.788675373184,-0.211324865405,0.57734994327));
#1265 = ORIENTED_EDGE('',*,*,#1266,.T.);
#1266 = EDGE_CURVE('',#1259,#1267,#1269,.T.);
#1267 = VERTEX_POINT('',#1268);
#1268 = CARTESIAN_POINT('',(-10.90085385217,-141.6539246932,
    176.44725711525));
#1269 = LINE('',#1270,#1271);
#1270 = CARTESIAN_POINT('',(-10.90085370753,-141.6539246932,
    176.79725711525));
#1271 = VECTOR('',#1272,1.);
#1272 = DIRECTION('',(-4.132494459075E-07,7.881968290691E-14,-1.));
#1273 = ORIENTED_EDGE('',*,*,#1274,.F.);
#1274 = EDGE_CURVE('',#1275,#1267,#1277,.T.);
#1275 = VERTEX_POINT('',#1276);
#1276 = CARTESIAN_POINT('',(-10.62764885406,-141.7271297739,
    176.24725700235));
#1277 = LINE('',#1278,#1279);
#1278 = CARTESIAN_POINT('',(-50.76601649261,-130.9720833261,
    205.63060692284));
#1279 = VECTOR('',#1280,1.);
#1280 = DIRECTION('',(-0.788674896005,0.211324865405,0.577350595109));
#1281 = ORIENTED_EDGE('',*,*,#1282,.F.);
#1282 = EDGE_CURVE('',#1235,#1275,#1283,.T.);
#1283 = LINE('',#1284,#1285);
#1284 = CARTESIAN_POINT('',(-0.530441356487,-144.4326675502,
    183.63891949635));
#1285 = VECTOR('',#1286,1.);
#1286 = DIRECTION('',(-0.788675373185,0.211324865405,-0.57734994327));
#1287 = ORIENTED_EDGE('',*,*,#1234,.T.);
#1288 = PLANE('',#1289);
#1289 = AXIS2_PLACEMENT_3D('',#1290,#1291,#1292);
#1290 = CARTESIAN_POINT('',(-10.62764862677,-141.7271297739,
    176.79725700235));
#1291 = DIRECTION('',(-0.258819045102,-0.965925826289,1.069567508449E-07
    ));
#1292 = DIRECTION('',(4.132492958649E-07,-3.86158752924E-14,1.));
#1293 = ADVANCED_FACE('',(#1294),#1335,.T.);
#1294 = FACE_BOUND('',#1295,.T.);
#1295 = EDGE_LOOP('',(#1296,#1297,#1305,#1313,#1321,#1329));
#1296 = ORIENTED_EDGE('',*,*,#483,.F.);
#1297 = ORIENTED_EDGE('',*,*,#1298,.T.);
#1298 = EDGE_CURVE('',#476,#1299,#1301,.T.);
#1299 = VERTEX_POINT('',#1300);
#1300 = CARTESIAN_POINT('',(-127.6544436906,61.369224873087,
    176.44730536362));
#1301 = LINE('',#1302,#1303);
#1302 = CARTESIAN_POINT('',(-127.6544429261,61.369224873087,
    178.29730536362));
#1303 = VECTOR('',#1304,1.);
#1304 = DIRECTION('',(-4.132494555295E-07,9.548535525265E-14,-1.));
#1305 = ORIENTED_EDGE('',*,*,#1306,.T.);
#1306 = EDGE_CURVE('',#1299,#1307,#1309,.T.);
#1307 = VERTEX_POINT('',#1308);
#1308 = CARTESIAN_POINT('',(-127.727648854,61.09601979233,
    176.24730539388));
#1309 = LINE('',#1310,#1311);
#1310 = CARTESIAN_POINT('',(-124.9306015689,71.53473058625,
    183.88897090467));
#1311 = VECTOR('',#1312,1.);
#1312 = DIRECTION('',(-0.211325103995,-0.788675134595,-0.57735018186));
#1313 = ORIENTED_EDGE('',*,*,#1314,.F.);
#1314 = EDGE_CURVE('',#1315,#1307,#1317,.T.);
#1315 = VERTEX_POINT('',#1316);
#1316 = CARTESIAN_POINT('',(-127.8008538521,60.822814711573,
    176.44730542413));
#1317 = LINE('',#1318,#1319);
#1318 = CARTESIAN_POINT('',(-131.4184008419,47.321930304169,
    186.33064025241));
#1319 = VECTOR('',#1320,1.);
#1320 = DIRECTION('',(0.211324626815,0.788675134595,-0.577350356519));
#1321 = ORIENTED_EDGE('',*,*,#1322,.T.);
#1322 = EDGE_CURVE('',#1315,#1323,#1325,.T.);
#1323 = VERTEX_POINT('',#1324);
#1324 = CARTESIAN_POINT('',(-127.800852943,60.822814711573,
    178.64730542413));
#1325 = LINE('',#1326,#1327);
#1326 = CARTESIAN_POINT('',(-127.8008530876,60.822814711573,
    178.29730542413));
#1327 = VECTOR('',#1328,1.);
#1328 = DIRECTION('',(4.132494555295E-07,-9.548535525265E-14,1.));
#1329 = ORIENTED_EDGE('',*,*,#1330,.F.);
#1330 = EDGE_CURVE('',#459,#1323,#1331,.T.);
#1331 = LINE('',#1332,#1333);
#1332 = CARTESIAN_POINT('',(-138.7879858465,19.818322781087,
    148.62993853288));
#1333 = VECTOR('',#1334,1.);
#1334 = DIRECTION('',(-0.211325103995,-0.788675134595,-0.57735018186));
#1335 = PLANE('',#1336);
#1336 = AXIS2_PLACEMENT_3D('',#1337,#1338,#1339);
#1337 = CARTESIAN_POINT('',(-127.7276480069,61.09601979233,
    178.29730539388));
#1338 = DIRECTION('',(-0.965925826289,0.258819045102,3.991683465093E-07)
  );
#1339 = DIRECTION('',(-4.132494153257E-07,2.455280077041E-13,-1.));
#1340 = ADVANCED_FACE('',(#1341),#1366,.T.);
#1341 = FACE_BOUND('',#1342,.T.);
#1342 = EDGE_LOOP('',(#1343,#1349,#1350,#1351,#1359,#1365));
#1343 = ORIENTED_EDGE('',*,*,#1344,.T.);
#1344 = EDGE_CURVE('',#1299,#430,#1345,.T.);
#1345 = LINE('',#1346,#1347);
#1346 = CARTESIAN_POINT('',(-89.89573608568,83.169224873093,
    176.44728975986));
#1347 = VECTOR('',#1348,1.);
#1348 = DIRECTION('',(0.866025403784,0.5,-3.578844788459E-07));
#1349 = ORIENTED_EDGE('',*,*,#427,.F.);
#1350 = ORIENTED_EDGE('',*,*,#1036,.T.);
#1351 = ORIENTED_EDGE('',*,*,#1352,.T.);
#1352 = EDGE_CURVE('',#1037,#1353,#1355,.T.);
#1353 = VERTEX_POINT('',#1354);
#1354 = CARTESIAN_POINT('',(-127.4544438559,61.022814711574,
    176.04730528097));
#1355 = LINE('',#1356,#1357);
#1356 = CARTESIAN_POINT('',(-89.69573625098,82.822814711579,
    176.04728967721));
#1357 = VECTOR('',#1358,1.);
#1358 = DIRECTION('',(-0.866025403784,-0.5,3.578844788459E-07));
#1359 = ORIENTED_EDGE('',*,*,#1360,.F.);
#1360 = EDGE_CURVE('',#1307,#1353,#1361,.T.);
#1361 = LINE('',#1362,#1363);
#1362 = CARTESIAN_POINT('',(-104.448306307,54.858336869509,
    159.20562910703));
#1363 = VECTOR('',#1364,1.);
#1364 = DIRECTION('',(0.788674896005,-0.211324865405,-0.577350595109));
#1365 = ORIENTED_EDGE('',*,*,#1306,.F.);
#1366 = PLANE('',#1367);
#1367 = AXIS2_PLACEMENT_3D('',#1368,#1369,#1370);
#1368 = CARTESIAN_POINT('',(-89.79573616833,82.996019792336,
    176.24728971854));
#1369 = DIRECTION('',(-0.353553682805,0.612372435696,-0.707106635081));
#1370 = DIRECTION('',(0.353553098382,-0.612372435696,-0.707106927292));
#1371 = ADVANCED_FACE('',(#1372),#1392,.T.);
#1372 = FACE_BOUND('',#1373,.T.);
#1373 = EDGE_LOOP('',(#1374,#1375,#1376,#1384,#1390,#1391));
#1374 = ORIENTED_EDGE('',*,*,#1242,.T.);
#1375 = ORIENTED_EDGE('',*,*,#1282,.T.);
#1376 = ORIENTED_EDGE('',*,*,#1377,.F.);
#1377 = EDGE_CURVE('',#1378,#1275,#1380,.T.);
#1378 = VERTEX_POINT('',#1379);
#1379 = CARTESIAN_POINT('',(-10.55444385595,-141.4539246932,
    176.0472569721));
#1380 = LINE('',#1381,#1382);
#1381 = CARTESIAN_POINT('',(2.765815591249,-91.74198354047,
    139.65558480084));
#1382 = VECTOR('',#1383,1.);
#1383 = DIRECTION('',(-0.211324626815,-0.788675134595,0.577350356519));
#1384 = ORIENTED_EDGE('',*,*,#1385,.T.);
#1385 = EDGE_CURVE('',#1378,#1058,#1386,.T.);
#1386 = LINE('',#1387,#1388);
#1387 = CARTESIAN_POINT('',(27.204263749038,-119.6539246932,
    176.04724136833));
#1388 = VECTOR('',#1389,1.);
#1389 = DIRECTION('',(0.866025403784,0.5,-3.578844788459E-07));
#1390 = ORIENTED_EDGE('',*,*,#1057,.T.);
#1391 = ORIENTED_EDGE('',*,*,#988,.F.);
#1392 = PLANE('',#1393);
#1393 = AXIS2_PLACEMENT_3D('',#1394,#1395,#1396);
#1394 = CARTESIAN_POINT('',(27.304263831688,-119.8271297739,
    176.24724132701));
#1395 = DIRECTION('',(0.353553098382,-0.612372435696,-0.707106927292));
#1396 = DIRECTION('',(0.353553682805,-0.612372435696,0.707106635081));
#1397 = ADVANCED_FACE('',(#1398),#1404,.T.);
#1398 = FACE_BOUND('',#1399,.T.);
#1399 = EDGE_LOOP('',(#1400,#1401,#1402,#1403));
#1400 = ORIENTED_EDGE('',*,*,#437,.F.);
#1401 = ORIENTED_EDGE('',*,*,#1344,.F.);
#1402 = ORIENTED_EDGE('',*,*,#1298,.F.);
#1403 = ORIENTED_EDGE('',*,*,#475,.F.);
#1404 = PLANE('',#1405);
#1405 = AXIS2_PLACEMENT_3D('',#1406,#1407,#1408);
#1406 = CARTESIAN_POINT('',(-89.89573501123,83.169224873093,
    179.04728975986));
#1407 = DIRECTION('',(-0.5,0.866025403784,2.066248104575E-07));
#1408 = DIRECTION('',(-4.132494527674E-07,9.708005552682E-14,-1.));
#1409 = ADVANCED_FACE('',(#1410),#1421,.T.);
#1410 = FACE_BOUND('',#1411,.T.);
#1411 = EDGE_LOOP('',(#1412,#1413,#1414,#1415));
#1412 = ORIENTED_EDGE('',*,*,#654,.F.);
#1413 = ORIENTED_EDGE('',*,*,#1022,.T.);
#1414 = ORIENTED_EDGE('',*,*,#358,.F.);
#1415 = ORIENTED_EDGE('',*,*,#1416,.T.);
#1416 = EDGE_CURVE('',#310,#637,#1417,.T.);
#1417 = LINE('',#1418,#1419);
#1418 = CARTESIAN_POINT('',(-94.02129078321,90.314886660049,
    164.49012168715));
#1419 = VECTOR('',#1420,1.);
#1420 = DIRECTION('',(-0.866025403784,-0.5,3.578844667344E-07));
#1421 = CYLINDRICAL_SURFACE('',#1422,6.);
#1422 = AXIS2_PLACEMENT_3D('',#1423,#1424,#1425);
#1423 = CARTESIAN_POINT('',(-91.89996784335,86.640650585702,
    168.73275981157));
#1424 = DIRECTION('',(0.866025403784,0.5,-3.578844667344E-07));
#1425 = DIRECTION('',(-0.461939962425,0.800103211054,-0.382683057863));
#1426 = ADVANCED_FACE('',(#1427),#1443,.T.);
#1427 = FACE_BOUND('',#1428,.T.);
#1428 = EDGE_LOOP('',(#1429,#1430,#1436,#1437));
#1429 = ORIENTED_EDGE('',*,*,#846,.F.);
#1430 = ORIENTED_EDGE('',*,*,#1431,.T.);
#1431 = EDGE_CURVE('',#798,#149,#1432,.T.);
#1432 = LINE('',#1433,#1434);
#1433 = CARTESIAN_POINT('',(31.529807084583,-127.1459937931,
    164.48986686542));
#1434 = VECTOR('',#1435,1.);
#1435 = DIRECTION('',(0.866025403784,0.5,-3.578844667344E-07));
#1436 = ORIENTED_EDGE('',*,*,#166,.F.);
#1437 = ORIENTED_EDGE('',*,*,#1438,.T.);
#1438 = EDGE_CURVE('',#118,#829,#1439,.T.);
#1439 = LINE('',#1440,#1441);
#1440 = CARTESIAN_POINT('',(32.408489337203,-128.6679130616,
    168.73250887559));
#1441 = VECTOR('',#1442,1.);
#1442 = DIRECTION('',(-0.866025403784,-0.5,3.578844667344E-07));
#1443 = CYLINDRICAL_SURFACE('',#1444,6.);
#1444 = AXIS2_PLACEMENT_3D('',#1445,#1446,#1447);
#1445 = CARTESIAN_POINT('',(29.408489337202,-123.4717606389,
    168.73251011499));
#1446 = DIRECTION('',(-0.866025403784,-0.5,3.578844667344E-07));
#1447 = DIRECTION('',(0.461939570102,-0.800103079357,-0.382683806787));
#1448 = ADVANCED_FACE('',(#1449),#1460,.T.);
#1449 = FACE_BOUND('',#1450,.T.);
#1450 = EDGE_LOOP('',(#1451,#1452,#1458,#1459));
#1451 = ORIENTED_EDGE('',*,*,#814,.F.);
#1452 = ORIENTED_EDGE('',*,*,#1453,.F.);
#1453 = EDGE_CURVE('',#182,#765,#1454,.T.);
#1454 = LINE('',#1455,#1456);
#1455 = CARTESIAN_POINT('',(28.287165403678,-121.529578293,
    158.00459535756));
#1456 = VECTOR('',#1457,1.);
#1457 = DIRECTION('',(-0.866025403784,-0.5,3.578844667344E-07));
#1458 = ORIENTED_EDGE('',*,*,#198,.F.);
#1459 = ORIENTED_EDGE('',*,*,#1431,.F.);
#1460 = PLANE('',#1461);
#1461 = AXIS2_PLACEMENT_3D('',#1462,#1463,#1464);
#1462 = CARTESIAN_POINT('',(29.908486244131,-124.337786043,
    161.24723111149));
#1463 = DIRECTION('',(0.353552957897,-0.612372192369,-0.707107208262));
#1464 = DIRECTION('',(0.353553823289,-0.612372679023,0.707106354111));
#1465 = ADVANCED_FACE('',(#1466),#1477,.T.);
#1466 = FACE_BOUND('',#1467,.T.);
#1467 = EDGE_LOOP('',(#1468,#1469,#1475,#1476));
#1468 = ORIENTED_EDGE('',*,*,#782,.F.);
#1469 = ORIENTED_EDGE('',*,*,#1470,.T.);
#1470 = EDGE_CURVE('',#734,#213,#1471,.T.);
#1471 = LINE('',#1472,#1473);
#1472 = CARTESIAN_POINT('',(26.165842792521,-117.8553410091,
    156.24723860714));
#1473 = VECTOR('',#1474,1.);
#1474 = DIRECTION('',(0.866025403784,0.5,-3.578844667344E-07));
#1475 = ORIENTED_EDGE('',*,*,#230,.F.);
#1476 = ORIENTED_EDGE('',*,*,#1453,.T.);
#1477 = CYLINDRICAL_SURFACE('',#1478,6.);
#1478 = AXIS2_PLACEMENT_3D('',#1479,#1480,#1481);
#1479 = CARTESIAN_POINT('',(26.165847656297,-117.8553451387,
    162.24723860713));
#1480 = DIRECTION('',(0.866025403784,0.5,-3.578844667344E-07));
#1481 = DIRECTION('',(0.191341059048,-0.33141309713,-0.923879839683));
#1482 = ADVANCED_FACE('',(#1483),#1494,.T.);
#1483 = FACE_BOUND('',#1484,.T.);
#1484 = EDGE_LOOP('',(#1485,#1486,#1492,#1493));
#1485 = ORIENTED_EDGE('',*,*,#750,.F.);
#1486 = ORIENTED_EDGE('',*,*,#1487,.F.);
#1487 = EDGE_CURVE('',#246,#701,#1488,.T.);
#1488 = LINE('',#1489,#1490);
#1489 = CARTESIAN_POINT('',(-88.65733301442,81.024233375019,
    156.24746857144));
#1490 = VECTOR('',#1491,1.);
#1491 = DIRECTION('',(-0.866025403784,-0.5,3.578844667344E-07));
#1492 = ORIENTED_EDGE('',*,*,#262,.F.);
#1493 = ORIENTED_EDGE('',*,*,#1470,.F.);
#1494 = PLANE('',#1495);
#1495 = AXIS2_PLACEMENT_3D('',#1496,#1497,#1498);
#1496 = CARTESIAN_POINT('',(-94.89997300324,91.836803009031,
    156.24748107401));
#1497 = DIRECTION('',(-8.106292995404E-07,6.882821994391E-07,
    -0.999999999999));
#1498 = DIRECTION('',(0.5,-0.866025403784,-1.001384519457E-06));
#1499 = ADVANCED_FACE('',(#1500),#1511,.T.);
#1500 = FACE_BOUND('',#1501,.T.);
#1501 = EDGE_LOOP('',(#1502,#1503,#1509,#1510));
#1502 = ORIENTED_EDGE('',*,*,#718,.F.);
#1503 = ORIENTED_EDGE('',*,*,#1504,.T.);
#1504 = EDGE_CURVE('',#670,#277,#1505,.T.);
#1505 = LINE('',#1506,#1507);
#1506 = CARTESIAN_POINT('',(-90.7786510905,84.698465319673,
    158.00483044701));
#1507 = VECTOR('',#1508,1.);
#1508 = DIRECTION('',(0.866025403784,0.5,-3.578844667344E-07));
#1509 = ORIENTED_EDGE('',*,*,#294,.F.);
#1510 = ORIENTED_EDGE('',*,*,#1487,.T.);
#1511 = CYLINDRICAL_SURFACE('',#1512,6.);
#1512 = AXIS2_PLACEMENT_3D('',#1513,#1514,#1515);
#1513 = CARTESIAN_POINT('',(-88.65732815064,81.024229245326,
    162.24746857144));
#1514 = DIRECTION('',(-0.866025403784,-0.5,3.578844667344E-07));
#1515 = DIRECTION('',(-0.19134237333,0.331414050964,-0.923879225328));
#1516 = ADVANCED_FACE('',(#1517),#1523,.T.);
#1517 = FACE_BOUND('',#1518,.T.);
#1518 = EDGE_LOOP('',(#1519,#1520,#1521,#1522));
#1519 = ORIENTED_EDGE('',*,*,#686,.F.);
#1520 = ORIENTED_EDGE('',*,*,#1416,.F.);
#1521 = ORIENTED_EDGE('',*,*,#326,.F.);
#1522 = ORIENTED_EDGE('',*,*,#1504,.F.);
#1523 = PLANE('',#1524);
#1524 = AXIS2_PLACEMENT_3D('',#1525,#1526,#1527);
#1525 = CARTESIAN_POINT('',(-92.39997093686,87.506675989861,
    161.24747606708));
#1526 = DIRECTION('',(-0.35355382331,0.612372679058,-0.70710635407));
#1527 = DIRECTION('',(0.353552957877,-0.612372192334,-0.707107208302));
#1528 = ADVANCED_FACE('',(#1529),#1535,.T.);
#1529 = FACE_BOUND('',#1530,.T.);
#1530 = EDGE_LOOP('',(#1531,#1532,#1533,#1534));
#1531 = ORIENTED_EDGE('',*,*,#862,.F.);
#1532 = ORIENTED_EDGE('',*,*,#1438,.F.);
#1533 = ORIENTED_EDGE('',*,*,#134,.F.);
#1534 = ORIENTED_EDGE('',*,*,#891,.F.);
#1535 = PLANE('',#1536);
#1536 = AXIS2_PLACEMENT_3D('',#1537,#1538,#1539);
#1537 = CARTESIAN_POINT('',(32.408484178025,-128.6679130622,
    156.24722610457));
#1538 = DIRECTION('',(0.5,-0.866025403784,-2.065673501201E-07));
#1539 = DIRECTION('',(4.132207148225E-07,4.96605422826E-11,1.));
#1540 = ADVANCED_FACE('',(#1541,#1624,#1635,#1646,#1657),#1668,.T.);
#1541 = FACE_BOUND('',#1542,.T.);
#1542 = EDGE_LOOP('',(#1543,#1544,#1552,#1561,#1569,#1578,#1586,#1595,
    #1603,#1612,#1618,#1619,#1620,#1621,#1622,#1623));
#1543 = ORIENTED_EDGE('',*,*,#468,.F.);
#1544 = ORIENTED_EDGE('',*,*,#1545,.F.);
#1545 = EDGE_CURVE('',#1546,#461,#1548,.T.);
#1546 = VERTEX_POINT('',#1547);
#1547 = CARTESIAN_POINT('',(-109.2672469065,29.521667695275,
    179.04729776512));
#1548 = LINE('',#1549,#1550);
#1549 = CARTESIAN_POINT('',(-37.1773283212,-95.34173400806,
    179.04726797399));
#1550 = VECTOR('',#1551,1.);
#1551 = DIRECTION('',(-0.5,0.866025403784,2.066248035744E-07));
#1552 = ORIENTED_EDGE('',*,*,#1553,.F.);
#1553 = EDGE_CURVE('',#1554,#1546,#1556,.T.);
#1554 = VERTEX_POINT('',#1555);
#1555 = CARTESIAN_POINT('',(-98.88539485134,26.739908682728,
    179.04729347483));
#1556 = CIRCLE('',#1557,7.6);
#1557 = AXIS2_PLACEMENT_3D('',#1558,#1559,#1560);
#1558 = CARTESIAN_POINT('',(-102.6854538378,33.321667695276,
    179.0472950452));
#1559 = DIRECTION('',(-4.13249441599E-07,9.55801866262E-14,-1.));
#1560 = DIRECTION('',(-0.258814716742,-0.965926986059,1.069549448477E-07
    ));
#1561 = ORIENTED_EDGE('',*,*,#1562,.F.);
#1562 = EDGE_CURVE('',#1563,#1554,#1565,.T.);
#1563 = VERTEX_POINT('',#1564);
#1564 = CARTESIAN_POINT('',(-89.35940143263,32.239857378343,
    179.04728953822));
#1565 = LINE('',#1566,#1567);
#1566 = CARTESIAN_POINT('',(-75.07071333495,40.489606040838,
    179.04728363342));
#1567 = VECTOR('',#1568,1.);
#1568 = DIRECTION('',(-0.866020922704,-0.500007761379,3.578826149296E-07
    ));
#1569 = ORIENTED_EDGE('',*,*,#1570,.F.);
#1570 = EDGE_CURVE('',#1571,#1563,#1573,.T.);
#1571 = VERTEX_POINT('',#1572);
#1572 = CARTESIAN_POINT('',(-77.88472284526,29.165281627632,
    179.04728479631));
#1573 = CIRCLE('',#1574,8.4);
#1574 = AXIS2_PLACEMENT_3D('',#1575,#1576,#1577);
#1575 = CARTESIAN_POINT('',(-85.15933623705,24.965281627631,
    179.04728780254));
#1576 = DIRECTION('',(4.13249441599E-07,-9.558018661297E-14,1.));
#1577 = DIRECTION('',(0.258814716742,0.965926986059,-1.069549448477E-07)
  );
#1578 = ORIENTED_EDGE('',*,*,#1579,.F.);
#1579 = EDGE_CURVE('',#1580,#1571,#1582,.T.);
#1580 = VERTEX_POINT('',#1581);
#1581 = CARTESIAN_POINT('',(-13.34841360033,-82.61488491754,
    179.04725812671));
#1582 = LINE('',#1583,#1584);
#1583 = CARTESIAN_POINT('',(4.341954938585,-113.2555020315,
    179.04725081617));
#1584 = VECTOR('',#1585,1.);
#1585 = DIRECTION('',(-0.5,0.866025403784,2.066248035744E-07));
#1586 = ORIENTED_EDGE('',*,*,#1587,.F.);
#1587 = EDGE_CURVE('',#1588,#1580,#1590,.T.);
#1588 = VERTEX_POINT('',#1589);
#1589 = CARTESIAN_POINT('',(-16.42296179653,-94.08946066826,
    179.04725939726));
#1590 = CIRCLE('',#1591,8.4);
#1591 = AXIS2_PLACEMENT_3D('',#1592,#1593,#1594);
#1592 = CARTESIAN_POINT('',(-20.62302699212,-86.81488491754,
    179.04726113294));
#1593 = DIRECTION('',(4.13249441599E-07,-9.55801866262E-14,1.));
#1594 = DIRECTION('',(0.965926986059,-0.258814716742,-3.991688123521E-07
    ));
#1595 = ORIENTED_EDGE('',*,*,#1596,.F.);
#1596 = EDGE_CURVE('',#1597,#1588,#1599,.T.);
#1597 = VERTEX_POINT('',#1598);
#1598 = CARTESIAN_POINT('',(-25.94920357872,-99.58955275956,
    179.04726333397));
#1599 = LINE('',#1600,#1601);
#1600 = CARTESIAN_POINT('',(-24.11634827411,-98.53133135432,
    179.04726257655));
#1601 = VECTOR('',#1602,1.);
#1602 = DIRECTION('',(0.866020922704,0.500007761379,-3.578826149296E-07)
  );
#1603 = ORIENTED_EDGE('',*,*,#1604,.F.);
#1604 = EDGE_CURVE('',#1605,#1597,#1607,.T.);
#1605 = VERTEX_POINT('',#1606);
#1606 = CARTESIAN_POINT('',(-28.730937661,-109.9713117721,
    179.04726448352));
#1607 = CIRCLE('',#1608,7.6);
#1608 = AXIS2_PLACEMENT_3D('',#1609,#1610,#1611);
#1609 = CARTESIAN_POINT('',(-22.14914459224,-106.1713117721,
    179.0472617636));
#1610 = DIRECTION('',(-4.13249441599E-07,9.558018661297E-14,-1.));
#1611 = DIRECTION('',(-0.965926986059,0.258814716742,3.991688123521E-07)
  );
#1612 = ORIENTED_EDGE('',*,*,#1613,.F.);
#1613 = EDGE_CURVE('',#967,#1605,#1614,.T.);
#1614 = LINE('',#1615,#1616);
#1615 = CARTESIAN_POINT('',(-37.1773283212,-95.34173400806,
    179.04726797399));
#1616 = VECTOR('',#1617,1.);
#1617 = DIRECTION('',(-0.5,0.866025403784,2.066248035744E-07));
#1618 = ORIENTED_EDGE('',*,*,#966,.F.);
#1619 = ORIENTED_EDGE('',*,*,#913,.F.);
#1620 = ORIENTED_EDGE('',*,*,#884,.F.);
#1621 = ORIENTED_EDGE('',*,*,#928,.F.);
#1622 = ORIENTED_EDGE('',*,*,#591,.F.);
#1623 = ORIENTED_EDGE('',*,*,#569,.F.);
#1624 = FACE_BOUND('',#1625,.T.);
#1625 = EDGE_LOOP('',(#1626));
#1626 = ORIENTED_EDGE('',*,*,#1627,.F.);
#1627 = EDGE_CURVE('',#1628,#1628,#1630,.T.);
#1628 = VERTEX_POINT('',#1629);
#1629 = CARTESIAN_POINT('',(-100.9992637405,34.150149706145,
    179.04729434838));
#1630 = CIRCLE('',#1631,3.1);
#1631 = AXIS2_PLACEMENT_3D('',#1632,#1633,#1634);
#1632 = CARTESIAN_POINT('',(-102.5492637405,36.834828457877,
    179.04729498892));
#1633 = DIRECTION('',(4.13249441599E-07,-9.558018665267E-14,1.));
#1634 = DIRECTION('',(-0.5,0.866025403784,2.066248035745E-07));
#1635 = FACE_BOUND('',#1636,.T.);
#1636 = EDGE_LOOP('',(#1637));
#1637 = ORIENTED_EDGE('',*,*,#1638,.F.);
#1638 = EDGE_CURVE('',#1639,#1639,#1641,.T.);
#1639 = VERTEX_POINT('',#1640);
#1640 = CARTESIAN_POINT('',(-17.39059351403,-110.4133519413,
    179.04725979713));
#1641 = CIRCLE('',#1642,3.1);
#1642 = AXIS2_PLACEMENT_3D('',#1643,#1644,#1645);
#1643 = CARTESIAN_POINT('',(-18.94059351403,-107.7286731896,
    179.04726043767));
#1644 = DIRECTION('',(4.13249441599E-07,-9.558018665267E-14,1.));
#1645 = DIRECTION('',(-0.5,0.866025403784,2.066248035745E-07));
#1646 = FACE_BOUND('',#1647,.T.);
#1647 = EDGE_LOOP('',(#1648));
#1648 = ORIENTED_EDGE('',*,*,#1649,.F.);
#1649 = EDGE_CURVE('',#1650,#1650,#1652,.T.);
#1650 = VERTEX_POINT('',#1651);
#1651 = CARTESIAN_POINT('',(-3.390593514027,-134.6620632473,
    179.04725401164));
#1652 = CIRCLE('',#1653,3.1);
#1653 = AXIS2_PLACEMENT_3D('',#1654,#1655,#1656);
#1654 = CARTESIAN_POINT('',(-4.940593514027,-131.9773844956,
    179.04725465218));
#1655 = DIRECTION('',(4.13249441599E-07,-9.558018665267E-14,1.));
#1656 = DIRECTION('',(-0.5,0.866025403784,2.066248035745E-07));
#1657 = FACE_BOUND('',#1658,.T.);
#1658 = EDGE_LOOP('',(#1659));
#1659 = ORIENTED_EDGE('',*,*,#1660,.F.);
#1660 = EDGE_CURVE('',#1661,#1661,#1663,.T.);
#1661 = VERTEX_POINT('',#1662);
#1662 = CARTESIAN_POINT('',(-114.9992637405,58.3988610121,
    179.04730013388));
#1663 = CIRCLE('',#1664,3.1);
#1664 = AXIS2_PLACEMENT_3D('',#1665,#1666,#1667);
#1665 = CARTESIAN_POINT('',(-116.5492637405,61.083539763832,
    179.04730077441));
#1666 = DIRECTION('',(4.13249441599E-07,-9.558018665267E-14,1.));
#1667 = DIRECTION('',(-0.5,0.866025403784,2.066248035745E-07));
#1668 = PLANE('',#1669);
#1669 = AXIS2_PLACEMENT_3D('',#1670,#1671,#1672);
#1670 = CARTESIAN_POINT('',(32.408493578798,-128.6679130253,
    179.04723921769));
#1671 = DIRECTION('',(4.13249441599E-07,-9.55801866262E-14,1.));
#1672 = DIRECTION('',(-0.5,0.866025403784,2.066248035744E-07));
#1673 = ADVANCED_FACE('',(#1674),#1715,.T.);
#1674 = FACE_BOUND('',#1675,.T.);
#1675 = EDGE_LOOP('',(#1676,#1677,#1685,#1693,#1701,#1709));
#1676 = ORIENTED_EDGE('',*,*,#1073,.F.);
#1677 = ORIENTED_EDGE('',*,*,#1678,.T.);
#1678 = EDGE_CURVE('',#1074,#1679,#1681,.T.);
#1679 = VERTEX_POINT('',#1680);
#1680 = CARTESIAN_POINT('',(-89.70231055299,71.733932300571,
    162.75750777612));
#1681 = LINE('',#1682,#1683);
#1682 = CARTESIAN_POINT('',(-88.27336863675,72.558932300571,
    162.75750718562));
#1683 = VECTOR('',#1684,1.);
#1684 = DIRECTION('',(-0.866025403784,-0.5,3.578844680555E-07));
#1685 = ORIENTED_EDGE('',*,*,#1686,.T.);
#1686 = EDGE_CURVE('',#1679,#1687,#1689,.T.);
#1687 = VERTEX_POINT('',#1688);
#1688 = CARTESIAN_POINT('',(-89.70231121419,71.733932300571,
    161.15750777612));
#1689 = LINE('',#1690,#1691);
#1690 = CARTESIAN_POINT('',(-89.70231055299,71.733932300571,
    162.75750777612));
#1691 = VECTOR('',#1692,1.);
#1692 = DIRECTION('',(-4.13249421567E-07,2.003499498995E-13,-1.));
#1693 = ORIENTED_EDGE('',*,*,#1694,.T.);
#1694 = EDGE_CURVE('',#1687,#1695,#1697,.T.);
#1695 = VERTEX_POINT('',#1696);
#1696 = CARTESIAN_POINT('',(-90.67669914288,71.171369167648,
    161.15750817879));
#1697 = LINE('',#1698,#1699);
#1698 = CARTESIAN_POINT('',(-89.30144463765,71.965372726444,
    161.15750761047));
#1699 = VECTOR('',#1700,1.);
#1700 = DIRECTION('',(-0.866025403784,-0.5,3.578843785669E-07));
#1701 = ORIENTED_EDGE('',*,*,#1702,.T.);
#1702 = EDGE_CURVE('',#1695,#1703,#1705,.T.);
#1703 = VERTEX_POINT('',#1704);
#1704 = CARTESIAN_POINT('',(-92.44253691558,70.151861767747,
    163.19652370832));
#1705 = LINE('',#1706,#1707);
#1706 = CARTESIAN_POINT('',(-90.67669914288,71.171369167648,
    161.15750817879));
#1707 = VECTOR('',#1708,1.);
#1708 = DIRECTION('',(-0.612372143484,-0.353553390593,0.707107034249));
#1709 = ORIENTED_EDGE('',*,*,#1710,.T.);
#1710 = EDGE_CURVE('',#1703,#1076,#1711,.T.);
#1711 = LINE('',#1712,#1713);
#1712 = CARTESIAN_POINT('',(-88.27336646588,72.55893230057,
    168.01066305106));
#1713 = VECTOR('',#1714,1.);
#1714 = DIRECTION('',(0.612372727907,0.353553390593,0.707106528124));
#1715 = PLANE('',#1716);
#1716 = AXIS2_PLACEMENT_3D('',#1717,#1718,#1719);
#1717 = CARTESIAN_POINT('',(-90.35795211204,71.355397034159,
    164.58408597979));
#1718 = DIRECTION('',(-0.5,0.866025403784,2.066248863043E-07));
#1719 = DIRECTION('',(-4.132495674995E-07,1.184197388965E-13,-1.));
#1720 = ADVANCED_FACE('',(#1721),#1739,.T.);
#1721 = FACE_BOUND('',#1722,.T.);
#1722 = EDGE_LOOP('',(#1723,#1724,#1732,#1738));
#1723 = ORIENTED_EDGE('',*,*,#1099,.F.);
#1724 = ORIENTED_EDGE('',*,*,#1725,.T.);
#1725 = EDGE_CURVE('',#1092,#1726,#1728,.T.);
#1726 = VERTEX_POINT('',#1727);
#1727 = CARTESIAN_POINT('',(-82.20231055299,58.743551243805,
    162.75750467675));
#1728 = LINE('',#1729,#1730);
#1729 = CARTESIAN_POINT('',(-80.77336863674,59.568551243805,
    162.75750408624));
#1730 = VECTOR('',#1731,1.);
#1731 = DIRECTION('',(-0.866025403784,-0.5,3.578844680555E-07));
#1732 = ORIENTED_EDGE('',*,*,#1733,.T.);
#1733 = EDGE_CURVE('',#1726,#1679,#1734,.T.);
#1734 = LINE('',#1735,#1736);
#1735 = CARTESIAN_POINT('',(-82.20231055299,58.743551243805,
    162.75750467675));
#1736 = VECTOR('',#1737,1.);
#1737 = DIRECTION('',(-0.5,0.866025403784,2.066248863043E-07));
#1738 = ORIENTED_EDGE('',*,*,#1678,.F.);
#1739 = PLANE('',#1740);
#1740 = AXIS2_PLACEMENT_3D('',#1741,#1742,#1743);
#1741 = CARTESIAN_POINT('',(-80.77336863674,59.568551243805,
    162.75750408624));
#1742 = DIRECTION('',(-4.132494841081E-07,1.665657975939E-13,-1.));
#1743 = DIRECTION('',(-0.866025403784,-0.5,3.578844680555E-07));
#1744 = ADVANCED_FACE('',(#1745),#1763,.T.);
#1745 = FACE_BOUND('',#1746,.T.);
#1746 = EDGE_LOOP('',(#1747,#1748,#1749,#1757));
#1747 = ORIENTED_EDGE('',*,*,#1083,.F.);
#1748 = ORIENTED_EDGE('',*,*,#1710,.F.);
#1749 = ORIENTED_EDGE('',*,*,#1750,.F.);
#1750 = EDGE_CURVE('',#1751,#1703,#1753,.T.);
#1751 = VERTEX_POINT('',#1752);
#1752 = CARTESIAN_POINT('',(-84.94253691557,57.161480710981,
    163.19652060895));
#1753 = LINE('',#1754,#1755);
#1754 = CARTESIAN_POINT('',(-84.94253691557,57.161480710981,
    163.19652060895));
#1755 = VECTOR('',#1756,1.);
#1756 = DIRECTION('',(-0.5,0.866025403784,2.066248863043E-07));
#1757 = ORIENTED_EDGE('',*,*,#1758,.F.);
#1758 = EDGE_CURVE('',#1084,#1751,#1759,.T.);
#1759 = LINE('',#1760,#1761);
#1760 = CARTESIAN_POINT('',(-80.77336646588,59.568551243804,
    168.01065995169));
#1761 = VECTOR('',#1762,1.);
#1762 = DIRECTION('',(-0.612372727907,-0.353553390593,-0.707106528124));
#1763 = PLANE('',#1764);
#1764 = AXIS2_PLACEMENT_3D('',#1765,#1766,#1767);
#1765 = CARTESIAN_POINT('',(-84.94253691557,57.161480710981,
    163.19652060895));
#1766 = DIRECTION('',(-0.612372143484,-0.353553390593,0.707107034249));
#1767 = DIRECTION('',(0.612372727907,0.353553390593,0.707106528124));
#1768 = ADVANCED_FACE('',(#1769),#1787,.T.);
#1769 = FACE_BOUND('',#1770,.T.);
#1770 = EDGE_LOOP('',(#1771,#1779,#1780,#1781));
#1771 = ORIENTED_EDGE('',*,*,#1772,.T.);
#1772 = EDGE_CURVE('',#1773,#1751,#1775,.T.);
#1773 = VERTEX_POINT('',#1774);
#1774 = CARTESIAN_POINT('',(-83.17669914288,58.180988110882,
    161.15750507942));
#1775 = LINE('',#1776,#1777);
#1776 = CARTESIAN_POINT('',(-83.17669914288,58.180988110882,
    161.15750507942));
#1777 = VECTOR('',#1778,1.);
#1778 = DIRECTION('',(-0.612372143484,-0.353553390593,0.707107034249));
#1779 = ORIENTED_EDGE('',*,*,#1750,.T.);
#1780 = ORIENTED_EDGE('',*,*,#1702,.F.);
#1781 = ORIENTED_EDGE('',*,*,#1782,.F.);
#1782 = EDGE_CURVE('',#1773,#1695,#1783,.T.);
#1783 = LINE('',#1784,#1785);
#1784 = CARTESIAN_POINT('',(-83.17669914288,58.180988110882,
    161.15750507942));
#1785 = VECTOR('',#1786,1.);
#1786 = DIRECTION('',(-0.5,0.866025403784,2.066248863043E-07));
#1787 = PLANE('',#1788);
#1788 = AXIS2_PLACEMENT_3D('',#1789,#1790,#1791);
#1789 = CARTESIAN_POINT('',(-83.17669914288,58.180988110882,
    161.15750507942));
#1790 = DIRECTION('',(-0.612372727907,-0.353553390593,-0.707106528124));
#1791 = DIRECTION('',(-0.612372143484,-0.353553390593,0.707107034249));
#1792 = ADVANCED_FACE('',(#1793),#1811,.T.);
#1793 = FACE_BOUND('',#1794,.T.);
#1794 = EDGE_LOOP('',(#1795,#1803,#1804,#1805));
#1795 = ORIENTED_EDGE('',*,*,#1796,.T.);
#1796 = EDGE_CURVE('',#1797,#1773,#1799,.T.);
#1797 = VERTEX_POINT('',#1798);
#1798 = CARTESIAN_POINT('',(-82.20231121419,58.743551243806,
    161.15750467675));
#1799 = LINE('',#1800,#1801);
#1800 = CARTESIAN_POINT('',(-81.80144463765,58.974991669678,
    161.15750451109));
#1801 = VECTOR('',#1802,1.);
#1802 = DIRECTION('',(-0.866025403784,-0.5,3.578843785669E-07));
#1803 = ORIENTED_EDGE('',*,*,#1782,.T.);
#1804 = ORIENTED_EDGE('',*,*,#1694,.F.);
#1805 = ORIENTED_EDGE('',*,*,#1806,.F.);
#1806 = EDGE_CURVE('',#1797,#1687,#1807,.T.);
#1807 = LINE('',#1808,#1809);
#1808 = CARTESIAN_POINT('',(-82.20231121419,58.743551243806,
    161.15750467675));
#1809 = VECTOR('',#1810,1.);
#1810 = DIRECTION('',(-0.5,0.866025403784,2.066248863043E-07));
#1811 = PLANE('',#1812);
#1812 = AXIS2_PLACEMENT_3D('',#1813,#1814,#1815);
#1813 = CARTESIAN_POINT('',(-82.20231121419,58.743551243806,
    161.15750467675));
#1814 = DIRECTION('',(-4.132494066087E-07,2.113101018038E-13,-1.));
#1815 = DIRECTION('',(-0.866025403784,-0.5,3.578843785669E-07));
#1816 = ADVANCED_FACE('',(#1817),#1828,.T.);
#1817 = FACE_BOUND('',#1818,.T.);
#1818 = EDGE_LOOP('',(#1819,#1825,#1826,#1827));
#1819 = ORIENTED_EDGE('',*,*,#1820,.T.);
#1820 = EDGE_CURVE('',#1726,#1797,#1821,.T.);
#1821 = LINE('',#1822,#1823);
#1822 = CARTESIAN_POINT('',(-82.20231055299,58.743551243805,
    162.75750467675));
#1823 = VECTOR('',#1824,1.);
#1824 = DIRECTION('',(-4.13249421567E-07,2.003499498995E-13,-1.));
#1825 = ORIENTED_EDGE('',*,*,#1806,.T.);
#1826 = ORIENTED_EDGE('',*,*,#1686,.F.);
#1827 = ORIENTED_EDGE('',*,*,#1733,.F.);
#1828 = PLANE('',#1829);
#1829 = AXIS2_PLACEMENT_3D('',#1830,#1831,#1832);
#1830 = CARTESIAN_POINT('',(-82.20231055299,58.743551243805,
    162.75750467675));
#1831 = DIRECTION('',(0.866025403784,0.5,-3.578843970012E-07));
#1832 = DIRECTION('',(-4.13249421567E-07,2.003499498466E-13,-1.));
#1833 = ADVANCED_FACE('',(#1834),#1842,.T.);
#1834 = FACE_BOUND('',#1835,.T.);
#1835 = EDGE_LOOP('',(#1836,#1837,#1838,#1839,#1840,#1841));
#1836 = ORIENTED_EDGE('',*,*,#1091,.F.);
#1837 = ORIENTED_EDGE('',*,*,#1758,.T.);
#1838 = ORIENTED_EDGE('',*,*,#1772,.F.);
#1839 = ORIENTED_EDGE('',*,*,#1796,.F.);
#1840 = ORIENTED_EDGE('',*,*,#1820,.F.);
#1841 = ORIENTED_EDGE('',*,*,#1725,.F.);
#1842 = PLANE('',#1843);
#1843 = AXIS2_PLACEMENT_3D('',#1844,#1845,#1846);
#1844 = CARTESIAN_POINT('',(-82.85795211204,58.365015977393,
    164.58408288042));
#1845 = DIRECTION('',(0.5,-0.866025403784,-2.066248842917E-07));
#1846 = DIRECTION('',(4.132494831018E-07,-1.648228130321E-13,1.));
#1847 = ADVANCED_FACE('',(#1848),#1889,.T.);
#1848 = FACE_BOUND('',#1849,.T.);
#1849 = EDGE_LOOP('',(#1850,#1851,#1859,#1867,#1875,#1883));
#1850 = ORIENTED_EDGE('',*,*,#1151,.F.);
#1851 = ORIENTED_EDGE('',*,*,#1852,.T.);
#1852 = EDGE_CURVE('',#1144,#1853,#1855,.T.);
#1853 = VERTEX_POINT('',#1854);
#1854 = CARTESIAN_POINT('',(-55.56897721965,12.613264735559,
    162.75749367054));
#1855 = LINE('',#1856,#1857);
#1856 = CARTESIAN_POINT('',(-54.14003530341,13.438264735558,
    162.75749308003));
#1857 = VECTOR('',#1858,1.);
#1858 = DIRECTION('',(-0.866025403784,-0.5,3.578844680555E-07));
#1859 = ORIENTED_EDGE('',*,*,#1860,.T.);
#1860 = EDGE_CURVE('',#1853,#1861,#1863,.T.);
#1861 = VERTEX_POINT('',#1862);
#1862 = CARTESIAN_POINT('',(-55.56897788085,12.613264735559,
    161.15749367054));
#1863 = LINE('',#1864,#1865);
#1864 = CARTESIAN_POINT('',(-55.56897721965,12.613264735559,
    162.75749367054));
#1865 = VECTOR('',#1866,1.);
#1866 = DIRECTION('',(-4.13249421567E-07,2.003499498995E-13,-1.));
#1867 = ORIENTED_EDGE('',*,*,#1868,.T.);
#1868 = EDGE_CURVE('',#1861,#1869,#1871,.T.);
#1869 = VERTEX_POINT('',#1870);
#1870 = CARTESIAN_POINT('',(-56.54336580954,12.050701602635,
    161.1574940732));
#1871 = LINE('',#1872,#1873);
#1872 = CARTESIAN_POINT('',(-55.16811130431,12.844705161431,
    161.15749350488));
#1873 = VECTOR('',#1874,1.);
#1874 = DIRECTION('',(-0.866025403784,-0.5,3.578843785669E-07));
#1875 = ORIENTED_EDGE('',*,*,#1876,.T.);
#1876 = EDGE_CURVE('',#1869,#1877,#1879,.T.);
#1877 = VERTEX_POINT('',#1878);
#1878 = CARTESIAN_POINT('',(-58.30920358224,11.031194202734,
    163.19650960274));
#1879 = LINE('',#1880,#1881);
#1880 = CARTESIAN_POINT('',(-56.54336580954,12.050701602635,
    161.1574940732));
#1881 = VECTOR('',#1882,1.);
#1882 = DIRECTION('',(-0.612372143484,-0.353553390593,0.707107034249));
#1883 = ORIENTED_EDGE('',*,*,#1884,.T.);
#1884 = EDGE_CURVE('',#1877,#1152,#1885,.T.);
#1885 = LINE('',#1886,#1887);
#1886 = CARTESIAN_POINT('',(-54.14003313254,13.438264735558,
    168.01064894548));
#1887 = VECTOR('',#1888,1.);
#1888 = DIRECTION('',(0.612372727907,0.353553390593,0.707106528124));
#1889 = PLANE('',#1890);
#1890 = AXIS2_PLACEMENT_3D('',#1891,#1892,#1893);
#1891 = CARTESIAN_POINT('',(-56.2246187787,12.234729469146,
    164.58407187421));
#1892 = DIRECTION('',(-0.5,0.866025403784,2.066248863043E-07));
#1893 = DIRECTION('',(-4.132495674995E-07,1.184197388965E-13,-1.));
#1894 = ADVANCED_FACE('',(#1895),#1913,.T.);
#1895 = FACE_BOUND('',#1896,.T.);
#1896 = EDGE_LOOP('',(#1897,#1898,#1906,#1912));
#1897 = ORIENTED_EDGE('',*,*,#1141,.F.);
#1898 = ORIENTED_EDGE('',*,*,#1899,.T.);
#1899 = EDGE_CURVE('',#1142,#1900,#1902,.T.);
#1900 = VERTEX_POINT('',#1901);
#1901 = CARTESIAN_POINT('',(-48.06897721965,-0.377116321207,
    162.75749057116));
#1902 = LINE('',#1903,#1904);
#1903 = CARTESIAN_POINT('',(-46.64003530341,0.447883678793,
    162.75748998066));
#1904 = VECTOR('',#1905,1.);
#1905 = DIRECTION('',(-0.866025403784,-0.5,3.578844680555E-07));
#1906 = ORIENTED_EDGE('',*,*,#1907,.T.);
#1907 = EDGE_CURVE('',#1900,#1853,#1908,.T.);
#1908 = LINE('',#1909,#1910);
#1909 = CARTESIAN_POINT('',(-48.06897721965,-0.377116321207,
    162.75749057116));
#1910 = VECTOR('',#1911,1.);
#1911 = DIRECTION('',(-0.5,0.866025403784,2.066248863043E-07));
#1912 = ORIENTED_EDGE('',*,*,#1852,.F.);
#1913 = PLANE('',#1914);
#1914 = AXIS2_PLACEMENT_3D('',#1915,#1916,#1917);
#1915 = CARTESIAN_POINT('',(-46.64003530341,0.447883678793,
    162.75748998066));
#1916 = DIRECTION('',(-4.132494841081E-07,1.665657975939E-13,-1.));
#1917 = DIRECTION('',(-0.866025403784,-0.5,3.578844680555E-07));
#1918 = ADVANCED_FACE('',(#1919),#1937,.T.);
#1919 = FACE_BOUND('',#1920,.T.);
#1920 = EDGE_LOOP('',(#1921,#1922,#1923,#1931));
#1921 = ORIENTED_EDGE('',*,*,#1159,.F.);
#1922 = ORIENTED_EDGE('',*,*,#1884,.F.);
#1923 = ORIENTED_EDGE('',*,*,#1924,.F.);
#1924 = EDGE_CURVE('',#1925,#1877,#1927,.T.);
#1925 = VERTEX_POINT('',#1926);
#1926 = CARTESIAN_POINT('',(-50.80920358224,-1.959186854032,
    163.19650650336));
#1927 = LINE('',#1928,#1929);
#1928 = CARTESIAN_POINT('',(-50.80920358224,-1.959186854032,
    163.19650650336));
#1929 = VECTOR('',#1930,1.);
#1930 = DIRECTION('',(-0.5,0.866025403784,2.066248863043E-07));
#1931 = ORIENTED_EDGE('',*,*,#1932,.F.);
#1932 = EDGE_CURVE('',#1160,#1925,#1933,.T.);
#1933 = LINE('',#1934,#1935);
#1934 = CARTESIAN_POINT('',(-46.64003313254,0.447883678792,
    168.0106458461));
#1935 = VECTOR('',#1936,1.);
#1936 = DIRECTION('',(-0.612372727907,-0.353553390593,-0.707106528124));
#1937 = PLANE('',#1938);
#1938 = AXIS2_PLACEMENT_3D('',#1939,#1940,#1941);
#1939 = CARTESIAN_POINT('',(-50.80920358224,-1.959186854032,
    163.19650650336));
#1940 = DIRECTION('',(-0.612372143484,-0.353553390593,0.707107034249));
#1941 = DIRECTION('',(0.612372727907,0.353553390593,0.707106528124));
#1942 = ADVANCED_FACE('',(#1943),#1961,.T.);
#1943 = FACE_BOUND('',#1944,.T.);
#1944 = EDGE_LOOP('',(#1945,#1953,#1954,#1955));
#1945 = ORIENTED_EDGE('',*,*,#1946,.T.);
#1946 = EDGE_CURVE('',#1947,#1925,#1949,.T.);
#1947 = VERTEX_POINT('',#1948);
#1948 = CARTESIAN_POINT('',(-49.04336580954,-0.939679454131,
    161.15749097383));
#1949 = LINE('',#1950,#1951);
#1950 = CARTESIAN_POINT('',(-49.04336580954,-0.939679454131,
    161.15749097383));
#1951 = VECTOR('',#1952,1.);
#1952 = DIRECTION('',(-0.612372143484,-0.353553390593,0.707107034249));
#1953 = ORIENTED_EDGE('',*,*,#1924,.T.);
#1954 = ORIENTED_EDGE('',*,*,#1876,.F.);
#1955 = ORIENTED_EDGE('',*,*,#1956,.F.);
#1956 = EDGE_CURVE('',#1947,#1869,#1957,.T.);
#1957 = LINE('',#1958,#1959);
#1958 = CARTESIAN_POINT('',(-49.04336580954,-0.939679454131,
    161.15749097383));
#1959 = VECTOR('',#1960,1.);
#1960 = DIRECTION('',(-0.5,0.866025403784,2.066248863043E-07));
#1961 = PLANE('',#1962);
#1962 = AXIS2_PLACEMENT_3D('',#1963,#1964,#1965);
#1963 = CARTESIAN_POINT('',(-49.04336580954,-0.939679454131,
    161.15749097383));
#1964 = DIRECTION('',(-0.612372727907,-0.353553390593,-0.707106528124));
#1965 = DIRECTION('',(-0.612372143484,-0.353553390593,0.707107034249));
#1966 = ADVANCED_FACE('',(#1967),#1985,.T.);
#1967 = FACE_BOUND('',#1968,.T.);
#1968 = EDGE_LOOP('',(#1969,#1977,#1978,#1979));
#1969 = ORIENTED_EDGE('',*,*,#1970,.T.);
#1970 = EDGE_CURVE('',#1971,#1947,#1973,.T.);
#1971 = VERTEX_POINT('',#1972);
#1972 = CARTESIAN_POINT('',(-48.06897788085,-0.377116321207,
    161.15749057117));
#1973 = LINE('',#1974,#1975);
#1974 = CARTESIAN_POINT('',(-47.66811130431,-0.145675895335,
    161.15749040551));
#1975 = VECTOR('',#1976,1.);
#1976 = DIRECTION('',(-0.866025403784,-0.5,3.578843785669E-07));
#1977 = ORIENTED_EDGE('',*,*,#1956,.T.);
#1978 = ORIENTED_EDGE('',*,*,#1868,.F.);
#1979 = ORIENTED_EDGE('',*,*,#1980,.F.);
#1980 = EDGE_CURVE('',#1971,#1861,#1981,.T.);
#1981 = LINE('',#1982,#1983);
#1982 = CARTESIAN_POINT('',(-48.06897788085,-0.377116321207,
    161.15749057117));
#1983 = VECTOR('',#1984,1.);
#1984 = DIRECTION('',(-0.5,0.866025403784,2.066248863043E-07));
#1985 = PLANE('',#1986);
#1986 = AXIS2_PLACEMENT_3D('',#1987,#1988,#1989);
#1987 = CARTESIAN_POINT('',(-48.06897788085,-0.377116321207,
    161.15749057117));
#1988 = DIRECTION('',(-4.132494066087E-07,2.113101018038E-13,-1.));
#1989 = DIRECTION('',(-0.866025403784,-0.5,3.578843785669E-07));
#1990 = ADVANCED_FACE('',(#1991),#2002,.T.);
#1991 = FACE_BOUND('',#1992,.T.);
#1992 = EDGE_LOOP('',(#1993,#1999,#2000,#2001));
#1993 = ORIENTED_EDGE('',*,*,#1994,.T.);
#1994 = EDGE_CURVE('',#1900,#1971,#1995,.T.);
#1995 = LINE('',#1996,#1997);
#1996 = CARTESIAN_POINT('',(-48.06897721965,-0.377116321207,
    162.75749057116));
#1997 = VECTOR('',#1998,1.);
#1998 = DIRECTION('',(-4.13249421567E-07,2.003499498995E-13,-1.));
#1999 = ORIENTED_EDGE('',*,*,#1980,.T.);
#2000 = ORIENTED_EDGE('',*,*,#1860,.F.);
#2001 = ORIENTED_EDGE('',*,*,#1907,.F.);
#2002 = PLANE('',#2003);
#2003 = AXIS2_PLACEMENT_3D('',#2004,#2005,#2006);
#2004 = CARTESIAN_POINT('',(-48.06897721965,-0.377116321207,
    162.75749057116));
#2005 = DIRECTION('',(0.866025403784,0.5,-3.578843970012E-07));
#2006 = DIRECTION('',(-4.13249421567E-07,2.003499498466E-13,-1.));
#2007 = ADVANCED_FACE('',(#2008),#2016,.T.);
#2008 = FACE_BOUND('',#2009,.T.);
#2009 = EDGE_LOOP('',(#2010,#2011,#2012,#2013,#2014,#2015));
#2010 = ORIENTED_EDGE('',*,*,#1167,.F.);
#2011 = ORIENTED_EDGE('',*,*,#1932,.T.);
#2012 = ORIENTED_EDGE('',*,*,#1946,.F.);
#2013 = ORIENTED_EDGE('',*,*,#1970,.F.);
#2014 = ORIENTED_EDGE('',*,*,#1994,.F.);
#2015 = ORIENTED_EDGE('',*,*,#1899,.F.);
#2016 = PLANE('',#2017);
#2017 = AXIS2_PLACEMENT_3D('',#2018,#2019,#2020);
#2018 = CARTESIAN_POINT('',(-48.7246187787,-0.75565158762,
    164.58406877483));
#2019 = DIRECTION('',(0.5,-0.866025403784,-2.066248842917E-07));
#2020 = DIRECTION('',(4.132494831018E-07,-1.648228130321E-13,1.));
#2021 = ADVANCED_FACE('',(#2022),#2063,.T.);
#2022 = FACE_BOUND('',#2023,.T.);
#2023 = EDGE_LOOP('',(#2024,#2025,#2033,#2041,#2049,#2057));
#2024 = ORIENTED_EDGE('',*,*,#1117,.F.);
#2025 = ORIENTED_EDGE('',*,*,#2026,.T.);
#2026 = EDGE_CURVE('',#1110,#2027,#2029,.T.);
#2027 = VERTEX_POINT('',#2028);
#2028 = CARTESIAN_POINT('',(-21.43564388631,-46.50740282945,
    162.75747956495));
#2029 = LINE('',#2030,#2031);
#2030 = CARTESIAN_POINT('',(-20.00670197007,-45.68240282945,
    162.75747897444));
#2031 = VECTOR('',#2032,1.);
#2032 = DIRECTION('',(-0.866025403784,-0.5,3.578844680555E-07));
#2033 = ORIENTED_EDGE('',*,*,#2034,.T.);
#2034 = EDGE_CURVE('',#2027,#2035,#2037,.T.);
#2035 = VERTEX_POINT('',#2036);
#2036 = CARTESIAN_POINT('',(-21.43564454751,-46.50740282945,
    161.15747956495));
#2037 = LINE('',#2038,#2039);
#2038 = CARTESIAN_POINT('',(-21.43564388631,-46.50740282945,
    162.75747956495));
#2039 = VECTOR('',#2040,1.);
#2040 = DIRECTION('',(-4.13249421567E-07,2.003499498995E-13,-1.));
#2041 = ORIENTED_EDGE('',*,*,#2042,.T.);
#2042 = EDGE_CURVE('',#2035,#2043,#2045,.T.);
#2043 = VERTEX_POINT('',#2044);
#2044 = CARTESIAN_POINT('',(-22.4100324762,-47.06996596237,
    161.15747996762));
#2045 = LINE('',#2046,#2047);
#2046 = CARTESIAN_POINT('',(-21.03477797097,-46.27596240358,
    161.15747939929));
#2047 = VECTOR('',#2048,1.);
#2048 = DIRECTION('',(-0.866025403784,-0.5,3.578843785669E-07));
#2049 = ORIENTED_EDGE('',*,*,#2050,.T.);
#2050 = EDGE_CURVE('',#2043,#2051,#2053,.T.);
#2051 = VERTEX_POINT('',#2052);
#2052 = CARTESIAN_POINT('',(-24.1758702489,-48.08947336227,
    163.19649549715));
#2053 = LINE('',#2054,#2055);
#2054 = CARTESIAN_POINT('',(-22.4100324762,-47.06996596237,
    161.15747996762));
#2055 = VECTOR('',#2056,1.);
#2056 = DIRECTION('',(-0.612372143484,-0.353553390593,0.707107034249));
#2057 = ORIENTED_EDGE('',*,*,#2058,.T.);
#2058 = EDGE_CURVE('',#2051,#1118,#2059,.T.);
#2059 = LINE('',#2060,#2061);
#2060 = CARTESIAN_POINT('',(-20.0066997992,-45.68240282945,
    168.01063483989));
#2061 = VECTOR('',#2062,1.);
#2062 = DIRECTION('',(0.612372727907,0.353553390593,0.707106528124));
#2063 = PLANE('',#2064);
#2064 = AXIS2_PLACEMENT_3D('',#2065,#2066,#2067);
#2065 = CARTESIAN_POINT('',(-22.09128544536,-46.88593809586,
    164.58405776862));
#2066 = DIRECTION('',(-0.5,0.866025403784,2.066248863043E-07));
#2067 = DIRECTION('',(-4.132495674995E-07,1.184197388965E-13,-1.));
#2068 = ADVANCED_FACE('',(#2069),#2087,.T.);
#2069 = FACE_BOUND('',#2070,.T.);
#2070 = EDGE_LOOP('',(#2071,#2072,#2080,#2086));
#2071 = ORIENTED_EDGE('',*,*,#1107,.F.);
#2072 = ORIENTED_EDGE('',*,*,#2073,.T.);
#2073 = EDGE_CURVE('',#1108,#2074,#2076,.T.);
#2074 = VERTEX_POINT('',#2075);
#2075 = CARTESIAN_POINT('',(-13.93564388631,-59.49778388622,
    162.75747646558));
#2076 = LINE('',#2077,#2078);
#2077 = CARTESIAN_POINT('',(-12.50670197007,-58.67278388622,
    162.75747587507));
#2078 = VECTOR('',#2079,1.);
#2079 = DIRECTION('',(-0.866025403784,-0.5,3.578844680555E-07));
#2080 = ORIENTED_EDGE('',*,*,#2081,.T.);
#2081 = EDGE_CURVE('',#2074,#2027,#2082,.T.);
#2082 = LINE('',#2083,#2084);
#2083 = CARTESIAN_POINT('',(-13.93564388631,-59.49778388622,
    162.75747646558));
#2084 = VECTOR('',#2085,1.);
#2085 = DIRECTION('',(-0.5,0.866025403784,2.066248863043E-07));
#2086 = ORIENTED_EDGE('',*,*,#2026,.F.);
#2087 = PLANE('',#2088);
#2088 = AXIS2_PLACEMENT_3D('',#2089,#2090,#2091);
#2089 = CARTESIAN_POINT('',(-12.50670197007,-58.67278388622,
    162.75747587507));
#2090 = DIRECTION('',(-4.132494841081E-07,1.665657975939E-13,-1.));
#2091 = DIRECTION('',(-0.866025403784,-0.5,3.578844680555E-07));
#2092 = ADVANCED_FACE('',(#2093),#2111,.T.);
#2093 = FACE_BOUND('',#2094,.T.);
#2094 = EDGE_LOOP('',(#2095,#2096,#2097,#2105));
#2095 = ORIENTED_EDGE('',*,*,#1125,.F.);
#2096 = ORIENTED_EDGE('',*,*,#2058,.F.);
#2097 = ORIENTED_EDGE('',*,*,#2098,.F.);
#2098 = EDGE_CURVE('',#2099,#2051,#2101,.T.);
#2099 = VERTEX_POINT('',#2100);
#2100 = CARTESIAN_POINT('',(-16.6758702489,-61.07985441904,
    163.19649239778));
#2101 = LINE('',#2102,#2103);
#2102 = CARTESIAN_POINT('',(-16.6758702489,-61.07985441904,
    163.19649239778));
#2103 = VECTOR('',#2104,1.);
#2104 = DIRECTION('',(-0.5,0.866025403784,2.066248863043E-07));
#2105 = ORIENTED_EDGE('',*,*,#2106,.F.);
#2106 = EDGE_CURVE('',#1126,#2099,#2107,.T.);
#2107 = LINE('',#2108,#2109);
#2108 = CARTESIAN_POINT('',(-12.5066997992,-58.67278388622,
    168.01063174052));
#2109 = VECTOR('',#2110,1.);
#2110 = DIRECTION('',(-0.612372727907,-0.353553390593,-0.707106528124));
#2111 = PLANE('',#2112);
#2112 = AXIS2_PLACEMENT_3D('',#2113,#2114,#2115);
#2113 = CARTESIAN_POINT('',(-16.6758702489,-61.07985441904,
    163.19649239778));
#2114 = DIRECTION('',(-0.612372143484,-0.353553390593,0.707107034249));
#2115 = DIRECTION('',(0.612372727907,0.353553390593,0.707106528124));
#2116 = ADVANCED_FACE('',(#2117),#2135,.T.);
#2117 = FACE_BOUND('',#2118,.T.);
#2118 = EDGE_LOOP('',(#2119,#2127,#2128,#2129));
#2119 = ORIENTED_EDGE('',*,*,#2120,.T.);
#2120 = EDGE_CURVE('',#2121,#2099,#2123,.T.);
#2121 = VERTEX_POINT('',#2122);
#2122 = CARTESIAN_POINT('',(-14.9100324762,-60.06034701914,
    161.15747686824));
#2123 = LINE('',#2124,#2125);
#2124 = CARTESIAN_POINT('',(-14.9100324762,-60.06034701914,
    161.15747686824));
#2125 = VECTOR('',#2126,1.);
#2126 = DIRECTION('',(-0.612372143484,-0.353553390593,0.707107034249));
#2127 = ORIENTED_EDGE('',*,*,#2098,.T.);
#2128 = ORIENTED_EDGE('',*,*,#2050,.F.);
#2129 = ORIENTED_EDGE('',*,*,#2130,.F.);
#2130 = EDGE_CURVE('',#2121,#2043,#2131,.T.);
#2131 = LINE('',#2132,#2133);
#2132 = CARTESIAN_POINT('',(-14.9100324762,-60.06034701914,
    161.15747686824));
#2133 = VECTOR('',#2134,1.);
#2134 = DIRECTION('',(-0.5,0.866025403784,2.066248863043E-07));
#2135 = PLANE('',#2136);
#2136 = AXIS2_PLACEMENT_3D('',#2137,#2138,#2139);
#2137 = CARTESIAN_POINT('',(-14.9100324762,-60.06034701914,
    161.15747686824));
#2138 = DIRECTION('',(-0.612372727907,-0.353553390593,-0.707106528124));
#2139 = DIRECTION('',(-0.612372143484,-0.353553390593,0.707107034249));
#2140 = ADVANCED_FACE('',(#2141),#2159,.T.);
#2141 = FACE_BOUND('',#2142,.T.);
#2142 = EDGE_LOOP('',(#2143,#2151,#2152,#2153));
#2143 = ORIENTED_EDGE('',*,*,#2144,.T.);
#2144 = EDGE_CURVE('',#2145,#2121,#2147,.T.);
#2145 = VERTEX_POINT('',#2146);
#2146 = CARTESIAN_POINT('',(-13.93564454751,-59.49778388622,
    161.15747646558));
#2147 = LINE('',#2148,#2149);
#2148 = CARTESIAN_POINT('',(-13.53477797097,-59.26634346034,
    161.15747629992));
#2149 = VECTOR('',#2150,1.);
#2150 = DIRECTION('',(-0.866025403784,-0.5,3.578843785669E-07));
#2151 = ORIENTED_EDGE('',*,*,#2130,.T.);
#2152 = ORIENTED_EDGE('',*,*,#2042,.F.);
#2153 = ORIENTED_EDGE('',*,*,#2154,.F.);
#2154 = EDGE_CURVE('',#2145,#2035,#2155,.T.);
#2155 = LINE('',#2156,#2157);
#2156 = CARTESIAN_POINT('',(-13.93564454751,-59.49778388622,
    161.15747646558));
#2157 = VECTOR('',#2158,1.);
#2158 = DIRECTION('',(-0.5,0.866025403784,2.066248863043E-07));
#2159 = PLANE('',#2160);
#2160 = AXIS2_PLACEMENT_3D('',#2161,#2162,#2163);
#2161 = CARTESIAN_POINT('',(-13.93564454751,-59.49778388622,
    161.15747646558));
#2162 = DIRECTION('',(-4.132494066087E-07,2.113101018038E-13,-1.));
#2163 = DIRECTION('',(-0.866025403784,-0.5,3.578843785669E-07));
#2164 = ADVANCED_FACE('',(#2165),#2176,.T.);
#2165 = FACE_BOUND('',#2166,.T.);
#2166 = EDGE_LOOP('',(#2167,#2173,#2174,#2175));
#2167 = ORIENTED_EDGE('',*,*,#2168,.T.);
#2168 = EDGE_CURVE('',#2074,#2145,#2169,.T.);
#2169 = LINE('',#2170,#2171);
#2170 = CARTESIAN_POINT('',(-13.93564388631,-59.49778388622,
    162.75747646558));
#2171 = VECTOR('',#2172,1.);
#2172 = DIRECTION('',(-4.13249421567E-07,2.003499498995E-13,-1.));
#2173 = ORIENTED_EDGE('',*,*,#2154,.T.);
#2174 = ORIENTED_EDGE('',*,*,#2034,.F.);
#2175 = ORIENTED_EDGE('',*,*,#2081,.F.);
#2176 = PLANE('',#2177);
#2177 = AXIS2_PLACEMENT_3D('',#2178,#2179,#2180);
#2178 = CARTESIAN_POINT('',(-13.93564388631,-59.49778388622,
    162.75747646558));
#2179 = DIRECTION('',(0.866025403784,0.5,-3.578843970012E-07));
#2180 = DIRECTION('',(-4.13249421567E-07,2.003499498466E-13,-1.));
#2181 = ADVANCED_FACE('',(#2182),#2190,.T.);
#2182 = FACE_BOUND('',#2183,.T.);
#2183 = EDGE_LOOP('',(#2184,#2185,#2186,#2187,#2188,#2189));
#2184 = ORIENTED_EDGE('',*,*,#1133,.F.);
#2185 = ORIENTED_EDGE('',*,*,#2106,.T.);
#2186 = ORIENTED_EDGE('',*,*,#2120,.F.);
#2187 = ORIENTED_EDGE('',*,*,#2144,.F.);
#2188 = ORIENTED_EDGE('',*,*,#2168,.F.);
#2189 = ORIENTED_EDGE('',*,*,#2073,.F.);
#2190 = PLANE('',#2191);
#2191 = AXIS2_PLACEMENT_3D('',#2192,#2193,#2194);
#2192 = CARTESIAN_POINT('',(-14.59128544536,-59.87631915263,
    164.58405466925));
#2193 = DIRECTION('',(0.5,-0.866025403784,-2.066248842917E-07));
#2194 = DIRECTION('',(4.132494831018E-07,-1.648228130321E-13,1.));
#2195 = ADVANCED_FACE('',(#2196),#2237,.T.);
#2196 = FACE_BOUND('',#2197,.T.);
#2197 = EDGE_LOOP('',(#2198,#2199,#2207,#2215,#2223,#2231));
#2198 = ORIENTED_EDGE('',*,*,#1185,.F.);
#2199 = ORIENTED_EDGE('',*,*,#2200,.T.);
#2200 = EDGE_CURVE('',#1178,#2201,#2203,.T.);
#2201 = VERTEX_POINT('',#2202);
#2202 = CARTESIAN_POINT('',(12.697689447023,-105.6280703944,
    162.75746545937));
#2203 = LINE('',#2204,#2205);
#2204 = CARTESIAN_POINT('',(14.126631363267,-104.8030703944,
    162.75746486886));
#2205 = VECTOR('',#2206,1.);
#2206 = DIRECTION('',(-0.866025403784,-0.5,3.578844680555E-07));
#2207 = ORIENTED_EDGE('',*,*,#2208,.T.);
#2208 = EDGE_CURVE('',#2201,#2209,#2211,.T.);
#2209 = VERTEX_POINT('',#2210);
#2210 = CARTESIAN_POINT('',(12.697688785824,-105.6280703944,
    161.15746545937));
#2211 = LINE('',#2212,#2213);
#2212 = CARTESIAN_POINT('',(12.697689447023,-105.6280703944,
    162.75746545937));
#2213 = VECTOR('',#2214,1.);
#2214 = DIRECTION('',(-4.13249421567E-07,2.003499498995E-13,-1.));
#2215 = ORIENTED_EDGE('',*,*,#2216,.T.);
#2216 = EDGE_CURVE('',#2209,#2217,#2219,.T.);
#2217 = VERTEX_POINT('',#2218);
#2218 = CARTESIAN_POINT('',(11.723300857136,-106.1906335273,
    161.15746586203));
#2219 = LINE('',#2220,#2221);
#2220 = CARTESIAN_POINT('',(13.09855536236,-105.3966299685,
    161.15746529371));
#2221 = VECTOR('',#2222,1.);
#2222 = DIRECTION('',(-0.866025403784,-0.5,3.578843785669E-07));
#2223 = ORIENTED_EDGE('',*,*,#2224,.T.);
#2224 = EDGE_CURVE('',#2217,#2225,#2227,.T.);
#2225 = VERTEX_POINT('',#2226);
#2226 = CARTESIAN_POINT('',(9.957463084437,-107.2101409272,
    163.19648139156));
#2227 = LINE('',#2228,#2229);
#2228 = CARTESIAN_POINT('',(11.723300857136,-106.1906335273,
    161.15746586203));
#2229 = VECTOR('',#2230,1.);
#2230 = DIRECTION('',(-0.612372143484,-0.353553390593,0.707107034249));
#2231 = ORIENTED_EDGE('',*,*,#2232,.T.);
#2232 = EDGE_CURVE('',#2225,#1186,#2233,.T.);
#2233 = LINE('',#2234,#2235);
#2234 = CARTESIAN_POINT('',(14.126633534131,-104.8030703944,
    168.0106207343));
#2235 = VECTOR('',#2236,1.);
#2236 = DIRECTION('',(0.612372727907,0.353553390593,0.707106528124));
#2237 = PLANE('',#2238);
#2238 = AXIS2_PLACEMENT_3D('',#2239,#2240,#2241);
#2239 = CARTESIAN_POINT('',(12.042047887973,-106.0066056608,
    164.58404366303));
#2240 = DIRECTION('',(-0.5,0.866025403784,2.066248863043E-07));
#2241 = DIRECTION('',(-4.132495674995E-07,1.184197388965E-13,-1.));
#2242 = ADVANCED_FACE('',(#2243),#2261,.T.);
#2243 = FACE_BOUND('',#2244,.T.);
#2244 = EDGE_LOOP('',(#2245,#2246,#2254,#2260));
#2245 = ORIENTED_EDGE('',*,*,#1175,.F.);
#2246 = ORIENTED_EDGE('',*,*,#2247,.T.);
#2247 = EDGE_CURVE('',#1176,#2248,#2250,.T.);
#2248 = VERTEX_POINT('',#2249);
#2249 = CARTESIAN_POINT('',(20.197689447024,-118.6184514512,
    162.75746235999));
#2250 = LINE('',#2251,#2252);
#2251 = CARTESIAN_POINT('',(21.626631363268,-117.7934514512,
    162.75746176948));
#2252 = VECTOR('',#2253,1.);
#2253 = DIRECTION('',(-0.866025403784,-0.5,3.578844680555E-07));
#2254 = ORIENTED_EDGE('',*,*,#2255,.T.);
#2255 = EDGE_CURVE('',#2248,#2201,#2256,.T.);
#2256 = LINE('',#2257,#2258);
#2257 = CARTESIAN_POINT('',(20.197689447024,-118.6184514512,
    162.75746235999));
#2258 = VECTOR('',#2259,1.);
#2259 = DIRECTION('',(-0.5,0.866025403784,2.066248863043E-07));
#2260 = ORIENTED_EDGE('',*,*,#2200,.F.);
#2261 = PLANE('',#2262);
#2262 = AXIS2_PLACEMENT_3D('',#2263,#2264,#2265);
#2263 = CARTESIAN_POINT('',(21.626631363268,-117.7934514512,
    162.75746176948));
#2264 = DIRECTION('',(-4.132494841081E-07,1.665657975939E-13,-1.));
#2265 = DIRECTION('',(-0.866025403784,-0.5,3.578844680555E-07));
#2266 = ADVANCED_FACE('',(#2267),#2285,.T.);
#2267 = FACE_BOUND('',#2268,.T.);
#2268 = EDGE_LOOP('',(#2269,#2270,#2271,#2279));
#2269 = ORIENTED_EDGE('',*,*,#1193,.F.);
#2270 = ORIENTED_EDGE('',*,*,#2232,.F.);
#2271 = ORIENTED_EDGE('',*,*,#2272,.F.);
#2272 = EDGE_CURVE('',#2273,#2225,#2275,.T.);
#2273 = VERTEX_POINT('',#2274);
#2274 = CARTESIAN_POINT('',(17.457463084438,-120.200521984,
    163.19647829219));
#2275 = LINE('',#2276,#2277);
#2276 = CARTESIAN_POINT('',(17.457463084438,-120.200521984,
    163.19647829219));
#2277 = VECTOR('',#2278,1.);
#2278 = DIRECTION('',(-0.5,0.866025403784,2.066248863043E-07));
#2279 = ORIENTED_EDGE('',*,*,#2280,.F.);
#2280 = EDGE_CURVE('',#1194,#2273,#2281,.T.);
#2281 = LINE('',#2282,#2283);
#2282 = CARTESIAN_POINT('',(21.626633534132,-117.7934514512,
    168.01061763493));
#2283 = VECTOR('',#2284,1.);
#2284 = DIRECTION('',(-0.612372727907,-0.353553390593,-0.707106528124));
#2285 = PLANE('',#2286);
#2286 = AXIS2_PLACEMENT_3D('',#2287,#2288,#2289);
#2287 = CARTESIAN_POINT('',(17.457463084438,-120.200521984,
    163.19647829219));
#2288 = DIRECTION('',(-0.612372143484,-0.353553390593,0.707107034249));
#2289 = DIRECTION('',(0.612372727907,0.353553390593,0.707106528124));
#2290 = ADVANCED_FACE('',(#2291),#2309,.T.);
#2291 = FACE_BOUND('',#2292,.T.);
#2292 = EDGE_LOOP('',(#2293,#2301,#2302,#2303));
#2293 = ORIENTED_EDGE('',*,*,#2294,.T.);
#2294 = EDGE_CURVE('',#2295,#2273,#2297,.T.);
#2295 = VERTEX_POINT('',#2296);
#2296 = CARTESIAN_POINT('',(19.223300857136,-119.1810145841,
    161.15746276266));
#2297 = LINE('',#2298,#2299);
#2298 = CARTESIAN_POINT('',(19.223300857136,-119.1810145841,
    161.15746276266));
#2299 = VECTOR('',#2300,1.);
#2300 = DIRECTION('',(-0.612372143484,-0.353553390593,0.707107034249));
#2301 = ORIENTED_EDGE('',*,*,#2272,.T.);
#2302 = ORIENTED_EDGE('',*,*,#2224,.F.);
#2303 = ORIENTED_EDGE('',*,*,#2304,.F.);
#2304 = EDGE_CURVE('',#2295,#2217,#2305,.T.);
#2305 = LINE('',#2306,#2307);
#2306 = CARTESIAN_POINT('',(19.223300857136,-119.1810145841,
    161.15746276266));
#2307 = VECTOR('',#2308,1.);
#2308 = DIRECTION('',(-0.5,0.866025403784,2.066248863043E-07));
#2309 = PLANE('',#2310);
#2310 = AXIS2_PLACEMENT_3D('',#2311,#2312,#2313);
#2311 = CARTESIAN_POINT('',(19.223300857136,-119.1810145841,
    161.15746276266));
#2312 = DIRECTION('',(-0.612372727907,-0.353553390593,-0.707106528124));
#2313 = DIRECTION('',(-0.612372143484,-0.353553390593,0.707107034249));
#2314 = ADVANCED_FACE('',(#2315),#2333,.T.);
#2315 = FACE_BOUND('',#2316,.T.);
#2316 = EDGE_LOOP('',(#2317,#2325,#2326,#2327));
#2317 = ORIENTED_EDGE('',*,*,#2318,.T.);
#2318 = EDGE_CURVE('',#2319,#2295,#2321,.T.);
#2319 = VERTEX_POINT('',#2320);
#2320 = CARTESIAN_POINT('',(20.197688785825,-118.6184514512,
    161.15746235999));
#2321 = LINE('',#2322,#2323);
#2322 = CARTESIAN_POINT('',(20.59855536236,-118.3870110253,
    161.15746219433));
#2323 = VECTOR('',#2324,1.);
#2324 = DIRECTION('',(-0.866025403784,-0.5,3.578843785669E-07));
#2325 = ORIENTED_EDGE('',*,*,#2304,.T.);
#2326 = ORIENTED_EDGE('',*,*,#2216,.F.);
#2327 = ORIENTED_EDGE('',*,*,#2328,.F.);
#2328 = EDGE_CURVE('',#2319,#2209,#2329,.T.);
#2329 = LINE('',#2330,#2331);
#2330 = CARTESIAN_POINT('',(20.197688785825,-118.6184514512,
    161.15746235999));
#2331 = VECTOR('',#2332,1.);
#2332 = DIRECTION('',(-0.5,0.866025403784,2.066248863043E-07));
#2333 = PLANE('',#2334);
#2334 = AXIS2_PLACEMENT_3D('',#2335,#2336,#2337);
#2335 = CARTESIAN_POINT('',(20.197688785825,-118.6184514512,
    161.15746235999));
#2336 = DIRECTION('',(-4.132494066087E-07,2.113101018038E-13,-1.));
#2337 = DIRECTION('',(-0.866025403784,-0.5,3.578843785669E-07));
#2338 = ADVANCED_FACE('',(#2339),#2350,.T.);
#2339 = FACE_BOUND('',#2340,.T.);
#2340 = EDGE_LOOP('',(#2341,#2347,#2348,#2349));
#2341 = ORIENTED_EDGE('',*,*,#2342,.T.);
#2342 = EDGE_CURVE('',#2248,#2319,#2343,.T.);
#2343 = LINE('',#2344,#2345);
#2344 = CARTESIAN_POINT('',(20.197689447024,-118.6184514512,
    162.75746235999));
#2345 = VECTOR('',#2346,1.);
#2346 = DIRECTION('',(-4.13249421567E-07,2.003499498995E-13,-1.));
#2347 = ORIENTED_EDGE('',*,*,#2328,.T.);
#2348 = ORIENTED_EDGE('',*,*,#2208,.F.);
#2349 = ORIENTED_EDGE('',*,*,#2255,.F.);
#2350 = PLANE('',#2351);
#2351 = AXIS2_PLACEMENT_3D('',#2352,#2353,#2354);
#2352 = CARTESIAN_POINT('',(20.197689447024,-118.6184514512,
    162.75746235999));
#2353 = DIRECTION('',(0.866025403784,0.5,-3.578843970012E-07));
#2354 = DIRECTION('',(-4.13249421567E-07,2.003499498466E-13,-1.));
#2355 = ADVANCED_FACE('',(#2356),#2364,.T.);
#2356 = FACE_BOUND('',#2357,.T.);
#2357 = EDGE_LOOP('',(#2358,#2359,#2360,#2361,#2362,#2363));
#2358 = ORIENTED_EDGE('',*,*,#1201,.F.);
#2359 = ORIENTED_EDGE('',*,*,#2280,.T.);
#2360 = ORIENTED_EDGE('',*,*,#2294,.F.);
#2361 = ORIENTED_EDGE('',*,*,#2318,.F.);
#2362 = ORIENTED_EDGE('',*,*,#2342,.F.);
#2363 = ORIENTED_EDGE('',*,*,#2247,.F.);
#2364 = PLANE('',#2365);
#2365 = AXIS2_PLACEMENT_3D('',#2366,#2367,#2368);
#2366 = CARTESIAN_POINT('',(19.542047887974,-118.9969867176,
    164.58404056366));
#2367 = DIRECTION('',(0.5,-0.866025403784,-2.066248842917E-07));
#2368 = DIRECTION('',(4.132494831018E-07,-1.648228130321E-13,1.));
#2369 = ADVANCED_FACE('',(#2370),#2397,.F.);
#2370 = FACE_BOUND('',#2371,.F.);
#2371 = EDGE_LOOP('',(#2372,#2382,#2389,#2390));
#2372 = ORIENTED_EDGE('',*,*,#2373,.T.);
#2373 = EDGE_CURVE('',#2374,#2376,#2378,.T.);
#2374 = VERTEX_POINT('',#2375);
#2375 = CARTESIAN_POINT('',(-114.9992649802,58.3988610121,
    176.04730013388));
#2376 = VERTEX_POINT('',#2377);
#2377 = CARTESIAN_POINT('',(-115.1992648149,58.745271173614,
    176.44730021653));
#2378 = LINE('',#2379,#2380);
#2379 = CARTESIAN_POINT('',(-115.0992648976,58.572066092857,
    176.2473001752));
#2380 = VECTOR('',#2381,1.);
#2381 = DIRECTION('',(-0.353553098382,0.612372435696,0.707106927292));
#2382 = ORIENTED_EDGE('',*,*,#2383,.F.);
#2383 = EDGE_CURVE('',#2376,#2376,#2384,.T.);
#2384 = CIRCLE('',#2385,2.7);
#2385 = AXIS2_PLACEMENT_3D('',#2386,#2387,#2388);
#2386 = CARTESIAN_POINT('',(-116.5492648149,61.083539763832,
    176.44730077441));
#2387 = DIRECTION('',(4.132494520303E-07,-8.942464552082E-14,1.));
#2388 = DIRECTION('',(-0.5,0.866025403784,2.066248034592E-07));
#2389 = ORIENTED_EDGE('',*,*,#2373,.F.);
#2390 = ORIENTED_EDGE('',*,*,#2391,.F.);
#2391 = EDGE_CURVE('',#2374,#2374,#2392,.T.);
#2392 = CIRCLE('',#2393,3.1);
#2393 = AXIS2_PLACEMENT_3D('',#2394,#2395,#2396);
#2394 = CARTESIAN_POINT('',(-116.5492649802,61.083539763832,
    176.04730077442));
#2395 = DIRECTION('',(-4.132494520303E-07,8.942464552082E-14,-1.));
#2396 = DIRECTION('',(-0.5,0.866025403784,2.066248034592E-07));
#2397 = CONICAL_SURFACE('',#2398,2.9,0.785398163398);
#2398 = AXIS2_PLACEMENT_3D('',#2399,#2400,#2401);
#2399 = CARTESIAN_POINT('',(-116.5492648976,61.083539763832,
    176.24730077441));
#2400 = DIRECTION('',(-4.13249447948E-07,8.898615308116E-14,-1.));
#2401 = DIRECTION('',(-0.5,0.866025403784,2.066248010383E-07));
#2402 = ADVANCED_FACE('',(#2403,#2482,#2493,#2504,#2515),#2518,.T.);
#2403 = FACE_BOUND('',#2404,.T.);
#2404 = EDGE_LOOP('',(#2405,#2406,#2414,#2423,#2431,#2440,#2448,#2457,
    #2465,#2474,#2480,#2481));
#2405 = ORIENTED_EDGE('',*,*,#1385,.F.);
#2406 = ORIENTED_EDGE('',*,*,#2407,.F.);
#2407 = EDGE_CURVE('',#2408,#1378,#2410,.T.);
#2408 = VERTEX_POINT('',#2409);
#2409 = CARTESIAN_POINT('',(-28.73093890075,-109.9713117721,
    176.04726448352));
#2410 = LINE('',#2411,#2412);
#2411 = CARTESIAN_POINT('',(-98.32944385597,10.576834941134,
    176.04729324508));
#2412 = VECTOR('',#2413,1.);
#2413 = DIRECTION('',(0.5,-0.866025403784,-2.066248034592E-07));
#2414 = ORIENTED_EDGE('',*,*,#2415,.F.);
#2415 = EDGE_CURVE('',#2416,#2408,#2418,.T.);
#2416 = VERTEX_POINT('',#2417);
#2417 = CARTESIAN_POINT('',(-25.94920481847,-99.58955275956,
    176.04726333398));
#2418 = CIRCLE('',#2419,7.6);
#2419 = AXIS2_PLACEMENT_3D('',#2420,#2421,#2422);
#2420 = CARTESIAN_POINT('',(-22.14914583198,-106.1713117721,
    176.0472617636));
#2421 = DIRECTION('',(4.132494520303E-07,-8.942464550758E-14,1.));
#2422 = DIRECTION('',(-0.965926986059,0.258814716742,3.991688208348E-07)
  );
#2423 = ORIENTED_EDGE('',*,*,#2424,.F.);
#2424 = EDGE_CURVE('',#2425,#2416,#2427,.T.);
#2425 = VERTEX_POINT('',#2426);
#2426 = CARTESIAN_POINT('',(-16.42296303628,-94.08946066826,
    176.04725939726));
#2427 = LINE('',#2428,#2429);
#2428 = CARTESIAN_POINT('',(-24.11540026683,-98.53078329495,
    176.04726257616));
#2429 = VECTOR('',#2430,1.);
#2430 = DIRECTION('',(-0.866020922704,-0.500007761379,3.578826270411E-07
    ));
#2431 = ORIENTED_EDGE('',*,*,#2432,.F.);
#2432 = EDGE_CURVE('',#2433,#2425,#2435,.T.);
#2433 = VERTEX_POINT('',#2434);
#2434 = CARTESIAN_POINT('',(-13.34841484008,-82.61488491754,
    176.04725812671));
#2435 = CIRCLE('',#2436,8.4);
#2436 = AXIS2_PLACEMENT_3D('',#2437,#2438,#2439);
#2437 = CARTESIAN_POINT('',(-20.62302823187,-86.81488491754,
    176.04726113294));
#2438 = DIRECTION('',(-4.132494520303E-07,8.942464550758E-14,-1.));
#2439 = DIRECTION('',(0.965926986059,-0.258814716742,-3.991688208348E-07
    ));
#2440 = ORIENTED_EDGE('',*,*,#2441,.F.);
#2441 = EDGE_CURVE('',#2442,#2433,#2444,.T.);
#2442 = VERTEX_POINT('',#2443);
#2443 = CARTESIAN_POINT('',(-77.88472408501,29.165281627632,
    176.04728479631));
#2444 = LINE('',#2445,#2446);
#2445 = CARTESIAN_POINT('',(-56.81016059617,-7.336933082368,
    176.04727608726));
#2446 = VECTOR('',#2447,1.);
#2447 = DIRECTION('',(0.5,-0.866025403784,-2.066248034592E-07));
#2448 = ORIENTED_EDGE('',*,*,#2449,.F.);
#2449 = EDGE_CURVE('',#2450,#2442,#2452,.T.);
#2450 = VERTEX_POINT('',#2451);
#2451 = CARTESIAN_POINT('',(-89.35940267238,32.239857378343,
    176.04728953822));
#2452 = CIRCLE('',#2453,8.4);
#2453 = AXIS2_PLACEMENT_3D('',#2454,#2455,#2456);
#2454 = CARTESIAN_POINT('',(-85.15933747679,24.965281627632,
    176.04728780254));
#2455 = DIRECTION('',(-4.132494520303E-07,8.942464550758E-14,-1.));
#2456 = DIRECTION('',(0.258814716742,0.965926986059,-1.069549534933E-07)
  );
#2457 = ORIENTED_EDGE('',*,*,#2458,.F.);
#2458 = EDGE_CURVE('',#2459,#2450,#2461,.T.);
#2459 = VERTEX_POINT('',#2460);
#2460 = CARTESIAN_POINT('',(-98.88539609108,26.739908682728,
    176.04729347483));
#2461 = LINE('',#2462,#2463);
#2462 = CARTESIAN_POINT('',(-75.06976532768,40.490154100204,
    176.04728363303));
#2463 = VECTOR('',#2464,1.);
#2464 = DIRECTION('',(0.866020922704,0.500007761379,-3.578826270411E-07)
  );
#2465 = ORIENTED_EDGE('',*,*,#2466,.F.);
#2466 = EDGE_CURVE('',#2467,#2459,#2469,.T.);
#2467 = VERTEX_POINT('',#2468);
#2468 = CARTESIAN_POINT('',(-109.2672481463,29.521667695275,
    176.04729776512));
#2469 = CIRCLE('',#2470,7.6);
#2470 = AXIS2_PLACEMENT_3D('',#2471,#2472,#2473);
#2471 = CARTESIAN_POINT('',(-102.6854550775,33.321667695276,
    176.0472950452));
#2472 = DIRECTION('',(4.132494520303E-07,-8.942464549435E-14,1.));
#2473 = DIRECTION('',(-0.258814716742,-0.965926986059,1.069549534933E-07
    ));
#2474 = ORIENTED_EDGE('',*,*,#2475,.F.);
#2475 = EDGE_CURVE('',#1353,#2467,#2476,.T.);
#2476 = LINE('',#2477,#2478);
#2477 = CARTESIAN_POINT('',(-98.32944385597,10.576834941134,
    176.04729324508));
#2478 = VECTOR('',#2479,1.);
#2479 = DIRECTION('',(0.5,-0.866025403784,-2.066248034592E-07));
#2480 = ORIENTED_EDGE('',*,*,#1352,.F.);
#2481 = ORIENTED_EDGE('',*,*,#1065,.F.);
#2482 = FACE_BOUND('',#2483,.T.);
#2483 = EDGE_LOOP('',(#2484));
#2484 = ORIENTED_EDGE('',*,*,#2485,.F.);
#2485 = EDGE_CURVE('',#2486,#2486,#2488,.T.);
#2486 = VERTEX_POINT('',#2487);
#2487 = CARTESIAN_POINT('',(-100.9992649802,34.150149706146,
    176.04729434838));
#2488 = CIRCLE('',#2489,3.1);
#2489 = AXIS2_PLACEMENT_3D('',#2490,#2491,#2492);
#2490 = CARTESIAN_POINT('',(-102.5492649802,36.834828457877,
    176.04729498892));
#2491 = DIRECTION('',(-4.132494520303E-07,8.942464552082E-14,-1.));
#2492 = DIRECTION('',(-0.5,0.866025403784,2.066248034592E-07));
#2493 = FACE_BOUND('',#2494,.T.);
#2494 = EDGE_LOOP('',(#2495));
#2495 = ORIENTED_EDGE('',*,*,#2496,.F.);
#2496 = EDGE_CURVE('',#2497,#2497,#2499,.T.);
#2497 = VERTEX_POINT('',#2498);
#2498 = CARTESIAN_POINT('',(-3.390594753775,-134.6620632473,
    176.04725401164));
#2499 = CIRCLE('',#2500,3.1);
#2500 = AXIS2_PLACEMENT_3D('',#2501,#2502,#2503);
#2501 = CARTESIAN_POINT('',(-4.940594753776,-131.9773844956,
    176.04725465218));
#2502 = DIRECTION('',(-4.132494520303E-07,8.942464552082E-14,-1.));
#2503 = DIRECTION('',(-0.5,0.866025403784,2.066248034592E-07));
#2504 = FACE_BOUND('',#2505,.T.);
#2505 = EDGE_LOOP('',(#2506));
#2506 = ORIENTED_EDGE('',*,*,#2507,.F.);
#2507 = EDGE_CURVE('',#2508,#2508,#2510,.T.);
#2508 = VERTEX_POINT('',#2509);
#2509 = CARTESIAN_POINT('',(-17.39059475377,-110.4133519413,
    176.04725979713));
#2510 = CIRCLE('',#2511,3.1);
#2511 = AXIS2_PLACEMENT_3D('',#2512,#2513,#2514);
#2512 = CARTESIAN_POINT('',(-18.94059475378,-107.7286731896,
    176.04726043767));
#2513 = DIRECTION('',(-4.132494520303E-07,8.942464552082E-14,-1.));
#2514 = DIRECTION('',(-0.5,0.866025403784,2.066248034592E-07));
#2515 = FACE_BOUND('',#2516,.T.);
#2516 = EDGE_LOOP('',(#2517));
#2517 = ORIENTED_EDGE('',*,*,#2391,.F.);
#2518 = PLANE('',#2519);
#2519 = AXIS2_PLACEMENT_3D('',#2520,#2521,#2522);
#2520 = CARTESIAN_POINT('',(-89.89573625098,83.169224873093,
    176.04728975986));
#2521 = DIRECTION('',(-4.132494520303E-07,8.942464552082E-14,-1.));
#2522 = DIRECTION('',(0.5,-0.866025403784,-2.066248034592E-07));
#2523 = ADVANCED_FACE('',(#2524),#2543,.F.);
#2524 = FACE_BOUND('',#2525,.F.);
#2525 = EDGE_LOOP('',(#2526,#2534,#2535,#2536));
#2526 = ORIENTED_EDGE('',*,*,#2527,.T.);
#2527 = EDGE_CURVE('',#2528,#2376,#2530,.T.);
#2528 = VERTEX_POINT('',#2529);
#2529 = CARTESIAN_POINT('',(-115.1992639058,58.745271173614,
    178.64730021653));
#2530 = LINE('',#2531,#2532);
#2531 = CARTESIAN_POINT('',(-115.1992620875,58.745271173614,
    183.04730021653));
#2532 = VECTOR('',#2533,1.);
#2533 = DIRECTION('',(-4.132494409511E-07,9.569757570475E-14,-1.));
#2534 = ORIENTED_EDGE('',*,*,#2383,.T.);
#2535 = ORIENTED_EDGE('',*,*,#2527,.F.);
#2536 = ORIENTED_EDGE('',*,*,#2537,.T.);
#2537 = EDGE_CURVE('',#2528,#2528,#2538,.T.);
#2538 = CIRCLE('',#2539,2.7);
#2539 = AXIS2_PLACEMENT_3D('',#2540,#2541,#2542);
#2540 = CARTESIAN_POINT('',(-116.5492639058,61.083539763832,
    178.64730077441));
#2541 = DIRECTION('',(-4.13249441599E-07,9.558018665267E-14,-1.));
#2542 = DIRECTION('',(-0.5,0.866025403784,2.066248035745E-07));
#2543 = CYLINDRICAL_SURFACE('',#2544,2.7);
#2544 = AXIS2_PLACEMENT_3D('',#2545,#2546,#2547);
#2545 = CARTESIAN_POINT('',(-116.5492620875,61.083539763831,
    183.04730077441));
#2546 = DIRECTION('',(-4.132494409511E-07,9.569757570475E-14,-1.));
#2547 = DIRECTION('',(-0.5,0.866025403784,2.066248033522E-07));
#2548 = ADVANCED_FACE('',(#2549),#2568,.F.);
#2549 = FACE_BOUND('',#2550,.F.);
#2550 = EDGE_LOOP('',(#2551,#2559,#2566,#2567));
#2551 = ORIENTED_EDGE('',*,*,#2552,.T.);
#2552 = EDGE_CURVE('',#2486,#2553,#2555,.T.);
#2553 = VERTEX_POINT('',#2554);
#2554 = CARTESIAN_POINT('',(-101.1992648149,34.49655986766,
    176.44729443103));
#2555 = LINE('',#2556,#2557);
#2556 = CARTESIAN_POINT('',(-101.0992648976,34.323354786903,
    176.24729438971));
#2557 = VECTOR('',#2558,1.);
#2558 = DIRECTION('',(-0.353553098382,0.612372435696,0.707106927292));
#2559 = ORIENTED_EDGE('',*,*,#2560,.F.);
#2560 = EDGE_CURVE('',#2553,#2553,#2561,.T.);
#2561 = CIRCLE('',#2562,2.7);
#2562 = AXIS2_PLACEMENT_3D('',#2563,#2564,#2565);
#2563 = CARTESIAN_POINT('',(-102.5492648149,36.834828457877,
    176.44729498892));
#2564 = DIRECTION('',(4.132494520303E-07,-8.942464552082E-14,1.));
#2565 = DIRECTION('',(-0.5,0.866025403784,2.066248034592E-07));
#2566 = ORIENTED_EDGE('',*,*,#2552,.F.);
#2567 = ORIENTED_EDGE('',*,*,#2485,.F.);
#2568 = CONICAL_SURFACE('',#2569,2.9,0.785398163398);
#2569 = AXIS2_PLACEMENT_3D('',#2570,#2571,#2572);
#2570 = CARTESIAN_POINT('',(-102.5492648976,36.834828457877,
    176.24729498892));
#2571 = DIRECTION('',(-4.13249447948E-07,8.898615308116E-14,-1.));
#2572 = DIRECTION('',(-0.5,0.866025403784,2.066248010383E-07));
#2573 = ADVANCED_FACE('',(#2574),#2593,.F.);
#2574 = FACE_BOUND('',#2575,.F.);
#2575 = EDGE_LOOP('',(#2576,#2584,#2585,#2586));
#2576 = ORIENTED_EDGE('',*,*,#2577,.T.);
#2577 = EDGE_CURVE('',#2578,#2553,#2580,.T.);
#2578 = VERTEX_POINT('',#2579);
#2579 = CARTESIAN_POINT('',(-101.1992639058,34.496559867659,
    178.64729443103));
#2580 = LINE('',#2581,#2582);
#2581 = CARTESIAN_POINT('',(-101.1992620875,34.496559867659,
    183.04729443103));
#2582 = VECTOR('',#2583,1.);
#2583 = DIRECTION('',(-4.132494410991E-07,9.5953970725E-14,-1.));
#2584 = ORIENTED_EDGE('',*,*,#2560,.T.);
#2585 = ORIENTED_EDGE('',*,*,#2577,.F.);
#2586 = ORIENTED_EDGE('',*,*,#2587,.T.);
#2587 = EDGE_CURVE('',#2578,#2578,#2588,.T.);
#2588 = CIRCLE('',#2589,2.7);
#2589 = AXIS2_PLACEMENT_3D('',#2590,#2591,#2592);
#2590 = CARTESIAN_POINT('',(-102.5492639058,36.834828457877,
    178.64729498892));
#2591 = DIRECTION('',(-4.13249441599E-07,9.558018665267E-14,-1.));
#2592 = DIRECTION('',(-0.5,0.866025403784,2.066248035745E-07));
#2593 = CYLINDRICAL_SURFACE('',#2594,2.7);
#2594 = AXIS2_PLACEMENT_3D('',#2595,#2596,#2597);
#2595 = CARTESIAN_POINT('',(-102.5492620875,36.834828457877,
    183.04729498892));
#2596 = DIRECTION('',(-4.132494410991E-07,9.5953970725E-14,-1.));
#2597 = DIRECTION('',(-0.5,0.866025403784,2.066248036482E-07));
#2598 = ADVANCED_FACE('',(#2599),#2618,.T.);
#2599 = FACE_BOUND('',#2600,.T.);
#2600 = EDGE_LOOP('',(#2601,#2602,#2603,#2611,#2617));
#2601 = ORIENTED_EDGE('',*,*,#974,.F.);
#2602 = ORIENTED_EDGE('',*,*,#1613,.T.);
#2603 = ORIENTED_EDGE('',*,*,#2604,.T.);
#2604 = EDGE_CURVE('',#1605,#2605,#2607,.T.);
#2605 = VERTEX_POINT('',#2606);
#2606 = CARTESIAN_POINT('',(-29.07734798781,-110.1713117721,
    178.64726462668));
#2607 = LINE('',#2608,#2609);
#2608 = CARTESIAN_POINT('',(-28.730937661,-109.9713117721,
    179.04726448352));
#2609 = VECTOR('',#2610,1.);
#2610 = DIRECTION('',(-0.612372727907,-0.353553390593,-0.707106528124));
#2611 = ORIENTED_EDGE('',*,*,#2612,.T.);
#2612 = EDGE_CURVE('',#2605,#1259,#2613,.T.);
#2613 = LINE('',#2614,#2615);
#2614 = CARTESIAN_POINT('',(-37.52373864802,-95.54173400806,
    178.64726811715));
#2615 = VECTOR('',#2616,1.);
#2616 = DIRECTION('',(0.5,-0.866025403784,-2.066248035744E-07));
#2617 = ORIENTED_EDGE('',*,*,#1258,.T.);
#2618 = PLANE('',#2619);
#2619 = AXIS2_PLACEMENT_3D('',#2620,#2621,#2622);
#2620 = CARTESIAN_POINT('',(-37.35053348461,-95.44173400806,
    178.84726804557));
#2621 = DIRECTION('',(-0.612372143484,-0.353553390593,0.707107034249));
#2622 = DIRECTION('',(-0.5,0.866025403784,2.066246541921E-07));
#2623 = ADVANCED_FACE('',(#2624),#2643,.T.);
#2624 = FACE_BOUND('',#2625,.T.);
#2625 = EDGE_LOOP('',(#2626,#2634,#2641,#2642));
#2626 = ORIENTED_EDGE('',*,*,#2627,.T.);
#2627 = EDGE_CURVE('',#1597,#2628,#2630,.T.);
#2628 = VERTEX_POINT('',#2629);
#2629 = CARTESIAN_POINT('',(-26.14920684857,-99.24314439048,
    178.64726341663));
#2630 = LINE('',#2631,#2632);
#2631 = CARTESIAN_POINT('',(-25.94920357872,-99.58955275956,
    179.04726333397));
#2632 = VECTOR('',#2633,1.);
#2633 = DIRECTION('',(-0.353559170929,0.612369267094,-0.707106635077));
#2634 = ORIENTED_EDGE('',*,*,#2635,.T.);
#2635 = EDGE_CURVE('',#2628,#2605,#2636,.T.);
#2636 = CIRCLE('',#2637,8.);
#2637 = AXIS2_PLACEMENT_3D('',#2638,#2639,#2640);
#2638 = CARTESIAN_POINT('',(-22.14914475754,-106.1713117721,
    178.6472617636));
#2639 = DIRECTION('',(4.13249441599E-07,-9.558018661297E-14,1.));
#2640 = DIRECTION('',(-0.965926986059,0.258814716742,3.991688123521E-07)
  );
#2641 = ORIENTED_EDGE('',*,*,#2604,.F.);
#2642 = ORIENTED_EDGE('',*,*,#1604,.T.);
#2643 = CONICAL_SURFACE('',#2644,7.8,0.785398163399);
#2644 = AXIS2_PLACEMENT_3D('',#2645,#2646,#2647);
#2645 = CARTESIAN_POINT('',(-22.14914467489,-106.1713117721,
    178.8472617636));
#2646 = DIRECTION('',(-4.132494479479E-07,8.898596233993E-14,-1.));
#2647 = DIRECTION('',(-0.965926986059,0.258814716742,3.991688167779E-07)
  );
#2648 = ADVANCED_FACE('',(#2649),#2667,.T.);
#2649 = FACE_BOUND('',#2650,.T.);
#2650 = EDGE_LOOP('',(#2651,#2652,#2653,#2661));
#2651 = ORIENTED_EDGE('',*,*,#2627,.F.);
#2652 = ORIENTED_EDGE('',*,*,#1596,.T.);
#2653 = ORIENTED_EDGE('',*,*,#2654,.T.);
#2654 = EDGE_CURVE('',#1588,#2655,#2657,.T.);
#2655 = VERTEX_POINT('',#2656);
#2656 = CARTESIAN_POINT('',(-16.62296506638,-93.74305229917,
    178.64725947991));
#2657 = LINE('',#2658,#2659);
#2658 = CARTESIAN_POINT('',(-16.42296179653,-94.08946066826,
    179.04725939726));
#2659 = VECTOR('',#2660,1.);
#2660 = DIRECTION('',(-0.353559170929,0.612369267093,-0.707106635078));
#2661 = ORIENTED_EDGE('',*,*,#2662,.T.);
#2662 = EDGE_CURVE('',#2655,#2628,#2663,.T.);
#2663 = LINE('',#2664,#2665);
#2664 = CARTESIAN_POINT('',(-24.31635154396,-98.18492298524,
    178.6472626592));
#2665 = VECTOR('',#2666,1.);
#2666 = DIRECTION('',(-0.866020922704,-0.500007761379,3.578826149296E-07
    ));
#2667 = PLANE('',#2668);
#2668 = AXIS2_PLACEMENT_3D('',#2669,#2670,#2671);
#2669 = CARTESIAN_POINT('',(-24.21634990903,-98.35812716978,
    178.84726261787));
#2670 = DIRECTION('',(-0.353558586506,0.612369267093,0.707106927295));
#2671 = DIRECTION('',(-0.353553682812,0.612372435708,-0.707106635067));
#2672 = ADVANCED_FACE('',(#2673),#2692,.F.);
#2673 = FACE_BOUND('',#2674,.F.);
#2674 = EDGE_LOOP('',(#2675,#2676,#2677,#2686));
#2675 = ORIENTED_EDGE('',*,*,#1587,.F.);
#2676 = ORIENTED_EDGE('',*,*,#2654,.T.);
#2677 = ORIENTED_EDGE('',*,*,#2678,.F.);
#2678 = EDGE_CURVE('',#2679,#2655,#2681,.T.);
#2679 = VERTEX_POINT('',#2680);
#2680 = CARTESIAN_POINT('',(-13.69482392714,-82.81488491754,
    178.64725826986));
#2681 = CIRCLE('',#2682,8.);
#2682 = AXIS2_PLACEMENT_3D('',#2683,#2684,#2685);
#2683 = CARTESIAN_POINT('',(-20.62302715742,-86.81488491754,
    178.64726113294));
#2684 = DIRECTION('',(-4.13249441599E-07,9.55801866262E-14,-1.));
#2685 = DIRECTION('',(0.965926986059,-0.258814716742,-3.991688123521E-07
    ));
#2686 = ORIENTED_EDGE('',*,*,#2687,.F.);
#2687 = EDGE_CURVE('',#1580,#2679,#2688,.T.);
#2688 = LINE('',#2689,#2690);
#2689 = CARTESIAN_POINT('',(-13.34841360033,-82.61488491754,
    179.04725812671));
#2690 = VECTOR('',#2691,1.);
#2691 = DIRECTION('',(-0.612372727908,-0.353553390594,-0.707106528123));
#2692 = CONICAL_SURFACE('',#2693,8.2,0.785398163398);
#2693 = AXIS2_PLACEMENT_3D('',#2694,#2695,#2696);
#2694 = CARTESIAN_POINT('',(-20.62302707477,-86.81488491754,
    178.84726113294));
#2695 = DIRECTION('',(4.132494479481E-07,-8.898634376946E-14,1.));
#2696 = DIRECTION('',(0.965926986059,-0.258814716742,-3.991688167782E-07
    ));
#2697 = ADVANCED_FACE('',(#2698),#2716,.T.);
#2698 = FACE_BOUND('',#2699,.T.);
#2699 = EDGE_LOOP('',(#2700,#2701,#2702,#2710));
#2700 = ORIENTED_EDGE('',*,*,#2687,.F.);
#2701 = ORIENTED_EDGE('',*,*,#1579,.T.);
#2702 = ORIENTED_EDGE('',*,*,#2703,.T.);
#2703 = EDGE_CURVE('',#1571,#2704,#2706,.T.);
#2704 = VERTEX_POINT('',#2705);
#2705 = CARTESIAN_POINT('',(-78.23113317207,28.965281627632,
    178.64728493947));
#2706 = LINE('',#2707,#2708);
#2707 = CARTESIAN_POINT('',(-77.88472284526,29.165281627632,
    179.04728479631));
#2708 = VECTOR('',#2709,1.);
#2709 = DIRECTION('',(-0.612372727907,-0.353553390593,-0.707106528124));
#2710 = ORIENTED_EDGE('',*,*,#2711,.T.);
#2711 = EDGE_CURVE('',#2704,#2679,#2712,.T.);
#2712 = LINE('',#2713,#2714);
#2713 = CARTESIAN_POINT('',(3.995544611772,-113.4555020315,
    178.64725095932));
#2714 = VECTOR('',#2715,1.);
#2715 = DIRECTION('',(0.5,-0.866025403784,-2.066248035744E-07));
#2716 = PLANE('',#2717);
#2717 = AXIS2_PLACEMENT_3D('',#2718,#2719,#2720);
#2718 = CARTESIAN_POINT('',(4.168749775178,-113.3555020315,
    178.84725088775));
#2719 = DIRECTION('',(-0.612372143484,-0.353553390593,0.707107034249));
#2720 = DIRECTION('',(-0.5,0.866025403784,2.066245921584E-07));
#2721 = ADVANCED_FACE('',(#2722),#2741,.F.);
#2722 = FACE_BOUND('',#2723,.F.);
#2723 = EDGE_LOOP('',(#2724,#2725,#2726,#2735));
#2724 = ORIENTED_EDGE('',*,*,#1570,.F.);
#2725 = ORIENTED_EDGE('',*,*,#2703,.T.);
#2726 = ORIENTED_EDGE('',*,*,#2727,.F.);
#2727 = EDGE_CURVE('',#2728,#2704,#2730,.T.);
#2728 = VERTEX_POINT('',#2729);
#2729 = CARTESIAN_POINT('',(-89.15939849338,31.893449009261,
    178.64728945557));
#2730 = CIRCLE('',#2731,8.);
#2731 = AXIS2_PLACEMENT_3D('',#2732,#2733,#2734);
#2732 = CARTESIAN_POINT('',(-85.15933640235,24.965281627631,
    178.64728780254));
#2733 = DIRECTION('',(-4.13249441599E-07,9.558018661297E-14,-1.));
#2734 = DIRECTION('',(0.258814716742,0.965926986059,-1.069549448477E-07)
  );
#2735 = ORIENTED_EDGE('',*,*,#2736,.F.);
#2736 = EDGE_CURVE('',#1563,#2728,#2737,.T.);
#2737 = LINE('',#2738,#2739);
#2738 = CARTESIAN_POINT('',(-89.35940143263,32.239857378343,
    179.04728953822));
#2739 = VECTOR('',#2740,1.);
#2740 = DIRECTION('',(0.353558586506,-0.612369267094,-0.707106927294));
#2741 = CONICAL_SURFACE('',#2742,8.2,0.785398163399);
#2742 = AXIS2_PLACEMENT_3D('',#2743,#2744,#2745);
#2743 = CARTESIAN_POINT('',(-85.1593363197,24.965281627631,
    178.84728780254));
#2744 = DIRECTION('',(4.13249447948E-07,-8.898608950075E-14,1.));
#2745 = DIRECTION('',(0.258814716742,0.965926986059,-1.069549528603E-07)
  );
#2746 = ADVANCED_FACE('',(#2747),#2765,.T.);
#2747 = FACE_BOUND('',#2748,.T.);
#2748 = EDGE_LOOP('',(#2749,#2750,#2751,#2759));
#2749 = ORIENTED_EDGE('',*,*,#2736,.F.);
#2750 = ORIENTED_EDGE('',*,*,#1562,.T.);
#2751 = ORIENTED_EDGE('',*,*,#2752,.T.);
#2752 = EDGE_CURVE('',#1554,#2753,#2755,.T.);
#2753 = VERTEX_POINT('',#2754);
#2754 = CARTESIAN_POINT('',(-98.68539191208,26.393500313646,
    178.64729339218));
#2755 = LINE('',#2756,#2757);
#2756 = CARTESIAN_POINT('',(-98.88539485134,26.739908682728,
    179.04729347483));
#2757 = VECTOR('',#2758,1.);
#2758 = DIRECTION('',(0.353558586506,-0.612369267093,-0.707106927294));
#2759 = ORIENTED_EDGE('',*,*,#2760,.T.);
#2760 = EDGE_CURVE('',#2753,#2728,#2761,.T.);
#2761 = LINE('',#2762,#2763);
#2762 = CARTESIAN_POINT('',(-74.8707103957,40.143197671757,
    178.64728355077));
#2763 = VECTOR('',#2764,1.);
#2764 = DIRECTION('',(0.866020922704,0.500007761379,-3.578826149296E-07)
  );
#2765 = PLANE('',#2766);
#2766 = AXIS2_PLACEMENT_3D('',#2767,#2768,#2769);
#2767 = CARTESIAN_POINT('',(-74.97071186532,40.316401856298,
    178.8472835921));
#2768 = DIRECTION('',(0.353559170929,-0.612369267093,0.707106635078));
#2769 = DIRECTION('',(-0.353553098389,0.612372435708,0.707106927278));
#2770 = ADVANCED_FACE('',(#2771),#2790,.T.);
#2771 = FACE_BOUND('',#2772,.T.);
#2772 = EDGE_LOOP('',(#2773,#2781,#2788,#2789));
#2773 = ORIENTED_EDGE('',*,*,#2774,.T.);
#2774 = EDGE_CURVE('',#1546,#2775,#2777,.T.);
#2775 = VERTEX_POINT('',#2776);
#2776 = CARTESIAN_POINT('',(-109.6136572333,29.321667695275,
    178.64729790828));
#2777 = LINE('',#2778,#2779);
#2778 = CARTESIAN_POINT('',(-109.2672469065,29.521667695275,
    179.04729776512));
#2779 = VECTOR('',#2780,1.);
#2780 = DIRECTION('',(-0.612372727908,-0.353553390594,-0.707106528123));
#2781 = ORIENTED_EDGE('',*,*,#2782,.T.);
#2782 = EDGE_CURVE('',#2775,#2753,#2783,.T.);
#2783 = CIRCLE('',#2784,8.);
#2784 = AXIS2_PLACEMENT_3D('',#2785,#2786,#2787);
#2785 = CARTESIAN_POINT('',(-102.6854540031,33.321667695276,
    178.6472950452));
#2786 = DIRECTION('',(4.13249441599E-07,-9.55801866262E-14,1.));
#2787 = DIRECTION('',(-0.258814716742,-0.965926986059,1.069549448477E-07
    ));
#2788 = ORIENTED_EDGE('',*,*,#2752,.F.);
#2789 = ORIENTED_EDGE('',*,*,#1553,.T.);
#2790 = CONICAL_SURFACE('',#2791,7.8,0.785398163399);
#2791 = AXIS2_PLACEMENT_3D('',#2792,#2793,#2794);
#2792 = CARTESIAN_POINT('',(-102.6854539204,33.321667695276,
    178.8472950452));
#2793 = DIRECTION('',(-4.132494479477E-07,8.898570807123E-14,-1.));
#2794 = DIRECTION('',(-0.258814716742,-0.965926986059,1.069549528606E-07
    ));
#2795 = ADVANCED_FACE('',(#2796),#2808,.T.);
#2796 = FACE_BOUND('',#2797,.T.);
#2797 = EDGE_LOOP('',(#2798,#2799,#2800,#2806,#2807));
#2798 = ORIENTED_EDGE('',*,*,#458,.F.);
#2799 = ORIENTED_EDGE('',*,*,#1330,.T.);
#2800 = ORIENTED_EDGE('',*,*,#2801,.T.);
#2801 = EDGE_CURVE('',#1323,#2775,#2802,.T.);
#2802 = LINE('',#2803,#2804);
#2803 = CARTESIAN_POINT('',(-37.52373864802,-95.54173400806,
    178.64726811715));
#2804 = VECTOR('',#2805,1.);
#2805 = DIRECTION('',(0.5,-0.866025403784,-2.066248035744E-07));
#2806 = ORIENTED_EDGE('',*,*,#2774,.F.);
#2807 = ORIENTED_EDGE('',*,*,#1545,.T.);
#2808 = PLANE('',#2809);
#2809 = AXIS2_PLACEMENT_3D('',#2810,#2811,#2812);
#2810 = CARTESIAN_POINT('',(-37.35053348461,-95.44173400806,
    178.84726804557));
#2811 = DIRECTION('',(-0.612372143484,-0.353553390593,0.707107034249));
#2812 = DIRECTION('',(-0.5,0.866025403784,2.066246541921E-07));
#2813 = ADVANCED_FACE('',(#2814),#2832,.T.);
#2814 = FACE_BOUND('',#2815,.T.);
#2815 = EDGE_LOOP('',(#2816,#2817,#2825,#2831));
#2816 = ORIENTED_EDGE('',*,*,#2612,.F.);
#2817 = ORIENTED_EDGE('',*,*,#2818,.F.);
#2818 = EDGE_CURVE('',#2819,#2605,#2821,.T.);
#2819 = VERTEX_POINT('',#2820);
#2820 = CARTESIAN_POINT('',(-29.07734889696,-110.1713117721,
    176.44726462668));
#2821 = LINE('',#2822,#2823);
#2822 = CARTESIAN_POINT('',(-29.07734875232,-110.1713117721,
    176.79726462668));
#2823 = VECTOR('',#2824,1.);
#2824 = DIRECTION('',(4.132494525966E-07,-9.040556240154E-14,1.));
#2825 = ORIENTED_EDGE('',*,*,#2826,.F.);
#2826 = EDGE_CURVE('',#1267,#2819,#2827,.T.);
#2827 = LINE('',#2828,#2829);
#2828 = CARTESIAN_POINT('',(-98.67585385218,10.376834941134,
    176.44729338823));
#2829 = VECTOR('',#2830,1.);
#2830 = DIRECTION('',(-0.5,0.866025403784,2.066248034592E-07));
#2831 = ORIENTED_EDGE('',*,*,#1266,.F.);
#2832 = PLANE('',#2833);
#2833 = AXIS2_PLACEMENT_3D('',#2834,#2835,#2836);
#2834 = CARTESIAN_POINT('',(-69.3508533976,-40.41555499081,
    177.54728126969));
#2835 = DIRECTION('',(-0.866025403784,-0.5,3.578844788459E-07));
#2836 = DIRECTION('',(6.198741721531E-07,-3.57884602777E-07,1.));
#2837 = ADVANCED_FACE('',(#2838),#2857,.T.);
#2838 = FACE_BOUND('',#2839,.T.);
#2839 = EDGE_LOOP('',(#2840,#2841,#2849,#2856));
#2840 = ORIENTED_EDGE('',*,*,#2635,.F.);
#2841 = ORIENTED_EDGE('',*,*,#2842,.T.);
#2842 = EDGE_CURVE('',#2628,#2843,#2845,.T.);
#2843 = VERTEX_POINT('',#2844);
#2844 = CARTESIAN_POINT('',(-26.14920775772,-99.24314439048,
    176.44726341663));
#2845 = LINE('',#2846,#2847);
#2846 = CARTESIAN_POINT('',(-26.14920761308,-99.24314439048,
    176.79726341663));
#2847 = VECTOR('',#2848,1.);
#2848 = DIRECTION('',(-4.132494525966E-07,9.040556240154E-14,-1.));
#2849 = ORIENTED_EDGE('',*,*,#2850,.F.);
#2850 = EDGE_CURVE('',#2819,#2843,#2851,.T.);
#2851 = CIRCLE('',#2852,8.);
#2852 = AXIS2_PLACEMENT_3D('',#2853,#2854,#2855);
#2853 = CARTESIAN_POINT('',(-22.14914566668,-106.1713117721,
    176.4472617636));
#2854 = DIRECTION('',(-4.132494520303E-07,8.942464550758E-14,-1.));
#2855 = DIRECTION('',(-0.965926986059,0.258814716742,3.991688208348E-07)
  );
#2856 = ORIENTED_EDGE('',*,*,#2818,.T.);
#2857 = CYLINDRICAL_SURFACE('',#2858,8.);
#2858 = AXIS2_PLACEMENT_3D('',#2859,#2860,#2861);
#2859 = CARTESIAN_POINT('',(-22.14914552205,-106.1713117721,
    176.7972617636));
#2860 = DIRECTION('',(-4.132494525966E-07,9.040556240154E-14,-1.));
#2861 = DIRECTION('',(-0.965926986059,0.258814716742,3.991688216357E-07)
  );
#2862 = ADVANCED_FACE('',(#2863),#2881,.F.);
#2863 = FACE_BOUND('',#2864,.T.);
#2864 = EDGE_LOOP('',(#2865,#2866,#2874,#2880));
#2865 = ORIENTED_EDGE('',*,*,#2662,.F.);
#2866 = ORIENTED_EDGE('',*,*,#2867,.F.);
#2867 = EDGE_CURVE('',#2868,#2655,#2870,.T.);
#2868 = VERTEX_POINT('',#2869);
#2869 = CARTESIAN_POINT('',(-16.62296597553,-93.74305229917,
    176.44725947991));
#2870 = LINE('',#2871,#2872);
#2871 = CARTESIAN_POINT('',(-16.62296614083,-93.74305229917,
    176.04725947991));
#2872 = VECTOR('',#2873,1.);
#2873 = DIRECTION('',(4.132494528015E-07,-9.028727652685E-14,1.));
#2874 = ORIENTED_EDGE('',*,*,#2875,.F.);
#2875 = EDGE_CURVE('',#2843,#2868,#2876,.T.);
#2876 = LINE('',#2877,#2878);
#2877 = CARTESIAN_POINT('',(-24.31540320609,-98.18437492587,
    176.44726265881));
#2878 = VECTOR('',#2879,1.);
#2879 = DIRECTION('',(0.866020922704,0.500007761379,-3.578826270411E-07)
  );
#2880 = ORIENTED_EDGE('',*,*,#2842,.F.);
#2881 = PLANE('',#2882);
#2882 = AXIS2_PLACEMENT_3D('',#2883,#2884,#2885);
#2883 = CARTESIAN_POINT('',(-53.6598875975,-115.1267714454,
    176.0472747854));
#2884 = DIRECTION('',(0.500007761379,-0.866020922704,-2.066280119771E-07
    ));
#2885 = DIRECTION('',(0.866020922704,0.500007761379,-3.578826270411E-07)
  );
#2886 = ADVANCED_FACE('',(#2887),#2906,.F.);
#2887 = FACE_BOUND('',#2888,.F.);
#2888 = EDGE_LOOP('',(#2889,#2890,#2899,#2905));
#2889 = ORIENTED_EDGE('',*,*,#2867,.F.);
#2890 = ORIENTED_EDGE('',*,*,#2891,.T.);
#2891 = EDGE_CURVE('',#2868,#2892,#2894,.T.);
#2892 = VERTEX_POINT('',#2893);
#2893 = CARTESIAN_POINT('',(-13.69482483629,-82.81488491754,
    176.44725826986));
#2894 = CIRCLE('',#2895,8.);
#2895 = AXIS2_PLACEMENT_3D('',#2896,#2897,#2898);
#2896 = CARTESIAN_POINT('',(-20.62302806657,-86.81488491754,
    176.44726113294));
#2897 = DIRECTION('',(4.132494520303E-07,-8.942464550758E-14,1.));
#2898 = DIRECTION('',(0.965926986059,-0.258814716742,-3.991688208348E-07
    ));
#2899 = ORIENTED_EDGE('',*,*,#2900,.F.);
#2900 = EDGE_CURVE('',#2679,#2892,#2901,.T.);
#2901 = LINE('',#2902,#2903);
#2902 = CARTESIAN_POINT('',(-13.69482500159,-82.81488491754,
    176.04725826986));
#2903 = VECTOR('',#2904,1.);
#2904 = DIRECTION('',(-4.132494528015E-07,9.028727652685E-14,-1.));
#2905 = ORIENTED_EDGE('',*,*,#2678,.T.);
#2906 = CYLINDRICAL_SURFACE('',#2907,8.);
#2907 = AXIS2_PLACEMENT_3D('',#2908,#2909,#2910);
#2908 = CARTESIAN_POINT('',(-20.62302823187,-86.81488491754,
    176.04726113294));
#2909 = DIRECTION('',(4.132494528015E-07,-9.028727652685E-14,1.));
#2910 = DIRECTION('',(0.965926986059,-0.258814716742,-3.99168821803E-07)
  );
#2911 = ADVANCED_FACE('',(#2912),#2930,.F.);
#2912 = FACE_BOUND('',#2913,.T.);
#2913 = EDGE_LOOP('',(#2914,#2915,#2923,#2929));
#2914 = ORIENTED_EDGE('',*,*,#2711,.F.);
#2915 = ORIENTED_EDGE('',*,*,#2916,.F.);
#2916 = EDGE_CURVE('',#2917,#2704,#2919,.T.);
#2917 = VERTEX_POINT('',#2918);
#2918 = CARTESIAN_POINT('',(-78.23113408122,28.965281627632,
    176.44728493947));
#2919 = LINE('',#2920,#2921);
#2920 = CARTESIAN_POINT('',(-78.23113424652,28.965281627632,
    176.04728493947));
#2921 = VECTOR('',#2922,1.);
#2922 = DIRECTION('',(4.132494528015E-07,-9.028727652685E-14,1.));
#2923 = ORIENTED_EDGE('',*,*,#2924,.F.);
#2924 = EDGE_CURVE('',#2892,#2917,#2925,.T.);
#2925 = LINE('',#2926,#2927);
#2926 = CARTESIAN_POINT('',(-57.15657059238,-7.536933082368,
    176.44727623041));
#2927 = VECTOR('',#2928,1.);
#2928 = DIRECTION('',(-0.5,0.866025403784,2.066248034592E-07));
#2929 = ORIENTED_EDGE('',*,*,#2900,.F.);
#2930 = PLANE('',#2931);
#2931 = AXIS2_PLACEMENT_3D('',#2932,#2933,#2934);
#2932 = CARTESIAN_POINT('',(-9.694860849803,-89.7430260569,
    176.04725661688));
#2933 = DIRECTION('',(0.866025403784,0.5,-3.578844790825E-07));
#2934 = DIRECTION('',(-0.5,0.866025403784,2.066248034592E-07));
#2935 = ADVANCED_FACE('',(#2936),#2955,.F.);
#2936 = FACE_BOUND('',#2937,.F.);
#2937 = EDGE_LOOP('',(#2938,#2939,#2948,#2954));
#2938 = ORIENTED_EDGE('',*,*,#2916,.F.);
#2939 = ORIENTED_EDGE('',*,*,#2940,.T.);
#2940 = EDGE_CURVE('',#2917,#2941,#2943,.T.);
#2941 = VERTEX_POINT('',#2942);
#2942 = CARTESIAN_POINT('',(-89.15939940253,31.893449009261,
    176.44728945557));
#2943 = CIRCLE('',#2944,8.);
#2944 = AXIS2_PLACEMENT_3D('',#2945,#2946,#2947);
#2945 = CARTESIAN_POINT('',(-85.15933731149,24.965281627632,
    176.44728780254));
#2946 = DIRECTION('',(4.132494520303E-07,-8.942464550758E-14,1.));
#2947 = DIRECTION('',(0.258814716742,0.965926986059,-1.069549534933E-07)
  );
#2948 = ORIENTED_EDGE('',*,*,#2949,.F.);
#2949 = EDGE_CURVE('',#2728,#2941,#2950,.T.);
#2950 = LINE('',#2951,#2952);
#2951 = CARTESIAN_POINT('',(-89.15939956783,31.893449009261,
    176.04728945557));
#2952 = VECTOR('',#2953,1.);
#2953 = DIRECTION('',(-4.132494528015E-07,9.028727652685E-14,-1.));
#2954 = ORIENTED_EDGE('',*,*,#2727,.T.);
#2955 = CYLINDRICAL_SURFACE('',#2956,8.);
#2956 = AXIS2_PLACEMENT_3D('',#2957,#2958,#2959);
#2957 = CARTESIAN_POINT('',(-85.15933747679,24.965281627632,
    176.04728780254));
#2958 = DIRECTION('',(4.132494528015E-07,-9.028727652685E-14,1.));
#2959 = DIRECTION('',(0.258814716742,0.965926986059,-1.069549528596E-07)
  );
#2960 = ADVANCED_FACE('',(#2961),#2979,.F.);
#2961 = FACE_BOUND('',#2962,.T.);
#2962 = EDGE_LOOP('',(#2963,#2964,#2972,#2978));
#2963 = ORIENTED_EDGE('',*,*,#2760,.F.);
#2964 = ORIENTED_EDGE('',*,*,#2965,.F.);
#2965 = EDGE_CURVE('',#2966,#2753,#2968,.T.);
#2966 = VERTEX_POINT('',#2967);
#2967 = CARTESIAN_POINT('',(-98.68539282123,26.393500313646,
    176.44729339218));
#2968 = LINE('',#2969,#2970);
#2969 = CARTESIAN_POINT('',(-98.6853926766,26.393500313646,
    176.79729339218));
#2970 = VECTOR('',#2971,1.);
#2971 = DIRECTION('',(4.132494525966E-07,-9.040556240154E-14,1.));
#2972 = ORIENTED_EDGE('',*,*,#2973,.F.);
#2973 = EDGE_CURVE('',#2941,#2966,#2974,.T.);
#2974 = LINE('',#2975,#2976);
#2975 = CARTESIAN_POINT('',(-74.86976205782,40.143745731122,
    176.44728355038));
#2976 = VECTOR('',#2977,1.);
#2977 = DIRECTION('',(-0.866020922704,-0.500007761379,3.578826270411E-07
    ));
#2978 = ORIENTED_EDGE('',*,*,#2949,.F.);
#2979 = PLANE('',#2980);
#2980 = AXIS2_PLACEMENT_3D('',#2981,#2982,#2983);
#2981 = CARTESIAN_POINT('',(-82.23117009505,35.893546949379,
    176.04728659248));
#2982 = DIRECTION('',(-0.500007761379,0.866020922704,2.066280119771E-07)
  );
#2983 = DIRECTION('',(-0.866020922704,-0.500007761379,3.578826270417E-07
    ));
#2984 = ADVANCED_FACE('',(#2985),#3004,.T.);
#2985 = FACE_BOUND('',#2986,.T.);
#2986 = EDGE_LOOP('',(#2987,#2988,#2996,#3003));
#2987 = ORIENTED_EDGE('',*,*,#2782,.F.);
#2988 = ORIENTED_EDGE('',*,*,#2989,.T.);
#2989 = EDGE_CURVE('',#2775,#2990,#2992,.T.);
#2990 = VERTEX_POINT('',#2991);
#2991 = CARTESIAN_POINT('',(-109.6136581425,29.321667695275,
    176.44729790828));
#2992 = LINE('',#2993,#2994);
#2993 = CARTESIAN_POINT('',(-109.6136579979,29.321667695275,
    176.79729790828));
#2994 = VECTOR('',#2995,1.);
#2995 = DIRECTION('',(-4.132494525966E-07,9.040556240154E-14,-1.));
#2996 = ORIENTED_EDGE('',*,*,#2997,.F.);
#2997 = EDGE_CURVE('',#2966,#2990,#2998,.T.);
#2998 = CIRCLE('',#2999,8.);
#2999 = AXIS2_PLACEMENT_3D('',#3000,#3001,#3002);
#3000 = CARTESIAN_POINT('',(-102.6854549122,33.321667695276,
    176.4472950452));
#3001 = DIRECTION('',(-4.132494520303E-07,8.942464552082E-14,-1.));
#3002 = DIRECTION('',(-0.258814716742,-0.965926986059,1.069549534933E-07
    ));
#3003 = ORIENTED_EDGE('',*,*,#2965,.T.);
#3004 = CYLINDRICAL_SURFACE('',#3005,8.);
#3005 = AXIS2_PLACEMENT_3D('',#3006,#3007,#3008);
#3006 = CARTESIAN_POINT('',(-102.6854547676,33.321667695276,
    176.7972950452));
#3007 = DIRECTION('',(4.132494525966E-07,-9.040556240154E-14,1.));
#3008 = DIRECTION('',(-0.258814716742,-0.965926986059,1.069549526924E-07
    ));
#3009 = ADVANCED_FACE('',(#3010),#3021,.T.);
#3010 = FACE_BOUND('',#3011,.T.);
#3011 = EDGE_LOOP('',(#3012,#3013,#3014,#3020));
#3012 = ORIENTED_EDGE('',*,*,#2801,.F.);
#3013 = ORIENTED_EDGE('',*,*,#1322,.F.);
#3014 = ORIENTED_EDGE('',*,*,#3015,.F.);
#3015 = EDGE_CURVE('',#2990,#1315,#3016,.T.);
#3016 = LINE('',#3017,#3018);
#3017 = CARTESIAN_POINT('',(-98.67585385218,10.376834941134,
    176.44729338823));
#3018 = VECTOR('',#3019,1.);
#3019 = DIRECTION('',(-0.5,0.866025403784,2.066248034592E-07));
#3020 = ORIENTED_EDGE('',*,*,#2989,.F.);
#3021 = PLANE('',#3022);
#3022 = AXIS2_PLACEMENT_3D('',#3023,#3024,#3025);
#3023 = CARTESIAN_POINT('',(-69.3508533976,-40.41555499081,
    177.54728126969));
#3024 = DIRECTION('',(-0.866025403784,-0.5,3.578844788459E-07));
#3025 = DIRECTION('',(6.198741721531E-07,-3.57884602777E-07,1.));
#3026 = ADVANCED_FACE('',(#3027),#3039,.T.);
#3027 = FACE_BOUND('',#3028,.T.);
#3028 = EDGE_LOOP('',(#3029,#3030,#3031,#3037,#3038));
#3029 = ORIENTED_EDGE('',*,*,#1360,.T.);
#3030 = ORIENTED_EDGE('',*,*,#2475,.T.);
#3031 = ORIENTED_EDGE('',*,*,#3032,.T.);
#3032 = EDGE_CURVE('',#2467,#2990,#3033,.T.);
#3033 = LINE('',#3034,#3035);
#3034 = CARTESIAN_POINT('',(-109.2672481463,29.521667695275,
    176.04729776512));
#3035 = VECTOR('',#3036,1.);
#3036 = DIRECTION('',(-0.612372143484,-0.353553390593,0.707107034249));
#3037 = ORIENTED_EDGE('',*,*,#3015,.T.);
#3038 = ORIENTED_EDGE('',*,*,#1314,.T.);
#3039 = PLANE('',#3040);
#3040 = AXIS2_PLACEMENT_3D('',#3041,#3042,#3043);
#3041 = CARTESIAN_POINT('',(-98.50264885407,10.476834941134,
    176.24729331666));
#3042 = DIRECTION('',(-0.612372727907,-0.353553390593,-0.707106528124));
#3043 = DIRECTION('',(0.5,-0.866025403784,-2.066249526478E-07));
#3044 = ADVANCED_FACE('',(#3045),#3056,.T.);
#3045 = FACE_BOUND('',#3046,.T.);
#3046 = EDGE_LOOP('',(#3047,#3053,#3054,#3055));
#3047 = ORIENTED_EDGE('',*,*,#3048,.T.);
#3048 = EDGE_CURVE('',#2459,#2966,#3049,.T.);
#3049 = LINE('',#3050,#3051);
#3050 = CARTESIAN_POINT('',(-98.88539609108,26.739908682728,
    176.04729347483));
#3051 = VECTOR('',#3052,1.);
#3052 = DIRECTION('',(0.353559170929,-0.612369267093,0.707106635078));
#3053 = ORIENTED_EDGE('',*,*,#2997,.T.);
#3054 = ORIENTED_EDGE('',*,*,#3032,.F.);
#3055 = ORIENTED_EDGE('',*,*,#2466,.T.);
#3056 = CONICAL_SURFACE('',#3057,7.8,0.785398163398);
#3057 = AXIS2_PLACEMENT_3D('',#3058,#3059,#3060);
#3058 = CARTESIAN_POINT('',(-102.6854549949,33.321667695276,
    176.2472950452));
#3059 = DIRECTION('',(4.132494479484E-07,-8.898678883233E-14,1.));
#3060 = DIRECTION('',(-0.258814716742,-0.965926986059,1.069549528597E-07
    ));
#3061 = ADVANCED_FACE('',(#3062),#3073,.T.);
#3062 = FACE_BOUND('',#3063,.T.);
#3063 = EDGE_LOOP('',(#3064,#3065,#3066,#3072));
#3064 = ORIENTED_EDGE('',*,*,#3048,.F.);
#3065 = ORIENTED_EDGE('',*,*,#2458,.T.);
#3066 = ORIENTED_EDGE('',*,*,#3067,.T.);
#3067 = EDGE_CURVE('',#2450,#2941,#3068,.T.);
#3068 = LINE('',#3069,#3070);
#3069 = CARTESIAN_POINT('',(-89.35940267238,32.239857378343,
    176.04728953822));
#3070 = VECTOR('',#3071,1.);
#3071 = DIRECTION('',(0.353559170929,-0.612369267093,0.707106635078));
#3072 = ORIENTED_EDGE('',*,*,#2973,.T.);
#3073 = PLANE('',#3074);
#3074 = AXIS2_PLACEMENT_3D('',#3075,#3076,#3077);
#3075 = CARTESIAN_POINT('',(-74.96976369275,40.316949915663,
    176.24728359171));
#3076 = DIRECTION('',(0.353558586506,-0.612369267093,-0.707106927295));
#3077 = DIRECTION('',(0.353553682812,-0.612372435708,0.707106635067));
#3078 = ADVANCED_FACE('',(#3079),#3090,.F.);
#3079 = FACE_BOUND('',#3080,.F.);
#3080 = EDGE_LOOP('',(#3081,#3082,#3083,#3084));
#3081 = ORIENTED_EDGE('',*,*,#2449,.F.);
#3082 = ORIENTED_EDGE('',*,*,#3067,.T.);
#3083 = ORIENTED_EDGE('',*,*,#2940,.F.);
#3084 = ORIENTED_EDGE('',*,*,#3085,.F.);
#3085 = EDGE_CURVE('',#2442,#2917,#3086,.T.);
#3086 = LINE('',#3087,#3088);
#3087 = CARTESIAN_POINT('',(-77.88472408501,29.165281627632,
    176.04728479631));
#3088 = VECTOR('',#3089,1.);
#3089 = DIRECTION('',(-0.612372143484,-0.353553390593,0.707107034249));
#3090 = CONICAL_SURFACE('',#3091,8.2,0.785398163398);
#3091 = AXIS2_PLACEMENT_3D('',#3092,#3093,#3094);
#3092 = CARTESIAN_POINT('',(-85.15933739414,24.965281627632,
    176.24728780254));
#3093 = DIRECTION('',(-4.132494479484E-07,8.898678883233E-14,-1.));
#3094 = DIRECTION('',(0.258814716742,0.965926986059,-1.069549528598E-07)
  );
#3095 = ADVANCED_FACE('',(#3096),#3107,.T.);
#3096 = FACE_BOUND('',#3097,.T.);
#3097 = EDGE_LOOP('',(#3098,#3099,#3100,#3106));
#3098 = ORIENTED_EDGE('',*,*,#3085,.F.);
#3099 = ORIENTED_EDGE('',*,*,#2441,.T.);
#3100 = ORIENTED_EDGE('',*,*,#3101,.T.);
#3101 = EDGE_CURVE('',#2433,#2892,#3102,.T.);
#3102 = LINE('',#3103,#3104);
#3103 = CARTESIAN_POINT('',(-13.34841484008,-82.61488491754,
    176.04725812671));
#3104 = VECTOR('',#3105,1.);
#3105 = DIRECTION('',(-0.612372143484,-0.353553390593,0.707107034249));
#3106 = ORIENTED_EDGE('',*,*,#2924,.T.);
#3107 = PLANE('',#3108);
#3108 = AXIS2_PLACEMENT_3D('',#3109,#3110,#3111);
#3109 = CARTESIAN_POINT('',(-56.98336559427,-7.436933082368,
    176.24727615883));
#3110 = DIRECTION('',(-0.612372727907,-0.353553390593,-0.707106528124));
#3111 = DIRECTION('',(0.5,-0.866025403784,-2.066250146815E-07));
#3112 = ADVANCED_FACE('',(#3113),#3124,.F.);
#3113 = FACE_BOUND('',#3114,.F.);
#3114 = EDGE_LOOP('',(#3115,#3116,#3117,#3118));
#3115 = ORIENTED_EDGE('',*,*,#2432,.F.);
#3116 = ORIENTED_EDGE('',*,*,#3101,.T.);
#3117 = ORIENTED_EDGE('',*,*,#2891,.F.);
#3118 = ORIENTED_EDGE('',*,*,#3119,.F.);
#3119 = EDGE_CURVE('',#2425,#2868,#3120,.T.);
#3120 = LINE('',#3121,#3122);
#3121 = CARTESIAN_POINT('',(-16.42296303628,-94.08946066826,
    176.04725939726));
#3122 = VECTOR('',#3123,1.);
#3123 = DIRECTION('',(-0.353558586506,0.612369267093,0.707106927294));
#3124 = CONICAL_SURFACE('',#3125,8.2,0.785398163398);
#3125 = AXIS2_PLACEMENT_3D('',#3126,#3127,#3128);
#3126 = CARTESIAN_POINT('',(-20.62302814922,-86.81488491754,
    176.24726113294));
#3127 = DIRECTION('',(-4.132494479483E-07,8.89865980911E-14,-1.));
#3128 = DIRECTION('',(0.965926986059,-0.258814716742,-3.991688167784E-07
    ));
#3129 = ADVANCED_FACE('',(#3130),#3141,.T.);
#3130 = FACE_BOUND('',#3131,.T.);
#3131 = EDGE_LOOP('',(#3132,#3133,#3134,#3140));
#3132 = ORIENTED_EDGE('',*,*,#3119,.F.);
#3133 = ORIENTED_EDGE('',*,*,#2424,.T.);
#3134 = ORIENTED_EDGE('',*,*,#3135,.T.);
#3135 = EDGE_CURVE('',#2416,#2843,#3136,.T.);
#3136 = LINE('',#3137,#3138);
#3137 = CARTESIAN_POINT('',(-25.94920481847,-99.58955275956,
    176.04726333398));
#3138 = VECTOR('',#3139,1.);
#3139 = DIRECTION('',(-0.353558586506,0.612369267093,0.707106927295));
#3140 = ORIENTED_EDGE('',*,*,#2875,.T.);
#3141 = PLANE('',#3142);
#3142 = AXIS2_PLACEMENT_3D('',#3143,#3144,#3145);
#3143 = CARTESIAN_POINT('',(-24.21540173646,-98.35757911041,
    176.24726261748));
#3144 = DIRECTION('',(-0.353559170929,0.612369267093,-0.707106635078));
#3145 = DIRECTION('',(0.353553098389,-0.612372435708,-0.707106927278));
#3146 = ADVANCED_FACE('',(#3147),#3158,.T.);
#3147 = FACE_BOUND('',#3148,.T.);
#3148 = EDGE_LOOP('',(#3149,#3155,#3156,#3157));
#3149 = ORIENTED_EDGE('',*,*,#3150,.T.);
#3150 = EDGE_CURVE('',#2408,#2819,#3151,.T.);
#3151 = LINE('',#3152,#3153);
#3152 = CARTESIAN_POINT('',(-28.73093890075,-109.9713117721,
    176.04726448352));
#3153 = VECTOR('',#3154,1.);
#3154 = DIRECTION('',(-0.612372143485,-0.353553390594,0.707107034249));
#3155 = ORIENTED_EDGE('',*,*,#2850,.T.);
#3156 = ORIENTED_EDGE('',*,*,#3135,.F.);
#3157 = ORIENTED_EDGE('',*,*,#2415,.T.);
#3158 = CONICAL_SURFACE('',#3159,7.8,0.785398163398);
#3159 = AXIS2_PLACEMENT_3D('',#3160,#3161,#3162);
#3160 = CARTESIAN_POINT('',(-22.14914574933,-106.1713117721,
    176.2472617636));
#3161 = DIRECTION('',(4.132494479482E-07,-8.898653451069E-14,1.));
#3162 = DIRECTION('',(-0.965926986059,0.258814716742,3.991688167784E-07)
  );
#3163 = ADVANCED_FACE('',(#3164),#3171,.T.);
#3164 = FACE_BOUND('',#3165,.T.);
#3165 = EDGE_LOOP('',(#3166,#3167,#3168,#3169,#3170));
#3166 = ORIENTED_EDGE('',*,*,#1274,.T.);
#3167 = ORIENTED_EDGE('',*,*,#2826,.T.);
#3168 = ORIENTED_EDGE('',*,*,#3150,.F.);
#3169 = ORIENTED_EDGE('',*,*,#2407,.T.);
#3170 = ORIENTED_EDGE('',*,*,#1377,.T.);
#3171 = PLANE('',#3172);
#3172 = AXIS2_PLACEMENT_3D('',#3173,#3174,#3175);
#3173 = CARTESIAN_POINT('',(-98.50264885407,10.476834941134,
    176.24729331666));
#3174 = DIRECTION('',(-0.612372727907,-0.353553390593,-0.707106528124));
#3175 = DIRECTION('',(0.5,-0.866025403784,-2.066249524812E-07));
#3176 = ADVANCED_FACE('',(#3177),#3188,.F.);
#3177 = FACE_BOUND('',#3178,.F.);
#3178 = EDGE_LOOP('',(#3179,#3185,#3186,#3187));
#3179 = ORIENTED_EDGE('',*,*,#3180,.T.);
#3180 = EDGE_CURVE('',#1628,#2578,#3181,.T.);
#3181 = LINE('',#3182,#3183);
#3182 = CARTESIAN_POINT('',(-101.0992638231,34.323354786902,
    178.84729438971));
#3183 = VECTOR('',#3184,1.);
#3184 = DIRECTION('',(-0.353553682805,0.612372435696,-0.707106635081));
#3185 = ORIENTED_EDGE('',*,*,#2587,.F.);
#3186 = ORIENTED_EDGE('',*,*,#3180,.F.);
#3187 = ORIENTED_EDGE('',*,*,#1627,.F.);
#3188 = CONICAL_SURFACE('',#3189,2.9,0.785398163397);
#3189 = AXIS2_PLACEMENT_3D('',#3190,#3191,#3192);
#3190 = CARTESIAN_POINT('',(-102.5492638231,36.834828457877,
    178.84729498892));
#3191 = DIRECTION('',(4.132494365846E-07,-1.047139367082E-13,1.));
#3192 = DIRECTION('',(-0.5,0.866025403784,2.066248089773E-07));
#3193 = ADVANCED_FACE('',(#3194),#3205,.F.);
#3194 = FACE_BOUND('',#3195,.F.);
#3195 = EDGE_LOOP('',(#3196,#3202,#3203,#3204));
#3196 = ORIENTED_EDGE('',*,*,#3197,.T.);
#3197 = EDGE_CURVE('',#1661,#2528,#3198,.T.);
#3198 = LINE('',#3199,#3200);
#3199 = CARTESIAN_POINT('',(-115.0992638231,58.572066092857,
    178.8473001752));
#3200 = VECTOR('',#3201,1.);
#3201 = DIRECTION('',(-0.353553682805,0.612372435696,-0.707106635081));
#3202 = ORIENTED_EDGE('',*,*,#2537,.F.);
#3203 = ORIENTED_EDGE('',*,*,#3197,.F.);
#3204 = ORIENTED_EDGE('',*,*,#1660,.F.);
#3205 = CONICAL_SURFACE('',#3206,2.9,0.785398163397);
#3206 = AXIS2_PLACEMENT_3D('',#3207,#3208,#3209);
#3207 = CARTESIAN_POINT('',(-116.5492638231,61.083539763832,
    178.84730077441));
#3208 = DIRECTION('',(4.132494365847E-07,-1.047140320523E-13,1.));
#3209 = DIRECTION('',(-0.5,0.866025403784,2.066248089774E-07));
#3210 = ADVANCED_FACE('',(#3211),#3230,.F.);
#3211 = FACE_BOUND('',#3212,.F.);
#3212 = EDGE_LOOP('',(#3213,#3221,#3228,#3229));
#3213 = ORIENTED_EDGE('',*,*,#3214,.T.);
#3214 = EDGE_CURVE('',#2508,#3215,#3217,.T.);
#3215 = VERTEX_POINT('',#3216);
#3216 = CARTESIAN_POINT('',(-17.59059458848,-110.0669417798,
    176.44725987978));
#3217 = LINE('',#3218,#3219);
#3218 = CARTESIAN_POINT('',(-17.49059467113,-110.2401468606,
    176.24725983846));
#3219 = VECTOR('',#3220,1.);
#3220 = DIRECTION('',(-0.353553098382,0.612372435696,0.707106927292));
#3221 = ORIENTED_EDGE('',*,*,#3222,.F.);
#3222 = EDGE_CURVE('',#3215,#3215,#3223,.T.);
#3223 = CIRCLE('',#3224,2.7);
#3224 = AXIS2_PLACEMENT_3D('',#3225,#3226,#3227);
#3225 = CARTESIAN_POINT('',(-18.94059458848,-107.7286731896,
    176.44726043767));
#3226 = DIRECTION('',(4.132494520303E-07,-8.942464552082E-14,1.));
#3227 = DIRECTION('',(-0.5,0.866025403784,2.066248034592E-07));
#3228 = ORIENTED_EDGE('',*,*,#3214,.F.);
#3229 = ORIENTED_EDGE('',*,*,#2507,.F.);
#3230 = CONICAL_SURFACE('',#3231,2.9,0.785398163398);
#3231 = AXIS2_PLACEMENT_3D('',#3232,#3233,#3234);
#3232 = CARTESIAN_POINT('',(-18.94059467113,-107.7286731896,
    176.24726043767));
#3233 = DIRECTION('',(-4.132494365842E-07,1.047132373766E-13,-1.));
#3234 = DIRECTION('',(-0.5,0.866025403784,2.066248089765E-07));
#3235 = ADVANCED_FACE('',(#3236),#3255,.F.);
#3236 = FACE_BOUND('',#3237,.F.);
#3237 = EDGE_LOOP('',(#3238,#3246,#3247,#3248));
#3238 = ORIENTED_EDGE('',*,*,#3239,.T.);
#3239 = EDGE_CURVE('',#3240,#3215,#3242,.T.);
#3240 = VERTEX_POINT('',#3241);
#3241 = CARTESIAN_POINT('',(-17.59059367933,-110.0669417798,
    178.64725987978));
#3242 = LINE('',#3243,#3244);
#3243 = CARTESIAN_POINT('',(-17.59059186103,-110.0669417798,
    183.04725987978));
#3244 = VECTOR('',#3245,1.);
#3245 = DIRECTION('',(-4.132494408031E-07,9.544118063156E-14,-1.));
#3246 = ORIENTED_EDGE('',*,*,#3222,.T.);
#3247 = ORIENTED_EDGE('',*,*,#3239,.F.);
#3248 = ORIENTED_EDGE('',*,*,#3249,.T.);
#3249 = EDGE_CURVE('',#3240,#3240,#3250,.T.);
#3250 = CIRCLE('',#3251,2.7);
#3251 = AXIS2_PLACEMENT_3D('',#3252,#3253,#3254);
#3252 = CARTESIAN_POINT('',(-18.94059367933,-107.7286731896,
    178.64726043767));
#3253 = DIRECTION('',(-4.13249441599E-07,9.558018665267E-14,-1.));
#3254 = DIRECTION('',(-0.5,0.866025403784,2.066248035745E-07));
#3255 = CYLINDRICAL_SURFACE('',#3256,2.7);
#3256 = AXIS2_PLACEMENT_3D('',#3257,#3258,#3259);
#3257 = CARTESIAN_POINT('',(-18.94059186103,-107.7286731896,
    183.04726043767));
#3258 = DIRECTION('',(-4.132494408031E-07,9.544118063156E-14,-1.));
#3259 = DIRECTION('',(-0.5,0.866025403784,2.066248030561E-07));
#3260 = ADVANCED_FACE('',(#3261),#3280,.F.);
#3261 = FACE_BOUND('',#3262,.F.);
#3262 = EDGE_LOOP('',(#3263,#3271,#3278,#3279));
#3263 = ORIENTED_EDGE('',*,*,#3264,.T.);
#3264 = EDGE_CURVE('',#2497,#3265,#3267,.T.);
#3265 = VERTEX_POINT('',#3266);
#3266 = CARTESIAN_POINT('',(-3.590594588476,-134.3156530858,
    176.44725409429));
#3267 = LINE('',#3268,#3269);
#3268 = CARTESIAN_POINT('',(-3.490594671125,-134.4888581666,
    176.24725405296));
#3269 = VECTOR('',#3270,1.);
#3270 = DIRECTION('',(-0.353553098382,0.612372435696,0.707106927292));
#3271 = ORIENTED_EDGE('',*,*,#3272,.F.);
#3272 = EDGE_CURVE('',#3265,#3265,#3273,.T.);
#3273 = CIRCLE('',#3274,2.7);
#3274 = AXIS2_PLACEMENT_3D('',#3275,#3276,#3277);
#3275 = CARTESIAN_POINT('',(-4.940594588476,-131.9773844956,
    176.44725465218));
#3276 = DIRECTION('',(4.132494520303E-07,-8.942464552082E-14,1.));
#3277 = DIRECTION('',(-0.5,0.866025403784,2.066248034592E-07));
#3278 = ORIENTED_EDGE('',*,*,#3264,.F.);
#3279 = ORIENTED_EDGE('',*,*,#2496,.F.);
#3280 = CONICAL_SURFACE('',#3281,2.9,0.785398163398);
#3281 = AXIS2_PLACEMENT_3D('',#3282,#3283,#3284);
#3282 = CARTESIAN_POINT('',(-4.940594671126,-131.9773844956,
    176.24725465218));
#3283 = DIRECTION('',(-4.132494365842E-07,1.047132691403E-13,-1.));
#3284 = DIRECTION('',(-0.5,0.866025403784,2.066248089765E-07));
#3285 = ADVANCED_FACE('',(#3286),#3305,.F.);
#3286 = FACE_BOUND('',#3287,.F.);
#3287 = EDGE_LOOP('',(#3288,#3296,#3297,#3298));
#3288 = ORIENTED_EDGE('',*,*,#3289,.T.);
#3289 = EDGE_CURVE('',#3290,#3265,#3292,.T.);
#3290 = VERTEX_POINT('',#3291);
#3291 = CARTESIAN_POINT('',(-3.590593679327,-134.3156530858,
    178.64725409429));
#3292 = LINE('',#3293,#3294);
#3293 = CARTESIAN_POINT('',(-3.590591861029,-134.3156530858,
    183.04725409429));
#3294 = VECTOR('',#3295,1.);
#3295 = DIRECTION('',(-4.132494408031E-07,9.544118063156E-14,-1.));
#3296 = ORIENTED_EDGE('',*,*,#3272,.T.);
#3297 = ORIENTED_EDGE('',*,*,#3289,.F.);
#3298 = ORIENTED_EDGE('',*,*,#3299,.T.);
#3299 = EDGE_CURVE('',#3290,#3290,#3300,.T.);
#3300 = CIRCLE('',#3301,2.7);
#3301 = AXIS2_PLACEMENT_3D('',#3302,#3303,#3304);
#3302 = CARTESIAN_POINT('',(-4.940593679327,-131.9773844956,
    178.64725465218));
#3303 = DIRECTION('',(-4.13249441599E-07,9.558018665267E-14,-1.));
#3304 = DIRECTION('',(-0.5,0.866025403784,2.066248035745E-07));
#3305 = CYLINDRICAL_SURFACE('',#3306,2.7);
#3306 = AXIS2_PLACEMENT_3D('',#3307,#3308,#3309);
#3307 = CARTESIAN_POINT('',(-4.94059186103,-131.9773844956,
    183.04725465217));
#3308 = DIRECTION('',(-4.132494408031E-07,9.544118063156E-14,-1.));
#3309 = DIRECTION('',(-0.5,0.866025403784,2.066248030561E-07));
#3310 = ADVANCED_FACE('',(#3311),#3322,.F.);
#3311 = FACE_BOUND('',#3312,.F.);
#3312 = EDGE_LOOP('',(#3313,#3319,#3320,#3321));
#3313 = ORIENTED_EDGE('',*,*,#3314,.T.);
#3314 = EDGE_CURVE('',#1639,#3240,#3315,.T.);
#3315 = LINE('',#3316,#3317);
#3316 = CARTESIAN_POINT('',(-17.49059359668,-110.2401468606,
    178.84725983846));
#3317 = VECTOR('',#3318,1.);
#3318 = DIRECTION('',(-0.353553682805,0.612372435696,-0.707106635081));
#3319 = ORIENTED_EDGE('',*,*,#3249,.F.);
#3320 = ORIENTED_EDGE('',*,*,#3314,.F.);
#3321 = ORIENTED_EDGE('',*,*,#1638,.F.);
#3322 = CONICAL_SURFACE('',#3323,2.9,0.785398163397);
#3323 = AXIS2_PLACEMENT_3D('',#3324,#3325,#3326);
#3324 = CARTESIAN_POINT('',(-18.94059359668,-107.7286731896,
    178.84726043767));
#3325 = DIRECTION('',(4.132494365846E-07,-1.047139684719E-13,1.));
#3326 = DIRECTION('',(-0.5,0.866025403784,2.066248089774E-07));
#3327 = ADVANCED_FACE('',(#3328),#3339,.F.);
#3328 = FACE_BOUND('',#3329,.F.);
#3329 = EDGE_LOOP('',(#3330,#3336,#3337,#3338));
#3330 = ORIENTED_EDGE('',*,*,#3331,.T.);
#3331 = EDGE_CURVE('',#1650,#3290,#3332,.T.);
#3332 = LINE('',#3333,#3334);
#3333 = CARTESIAN_POINT('',(-3.490593596677,-134.4888581666,
    178.84725405296));
#3334 = VECTOR('',#3335,1.);
#3335 = DIRECTION('',(-0.353553682805,0.612372435696,-0.707106635081));
#3336 = ORIENTED_EDGE('',*,*,#3299,.F.);
#3337 = ORIENTED_EDGE('',*,*,#3331,.F.);
#3338 = ORIENTED_EDGE('',*,*,#1649,.F.);
#3339 = CONICAL_SURFACE('',#3340,2.9,0.785398163397);
#3340 = AXIS2_PLACEMENT_3D('',#3341,#3342,#3343);
#3341 = CARTESIAN_POINT('',(-4.940593596677,-131.9773844956,
    178.84725465218));
#3342 = DIRECTION('',(4.132494365847E-07,-1.047140002356E-13,1.));
#3343 = DIRECTION('',(-0.5,0.866025403784,2.066248089774E-07));
#3344 = ( GEOMETRIC_REPRESENTATION_CONTEXT(3) 
GLOBAL_UNCERTAINTY_ASSIGNED_CONTEXT((#3348)) 
GLOBAL_UNIT_ASSIGNED_CONTEXT((#3345,#3346,#3347)) REPRESENTATION_CONTEXT
('Context #1','3D Context with UNIT and UNCERTAINTY') );
#3345 = ( LENGTH_UNIT() NAMED_UNIT(*) SI_UNIT(.MILLI.,.METRE.) );
#3346 = ( NAMED_UNIT(*) PLANE_ANGLE_UNIT() SI_UNIT($,.RADIAN.) );
#3347 = ( NAMED_UNIT(*) SI_UNIT($,.STERADIAN.) SOLID_ANGLE_UNIT() );
#3348 = UNCERTAINTY_MEASURE_WITH_UNIT(LENGTH_MEASURE(1.E-07),#3345,
  'distance_accuracy_value','confusion accuracy');
#3349 = PRODUCT_RELATED_PRODUCT_CATEGORY('part',$,(#7));
#3350 = MECHANICAL_DESIGN_GEOMETRIC_PRESENTATION_REPRESENTATION('',(
    #3351),#3344);
#3351 = STYLED_ITEM('color',(#3352),#15);
#3352 = PRESENTATION_STYLE_ASSIGNMENT((#3353,#3359));
#3353 = SURFACE_STYLE_USAGE(.BOTH.,#3354);
#3354 = SURFACE_SIDE_STYLE('',(#3355));
#3355 = SURFACE_STYLE_FILL_AREA(#3356);
#3356 = FILL_AREA_STYLE('',(#3357));
#3357 = FILL_AREA_STYLE_COLOUR('',#3358);
#3358 = COLOUR_RGB('',0.623529443769,0.713725498821,0.858823546443);
#3359 = CURVE_STYLE('',#3360,POSITIVE_LENGTH_MEASURE(0.1),#3361);
#3360 = DRAUGHTING_PRE_DEFINED_CURVE_FONT('continuous');
#3361 = COLOUR_RGB('',9.803921802644E-02,9.803921802644E-02,
  9.803921802644E-02);
ENDSEC;
END-ISO-10303-21;
