ISO-10303-21;
HEADER;
FILE_DESCRIPTION(('FreeCAD Model'),'2;1');
FILE_NAME('Open CASCADE Shape Model','2025-11-08T20:10:33',(''),(''),
  'Open CASCADE STEP processor 7.9','FreeCAD','Unknown');
FILE_SCHEMA(('AUTOMOTIVE_DESIGN { 1 0 10303 214 1 1 1 1 }'));
ENDSEC;
DATA;
#1 = APPLICATION_PROTOCOL_DEFINITION('international standard',
  'automotive_design',2000,#2);
#2 = APPLICATION_CONTEXT(
  'core data for automotive mechanical design processes');
#3 = SHAPE_DEFINITION_REPRESENTATION(#4,#10);
#4 = PRODUCT_DEFINITION_SHAPE('','',#5);
#5 = PRODUCT_DEFINITION('design','',#6,#9);
#6 = PRODUCT_DEFINITION_FORMATION('','',#7);
#7 = PRODUCT('[a]door_hinge_x2','[a]door_hinge_x2','',(#8));
#8 = PRODUCT_CONTEXT('',#2,'mechanical');
#9 = PRODUCT_DEFINITION_CONTEXT('part definition',#2,'design');
#10 = ADVANCED_BREP_SHAPE_REPRESENTATION('',(#11,#15),#1865);
#11 = AXIS2_PLACEMENT_3D('',#12,#13,#14);
#12 = CARTESIAN_POINT('',(0.,0.,0.));
#13 = DIRECTION('',(0.,0.,1.));
#14 = DIRECTION('',(1.,0.,-0.));
#15 = MANIFOLD_SOLID_BREP('',#16);
#16 = CLOSED_SHELL('',(#17,#65,#96,#135,#157,#188,#212,#287,#313,#330,
    #342,#384,#480,#506,#545,#570,#595,#619,#644,#669,#693,#718,#750,
    #790,#815,#840,#864,#889,#914,#938,#963,#1004,#1027,#1046,#1064,
    #1111,#1136,#1160,#1190,#1224,#1233,#1310,#1328,#1354,#1379,#1425,
    #1471,#1523,#1555,#1600,#1646,#1681,#1699,#1711,#1729,#1759));
#17 = ADVANCED_FACE('',(#18),#60,.T.);
#18 = FACE_BOUND('',#19,.T.);
#19 = EDGE_LOOP('',(#20,#30,#38,#46,#54));
#20 = ORIENTED_EDGE('',*,*,#21,.T.);
#21 = EDGE_CURVE('',#22,#24,#26,.T.);
#22 = VERTEX_POINT('',#23);
#23 = CARTESIAN_POINT('',(-27.82443289025,248.84698345406,
    193.40468221095));
#24 = VERTEX_POINT('',#25);
#25 = CARTESIAN_POINT('',(-27.82446103439,294.24698345405,
    193.40466596015));
#26 = LINE('',#27,#28);
#27 = CARTESIAN_POINT('',(-27.82444634241,270.54698345406,193.4046744435
    ));
#28 = VECTOR('',#29,1.);
#29 = DIRECTION('',(-6.199149321495E-07,1.,-3.57947040186E-07));
#30 = ORIENTED_EDGE('',*,*,#31,.T.);
#31 = EDGE_CURVE('',#24,#32,#34,.T.);
#32 = VERTEX_POINT('',#33);
#33 = CARTESIAN_POINT('',(-27.6830394665,293.90556223611,193.5460874386)
  );
#34 = LINE('',#35,#36);
#35 = CARTESIAN_POINT('',(-27.82446103439,294.24698345405,
    193.40466596015));
#36 = VECTOR('',#37,1.);
#37 = DIRECTION('',(0.357407279234,-0.862855859966,0.357407053193));
#38 = ORIENTED_EDGE('',*,*,#39,.T.);
#39 = EDGE_CURVE('',#32,#40,#42,.T.);
#40 = VERTEX_POINT('',#41);
#41 = CARTESIAN_POINT('',(-27.62446078643,293.84698364963,
    193.60466610333));
#42 = LINE('',#43,#44);
#43 = CARTESIAN_POINT('',(-22.14529072314,288.36782234083,
    199.08383473125));
#44 = VECTOR('',#45,1.);
#45 = DIRECTION('',(0.577350627097,-0.577349704621,0.57735047585));
#46 = ORIENTED_EDGE('',*,*,#47,.T.);
#47 = EDGE_CURVE('',#40,#48,#50,.T.);
#48 = VERTEX_POINT('',#49);
#49 = CARTESIAN_POINT('',(-27.62443301424,249.04698364964,
    193.60468213936));
#50 = LINE('',#51,#52);
#51 = CARTESIAN_POINT('',(-27.62444634241,270.54698364963,193.6046744435
    ));
#52 = VECTOR('',#53,1.);
#53 = DIRECTION('',(6.199149321495E-07,-1.,3.57947040186E-07));
#54 = ORIENTED_EDGE('',*,*,#55,.T.);
#55 = EDGE_CURVE('',#48,#22,#56,.T.);
#56 = LINE('',#57,#58);
#57 = CARTESIAN_POINT('',(-27.62443301424,249.04698364964,
    193.60468213936));
#58 = VECTOR('',#59,1.);
#59 = DIRECTION('',(-0.577349911281,-0.577350833758,-0.577350062529));
#60 = PLANE('',#61);
#61 = AXIS2_PLACEMENT_3D('',#62,#63,#64);
#62 = CARTESIAN_POINT('',(-27.72444634241,270.54698355185,193.5046744435
    ));
#63 = DIRECTION('',(0.707106781187,1.852392728605E-07,-0.707106781187));
#64 = DIRECTION('',(-0.707106781187,-1.323488980085E-23,-0.707106781187)
  );
#65 = ADVANCED_FACE('',(#66),#91,.T.);
#66 = FACE_BOUND('',#67,.T.);
#67 = EDGE_LOOP('',(#68,#76,#84,#90));
#68 = ORIENTED_EDGE('',*,*,#69,.T.);
#69 = EDGE_CURVE('',#24,#70,#72,.T.);
#70 = VERTEX_POINT('',#71);
#71 = CARTESIAN_POINT('',(-14.92446103439,294.24699145096,
    193.40466596015));
#72 = LINE('',#73,#74);
#73 = CARTESIAN_POINT('',(-15.68696103439,294.24699097827,
    193.40466596015));
#74 = VECTOR('',#75,1.);
#75 = DIRECTION('',(1.,6.1991493323E-07,-3.979043347373E-14));
#76 = ORIENTED_EDGE('',*,*,#77,.T.);
#77 = EDGE_CURVE('',#70,#78,#80,.T.);
#78 = VERTEX_POINT('',#79);
#79 = CARTESIAN_POINT('',(-15.06588217898,293.90557005767,193.5460874386
    ));
#80 = LINE('',#81,#82);
#81 = CARTESIAN_POINT('',(-14.92446103439,294.24699145096,
    193.40466596015));
#82 = VECTOR('',#83,1.);
#83 = DIRECTION('',(-0.357406209439,-0.86285630309,0.357407053193));
#84 = ORIENTED_EDGE('',*,*,#85,.T.);
#85 = EDGE_CURVE('',#78,#32,#86,.T.);
#86 = LINE('',#87,#88);
#87 = CARTESIAN_POINT('',(-15.68696082274,293.90556967265,193.5460874386
    ));
#88 = VECTOR('',#89,1.);
#89 = DIRECTION('',(-1.,-6.1991493323E-07,3.979043346802E-14));
#90 = ORIENTED_EDGE('',*,*,#31,.F.);
#91 = PLANE('',#92);
#92 = AXIS2_PLACEMENT_3D('',#93,#94,#95);
#93 = CARTESIAN_POINT('',(-15.68696092857,294.07628032546,
    193.47537669937));
#94 = DIRECTION('',(2.37231342667E-07,-0.382683763065,-0.923879395531));
#95 = DIRECTION('',(-1.,-2.779326858178E-22,-2.567773930391E-07));
#96 = ADVANCED_FACE('',(#97),#130,.T.);
#97 = FACE_BOUND('',#98,.T.);
#98 = EDGE_LOOP('',(#99,#107,#115,#123,#129));
#99 = ORIENTED_EDGE('',*,*,#100,.T.);
#100 = EDGE_CURVE('',#70,#101,#103,.T.);
#101 = VERTEX_POINT('',#102);
#102 = CARTESIAN_POINT('',(-14.92443289026,248.84699145097,
    193.40468221095));
#103 = LINE('',#104,#105);
#104 = CARTESIAN_POINT('',(-14.92443239432,248.04699145097,
    193.4046824973));
#105 = VECTOR('',#106,1.);
#106 = DIRECTION('',(6.199149321495E-07,-1.,3.57947040186E-07));
#107 = ORIENTED_EDGE('',*,*,#108,.T.);
#108 = EDGE_CURVE('',#101,#109,#111,.T.);
#109 = VERTEX_POINT('',#110);
#110 = CARTESIAN_POINT('',(-15.12443301424,249.04699139857,
    193.60468213936));
#111 = LINE('',#112,#113);
#112 = CARTESIAN_POINT('',(-14.92443289026,248.84699145097,
    193.40468221095));
#113 = VECTOR('',#114,1.);
#114 = DIRECTION('',(-0.577350627098,0.577350117942,0.577350062529));
#115 = ORIENTED_EDGE('',*,*,#116,.T.);
#116 = EDGE_CURVE('',#109,#117,#119,.T.);
#117 = VERTEX_POINT('',#118);
#118 = CARTESIAN_POINT('',(-15.12446078643,293.84699139856,
    193.60466610333));
#119 = LINE('',#120,#121);
#120 = CARTESIAN_POINT('',(-15.12443239432,248.04699139857,
    193.6046824973));
#121 = VECTOR('',#122,1.);
#122 = DIRECTION('',(-6.199149321495E-07,1.,-3.57947040186E-07));
#123 = ORIENTED_EDGE('',*,*,#124,.T.);
#124 = EDGE_CURVE('',#117,#78,#125,.T.);
#125 = LINE('',#126,#127);
#126 = CARTESIAN_POINT('',(-23.31195571088,285.6594892537,
    201.79216903402));
#127 = VECTOR('',#128,1.);
#128 = DIRECTION('',(0.577349911281,0.577350420437,-0.57735047585));
#129 = ORIENTED_EDGE('',*,*,#77,.F.);
#130 = PLANE('',#131);
#131 = AXIS2_PLACEMENT_3D('',#132,#133,#134);
#132 = CARTESIAN_POINT('',(-15.02443239432,248.04699142477,
    193.5046824973));
#133 = DIRECTION('',(-0.707106781186,-6.914528317028E-07,-0.707106781186
    ));
#134 = DIRECTION('',(-0.707106781187,5.293955920339E-23,0.707106781186)
  );
#135 = ADVANCED_FACE('',(#136),#152,.T.);
#136 = FACE_BOUND('',#137,.T.);
#137 = EDGE_LOOP('',(#138,#144,#145,#151));
#138 = ORIENTED_EDGE('',*,*,#139,.T.);
#139 = EDGE_CURVE('',#48,#109,#140,.T.);
#140 = LINE('',#141,#142);
#141 = CARTESIAN_POINT('',(-20.37443301424,249.04698814402,
    193.60468213936));
#142 = VECTOR('',#143,1.);
#143 = DIRECTION('',(1.,6.199149321495E-07,-3.979043308696E-14));
#144 = ORIENTED_EDGE('',*,*,#108,.F.);
#145 = ORIENTED_EDGE('',*,*,#146,.T.);
#146 = EDGE_CURVE('',#101,#22,#147,.T.);
#147 = LINE('',#148,#149);
#148 = CARTESIAN_POINT('',(-20.37443289025,248.84698807243,
    193.40468221095));
#149 = VECTOR('',#150,1.);
#150 = DIRECTION('',(-1.,-6.199149321495E-07,3.979043308696E-14));
#151 = ORIENTED_EDGE('',*,*,#55,.F.);
#152 = PLANE('',#153);
#153 = AXIS2_PLACEMENT_3D('',#154,#155,#156);
#154 = CARTESIAN_POINT('',(-20.37443295225,248.94698810823,
    193.50468217515));
#155 = DIRECTION('',(-4.383459235131E-07,0.70710652808,-0.707107034293)
  );
#156 = DIRECTION('',(-1.,2.117582368136E-22,6.199145281464E-07));
#157 = ADVANCED_FACE('',(#158),#183,.F.);
#158 = FACE_BOUND('',#159,.T.);
#159 = EDGE_LOOP('',(#160,#161,#169,#177));
#160 = ORIENTED_EDGE('',*,*,#139,.F.);
#161 = ORIENTED_EDGE('',*,*,#162,.T.);
#162 = EDGE_CURVE('',#48,#163,#165,.T.);
#163 = VERTEX_POINT('',#164);
#164 = CARTESIAN_POINT('',(-27.62443301424,249.04698386441,
    194.20468213936));
#165 = LINE('',#166,#167);
#166 = CARTESIAN_POINT('',(-27.62443301424,249.04698357805,
    193.40468213936));
#167 = VECTOR('',#168,1.);
#168 = DIRECTION('',(-1.831867990632E-13,3.579470497783E-07,1.));
#169 = ORIENTED_EDGE('',*,*,#170,.T.);
#170 = EDGE_CURVE('',#163,#171,#173,.T.);
#171 = VERTEX_POINT('',#172);
#172 = CARTESIAN_POINT('',(-15.12443301424,249.04699161334,
    194.20468213936));
#173 = LINE('',#174,#175);
#174 = CARTESIAN_POINT('',(-15.12443301424,249.04699161334,
    194.20468213936));
#175 = VECTOR('',#176,1.);
#176 = DIRECTION('',(1.,6.199149321495E-07,-3.979043295968E-14));
#177 = ORIENTED_EDGE('',*,*,#178,.F.);
#178 = EDGE_CURVE('',#109,#171,#179,.T.);
#179 = LINE('',#180,#181);
#180 = CARTESIAN_POINT('',(-15.12443301424,249.04699132698,
    193.40468213936));
#181 = VECTOR('',#182,1.);
#182 = DIRECTION('',(-1.831867990632E-13,3.579470497783E-07,1.));
#183 = PLANE('',#184);
#184 = AXIS2_PLACEMENT_3D('',#185,#186,#187);
#185 = CARTESIAN_POINT('',(-27.62443301424,249.04698357805,
    193.40468213936));
#186 = DIRECTION('',(6.199149321495E-07,-1.,3.579470497784E-07));
#187 = DIRECTION('',(1.,6.199149321495E-07,-3.979043295968E-14));
#188 = ADVANCED_FACE('',(#189),#207,.F.);
#189 = FACE_BOUND('',#190,.T.);
#190 = EDGE_LOOP('',(#191,#192,#200,#206));
#191 = ORIENTED_EDGE('',*,*,#47,.F.);
#192 = ORIENTED_EDGE('',*,*,#193,.T.);
#193 = EDGE_CURVE('',#40,#194,#196,.T.);
#194 = VERTEX_POINT('',#195);
#195 = CARTESIAN_POINT('',(-27.62446041448,293.24698386439,
    194.2046663181));
#196 = LINE('',#197,#198);
#197 = CARTESIAN_POINT('',(-27.62446078643,293.84698364963,
    193.60466610333));
#198 = VECTOR('',#199,1.);
#199 = DIRECTION('',(4.383459227492E-07,-0.70710652808,0.707107034293));
#200 = ORIENTED_EDGE('',*,*,#201,.T.);
#201 = EDGE_CURVE('',#194,#163,#202,.T.);
#202 = LINE('',#203,#204);
#203 = CARTESIAN_POINT('',(-27.62446091041,294.04698386439,
    194.20466603174));
#204 = VECTOR('',#205,1.);
#205 = DIRECTION('',(6.199149321495E-07,-1.,3.57947040186E-07));
#206 = ORIENTED_EDGE('',*,*,#162,.F.);
#207 = PLANE('',#208);
#208 = AXIS2_PLACEMENT_3D('',#209,#210,#211);
#209 = CARTESIAN_POINT('',(-27.62446091041,294.04698357804,
    193.40466603174));
#210 = DIRECTION('',(-1.,-6.199149321495E-07,3.870992201332E-14));
#211 = DIRECTION('',(6.199149321495E-07,-1.,3.57947040186E-07));
#212 = ADVANCED_FACE('',(#213,#276),#282,.T.);
#213 = FACE_BOUND('',#214,.T.);
#214 = EDGE_LOOP('',(#215,#225,#233,#244,#253,#261,#270));
#215 = ORIENTED_EDGE('',*,*,#216,.F.);
#216 = EDGE_CURVE('',#217,#219,#221,.T.);
#217 = VERTEX_POINT('',#218);
#218 = CARTESIAN_POINT('',(-29.22443202237,247.44698258618,
    193.40468271207));
#219 = VERTEX_POINT('',#220);
#220 = CARTESIAN_POINT('',(-13.52443202238,247.44699231885,
    193.40468271207));
#221 = LINE('',#222,#223);
#222 = CARTESIAN_POINT('',(-15.12443202238,247.44699132698,
    193.40468271207));
#223 = VECTOR('',#224,1.);
#224 = DIRECTION('',(1.,6.199149321495E-07,-3.979043308696E-14));
#225 = ORIENTED_EDGE('',*,*,#226,.F.);
#226 = EDGE_CURVE('',#227,#217,#229,.T.);
#227 = VERTEX_POINT('',#228);
#228 = CARTESIAN_POINT('',(-29.22446029049,293.04698258617,
    193.40466638969));
#229 = LINE('',#230,#231);
#230 = CARTESIAN_POINT('',(-29.22443177441,247.04698258618,
    193.40468285525));
#231 = VECTOR('',#232,1.);
#232 = DIRECTION('',(6.199149321429E-07,-1.,3.57947040186E-07));
#233 = ORIENTED_EDGE('',*,*,#234,.F.);
#234 = EDGE_CURVE('',#235,#227,#237,.T.);
#235 = VERTEX_POINT('',#236);
#236 = CARTESIAN_POINT('',(-25.33816745791,296.64332656723,
    193.40466510239));
#237 = B_SPLINE_CURVE_WITH_KNOTS('',3,(#238,#239,#240,#241,#242,#243),
  .UNSPECIFIED.,.F.,.F.,(4,1,1,4),(-1.526199759754,-0.872114148431,
    -0.436057074216,6.612904676791E-15),.UNSPECIFIED.);
#238 = CARTESIAN_POINT('',(-25.33816745791,296.64332656723,
    193.40466510239));
#239 = CARTESIAN_POINT('',(-26.23368055339,296.60756142472,
    193.40466511519));
#240 = CARTESIAN_POINT('',(-27.69539585983,296.09151439421,
    193.40466529991));
#241 = CARTESIAN_POINT('',(-28.96917490339,294.59484951562,
    193.40466583563));
#242 = CARTESIAN_POINT('',(-29.22446061064,293.56342539661,
    193.40466620483));
#243 = CARTESIAN_POINT('',(-29.22446029049,293.04698258617,
    193.40466638969));
#244 = ORIENTED_EDGE('',*,*,#245,.F.);
#245 = EDGE_CURVE('',#246,#235,#248,.T.);
#246 = VERTEX_POINT('',#247);
#247 = CARTESIAN_POINT('',(-25.15486720863,296.64698510897,
    193.40466510108));
#248 = B_SPLINE_CURVE_WITH_KNOTS('',3,(#249,#250,#251,#252),
  .UNSPECIFIED.,.F.,.F.,(4,4),(-1.570796326795,-1.526199759747),
  .PIECEWISE_BEZIER_KNOTS.);
#249 = CARTESIAN_POINT('',(-25.15486720863,296.64698510897,
    193.40466510108));
#250 = CARTESIAN_POINT('',(-25.21598860354,296.64698507108,
    193.40466510108));
#251 = CARTESIAN_POINT('',(-25.2771099922,296.64576508987,
    193.40466510151));
#252 = CARTESIAN_POINT('',(-25.33816745794,296.64332656723,
    193.40466510239));
#253 = ORIENTED_EDGE('',*,*,#254,.F.);
#254 = EDGE_CURVE('',#255,#246,#257,.T.);
#255 = VERTEX_POINT('',#256);
#256 = CARTESIAN_POINT('',(-17.12446252219,296.64699008714,
    193.40466510108));
#257 = LINE('',#258,#259);
#258 = CARTESIAN_POINT('',(-15.12446252219,296.64699132697,
    193.40466510108));
#259 = VECTOR('',#260,1.);
#260 = DIRECTION('',(-1.,-6.199149321495E-07,3.979043308696E-14));
#261 = ORIENTED_EDGE('',*,*,#262,.F.);
#262 = EDGE_CURVE('',#263,#255,#265,.T.);
#263 = VERTEX_POINT('',#264);
#264 = CARTESIAN_POINT('',(-13.5244602905,293.04699231884,
    193.40466638969));
#265 = CIRCLE('',#266,3.6);
#266 = AXIS2_PLACEMENT_3D('',#267,#268,#269);
#267 = CARTESIAN_POINT('',(-17.1244602905,293.04699008714,
    193.40466638969));
#268 = DIRECTION('',(-1.821062820399E-13,3.579470401859E-07,1.));
#269 = DIRECTION('',(0.70710634284,0.707107219532,-2.531068075573E-07));
#270 = ORIENTED_EDGE('',*,*,#271,.F.);
#271 = EDGE_CURVE('',#219,#263,#272,.T.);
#272 = LINE('',#273,#274);
#273 = CARTESIAN_POINT('',(-13.52443177441,247.04699231885,
    193.40468285525));
#274 = VECTOR('',#275,1.);
#275 = DIRECTION('',(-6.199149321429E-07,1.,-3.57947040186E-07));
#276 = FACE_BOUND('',#277,.T.);
#277 = EDGE_LOOP('',(#278,#279,#280,#281));
#278 = ORIENTED_EDGE('',*,*,#21,.F.);
#279 = ORIENTED_EDGE('',*,*,#146,.F.);
#280 = ORIENTED_EDGE('',*,*,#100,.F.);
#281 = ORIENTED_EDGE('',*,*,#69,.F.);
#282 = PLANE('',#283);
#283 = AXIS2_PLACEMENT_3D('',#284,#285,#286);
#284 = CARTESIAN_POINT('',(-13.12443177441,247.04699256681,
    193.40468285525));
#285 = DIRECTION('',(1.821062820431E-13,-3.579470401859E-07,-1.));
#286 = DIRECTION('',(-1.,-6.199149321495E-07,3.979043308696E-14));
#287 = ADVANCED_FACE('',(#288),#308,.T.);
#288 = FACE_BOUND('',#289,.T.);
#289 = EDGE_LOOP('',(#290,#291,#292,#300,#306,#307));
#290 = ORIENTED_EDGE('',*,*,#85,.F.);
#291 = ORIENTED_EDGE('',*,*,#124,.F.);
#292 = ORIENTED_EDGE('',*,*,#293,.F.);
#293 = EDGE_CURVE('',#294,#117,#296,.T.);
#294 = VERTEX_POINT('',#295);
#295 = CARTESIAN_POINT('',(-15.12446041448,293.24699161333,
    194.2046663181));
#296 = LINE('',#297,#298);
#297 = CARTESIAN_POINT('',(-15.12445381239,282.59699542546,
    204.85467013023));
#298 = VECTOR('',#299,1.);
#299 = DIRECTION('',(-4.383459227492E-07,0.70710652808,-0.707107034293)
  );
#300 = ORIENTED_EDGE('',*,*,#301,.T.);
#301 = EDGE_CURVE('',#294,#194,#302,.T.);
#302 = LINE('',#303,#304);
#303 = CARTESIAN_POINT('',(-18.24946041448,293.2469896761,194.2046663181
    ));
#304 = VECTOR('',#305,1.);
#305 = DIRECTION('',(-1.,-6.199149321495E-07,3.870992201332E-14));
#306 = ORIENTED_EDGE('',*,*,#193,.F.);
#307 = ORIENTED_EDGE('',*,*,#39,.F.);
#308 = PLANE('',#309);
#309 = AXIS2_PLACEMENT_3D('',#310,#311,#312);
#310 = CARTESIAN_POINT('',(-18.24946066244,293.64698953292,
    193.80466617492));
#311 = DIRECTION('',(4.383461818142E-07,-0.707107034293,-0.70710652808)
  );
#312 = DIRECTION('',(-1.,-4.235164736272E-22,-6.199153372326E-07));
#313 = ADVANCED_FACE('',(#314),#325,.F.);
#314 = FACE_BOUND('',#315,.T.);
#315 = EDGE_LOOP('',(#316,#317,#323,#324));
#316 = ORIENTED_EDGE('',*,*,#301,.F.);
#317 = ORIENTED_EDGE('',*,*,#318,.F.);
#318 = EDGE_CURVE('',#171,#294,#319,.T.);
#319 = LINE('',#320,#321);
#320 = CARTESIAN_POINT('',(-15.12443301424,249.04699161334,
    194.20468213936));
#321 = VECTOR('',#322,1.);
#322 = DIRECTION('',(-6.199149321495E-07,1.,-3.57947040186E-07));
#323 = ORIENTED_EDGE('',*,*,#170,.F.);
#324 = ORIENTED_EDGE('',*,*,#201,.F.);
#325 = PLANE('',#326);
#326 = AXIS2_PLACEMENT_3D('',#327,#328,#329);
#327 = CARTESIAN_POINT('',(-21.37444696232,271.54698773887,
    194.20467408555));
#328 = DIRECTION('',(-1.831867990632E-13,3.579470497783E-07,1.));
#329 = DIRECTION('',(1.,-1.083335593718E-34,1.831867990632E-13));
#330 = ADVANCED_FACE('',(#331),#337,.F.);
#331 = FACE_BOUND('',#332,.T.);
#332 = EDGE_LOOP('',(#333,#334,#335,#336));
#333 = ORIENTED_EDGE('',*,*,#116,.F.);
#334 = ORIENTED_EDGE('',*,*,#178,.T.);
#335 = ORIENTED_EDGE('',*,*,#318,.T.);
#336 = ORIENTED_EDGE('',*,*,#293,.T.);
#337 = PLANE('',#338);
#338 = AXIS2_PLACEMENT_3D('',#339,#340,#341);
#339 = CARTESIAN_POINT('',(-15.12443301424,249.04699132698,
    193.40468213936));
#340 = DIRECTION('',(1.,6.199149321495E-07,-3.870992201332E-14));
#341 = DIRECTION('',(-6.199149321495E-07,1.,-3.57947040186E-07));
#342 = ADVANCED_FACE('',(#343),#379,.F.);
#343 = FACE_BOUND('',#344,.F.);
#344 = EDGE_LOOP('',(#345,#355,#364,#371,#372));
#345 = ORIENTED_EDGE('',*,*,#346,.T.);
#346 = EDGE_CURVE('',#347,#349,#351,.T.);
#347 = VERTEX_POINT('',#348);
#348 = CARTESIAN_POINT('',(-4.824431774417,247.04699934077,
    197.95468285525));
#349 = VERTEX_POINT('',#350);
#350 = CARTESIAN_POINT('',(-4.824432022383,247.44699948395,
    198.35468271207));
#351 = LINE('',#352,#353);
#352 = CARTESIAN_POINT('',(-4.8244318984,247.24699941236,198.15468278366
    ));
#353 = VECTOR('',#354,1.);
#354 = DIRECTION('',(-4.38346052183E-07,0.707107034293,0.70710652808));
#355 = ORIENTED_EDGE('',*,*,#356,.F.);
#356 = EDGE_CURVE('',#357,#349,#359,.T.);
#357 = VERTEX_POINT('',#358);
#358 = CARTESIAN_POINT('',(-4.824432022383,247.44700066517,
    201.65468271207));
#359 = CIRCLE('',#360,1.65);
#360 = AXIS2_PLACEMENT_3D('',#361,#362,#363);
#361 = CARTESIAN_POINT('',(-4.824432022383,247.44700007456,
    200.00468271207));
#362 = DIRECTION('',(-6.199149321495E-07,1.,-3.579470398714E-07));
#363 = DIRECTION('',(1.262177448354E-28,3.579470398715E-07,1.));
#364 = ORIENTED_EDGE('',*,*,#365,.F.);
#365 = EDGE_CURVE('',#349,#357,#366,.T.);
#366 = CIRCLE('',#367,1.65);
#367 = AXIS2_PLACEMENT_3D('',#368,#369,#370);
#368 = CARTESIAN_POINT('',(-4.824432022383,247.44700007456,
    200.00468271207));
#369 = DIRECTION('',(-6.199149321495E-07,1.,-3.579470398714E-07));
#370 = DIRECTION('',(1.262177448354E-28,3.579470398715E-07,1.));
#371 = ORIENTED_EDGE('',*,*,#346,.F.);
#372 = ORIENTED_EDGE('',*,*,#373,.F.);
#373 = EDGE_CURVE('',#347,#347,#374,.T.);
#374 = CIRCLE('',#375,2.05);
#375 = AXIS2_PLACEMENT_3D('',#376,#377,#378);
#376 = CARTESIAN_POINT('',(-4.824431774417,247.04700007456,
    200.00468285525));
#377 = DIRECTION('',(6.199149321495E-07,-1.,3.579470398714E-07));
#378 = DIRECTION('',(1.767048427695E-28,3.579470398715E-07,1.));
#379 = CONICAL_SURFACE('',#380,1.85,0.785398163398);
#380 = AXIS2_PLACEMENT_3D('',#381,#382,#383);
#381 = CARTESIAN_POINT('',(-4.8244318984,247.24700007456,200.00468278366
    ));
#382 = DIRECTION('',(6.199149318876E-07,-1.,3.579470053694E-07));
#383 = DIRECTION('',(2.138828964631E-20,3.579470053695E-07,1.));
#384 = ADVANCED_FACE('',(#385,#472),#475,.F.);
#385 = FACE_BOUND('',#386,.T.);
#386 = EDGE_LOOP('',(#387,#397,#405,#413,#422,#430,#439,#448,#456,#465)
  );
#387 = ORIENTED_EDGE('',*,*,#388,.F.);
#388 = EDGE_CURVE('',#389,#391,#393,.T.);
#389 = VERTEX_POINT('',#390);
#390 = CARTESIAN_POINT('',(-29.37690349103,247.04698263484,
    193.80468285525));
#391 = VERTEX_POINT('',#392);
#392 = CARTESIAN_POINT('',(-30.39664531843,247.0469827348,195.8499828526
    ));
#393 = LINE('',#394,#395);
#394 = CARTESIAN_POINT('',(-29.57834055145,247.04698265459,
    194.20870592077));
#395 = VECTOR('',#396,1.);
#396 = DIRECTION('',(-0.446195312969,4.373641463825E-08,0.894935608122)
  );
#397 = ORIENTED_EDGE('',*,*,#398,.F.);
#398 = EDGE_CURVE('',#399,#389,#401,.T.);
#399 = VERTEX_POINT('',#400);
#400 = CARTESIAN_POINT('',(-13.52443177441,247.04699246203,
    193.80468285525));
#401 = LINE('',#402,#403);
#402 = CARTESIAN_POINT('',(-15.12443177441,247.04699147016,
    193.80468285525));
#403 = VECTOR('',#404,1.);
#404 = DIRECTION('',(-1.,-6.199149321495E-07,3.979043308696E-14));
#405 = ORIENTED_EDGE('',*,*,#406,.F.);
#406 = EDGE_CURVE('',#407,#399,#409,.T.);
#407 = VERTEX_POINT('',#408);
#408 = CARTESIAN_POINT('',(-13.52443177441,247.04699289156,
    195.00468285525));
#409 = LINE('',#410,#411);
#410 = CARTESIAN_POINT('',(-13.52443177441,247.04699382223,
    197.60468285525));
#411 = VECTOR('',#412,1.);
#412 = DIRECTION('',(1.282698385189E-13,-3.579470398714E-07,-1.));
#413 = ORIENTED_EDGE('',*,*,#414,.F.);
#414 = EDGE_CURVE('',#415,#407,#417,.T.);
#415 = VERTEX_POINT('',#416);
#416 = CARTESIAN_POINT('',(-12.12443177441,247.04699426057,
    196.40468285525));
#417 = CIRCLE('',#418,1.4);
#418 = AXIS2_PLACEMENT_3D('',#419,#420,#421);
#419 = CARTESIAN_POINT('',(-12.12443177441,247.04699375944,
    195.00468285525));
#420 = DIRECTION('',(6.199149321495E-07,-1.,3.579470398714E-07));
#421 = DIRECTION('',(-0.707106781187,-1.85239273083E-07,0.707106781187)
  );
#422 = ORIENTED_EDGE('',*,*,#423,.F.);
#423 = EDGE_CURVE('',#424,#415,#426,.T.);
#424 = VERTEX_POINT('',#425);
#425 = CARTESIAN_POINT('',(-4.326723193528,247.04699909449,
    196.40468285525));
#426 = LINE('',#427,#428);
#427 = CARTESIAN_POINT('',(-8.874431774415,247.04699627529,
    196.40468285525));
#428 = VECTOR('',#429,1.);
#429 = DIRECTION('',(-1.,-6.199149321495E-07,6.578589902941E-14));
#430 = ORIENTED_EDGE('',*,*,#431,.F.);
#431 = EDGE_CURVE('',#432,#424,#434,.T.);
#432 = VERTEX_POINT('',#433);
#433 = CARTESIAN_POINT('',(-2.668757805528,247.04700216952,
    202.12406270021));
#434 = CIRCLE('',#435,3.1);
#435 = AXIS2_PLACEMENT_3D('',#436,#437,#438);
#436 = CARTESIAN_POINT('',(-4.326723193529,247.04700020412,
    199.50468285525));
#437 = DIRECTION('',(-6.199149321495E-07,1.,-3.579470398714E-07));
#438 = DIRECTION('',(1.560656375421E-13,-3.579470398714E-07,-1.));
#439 = ORIENTED_EDGE('',*,*,#440,.F.);
#440 = EDGE_CURVE('',#441,#432,#443,.T.);
#441 = VERTEX_POINT('',#442);
#442 = CARTESIAN_POINT('',(-11.22599851779,247.04699775269,
    204.60468285525));
#443 = CIRCLE('',#444,16.);
#444 = AXIS2_PLACEMENT_3D('',#445,#446,#447);
#445 = CARTESIAN_POINT('',(-11.22599851778,247.04699202554,
    188.60468285525));
#446 = DIRECTION('',(-6.199149321495E-07,1.,-3.579470398714E-07));
#447 = DIRECTION('',(-1.865200953362E-13,3.579470398714E-07,1.));
#448 = ORIENTED_EDGE('',*,*,#449,.F.);
#449 = EDGE_CURVE('',#450,#441,#452,.T.);
#450 = VERTEX_POINT('',#451);
#451 = CARTESIAN_POINT('',(-12.51898224117,247.04699695115,
    204.60468285525));
#452 = LINE('',#453,#454);
#453 = CARTESIAN_POINT('',(-25.37443177441,247.04698898186,
    204.60468285525));
#454 = VECTOR('',#455,1.);
#455 = DIRECTION('',(1.,6.199149321495E-07,-6.255615932141E-14));
#456 = ORIENTED_EDGE('',*,*,#457,.F.);
#457 = EDGE_CURVE('',#458,#450,#460,.T.);
#458 = VERTEX_POINT('',#459);
#459 = CARTESIAN_POINT('',(-30.20296326861,247.04698330426,
    197.10546690222));
#460 = CIRCLE('',#461,24.6);
#461 = AXIS2_PLACEMENT_3D('',#462,#463,#464);
#462 = CARTESIAN_POINT('',(-12.51898224117,247.04698814565,
    180.00468285525));
#463 = DIRECTION('',(-6.199149321495E-07,1.,-3.579470398714E-07));
#464 = DIRECTION('',(-0.844217981329,-3.314837192442E-07,0.536));
#465 = ORIENTED_EDGE('',*,*,#466,.F.);
#466 = EDGE_CURVE('',#391,#458,#467,.T.);
#467 = CIRCLE('',#468,1.1);
#468 = AXIS2_PLACEMENT_3D('',#469,#470,#471);
#469 = CARTESIAN_POINT('',(-29.4122161495,247.04698352075,
    196.34079769687));
#470 = DIRECTION('',(-6.199149321495E-07,1.,-3.579470398714E-07));
#471 = DIRECTION('',(-0.988308833153,-5.580929208449E-07,0.152465242963)
  );
#472 = FACE_BOUND('',#473,.T.);
#473 = EDGE_LOOP('',(#474));
#474 = ORIENTED_EDGE('',*,*,#373,.F.);
#475 = PLANE('',#476);
#476 = AXIS2_PLACEMENT_3D('',#477,#478,#479);
#477 = CARTESIAN_POINT('',(-17.12443177441,247.04699216325,
    199.20468285525));
#478 = DIRECTION('',(-6.199149321495E-07,1.,-3.579470398714E-07));
#479 = DIRECTION('',(1.,6.199149321494E-07,-2.789487197574E-13));
#480 = ADVANCED_FACE('',(#481),#501,.F.);
#481 = FACE_BOUND('',#482,.F.);
#482 = EDGE_LOOP('',(#483,#491,#498,#499,#500));
#483 = ORIENTED_EDGE('',*,*,#484,.T.);
#484 = EDGE_CURVE('',#357,#485,#487,.T.);
#485 = VERTEX_POINT('',#486);
#486 = CARTESIAN_POINT('',(-4.824444172715,267.04700066517,
    201.65467569631));
#487 = LINE('',#488,#489);
#488 = CARTESIAN_POINT('',(-4.824437973566,257.04700066517,
    201.65467927578));
#489 = VECTOR('',#490,1.);
#490 = DIRECTION('',(-6.199149321495E-07,1.,-3.579470398714E-07));
#491 = ORIENTED_EDGE('',*,*,#492,.F.);
#492 = EDGE_CURVE('',#485,#485,#493,.T.);
#493 = CIRCLE('',#494,1.65);
#494 = AXIS2_PLACEMENT_3D('',#495,#496,#497);
#495 = CARTESIAN_POINT('',(-4.824444172715,267.04700007455,
    200.00467569631));
#496 = DIRECTION('',(-6.199149321495E-07,1.,-3.579470398714E-07));
#497 = DIRECTION('',(-1.262177448354E-28,-3.579470398715E-07,-1.));
#498 = ORIENTED_EDGE('',*,*,#484,.F.);
#499 = ORIENTED_EDGE('',*,*,#356,.T.);
#500 = ORIENTED_EDGE('',*,*,#365,.T.);
#501 = CYLINDRICAL_SURFACE('',#502,1.65);
#502 = AXIS2_PLACEMENT_3D('',#503,#504,#505);
#503 = CARTESIAN_POINT('',(-4.824437973566,257.04700007456,
    200.00467927578));
#504 = DIRECTION('',(-6.199149321495E-07,1.,-3.579470398714E-07));
#505 = DIRECTION('',(-1.262177448354E-28,-3.579470398715E-07,-1.));
#506 = ADVANCED_FACE('',(#507),#540,.T.);
#507 = FACE_BOUND('',#508,.T.);
#508 = EDGE_LOOP('',(#509,#517,#518,#526,#534));
#509 = ORIENTED_EDGE('',*,*,#510,.T.);
#510 = EDGE_CURVE('',#511,#389,#513,.T.);
#511 = VERTEX_POINT('',#512);
#512 = CARTESIAN_POINT('',(-29.51367097401,247.26799534932,
    193.58366989776));
#513 = LINE('',#514,#515);
#514 = CARTESIAN_POINT('',(-28.29931476529,245.30562713003,
    195.5460402747));
#515 = VECTOR('',#516,1.);
#516 = DIRECTION('',(0.400874844846,-0.647803379102,0.647804091369));
#517 = ORIENTED_EDGE('',*,*,#388,.T.);
#518 = ORIENTED_EDGE('',*,*,#519,.T.);
#519 = EDGE_CURVE('',#391,#520,#522,.T.);
#520 = VERTEX_POINT('',#521);
#521 = CARTESIAN_POINT('',(-30.75461980965,247.446982449,195.67150458424
    ));
#522 = LINE('',#523,#524);
#523 = CARTESIAN_POINT('',(-30.39664531843,247.0469827348,195.8499828526
    ));
#524 = VECTOR('',#525,1.);
#525 = DIRECTION('',(-0.632815475574,0.70710627596,-0.315507984641));
#526 = ORIENTED_EDGE('',*,*,#527,.T.);
#527 = EDGE_CURVE('',#520,#528,#530,.T.);
#528 = VERTEX_POINT('',#529);
#529 = CARTESIAN_POINT('',(-29.80291014756,247.44698235571,
    193.76265695532));
#530 = LINE('',#531,#532);
#531 = CARTESIAN_POINT('',(-29.93631504267,247.44698236879,
    194.03022765241));
#532 = VECTOR('',#533,1.);
#533 = DIRECTION('',(0.446195312969,-4.373641463825E-08,-0.894935608122)
  );
#534 = ORIENTED_EDGE('',*,*,#535,.T.);
#535 = EDGE_CURVE('',#528,#511,#536,.T.);
#536 = LINE('',#537,#538);
#537 = CARTESIAN_POINT('',(-29.63413473803,247.34254074453,
    193.65821531428));
#538 = VECTOR('',#539,1.);
#539 = DIRECTION('',(0.752523040568,-0.465676362632,-0.465676495757));
#540 = PLANE('',#541);
#541 = AXIS2_PLACEMENT_3D('',#542,#543,#544);
#542 = CARTESIAN_POINT('',(-29.75732779706,247.24698251169,
    194.11946678659));
#543 = DIRECTION('',(-0.632814598882,-0.707107286413,-0.315507478427));
#544 = DIRECTION('',(-0.446195273828,3.053113317719E-16,0.894935627637)
  );
#545 = ADVANCED_FACE('',(#546),#565,.T.);
#546 = FACE_BOUND('',#547,.T.);
#547 = EDGE_LOOP('',(#548,#556,#563,#564));
#548 = ORIENTED_EDGE('',*,*,#549,.T.);
#549 = EDGE_CURVE('',#458,#550,#552,.T.);
#550 = VERTEX_POINT('',#551);
#551 = CARTESIAN_POINT('',(-30.49050792353,247.44698322554,
    197.38352828826));
#552 = LINE('',#553,#554);
#553 = CARTESIAN_POINT('',(-30.20296326861,247.04698330426,
    197.10546690222));
#554 = VECTOR('',#555,1.);
#555 = DIRECTION('',(-0.508311938463,0.707106642025,0.491547729138));
#556 = ORIENTED_EDGE('',*,*,#557,.T.);
#557 = EDGE_CURVE('',#550,#520,#558,.T.);
#558 = CIRCLE('',#559,1.5);
#559 = AXIS2_PLACEMENT_3D('',#560,#561,#562);
#560 = CARTESIAN_POINT('',(-29.41221639746,247.44698352075,
    196.34079755369));
#561 = DIRECTION('',(6.199149321495E-07,-1.,3.579470398714E-07));
#562 = DIRECTION('',(-0.988308833153,-5.580929208449E-07,0.152465242963)
  );
#563 = ORIENTED_EDGE('',*,*,#519,.F.);
#564 = ORIENTED_EDGE('',*,*,#466,.T.);
#565 = CONICAL_SURFACE('',#566,1.3,0.785398163397);
#566 = AXIS2_PLACEMENT_3D('',#567,#568,#569);
#567 = CARTESIAN_POINT('',(-29.41221627348,247.24698352075,
    196.34079762528));
#568 = DIRECTION('',(-6.199149304998E-07,1.,-3.579470053694E-07));
#569 = DIRECTION('',(-0.988308833153,-5.580929244748E-07,0.152465242963)
  );
#570 = ADVANCED_FACE('',(#571),#590,.T.);
#571 = FACE_BOUND('',#572,.T.);
#572 = EDGE_LOOP('',(#573,#581,#588,#589));
#573 = ORIENTED_EDGE('',*,*,#574,.T.);
#574 = EDGE_CURVE('',#450,#575,#577,.T.);
#575 = VERTEX_POINT('',#576);
#576 = CARTESIAN_POINT('',(-12.51898248914,247.44699709433,
    205.00468271207));
#577 = LINE('',#578,#579);
#578 = CARTESIAN_POINT('',(-12.51898224117,247.04699695115,
    204.60468285525));
#579 = VECTOR('',#580,1.);
#580 = DIRECTION('',(-4.383461767225E-07,0.707107034293,0.70710652808));
#581 = ORIENTED_EDGE('',*,*,#582,.T.);
#582 = EDGE_CURVE('',#575,#550,#583,.T.);
#583 = CIRCLE('',#584,25.);
#584 = AXIS2_PLACEMENT_3D('',#585,#586,#587);
#585 = CARTESIAN_POINT('',(-12.51898248914,247.44698814565,
    180.00468271207));
#586 = DIRECTION('',(6.199149321495E-07,-1.,3.579470398714E-07));
#587 = DIRECTION('',(-0.844217981329,-3.314837192442E-07,0.536));
#588 = ORIENTED_EDGE('',*,*,#549,.F.);
#589 = ORIENTED_EDGE('',*,*,#457,.T.);
#590 = CONICAL_SURFACE('',#591,24.8,0.785398163397);
#591 = AXIS2_PLACEMENT_3D('',#592,#593,#594);
#592 = CARTESIAN_POINT('',(-12.51898236515,247.24698814565,
    180.00468278366));
#593 = DIRECTION('',(-6.199149304997E-07,1.,-3.579470053694E-07));
#594 = DIRECTION('',(-0.844217981329,-3.314837363445E-07,0.536));
#595 = ADVANCED_FACE('',(#596),#614,.T.);
#596 = FACE_BOUND('',#597,.T.);
#597 = EDGE_LOOP('',(#598,#599,#600,#608));
#598 = ORIENTED_EDGE('',*,*,#574,.F.);
#599 = ORIENTED_EDGE('',*,*,#449,.T.);
#600 = ORIENTED_EDGE('',*,*,#601,.T.);
#601 = EDGE_CURVE('',#441,#602,#604,.T.);
#602 = VERTEX_POINT('',#603);
#603 = CARTESIAN_POINT('',(-11.22599876575,247.44699789587,
    205.00468271207));
#604 = LINE('',#605,#606);
#605 = CARTESIAN_POINT('',(-11.22599851779,247.04699775269,
    204.60468285525));
#606 = VECTOR('',#607,1.);
#607 = DIRECTION('',(-4.38346164947E-07,0.707107034293,0.707106528079));
#608 = ORIENTED_EDGE('',*,*,#609,.T.);
#609 = EDGE_CURVE('',#602,#575,#610,.T.);
#610 = LINE('',#611,#612);
#611 = CARTESIAN_POINT('',(-25.37443202238,247.44698912504,
    205.00468271207));
#612 = VECTOR('',#613,1.);
#613 = DIRECTION('',(-1.,-6.199149321495E-07,6.255615932141E-14));
#614 = PLANE('',#615);
#615 = AXIS2_PLACEMENT_3D('',#616,#617,#618);
#616 = CARTESIAN_POINT('',(-25.37443189839,247.24698905345,
    204.80468278366));
#617 = DIRECTION('',(4.383459396109E-07,-0.70710652808,0.707107034293));
#618 = DIRECTION('',(1.,-2.64697796017E-22,-6.199145509122E-07));
#619 = ADVANCED_FACE('',(#620),#639,.T.);
#620 = FACE_BOUND('',#621,.T.);
#621 = EDGE_LOOP('',(#622,#630,#637,#638));
#622 = ORIENTED_EDGE('',*,*,#623,.T.);
#623 = EDGE_CURVE('',#432,#624,#626,.T.);
#624 = VERTEX_POINT('',#625);
#625 = CARTESIAN_POINT('',(-2.454827035687,247.44700242312,
    202.46204705316));
#626 = LINE('',#627,#628);
#627 = CARTESIAN_POINT('',(-2.668757805528,247.04700216952,
    202.12406270021));
#628 = VECTOR('',#629,1.);
#629 = DIRECTION('',(0.378179745147,0.707107229491,0.597477569756));
#630 = ORIENTED_EDGE('',*,*,#631,.T.);
#631 = EDGE_CURVE('',#624,#602,#632,.T.);
#632 = CIRCLE('',#633,16.4);
#633 = AXIS2_PLACEMENT_3D('',#634,#635,#636);
#634 = CARTESIAN_POINT('',(-11.22599876575,247.44699202554,
    188.60468271207));
#635 = DIRECTION('',(6.199149321495E-07,-1.,3.579470398714E-07));
#636 = DIRECTION('',(-1.865200953362E-13,3.579470398714E-07,1.));
#637 = ORIENTED_EDGE('',*,*,#601,.F.);
#638 = ORIENTED_EDGE('',*,*,#440,.T.);
#639 = CONICAL_SURFACE('',#640,16.2,0.785398163397);
#640 = AXIS2_PLACEMENT_3D('',#641,#642,#643);
#641 = CARTESIAN_POINT('',(-11.22599864177,247.24699202554,
    188.60468278366));
#642 = DIRECTION('',(-6.199149304997E-07,1.,-3.579470053694E-07));
#643 = DIRECTION('',(-1.865200739479E-13,3.579470053693E-07,1.));
#644 = ADVANCED_FACE('',(#645),#664,.T.);
#645 = FACE_BOUND('',#646,.T.);
#646 = EDGE_LOOP('',(#647,#655,#662,#663));
#647 = ORIENTED_EDGE('',*,*,#648,.T.);
#648 = EDGE_CURVE('',#424,#649,#651,.T.);
#649 = VERTEX_POINT('',#650);
#650 = CARTESIAN_POINT('',(-4.326723441494,247.44699895131,
    196.00468271207));
#651 = LINE('',#652,#653);
#652 = CARTESIAN_POINT('',(-4.326723193528,247.04699909449,
    196.40468285525));
#653 = VECTOR('',#654,1.);
#654 = DIRECTION('',(-4.383459421898E-07,0.70710652808,-0.707107034293)
  );
#655 = ORIENTED_EDGE('',*,*,#656,.T.);
#656 = EDGE_CURVE('',#649,#624,#657,.T.);
#657 = CIRCLE('',#658,3.5);
#658 = AXIS2_PLACEMENT_3D('',#659,#660,#661);
#659 = CARTESIAN_POINT('',(-4.326723441495,247.44700020412,
    199.50468271207));
#660 = DIRECTION('',(6.199149321495E-07,-1.,3.579470398714E-07));
#661 = DIRECTION('',(1.560656375421E-13,-3.579470398714E-07,-1.));
#662 = ORIENTED_EDGE('',*,*,#623,.F.);
#663 = ORIENTED_EDGE('',*,*,#431,.T.);
#664 = CONICAL_SURFACE('',#665,3.3,0.785398163397);
#665 = AXIS2_PLACEMENT_3D('',#666,#667,#668);
#666 = CARTESIAN_POINT('',(-4.326723317512,247.24700020412,
    199.50468278366));
#667 = DIRECTION('',(-6.199149318871E-07,1.,-3.579470053692E-07));
#668 = DIRECTION('',(1.560656161536E-13,-3.579470053691E-07,-1.));
#669 = ADVANCED_FACE('',(#670),#688,.T.);
#670 = FACE_BOUND('',#671,.T.);
#671 = EDGE_LOOP('',(#672,#680,#686,#687));
#672 = ORIENTED_EDGE('',*,*,#673,.T.);
#673 = EDGE_CURVE('',#415,#674,#676,.T.);
#674 = VERTEX_POINT('',#675);
#675 = CARTESIAN_POINT('',(-12.12443202238,247.44699411739,
    196.00468271207));
#676 = LINE('',#677,#678);
#677 = CARTESIAN_POINT('',(-12.12443177441,247.04699426057,
    196.40468285525));
#678 = VECTOR('',#679,1.);
#679 = DIRECTION('',(-4.383459412087E-07,0.70710652808,-0.707107034293)
  );
#680 = ORIENTED_EDGE('',*,*,#681,.T.);
#681 = EDGE_CURVE('',#674,#649,#682,.T.);
#682 = LINE('',#683,#684);
#683 = CARTESIAN_POINT('',(-8.874432022381,247.44699613212,
    196.00468271207));
#684 = VECTOR('',#685,1.);
#685 = DIRECTION('',(1.,6.199149321495E-07,-6.578589902941E-14));
#686 = ORIENTED_EDGE('',*,*,#648,.F.);
#687 = ORIENTED_EDGE('',*,*,#423,.T.);
#688 = PLANE('',#689);
#689 = AXIS2_PLACEMENT_3D('',#690,#691,#692);
#690 = CARTESIAN_POINT('',(-8.874431898398,247.2469962037,
    196.20468278366));
#691 = DIRECTION('',(4.383461626687E-07,-0.707107034293,-0.70710652808)
  );
#692 = DIRECTION('',(-1.,-1.588186776102E-22,-6.19915310157E-07));
#693 = ADVANCED_FACE('',(#694),#713,.F.);
#694 = FACE_BOUND('',#695,.F.);
#695 = EDGE_LOOP('',(#696,#697,#698,#707));
#696 = ORIENTED_EDGE('',*,*,#414,.F.);
#697 = ORIENTED_EDGE('',*,*,#673,.T.);
#698 = ORIENTED_EDGE('',*,*,#699,.F.);
#699 = EDGE_CURVE('',#700,#674,#702,.T.);
#700 = VERTEX_POINT('',#701);
#701 = CARTESIAN_POINT('',(-13.12443202238,247.44699313953,
    195.00468271207));
#702 = CIRCLE('',#703,1.);
#703 = AXIS2_PLACEMENT_3D('',#704,#705,#706);
#704 = CARTESIAN_POINT('',(-12.12443202238,247.44699375944,
    195.00468271207));
#705 = DIRECTION('',(-6.199149321495E-07,1.,-3.579470398714E-07));
#706 = DIRECTION('',(-0.707106781187,-1.85239273083E-07,0.707106781187)
  );
#707 = ORIENTED_EDGE('',*,*,#708,.F.);
#708 = EDGE_CURVE('',#407,#700,#709,.T.);
#709 = LINE('',#710,#711);
#710 = CARTESIAN_POINT('',(-13.52443177441,247.04699289156,
    195.00468285525));
#711 = VECTOR('',#712,1.);
#712 = DIRECTION('',(0.70710634284,0.707107219532,-2.531068176058E-07));
#713 = CONICAL_SURFACE('',#714,1.2,0.785398163397);
#714 = AXIS2_PLACEMENT_3D('',#715,#716,#717);
#715 = CARTESIAN_POINT('',(-12.12443189839,247.24699375944,
    195.00468278366));
#716 = DIRECTION('',(6.199149304998E-07,-1.,3.579470053694E-07));
#717 = DIRECTION('',(-0.707106781187,-1.852392963131E-07,0.707106781187)
  );
#718 = ADVANCED_FACE('',(#719),#745,.T.);
#719 = FACE_BOUND('',#720,.T.);
#720 = EDGE_LOOP('',(#721,#731,#737,#738,#739));
#721 = ORIENTED_EDGE('',*,*,#722,.T.);
#722 = EDGE_CURVE('',#723,#725,#727,.T.);
#723 = VERTEX_POINT('',#724);
#724 = CARTESIAN_POINT('',(-13.32443189839,247.24699251442,
    193.60468278366));
#725 = VERTEX_POINT('',#726);
#726 = CARTESIAN_POINT('',(-13.12443202238,247.44699270999,
    193.80468271207));
#727 = LINE('',#728,#729);
#728 = CARTESIAN_POINT('',(-12.69109895767,247.88032646707,
    194.23801589029));
#729 = VECTOR('',#730,1.);
#730 = DIRECTION('',(0.577349911281,0.577350833758,0.577350062529));
#731 = ORIENTED_EDGE('',*,*,#732,.T.);
#732 = EDGE_CURVE('',#725,#700,#733,.T.);
#733 = LINE('',#734,#735);
#734 = CARTESIAN_POINT('',(-13.12443202238,247.44699407019,
    197.60468271207));
#735 = VECTOR('',#736,1.);
#736 = DIRECTION('',(-1.282698385189E-13,3.579470398714E-07,1.));
#737 = ORIENTED_EDGE('',*,*,#708,.F.);
#738 = ORIENTED_EDGE('',*,*,#406,.T.);
#739 = ORIENTED_EDGE('',*,*,#740,.T.);
#740 = EDGE_CURVE('',#399,#723,#741,.T.);
#741 = LINE('',#742,#743);
#742 = CARTESIAN_POINT('',(-14.29109796581,246.28032559452,
    194.57134979634));
#743 = VECTOR('',#744,1.);
#744 = DIRECTION('',(0.577349911282,0.577350420437,-0.57735047585));
#745 = PLANE('',#746);
#746 = AXIS2_PLACEMENT_3D('',#747,#748,#749);
#747 = CARTESIAN_POINT('',(-13.32443189839,247.24699394621,
    197.60468278366));
#748 = DIRECTION('',(0.707107219532,-0.70710634284,2.531067129945E-07));
#749 = DIRECTION('',(3.579467243481E-07,-7.940933880509E-23,-1.));
#750 = ADVANCED_FACE('',(#751),#785,.T.);
#751 = FACE_BOUND('',#752,.T.);
#752 = EDGE_LOOP('',(#753,#754,#762,#771,#779));
#753 = ORIENTED_EDGE('',*,*,#527,.F.);
#754 = ORIENTED_EDGE('',*,*,#755,.F.);
#755 = EDGE_CURVE('',#756,#520,#758,.T.);
#756 = VERTEX_POINT('',#757);
#757 = CARTESIAN_POINT('',(-30.75464699892,291.30666925573,
    195.67148888479));
#758 = LINE('',#759,#760);
#759 = CARTESIAN_POINT('',(-30.75461956168,247.046982449,195.67150472742
    ));
#760 = VECTOR('',#761,1.);
#761 = DIRECTION('',(6.199149321429E-07,-1.,3.57947040186E-07));
#762 = ORIENTED_EDGE('',*,*,#763,.F.);
#763 = EDGE_CURVE('',#764,#756,#766,.T.);
#764 = VERTEX_POINT('',#765);
#765 = CARTESIAN_POINT('',(-30.62866558507,293.04698243664,
    195.41880470504));
#766 = B_SPLINE_CURVE_WITH_KNOTS('',3,(#767,#768,#769,#770),
  .UNSPECIFIED.,.F.,.F.,(4,4),(0.,0.177009526786),
  .PIECEWISE_BEZIER_KNOTS.);
#767 = CARTESIAN_POINT('',(-30.62866558507,293.04698243664,
    195.41880470504));
#768 = CARTESIAN_POINT('',(-30.70878109237,292.48493433841,
    195.5794935777));
#769 = CARTESIAN_POINT('',(-30.75464736469,291.89670101168,
    195.67148867359));
#770 = CARTESIAN_POINT('',(-30.75464699892,291.30666925573,
    195.67148888479));
#771 = ORIENTED_EDGE('',*,*,#772,.F.);
#772 = EDGE_CURVE('',#773,#764,#775,.T.);
#773 = VERTEX_POINT('',#774);
#774 = CARTESIAN_POINT('',(-29.80293841568,293.0469823557,
    193.76264063294));
#775 = LINE('',#776,#777);
#776 = CARTESIAN_POINT('',(-29.93634331079,293.04698236878,
    194.03021133002));
#777 = VECTOR('',#778,1.);
#778 = DIRECTION('',(-0.446195312969,4.373641463825E-08,0.894935608122)
  );
#779 = ORIENTED_EDGE('',*,*,#780,.F.);
#780 = EDGE_CURVE('',#528,#773,#781,.T.);
#781 = LINE('',#782,#783);
#782 = CARTESIAN_POINT('',(-29.80290989959,247.04698235571,
    193.7626570985));
#783 = VECTOR('',#784,1.);
#784 = DIRECTION('',(-6.199149321429E-07,1.,-3.57947040186E-07));
#785 = PLANE('',#786);
#786 = AXIS2_PLACEMENT_3D('',#787,#788,#789);
#787 = CARTESIAN_POINT('',(-30.42079280367,247.04698241628,
    195.00194715026));
#788 = DIRECTION('',(-0.894935608122,-7.144982384032E-07,-0.446195312969
    ));
#789 = DIRECTION('',(-0.446195312969,-5.293955920339E-23,0.894935608122)
  );
#790 = ADVANCED_FACE('',(#791),#810,.T.);
#791 = FACE_BOUND('',#792,.T.);
#792 = EDGE_LOOP('',(#793,#794,#802,#809));
#793 = ORIENTED_EDGE('',*,*,#557,.F.);
#794 = ORIENTED_EDGE('',*,*,#795,.T.);
#795 = EDGE_CURVE('',#550,#796,#798,.T.);
#796 = VERTEX_POINT('',#797);
#797 = CARTESIAN_POINT('',(-30.4905351128,291.30667003227,
    197.38351258882));
#798 = LINE('',#799,#800);
#799 = CARTESIAN_POINT('',(-30.49050767556,247.04698322554,
    197.38352843144));
#800 = VECTOR('',#801,1.);
#801 = DIRECTION('',(-6.199149321429E-07,1.,-3.57947040186E-07));
#802 = ORIENTED_EDGE('',*,*,#803,.T.);
#803 = EDGE_CURVE('',#796,#756,#804,.T.);
#804 = CIRCLE('',#805,1.5);
#805 = AXIS2_PLACEMENT_3D('',#806,#807,#808);
#806 = CARTESIAN_POINT('',(-29.41224358674,291.30667032748,
    196.34078185425));
#807 = DIRECTION('',(6.199149371856E-07,-1.,3.579470166872E-07));
#808 = DIRECTION('',(-0.718861017376,-1.96804445333E-07,0.695153823048)
  );
#809 = ORIENTED_EDGE('',*,*,#755,.T.);
#810 = CYLINDRICAL_SURFACE('',#811,1.5);
#811 = AXIS2_PLACEMENT_3D('',#812,#813,#814);
#812 = CARTESIAN_POINT('',(-29.4122161495,247.04698352075,
    196.34079769687));
#813 = DIRECTION('',(-6.199149321429E-07,1.,-3.57947040186E-07));
#814 = DIRECTION('',(-0.988308833153,-5.580929207904E-07,0.152465242963)
  );
#815 = ADVANCED_FACE('',(#816),#835,.T.);
#816 = FACE_BOUND('',#817,.T.);
#817 = EDGE_LOOP('',(#818,#819,#827,#834));
#818 = ORIENTED_EDGE('',*,*,#582,.F.);
#819 = ORIENTED_EDGE('',*,*,#820,.T.);
#820 = EDGE_CURVE('',#575,#821,#823,.T.);
#821 = VERTEX_POINT('',#822);
#822 = CARTESIAN_POINT('',(-12.51900043946,276.40309302783,
    205.00467234732));
#823 = LINE('',#824,#825);
#824 = CARTESIAN_POINT('',(-12.51898224117,247.04699709433,
    205.00468285525));
#825 = VECTOR('',#826,1.);
#826 = DIRECTION('',(-6.199149321429E-07,1.,-3.57947040186E-07));
#827 = ORIENTED_EDGE('',*,*,#828,.F.);
#828 = EDGE_CURVE('',#796,#821,#829,.T.);
#829 = ELLIPSE('',#830,54.910139835828,25.);
#830 = AXIS2_PLACEMENT_3D('',#831,#832,#833);
#831 = CARTESIAN_POINT('',(-12.51903074641,325.29197296803,
    180.00465484769));
#832 = DIRECTION('',(-2.822407880442E-07,0.455289634562,0.890343388059)
  );
#833 = DIRECTION('',(5.519371896107E-07,-0.890343388059,0.455289634563)
  );
#834 = ORIENTED_EDGE('',*,*,#795,.F.);
#835 = CYLINDRICAL_SURFACE('',#836,25.);
#836 = AXIS2_PLACEMENT_3D('',#837,#838,#839);
#837 = CARTESIAN_POINT('',(-12.51898224117,247.04698814565,
    180.00468285525));
#838 = DIRECTION('',(-6.199149321429E-07,1.,-3.57947040186E-07));
#839 = DIRECTION('',(-0.844217981329,-3.3148371907E-07,0.536));
#840 = ADVANCED_FACE('',(#841),#859,.T.);
#841 = FACE_BOUND('',#842,.T.);
#842 = EDGE_LOOP('',(#843,#844,#852,#858));
#843 = ORIENTED_EDGE('',*,*,#609,.F.);
#844 = ORIENTED_EDGE('',*,*,#845,.T.);
#845 = EDGE_CURVE('',#602,#846,#848,.T.);
#846 = VERTEX_POINT('',#847);
#847 = CARTESIAN_POINT('',(-11.22601671607,276.40309382937,
    205.00467234732));
#848 = LINE('',#849,#850);
#849 = CARTESIAN_POINT('',(-11.22599851779,247.04699789587,
    205.00468285525));
#850 = VECTOR('',#851,1.);
#851 = DIRECTION('',(-6.199149321429E-07,1.,-3.57947040186E-07));
#852 = ORIENTED_EDGE('',*,*,#853,.F.);
#853 = EDGE_CURVE('',#821,#846,#854,.T.);
#854 = LINE('',#855,#856);
#855 = CARTESIAN_POINT('',(-29.49944997269,276.4030825014,
    205.00467234732));
#856 = VECTOR('',#857,1.);
#857 = DIRECTION('',(1.,6.199149321495E-07,-6.255615932141E-14));
#858 = ORIENTED_EDGE('',*,*,#820,.F.);
#859 = PLANE('',#860);
#860 = AXIS2_PLACEMENT_3D('',#861,#862,#863);
#861 = CARTESIAN_POINT('',(-33.62443177441,247.04698401074,
    205.00468285525));
#862 = DIRECTION('',(-1.593405558086E-13,3.57947040186E-07,1.));
#863 = DIRECTION('',(1.,6.199149321495E-07,-6.255615932141E-14));
#864 = ADVANCED_FACE('',(#865),#884,.T.);
#865 = FACE_BOUND('',#866,.T.);
#866 = EDGE_LOOP('',(#867,#868,#876,#883));
#867 = ORIENTED_EDGE('',*,*,#631,.F.);
#868 = ORIENTED_EDGE('',*,*,#869,.F.);
#869 = EDGE_CURVE('',#870,#624,#872,.T.);
#870 = VERTEX_POINT('',#871);
#871 = CARTESIAN_POINT('',(-2.454847847971,281.01980808961,
    202.46203503587));
#872 = LINE('',#873,#874);
#873 = CARTESIAN_POINT('',(-2.454826787721,247.04700242312,
    202.46204719633));
#874 = VECTOR('',#875,1.);
#875 = DIRECTION('',(6.199149448621E-07,-1.,3.579470383589E-07));
#876 = ORIENTED_EDGE('',*,*,#877,.F.);
#877 = EDGE_CURVE('',#846,#870,#878,.T.);
#878 = ELLIPSE('',#879,33.99523568653,16.4);
#879 = AXIS2_PLACEMENT_3D('',#880,#881,#882);
#880 = CARTESIAN_POINT('',(-11.22603517576,306.18086573681,
    188.60466168846));
#881 = DIRECTION('',(-2.990598366953E-07,0.482420854795,0.875939563474)
  );
#882 = DIRECTION('',(5.430080320986E-07,-0.875939563474,0.482420854795)
  );
#883 = ORIENTED_EDGE('',*,*,#845,.F.);
#884 = CYLINDRICAL_SURFACE('',#885,16.4);
#885 = AXIS2_PLACEMENT_3D('',#886,#887,#888);
#886 = CARTESIAN_POINT('',(-11.22599851778,247.04699202554,
    188.60468285525));
#887 = DIRECTION('',(-6.199149321429E-07,1.,-3.57947040186E-07));
#888 = DIRECTION('',(-1.865200955312E-13,3.579470401859E-07,1.));
#889 = ADVANCED_FACE('',(#890),#909,.T.);
#890 = FACE_BOUND('',#891,.T.);
#891 = EDGE_LOOP('',(#892,#893,#901,#908));
#892 = ORIENTED_EDGE('',*,*,#656,.F.);
#893 = ORIENTED_EDGE('',*,*,#894,.T.);
#894 = EDGE_CURVE('',#649,#895,#897,.T.);
#895 = VERTEX_POINT('',#896);
#896 = CARTESIAN_POINT('',(-4.326745524577,283.06976155148,
    196.00466996101));
#897 = LINE('',#898,#899);
#898 = CARTESIAN_POINT('',(-4.326723193528,247.04699895131,
    196.00468285525));
#899 = VECTOR('',#900,1.);
#900 = DIRECTION('',(-6.199149448621E-07,1.,-3.579470383589E-07));
#901 = ORIENTED_EDGE('',*,*,#902,.F.);
#902 = EDGE_CURVE('',#870,#895,#903,.T.);
#903 = ELLIPSE('',#904,3.672133971036,3.5);
#904 = AXIS2_PLACEMENT_3D('',#905,#906,#907);
#905 = CARTESIAN_POINT('',(-4.326744835783,281.95865169318,
    199.50467035873));
#906 = DIRECTION('',(-5.908560266995E-07,0.953124375452,0.302578791259)
  );
#907 = DIRECTION('',(-1.875731769959E-07,0.302578791259,-0.953124375452)
  );
#908 = ORIENTED_EDGE('',*,*,#869,.T.);
#909 = CYLINDRICAL_SURFACE('',#910,3.5);
#910 = AXIS2_PLACEMENT_3D('',#911,#912,#913);
#911 = CARTESIAN_POINT('',(-4.326723193529,247.04700020412,
    199.50468285525));
#912 = DIRECTION('',(6.199149448621E-07,-1.,3.579470383589E-07));
#913 = DIRECTION('',(-1.560656366045E-13,3.579470383589E-07,1.));
#914 = ADVANCED_FACE('',(#915),#933,.T.);
#915 = FACE_BOUND('',#916,.T.);
#916 = EDGE_LOOP('',(#917,#918,#926,#932));
#917 = ORIENTED_EDGE('',*,*,#681,.F.);
#918 = ORIENTED_EDGE('',*,*,#919,.F.);
#919 = EDGE_CURVE('',#920,#674,#922,.T.);
#920 = VERTEX_POINT('',#921);
#921 = CARTESIAN_POINT('',(-12.12445410546,283.06975671756,
    196.00466996101));
#922 = LINE('',#923,#924);
#923 = CARTESIAN_POINT('',(-12.12443177441,247.04699411739,
    196.00468285525));
#924 = VECTOR('',#925,1.);
#925 = DIRECTION('',(6.199149321429E-07,-1.,3.57947040186E-07));
#926 = ORIENTED_EDGE('',*,*,#927,.F.);
#927 = EDGE_CURVE('',#895,#920,#928,.T.);
#928 = LINE('',#929,#930);
#929 = CARTESIAN_POINT('',(-12.99945410546,283.06975617514,
    196.00466996101));
#930 = VECTOR('',#931,1.);
#931 = DIRECTION('',(-1.,-6.199149393267E-07,6.578590159846E-14));
#932 = ORIENTED_EDGE('',*,*,#894,.F.);
#933 = PLANE('',#934);
#934 = AXIS2_PLACEMENT_3D('',#935,#936,#937);
#935 = CARTESIAN_POINT('',(-0.624431774417,247.04700124641,
    196.00468285525));
#936 = DIRECTION('',(1.561108161006E-13,-3.57947040186E-07,-1.));
#937 = DIRECTION('',(-1.,-6.199149321495E-07,6.578589902941E-14));
#938 = ADVANCED_FACE('',(#939),#958,.F.);
#939 = FACE_BOUND('',#940,.F.);
#940 = EDGE_LOOP('',(#941,#942,#951,#957));
#941 = ORIENTED_EDGE('',*,*,#919,.F.);
#942 = ORIENTED_EDGE('',*,*,#943,.T.);
#943 = EDGE_CURVE('',#920,#944,#946,.T.);
#944 = VERTEX_POINT('',#945);
#945 = CARTESIAN_POINT('',(-13.12445410546,283.0697557397,
    195.00466996101));
#946 = CIRCLE('',#947,1.);
#947 = AXIS2_PLACEMENT_3D('',#948,#949,#950);
#948 = CARTESIAN_POINT('',(-12.12445410546,283.06975635961,
    195.00466996101));
#949 = DIRECTION('',(6.199149282795E-07,-1.,3.57947023133E-07));
#950 = DIRECTION('',(-1.287858708565E-13,3.57947023133E-07,1.));
#951 = ORIENTED_EDGE('',*,*,#952,.F.);
#952 = EDGE_CURVE('',#700,#944,#953,.T.);
#953 = LINE('',#954,#955);
#954 = CARTESIAN_POINT('',(-13.12443177441,247.04699313953,
    195.00468285525));
#955 = VECTOR('',#956,1.);
#956 = DIRECTION('',(-6.199149321429E-07,1.,-3.57947040186E-07));
#957 = ORIENTED_EDGE('',*,*,#699,.T.);
#958 = CYLINDRICAL_SURFACE('',#959,1.);
#959 = AXIS2_PLACEMENT_3D('',#960,#961,#962);
#960 = CARTESIAN_POINT('',(-12.12443177441,247.04699375944,
    195.00468285525));
#961 = DIRECTION('',(-6.199149321429E-07,1.,-3.57947040186E-07));
#962 = DIRECTION('',(-0.707106781187,-1.852392728559E-07,0.707106781187)
  );
#963 = ADVANCED_FACE('',(#964),#999,.T.);
#964 = FACE_BOUND('',#965,.T.);
#965 = EDGE_LOOP('',(#966,#967,#975,#983,#991,#998));
#966 = ORIENTED_EDGE('',*,*,#732,.F.);
#967 = ORIENTED_EDGE('',*,*,#968,.F.);
#968 = EDGE_CURVE('',#969,#725,#971,.T.);
#969 = VERTEX_POINT('',#970);
#970 = CARTESIAN_POINT('',(-13.1244602905,293.04699270998,
    193.80466638969));
#971 = LINE('',#972,#973);
#972 = CARTESIAN_POINT('',(-13.12443177441,247.04699270999,
    193.80468285525));
#973 = VECTOR('',#974,1.);
#974 = DIRECTION('',(6.199149321429E-07,-1.,3.57947040186E-07));
#975 = ORIENTED_EDGE('',*,*,#976,.F.);
#976 = EDGE_CURVE('',#977,#969,#979,.T.);
#977 = VERTEX_POINT('',#978);
#978 = CARTESIAN_POINT('',(-13.1244602905,293.04699355299,
    196.15978797473));
#979 = LINE('',#980,#981);
#980 = CARTESIAN_POINT('',(-13.1244602905,293.04699407018,
    197.60466638969));
#981 = VECTOR('',#982,1.);
#982 = DIRECTION('',(1.282698385189E-13,-3.579470398714E-07,-1.));
#983 = ORIENTED_EDGE('',*,*,#984,.F.);
#984 = EDGE_CURVE('',#985,#977,#987,.T.);
#985 = VERTEX_POINT('',#986);
#986 = CARTESIAN_POINT('',(-13.12445658329,287.06679957595,
    198.85087783846));
#987 = LINE('',#988,#989);
#988 = CARTESIAN_POINT('',(-13.12444640095,270.64142935599,
    206.24230150744));
#989 = VECTOR('',#990,1.);
#990 = DIRECTION('',(-5.653137053628E-07,0.911921358286,-0.410365003748)
  );
#991 = ORIENTED_EDGE('',*,*,#992,.F.);
#992 = EDGE_CURVE('',#944,#985,#993,.T.);
#993 = CIRCLE('',#994,4.);
#994 = AXIS2_PLACEMENT_3D('',#995,#996,#997);
#995 = CARTESIAN_POINT('',(-13.12445410546,283.06975717149,
    199.00466996101));
#996 = DIRECTION('',(1.,6.199149321429E-07,-9.362687639849E-14));
#997 = DIRECTION('',(-4.598611752431E-07,0.741813253097,-0.670606514679)
  );
#998 = ORIENTED_EDGE('',*,*,#952,.F.);
#999 = PLANE('',#1000);
#1000 = AXIS2_PLACEMENT_3D('',#1001,#1002,#1003);
#1001 = CARTESIAN_POINT('',(-13.12443177441,247.04699349748,
    196.00468285525));
#1002 = DIRECTION('',(1.,6.199149321429E-07,-9.362687641378E-14));
#1003 = DIRECTION('',(1.282698385189E-13,-3.579470398714E-07,-1.));
#1004 = ADVANCED_FACE('',(#1005),#1022,.T.);
#1005 = FACE_BOUND('',#1006,.T.);
#1006 = EDGE_LOOP('',(#1007,#1008,#1014,#1015,#1021));
#1007 = ORIENTED_EDGE('',*,*,#722,.F.);
#1008 = ORIENTED_EDGE('',*,*,#1009,.F.);
#1009 = EDGE_CURVE('',#219,#723,#1010,.T.);
#1010 = LINE('',#1011,#1012);
#1011 = CARTESIAN_POINT('',(-13.52443202238,247.44699231885,
    193.40468271207));
#1012 = VECTOR('',#1013,1.);
#1013 = DIRECTION('',(0.577350627097,-0.577349704621,0.57735047585));
#1014 = ORIENTED_EDGE('',*,*,#271,.T.);
#1015 = ORIENTED_EDGE('',*,*,#1016,.T.);
#1016 = EDGE_CURVE('',#263,#969,#1017,.T.);
#1017 = LINE('',#1018,#1019);
#1018 = CARTESIAN_POINT('',(-13.5244602905,293.04699231884,
    193.40466638969));
#1019 = VECTOR('',#1020,1.);
#1020 = DIRECTION('',(0.707106781186,6.914528294686E-07,0.707106781186)
  );
#1021 = ORIENTED_EDGE('',*,*,#968,.T.);
#1022 = PLANE('',#1023);
#1023 = AXIS2_PLACEMENT_3D('',#1024,#1025,#1026);
#1024 = CARTESIAN_POINT('',(-13.32443177441,247.04699251442,
    193.60468285525));
#1025 = DIRECTION('',(0.707106781187,1.852392728559E-07,-0.707106781187)
  );
#1026 = DIRECTION('',(-0.707106781187,1.323488980085E-23,-0.707106781187
    ));
#1027 = ADVANCED_FACE('',(#1028),#1041,.T.);
#1028 = FACE_BOUND('',#1029,.T.);
#1029 = EDGE_LOOP('',(#1030,#1031,#1037,#1038,#1039,#1040));
#1030 = ORIENTED_EDGE('',*,*,#510,.F.);
#1031 = ORIENTED_EDGE('',*,*,#1032,.T.);
#1032 = EDGE_CURVE('',#511,#217,#1033,.T.);
#1033 = LINE('',#1034,#1035);
#1034 = CARTESIAN_POINT('',(-29.80290992565,247.08900811246,
    193.76265708346));
#1035 = VECTOR('',#1036,1.);
#1036 = DIRECTION('',(0.752522463208,0.465676962257,-0.465676829132));
#1037 = ORIENTED_EDGE('',*,*,#216,.T.);
#1038 = ORIENTED_EDGE('',*,*,#1009,.T.);
#1039 = ORIENTED_EDGE('',*,*,#740,.F.);
#1040 = ORIENTED_EDGE('',*,*,#398,.T.);
#1041 = PLANE('',#1042);
#1042 = AXIS2_PLACEMENT_3D('',#1043,#1044,#1045);
#1043 = CARTESIAN_POINT('',(-15.12443189839,247.24699139857,
    193.60468278366));
#1044 = DIRECTION('',(4.383461810502E-07,-0.707107034293,-0.70710652808)
  );
#1045 = DIRECTION('',(-1.,-5.293955920339E-23,-6.199153361525E-07));
#1046 = ADVANCED_FACE('',(#1047),#1059,.T.);
#1047 = FACE_BOUND('',#1048,.T.);
#1048 = EDGE_LOOP('',(#1049,#1050,#1051,#1057,#1058));
#1049 = ORIENTED_EDGE('',*,*,#535,.F.);
#1050 = ORIENTED_EDGE('',*,*,#780,.T.);
#1051 = ORIENTED_EDGE('',*,*,#1052,.T.);
#1052 = EDGE_CURVE('',#773,#227,#1053,.T.);
#1053 = LINE('',#1054,#1055);
#1054 = CARTESIAN_POINT('',(-29.80293841568,293.0469823557,
    193.76264063294));
#1055 = VECTOR('',#1056,1.);
#1056 = DIRECTION('',(0.850351489964,3.387884242592E-07,-0.526215111447)
  );
#1057 = ORIENTED_EDGE('',*,*,#226,.T.);
#1058 = ORIENTED_EDGE('',*,*,#1032,.F.);
#1059 = PLANE('',#1060);
#1060 = AXIS2_PLACEMENT_3D('',#1061,#1062,#1063);
#1061 = CARTESIAN_POINT('',(-29.513670837,247.04698247095,
    193.58366997688));
#1062 = DIRECTION('',(-0.526215111447,-6.305894040559E-07,
    -0.850351489964));
#1063 = DIRECTION('',(-0.850351489964,3.705769144238E-22,0.526215111447)
  );
#1064 = ADVANCED_FACE('',(#1065),#1086,.T.);
#1065 = FACE_BOUND('',#1066,.T.);
#1066 = EDGE_LOOP('',(#1067,#1075,#1076,#1077));
#1067 = ORIENTED_EDGE('',*,*,#1068,.T.);
#1068 = EDGE_CURVE('',#1069,#235,#1071,.T.);
#1069 = VERTEX_POINT('',#1070);
#1070 = CARTESIAN_POINT('',(-25.35428883115,297.04698512852,
    193.80464515473));
#1071 = LINE('',#1072,#1073);
#1072 = CARTESIAN_POINT('',(-25.35428883115,297.04698512852,
    193.80464515473));
#1073 = VECTOR('',#1074,1.);
#1074 = DIRECTION('',(2.83580908294E-02,-0.710050315013,-0.703579681937)
  );
#1075 = ORIENTED_EDGE('',*,*,#234,.T.);
#1076 = ORIENTED_EDGE('',*,*,#1052,.F.);
#1077 = ORIENTED_EDGE('',*,*,#1078,.T.);
#1078 = EDGE_CURVE('',#773,#1069,#1079,.T.);
#1079 = B_SPLINE_CURVE_WITH_KNOTS('',3,(#1080,#1081,#1082,#1083,#1084,
    #1085),.UNSPECIFIED.,.F.,.F.,(4,1,1,4),(-6.612904676791E-15,
    0.436057074216,0.872114148431,1.526199759754),.UNSPECIFIED.);
#1080 = CARTESIAN_POINT('',(-29.80293841568,293.0469823557,
    193.76264063294));
#1081 = CARTESIAN_POINT('',(-29.80293879408,293.65737959015,
    193.76264041445));
#1082 = CARTESIAN_POINT('',(-29.4861111642,294.87510853419,
    193.76897838642));
#1083 = CARTESIAN_POINT('',(-27.96904145306,296.54996218095,
    193.79284543772));
#1084 = CARTESIAN_POINT('',(-26.33014959177,297.04698452343,
    193.80425763707));
#1085 = CARTESIAN_POINT('',(-25.35428883115,297.04698512852,
    193.80464515473));
#1086 = B_SPLINE_SURFACE_WITH_KNOTS('',3,3,(
    (#1087,#1088,#1089,#1090,#1091,#1092)
    ,(#1093,#1094,#1095,#1096,#1097,#1098)
    ,(#1099,#1100,#1101,#1102,#1103,#1104)
    ,(#1105,#1106,#1107,#1108,#1109,#1110
    )),.UNSPECIFIED.,.F.,.F.,.F.,(4,4),(4,1,1,4),(0.,1.),(
    -1.526199759754,-0.872114148431,-0.436057074216,6.612904676791E-15),
  .UNSPECIFIED.);
#1087 = CARTESIAN_POINT('',(-25.35428883115,297.04698512852,
    193.80464515473));
#1088 = CARTESIAN_POINT('',(-26.33014959177,297.04698452343,
    193.80425763707));
#1089 = CARTESIAN_POINT('',(-27.96904145306,296.54996218095,
    193.79284543772));
#1090 = CARTESIAN_POINT('',(-29.4861111642,294.87510853419,
    193.76897838642));
#1091 = CARTESIAN_POINT('',(-29.80293879408,293.65737959015,
    193.76264041445));
#1092 = CARTESIAN_POINT('',(-29.80293841568,293.0469823557,
    193.76264063294));
#1093 = CARTESIAN_POINT('',(-25.34891504007,296.91243227476,
    193.67131847062));
#1094 = CARTESIAN_POINT('',(-26.29799324564,296.90051015719,
    193.67106012977));
#1095 = CARTESIAN_POINT('',(-27.87782625531,296.39714625204,
    193.66345205845));
#1096 = CARTESIAN_POINT('',(-29.31379907727,294.78168886134,
    193.64754086949));
#1097 = CARTESIAN_POINT('',(-29.61011273293,293.62606152564,
    193.64331567791));
#1098 = CARTESIAN_POINT('',(-29.61011237395,293.04698243252,
    193.64331588519));
#1099 = CARTESIAN_POINT('',(-25.34354124899,296.77787942099,
    193.5379917865));
#1100 = CARTESIAN_POINT('',(-26.26583689952,296.75403579095,
    193.53786262248));
#1101 = CARTESIAN_POINT('',(-27.78661105757,296.24433032312,
    193.53405867918));
#1102 = CARTESIAN_POINT('',(-29.14148699033,294.68826918848,
    193.52610335256));
#1103 = CARTESIAN_POINT('',(-29.41728667179,293.59474346113,
    193.52399094137));
#1104 = CARTESIAN_POINT('',(-29.41728633222,293.04698250935,
    193.52399113744));
#1105 = CARTESIAN_POINT('',(-25.33816745791,296.64332656723,
    193.40466510239));
#1106 = CARTESIAN_POINT('',(-26.23368055339,296.60756142472,
    193.40466511519));
#1107 = CARTESIAN_POINT('',(-27.69539585983,296.09151439421,
    193.40466529991));
#1108 = CARTESIAN_POINT('',(-28.96917490339,294.59484951562,
    193.40466583563));
#1109 = CARTESIAN_POINT('',(-29.22446061064,293.56342539661,
    193.40466620483));
#1110 = CARTESIAN_POINT('',(-29.22446029049,293.04698258617,
    193.40466638969));
#1111 = ADVANCED_FACE('',(#1112),#1131,.T.);
#1112 = FACE_BOUND('',#1113,.T.);
#1113 = EDGE_LOOP('',(#1114,#1122,#1129,#1130));
#1114 = ORIENTED_EDGE('',*,*,#1115,.T.);
#1115 = EDGE_CURVE('',#255,#1116,#1118,.T.);
#1116 = VERTEX_POINT('',#1117);
#1117 = CARTESIAN_POINT('',(-17.12446277016,297.04699023032,
    193.8046649579));
#1118 = LINE('',#1119,#1120);
#1119 = CARTESIAN_POINT('',(-17.12446252219,296.64699008714,
    193.40466510108));
#1120 = VECTOR('',#1121,1.);
#1121 = DIRECTION('',(-4.383461806476E-07,0.707107034293,0.70710652808)
  );
#1122 = ORIENTED_EDGE('',*,*,#1123,.T.);
#1123 = EDGE_CURVE('',#1116,#969,#1124,.T.);
#1124 = CIRCLE('',#1125,4.);
#1125 = AXIS2_PLACEMENT_3D('',#1126,#1127,#1128);
#1126 = CARTESIAN_POINT('',(-17.1244602905,293.04699023032,
    193.80466638969));
#1127 = DIRECTION('',(1.821062820663E-13,-3.579470401859E-07,-1.));
#1128 = DIRECTION('',(0.70710634284,0.707107219532,-2.531068075573E-07)
  );
#1129 = ORIENTED_EDGE('',*,*,#1016,.F.);
#1130 = ORIENTED_EDGE('',*,*,#262,.T.);
#1131 = CONICAL_SURFACE('',#1132,3.8,0.785398163397);
#1132 = AXIS2_PLACEMENT_3D('',#1133,#1134,#1135);
#1133 = CARTESIAN_POINT('',(-17.1244602905,293.04699015873,
    193.60466638969));
#1134 = DIRECTION('',(-1.83186799063E-13,3.579470053691E-07,1.));
#1135 = DIRECTION('',(0.70710634284,0.707107219532,-2.53106782174E-07));
#1136 = ADVANCED_FACE('',(#1137),#1155,.T.);
#1137 = FACE_BOUND('',#1138,.T.);
#1138 = EDGE_LOOP('',(#1139,#1147,#1153,#1154));
#1139 = ORIENTED_EDGE('',*,*,#1140,.T.);
#1140 = EDGE_CURVE('',#246,#1141,#1143,.T.);
#1141 = VERTEX_POINT('',#1142);
#1142 = CARTESIAN_POINT('',(-25.15486745659,297.04698525215,
    193.8046649579));
#1143 = LINE('',#1144,#1145);
#1144 = CARTESIAN_POINT('',(-25.15486720863,296.64698510897,
    193.40466510108));
#1145 = VECTOR('',#1146,1.);
#1146 = DIRECTION('',(-4.38346184573E-07,0.707107034293,0.70710652808));
#1147 = ORIENTED_EDGE('',*,*,#1148,.T.);
#1148 = EDGE_CURVE('',#1141,#1116,#1149,.T.);
#1149 = LINE('',#1150,#1151);
#1150 = CARTESIAN_POINT('',(-15.12446277016,297.04699147015,
    193.8046649579));
#1151 = VECTOR('',#1152,1.);
#1152 = DIRECTION('',(1.,6.199149321495E-07,-3.979043308696E-14));
#1153 = ORIENTED_EDGE('',*,*,#1115,.F.);
#1154 = ORIENTED_EDGE('',*,*,#254,.T.);
#1155 = PLANE('',#1156);
#1156 = AXIS2_PLACEMENT_3D('',#1157,#1158,#1159);
#1157 = CARTESIAN_POINT('',(-15.12446264617,296.84699139856,
    193.60466502949));
#1158 = DIRECTION('',(-4.383459235131E-07,0.70710652808,-0.707107034293)
  );
#1159 = DIRECTION('',(-1.,-1.058791184068E-22,6.199145281467E-07));
#1160 = ADVANCED_FACE('',(#1161),#1173,.T.);
#1161 = FACE_BOUND('',#1162,.T.);
#1162 = EDGE_LOOP('',(#1163,#1164,#1171,#1172));
#1163 = ORIENTED_EDGE('',*,*,#1068,.F.);
#1164 = ORIENTED_EDGE('',*,*,#1165,.T.);
#1165 = EDGE_CURVE('',#1069,#1141,#1166,.T.);
#1166 = B_SPLINE_CURVE_WITH_KNOTS('',3,(#1167,#1168,#1169,#1170),
  .UNSPECIFIED.,.F.,.F.,(4,4),(1.526199759747,1.570796326795),
  .PIECEWISE_BEZIER_KNOTS.);
#1167 = CARTESIAN_POINT('',(-25.35428883118,297.04698512852,
    193.80464515473));
#1168 = CARTESIAN_POINT('',(-25.28775313755,297.04698516978,
    193.80467157628));
#1169 = CARTESIAN_POINT('',(-25.22131032562,297.04698521096,
    193.8046649579));
#1170 = CARTESIAN_POINT('',(-25.15486745659,297.04698525215,
    193.8046649579));
#1171 = ORIENTED_EDGE('',*,*,#1140,.F.);
#1172 = ORIENTED_EDGE('',*,*,#245,.T.);
#1173 = B_SPLINE_SURFACE_WITH_KNOTS('',3,3,(
    (#1174,#1175,#1176,#1177)
    ,(#1178,#1179,#1180,#1181)
    ,(#1182,#1183,#1184,#1185)
    ,(#1186,#1187,#1188,#1189
    )),.UNSPECIFIED.,.F.,.F.,.F.,(4,4),(4,4),(0.,1.),(-1.570796326795,
    -1.526199759747),.PIECEWISE_BEZIER_KNOTS.);
#1174 = CARTESIAN_POINT('',(-25.15486745659,297.04698525215,
    193.8046649579));
#1175 = CARTESIAN_POINT('',(-25.22131032562,297.04698521096,
    193.8046649579));
#1176 = CARTESIAN_POINT('',(-25.28775313755,297.04698516978,
    193.80467157628));
#1177 = CARTESIAN_POINT('',(-25.35428883118,297.04698512852,
    193.80464515473));
#1178 = CARTESIAN_POINT('',(-25.15486737394,296.91365187109,
    193.67133167229));
#1179 = CARTESIAN_POINT('',(-25.21953641826,296.913651831,
    193.67133167229));
#1180 = CARTESIAN_POINT('',(-25.28420542243,296.91324514314,
    193.67133608469));
#1181 = CARTESIAN_POINT('',(-25.3489150401,296.91243227476,
    193.67131847062));
#1182 = CARTESIAN_POINT('',(-25.15486729128,296.78031849003,
    193.53799838668));
#1183 = CARTESIAN_POINT('',(-25.2177625109,296.78031845104,
    193.53799838668));
#1184 = CARTESIAN_POINT('',(-25.28065770732,296.77950511651,
    193.5380005931));
#1185 = CARTESIAN_POINT('',(-25.34354124902,296.77787942099,
    193.5379917865));
#1186 = CARTESIAN_POINT('',(-25.15486720863,296.64698510897,
    193.40466510108));
#1187 = CARTESIAN_POINT('',(-25.21598860354,296.64698507108,
    193.40466510108));
#1188 = CARTESIAN_POINT('',(-25.2771099922,296.64576508987,
    193.40466510151));
#1189 = CARTESIAN_POINT('',(-25.33816745794,296.64332656723,
    193.40466510239));
#1190 = ADVANCED_FACE('',(#1191),#1219,.T.);
#1191 = FACE_BOUND('',#1192,.T.);
#1192 = EDGE_LOOP('',(#1193,#1194,#1195,#1204,#1213));
#1193 = ORIENTED_EDGE('',*,*,#1078,.F.);
#1194 = ORIENTED_EDGE('',*,*,#772,.T.);
#1195 = ORIENTED_EDGE('',*,*,#1196,.F.);
#1196 = EDGE_CURVE('',#1197,#764,#1199,.T.);
#1197 = VERTEX_POINT('',#1198);
#1198 = CARTESIAN_POINT('',(-30.36822990882,294.10621872352,
    195.2164776224));
#1199 = B_SPLINE_CURVE_WITH_KNOTS('',3,(#1200,#1201,#1202,#1203),
  .UNSPECIFIED.,.F.,.F.,(4,4),(-7.348118583747E-02,-1.145056487515E-13),
  .PIECEWISE_BEZIER_KNOTS.);
#1200 = CARTESIAN_POINT('',(-30.36822990882,294.10621872352,
    195.2164776224));
#1201 = CARTESIAN_POINT('',(-30.50465504616,293.7845879045,
    195.2921577613));
#1202 = CARTESIAN_POINT('',(-30.59540767389,293.42029532411,
    195.35209859041));
#1203 = CARTESIAN_POINT('',(-30.62866558507,293.04698243664,
    195.41880470504));
#1204 = ORIENTED_EDGE('',*,*,#1205,.F.);
#1205 = EDGE_CURVE('',#1206,#1197,#1208,.T.);
#1206 = VERTEX_POINT('',#1207);
#1207 = CARTESIAN_POINT('',(-25.96761041174,297.04698518864,
    195.03478654294));
#1208 = ELLIPSE('',#1209,4.374226803376,4.);
#1209 = AXIS2_PLACEMENT_3D('',#1210,#1211,#1212);
#1210 = CARTESIAN_POINT('',(-26.52850831702,293.04698524362,
    196.15978797473));
#1211 = DIRECTION('',(-0.153008469569,0.287382160088,0.945515680623));
#1212 = DIRECTION('',(0.756791173018,0.649351606675,-7.489733873998E-02)
  );
#1213 = ORIENTED_EDGE('',*,*,#1214,.T.);
#1214 = EDGE_CURVE('',#1206,#1069,#1215,.T.);
#1215 = LINE('',#1216,#1217);
#1216 = CARTESIAN_POINT('',(-26.35660335796,297.04698522677,
    195.81499115011));
#1217 = VECTOR('',#1218,1.);
#1218 = DIRECTION('',(0.446195312969,-4.373641463825E-08,-0.894935608122
    ));
#1219 = CYLINDRICAL_SURFACE('',#1220,4.);
#1220 = AXIS2_PLACEMENT_3D('',#1221,#1222,#1223);
#1221 = CARTESIAN_POINT('',(-26.3566008783,293.04698522677,
    195.8149925819));
#1222 = DIRECTION('',(0.446195312969,-4.373641463825E-08,-0.894935608122
    ));
#1223 = DIRECTION('',(-0.632815475574,0.70710627596,-0.315507984641));
#1224 = ADVANCED_FACE('',(#1225),#1228,.F.);
#1225 = FACE_BOUND('',#1226,.T.);
#1226 = EDGE_LOOP('',(#1227));
#1227 = ORIENTED_EDGE('',*,*,#492,.F.);
#1228 = PLANE('',#1229);
#1229 = AXIS2_PLACEMENT_3D('',#1230,#1231,#1232);
#1230 = CARTESIAN_POINT('',(-4.824444172715,267.04700007455,
    200.00467569631));
#1231 = DIRECTION('',(-6.199149321495E-07,1.,-3.579470398714E-07));
#1232 = DIRECTION('',(-1.262177448354E-28,-3.579470398715E-07,-1.));
#1233 = ADVANCED_FACE('',(#1234),#1269,.T.);
#1234 = FACE_BOUND('',#1235,.T.);
#1235 = EDGE_LOOP('',(#1236,#1245,#1258));
#1236 = ORIENTED_EDGE('',*,*,#1237,.T.);
#1237 = EDGE_CURVE('',#1238,#985,#1240,.T.);
#1238 = VERTEX_POINT('',#1239);
#1239 = CARTESIAN_POINT('',(-12.12445596383,286.06753959475,
    198.8893258691));
#1240 = CIRCLE('',#1241,1.);
#1241 = AXIS2_PLACEMENT_3D('',#1242,#1243,#1244);
#1242 = CARTESIAN_POINT('',(-12.12445658329,287.06680019586,
    198.85087783846));
#1243 = DIRECTION('',(2.383436615148E-08,-3.84480306372E-02,
    -0.999260601115));
#1244 = DIRECTION('',(6.194565838058E-07,-0.999260601115,
    3.844803063721E-02));
#1245 = ORIENTED_EDGE('',*,*,#1246,.T.);
#1246 = EDGE_CURVE('',#985,#1247,#1249,.T.);
#1247 = VERTEX_POINT('',#1248);
#1248 = CARTESIAN_POINT('',(-14.62445486863,284.30085125286,
    201.74043403587));
#1249 = B_SPLINE_CURVE_WITH_KNOTS('',3,(#1250,#1251,#1252,#1253,#1254,
    #1255,#1256,#1257),.UNSPECIFIED.,.F.,.F.,(4,1,1,2,4),(
    -0.542557561027,-0.325534536616,-0.217023024411,0.,
    9.694661729928E-04),.UNSPECIFIED.);
#1250 = CARTESIAN_POINT('',(-13.12445658329,287.06679957595,
    198.85087783846));
#1251 = CARTESIAN_POINT('',(-13.12445653229,286.98453382613,
    199.32913228123));
#1252 = CARTESIAN_POINT('',(-13.36355331411,286.57282850327,
    200.07217943271));
#1253 = CARTESIAN_POINT('',(-13.94191907317,285.56387750412,
    201.04792075085));
#1254 = CARTESIAN_POINT('',(-14.35146030092,284.82523652067,
    201.50325311721));
#1255 = CARTESIAN_POINT('',(-14.62205055074,284.30547351285,
    201.7383539416));
#1256 = CARTESIAN_POINT('',(-14.62325239592,284.30316300892,
    201.73939374498));
#1257 = CARTESIAN_POINT('',(-14.62445486863,284.30085125286,
    201.74043403587));
#1258 = ORIENTED_EDGE('',*,*,#1259,.T.);
#1259 = EDGE_CURVE('',#1247,#1238,#1260,.T.);
#1260 = B_SPLINE_CURVE_WITH_KNOTS('',3,(#1261,#1262,#1263,#1264,#1265,
    #1266,#1267,#1268),.UNSPECIFIED.,.F.,.F.,(4,2,1,1,4),(
    -9.694661729928E-04,0.,0.217023024411,0.325534536616,0.542557561027)
  ,.UNSPECIFIED.);
#1261 = CARTESIAN_POINT('',(-14.62445486863,284.30085125286,
    201.74043403587));
#1262 = CARTESIAN_POINT('',(-14.62245074615,284.30258507057,
    201.73965381771));
#1263 = CARTESIAN_POINT('',(-14.62044766951,284.304317935,
    201.73887393359));
#1264 = CARTESIAN_POINT('',(-14.16946362431,284.69391444213,
    201.5620463102));
#1265 = CARTESIAN_POINT('',(-13.4868944774,285.22489137537,
    201.16942700196));
#1266 = CARTESIAN_POINT('',(-12.52295091178,285.88398705654,
    200.22069256116));
#1267 = CARTESIAN_POINT('',(-12.12445597676,286.08839986448,
    199.43148226367));
#1268 = CARTESIAN_POINT('',(-12.12445596383,286.06753959475,
    198.8893258691));
#1269 = B_SPLINE_SURFACE_WITH_KNOTS('',3,3,(
    (#1270,#1271,#1272,#1273,#1274,#1275,#1276,#1277)
    ,(#1278,#1279,#1280,#1281,#1282,#1283,#1284,#1285)
    ,(#1286,#1287,#1288,#1289,#1290,#1291,#1292,#1293)
    ,(#1294,#1295,#1296,#1297,#1298,#1299,#1300,#1301)
    ,(#1302,#1303,#1304,#1305,#1306,#1307,#1308,#1309
  )),.UNSPECIFIED.,.F.,.F.,.F.,(4,1,4),(4,2,1,1,4),(0.,0.571428571429,1.
    ),(-9.694661729928E-04,0.,0.217023024411,0.325534536616,
    0.542557561027),.UNSPECIFIED.);
#1270 = CARTESIAN_POINT('',(-14.62445486863,284.30085125286,
    201.74043403587));
#1271 = CARTESIAN_POINT('',(-14.62325239592,284.30316300892,
    201.73939374498));
#1272 = CARTESIAN_POINT('',(-14.62205055074,284.30547351285,
    201.7383539416));
#1273 = CARTESIAN_POINT('',(-14.35146030092,284.82523652067,
    201.50325311721));
#1274 = CARTESIAN_POINT('',(-13.94191907317,285.56387750412,
    201.04792075085));
#1275 = CARTESIAN_POINT('',(-13.36355331411,286.57282850327,
    200.07217943271));
#1276 = CARTESIAN_POINT('',(-13.12445653229,286.98453382613,
    199.32913228123));
#1277 = CARTESIAN_POINT('',(-13.12445658329,287.06679957595,
    198.85087783846));
#1278 = CARTESIAN_POINT('',(-14.62445486863,284.30085125286,
    201.74043403587));
#1279 = CARTESIAN_POINT('',(-14.62307856501,284.30306249263,
    201.73943722387));
#1280 = CARTESIAN_POINT('',(-14.62176662879,284.30524335923,
    201.7384578541));
#1281 = CARTESIAN_POINT('',(-14.31531275605,284.80096429013,
    201.51462929389));
#1282 = CARTESIAN_POINT('',(-13.85719885714,285.48833966002,
    201.04822252047));
#1283 = CARTESIAN_POINT('',(-13.26277716173,286.37992026675,
    200.02389279422));
#1284 = CARTESIAN_POINT('',(-13.08806103697,286.70463079905,
    199.28040586764));
#1285 = CARTESIAN_POINT('',(-13.12445639794,286.76782150323,
    198.86238146233));
#1286 = CARTESIAN_POINT('',(-14.62445486863,284.30085125286,
    201.74043403587));
#1287 = CARTESIAN_POINT('',(-14.62279774028,284.30288606349,
    201.73951779334));
#1288 = CARTESIAN_POINT('',(-14.62124575446,284.30484165216,
    201.73863675494));
#1289 = CARTESIAN_POINT('',(-14.25400361899,284.75833426828,
    201.53401105973));
#1290 = CARTESIAN_POINT('',(-13.70610501665,285.36652799373,
    201.07230517794));
#1291 = CARTESIAN_POINT('',(-12.9998006028,286.0779253482,
    200.01774576173));
#1292 = CARTESIAN_POINT('',(-12.81386185029,286.24724076215,
    199.26237404971));
#1293 = CARTESIAN_POINT('',(-12.87312252964,286.25044906986,
    198.88228813846));
#1294 = CARTESIAN_POINT('',(-14.62445486863,284.30085125286,
    201.74043403587));
#1295 = CARTESIAN_POINT('',(-14.62255412075,284.3026791256,
    201.7396107247));
#1296 = CARTESIAN_POINT('',(-14.62068782757,284.30447109916,
    201.73880490272));
#1297 = CARTESIAN_POINT('',(-14.19480077759,284.71359169844,
    201.55356450507));
#1298 = CARTESIAN_POINT('',(-13.55257334991,285.26465171978,
    201.13516828146));
#1299 = CARTESIAN_POINT('',(-12.66595153116,285.91890561274,
    200.14636479976));
#1300 = CARTESIAN_POINT('',(-12.33085046455,286.08892827764,
    199.37145357742));
#1301 = CARTESIAN_POINT('',(-12.34885543908,286.06753945564,
    198.8893258691));
#1302 = CARTESIAN_POINT('',(-14.62445486863,284.30085125286,
    201.74043403587));
#1303 = CARTESIAN_POINT('',(-14.62245074615,284.30258507057,
    201.73965381771));
#1304 = CARTESIAN_POINT('',(-14.62044766951,284.304317935,
    201.73887393359));
#1305 = CARTESIAN_POINT('',(-14.16946362431,284.69391444213,
    201.5620463102));
#1306 = CARTESIAN_POINT('',(-13.4868944774,285.22489137537,
    201.16942700196));
#1307 = CARTESIAN_POINT('',(-12.52295091178,285.88398705654,
    200.22069256116));
#1308 = CARTESIAN_POINT('',(-12.12445597676,286.08839986448,
    199.43148226367));
#1309 = CARTESIAN_POINT('',(-12.12445596383,286.06753959475,
    198.8893258691));
#1310 = ADVANCED_FACE('',(#1311),#1323,.F.);
#1311 = FACE_BOUND('',#1312,.F.);
#1312 = EDGE_LOOP('',(#1313,#1320,#1321,#1322));
#1313 = ORIENTED_EDGE('',*,*,#1314,.F.);
#1314 = EDGE_CURVE('',#1238,#920,#1315,.T.);
#1315 = CIRCLE('',#1316,3.);
#1316 = AXIS2_PLACEMENT_3D('',#1317,#1318,#1319);
#1317 = CARTESIAN_POINT('',(-12.12445410546,283.0697577914,
    199.00466996101));
#1318 = DIRECTION('',(-1.,-6.199149321429E-07,9.362687634555E-14));
#1319 = DIRECTION('',(-4.598611752431E-07,0.741813253097,-0.670606514679
    ));
#1320 = ORIENTED_EDGE('',*,*,#1237,.T.);
#1321 = ORIENTED_EDGE('',*,*,#992,.F.);
#1322 = ORIENTED_EDGE('',*,*,#943,.F.);
#1323 = TOROIDAL_SURFACE('',#1324,4.,1.);
#1324 = AXIS2_PLACEMENT_3D('',#1325,#1326,#1327);
#1325 = CARTESIAN_POINT('',(-12.12445410546,283.0697577914,
    199.00466996101));
#1326 = DIRECTION('',(-1.,-6.199149321429E-07,9.362687641378E-14));
#1327 = DIRECTION('',(9.36268764138E-14,-1.021401018697E-22,1.));
#1328 = ADVANCED_FACE('',(#1329),#1349,.T.);
#1329 = FACE_BOUND('',#1330,.T.);
#1330 = EDGE_LOOP('',(#1331,#1332,#1333,#1341,#1348));
#1331 = ORIENTED_EDGE('',*,*,#1314,.F.);
#1332 = ORIENTED_EDGE('',*,*,#1259,.F.);
#1333 = ORIENTED_EDGE('',*,*,#1334,.T.);
#1334 = EDGE_CURVE('',#1247,#1335,#1337,.T.);
#1335 = VERTEX_POINT('',#1336);
#1336 = CARTESIAN_POINT('',(-4.326746287751,284.30085763656,
    201.74043403587));
#1337 = LINE('',#1338,#1339);
#1338 = CARTESIAN_POINT('',(-12.99945486863,284.30085226022,
    201.74043403587));
#1339 = VECTOR('',#1340,1.);
#1340 = DIRECTION('',(1.,6.199149393267E-07,-6.578590155389E-14));
#1341 = ORIENTED_EDGE('',*,*,#1342,.F.);
#1342 = EDGE_CURVE('',#895,#1335,#1343,.T.);
#1343 = CIRCLE('',#1344,3.);
#1344 = AXIS2_PLACEMENT_3D('',#1345,#1346,#1347);
#1345 = CARTESIAN_POINT('',(-4.326745524577,283.06976262532,
    199.00466996101));
#1346 = DIRECTION('',(1.,6.199149381366E-07,-6.554031208286E-14));
#1347 = DIRECTION('',(1.563564093014E-13,-3.579470468177E-07,-1.));
#1348 = ORIENTED_EDGE('',*,*,#927,.T.);
#1349 = CYLINDRICAL_SURFACE('',#1350,3.);
#1350 = AXIS2_PLACEMENT_3D('',#1351,#1352,#1353);
#1351 = CARTESIAN_POINT('',(-12.99945410546,283.06975724898,
    199.00466996101));
#1352 = DIRECTION('',(-1.,-6.199149393267E-07,6.578590159846E-14));
#1353 = DIRECTION('',(-6.0611092245E-07,0.977732379385,-0.209855651107)
  );
#1354 = ADVANCED_FACE('',(#1355),#1374,.T.);
#1355 = FACE_BOUND('',#1356,.T.);
#1356 = EDGE_LOOP('',(#1357,#1358,#1359,#1368));
#1357 = ORIENTED_EDGE('',*,*,#1246,.F.);
#1358 = ORIENTED_EDGE('',*,*,#984,.T.);
#1359 = ORIENTED_EDGE('',*,*,#1360,.F.);
#1360 = EDGE_CURVE('',#1361,#977,#1363,.T.);
#1361 = VERTEX_POINT('',#1362);
#1362 = CARTESIAN_POINT('',(-14.62446067208,293.66254012874,
    197.52767001216));
#1363 = CIRCLE('',#1364,1.5);
#1364 = AXIS2_PLACEMENT_3D('',#1365,#1366,#1367);
#1365 = CARTESIAN_POINT('',(-14.6244602905,293.04699262312,
    196.15978797473));
#1366 = DIRECTION('',(-5.653137120153E-07,0.911921358286,-0.410365003748
    ));
#1367 = DIRECTION('',(-2.543913361445E-07,0.410365003748,0.911921358286)
  );
#1368 = ORIENTED_EDGE('',*,*,#1369,.T.);
#1369 = EDGE_CURVE('',#1361,#1247,#1370,.T.);
#1370 = LINE('',#1371,#1372);
#1371 = CARTESIAN_POINT('',(-14.62444678254,271.25697593174,
    207.61018354487));
#1372 = VECTOR('',#1373,1.);
#1373 = DIRECTION('',(5.653137053628E-07,-0.911921358286,0.410365003748)
  );
#1374 = CYLINDRICAL_SURFACE('',#1375,1.5);
#1375 = AXIS2_PLACEMENT_3D('',#1376,#1377,#1378);
#1376 = CARTESIAN_POINT('',(-14.62444640095,270.64142842611,
    206.24230150744));
#1377 = DIRECTION('',(5.653137053628E-07,-0.911921358286,0.410365003748)
  );
#1378 = DIRECTION('',(0.707106601305,0.290172315258,0.644825776353));
#1379 = ADVANCED_FACE('',(#1380),#1400,.F.);
#1380 = FACE_BOUND('',#1381,.F.);
#1381 = EDGE_LOOP('',(#1382,#1383,#1392,#1399));
#1382 = ORIENTED_EDGE('',*,*,#763,.F.);
#1383 = ORIENTED_EDGE('',*,*,#1384,.F.);
#1384 = EDGE_CURVE('',#1385,#764,#1387,.T.);
#1385 = VERTEX_POINT('',#1386);
#1386 = CARTESIAN_POINT('',(-29.69717223458,293.49738224676,
    197.45860630185));
#1387 = CIRCLE('',#1388,1.5);
#1388 = AXIS2_PLACEMENT_3D('',#1389,#1390,#1391);
#1389 = CARTESIAN_POINT('',(-29.28626217289,293.04698350838,
    196.08809767449));
#1390 = DIRECTION('',(-0.135781687159,-0.952572624373,0.272339363162));
#1391 = DIRECTION('',(-0.273940041129,0.300265825585,0.91367241824));
#1392 = ORIENTED_EDGE('',*,*,#1393,.F.);
#1393 = EDGE_CURVE('',#796,#1385,#1394,.T.);
#1394 = B_SPLINE_CURVE_WITH_KNOTS('',3,(#1395,#1396,#1397,#1398),
  .UNSPECIFIED.,.F.,.F.,(4,4),(-0.177009526786,0.),
  .PIECEWISE_BEZIER_KNOTS.);
#1395 = CARTESIAN_POINT('',(-30.4905351128,291.30667003227,
    197.38351258882));
#1396 = CARTESIAN_POINT('',(-30.30953936926,292.07080299919,
    197.57068114118));
#1397 = CARTESIAN_POINT('',(-30.03453346943,292.81087518568,
    197.58306869848));
#1398 = CARTESIAN_POINT('',(-29.69717223458,293.49738224676,
    197.45860630185));
#1399 = ORIENTED_EDGE('',*,*,#803,.T.);
#1400 = B_SPLINE_SURFACE_WITH_KNOTS('',3,3,(
    (#1401,#1402,#1403,#1404)
    ,(#1405,#1406,#1407,#1408)
    ,(#1409,#1410,#1411,#1412)
    ,(#1413,#1414,#1415,#1416)
    ,(#1417,#1418,#1419,#1420)
    ,(#1421,#1422,#1423,#1424
    )),.UNSPECIFIED.,.F.,.F.,.F.,(4,1,1,4),(4,4),(0.,0.285714285714,
    0.571428571429,1.),(0.,0.177009526786),.UNSPECIFIED.);
#1401 = CARTESIAN_POINT('',(-30.62866558507,293.04698243664,
    195.41880470504));
#1402 = CARTESIAN_POINT('',(-30.70878109237,292.48493433841,
    195.5794935777));
#1403 = CARTESIAN_POINT('',(-30.75464736469,291.89670101168,
    195.67148867359));
#1404 = CARTESIAN_POINT('',(-30.75464699892,291.30666925573,
    195.67148888479));
#1405 = CARTESIAN_POINT('',(-30.73395481016,293.1223663667,
    195.6299835769));
#1406 = CARTESIAN_POINT('',(-30.80711583255,292.53015746373,
    195.77695686072));
#1407 = CARTESIAN_POINT('',(-30.84424350511,291.91835564728,
    195.85107464412));
#1408 = CARTESIAN_POINT('',(-30.83312276724,291.30666926342,
    195.82888802684));
#1409 = CARTESIAN_POINT('',(-30.83167784047,293.27277903795,
    196.10736588972));
#1410 = CARTESIAN_POINT('',(-30.91329863353,292.62044129399,
    196.21610537647));
#1411 = CARTESIAN_POINT('',(-30.95108612432,291.9616398896,
    196.24589512411));
#1412 = CARTESIAN_POINT('',(-30.93387512842,291.30666932358,
    196.17142968236));
#1413 = CARTESIAN_POINT('',(-30.57099749547,293.47356784628,
    196.93964197539));
#1414 = CARTESIAN_POINT('',(-30.74816021665,292.75290388698,
    196.99664612397));
#1415 = CARTESIAN_POINT('',(-30.858542508,292.02815675982,
    196.95766905111));
#1416 = CARTESIAN_POINT('',(-30.89353020603,291.30666957196,
    196.79546890519));
#1417 = CARTESIAN_POINT('',(-30.05095822334,293.51575883817,
    197.34649389848));
#1418 = CARTESIAN_POINT('',(-30.33804058674,292.80277917682,
    197.42586342811));
#1419 = CARTESIAN_POINT('',(-30.55195977968,292.06005231673,
    197.38641262066));
#1420 = CARTESIAN_POINT('',(-30.67392810948,291.3066698507,
    197.19386524487));
#1421 = CARTESIAN_POINT('',(-29.69717223458,293.49738224676,
    197.45860630185));
#1422 = CARTESIAN_POINT('',(-30.03453346943,292.81087518568,
    197.58306869848));
#1423 = CARTESIAN_POINT('',(-30.30953936926,292.07080299919,
    197.57068114118));
#1424 = CARTESIAN_POINT('',(-30.4905351128,291.30667003227,
    197.38351258882));
#1425 = ADVANCED_FACE('',(#1426),#1446,.F.);
#1426 = FACE_BOUND('',#1427,.F.);
#1427 = EDGE_LOOP('',(#1428,#1437,#1438,#1439));
#1428 = ORIENTED_EDGE('',*,*,#1429,.F.);
#1429 = EDGE_CURVE('',#1385,#1430,#1432,.T.);
#1430 = VERTEX_POINT('',#1431);
#1431 = CARTESIAN_POINT('',(-29.0737492663,294.32455368843,
    197.22975959454));
#1432 = B_SPLINE_CURVE_WITH_KNOTS('',3,(#1433,#1434,#1435,#1436),
  .UNSPECIFIED.,.F.,.F.,(4,4),(1.145056487515E-13,7.348118583747E-02),
  .PIECEWISE_BEZIER_KNOTS.);
#1433 = CARTESIAN_POINT('',(-29.69717223458,293.49738224676,
    197.45860630185));
#1434 = CARTESIAN_POINT('',(-29.55712494988,293.78236890172,
    197.40693877489));
#1435 = CARTESIAN_POINT('',(-29.3452419261,294.06958689867,
    197.34449468395));
#1436 = CARTESIAN_POINT('',(-29.0737492663,294.32455368843,
    197.22975959454));
#1437 = ORIENTED_EDGE('',*,*,#1384,.T.);
#1438 = ORIENTED_EDGE('',*,*,#1196,.F.);
#1439 = ORIENTED_EDGE('',*,*,#1440,.F.);
#1440 = EDGE_CURVE('',#1430,#1197,#1441,.T.);
#1441 = CIRCLE('',#1442,1.5);
#1442 = AXIS2_PLACEMENT_3D('',#1443,#1444,#1445);
#1443 = CARTESIAN_POINT('',(-29.07374888471,293.70900618281,
    195.86187755711));
#1444 = DIRECTION('',(-0.435963280782,-0.820696852482,0.369313815253));
#1445 = DIRECTION('',(-2.543913378283E-07,0.410365003748,0.911921358286)
  );
#1446 = B_SPLINE_SURFACE_WITH_KNOTS('',3,3,(
    (#1447,#1448,#1449,#1450)
    ,(#1451,#1452,#1453,#1454)
    ,(#1455,#1456,#1457,#1458)
    ,(#1459,#1460,#1461,#1462)
    ,(#1463,#1464,#1465,#1466)
    ,(#1467,#1468,#1469,#1470
    )),.UNSPECIFIED.,.F.,.F.,.F.,(4,1,1,4),(4,4),(0.,0.285714285714,
    0.571428571429,1.),(1.145056487515E-13,7.348118583747E-02),
  .UNSPECIFIED.);
#1447 = CARTESIAN_POINT('',(-29.69717223458,293.49738224676,
    197.45860630185));
#1448 = CARTESIAN_POINT('',(-29.55712494988,293.78236890172,
    197.40693877489));
#1449 = CARTESIAN_POINT('',(-29.3452419261,294.06958689867,
    197.34449468395));
#1450 = CARTESIAN_POINT('',(-29.0737492663,294.32455368843,
    197.22975959454));
#1451 = CARTESIAN_POINT('',(-29.93302956042,293.5096333077,
    197.3838646996));
#1452 = CARTESIAN_POINT('',(-29.7999514666,293.82288378626,
    197.33959072026));
#1453 = CARTESIAN_POINT('',(-29.59077113091,294.14255063846,
    197.28785431524));
#1454 = CARTESIAN_POINT('',(-29.31268312332,294.43010400365,
    197.18226184061));
#1455 = CARTESIAN_POINT('',(-30.36937334886,293.49642950722,
    197.12013097481));
#1456 = CARTESIAN_POINT('',(-30.25747720924,293.85994128845,
    197.08382435592));
#1457 = CARTESIAN_POINT('',(-30.06458647785,294.23654780246,
    197.04638945605));
#1458 = CARTESIAN_POINT('',(-29.78925371571,294.58138228476,
    196.95585907317));
#1459 = CARTESIAN_POINT('',(-30.83182462563,293.34745696447,
    196.36849677029));
#1460 = CARTESIAN_POINT('',(-30.7651784581,293.75683045727,
    196.32434862287));
#1461 = CARTESIAN_POINT('',(-30.6222258321,294.17923781421,
    196.28563760646));
#1462 = CARTESIAN_POINT('',(-30.39666403308,294.56731463668,
    196.20756897996));
#1463 = CARTESIAN_POINT('',(-30.7865994227,293.16005833173,
    195.73557301283));
#1464 = CARTESIAN_POINT('',(-30.74505475344,293.55575917659,
    195.67541411827));
#1465 = CARTESIAN_POINT('',(-30.63793727333,293.95099034067,
    195.62190065178));
#1466 = CARTESIAN_POINT('',(-30.4699086744,294.30784449098,
    195.54450603482));
#1467 = CARTESIAN_POINT('',(-30.62866558507,293.04698243664,
    195.41880470504));
#1468 = CARTESIAN_POINT('',(-30.59540767389,293.42029532411,
    195.35209859041));
#1469 = CARTESIAN_POINT('',(-30.50465504616,293.7845879045,
    195.2921577613));
#1470 = CARTESIAN_POINT('',(-30.36822990882,294.10621872352,
    195.2164776224));
#1471 = ADVANCED_FACE('',(#1472),#1492,.F.);
#1472 = FACE_BOUND('',#1473,.F.);
#1473 = EDGE_LOOP('',(#1474,#1483,#1484,#1485));
#1474 = ORIENTED_EDGE('',*,*,#1475,.F.);
#1475 = EDGE_CURVE('',#1430,#1476,#1478,.T.);
#1476 = VERTEX_POINT('',#1477);
#1477 = CARTESIAN_POINT('',(-25.96760986346,296.16253269426,
    196.40266911729));
#1478 = ELLIPSE('',#1479,3.063308689533,2.5);
#1479 = AXIS2_PLACEMENT_3D('',#1480,#1481,#1482);
#1480 = CARTESIAN_POINT('',(-26.52850869861,293.66253274924,
    197.52767001216));
#1481 = DIRECTION('',(2.543913363573E-07,-0.410365003748,-0.911921358286
    ));
#1482 = DIRECTION('',(0.772103925206,0.579522716316,-0.260785256399));
#1483 = ORIENTED_EDGE('',*,*,#1440,.T.);
#1484 = ORIENTED_EDGE('',*,*,#1205,.F.);
#1485 = ORIENTED_EDGE('',*,*,#1486,.F.);
#1486 = EDGE_CURVE('',#1476,#1206,#1487,.T.);
#1487 = CIRCLE('',#1488,1.5);
#1488 = AXIS2_PLACEMENT_3D('',#1489,#1490,#1491);
#1489 = CARTESIAN_POINT('',(-25.96760948187,295.54698518864,
    195.03478707986));
#1490 = DIRECTION('',(-1.,-6.199149223581E-07,5.357014426298E-14));
#1491 = DIRECTION('',(-2.543913405854E-07,0.410365003748,0.911921358286)
  );
#1492 = B_SPLINE_SURFACE_WITH_KNOTS('',3,3,(
    (#1493,#1494,#1495,#1496,#1497)
    ,(#1498,#1499,#1500,#1501,#1502)
    ,(#1503,#1504,#1505,#1506,#1507)
    ,(#1508,#1509,#1510,#1511,#1512)
    ,(#1513,#1514,#1515,#1516,#1517)
    ,(#1518,#1519,#1520,#1521,#1522
    )),.UNSPECIFIED.,.F.,.F.,.F.,(4,1,1,4),(4,1,4),(0.,0.285714285714,
    0.571428571429,1.),(-2.08394324136,-1.525604485849,-0.781152811833),
  .UNSPECIFIED.);
#1493 = CARTESIAN_POINT('',(-29.0737492663,294.32455368843,
    197.22975959454));
#1494 = CARTESIAN_POINT('',(-28.83540961259,294.77322588686,
    197.02785697862));
#1495 = CARTESIAN_POINT('',(-27.96260596618,295.73870966614,
    196.59338910584));
#1496 = CARTESIAN_POINT('',(-26.66081772041,296.16253226453,
    196.40266911729));
#1497 = CARTESIAN_POINT('',(-25.96760986346,296.16253269426,
    196.40266911729));
#1498 = CARTESIAN_POINT('',(-29.31268312332,294.43010400365,
    197.18226184061));
#1499 = CARTESIAN_POINT('',(-29.04262984158,294.90919736451,
    196.96659210606));
#1500 = CARTESIAN_POINT('',(-28.08285718357,295.91310626563,
    196.51479641172));
#1501 = CARTESIAN_POINT('',(-26.70075883136,296.32652185464,
    196.32890148768));
#1502 = CARTESIAN_POINT('',(-25.96760995617,296.3120802933,
    196.33537263335));
#1503 = CARTESIAN_POINT('',(-29.78925371571,294.58138228476,
    196.95585907317));
#1504 = CARTESIAN_POINT('',(-29.45605972462,295.12771800004,
    196.72701821775));
#1505 = CARTESIAN_POINT('',(-28.32301112762,296.22380571038,
    196.27414669009));
#1506 = CARTESIAN_POINT('',(-26.78061071,296.62761991692,196.12216442421
    ));
#1507 = CARTESIAN_POINT('',(-25.96761012766,296.58871526661,
    196.15126459296));
#1508 = CARTESIAN_POINT('',(-30.39666403308,294.56731463668,
    196.20756897996));
#1509 = CARTESIAN_POINT('',(-30.0065281505,295.22881647728,
    196.00030626018));
#1510 = CARTESIAN_POINT('',(-28.68382729096,296.53575585853,
    195.6330048831));
#1511 = CARTESIAN_POINT('',(-26.90551325368,296.99604252243,
    195.59870991633));
#1512 = CARTESIAN_POINT('',(-25.96761034778,296.94379661899,
    195.69029859684));
#1513 = CARTESIAN_POINT('',(-30.4699086744,294.30784449098,
    195.54450603482));
#1514 = CARTESIAN_POINT('',(-30.11744022257,295.02042500533,
    195.36837916959));
#1515 = CARTESIAN_POINT('',(-28.83656667887,296.49234468361,
    195.07756236231));
#1516 = CARTESIAN_POINT('',(-26.96945282175,297.07441676225,
    195.13840151002));
#1517 = CARTESIAN_POINT('',(-25.96761041174,297.04698527669,
    195.28077420022));
#1518 = CARTESIAN_POINT('',(-30.36822990882,294.10621872352,
    195.2164776224));
#1519 = CARTESIAN_POINT('',(-30.06373089535,294.82409424853,
    195.04756060252));
#1520 = CARTESIAN_POINT('',(-28.8755990744,296.36886831581,
    194.77030842987));
#1521 = CARTESIAN_POINT('',(-26.99393642449,297.04698449296,
    194.8687011191));
#1522 = CARTESIAN_POINT('',(-25.96761041174,297.04698518864,
    195.03478654294));
#1523 = ADVANCED_FACE('',(#1524),#1550,.T.);
#1524 = FACE_BOUND('',#1525,.T.);
#1525 = EDGE_LOOP('',(#1526,#1537,#1543,#1544));
#1526 = ORIENTED_EDGE('',*,*,#1527,.T.);
#1527 = EDGE_CURVE('',#1528,#1530,#1532,.T.);
#1528 = VERTEX_POINT('',#1529);
#1529 = CARTESIAN_POINT('',(-17.12446222187,296.16253817626,
    196.40266911729));
#1530 = VERTEX_POINT('',#1531);
#1531 = CARTESIAN_POINT('',(-17.12446277016,297.04699067064,
    195.03478654294));
#1532 = CIRCLE('',#1533,1.5);
#1533 = AXIS2_PLACEMENT_3D('',#1534,#1535,#1536);
#1534 = CARTESIAN_POINT('',(-17.12446184028,295.54699067064,
    195.03478707986));
#1535 = DIRECTION('',(-1.,-6.199149327202E-07,6.147963691576E-14));
#1536 = DIRECTION('',(-2.543913376248E-07,0.410365003748,0.911921358286)
  );
#1537 = ORIENTED_EDGE('',*,*,#1538,.T.);
#1538 = EDGE_CURVE('',#1530,#1206,#1539,.T.);
#1539 = LINE('',#1540,#1541);
#1540 = CARTESIAN_POINT('',(-21.24946277016,297.04698811349,
    195.03478654294));
#1541 = VECTOR('',#1542,1.);
#1542 = DIRECTION('',(-1.,-6.199149321495E-07,6.255615932387E-14));
#1543 = ORIENTED_EDGE('',*,*,#1486,.F.);
#1544 = ORIENTED_EDGE('',*,*,#1545,.T.);
#1545 = EDGE_CURVE('',#1476,#1528,#1546,.T.);
#1546 = LINE('',#1547,#1548);
#1547 = CARTESIAN_POINT('',(-21.24946222187,296.16253561911,
    196.40266911729));
#1548 = VECTOR('',#1549,1.);
#1549 = DIRECTION('',(1.,6.199149321495E-07,-6.255615925491E-14));
#1550 = CYLINDRICAL_SURFACE('',#1551,1.5);
#1551 = AXIS2_PLACEMENT_3D('',#1552,#1553,#1554);
#1552 = CARTESIAN_POINT('',(-21.24946184028,295.54698811349,
    195.03478707986));
#1553 = DIRECTION('',(-1.,-6.199149321495E-07,6.255615932387E-14));
#1554 = DIRECTION('',(-5.20574490937E-07,0.839751549617,0.542970841681)
  );
#1555 = ADVANCED_FACE('',(#1556),#1574,.F.);
#1556 = FACE_BOUND('',#1557,.F.);
#1557 = EDGE_LOOP('',(#1558,#1565,#1566,#1573));
#1558 = ORIENTED_EDGE('',*,*,#1559,.F.);
#1559 = EDGE_CURVE('',#1528,#1361,#1560,.T.);
#1560 = ELLIPSE('',#1561,2.741464024933,2.5);
#1561 = AXIS2_PLACEMENT_3D('',#1562,#1563,#1564);
#1562 = CARTESIAN_POINT('',(-17.12446067208,293.66253857895,
    197.52767001216));
#1563 = DIRECTION('',(2.543913364089E-07,-0.410365003748,-0.911921358286
    ));
#1564 = DIRECTION('',(-5.653137687523E-07,0.911921358286,-0.410365003748
    ));
#1565 = ORIENTED_EDGE('',*,*,#1527,.T.);
#1566 = ORIENTED_EDGE('',*,*,#1567,.F.);
#1567 = EDGE_CURVE('',#977,#1530,#1568,.T.);
#1568 = ELLIPSE('',#1569,4.155192534649,4.);
#1569 = AXIS2_PLACEMENT_3D('',#1570,#1571,#1572);
#1570 = CARTESIAN_POINT('',(-17.1244602905,293.04699107333,
    196.15978797473));
#1571 = DIRECTION('',(-1.678393636933E-07,0.270745921496,0.962650843241)
  );
#1572 = DIRECTION('',(-5.967617248612E-07,0.962650843241,-0.270745921496
    ));
#1573 = ORIENTED_EDGE('',*,*,#1360,.F.);
#1574 = B_SPLINE_SURFACE_WITH_KNOTS('',3,3,(
    (#1575,#1576,#1577,#1578,#1579)
    ,(#1580,#1581,#1582,#1583,#1584)
    ,(#1585,#1586,#1587,#1588,#1589)
    ,(#1590,#1591,#1592,#1593,#1594)
    ,(#1595,#1596,#1597,#1598,#1599
  )),.UNSPECIFIED.,.F.,.F.,.F.,(4,1,4),(4,1,4),(0.,0.571428571429,1.),(
    6.902471046828E-14,0.673198425769,1.570796326795),.UNSPECIFIED.);
#1575 = CARTESIAN_POINT('',(-17.12446222187,296.16253817626,
    196.40266911729));
#1576 = CARTESIAN_POINT('',(-16.56346353373,296.16253852403,
    196.40266911729));
#1577 = CARTESIAN_POINT('',(-15.25272652952,295.70500932695,
    196.60855781856));
#1578 = CARTESIAN_POINT('',(-14.62446113578,294.41053825911,
    197.19107053153));
#1579 = CARTESIAN_POINT('',(-14.62446067208,293.66254012874,
    197.52767001216));
#1580 = CARTESIAN_POINT('',(-17.12446240728,296.46163337433,
    196.26807614942));
#1581 = CARTESIAN_POINT('',(-16.48265285622,296.4616337722,
    196.26807614942));
#1582 = CARTESIAN_POINT('',(-14.98435419869,295.96189704008,
    196.49211691061));
#1583 = CARTESIAN_POINT('',(-14.21152412061,294.52210223905,
    197.13925721081));
#1584 = CARTESIAN_POINT('',(-14.17566172157,293.66254040696,
    197.52767001216));
#1585 = CARTESIAN_POINT('',(-17.12446268106,296.9032638603,
    195.85511795022));
#1586 = CARTESIAN_POINT('',(-16.34198795922,296.90326434536,
    195.85511795022));
#1587 = CARTESIAN_POINT('',(-14.51493999176,296.31843574446,
    196.08787701936));
#1588 = CARTESIAN_POINT('',(-13.49167366606,294.58653681897,
    196.76763670172));
#1589 = CARTESIAN_POINT('',(-13.39874309645,293.50796153518,
    197.1841606665));
#1590 = CARTESIAN_POINT('',(-17.12446277016,297.04699075869,
    195.28077420022));
#1591 = CARTESIAN_POINT('',(-16.25163174821,297.04699129977,
    195.28077420022));
#1592 = CARTESIAN_POINT('',(-14.21303442706,296.35951967384,
    195.49477091603));
#1593 = CARTESIAN_POINT('',(-13.16615276421,294.37158252828,
    196.10640407828));
#1594 = CARTESIAN_POINT('',(-13.12446037612,293.18512209025,
    196.46673998614));
#1595 = CARTESIAN_POINT('',(-17.12446277016,297.04699067064,
    195.03478654294));
#1596 = CARTESIAN_POINT('',(-16.22686486913,297.04699122707,
    195.03478654294));
#1597 = CARTESIAN_POINT('',(-14.1296856624,296.31494446753,
    195.24067534247));
#1598 = CARTESIAN_POINT('',(-13.12446103241,294.24379063387,
    195.82318833345));
#1599 = CARTESIAN_POINT('',(-13.1244602905,293.04699355299,
    196.15978797473));
#1600 = ADVANCED_FACE('',(#1601),#1641,.T.);
#1601 = FACE_BOUND('',#1602,.T.);
#1602 = EDGE_LOOP('',(#1603,#1604,#1605,#1606,#1607,#1608,#1617,#1625,
    #1634));
#1603 = ORIENTED_EDGE('',*,*,#1334,.F.);
#1604 = ORIENTED_EDGE('',*,*,#1369,.F.);
#1605 = ORIENTED_EDGE('',*,*,#1559,.F.);
#1606 = ORIENTED_EDGE('',*,*,#1545,.F.);
#1607 = ORIENTED_EDGE('',*,*,#1475,.F.);
#1608 = ORIENTED_EDGE('',*,*,#1609,.F.);
#1609 = EDGE_CURVE('',#1610,#1430,#1612,.T.);
#1610 = VERTEX_POINT('',#1611);
#1611 = CARTESIAN_POINT('',(-12.51900120263,277.63418696524,
    204.74043642218));
#1612 = ELLIPSE('',#1613,53.610852043128,22.);
#1613 = AXIS2_PLACEMENT_3D('',#1614,#1615,#1616);
#1614 = CARTESIAN_POINT('',(-12.51903150958,326.52306797928,
    182.74041892255));
#1615 = DIRECTION('',(2.543913364089E-07,-0.410365003748,-0.911921358286
    ));
#1616 = DIRECTION('',(5.653136927414E-07,-0.911921358286,0.410365003748)
  );
#1617 = ORIENTED_EDGE('',*,*,#1618,.F.);
#1618 = EDGE_CURVE('',#1619,#1610,#1621,.T.);
#1619 = VERTEX_POINT('',#1620);
#1620 = CARTESIAN_POINT('',(-11.22601747924,277.63418776678,
    204.74043642218));
#1621 = LINE('',#1622,#1623);
#1622 = CARTESIAN_POINT('',(-29.49945073586,277.6341764388,
    204.74043642218));
#1623 = VECTOR('',#1624,1.);
#1624 = DIRECTION('',(-1.,-6.199149321495E-07,6.255615930277E-14));
#1625 = ORIENTED_EDGE('',*,*,#1626,.F.);
#1626 = EDGE_CURVE('',#1627,#1619,#1629,.T.);
#1627 = VERTEX_POINT('',#1628);
#1628 = CARTESIAN_POINT('',(-4.059331244694,282.25090119886,
    202.6629153898));
#1629 = ELLIPSE('',#1630,32.653882608087,13.4);
#1630 = AXIS2_PLACEMENT_3D('',#1631,#1632,#1633);
#1631 = CARTESIAN_POINT('',(-11.22603593893,307.41196074806,
    191.34042576331));
#1632 = DIRECTION('',(2.543913364089E-07,-0.410365003748,-0.911921358286
    ));
#1633 = DIRECTION('',(5.65313681459E-07,-0.911921358286,0.410365003748)
  );
#1634 = ORIENTED_EDGE('',*,*,#1635,.F.);
#1635 = EDGE_CURVE('',#1335,#1627,#1636,.T.);
#1636 = ELLIPSE('',#1637,1.218428455526,0.5);
#1637 = AXIS2_PLACEMENT_3D('',#1638,#1639,#1640);
#1638 = CARTESIAN_POINT('',(-4.326745598957,283.18974670443,
    202.24043443359));
#1639 = DIRECTION('',(2.543913364089E-07,-0.410365003748,-0.911921358286
    ));
#1640 = DIRECTION('',(-5.653137055554E-07,0.911921358286,-0.410365003748
    ));
#1641 = PLANE('',#1642);
#1642 = AXIS2_PLACEMENT_3D('',#1643,#1644,#1645);
#1643 = CARTESIAN_POINT('',(-25.37445657101,287.04698751427,
    200.50466853737));
#1644 = DIRECTION('',(-2.543913364089E-07,0.410365003748,0.911921358286)
  );
#1645 = DIRECTION('',(1.,-9.264422860594E-23,2.789619237419E-07));
#1646 = ADVANCED_FACE('',(#1647),#1660,.F.);
#1647 = FACE_BOUND('',#1648,.F.);
#1648 = EDGE_LOOP('',(#1649,#1650,#1657,#1658,#1659));
#1649 = ORIENTED_EDGE('',*,*,#1609,.F.);
#1650 = ORIENTED_EDGE('',*,*,#1651,.F.);
#1651 = EDGE_CURVE('',#821,#1610,#1652,.T.);
#1652 = CIRCLE('',#1653,3.);
#1653 = AXIS2_PLACEMENT_3D('',#1654,#1655,#1656);
#1654 = CARTESIAN_POINT('',(-12.51900043946,276.40309195399,
    202.00467234732));
#1655 = DIRECTION('',(-1.,-6.199149319687E-07,6.276474497224E-14));
#1656 = DIRECTION('',(-1.591319668629E-13,3.579470349753E-07,1.));
#1657 = ORIENTED_EDGE('',*,*,#828,.F.);
#1658 = ORIENTED_EDGE('',*,*,#1393,.T.);
#1659 = ORIENTED_EDGE('',*,*,#1429,.T.);
#1660 = B_SPLINE_SURFACE_WITH_KNOTS('',3,3,(
    (#1661,#1662,#1663,#1664,#1665)
    ,(#1666,#1667,#1668,#1669,#1670)
    ,(#1671,#1672,#1673,#1674,#1675)
    ,(#1676,#1677,#1678,#1679,#1680
    )),.UNSPECIFIED.,.F.,.F.,.F.,(4,4),(4,1,4),(0.,1.),(-0.851831764948,
    -0.486761008542,-2.636245160243E-16),.UNSPECIFIED.);
#1661 = CARTESIAN_POINT('',(-31.33121273727,293.09345798499,
    196.46981313059));
#1662 = CARTESIAN_POINT('',(-29.32756210168,288.61668180913,
    198.7590763317));
#1663 = CARTESIAN_POINT('',(-23.66715502426,279.85343523838,
    203.24028771585));
#1664 = CARTESIAN_POINT('',(-16.5753421773,276.40309051325,
    205.00467234732));
#1665 = CARTESIAN_POINT('',(-12.51900043946,276.40309302783,
    205.00467234732));
#1666 = CARTESIAN_POINT('',(-30.807486806,293.56900351856,
    197.06819472258));
#1667 = CARTESIAN_POINT('',(-28.80290742326,289.07532288115,
    199.20720982751));
#1668 = CARTESIAN_POINT('',(-23.24744479998,280.2846291398,
    203.37310798826));
#1669 = CARTESIAN_POINT('',(-16.42290444506,276.82594453388,
    205.00467219596));
#1670 = CARTESIAN_POINT('',(-12.51900070159,276.82594695397,
    205.00467219596));
#1671 = CARTESIAN_POINT('',(-29.9457586916,294.03894236489,
    197.35828456982));
#1672 = CARTESIAN_POINT('',(-28.05842274713,289.53142462617,
    199.38379185858));
#1673 = CARTESIAN_POINT('',(-22.78787087768,280.71593513831,
    203.35027757776));
#1674 = CARTESIAN_POINT('',(-16.25579354141,277.24857512207,
    204.91396087516));
#1675 = CARTESIAN_POINT('',(-12.51900096359,277.24857743856,
    204.91396087516));
#1676 = CARTESIAN_POINT('',(-29.0737492663,294.32455368843,
    197.22975959454));
#1677 = CARTESIAN_POINT('',(-27.31053637395,289.84777726519,
    199.24431140381));
#1678 = CARTESIAN_POINT('',(-22.32937749393,281.08453008088,
    203.18777779828));
#1679 = CARTESIAN_POINT('',(-16.08858193193,277.6341847524,
    204.74043642218));
#1680 = CARTESIAN_POINT('',(-12.51900120263,277.63418696524,
    204.74043642218));
#1681 = ADVANCED_FACE('',(#1682),#1694,.T.);
#1682 = FACE_BOUND('',#1683,.T.);
#1683 = EDGE_LOOP('',(#1684,#1685,#1686,#1687,#1693));
#1684 = ORIENTED_EDGE('',*,*,#1165,.F.);
#1685 = ORIENTED_EDGE('',*,*,#1214,.F.);
#1686 = ORIENTED_EDGE('',*,*,#1538,.F.);
#1687 = ORIENTED_EDGE('',*,*,#1688,.F.);
#1688 = EDGE_CURVE('',#1116,#1530,#1689,.T.);
#1689 = LINE('',#1690,#1691);
#1690 = CARTESIAN_POINT('',(-17.12446277016,297.04699159052,
    197.6046649579));
#1691 = VECTOR('',#1692,1.);
#1692 = DIRECTION('',(-1.282698385189E-13,3.579470398714E-07,1.));
#1693 = ORIENTED_EDGE('',*,*,#1148,.F.);
#1694 = PLANE('',#1695);
#1695 = AXIS2_PLACEMENT_3D('',#1696,#1697,#1698);
#1696 = CARTESIAN_POINT('',(-17.12446277016,297.04699216323,
    199.2046649579));
#1697 = DIRECTION('',(-6.199149321495E-07,1.,-3.579470398714E-07));
#1698 = DIRECTION('',(1.,6.199149321494E-07,-2.789487197574E-13));
#1699 = ADVANCED_FACE('',(#1700),#1706,.T.);
#1700 = FACE_BOUND('',#1701,.T.);
#1701 = EDGE_LOOP('',(#1702,#1703,#1704,#1705));
#1702 = ORIENTED_EDGE('',*,*,#1123,.F.);
#1703 = ORIENTED_EDGE('',*,*,#1688,.T.);
#1704 = ORIENTED_EDGE('',*,*,#1567,.F.);
#1705 = ORIENTED_EDGE('',*,*,#976,.T.);
#1706 = CYLINDRICAL_SURFACE('',#1707,4.);
#1707 = AXIS2_PLACEMENT_3D('',#1708,#1709,#1710);
#1708 = CARTESIAN_POINT('',(-17.1244602905,293.04699159052,
    197.60466638969));
#1709 = DIRECTION('',(1.282698385189E-13,-3.579470398714E-07,-1.));
#1710 = DIRECTION('',(0.70710634284,0.707107219532,-2.531068454029E-07)
  );
#1711 = ADVANCED_FACE('',(#1712),#1724,.T.);
#1712 = FACE_BOUND('',#1713,.T.);
#1713 = EDGE_LOOP('',(#1714,#1721,#1722,#1723));
#1714 = ORIENTED_EDGE('',*,*,#1715,.T.);
#1715 = EDGE_CURVE('',#846,#1619,#1716,.T.);
#1716 = CIRCLE('',#1717,3.);
#1717 = AXIS2_PLACEMENT_3D('',#1718,#1719,#1720);
#1718 = CARTESIAN_POINT('',(-11.22601671607,276.40309275553,
    202.00467234732));
#1719 = DIRECTION('',(-1.,-6.199149286792E-07,6.128444642859E-14));
#1720 = DIRECTION('',(-1.606122642291E-13,3.579470349754E-07,1.));
#1721 = ORIENTED_EDGE('',*,*,#1618,.T.);
#1722 = ORIENTED_EDGE('',*,*,#1651,.F.);
#1723 = ORIENTED_EDGE('',*,*,#853,.T.);
#1724 = CYLINDRICAL_SURFACE('',#1725,3.);
#1725 = AXIS2_PLACEMENT_3D('',#1726,#1727,#1728);
#1726 = CARTESIAN_POINT('',(-29.49944997269,276.40308142756,
    202.00467234732));
#1727 = DIRECTION('',(1.,6.199149321495E-07,-6.255615932141E-14));
#1728 = DIRECTION('',(-1.300925905538E-07,0.209855651107,0.977732379385)
  );
#1729 = ADVANCED_FACE('',(#1730),#1742,.F.);
#1730 = FACE_BOUND('',#1731,.F.);
#1731 = EDGE_LOOP('',(#1732,#1733,#1734,#1735));
#1732 = ORIENTED_EDGE('',*,*,#877,.F.);
#1733 = ORIENTED_EDGE('',*,*,#1715,.T.);
#1734 = ORIENTED_EDGE('',*,*,#1626,.F.);
#1735 = ORIENTED_EDGE('',*,*,#1736,.F.);
#1736 = EDGE_CURVE('',#870,#1627,#1737,.T.);
#1737 = CIRCLE('',#1738,3.);
#1738 = AXIS2_PLACEMENT_3D('',#1739,#1740,#1741);
#1739 = CARTESIAN_POINT('',(-4.05933048152,281.01980618761,
    199.92715131494));
#1740 = DIRECTION('',(-0.543999668935,-0.765179982573,0.34433116976));
#1741 = DIRECTION('',(0.534827544516,6.339989510884E-07,0.84496124031));
#1742 = B_SPLINE_SURFACE_WITH_KNOTS('',3,3,(
    (#1743,#1744,#1745,#1746)
    ,(#1747,#1748,#1749,#1750)
    ,(#1751,#1752,#1753,#1754)
    ,(#1755,#1756,#1757,#1758
    )),.UNSPECIFIED.,.F.,.F.,.F.,(4,4),(4,4),(0.,1.),(
    -4.959396439066E-15,0.564303635256),.PIECEWISE_BEZIER_KNOTS.);
#1743 = CARTESIAN_POINT('',(-11.22601671607,276.40309382937,
    205.00467234732));
#1744 = CARTESIAN_POINT('',(-8.14115684334,276.40309574172,
    205.00467234732));
#1745 = CARTESIAN_POINT('',(-5.061433015144,278.02411172363,
    204.11190413908));
#1746 = CARTESIAN_POINT('',(-2.454847847971,281.01980808961,
    202.46203503587));
#1747 = CARTESIAN_POINT('',(-11.2260169782,276.82594775551,
    205.00467219596));
#1748 = CARTESIAN_POINT('',(-8.317879511277,276.8259495583,
    205.00467219596));
#1749 = CARTESIAN_POINT('',(-5.414132064175,278.4534935756,
    204.21546047535));
#1750 = CARTESIAN_POINT('',(-2.901684058323,281.46475672616,
    202.74486461394));
#1751 = CARTESIAN_POINT('',(-11.2260172402,277.2485782401,
    204.91396087516));
#1752 = CARTESIAN_POINT('',(-8.511611876387,277.2485799228,
    204.91396087516));
#1753 = CARTESIAN_POINT('',(-5.801966561016,278.88284908638,
    204.17681192017));
#1754 = CARTESIAN_POINT('',(-3.479430046834,281.90805150054,
    202.81719806338));
#1755 = CARTESIAN_POINT('',(-11.22601747924,277.63418776678,
    204.74043642218));
#1756 = CARTESIAN_POINT('',(-8.70546124177,277.63418932931,
    204.74043642218));
#1757 = CARTESIAN_POINT('',(-6.189101712309,279.25520502044,
    204.0109793654));
#1758 = CARTESIAN_POINT('',(-4.059331244694,282.25090119886,
    202.6629153898));
#1759 = ADVANCED_FACE('',(#1760),#1766,.F.);
#1760 = FACE_BOUND('',#1761,.F.);
#1761 = EDGE_LOOP('',(#1762,#1763,#1764,#1765));
#1762 = ORIENTED_EDGE('',*,*,#902,.F.);
#1763 = ORIENTED_EDGE('',*,*,#1736,.T.);
#1764 = ORIENTED_EDGE('',*,*,#1635,.F.);
#1765 = ORIENTED_EDGE('',*,*,#1342,.F.);
#1766 = B_SPLINE_SURFACE_WITH_KNOTS('',3,3,(
    (#1767,#1768,#1769,#1770,#1771,#1772,#1773,#1774,#1775,#1776,#1777
      ,#1778,#1779,#1780)
    ,(#1781,#1782,#1783,#1784,#1785,#1786,#1787,#1788,#1789,#1790,#1791
      ,#1792,#1793,#1794)
    ,(#1795,#1796,#1797,#1798,#1799,#1800,#1801,#1802,#1803,#1804,#1805
      ,#1806,#1807,#1808)
    ,(#1809,#1810,#1811,#1812,#1813,#1814,#1815,#1816,#1817,#1818,#1819
      ,#1820,#1821,#1822)
    ,(#1823,#1824,#1825,#1826,#1827,#1828,#1829,#1830,#1831,#1832,#1833
      ,#1834,#1835,#1836)
    ,(#1837,#1838,#1839,#1840,#1841,#1842,#1843,#1844,#1845,#1846,#1847
      ,#1848,#1849,#1850)
    ,(#1851,#1852,#1853,#1854,#1855,#1856,#1857,#1858,#1859,#1860,#1861
      ,#1862,#1863,#1864
    )),.UNSPECIFIED.,.F.,.F.,.F.,(4,1,1,1,4),(4,1,1,1,1,1,1,1,1,1,1,4),(
    0.,0.285714285714,0.571428571429,0.857142857143,1.),(-2.577289018333
    ,-2.209104872857,-1.472736581905,-1.104552436429,-0.920460363691,
    -0.828414327321,-0.736368290952,-0.644322254583,-0.368184145476,
    -0.184092072738,-9.204603636905E-02,4.540374179997E-15),
  .UNSPECIFIED.);
#1767 = CARTESIAN_POINT('',(-2.454847847971,281.01980808961,
    202.46203503587));
#1768 = CARTESIAN_POINT('',(-2.091896338921,281.09273972218,
    202.2323008169));
#1769 = CARTESIAN_POINT('',(-1.123784223801,281.37515476131,
    201.34269422994));
#1770 = CARTESIAN_POINT('',(-0.637664241315,281.93637100988,
    199.57486180204));
#1771 = CARTESIAN_POINT('',(-1.068868026535,282.40299692896,
    198.10498749054));
#1772 = CARTESIAN_POINT('',(-1.46797639206,282.60611104066,
    197.46517646523));
#1773 = CARTESIAN_POINT('',(-1.74404322802,282.71087630465,
    197.13516493497));
#1774 = CARTESIAN_POINT('',(-1.97270064979,282.78303044346,
    196.90787866912));
#1775 = CARTESIAN_POINT('',(-2.387135703508,282.89173915602,
    196.56544499026));
#1776 = CARTESIAN_POINT('',(-2.956017067989,282.9918574665,
    196.25007080995));
#1777 = CARTESIAN_POINT('',(-3.578665973812,283.04783202157,
    196.07374952676));
#1778 = CARTESIAN_POINT('',(-4.00457386323,283.06662095821,
    196.01456347119));
#1779 = CARTESIAN_POINT('',(-4.219358482146,283.06976161805,
    196.00466996101));
#1780 = CARTESIAN_POINT('',(-4.326745524577,283.06976155148,
    196.00466996101));
#1781 = CARTESIAN_POINT('',(-2.582515336643,281.14693627148,
    202.54284348675));
#1782 = CARTESIAN_POINT('',(-2.237248562221,281.22270954768,
    202.34625762122));
#1783 = CARTESIAN_POINT('',(-1.296442452732,281.51764174513,
    201.58247231925));
#1784 = CARTESIAN_POINT('',(-0.672165738763,282.10980475584,
    200.00942415902));
#1785 = CARTESIAN_POINT('',(-0.872419785047,282.64244390781,
    198.57486792162));
#1786 = CARTESIAN_POINT('',(-1.15704519759,282.89925212146,
    197.90295149996));
#1787 = CARTESIAN_POINT('',(-1.374162616124,283.04329521816,
    197.53927992203));
#1788 = CARTESIAN_POINT('',(-1.563780839939,283.15040039463,
    197.27872810463));
#1789 = CARTESIAN_POINT('',(-1.928713856651,283.326921632,
    196.86868359858));
#1790 = CARTESIAN_POINT('',(-2.480576535292,283.54069796093,
    196.43889155638));
#1791 = CARTESIAN_POINT('',(-3.243129914306,283.74308349864,
    196.13773966493));
#1792 = CARTESIAN_POINT('',(-3.84606274186,283.83044251174,
    196.02451147432));
#1793 = CARTESIAN_POINT('',(-4.166352249146,283.84654414447,
    196.00466968296));
#1794 = CARTESIAN_POINT('',(-4.326746006116,283.84654404504,
    196.00466968296));
#1795 = CARTESIAN_POINT('',(-2.858771531932,281.40118922466,
    202.67139993295));
#1796 = CARTESIAN_POINT('',(-2.558650318677,281.48264535921,
    202.53465017979));
#1797 = CARTESIAN_POINT('',(-1.713791099791,281.80150573341,
    201.99843176682));
#1798 = CARTESIAN_POINT('',(-0.945281884002,282.45506071233,
    200.8413218376));
#1799 = CARTESIAN_POINT('',(-0.776797266299,283.11891010845,
    199.6274009012));
#1800 = CARTESIAN_POINT('',(-0.850497244253,283.48282713836,
    198.99468527278));
#1801 = CARTESIAN_POINT('',(-0.949422255997,283.70528525106,
    198.62886901053));
#1802 = CARTESIAN_POINT('',(-1.054501815163,283.88208569085,
    198.35276572056));
#1803 = CARTESIAN_POINT('',(-1.298629031906,284.19384261582,
    197.89422295276));
#1804 = CARTESIAN_POINT('',(-1.760315517177,284.63446865348,
    197.34127783033));
#1805 = CARTESIAN_POINT('',(-2.706842593406,285.12902422574,
    196.86832223282));
#1806 = CARTESIAN_POINT('',(-3.588551660225,285.35327908074,
    196.67576337886));
#1807 = CARTESIAN_POINT('',(-4.080201070376,285.39517347344,
    196.64092152996));
#1808 = CARTESIAN_POINT('',(-4.326746966134,285.3951733206,
    196.64092152996));
#1809 = CARTESIAN_POINT('',(-3.31980966894,281.76775121223,
    202.75759980089));
#1810 = CARTESIAN_POINT('',(-3.109684114228,281.85338638761,
    202.68576609139));
#1811 = CARTESIAN_POINT('',(-2.506027322102,282.18980773228,
    202.40326317204));
#1812 = CARTESIAN_POINT('',(-1.863158969198,282.88650067331,
    201.78716362508));
#1813 = CARTESIAN_POINT('',(-1.549909887527,283.62726667584,
    201.0945779753));
#1814 = CARTESIAN_POINT('',(-1.489134107031,284.04776547224,
    200.70822644421));
#1815 = CARTESIAN_POINT('',(-1.495857921604,284.30963661722,
    200.47467244653));
#1816 = CARTESIAN_POINT('',(-1.524811288475,284.52040301296,
    200.2920915993));
#1817 = CARTESIAN_POINT('',(-1.635152138522,284.89617805649,
    199.97752582731));
#1818 = CARTESIAN_POINT('',(-1.920483797671,285.43840068643,
    199.56195331761));
#1819 = CARTESIAN_POINT('',(-2.749129586595,286.05545357917,
    199.15577479927));
#1820 = CARTESIAN_POINT('',(-3.598231421499,286.33587677539,
    198.98162551254));
#1821 = CARTESIAN_POINT('',(-4.083317911108,286.38832443362,
    198.94962041806));
#1822 = CARTESIAN_POINT('',(-4.326747581803,286.38832428271,
    198.94962041806));
#1823 = CARTESIAN_POINT('',(-3.727958169445,282.04899082646,
    202.73775342441));
#1824 = CARTESIAN_POINT('',(-3.604447821894,282.13113431105,
    202.69644108006));
#1825 = CARTESIAN_POINT('',(-3.253297113375,282.45196705995,
    202.53435428627));
#1826 = CARTESIAN_POINT('',(-2.906650727576,283.10856829328,
    202.19904166175));
#1827 = CARTESIAN_POINT('',(-2.764122365903,283.75193018718,
    201.86210194951));
#1828 = CARTESIAN_POINT('',(-2.747371449652,284.08892436668,
    201.6845492542));
#1829 = CARTESIAN_POINT('',(-2.760405832736,284.28841232935,
    201.57959239776));
#1830 = CARTESIAN_POINT('',(-2.782984223162,284.4430167076,
    201.49846910375));
#1831 = CARTESIAN_POINT('',(-2.853675595988,284.70868891515,
    201.3597565446));
#1832 = CARTESIAN_POINT('',(-3.019082187227,285.06295086181,
    201.17777241619));
#1833 = CARTESIAN_POINT('',(-3.472418922497,285.43347264357,
    200.99405726935));
#1834 = CARTESIAN_POINT('',(-3.932667321767,285.59780976931,
    200.91377369137));
#1835 = CARTESIAN_POINT('',(-4.195077486671,285.62832129888,
    200.89890172728));
#1836 = CARTESIAN_POINT('',(-4.326747110666,285.62832121726,
    200.89890172728));
#1837 = CARTESIAN_POINT('',(-3.976488216429,282.20192267053,
    202.68495577174));
#1838 = CARTESIAN_POINT('',(-3.906723105913,282.27756205616,
    202.65091290559));
#1839 = CARTESIAN_POINT('',(-3.715197688449,282.5716593272,
    202.51942624094));
#1840 = CARTESIAN_POINT('',(-3.576445618936,283.16059127843,
    202.25465184231));
#1841 = CARTESIAN_POINT('',(-3.587094032712,283.67593839351,
    202.02285071837));
#1842 = CARTESIAN_POINT('',(-3.625765317965,283.91485272387,
    201.91512203968));
#1843 = CARTESIAN_POINT('',(-3.658674122965,284.0446242798,
    201.85654351676));
#1844 = CARTESIAN_POINT('',(-3.688880707401,284.13841105853,
    201.8142387819));
#1845 = CARTESIAN_POINT('',(-3.751065177121,284.28802764979,
    201.74673403974));
#1846 = CARTESIAN_POINT('',(-3.853518773088,284.45351243265,
    201.67195266782));
#1847 = CARTESIAN_POINT('',(-4.033491239777,284.58936791577,
    201.61064879637));
#1848 = CARTESIAN_POINT('',(-4.193947605766,284.64495749185,
    201.58555732421));
#1849 = CARTESIAN_POINT('',(-4.282405375266,284.65503993736,
    201.58105186043));
#1850 = CARTESIAN_POINT('',(-4.326746507314,284.65503990987,
    201.58105186043));
#1851 = CARTESIAN_POINT('',(-4.059331244694,282.25090119886,
    202.6629153898));
#1852 = CARTESIAN_POINT('',(-4.007481067868,282.32383270905,
    202.63009619328));
#1853 = CARTESIAN_POINT('',(-3.8691794872,282.60624750672,
    202.50300945135));
#1854 = CARTESIAN_POINT('',(-3.799734073621,283.16746403937,
    202.25046178947));
#1855 = CARTESIAN_POINT('',(-3.861334862312,283.63409063855,
    202.0404796018));
#1856 = CARTESIAN_POINT('',(-3.918350451027,283.83720515862,
    201.94907796444));
#1857 = CARTESIAN_POINT('',(-3.957788626118,283.94197067055,
    201.90193342797));
#1858 = CARTESIAN_POINT('',(-3.990454010425,284.0141250006,
    201.86946393928));
#1859 = CARTESIAN_POINT('',(-4.049659075862,284.12283403843,
    201.82054480895));
#1860 = CARTESIAN_POINT('',(-4.130927895415,284.22295274795,
    201.7754913239));
#1861 = CARTESIAN_POINT('',(-4.219877768847,284.27892768796,
    201.75030255199));
#1862 = CARTESIAN_POINT('',(-4.280721763033,284.29771686908,
    201.74184739543));
#1863 = CARTESIAN_POINT('',(-4.31140528169,284.30085764607,
    201.74043403587));
#1864 = CARTESIAN_POINT('',(-4.326746287751,284.30085763656,
    201.74043403587));
#1865 = ( GEOMETRIC_REPRESENTATION_CONTEXT(3) 
GLOBAL_UNCERTAINTY_ASSIGNED_CONTEXT((#1869)) 
GLOBAL_UNIT_ASSIGNED_CONTEXT((#1866,#1867,#1868)) REPRESENTATION_CONTEXT
('Context #1','3D Context with UNIT and UNCERTAINTY') );
#1866 = ( LENGTH_UNIT() NAMED_UNIT(*) SI_UNIT(.MILLI.,.METRE.) );
#1867 = ( NAMED_UNIT(*) PLANE_ANGLE_UNIT() SI_UNIT($,.RADIAN.) );
#1868 = ( NAMED_UNIT(*) SI_UNIT($,.STERADIAN.) SOLID_ANGLE_UNIT() );
#1869 = UNCERTAINTY_MEASURE_WITH_UNIT(LENGTH_MEASURE(2.E-03),#1866,
  'distance_accuracy_value','confusion accuracy');
#1870 = PRODUCT_RELATED_PRODUCT_CATEGORY('part',$,(#7));
#1871 = MECHANICAL_DESIGN_GEOMETRIC_PRESENTATION_REPRESENTATION('',(
    #1872),#1865);
#1872 = STYLED_ITEM('color',(#1873),#15);
#1873 = PRESENTATION_STYLE_ASSIGNMENT((#1874,#1880));
#1874 = SURFACE_STYLE_USAGE(.BOTH.,#1875);
#1875 = SURFACE_SIDE_STYLE('',(#1876));
#1876 = SURFACE_STYLE_FILL_AREA(#1877);
#1877 = FILL_AREA_STYLE('',(#1878));
#1878 = FILL_AREA_STYLE_COLOUR('',#1879);
#1879 = COLOUR_RGB('',0.623529443769,0.713725498821,0.858823546443);
#1880 = CURVE_STYLE('',#1881,POSITIVE_LENGTH_MEASURE(0.1),#1882);
#1881 = DRAUGHTING_PRE_DEFINED_CURVE_FONT('continuous');
#1882 = COLOUR_RGB('',9.803921802644E-02,9.803921802644E-02,
  9.803921802644E-02);
ENDSEC;
END-ISO-10303-21;
