ISO-10303-21;
HEADER;
FILE_DESCRIPTION(('FreeCAD Model'),'2;1');
FILE_NAME('Open CASCADE Shape Model','2025-11-08T20:51:35',(''),(''),
  'Open CASCADE STEP processor 7.9','FreeCAD','Unknown');
FILE_SCHEMA(('AUTOMOTIVE_DESIGN { 1 0 10303 214 1 1 1 1 }'));
ENDSEC;
DATA;
#1 = APPLICATION_PROTOCOL_DEFINITION('international standard',
  'automotive_design',2000,#2);
#2 = APPLICATION_CONTEXT(
  'core data for automotive mechanical design processes');
#3 = SHAPE_DEFINITION_REPRESENTATION(#4,#10);
#4 = PRODUCT_DEFINITION_SHAPE('','',#5);
#5 = PRODUCT_DEFINITION('design','',#6,#9);
#6 = PRODUCT_DEFINITION_FORMATION('','',#7);
#7 = PRODUCT('UBBI_Ecas001','UBBI_Ecas001','',(#8));
#8 = PRODUCT_CONTEXT('',#2,'mechanical');
#9 = PRODUCT_DEFINITION_CONTEXT('part definition',#2,'design');
#10 = ADVANCED_BREP_SHAPE_REPRESENTATION('',(#11,#15),#5226);
#11 = AXIS2_PLACEMENT_3D('',#12,#13,#14);
#12 = CARTESIAN_POINT('',(0.,0.,0.));
#13 = DIRECTION('',(0.,0.,1.));
#14 = DIRECTION('',(1.,0.,-0.));
#15 = MANIFOLD_SOLID_BREP('',#16);
#16 = CLOSED_SHELL('',(#17,#59,#91,#115,#157,#189,#213,#237,#295,#319,
    #377,#419,#450,#481,#512,#545,#576,#607,#629,#693,#717,#741,#758,
    #770,#782,#820,#851,#882,#909,#931,#955,#982,#999,#1021,#1033,#1085,
    #1097,#1140,#1180,#1211,#1242,#1264,#1276,#1318,#1352,#1449,#1527,
    #1560,#1593,#1732,#1861,#2019,#2062,#2087,#2119,#2185,#2228,#2292,
    #2317,#2393,#2416,#2525,#2576,#2592,#2619,#2635,#2668,#2700,#2724,
    #2775,#2799,#2817,#2869,#2899,#3034,#3056,#3086,#3116,#3134,#3164,
    #3207,#3382,#3404,#3421,#3439,#3470,#3602,#3619,#3650,#3820,#3860,
    #3911,#3936,#3956,#3974,#3993,#4013,#4055,#4097,#4129,#4153,#4188,
    #4221,#4276,#4294,#4316,#4333,#4359,#4377,#4417,#4444,#4470,#4503,
    #4525,#4553,#4570,#4596,#4621,#4639,#4656,#4674,#4686,#4706,#4726,
    #4743,#4760,#4774,#4786,#4804,#4822,#4847,#4865,#4877,#4895,#4912,
    #4925,#4942,#4954,#4966,#4997,#5022,#5039,#5070,#5094,#5112,#5158,
    #5180,#5197,#5214));
#17 = ADVANCED_FACE('',(#18),#54,.F.);
#18 = FACE_BOUND('',#19,.F.);
#19 = EDGE_LOOP('',(#20,#31,#39,#48));
#20 = ORIENTED_EDGE('',*,*,#21,.T.);
#21 = EDGE_CURVE('',#22,#24,#26,.T.);
#22 = VERTEX_POINT('',#23);
#23 = CARTESIAN_POINT('',(31.777931467772,-41.3999999798,2.783013693133)
  );
#24 = VERTEX_POINT('',#25);
#25 = CARTESIAN_POINT('',(31.777931467772,-41.3999999798,-2.783013693133
    ));
#26 = CIRCLE('',#27,4.3);
#27 = AXIS2_PLACEMENT_3D('',#28,#29,#30);
#28 = CARTESIAN_POINT('',(28.499999988342,-41.3999999798,
    1.040834085586E-16));
#29 = DIRECTION('',(1.665334536938E-16,1.,2.465190328816E-31));
#30 = DIRECTION('',(1.,-1.665334536938E-16,1.577721810442E-30));
#31 = ORIENTED_EDGE('',*,*,#32,.F.);
#32 = EDGE_CURVE('',#33,#24,#35,.T.);
#33 = VERTEX_POINT('',#34);
#34 = CARTESIAN_POINT('',(31.694692961069,-39.6999999798,-2.236948101769
    ));
#35 = ( BOUNDED_CURVE() B_SPLINE_CURVE(2,(#36,#37,#38),.UNSPECIFIED.,.F.
,.F.) B_SPLINE_CURVE_WITH_KNOTS((3,3),(3.477863021271E-02,0.210479978223
),.PIECEWISE_BEZIER_KNOTS.) CURVE() GEOMETRIC_REPRESENTATION_ITEM() 
RATIONAL_B_SPLINE_CURVE((1.000901638606,1.002728354639,1.)) 
REPRESENTATION_ITEM('') );
#36 = CARTESIAN_POINT('',(31.694692961069,-39.6999999798,-2.236948101769
    ));
#37 = CARTESIAN_POINT('',(31.73428200694,-40.47093021236,-2.496662224491
    ));
#38 = CARTESIAN_POINT('',(31.777931467772,-41.3999999798,-2.783013693133
    ));
#39 = ORIENTED_EDGE('',*,*,#40,.F.);
#40 = EDGE_CURVE('',#41,#33,#43,.T.);
#41 = VERTEX_POINT('',#42);
#42 = CARTESIAN_POINT('',(31.694692961069,-39.6999999798,2.236948101769)
  );
#43 = CIRCLE('',#44,3.9);
#44 = AXIS2_PLACEMENT_3D('',#45,#46,#47);
#45 = CARTESIAN_POINT('',(28.499999988342,-39.6999999798,
    3.554804454152E-29));
#46 = DIRECTION('',(1.665334536938E-16,1.,2.465190328816E-31));
#47 = DIRECTION('',(1.,-1.665334536938E-16,1.577721810442E-30));
#48 = ORIENTED_EDGE('',*,*,#49,.F.);
#49 = EDGE_CURVE('',#22,#41,#50,.T.);
#50 = ( BOUNDED_CURVE() B_SPLINE_CURVE(2,(#51,#52,#53),.UNSPECIFIED.,.F.
,.F.) B_SPLINE_CURVE_WITH_KNOTS((3,3),(0.,0.17570134801),
.PIECEWISE_BEZIER_KNOTS.) CURVE() GEOMETRIC_REPRESENTATION_ITEM() 
RATIONAL_B_SPLINE_CURVE((1.,1.00272835464,1.000901638606)) 
REPRESENTATION_ITEM('') );
#51 = CARTESIAN_POINT('',(31.777931467772,-41.3999999798,2.783013693133)
  );
#52 = CARTESIAN_POINT('',(31.73428200694,-40.47093021236,2.496662224491)
  );
#53 = CARTESIAN_POINT('',(31.694692961069,-39.6999999798,2.236948101769)
  );
#54 = CONICAL_SURFACE('',#55,4.1,0.231090667196);
#55 = AXIS2_PLACEMENT_3D('',#56,#57,#58);
#56 = CARTESIAN_POINT('',(28.499999988342,-40.5499999798,
    3.533850336357E-29));
#57 = DIRECTION('',(5.551115123127E-17,-1.,-2.465190328816E-31));
#58 = DIRECTION('',(1.,5.551115123127E-17,1.577721810442E-30));
#59 = ADVANCED_FACE('',(#60),#86,.F.);
#60 = FACE_BOUND('',#61,.F.);
#61 = EDGE_LOOP('',(#62,#70,#79,#85));
#62 = ORIENTED_EDGE('',*,*,#63,.T.);
#63 = EDGE_CURVE('',#33,#64,#66,.T.);
#64 = VERTEX_POINT('',#65);
#65 = CARTESIAN_POINT('',(31.694692961069,-39.3999999798,-2.236948101769
    ));
#66 = LINE('',#67,#68);
#67 = CARTESIAN_POINT('',(31.694692961069,-41.3999999798,-2.236948101769
    ));
#68 = VECTOR('',#69,1.);
#69 = DIRECTION('',(-5.551115123127E-17,1.,2.465190328816E-31));
#70 = ORIENTED_EDGE('',*,*,#71,.T.);
#71 = EDGE_CURVE('',#64,#72,#74,.T.);
#72 = VERTEX_POINT('',#73);
#73 = CARTESIAN_POINT('',(31.694692961069,-39.3999999798,2.236948101769)
  );
#74 = CIRCLE('',#75,3.9);
#75 = AXIS2_PLACEMENT_3D('',#76,#77,#78);
#76 = CARTESIAN_POINT('',(28.499999988342,-39.3999999798,
    3.562200025139E-29));
#77 = DIRECTION('',(-1.665334536938E-16,-1.,-2.465190328816E-31));
#78 = DIRECTION('',(1.,-1.665334536938E-16,1.577721810442E-30));
#79 = ORIENTED_EDGE('',*,*,#80,.F.);
#80 = EDGE_CURVE('',#41,#72,#81,.T.);
#81 = LINE('',#82,#83);
#82 = CARTESIAN_POINT('',(31.694692961069,-41.3999999798,2.236948101769)
  );
#83 = VECTOR('',#84,1.);
#84 = DIRECTION('',(-5.551115123127E-17,1.,2.465190328816E-31));
#85 = ORIENTED_EDGE('',*,*,#40,.T.);
#86 = CYLINDRICAL_SURFACE('',#87,3.9);
#87 = AXIS2_PLACEMENT_3D('',#88,#89,#90);
#88 = CARTESIAN_POINT('',(28.499999988342,-41.3999999798,
    3.512896218562E-29));
#89 = DIRECTION('',(-5.551115123127E-17,1.,2.465190328816E-31));
#90 = DIRECTION('',(1.,5.551115123127E-17,1.577721810442E-30));
#91 = ADVANCED_FACE('',(#92),#110,.T.);
#92 = FACE_BOUND('',#93,.T.);
#93 = EDGE_LOOP('',(#94,#95,#103,#109));
#94 = ORIENTED_EDGE('',*,*,#49,.F.);
#95 = ORIENTED_EDGE('',*,*,#96,.T.);
#96 = EDGE_CURVE('',#22,#97,#99,.T.);
#97 = VERTEX_POINT('',#98);
#98 = CARTESIAN_POINT('',(31.777931467772,-39.3999999798,2.783013693133)
  );
#99 = LINE('',#100,#101);
#100 = CARTESIAN_POINT('',(31.777931467772,-41.9999999798,2.783013693133
    ));
#101 = VECTOR('',#102,1.);
#102 = DIRECTION('',(-5.551115123127E-17,1.,2.465190328816E-31));
#103 = ORIENTED_EDGE('',*,*,#104,.T.);
#104 = EDGE_CURVE('',#97,#72,#105,.T.);
#105 = LINE('',#106,#107);
#106 = CARTESIAN_POINT('',(31.555156520515,-39.3999999798,1.321553869615
    ));
#107 = VECTOR('',#108,1.);
#108 = DIRECTION('',(-0.150692483596,2.509533973898E-17,-0.988580687343)
  );
#109 = ORIENTED_EDGE('',*,*,#80,.F.);
#110 = PLANE('',#111);
#111 = AXIS2_PLACEMENT_3D('',#112,#113,#114);
#112 = CARTESIAN_POINT('',(31.736312214421,-41.9999999798,2.509980897451
    ));
#113 = DIRECTION('',(-0.988580687343,-5.487725203941E-17,0.150692483596)
  );
#114 = DIRECTION('',(0.150692483596,8.365113246327E-18,0.988580687343));
#115 = ADVANCED_FACE('',(#116),#152,.F.);
#116 = FACE_BOUND('',#117,.F.);
#117 = EDGE_LOOP('',(#118,#129,#137,#146));
#118 = ORIENTED_EDGE('',*,*,#119,.T.);
#119 = EDGE_CURVE('',#120,#122,#124,.T.);
#120 = VERTEX_POINT('',#121);
#121 = CARTESIAN_POINT('',(25.222068508913,-41.3999999798,
    -2.783013693133));
#122 = VERTEX_POINT('',#123);
#123 = CARTESIAN_POINT('',(25.222068508913,-41.3999999798,2.783013693133
    ));
#124 = CIRCLE('',#125,4.3);
#125 = AXIS2_PLACEMENT_3D('',#126,#127,#128);
#126 = CARTESIAN_POINT('',(28.499999988342,-41.3999999798,
    1.040834085586E-16));
#127 = DIRECTION('',(1.665334536938E-16,1.,2.465190328816E-31));
#128 = DIRECTION('',(-1.,1.665334536938E-16,-1.577721810442E-30));
#129 = ORIENTED_EDGE('',*,*,#130,.F.);
#130 = EDGE_CURVE('',#131,#122,#133,.T.);
#131 = VERTEX_POINT('',#132);
#132 = CARTESIAN_POINT('',(25.305307015615,-39.6999999798,2.236948101769
    ));
#133 = ( BOUNDED_CURVE() B_SPLINE_CURVE(2,(#134,#135,#136),
.UNSPECIFIED.,.F.,.F.) B_SPLINE_CURVE_WITH_KNOTS((3,3),(
3.477863021273E-02,0.210479978223),.PIECEWISE_BEZIER_KNOTS.) CURVE() 
GEOMETRIC_REPRESENTATION_ITEM() RATIONAL_B_SPLINE_CURVE((1.000901638606,
1.002728354639,1.)) REPRESENTATION_ITEM('') );
#134 = CARTESIAN_POINT('',(25.305307015615,-39.6999999798,2.236948101769
    ));
#135 = CARTESIAN_POINT('',(25.265717969745,-40.47093021236,
    2.496662224491));
#136 = CARTESIAN_POINT('',(25.222068508913,-41.3999999798,2.783013693133
    ));
#137 = ORIENTED_EDGE('',*,*,#138,.F.);
#138 = EDGE_CURVE('',#139,#131,#141,.T.);
#139 = VERTEX_POINT('',#140);
#140 = CARTESIAN_POINT('',(25.305307015615,-39.6999999798,
    -2.236948101769));
#141 = CIRCLE('',#142,3.9);
#142 = AXIS2_PLACEMENT_3D('',#143,#144,#145);
#143 = CARTESIAN_POINT('',(28.499999988342,-39.6999999798,
    3.554804454152E-29));
#144 = DIRECTION('',(1.665334536938E-16,1.,2.465190328816E-31));
#145 = DIRECTION('',(-1.,1.665334536938E-16,-1.577721810442E-30));
#146 = ORIENTED_EDGE('',*,*,#147,.F.);
#147 = EDGE_CURVE('',#120,#139,#148,.T.);
#148 = ( BOUNDED_CURVE() B_SPLINE_CURVE(2,(#149,#150,#151),
.UNSPECIFIED.,.F.,.F.) B_SPLINE_CURVE_WITH_KNOTS((3,3),(0.,0.17570134801
),.PIECEWISE_BEZIER_KNOTS.) CURVE() GEOMETRIC_REPRESENTATION_ITEM() 
RATIONAL_B_SPLINE_CURVE((1.,1.002728354638,1.000901638606)) 
REPRESENTATION_ITEM('') );
#149 = CARTESIAN_POINT('',(25.222068508913,-41.3999999798,
    -2.783013693133));
#150 = CARTESIAN_POINT('',(25.265717969745,-40.47093021236,
    -2.496662224491));
#151 = CARTESIAN_POINT('',(25.305307015615,-39.6999999798,
    -2.236948101769));
#152 = CONICAL_SURFACE('',#153,4.1,0.231090667196);
#153 = AXIS2_PLACEMENT_3D('',#154,#155,#156);
#154 = CARTESIAN_POINT('',(28.499999988342,-40.5499999798,
    3.533850336357E-29));
#155 = DIRECTION('',(5.551115123127E-17,-1.,-2.465190328816E-31));
#156 = DIRECTION('',(-1.,-5.551115123127E-17,-1.577721810442E-30));
#157 = ADVANCED_FACE('',(#158),#184,.F.);
#158 = FACE_BOUND('',#159,.F.);
#159 = EDGE_LOOP('',(#160,#168,#177,#183));
#160 = ORIENTED_EDGE('',*,*,#161,.T.);
#161 = EDGE_CURVE('',#131,#162,#164,.T.);
#162 = VERTEX_POINT('',#163);
#163 = CARTESIAN_POINT('',(25.305307015615,-39.3999999798,2.236948101769
    ));
#164 = LINE('',#165,#166);
#165 = CARTESIAN_POINT('',(25.305307015615,-41.3999999798,2.236948101769
    ));
#166 = VECTOR('',#167,1.);
#167 = DIRECTION('',(-5.551115123127E-17,1.,2.465190328816E-31));
#168 = ORIENTED_EDGE('',*,*,#169,.T.);
#169 = EDGE_CURVE('',#162,#170,#172,.T.);
#170 = VERTEX_POINT('',#171);
#171 = CARTESIAN_POINT('',(25.305307015615,-39.3999999798,
    -2.236948101769));
#172 = CIRCLE('',#173,3.9);
#173 = AXIS2_PLACEMENT_3D('',#174,#175,#176);
#174 = CARTESIAN_POINT('',(28.499999988342,-39.3999999798,
    3.562200025139E-29));
#175 = DIRECTION('',(-1.665334536938E-16,-1.,-2.465190328816E-31));
#176 = DIRECTION('',(1.,-1.665334536938E-16,1.577721810442E-30));
#177 = ORIENTED_EDGE('',*,*,#178,.F.);
#178 = EDGE_CURVE('',#139,#170,#179,.T.);
#179 = LINE('',#180,#181);
#180 = CARTESIAN_POINT('',(25.305307015615,-41.3999999798,
    -2.236948101769));
#181 = VECTOR('',#182,1.);
#182 = DIRECTION('',(-5.551115123127E-17,1.,2.465190328816E-31));
#183 = ORIENTED_EDGE('',*,*,#138,.T.);
#184 = CYLINDRICAL_SURFACE('',#185,3.9);
#185 = AXIS2_PLACEMENT_3D('',#186,#187,#188);
#186 = CARTESIAN_POINT('',(28.499999988342,-41.3999999798,
    3.512896218562E-29));
#187 = DIRECTION('',(-5.551115123127E-17,1.,2.465190328816E-31));
#188 = DIRECTION('',(-1.,-5.551115123127E-17,-1.224646799147E-16));
#189 = ADVANCED_FACE('',(#190),#208,.T.);
#190 = FACE_BOUND('',#191,.T.);
#191 = EDGE_LOOP('',(#192,#193,#201,#207));
#192 = ORIENTED_EDGE('',*,*,#147,.F.);
#193 = ORIENTED_EDGE('',*,*,#194,.T.);
#194 = EDGE_CURVE('',#120,#195,#197,.T.);
#195 = VERTEX_POINT('',#196);
#196 = CARTESIAN_POINT('',(25.222068508913,-39.3999999798,
    -2.783013693133));
#197 = LINE('',#198,#199);
#198 = CARTESIAN_POINT('',(25.222068508913,-41.9999999798,
    -2.783013693133));
#199 = VECTOR('',#200,1.);
#200 = DIRECTION('',(-5.551115123127E-17,1.,2.465190328816E-31));
#201 = ORIENTED_EDGE('',*,*,#202,.T.);
#202 = EDGE_CURVE('',#195,#170,#203,.T.);
#203 = LINE('',#204,#205);
#204 = CARTESIAN_POINT('',(25.44484345617,-39.3999999798,-1.321553869615
    ));
#205 = VECTOR('',#206,1.);
#206 = DIRECTION('',(0.150692483596,-2.509533973898E-17,0.988580687343)
  );
#207 = ORIENTED_EDGE('',*,*,#178,.F.);
#208 = PLANE('',#209);
#209 = AXIS2_PLACEMENT_3D('',#210,#211,#212);
#210 = CARTESIAN_POINT('',(25.263687762264,-41.9999999798,
    -2.509980897451));
#211 = DIRECTION('',(0.988580687343,5.487725203941E-17,-0.150692483596)
  );
#212 = DIRECTION('',(-0.150692483596,-8.365113246327E-18,-0.988580687343
    ));
#213 = ADVANCED_FACE('',(#214),#232,.T.);
#214 = FACE_BOUND('',#215,.T.);
#215 = EDGE_LOOP('',(#216,#217,#218,#226));
#216 = ORIENTED_EDGE('',*,*,#32,.F.);
#217 = ORIENTED_EDGE('',*,*,#63,.T.);
#218 = ORIENTED_EDGE('',*,*,#219,.T.);
#219 = EDGE_CURVE('',#64,#220,#222,.T.);
#220 = VERTEX_POINT('',#221);
#221 = CARTESIAN_POINT('',(31.777931467772,-39.3999999798,
    -2.783013693133));
#222 = LINE('',#223,#224);
#223 = CARTESIAN_POINT('',(31.555156520515,-39.3999999798,
    -1.321553869615));
#224 = VECTOR('',#225,1.);
#225 = DIRECTION('',(0.150692483596,-2.509533973898E-17,-0.988580687343)
  );
#226 = ORIENTED_EDGE('',*,*,#227,.T.);
#227 = EDGE_CURVE('',#220,#24,#228,.T.);
#228 = LINE('',#229,#230);
#229 = CARTESIAN_POINT('',(31.777931467772,-41.9999999798,
    -2.783013693133));
#230 = VECTOR('',#231,1.);
#231 = DIRECTION('',(5.551115123127E-17,-1.,-2.465190328816E-31));
#232 = PLANE('',#233);
#233 = AXIS2_PLACEMENT_3D('',#234,#235,#236);
#234 = CARTESIAN_POINT('',(31.736312214421,-41.9999999798,
    -2.509980897451));
#235 = DIRECTION('',(-0.988580687343,-5.487725203941E-17,-0.150692483596
    ));
#236 = DIRECTION('',(-0.150692483596,-8.365113246327E-18,0.988580687343)
  );
#237 = ADVANCED_FACE('',(#238),#290,.F.);
#238 = FACE_BOUND('',#239,.F.);
#239 = EDGE_LOOP('',(#240,#249,#257,#266,#274,#281,#282,#289));
#240 = ORIENTED_EDGE('',*,*,#241,.T.);
#241 = EDGE_CURVE('',#24,#242,#244,.T.);
#242 = VERTEX_POINT('',#243);
#243 = CARTESIAN_POINT('',(30.649999988507,-41.3999999798,
    -3.723909236221));
#244 = CIRCLE('',#245,4.3);
#245 = AXIS2_PLACEMENT_3D('',#246,#247,#248);
#246 = CARTESIAN_POINT('',(28.499999988342,-41.3999999798,
    1.040834085586E-16));
#247 = DIRECTION('',(1.665334536938E-16,1.,2.465190328816E-31));
#248 = DIRECTION('',(1.,-1.665334536938E-16,1.577721810442E-30));
#249 = ORIENTED_EDGE('',*,*,#250,.T.);
#250 = EDGE_CURVE('',#242,#251,#253,.T.);
#251 = VERTEX_POINT('',#252);
#252 = CARTESIAN_POINT('',(30.649999988507,-38.7999999798,
    -3.723909236221));
#253 = LINE('',#254,#255);
#254 = CARTESIAN_POINT('',(30.649999988507,-41.9999999798,
    -3.723909236221));
#255 = VECTOR('',#256,1.);
#256 = DIRECTION('',(-5.551115123127E-17,1.,2.465190328816E-31));
#257 = ORIENTED_EDGE('',*,*,#258,.F.);
#258 = EDGE_CURVE('',#259,#251,#261,.T.);
#259 = VERTEX_POINT('',#260);
#260 = CARTESIAN_POINT('',(30.649999988342,-38.7999999798,3.723909236273
    ));
#261 = CIRCLE('',#262,4.3);
#262 = AXIS2_PLACEMENT_3D('',#263,#264,#265);
#263 = CARTESIAN_POINT('',(28.499999988342,-38.7999999798,
    1.040834085586E-16));
#264 = DIRECTION('',(1.665334536938E-16,1.,2.465190328816E-31));
#265 = DIRECTION('',(1.,-1.665334536938E-16,1.577721810442E-30));
#266 = ORIENTED_EDGE('',*,*,#267,.F.);
#267 = EDGE_CURVE('',#268,#259,#270,.T.);
#268 = VERTEX_POINT('',#269);
#269 = CARTESIAN_POINT('',(30.649999988342,-41.3999999798,3.723909236273
    ));
#270 = LINE('',#271,#272);
#271 = CARTESIAN_POINT('',(30.649999988342,-41.9999999798,3.723909236273
    ));
#272 = VECTOR('',#273,1.);
#273 = DIRECTION('',(-5.551115123127E-17,1.,2.465190328816E-31));
#274 = ORIENTED_EDGE('',*,*,#275,.T.);
#275 = EDGE_CURVE('',#268,#22,#276,.T.);
#276 = CIRCLE('',#277,4.3);
#277 = AXIS2_PLACEMENT_3D('',#278,#279,#280);
#278 = CARTESIAN_POINT('',(28.499999988342,-41.3999999798,
    1.040834085586E-16));
#279 = DIRECTION('',(1.665334536938E-16,1.,2.465190328816E-31));
#280 = DIRECTION('',(1.,-1.665334536938E-16,1.577721810442E-30));
#281 = ORIENTED_EDGE('',*,*,#96,.T.);
#282 = ORIENTED_EDGE('',*,*,#283,.F.);
#283 = EDGE_CURVE('',#220,#97,#284,.T.);
#284 = CIRCLE('',#285,4.3);
#285 = AXIS2_PLACEMENT_3D('',#286,#287,#288);
#286 = CARTESIAN_POINT('',(28.499999988342,-39.3999999798,
    1.040834085586E-16));
#287 = DIRECTION('',(-1.665334536938E-16,-1.,-2.465190328816E-31));
#288 = DIRECTION('',(1.,-1.665334536938E-16,1.577721810442E-30));
#289 = ORIENTED_EDGE('',*,*,#227,.T.);
#290 = CYLINDRICAL_SURFACE('',#291,4.3);
#291 = AXIS2_PLACEMENT_3D('',#292,#293,#294);
#292 = CARTESIAN_POINT('',(28.499999988342,-41.9999999798,
    1.040834085586E-16));
#293 = DIRECTION('',(-5.551115123127E-17,1.,2.465190328816E-31));
#294 = DIRECTION('',(1.,5.551115123127E-17,1.577721810442E-30));
#295 = ADVANCED_FACE('',(#296),#314,.T.);
#296 = FACE_BOUND('',#297,.T.);
#297 = EDGE_LOOP('',(#298,#299,#300,#308));
#298 = ORIENTED_EDGE('',*,*,#130,.F.);
#299 = ORIENTED_EDGE('',*,*,#161,.T.);
#300 = ORIENTED_EDGE('',*,*,#301,.T.);
#301 = EDGE_CURVE('',#162,#302,#304,.T.);
#302 = VERTEX_POINT('',#303);
#303 = CARTESIAN_POINT('',(25.222068508913,-39.3999999798,2.783013693133
    ));
#304 = LINE('',#305,#306);
#305 = CARTESIAN_POINT('',(25.44484345617,-39.3999999798,1.321553869615)
  );
#306 = VECTOR('',#307,1.);
#307 = DIRECTION('',(-0.150692483596,2.509533973898E-17,0.988580687343)
  );
#308 = ORIENTED_EDGE('',*,*,#309,.T.);
#309 = EDGE_CURVE('',#302,#122,#310,.T.);
#310 = LINE('',#311,#312);
#311 = CARTESIAN_POINT('',(25.222068508913,-41.9999999798,2.783013693133
    ));
#312 = VECTOR('',#313,1.);
#313 = DIRECTION('',(5.551115123127E-17,-1.,-2.465190328816E-31));
#314 = PLANE('',#315);
#315 = AXIS2_PLACEMENT_3D('',#316,#317,#318);
#316 = CARTESIAN_POINT('',(25.263687762264,-41.9999999798,2.509980897451
    ));
#317 = DIRECTION('',(0.988580687343,5.487725203941E-17,0.150692483596));
#318 = DIRECTION('',(0.150692483596,8.365113246327E-18,-0.988580687343)
  );
#319 = ADVANCED_FACE('',(#320),#372,.F.);
#320 = FACE_BOUND('',#321,.F.);
#321 = EDGE_LOOP('',(#322,#331,#339,#348,#356,#363,#364,#371));
#322 = ORIENTED_EDGE('',*,*,#323,.T.);
#323 = EDGE_CURVE('',#122,#324,#326,.T.);
#324 = VERTEX_POINT('',#325);
#325 = CARTESIAN_POINT('',(26.349999988342,-41.3999999798,3.723909236273
    ));
#326 = CIRCLE('',#327,4.3);
#327 = AXIS2_PLACEMENT_3D('',#328,#329,#330);
#328 = CARTESIAN_POINT('',(28.499999988342,-41.3999999798,
    1.040834085586E-16));
#329 = DIRECTION('',(1.665334536938E-16,1.,2.465190328816E-31));
#330 = DIRECTION('',(-1.,1.665334536938E-16,-1.577721810442E-30));
#331 = ORIENTED_EDGE('',*,*,#332,.T.);
#332 = EDGE_CURVE('',#324,#333,#335,.T.);
#333 = VERTEX_POINT('',#334);
#334 = CARTESIAN_POINT('',(26.349999988342,-38.7999999798,3.723909236273
    ));
#335 = LINE('',#336,#337);
#336 = CARTESIAN_POINT('',(26.349999988342,-41.9999999798,3.723909236273
    ));
#337 = VECTOR('',#338,1.);
#338 = DIRECTION('',(-5.551115123127E-17,1.,2.465190328816E-31));
#339 = ORIENTED_EDGE('',*,*,#340,.F.);
#340 = EDGE_CURVE('',#341,#333,#343,.T.);
#341 = VERTEX_POINT('',#342);
#342 = CARTESIAN_POINT('',(26.349999988178,-38.7999999798,
    -3.723909236221));
#343 = CIRCLE('',#344,4.3);
#344 = AXIS2_PLACEMENT_3D('',#345,#346,#347);
#345 = CARTESIAN_POINT('',(28.499999988342,-38.7999999798,
    1.040834085586E-16));
#346 = DIRECTION('',(1.665334536938E-16,1.,2.465190328816E-31));
#347 = DIRECTION('',(1.,-1.665334536938E-16,1.577721810442E-30));
#348 = ORIENTED_EDGE('',*,*,#349,.F.);
#349 = EDGE_CURVE('',#350,#341,#352,.T.);
#350 = VERTEX_POINT('',#351);
#351 = CARTESIAN_POINT('',(26.349999988178,-41.3999999798,
    -3.723909236221));
#352 = LINE('',#353,#354);
#353 = CARTESIAN_POINT('',(26.349999988178,-41.9999999798,
    -3.723909236221));
#354 = VECTOR('',#355,1.);
#355 = DIRECTION('',(-5.551115123127E-17,1.,2.465190328816E-31));
#356 = ORIENTED_EDGE('',*,*,#357,.T.);
#357 = EDGE_CURVE('',#350,#120,#358,.T.);
#358 = CIRCLE('',#359,4.3);
#359 = AXIS2_PLACEMENT_3D('',#360,#361,#362);
#360 = CARTESIAN_POINT('',(28.499999988342,-41.3999999798,
    1.040834085586E-16));
#361 = DIRECTION('',(1.665334536938E-16,1.,2.465190328816E-31));
#362 = DIRECTION('',(-1.,1.665334536938E-16,-1.577721810442E-30));
#363 = ORIENTED_EDGE('',*,*,#194,.T.);
#364 = ORIENTED_EDGE('',*,*,#365,.F.);
#365 = EDGE_CURVE('',#302,#195,#366,.T.);
#366 = CIRCLE('',#367,4.3);
#367 = AXIS2_PLACEMENT_3D('',#368,#369,#370);
#368 = CARTESIAN_POINT('',(28.499999988342,-39.3999999798,
    1.040834085586E-16));
#369 = DIRECTION('',(-1.665334536938E-16,-1.,-2.465190328816E-31));
#370 = DIRECTION('',(1.,-1.665334536938E-16,1.577721810442E-30));
#371 = ORIENTED_EDGE('',*,*,#309,.T.);
#372 = CYLINDRICAL_SURFACE('',#373,4.3);
#373 = AXIS2_PLACEMENT_3D('',#374,#375,#376);
#374 = CARTESIAN_POINT('',(28.499999988342,-41.9999999798,
    1.040834085586E-16));
#375 = DIRECTION('',(-5.551115123127E-17,1.,2.465190328816E-31));
#376 = DIRECTION('',(-1.,-5.551115123127E-17,1.957735119171E-11));
#377 = ADVANCED_FACE('',(#378),#414,.F.);
#378 = FACE_BOUND('',#379,.F.);
#379 = EDGE_LOOP('',(#380,#390,#399,#407));
#380 = ORIENTED_EDGE('',*,*,#381,.T.);
#381 = EDGE_CURVE('',#382,#384,#386,.T.);
#382 = VERTEX_POINT('',#383);
#383 = CARTESIAN_POINT('',(26.549999999868,-34.5,-3.377499074683));
#384 = VERTEX_POINT('',#385);
#385 = CARTESIAN_POINT('',(26.54999998821,-38.7999999798,-3.377499074683
    ));
#386 = LINE('',#387,#388);
#387 = CARTESIAN_POINT('',(26.549999999868,-34.5,-3.377499074683));
#388 = VECTOR('',#389,1.);
#389 = DIRECTION('',(0.,-1.,0.));
#390 = ORIENTED_EDGE('',*,*,#391,.T.);
#391 = EDGE_CURVE('',#384,#392,#394,.T.);
#392 = VERTEX_POINT('',#393);
#393 = CARTESIAN_POINT('',(26.549999988342,-38.7999999798,3.377499074759
    ));
#394 = CIRCLE('',#395,3.9);
#395 = AXIS2_PLACEMENT_3D('',#396,#397,#398);
#396 = CARTESIAN_POINT('',(28.499999988342,-38.7999999798,
    3.576991167112E-29));
#397 = DIRECTION('',(1.665334536938E-16,1.,2.465190328816E-31));
#398 = DIRECTION('',(1.,-1.665334536938E-16,1.577721810442E-30));
#399 = ORIENTED_EDGE('',*,*,#400,.F.);
#400 = EDGE_CURVE('',#401,#392,#403,.T.);
#401 = VERTEX_POINT('',#402);
#402 = CARTESIAN_POINT('',(26.55,-34.5,3.377499074759));
#403 = LINE('',#404,#405);
#404 = CARTESIAN_POINT('',(26.55,-34.5,3.377499074759));
#405 = VECTOR('',#406,1.);
#406 = DIRECTION('',(0.,-1.,0.));
#407 = ORIENTED_EDGE('',*,*,#408,.T.);
#408 = EDGE_CURVE('',#401,#382,#409,.T.);
#409 = CIRCLE('',#410,3.9);
#410 = AXIS2_PLACEMENT_3D('',#411,#412,#413);
#411 = CARTESIAN_POINT('',(28.5,-34.5,0.));
#412 = DIRECTION('',(-2.22044604925E-16,-1.,0.));
#413 = DIRECTION('',(1.,-2.22044604925E-16,0.));
#414 = CYLINDRICAL_SURFACE('',#415,3.9);
#415 = AXIS2_PLACEMENT_3D('',#416,#417,#418);
#416 = CARTESIAN_POINT('',(28.5,-34.5,0.));
#417 = DIRECTION('',(0.,-1.,0.));
#418 = DIRECTION('',(-1.,0.,1.95769071025E-11));
#419 = ADVANCED_FACE('',(#420),#445,.T.);
#420 = FACE_BOUND('',#421,.T.);
#421 = EDGE_LOOP('',(#422,#430,#431,#439));
#422 = ORIENTED_EDGE('',*,*,#423,.F.);
#423 = EDGE_CURVE('',#382,#424,#426,.T.);
#424 = VERTEX_POINT('',#425);
#425 = CARTESIAN_POINT('',(27.80140831103,-34.5,-4.1));
#426 = LINE('',#427,#428);
#427 = CARTESIAN_POINT('',(27.175704155514,-34.5,-3.738749537379));
#428 = VECTOR('',#429,1.);
#429 = DIRECTION('',(0.866025403784,-1.922962686383E-16,-0.500000000001)
  );
#430 = ORIENTED_EDGE('',*,*,#381,.T.);
#431 = ORIENTED_EDGE('',*,*,#432,.F.);
#432 = EDGE_CURVE('',#433,#384,#435,.T.);
#433 = VERTEX_POINT('',#434);
#434 = CARTESIAN_POINT('',(27.801408299373,-38.7999999798,-4.1));
#435 = LINE('',#436,#437);
#436 = CARTESIAN_POINT('',(26.549999988275,-38.7999999798,-3.37749907472
    ));
#437 = VECTOR('',#438,1.);
#438 = DIRECTION('',(-0.866025403784,1.442222014787E-16,0.500000000001)
  );
#439 = ORIENTED_EDGE('',*,*,#440,.F.);
#440 = EDGE_CURVE('',#424,#433,#441,.T.);
#441 = LINE('',#442,#443);
#442 = CARTESIAN_POINT('',(27.80140831103,-34.5,-4.1));
#443 = VECTOR('',#444,1.);
#444 = DIRECTION('',(0.,-1.,0.));
#445 = PLANE('',#446);
#446 = AXIS2_PLACEMENT_3D('',#447,#448,#449);
#447 = CARTESIAN_POINT('',(27.80140831103,-34.5,-4.1));
#448 = DIRECTION('',(0.500000000001,0.,0.866025403784));
#449 = DIRECTION('',(-0.866025403784,1.922962686383E-16,0.500000000001)
  );
#450 = ADVANCED_FACE('',(#451),#476,.T.);
#451 = FACE_BOUND('',#452,.T.);
#452 = EDGE_LOOP('',(#453,#461,#462,#470));
#453 = ORIENTED_EDGE('',*,*,#454,.F.);
#454 = EDGE_CURVE('',#424,#455,#457,.T.);
#455 = VERTEX_POINT('',#456);
#456 = CARTESIAN_POINT('',(29.198591689081,-34.5,-4.1));
#457 = LINE('',#458,#459);
#458 = CARTESIAN_POINT('',(28.849295844541,-34.5,-4.1));
#459 = VECTOR('',#460,1.);
#460 = DIRECTION('',(1.,-2.22044604925E-16,2.383845332115E-15));
#461 = ORIENTED_EDGE('',*,*,#440,.T.);
#462 = ORIENTED_EDGE('',*,*,#463,.F.);
#463 = EDGE_CURVE('',#464,#433,#466,.T.);
#464 = VERTEX_POINT('',#465);
#465 = CARTESIAN_POINT('',(29.198591677424,-38.7999999798,-4.1));
#466 = LINE('',#467,#468);
#467 = CARTESIAN_POINT('',(28.150704143857,-38.7999999798,-4.1));
#468 = VECTOR('',#469,1.);
#469 = DIRECTION('',(-1.,1.665334536938E-16,-2.383845332115E-15));
#470 = ORIENTED_EDGE('',*,*,#471,.F.);
#471 = EDGE_CURVE('',#455,#464,#472,.T.);
#472 = LINE('',#473,#474);
#473 = CARTESIAN_POINT('',(29.198591689081,-34.5,-4.1));
#474 = VECTOR('',#475,1.);
#475 = DIRECTION('',(0.,-1.,0.));
#476 = PLANE('',#477);
#477 = AXIS2_PLACEMENT_3D('',#478,#479,#480);
#478 = CARTESIAN_POINT('',(29.198591689081,-34.5,-4.1));
#479 = DIRECTION('',(-2.383845332115E-15,0.,1.));
#480 = DIRECTION('',(-1.,2.22044604925E-16,-2.383845332115E-15));
#481 = ADVANCED_FACE('',(#482),#507,.T.);
#482 = FACE_BOUND('',#483,.T.);
#483 = EDGE_LOOP('',(#484,#492,#493,#501));
#484 = ORIENTED_EDGE('',*,*,#485,.F.);
#485 = EDGE_CURVE('',#455,#486,#488,.T.);
#486 = VERTEX_POINT('',#487);
#487 = CARTESIAN_POINT('',(30.450000000133,-34.5,-3.377499074683));
#488 = LINE('',#489,#490);
#489 = CARTESIAN_POINT('',(30.450000000133,-34.5,-3.377499074683));
#490 = VECTOR('',#491,1.);
#491 = DIRECTION('',(0.866025403765,-1.92296268634E-16,0.500000000034));
#492 = ORIENTED_EDGE('',*,*,#471,.T.);
#493 = ORIENTED_EDGE('',*,*,#494,.F.);
#494 = EDGE_CURVE('',#495,#464,#497,.T.);
#495 = VERTEX_POINT('',#496);
#496 = CARTESIAN_POINT('',(30.449999988475,-38.7999999798,
    -3.377499074683));
#497 = LINE('',#498,#499);
#498 = CARTESIAN_POINT('',(29.824295832949,-38.7999999798,
    -3.738749537341));
#499 = VECTOR('',#500,1.);
#500 = DIRECTION('',(-0.866025403765,1.442222014755E-16,-0.500000000034)
  );
#501 = ORIENTED_EDGE('',*,*,#502,.F.);
#502 = EDGE_CURVE('',#486,#495,#503,.T.);
#503 = LINE('',#504,#505);
#504 = CARTESIAN_POINT('',(30.450000000133,-34.5,-3.377499074683));
#505 = VECTOR('',#506,1.);
#506 = DIRECTION('',(0.,-1.,0.));
#507 = PLANE('',#508);
#508 = AXIS2_PLACEMENT_3D('',#509,#510,#511);
#509 = CARTESIAN_POINT('',(30.450000000133,-34.5,-3.377499074683));
#510 = DIRECTION('',(-0.500000000034,0.,0.866025403765));
#511 = DIRECTION('',(-0.866025403765,1.92296268634E-16,-0.500000000034)
  );
#512 = ADVANCED_FACE('',(#513),#540,.F.);
#513 = FACE_BOUND('',#514,.F.);
#514 = EDGE_LOOP('',(#515,#525,#532,#533));
#515 = ORIENTED_EDGE('',*,*,#516,.T.);
#516 = EDGE_CURVE('',#517,#519,#521,.T.);
#517 = VERTEX_POINT('',#518);
#518 = CARTESIAN_POINT('',(30.45,-34.5,3.377499074759));
#519 = VERTEX_POINT('',#520);
#520 = CARTESIAN_POINT('',(30.449999988342,-38.7999999798,3.377499074759
    ));
#521 = LINE('',#522,#523);
#522 = CARTESIAN_POINT('',(30.45,-34.5,3.377499074759));
#523 = VECTOR('',#524,1.);
#524 = DIRECTION('',(0.,-1.,0.));
#525 = ORIENTED_EDGE('',*,*,#526,.T.);
#526 = EDGE_CURVE('',#519,#495,#527,.T.);
#527 = CIRCLE('',#528,3.9);
#528 = AXIS2_PLACEMENT_3D('',#529,#530,#531);
#529 = CARTESIAN_POINT('',(28.499999988342,-38.7999999798,
    3.576991167112E-29));
#530 = DIRECTION('',(1.665334536938E-16,1.,2.465190328816E-31));
#531 = DIRECTION('',(1.,-1.665334536938E-16,1.577721810442E-30));
#532 = ORIENTED_EDGE('',*,*,#502,.F.);
#533 = ORIENTED_EDGE('',*,*,#534,.T.);
#534 = EDGE_CURVE('',#486,#517,#535,.T.);
#535 = CIRCLE('',#536,3.9);
#536 = AXIS2_PLACEMENT_3D('',#537,#538,#539);
#537 = CARTESIAN_POINT('',(28.5,-34.5,0.));
#538 = DIRECTION('',(-2.22044604925E-16,-1.,0.));
#539 = DIRECTION('',(1.,-2.22044604925E-16,0.));
#540 = CYLINDRICAL_SURFACE('',#541,3.9);
#541 = AXIS2_PLACEMENT_3D('',#542,#543,#544);
#542 = CARTESIAN_POINT('',(28.5,-34.5,0.));
#543 = DIRECTION('',(0.,-1.,0.));
#544 = DIRECTION('',(1.,0.,0.));
#545 = ADVANCED_FACE('',(#546),#571,.T.);
#546 = FACE_BOUND('',#547,.T.);
#547 = EDGE_LOOP('',(#548,#556,#557,#565));
#548 = ORIENTED_EDGE('',*,*,#549,.F.);
#549 = EDGE_CURVE('',#517,#550,#552,.T.);
#550 = VERTEX_POINT('',#551);
#551 = CARTESIAN_POINT('',(29.198591688968,-34.5,4.1));
#552 = LINE('',#553,#554);
#553 = CARTESIAN_POINT('',(29.824295844484,-34.5,3.73874953738));
#554 = VECTOR('',#555,1.);
#555 = DIRECTION('',(-0.866025403784,1.922962686384E-16,0.5));
#556 = ORIENTED_EDGE('',*,*,#516,.T.);
#557 = ORIENTED_EDGE('',*,*,#558,.F.);
#558 = EDGE_CURVE('',#559,#519,#561,.T.);
#559 = VERTEX_POINT('',#560);
#560 = CARTESIAN_POINT('',(29.19859167731,-38.7999999798,4.1));
#561 = LINE('',#562,#563);
#562 = CARTESIAN_POINT('',(30.449999988342,-38.7999999798,3.377499074759
    ));
#563 = VECTOR('',#564,1.);
#564 = DIRECTION('',(0.866025403784,-1.442222014788E-16,-0.5));
#565 = ORIENTED_EDGE('',*,*,#566,.F.);
#566 = EDGE_CURVE('',#550,#559,#567,.T.);
#567 = LINE('',#568,#569);
#568 = CARTESIAN_POINT('',(29.198591688968,-34.5,4.1));
#569 = VECTOR('',#570,1.);
#570 = DIRECTION('',(0.,-1.,0.));
#571 = PLANE('',#572);
#572 = AXIS2_PLACEMENT_3D('',#573,#574,#575);
#573 = CARTESIAN_POINT('',(29.198591688968,-34.5,4.1));
#574 = DIRECTION('',(-0.5,0.,-0.866025403784));
#575 = DIRECTION('',(0.866025403784,-1.922962686384E-16,-0.5));
#576 = ADVANCED_FACE('',(#577),#602,.T.);
#577 = FACE_BOUND('',#578,.T.);
#578 = EDGE_LOOP('',(#579,#587,#588,#596));
#579 = ORIENTED_EDGE('',*,*,#580,.F.);
#580 = EDGE_CURVE('',#550,#581,#583,.T.);
#581 = VERTEX_POINT('',#582);
#582 = CARTESIAN_POINT('',(27.801408311032,-34.5,4.1));
#583 = LINE('',#584,#585);
#584 = CARTESIAN_POINT('',(28.150704155516,-34.5,4.1));
#585 = VECTOR('',#586,1.);
#586 = DIRECTION('',(-1.,2.22044604925E-16,1.986537776927E-15));
#587 = ORIENTED_EDGE('',*,*,#566,.T.);
#588 = ORIENTED_EDGE('',*,*,#589,.F.);
#589 = EDGE_CURVE('',#590,#559,#592,.T.);
#590 = VERTEX_POINT('',#591);
#591 = CARTESIAN_POINT('',(27.801408299375,-38.7999999798,4.1));
#592 = LINE('',#593,#594);
#593 = CARTESIAN_POINT('',(28.849295832826,-38.7999999798,4.1));
#594 = VECTOR('',#595,1.);
#595 = DIRECTION('',(1.,-1.665334536938E-16,-1.986537776927E-15));
#596 = ORIENTED_EDGE('',*,*,#597,.F.);
#597 = EDGE_CURVE('',#581,#590,#598,.T.);
#598 = LINE('',#599,#600);
#599 = CARTESIAN_POINT('',(27.801408311032,-34.5,4.1));
#600 = VECTOR('',#601,1.);
#601 = DIRECTION('',(0.,-1.,0.));
#602 = PLANE('',#603);
#603 = AXIS2_PLACEMENT_3D('',#604,#605,#606);
#604 = CARTESIAN_POINT('',(27.801408311032,-34.5,4.1));
#605 = DIRECTION('',(-1.986537776927E-15,0.,-1.));
#606 = DIRECTION('',(1.,-2.22044604925E-16,-1.986537776927E-15));
#607 = ADVANCED_FACE('',(#608),#624,.T.);
#608 = FACE_BOUND('',#609,.T.);
#609 = EDGE_LOOP('',(#610,#616,#617,#623));
#610 = ORIENTED_EDGE('',*,*,#611,.F.);
#611 = EDGE_CURVE('',#581,#401,#612,.T.);
#612 = LINE('',#613,#614);
#613 = CARTESIAN_POINT('',(26.55,-34.5,3.377499074759));
#614 = VECTOR('',#615,1.);
#615 = DIRECTION('',(-0.866025403784,1.922962686384E-16,-0.5));
#616 = ORIENTED_EDGE('',*,*,#597,.T.);
#617 = ORIENTED_EDGE('',*,*,#618,.F.);
#618 = EDGE_CURVE('',#392,#590,#619,.T.);
#619 = LINE('',#620,#621);
#620 = CARTESIAN_POINT('',(27.175704143858,-38.7999999798,3.73874953738)
  );
#621 = VECTOR('',#622,1.);
#622 = DIRECTION('',(0.866025403784,-1.442222014788E-16,0.5));
#623 = ORIENTED_EDGE('',*,*,#400,.F.);
#624 = PLANE('',#625);
#625 = AXIS2_PLACEMENT_3D('',#626,#627,#628);
#626 = CARTESIAN_POINT('',(26.55,-34.5,3.377499074759));
#627 = DIRECTION('',(0.5,0.,-0.866025403784));
#628 = DIRECTION('',(0.866025403784,-1.922962686384E-16,0.5));
#629 = ADVANCED_FACE('',(#630,#678),#688,.T.);
#630 = FACE_BOUND('',#631,.T.);
#631 = EDGE_LOOP('',(#632,#633,#641,#649,#655,#656,#664,#672));
#632 = ORIENTED_EDGE('',*,*,#340,.F.);
#633 = ORIENTED_EDGE('',*,*,#634,.F.);
#634 = EDGE_CURVE('',#635,#341,#637,.T.);
#635 = VERTEX_POINT('',#636);
#636 = CARTESIAN_POINT('',(27.694228622253,-38.7999999798,-4.5));
#637 = LINE('',#638,#639);
#638 = CARTESIAN_POINT('',(27.022114305333,-38.7999999798,
    -4.111954618142));
#639 = VECTOR('',#640,1.);
#640 = DIRECTION('',(-0.866025403792,1.442222014801E-16,0.499999999987)
  );
#641 = ORIENTED_EDGE('',*,*,#642,.F.);
#642 = EDGE_CURVE('',#643,#635,#645,.T.);
#643 = VERTEX_POINT('',#644);
#644 = CARTESIAN_POINT('',(29.305771354429,-38.7999999798,-4.5));
#645 = LINE('',#646,#647);
#646 = CARTESIAN_POINT('',(28.902885671386,-38.7999999798,-4.5));
#647 = VECTOR('',#648,1.);
#648 = DIRECTION('',(-1.,1.665334536938E-16,-2.066758148807E-15));
#649 = ORIENTED_EDGE('',*,*,#650,.F.);
#650 = EDGE_CURVE('',#251,#643,#651,.T.);
#651 = LINE('',#652,#653);
#652 = CARTESIAN_POINT('',(30.649999988405,-38.7999999798,
    -3.723909236279));
#653 = VECTOR('',#654,1.);
#654 = DIRECTION('',(-0.866025403792,1.442222014801E-16,-0.499999999987)
  );
#655 = ORIENTED_EDGE('',*,*,#258,.F.);
#656 = ORIENTED_EDGE('',*,*,#657,.F.);
#657 = EDGE_CURVE('',#658,#259,#660,.T.);
#658 = VERTEX_POINT('',#659);
#659 = CARTESIAN_POINT('',(29.305771354282,-38.7999999798,4.5));
#660 = LINE('',#661,#662);
#661 = CARTESIAN_POINT('',(29.977885671312,-38.7999999798,4.111954618137
    ));
#662 = VECTOR('',#663,1.);
#663 = DIRECTION('',(0.866025403784,-1.442222014788E-16,-0.5));
#664 = ORIENTED_EDGE('',*,*,#665,.F.);
#665 = EDGE_CURVE('',#666,#658,#668,.T.);
#666 = VERTEX_POINT('',#667);
#667 = CARTESIAN_POINT('',(27.694228622402,-38.7999999798,4.5));
#668 = LINE('',#669,#670);
#669 = CARTESIAN_POINT('',(28.097114305372,-38.7999999798,4.5));
#670 = VECTOR('',#671,1.);
#671 = DIRECTION('',(1.,-1.665334536938E-16,-6.889193830621E-16));
#672 = ORIENTED_EDGE('',*,*,#673,.F.);
#673 = EDGE_CURVE('',#333,#666,#674,.T.);
#674 = LINE('',#675,#676);
#675 = CARTESIAN_POINT('',(26.349999988342,-38.7999999798,3.723909236273
    ));
#676 = VECTOR('',#677,1.);
#677 = DIRECTION('',(0.866025403784,-1.442222014788E-16,0.5));
#678 = FACE_BOUND('',#679,.T.);
#679 = EDGE_LOOP('',(#680,#681,#682,#683,#684,#685,#686,#687));
#680 = ORIENTED_EDGE('',*,*,#618,.T.);
#681 = ORIENTED_EDGE('',*,*,#589,.T.);
#682 = ORIENTED_EDGE('',*,*,#558,.T.);
#683 = ORIENTED_EDGE('',*,*,#526,.T.);
#684 = ORIENTED_EDGE('',*,*,#494,.T.);
#685 = ORIENTED_EDGE('',*,*,#463,.T.);
#686 = ORIENTED_EDGE('',*,*,#432,.T.);
#687 = ORIENTED_EDGE('',*,*,#391,.T.);
#688 = PLANE('',#689);
#689 = AXIS2_PLACEMENT_3D('',#690,#691,#692);
#690 = CARTESIAN_POINT('',(28.499999988342,-38.7999999798,
    -1.110223024625E-15));
#691 = DIRECTION('',(-1.665334536938E-16,-1.,-2.465190328816E-31));
#692 = DIRECTION('',(1.577721810442E-30,2.465190328816E-31,-1.));
#693 = ADVANCED_FACE('',(#694),#712,.F.);
#694 = FACE_BOUND('',#695,.T.);
#695 = EDGE_LOOP('',(#696,#697,#705,#711));
#696 = ORIENTED_EDGE('',*,*,#650,.T.);
#697 = ORIENTED_EDGE('',*,*,#698,.F.);
#698 = EDGE_CURVE('',#699,#643,#701,.T.);
#699 = VERTEX_POINT('',#700);
#700 = CARTESIAN_POINT('',(29.305771354429,-41.3999999798,-4.5));
#701 = LINE('',#702,#703);
#702 = CARTESIAN_POINT('',(29.305771354429,-41.9999999798,-4.5));
#703 = VECTOR('',#704,1.);
#704 = DIRECTION('',(-5.551115123127E-17,1.,2.465190328816E-31));
#705 = ORIENTED_EDGE('',*,*,#706,.F.);
#706 = EDGE_CURVE('',#242,#699,#707,.T.);
#707 = LINE('',#708,#709);
#708 = CARTESIAN_POINT('',(30.649999988405,-41.3999999798,
    -3.723909236279));
#709 = VECTOR('',#710,1.);
#710 = DIRECTION('',(-0.866025403792,1.442222014801E-16,-0.499999999987)
  );
#711 = ORIENTED_EDGE('',*,*,#250,.T.);
#712 = PLANE('',#713);
#713 = AXIS2_PLACEMENT_3D('',#714,#715,#716);
#714 = CARTESIAN_POINT('',(30.649999988507,-41.9999999798,
    -3.723909236221));
#715 = DIRECTION('',(0.499999999987,2.775557561489E-17,-0.866025403792)
  );
#716 = DIRECTION('',(-0.866025403792,1.442222014801E-16,-0.499999999987)
  );
#717 = ADVANCED_FACE('',(#718),#736,.F.);
#718 = FACE_BOUND('',#719,.T.);
#719 = EDGE_LOOP('',(#720,#721,#729,#735));
#720 = ORIENTED_EDGE('',*,*,#642,.T.);
#721 = ORIENTED_EDGE('',*,*,#722,.F.);
#722 = EDGE_CURVE('',#723,#635,#725,.T.);
#723 = VERTEX_POINT('',#724);
#724 = CARTESIAN_POINT('',(27.694228622253,-41.3999999798,-4.5));
#725 = LINE('',#726,#727);
#726 = CARTESIAN_POINT('',(27.694228622253,-41.9999999798,-4.5));
#727 = VECTOR('',#728,1.);
#728 = DIRECTION('',(-5.551115123127E-17,1.,2.465190328816E-31));
#729 = ORIENTED_EDGE('',*,*,#730,.F.);
#730 = EDGE_CURVE('',#699,#723,#731,.T.);
#731 = LINE('',#732,#733);
#732 = CARTESIAN_POINT('',(28.902885671386,-41.3999999798,-4.5));
#733 = VECTOR('',#734,1.);
#734 = DIRECTION('',(-1.,1.665334536938E-16,-2.066758148807E-15));
#735 = ORIENTED_EDGE('',*,*,#698,.T.);
#736 = PLANE('',#737);
#737 = AXIS2_PLACEMENT_3D('',#738,#739,#740);
#738 = CARTESIAN_POINT('',(29.305771354429,-41.9999999798,-4.5));
#739 = DIRECTION('',(2.066758148807E-15,3.612471570385E-31,-1.));
#740 = DIRECTION('',(-1.,1.665334536938E-16,-2.066758148807E-15));
#741 = ADVANCED_FACE('',(#742),#753,.F.);
#742 = FACE_BOUND('',#743,.T.);
#743 = EDGE_LOOP('',(#744,#745,#746,#752));
#744 = ORIENTED_EDGE('',*,*,#634,.T.);
#745 = ORIENTED_EDGE('',*,*,#349,.F.);
#746 = ORIENTED_EDGE('',*,*,#747,.F.);
#747 = EDGE_CURVE('',#723,#350,#748,.T.);
#748 = LINE('',#749,#750);
#749 = CARTESIAN_POINT('',(27.022114305333,-41.3999999798,
    -4.111954618142));
#750 = VECTOR('',#751,1.);
#751 = DIRECTION('',(-0.866025403792,1.442222014801E-16,0.499999999987)
  );
#752 = ORIENTED_EDGE('',*,*,#722,.T.);
#753 = PLANE('',#754);
#754 = AXIS2_PLACEMENT_3D('',#755,#756,#757);
#755 = CARTESIAN_POINT('',(27.694228622284,-41.9999999798,
    -4.499999999946));
#756 = DIRECTION('',(-0.499999999987,-2.775557561489E-17,-0.866025403792
    ));
#757 = DIRECTION('',(-0.866025403792,1.442222014801E-16,0.499999999987)
  );
#758 = ADVANCED_FACE('',(#759),#765,.F.);
#759 = FACE_BOUND('',#760,.T.);
#760 = EDGE_LOOP('',(#761,#762,#763,#764));
#761 = ORIENTED_EDGE('',*,*,#365,.F.);
#762 = ORIENTED_EDGE('',*,*,#301,.F.);
#763 = ORIENTED_EDGE('',*,*,#169,.T.);
#764 = ORIENTED_EDGE('',*,*,#202,.F.);
#765 = PLANE('',#766);
#766 = AXIS2_PLACEMENT_3D('',#767,#768,#769);
#767 = CARTESIAN_POINT('',(24.752653501979,-39.3999999798,
    -5.551115123125E-16));
#768 = DIRECTION('',(-1.665334536938E-16,-1.,-2.465190328816E-31));
#769 = DIRECTION('',(1.,-1.665334536938E-16,1.577721810442E-30));
#770 = ADVANCED_FACE('',(#771),#777,.F.);
#771 = FACE_BOUND('',#772,.T.);
#772 = EDGE_LOOP('',(#773,#774,#775,#776));
#773 = ORIENTED_EDGE('',*,*,#283,.F.);
#774 = ORIENTED_EDGE('',*,*,#219,.F.);
#775 = ORIENTED_EDGE('',*,*,#71,.T.);
#776 = ORIENTED_EDGE('',*,*,#104,.F.);
#777 = PLANE('',#778);
#778 = AXIS2_PLACEMENT_3D('',#779,#780,#781);
#779 = CARTESIAN_POINT('',(32.247346474706,-39.3999999798,
    2.498001805407E-15));
#780 = DIRECTION('',(-1.665334536938E-16,-1.,-2.465190328816E-31));
#781 = DIRECTION('',(1.,-1.665334536938E-16,1.577721810442E-30));
#782 = ADVANCED_FACE('',(#783),#815,.T.);
#783 = FACE_BOUND('',#784,.T.);
#784 = EDGE_LOOP('',(#785,#793,#801,#809));
#785 = ORIENTED_EDGE('',*,*,#786,.T.);
#786 = EDGE_CURVE('',#787,#268,#789,.T.);
#787 = VERTEX_POINT('',#788);
#788 = CARTESIAN_POINT('',(29.305771354282,-41.3999999798,4.5));
#789 = LINE('',#790,#791);
#790 = CARTESIAN_POINT('',(29.977885671312,-41.3999999798,4.111954618137
    ));
#791 = VECTOR('',#792,1.);
#792 = DIRECTION('',(0.866025403784,-1.442222014788E-16,-0.5));
#793 = ORIENTED_EDGE('',*,*,#794,.T.);
#794 = EDGE_CURVE('',#268,#795,#797,.T.);
#795 = VERTEX_POINT('',#796);
#796 = CARTESIAN_POINT('',(30.949999988342,-41.9999999798,4.243524478544
    ));
#797 = LINE('',#798,#799);
#798 = CARTESIAN_POINT('',(30.649999988342,-41.3999999798,3.723909236273
    ));
#799 = VECTOR('',#800,1.);
#800 = DIRECTION('',(0.353553390593,-0.707106781187,0.612372435696));
#801 = ORIENTED_EDGE('',*,*,#802,.T.);
#802 = EDGE_CURVE('',#795,#803,#805,.T.);
#803 = VERTEX_POINT('',#804);
#804 = CARTESIAN_POINT('',(29.466540869741,-41.9999999798,5.1));
#805 = LINE('',#806,#807);
#806 = CARTESIAN_POINT('',(30.277885671312,-41.9999999798,4.631569860407
    ));
#807 = VECTOR('',#808,1.);
#808 = DIRECTION('',(-0.866025403784,1.442222014788E-16,0.5));
#809 = ORIENTED_EDGE('',*,*,#810,.T.);
#810 = EDGE_CURVE('',#803,#787,#811,.T.);
#811 = LINE('',#812,#813);
#812 = CARTESIAN_POINT('',(29.466540869741,-41.9999999798,5.1));
#813 = VECTOR('',#814,1.);
#814 = DIRECTION('',(-0.186156787897,0.694746590607,-0.694746590607));
#815 = PLANE('',#816);
#816 = AXIS2_PLACEMENT_3D('',#817,#818,#819);
#817 = CARTESIAN_POINT('',(30.127885671312,-41.6999999798,4.371762239272
    ));
#818 = DIRECTION('',(-0.353553390593,-0.707106781187,-0.612372435696));
#819 = DIRECTION('',(-0.866025403784,3.053113317719E-16,0.5));
#820 = ADVANCED_FACE('',(#821),#846,.T.);
#821 = FACE_BOUND('',#822,.T.);
#822 = EDGE_LOOP('',(#823,#831,#839,#845));
#823 = ORIENTED_EDGE('',*,*,#824,.T.);
#824 = EDGE_CURVE('',#803,#825,#827,.T.);
#825 = VERTEX_POINT('',#826);
#826 = CARTESIAN_POINT('',(27.533459106944,-41.9999999798,5.1));
#827 = LINE('',#828,#829);
#828 = CARTESIAN_POINT('',(28.097114305372,-41.9999999798,5.1));
#829 = VECTOR('',#830,1.);
#830 = DIRECTION('',(-1.,1.665334536938E-16,6.889193830621E-16));
#831 = ORIENTED_EDGE('',*,*,#832,.T.);
#832 = EDGE_CURVE('',#825,#833,#835,.T.);
#833 = VERTEX_POINT('',#834);
#834 = CARTESIAN_POINT('',(27.694228622402,-41.3999999798,4.5));
#835 = LINE('',#836,#837);
#836 = CARTESIAN_POINT('',(27.533459106944,-41.9999999798,5.1));
#837 = VECTOR('',#838,1.);
#838 = DIRECTION('',(0.186156787897,0.694746590607,-0.694746590607));
#839 = ORIENTED_EDGE('',*,*,#840,.T.);
#840 = EDGE_CURVE('',#833,#787,#841,.T.);
#841 = LINE('',#842,#843);
#842 = CARTESIAN_POINT('',(28.097114305372,-41.3999999798,4.5));
#843 = VECTOR('',#844,1.);
#844 = DIRECTION('',(1.,-1.665334536938E-16,-6.889193830621E-16));
#845 = ORIENTED_EDGE('',*,*,#810,.F.);
#846 = PLANE('',#847);
#847 = AXIS2_PLACEMENT_3D('',#848,#849,#850);
#848 = CARTESIAN_POINT('',(28.097114305372,-41.6999999798,4.8));
#849 = DIRECTION('',(-6.048965018554E-16,-0.707106781187,-0.707106781187
    ));
#850 = DIRECTION('',(-1.,-5.551115123127E-17,9.109639879872E-16));
#851 = ADVANCED_FACE('',(#852),#877,.T.);
#852 = FACE_BOUND('',#853,.T.);
#853 = EDGE_LOOP('',(#854,#855,#863,#871));
#854 = ORIENTED_EDGE('',*,*,#747,.T.);
#855 = ORIENTED_EDGE('',*,*,#856,.T.);
#856 = EDGE_CURVE('',#350,#857,#859,.T.);
#857 = VERTEX_POINT('',#858);
#858 = CARTESIAN_POINT('',(26.049999988186,-41.9999999798,
    -4.243524478496));
#859 = LINE('',#860,#861);
#860 = CARTESIAN_POINT('',(26.349999988178,-41.3999999798,
    -3.723909236221));
#861 = VECTOR('',#862,1.);
#862 = DIRECTION('',(-0.353553390584,-0.707106781187,-0.612372435701));
#863 = ORIENTED_EDGE('',*,*,#864,.T.);
#864 = EDGE_CURVE('',#857,#865,#867,.T.);
#865 = VERTEX_POINT('',#866);
#866 = CARTESIAN_POINT('',(27.533459106924,-41.9999999798,-5.1));
#867 = LINE('',#868,#869);
#868 = CARTESIAN_POINT('',(26.722114305341,-41.9999999798,
    -4.631569860418));
#869 = VECTOR('',#870,1.);
#870 = DIRECTION('',(0.866025403792,-1.442222014801E-16,-0.499999999987)
  );
#871 = ORIENTED_EDGE('',*,*,#872,.T.);
#872 = EDGE_CURVE('',#865,#723,#873,.T.);
#873 = LINE('',#874,#875);
#874 = CARTESIAN_POINT('',(27.533459106924,-41.9999999798,-5.1));
#875 = VECTOR('',#876,1.);
#876 = DIRECTION('',(0.186156787753,0.694746590626,0.694746590626));
#877 = PLANE('',#878);
#878 = AXIS2_PLACEMENT_3D('',#879,#880,#881);
#879 = CARTESIAN_POINT('',(26.872114305337,-41.6999999798,-4.37176223928
    ));
#880 = DIRECTION('',(0.353553390584,-0.707106781187,0.612372435701));
#881 = DIRECTION('',(0.866025403792,3.608224830032E-16,-0.499999999987)
  );
#882 = ADVANCED_FACE('',(#883),#904,.F.);
#883 = FACE_BOUND('',#884,.F.);
#884 = EDGE_LOOP('',(#885,#886,#887,#888,#889,#898));
#885 = ORIENTED_EDGE('',*,*,#323,.F.);
#886 = ORIENTED_EDGE('',*,*,#119,.F.);
#887 = ORIENTED_EDGE('',*,*,#357,.F.);
#888 = ORIENTED_EDGE('',*,*,#856,.T.);
#889 = ORIENTED_EDGE('',*,*,#890,.F.);
#890 = EDGE_CURVE('',#891,#857,#893,.T.);
#891 = VERTEX_POINT('',#892);
#892 = CARTESIAN_POINT('',(26.049999988342,-41.9999999798,4.243524478544
    ));
#893 = CIRCLE('',#894,4.9);
#894 = AXIS2_PLACEMENT_3D('',#895,#896,#897);
#895 = CARTESIAN_POINT('',(28.499999988342,-41.9999999798,
    1.040834085586E-16));
#896 = DIRECTION('',(-1.665334536938E-16,-1.,-2.465190328816E-31));
#897 = DIRECTION('',(-1.,1.665334536938E-16,-1.577721810442E-30));
#898 = ORIENTED_EDGE('',*,*,#899,.F.);
#899 = EDGE_CURVE('',#324,#891,#900,.T.);
#900 = LINE('',#901,#902);
#901 = CARTESIAN_POINT('',(26.349999988342,-41.3999999798,3.723909236273
    ));
#902 = VECTOR('',#903,1.);
#903 = DIRECTION('',(-0.353553390593,-0.707106781187,0.612372435696));
#904 = CONICAL_SURFACE('',#905,4.6,0.785398163397);
#905 = AXIS2_PLACEMENT_3D('',#906,#907,#908);
#906 = CARTESIAN_POINT('',(28.499999988342,-41.6999999798,
    1.040834085586E-16));
#907 = DIRECTION('',(5.551115123127E-17,-1.,-2.465190328816E-31));
#908 = DIRECTION('',(-1.,-5.551115123127E-17,-1.577721810442E-30));
#909 = ADVANCED_FACE('',(#910),#926,.T.);
#910 = FACE_BOUND('',#911,.T.);
#911 = EDGE_LOOP('',(#912,#918,#919,#925));
#912 = ORIENTED_EDGE('',*,*,#913,.T.);
#913 = EDGE_CURVE('',#825,#891,#914,.T.);
#914 = LINE('',#915,#916);
#915 = CARTESIAN_POINT('',(26.049999988342,-41.9999999798,4.243524478544
    ));
#916 = VECTOR('',#917,1.);
#917 = DIRECTION('',(-0.866025403784,1.442222014788E-16,-0.5));
#918 = ORIENTED_EDGE('',*,*,#899,.F.);
#919 = ORIENTED_EDGE('',*,*,#920,.T.);
#920 = EDGE_CURVE('',#324,#833,#921,.T.);
#921 = LINE('',#922,#923);
#922 = CARTESIAN_POINT('',(26.349999988342,-41.3999999798,3.723909236273
    ));
#923 = VECTOR('',#924,1.);
#924 = DIRECTION('',(0.866025403784,-1.442222014788E-16,0.5));
#925 = ORIENTED_EDGE('',*,*,#832,.F.);
#926 = PLANE('',#927);
#927 = AXIS2_PLACEMENT_3D('',#928,#929,#930);
#928 = CARTESIAN_POINT('',(26.199999988342,-41.6999999798,3.983716857408
    ));
#929 = DIRECTION('',(0.353553390593,-0.707106781187,-0.612372435696));
#930 = DIRECTION('',(-0.866025403784,3.885780586188E-16,-0.5));
#931 = ADVANCED_FACE('',(#932),#950,.T.);
#932 = FACE_BOUND('',#933,.T.);
#933 = EDGE_LOOP('',(#934,#935,#936,#944));
#934 = ORIENTED_EDGE('',*,*,#730,.T.);
#935 = ORIENTED_EDGE('',*,*,#872,.F.);
#936 = ORIENTED_EDGE('',*,*,#937,.T.);
#937 = EDGE_CURVE('',#865,#938,#940,.T.);
#938 = VERTEX_POINT('',#939);
#939 = CARTESIAN_POINT('',(29.466540869761,-41.9999999798,-5.1));
#940 = LINE('',#941,#942);
#941 = CARTESIAN_POINT('',(28.902885671386,-41.9999999798,-5.1));
#942 = VECTOR('',#943,1.);
#943 = DIRECTION('',(1.,-1.665334536938E-16,2.066758148807E-15));
#944 = ORIENTED_EDGE('',*,*,#945,.T.);
#945 = EDGE_CURVE('',#938,#699,#946,.T.);
#946 = LINE('',#947,#948);
#947 = CARTESIAN_POINT('',(29.466540869761,-41.9999999798,-5.1));
#948 = VECTOR('',#949,1.);
#949 = DIRECTION('',(-0.186156787756,0.694746590626,0.694746590626));
#950 = PLANE('',#951);
#951 = AXIS2_PLACEMENT_3D('',#952,#953,#954);
#952 = CARTESIAN_POINT('',(28.902885671386,-41.6999999798,-4.8));
#953 = DIRECTION('',(-1.579175636495E-15,-0.707106781187,0.707106781187)
  );
#954 = DIRECTION('',(1.,5.551115123127E-17,2.288802753732E-15));
#955 = ADVANCED_FACE('',(#956),#977,.F.);
#956 = FACE_BOUND('',#957,.F.);
#957 = EDGE_LOOP('',(#958,#959,#960,#961,#962,#971));
#958 = ORIENTED_EDGE('',*,*,#241,.F.);
#959 = ORIENTED_EDGE('',*,*,#21,.F.);
#960 = ORIENTED_EDGE('',*,*,#275,.F.);
#961 = ORIENTED_EDGE('',*,*,#794,.T.);
#962 = ORIENTED_EDGE('',*,*,#963,.F.);
#963 = EDGE_CURVE('',#964,#795,#966,.T.);
#964 = VERTEX_POINT('',#965);
#965 = CARTESIAN_POINT('',(30.949999988509,-41.9999999798,
    -4.243524478448));
#966 = CIRCLE('',#967,4.9);
#967 = AXIS2_PLACEMENT_3D('',#968,#969,#970);
#968 = CARTESIAN_POINT('',(28.499999988342,-41.9999999798,
    1.040834085586E-16));
#969 = DIRECTION('',(-1.665334536938E-16,-1.,-2.465190328816E-31));
#970 = DIRECTION('',(1.,-1.665334536938E-16,1.577721810442E-30));
#971 = ORIENTED_EDGE('',*,*,#972,.F.);
#972 = EDGE_CURVE('',#242,#964,#973,.T.);
#973 = LINE('',#974,#975);
#974 = CARTESIAN_POINT('',(30.649999988507,-41.3999999798,
    -3.723909236221));
#975 = VECTOR('',#976,1.);
#976 = DIRECTION('',(0.353553390606,-0.707106781208,-0.612372435663));
#977 = CONICAL_SURFACE('',#978,4.6,0.785398163397);
#978 = AXIS2_PLACEMENT_3D('',#979,#980,#981);
#979 = CARTESIAN_POINT('',(28.499999988342,-41.6999999798,
    1.040834085586E-16));
#980 = DIRECTION('',(5.551115123127E-17,-1.,-2.465190328816E-31));
#981 = DIRECTION('',(1.,5.551115123127E-17,1.577721810442E-30));
#982 = ADVANCED_FACE('',(#983),#994,.T.);
#983 = FACE_BOUND('',#984,.T.);
#984 = EDGE_LOOP('',(#985,#991,#992,#993));
#985 = ORIENTED_EDGE('',*,*,#986,.T.);
#986 = EDGE_CURVE('',#938,#964,#987,.T.);
#987 = LINE('',#988,#989);
#988 = CARTESIAN_POINT('',(30.949999988397,-41.9999999798,
    -4.243524478555));
#989 = VECTOR('',#990,1.);
#990 = DIRECTION('',(0.866025403792,-1.442222014801E-16,0.499999999987)
  );
#991 = ORIENTED_EDGE('',*,*,#972,.F.);
#992 = ORIENTED_EDGE('',*,*,#706,.T.);
#993 = ORIENTED_EDGE('',*,*,#945,.F.);
#994 = PLANE('',#995);
#995 = AXIS2_PLACEMENT_3D('',#996,#997,#998);
#996 = CARTESIAN_POINT('',(30.799999988401,-41.6999999798,
    -3.983716857417));
#997 = DIRECTION('',(-0.353553390584,-0.707106781187,0.612372435701));
#998 = DIRECTION('',(0.866025403792,-1.665334536938E-16,0.499999999987)
  );
#999 = ADVANCED_FACE('',(#1000),#1016,.F.);
#1000 = FACE_BOUND('',#1001,.T.);
#1001 = EDGE_LOOP('',(#1002,#1003,#1009,#1010));
#1002 = ORIENTED_EDGE('',*,*,#665,.T.);
#1003 = ORIENTED_EDGE('',*,*,#1004,.F.);
#1004 = EDGE_CURVE('',#787,#658,#1005,.T.);
#1005 = LINE('',#1006,#1007);
#1006 = CARTESIAN_POINT('',(29.305771354282,-41.9999999798,4.5));
#1007 = VECTOR('',#1008,1.);
#1008 = DIRECTION('',(-5.551115123127E-17,1.,2.465190328816E-31));
#1009 = ORIENTED_EDGE('',*,*,#840,.F.);
#1010 = ORIENTED_EDGE('',*,*,#1011,.T.);
#1011 = EDGE_CURVE('',#833,#666,#1012,.T.);
#1012 = LINE('',#1013,#1014);
#1013 = CARTESIAN_POINT('',(27.694228622402,-41.9999999798,4.5));
#1014 = VECTOR('',#1015,1.);
#1015 = DIRECTION('',(-5.551115123127E-17,1.,2.465190328816E-31));
#1016 = PLANE('',#1017);
#1017 = AXIS2_PLACEMENT_3D('',#1018,#1019,#1020);
#1018 = CARTESIAN_POINT('',(27.694228622402,-41.9999999798,4.5));
#1019 = DIRECTION('',(6.889193830621E-16,-2.082763248223E-31,1.));
#1020 = DIRECTION('',(1.,-1.665334536938E-16,-6.889193830621E-16));
#1021 = ADVANCED_FACE('',(#1022),#1028,.F.);
#1022 = FACE_BOUND('',#1023,.T.);
#1023 = EDGE_LOOP('',(#1024,#1025,#1026,#1027));
#1024 = ORIENTED_EDGE('',*,*,#673,.T.);
#1025 = ORIENTED_EDGE('',*,*,#1011,.F.);
#1026 = ORIENTED_EDGE('',*,*,#920,.F.);
#1027 = ORIENTED_EDGE('',*,*,#332,.T.);
#1028 = PLANE('',#1029);
#1029 = AXIS2_PLACEMENT_3D('',#1030,#1031,#1032);
#1030 = CARTESIAN_POINT('',(26.349999988342,-41.9999999798,
    3.723909236273));
#1031 = DIRECTION('',(-0.5,-2.775557561563E-17,0.866025403784));
#1032 = DIRECTION('',(0.866025403784,-1.442222014788E-16,0.5));
#1033 = ADVANCED_FACE('',(#1034,#1070),#1080,.F.);
#1034 = FACE_BOUND('',#1035,.T.);
#1035 = EDGE_LOOP('',(#1036,#1047,#1055,#1064));
#1036 = ORIENTED_EDGE('',*,*,#1037,.T.);
#1037 = EDGE_CURVE('',#1038,#1040,#1042,.T.);
#1038 = VERTEX_POINT('',#1039);
#1039 = CARTESIAN_POINT('',(33.066180011075,-41.9999999798,-6.2));
#1040 = VERTEX_POINT('',#1041);
#1041 = CARTESIAN_POINT('',(33.066180011075,-41.9999999798,6.2));
#1042 = CIRCLE('',#1043,7.7);
#1043 = AXIS2_PLACEMENT_3D('',#1044,#1045,#1046);
#1044 = CARTESIAN_POINT('',(28.499999988342,-41.9999999798,
    1.040834085586E-16));
#1045 = DIRECTION('',(-1.665334536938E-16,-1.,-2.465190328816E-31));
#1046 = DIRECTION('',(1.,-1.665334536938E-16,1.577721810442E-30));
#1047 = ORIENTED_EDGE('',*,*,#1048,.T.);
#1048 = EDGE_CURVE('',#1040,#1049,#1051,.T.);
#1049 = VERTEX_POINT('',#1050);
#1050 = CARTESIAN_POINT('',(23.93381996561,-41.9999999798,6.2));
#1051 = LINE('',#1052,#1053);
#1052 = CARTESIAN_POINT('',(32.742640675462,-41.9999999798,6.2));
#1053 = VECTOR('',#1054,1.);
#1054 = DIRECTION('',(-1.,1.665334536938E-16,-1.577721810442E-30));
#1055 = ORIENTED_EDGE('',*,*,#1056,.T.);
#1056 = EDGE_CURVE('',#1049,#1057,#1059,.T.);
#1057 = VERTEX_POINT('',#1058);
#1058 = CARTESIAN_POINT('',(23.93381996561,-41.9999999798,-6.2));
#1059 = CIRCLE('',#1060,7.7);
#1060 = AXIS2_PLACEMENT_3D('',#1061,#1062,#1063);
#1061 = CARTESIAN_POINT('',(28.499999988342,-41.9999999798,
    1.040834085586E-16));
#1062 = DIRECTION('',(-1.665334536938E-16,-1.,-2.465190328816E-31));
#1063 = DIRECTION('',(-1.,1.665334536938E-16,-1.577721810442E-30));
#1064 = ORIENTED_EDGE('',*,*,#1065,.T.);
#1065 = EDGE_CURVE('',#1057,#1038,#1066,.T.);
#1066 = LINE('',#1067,#1068);
#1067 = CARTESIAN_POINT('',(24.257359301223,-41.9999999798,-6.2));
#1068 = VECTOR('',#1069,1.);
#1069 = DIRECTION('',(1.,-1.665334536938E-16,-1.308410382236E-16));
#1070 = FACE_BOUND('',#1071,.T.);
#1071 = EDGE_LOOP('',(#1072,#1073,#1074,#1075,#1076,#1077,#1078,#1079));
#1072 = ORIENTED_EDGE('',*,*,#864,.F.);
#1073 = ORIENTED_EDGE('',*,*,#890,.F.);
#1074 = ORIENTED_EDGE('',*,*,#913,.F.);
#1075 = ORIENTED_EDGE('',*,*,#824,.F.);
#1076 = ORIENTED_EDGE('',*,*,#802,.F.);
#1077 = ORIENTED_EDGE('',*,*,#963,.F.);
#1078 = ORIENTED_EDGE('',*,*,#986,.F.);
#1079 = ORIENTED_EDGE('',*,*,#937,.F.);
#1080 = PLANE('',#1081);
#1081 = AXIS2_PLACEMENT_3D('',#1082,#1083,#1084);
#1082 = CARTESIAN_POINT('',(28.499999988342,-41.9999999798,
    3.498105076589E-29));
#1083 = DIRECTION('',(1.665334536938E-16,1.,2.465190328816E-31));
#1084 = DIRECTION('',(-1.,1.665334536938E-16,-1.577721810442E-30));
#1085 = ADVANCED_FACE('',(#1086),#1092,.F.);
#1086 = FACE_BOUND('',#1087,.T.);
#1087 = EDGE_LOOP('',(#1088,#1089,#1090,#1091));
#1088 = ORIENTED_EDGE('',*,*,#657,.T.);
#1089 = ORIENTED_EDGE('',*,*,#267,.F.);
#1090 = ORIENTED_EDGE('',*,*,#786,.F.);
#1091 = ORIENTED_EDGE('',*,*,#1004,.T.);
#1092 = PLANE('',#1093);
#1093 = AXIS2_PLACEMENT_3D('',#1094,#1095,#1096);
#1094 = CARTESIAN_POINT('',(29.305771354282,-41.9999999798,4.5));
#1095 = DIRECTION('',(0.5,2.775557561563E-17,0.866025403784));
#1096 = DIRECTION('',(0.866025403784,-1.442222014788E-16,-0.5));
#1097 = ADVANCED_FACE('',(#1098,#1108),#1135,.F.);
#1098 = FACE_BOUND('',#1099,.T.);
#1099 = EDGE_LOOP('',(#1100,#1101,#1102,#1103,#1104,#1105,#1106,#1107));
#1100 = ORIENTED_EDGE('',*,*,#408,.T.);
#1101 = ORIENTED_EDGE('',*,*,#423,.T.);
#1102 = ORIENTED_EDGE('',*,*,#454,.T.);
#1103 = ORIENTED_EDGE('',*,*,#485,.T.);
#1104 = ORIENTED_EDGE('',*,*,#534,.T.);
#1105 = ORIENTED_EDGE('',*,*,#549,.T.);
#1106 = ORIENTED_EDGE('',*,*,#580,.T.);
#1107 = ORIENTED_EDGE('',*,*,#611,.T.);
#1108 = FACE_BOUND('',#1109,.T.);
#1109 = EDGE_LOOP('',(#1110,#1120,#1129));
#1110 = ORIENTED_EDGE('',*,*,#1111,.T.);
#1111 = EDGE_CURVE('',#1112,#1114,#1116,.T.);
#1112 = VERTEX_POINT('',#1113);
#1113 = CARTESIAN_POINT('',(28.5,-34.5,3.753881860441));
#1114 = VERTEX_POINT('',#1115);
#1115 = CARTESIAN_POINT('',(30.26374754178,-34.5,2.518892536189));
#1116 = LINE('',#1117,#1118);
#1117 = CARTESIAN_POINT('',(30.26374754178,-34.5,2.518892536189));
#1118 = VECTOR('',#1119,1.);
#1119 = DIRECTION('',(0.819152044289,-1.818882920477E-16,-0.573576436351
    ));
#1120 = ORIENTED_EDGE('',*,*,#1121,.T.);
#1121 = EDGE_CURVE('',#1114,#1122,#1124,.T.);
#1122 = VERTEX_POINT('',#1123);
#1123 = CARTESIAN_POINT('',(26.73625245822,-34.5,2.518892536189));
#1124 = CIRCLE('',#1125,3.075);
#1125 = AXIS2_PLACEMENT_3D('',#1126,#1127,#1128);
#1126 = CARTESIAN_POINT('',(28.5,-34.5,0.));
#1127 = DIRECTION('',(2.22044604925E-16,1.,0.));
#1128 = DIRECTION('',(-1.,2.22044604925E-16,0.));
#1129 = ORIENTED_EDGE('',*,*,#1130,.T.);
#1130 = EDGE_CURVE('',#1122,#1112,#1131,.T.);
#1131 = LINE('',#1132,#1133);
#1132 = CARTESIAN_POINT('',(27.331338010935,-34.5,2.935575926079));
#1133 = VECTOR('',#1134,1.);
#1134 = DIRECTION('',(0.819152044289,-1.818882920477E-16,0.573576436351)
  );
#1135 = PLANE('',#1136);
#1136 = AXIS2_PLACEMENT_3D('',#1137,#1138,#1139);
#1137 = CARTESIAN_POINT('',(28.5,-34.5,0.));
#1138 = DIRECTION('',(2.22044604925E-16,1.,0.));
#1139 = DIRECTION('',(-1.,2.22044604925E-16,0.));
#1140 = ADVANCED_FACE('',(#1141),#1175,.T.);
#1141 = FACE_BOUND('',#1142,.T.);
#1142 = EDGE_LOOP('',(#1143,#1153,#1161,#1169));
#1143 = ORIENTED_EDGE('',*,*,#1144,.T.);
#1144 = EDGE_CURVE('',#1145,#1147,#1149,.T.);
#1145 = VERTEX_POINT('',#1146);
#1146 = CARTESIAN_POINT('',(21.992210032676,-26.2,-4.285944677712));
#1147 = VERTEX_POINT('',#1148);
#1148 = CARTESIAN_POINT('',(22.992210032676,-26.2,-4.285944677712));
#1149 = LINE('',#1150,#1151);
#1150 = CARTESIAN_POINT('',(21.692210032676,-26.2,-4.285944677712));
#1151 = VECTOR('',#1152,1.);
#1152 = DIRECTION('',(1.,-2.22044604925E-16,0.));
#1153 = ORIENTED_EDGE('',*,*,#1154,.T.);
#1154 = EDGE_CURVE('',#1147,#1155,#1157,.T.);
#1155 = VERTEX_POINT('',#1156);
#1156 = CARTESIAN_POINT('',(22.992210032676,-26.2,-4.086));
#1157 = LINE('',#1158,#1159);
#1158 = CARTESIAN_POINT('',(22.992210032676,-26.2,-7.));
#1159 = VECTOR('',#1160,1.);
#1160 = DIRECTION('',(0.,0.,1.));
#1161 = ORIENTED_EDGE('',*,*,#1162,.F.);
#1162 = EDGE_CURVE('',#1163,#1155,#1165,.T.);
#1163 = VERTEX_POINT('',#1164);
#1164 = CARTESIAN_POINT('',(21.992210032676,-26.2,-4.086));
#1165 = LINE('',#1166,#1167);
#1166 = CARTESIAN_POINT('',(22.992210032676,-26.2,-4.086));
#1167 = VECTOR('',#1168,1.);
#1168 = DIRECTION('',(1.,-2.22044604925E-16,-1.308410382236E-16));
#1169 = ORIENTED_EDGE('',*,*,#1170,.F.);
#1170 = EDGE_CURVE('',#1145,#1163,#1171,.T.);
#1171 = LINE('',#1172,#1173);
#1172 = CARTESIAN_POINT('',(21.992210032676,-26.2,-7.));
#1173 = VECTOR('',#1174,1.);
#1174 = DIRECTION('',(0.,0.,1.));
#1175 = PLANE('',#1176);
#1176 = AXIS2_PLACEMENT_3D('',#1177,#1178,#1179);
#1177 = CARTESIAN_POINT('',(21.992210032676,-26.2,-7.));
#1178 = DIRECTION('',(-2.22044604925E-16,-1.,0.));
#1179 = DIRECTION('',(1.,-2.22044604925E-16,-1.308410382236E-16));
#1180 = ADVANCED_FACE('',(#1181),#1206,.T.);
#1181 = FACE_BOUND('',#1182,.T.);
#1182 = EDGE_LOOP('',(#1183,#1191,#1199,#1205));
#1183 = ORIENTED_EDGE('',*,*,#1184,.T.);
#1184 = EDGE_CURVE('',#1147,#1185,#1187,.T.);
#1185 = VERTEX_POINT('',#1186);
#1186 = CARTESIAN_POINT('',(22.992210032676,-28.05,-4.285944677712));
#1187 = LINE('',#1188,#1189);
#1188 = CARTESIAN_POINT('',(22.992210032676,-25.9,-4.285944677712));
#1189 = VECTOR('',#1190,1.);
#1190 = DIRECTION('',(-2.22044604925E-16,-1.,0.));
#1191 = ORIENTED_EDGE('',*,*,#1192,.T.);
#1192 = EDGE_CURVE('',#1185,#1193,#1195,.T.);
#1193 = VERTEX_POINT('',#1194);
#1194 = CARTESIAN_POINT('',(22.992210032676,-28.05,-4.086));
#1195 = LINE('',#1196,#1197);
#1196 = CARTESIAN_POINT('',(22.992210032676,-28.05,-7.));
#1197 = VECTOR('',#1198,1.);
#1198 = DIRECTION('',(0.,0.,1.));
#1199 = ORIENTED_EDGE('',*,*,#1200,.F.);
#1200 = EDGE_CURVE('',#1155,#1193,#1201,.T.);
#1201 = LINE('',#1202,#1203);
#1202 = CARTESIAN_POINT('',(22.992210032676,-28.05,-4.086));
#1203 = VECTOR('',#1204,1.);
#1204 = DIRECTION('',(-2.22044604925E-16,-1.,0.));
#1205 = ORIENTED_EDGE('',*,*,#1154,.F.);
#1206 = PLANE('',#1207);
#1207 = AXIS2_PLACEMENT_3D('',#1208,#1209,#1210);
#1208 = CARTESIAN_POINT('',(22.992210032676,-26.2,-7.));
#1209 = DIRECTION('',(-1.,2.22044604925E-16,0.));
#1210 = DIRECTION('',(-2.22044604925E-16,-1.,0.));
#1211 = ADVANCED_FACE('',(#1212),#1237,.T.);
#1212 = FACE_BOUND('',#1213,.T.);
#1213 = EDGE_LOOP('',(#1214,#1222,#1230,#1236));
#1214 = ORIENTED_EDGE('',*,*,#1215,.T.);
#1215 = EDGE_CURVE('',#1185,#1216,#1218,.T.);
#1216 = VERTEX_POINT('',#1217);
#1217 = CARTESIAN_POINT('',(21.992210032676,-28.05,-4.285944677712));
#1218 = LINE('',#1219,#1220);
#1219 = CARTESIAN_POINT('',(22.192210032676,-28.05,-4.285944677712));
#1220 = VECTOR('',#1221,1.);
#1221 = DIRECTION('',(-1.,2.22044604925E-16,0.));
#1222 = ORIENTED_EDGE('',*,*,#1223,.T.);
#1223 = EDGE_CURVE('',#1216,#1224,#1226,.T.);
#1224 = VERTEX_POINT('',#1225);
#1225 = CARTESIAN_POINT('',(21.992210032676,-28.05,-4.086));
#1226 = LINE('',#1227,#1228);
#1227 = CARTESIAN_POINT('',(21.992210032676,-28.05,-7.));
#1228 = VECTOR('',#1229,1.);
#1229 = DIRECTION('',(0.,0.,1.));
#1230 = ORIENTED_EDGE('',*,*,#1231,.F.);
#1231 = EDGE_CURVE('',#1193,#1224,#1232,.T.);
#1232 = LINE('',#1233,#1234);
#1233 = CARTESIAN_POINT('',(21.992210032676,-28.05,-4.086));
#1234 = VECTOR('',#1235,1.);
#1235 = DIRECTION('',(-1.,2.22044604925E-16,1.308410382236E-16));
#1236 = ORIENTED_EDGE('',*,*,#1192,.F.);
#1237 = PLANE('',#1238);
#1238 = AXIS2_PLACEMENT_3D('',#1239,#1240,#1241);
#1239 = CARTESIAN_POINT('',(22.992210032676,-28.05,-7.));
#1240 = DIRECTION('',(2.22044604925E-16,1.,0.));
#1241 = DIRECTION('',(-1.,2.22044604925E-16,1.308410382236E-16));
#1242 = ADVANCED_FACE('',(#1243),#1259,.T.);
#1243 = FACE_BOUND('',#1244,.T.);
#1244 = EDGE_LOOP('',(#1245,#1251,#1252,#1258));
#1245 = ORIENTED_EDGE('',*,*,#1246,.T.);
#1246 = EDGE_CURVE('',#1216,#1145,#1247,.T.);
#1247 = LINE('',#1248,#1249);
#1248 = CARTESIAN_POINT('',(21.992210032676,-26.825,-4.285944677712));
#1249 = VECTOR('',#1250,1.);
#1250 = DIRECTION('',(2.22044604925E-16,1.,0.));
#1251 = ORIENTED_EDGE('',*,*,#1170,.T.);
#1252 = ORIENTED_EDGE('',*,*,#1253,.F.);
#1253 = EDGE_CURVE('',#1224,#1163,#1254,.T.);
#1254 = LINE('',#1255,#1256);
#1255 = CARTESIAN_POINT('',(21.992210032676,-26.2,-4.086));
#1256 = VECTOR('',#1257,1.);
#1257 = DIRECTION('',(2.22044604925E-16,1.,0.));
#1258 = ORIENTED_EDGE('',*,*,#1223,.F.);
#1259 = PLANE('',#1260);
#1260 = AXIS2_PLACEMENT_3D('',#1261,#1262,#1263);
#1261 = CARTESIAN_POINT('',(21.992210032676,-28.05,-7.));
#1262 = DIRECTION('',(1.,-2.22044604925E-16,0.));
#1263 = DIRECTION('',(2.22044604925E-16,1.,0.));
#1264 = ADVANCED_FACE('',(#1265),#1271,.T.);
#1265 = FACE_BOUND('',#1266,.T.);
#1266 = EDGE_LOOP('',(#1267,#1268,#1269,#1270));
#1267 = ORIENTED_EDGE('',*,*,#1253,.T.);
#1268 = ORIENTED_EDGE('',*,*,#1162,.T.);
#1269 = ORIENTED_EDGE('',*,*,#1200,.T.);
#1270 = ORIENTED_EDGE('',*,*,#1231,.T.);
#1271 = PLANE('',#1272);
#1272 = AXIS2_PLACEMENT_3D('',#1273,#1274,#1275);
#1273 = CARTESIAN_POINT('',(22.492210032676,-27.125,-4.086));
#1274 = DIRECTION('',(0.,0.,-1.));
#1275 = DIRECTION('',(-2.22044604925E-16,-1.,-0.));
#1276 = ADVANCED_FACE('',(#1277),#1313,.F.);
#1277 = FACE_BOUND('',#1278,.F.);
#1278 = EDGE_LOOP('',(#1279,#1290,#1298,#1307));
#1279 = ORIENTED_EDGE('',*,*,#1280,.F.);
#1280 = EDGE_CURVE('',#1281,#1283,#1285,.T.);
#1281 = VERTEX_POINT('',#1282);
#1282 = CARTESIAN_POINT('',(26.549840116406,-28.5,2.785116950583));
#1283 = VERTEX_POINT('',#1284);
#1284 = CARTESIAN_POINT('',(26.435124829136,-28.3,2.94894735944));
#1285 = CIRCLE('',#1286,0.2);
#1286 = AXIS2_PLACEMENT_3D('',#1287,#1288,#1289);
#1287 = CARTESIAN_POINT('',(26.435124829136,-28.5,2.94894735944));
#1288 = DIRECTION('',(-0.819152044289,1.818882920477E-16,-0.573576436351
    ));
#1289 = DIRECTION('',(-2.22044604925E-16,-1.,-2.341930812375E-31));
#1290 = ORIENTED_EDGE('',*,*,#1291,.F.);
#1291 = EDGE_CURVE('',#1292,#1281,#1294,.T.);
#1292 = VERTEX_POINT('',#1293);
#1293 = CARTESIAN_POINT('',(28.5,-28.5,4.150633601789));
#1294 = LINE('',#1295,#1296);
#1295 = CARTESIAN_POINT('',(26.549840116406,-28.5,2.785116950583));
#1296 = VECTOR('',#1297,1.);
#1297 = DIRECTION('',(-0.819152044289,1.818882920477E-16,-0.573576436351
    ));
#1298 = ORIENTED_EDGE('',*,*,#1299,.F.);
#1299 = EDGE_CURVE('',#1300,#1292,#1302,.T.);
#1300 = VERTEX_POINT('',#1301);
#1301 = CARTESIAN_POINT('',(28.5,-28.3,4.394788519541));
#1302 = ELLIPSE('',#1303,0.244154917752,0.2);
#1303 = AXIS2_PLACEMENT_3D('',#1304,#1305,#1306);
#1304 = CARTESIAN_POINT('',(28.5,-28.5,4.394788519541));
#1305 = DIRECTION('',(1.,-2.22044604925E-16,0.));
#1306 = DIRECTION('',(0.,0.,1.));
#1307 = ORIENTED_EDGE('',*,*,#1308,.F.);
#1308 = EDGE_CURVE('',#1283,#1300,#1309,.T.);
#1309 = LINE('',#1310,#1311);
#1310 = CARTESIAN_POINT('',(26.435124829136,-28.3,2.94894735944));
#1311 = VECTOR('',#1312,1.);
#1312 = DIRECTION('',(0.819152044289,-1.818882920477E-16,0.573576436351)
  );
#1313 = CYLINDRICAL_SURFACE('',#1314,0.2);
#1314 = AXIS2_PLACEMENT_3D('',#1315,#1316,#1317);
#1315 = CARTESIAN_POINT('',(26.435124829136,-28.5,2.94894735944));
#1316 = DIRECTION('',(-0.819152044289,1.818882920477E-16,-0.573576436351
    ));
#1317 = DIRECTION('',(-2.22044604925E-16,-1.,-3.08148791102E-31));
#1318 = ADVANCED_FACE('',(#1319),#1347,.F.);
#1319 = FACE_BOUND('',#1320,.F.);
#1320 = EDGE_LOOP('',(#1321,#1332,#1339,#1340));
#1321 = ORIENTED_EDGE('',*,*,#1322,.F.);
#1322 = EDGE_CURVE('',#1323,#1325,#1327,.T.);
#1323 = VERTEX_POINT('',#1324);
#1324 = CARTESIAN_POINT('',(25.895448893395,-28.5,-2.185477872934));
#1325 = VERTEX_POINT('',#1326);
#1326 = CARTESIAN_POINT('',(25.742240004772,-28.3,-2.314035394872));
#1327 = CIRCLE('',#1328,0.2);
#1328 = AXIS2_PLACEMENT_3D('',#1329,#1330,#1331);
#1329 = CARTESIAN_POINT('',(25.742240004772,-28.5,-2.314035394872));
#1330 = DIRECTION('',(0.642787609687,-1.427275208436E-16,-0.766044443119
    ));
#1331 = DIRECTION('',(-0.766044443119,1.700960357274E-16,-0.642787609687
    ));
#1332 = ORIENTED_EDGE('',*,*,#1333,.F.);
#1333 = EDGE_CURVE('',#1281,#1323,#1334,.T.);
#1334 = CIRCLE('',#1335,3.4);
#1335 = AXIS2_PLACEMENT_3D('',#1336,#1337,#1338);
#1336 = CARTESIAN_POINT('',(28.5,-28.5,0.));
#1337 = DIRECTION('',(-2.22044604925E-16,-1.,0.));
#1338 = DIRECTION('',(-0.,0.,-1.));
#1339 = ORIENTED_EDGE('',*,*,#1280,.T.);
#1340 = ORIENTED_EDGE('',*,*,#1341,.F.);
#1341 = EDGE_CURVE('',#1325,#1283,#1342,.T.);
#1342 = CIRCLE('',#1343,3.6);
#1343 = AXIS2_PLACEMENT_3D('',#1344,#1345,#1346);
#1344 = CARTESIAN_POINT('',(28.5,-28.3,0.));
#1345 = DIRECTION('',(2.22044604925E-16,1.,0.));
#1346 = DIRECTION('',(1.,-2.22044604925E-16,0.));
#1347 = TOROIDAL_SURFACE('',#1348,3.6,0.2);
#1348 = AXIS2_PLACEMENT_3D('',#1349,#1350,#1351);
#1349 = CARTESIAN_POINT('',(28.5,-28.5,0.));
#1350 = DIRECTION('',(-2.22044604925E-16,-1.,0.));
#1351 = DIRECTION('',(-0.,0.,-1.));
#1352 = ADVANCED_FACE('',(#1353),#1444,.F.);
#1353 = FACE_BOUND('',#1354,.T.);
#1354 = EDGE_LOOP('',(#1355,#1356,#1364,#1372,#1380,#1389,#1397,#1405,
    #1413,#1422,#1430,#1438));
#1355 = ORIENTED_EDGE('',*,*,#1299,.F.);
#1356 = ORIENTED_EDGE('',*,*,#1357,.T.);
#1357 = EDGE_CURVE('',#1300,#1358,#1360,.T.);
#1358 = VERTEX_POINT('',#1359);
#1359 = CARTESIAN_POINT('',(28.5,-24.9,4.394788519541));
#1360 = LINE('',#1361,#1362);
#1361 = CARTESIAN_POINT('',(28.5,-28.5,4.394788519541));
#1362 = VECTOR('',#1363,1.);
#1363 = DIRECTION('',(2.22044604925E-16,1.,0.));
#1364 = ORIENTED_EDGE('',*,*,#1365,.T.);
#1365 = EDGE_CURVE('',#1358,#1366,#1368,.T.);
#1366 = VERTEX_POINT('',#1367);
#1367 = CARTESIAN_POINT('',(28.5,-24.9,6.));
#1368 = LINE('',#1369,#1370);
#1369 = CARTESIAN_POINT('',(28.5,-24.9,0.));
#1370 = VECTOR('',#1371,1.);
#1371 = DIRECTION('',(0.,0.,1.));
#1372 = ORIENTED_EDGE('',*,*,#1373,.F.);
#1373 = EDGE_CURVE('',#1374,#1366,#1376,.T.);
#1374 = VERTEX_POINT('',#1375);
#1375 = CARTESIAN_POINT('',(28.5,-31.3,6.));
#1376 = LINE('',#1377,#1378);
#1377 = CARTESIAN_POINT('',(28.5,-28.5,6.));
#1378 = VECTOR('',#1379,1.);
#1379 = DIRECTION('',(2.22044604925E-16,1.,0.));
#1380 = ORIENTED_EDGE('',*,*,#1381,.F.);
#1381 = EDGE_CURVE('',#1382,#1374,#1384,.T.);
#1382 = VERTEX_POINT('',#1383);
#1383 = CARTESIAN_POINT('',(28.5,-31.5,6.2));
#1384 = CIRCLE('',#1385,0.2);
#1385 = AXIS2_PLACEMENT_3D('',#1386,#1387,#1388);
#1386 = CARTESIAN_POINT('',(28.5,-31.5,6.));
#1387 = DIRECTION('',(1.,-2.22044604925E-16,0.));
#1388 = DIRECTION('',(0.,0.,1.));
#1389 = ORIENTED_EDGE('',*,*,#1390,.F.);
#1390 = EDGE_CURVE('',#1391,#1382,#1393,.T.);
#1391 = VERTEX_POINT('',#1392);
#1392 = CARTESIAN_POINT('',(28.5,-31.5,6.3));
#1393 = LINE('',#1394,#1395);
#1394 = CARTESIAN_POINT('',(28.5,-31.5,2.197394259771));
#1395 = VECTOR('',#1396,1.);
#1396 = DIRECTION('',(0.,0.,-1.));
#1397 = ORIENTED_EDGE('',*,*,#1398,.T.);
#1398 = EDGE_CURVE('',#1391,#1399,#1401,.T.);
#1399 = VERTEX_POINT('',#1400);
#1400 = CARTESIAN_POINT('',(28.5,-32.3,6.3));
#1401 = LINE('',#1402,#1403);
#1402 = CARTESIAN_POINT('',(28.5,-28.5,6.3));
#1403 = VECTOR('',#1404,1.);
#1404 = DIRECTION('',(-2.22044604925E-16,-1.,0.));
#1405 = ORIENTED_EDGE('',*,*,#1406,.F.);
#1406 = EDGE_CURVE('',#1407,#1399,#1409,.T.);
#1407 = VERTEX_POINT('',#1408);
#1408 = CARTESIAN_POINT('',(28.5,-32.3,3.73));
#1409 = LINE('',#1410,#1411);
#1410 = CARTESIAN_POINT('',(28.5,-32.3,0.));
#1411 = VECTOR('',#1412,1.);
#1412 = DIRECTION('',(0.,0.,1.));
#1413 = ORIENTED_EDGE('',*,*,#1414,.T.);
#1414 = EDGE_CURVE('',#1407,#1415,#1417,.T.);
#1415 = VERTEX_POINT('',#1416);
#1416 = CARTESIAN_POINT('',(28.5,-32.1,3.53));
#1417 = CIRCLE('',#1418,0.2);
#1418 = AXIS2_PLACEMENT_3D('',#1419,#1420,#1421);
#1419 = CARTESIAN_POINT('',(28.5,-32.3,3.53));
#1420 = DIRECTION('',(1.,-2.22044604925E-16,0.));
#1421 = DIRECTION('',(2.22044604925E-16,1.,0.));
#1422 = ORIENTED_EDGE('',*,*,#1423,.F.);
#1423 = EDGE_CURVE('',#1424,#1415,#1426,.T.);
#1424 = VERTEX_POINT('',#1425);
#1425 = CARTESIAN_POINT('',(28.5,-28.8,3.53));
#1426 = LINE('',#1427,#1428);
#1427 = CARTESIAN_POINT('',(28.5,-28.5,3.53));
#1428 = VECTOR('',#1429,1.);
#1429 = DIRECTION('',(-2.22044604925E-16,-1.,0.));
#1430 = ORIENTED_EDGE('',*,*,#1431,.F.);
#1431 = EDGE_CURVE('',#1432,#1424,#1434,.T.);
#1432 = VERTEX_POINT('',#1433);
#1433 = CARTESIAN_POINT('',(28.5,-28.5,3.23));
#1434 = LINE('',#1435,#1436);
#1435 = CARTESIAN_POINT('',(28.5,-28.65,3.38));
#1436 = VECTOR('',#1437,1.);
#1437 = DIRECTION('',(-1.570092458684E-16,-0.707106781187,0.707106781187
    ));
#1438 = ORIENTED_EDGE('',*,*,#1439,.T.);
#1439 = EDGE_CURVE('',#1432,#1292,#1440,.T.);
#1440 = LINE('',#1441,#1442);
#1441 = CARTESIAN_POINT('',(28.5,-28.5,1.765));
#1442 = VECTOR('',#1443,1.);
#1443 = DIRECTION('',(0.,0.,1.));
#1444 = PLANE('',#1445);
#1445 = AXIS2_PLACEMENT_3D('',#1446,#1447,#1448);
#1446 = CARTESIAN_POINT('',(28.5,-28.5,4.394788519541));
#1447 = DIRECTION('',(-1.,2.22044604925E-16,0.));
#1448 = DIRECTION('',(0.,0.,1.));
#1449 = ADVANCED_FACE('',(#1450,#1487),#1522,.T.);
#1450 = FACE_BOUND('',#1451,.T.);
#1451 = EDGE_LOOP('',(#1452,#1453,#1454,#1463,#1471,#1480,#1486));
#1452 = ORIENTED_EDGE('',*,*,#1291,.F.);
#1453 = ORIENTED_EDGE('',*,*,#1439,.F.);
#1454 = ORIENTED_EDGE('',*,*,#1455,.T.);
#1455 = EDGE_CURVE('',#1432,#1456,#1458,.T.);
#1456 = VERTEX_POINT('',#1457);
#1457 = CARTESIAN_POINT('',(29.931527133535,-28.5,-2.895449890078));
#1458 = CIRCLE('',#1459,3.23);
#1459 = AXIS2_PLACEMENT_3D('',#1460,#1461,#1462);
#1460 = CARTESIAN_POINT('',(28.5,-28.5,0.));
#1461 = DIRECTION('',(2.22044604925E-16,1.,0.));
#1462 = DIRECTION('',(1.,-2.22044604925E-16,0.));
#1463 = ORIENTED_EDGE('',*,*,#1464,.T.);
#1464 = EDGE_CURVE('',#1456,#1465,#1467,.T.);
#1465 = VERTEX_POINT('',#1466);
#1466 = CARTESIAN_POINT('',(27.068472866465,-28.5,-2.895449890078));
#1467 = LINE('',#1468,#1469);
#1468 = CARTESIAN_POINT('',(27.75,-28.5,-2.895449890078));
#1469 = VECTOR('',#1470,1.);
#1470 = DIRECTION('',(-1.,2.22044604925E-16,1.110223024625E-15));
#1471 = ORIENTED_EDGE('',*,*,#1472,.T.);
#1472 = EDGE_CURVE('',#1465,#1473,#1475,.T.);
#1473 = VERTEX_POINT('',#1474);
#1474 = CARTESIAN_POINT('',(26.025676448726,-28.5,-2.076203979288));
#1475 = CIRCLE('',#1476,3.23);
#1476 = AXIS2_PLACEMENT_3D('',#1477,#1478,#1479);
#1477 = CARTESIAN_POINT('',(28.5,-28.5,0.));
#1478 = DIRECTION('',(2.22044604925E-16,1.,0.));
#1479 = DIRECTION('',(-1.,2.22044604925E-16,0.));
#1480 = ORIENTED_EDGE('',*,*,#1481,.F.);
#1481 = EDGE_CURVE('',#1323,#1473,#1482,.T.);
#1482 = LINE('',#1483,#1484);
#1483 = CARTESIAN_POINT('',(26.175055115134,-28.5,-1.950860395399));
#1484 = VECTOR('',#1485,1.);
#1485 = DIRECTION('',(0.766044443119,-1.700960357274E-16,0.642787609687)
  );
#1486 = ORIENTED_EDGE('',*,*,#1333,.F.);
#1487 = FACE_BOUND('',#1488,.T.);
#1488 = EDGE_LOOP('',(#1489,#1499,#1507,#1516));
#1489 = ORIENTED_EDGE('',*,*,#1490,.T.);
#1490 = EDGE_CURVE('',#1491,#1493,#1495,.T.);
#1491 = VERTEX_POINT('',#1492);
#1492 = CARTESIAN_POINT('',(28.718848460858,-28.5,1.8));
#1493 = VERTEX_POINT('',#1494);
#1494 = CARTESIAN_POINT('',(28.281151539142,-28.5,1.8));
#1495 = LINE('',#1496,#1497);
#1496 = CARTESIAN_POINT('',(28.281151539142,-28.5,1.8));
#1497 = VECTOR('',#1498,1.);
#1498 = DIRECTION('',(-1.,2.22044604925E-16,-2.536510926951E-15));
#1499 = ORIENTED_EDGE('',*,*,#1500,.T.);
#1500 = EDGE_CURVE('',#1493,#1501,#1503,.T.);
#1501 = VERTEX_POINT('',#1502);
#1502 = CARTESIAN_POINT('',(27.582277701838,-28.5,1.310643270862));
#1503 = LINE('',#1504,#1505);
#1504 = CARTESIAN_POINT('',(28.5,-28.5,1.953239342018));
#1505 = VECTOR('',#1506,1.);
#1506 = DIRECTION('',(-0.819152044289,1.818882920477E-16,-0.573576436351
    ));
#1507 = ORIENTED_EDGE('',*,*,#1508,.T.);
#1508 = EDGE_CURVE('',#1501,#1509,#1511,.T.);
#1509 = VERTEX_POINT('',#1510);
#1510 = CARTESIAN_POINT('',(29.417722298162,-28.5,1.310643270862));
#1511 = CIRCLE('',#1512,1.6);
#1512 = AXIS2_PLACEMENT_3D('',#1513,#1514,#1515);
#1513 = CARTESIAN_POINT('',(28.5,-28.5,0.));
#1514 = DIRECTION('',(-2.22044604925E-16,-1.,0.));
#1515 = DIRECTION('',(-1.,2.22044604925E-16,0.));
#1516 = ORIENTED_EDGE('',*,*,#1517,.T.);
#1517 = EDGE_CURVE('',#1509,#1491,#1518,.T.);
#1518 = LINE('',#1519,#1520);
#1519 = CARTESIAN_POINT('',(28.5,-28.5,1.953239342018));
#1520 = VECTOR('',#1521,1.);
#1521 = DIRECTION('',(-0.819152044289,1.818882920477E-16,0.573576436351)
  );
#1522 = PLANE('',#1523);
#1523 = AXIS2_PLACEMENT_3D('',#1524,#1525,#1526);
#1524 = CARTESIAN_POINT('',(28.5,-28.5,0.));
#1525 = DIRECTION('',(2.22044604925E-16,1.,0.));
#1526 = DIRECTION('',(-1.,2.22044604925E-16,0.));
#1527 = ADVANCED_FACE('',(#1528),#1555,.F.);
#1528 = FACE_BOUND('',#1529,.T.);
#1529 = EDGE_LOOP('',(#1530,#1540,#1548));
#1530 = ORIENTED_EDGE('',*,*,#1531,.F.);
#1531 = EDGE_CURVE('',#1532,#1534,#1536,.T.);
#1532 = VERTEX_POINT('',#1533);
#1533 = CARTESIAN_POINT('',(23.850110230268,-31.5,-3.901720790797));
#1534 = VERTEX_POINT('',#1535);
#1535 = CARTESIAN_POINT('',(23.850110230268,-31.68734993995,
    -3.901720790797));
#1536 = LINE('',#1537,#1538);
#1537 = CARTESIAN_POINT('',(23.850110230268,-28.5,-3.901720790797));
#1538 = VECTOR('',#1539,1.);
#1539 = DIRECTION('',(-2.22044604925E-16,-1.,0.));
#1540 = ORIENTED_EDGE('',*,*,#1541,.T.);
#1541 = EDGE_CURVE('',#1532,#1542,#1544,.T.);
#1542 = VERTEX_POINT('',#1543);
#1543 = CARTESIAN_POINT('',(23.750524452662,-31.5,-3.985283180057));
#1544 = LINE('',#1545,#1546);
#1545 = CARTESIAN_POINT('',(25.849772217343,-31.5,-2.223805154963));
#1546 = VECTOR('',#1547,1.);
#1547 = DIRECTION('',(-0.766044443119,1.700960357274E-16,-0.642787609687
    ));
#1548 = ORIENTED_EDGE('',*,*,#1549,.T.);
#1549 = EDGE_CURVE('',#1542,#1534,#1550,.T.);
#1550 = CIRCLE('',#1551,0.2);
#1551 = AXIS2_PLACEMENT_3D('',#1552,#1553,#1554);
#1552 = CARTESIAN_POINT('',(23.903733341286,-31.5,-3.856725658119));
#1553 = DIRECTION('',(-0.642787609687,1.427275208436E-16,0.766044443119)
  );
#1554 = DIRECTION('',(-2.22044604925E-16,-1.,2.095411779493E-31));
#1555 = PLANE('',#1556);
#1556 = AXIS2_PLACEMENT_3D('',#1557,#1558,#1559);
#1557 = CARTESIAN_POINT('',(23.903733341286,-31.5,-3.856725658119));
#1558 = DIRECTION('',(0.642787609687,-1.427275208436E-16,-0.766044443119
    ));
#1559 = DIRECTION('',(0.766044443119,-1.700960357274E-16,0.642787609687)
  );
#1560 = ADVANCED_FACE('',(#1561),#1588,.F.);
#1561 = FACE_BOUND('',#1562,.F.);
#1562 = EDGE_LOOP('',(#1563,#1564,#1571,#1572,#1581));
#1563 = ORIENTED_EDGE('',*,*,#1381,.F.);
#1564 = ORIENTED_EDGE('',*,*,#1565,.F.);
#1565 = EDGE_CURVE('',#1542,#1382,#1566,.T.);
#1566 = CIRCLE('',#1567,6.2);
#1567 = AXIS2_PLACEMENT_3D('',#1568,#1569,#1570);
#1568 = CARTESIAN_POINT('',(28.5,-31.5,-2.775557561563E-16));
#1569 = DIRECTION('',(2.22044604925E-16,1.,0.));
#1570 = DIRECTION('',(0.,-0.,1.));
#1571 = ORIENTED_EDGE('',*,*,#1549,.T.);
#1572 = ORIENTED_EDGE('',*,*,#1573,.F.);
#1573 = EDGE_CURVE('',#1574,#1534,#1576,.T.);
#1574 = VERTEX_POINT('',#1575);
#1575 = CARTESIAN_POINT('',(23.903733341286,-31.3,-3.856725658119));
#1576 = CIRCLE('',#1577,0.2);
#1577 = AXIS2_PLACEMENT_3D('',#1578,#1579,#1580);
#1578 = CARTESIAN_POINT('',(23.903733341286,-31.5,-3.856725658119));
#1579 = DIRECTION('',(0.642787609687,-1.427275208436E-16,-0.766044443119
    ));
#1580 = DIRECTION('',(-0.766044443119,1.700960357274E-16,-0.642787609687
    ));
#1581 = ORIENTED_EDGE('',*,*,#1582,.F.);
#1582 = EDGE_CURVE('',#1374,#1574,#1583,.T.);
#1583 = CIRCLE('',#1584,6.);
#1584 = AXIS2_PLACEMENT_3D('',#1585,#1586,#1587);
#1585 = CARTESIAN_POINT('',(28.5,-31.3,-2.775557561563E-16));
#1586 = DIRECTION('',(-2.22044604925E-16,-1.,0.));
#1587 = DIRECTION('',(1.,-2.22044604925E-16,0.));
#1588 = TOROIDAL_SURFACE('',#1589,6.,0.2);
#1589 = AXIS2_PLACEMENT_3D('',#1590,#1591,#1592);
#1590 = CARTESIAN_POINT('',(28.5,-31.5,-2.775557561563E-16));
#1591 = DIRECTION('',(2.22044604925E-16,1.,0.));
#1592 = DIRECTION('',(0.,-0.,1.));
#1593 = ADVANCED_FACE('',(#1594),#1727,.F.);
#1594 = FACE_BOUND('',#1595,.T.);
#1595 = EDGE_LOOP('',(#1596,#1597,#1598,#1606,#1614,#1622,#1631,#1637,
    #1638,#1646,#1654,#1662,#1670,#1705,#1713,#1721));
#1596 = ORIENTED_EDGE('',*,*,#1322,.F.);
#1597 = ORIENTED_EDGE('',*,*,#1481,.T.);
#1598 = ORIENTED_EDGE('',*,*,#1599,.F.);
#1599 = EDGE_CURVE('',#1600,#1473,#1602,.T.);
#1600 = VERTEX_POINT('',#1601);
#1601 = CARTESIAN_POINT('',(25.79586311579,-28.8,-2.269040262193));
#1602 = LINE('',#1603,#1604);
#1603 = CARTESIAN_POINT('',(25.910769782258,-28.65,-2.172622120741));
#1604 = VECTOR('',#1605,1.);
#1605 = DIRECTION('',(0.54167522042,0.707106781187,0.454519477672));
#1606 = ORIENTED_EDGE('',*,*,#1607,.T.);
#1607 = EDGE_CURVE('',#1600,#1608,#1610,.T.);
#1608 = VERTEX_POINT('',#1609);
#1609 = CARTESIAN_POINT('',(25.79586311579,-32.3,-2.269040262193));
#1610 = LINE('',#1611,#1612);
#1611 = CARTESIAN_POINT('',(25.79586311579,-28.5,-2.269040262193));
#1612 = VECTOR('',#1613,1.);
#1613 = DIRECTION('',(-2.22044604925E-16,-1.,0.));
#1614 = ORIENTED_EDGE('',*,*,#1615,.F.);
#1615 = EDGE_CURVE('',#1616,#1608,#1618,.T.);
#1616 = VERTEX_POINT('',#1617);
#1617 = CARTESIAN_POINT('',(24.003319118892,-32.3,-3.77316326886));
#1618 = LINE('',#1619,#1620);
#1619 = CARTESIAN_POINT('',(28.5,-32.3,0.));
#1620 = VECTOR('',#1621,1.);
#1621 = DIRECTION('',(0.766044443119,-1.700960357274E-16,0.642787609687)
  );
#1622 = ORIENTED_EDGE('',*,*,#1623,.T.);
#1623 = EDGE_CURVE('',#1616,#1624,#1626,.T.);
#1624 = VERTEX_POINT('',#1625);
#1625 = CARTESIAN_POINT('',(23.850110230268,-32.1,-3.901720790797));
#1626 = CIRCLE('',#1627,0.2);
#1627 = AXIS2_PLACEMENT_3D('',#1628,#1629,#1630);
#1628 = CARTESIAN_POINT('',(23.850110230268,-32.3,-3.901720790797));
#1629 = DIRECTION('',(0.642787609687,-1.427275208436E-16,-0.766044443119
    ));
#1630 = DIRECTION('',(2.22044604925E-16,1.,-2.095411779493E-31));
#1631 = ORIENTED_EDGE('',*,*,#1632,.F.);
#1632 = EDGE_CURVE('',#1534,#1624,#1633,.T.);
#1633 = LINE('',#1634,#1635);
#1634 = CARTESIAN_POINT('',(23.850110230268,-28.5,-3.901720790797));
#1635 = VECTOR('',#1636,1.);
#1636 = DIRECTION('',(-2.22044604925E-16,-1.,0.));
#1637 = ORIENTED_EDGE('',*,*,#1573,.F.);
#1638 = ORIENTED_EDGE('',*,*,#1639,.F.);
#1639 = EDGE_CURVE('',#1640,#1574,#1642,.T.);
#1640 = VERTEX_POINT('',#1641);
#1641 = CARTESIAN_POINT('',(23.903733341286,-28.65,-3.856725658119));
#1642 = LINE('',#1643,#1644);
#1643 = CARTESIAN_POINT('',(23.903733341286,-28.5,-3.856725658119));
#1644 = VECTOR('',#1645,1.);
#1645 = DIRECTION('',(-2.22044604925E-16,-1.,0.));
#1646 = ORIENTED_EDGE('',*,*,#1647,.T.);
#1647 = EDGE_CURVE('',#1640,#1648,#1650,.T.);
#1648 = VERTEX_POINT('',#1649);
#1649 = CARTESIAN_POINT('',(23.392210032676,-28.65,-4.285944677712));
#1650 = LINE('',#1651,#1652);
#1651 = CARTESIAN_POINT('',(23.903733341286,-28.65,-3.856725658119));
#1652 = VECTOR('',#1653,1.);
#1653 = DIRECTION('',(-0.766044443119,1.700960357274E-16,-0.642787609687
    ));
#1654 = ORIENTED_EDGE('',*,*,#1655,.F.);
#1655 = EDGE_CURVE('',#1656,#1648,#1658,.T.);
#1656 = VERTEX_POINT('',#1657);
#1657 = CARTESIAN_POINT('',(23.392210032676,-25.6,-4.285944677712));
#1658 = LINE('',#1659,#1660);
#1659 = CARTESIAN_POINT('',(23.392210032676,-27.05,-4.285944677712));
#1660 = VECTOR('',#1661,1.);
#1661 = DIRECTION('',(-2.22044604925E-16,-1.,0.));
#1662 = ORIENTED_EDGE('',*,*,#1663,.F.);
#1663 = EDGE_CURVE('',#1664,#1656,#1666,.T.);
#1664 = VERTEX_POINT('',#1665);
#1665 = CARTESIAN_POINT('',(23.980337785598,-25.6,-3.792446897151));
#1666 = LINE('',#1667,#1668);
#1667 = CARTESIAN_POINT('',(24.299179016617,-25.6,-3.524907337799));
#1668 = VECTOR('',#1669,1.);
#1669 = DIRECTION('',(-0.766044443119,1.700960357274E-16,-0.642787609687
    ));
#1670 = ORIENTED_EDGE('',*,*,#1671,.T.);
#1671 = EDGE_CURVE('',#1664,#1672,#1674,.T.);
#1672 = VERTEX_POINT('',#1673);
#1673 = CARTESIAN_POINT('',(24.133546674222,-25.4,-3.663889375213));
#1674 = B_SPLINE_CURVE_WITH_KNOTS('',3,(#1675,#1676,#1677,#1678,#1679,
    #1680,#1681,#1682,#1683,#1684,#1685,#1686,#1687,#1688,#1689,#1690,
    #1691,#1692,#1693,#1694,#1695,#1696,#1697,#1698,#1699,#1700,#1701,
    #1702,#1703,#1704),.UNSPECIFIED.,.F.,.F.,(4,2,2,2,2,2,2,2,2,2,2,2,2,
    2,4),(0.,4.077416525465E-03,8.155072374084E-03,1.36721643758E-02,
    1.802959864941E-02,2.241210425947E-02,2.661164129901E-02,
    3.17963667395E-02,3.614156905441E-02,3.938541140662E-02,
    4.350919121128E-02,4.938873721617E-02,5.673223288813E-02,
    6.22021977231E-02,6.767266235265E-02),.UNSPECIFIED.);
#1675 = CARTESIAN_POINT('',(23.980337785598,-25.6,-3.792446897151));
#1676 = CARTESIAN_POINT('',(23.980337785598,-25.61359138841,
    -3.792446897151));
#1677 = CARTESIAN_POINT('',(23.981439575337,-25.6271727968,
    -3.791522385787));
#1678 = CARTESIAN_POINT('',(23.985699620733,-25.65378153899,
    -3.787947783267));
#1679 = CARTESIAN_POINT('',(23.988858296033,-25.66681069689,
    -3.785297339987));
#1680 = CARTESIAN_POINT('',(23.998539715223,-25.69619026863,
    -3.777173664715));
#1681 = CARTESIAN_POINT('',(24.008325423795,-25.71994676399,
    -3.768962480262));
#1682 = CARTESIAN_POINT('',(24.040603446172,-25.76104157252,
    -3.74187800359));
#1683 = CARTESIAN_POINT('',(24.057582190318,-25.77556783447,
    -3.727631145639));
#1684 = CARTESIAN_POINT('',(24.094520859732,-25.79528588412,
    -3.696635921758));
#1685 = CARTESIAN_POINT('',(24.113958513104,-25.800198025,
    -3.680325793983));
#1686 = CARTESIAN_POINT('',(24.153860315066,-25.79978679457,
    -3.646844206673));
#1687 = CARTESIAN_POINT('',(24.173396008051,-25.79478065659,
    -3.630451813895));
#1688 = CARTESIAN_POINT('',(24.213814281385,-25.77333364416,
    -3.596536855647));
#1689 = CARTESIAN_POINT('',(24.230251379741,-25.75649554536,
    -3.582744492479));
#1690 = CARTESIAN_POINT('',(24.251564081109,-25.72867394199,
    -3.564861012622));
#1691 = CARTESIAN_POINT('',(24.265568853312,-25.70724405225,
    -3.553109613432));
#1692 = CARTESIAN_POINT('',(24.28280713043,-25.65198957917,
    -3.53864498146));
#1693 = CARTESIAN_POINT('',(24.286660213239,-25.62647259591,
    -3.535411861096));
#1694 = CARTESIAN_POINT('',(24.286881363881,-25.5685516951,
    -3.535226293674));
#1695 = CARTESIAN_POINT('',(24.28095467095,-25.54261334035,
    -3.540199379526));
#1696 = CARTESIAN_POINT('',(24.268115232381,-25.5008335963,
    -3.550972947694));
#1697 = CARTESIAN_POINT('',(24.257011681529,-25.47864998263,
    -3.560289933119));
#1698 = CARTESIAN_POINT('',(24.225202210228,-25.43638044898,
    -3.586981248755));
#1699 = CARTESIAN_POINT('',(24.207025836978,-25.42369209637,
    -3.602233036845));
#1700 = CARTESIAN_POINT('',(24.184651932474,-25.41112472596,
    -3.621006971862));
#1701 = CARTESIAN_POINT('',(24.174688643293,-25.40700190501,
    -3.62936716414));
#1702 = CARTESIAN_POINT('',(24.154333305854,-25.40143882308,
    -3.646447320277));
#1703 = CARTESIAN_POINT('',(24.143945549633,-25.4,-3.655163682691));
#1704 = CARTESIAN_POINT('',(24.133546674222,-25.4,-3.663889375213));
#1705 = ORIENTED_EDGE('',*,*,#1706,.F.);
#1706 = EDGE_CURVE('',#1707,#1672,#1709,.T.);
#1707 = VERTEX_POINT('',#1708);
#1708 = CARTESIAN_POINT('',(24.133546674222,-24.9,-3.663889375213));
#1709 = LINE('',#1710,#1711);
#1710 = CARTESIAN_POINT('',(24.133546674222,-24.9,-3.663889375213));
#1711 = VECTOR('',#1712,1.);
#1712 = DIRECTION('',(-2.22044604925E-16,-1.,0.));
#1713 = ORIENTED_EDGE('',*,*,#1714,.T.);
#1714 = EDGE_CURVE('',#1707,#1715,#1717,.T.);
#1715 = VERTEX_POINT('',#1716);
#1716 = CARTESIAN_POINT('',(25.742240004772,-24.9,-2.314035394872));
#1717 = LINE('',#1718,#1719);
#1718 = CARTESIAN_POINT('',(28.5,-24.9,0.));
#1719 = VECTOR('',#1720,1.);
#1720 = DIRECTION('',(0.766044443119,-1.700960357274E-16,0.642787609687)
  );
#1721 = ORIENTED_EDGE('',*,*,#1722,.F.);
#1722 = EDGE_CURVE('',#1325,#1715,#1723,.T.);
#1723 = LINE('',#1724,#1725);
#1724 = CARTESIAN_POINT('',(25.742240004772,-28.5,-2.314035394872));
#1725 = VECTOR('',#1726,1.);
#1726 = DIRECTION('',(2.22044604925E-16,1.,0.));
#1727 = PLANE('',#1728);
#1728 = AXIS2_PLACEMENT_3D('',#1729,#1730,#1731);
#1729 = CARTESIAN_POINT('',(23.903733341286,-28.5,-3.856725658119));
#1730 = DIRECTION('',(-0.642787609687,1.427275208436E-16,0.766044443119)
  );
#1731 = DIRECTION('',(0.766044443119,-1.700960357274E-16,0.642787609687)
  );
#1732 = ADVANCED_FACE('',(#1733,#1828),#1856,.F.);
#1733 = FACE_BOUND('',#1734,.T.);
#1734 = EDGE_LOOP('',(#1735,#1746,#1754,#1762,#1771,#1779,#1787,#1795,
    #1803,#1812,#1821));
#1735 = ORIENTED_EDGE('',*,*,#1736,.F.);
#1736 = EDGE_CURVE('',#1737,#1739,#1741,.T.);
#1737 = VERTEX_POINT('',#1738);
#1738 = CARTESIAN_POINT('',(34.000206004304,-31.5,-6.348837209302));
#1739 = VERTEX_POINT('',#1740);
#1740 = CARTESIAN_POINT('',(36.839129067782,-31.5,1.009418838183));
#1741 = CIRCLE('',#1742,8.4);
#1742 = AXIS2_PLACEMENT_3D('',#1743,#1744,#1745);
#1743 = CARTESIAN_POINT('',(28.5,-31.5,-2.775557561563E-16));
#1744 = DIRECTION('',(-2.22044604925E-16,-1.,0.));
#1745 = DIRECTION('',(-0.,0.,-1.));
#1746 = ORIENTED_EDGE('',*,*,#1747,.F.);
#1747 = EDGE_CURVE('',#1748,#1737,#1750,.T.);
#1748 = VERTEX_POINT('',#1749);
#1749 = CARTESIAN_POINT('',(34.13116329012,-31.5,-6.5));
#1750 = LINE('',#1751,#1752);
#1751 = CARTESIAN_POINT('',(31.058334484433,-31.5,-2.953061968206));
#1752 = VECTOR('',#1753,1.);
#1753 = DIRECTION('',(-0.654786429084,1.453917939562E-16,0.755813953488)
  );
#1754 = ORIENTED_EDGE('',*,*,#1755,.T.);
#1755 = EDGE_CURVE('',#1748,#1756,#1758,.T.);
#1756 = VERTEX_POINT('',#1757);
#1757 = CARTESIAN_POINT('',(19.625880325351,-31.5,-6.5));
#1758 = LINE('',#1759,#1760);
#1759 = CARTESIAN_POINT('',(23.657359312881,-31.5,-6.5));
#1760 = VECTOR('',#1761,1.);
#1761 = DIRECTION('',(-1.,2.22044604925E-16,1.308410382236E-16));
#1762 = ORIENTED_EDGE('',*,*,#1763,.T.);
#1763 = EDGE_CURVE('',#1756,#1764,#1766,.T.);
#1764 = VERTEX_POINT('',#1765);
#1765 = CARTESIAN_POINT('',(19.645665201478,-31.5,6.526925407547));
#1766 = CIRCLE('',#1767,11.);
#1767 = AXIS2_PLACEMENT_3D('',#1768,#1769,#1770);
#1768 = CARTESIAN_POINT('',(28.5,-31.5,0.));
#1769 = DIRECTION('',(2.22044604925E-16,1.,0.));
#1770 = DIRECTION('',(-1.,2.22044604925E-16,0.));
#1771 = ORIENTED_EDGE('',*,*,#1772,.T.);
#1772 = EDGE_CURVE('',#1764,#1773,#1775,.T.);
#1773 = VERTEX_POINT('',#1774);
#1774 = CARTESIAN_POINT('',(20.614718625761,-31.5,7.));
#1775 = LINE('',#1776,#1777);
#1776 = CARTESIAN_POINT('',(21.691985545038,-31.5,7.525902490027));
#1777 = VECTOR('',#1778,1.);
#1778 = DIRECTION('',(0.898634809161,-1.995370111721E-16,0.438697480918)
  );
#1779 = ORIENTED_EDGE('',*,*,#1780,.T.);
#1780 = EDGE_CURVE('',#1773,#1781,#1783,.T.);
#1781 = VERTEX_POINT('',#1782);
#1782 = CARTESIAN_POINT('',(34.802828310085,-31.5,7.));
#1783 = LINE('',#1784,#1785);
#1784 = CARTESIAN_POINT('',(35.188750006803,-31.5,7.));
#1785 = VECTOR('',#1786,1.);
#1786 = DIRECTION('',(1.,-2.22044604925E-16,0.));
#1787 = ORIENTED_EDGE('',*,*,#1788,.T.);
#1788 = EDGE_CURVE('',#1781,#1789,#1791,.T.);
#1789 = VERTEX_POINT('',#1790);
#1790 = CARTESIAN_POINT('',(32.7318990082,-31.5,4.7));
#1791 = LINE('',#1792,#1793);
#1792 = CARTESIAN_POINT('',(32.746624790799,-31.5,4.716354638445));
#1793 = VECTOR('',#1794,1.);
#1794 = DIRECTION('',(-0.669130606359,1.485768411322E-16,-0.743144825477
    ));
#1795 = ORIENTED_EDGE('',*,*,#1796,.F.);
#1796 = EDGE_CURVE('',#1797,#1789,#1799,.T.);
#1797 = VERTEX_POINT('',#1798);
#1798 = CARTESIAN_POINT('',(35.702083032012,-31.5,4.7));
#1799 = LINE('',#1800,#1801);
#1800 = CARTESIAN_POINT('',(31.501041516006,-31.5,4.7));
#1801 = VECTOR('',#1802,1.);
#1802 = DIRECTION('',(-1.,2.22044604925E-16,2.477533204965E-15));
#1803 = ORIENTED_EDGE('',*,*,#1804,.T.);
#1804 = EDGE_CURVE('',#1797,#1805,#1807,.T.);
#1805 = VERTEX_POINT('',#1806);
#1806 = CARTESIAN_POINT('',(36.15039696806,-31.5,3.928285406012));
#1807 = CIRCLE('',#1808,8.6);
#1808 = AXIS2_PLACEMENT_3D('',#1809,#1810,#1811);
#1809 = CARTESIAN_POINT('',(28.5,-31.5,-2.775557561563E-16));
#1810 = DIRECTION('',(2.22044604925E-16,1.,0.));
#1811 = DIRECTION('',(1.,-2.22044604925E-16,0.));
#1812 = ORIENTED_EDGE('',*,*,#1813,.F.);
#1813 = EDGE_CURVE('',#1814,#1805,#1816,.T.);
#1814 = VERTEX_POINT('',#1815);
#1815 = CARTESIAN_POINT('',(35.032034580467,-31.5,2.477646673317));
#1816 = CIRCLE('',#1817,1.5);
#1817 = AXIS2_PLACEMENT_3D('',#1818,#1819,#1820);
#1818 = CARTESIAN_POINT('',(36.532034580467,-31.5,2.477646673317));
#1819 = DIRECTION('',(2.22044604925E-16,1.,0.));
#1820 = DIRECTION('',(1.,-2.22044604925E-16,0.));
#1821 = ORIENTED_EDGE('',*,*,#1822,.F.);
#1822 = EDGE_CURVE('',#1739,#1814,#1823,.T.);
#1823 = CIRCLE('',#1824,1.5);
#1824 = AXIS2_PLACEMENT_3D('',#1825,#1826,#1827);
#1825 = CARTESIAN_POINT('',(36.532034580467,-31.5,2.477646673317));
#1826 = DIRECTION('',(2.22044604925E-16,1.,0.));
#1827 = DIRECTION('',(1.,-2.22044604925E-16,0.));
#1828 = FACE_BOUND('',#1829,.T.);
#1829 = EDGE_LOOP('',(#1830,#1831,#1840,#1848,#1854,#1855));
#1830 = ORIENTED_EDGE('',*,*,#1541,.F.);
#1831 = ORIENTED_EDGE('',*,*,#1832,.T.);
#1832 = EDGE_CURVE('',#1532,#1833,#1835,.T.);
#1833 = VERTEX_POINT('',#1834);
#1834 = CARTESIAN_POINT('',(31.981608968651,-31.5,4.972252908834));
#1835 = CIRCLE('',#1836,6.07);
#1836 = AXIS2_PLACEMENT_3D('',#1837,#1838,#1839);
#1837 = CARTESIAN_POINT('',(28.5,-31.5,0.));
#1838 = DIRECTION('',(-2.22044604925E-16,-1.,0.));
#1839 = DIRECTION('',(1.,-2.22044604925E-16,0.));
#1840 = ORIENTED_EDGE('',*,*,#1841,.T.);
#1841 = EDGE_CURVE('',#1833,#1842,#1844,.T.);
#1842 = VERTEX_POINT('',#1843);
#1843 = CARTESIAN_POINT('',(30.085389606945,-31.5,6.3));
#1844 = LINE('',#1845,#1846);
#1845 = CARTESIAN_POINT('',(30.6308932448,-31.5,5.918034240653));
#1846 = VECTOR('',#1847,1.);
#1847 = DIRECTION('',(-0.819152044289,1.818882920477E-16,0.573576436351)
  );
#1848 = ORIENTED_EDGE('',*,*,#1849,.T.);
#1849 = EDGE_CURVE('',#1842,#1391,#1850,.T.);
#1850 = LINE('',#1851,#1852);
#1851 = CARTESIAN_POINT('',(27.9,-31.5,6.3));
#1852 = VECTOR('',#1853,1.);
#1853 = DIRECTION('',(-1.,2.22044604925E-16,-7.002840309801E-16));
#1854 = ORIENTED_EDGE('',*,*,#1390,.T.);
#1855 = ORIENTED_EDGE('',*,*,#1565,.F.);
#1856 = PLANE('',#1857);
#1857 = AXIS2_PLACEMENT_3D('',#1858,#1859,#1860);
#1858 = CARTESIAN_POINT('',(27.3,-31.5,-7.771561172376E-15));
#1859 = DIRECTION('',(-2.22044604925E-16,-1.,0.));
#1860 = DIRECTION('',(1.,-2.22044604925E-16,0.));
#1861 = ADVANCED_FACE('',(#1862),#1952,.T.);
#1862 = FACE_BOUND('',#1863,.T.);
#1863 = EDGE_LOOP('',(#1864,#1933,#1934,#1945));
#1864 = ORIENTED_EDGE('',*,*,#1865,.T.);
#1865 = EDGE_CURVE('',#1866,#1672,#1868,.T.);
#1866 = VERTEX_POINT('',#1867);
#1867 = CARTESIAN_POINT('',(23.883427918891,-25.4,3.83239640694));
#1868 = B_SPLINE_CURVE_WITH_KNOTS('',3,(#1869,#1870,#1871,#1872,#1873,
    #1874,#1875,#1876,#1877,#1878,#1879,#1880,#1881,#1882,#1883,#1884,
    #1885,#1886,#1887,#1888,#1889,#1890,#1891,#1892,#1893,#1894,#1895,
    #1896,#1897,#1898,#1899,#1900,#1901,#1902,#1903,#1904,#1905,#1906,
    #1907,#1908,#1909,#1910,#1911,#1912,#1913,#1914,#1915,#1916,#1917,
    #1918,#1919,#1920,#1921,#1922,#1923,#1924,#1925,#1926,#1927,#1928,
    #1929,#1930,#1931,#1932),.UNSPECIFIED.,.F.,.F.,(4,3,3,3,3,3,3,3,3,3,
    3,3,3,3,3,3,3,3,3,3,3,4),(0.,3.266111146338E-02,6.719972787055E-02,
    0.10448160881,0.146584016258,0.197912657912,0.247345455278,
    0.292005640157,0.323764079855,0.342345845348,0.356206228287,
    0.398287277444,0.440047980627,0.481512916042,0.525154035918,
    0.565971466156,0.604643878466,0.653518077682,0.697950348153,
    0.738358707902,0.774853712308,0.800140675331),.UNSPECIFIED.);
#1869 = CARTESIAN_POINT('',(23.883427918891,-25.4,3.83239640694));
#1870 = CARTESIAN_POINT('',(23.806141878556,-25.4,3.739296284149));
#1871 = CARTESIAN_POINT('',(23.732846021589,-25.4,3.645197930283));
#1872 = CARTESIAN_POINT('',(23.663517579862,-25.4,3.550116113392));
#1873 = CARTESIAN_POINT('',(23.590203833096,-25.4,3.44956857371));
#1874 = CARTESIAN_POINT('',(23.521326375843,-25.4,3.347921259735));
#1875 = CARTESIAN_POINT('',(23.456804279713,-25.4,3.245218043334));
#1876 = CARTESIAN_POINT('',(23.387157450856,-25.4,3.13435752012));
#1877 = CARTESIAN_POINT('',(23.322584757704,-25.4,3.022266683614));
#1878 = CARTESIAN_POINT('',(23.262930230034,-25.4,2.909030911117));
#1879 = CARTESIAN_POINT('',(23.195562405054,-25.4,2.781153816102));
#1880 = CARTESIAN_POINT('',(23.134465717427,-25.4,2.65181643733));
#1881 = CARTESIAN_POINT('',(23.079361380583,-25.4,2.521180532721));
#1882 = CARTESIAN_POINT('',(23.012181593703,-25.4,2.361917347042));
#1883 = CARTESIAN_POINT('',(22.953904973648,-25.4,2.200723656625));
#1884 = CARTESIAN_POINT('',(22.903986558563,-25.4,2.037953259188));
#1885 = CARTESIAN_POINT('',(22.855911900474,-25.4,1.881194852688));
#1886 = CARTESIAN_POINT('',(22.815586842709,-25.4,1.722975197043));
#1887 = CARTESIAN_POINT('',(22.782536494955,-25.4,1.56365329522));
#1888 = CARTESIAN_POINT('',(22.752677075305,-25.4,1.419713523045));
#1889 = CARTESIAN_POINT('',(22.728754328201,-25.4,1.27487501792));
#1890 = CARTESIAN_POINT('',(22.710451990189,-25.4,1.1294237085));
#1891 = CARTESIAN_POINT('',(22.697436959023,-25.4,1.025991386136));
#1892 = CARTESIAN_POINT('',(22.687264708027,-25.4,0.922249609256));
#1893 = CARTESIAN_POINT('',(22.679837894084,-25.4,0.818305250551));
#1894 = CARTESIAN_POINT('',(22.675492488065,-25.4,0.757487725633));
#1895 = CARTESIAN_POINT('',(22.672087248253,-25.4,0.69660090093));
#1896 = CARTESIAN_POINT('',(22.669605404666,-25.4,0.635666515915));
#1897 = CARTESIAN_POINT('',(22.667754164938,-25.4,0.590214757802));
#1898 = CARTESIAN_POINT('',(22.66641632715,-25.4,0.544726963698));
#1899 = CARTESIAN_POINT('',(22.665586339674,-25.4,0.499209931723));
#1900 = CARTESIAN_POINT('',(22.663066442214,-25.4,0.361017179876));
#1901 = CARTESIAN_POINT('',(22.665224254351,-25.4,0.222562760441));
#1902 = CARTESIAN_POINT('',(22.671941498526,-25.4,8.411575640624E-02));
#1903 = CARTESIAN_POINT('',(22.678607607043,-25.4,-5.327730669305E-02));
#1904 = CARTESIAN_POINT('',(22.689763938534,-25.4,-0.190662812504));
#1905 = CARTESIAN_POINT('',(22.705346183438,-25.4,-0.327776058711));
#1906 = CARTESIAN_POINT('',(22.720818067993,-25.4,-0.463918208272));
#1907 = CARTESIAN_POINT('',(22.740653360222,-25.4,-0.599791699044));
#1908 = CARTESIAN_POINT('',(22.764840540097,-25.4,-0.735139403297));
#1909 = CARTESIAN_POINT('',(22.790297124216,-25.4,-0.877590496662));
#1910 = CARTESIAN_POINT('',(22.8205743538,-25.4,-1.019458717825));
#1911 = CARTESIAN_POINT('',(22.855718949124,-25.4,-1.16045155697));
#1912 = CARTESIAN_POINT('',(22.888589601206,-25.4,-1.292321806683));
#1913 = CARTESIAN_POINT('',(22.92571938265,-25.4,-1.423426025301));
#1914 = CARTESIAN_POINT('',(22.967185503298,-25.4,-1.553536237526));
#1915 = CARTESIAN_POINT('',(23.006472516354,-25.4,-1.676808960567));
#1916 = CARTESIAN_POINT('',(23.049651103298,-25.4,-1.799185267021));
#1917 = CARTESIAN_POINT('',(23.096818352345,-25.4,-1.920506759036));
#1918 = CARTESIAN_POINT('',(23.156428327225,-25.4,-2.073832874883));
#1919 = CARTESIAN_POINT('',(23.222409192114,-25.4,-2.225474250997));
#1920 = CARTESIAN_POINT('',(23.295003364967,-25.4,-2.37515340977));
#1921 = CARTESIAN_POINT('',(23.360999820654,-25.4,-2.511228986927));
#1922 = CARTESIAN_POINT('',(23.432464823277,-25.4,-2.645682437843));
#1923 = CARTESIAN_POINT('',(23.509591987875,-25.4,-2.778343168142));
#1924 = CARTESIAN_POINT('',(23.57973430067,-25.4,-2.898989771562));
#1925 = CARTESIAN_POINT('',(23.654561138347,-25.4,-3.01815354563));
#1926 = CARTESIAN_POINT('',(23.734200050738,-25.4,-3.13574241709));
#1927 = CARTESIAN_POINT('',(23.806126317399,-25.4,-3.24194337176));
#1928 = CARTESIAN_POINT('',(23.881978324723,-25.4,-3.346859803621));
#1929 = CARTESIAN_POINT('',(23.961821660632,-25.4,-3.450454643772));
#1930 = CARTESIAN_POINT('',(24.017144177112,-25.4,-3.5222343006));
#1931 = CARTESIAN_POINT('',(24.074382346993,-25.4,-3.593380075685));
#1932 = CARTESIAN_POINT('',(24.133546674222,-25.4,-3.663889375213));
#1933 = ORIENTED_EDGE('',*,*,#1671,.F.);
#1934 = ORIENTED_EDGE('',*,*,#1935,.T.);
#1935 = EDGE_CURVE('',#1664,#1936,#1938,.T.);
#1936 = VERTEX_POINT('',#1937);
#1937 = CARTESIAN_POINT('',(23.729542182854,-25.6,3.960142953838));
#1938 = B_SPLINE_CURVE_WITH_KNOTS('',3,(#1939,#1940,#1941,#1942,#1943,
    #1944),.UNSPECIFIED.,.F.,.F.,(4,1,1,4),(0.,0.164434196833,
    0.328868393666,0.575519688916),.UNSPECIFIED.);
#1939 = CARTESIAN_POINT('',(23.980337785598,-25.6,-3.792446897151));
#1940 = CARTESIAN_POINT('',(23.429596008849,-25.6,-3.136098406118));
#1941 = CARTESIAN_POINT('',(22.65926243091,-25.6,-1.699369344776));
#1942 = CARTESIAN_POINT('',(22.274280294405,-25.6,1.035201613603));
#1943 = CARTESIAN_POINT('',(22.890729730675,-25.6,2.949694728544));
#1944 = CARTESIAN_POINT('',(23.729542182854,-25.6,3.960142953838));
#1945 = ORIENTED_EDGE('',*,*,#1946,.F.);
#1946 = EDGE_CURVE('',#1866,#1936,#1947,.T.);
#1947 = CIRCLE('',#1948,0.2);
#1948 = AXIS2_PLACEMENT_3D('',#1949,#1950,#1951);
#1949 = CARTESIAN_POINT('',(23.883427918891,-25.6,3.83239640694));
#1950 = DIRECTION('',(-0.63873273449,1.418271576825E-16,-0.769428680185)
  );
#1951 = DIRECTION('',(2.22044604925E-16,1.,3.328006943901E-31));
#1952 = B_SPLINE_SURFACE_WITH_KNOTS('',3,3,(
    (#1953,#1954,#1955,#1956,#1957,#1958)
    ,(#1959,#1960,#1961,#1962,#1963,#1964)
    ,(#1965,#1966,#1967,#1968,#1969,#1970)
    ,(#1971,#1972,#1973,#1974,#1975,#1976)
    ,(#1977,#1978,#1979,#1980,#1981,#1982)
    ,(#1983,#1984,#1985,#1986,#1987,#1988)
    ,(#1989,#1990,#1991,#1992,#1993,#1994)
    ,(#1995,#1996,#1997,#1998,#1999,#2000)
    ,(#2001,#2002,#2003,#2004,#2005,#2006)
    ,(#2007,#2008,#2009,#2010,#2011,#2012)
    ,(#2013,#2014,#2015,#2016,#2017,#2018
    )),.UNSPECIFIED.,.F.,.F.,.F.,(4,1,1,1,1,1,1,1,4),(4,1,1,4),(
    -1.197412581911E-13,0.673198425769,1.009797638654,1.514696457981,
    2.019595277308,2.692793703077,3.365992128846,4.039190554615,
    4.712388980385),(0.,0.285714285714,0.571428571429,1.),
  .UNSPECIFIED.);
#1953 = CARTESIAN_POINT('',(24.133546674222,-25.4,-3.663889375213));
#1954 = CARTESIAN_POINT('',(23.598660267655,-25.4,-3.026436578557));
#1955 = CARTESIAN_POINT('',(22.852263171579,-25.4,-1.639346474303));
#1956 = CARTESIAN_POINT('',(22.48080204987,-25.4,1.020391201044));
#1957 = CARTESIAN_POINT('',(23.071981849982,-25.4,2.854914208004));
#1958 = CARTESIAN_POINT('',(23.883427918891,-25.4,3.83239640694));
#1959 = CARTESIAN_POINT('',(24.167926668434,-25.4,-3.63504113475));
#1960 = CARTESIAN_POINT('',(23.636610750418,-25.4,-3.001843480652));
#1961 = CARTESIAN_POINT('',(22.895596103745,-25.4,-1.625857129207));
#1962 = CARTESIAN_POINT('',(22.527175875074,-25.4,1.017038618582));
#1963 = CARTESIAN_POINT('',(23.112676394866,-25.4,2.833671606274));
#1964 = CARTESIAN_POINT('',(23.917959797307,-25.4,3.80373014885));
#1965 = CARTESIAN_POINT('',(24.219271842926,-25.42359029757,
    -3.591957417771));
#1966 = CARTESIAN_POINT('',(23.69325243276,-25.42359029757,
    -2.965071895932));
#1967 = CARTESIAN_POINT('',(22.96024449207,-25.42359029757,
    -1.605769185671));
#1968 = CARTESIAN_POINT('',(22.596346326076,-25.42359029757,
    1.012114940993));
#1969 = CARTESIAN_POINT('',(23.173390179806,-25.42359029757,
    2.801872018524));
#1970 = CARTESIAN_POINT('',(23.969531804908,-25.42359029757,
    3.760918215416));
#1971 = CARTESIAN_POINT('',(24.271597665148,-25.50010035067,
    -3.548050839643));
#1972 = CARTESIAN_POINT('',(23.751000198203,-25.50010035067,
    -2.927626938116));
#1973 = CARTESIAN_POINT('',(23.026173383157,-25.50010035067,
    -1.585258424797));
#1974 = CARTESIAN_POINT('',(22.666896769151,-25.50010035067,
    1.007040877428));
#1975 = CARTESIAN_POINT('',(23.235305446352,-25.50010035067,
    2.769515562041));
#1976 = CARTESIAN_POINT('',(24.022088792553,-25.50010035067,
    3.71728861166));
#1977 = CARTESIAN_POINT('',(24.293130337478,-25.58822939594,
    -3.529982782233));
#1978 = CARTESIAN_POINT('',(23.774758949584,-25.58822939594,
    -2.912211818413));
#1979 = CARTESIAN_POINT('',(23.053294233647,-25.58822939594,
    -1.576826258522));
#1980 = CARTESIAN_POINT('',(22.695916677652,-25.58822939594,
    1.004964708665));
#1981 = CARTESIAN_POINT('',(23.260775460343,-25.58822939594,
    2.756189881817));
#1982 = CARTESIAN_POINT('',(24.043716592089,-25.58822939594,
    3.699334532362));
#1983 = CARTESIAN_POINT('',(24.275954842991,-25.7020558597,
    -3.544394733323));
#1984 = CARTESIAN_POINT('',(23.755805043817,-25.7020558597,
    -2.92450434147));
#1985 = CARTESIAN_POINT('',(23.031656090941,-25.7020558597,
    -1.583556649294));
#1986 = CARTESIAN_POINT('',(22.672762250406,-25.7020558597,
    1.006627221666));
#1987 = CARTESIAN_POINT('',(23.240454548347,-25.7020558597,
    2.766813297274));
#1988 = CARTESIAN_POINT('',(24.026465219569,-25.7020558597,
    3.713655569031));
#1989 = CARTESIAN_POINT('',(24.205292482256,-25.79431358253,
    -3.603687494153));
#1990 = CARTESIAN_POINT('',(23.677832393027,-25.79431358253,
    -2.975085037864));
#1991 = CARTESIAN_POINT('',(22.942645732478,-25.79431358253,
    -1.611236182523));
#1992 = CARTESIAN_POINT('',(22.57751711441,-25.79431358253,
    1.013452314545));
#1993 = CARTESIAN_POINT('',(23.156862447642,-25.79431358253,
    2.810532680292));
#1994 = CARTESIAN_POINT('',(23.955490686111,-25.79431358253,
    3.772574295357));
#1995 = CARTESIAN_POINT('',(24.096713648264,-25.81043961387,
    -3.69479595371));
#1996 = CARTESIAN_POINT('',(23.558015216989,-25.81043961387,
    -3.052800162913));
#1997 = CARTESIAN_POINT('',(22.80586333808,-25.81043961387,
    -1.653776969205));
#1998 = CARTESIAN_POINT('',(22.431151499606,-25.81043961387,
    1.023952307098));
#1999 = CARTESIAN_POINT('',(23.028406544704,-25.81043961387,
    2.877699968244));
#2000 = CARTESIAN_POINT('',(23.846432171706,-25.81043961387,
    3.863108018519));
#2001 = CARTESIAN_POINT('',(24.004365162348,-25.73445054213,
    -3.772285534182));
#2002 = CARTESIAN_POINT('',(23.456114341977,-25.73445054213,
    -3.118905649362));
#2003 = CARTESIAN_POINT('',(22.689538558266,-25.73445054213,
    -1.689949011946));
#2004 = CARTESIAN_POINT('',(22.30667926637,-25.73445054213,
    1.032868726228));
#2005 = CARTESIAN_POINT('',(22.919162648716,-25.73445054213,
    2.934839673153));
#2006 = CARTESIAN_POINT('',(23.753675707935,-25.73445054213,
    3.940108774109));
#2007 = CARTESIAN_POINT('',(23.980337785598,-25.64487989505,
    -3.792446897151));
#2008 = CARTESIAN_POINT('',(23.429580860775,-25.64487989505,
    -3.136080353347));
#2009 = CARTESIAN_POINT('',(22.659233868236,-25.64487989505,
    -1.699393776691));
#2010 = CARTESIAN_POINT('',(22.274243543998,-25.64487989505,
    1.035236773397));
#2011 = CARTESIAN_POINT('',(22.890703585086,-25.64487989505,
    2.949663233107));
#2012 = CARTESIAN_POINT('',(23.729542182854,-25.64487989505,
    3.960142953838));
#2013 = CARTESIAN_POINT('',(23.980337785598,-25.6,-3.792446897151));
#2014 = CARTESIAN_POINT('',(23.429596008849,-25.6,-3.136098406118));
#2015 = CARTESIAN_POINT('',(22.65926243091,-25.6,-1.699369344776));
#2016 = CARTESIAN_POINT('',(22.274280294405,-25.6,1.035201613603));
#2017 = CARTESIAN_POINT('',(22.890729730675,-25.6,2.949694728544));
#2018 = CARTESIAN_POINT('',(23.729542182854,-25.6,3.960142953838));
#2019 = ADVANCED_FACE('',(#2020),#2057,.F.);
#2020 = FACE_BOUND('',#2021,.F.);
#2021 = EDGE_LOOP('',(#2022,#2023,#2032,#2041,#2050));
#2022 = ORIENTED_EDGE('',*,*,#1946,.F.);
#2023 = ORIENTED_EDGE('',*,*,#2024,.F.);
#2024 = EDGE_CURVE('',#2025,#1866,#2027,.T.);
#2025 = VERTEX_POINT('',#2026);
#2026 = CARTESIAN_POINT('',(24.119360777238,-25.4,4.1));
#2027 = CIRCLE('',#2028,6.);
#2028 = AXIS2_PLACEMENT_3D('',#2029,#2030,#2031);
#2029 = CARTESIAN_POINT('',(28.5,-25.4,-6.938893903907E-17));
#2030 = DIRECTION('',(-2.22044604925E-16,-1.,0.));
#2031 = DIRECTION('',(1.,-2.22044604925E-16,0.));
#2032 = ORIENTED_EDGE('',*,*,#2033,.T.);
#2033 = EDGE_CURVE('',#2025,#2034,#2036,.T.);
#2034 = VERTEX_POINT('',#2035);
#2035 = CARTESIAN_POINT('',(23.998799067217,-25.712838101,4.212838101005
    ));
#2036 = CIRCLE('',#2037,0.2);
#2037 = AXIS2_PLACEMENT_3D('',#2038,#2039,#2040);
#2038 = CARTESIAN_POINT('',(24.119360777238,-25.6,4.1));
#2039 = DIRECTION('',(-0.683333333333,1.517304800321E-16,-0.730106537127
    ));
#2040 = DIRECTION('',(2.22044604925E-16,1.,-2.588449845256E-31));
#2041 = ORIENTED_EDGE('',*,*,#2042,.F.);
#2042 = EDGE_CURVE('',#2043,#2034,#2045,.T.);
#2043 = VERTEX_POINT('',#2044);
#2044 = CARTESIAN_POINT('',(23.849193618307,-25.6,4.1));
#2045 = ELLIPSE('',#2046,0.404356127626,0.23293539643);
#2046 = AXIS2_PLACEMENT_3D('',#2047,#2048,#2049);
#2047 = CARTESIAN_POINT('',(24.154400219394,-25.58920678835,
    4.089186955284));
#2048 = DIRECTION('',(4.388978232969E-05,0.707135875357,0.707077684457)
  );
#2049 = DIRECTION('',(0.821415399113,-0.403293377374,0.403275580548));
#2050 = ORIENTED_EDGE('',*,*,#2051,.F.);
#2051 = EDGE_CURVE('',#1936,#2043,#2052,.T.);
#2052 = CIRCLE('',#2053,6.2);
#2053 = AXIS2_PLACEMENT_3D('',#2054,#2055,#2056);
#2054 = CARTESIAN_POINT('',(28.5,-25.6,-6.938893903907E-17));
#2055 = DIRECTION('',(2.22044604925E-16,1.,0.));
#2056 = DIRECTION('',(0.,0.,-1.));
#2057 = TOROIDAL_SURFACE('',#2058,6.,0.2);
#2058 = AXIS2_PLACEMENT_3D('',#2059,#2060,#2061);
#2059 = CARTESIAN_POINT('',(28.5,-25.6,-6.938893903907E-17));
#2060 = DIRECTION('',(-2.22044604925E-16,-1.,0.));
#2061 = DIRECTION('',(-0.,0.,-1.));
#2062 = ADVANCED_FACE('',(#2063),#2082,.T.);
#2063 = FACE_BOUND('',#2064,.T.);
#2064 = EDGE_LOOP('',(#2065,#2075));
#2065 = ORIENTED_EDGE('',*,*,#2066,.T.);
#2066 = EDGE_CURVE('',#2067,#2069,#2071,.T.);
#2067 = VERTEX_POINT('',#2068);
#2068 = CARTESIAN_POINT('',(24.315536052127,-25.79989299631,
    4.300030403259));
#2069 = VERTEX_POINT('',#2070);
#2070 = CARTESIAN_POINT('',(24.315536052127,-25.40010700368,
    4.300030403259));
#2071 = LINE('',#2072,#2073);
#2072 = CARTESIAN_POINT('',(24.315536052127,-28.5,4.300030403259));
#2073 = VECTOR('',#2074,1.);
#2074 = DIRECTION('',(2.22044604925E-16,1.,0.));
#2075 = ORIENTED_EDGE('',*,*,#2076,.T.);
#2076 = EDGE_CURVE('',#2069,#2067,#2077,.T.);
#2077 = CIRCLE('',#2078,0.2);
#2078 = AXIS2_PLACEMENT_3D('',#2079,#2080,#2081);
#2079 = CARTESIAN_POINT('',(24.310760127098,-25.6,4.30450036566));
#2080 = DIRECTION('',(-0.683333333333,1.517304800321E-16,-0.730106537127
    ));
#2081 = DIRECTION('',(2.22044604925E-16,1.,-2.588449845256E-31));
#2082 = PLANE('',#2083);
#2083 = AXIS2_PLACEMENT_3D('',#2084,#2085,#2086);
#2084 = CARTESIAN_POINT('',(24.310760127098,-25.6,4.30450036566));
#2085 = DIRECTION('',(-0.683333333333,1.517304800321E-16,-0.730106537127
    ));
#2086 = DIRECTION('',(-2.22044604925E-16,-1.,2.588449845256E-31));
#2087 = ADVANCED_FACE('',(#2088),#2114,.F.);
#2088 = FACE_BOUND('',#2089,.F.);
#2089 = EDGE_LOOP('',(#2090,#2091,#2098,#2099,#2107));
#2090 = ORIENTED_EDGE('',*,*,#2033,.F.);
#2091 = ORIENTED_EDGE('',*,*,#2092,.F.);
#2092 = EDGE_CURVE('',#2069,#2025,#2093,.T.);
#2093 = B_SPLINE_CURVE_WITH_KNOTS('',3,(#2094,#2095,#2096,#2097),
  .UNSPECIFIED.,.F.,.F.,(4,4),(-2.705833543846E-02,0.),
  .PIECEWISE_BEZIER_KNOTS.);
#2094 = CARTESIAN_POINT('',(24.315536052127,-25.40010700368,
    4.300030403259));
#2095 = CARTESIAN_POINT('',(24.246725134382,-25.39996032487,
    4.233068829149));
#2096 = CARTESIAN_POINT('',(24.180993652404,-25.4,4.165851558625));
#2097 = CARTESIAN_POINT('',(24.119360777238,-25.4,4.1));
#2098 = ORIENTED_EDGE('',*,*,#2076,.T.);
#2099 = ORIENTED_EDGE('',*,*,#2100,.F.);
#2100 = EDGE_CURVE('',#2101,#2067,#2103,.T.);
#2101 = VERTEX_POINT('',#2102);
#2102 = CARTESIAN_POINT('',(24.315395163196,-25.79989329632,
    4.299893296327));
#2103 = LINE('',#2104,#2105);
#2104 = CARTESIAN_POINT('',(24.315395163196,-25.79989329632,
    4.299893296327));
#2105 = VECTOR('',#2106,1.);
#2106 = DIRECTION('',(0.716659473835,1.526063396772E-03,0.69742158677));
#2107 = ORIENTED_EDGE('',*,*,#2108,.F.);
#2108 = EDGE_CURVE('',#2034,#2101,#2109,.T.);
#2109 = ELLIPSE('',#2110,0.387399232977,0.2);
#2110 = AXIS2_PLACEMENT_3D('',#2111,#2112,#2113);
#2111 = CARTESIAN_POINT('',(24.119360777238,-25.6,4.1));
#2112 = DIRECTION('',(-2.775557561563E-17,0.707106781187,0.707106781187)
  );
#2113 = DIRECTION('',(-0.797885863969,0.426250013535,-0.426250013535));
#2114 = CYLINDRICAL_SURFACE('',#2115,0.2);
#2115 = AXIS2_PLACEMENT_3D('',#2116,#2117,#2118);
#2116 = CARTESIAN_POINT('',(24.119360777238,-25.6,4.1));
#2117 = DIRECTION('',(-0.683333333333,1.517304800321E-16,-0.730106537127
    ));
#2118 = DIRECTION('',(0.645678108136,-0.466802685818,-0.604313687738));
#2119 = ADVANCED_FACE('',(#2120),#2180,.F.);
#2120 = FACE_BOUND('',#2121,.T.);
#2121 = EDGE_LOOP('',(#2122,#2123,#2124,#2132,#2141,#2149,#2157,#2165,
    #2173,#2179));
#2122 = ORIENTED_EDGE('',*,*,#1935,.F.);
#2123 = ORIENTED_EDGE('',*,*,#1663,.T.);
#2124 = ORIENTED_EDGE('',*,*,#2125,.F.);
#2125 = EDGE_CURVE('',#2126,#1656,#2128,.T.);
#2126 = VERTEX_POINT('',#2127);
#2127 = CARTESIAN_POINT('',(21.392210032676,-25.6,-4.285944677712));
#2128 = LINE('',#2129,#2130);
#2129 = CARTESIAN_POINT('',(21.878948274689,-25.6,-4.285944677712));
#2130 = VECTOR('',#2131,1.);
#2131 = DIRECTION('',(1.,-2.22044604925E-16,0.));
#2132 = ORIENTED_EDGE('',*,*,#2133,.T.);
#2133 = EDGE_CURVE('',#2126,#2134,#2136,.T.);
#2134 = VERTEX_POINT('',#2135);
#2135 = CARTESIAN_POINT('',(20.328297026687,-25.6,1.453709226751));
#2136 = CIRCLE('',#2137,8.3);
#2137 = AXIS2_PLACEMENT_3D('',#2138,#2139,#2140);
#2138 = CARTESIAN_POINT('',(28.5,-25.6,5.551115123126E-16));
#2139 = DIRECTION('',(2.22044604925E-16,1.,0.));
#2140 = DIRECTION('',(1.,-2.22044604925E-16,0.));
#2141 = ORIENTED_EDGE('',*,*,#2142,.F.);
#2142 = EDGE_CURVE('',#2143,#2134,#2145,.T.);
#2143 = VERTEX_POINT('',#2144);
#2144 = CARTESIAN_POINT('',(21.079287983181,-25.6,1.826684910512));
#2145 = LINE('',#2146,#2147);
#2146 = CARTESIAN_POINT('',(20.772697608003,-25.6,1.674418423376));
#2147 = VECTOR('',#2148,1.);
#2148 = DIRECTION('',(-0.895625995078,1.988689202376E-16,-0.44480791016)
  );
#2149 = ORIENTED_EDGE('',*,*,#2150,.F.);
#2150 = EDGE_CURVE('',#2151,#2143,#2153,.T.);
#2151 = VERTEX_POINT('',#2152);
#2152 = CARTESIAN_POINT('',(21.293191034914,-25.6,2.593321280467));
#2153 = LINE('',#2154,#2155);
#2154 = CARTESIAN_POINT('',(20.835267299643,-25.6,0.95210584534));
#2155 = VECTOR('',#2156,1.);
#2156 = DIRECTION('',(-0.268750032238,5.967449473192E-17,-0.963209956433
    ));
#2157 = ORIENTED_EDGE('',*,*,#2158,.F.);
#2158 = EDGE_CURVE('',#2159,#2151,#2161,.T.);
#2159 = VERTEX_POINT('',#2160);
#2160 = CARTESIAN_POINT('',(20.93938170295,-25.6,2.852647217931));
#2161 = LINE('',#2162,#2163);
#2162 = CARTESIAN_POINT('',(22.359835990362,-25.6,1.811519677108));
#2163 = VECTOR('',#2164,1.);
#2164 = DIRECTION('',(0.806550903141,-1.790902766398E-16,-0.59116464766)
  );
#2165 = ORIENTED_EDGE('',*,*,#2166,.T.);
#2166 = EDGE_CURVE('',#2159,#2167,#2169,.T.);
#2167 = VERTEX_POINT('',#2168);
#2168 = CARTESIAN_POINT('',(22.375241310458,-25.6,4.1));
#2169 = LINE('',#2170,#2171);
#2170 = CARTESIAN_POINT('',(20.981365832124,-25.6,2.889119460798));
#2171 = VECTOR('',#2172,1.);
#2172 = DIRECTION('',(0.754923248212,-1.676266343979E-16,0.655813151217)
  );
#2173 = ORIENTED_EDGE('',*,*,#2174,.T.);
#2174 = EDGE_CURVE('',#2167,#2043,#2175,.T.);
#2175 = LINE('',#2176,#2177);
#2176 = CARTESIAN_POINT('',(21.945724103518,-25.6,4.1));
#2177 = VECTOR('',#2178,1.);
#2178 = DIRECTION('',(1.,-2.22044604925E-16,3.963367531779E-16));
#2179 = ORIENTED_EDGE('',*,*,#2051,.F.);
#2180 = PLANE('',#2181);
#2181 = AXIS2_PLACEMENT_3D('',#2182,#2183,#2184);
#2182 = CARTESIAN_POINT('',(22.365686516702,-25.6,-0.417568580199));
#2183 = DIRECTION('',(-2.22044604925E-16,-1.,0.));
#2184 = DIRECTION('',(1.,-2.22044604925E-16,0.));
#2185 = ADVANCED_FACE('',(#2186),#2223,.F.);
#2186 = FACE_BOUND('',#2187,.T.);
#2187 = EDGE_LOOP('',(#2188,#2189,#2190,#2198,#2207,#2215,#2222));
#2188 = ORIENTED_EDGE('',*,*,#2042,.F.);
#2189 = ORIENTED_EDGE('',*,*,#2174,.F.);
#2190 = ORIENTED_EDGE('',*,*,#2191,.T.);
#2191 = EDGE_CURVE('',#2167,#2192,#2194,.T.);
#2192 = VERTEX_POINT('',#2193);
#2193 = CARTESIAN_POINT('',(22.26241024977,-25.90193028479,
    4.401930284798));
#2194 = LINE('',#2195,#2196);
#2195 = CARTESIAN_POINT('',(22.351617619156,-25.6632158184,
    4.163215818403));
#2196 = VECTOR('',#2197,1.);
#2197 = DIRECTION('',(-0.255476245822,-0.683641678009,0.683641678009));
#2198 = ORIENTED_EDGE('',*,*,#2199,.T.);
#2199 = EDGE_CURVE('',#2192,#2200,#2202,.T.);
#2200 = VERTEX_POINT('',#2201);
#2201 = CARTESIAN_POINT('',(22.80499521831,-26.,4.5));
#2202 = ELLIPSE('',#2203,2.192031021678,1.55);
#2203 = AXIS2_PLACEMENT_3D('',#2204,#2205,#2206);
#2204 = CARTESIAN_POINT('',(22.80499521831,-24.45,2.95));
#2205 = DIRECTION('',(-1.232431599372E-16,0.707106781187,0.707106781187)
  );
#2206 = DIRECTION('',(-3.785948751181E-16,-0.707106781187,0.707106781187
    ));
#2207 = ORIENTED_EDGE('',*,*,#2208,.F.);
#2208 = EDGE_CURVE('',#2209,#2200,#2211,.T.);
#2209 = VERTEX_POINT('',#2210);
#2210 = CARTESIAN_POINT('',(24.531373033403,-26.,4.5));
#2211 = LINE('',#2212,#2213);
#2212 = CARTESIAN_POINT('',(21.945724103518,-26.,4.5));
#2213 = VECTOR('',#2214,1.);
#2214 = DIRECTION('',(-1.,2.22044604925E-16,-3.963367531779E-16));
#2215 = ORIENTED_EDGE('',*,*,#2216,.T.);
#2216 = EDGE_CURVE('',#2209,#2101,#2217,.T.);
#2217 = ELLIPSE('',#2218,8.485281374239,6.);
#2218 = AXIS2_PLACEMENT_3D('',#2219,#2220,#2221);
#2219 = CARTESIAN_POINT('',(28.5,-21.5,0.));
#2220 = DIRECTION('',(1.232431599372E-16,-0.707106781187,-0.707106781187
    ));
#2221 = DIRECTION('',(-1.570092458684E-16,-0.707106781187,0.707106781187
    ));
#2222 = ORIENTED_EDGE('',*,*,#2108,.F.);
#2223 = PLANE('',#2224);
#2224 = AXIS2_PLACEMENT_3D('',#2225,#2226,#2227);
#2225 = CARTESIAN_POINT('',(21.945724103518,-25.8,4.3));
#2226 = DIRECTION('',(1.232431599372E-16,-0.707106781187,-0.707106781187
    ));
#2227 = DIRECTION('',(-1.570092458684E-16,-0.707106781187,0.707106781187
    ));
#2228 = ADVANCED_FACE('',(#2229),#2287,.T.);
#2229 = FACE_BOUND('',#2230,.T.);
#2230 = EDGE_LOOP('',(#2231,#2232,#2233,#2242,#2248,#2249,#2250,#2251,
    #2252,#2253,#2261,#2270,#2279,#2286));
#2231 = ORIENTED_EDGE('',*,*,#1582,.F.);
#2232 = ORIENTED_EDGE('',*,*,#1373,.T.);
#2233 = ORIENTED_EDGE('',*,*,#2234,.T.);
#2234 = EDGE_CURVE('',#1366,#2235,#2237,.T.);
#2235 = VERTEX_POINT('',#2236);
#2236 = CARTESIAN_POINT('',(23.883427918891,-24.9,3.83239640694));
#2237 = CIRCLE('',#2238,6.);
#2238 = AXIS2_PLACEMENT_3D('',#2239,#2240,#2241);
#2239 = CARTESIAN_POINT('',(28.5,-24.9,0.));
#2240 = DIRECTION('',(-2.22044604925E-16,-1.,0.));
#2241 = DIRECTION('',(1.,-2.22044604925E-16,0.));
#2242 = ORIENTED_EDGE('',*,*,#2243,.T.);
#2243 = EDGE_CURVE('',#2235,#1866,#2244,.T.);
#2244 = LINE('',#2245,#2246);
#2245 = CARTESIAN_POINT('',(23.883427918891,-24.9,3.83239640694));
#2246 = VECTOR('',#2247,1.);
#2247 = DIRECTION('',(-2.22044604925E-16,-1.,0.));
#2248 = ORIENTED_EDGE('',*,*,#2024,.F.);
#2249 = ORIENTED_EDGE('',*,*,#2092,.F.);
#2250 = ORIENTED_EDGE('',*,*,#2066,.F.);
#2251 = ORIENTED_EDGE('',*,*,#2100,.F.);
#2252 = ORIENTED_EDGE('',*,*,#2216,.F.);
#2253 = ORIENTED_EDGE('',*,*,#2254,.F.);
#2254 = EDGE_CURVE('',#2255,#2209,#2257,.T.);
#2255 = VERTEX_POINT('',#2256);
#2256 = CARTESIAN_POINT('',(24.531373033403,-28.1,4.5));
#2257 = LINE('',#2258,#2259);
#2258 = CARTESIAN_POINT('',(24.531373033403,-28.5,4.5));
#2259 = VECTOR('',#2260,1.);
#2260 = DIRECTION('',(2.22044604925E-16,1.,0.));
#2261 = ORIENTED_EDGE('',*,*,#2262,.F.);
#2262 = EDGE_CURVE('',#2263,#2255,#2265,.T.);
#2263 = VERTEX_POINT('',#2264);
#2264 = CARTESIAN_POINT('',(24.119360777238,-28.5,4.1));
#2265 = ELLIPSE('',#2266,8.485281374239,6.);
#2266 = AXIS2_PLACEMENT_3D('',#2267,#2268,#2269);
#2267 = CARTESIAN_POINT('',(28.5,-32.6,0.));
#2268 = DIRECTION('',(4.372616516739E-16,0.707106781187,-0.707106781187)
  );
#2269 = DIRECTION('',(1.570092458684E-16,0.707106781187,0.707106781187)
  );
#2270 = ORIENTED_EDGE('',*,*,#2271,.F.);
#2271 = EDGE_CURVE('',#2272,#2263,#2274,.T.);
#2272 = VERTEX_POINT('',#2273);
#2273 = CARTESIAN_POINT('',(22.500833391212,-28.65,9.999999999999E-02));
#2274 = ELLIPSE('',#2275,6.004217267888,6.);
#2275 = AXIS2_PLACEMENT_3D('',#2276,#2277,#2278);
#2276 = CARTESIAN_POINT('',(28.5,-28.65375,0.));
#2277 = DIRECTION('',(2.367408332502E-16,0.999297615709,
    -3.747366058909E-02));
#2278 = DIRECTION('',(8.3208241606E-18,3.747366058909E-02,0.999297615709
    ));
#2279 = ORIENTED_EDGE('',*,*,#2280,.F.);
#2280 = EDGE_CURVE('',#1640,#2272,#2281,.T.);
#2281 = CIRCLE('',#2282,6.);
#2282 = AXIS2_PLACEMENT_3D('',#2283,#2284,#2285);
#2283 = CARTESIAN_POINT('',(28.5,-28.65,0.));
#2284 = DIRECTION('',(2.22044604925E-16,1.,0.));
#2285 = DIRECTION('',(1.,-2.22044604925E-16,0.));
#2286 = ORIENTED_EDGE('',*,*,#1639,.T.);
#2287 = CYLINDRICAL_SURFACE('',#2288,6.);
#2288 = AXIS2_PLACEMENT_3D('',#2289,#2290,#2291);
#2289 = CARTESIAN_POINT('',(28.5,-28.5,0.));
#2290 = DIRECTION('',(-2.22044604925E-16,-1.,0.));
#2291 = DIRECTION('',(-0.906307787037,2.01240754513E-16,0.422618261741)
  );
#2292 = ADVANCED_FACE('',(#2293),#2312,.F.);
#2293 = FACE_BOUND('',#2294,.T.);
#2294 = EDGE_LOOP('',(#2295,#2305));
#2295 = ORIENTED_EDGE('',*,*,#2296,.T.);
#2296 = EDGE_CURVE('',#2297,#2299,#2301,.T.);
#2297 = VERTEX_POINT('',#2298);
#2298 = CARTESIAN_POINT('',(37.033914290432,-28.6,1.064099094802));
#2299 = VERTEX_POINT('',#2300);
#2300 = CARTESIAN_POINT('',(37.033914290432,-28.2,1.064099094802));
#2301 = LINE('',#2302,#2303);
#2302 = CARTESIAN_POINT('',(37.033914290432,-31.5,1.064099094802));
#2303 = VECTOR('',#2304,1.);
#2304 = DIRECTION('',(2.22044604925E-16,1.,0.));
#2305 = ORIENTED_EDGE('',*,*,#2306,.T.);
#2306 = EDGE_CURVE('',#2299,#2297,#2307,.T.);
#2307 = CIRCLE('',#2308,0.2);
#2308 = AXIS2_PLACEMENT_3D('',#2309,#2310,#2311);
#2309 = CARTESIAN_POINT('',(37.033914290432,-28.4,1.064099094802));
#2310 = DIRECTION('',(0.123732452884,-2.747412361702E-17,-0.992315615167
    ));
#2311 = DIRECTION('',(2.22044604925E-16,1.,4.622231866529E-32));
#2312 = PLANE('',#2313);
#2313 = AXIS2_PLACEMENT_3D('',#2314,#2315,#2316);
#2314 = CARTESIAN_POINT('',(37.033914290432,-28.4,1.064099094802));
#2315 = DIRECTION('',(-0.123732452884,2.747412361702E-17,0.992315615167)
  );
#2316 = DIRECTION('',(2.22044604925E-16,1.,4.622231866529E-32));
#2317 = ADVANCED_FACE('',(#2318),#2388,.F.);
#2318 = FACE_BOUND('',#2319,.F.);
#2319 = EDGE_LOOP('',(#2320,#2331,#2340,#2349,#2380,#2381));
#2320 = ORIENTED_EDGE('',*,*,#2321,.T.);
#2321 = EDGE_CURVE('',#2322,#2324,#2326,.T.);
#2322 = VERTEX_POINT('',#2323);
#2323 = CARTESIAN_POINT('',(34.518030507141,-28.6,-6.143558318688));
#2324 = VERTEX_POINT('',#2325);
#2325 = CARTESIAN_POINT('',(34.40336322528,-28.28533271813,
    -6.026499235567));
#2326 = CIRCLE('',#2327,0.2);
#2327 = AXIS2_PLACEMENT_3D('',#2328,#2329,#2330);
#2328 = CARTESIAN_POINT('',(34.518030507141,-28.4,-6.143558318688));
#2329 = DIRECTION('',(0.714367246359,-1.586213929892E-16,0.699770989202)
  );
#2330 = DIRECTION('',(2.22044604925E-16,1.,-3.574525976783E-31));
#2331 = ORIENTED_EDGE('',*,*,#2332,.F.);
#2332 = EDGE_CURVE('',#2333,#2324,#2335,.T.);
#2333 = VERTEX_POINT('',#2334);
#2334 = CARTESIAN_POINT('',(34.518030507141,-28.4,-5.860316443258));
#2335 = B_SPLINE_CURVE_WITH_KNOTS('',3,(#2336,#2337,#2338,#2339),
  .UNSPECIFIED.,.F.,.F.,(4,4),(9.174787377631E-02,0.113595808325),
  .PIECEWISE_BEZIER_KNOTS.);
#2336 = CARTESIAN_POINT('',(34.518030507141,-28.4,-5.860316443258));
#2337 = CARTESIAN_POINT('',(34.476361264644,-28.3583307575,
    -5.903107097139));
#2338 = CARTESIAN_POINT('',(34.435465135876,-28.31743462873,
    -5.963607254314));
#2339 = CARTESIAN_POINT('',(34.40336322528,-28.28533271813,
    -6.026499235567));
#2340 = ORIENTED_EDGE('',*,*,#2341,.F.);
#2341 = EDGE_CURVE('',#2342,#2333,#2344,.T.);
#2342 = VERTEX_POINT('',#2343);
#2343 = CARTESIAN_POINT('',(36.839129067782,-28.4,1.009418838183));
#2344 = CIRCLE('',#2345,8.4);
#2345 = AXIS2_PLACEMENT_3D('',#2346,#2347,#2348);
#2346 = CARTESIAN_POINT('',(28.5,-28.4,-2.775557561563E-16));
#2347 = DIRECTION('',(2.22044604925E-16,1.,0.));
#2348 = DIRECTION('',(0.,-0.,1.));
#2349 = ORIENTED_EDGE('',*,*,#2350,.F.);
#2350 = EDGE_CURVE('',#2299,#2342,#2351,.T.);
#2351 = B_SPLINE_CURVE_WITH_KNOTS('',3,(#2352,#2353,#2354,#2355,#2356,
    #2357,#2358,#2359,#2360,#2361,#2362,#2363,#2364,#2365,#2366,#2367,
    #2368,#2369,#2370,#2371,#2372,#2373,#2374,#2375,#2376,#2377,#2378,
    #2379),.UNSPECIFIED.,.F.,.F.,(4,3,3,3,3,3,3,3,3,4),(
    6.429332222953E-02,6.946680514771E-02,7.082412363231E-02,
    7.679345207392E-02,7.879899614656E-02,8.585113995298E-02,
    8.671522219215E-02,9.193125625222E-02,9.45348938831E-02,
    9.60518158867E-02),.UNSPECIFIED.);
#2352 = CARTESIAN_POINT('',(37.033914290432,-28.2,1.064099094802));
#2353 = CARTESIAN_POINT('',(37.017713366827,-28.2,1.058346960977));
#2354 = CARTESIAN_POINT('',(37.001475841213,-28.20211281016,
    1.052900167034));
#2355 = CARTESIAN_POINT('',(36.985591433976,-28.20633892881,
    1.047861311581));
#2356 = CARTESIAN_POINT('',(36.981423990128,-28.20744769617,
    1.046539314049));
#2357 = CARTESIAN_POINT('',(36.977280931323,-28.20870192915,
    1.045245126338));
#2358 = CARTESIAN_POINT('',(36.973169449483,-28.21010163675,
    1.043980035867));
#2359 = CARTESIAN_POINT('',(36.955087631724,-28.21625738762,
    1.038416315473));
#2360 = CARTESIAN_POINT('',(36.937914486337,-28.22512605246,
    1.033511832972));
#2361 = CARTESIAN_POINT('',(36.922227695671,-28.23644649738,
    1.029285760821));
#2362 = CARTESIAN_POINT('',(36.916957328938,-28.24024988187,
    1.027865906973));
#2363 = CARTESIAN_POINT('',(36.911854787992,-28.24433002104,
    1.026522160026));
#2364 = CARTESIAN_POINT('',(36.906942052859,-28.24867701152,
    1.025254031107));
#2365 = CARTESIAN_POINT('',(36.889667281834,-28.26396244074,
    1.020794878291));
#2366 = CARTESIAN_POINT('',(36.875088688944,-28.28224494445,
    1.017357327093));
#2367 = CARTESIAN_POINT('',(36.86392275086,-28.30269986477,1.01482397649
    ));
#2368 = CARTESIAN_POINT('',(36.862554615291,-28.30520615701,
    1.014513571126));
#2369 = CARTESIAN_POINT('',(36.861237680293,-28.30774506378,
    1.014216798624));
#2370 = CARTESIAN_POINT('',(36.859973234495,-28.3103150681,
    1.013933504969));
#2371 = CARTESIAN_POINT('',(36.852340405058,-28.32582890398,
    1.012223402289));
#2372 = CARTESIAN_POINT('',(36.846725649025,-28.34226632049,
    1.011023994445));
#2373 = CARTESIAN_POINT('',(36.843260031357,-28.3592011355,
    1.010288939593));
#2374 = CARTESIAN_POINT('',(36.841530132267,-28.36765432448,
    1.009922029322));
#2375 = CARTESIAN_POINT('',(36.840335525942,-28.37623144582,
    1.00967155086));
#2376 = CARTESIAN_POINT('',(36.83969138863,-28.38487949468,
    1.009536565597));
#2377 = CARTESIAN_POINT('',(36.839316103664,-28.38991798984,
    1.009457920967));
#2378 = CARTESIAN_POINT('',(36.839129067782,-28.39496177448,
    1.009418838183));
#2379 = CARTESIAN_POINT('',(36.839129067782,-28.4,1.009418838183));
#2380 = ORIENTED_EDGE('',*,*,#2306,.T.);
#2381 = ORIENTED_EDGE('',*,*,#2382,.F.);
#2382 = EDGE_CURVE('',#2322,#2297,#2383,.T.);
#2383 = CIRCLE('',#2384,8.6);
#2384 = AXIS2_PLACEMENT_3D('',#2385,#2386,#2387);
#2385 = CARTESIAN_POINT('',(28.5,-28.6,-2.775557561563E-16));
#2386 = DIRECTION('',(-2.22044604925E-16,-1.,0.));
#2387 = DIRECTION('',(1.,-2.22044604925E-16,0.));
#2388 = TOROIDAL_SURFACE('',#2389,8.6,0.2);
#2389 = AXIS2_PLACEMENT_3D('',#2390,#2391,#2392);
#2390 = CARTESIAN_POINT('',(28.5,-28.4,-2.775557561563E-16));
#2391 = DIRECTION('',(2.22044604925E-16,1.,0.));
#2392 = DIRECTION('',(0.,-0.,1.));
#2393 = ADVANCED_FACE('',(#2394),#2411,.T.);
#2394 = FACE_BOUND('',#2395,.T.);
#2395 = EDGE_LOOP('',(#2396,#2404,#2405));
#2396 = ORIENTED_EDGE('',*,*,#2397,.T.);
#2397 = EDGE_CURVE('',#2398,#2322,#2400,.T.);
#2398 = VERTEX_POINT('',#2399);
#2399 = CARTESIAN_POINT('',(34.518030507141,-28.4,-6.143558318688));
#2400 = LINE('',#2401,#2402);
#2401 = CARTESIAN_POINT('',(34.518030507141,-28.5,-6.143558318688));
#2402 = VECTOR('',#2403,1.);
#2403 = DIRECTION('',(-2.22044604925E-16,-1.,0.));
#2404 = ORIENTED_EDGE('',*,*,#2321,.T.);
#2405 = ORIENTED_EDGE('',*,*,#2406,.T.);
#2406 = EDGE_CURVE('',#2324,#2398,#2407,.T.);
#2407 = LINE('',#2408,#2409);
#2408 = CARTESIAN_POINT('',(33.941501165106,-27.82347065796,
    -5.555003370184));
#2409 = VECTOR('',#2410,1.);
#2410 = DIRECTION('',(0.573336409306,-0.573336409306,-0.585295415605));
#2411 = PLANE('',#2412);
#2412 = AXIS2_PLACEMENT_3D('',#2413,#2414,#2415);
#2413 = CARTESIAN_POINT('',(34.518030507141,-28.4,-6.143558318688));
#2414 = DIRECTION('',(0.714367246359,-1.586213929892E-16,0.699770989202)
  );
#2415 = DIRECTION('',(2.22044604925E-16,1.,-3.574525976783E-31));
#2416 = ADVANCED_FACE('',(#2417),#2520,.F.);
#2417 = FACE_BOUND('',#2418,.F.);
#2418 = EDGE_LOOP('',(#2419,#2429,#2438,#2444,#2445,#2453,#2460,#2461,
    #2462,#2489,#2497,#2503,#2504,#2505,#2512,#2513));
#2419 = ORIENTED_EDGE('',*,*,#2420,.T.);
#2420 = EDGE_CURVE('',#2421,#2423,#2425,.T.);
#2421 = VERTEX_POINT('',#2422);
#2422 = CARTESIAN_POINT('',(35.032034580467,-26.35,2.477646673317));
#2423 = VERTEX_POINT('',#2424);
#2424 = CARTESIAN_POINT('',(35.032034580467,-28.4,2.477646673317));
#2425 = LINE('',#2426,#2427);
#2426 = CARTESIAN_POINT('',(35.032034580467,-31.5,2.477646673317));
#2427 = VECTOR('',#2428,1.);
#2428 = DIRECTION('',(-2.22044604925E-16,-1.,0.));
#2429 = ORIENTED_EDGE('',*,*,#2430,.F.);
#2430 = EDGE_CURVE('',#2431,#2423,#2433,.T.);
#2431 = VERTEX_POINT('',#2432);
#2432 = CARTESIAN_POINT('',(36.15039696806,-28.4,3.928285406012));
#2433 = CIRCLE('',#2434,1.5);
#2434 = AXIS2_PLACEMENT_3D('',#2435,#2436,#2437);
#2435 = CARTESIAN_POINT('',(36.532034580467,-28.4,2.477646673317));
#2436 = DIRECTION('',(-2.22044604925E-16,-1.,0.));
#2437 = DIRECTION('',(1.,-2.22044604925E-16,0.));
#2438 = ORIENTED_EDGE('',*,*,#2439,.F.);
#2439 = EDGE_CURVE('',#1805,#2431,#2440,.T.);
#2440 = LINE('',#2441,#2442);
#2441 = CARTESIAN_POINT('',(36.15039696806,-31.5,3.928285406012));
#2442 = VECTOR('',#2443,1.);
#2443 = DIRECTION('',(2.22044604925E-16,1.,0.));
#2444 = ORIENTED_EDGE('',*,*,#1813,.F.);
#2445 = ORIENTED_EDGE('',*,*,#2446,.T.);
#2446 = EDGE_CURVE('',#1814,#2447,#2449,.T.);
#2447 = VERTEX_POINT('',#2448);
#2448 = CARTESIAN_POINT('',(35.032034568809,-35.1999999798,
    2.477646673317));
#2449 = LINE('',#2450,#2451);
#2450 = CARTESIAN_POINT('',(35.032034580467,-31.5,2.477646673317));
#2451 = VECTOR('',#2452,1.);
#2452 = DIRECTION('',(-2.22044604925E-16,-1.,0.));
#2453 = ORIENTED_EDGE('',*,*,#2454,.T.);
#2454 = EDGE_CURVE('',#2447,#2447,#2455,.T.);
#2455 = CIRCLE('',#2456,1.5);
#2456 = AXIS2_PLACEMENT_3D('',#2457,#2458,#2459);
#2457 = CARTESIAN_POINT('',(36.532034568809,-35.1999999798,
    2.477646673317));
#2458 = DIRECTION('',(1.665334536938E-16,1.,2.465190328816E-31));
#2459 = DIRECTION('',(1.,-1.665334536938E-16,1.577721810442E-30));
#2460 = ORIENTED_EDGE('',*,*,#2446,.F.);
#2461 = ORIENTED_EDGE('',*,*,#1822,.F.);
#2462 = ORIENTED_EDGE('',*,*,#2463,.T.);
#2463 = EDGE_CURVE('',#1739,#2464,#2466,.T.);
#2464 = VERTEX_POINT('',#2465);
#2465 = CARTESIAN_POINT('',(37.033914290432,-31.7,1.064099094802));
#2466 = B_SPLINE_CURVE_WITH_KNOTS('',3,(#2467,#2468,#2469,#2470,#2471,
    #2472,#2473,#2474,#2475,#2476,#2477,#2478,#2479,#2480,#2481,#2482,
    #2483,#2484,#2485,#2486,#2487,#2488),.UNSPECIFIED.,.F.,.F.,(4,3,3,3,
    3,3,3,4),(9.605181588668E-02,0.101120507622,0.102322272036,
    0.108192937732,0.110062671787,0.117719770879,0.122840400021,
    0.127785508158),.UNSPECIFIED.);
#2467 = CARTESIAN_POINT('',(36.839129067782,-31.5,1.009418838183));
#2468 = CARTESIAN_POINT('',(36.839129067782,-31.51683488799,
    1.009418838183));
#2469 = CARTESIAN_POINT('',(36.841218403404,-31.53360770851,
    1.009851330797));
#2470 = CARTESIAN_POINT('',(36.845344798713,-31.54991374141,
    1.010732665223));
#2471 = CARTESIAN_POINT('',(36.846323148808,-31.55377982976,
    1.010941625721));
#2472 = CARTESIAN_POINT('',(36.847415961744,-31.55761967796,
    1.011176043602));
#2473 = CARTESIAN_POINT('',(36.848622447991,-31.56142789184,
    1.011436551221));
#2474 = CARTESIAN_POINT('',(36.854516180023,-31.5800311641,
    1.012709141028));
#2475 = CARTESIAN_POINT('',(36.863037319532,-31.59760807367,
    1.014581148319));
#2476 = CARTESIAN_POINT('',(36.873859887123,-31.61361491715,
    1.017114078771));
#2477 = CARTESIAN_POINT('',(36.877306740382,-31.61871289784,
    1.017920785638));
#2478 = CARTESIAN_POINT('',(36.880986910061,-31.62365161992,
    1.018794935087));
#2479 = CARTESIAN_POINT('',(36.884889512662,-31.62841351874,
    1.019739475713));
#2480 = CARTESIAN_POINT('',(36.900871793542,-31.64791486497,
    1.023607641427));
#2481 = CARTESIAN_POINT('',(36.920257349776,-31.6640560375,
    1.028581337003));
#2482 = CARTESIAN_POINT('',(36.941922752316,-31.67605148064,
    1.034735835261));
#2483 = CARTESIAN_POINT('',(36.956411332166,-31.68407334571,
    1.03885161106));
#2484 = CARTESIAN_POINT('',(36.971748004709,-31.6901468305,
    1.043447520773));
#2485 = CARTESIAN_POINT('',(36.987550993153,-31.69417100576,
    1.048484401994));
#2486 = CARTESIAN_POINT('',(37.002812298862,-31.69805724341,
    1.053348632857));
#2487 = CARTESIAN_POINT('',(37.018380633468,-31.7,1.058583873829));
#2488 = CARTESIAN_POINT('',(37.033914290432,-31.7,1.064099094802));
#2489 = ORIENTED_EDGE('',*,*,#2490,.T.);
#2490 = EDGE_CURVE('',#2464,#2491,#2493,.T.);
#2491 = VERTEX_POINT('',#2492);
#2492 = CARTESIAN_POINT('',(37.033914290432,-31.3,1.064099094802));
#2493 = LINE('',#2494,#2495);
#2494 = CARTESIAN_POINT('',(37.033914290432,-31.5,1.064099094802));
#2495 = VECTOR('',#2496,1.);
#2496 = DIRECTION('',(2.22044604925E-16,1.,0.));
#2497 = ORIENTED_EDGE('',*,*,#2498,.F.);
#2498 = EDGE_CURVE('',#2297,#2491,#2499,.T.);
#2499 = LINE('',#2500,#2501);
#2500 = CARTESIAN_POINT('',(37.033914290432,-31.5,1.064099094802));
#2501 = VECTOR('',#2502,1.);
#2502 = DIRECTION('',(-2.22044604925E-16,-1.,0.));
#2503 = ORIENTED_EDGE('',*,*,#2296,.T.);
#2504 = ORIENTED_EDGE('',*,*,#2350,.T.);
#2505 = ORIENTED_EDGE('',*,*,#2506,.F.);
#2506 = EDGE_CURVE('',#2423,#2342,#2507,.T.);
#2507 = CIRCLE('',#2508,1.5);
#2508 = AXIS2_PLACEMENT_3D('',#2509,#2510,#2511);
#2509 = CARTESIAN_POINT('',(36.532034580467,-28.4,2.477646673317));
#2510 = DIRECTION('',(-2.22044604925E-16,-1.,0.));
#2511 = DIRECTION('',(1.,-2.22044604925E-16,0.));
#2512 = ORIENTED_EDGE('',*,*,#2420,.F.);
#2513 = ORIENTED_EDGE('',*,*,#2514,.T.);
#2514 = EDGE_CURVE('',#2421,#2421,#2515,.T.);
#2515 = CIRCLE('',#2516,1.5);
#2516 = AXIS2_PLACEMENT_3D('',#2517,#2518,#2519);
#2517 = CARTESIAN_POINT('',(36.532034580467,-26.35,2.477646673317));
#2518 = DIRECTION('',(-2.22044604925E-16,-1.,0.));
#2519 = DIRECTION('',(1.,-2.22044604925E-16,0.));
#2520 = CYLINDRICAL_SURFACE('',#2521,1.5);
#2521 = AXIS2_PLACEMENT_3D('',#2522,#2523,#2524);
#2522 = CARTESIAN_POINT('',(36.532034580467,-31.5,2.477646673317));
#2523 = DIRECTION('',(-2.22044604925E-16,-1.,0.));
#2524 = DIRECTION('',(1.,-2.22044604925E-16,0.));
#2525 = ADVANCED_FACE('',(#2526),#2571,.T.);
#2526 = FACE_BOUND('',#2527,.T.);
#2527 = EDGE_LOOP('',(#2528,#2529,#2530,#2531,#2540,#2548,#2556,#2565));
#2528 = ORIENTED_EDGE('',*,*,#2341,.F.);
#2529 = ORIENTED_EDGE('',*,*,#2506,.F.);
#2530 = ORIENTED_EDGE('',*,*,#2430,.F.);
#2531 = ORIENTED_EDGE('',*,*,#2532,.T.);
#2532 = EDGE_CURVE('',#2431,#2533,#2535,.T.);
#2533 = VERTEX_POINT('',#2534);
#2534 = CARTESIAN_POINT('',(35.702083032012,-28.4,4.7));
#2535 = CIRCLE('',#2536,8.6);
#2536 = AXIS2_PLACEMENT_3D('',#2537,#2538,#2539);
#2537 = CARTESIAN_POINT('',(28.5,-28.4,-2.775557561563E-16));
#2538 = DIRECTION('',(-2.22044604925E-16,-1.,0.));
#2539 = DIRECTION('',(1.,-2.22044604925E-16,0.));
#2540 = ORIENTED_EDGE('',*,*,#2541,.F.);
#2541 = EDGE_CURVE('',#2542,#2533,#2544,.T.);
#2542 = VERTEX_POINT('',#2543);
#2543 = CARTESIAN_POINT('',(32.7318990082,-28.4,4.7));
#2544 = LINE('',#2545,#2546);
#2545 = CARTESIAN_POINT('',(35.121443758169,-28.4,4.7));
#2546 = VECTOR('',#2547,1.);
#2547 = DIRECTION('',(1.,-2.22044604925E-16,-2.477533204965E-15));
#2548 = ORIENTED_EDGE('',*,*,#2549,.F.);
#2549 = EDGE_CURVE('',#2550,#2542,#2552,.T.);
#2550 = VERTEX_POINT('',#2551);
#2551 = CARTESIAN_POINT('',(32.69544890187,-28.4,4.659518055743));
#2552 = LINE('',#2553,#2554);
#2553 = CARTESIAN_POINT('',(33.053940774089,-28.4,5.057663615494));
#2554 = VECTOR('',#2555,1.);
#2555 = DIRECTION('',(0.669130606359,-1.485768411322E-16,0.743144825477)
  );
#2556 = ORIENTED_EDGE('',*,*,#2557,.F.);
#2557 = EDGE_CURVE('',#2558,#2550,#2560,.T.);
#2558 = VERTEX_POINT('',#2559);
#2559 = CARTESIAN_POINT('',(34.518030507141,-28.4,-1.759604732637));
#2560 = CIRCLE('',#2561,6.27);
#2561 = AXIS2_PLACEMENT_3D('',#2562,#2563,#2564);
#2562 = CARTESIAN_POINT('',(28.5,-28.4,0.));
#2563 = DIRECTION('',(-2.22044604925E-16,-1.,0.));
#2564 = DIRECTION('',(1.,-2.22044604925E-16,0.));
#2565 = ORIENTED_EDGE('',*,*,#2566,.T.);
#2566 = EDGE_CURVE('',#2558,#2333,#2567,.T.);
#2567 = LINE('',#2568,#2569);
#2568 = CARTESIAN_POINT('',(34.518030507141,-28.4,-3.197234416194));
#2569 = VECTOR('',#2570,1.);
#2570 = DIRECTION('',(-4.879553992278E-16,1.083478638426E-31,-1.));
#2571 = PLANE('',#2572);
#2572 = AXIS2_PLACEMENT_3D('',#2573,#2574,#2575);
#2573 = CARTESIAN_POINT('',(34.540804484325,-28.4,0.201843722538));
#2574 = DIRECTION('',(-2.22044604925E-16,-1.,0.));
#2575 = DIRECTION('',(1.,-2.22044604925E-16,0.));
#2576 = ADVANCED_FACE('',(#2577),#2587,.T.);
#2577 = FACE_BOUND('',#2578,.T.);
#2578 = EDGE_LOOP('',(#2579,#2580));
#2579 = ORIENTED_EDGE('',*,*,#2490,.T.);
#2580 = ORIENTED_EDGE('',*,*,#2581,.T.);
#2581 = EDGE_CURVE('',#2491,#2464,#2582,.T.);
#2582 = CIRCLE('',#2583,0.2);
#2583 = AXIS2_PLACEMENT_3D('',#2584,#2585,#2586);
#2584 = CARTESIAN_POINT('',(37.033914290432,-31.5,1.064099094802));
#2585 = DIRECTION('',(0.123732452884,-2.747412361702E-17,-0.992315615167
    ));
#2586 = DIRECTION('',(2.22044604925E-16,1.,4.622231866529E-32));
#2587 = PLANE('',#2588);
#2588 = AXIS2_PLACEMENT_3D('',#2589,#2590,#2591);
#2589 = CARTESIAN_POINT('',(37.033914290432,-31.5,1.064099094802));
#2590 = DIRECTION('',(0.123732452884,-2.747412361702E-17,-0.992315615167
    ));
#2591 = DIRECTION('',(-2.22044604925E-16,-1.,-4.622231866529E-32));
#2592 = ADVANCED_FACE('',(#2593),#2614,.F.);
#2593 = FACE_BOUND('',#2594,.F.);
#2594 = EDGE_LOOP('',(#2595,#2604,#2611,#2612,#2613));
#2595 = ORIENTED_EDGE('',*,*,#2596,.T.);
#2596 = EDGE_CURVE('',#1737,#2597,#2599,.T.);
#2597 = VERTEX_POINT('',#2598);
#2598 = CARTESIAN_POINT('',(34.13116329012,-31.3,-6.5));
#2599 = CIRCLE('',#2600,0.2);
#2600 = AXIS2_PLACEMENT_3D('',#2601,#2602,#2603);
#2601 = CARTESIAN_POINT('',(34.13116329012,-31.5,-6.5));
#2602 = DIRECTION('',(0.755813953488,-1.678244106992E-16,0.654786429084)
  );
#2603 = DIRECTION('',(2.22044604925E-16,1.,4.68386162475E-31));
#2604 = ORIENTED_EDGE('',*,*,#2605,.F.);
#2605 = EDGE_CURVE('',#2491,#2597,#2606,.T.);
#2606 = CIRCLE('',#2607,8.6);
#2607 = AXIS2_PLACEMENT_3D('',#2608,#2609,#2610);
#2608 = CARTESIAN_POINT('',(28.5,-31.3,-2.775557561563E-16));
#2609 = DIRECTION('',(2.22044604925E-16,1.,0.));
#2610 = DIRECTION('',(1.,-2.22044604925E-16,0.));
#2611 = ORIENTED_EDGE('',*,*,#2581,.T.);
#2612 = ORIENTED_EDGE('',*,*,#2463,.F.);
#2613 = ORIENTED_EDGE('',*,*,#1736,.F.);
#2614 = TOROIDAL_SURFACE('',#2615,8.6,0.2);
#2615 = AXIS2_PLACEMENT_3D('',#2616,#2617,#2618);
#2616 = CARTESIAN_POINT('',(28.5,-31.5,-2.775557561563E-16));
#2617 = DIRECTION('',(-2.22044604925E-16,-1.,0.));
#2618 = DIRECTION('',(-0.,0.,-1.));
#2619 = ADVANCED_FACE('',(#2620),#2630,.F.);
#2620 = FACE_BOUND('',#2621,.T.);
#2621 = EDGE_LOOP('',(#2622,#2623,#2624));
#2622 = ORIENTED_EDGE('',*,*,#1747,.T.);
#2623 = ORIENTED_EDGE('',*,*,#2596,.T.);
#2624 = ORIENTED_EDGE('',*,*,#2625,.T.);
#2625 = EDGE_CURVE('',#2597,#1748,#2626,.T.);
#2626 = LINE('',#2627,#2628);
#2627 = CARTESIAN_POINT('',(34.13116329012,-28.5,-6.5));
#2628 = VECTOR('',#2629,1.);
#2629 = DIRECTION('',(-2.22044604925E-16,-1.,0.));
#2630 = PLANE('',#2631);
#2631 = AXIS2_PLACEMENT_3D('',#2632,#2633,#2634);
#2632 = CARTESIAN_POINT('',(34.13116329012,-31.5,-6.5));
#2633 = DIRECTION('',(-0.755813953488,1.678244106992E-16,-0.654786429084
    ));
#2634 = DIRECTION('',(-2.22044604925E-16,-1.,-4.68386162475E-31));
#2635 = ADVANCED_FACE('',(#2636),#2663,.F.);
#2636 = FACE_BOUND('',#2637,.T.);
#2637 = EDGE_LOOP('',(#2638,#2648,#2656));
#2638 = ORIENTED_EDGE('',*,*,#2639,.T.);
#2639 = EDGE_CURVE('',#2640,#2642,#2644,.T.);
#2640 = VERTEX_POINT('',#2641);
#2641 = CARTESIAN_POINT('',(29.970674319675,-32.3,6.136169591142));
#2642 = VERTEX_POINT('',#2643);
#2643 = CARTESIAN_POINT('',(30.085389606945,-32.3,6.3));
#2644 = LINE('',#2645,#2646);
#2645 = CARTESIAN_POINT('',(28.488401776189,-32.3,4.019265012714));
#2646 = VECTOR('',#2647,1.);
#2647 = DIRECTION('',(0.573576436351,-1.273595532039E-16,0.819152044289)
  );
#2648 = ORIENTED_EDGE('',*,*,#2649,.F.);
#2649 = EDGE_CURVE('',#2650,#2642,#2652,.T.);
#2650 = VERTEX_POINT('',#2651);
#2651 = CARTESIAN_POINT('',(30.085389606945,-32.1,6.3));
#2652 = LINE('',#2653,#2654);
#2653 = CARTESIAN_POINT('',(30.085389606945,-28.5,6.3));
#2654 = VECTOR('',#2655,1.);
#2655 = DIRECTION('',(-2.22044604925E-16,-1.,0.));
#2656 = ORIENTED_EDGE('',*,*,#2657,.T.);
#2657 = EDGE_CURVE('',#2650,#2640,#2658,.T.);
#2658 = CIRCLE('',#2659,0.2);
#2659 = AXIS2_PLACEMENT_3D('',#2660,#2661,#2662);
#2660 = CARTESIAN_POINT('',(30.085389606945,-32.3,6.3));
#2661 = DIRECTION('',(0.819152044289,-1.818882920477E-16,-0.573576436351
    ));
#2662 = DIRECTION('',(2.22044604925E-16,1.,-2.341930812375E-31));
#2663 = PLANE('',#2664);
#2664 = AXIS2_PLACEMENT_3D('',#2665,#2666,#2667);
#2665 = CARTESIAN_POINT('',(30.085389606945,-32.3,6.3));
#2666 = DIRECTION('',(-0.819152044289,1.818882920477E-16,0.573576436351)
  );
#2667 = DIRECTION('',(-2.22044604925E-16,-1.,2.341930812375E-31));
#2668 = ADVANCED_FACE('',(#2669),#2695,.F.);
#2669 = FACE_BOUND('',#2670,.F.);
#2670 = EDGE_LOOP('',(#2671,#2682,#2688,#2689));
#2671 = ORIENTED_EDGE('',*,*,#2672,.F.);
#2672 = EDGE_CURVE('',#2673,#2675,#2677,.T.);
#2673 = VERTEX_POINT('',#2674);
#2674 = CARTESIAN_POINT('',(31.981608968651,-32.1,4.972252908834));
#2675 = VERTEX_POINT('',#2676);
#2676 = CARTESIAN_POINT('',(31.866893681381,-32.3,4.808422499976));
#2677 = CIRCLE('',#2678,0.2);
#2678 = AXIS2_PLACEMENT_3D('',#2679,#2680,#2681);
#2679 = CARTESIAN_POINT('',(31.981608968651,-32.3,4.972252908834));
#2680 = DIRECTION('',(0.819152044289,-1.818882920477E-16,-0.573576436351
    ));
#2681 = DIRECTION('',(2.22044604925E-16,1.,-2.341930812375E-31));
#2682 = ORIENTED_EDGE('',*,*,#2683,.F.);
#2683 = EDGE_CURVE('',#2650,#2673,#2684,.T.);
#2684 = LINE('',#2685,#2686);
#2685 = CARTESIAN_POINT('',(31.981608968651,-32.1,4.972252908834));
#2686 = VECTOR('',#2687,1.);
#2687 = DIRECTION('',(0.819152044289,-1.818882920477E-16,-0.573576436351
    ));
#2688 = ORIENTED_EDGE('',*,*,#2657,.T.);
#2689 = ORIENTED_EDGE('',*,*,#2690,.F.);
#2690 = EDGE_CURVE('',#2675,#2640,#2691,.T.);
#2691 = LINE('',#2692,#2693);
#2692 = CARTESIAN_POINT('',(31.866893681381,-32.3,4.808422499976));
#2693 = VECTOR('',#2694,1.);
#2694 = DIRECTION('',(-0.819152044289,1.818882920477E-16,0.573576436351)
  );
#2695 = CYLINDRICAL_SURFACE('',#2696,0.2);
#2696 = AXIS2_PLACEMENT_3D('',#2697,#2698,#2699);
#2697 = CARTESIAN_POINT('',(31.981608968651,-32.3,4.972252908834));
#2698 = DIRECTION('',(0.819152044289,-1.818882920477E-16,-0.573576436351
    ));
#2699 = DIRECTION('',(0.405579787673,-0.707106781187,0.57922796534));
#2700 = ADVANCED_FACE('',(#2701),#2719,.F.);
#2701 = FACE_BOUND('',#2702,.F.);
#2702 = EDGE_LOOP('',(#2703,#2704,#2711,#2712));
#2703 = ORIENTED_EDGE('',*,*,#1623,.T.);
#2704 = ORIENTED_EDGE('',*,*,#2705,.F.);
#2705 = EDGE_CURVE('',#2673,#1624,#2706,.T.);
#2706 = CIRCLE('',#2707,6.07);
#2707 = AXIS2_PLACEMENT_3D('',#2708,#2709,#2710);
#2708 = CARTESIAN_POINT('',(28.5,-32.1,0.));
#2709 = DIRECTION('',(2.22044604925E-16,1.,0.));
#2710 = DIRECTION('',(1.,-2.22044604925E-16,0.));
#2711 = ORIENTED_EDGE('',*,*,#2672,.T.);
#2712 = ORIENTED_EDGE('',*,*,#2713,.F.);
#2713 = EDGE_CURVE('',#1616,#2675,#2714,.T.);
#2714 = CIRCLE('',#2715,5.87);
#2715 = AXIS2_PLACEMENT_3D('',#2716,#2717,#2718);
#2716 = CARTESIAN_POINT('',(28.5,-32.3,0.));
#2717 = DIRECTION('',(-2.22044604925E-16,-1.,0.));
#2718 = DIRECTION('',(0.,0.,1.));
#2719 = TOROIDAL_SURFACE('',#2720,6.07,0.2);
#2720 = AXIS2_PLACEMENT_3D('',#2721,#2722,#2723);
#2721 = CARTESIAN_POINT('',(28.5,-32.3,0.));
#2722 = DIRECTION('',(2.22044604925E-16,1.,0.));
#2723 = DIRECTION('',(0.73727733681,-1.637084549722E-16,-0.675590207616)
  );
#2724 = ADVANCED_FACE('',(#2725),#2770,.F.);
#2725 = FACE_BOUND('',#2726,.T.);
#2726 = EDGE_LOOP('',(#2727,#2728,#2729,#2738,#2746,#2754,#2761,#2762,
    #2768,#2769));
#2727 = ORIENTED_EDGE('',*,*,#2713,.F.);
#2728 = ORIENTED_EDGE('',*,*,#1615,.T.);
#2729 = ORIENTED_EDGE('',*,*,#2730,.T.);
#2730 = EDGE_CURVE('',#1608,#2731,#2733,.T.);
#2731 = VERTEX_POINT('',#2732);
#2732 = CARTESIAN_POINT('',(27.,-32.3,-3.195449890078));
#2733 = CIRCLE('',#2734,3.53);
#2734 = AXIS2_PLACEMENT_3D('',#2735,#2736,#2737);
#2735 = CARTESIAN_POINT('',(28.5,-32.3,0.));
#2736 = DIRECTION('',(-2.22044604925E-16,-1.,0.));
#2737 = DIRECTION('',(1.,-2.22044604925E-16,0.));
#2738 = ORIENTED_EDGE('',*,*,#2739,.T.);
#2739 = EDGE_CURVE('',#2731,#2740,#2742,.T.);
#2740 = VERTEX_POINT('',#2741);
#2741 = CARTESIAN_POINT('',(30.,-32.3,-3.195449890078));
#2742 = LINE('',#2743,#2744);
#2743 = CARTESIAN_POINT('',(27.,-32.3,-3.195449890078));
#2744 = VECTOR('',#2745,1.);
#2745 = DIRECTION('',(1.,-2.22044604925E-16,-1.110223024625E-15));
#2746 = ORIENTED_EDGE('',*,*,#2747,.F.);
#2747 = EDGE_CURVE('',#2748,#2740,#2750,.T.);
#2748 = VERTEX_POINT('',#2749);
#2749 = CARTESIAN_POINT('',(30.084985835694,-32.3,-3.376495209629));
#2750 = LINE('',#2751,#2752);
#2751 = CARTESIAN_POINT('',(29.291987693626,-32.3,-1.687171325694));
#2752 = VECTOR('',#2753,1.);
#2753 = DIRECTION('',(-0.42492917847,9.435323155455E-17,0.905226597756)
  );
#2754 = ORIENTED_EDGE('',*,*,#2755,.F.);
#2755 = EDGE_CURVE('',#1407,#2748,#2756,.T.);
#2756 = CIRCLE('',#2757,3.73);
#2757 = AXIS2_PLACEMENT_3D('',#2758,#2759,#2760);
#2758 = CARTESIAN_POINT('',(28.5,-32.3,0.));
#2759 = DIRECTION('',(2.22044604925E-16,1.,0.));
#2760 = DIRECTION('',(0.,-0.,1.));
#2761 = ORIENTED_EDGE('',*,*,#1406,.T.);
#2762 = ORIENTED_EDGE('',*,*,#2763,.T.);
#2763 = EDGE_CURVE('',#1399,#2642,#2764,.T.);
#2764 = LINE('',#2765,#2766);
#2765 = CARTESIAN_POINT('',(26.914610393055,-32.3,6.3));
#2766 = VECTOR('',#2767,1.);
#2767 = DIRECTION('',(1.,-2.22044604925E-16,7.002840309801E-16));
#2768 = ORIENTED_EDGE('',*,*,#2639,.F.);
#2769 = ORIENTED_EDGE('',*,*,#2690,.F.);
#2770 = PLANE('',#2771);
#2771 = AXIS2_PLACEMENT_3D('',#2772,#2773,#2774);
#2772 = CARTESIAN_POINT('',(29.210055115134,-32.3,0.115));
#2773 = DIRECTION('',(-2.22044604925E-16,-1.,0.));
#2774 = DIRECTION('',(1.,-2.22044604925E-16,0.));
#2775 = ADVANCED_FACE('',(#2776),#2794,.T.);
#2776 = FACE_BOUND('',#2777,.T.);
#2777 = EDGE_LOOP('',(#2778,#2779,#2787));
#2778 = ORIENTED_EDGE('',*,*,#2747,.T.);
#2779 = ORIENTED_EDGE('',*,*,#2780,.F.);
#2780 = EDGE_CURVE('',#2781,#2740,#2783,.T.);
#2781 = VERTEX_POINT('',#2782);
#2782 = CARTESIAN_POINT('',(30.,-32.1,-3.195449890078));
#2783 = LINE('',#2784,#2785);
#2784 = CARTESIAN_POINT('',(30.,-28.5,-3.195449890078));
#2785 = VECTOR('',#2786,1.);
#2786 = DIRECTION('',(-2.22044604925E-16,-1.,0.));
#2787 = ORIENTED_EDGE('',*,*,#2788,.T.);
#2788 = EDGE_CURVE('',#2781,#2748,#2789,.T.);
#2789 = CIRCLE('',#2790,0.2);
#2790 = AXIS2_PLACEMENT_3D('',#2791,#2792,#2793);
#2791 = CARTESIAN_POINT('',(30.,-32.3,-3.195449890078));
#2792 = DIRECTION('',(0.905226597756,-2.010006822663E-16,0.42492917847)
  );
#2793 = DIRECTION('',(2.22044604925E-16,1.,-1.972152263053E-31));
#2794 = PLANE('',#2795);
#2795 = AXIS2_PLACEMENT_3D('',#2796,#2797,#2798);
#2796 = CARTESIAN_POINT('',(30.,-32.3,-3.195449890078));
#2797 = DIRECTION('',(0.905226597756,-2.010006822663E-16,0.42492917847)
  );
#2798 = DIRECTION('',(-0.42492917847,9.435323155455E-17,0.905226597756)
  );
#2799 = ADVANCED_FACE('',(#2800),#2812,.F.);
#2800 = FACE_BOUND('',#2801,.F.);
#2801 = EDGE_LOOP('',(#2802,#2803,#2810,#2811));
#2802 = ORIENTED_EDGE('',*,*,#1414,.T.);
#2803 = ORIENTED_EDGE('',*,*,#2804,.F.);
#2804 = EDGE_CURVE('',#2781,#1415,#2805,.T.);
#2805 = CIRCLE('',#2806,3.53);
#2806 = AXIS2_PLACEMENT_3D('',#2807,#2808,#2809);
#2807 = CARTESIAN_POINT('',(28.5,-32.1,0.));
#2808 = DIRECTION('',(-2.22044604925E-16,-1.,0.));
#2809 = DIRECTION('',(1.,-2.22044604925E-16,0.));
#2810 = ORIENTED_EDGE('',*,*,#2788,.T.);
#2811 = ORIENTED_EDGE('',*,*,#2755,.F.);
#2812 = TOROIDAL_SURFACE('',#2813,3.53,0.2);
#2813 = AXIS2_PLACEMENT_3D('',#2814,#2815,#2816);
#2814 = CARTESIAN_POINT('',(28.5,-32.3,0.));
#2815 = DIRECTION('',(2.22044604925E-16,1.,0.));
#2816 = DIRECTION('',(0.,-0.,1.));
#2817 = ADVANCED_FACE('',(#2818),#2864,.F.);
#2818 = FACE_BOUND('',#2819,.T.);
#2819 = EDGE_LOOP('',(#2820,#2830,#2838,#2846,#2857));
#2820 = ORIENTED_EDGE('',*,*,#2821,.F.);
#2821 = EDGE_CURVE('',#2822,#2824,#2826,.T.);
#2822 = VERTEX_POINT('',#2823);
#2823 = CARTESIAN_POINT('',(37.354334798522,-26.07692540754,
    6.526925407547));
#2824 = VERTEX_POINT('',#2825);
#2825 = CARTESIAN_POINT('',(37.354334786864,-35.9999999798,
    6.526925407547));
#2826 = LINE('',#2827,#2828);
#2827 = CARTESIAN_POINT('',(37.354334798522,-28.5,6.526925407547));
#2828 = VECTOR('',#2829,1.);
#2829 = DIRECTION('',(-2.22044604925E-16,-1.,0.));
#2830 = ORIENTED_EDGE('',*,*,#2831,.F.);
#2831 = EDGE_CURVE('',#2832,#2822,#2834,.T.);
#2832 = VERTEX_POINT('',#2833);
#2833 = CARTESIAN_POINT('',(36.385281374239,-26.55,7.));
#2834 = LINE('',#2835,#2836);
#2835 = CARTESIAN_POINT('',(36.385281374239,-26.55,7.));
#2836 = VECTOR('',#2837,1.);
#2837 = DIRECTION('',(0.822928589361,0.401739055117,-0.401739055117));
#2838 = ORIENTED_EDGE('',*,*,#2839,.F.);
#2839 = EDGE_CURVE('',#2840,#2832,#2842,.T.);
#2840 = VERTEX_POINT('',#2841);
#2841 = CARTESIAN_POINT('',(36.385277379224,-35.84443191905,
    6.999999851531));
#2842 = LINE('',#2843,#2844);
#2843 = CARTESIAN_POINT('',(36.385281374239,-28.5,7.));
#2844 = VECTOR('',#2845,1.);
#2845 = DIRECTION('',(2.22044604925E-16,1.,0.));
#2846 = ORIENTED_EDGE('',*,*,#2847,.F.);
#2847 = EDGE_CURVE('',#2848,#2840,#2850,.T.);
#2848 = VERTEX_POINT('',#2849);
#2849 = CARTESIAN_POINT('',(37.164462999771,-36.05700137144,
    6.619617429279));
#2850 = B_SPLINE_CURVE_WITH_KNOTS('',3,(#2851,#2852,#2853,#2854,#2855,
    #2856),.UNSPECIFIED.,.F.,.F.,(4,2,4),(8.989552639681E-04,
    3.271519097058E-02,5.99827084588E-02),.UNSPECIFIED.);
#2851 = CARTESIAN_POINT('',(37.164463002454,-36.05700136367,
    6.619617430806));
#2852 = CARTESIAN_POINT('',(37.06907467954,-36.03323511779,6.66618430819
    ));
#2853 = CARTESIAN_POINT('',(36.931927608172,-35.99837758055,
    6.73313706162));
#2854 = CARTESIAN_POINT('',(36.64652786575,-35.9208122709,6.872464123936
    ));
#2855 = CARTESIAN_POINT('',(36.516092049074,-35.8836420864,
    6.936140562392));
#2856 = CARTESIAN_POINT('',(36.385281374239,-35.8444264387,7.));
#2857 = ORIENTED_EDGE('',*,*,#2858,.F.);
#2858 = EDGE_CURVE('',#2824,#2848,#2859,.T.);
#2859 = B_SPLINE_CURVE_WITH_KNOTS('',3,(#2860,#2861,#2862,#2863),
  .UNSPECIFIED.,.F.,.F.,(4,4),(3.009498088989,3.030252224122),
  .PIECEWISE_BEZIER_KNOTS.);
#2860 = CARTESIAN_POINT('',(37.354334788521,-35.99999997736,
    6.526925412429));
#2861 = CARTESIAN_POINT('',(37.291275043745,-36.0187598211,
    6.557710054754));
#2862 = CARTESIAN_POINT('',(37.227971897595,-36.03777552979,
    6.588613521287));
#2863 = CARTESIAN_POINT('',(37.164463010664,-36.05700136571,
    6.619617426798));
#2864 = PLANE('',#2865);
#2865 = AXIS2_PLACEMENT_3D('',#2866,#2867,#2868);
#2866 = CARTESIAN_POINT('',(36.86980808638,-28.5,6.763462703773));
#2867 = DIRECTION('',(-0.438697480918,9.741040883204E-17,-0.898634809161
    ));
#2868 = DIRECTION('',(-2.22044604925E-16,-1.,1.232595164408E-32));
#2869 = ADVANCED_FACE('',(#2870),#2894,.F.);
#2870 = FACE_BOUND('',#2871,.T.);
#2871 = EDGE_LOOP('',(#2872,#2880,#2888));
#2872 = ORIENTED_EDGE('',*,*,#2873,.F.);
#2873 = EDGE_CURVE('',#1038,#2874,#2876,.T.);
#2874 = VERTEX_POINT('',#2875);
#2875 = CARTESIAN_POINT('',(33.645806888868,-41.1999999798,
    -6.765402526273));
#2876 = ( BOUNDED_CURVE() B_SPLINE_CURVE(2,(#2877,#2878,#2879),
.UNSPECIFIED.,.F.,.F.) B_SPLINE_CURVE_WITH_KNOTS((3,3),(0.,
0.194627162955),.PIECEWISE_BEZIER_KNOTS.) CURVE() 
GEOMETRIC_REPRESENTATION_ITEM() RATIONAL_B_SPLINE_CURVE((1.,
1.019280579248,1.034148253183)) REPRESENTATION_ITEM('') );
#2877 = CARTESIAN_POINT('',(33.066180011075,-41.9999999798,-6.2));
#2878 = CARTESIAN_POINT('',(33.336565312083,-41.62877415904,
    -6.461904977411));
#2879 = CARTESIAN_POINT('',(33.645806888868,-41.1999999798,
    -6.765402526273));
#2880 = ORIENTED_EDGE('',*,*,#2881,.T.);
#2881 = EDGE_CURVE('',#1038,#2882,#2884,.T.);
#2882 = VERTEX_POINT('',#2883);
#2883 = CARTESIAN_POINT('',(32.921825368839,-41.1999999798,-7.));
#2884 = LINE('',#2885,#2886);
#2885 = CARTESIAN_POINT('',(33.066180011075,-41.9999999798,-6.2));
#2886 = VECTOR('',#2887,1.);
#2887 = DIRECTION('',(-0.126566596996,0.701420307849,-0.701420307849));
#2888 = ORIENTED_EDGE('',*,*,#2889,.T.);
#2889 = EDGE_CURVE('',#2882,#2874,#2890,.T.);
#2890 = LINE('',#2891,#2892);
#2891 = CARTESIAN_POINT('',(32.921825368839,-41.1999999798,-7.));
#2892 = VECTOR('',#2893,1.);
#2893 = DIRECTION('',(0.951302738374,-1.584237305297E-16,0.308258170959)
  );
#2894 = PLANE('',#2895);
#2895 = AXIS2_PLACEMENT_3D('',#2896,#2897,#2898);
#2896 = CARTESIAN_POINT('',(33.645806888868,-41.1999999798,
    -6.765402526273));
#2897 = DIRECTION('',(-0.229619119414,0.667184795261,0.708618027553));
#2898 = DIRECTION('',(-5.551115123126E-17,0.728071691108,-0.685500993878
    ));
#2899 = ADVANCED_FACE('',(#2900),#2949,.F.);
#2900 = FACE_BOUND('',#2901,.F.);
#2901 = EDGE_LOOP('',(#2902,#2918,#2926,#2940));
#2902 = ORIENTED_EDGE('',*,*,#2903,.F.);
#2903 = EDGE_CURVE('',#2904,#2906,#2908,.T.);
#2904 = VERTEX_POINT('',#2905);
#2905 = CARTESIAN_POINT('',(32.921825368839,-40.33012699873,-7.));
#2906 = VERTEX_POINT('',#2907);
#2907 = CARTESIAN_POINT('',(36.985281362972,-35.56423933761,-7.));
#2908 = B_SPLINE_CURVE_WITH_KNOTS('',3,(#2909,#2910,#2911,#2912,#2913,
    #2914,#2915,#2916,#2917),.UNSPECIFIED.,.F.,.F.,(4,1,1,1,1,1,4),(
    -1.645961183957,-1.562016492977,-1.478071801998,-1.394127111018,
    -1.310182420038,-1.226237729058,-1.068622096768),.UNSPECIFIED.);
#2909 = CARTESIAN_POINT('',(32.921825368839,-40.33012699873,-7.));
#2910 = CARTESIAN_POINT('',(32.921825368839,-40.01085024152,-7.));
#2911 = CARTESIAN_POINT('',(33.034192676583,-39.30853229397,-7.));
#2912 = CARTESIAN_POINT('',(33.451503921572,-38.42543714974,-7.));
#2913 = CARTESIAN_POINT('',(34.003704700278,-37.66289824181,-7.));
#2914 = CARTESIAN_POINT('',(34.709122054557,-36.95770275183,-7.));
#2915 = CARTESIAN_POINT('',(35.598755124182,-36.26185001398,-7.));
#2916 = CARTESIAN_POINT('',(36.43710107578,-35.79562282729,-7.));
#2917 = CARTESIAN_POINT('',(36.985281363128,-35.56423933798,-7.));
#2918 = ORIENTED_EDGE('',*,*,#2919,.T.);
#2919 = EDGE_CURVE('',#2904,#2920,#2922,.T.);
#2920 = VERTEX_POINT('',#2921);
#2921 = CARTESIAN_POINT('',(33.645806888868,-40.33012699873,
    -6.765402526273));
#2922 = LINE('',#2923,#2924);
#2923 = CARTESIAN_POINT('',(32.921825368839,-40.33012699873,-7.));
#2924 = VECTOR('',#2925,1.);
#2925 = DIRECTION('',(0.951302738374,-1.584237305297E-16,0.308258170959)
  );
#2926 = ORIENTED_EDGE('',*,*,#2927,.T.);
#2927 = EDGE_CURVE('',#2920,#2928,#2930,.T.);
#2928 = VERTEX_POINT('',#2929);
#2929 = CARTESIAN_POINT('',(37.28665559489,-35.9999999798,
    -6.617755152008));
#2930 = B_SPLINE_CURVE_WITH_KNOTS('',3,(#2931,#2932,#2933,#2934,#2935,
    #2936,#2937,#2938,#2939),.UNSPECIFIED.,.F.,.F.,(4,1,1,1,1,1,4),(
    -1.645961183957,-1.562016492977,-1.478071801998,-1.394127111018,
    -1.310182420038,-1.226237729058,-1.058348347098),.UNSPECIFIED.);
#2931 = CARTESIAN_POINT('',(33.645806888868,-40.33012699873,
    -6.765402526273));
#2932 = CARTESIAN_POINT('',(33.645806888868,-40.08227304672,
    -6.765402526273));
#2933 = CARTESIAN_POINT('',(33.726138538147,-39.53490320687,
    -6.75799487672));
#2934 = CARTESIAN_POINT('',(34.051004934466,-38.79049655729,
    -6.732484010959));
#2935 = CARTESIAN_POINT('',(34.511662055173,-38.10311190946,
    -6.703262125813));
#2936 = CARTESIAN_POINT('',(35.125276356606,-37.43663708103,
    -6.673627757775));
#2937 = CARTESIAN_POINT('',(35.943691516678,-36.73610085385,
    -6.643726317262));
#2938 = CARTESIAN_POINT('',(36.748366582495,-36.24549252676,
    -6.625688198974));
#2939 = CARTESIAN_POINT('',(37.28665559489,-35.9999999798,
    -6.617755152008));
#2940 = ORIENTED_EDGE('',*,*,#2941,.F.);
#2941 = EDGE_CURVE('',#2906,#2928,#2942,.T.);
#2942 = B_SPLINE_CURVE_WITH_KNOTS('',3,(#2943,#2944,#2945,#2946,#2947,
    #2948),.UNSPECIFIED.,.F.,.F.,(4,2,4),(0.,3.308830232917E-02,
    6.52720700014E-02),.UNSPECIFIED.);
#2943 = CARTESIAN_POINT('',(36.985281374239,-35.56423933329,-7.));
#2944 = CARTESIAN_POINT('',(37.037955318167,-35.63713251395,
    -6.936149537811));
#2945 = CARTESIAN_POINT('',(37.089718518985,-35.71038051102,
    -6.871934764601));
#2946 = CARTESIAN_POINT('',(37.190028855713,-35.8555181773,
    -6.744611629849));
#2947 = CARTESIAN_POINT('',(37.238244684555,-35.92680821504,
    -6.68203224974));
#2948 = CARTESIAN_POINT('',(37.286655573162,-35.99999992376,
    -6.617755196335));
#2949 = B_SPLINE_SURFACE_WITH_KNOTS('',3,3,(
    (#2950,#2951,#2952,#2953,#2954,#2955,#2956,#2957,#2958,#2959,#2960
      ,#2961)
    ,(#2962,#2963,#2964,#2965,#2966,#2967,#2968,#2969,#2970,#2971,#2972
      ,#2973)
    ,(#2974,#2975,#2976,#2977,#2978,#2979,#2980,#2981,#2982,#2983,#2984
      ,#2985)
    ,(#2986,#2987,#2988,#2989,#2990,#2991,#2992,#2993,#2994,#2995,#2996
      ,#2997)
    ,(#2998,#2999,#3000,#3001,#3002,#3003,#3004,#3005,#3006,#3007,#3008
      ,#3009)
    ,(#3010,#3011,#3012,#3013,#3014,#3015,#3016,#3017,#3018,#3019,#3020
      ,#3021)
    ,(#3022,#3023,#3024,#3025,#3026,#3027,#3028,#3029,#3030,#3031,#3032
      ,#3033
    )),.UNSPECIFIED.,.F.,.F.,.F.,(4,3,4),(4,3,1,1,1,1,1,4),(-1.E-02,0.,
    1.),(1.05247221873,1.058348347098,1.226237729058,1.310182420038,
    1.394127111018,1.478071801998,1.562016492977,1.645961183957),
  .UNSPECIFIED.);
#2950 = CARTESIAN_POINT('',(37.345070072285,-35.97901406599,
    -6.613091403897));
#2951 = CARTESIAN_POINT('',(37.326245863367,-35.9876095855,
    -6.613371837107));
#2952 = CARTESIAN_POINT('',(37.30742165445,-35.99620510502,
    -6.613652270318));
#2953 = CARTESIAN_POINT('',(37.288597445533,-36.00480062453,
    -6.613932703528));
#2954 = CARTESIAN_POINT('',(36.750762905036,-36.25038689636,
    -6.621945080964));
#2955 = CARTESIAN_POINT('',(35.946860090229,-36.74106299072,
    -6.640163580434));
#2956 = CARTESIAN_POINT('',(35.129437899627,-37.44142642433,
    -6.670364035353));
#2957 = CARTESIAN_POINT('',(34.516741628722,-38.10751404613,
    -6.700294747071));
#2958 = CARTESIAN_POINT('',(34.056999944595,-38.79414715137,
    -6.729808851068));
#2959 = CARTESIAN_POINT('',(33.733057996763,-39.537166916,
    -6.755574825487));
#2960 = CARTESIAN_POINT('',(33.653046704069,-40.08298727477,
    -6.763056551535));
#2961 = CARTESIAN_POINT('',(33.653046704069,-40.33012699873,
    -6.763056551535));
#2962 = CARTESIAN_POINT('',(37.344438695254,-35.97741713145,
    -6.614368329957));
#2963 = CARTESIAN_POINT('',(37.325609184164,-35.98601155751,
    -6.614647837645));
#2964 = CARTESIAN_POINT('',(37.306779673075,-35.99460598357,
    -6.614927345333));
#2965 = CARTESIAN_POINT('',(37.287950161985,-36.00320040962,
    -6.615206853021));
#2966 = CARTESIAN_POINT('',(36.749964130856,-36.24875543983,
    -6.623192786968));
#2967 = CARTESIAN_POINT('',(35.945803899045,-36.7394089451,
    -6.641351159377));
#2968 = CARTESIAN_POINT('',(35.12805071862,-37.43982997656,
    -6.671451942827));
#2969 = CARTESIAN_POINT('',(34.515048437539,-38.10604666724,
    -6.701283873318));
#2970 = CARTESIAN_POINT('',(34.055001607885,-38.79293028668,
    -6.730700571032));
#2971 = CARTESIAN_POINT('',(33.730751510557,-39.53641234629,
    -6.756381509232));
#2972 = CARTESIAN_POINT('',(33.650633432335,-40.08274919875,
    -6.763838543115));
#2973 = CARTESIAN_POINT('',(33.650633432335,-40.33012699873,
    -6.763838543115));
#2974 = CARTESIAN_POINT('',(37.343807318222,-35.97582019691,
    -6.615645256017));
#2975 = CARTESIAN_POINT('',(37.324972504961,-35.98441352951,
    -6.615923838182));
#2976 = CARTESIAN_POINT('',(37.306137691699,-35.99300686211,
    -6.616202420348));
#2977 = CARTESIAN_POINT('',(37.287302878437,-36.00160019471,
    -6.616481002514));
#2978 = CARTESIAN_POINT('',(36.749165356676,-36.24712398329,
    -6.624440492971));
#2979 = CARTESIAN_POINT('',(35.944747707862,-36.73775489947,
    -6.642538738319));
#2980 = CARTESIAN_POINT('',(35.126663537613,-37.4382335288,
    -6.672539850301));
#2981 = CARTESIAN_POINT('',(34.513355246356,-38.10457928835,
    -6.702272999565));
#2982 = CARTESIAN_POINT('',(34.053003271175,-38.79171342199,
    -6.731592290995));
#2983 = CARTESIAN_POINT('',(33.728445024352,-39.53565777658,
    -6.757188192976));
#2984 = CARTESIAN_POINT('',(33.648220160602,-40.08251112273,
    -6.764620534694));
#2985 = CARTESIAN_POINT('',(33.648220160602,-40.33012699873,
    -6.764620534694));
#2986 = CARTESIAN_POINT('',(37.343175941191,-35.97422326237,
    -6.616922182076));
#2987 = CARTESIAN_POINT('',(37.324335825758,-35.98281550152,
    -6.61719983872));
#2988 = CARTESIAN_POINT('',(37.305495710324,-35.99140774066,
    -6.617477495364));
#2989 = CARTESIAN_POINT('',(37.28665559489,-35.9999999798,
    -6.617755152008));
#2990 = CARTESIAN_POINT('',(36.748366582495,-36.24549252676,
    -6.625688198974));
#2991 = CARTESIAN_POINT('',(35.943691516678,-36.73610085385,
    -6.643726317262));
#2992 = CARTESIAN_POINT('',(35.125276356606,-37.43663708103,
    -6.673627757775));
#2993 = CARTESIAN_POINT('',(34.511662055173,-38.10311190946,
    -6.703262125813));
#2994 = CARTESIAN_POINT('',(34.051004934466,-38.79049655729,
    -6.732484010959));
#2995 = CARTESIAN_POINT('',(33.726138538147,-39.53490320687,
    -6.75799487672));
#2996 = CARTESIAN_POINT('',(33.645806888868,-40.08227304672,
    -6.765402526273));
#2997 = CARTESIAN_POINT('',(33.645806888868,-40.33012699873,
    -6.765402526273));
#2998 = CARTESIAN_POINT('',(37.280038238079,-35.8145298085,
    -6.744614788051));
#2999 = CARTESIAN_POINT('',(37.260667905431,-35.82301270196,
    -6.74479989248));
#3000 = CARTESIAN_POINT('',(37.241297572783,-35.83149559542,
    -6.744984996909));
#3001 = CARTESIAN_POINT('',(37.221927240135,-35.83997848887,
    -6.745170101339));
#3002 = CARTESIAN_POINT('',(36.668489164472,-36.08234687339,
    -6.750458799316));
#3003 = CARTESIAN_POINT('',(35.838072398298,-36.57069629155,
    -6.762484211508));
#3004 = CARTESIAN_POINT('',(34.986558255923,-37.27699230463,
    -6.782418505183));
#3005 = CARTESIAN_POINT('',(34.342342936875,-37.95637402024,
    -6.802174750542));
#3006 = CARTESIAN_POINT('',(33.851171263501,-38.66881008811,
    -6.821656007306));
#3007 = CARTESIAN_POINT('',(33.495489917626,-39.4594462359,
    -6.838663251147));
#3008 = CARTESIAN_POINT('',(33.404479715525,-40.05846544498,
    -6.843601684182));
#3009 = CARTESIAN_POINT('',(33.404479715525,-40.33012699873,
    -6.843601684182));
#3010 = CARTESIAN_POINT('',(37.216900534967,-35.65483635463,
    -6.872307394025));
#3011 = CARTESIAN_POINT('',(37.196999985104,-35.6632099024,
    -6.87239994624));
#3012 = CARTESIAN_POINT('',(37.177099435242,-35.67158345017,
    -6.872492498455));
#3013 = CARTESIAN_POINT('',(37.157198885379,-35.67995699794,
    -6.872585050669));
#3014 = CARTESIAN_POINT('',(36.588611746449,-35.91920122001,
    -6.875229399658));
#3015 = CARTESIAN_POINT('',(35.732453279918,-36.40529172925,
    -6.881242105754));
#3016 = CARTESIAN_POINT('',(34.84784015524,-37.11734752823,
    -6.891209252592));
#3017 = CARTESIAN_POINT('',(34.173023818577,-37.80963613102,
    -6.901087375271));
#3018 = CARTESIAN_POINT('',(33.651337592537,-38.54712361892,
    -6.910828003653));
#3019 = CARTESIAN_POINT('',(33.264841297104,-39.38398926493,
    -6.919331625573));
#3020 = CARTESIAN_POINT('',(33.163152542182,-40.03465784325,
    -6.921800842091));
#3021 = CARTESIAN_POINT('',(33.163152542182,-40.33012699873,
    -6.921800842091));
#3022 = CARTESIAN_POINT('',(37.153762831855,-35.49514290075,-7.));
#3023 = CARTESIAN_POINT('',(37.133332064778,-35.50340710284,-7.));
#3024 = CARTESIAN_POINT('',(37.112901297701,-35.51167130493,-7.));
#3025 = CARTESIAN_POINT('',(37.092470530624,-35.51993550702,-7.));
#3026 = CARTESIAN_POINT('',(36.508734328425,-35.75605556664,-7.));
#3027 = CARTESIAN_POINT('',(35.626834161539,-36.23988716695,-7.));
#3028 = CARTESIAN_POINT('',(34.709122054557,-36.95770275183,-7.));
#3029 = CARTESIAN_POINT('',(34.003704700278,-37.66289824181,-7.));
#3030 = CARTESIAN_POINT('',(33.451503921572,-38.42543714974,-7.));
#3031 = CARTESIAN_POINT('',(33.034192676583,-39.30853229397,-7.));
#3032 = CARTESIAN_POINT('',(32.921825368839,-40.01085024152,-7.));
#3033 = CARTESIAN_POINT('',(32.921825368839,-40.33012699873,-7.));
#3034 = ADVANCED_FACE('',(#3035),#3051,.F.);
#3035 = FACE_BOUND('',#3036,.T.);
#3036 = EDGE_LOOP('',(#3037,#3038,#3044,#3045));
#3037 = ORIENTED_EDGE('',*,*,#2919,.T.);
#3038 = ORIENTED_EDGE('',*,*,#3039,.F.);
#3039 = EDGE_CURVE('',#2874,#2920,#3040,.T.);
#3040 = LINE('',#3041,#3042);
#3041 = CARTESIAN_POINT('',(33.645806888868,-41.9999999798,
    -6.765402526273));
#3042 = VECTOR('',#3043,1.);
#3043 = DIRECTION('',(1.665334536938E-16,1.,2.465190328816E-31));
#3044 = ORIENTED_EDGE('',*,*,#2889,.F.);
#3045 = ORIENTED_EDGE('',*,*,#3046,.F.);
#3046 = EDGE_CURVE('',#2904,#2882,#3047,.T.);
#3047 = LINE('',#3048,#3049);
#3048 = CARTESIAN_POINT('',(32.921825368839,-41.9999999798,-7.));
#3049 = VECTOR('',#3050,1.);
#3050 = DIRECTION('',(-1.665334536938E-16,-1.,-2.465190328816E-31));
#3051 = PLANE('',#3052);
#3052 = AXIS2_PLACEMENT_3D('',#3053,#3054,#3055);
#3053 = CARTESIAN_POINT('',(33.283816128854,-41.9999999798,
    -6.882701263136));
#3054 = DIRECTION('',(-0.308258170959,5.133529783909E-17,0.951302738374)
  );
#3055 = DIRECTION('',(1.665334536938E-16,1.,9.860761315263E-32));
#3056 = ADVANCED_FACE('',(#3057),#3081,.F.);
#3057 = FACE_BOUND('',#3058,.T.);
#3058 = EDGE_LOOP('',(#3059,#3069,#3075));
#3059 = ORIENTED_EDGE('',*,*,#3060,.T.);
#3060 = EDGE_CURVE('',#3061,#3063,#3065,.T.);
#3061 = VERTEX_POINT('',#3062);
#3062 = CARTESIAN_POINT('',(23.354193087816,-41.1999999798,
    -6.765402526273));
#3063 = VERTEX_POINT('',#3064);
#3064 = CARTESIAN_POINT('',(24.078174607846,-41.1999999798,-7.));
#3065 = LINE('',#3066,#3067);
#3066 = CARTESIAN_POINT('',(23.354193087816,-41.1999999798,
    -6.765402526273));
#3067 = VECTOR('',#3068,1.);
#3068 = DIRECTION('',(0.951302738374,-1.584237305297E-16,-0.308258170959
    ));
#3069 = ORIENTED_EDGE('',*,*,#3070,.T.);
#3070 = EDGE_CURVE('',#3063,#1057,#3071,.T.);
#3071 = LINE('',#3072,#3073);
#3072 = CARTESIAN_POINT('',(24.078174607846,-41.1999999798,-7.));
#3073 = VECTOR('',#3074,1.);
#3074 = DIRECTION('',(-0.126566596996,-0.701420307849,0.701420307849));
#3075 = ORIENTED_EDGE('',*,*,#3076,.F.);
#3076 = EDGE_CURVE('',#3061,#1057,#3077,.T.);
#3077 = ( BOUNDED_CURVE() B_SPLINE_CURVE(2,(#3078,#3079,#3080),
.UNSPECIFIED.,.F.,.F.) B_SPLINE_CURVE_WITH_KNOTS((3,3),(1.506077553219,
1.700704716174),.PIECEWISE_BEZIER_KNOTS.) CURVE() 
GEOMETRIC_REPRESENTATION_ITEM() RATIONAL_B_SPLINE_CURVE((1.034148253182,
1.019280579248,1.)) REPRESENTATION_ITEM('') );
#3078 = CARTESIAN_POINT('',(23.354193087816,-41.1999999798,
    -6.765402526273));
#3079 = CARTESIAN_POINT('',(23.663434664601,-41.62877415904,
    -6.461904977411));
#3080 = CARTESIAN_POINT('',(23.93381996561,-41.9999999798,-6.2));
#3081 = PLANE('',#3082);
#3082 = AXIS2_PLACEMENT_3D('',#3083,#3084,#3085);
#3083 = CARTESIAN_POINT('',(23.354193087816,-41.1999999798,
    -6.765402526273));
#3084 = DIRECTION('',(0.229619119414,0.667184795261,0.708618027553));
#3085 = DIRECTION('',(2.359223927328E-16,0.728071691108,-0.685500993878)
  );
#3086 = ADVANCED_FACE('',(#3087),#3111,.F.);
#3087 = FACE_BOUND('',#3088,.T.);
#3088 = EDGE_LOOP('',(#3089,#3099,#3105));
#3089 = ORIENTED_EDGE('',*,*,#3090,.T.);
#3090 = EDGE_CURVE('',#3091,#3093,#3095,.T.);
#3091 = VERTEX_POINT('',#3092);
#3092 = CARTESIAN_POINT('',(33.645806888868,-41.1999999798,
    6.765402526273));
#3093 = VERTEX_POINT('',#3094);
#3094 = CARTESIAN_POINT('',(32.921825368839,-41.1999999798,7.));
#3095 = LINE('',#3096,#3097);
#3096 = CARTESIAN_POINT('',(33.645806888868,-41.1999999798,
    6.765402526273));
#3097 = VECTOR('',#3098,1.);
#3098 = DIRECTION('',(-0.951302738374,1.584237305297E-16,0.308258170959)
  );
#3099 = ORIENTED_EDGE('',*,*,#3100,.T.);
#3100 = EDGE_CURVE('',#3093,#1040,#3101,.T.);
#3101 = LINE('',#3102,#3103);
#3102 = CARTESIAN_POINT('',(32.921825368839,-41.1999999798,7.));
#3103 = VECTOR('',#3104,1.);
#3104 = DIRECTION('',(0.126566596996,-0.701420307849,-0.701420307849));
#3105 = ORIENTED_EDGE('',*,*,#3106,.F.);
#3106 = EDGE_CURVE('',#3091,#1040,#3107,.T.);
#3107 = ( BOUNDED_CURVE() B_SPLINE_CURVE(2,(#3108,#3109,#3110),
.UNSPECIFIED.,.F.,.F.) B_SPLINE_CURVE_WITH_KNOTS((3,3),(1.506077553219,
1.700704716174),.PIECEWISE_BEZIER_KNOTS.) CURVE() 
GEOMETRIC_REPRESENTATION_ITEM() RATIONAL_B_SPLINE_CURVE((1.034148253183,
1.019280579248,1.)) REPRESENTATION_ITEM('') );
#3108 = CARTESIAN_POINT('',(33.645806888868,-41.1999999798,
    6.765402526273));
#3109 = CARTESIAN_POINT('',(33.336565312083,-41.62877415904,
    6.461904977411));
#3110 = CARTESIAN_POINT('',(33.066180011075,-41.9999999798,6.2));
#3111 = PLANE('',#3112);
#3112 = AXIS2_PLACEMENT_3D('',#3113,#3114,#3115);
#3113 = CARTESIAN_POINT('',(33.645806888868,-41.1999999798,
    6.765402526273));
#3114 = DIRECTION('',(-0.229619119414,0.667184795261,-0.708618027553));
#3115 = DIRECTION('',(5.551115123126E-17,-0.728071691108,-0.685500993878
    ));
#3116 = ADVANCED_FACE('',(#3117),#3129,.T.);
#3117 = FACE_BOUND('',#3118,.T.);
#3118 = EDGE_LOOP('',(#3119,#3120,#3127,#3128));
#3119 = ORIENTED_EDGE('',*,*,#2873,.T.);
#3120 = ORIENTED_EDGE('',*,*,#3121,.F.);
#3121 = EDGE_CURVE('',#3091,#2874,#3122,.T.);
#3122 = CIRCLE('',#3123,8.5);
#3123 = AXIS2_PLACEMENT_3D('',#3124,#3125,#3126);
#3124 = CARTESIAN_POINT('',(28.499999988342,-41.1999999798,
    1.040834085586E-16));
#3125 = DIRECTION('',(1.665334536938E-16,1.,2.465190328816E-31));
#3126 = DIRECTION('',(1.,-1.665334536938E-16,1.577721810442E-30));
#3127 = ORIENTED_EDGE('',*,*,#3106,.T.);
#3128 = ORIENTED_EDGE('',*,*,#1037,.F.);
#3129 = CONICAL_SURFACE('',#3130,8.1,0.785398163397);
#3130 = AXIS2_PLACEMENT_3D('',#3131,#3132,#3133);
#3131 = CARTESIAN_POINT('',(28.499999988342,-41.5999999798,
    1.040834085586E-16));
#3132 = DIRECTION('',(1.665334536938E-16,1.,2.465190328816E-31));
#3133 = DIRECTION('',(1.,-1.665334536938E-16,1.577721810442E-30));
#3134 = ADVANCED_FACE('',(#3135),#3159,.F.);
#3135 = FACE_BOUND('',#3136,.T.);
#3136 = EDGE_LOOP('',(#3137,#3145,#3153));
#3137 = ORIENTED_EDGE('',*,*,#3138,.F.);
#3138 = EDGE_CURVE('',#1049,#3139,#3141,.T.);
#3139 = VERTEX_POINT('',#3140);
#3140 = CARTESIAN_POINT('',(23.354193087816,-41.1999999798,
    6.765402526273));
#3141 = ( BOUNDED_CURVE() B_SPLINE_CURVE(2,(#3142,#3143,#3144),
.UNSPECIFIED.,.F.,.F.) B_SPLINE_CURVE_WITH_KNOTS((3,3),(0.,
0.194627162955),.PIECEWISE_BEZIER_KNOTS.) CURVE() 
GEOMETRIC_REPRESENTATION_ITEM() RATIONAL_B_SPLINE_CURVE((1.,
1.019280579248,1.034148253183)) REPRESENTATION_ITEM('') );
#3142 = CARTESIAN_POINT('',(23.93381996561,-41.9999999798,6.2));
#3143 = CARTESIAN_POINT('',(23.663434664601,-41.62877415904,
    6.461904977411));
#3144 = CARTESIAN_POINT('',(23.354193087816,-41.1999999798,
    6.765402526273));
#3145 = ORIENTED_EDGE('',*,*,#3146,.T.);
#3146 = EDGE_CURVE('',#1049,#3147,#3149,.T.);
#3147 = VERTEX_POINT('',#3148);
#3148 = CARTESIAN_POINT('',(24.078174607846,-41.1999999798,7.));
#3149 = LINE('',#3150,#3151);
#3150 = CARTESIAN_POINT('',(23.93381996561,-41.9999999798,6.2));
#3151 = VECTOR('',#3152,1.);
#3152 = DIRECTION('',(0.126566596996,0.701420307849,0.701420307849));
#3153 = ORIENTED_EDGE('',*,*,#3154,.T.);
#3154 = EDGE_CURVE('',#3147,#3139,#3155,.T.);
#3155 = LINE('',#3156,#3157);
#3156 = CARTESIAN_POINT('',(24.078174607846,-41.1999999798,7.));
#3157 = VECTOR('',#3158,1.);
#3158 = DIRECTION('',(-0.951302738374,1.584237305297E-16,-0.308258170959
    ));
#3159 = PLANE('',#3160);
#3160 = AXIS2_PLACEMENT_3D('',#3161,#3162,#3163);
#3161 = CARTESIAN_POINT('',(23.354193087816,-41.1999999798,
    6.765402526273));
#3162 = DIRECTION('',(0.229619119414,0.667184795261,-0.708618027553));
#3163 = DIRECTION('',(-1.942890293094E-16,-0.728071691108,
    -0.685500993878));
#3164 = ADVANCED_FACE('',(#3165),#3202,.F.);
#3165 = FACE_BOUND('',#3166,.T.);
#3166 = EDGE_LOOP('',(#3167,#3175,#3184,#3195,#3201));
#3167 = ORIENTED_EDGE('',*,*,#3168,.F.);
#3168 = EDGE_CURVE('',#3169,#1764,#3171,.T.);
#3169 = VERTEX_POINT('',#3170);
#3170 = CARTESIAN_POINT('',(19.64566518982,-35.9999999798,6.526925407547
    ));
#3171 = LINE('',#3172,#3173);
#3172 = CARTESIAN_POINT('',(19.645665201478,-28.5,6.526925407547));
#3173 = VECTOR('',#3174,1.);
#3174 = DIRECTION('',(2.22044604925E-16,1.,0.));
#3175 = ORIENTED_EDGE('',*,*,#3176,.F.);
#3176 = EDGE_CURVE('',#3177,#3169,#3179,.T.);
#3177 = VERTEX_POINT('',#3178);
#3178 = CARTESIAN_POINT('',(19.835536990113,-36.0570013772,
    6.619617427178));
#3179 = B_SPLINE_CURVE_WITH_KNOTS('',3,(#3180,#3181,#3182,#3183),
  .UNSPECIFIED.,.F.,.F.,(4,4),(3.96842565729,3.989179793599),
  .PIECEWISE_BEZIER_KNOTS.);
#3180 = CARTESIAN_POINT('',(19.835536990113,-36.0570013772,
    6.619617427177));
#3181 = CARTESIAN_POINT('',(19.772027886879,-36.03777547566,
    6.588613416071));
#3182 = CARTESIAN_POINT('',(19.708725513622,-36.01875999787,
    6.557710326851));
#3183 = CARTESIAN_POINT('',(19.645665201452,-35.99999998521,
    6.526925407534));
#3184 = ORIENTED_EDGE('',*,*,#3185,.F.);
#3185 = EDGE_CURVE('',#3186,#3177,#3188,.T.);
#3186 = VERTEX_POINT('',#3187);
#3187 = CARTESIAN_POINT('',(20.614718614753,-35.84615977679,7.));
#3188 = B_SPLINE_CURVE_WITH_KNOTS('',3,(#3189,#3190,#3191,#3192,#3193,
    #3194),.UNSPECIFIED.,.F.,.F.,(4,2,4),(0.,4.439787829579E-02,
    8.948152952913E-02),.UNSPECIFIED.);
#3189 = CARTESIAN_POINT('',(20.614718625761,-35.84615978251,7.));
#3190 = CARTESIAN_POINT('',(20.486215232261,-35.88428257323,
    6.937266935975));
#3191 = CARTESIAN_POINT('',(20.35832509268,-35.9203484122,6.874833251571
    ));
#3192 = CARTESIAN_POINT('',(20.097515219997,-35.99068438885,
    6.747510524944));
#3193 = CARTESIAN_POINT('',(19.967958112964,-36.02400831414,
    6.684263056774));
#3194 = CARTESIAN_POINT('',(19.835536990658,-36.05700137707,
    6.619617427444));
#3195 = ORIENTED_EDGE('',*,*,#3196,.F.);
#3196 = EDGE_CURVE('',#1773,#3186,#3197,.T.);
#3197 = LINE('',#3198,#3199);
#3198 = CARTESIAN_POINT('',(20.614718625761,-28.5,7.));
#3199 = VECTOR('',#3200,1.);
#3200 = DIRECTION('',(-2.22044604925E-16,-1.,0.));
#3201 = ORIENTED_EDGE('',*,*,#1772,.F.);
#3202 = PLANE('',#3203);
#3203 = AXIS2_PLACEMENT_3D('',#3204,#3205,#3206);
#3204 = CARTESIAN_POINT('',(20.13019191362,-28.5,6.763462703773));
#3205 = DIRECTION('',(0.438697480918,-9.741040883204E-17,-0.898634809161
    ));
#3206 = DIRECTION('',(-2.22044604925E-16,-1.,-1.232595164408E-32));
#3207 = ADVANCED_FACE('',(#3208),#3318,.F.);
#3208 = FACE_BOUND('',#3209,.F.);
#3209 = EDGE_LOOP('',(#3210,#3220,#3305,#3306));
#3210 = ORIENTED_EDGE('',*,*,#3211,.T.);
#3211 = EDGE_CURVE('',#3212,#3214,#3216,.T.);
#3212 = VERTEX_POINT('',#3213);
#3213 = CARTESIAN_POINT('',(24.078174607846,-40.33012699873,7.));
#3214 = VERTEX_POINT('',#3215);
#3215 = CARTESIAN_POINT('',(23.354193087816,-40.33012699873,
    6.765402526273));
#3216 = LINE('',#3217,#3218);
#3217 = CARTESIAN_POINT('',(24.078174607846,-40.33012699873,7.));
#3218 = VECTOR('',#3219,1.);
#3219 = DIRECTION('',(-0.951302738374,1.584237305297E-16,-0.308258170959
    ));
#3220 = ORIENTED_EDGE('',*,*,#3221,.T.);
#3221 = EDGE_CURVE('',#3214,#3177,#3222,.T.);
#3222 = B_SPLINE_CURVE_WITH_KNOTS('',3,(#3223,#3224,#3225,#3226,#3227,
    #3228,#3229,#3230,#3231,#3232,#3233,#3234,#3235,#3236,#3237,#3238,
    #3239,#3240,#3241,#3242,#3243,#3244,#3245,#3246,#3247,#3248,#3249,
    #3250,#3251,#3252,#3253,#3254,#3255,#3256,#3257,#3258,#3259,#3260,
    #3261,#3262,#3263,#3264,#3265,#3266,#3267,#3268,#3269,#3270,#3271,
    #3272,#3273,#3274,#3275,#3276,#3277,#3278,#3279,#3280,#3281,#3282,
    #3283,#3284,#3285,#3286,#3287,#3288,#3289,#3290,#3291,#3292,#3293,
    #3294,#3295,#3296,#3297,#3298,#3299,#3300,#3301,#3302,#3303,#3304),
  .UNSPECIFIED.,.F.,.F.,(4,3,3,3,3,3,3,3,3,3,3,3,3,3,3,3,3,3,3,3,3,3,3,3
    ,3,3,3,4),(-1.645961183957,-1.628589898419,-1.611480641412,
    -1.594415041518,-1.577253140085,-1.563839237639,-1.539298018982,
    -1.514556526008,-1.489809964738,-1.465217498571,-1.440656318162,
    -1.404955513769,-1.399595345003,-1.377773162078,-1.356101485795,
    -1.334567560256,-1.317473398685,-1.296449970861,-1.27533922654,
    -1.254354043786,-1.235351452367,-1.207444241922,-1.180054473124,
    -1.152817744821,-1.126324704685,-1.0987161323,-1.072588053835,
    -1.071107559914),.UNSPECIFIED.);
#3223 = CARTESIAN_POINT('',(23.354193087816,-40.33012699873,
    6.765402526273));
#3224 = CARTESIAN_POINT('',(23.354193087816,-40.27883677749,
    6.765402526273));
#3225 = CARTESIAN_POINT('',(23.35246165936,-40.22626289746,
    6.765082458435));
#3226 = CARTESIAN_POINT('',(23.349026003682,-40.17282917435,
    6.764580251301));
#3227 = CARTESIAN_POINT('',(23.345642171447,-40.1202014457,6.76408561946
    ));
#3228 = CARTESIAN_POINT('',(23.340605066679,-40.06673986587,
    6.763414350899));
#3229 = CARTESIAN_POINT('',(23.333966997992,-40.01285305939,
    6.762655097291));
#3230 = CARTESIAN_POINT('',(23.32734586744,-39.95910375406,
    6.761897781044));
#3231 = CARTESIAN_POINT('',(23.319131844158,-39.90493165309,
    6.761052933488));
#3232 = CARTESIAN_POINT('',(23.309404493697,-39.85074215218,
    6.760164765353));
#3233 = CARTESIAN_POINT('',(23.299622251594,-39.79624685877,
    6.759271585265));
#3234 = CARTESIAN_POINT('',(23.288309466724,-39.74173424744,
    6.758334530396));
#3235 = CARTESIAN_POINT('',(23.275576459509,-39.68761239657,
    6.757354598146));
#3236 = CARTESIAN_POINT('',(23.265624222148,-39.64531025245,
    6.756588673947));
#3237 = CARTESIAN_POINT('',(23.254804940896,-39.60324678248,
    6.755795631788));
#3238 = CARTESIAN_POINT('',(23.243184063209,-39.56161343455,
    6.754958161301));
#3239 = CARTESIAN_POINT('',(23.221923248062,-39.4854437219,
    6.753425978821));
#3240 = CARTESIAN_POINT('',(23.197985535162,-39.41070952222,
    6.751738509574));
#3241 = CARTESIAN_POINT('',(23.171559158383,-39.33716620917,
    6.749862791832));
#3242 = CARTESIAN_POINT('',(23.144917123016,-39.26302272883,
    6.747971766859));
#3243 = CARTESIAN_POINT('',(23.115745567852,-39.19008923896,
    6.745889395327));
#3244 = CARTESIAN_POINT('',(23.084200357116,-39.11811533358,
    6.743619745098));
#3245 = CARTESIAN_POINT('',(23.052648684343,-39.04612668434,
    6.74134962993));
#3246 = CARTESIAN_POINT('',(23.0187223379,-38.97509763254,6.738892217865
    ));
#3247 = CARTESIAN_POINT('',(22.982541341244,-38.90478382205,
    6.736288854644));
#3248 = CARTESIAN_POINT('',(22.946585641117,-38.83490785073,
    6.733701702383));
#3249 = CARTESIAN_POINT('',(22.908403260611,-38.76573789556,
    6.730970516771));
#3250 = CARTESIAN_POINT('',(22.868077050602,-38.69704564597,
    6.728171388744));
#3251 = CARTESIAN_POINT('',(22.827802142324,-38.62844078449,
    6.72537582168));
#3252 = CARTESIAN_POINT('',(22.785388907228,-38.56031205906,
    6.722512563878));
#3253 = CARTESIAN_POINT('',(22.740884633701,-38.49244877249,
    6.719691609231));
#3254 = CARTESIAN_POINT('',(22.676195627009,-38.39380636691,
    6.715591222019));
#3255 = CARTESIAN_POINT('',(22.607103773323,-38.29578073289,
    6.71157743584));
#3256 = CARTESIAN_POINT('',(22.533396743255,-38.19848610983,
    6.707383756471));
#3257 = CARTESIAN_POINT('',(22.522330266544,-38.18387815888,
    6.706754111577));
#3258 = CARTESIAN_POINT('',(22.511159713075,-38.16928673911,
    6.706120341477));
#3259 = CARTESIAN_POINT('',(22.499884323624,-38.15471229439,
    6.705481467527));
#3260 = CARTESIAN_POINT('',(22.453980244501,-38.09537718526,
    6.70288050013));
#3261 = CARTESIAN_POINT('',(22.406354072654,-38.03629870248,
    6.700230643981));
#3262 = CARTESIAN_POINT('',(22.357381397633,-37.97786055727,
    6.697590461029));
#3263 = CARTESIAN_POINT('',(22.308746485009,-37.9198254574,
    6.694968487302));
#3264 = CARTESIAN_POINT('',(22.258783554803,-37.8624221948,
    6.692355491609));
#3265 = CARTESIAN_POINT('',(22.207901802941,-37.80599864093,
    6.689798107966));
#3266 = CARTESIAN_POINT('',(22.157343468572,-37.74993372967,
    6.687256979711));
#3267 = CARTESIAN_POINT('',(22.105878039791,-37.6948363265,
    6.684770229168));
#3268 = CARTESIAN_POINT('',(22.053947456462,-37.64101615526,
    6.682381140998));
#3269 = CARTESIAN_POINT('',(22.012723677719,-37.59829237499,
    6.680484623844));
#3270 = CARTESIAN_POINT('',(21.971207603058,-37.55637285643,
    6.67864952169));
#3271 = CARTESIAN_POINT('',(21.929637840212,-37.51539713812,
    6.676899568937));
#3272 = CARTESIAN_POINT('',(21.878512846146,-37.46500273576,
    6.674747371812));
#3273 = CARTESIAN_POINT('',(21.827282176319,-37.41605567038,
    6.672670576765));
#3274 = CARTESIAN_POINT('',(21.775710776736,-37.36821206108,
    6.670634676922));
#3275 = CARTESIAN_POINT('',(21.723925185917,-37.32016974316,
    6.668590321386));
#3276 = CARTESIAN_POINT('',(21.671795928334,-37.27323986113,
    6.666587605566));
#3277 = CARTESIAN_POINT('',(21.619045272638,-37.22710475132,
    6.664608281656));
#3278 = CARTESIAN_POINT('',(21.566608364997,-37.18124404191,
    6.662640730282));
#3279 = CARTESIAN_POINT('',(21.513557321482,-37.13616848826,
    6.660696664398));
#3280 = CARTESIAN_POINT('',(21.459581811413,-37.09159901292,
    6.658768808778));
#3281 = CARTESIAN_POINT('',(21.410705679313,-37.05124027316,
    6.657023088805));
#3282 = CARTESIAN_POINT('',(21.36107104366,-37.01129675193,
    6.655290967699));
#3283 = CARTESIAN_POINT('',(21.310421464362,-36.97158706905,
    6.653570990731));
#3284 = CARTESIAN_POINT('',(21.236037479712,-36.91326941897,
    6.65104503213));
#3285 = CARTESIAN_POINT('',(21.159539768202,-36.85544405304,
    6.64866141654));
#3286 = CARTESIAN_POINT('',(21.081169350902,-36.79845932855,
    6.646396440382));
#3287 = CARTESIAN_POINT('',(21.00425203899,-36.74253118654,
    6.644173460289));
#3288 = CARTESIAN_POINT('',(20.92553087323,-36.68741311941,
    6.642064295346));
#3289 = CARTESIAN_POINT('',(20.845274439128,-36.63340557506,
    6.640045505713));
#3290 = CARTESIAN_POINT('',(20.765466438328,-36.57969979819,
    6.638037996078));
#3291 = CARTESIAN_POINT('',(20.684140343685,-36.52709249148,
    6.636119401102));
#3292 = CARTESIAN_POINT('',(20.601600173524,-36.47584541039,
    6.634272472097));
#3293 = CARTESIAN_POINT('',(20.521313730282,-36.42599761071,
    6.632475972762));
#3294 = CARTESIAN_POINT('',(20.439878885602,-36.37743687963,
    6.630746928249));
#3295 = CARTESIAN_POINT('',(20.357610502312,-36.33036919521,
    6.629080828498));
#3296 = CARTESIAN_POINT('',(20.271878075856,-36.2813196499,
    6.627344574925));
#3297 = CARTESIAN_POINT('',(20.185240406616,-36.23389206593,
    6.625676137005));
#3298 = CARTESIAN_POINT('',(20.09809112339,-36.18827561593,
    6.624089954342));
#3299 = CARTESIAN_POINT('',(20.015615170685,-36.145105322,6.622588829817
    ));
#3300 = CARTESIAN_POINT('',(19.932681528048,-36.10355689627,
    6.621161272606));
#3301 = CARTESIAN_POINT('',(19.849651920855,-36.06375113469,
    6.619840829026));
#3302 = CARTESIAN_POINT('',(19.84494721864,-36.06149562294,
    6.619766008801));
#3303 = CARTESIAN_POINT('',(19.840242214978,-36.05924569581,
    6.619691538665));
#3304 = CARTESIAN_POINT('',(19.835536978035,-36.05700137144,
    6.619617426987));
#3305 = ORIENTED_EDGE('',*,*,#3185,.F.);
#3306 = ORIENTED_EDGE('',*,*,#3307,.F.);
#3307 = EDGE_CURVE('',#3212,#3186,#3308,.T.);
#3308 = B_SPLINE_CURVE_WITH_KNOTS('',3,(#3309,#3310,#3311,#3312,#3313,
    #3314,#3315,#3316,#3317),.UNSPECIFIED.,.F.,.F.,(4,1,1,1,1,1,4),(
    -1.645961183957,-1.563839237639,-1.440656318162,-1.399595345003,
    -1.317473398685,-1.235351452367,-1.126964793851),.UNSPECIFIED.);
#3309 = CARTESIAN_POINT('',(24.078174607846,-40.33012699873,7.));
#3310 = CARTESIAN_POINT('',(24.078174607846,-40.01778290156,7.));
#3311 = CARTESIAN_POINT('',(23.934371157229,-39.14960323542,7.));
#3312 = CARTESIAN_POINT('',(23.495990246992,-38.34313480728,7.));
#3313 = CARTESIAN_POINT('',(22.92607540369,-37.59784964851,7.));
#3314 = CARTESIAN_POINT('',(22.354544729392,-37.01837523425,7.));
#3315 = CARTESIAN_POINT('',(21.606595202334,-36.41979303602,7.));
#3316 = CARTESIAN_POINT('',(20.982040816577,-36.03693596017,7.));
#3317 = CARTESIAN_POINT('',(20.614718614753,-35.84615977679,7.));
#3318 = B_SPLINE_SURFACE_WITH_KNOTS('',3,3,(
    (#3319,#3320,#3321,#3322,#3323,#3324,#3325,#3326,#3327)
    ,(#3328,#3329,#3330,#3331,#3332,#3333,#3334,#3335,#3336)
    ,(#3337,#3338,#3339,#3340,#3341,#3342,#3343,#3344,#3345)
    ,(#3346,#3347,#3348,#3349,#3350,#3351,#3352,#3353,#3354)
    ,(#3355,#3356,#3357,#3358,#3359,#3360,#3361,#3362,#3363)
    ,(#3364,#3365,#3366,#3367,#3368,#3369,#3370,#3371,#3372)
    ,(#3373,#3374,#3375,#3376,#3377,#3378,#3379,#3380,#3381
  )),.UNSPECIFIED.,.F.,.F.,.F.,(4,3,4),(4,1,1,1,1,1,4),(
    -1.099792724904E-02,-9.880467812257E-04,1.),(1.070119513133,
    1.235351452367,1.317473398685,1.399595345003,1.440656318162,
    1.563839237639,1.646949230739),.UNSPECIFIED.);
#3319 = CARTESIAN_POINT('',(19.823874335674,-36.05781668994,
    6.615284426547));
#3320 = CARTESIAN_POINT('',(20.348608761546,-36.30747705419,
    6.623598458123));
#3321 = CARTESIAN_POINT('',(21.122068815772,-36.79570660943,
    6.642092309284));
#3322 = CARTESIAN_POINT('',(21.925681678914,-37.49941686972,
    6.672602296149));
#3323 = CARTESIAN_POINT('',(22.420905003372,-38.04553284922,
    6.697215806905));
#3324 = CARTESIAN_POINT('',(22.900259337585,-38.72133034131,
    6.726263827208));
#3325 = CARTESIAN_POINT('',(23.245440938231,-39.41602298149,
    6.753368061915));
#3326 = CARTESIAN_POINT('',(23.347209912866,-40.09492426197,
    6.762914182816));
#3327 = CARTESIAN_POINT('',(23.346213024487,-40.33883874706,
    6.762820776166));
#3328 = CARTESIAN_POINT('',(19.824554305135,-36.05620856922,
    6.616554114909));
#3329 = CARTESIAN_POINT('',(20.349439261288,-36.30584053074,
    6.624840707436));
#3330 = CARTESIAN_POINT('',(21.123153218222,-36.79405406178,
    6.643273522785));
#3331 = CARTESIAN_POINT('',(21.92709706852,-37.49782927357,
    6.673682816624));
#3332 = CARTESIAN_POINT('',(22.422572232416,-38.04405534691,
    6.698215094671));
#3333 = CARTESIAN_POINT('',(22.902225446196,-38.72008217123,
    6.72716724692));
#3334 = CARTESIAN_POINT('',(23.247720437702,-39.41515438276,
    6.754182028708));
#3335 = CARTESIAN_POINT('',(23.349626888763,-40.09469726381,
    6.763696644259));
#3336 = CARTESIAN_POINT('',(23.348628656716,-40.33884715245,
    6.763603545882));
#3337 = CARTESIAN_POINT('',(19.825234274596,-36.0546004485,6.61782380327
    ));
#3338 = CARTESIAN_POINT('',(20.350269761029,-36.30420400729,
    6.626082956749));
#3339 = CARTESIAN_POINT('',(21.124237620672,-36.79240151413,
    6.644454736285));
#3340 = CARTESIAN_POINT('',(21.928512458125,-37.49624167741,
    6.674763337099));
#3341 = CARTESIAN_POINT('',(22.42423946146,-38.0425778446,6.699214382437
    ));
#3342 = CARTESIAN_POINT('',(22.904191554808,-38.71883400115,
    6.728070666632));
#3343 = CARTESIAN_POINT('',(23.249999937172,-39.41428578403,6.7549959955
    ));
#3344 = CARTESIAN_POINT('',(23.352043864659,-40.09447026564,
    6.764479105702));
#3345 = CARTESIAN_POINT('',(23.351044288944,-40.33885555784,
    6.764386315597));
#3346 = CARTESIAN_POINT('',(19.825914244057,-36.05299232778,
    6.619093491631));
#3347 = CARTESIAN_POINT('',(20.351100260771,-36.30256748384,
    6.627325206062));
#3348 = CARTESIAN_POINT('',(21.125322023122,-36.79074896648,
    6.645635949786));
#3349 = CARTESIAN_POINT('',(21.929927847731,-37.49465408125,
    6.675843857574));
#3350 = CARTESIAN_POINT('',(22.425906690504,-38.04110034228,
    6.700213670203));
#3351 = CARTESIAN_POINT('',(22.90615766342,-38.71758583107,
    6.728974086345));
#3352 = CARTESIAN_POINT('',(23.252279436643,-39.4134171853,
    6.755809962292));
#3353 = CARTESIAN_POINT('',(23.354460840556,-40.09424326748,
    6.765261567145));
#3354 = CARTESIAN_POINT('',(23.353459921173,-40.33886396323,
    6.765169085313));
#3355 = CARTESIAN_POINT('',(19.89391119015,-35.89218025581,
    6.746062327754));
#3356 = CARTESIAN_POINT('',(20.434150234942,-36.13891513866,
    6.751550137375));
#3357 = CARTESIAN_POINT('',(21.233762268111,-36.62549420163,
    6.763757299857));
#3358 = CARTESIAN_POINT('',(22.071466808284,-37.33589446559,
    6.783895905049));
#3359 = CARTESIAN_POINT('',(22.592629594899,-37.89335011103,
    6.800142446802));
#3360 = CARTESIAN_POINT('',(23.102768524611,-38.59276882314,
    6.819316057563));
#3361 = CARTESIAN_POINT('',(23.480229383692,-39.32655731215,
    6.837206641528));
#3362 = CARTESIAN_POINT('',(23.596158430223,-40.07154345098,
    6.84350771143));
#3363 = CARTESIAN_POINT('',(23.595023144015,-40.33970450224,
    6.843446056875));
#3364 = CARTESIAN_POINT('',(19.961908136243,-35.73136818383,
    6.873031163877));
#3365 = CARTESIAN_POINT('',(20.517200209114,-35.97526279349,
    6.875775068687));
#3366 = CARTESIAN_POINT('',(21.3422025131,-36.46023943678,6.881878649929
    ));
#3367 = CARTESIAN_POINT('',(22.213005768838,-37.17713484992,
    6.891947952525));
#3368 = CARTESIAN_POINT('',(22.759352499295,-37.74559987977,
    6.900071223401));
#3369 = CARTESIAN_POINT('',(23.299379385801,-38.46795181521,
    6.909658028782));
#3370 = CARTESIAN_POINT('',(23.708179330742,-39.23969743901,
    6.918603320764));
#3371 = CARTESIAN_POINT('',(23.83785601989,-40.04884363448,
    6.921753855715));
#3372 = CARTESIAN_POINT('',(23.836586366857,-40.34054504126,
    6.921723028438));
#3373 = CARTESIAN_POINT('',(20.029905082336,-35.57055611185,7.));
#3374 = CARTESIAN_POINT('',(20.600250183285,-35.81161044831,7.));
#3375 = CARTESIAN_POINT('',(21.450642758089,-36.29498467193,7.));
#3376 = CARTESIAN_POINT('',(22.354544729392,-37.01837523425,7.));
#3377 = CARTESIAN_POINT('',(22.92607540369,-37.59784964851,7.));
#3378 = CARTESIAN_POINT('',(23.495990246992,-38.34313480728,7.));
#3379 = CARTESIAN_POINT('',(23.936129277791,-39.15283756587,7.));
#3380 = CARTESIAN_POINT('',(24.079553609557,-40.02614381798,7.));
#3381 = CARTESIAN_POINT('',(24.078149589699,-40.34138558027,7.));
#3382 = ADVANCED_FACE('',(#3383),#3399,.F.);
#3383 = FACE_BOUND('',#3384,.T.);
#3384 = EDGE_LOOP('',(#3385,#3386,#3392,#3393));
#3385 = ORIENTED_EDGE('',*,*,#3211,.T.);
#3386 = ORIENTED_EDGE('',*,*,#3387,.F.);
#3387 = EDGE_CURVE('',#3139,#3214,#3388,.T.);
#3388 = LINE('',#3389,#3390);
#3389 = CARTESIAN_POINT('',(23.354193087816,-41.9999999798,
    6.765402526273));
#3390 = VECTOR('',#3391,1.);
#3391 = DIRECTION('',(1.665334536938E-16,1.,2.465190328816E-31));
#3392 = ORIENTED_EDGE('',*,*,#3154,.F.);
#3393 = ORIENTED_EDGE('',*,*,#3394,.F.);
#3394 = EDGE_CURVE('',#3212,#3147,#3395,.T.);
#3395 = LINE('',#3396,#3397);
#3396 = CARTESIAN_POINT('',(24.078174607846,-41.9999999798,7.));
#3397 = VECTOR('',#3398,1.);
#3398 = DIRECTION('',(-1.665334536938E-16,-1.,-2.465190328816E-31));
#3399 = PLANE('',#3400);
#3400 = AXIS2_PLACEMENT_3D('',#3401,#3402,#3403);
#3401 = CARTESIAN_POINT('',(23.716183847831,-41.9999999798,
    6.882701263136));
#3402 = DIRECTION('',(0.308258170959,-5.133529783909E-17,-0.951302738374
    ));
#3403 = DIRECTION('',(-1.665334536938E-16,-1.,-2.403560570595E-31));
#3404 = ADVANCED_FACE('',(#3405),#3416,.F.);
#3405 = FACE_BOUND('',#3406,.T.);
#3406 = EDGE_LOOP('',(#3407,#3408,#3414,#3415));
#3407 = ORIENTED_EDGE('',*,*,#3100,.F.);
#3408 = ORIENTED_EDGE('',*,*,#3409,.F.);
#3409 = EDGE_CURVE('',#3147,#3093,#3410,.T.);
#3410 = LINE('',#3411,#3412);
#3411 = CARTESIAN_POINT('',(32.742640675462,-41.1999999798,7.));
#3412 = VECTOR('',#3413,1.);
#3413 = DIRECTION('',(1.,-1.665334536938E-16,1.577721810442E-30));
#3414 = ORIENTED_EDGE('',*,*,#3146,.F.);
#3415 = ORIENTED_EDGE('',*,*,#1048,.F.);
#3416 = PLANE('',#3417);
#3417 = AXIS2_PLACEMENT_3D('',#3418,#3419,#3420);
#3418 = CARTESIAN_POINT('',(32.742640675462,-41.5999999798,6.6));
#3419 = DIRECTION('',(1.177569344013E-16,0.707106781187,-0.707106781187)
  );
#3420 = DIRECTION('',(-1.177569344013E-16,-0.707106781187,
    -0.707106781187));
#3421 = ADVANCED_FACE('',(#3422),#3434,.T.);
#3422 = FACE_BOUND('',#3423,.T.);
#3423 = EDGE_LOOP('',(#3424,#3425,#3432,#3433));
#3424 = ORIENTED_EDGE('',*,*,#3138,.T.);
#3425 = ORIENTED_EDGE('',*,*,#3426,.F.);
#3426 = EDGE_CURVE('',#3061,#3139,#3427,.T.);
#3427 = CIRCLE('',#3428,8.5);
#3428 = AXIS2_PLACEMENT_3D('',#3429,#3430,#3431);
#3429 = CARTESIAN_POINT('',(28.499999988342,-41.1999999798,
    1.040834085586E-16));
#3430 = DIRECTION('',(1.665334536938E-16,1.,2.465190328816E-31));
#3431 = DIRECTION('',(-1.,1.665334536938E-16,-1.577721810442E-30));
#3432 = ORIENTED_EDGE('',*,*,#3076,.T.);
#3433 = ORIENTED_EDGE('',*,*,#1056,.F.);
#3434 = CONICAL_SURFACE('',#3435,8.1,0.785398163397);
#3435 = AXIS2_PLACEMENT_3D('',#3436,#3437,#3438);
#3436 = CARTESIAN_POINT('',(28.499999988342,-41.5999999798,
    1.040834085586E-16));
#3437 = DIRECTION('',(1.665334536938E-16,1.,2.465190328816E-31));
#3438 = DIRECTION('',(-1.,1.665334536938E-16,-1.577721810442E-30));
#3439 = ADVANCED_FACE('',(#3440),#3465,.F.);
#3440 = FACE_BOUND('',#3441,.T.);
#3441 = EDGE_LOOP('',(#3442,#3452,#3458,#3459));
#3442 = ORIENTED_EDGE('',*,*,#3443,.F.);
#3443 = EDGE_CURVE('',#3444,#3446,#3448,.T.);
#3444 = VERTEX_POINT('',#3445);
#3445 = CARTESIAN_POINT('',(32.921825368839,-40.33012699873,7.));
#3446 = VERTEX_POINT('',#3447);
#3447 = CARTESIAN_POINT('',(33.645806888868,-40.33012699873,
    6.765402526273));
#3448 = LINE('',#3449,#3450);
#3449 = CARTESIAN_POINT('',(32.921825368839,-40.33012699873,7.));
#3450 = VECTOR('',#3451,1.);
#3451 = DIRECTION('',(0.951302738374,-1.584237305297E-16,-0.308258170959
    ));
#3452 = ORIENTED_EDGE('',*,*,#3453,.F.);
#3453 = EDGE_CURVE('',#3093,#3444,#3454,.T.);
#3454 = LINE('',#3455,#3456);
#3455 = CARTESIAN_POINT('',(32.921825368839,-41.9999999798,7.));
#3456 = VECTOR('',#3457,1.);
#3457 = DIRECTION('',(1.665334536938E-16,1.,2.465190328816E-31));
#3458 = ORIENTED_EDGE('',*,*,#3090,.F.);
#3459 = ORIENTED_EDGE('',*,*,#3460,.F.);
#3460 = EDGE_CURVE('',#3446,#3091,#3461,.T.);
#3461 = LINE('',#3462,#3463);
#3462 = CARTESIAN_POINT('',(33.645806888868,-41.9999999798,
    6.765402526273));
#3463 = VECTOR('',#3464,1.);
#3464 = DIRECTION('',(-1.665334536938E-16,-1.,-2.465190328816E-31));
#3465 = PLANE('',#3466);
#3466 = AXIS2_PLACEMENT_3D('',#3467,#3468,#3469);
#3467 = CARTESIAN_POINT('',(33.283816128854,-41.9999999798,
    6.882701263136));
#3468 = DIRECTION('',(-0.308258170959,5.133529783909E-17,-0.951302738374
    ));
#3469 = DIRECTION('',(-1.665334536938E-16,-1.,-2.896598636358E-31));
#3470 = ADVANCED_FACE('',(#3471),#3503,.F.);
#3471 = FACE_BOUND('',#3472,.F.);
#3472 = EDGE_LOOP('',(#3473,#3474,#3488,#3489));
#3473 = ORIENTED_EDGE('',*,*,#3443,.F.);
#3474 = ORIENTED_EDGE('',*,*,#3475,.F.);
#3475 = EDGE_CURVE('',#2840,#3444,#3476,.T.);
#3476 = B_SPLINE_CURVE_WITH_KNOTS('',3,(#3477,#3478,#3479,#3480,#3481,
    #3482,#3483,#3484,#3485,#3486,#3487),.UNSPECIFIED.,.F.,.F.,(4,1,1,1,
    1,1,1,1,4),(-2.164988193951,-2.097631880796,-2.056570908356,
    -1.974448963476,-1.892327018597,-1.851266046157,-1.810205073717,
    -1.728083128837,-1.645961183957),.UNSPECIFIED.);
#3477 = CARTESIAN_POINT('',(36.385275985934,-35.84442921182,7.));
#3478 = CARTESIAN_POINT('',(36.156832427656,-35.96199904424,7.));
#3479 = CARTESIAN_POINT('',(35.796664371693,-36.16793372411,7.));
#3480 = CARTESIAN_POINT('',(35.209642977338,-36.56571180305,7.));
#3481 = CARTESIAN_POINT('',(34.644252075962,-37.01637870437,7.));
#3482 = CARTESIAN_POINT('',(34.078214467094,-37.59088892094,7.));
#3483 = CARTESIAN_POINT('',(33.690970867673,-38.09631935702,7.));
#3484 = CARTESIAN_POINT('',(33.365993182687,-38.60093731172,7.));
#3485 = CARTESIAN_POINT('',(33.024635319187,-39.3379177689,7.));
#3486 = CARTESIAN_POINT('',(32.921825368839,-40.01778290703,7.));
#3487 = CARTESIAN_POINT('',(32.921825368839,-40.33012699873,7.));
#3488 = ORIENTED_EDGE('',*,*,#2847,.F.);
#3489 = ORIENTED_EDGE('',*,*,#3490,.T.);
#3490 = EDGE_CURVE('',#2848,#3446,#3491,.T.);
#3491 = B_SPLINE_CURVE_WITH_KNOTS('',3,(#3492,#3493,#3494,#3495,#3496,
    #3497,#3498,#3499,#3500,#3501,#3502),.UNSPECIFIED.,.F.,.F.,(4,1,1,1,
    1,1,1,1,4),(-2.220814797932,-2.097631880796,-2.056570908356,
    -1.974448963476,-1.892327018597,-1.851266046157,-1.810205073717,
    -1.728083128837,-1.645961183957),.UNSPECIFIED.);
#3492 = CARTESIAN_POINT('',(37.164462998653,-36.05700137144,
    6.619617426987));
#3493 = CARTESIAN_POINT('',(36.772968173866,-36.24373827413,
    6.62578381961));
#3494 = CARTESIAN_POINT('',(36.255471527283,-36.54504944698,
    6.636662225689));
#3495 = CARTESIAN_POINT('',(35.571668628952,-37.05408124474,
    6.657299482225));
#3496 = CARTESIAN_POINT('',(35.068339052968,-37.49264740034,
    6.676079593057));
#3497 = CARTESIAN_POINT('',(34.576580873568,-38.03481232146,
    6.700204801616));
#3498 = CARTESIAN_POINT('',(34.251075421035,-38.49329842026,
    6.719811459543));
#3499 = CARTESIAN_POINT('',(33.983984069989,-38.93889406514,
    6.737590650355));
#3500 = CARTESIAN_POINT('',(33.719005694175,-39.55855045388,6.7585845591
    ));
#3501 = CARTESIAN_POINT('',(33.645806888868,-40.08765486204,
    6.765402526273));
#3502 = CARTESIAN_POINT('',(33.645806888868,-40.33012699873,
    6.765402526273));
#3503 = B_SPLINE_SURFACE_WITH_KNOTS('',3,3,(
    (#3504,#3505,#3506,#3507,#3508,#3509,#3510,#3511,#3512,#3513,#3514
      ,#3515,#3516,#3517)
    ,(#3518,#3519,#3520,#3521,#3522,#3523,#3524,#3525,#3526,#3527,#3528
      ,#3529,#3530,#3531)
    ,(#3532,#3533,#3534,#3535,#3536,#3537,#3538,#3539,#3540,#3541,#3542
      ,#3543,#3544,#3545)
    ,(#3546,#3547,#3548,#3549,#3550,#3551,#3552,#3553,#3554,#3555,#3556
      ,#3557,#3558,#3559)
    ,(#3560,#3561,#3562,#3563,#3564,#3565,#3566,#3567,#3568,#3569,#3570
      ,#3571,#3572,#3573)
    ,(#3574,#3575,#3576,#3577,#3578,#3579,#3580,#3581,#3582,#3583,#3584
      ,#3585,#3586,#3587)
    ,(#3588,#3589,#3590,#3591,#3592,#3593,#3594,#3595,#3596,#3597,#3598
      ,#3599,#3600,#3601
    )),.UNSPECIFIED.,.F.,.F.,.F.,(4,3,4),(4,1,1,1,1,1,1,1,3,4),(-1.E-02,
    0.,1.),(1.645961183957,1.728083128837,1.810205073717,1.851266046157,
    1.892327018597,1.974448963476,2.056570908356,2.097631880796,
    2.220814798116,2.226563334257),.UNSPECIFIED.);
#3504 = CARTESIAN_POINT('',(33.653046704069,-40.33012699873,
    6.763056551535));
#3505 = CARTESIAN_POINT('',(33.653046704069,-40.08835358159,
    6.763056551535));
#3506 = CARTESIAN_POINT('',(33.725949397925,-39.56075678073,
    6.756170404691));
#3507 = CARTESIAN_POINT('',(33.990163978862,-38.94227363268,
    6.734966556859));
#3508 = CARTESIAN_POINT('',(34.256676466568,-38.49726821089,
    6.717009574139));
#3509 = CARTESIAN_POINT('',(34.581564537632,-38.03925155547,
    6.697206849632));
#3510 = CARTESIAN_POINT('',(35.072579922738,-37.4974100873,
    6.672840388987));
#3511 = CARTESIAN_POINT('',(35.575288885468,-37.05896493915,
    6.653872477047));
#3512 = CARTESIAN_POINT('',(36.258339669502,-36.54998606458,
    6.63302884793));
#3513 = CARTESIAN_POINT('',(36.775351013259,-36.24862238256,
    6.622041657782));
#3514 = CARTESIAN_POINT('',(37.166508994578,-36.06182249214,
    6.615813601229));
#3515 = CARTESIAN_POINT('',(37.184763033706,-36.05310516392,
    6.61552295859));
#3516 = CARTESIAN_POINT('',(37.203017072834,-36.0443878357,
    6.615232315951));
#3517 = CARTESIAN_POINT('',(37.221271111963,-36.03567050748,
    6.614941673312));
#3518 = CARTESIAN_POINT('',(33.650633432335,-40.33012699873,
    6.763838543115));
#3519 = CARTESIAN_POINT('',(33.650633432335,-40.08812067508,
    6.763838543115));
#3520 = CARTESIAN_POINT('',(33.723634830008,-39.56002133844,
    6.756975122828));
#3521 = CARTESIAN_POINT('',(33.988104009237,-38.94114711017,
    6.735841254691));
#3522 = CARTESIAN_POINT('',(34.254809451391,-38.49594494735,
    6.71794353594));
#3523 = CARTESIAN_POINT('',(34.579903316277,-38.0377718108,6.69820616696
    ));
#3524 = CARTESIAN_POINT('',(35.071166299481,-37.49582252498,
    6.673920123677));
#3525 = CARTESIAN_POINT('',(35.574082133296,-37.05733704101,
    6.655014812106));
#3526 = CARTESIAN_POINT('',(36.257383622265,-36.54834052525,
    6.634239973844));
#3527 = CARTESIAN_POINT('',(36.774556733846,-36.2469943462,6.62328904505
    ));
#3528 = CARTESIAN_POINT('',(37.165826996518,-36.06021545163,
    6.617081543139));
#3529 = CARTESIAN_POINT('',(37.184086275443,-36.05149910322,
    6.616791859717));
#3530 = CARTESIAN_POINT('',(37.202345554368,-36.04278275481,
    6.616502176294));
#3531 = CARTESIAN_POINT('',(37.220604833293,-36.03406640639,
    6.616212492872));
#3532 = CARTESIAN_POINT('',(33.648220160602,-40.33012699873,
    6.764620534694));
#3533 = CARTESIAN_POINT('',(33.648220160602,-40.08788776856,
    6.764620534694));
#3534 = CARTESIAN_POINT('',(33.721320262092,-39.55928589616,
    6.757779840964));
#3535 = CARTESIAN_POINT('',(33.986044039613,-38.94002058766,
    6.736715952523));
#3536 = CARTESIAN_POINT('',(34.252942436213,-38.49462168381,
    6.718877497742));
#3537 = CARTESIAN_POINT('',(34.578242094922,-38.03629206613,
    6.699205484288));
#3538 = CARTESIAN_POINT('',(35.069752676225,-37.49423496266,
    6.674999858367));
#3539 = CARTESIAN_POINT('',(35.572875381124,-37.05570914288,
    6.656157147165));
#3540 = CARTESIAN_POINT('',(36.256427575029,-36.54669498593,
    6.635451099759));
#3541 = CARTESIAN_POINT('',(36.773762454434,-36.24536630983,
    6.624536432318));
#3542 = CARTESIAN_POINT('',(37.165144998459,-36.05860841112,
    6.61834948505));
#3543 = CARTESIAN_POINT('',(37.18340951718,-36.04989304251,
    6.618060760844));
#3544 = CARTESIAN_POINT('',(37.201674035901,-36.04117767391,
    6.617772036638));
#3545 = CARTESIAN_POINT('',(37.219938554623,-36.0324623053,
    6.617483312432));
#3546 = CARTESIAN_POINT('',(33.645806888868,-40.33012699873,
    6.765402526273));
#3547 = CARTESIAN_POINT('',(33.645806888868,-40.08765486204,
    6.765402526273));
#3548 = CARTESIAN_POINT('',(33.719005694175,-39.55855045388,6.7585845591
    ));
#3549 = CARTESIAN_POINT('',(33.983984069989,-38.93889406514,
    6.737590650355));
#3550 = CARTESIAN_POINT('',(34.251075421035,-38.49329842026,
    6.719811459543));
#3551 = CARTESIAN_POINT('',(34.576580873568,-38.03481232146,
    6.700204801616));
#3552 = CARTESIAN_POINT('',(35.068339052968,-37.49264740034,
    6.676079593057));
#3553 = CARTESIAN_POINT('',(35.571668628952,-37.05408124474,
    6.657299482225));
#3554 = CARTESIAN_POINT('',(36.255471527792,-36.54504944661,
    6.636662225673));
#3555 = CARTESIAN_POINT('',(36.772968175021,-36.24373827346,
    6.625783819586));
#3556 = CARTESIAN_POINT('',(37.1644630004,-36.05700137061,6.61961742696)
  );
#3557 = CARTESIAN_POINT('',(37.182732758917,-36.04828698181,
    6.61932966197));
#3558 = CARTESIAN_POINT('',(37.201002517435,-36.03957259301,
    6.619041896981));
#3559 = CARTESIAN_POINT('',(37.219272275952,-36.03085820421,
    6.618754131992));
#3560 = CARTESIAN_POINT('',(33.404479715525,-40.33012699873,
    6.843601684182));
#3561 = CARTESIAN_POINT('',(33.404479715525,-40.06436421037,
    6.843601684182));
#3562 = CARTESIAN_POINT('',(33.487548902512,-39.48500622555,
    6.839056372733));
#3563 = CARTESIAN_POINT('',(33.777987107555,-38.826241814,6.82506043357)
  );
#3564 = CARTESIAN_POINT('',(34.064373903248,-38.36097206585,
    6.813207639696));
#3565 = CARTESIAN_POINT('',(34.410458738076,-37.88683785462,
    6.80013653441));
#3566 = CARTESIAN_POINT('',(34.926976727299,-37.33389116835,
    6.784053062038));
#3567 = CARTESIAN_POINT('',(35.450993411747,-36.89129143084,
    6.77153298815));
#3568 = CARTESIAN_POINT('',(36.159866804109,-36.38049551426,
    6.757774817116));
#3569 = CARTESIAN_POINT('',(36.693540233743,-36.08093463672,
    6.750522546391));
#3570 = CARTESIAN_POINT('',(37.096263194447,-35.89629731943,
    6.746411617973));
#3571 = CARTESIAN_POINT('',(37.115056932613,-35.88768091129,
    6.746219774647));
#3572 = CARTESIAN_POINT('',(37.133850670779,-35.87906450315,
    6.746027931321));
#3573 = CARTESIAN_POINT('',(37.152644408945,-35.87044809501,
    6.745836087995));
#3574 = CARTESIAN_POINT('',(33.163152542182,-40.33012699873,
    6.921800842091));
#3575 = CARTESIAN_POINT('',(33.163152542182,-40.0410735587,
    6.921800842091));
#3576 = CARTESIAN_POINT('',(33.25609211085,-39.41146199723,
    6.919528186367));
#3577 = CARTESIAN_POINT('',(33.571990145121,-38.71358956286,
    6.912530216785));
#3578 = CARTESIAN_POINT('',(33.87767238546,-38.22864571143,
    6.906603819848));
#3579 = CARTESIAN_POINT('',(34.244336602585,-37.73886338778,
    6.900068267205));
#3580 = CARTESIAN_POINT('',(34.78561440163,-37.17513493636,
    6.892026531019));
#3581 = CARTESIAN_POINT('',(35.330318194542,-36.72850161695,
    6.885766494075));
#3582 = CARTESIAN_POINT('',(36.064262080427,-36.21594158192,
    6.878887408558));
#3583 = CARTESIAN_POINT('',(36.614112292465,-35.91813099997,
    6.875261273195));
#3584 = CARTESIAN_POINT('',(37.028063388494,-35.73559326825,
    6.873205808987));
#3585 = CARTESIAN_POINT('',(37.047381106308,-35.72707484077,
    6.873109887323));
#3586 = CARTESIAN_POINT('',(37.066698824123,-35.71855641329,
    6.87301396566));
#3587 = CARTESIAN_POINT('',(37.086016541938,-35.71003798581,
    6.872918043997));
#3588 = CARTESIAN_POINT('',(32.921825368839,-40.33012699873,7.));
#3589 = CARTESIAN_POINT('',(32.921825368839,-40.01778290703,7.));
#3590 = CARTESIAN_POINT('',(33.024635319187,-39.3379177689,7.));
#3591 = CARTESIAN_POINT('',(33.365993182687,-38.60093731172,7.));
#3592 = CARTESIAN_POINT('',(33.690970867673,-38.09631935702,7.));
#3593 = CARTESIAN_POINT('',(34.078214467094,-37.59088892094,7.));
#3594 = CARTESIAN_POINT('',(34.644252075962,-37.01637870437,7.));
#3595 = CARTESIAN_POINT('',(35.209642977338,-36.56571180305,7.));
#3596 = CARTESIAN_POINT('',(35.968657356745,-36.05138764957,7.));
#3597 = CARTESIAN_POINT('',(36.534684351187,-35.75532736323,7.));
#3598 = CARTESIAN_POINT('',(36.959863582541,-35.57488921708,7.));
#3599 = CARTESIAN_POINT('',(36.979705280004,-35.56646877026,7.));
#3600 = CARTESIAN_POINT('',(36.999546977467,-35.55804832344,7.));
#3601 = CARTESIAN_POINT('',(37.01938867493,-35.54962787662,7.));
#3602 = ADVANCED_FACE('',(#3603),#3614,.F.);
#3603 = FACE_BOUND('',#3604,.T.);
#3604 = EDGE_LOOP('',(#3605,#3606,#3612,#3613));
#3605 = ORIENTED_EDGE('',*,*,#3070,.F.);
#3606 = ORIENTED_EDGE('',*,*,#3607,.F.);
#3607 = EDGE_CURVE('',#2882,#3063,#3608,.T.);
#3608 = LINE('',#3609,#3610);
#3609 = CARTESIAN_POINT('',(24.257359301223,-41.1999999798,-7.));
#3610 = VECTOR('',#3611,1.);
#3611 = DIRECTION('',(-1.,1.665334536938E-16,1.308410382236E-16));
#3612 = ORIENTED_EDGE('',*,*,#2881,.F.);
#3613 = ORIENTED_EDGE('',*,*,#1065,.F.);
#3614 = PLANE('',#3615);
#3615 = AXIS2_PLACEMENT_3D('',#3616,#3617,#3618);
#3616 = CARTESIAN_POINT('',(24.257359301223,-41.5999999798,-6.6));
#3617 = DIRECTION('',(2.102755197867E-16,0.707106781187,0.707106781187)
  );
#3618 = DIRECTION('',(1.177569344013E-16,0.707106781187,-0.707106781187)
  );
#3619 = ADVANCED_FACE('',(#3620),#3645,.F.);
#3620 = FACE_BOUND('',#3621,.T.);
#3621 = EDGE_LOOP('',(#3622,#3632,#3638,#3639));
#3622 = ORIENTED_EDGE('',*,*,#3623,.F.);
#3623 = EDGE_CURVE('',#3624,#3626,#3628,.T.);
#3624 = VERTEX_POINT('',#3625);
#3625 = CARTESIAN_POINT('',(24.078174607846,-40.33012699873,-7.));
#3626 = VERTEX_POINT('',#3627);
#3627 = CARTESIAN_POINT('',(23.354193087816,-40.33012699873,
    -6.765402526273));
#3628 = LINE('',#3629,#3630);
#3629 = CARTESIAN_POINT('',(24.078174607846,-40.33012699873,-7.));
#3630 = VECTOR('',#3631,1.);
#3631 = DIRECTION('',(-0.951302738374,1.584237305297E-16,0.308258170959)
  );
#3632 = ORIENTED_EDGE('',*,*,#3633,.F.);
#3633 = EDGE_CURVE('',#3063,#3624,#3634,.T.);
#3634 = LINE('',#3635,#3636);
#3635 = CARTESIAN_POINT('',(24.078174607846,-41.9999999798,-7.));
#3636 = VECTOR('',#3637,1.);
#3637 = DIRECTION('',(1.665334536938E-16,1.,2.465190328816E-31));
#3638 = ORIENTED_EDGE('',*,*,#3060,.F.);
#3639 = ORIENTED_EDGE('',*,*,#3640,.F.);
#3640 = EDGE_CURVE('',#3626,#3061,#3641,.T.);
#3641 = LINE('',#3642,#3643);
#3642 = CARTESIAN_POINT('',(23.354193087816,-41.9999999798,
    -6.765402526273));
#3643 = VECTOR('',#3644,1.);
#3644 = DIRECTION('',(-1.665334536938E-16,-1.,-2.465190328816E-31));
#3645 = PLANE('',#3646);
#3646 = AXIS2_PLACEMENT_3D('',#3647,#3648,#3649);
#3647 = CARTESIAN_POINT('',(23.716183847831,-41.9999999798,
    -6.882701263136));
#3648 = DIRECTION('',(0.308258170959,-5.133529783909E-17,0.951302738374)
  );
#3649 = DIRECTION('',(1.665334536938E-16,1.,3.20474742746E-31));
#3650 = ADVANCED_FACE('',(#3651),#3763,.F.);
#3651 = FACE_BOUND('',#3652,.F.);
#3652 = EDGE_LOOP('',(#3653,#3740,#3741,#3754));
#3653 = ORIENTED_EDGE('',*,*,#3654,.T.);
#3654 = EDGE_CURVE('',#3655,#3626,#3657,.T.);
#3655 = VERTEX_POINT('',#3656);
#3656 = CARTESIAN_POINT('',(19.713344385514,-35.9999999798,
    -6.617755149207));
#3657 = B_SPLINE_CURVE_WITH_KNOTS('',3,(#3658,#3659,#3660,#3661,#3662,
    #3663,#3664,#3665,#3666,#3667,#3668,#3669,#3670,#3671,#3672,#3673,
    #3674,#3675,#3676,#3677,#3678,#3679,#3680,#3681,#3682,#3683,#3684,
    #3685,#3686,#3687,#3688,#3689,#3690,#3691,#3692,#3693,#3694,#3695,
    #3696,#3697,#3698,#3699,#3700,#3701,#3702,#3703,#3704,#3705,#3706,
    #3707,#3708,#3709,#3710,#3711,#3712,#3713,#3714,#3715,#3716,#3717,
    #3718,#3719,#3720,#3721,#3722,#3723,#3724,#3725,#3726,#3727,#3728,
    #3729,#3730,#3731,#3732,#3733,#3734,#3735,#3736,#3737,#3738,#3739),
  .UNSPECIFIED.,.F.,.F.,(4,3,3,3,3,3,3,3,3,3,3,3,3,3,3,3,3,3,3,3,3,3,3,3
    ,3,3,3,4),(-2.233573980609,-2.208380667655,-2.183093934783,
    -2.157628208581,-2.131722186749,-2.105494015304,-2.078645884184,
    -2.065684610137,-2.044698438828,-2.024033598486,-2.002886761694,
    -1.981739924901,-1.960484564201,-1.939226079271,-1.917819017225,
    -1.897795239665,-1.871187170262,-1.84430977529,-1.817228813403,
    -1.790005211633,-1.762799982141,-1.735780212451,-1.729905869193,
    -1.712041979379,-1.694324060425,-1.676604280504,-1.65872348124,
    -1.645961183957),.UNSPECIFIED.);
#3658 = CARTESIAN_POINT('',(19.713344381795,-35.9999999798,
    -6.617755152008));
#3659 = CARTESIAN_POINT('',(19.794119752589,-36.03683846443,
    -6.618945580933));
#3660 = CARTESIAN_POINT('',(19.874986073806,-36.07537842183,
    -6.620226089471));
#3661 = CARTESIAN_POINT('',(19.955571138146,-36.11551149035,
    -6.62156735789));
#3662 = CARTESIAN_POINT('',(20.036455021866,-36.15579337725,
    -6.622913599898));
#3663 = CARTESIAN_POINT('',(20.117055277383,-36.19768013565,
    -6.624321294796));
#3664 = CARTESIAN_POINT('',(20.197021944882,-36.24102148092,
    -6.625781386101));
#3665 = CARTESIAN_POINT('',(20.277554660201,-36.28466961993,
    -6.627251812731));
#3666 = CARTESIAN_POINT('',(20.35744453577,-36.32979288273,
    -6.628775679096));
#3667 = CARTESIAN_POINT('',(20.436364916517,-36.37619807115,
    -6.63036050139));
#3668 = CARTESIAN_POINT('',(20.516649809648,-36.42340559292,
    -6.63197272484));
#3669 = CARTESIAN_POINT('',(20.595931141525,-36.47193960767,
    -6.633648375839));
#3670 = CARTESIAN_POINT('',(20.673900703126,-36.52155775876,
    -6.635407774344));
#3671 = CARTESIAN_POINT('',(20.752839840999,-36.57179292734,
    -6.637189051528));
#3672 = CARTESIAN_POINT('',(20.830434235022,-36.6231391065,
    -6.639056581594));
#3673 = CARTESIAN_POINT('',(20.906403324299,-36.67530828959,
    -6.641038265678));
#3674 = CARTESIAN_POINT('',(20.984168107647,-36.72871060438,
    -6.643066791161));
#3675 = CARTESIAN_POINT('',(21.060229716908,-36.78297500623,
    -6.64521538444));
#3676 = CARTESIAN_POINT('',(21.134330369904,-36.83775861979,
    -6.647514434629));
#3677 = CARTESIAN_POINT('',(21.170103395081,-36.86420610045,
    -6.648624330116));
#3678 = CARTESIAN_POINT('',(21.205420047292,-36.89077411628,
    -6.649769254061));
#3679 = CARTESIAN_POINT('',(21.24025487295,-36.91742168763,
    -6.650952185968));
#3680 = CARTESIAN_POINT('',(21.296657477827,-36.96056794742,
    -6.65286752327));
#3681 = CARTESIAN_POINT('',(21.351743781974,-37.00392463455,
    -6.654812053371));
#3682 = CARTESIAN_POINT('',(21.40588525054,-37.04775155463,
    -6.656771556828));
#3683 = CARTESIAN_POINT('',(21.459197728903,-37.09090741631,
    -6.658701057235));
#3684 = CARTESIAN_POINT('',(21.511593998142,-37.13451962043,
    -6.660644757601));
#3685 = CARTESIAN_POINT('',(21.563391146897,-37.1788743518,
    -6.662594673901));
#3686 = CARTESIAN_POINT('',(21.616396436699,-37.22426363377,
    -6.664590070966));
#3687 = CARTESIAN_POINT('',(21.668774565699,-37.27043058147,
    -6.666591554509));
#3688 = CARTESIAN_POINT('',(21.720824235388,-37.31771871433,
    -6.668602104019));
#3689 = CARTESIAN_POINT('',(21.772873905076,-37.36500684719,
    -6.67061265353));
#3690 = CARTESIAN_POINT('',(21.824595267829,-37.41341635409,
    -6.672631816849));
#3691 = CARTESIAN_POINT('',(21.876243718891,-37.46332481944,
    -6.674680501617));
#3692 = CARTESIAN_POINT('',(21.928157225752,-37.51348941113,
    -6.676739700075));
#3693 = CARTESIAN_POINT('',(21.980024964401,-37.56516221395,
    -6.678876528461));
#3694 = CARTESIAN_POINT('',(22.031417832693,-37.61806261601,
    -6.68109450166));
#3695 = CARTESIAN_POINT('',(22.082818254993,-37.67097079366,
    -6.683312800869));
#3696 = CARTESIAN_POINT('',(22.133743516701,-37.72510678086,
    -6.685612723958));
#3697 = CARTESIAN_POINT('',(22.183803618406,-37.78015543273,
    -6.687997392772));
#3698 = CARTESIAN_POINT('',(22.234213593848,-37.83558882368,
    -6.690398728212));
#3699 = CARTESIAN_POINT('',(22.283746189215,-37.89194746345,
    -6.692886492952));
#3700 = CARTESIAN_POINT('',(22.332044861231,-37.94887739695,
    -6.695456272731));
#3701 = CARTESIAN_POINT('',(22.377222562997,-38.00212862416,
    -6.697859998125));
#3702 = CARTESIAN_POINT('',(22.421321096483,-38.05587918026,
    -6.700335721443));
#3703 = CARTESIAN_POINT('',(22.464081563671,-38.10981728056,
    -6.702868162816));
#3704 = CARTESIAN_POINT('',(22.520902684224,-38.18149150445,
    -6.706233330833));
#3705 = CARTESIAN_POINT('',(22.575322383973,-38.2534945254,
    -6.709650673768));
#3706 = CARTESIAN_POINT('',(22.627320278484,-38.32596709316,
    -6.713010680906));
#3707 = CARTESIAN_POINT('',(22.679844493126,-38.39917322468,
    -6.71640469787));
#3708 = CARTESIAN_POINT('',(22.729897627733,-38.47285882103,
    -6.71974007714));
#3709 = CARTESIAN_POINT('',(22.777422699377,-38.54719298775,
    -6.722935289508));
#3710 = CARTESIAN_POINT('',(22.825307721538,-38.6220901546,
    -6.72615470212));
#3711 = CARTESIAN_POINT('',(22.870626245476,-38.69764613316,
    -6.729231704982));
#3712 = CARTESIAN_POINT('',(22.913283656423,-38.77405254137,
    -6.732116417269));
#3713 = CARTESIAN_POINT('',(22.956165750972,-38.85086139472,
    -6.735016323811));
#3714 = CARTESIAN_POINT('',(22.996358656901,-38.92853006259,
    -6.737721829266));
#3715 = CARTESIAN_POINT('',(23.033729457127,-39.0072660701,
    -6.740217435725));
#3716 = CARTESIAN_POINT('',(23.071075037078,-39.08594894138,
    -6.742711357985));
#3717 = CARTESIAN_POINT('',(23.105602374055,-39.16569814734,
    -6.744995651348));
#3718 = CARTESIAN_POINT('',(23.137141591785,-39.24672731206,
    -6.747090539761));
#3719 = CARTESIAN_POINT('',(23.168465804636,-39.32720409574,
    -6.749171147184));
#3720 = CARTESIAN_POINT('',(23.196842589211,-39.40894390876,
    -6.751064990628));
#3721 = CARTESIAN_POINT('',(23.222067775584,-39.49215578494,
    -6.752826651675));
#3722 = CARTESIAN_POINT('',(23.227551960135,-39.51024680235,
    -6.753209652782));
#3723 = CARTESIAN_POINT('',(23.23288703305,-39.52840738317,
    -6.753586534854));
#3724 = CARTESIAN_POINT('',(23.238070649467,-39.54663963967,
    -6.753958072198));
#3725 = CARTESIAN_POINT('',(23.253834037551,-39.60208396883,
    -6.755087918018));
#3726 = CARTESIAN_POINT('',(23.268198150686,-39.65818169621,
    -6.756176920739));
#3727 = CARTESIAN_POINT('',(23.281012169958,-39.71453792582,
    -6.757239668835));
#3728 = CARTESIAN_POINT('',(23.29372148228,-39.77043365285,
    -6.758293732917));
#3729 = CARTESIAN_POINT('',(23.304906005257,-39.8265833931,
    -6.759322122518));
#3730 = CARTESIAN_POINT('',(23.314447799131,-39.88259475153,
    -6.760297377009));
#3731 = CARTESIAN_POINT('',(23.323990595208,-39.93861199301,
    -6.761272733933));
#3732 = CARTESIAN_POINT('',(23.331890391901,-39.99449054435,
    -6.762195037003));
#3733 = CARTESIAN_POINT('',(23.33805747567,-40.04983495778,
    -6.762993019129));
#3734 = CARTESIAN_POINT('',(23.344280599626,-40.10568228496,
    -6.763798252506));
#3735 = CARTESIAN_POINT('',(23.348739443993,-40.16098544813,
    -6.764476931855));
#3736 = CARTESIAN_POINT('',(23.351369591642,-40.21533934196,
    -6.764910145552));
#3737 = CARTESIAN_POINT('',(23.353246841405,-40.2541340592,
    -6.765219348844));
#3738 = CARTESIAN_POINT('',(23.354193087816,-40.29244521348,
    -6.765402526273));
#3739 = CARTESIAN_POINT('',(23.354193087816,-40.33012699873,
    -6.765402526273));
#3740 = ORIENTED_EDGE('',*,*,#3623,.F.);
#3741 = ORIENTED_EDGE('',*,*,#3742,.F.);
#3742 = EDGE_CURVE('',#3743,#3624,#3745,.T.);
#3743 = VERTEX_POINT('',#3744);
#3744 = CARTESIAN_POINT('',(20.014718613848,-35.56428613885,-7.));
#3745 = B_SPLINE_CURVE_WITH_KNOTS('',3,(#3746,#3747,#3748,#3749,#3750,
    #3751,#3752,#3753),.UNSPECIFIED.,.F.,.F.,(4,1,1,1,1,4),(
    -2.223298451831,-2.065684610137,-1.981739924901,-1.897795239665,
    -1.729905869193,-1.645961183957),.UNSPECIFIED.);
#3746 = CARTESIAN_POINT('',(20.014718613737,-35.56428613911,-7.));
#3747 = CARTESIAN_POINT('',(20.562706961203,-35.7960587677,-7.));
#3748 = CARTESIAN_POINT('',(21.398765362016,-36.26718915288,-7.));
#3749 = CARTESIAN_POINT('',(22.294366586405,-36.96151859766,-7.));
#3750 = CARTESIAN_POINT('',(23.22650365843,-37.90268700049,-7.));
#3751 = CARTESIAN_POINT('',(23.893622503404,-38.95440675534,-7.));
#3752 = CARTESIAN_POINT('',(24.078174607846,-40.01085026337,-7.));
#3753 = CARTESIAN_POINT('',(24.078174607846,-40.33012699873,-7.));
#3754 = ORIENTED_EDGE('',*,*,#3755,.F.);
#3755 = EDGE_CURVE('',#3655,#3743,#3756,.T.);
#3756 = B_SPLINE_CURVE_WITH_KNOTS('',3,(#3757,#3758,#3759,#3760,#3761,
    #3762),.UNSPECIFIED.,.F.,.F.,(4,2,4),(7.161772572401E-04,
    3.290658100245E-02,6.604641922573E-02),.UNSPECIFIED.);
#3757 = CARTESIAN_POINT('',(19.713344393403,-35.99999998545,
    -6.617755151942));
#3758 = CARTESIAN_POINT('',(19.761099257389,-35.92780010971,
    -6.681161176153));
#3759 = CARTESIAN_POINT('',(19.809712641283,-35.85590045956,
    -6.744278777511));
#3760 = CARTESIAN_POINT('',(19.910111021686,-35.71063934221,
    -6.871723253937));
#3761 = CARTESIAN_POINT('',(19.961957126927,-35.63728305595,
    -6.936043405238));
#3762 = CARTESIAN_POINT('',(20.014718625761,-35.56428614419,-7.));
#3763 = B_SPLINE_SURFACE_WITH_KNOTS('',3,3,(
    (#3764,#3765,#3766,#3767,#3768,#3769,#3770,#3771)
    ,(#3772,#3773,#3774,#3775,#3776,#3777,#3778,#3779)
    ,(#3780,#3781,#3782,#3783,#3784,#3785,#3786,#3787)
    ,(#3788,#3789,#3790,#3791,#3792,#3793,#3794,#3795)
    ,(#3796,#3797,#3798,#3799,#3800,#3801,#3802,#3803)
    ,(#3804,#3805,#3806,#3807,#3808,#3809,#3810,#3811)
    ,(#3812,#3813,#3814,#3815,#3816,#3817,#3818,#3819
  )),.UNSPECIFIED.,.F.,.F.,.F.,(4,3,4),(4,1,1,1,1,4),(
    -1.103184771188E-02,-1.021631397902E-03,1.),(1.644939552559,
    1.729905869193,1.897795239665,1.981739924901,2.065684610137,
    2.234595612007),.UNSPECIFIED.);
#3764 = CARTESIAN_POINT('',(23.346186881776,-40.33913559507,
    -6.76281268039));
#3765 = CARTESIAN_POINT('',(23.347260546333,-40.08973013699,
    -6.762912706179));
#3766 = CARTESIAN_POINT('',(23.21733386796,-39.26416028496,
    -6.750795449948));
#3767 = CARTESIAN_POINT('',(22.684624740566,-38.33366566027,
    -6.70960373141));
#3768 = CARTESIAN_POINT('',(21.872580438947,-37.44517081789,
    -6.67024273038));
#3769 = CARTESIAN_POINT('',(21.04821750658,-36.74370364156,
    -6.639728518384));
#3770 = CARTESIAN_POINT('',(20.242483615577,-36.2468774793,
    -6.621410777411));
#3771 = CARTESIAN_POINT('',(19.701384231906,-36.0008218897,
    -6.613392327653));
#3772 = CARTESIAN_POINT('',(23.34860259248,-40.33914428734,
    -6.763595476825));
#3773 = CARTESIAN_POINT('',(23.349677728621,-40.08949811064,
    -6.763695172495));
#3774 = CARTESIAN_POINT('',(23.219572542526,-39.26314855692,
    -6.751617907208));
#3775 = CARTESIAN_POINT('',(22.686413119833,-38.33224328845,
    -6.710562134937));
#3776 = CARTESIAN_POINT('',(21.873972472437,-37.44357460594,
    -6.6713310382));
#3777 = CARTESIAN_POINT('',(21.049271844677,-36.74205145539,
    -6.640917533175));
#3778 = CARTESIAN_POINT('',(20.243281131021,-36.24524451021,
    -6.622660246792));
#3779 = CARTESIAN_POINT('',(19.702029410477,-35.99922061294,
    -6.614668260565));
#3780 = CARTESIAN_POINT('',(23.351018303184,-40.33915297961,
    -6.764378273259));
#3781 = CARTESIAN_POINT('',(23.352094910909,-40.08926608429,
    -6.764477638811));
#3782 = CARTESIAN_POINT('',(23.221811217091,-39.26213682888,
    -6.752440364469));
#3783 = CARTESIAN_POINT('',(22.6882014991,-38.33082091664,
    -6.711520538463));
#3784 = CARTESIAN_POINT('',(21.875364505927,-37.44197839399,
    -6.672419346021));
#3785 = CARTESIAN_POINT('',(21.050326182773,-36.74039926921,
    -6.642106547966));
#3786 = CARTESIAN_POINT('',(20.244078646466,-36.24361154112,
    -6.623909716174));
#3787 = CARTESIAN_POINT('',(19.702674589048,-35.99761933619,
    -6.615944193477));
#3788 = CARTESIAN_POINT('',(23.353434013888,-40.33916167189,
    -6.765161069693));
#3789 = CARTESIAN_POINT('',(23.354512093197,-40.08903405794,
    -6.765260105127));
#3790 = CARTESIAN_POINT('',(23.224049891657,-39.26112510085,
    -6.75326282173));
#3791 = CARTESIAN_POINT('',(22.689989878367,-38.32939854482,
    -6.71247894199));
#3792 = CARTESIAN_POINT('',(21.876756539417,-37.44038218204,
    -6.673507653841));
#3793 = CARTESIAN_POINT('',(21.05138052087,-36.73874708304,
    -6.643295562757));
#3794 = CARTESIAN_POINT('',(20.24487616191,-36.24197857203,
    -6.625159185555));
#3795 = CARTESIAN_POINT('',(19.70331976762,-35.99601805944,
    -6.617220126389));
#3796 = CARTESIAN_POINT('',(23.595005084285,-40.34003089916,
    -6.843440713129));
#3797 = CARTESIAN_POINT('',(23.596230321997,-40.06583142289,
    -6.843506736752));
#3798 = CARTESIAN_POINT('',(23.447917348212,-39.15995229712,
    -6.83550854782));
#3799 = CARTESIAN_POINT('',(22.868827805055,-38.18716136338,
    -6.80831929466));
#3800 = CARTESIAN_POINT('',(22.015959888413,-37.28076098725,
    -6.782338435894));
#3801 = CARTESIAN_POINT('',(21.15681433055,-36.57352846572,
    -6.762197041838));
#3802 = CARTESIAN_POINT('',(20.324627706347,-36.07868166298,
    -6.750106123704));
#3803 = CARTESIAN_POINT('',(19.76783762475,-35.83589038424,
    -6.744813417593));
#3804 = CARTESIAN_POINT('',(23.836576154682,-40.34090012644,
    -6.921720356564));
#3805 = CARTESIAN_POINT('',(23.837948550797,-40.04262878783,
    -6.921753368376));
#3806 = CARTESIAN_POINT('',(23.671784804767,-39.0587794934,
    -6.91775427391));
#3807 = CARTESIAN_POINT('',(23.047665731742,-38.04492418194,
    -6.90415964733));
#3808 = CARTESIAN_POINT('',(22.155163237409,-37.12113979246,
    -6.891169217947));
#3809 = CARTESIAN_POINT('',(21.262248140229,-36.4083098484,
    -6.881098520919));
#3810 = CARTESIAN_POINT('',(20.404379250784,-35.91538475392,
    -6.875053061852));
#3811 = CARTESIAN_POINT('',(19.832355481881,-35.67576270904,
    -6.872406708796));
#3812 = CARTESIAN_POINT('',(24.078147225078,-40.34176935371,-7.));
#3813 = CARTESIAN_POINT('',(24.079666779597,-40.01942615277,-7.));
#3814 = CARTESIAN_POINT('',(23.895652261322,-38.95760668968,-7.));
#3815 = CARTESIAN_POINT('',(23.22650365843,-37.90268700049,-7.));
#3816 = CARTESIAN_POINT('',(22.294366586405,-36.96151859766,-7.));
#3817 = CARTESIAN_POINT('',(21.367681949908,-36.24309123108,-7.));
#3818 = CARTESIAN_POINT('',(20.484130795221,-35.75208784487,-7.));
#3819 = CARTESIAN_POINT('',(19.896873339011,-35.51563503384,-7.));
#3820 = ADVANCED_FACE('',(#3821),#3855,.F.);
#3821 = FACE_BOUND('',#3822,.T.);
#3822 = EDGE_LOOP('',(#3823,#3831,#3832,#3841,#3849));
#3823 = ORIENTED_EDGE('',*,*,#3824,.F.);
#3824 = EDGE_CURVE('',#2832,#3825,#3827,.T.);
#3825 = VERTEX_POINT('',#3826);
#3826 = CARTESIAN_POINT('',(34.802828310085,-26.55,7.));
#3827 = LINE('',#3828,#3829);
#3828 = CARTESIAN_POINT('',(32.742640687119,-26.55,7.));
#3829 = VECTOR('',#3830,1.);
#3830 = DIRECTION('',(-1.,2.22044604925E-16,0.));
#3831 = ORIENTED_EDGE('',*,*,#2831,.T.);
#3832 = ORIENTED_EDGE('',*,*,#3833,.F.);
#3833 = EDGE_CURVE('',#3834,#2822,#3836,.T.);
#3834 = VERTEX_POINT('',#3835);
#3835 = CARTESIAN_POINT('',(37.719544457293,-25.55,6.));
#3836 = ELLIPSE('',#3837,15.556349186104,11.);
#3837 = AXIS2_PLACEMENT_3D('',#3838,#3839,#3840);
#3838 = CARTESIAN_POINT('',(28.5,-19.55,0.));
#3839 = DIRECTION('',(-1.570092458684E-16,-0.707106781187,
    -0.707106781187));
#3840 = DIRECTION('',(-1.570092458684E-16,-0.707106781187,0.707106781187
    ));
#3841 = ORIENTED_EDGE('',*,*,#3842,.F.);
#3842 = EDGE_CURVE('',#3843,#3834,#3845,.T.);
#3843 = VERTEX_POINT('',#3844);
#3844 = CARTESIAN_POINT('',(33.902424265787,-25.55,6.));
#3845 = LINE('',#3846,#3847);
#3846 = CARTESIAN_POINT('',(32.742640687119,-25.55,6.));
#3847 = VECTOR('',#3848,1.);
#3848 = DIRECTION('',(1.,-2.22044604925E-16,0.));
#3849 = ORIENTED_EDGE('',*,*,#3850,.F.);
#3850 = EDGE_CURVE('',#3825,#3843,#3851,.T.);
#3851 = LINE('',#3852,#3853);
#3852 = CARTESIAN_POINT('',(34.185362048655,-25.86423424257,
    6.314234242572));
#3853 = VECTOR('',#3854,1.);
#3854 = DIRECTION('',(-0.537066507812,0.596472784872,-0.596472784872));
#3855 = PLANE('',#3856);
#3856 = AXIS2_PLACEMENT_3D('',#3857,#3858,#3859);
#3857 = CARTESIAN_POINT('',(32.742640687119,-26.05,6.5));
#3858 = DIRECTION('',(-1.570092458684E-16,-0.707106781187,
    -0.707106781187));
#3859 = DIRECTION('',(-1.570092458684E-16,-0.707106781187,0.707106781187
    ));
#3860 = ADVANCED_FACE('',(#3861),#3906,.T.);
#3861 = FACE_BOUND('',#3862,.T.);
#3862 = EDGE_LOOP('',(#3863,#3864,#3872,#3880,#3888,#3896,#3902,#3903,
    #3904,#3905));
#3863 = ORIENTED_EDGE('',*,*,#3742,.F.);
#3864 = ORIENTED_EDGE('',*,*,#3865,.T.);
#3865 = EDGE_CURVE('',#3743,#3866,#3868,.T.);
#3866 = VERTEX_POINT('',#3867);
#3867 = CARTESIAN_POINT('',(20.014718625761,-32.,-7.));
#3868 = LINE('',#3869,#3870);
#3869 = CARTESIAN_POINT('',(20.014718625761,-28.5,-7.));
#3870 = VECTOR('',#3871,1.);
#3871 = DIRECTION('',(2.22044604925E-16,1.,0.));
#3872 = ORIENTED_EDGE('',*,*,#3873,.T.);
#3873 = EDGE_CURVE('',#3866,#3874,#3876,.T.);
#3874 = VERTEX_POINT('',#3875);
#3875 = CARTESIAN_POINT('',(34.518030507141,-32.,-7.));
#3876 = LINE('',#3877,#3878);
#3877 = CARTESIAN_POINT('',(23.657359312881,-32.,-7.));
#3878 = VECTOR('',#3879,1.);
#3879 = DIRECTION('',(1.,-2.22044604925E-16,-1.308410382236E-16));
#3880 = ORIENTED_EDGE('',*,*,#3881,.T.);
#3881 = EDGE_CURVE('',#3874,#3882,#3884,.T.);
#3882 = VERTEX_POINT('',#3883);
#3883 = CARTESIAN_POINT('',(34.518030507141,-25.55,-7.));
#3884 = LINE('',#3885,#3886);
#3885 = CARTESIAN_POINT('',(34.518030507141,-27.7625,-7.));
#3886 = VECTOR('',#3887,1.);
#3887 = DIRECTION('',(2.22044604925E-16,1.,0.));
#3888 = ORIENTED_EDGE('',*,*,#3889,.T.);
#3889 = EDGE_CURVE('',#3882,#3890,#3892,.T.);
#3890 = VERTEX_POINT('',#3891);
#3891 = CARTESIAN_POINT('',(36.985281374239,-25.55,-7.));
#3892 = LINE('',#3893,#3894);
#3893 = CARTESIAN_POINT('',(24.257359312881,-25.55,-7.));
#3894 = VECTOR('',#3895,1.);
#3895 = DIRECTION('',(1.,-2.22044604925E-16,-1.308410382236E-16));
#3896 = ORIENTED_EDGE('',*,*,#3897,.T.);
#3897 = EDGE_CURVE('',#3890,#2906,#3898,.T.);
#3898 = LINE('',#3899,#3900);
#3899 = CARTESIAN_POINT('',(36.985281374239,-28.5,-7.));
#3900 = VECTOR('',#3901,1.);
#3901 = DIRECTION('',(-2.22044604925E-16,-1.,0.));
#3902 = ORIENTED_EDGE('',*,*,#2903,.F.);
#3903 = ORIENTED_EDGE('',*,*,#3046,.T.);
#3904 = ORIENTED_EDGE('',*,*,#3607,.T.);
#3905 = ORIENTED_EDGE('',*,*,#3633,.T.);
#3906 = PLANE('',#3907);
#3907 = AXIS2_PLACEMENT_3D('',#3908,#3909,#3910);
#3908 = CARTESIAN_POINT('',(20.014718625761,-28.5,-7.));
#3909 = DIRECTION('',(-1.308410382236E-16,2.905254664035E-32,-1.));
#3910 = DIRECTION('',(1.,-2.22044604925E-16,-1.308410382236E-16));
#3911 = ADVANCED_FACE('',(#3912),#3931,.F.);
#3912 = FACE_BOUND('',#3913,.F.);
#3913 = EDGE_LOOP('',(#3914,#3915,#3922,#3923,#3930));
#3914 = ORIENTED_EDGE('',*,*,#3221,.F.);
#3915 = ORIENTED_EDGE('',*,*,#3916,.T.);
#3916 = EDGE_CURVE('',#3214,#3626,#3917,.T.);
#3917 = CIRCLE('',#3918,8.5);
#3918 = AXIS2_PLACEMENT_3D('',#3919,#3920,#3921);
#3919 = CARTESIAN_POINT('',(28.499999988342,-40.33012699873,
    3.539270623822E-29));
#3920 = DIRECTION('',(-1.665334536938E-16,-1.,-2.465190328816E-31));
#3921 = DIRECTION('',(1.,-1.665334536938E-16,1.577151164533E-30));
#3922 = ORIENTED_EDGE('',*,*,#3654,.F.);
#3923 = ORIENTED_EDGE('',*,*,#3924,.F.);
#3924 = EDGE_CURVE('',#3169,#3655,#3925,.T.);
#3925 = CIRCLE('',#3926,11.);
#3926 = AXIS2_PLACEMENT_3D('',#3927,#3928,#3929);
#3927 = CARTESIAN_POINT('',(28.499999988342,-35.9999999798,
    3.646016496318E-29));
#3928 = DIRECTION('',(-1.665334536938E-16,-1.,-2.465190328816E-31));
#3929 = DIRECTION('',(-1.,1.665334536938E-16,-1.577721810442E-30));
#3930 = ORIENTED_EDGE('',*,*,#3176,.F.);
#3931 = TOROIDAL_SURFACE('',#3932,13.5,5.);
#3932 = AXIS2_PLACEMENT_3D('',#3933,#3934,#3935);
#3933 = CARTESIAN_POINT('',(28.499999988342,-40.33012699873,
    3.539270623822E-29));
#3934 = DIRECTION('',(1.665334536938E-16,1.,2.465190328816E-31));
#3935 = DIRECTION('',(-1.,1.665334536938E-16,1.010643099615E-15));
#3936 = ADVANCED_FACE('',(#3937),#3951,.T.);
#3937 = FACE_BOUND('',#3938,.T.);
#3938 = EDGE_LOOP('',(#3939,#3940,#3941,#3942,#3943,#3950));
#3939 = ORIENTED_EDGE('',*,*,#3755,.F.);
#3940 = ORIENTED_EDGE('',*,*,#3924,.F.);
#3941 = ORIENTED_EDGE('',*,*,#3168,.T.);
#3942 = ORIENTED_EDGE('',*,*,#1763,.F.);
#3943 = ORIENTED_EDGE('',*,*,#3944,.T.);
#3944 = EDGE_CURVE('',#1756,#3866,#3945,.T.);
#3945 = ELLIPSE('',#3946,15.556349186104,11.);
#3946 = AXIS2_PLACEMENT_3D('',#3947,#3948,#3949);
#3947 = CARTESIAN_POINT('',(28.5,-25.,0.));
#3948 = DIRECTION('',(-6.449066048295E-17,-0.707106781187,0.707106781187
    ));
#3949 = DIRECTION('',(1.570092458684E-16,0.707106781187,0.707106781187)
  );
#3950 = ORIENTED_EDGE('',*,*,#3865,.F.);
#3951 = CYLINDRICAL_SURFACE('',#3952,11.);
#3952 = AXIS2_PLACEMENT_3D('',#3953,#3954,#3955);
#3953 = CARTESIAN_POINT('',(28.5,-28.5,0.));
#3954 = DIRECTION('',(2.22044604925E-16,1.,0.));
#3955 = DIRECTION('',(-1.,2.22044604925E-16,0.));
#3956 = ADVANCED_FACE('',(#3957),#3969,.T.);
#3957 = FACE_BOUND('',#3958,.T.);
#3958 = EDGE_LOOP('',(#3959,#3960,#3967,#3968));
#3959 = ORIENTED_EDGE('',*,*,#3039,.T.);
#3960 = ORIENTED_EDGE('',*,*,#3961,.T.);
#3961 = EDGE_CURVE('',#2920,#3446,#3962,.T.);
#3962 = CIRCLE('',#3963,8.5);
#3963 = AXIS2_PLACEMENT_3D('',#3964,#3965,#3966);
#3964 = CARTESIAN_POINT('',(28.499999988342,-40.33012699873,
    3.539270623822E-29));
#3965 = DIRECTION('',(-1.665334536938E-16,-1.,-2.465190328816E-31));
#3966 = DIRECTION('',(1.,-1.665334536938E-16,1.577151164533E-30));
#3967 = ORIENTED_EDGE('',*,*,#3460,.T.);
#3968 = ORIENTED_EDGE('',*,*,#3121,.T.);
#3969 = CYLINDRICAL_SURFACE('',#3970,8.5);
#3970 = AXIS2_PLACEMENT_3D('',#3971,#3972,#3973);
#3971 = CARTESIAN_POINT('',(28.499999988342,-41.9999999798,
    1.040834085586E-16));
#3972 = DIRECTION('',(-1.665334536938E-16,-1.,-2.465190328816E-31));
#3973 = DIRECTION('',(1.,-1.665334536938E-16,-1.010643099615E-15));
#3974 = ADVANCED_FACE('',(#3975),#3988,.F.);
#3975 = FACE_BOUND('',#3976,.F.);
#3976 = EDGE_LOOP('',(#3977,#3984,#3985,#3986,#3987));
#3977 = ORIENTED_EDGE('',*,*,#3978,.F.);
#3978 = EDGE_CURVE('',#2928,#2824,#3979,.T.);
#3979 = CIRCLE('',#3980,11.);
#3980 = AXIS2_PLACEMENT_3D('',#3981,#3982,#3983);
#3981 = CARTESIAN_POINT('',(28.499999988342,-35.9999999798,
    3.646016496318E-29));
#3982 = DIRECTION('',(-1.665334536938E-16,-1.,-2.465190328816E-31));
#3983 = DIRECTION('',(-1.,1.665334536938E-16,-1.577721810442E-30));
#3984 = ORIENTED_EDGE('',*,*,#2927,.F.);
#3985 = ORIENTED_EDGE('',*,*,#3961,.T.);
#3986 = ORIENTED_EDGE('',*,*,#3490,.F.);
#3987 = ORIENTED_EDGE('',*,*,#2858,.F.);
#3988 = TOROIDAL_SURFACE('',#3989,13.5,5.);
#3989 = AXIS2_PLACEMENT_3D('',#3990,#3991,#3992);
#3990 = CARTESIAN_POINT('',(28.499999988342,-40.33012699873,
    3.539270623822E-29));
#3991 = DIRECTION('',(1.665334536938E-16,1.,2.465190328816E-31));
#3992 = DIRECTION('',(1.,-1.665334536938E-16,1.577151164533E-30));
#3993 = ADVANCED_FACE('',(#3994),#4008,.T.);
#3994 = FACE_BOUND('',#3995,.T.);
#3995 = EDGE_LOOP('',(#3996,#3997,#3998,#4005,#4006,#4007));
#3996 = ORIENTED_EDGE('',*,*,#2941,.F.);
#3997 = ORIENTED_EDGE('',*,*,#3897,.F.);
#3998 = ORIENTED_EDGE('',*,*,#3999,.T.);
#3999 = EDGE_CURVE('',#3890,#3834,#4000,.T.);
#4000 = CIRCLE('',#4001,11.);
#4001 = AXIS2_PLACEMENT_3D('',#4002,#4003,#4004);
#4002 = CARTESIAN_POINT('',(28.5,-25.55,0.));
#4003 = DIRECTION('',(-2.22044604925E-16,-1.,0.));
#4004 = DIRECTION('',(-1.,2.22044604925E-16,0.));
#4005 = ORIENTED_EDGE('',*,*,#3833,.T.);
#4006 = ORIENTED_EDGE('',*,*,#2821,.T.);
#4007 = ORIENTED_EDGE('',*,*,#3978,.F.);
#4008 = CYLINDRICAL_SURFACE('',#4009,11.);
#4009 = AXIS2_PLACEMENT_3D('',#4010,#4011,#4012);
#4010 = CARTESIAN_POINT('',(28.5,-28.5,0.));
#4011 = DIRECTION('',(2.22044604925E-16,1.,0.));
#4012 = DIRECTION('',(0.999628029993,-2.219620109917E-16,
    -2.727272727273E-02));
#4013 = ADVANCED_FACE('',(#4014),#4050,.T.);
#4014 = FACE_BOUND('',#4015,.T.);
#4015 = EDGE_LOOP('',(#4016,#4017,#4018,#4019,#4027,#4035,#4044));
#4016 = ORIENTED_EDGE('',*,*,#3842,.T.);
#4017 = ORIENTED_EDGE('',*,*,#3999,.F.);
#4018 = ORIENTED_EDGE('',*,*,#3889,.F.);
#4019 = ORIENTED_EDGE('',*,*,#4020,.T.);
#4020 = EDGE_CURVE('',#3882,#4021,#4023,.T.);
#4021 = VERTEX_POINT('',#4022);
#4022 = CARTESIAN_POINT('',(34.018030507141,-25.55,-6.5));
#4023 = LINE('',#4024,#4025);
#4024 = CARTESIAN_POINT('',(31.138522880356,-25.55,-3.620492373215));
#4025 = VECTOR('',#4026,1.);
#4026 = DIRECTION('',(-0.707106781187,1.570092458684E-16,0.707106781187)
  );
#4027 = ORIENTED_EDGE('',*,*,#4028,.F.);
#4028 = EDGE_CURVE('',#4029,#4021,#4031,.T.);
#4029 = VERTEX_POINT('',#4030);
#4030 = CARTESIAN_POINT('',(34.018030507141,-25.55,-2.977287242148));
#4031 = LINE('',#4032,#4033);
#4032 = CARTESIAN_POINT('',(34.018030507141,-25.55,-3.298156277462));
#4033 = VECTOR('',#4034,1.);
#4034 = DIRECTION('',(-4.879553992278E-16,1.083478638426E-31,-1.));
#4035 = ORIENTED_EDGE('',*,*,#4036,.T.);
#4036 = EDGE_CURVE('',#4029,#4037,#4039,.T.);
#4037 = VERTEX_POINT('',#4038);
#4038 = CARTESIAN_POINT('',(32.69544890187,-25.55,4.659518055743));
#4039 = CIRCLE('',#4040,6.27);
#4040 = AXIS2_PLACEMENT_3D('',#4041,#4042,#4043);
#4041 = CARTESIAN_POINT('',(28.5,-25.55,0.));
#4042 = DIRECTION('',(-2.22044604925E-16,-1.,0.));
#4043 = DIRECTION('',(1.,-2.22044604925E-16,0.));
#4044 = ORIENTED_EDGE('',*,*,#4045,.F.);
#4045 = EDGE_CURVE('',#3843,#4037,#4046,.T.);
#4046 = LINE('',#4047,#4048);
#4047 = CARTESIAN_POINT('',(31.651414155042,-25.55,3.5));
#4048 = VECTOR('',#4049,1.);
#4049 = DIRECTION('',(-0.669130606359,1.485768411322E-16,-0.743144825477
    ));
#4050 = PLANE('',#4051);
#4051 = AXIS2_PLACEMENT_3D('',#4052,#4053,#4054);
#4052 = CARTESIAN_POINT('',(28.5,-25.55,0.));
#4053 = DIRECTION('',(2.22044604925E-16,1.,0.));
#4054 = DIRECTION('',(-1.,2.22044604925E-16,0.));
#4055 = ADVANCED_FACE('',(#4056),#4092,.F.);
#4056 = FACE_BOUND('',#4057,.T.);
#4057 = EDGE_LOOP('',(#4058,#4067,#4068,#4069,#4077,#4086));
#4058 = ORIENTED_EDGE('',*,*,#4059,.F.);
#4059 = EDGE_CURVE('',#2192,#4060,#4062,.T.);
#4060 = VERTEX_POINT('',#4061);
#4061 = CARTESIAN_POINT('',(21.788484833923,-26.,4.120131034728));
#4062 = ELLIPSE('',#4063,2.192031021678,1.55);
#4063 = AXIS2_PLACEMENT_3D('',#4064,#4065,#4066);
#4064 = CARTESIAN_POINT('',(22.80499521831,-24.45,2.95));
#4065 = DIRECTION('',(0.463729926417,-0.707106781187,-0.533811348086));
#4066 = DIRECTION('',(-0.463729926417,-0.707106781187,0.533811348086));
#4067 = ORIENTED_EDGE('',*,*,#2191,.F.);
#4068 = ORIENTED_EDGE('',*,*,#2166,.F.);
#4069 = ORIENTED_EDGE('',*,*,#4070,.F.);
#4070 = EDGE_CURVE('',#4071,#2159,#4073,.T.);
#4071 = VERTEX_POINT('',#4072);
#4072 = CARTESIAN_POINT('',(20.756103130152,-25.82160892323,
    2.986981966661));
#4073 = LINE('',#4074,#4075);
#4074 = CARTESIAN_POINT('',(19.762676445078,-27.02279799096,
    3.715117951595));
#4075 = VECTOR('',#4076,1.);
#4076 = DIRECTION('',(0.577423992226,0.69818477531,-0.423225179695));
#4077 = ORIENTED_EDGE('',*,*,#4078,.F.);
#4078 = EDGE_CURVE('',#4079,#4071,#4081,.T.);
#4079 = VERTEX_POINT('',#4080);
#4080 = CARTESIAN_POINT('',(20.908652580678,-26.,3.35580755693));
#4081 = ELLIPSE('',#4082,11.737972567697,8.3);
#4082 = AXIS2_PLACEMENT_3D('',#4083,#4084,#4085);
#4083 = CARTESIAN_POINT('',(28.5,-18.48811738569,5.551115123126E-16));
#4084 = DIRECTION('',(0.463729926417,-0.707106781187,-0.533811348086));
#4085 = DIRECTION('',(0.463729926417,0.707106781187,-0.533811348086));
#4086 = ORIENTED_EDGE('',*,*,#4087,.F.);
#4087 = EDGE_CURVE('',#4060,#4079,#4088,.T.);
#4088 = LINE('',#4089,#4090);
#4089 = CARTESIAN_POINT('',(20.719040571637,-26.,3.191088760082));
#4090 = VECTOR('',#4091,1.);
#4091 = DIRECTION('',(-0.754923248212,1.676266343979E-16,-0.655813151217
    ));
#4092 = PLANE('',#4093);
#4093 = AXIS2_PLACEMENT_3D('',#4094,#4095,#4096);
#4094 = CARTESIAN_POINT('',(20.85020320188,-25.8,3.04010411044));
#4095 = DIRECTION('',(0.463729926417,-0.707106781187,-0.533811348086));
#4096 = DIRECTION('',(-1.110223024625E-16,-0.602511783519,0.798109986606
    ));
#4097 = ADVANCED_FACE('',(#4098),#4124,.T.);
#4098 = FACE_BOUND('',#4099,.T.);
#4099 = EDGE_LOOP('',(#4100,#4101,#4109,#4118));
#4100 = ORIENTED_EDGE('',*,*,#4078,.T.);
#4101 = ORIENTED_EDGE('',*,*,#4102,.F.);
#4102 = EDGE_CURVE('',#4103,#4071,#4105,.T.);
#4103 = VERTEX_POINT('',#4104);
#4104 = CARTESIAN_POINT('',(20.756103130152,-28.32013369539,
    2.986981966661));
#4105 = LINE('',#4106,#4107);
#4106 = CARTESIAN_POINT('',(20.756103130152,-24.9,2.986981966661));
#4107 = VECTOR('',#4108,1.);
#4108 = DIRECTION('',(2.22044604925E-16,1.,0.));
#4109 = ORIENTED_EDGE('',*,*,#4110,.T.);
#4110 = EDGE_CURVE('',#4103,#4111,#4113,.T.);
#4111 = VERTEX_POINT('',#4112);
#4112 = CARTESIAN_POINT('',(20.908652580678,-28.12778627183,
    3.35580755693));
#4113 = ELLIPSE('',#4114,11.911212969007,8.3);
#4114 = AXIS2_PLACEMENT_3D('',#4115,#4116,#4117);
#4115 = CARTESIAN_POINT('',(28.5,-35.77079160641,5.551115123126E-16));
#4116 = DIRECTION('',(0.457306498444,0.69682239933,-0.552548016259));
#4117 = DIRECTION('',(0.444286099291,-0.717243712967,-0.536815907165));
#4118 = ORIENTED_EDGE('',*,*,#4119,.T.);
#4119 = EDGE_CURVE('',#4111,#4079,#4120,.T.);
#4120 = LINE('',#4121,#4122);
#4121 = CARTESIAN_POINT('',(20.908652580678,-24.9,3.35580755693));
#4122 = VECTOR('',#4123,1.);
#4123 = DIRECTION('',(2.22044604925E-16,1.,0.));
#4124 = CYLINDRICAL_SURFACE('',#4125,8.3);
#4125 = AXIS2_PLACEMENT_3D('',#4126,#4127,#4128);
#4126 = CARTESIAN_POINT('',(28.5,-24.9,5.551115123126E-16));
#4127 = DIRECTION('',(2.22044604925E-16,1.,0.));
#4128 = DIRECTION('',(1.,-2.22044604925E-16,0.));
#4129 = ADVANCED_FACE('',(#4130),#4148,.F.);
#4130 = FACE_BOUND('',#4131,.T.);
#4131 = EDGE_LOOP('',(#4132,#4133,#4134,#4142));
#4132 = ORIENTED_EDGE('',*,*,#4087,.T.);
#4133 = ORIENTED_EDGE('',*,*,#4119,.F.);
#4134 = ORIENTED_EDGE('',*,*,#4135,.T.);
#4135 = EDGE_CURVE('',#4111,#4136,#4138,.T.);
#4136 = VERTEX_POINT('',#4137);
#4137 = CARTESIAN_POINT('',(21.788484833923,-28.09912414142,
    4.120131034728));
#4138 = LINE('',#4139,#4140);
#4139 = CARTESIAN_POINT('',(21.282296338867,-28.11561414915,
    3.680397495141));
#4140 = VECTOR('',#4141,1.);
#4141 = DIRECTION('',(0.754695057146,2.458555943308E-02,0.655614918215)
  );
#4142 = ORIENTED_EDGE('',*,*,#4143,.T.);
#4143 = EDGE_CURVE('',#4136,#4060,#4144,.T.);
#4144 = LINE('',#4145,#4146);
#4145 = CARTESIAN_POINT('',(21.788484833923,-24.9,4.120131034728));
#4146 = VECTOR('',#4147,1.);
#4147 = DIRECTION('',(2.22044604925E-16,1.,0.));
#4148 = PLANE('',#4149);
#4149 = AXIS2_PLACEMENT_3D('',#4150,#4151,#4152);
#4150 = CARTESIAN_POINT('',(21.567207135506,-24.9,3.927903778465));
#4151 = DIRECTION('',(0.655813151217,-1.456197720667E-16,-0.754923248212
    ));
#4152 = DIRECTION('',(-2.22044604925E-16,-1.,-3.821045009664E-31));
#4153 = ADVANCED_FACE('',(#4154),#4183,.T.);
#4154 = FACE_BOUND('',#4155,.T.);
#4155 = EDGE_LOOP('',(#4156,#4157,#4158,#4167,#4176,#4182));
#4156 = ORIENTED_EDGE('',*,*,#4059,.T.);
#4157 = ORIENTED_EDGE('',*,*,#4143,.F.);
#4158 = ORIENTED_EDGE('',*,*,#4159,.T.);
#4159 = EDGE_CURVE('',#4136,#4160,#4162,.T.);
#4160 = VERTEX_POINT('',#4161);
#4161 = CARTESIAN_POINT('',(22.277940770967,-28.19236026071,
    4.407639739283));
#4162 = ELLIPSE('',#4163,2.224383144815,1.55);
#4163 = AXIS2_PLACEMENT_3D('',#4164,#4165,#4166);
#4164 = CARTESIAN_POINT('',(22.80499521831,-29.69409351609,2.95));
#4165 = DIRECTION('',(0.457306498444,0.69682239933,-0.552548016259));
#4166 = DIRECTION('',(-0.444286099291,0.717243712967,0.536815907165));
#4167 = ORIENTED_EDGE('',*,*,#4168,.F.);
#4168 = EDGE_CURVE('',#4169,#4160,#4171,.T.);
#4169 = VERTEX_POINT('',#4170);
#4170 = CARTESIAN_POINT('',(22.80499521831,-28.1,4.5));
#4171 = ELLIPSE('',#4172,2.192031021678,1.55);
#4172 = AXIS2_PLACEMENT_3D('',#4173,#4174,#4175);
#4173 = CARTESIAN_POINT('',(22.80499521831,-29.65,2.95));
#4174 = DIRECTION('',(-4.372616516739E-16,-0.707106781187,0.707106781187
    ));
#4175 = DIRECTION('',(-6.457638338135E-17,0.707106781187,0.707106781187)
  );
#4176 = ORIENTED_EDGE('',*,*,#4177,.F.);
#4177 = EDGE_CURVE('',#2200,#4169,#4178,.T.);
#4178 = LINE('',#4179,#4180);
#4179 = CARTESIAN_POINT('',(22.80499521831,-24.9,4.5));
#4180 = VECTOR('',#4181,1.);
#4181 = DIRECTION('',(-2.22044604925E-16,-1.,0.));
#4182 = ORIENTED_EDGE('',*,*,#2199,.F.);
#4183 = CYLINDRICAL_SURFACE('',#4184,1.55);
#4184 = AXIS2_PLACEMENT_3D('',#4185,#4186,#4187);
#4185 = CARTESIAN_POINT('',(22.80499521831,-24.9,2.95));
#4186 = DIRECTION('',(2.22044604925E-16,1.,0.));
#4187 = DIRECTION('',(-0.350054818413,7.772778385664E-17,0.936729215999)
  );
#4188 = ADVANCED_FACE('',(#4189),#4216,.F.);
#4189 = FACE_BOUND('',#4190,.T.);
#4190 = EDGE_LOOP('',(#4191,#4199,#4200,#4201,#4202,#4210));
#4191 = ORIENTED_EDGE('',*,*,#4192,.F.);
#4192 = EDGE_CURVE('',#4160,#4193,#4195,.T.);
#4193 = VERTEX_POINT('',#4194);
#4194 = CARTESIAN_POINT('',(22.374997195365,-28.5,4.1));
#4195 = LINE('',#4196,#4197);
#4196 = CARTESIAN_POINT('',(22.341249448966,-28.39302977141,
    4.206970228586));
#4197 = VECTOR('',#4198,1.);
#4198 = DIRECTION('',(0.217731157199,-0.690142428483,-0.690142428483));
#4199 = ORIENTED_EDGE('',*,*,#4159,.F.);
#4200 = ORIENTED_EDGE('',*,*,#4135,.F.);
#4201 = ORIENTED_EDGE('',*,*,#4110,.F.);
#4202 = ORIENTED_EDGE('',*,*,#4203,.F.);
#4203 = EDGE_CURVE('',#4204,#4103,#4206,.T.);
#4204 = VERTEX_POINT('',#4205);
#4205 = CARTESIAN_POINT('',(20.93924929953,-28.54677209011,
    2.852744263537));
#4206 = LINE('',#4207,#4208);
#4207 = CARTESIAN_POINT('',(21.574568660532,-29.33296248985,
    2.387084446238));
#4208 = VECTOR('',#4209,1.);
#4209 = DIRECTION('',(-0.57086401954,0.706428670784,0.418417021987));
#4210 = ORIENTED_EDGE('',*,*,#4211,.F.);
#4211 = EDGE_CURVE('',#4193,#4204,#4212,.T.);
#4212 = LINE('',#4213,#4214);
#4213 = CARTESIAN_POINT('',(21.552150717224,-28.5268057155,
    3.385180919946));
#4214 = VECTOR('',#4215,1.);
#4215 = DIRECTION('',(-0.754695057146,-2.458555943308E-02,
    -0.655614918215));
#4216 = PLANE('',#4217);
#4217 = AXIS2_PLACEMENT_3D('',#4218,#4219,#4220);
#4218 = CARTESIAN_POINT('',(21.417223528045,-28.32120993232,
    3.532789207543));
#4219 = DIRECTION('',(0.457306498444,0.69682239933,-0.552548016259));
#4220 = DIRECTION('',(-4.718447854657E-16,-0.621322759907,-0.78355473837
    ));
#4221 = ADVANCED_FACE('',(#4222),#4271,.F.);
#4222 = FACE_BOUND('',#4223,.T.);
#4223 = EDGE_LOOP('',(#4224,#4225,#4233,#4241,#4249,#4258,#4264,#4265));
#4224 = ORIENTED_EDGE('',*,*,#4211,.T.);
#4225 = ORIENTED_EDGE('',*,*,#4226,.F.);
#4226 = EDGE_CURVE('',#4227,#4204,#4229,.T.);
#4227 = VERTEX_POINT('',#4228);
#4228 = CARTESIAN_POINT('',(21.293191034914,-28.55650045198,
    2.593321280467));
#4229 = LINE('',#4230,#4231);
#4230 = CARTESIAN_POINT('',(21.688288825606,-28.5673600198,
    2.303732805249));
#4231 = VECTOR('',#4232,1.);
#4232 = DIRECTION('',(-0.806352786392,2.216322889546E-02,0.591019437212)
  );
#4233 = ORIENTED_EDGE('',*,*,#4234,.F.);
#4234 = EDGE_CURVE('',#4235,#4227,#4237,.T.);
#4235 = VERTEX_POINT('',#4236);
#4236 = CARTESIAN_POINT('',(21.079287983181,-28.58524931585,
    1.826684910512));
#4237 = LINE('',#4238,#4239);
#4238 = CARTESIAN_POINT('',(21.136107210691,-28.57761273365,
    2.030327102471));
#4239 = VECTOR('',#4240,1.);
#4240 = DIRECTION('',(0.268574887021,3.609683360851E-02,0.96258222956));
#4241 = ORIENTED_EDGE('',*,*,#4242,.F.);
#4242 = EDGE_CURVE('',#4243,#4235,#4245,.T.);
#4243 = VERTEX_POINT('',#4244);
#4244 = CARTESIAN_POINT('',(20.328297026687,-28.59923590399,
    1.453709226751));
#4245 = LINE('',#4246,#4247);
#4246 = CARTESIAN_POINT('',(21.132066616196,-28.58426635727,
    1.852897139256));
#4247 = VECTOR('',#4248,1.);
#4248 = DIRECTION('',(0.895501425033,1.667797661651E-02,0.444746043107)
  );
#4249 = ORIENTED_EDGE('',*,*,#4250,.F.);
#4250 = EDGE_CURVE('',#4251,#4243,#4253,.T.);
#4251 = VERTEX_POINT('',#4252);
#4252 = CARTESIAN_POINT('',(20.200602431501,-28.65,9.999999999999E-02));
#4253 = ELLIPSE('',#4254,8.305833887245,8.3);
#4254 = AXIS2_PLACEMENT_3D('',#4255,#4256,#4257);
#4255 = CARTESIAN_POINT('',(28.5,-28.65375,5.551115123126E-16));
#4256 = DIRECTION('',(2.367408332502E-16,0.999297615709,
    -3.747366058909E-02));
#4257 = DIRECTION('',(-8.3208241606E-18,-3.747366058909E-02,
    -0.999297615709));
#4258 = ORIENTED_EDGE('',*,*,#4259,.F.);
#4259 = EDGE_CURVE('',#2272,#4251,#4260,.T.);
#4260 = LINE('',#4261,#4262);
#4261 = CARTESIAN_POINT('',(22.065499001502,-28.65,9.999999999999E-02));
#4262 = VECTOR('',#4263,1.);
#4263 = DIRECTION('',(-1.,2.22044604925E-16,-3.963367531779E-16));
#4264 = ORIENTED_EDGE('',*,*,#2271,.T.);
#4265 = ORIENTED_EDGE('',*,*,#4266,.T.);
#4266 = EDGE_CURVE('',#2263,#4193,#4267,.T.);
#4267 = LINE('',#4268,#4269);
#4268 = CARTESIAN_POINT('',(21.945724103518,-28.5,4.1));
#4269 = VECTOR('',#4270,1.);
#4270 = DIRECTION('',(-1.,2.22044604925E-16,-3.963367531779E-16));
#4271 = PLANE('',#4272);
#4272 = AXIS2_PLACEMENT_3D('',#4273,#4274,#4275);
#4273 = CARTESIAN_POINT('',(22.065499001502,-28.575,2.1));
#4274 = DIRECTION('',(2.367408332502E-16,0.999297615709,
    -3.747366058909E-02));
#4275 = DIRECTION('',(-8.3208241606E-18,-3.747366058909E-02,
    -0.999297615709));
#4276 = ADVANCED_FACE('',(#4277),#4289,.F.);
#4277 = FACE_BOUND('',#4278,.T.);
#4278 = EDGE_LOOP('',(#4279,#4280,#4281,#4282,#4288));
#4279 = ORIENTED_EDGE('',*,*,#4192,.T.);
#4280 = ORIENTED_EDGE('',*,*,#4266,.F.);
#4281 = ORIENTED_EDGE('',*,*,#2262,.T.);
#4282 = ORIENTED_EDGE('',*,*,#4283,.F.);
#4283 = EDGE_CURVE('',#4169,#2255,#4284,.T.);
#4284 = LINE('',#4285,#4286);
#4285 = CARTESIAN_POINT('',(21.945724103518,-28.1,4.5));
#4286 = VECTOR('',#4287,1.);
#4287 = DIRECTION('',(1.,-2.22044604925E-16,3.963367531779E-16));
#4288 = ORIENTED_EDGE('',*,*,#4168,.T.);
#4289 = PLANE('',#4290);
#4290 = AXIS2_PLACEMENT_3D('',#4291,#4292,#4293);
#4291 = CARTESIAN_POINT('',(21.945724103518,-28.3,4.3));
#4292 = DIRECTION('',(4.372616516739E-16,0.707106781187,-0.707106781187)
  );
#4293 = DIRECTION('',(-1.570092458684E-16,-0.707106781187,
    -0.707106781187));
#4294 = ADVANCED_FACE('',(#4295),#4311,.T.);
#4295 = FACE_BOUND('',#4296,.T.);
#4296 = EDGE_LOOP('',(#4297,#4298,#4304,#4305));
#4297 = ORIENTED_EDGE('',*,*,#4234,.T.);
#4298 = ORIENTED_EDGE('',*,*,#4299,.T.);
#4299 = EDGE_CURVE('',#4227,#2151,#4300,.T.);
#4300 = LINE('',#4301,#4302);
#4301 = CARTESIAN_POINT('',(21.293191034914,-31.5,2.593321280467));
#4302 = VECTOR('',#4303,1.);
#4303 = DIRECTION('',(2.22044604925E-16,1.,0.));
#4304 = ORIENTED_EDGE('',*,*,#2150,.T.);
#4305 = ORIENTED_EDGE('',*,*,#4306,.F.);
#4306 = EDGE_CURVE('',#4235,#2143,#4307,.T.);
#4307 = LINE('',#4308,#4309);
#4308 = CARTESIAN_POINT('',(21.079287983181,-31.5,1.826684910512));
#4309 = VECTOR('',#4310,1.);
#4310 = DIRECTION('',(2.22044604925E-16,1.,0.));
#4311 = PLANE('',#4312);
#4312 = AXIS2_PLACEMENT_3D('',#4313,#4314,#4315);
#4313 = CARTESIAN_POINT('',(21.079287983181,-31.5,1.826684910512));
#4314 = DIRECTION('',(-0.963209956433,2.138755742361E-16,0.268750032238)
  );
#4315 = DIRECTION('',(0.268750032238,-5.967449473192E-17,0.963209956433)
  );
#4316 = ADVANCED_FACE('',(#4317),#4328,.T.);
#4317 = FACE_BOUND('',#4318,.T.);
#4318 = EDGE_LOOP('',(#4319,#4320,#4321,#4322));
#4319 = ORIENTED_EDGE('',*,*,#4242,.T.);
#4320 = ORIENTED_EDGE('',*,*,#4306,.T.);
#4321 = ORIENTED_EDGE('',*,*,#2142,.T.);
#4322 = ORIENTED_EDGE('',*,*,#4323,.T.);
#4323 = EDGE_CURVE('',#2134,#4243,#4324,.T.);
#4324 = LINE('',#4325,#4326);
#4325 = CARTESIAN_POINT('',(20.328297026687,-24.9,1.453709226751));
#4326 = VECTOR('',#4327,1.);
#4327 = DIRECTION('',(-2.22044604925E-16,-1.,0.));
#4328 = PLANE('',#4329);
#4329 = AXIS2_PLACEMENT_3D('',#4330,#4331,#4332);
#4330 = CARTESIAN_POINT('',(20.328297026687,-31.5,1.453709226751));
#4331 = DIRECTION('',(-0.44480791016,9.876719667907E-17,0.895625995078)
  );
#4332 = DIRECTION('',(0.895625995078,-1.988689202376E-16,0.44480791016)
  );
#4333 = ADVANCED_FACE('',(#4334),#4354,.T.);
#4334 = FACE_BOUND('',#4335,.T.);
#4335 = EDGE_LOOP('',(#4336,#4337,#4338,#4339,#4347));
#4336 = ORIENTED_EDGE('',*,*,#4250,.T.);
#4337 = ORIENTED_EDGE('',*,*,#4323,.F.);
#4338 = ORIENTED_EDGE('',*,*,#2133,.F.);
#4339 = ORIENTED_EDGE('',*,*,#4340,.F.);
#4340 = EDGE_CURVE('',#4341,#2126,#4343,.T.);
#4341 = VERTEX_POINT('',#4342);
#4342 = CARTESIAN_POINT('',(21.392210032676,-28.65,-4.285944677712));
#4343 = LINE('',#4344,#4345);
#4344 = CARTESIAN_POINT('',(21.392210032676,-24.9,-4.285944677712));
#4345 = VECTOR('',#4346,1.);
#4346 = DIRECTION('',(2.22044604925E-16,1.,0.));
#4347 = ORIENTED_EDGE('',*,*,#4348,.T.);
#4348 = EDGE_CURVE('',#4341,#4251,#4349,.T.);
#4349 = CIRCLE('',#4350,8.3);
#4350 = AXIS2_PLACEMENT_3D('',#4351,#4352,#4353);
#4351 = CARTESIAN_POINT('',(28.5,-28.65,5.551115123126E-16));
#4352 = DIRECTION('',(2.22044604925E-16,1.,0.));
#4353 = DIRECTION('',(1.,-2.22044604925E-16,0.));
#4354 = CYLINDRICAL_SURFACE('',#4355,8.3);
#4355 = AXIS2_PLACEMENT_3D('',#4356,#4357,#4358);
#4356 = CARTESIAN_POINT('',(28.5,-24.9,5.551115123126E-16));
#4357 = DIRECTION('',(2.22044604925E-16,1.,0.));
#4358 = DIRECTION('',(-0.983250885169,2.183255543396E-16,-0.182257227055
    ));
#4359 = ADVANCED_FACE('',(#4360),#4372,.T.);
#4360 = FACE_BOUND('',#4361,.T.);
#4361 = EDGE_LOOP('',(#4362,#4363,#4364,#4370,#4371));
#4362 = ORIENTED_EDGE('',*,*,#4259,.T.);
#4363 = ORIENTED_EDGE('',*,*,#4348,.F.);
#4364 = ORIENTED_EDGE('',*,*,#4365,.F.);
#4365 = EDGE_CURVE('',#1648,#4341,#4366,.T.);
#4366 = LINE('',#4367,#4368);
#4367 = CARTESIAN_POINT('',(21.878948274689,-28.65,-4.285944677712));
#4368 = VECTOR('',#4369,1.);
#4369 = DIRECTION('',(-1.,2.22044604925E-16,0.));
#4370 = ORIENTED_EDGE('',*,*,#1647,.F.);
#4371 = ORIENTED_EDGE('',*,*,#2280,.T.);
#4372 = PLANE('',#4373);
#4373 = AXIS2_PLACEMENT_3D('',#4374,#4375,#4376);
#4374 = CARTESIAN_POINT('',(22.365686516702,-28.65,-0.417568580199));
#4375 = DIRECTION('',(-2.22044604925E-16,-1.,0.));
#4376 = DIRECTION('',(1.,-2.22044604925E-16,0.));
#4377 = ADVANCED_FACE('',(#4378),#4396,.T.);
#4378 = FACE_BOUND('',#4379,.T.);
#4379 = EDGE_LOOP('',(#4380,#4381,#4382,#4395));
#4380 = ORIENTED_EDGE('',*,*,#1865,.F.);
#4381 = ORIENTED_EDGE('',*,*,#2243,.F.);
#4382 = ORIENTED_EDGE('',*,*,#4383,.T.);
#4383 = EDGE_CURVE('',#2235,#1707,#4384,.T.);
#4384 = B_SPLINE_CURVE_WITH_KNOTS('',5,(#4385,#4386,#4387,#4388,#4389,
    #4390,#4391,#4392,#4393,#4394),.UNSPECIFIED.,.F.,.F.,(6,1,1,1,1,6),(
    0.,0.2,0.4,0.6,0.8,1.),.QUASI_UNIFORM_KNOTS.);
#4385 = CARTESIAN_POINT('',(23.883427918891,-24.9,3.83239640694));
#4386 = CARTESIAN_POINT('',(23.656223019597,-24.9,3.558701391238));
#4387 = CARTESIAN_POINT('',(23.259357951681,-24.9,2.997119381819));
#4388 = CARTESIAN_POINT('',(22.836550363963,-24.9,2.112214975298));
#4389 = CARTESIAN_POINT('',(22.579823334691,-24.9,0.864415419613));
#4390 = CARTESIAN_POINT('',(22.667642899999,-24.9,-0.732467897538));
#4391 = CARTESIAN_POINT('',(23.038670892313,-24.9,-1.97198063376));
#4392 = CARTESIAN_POINT('',(23.505616413078,-24.9,-2.845139656932));
#4393 = CARTESIAN_POINT('',(23.908894383464,-24.9,-3.396159200618));
#4394 = CARTESIAN_POINT('',(24.133546674222,-24.9,-3.663889375213));
#4395 = ORIENTED_EDGE('',*,*,#1706,.T.);
#4396 = B_SPLINE_SURFACE_WITH_KNOTS('',5,1,(
    (#4397,#4398)
    ,(#4399,#4400)
    ,(#4401,#4402)
    ,(#4403,#4404)
    ,(#4405,#4406)
    ,(#4407,#4408)
    ,(#4409,#4410)
    ,(#4411,#4412)
    ,(#4413,#4414)
    ,(#4415,#4416
    )),.UNSPECIFIED.,.F.,.F.,.F.,(6,1,1,1,1,6),(2,2),(0.,0.2,0.4,0.6,0.8
    ,1.),(0.,8.4E-02),.UNSPECIFIED.);
#4397 = CARTESIAN_POINT('',(23.883427918891,-24.9,3.83239640694));
#4398 = CARTESIAN_POINT('',(23.883427918891,-25.74,3.83239640694));
#4399 = CARTESIAN_POINT('',(23.656223019597,-24.9,3.558701391238));
#4400 = CARTESIAN_POINT('',(23.656223019597,-25.74,3.558701391238));
#4401 = CARTESIAN_POINT('',(23.259357951681,-24.9,2.997119381819));
#4402 = CARTESIAN_POINT('',(23.259357951681,-25.74,2.997119381819));
#4403 = CARTESIAN_POINT('',(22.836550363963,-24.9,2.112214975298));
#4404 = CARTESIAN_POINT('',(22.836550363963,-25.74,2.112214975298));
#4405 = CARTESIAN_POINT('',(22.579823334691,-24.9,0.864415419613));
#4406 = CARTESIAN_POINT('',(22.579823334691,-25.74,0.864415419613));
#4407 = CARTESIAN_POINT('',(22.667642899999,-24.9,-0.732467897538));
#4408 = CARTESIAN_POINT('',(22.667642899999,-25.74,-0.732467897538));
#4409 = CARTESIAN_POINT('',(23.038670892313,-24.9,-1.97198063376));
#4410 = CARTESIAN_POINT('',(23.038670892313,-25.74,-1.97198063376));
#4411 = CARTESIAN_POINT('',(23.505616413078,-24.9,-2.845139656932));
#4412 = CARTESIAN_POINT('',(23.505616413078,-25.74,-2.845139656932));
#4413 = CARTESIAN_POINT('',(23.908894383464,-24.9,-3.396159200618));
#4414 = CARTESIAN_POINT('',(23.908894383464,-25.74,-3.396159200618));
#4415 = CARTESIAN_POINT('',(24.133546674222,-24.9,-3.663889375213));
#4416 = CARTESIAN_POINT('',(24.133546674222,-25.74,-3.663889375213));
#4417 = ADVANCED_FACE('',(#4418),#4439,.F.);
#4418 = FACE_BOUND('',#4419,.T.);
#4419 = EDGE_LOOP('',(#4420,#4421,#4422,#4423,#4431,#4438));
#4420 = ORIENTED_EDGE('',*,*,#4383,.F.);
#4421 = ORIENTED_EDGE('',*,*,#2234,.F.);
#4422 = ORIENTED_EDGE('',*,*,#1365,.F.);
#4423 = ORIENTED_EDGE('',*,*,#4424,.F.);
#4424 = EDGE_CURVE('',#4425,#1358,#4427,.T.);
#4425 = VERTEX_POINT('',#4426);
#4426 = CARTESIAN_POINT('',(26.435124829136,-24.9,2.94894735944));
#4427 = LINE('',#4428,#4429);
#4428 = CARTESIAN_POINT('',(28.5,-24.9,4.394788519541));
#4429 = VECTOR('',#4430,1.);
#4430 = DIRECTION('',(0.819152044289,-1.818882920477E-16,0.573576436351)
  );
#4431 = ORIENTED_EDGE('',*,*,#4432,.F.);
#4432 = EDGE_CURVE('',#1715,#4425,#4433,.T.);
#4433 = CIRCLE('',#4434,3.6);
#4434 = AXIS2_PLACEMENT_3D('',#4435,#4436,#4437);
#4435 = CARTESIAN_POINT('',(28.5,-24.9,0.));
#4436 = DIRECTION('',(2.22044604925E-16,1.,0.));
#4437 = DIRECTION('',(1.,-2.22044604925E-16,0.));
#4438 = ORIENTED_EDGE('',*,*,#1714,.F.);
#4439 = PLANE('',#4440);
#4440 = AXIS2_PLACEMENT_3D('',#4441,#4442,#4443);
#4441 = CARTESIAN_POINT('',(25.5,-24.9,1.07163717094));
#4442 = DIRECTION('',(-2.22044604925E-16,-1.,0.));
#4443 = DIRECTION('',(1.,-2.22044604925E-16,0.));
#4444 = ADVANCED_FACE('',(#4445),#4465,.F.);
#4445 = FACE_BOUND('',#4446,.T.);
#4446 = EDGE_LOOP('',(#4447,#4448,#4449,#4458,#4464));
#4447 = ORIENTED_EDGE('',*,*,#3944,.F.);
#4448 = ORIENTED_EDGE('',*,*,#1755,.F.);
#4449 = ORIENTED_EDGE('',*,*,#4450,.T.);
#4450 = EDGE_CURVE('',#1748,#4451,#4453,.T.);
#4451 = VERTEX_POINT('',#4452);
#4452 = CARTESIAN_POINT('',(34.070280301296,-31.55224979415,
    -6.552249794154));
#4453 = ELLIPSE('',#4454,12.162236636409,8.6);
#4454 = AXIS2_PLACEMENT_3D('',#4455,#4456,#4457);
#4455 = CARTESIAN_POINT('',(28.5,-25.,-2.775557561563E-16));
#4456 = DIRECTION('',(6.449066048295E-17,0.707106781187,-0.707106781187)
  );
#4457 = DIRECTION('',(-1.570092458684E-16,-0.707106781187,
    -0.707106781187));
#4458 = ORIENTED_EDGE('',*,*,#4459,.T.);
#4459 = EDGE_CURVE('',#4451,#3874,#4460,.T.);
#4460 = LINE('',#4461,#4462);
#4461 = CARTESIAN_POINT('',(31.712085308098,-29.19405480095,
    -4.194054800957));
#4462 = VECTOR('',#4463,1.);
#4463 = DIRECTION('',(0.57735026919,-0.57735026919,-0.57735026919));
#4464 = ORIENTED_EDGE('',*,*,#3873,.F.);
#4465 = PLANE('',#4466);
#4466 = AXIS2_PLACEMENT_3D('',#4467,#4468,#4469);
#4467 = CARTESIAN_POINT('',(23.657359312881,-31.75,-6.75));
#4468 = DIRECTION('',(-6.449066048295E-17,-0.707106781187,0.707106781187
    ));
#4469 = DIRECTION('',(1.570092458684E-16,0.707106781187,0.707106781187)
  );
#4470 = ADVANCED_FACE('',(#4471),#4498,.F.);
#4471 = FACE_BOUND('',#4472,.T.);
#4472 = EDGE_LOOP('',(#4473,#4474,#4475,#4476,#4484,#4492));
#4473 = ORIENTED_EDGE('',*,*,#4020,.F.);
#4474 = ORIENTED_EDGE('',*,*,#3881,.F.);
#4475 = ORIENTED_EDGE('',*,*,#4459,.F.);
#4476 = ORIENTED_EDGE('',*,*,#4477,.F.);
#4477 = EDGE_CURVE('',#4478,#4451,#4480,.T.);
#4478 = VERTEX_POINT('',#4479);
#4479 = CARTESIAN_POINT('',(34.070280301296,-27.95224979415,
    -6.552249794154));
#4480 = LINE('',#4481,#4482);
#4481 = CARTESIAN_POINT('',(34.070280301296,-28.5,-6.552249794155));
#4482 = VECTOR('',#4483,1.);
#4483 = DIRECTION('',(-2.22044604925E-16,-1.,0.));
#4484 = ORIENTED_EDGE('',*,*,#4485,.F.);
#4485 = EDGE_CURVE('',#4486,#4478,#4488,.T.);
#4486 = VERTEX_POINT('',#4487);
#4487 = CARTESIAN_POINT('',(34.018030507141,-27.9,-6.5));
#4488 = LINE('',#4489,#4490);
#4489 = CARTESIAN_POINT('',(33.48840290984,-27.37037240269,
    -5.970372402699));
#4490 = VECTOR('',#4491,1.);
#4491 = DIRECTION('',(0.57735026919,-0.57735026919,-0.57735026919));
#4492 = ORIENTED_EDGE('',*,*,#4493,.F.);
#4493 = EDGE_CURVE('',#4021,#4486,#4494,.T.);
#4494 = LINE('',#4495,#4496);
#4495 = CARTESIAN_POINT('',(34.018030507141,-27.025,-6.5));
#4496 = VECTOR('',#4497,1.);
#4497 = DIRECTION('',(-2.22044604925E-16,-1.,0.));
#4498 = PLANE('',#4499);
#4499 = AXIS2_PLACEMENT_3D('',#4500,#4501,#4502);
#4500 = CARTESIAN_POINT('',(34.268030507141,-27.025,-6.75));
#4501 = DIRECTION('',(0.707106781187,-1.570092458684E-16,0.707106781187)
  );
#4502 = DIRECTION('',(2.22044604925E-16,1.,6.039716305598E-31));
#4503 = ADVANCED_FACE('',(#4504),#4520,.F.);
#4504 = FACE_BOUND('',#4505,.F.);
#4505 = EDGE_LOOP('',(#4506,#4507,#4508,#4509,#4510,#4511,#4518,#4519));
#4506 = ORIENTED_EDGE('',*,*,#2498,.T.);
#4507 = ORIENTED_EDGE('',*,*,#2605,.T.);
#4508 = ORIENTED_EDGE('',*,*,#2625,.T.);
#4509 = ORIENTED_EDGE('',*,*,#4450,.T.);
#4510 = ORIENTED_EDGE('',*,*,#4477,.F.);
#4511 = ORIENTED_EDGE('',*,*,#4512,.T.);
#4512 = EDGE_CURVE('',#4478,#2398,#4513,.T.);
#4513 = ELLIPSE('',#4514,12.162236636409,8.6);
#4514 = AXIS2_PLACEMENT_3D('',#4515,#4516,#4517);
#4515 = CARTESIAN_POINT('',(28.5,-22.38196949285,-2.775557561563E-16));
#4516 = DIRECTION('',(-0.707106781187,-0.707106781187,3.450365717105E-16
    ));
#4517 = DIRECTION('',(0.707106781187,-0.707106781187,0.));
#4518 = ORIENTED_EDGE('',*,*,#2397,.T.);
#4519 = ORIENTED_EDGE('',*,*,#2382,.T.);
#4520 = CYLINDRICAL_SURFACE('',#4521,8.6);
#4521 = AXIS2_PLACEMENT_3D('',#4522,#4523,#4524);
#4522 = CARTESIAN_POINT('',(28.5,-28.5,-2.775557561563E-16));
#4523 = DIRECTION('',(2.22044604925E-16,1.,0.));
#4524 = DIRECTION('',(1.,-2.22044604925E-16,0.));
#4525 = ADVANCED_FACE('',(#4526),#4548,.F.);
#4526 = FACE_BOUND('',#4527,.T.);
#4527 = EDGE_LOOP('',(#4528,#4529,#4530,#4531,#4540,#4546,#4547));
#4528 = ORIENTED_EDGE('',*,*,#2406,.F.);
#4529 = ORIENTED_EDGE('',*,*,#2332,.F.);
#4530 = ORIENTED_EDGE('',*,*,#2566,.F.);
#4531 = ORIENTED_EDGE('',*,*,#4532,.F.);
#4532 = EDGE_CURVE('',#4533,#2558,#4535,.T.);
#4533 = VERTEX_POINT('',#4534);
#4534 = CARTESIAN_POINT('',(34.018030507141,-27.9,-2.977287242148));
#4535 = ELLIPSE('',#4536,8.867119036079,6.27);
#4536 = AXIS2_PLACEMENT_3D('',#4537,#4538,#4539);
#4537 = CARTESIAN_POINT('',(28.5,-22.38196949285,0.));
#4538 = DIRECTION('',(-0.707106781187,-0.707106781187,3.450365717105E-16
    ));
#4539 = DIRECTION('',(0.707106781187,-0.707106781187,0.));
#4540 = ORIENTED_EDGE('',*,*,#4541,.F.);
#4541 = EDGE_CURVE('',#4486,#4533,#4542,.T.);
#4542 = LINE('',#4543,#4544);
#4543 = CARTESIAN_POINT('',(34.018030507141,-27.9,-3.197234416194));
#4544 = VECTOR('',#4545,1.);
#4545 = DIRECTION('',(4.879553992278E-16,-1.083478638426E-31,1.));
#4546 = ORIENTED_EDGE('',*,*,#4485,.T.);
#4547 = ORIENTED_EDGE('',*,*,#4512,.T.);
#4548 = PLANE('',#4549);
#4549 = AXIS2_PLACEMENT_3D('',#4550,#4551,#4552);
#4550 = CARTESIAN_POINT('',(34.268030507141,-28.15,-3.197234416194));
#4551 = DIRECTION('',(0.707106781187,0.707106781187,-3.450365717105E-16)
  );
#4552 = DIRECTION('',(4.437342591868E-31,-4.879553992278E-16,-1.));
#4553 = ADVANCED_FACE('',(#4554),#4565,.F.);
#4554 = FACE_BOUND('',#4555,.T.);
#4555 = EDGE_LOOP('',(#4556,#4557,#4558,#4564));
#4556 = ORIENTED_EDGE('',*,*,#4493,.T.);
#4557 = ORIENTED_EDGE('',*,*,#4541,.T.);
#4558 = ORIENTED_EDGE('',*,*,#4559,.F.);
#4559 = EDGE_CURVE('',#4029,#4533,#4560,.T.);
#4560 = LINE('',#4561,#4562);
#4561 = CARTESIAN_POINT('',(34.018030507141,-25.55,-2.977287242148));
#4562 = VECTOR('',#4563,1.);
#4563 = DIRECTION('',(-2.22044604925E-16,-1.,0.));
#4564 = ORIENTED_EDGE('',*,*,#4028,.T.);
#4565 = PLANE('',#4566);
#4566 = AXIS2_PLACEMENT_3D('',#4567,#4568,#4569);
#4567 = CARTESIAN_POINT('',(34.018030507141,-25.55,-6.596312554925));
#4568 = DIRECTION('',(1.,-2.22044604925E-16,-4.879553992278E-16));
#4569 = DIRECTION('',(4.879553992278E-16,-1.083478638426E-31,1.));
#4570 = ADVANCED_FACE('',(#4571),#4591,.T.);
#4571 = FACE_BOUND('',#4572,.T.);
#4572 = EDGE_LOOP('',(#4573,#4582,#4589,#4590));
#4573 = ORIENTED_EDGE('',*,*,#4574,.F.);
#4574 = EDGE_CURVE('',#4575,#1424,#4577,.T.);
#4575 = VERTEX_POINT('',#4576);
#4576 = CARTESIAN_POINT('',(30.,-28.8,-3.195449890078));
#4577 = CIRCLE('',#4578,3.53);
#4578 = AXIS2_PLACEMENT_3D('',#4579,#4580,#4581);
#4579 = CARTESIAN_POINT('',(28.5,-28.8,0.));
#4580 = DIRECTION('',(-2.22044604925E-16,-1.,0.));
#4581 = DIRECTION('',(1.,-2.22044604925E-16,0.));
#4582 = ORIENTED_EDGE('',*,*,#4583,.F.);
#4583 = EDGE_CURVE('',#1456,#4575,#4584,.T.);
#4584 = CIRCLE('',#4585,58.493679326827);
#4585 = AXIS2_PLACEMENT_3D('',#4586,#4587,#4588);
#4586 = CARTESIAN_POINT('',(-27.78028818721,-35.24006281903,
    -9.635512706478));
#4587 = DIRECTION('',(-3.14174797289E-11,0.707106781183,-0.70710678119)
  );
#4588 = DIRECTION('',(0.987803961935,0.110098439578,0.110098439533));
#4589 = ORIENTED_EDGE('',*,*,#1455,.F.);
#4590 = ORIENTED_EDGE('',*,*,#1431,.T.);
#4591 = CONICAL_SURFACE('',#4592,3.38,0.785398163397);
#4592 = AXIS2_PLACEMENT_3D('',#4593,#4594,#4595);
#4593 = CARTESIAN_POINT('',(28.5,-28.65,0.));
#4594 = DIRECTION('',(-2.22044604925E-16,-1.,0.));
#4595 = DIRECTION('',(1.,-2.22044604925E-16,0.));
#4596 = ADVANCED_FACE('',(#4597),#4616,.F.);
#4597 = FACE_BOUND('',#4598,.T.);
#4598 = EDGE_LOOP('',(#4599,#4607,#4614,#4615));
#4599 = ORIENTED_EDGE('',*,*,#4600,.F.);
#4600 = EDGE_CURVE('',#4601,#4575,#4603,.T.);
#4601 = VERTEX_POINT('',#4602);
#4602 = CARTESIAN_POINT('',(27.,-28.8,-3.195449890078));
#4603 = LINE('',#4604,#4605);
#4604 = CARTESIAN_POINT('',(27.75,-28.8,-3.195449890078));
#4605 = VECTOR('',#4606,1.);
#4606 = DIRECTION('',(1.,-2.22044604925E-16,-1.110223024625E-15));
#4607 = ORIENTED_EDGE('',*,*,#4608,.F.);
#4608 = EDGE_CURVE('',#1465,#4601,#4609,.T.);
#4609 = CIRCLE('',#4610,58.493679331312);
#4610 = AXIS2_PLACEMENT_3D('',#4611,#4612,#4613);
#4611 = CARTESIAN_POINT('',(84.780288191639,-35.24006281806,
    -9.635512708471));
#4612 = DIRECTION('',(3.93116095232E-12,-0.707106781187,0.707106781186)
  );
#4613 = DIRECTION('',(-0.987803961935,0.110098439553,0.110098439558));
#4614 = ORIENTED_EDGE('',*,*,#1464,.F.);
#4615 = ORIENTED_EDGE('',*,*,#4583,.T.);
#4616 = PLANE('',#4617);
#4617 = AXIS2_PLACEMENT_3D('',#4618,#4619,#4620);
#4618 = CARTESIAN_POINT('',(27.75,-28.65,-3.045449890078));
#4619 = DIRECTION('',(6.280369834735E-16,-0.707106781187,0.707106781187)
  );
#4620 = DIRECTION('',(1.570092458684E-16,0.707106781187,0.707106781187)
  );
#4621 = ADVANCED_FACE('',(#4622),#4634,.T.);
#4622 = FACE_BOUND('',#4623,.T.);
#4623 = EDGE_LOOP('',(#4624,#4625,#4626,#4633));
#4624 = ORIENTED_EDGE('',*,*,#1472,.F.);
#4625 = ORIENTED_EDGE('',*,*,#4608,.T.);
#4626 = ORIENTED_EDGE('',*,*,#4627,.F.);
#4627 = EDGE_CURVE('',#1600,#4601,#4628,.T.);
#4628 = CIRCLE('',#4629,3.53);
#4629 = AXIS2_PLACEMENT_3D('',#4630,#4631,#4632);
#4630 = CARTESIAN_POINT('',(28.5,-28.8,0.));
#4631 = DIRECTION('',(-2.22044604925E-16,-1.,0.));
#4632 = DIRECTION('',(-1.,2.22044604925E-16,0.));
#4633 = ORIENTED_EDGE('',*,*,#1599,.T.);
#4634 = CONICAL_SURFACE('',#4635,3.38,0.785398163397);
#4635 = AXIS2_PLACEMENT_3D('',#4636,#4637,#4638);
#4636 = CARTESIAN_POINT('',(28.5,-28.65,0.));
#4637 = DIRECTION('',(-2.22044604925E-16,-1.,0.));
#4638 = DIRECTION('',(-1.,2.22044604925E-16,0.));
#4639 = ADVANCED_FACE('',(#4640),#4651,.T.);
#4640 = FACE_BOUND('',#4641,.T.);
#4641 = EDGE_LOOP('',(#4642,#4643,#4649,#4650));
#4642 = ORIENTED_EDGE('',*,*,#2804,.F.);
#4643 = ORIENTED_EDGE('',*,*,#4644,.F.);
#4644 = EDGE_CURVE('',#4575,#2781,#4645,.T.);
#4645 = LINE('',#4646,#4647);
#4646 = CARTESIAN_POINT('',(30.,-28.5,-3.195449890078));
#4647 = VECTOR('',#4648,1.);
#4648 = DIRECTION('',(-2.22044604925E-16,-1.,0.));
#4649 = ORIENTED_EDGE('',*,*,#4574,.T.);
#4650 = ORIENTED_EDGE('',*,*,#1423,.T.);
#4651 = CYLINDRICAL_SURFACE('',#4652,3.53);
#4652 = AXIS2_PLACEMENT_3D('',#4653,#4654,#4655);
#4653 = CARTESIAN_POINT('',(28.5,-28.5,0.));
#4654 = DIRECTION('',(2.22044604925E-16,1.,0.));
#4655 = DIRECTION('',(1.,-2.22044604925E-16,0.));
#4656 = ADVANCED_FACE('',(#4657),#4669,.T.);
#4657 = FACE_BOUND('',#4658,.T.);
#4658 = EDGE_LOOP('',(#4659,#4660,#4661,#4662,#4663));
#4659 = ORIENTED_EDGE('',*,*,#4600,.T.);
#4660 = ORIENTED_EDGE('',*,*,#4644,.T.);
#4661 = ORIENTED_EDGE('',*,*,#2780,.T.);
#4662 = ORIENTED_EDGE('',*,*,#2739,.F.);
#4663 = ORIENTED_EDGE('',*,*,#4664,.F.);
#4664 = EDGE_CURVE('',#4601,#2731,#4665,.T.);
#4665 = LINE('',#4666,#4667);
#4666 = CARTESIAN_POINT('',(27.,-28.5,-3.195449890078));
#4667 = VECTOR('',#4668,1.);
#4668 = DIRECTION('',(-2.22044604925E-16,-1.,0.));
#4669 = PLANE('',#4670);
#4670 = AXIS2_PLACEMENT_3D('',#4671,#4672,#4673);
#4671 = CARTESIAN_POINT('',(27.,-28.5,-3.195449890078));
#4672 = DIRECTION('',(-1.110223024625E-15,2.465190328816E-31,-1.));
#4673 = DIRECTION('',(1.,-2.22044604925E-16,-1.110223024625E-15));
#4674 = ADVANCED_FACE('',(#4675),#4681,.T.);
#4675 = FACE_BOUND('',#4676,.T.);
#4676 = EDGE_LOOP('',(#4677,#4678,#4679,#4680));
#4677 = ORIENTED_EDGE('',*,*,#4627,.T.);
#4678 = ORIENTED_EDGE('',*,*,#4664,.T.);
#4679 = ORIENTED_EDGE('',*,*,#2730,.F.);
#4680 = ORIENTED_EDGE('',*,*,#1607,.F.);
#4681 = CYLINDRICAL_SURFACE('',#4682,3.53);
#4682 = AXIS2_PLACEMENT_3D('',#4683,#4684,#4685);
#4683 = CARTESIAN_POINT('',(28.5,-28.5,0.));
#4684 = DIRECTION('',(2.22044604925E-16,1.,0.));
#4685 = DIRECTION('',(1.,-2.22044604925E-16,0.));
#4686 = ADVANCED_FACE('',(#4687,#4690),#4701,.F.);
#4687 = FACE_BOUND('',#4688,.T.);
#4688 = EDGE_LOOP('',(#4689));
#4689 = ORIENTED_EDGE('',*,*,#2454,.T.);
#4690 = FACE_BOUND('',#4691,.T.);
#4691 = EDGE_LOOP('',(#4692));
#4692 = ORIENTED_EDGE('',*,*,#4693,.T.);
#4693 = EDGE_CURVE('',#4694,#4694,#4696,.T.);
#4694 = VERTEX_POINT('',#4695);
#4695 = CARTESIAN_POINT('',(35.782034568809,-35.1999999798,
    2.477646673317));
#4696 = CIRCLE('',#4697,0.75);
#4697 = AXIS2_PLACEMENT_3D('',#4698,#4699,#4700);
#4698 = CARTESIAN_POINT('',(36.532034568809,-35.1999999798,
    2.477646673317));
#4699 = DIRECTION('',(-1.665334536938E-16,-1.,-2.465190328816E-31));
#4700 = DIRECTION('',(1.,-1.665334536938E-16,1.577721810442E-30));
#4701 = PLANE('',#4702);
#4702 = AXIS2_PLACEMENT_3D('',#4703,#4704,#4705);
#4703 = CARTESIAN_POINT('',(36.532034568809,-35.1999999798,
    2.477646673317));
#4704 = DIRECTION('',(-1.665334536938E-16,-1.,-2.465190328816E-31));
#4705 = DIRECTION('',(1.,-1.665334536938E-16,1.577721810442E-30));
#4706 = ADVANCED_FACE('',(#4707,#4710),#4721,.T.);
#4707 = FACE_BOUND('',#4708,.T.);
#4708 = EDGE_LOOP('',(#4709));
#4709 = ORIENTED_EDGE('',*,*,#2514,.T.);
#4710 = FACE_BOUND('',#4711,.T.);
#4711 = EDGE_LOOP('',(#4712));
#4712 = ORIENTED_EDGE('',*,*,#4713,.T.);
#4713 = EDGE_CURVE('',#4714,#4714,#4716,.T.);
#4714 = VERTEX_POINT('',#4715);
#4715 = CARTESIAN_POINT('',(35.782034580467,-26.35,2.477646673317));
#4716 = CIRCLE('',#4717,0.75);
#4717 = AXIS2_PLACEMENT_3D('',#4718,#4719,#4720);
#4718 = CARTESIAN_POINT('',(36.532034580467,-26.35,2.477646673317));
#4719 = DIRECTION('',(2.22044604925E-16,1.,0.));
#4720 = DIRECTION('',(1.,-2.22044604925E-16,0.));
#4721 = PLANE('',#4722);
#4722 = AXIS2_PLACEMENT_3D('',#4723,#4724,#4725);
#4723 = CARTESIAN_POINT('',(36.532034580467,-26.35,2.477646673317));
#4724 = DIRECTION('',(-2.22044604925E-16,-1.,0.));
#4725 = DIRECTION('',(1.,-2.22044604925E-16,0.));
#4726 = ADVANCED_FACE('',(#4727),#4738,.F.);
#4727 = FACE_BOUND('',#4728,.F.);
#4728 = EDGE_LOOP('',(#4729,#4730,#4736,#4737));
#4729 = ORIENTED_EDGE('',*,*,#2532,.T.);
#4730 = ORIENTED_EDGE('',*,*,#4731,.T.);
#4731 = EDGE_CURVE('',#2533,#1797,#4732,.T.);
#4732 = LINE('',#4733,#4734);
#4733 = CARTESIAN_POINT('',(35.702083032012,-28.5,4.7));
#4734 = VECTOR('',#4735,1.);
#4735 = DIRECTION('',(-2.22044604925E-16,-1.,0.));
#4736 = ORIENTED_EDGE('',*,*,#1804,.T.);
#4737 = ORIENTED_EDGE('',*,*,#2439,.T.);
#4738 = CYLINDRICAL_SURFACE('',#4739,8.6);
#4739 = AXIS2_PLACEMENT_3D('',#4740,#4741,#4742);
#4740 = CARTESIAN_POINT('',(28.5,-28.5,-2.775557561563E-16));
#4741 = DIRECTION('',(2.22044604925E-16,1.,0.));
#4742 = DIRECTION('',(1.,-2.22044604925E-16,0.));
#4743 = ADVANCED_FACE('',(#4744),#4755,.T.);
#4744 = FACE_BOUND('',#4745,.T.);
#4745 = EDGE_LOOP('',(#4746,#4747,#4753,#4754));
#4746 = ORIENTED_EDGE('',*,*,#4693,.F.);
#4747 = ORIENTED_EDGE('',*,*,#4748,.T.);
#4748 = EDGE_CURVE('',#4694,#4714,#4749,.T.);
#4749 = LINE('',#4750,#4751);
#4750 = CARTESIAN_POINT('',(35.782034580467,-31.5,2.477646673317));
#4751 = VECTOR('',#4752,1.);
#4752 = DIRECTION('',(2.22044604925E-16,1.,0.));
#4753 = ORIENTED_EDGE('',*,*,#4713,.F.);
#4754 = ORIENTED_EDGE('',*,*,#4748,.F.);
#4755 = CYLINDRICAL_SURFACE('',#4756,0.75);
#4756 = AXIS2_PLACEMENT_3D('',#4757,#4758,#4759);
#4757 = CARTESIAN_POINT('',(36.532034580467,-31.5,2.477646673317));
#4758 = DIRECTION('',(-2.22044604925E-16,-1.,0.));
#4759 = DIRECTION('',(1.,-2.22044604925E-16,0.));
#4760 = ADVANCED_FACE('',(#4761),#4769,.T.);
#4761 = FACE_BOUND('',#4762,.T.);
#4762 = EDGE_LOOP('',(#4763,#4764,#4765,#4766,#4767,#4768));
#4763 = ORIENTED_EDGE('',*,*,#4070,.T.);
#4764 = ORIENTED_EDGE('',*,*,#2158,.T.);
#4765 = ORIENTED_EDGE('',*,*,#4299,.F.);
#4766 = ORIENTED_EDGE('',*,*,#4226,.T.);
#4767 = ORIENTED_EDGE('',*,*,#4203,.T.);
#4768 = ORIENTED_EDGE('',*,*,#4102,.T.);
#4769 = PLANE('',#4770);
#4770 = AXIS2_PLACEMENT_3D('',#4771,#4772,#4773);
#4771 = CARTESIAN_POINT('',(21.293191034914,-31.5,2.593321280467));
#4772 = DIRECTION('',(-0.59116464766,1.312649206353E-16,-0.806550903141)
  );
#4773 = DIRECTION('',(-0.806550903141,1.790902766398E-16,0.59116464766)
  );
#4774 = ADVANCED_FACE('',(#4775),#4781,.F.);
#4775 = FACE_BOUND('',#4776,.T.);
#4776 = EDGE_LOOP('',(#4777,#4778,#4779,#4780));
#4777 = ORIENTED_EDGE('',*,*,#4177,.T.);
#4778 = ORIENTED_EDGE('',*,*,#4283,.T.);
#4779 = ORIENTED_EDGE('',*,*,#2254,.T.);
#4780 = ORIENTED_EDGE('',*,*,#2208,.T.);
#4781 = PLANE('',#4782);
#4782 = AXIS2_PLACEMENT_3D('',#4783,#4784,#4785);
#4783 = CARTESIAN_POINT('',(21.525761690335,-24.9,4.5));
#4784 = DIRECTION('',(3.963367531779E-16,-8.800443777665E-32,-1.));
#4785 = DIRECTION('',(1.,-2.22044604925E-16,3.963367531779E-16));
#4786 = ADVANCED_FACE('',(#4787),#4799,.F.);
#4787 = FACE_BOUND('',#4788,.F.);
#4788 = EDGE_LOOP('',(#4789,#4790,#4791,#4797,#4798));
#4789 = ORIENTED_EDGE('',*,*,#4559,.F.);
#4790 = ORIENTED_EDGE('',*,*,#4036,.T.);
#4791 = ORIENTED_EDGE('',*,*,#4792,.T.);
#4792 = EDGE_CURVE('',#4037,#2550,#4793,.T.);
#4793 = LINE('',#4794,#4795);
#4794 = CARTESIAN_POINT('',(32.69544890187,-25.55,4.659518055743));
#4795 = VECTOR('',#4796,1.);
#4796 = DIRECTION('',(-2.22044604925E-16,-1.,0.));
#4797 = ORIENTED_EDGE('',*,*,#2557,.F.);
#4798 = ORIENTED_EDGE('',*,*,#4532,.F.);
#4799 = CYLINDRICAL_SURFACE('',#4800,6.27);
#4800 = AXIS2_PLACEMENT_3D('',#4801,#4802,#4803);
#4801 = CARTESIAN_POINT('',(28.5,-25.55,0.));
#4802 = DIRECTION('',(2.22044604925E-16,1.,0.));
#4803 = DIRECTION('',(1.,-2.22044604925E-16,0.));
#4804 = ADVANCED_FACE('',(#4805,#4811),#4817,.T.);
#4805 = FACE_BOUND('',#4806,.T.);
#4806 = EDGE_LOOP('',(#4807,#4808,#4809,#4810));
#4807 = ORIENTED_EDGE('',*,*,#1655,.T.);
#4808 = ORIENTED_EDGE('',*,*,#4365,.T.);
#4809 = ORIENTED_EDGE('',*,*,#4340,.T.);
#4810 = ORIENTED_EDGE('',*,*,#2125,.T.);
#4811 = FACE_BOUND('',#4812,.T.);
#4812 = EDGE_LOOP('',(#4813,#4814,#4815,#4816));
#4813 = ORIENTED_EDGE('',*,*,#1215,.F.);
#4814 = ORIENTED_EDGE('',*,*,#1184,.F.);
#4815 = ORIENTED_EDGE('',*,*,#1144,.F.);
#4816 = ORIENTED_EDGE('',*,*,#1246,.F.);
#4817 = PLANE('',#4818);
#4818 = AXIS2_PLACEMENT_3D('',#4819,#4820,#4821);
#4819 = CARTESIAN_POINT('',(21.392210032676,-25.6,-4.285944677712));
#4820 = DIRECTION('',(0.,0.,-1.));
#4821 = DIRECTION('',(1.,-2.22044604925E-16,0.));
#4822 = ADVANCED_FACE('',(#4823),#4842,.T.);
#4823 = FACE_BOUND('',#4824,.T.);
#4824 = EDGE_LOOP('',(#4825,#4826,#4827,#4828,#4829,#4835,#4836));
#4825 = ORIENTED_EDGE('',*,*,#3850,.T.);
#4826 = ORIENTED_EDGE('',*,*,#4045,.T.);
#4827 = ORIENTED_EDGE('',*,*,#4792,.T.);
#4828 = ORIENTED_EDGE('',*,*,#2549,.T.);
#4829 = ORIENTED_EDGE('',*,*,#4830,.T.);
#4830 = EDGE_CURVE('',#2542,#1789,#4831,.T.);
#4831 = LINE('',#4832,#4833);
#4832 = CARTESIAN_POINT('',(32.7318990082,-25.55,4.7));
#4833 = VECTOR('',#4834,1.);
#4834 = DIRECTION('',(-2.22044604925E-16,-1.,0.));
#4835 = ORIENTED_EDGE('',*,*,#1788,.F.);
#4836 = ORIENTED_EDGE('',*,*,#4837,.T.);
#4837 = EDGE_CURVE('',#1781,#3825,#4838,.T.);
#4838 = LINE('',#4839,#4840);
#4839 = CARTESIAN_POINT('',(34.802828310085,-27.025,7.));
#4840 = VECTOR('',#4841,1.);
#4841 = DIRECTION('',(2.22044604925E-16,1.,0.));
#4842 = PLANE('',#4843);
#4843 = AXIS2_PLACEMENT_3D('',#4844,#4845,#4846);
#4844 = CARTESIAN_POINT('',(34.802828310085,-25.55,7.));
#4845 = DIRECTION('',(-0.743144825477,1.650112991752E-16,0.669130606359)
  );
#4846 = DIRECTION('',(-0.669130606359,1.485768411322E-16,-0.743144825477
    ));
#4847 = ADVANCED_FACE('',(#4848),#4860,.T.);
#4848 = FACE_BOUND('',#4849,.T.);
#4849 = EDGE_LOOP('',(#4850,#4851,#4852,#4853,#4854,#4855,#4856,#4857,
    #4858,#4859));
#4850 = ORIENTED_EDGE('',*,*,#3196,.T.);
#4851 = ORIENTED_EDGE('',*,*,#3307,.F.);
#4852 = ORIENTED_EDGE('',*,*,#3394,.T.);
#4853 = ORIENTED_EDGE('',*,*,#3409,.T.);
#4854 = ORIENTED_EDGE('',*,*,#3453,.T.);
#4855 = ORIENTED_EDGE('',*,*,#3475,.F.);
#4856 = ORIENTED_EDGE('',*,*,#2839,.T.);
#4857 = ORIENTED_EDGE('',*,*,#3824,.T.);
#4858 = ORIENTED_EDGE('',*,*,#4837,.F.);
#4859 = ORIENTED_EDGE('',*,*,#1780,.F.);
#4860 = PLANE('',#4861);
#4861 = AXIS2_PLACEMENT_3D('',#4862,#4863,#4864);
#4862 = CARTESIAN_POINT('',(36.985281374239,-28.5,7.));
#4863 = DIRECTION('',(0.,0.,1.));
#4864 = DIRECTION('',(-1.,2.22044604925E-16,0.));
#4865 = ADVANCED_FACE('',(#4866),#4872,.F.);
#4866 = FACE_BOUND('',#4867,.T.);
#4867 = EDGE_LOOP('',(#4868,#4869,#4870,#4871));
#4868 = ORIENTED_EDGE('',*,*,#4830,.F.);
#4869 = ORIENTED_EDGE('',*,*,#2541,.T.);
#4870 = ORIENTED_EDGE('',*,*,#4731,.T.);
#4871 = ORIENTED_EDGE('',*,*,#1796,.T.);
#4872 = PLANE('',#4873);
#4873 = AXIS2_PLACEMENT_3D('',#4874,#4875,#4876);
#4874 = CARTESIAN_POINT('',(35.702083032012,-25.55,4.7));
#4875 = DIRECTION('',(2.477533204965E-15,-5.50122881685E-31,1.));
#4876 = DIRECTION('',(-1.,2.22044604925E-16,2.477533204965E-15));
#4877 = ADVANCED_FACE('',(#4878),#4890,.F.);
#4878 = FACE_BOUND('',#4879,.F.);
#4879 = EDGE_LOOP('',(#4880,#4881,#4882,#4883,#4889));
#4880 = ORIENTED_EDGE('',*,*,#1632,.F.);
#4881 = ORIENTED_EDGE('',*,*,#1531,.F.);
#4882 = ORIENTED_EDGE('',*,*,#1832,.T.);
#4883 = ORIENTED_EDGE('',*,*,#4884,.T.);
#4884 = EDGE_CURVE('',#1833,#2673,#4885,.T.);
#4885 = LINE('',#4886,#4887);
#4886 = CARTESIAN_POINT('',(31.981608968651,-28.5,4.972252908834));
#4887 = VECTOR('',#4888,1.);
#4888 = DIRECTION('',(-2.22044604925E-16,-1.,0.));
#4889 = ORIENTED_EDGE('',*,*,#2705,.T.);
#4890 = CYLINDRICAL_SURFACE('',#4891,6.07);
#4891 = AXIS2_PLACEMENT_3D('',#4892,#4893,#4894);
#4892 = CARTESIAN_POINT('',(28.5,-28.5,0.));
#4893 = DIRECTION('',(2.22044604925E-16,1.,0.));
#4894 = DIRECTION('',(1.,-2.22044604925E-16,0.));
#4895 = ADVANCED_FACE('',(#4896),#4907,.T.);
#4896 = FACE_BOUND('',#4897,.T.);
#4897 = EDGE_LOOP('',(#4898,#4899,#4905,#4906));
#4898 = ORIENTED_EDGE('',*,*,#2683,.F.);
#4899 = ORIENTED_EDGE('',*,*,#4900,.F.);
#4900 = EDGE_CURVE('',#1842,#2650,#4901,.T.);
#4901 = LINE('',#4902,#4903);
#4902 = CARTESIAN_POINT('',(30.085389606945,-28.5,6.3));
#4903 = VECTOR('',#4904,1.);
#4904 = DIRECTION('',(-2.22044604925E-16,-1.,0.));
#4905 = ORIENTED_EDGE('',*,*,#1841,.F.);
#4906 = ORIENTED_EDGE('',*,*,#4884,.T.);
#4907 = PLANE('',#4908);
#4908 = AXIS2_PLACEMENT_3D('',#4909,#4910,#4911);
#4909 = CARTESIAN_POINT('',(30.085389606945,-28.5,6.3));
#4910 = DIRECTION('',(-0.573576436351,1.273595532039E-16,-0.819152044289
    ));
#4911 = DIRECTION('',(0.819152044289,-1.818882920477E-16,-0.573576436351
    ));
#4912 = ADVANCED_FACE('',(#4913),#4920,.T.);
#4913 = FACE_BOUND('',#4914,.T.);
#4914 = EDGE_LOOP('',(#4915,#4916,#4917,#4918,#4919));
#4915 = ORIENTED_EDGE('',*,*,#1849,.F.);
#4916 = ORIENTED_EDGE('',*,*,#4900,.T.);
#4917 = ORIENTED_EDGE('',*,*,#2649,.T.);
#4918 = ORIENTED_EDGE('',*,*,#2763,.F.);
#4919 = ORIENTED_EDGE('',*,*,#1398,.F.);
#4920 = PLANE('',#4921);
#4921 = AXIS2_PLACEMENT_3D('',#4922,#4923,#4924);
#4922 = CARTESIAN_POINT('',(28.5,-28.5,6.3));
#4923 = DIRECTION('',(7.002840309801E-16,-1.554942909943E-31,-1.));
#4924 = DIRECTION('',(1.,-2.22044604925E-16,7.002840309801E-16));
#4925 = ADVANCED_FACE('',(#4926),#4937,.F.);
#4926 = FACE_BOUND('',#4927,.T.);
#4927 = EDGE_LOOP('',(#4928,#4929,#4935,#4936));
#4928 = ORIENTED_EDGE('',*,*,#1308,.F.);
#4929 = ORIENTED_EDGE('',*,*,#4930,.T.);
#4930 = EDGE_CURVE('',#1283,#4425,#4931,.T.);
#4931 = LINE('',#4932,#4933);
#4932 = CARTESIAN_POINT('',(26.435124829136,-28.5,2.94894735944));
#4933 = VECTOR('',#4934,1.);
#4934 = DIRECTION('',(2.22044604925E-16,1.,0.));
#4935 = ORIENTED_EDGE('',*,*,#4424,.T.);
#4936 = ORIENTED_EDGE('',*,*,#1357,.F.);
#4937 = PLANE('',#4938);
#4938 = AXIS2_PLACEMENT_3D('',#4939,#4940,#4941);
#4939 = CARTESIAN_POINT('',(26.435124829136,-28.5,2.94894735944));
#4940 = DIRECTION('',(-0.573576436351,1.273595532039E-16,0.819152044289)
  );
#4941 = DIRECTION('',(0.819152044289,-1.818882920477E-16,0.573576436351)
  );
#4942 = ADVANCED_FACE('',(#4943),#4949,.F.);
#4943 = FACE_BOUND('',#4944,.F.);
#4944 = EDGE_LOOP('',(#4945,#4946,#4947,#4948));
#4945 = ORIENTED_EDGE('',*,*,#4930,.T.);
#4946 = ORIENTED_EDGE('',*,*,#4432,.F.);
#4947 = ORIENTED_EDGE('',*,*,#1722,.F.);
#4948 = ORIENTED_EDGE('',*,*,#1341,.T.);
#4949 = CYLINDRICAL_SURFACE('',#4950,3.6);
#4950 = AXIS2_PLACEMENT_3D('',#4951,#4952,#4953);
#4951 = CARTESIAN_POINT('',(28.5,-28.5,0.));
#4952 = DIRECTION('',(-2.22044604925E-16,-1.,0.));
#4953 = DIRECTION('',(-0.991444861374,2.201449825487E-16,0.13052619222)
  );
#4954 = ADVANCED_FACE('',(#4955),#4961,.T.);
#4955 = FACE_BOUND('',#4956,.T.);
#4956 = EDGE_LOOP('',(#4957,#4958,#4959,#4960));
#4957 = ORIENTED_EDGE('',*,*,#3640,.T.);
#4958 = ORIENTED_EDGE('',*,*,#3426,.T.);
#4959 = ORIENTED_EDGE('',*,*,#3387,.T.);
#4960 = ORIENTED_EDGE('',*,*,#3916,.T.);
#4961 = CYLINDRICAL_SURFACE('',#4962,8.5);
#4962 = AXIS2_PLACEMENT_3D('',#4963,#4964,#4965);
#4963 = CARTESIAN_POINT('',(28.499999988342,-41.9999999798,
    1.040834085586E-16));
#4964 = DIRECTION('',(-1.665334536938E-16,-1.,-2.465190328816E-31));
#4965 = DIRECTION('',(-1.,1.665334536938E-16,-1.577721810442E-30));
#4966 = ADVANCED_FACE('',(#4967),#4992,.F.);
#4967 = FACE_BOUND('',#4968,.T.);
#4968 = EDGE_LOOP('',(#4969,#4977,#4978,#4986));
#4969 = ORIENTED_EDGE('',*,*,#4970,.F.);
#4970 = EDGE_CURVE('',#1112,#4971,#4973,.T.);
#4971 = VERTEX_POINT('',#4972);
#4972 = CARTESIAN_POINT('',(28.5,-33.5,2.53310727168));
#4973 = LINE('',#4974,#4975);
#4974 = CARTESIAN_POINT('',(28.5,-34.5,3.753881860441));
#4975 = VECTOR('',#4976,1.);
#4976 = DIRECTION('',(-3.869438112409E-16,0.633687274225,-0.773589321595
    ));
#4977 = ORIENTED_EDGE('',*,*,#1130,.F.);
#4978 = ORIENTED_EDGE('',*,*,#4979,.F.);
#4979 = EDGE_CURVE('',#4980,#1122,#4982,.T.);
#4980 = VERTEX_POINT('',#4981);
#4981 = CARTESIAN_POINT('',(27.309828894572,-33.5,1.6997404919));
#4982 = LINE('',#4983,#4984);
#4983 = CARTESIAN_POINT('',(27.309828894572,-33.5,1.6997404919));
#4984 = VECTOR('',#4985,1.);
#4985 = DIRECTION('',(-0.405579787673,-0.707106781187,0.57922796534));
#4986 = ORIENTED_EDGE('',*,*,#4987,.F.);
#4987 = EDGE_CURVE('',#4971,#4980,#4988,.T.);
#4988 = LINE('',#4989,#4990);
#4989 = CARTESIAN_POINT('',(27.904914447286,-33.5,2.11642388179));
#4990 = VECTOR('',#4991,1.);
#4991 = DIRECTION('',(-0.819152044289,1.818882920477E-16,-0.573576436351
    ));
#4992 = PLANE('',#4993);
#4993 = AXIS2_PLACEMENT_3D('',#4994,#4995,#4996);
#4994 = CARTESIAN_POINT('',(27.61812622911,-34.,2.525999903934));
#4995 = DIRECTION('',(-0.405579787673,0.707106781187,0.57922796534));
#4996 = DIRECTION('',(2.22044604925E-16,0.633687274225,-0.773589321595)
  );
#4997 = ADVANCED_FACE('',(#4998),#5017,.F.);
#4998 = FACE_BOUND('',#4999,.F.);
#4999 = EDGE_LOOP('',(#5000,#5001,#5002,#5011));
#5000 = ORIENTED_EDGE('',*,*,#1121,.T.);
#5001 = ORIENTED_EDGE('',*,*,#4979,.F.);
#5002 = ORIENTED_EDGE('',*,*,#5003,.T.);
#5003 = EDGE_CURVE('',#4980,#5004,#5006,.T.);
#5004 = VERTEX_POINT('',#5005);
#5005 = CARTESIAN_POINT('',(29.690171105428,-33.5,1.6997404919));
#5006 = CIRCLE('',#5007,2.075);
#5007 = AXIS2_PLACEMENT_3D('',#5008,#5009,#5010);
#5008 = CARTESIAN_POINT('',(28.5,-33.5,0.));
#5009 = DIRECTION('',(-2.22044604925E-16,-1.,0.));
#5010 = DIRECTION('',(-1.,2.22044604925E-16,0.));
#5011 = ORIENTED_EDGE('',*,*,#5012,.T.);
#5012 = EDGE_CURVE('',#5004,#1114,#5013,.T.);
#5013 = LINE('',#5014,#5015);
#5014 = CARTESIAN_POINT('',(29.690171105428,-33.5,1.6997404919));
#5015 = VECTOR('',#5016,1.);
#5016 = DIRECTION('',(0.405579787673,-0.707106781187,0.57922796534));
#5017 = CONICAL_SURFACE('',#5018,2.575,0.785398163397);
#5018 = AXIS2_PLACEMENT_3D('',#5019,#5020,#5021);
#5019 = CARTESIAN_POINT('',(28.5,-34.,0.));
#5020 = DIRECTION('',(-2.22044604925E-16,-1.,0.));
#5021 = DIRECTION('',(1.071875439572E-15,-2.380041585087E-31,-1.));
#5022 = ADVANCED_FACE('',(#5023),#5034,.F.);
#5023 = FACE_BOUND('',#5024,.T.);
#5024 = EDGE_LOOP('',(#5025,#5026,#5027,#5033));
#5025 = ORIENTED_EDGE('',*,*,#1111,.F.);
#5026 = ORIENTED_EDGE('',*,*,#4970,.T.);
#5027 = ORIENTED_EDGE('',*,*,#5028,.F.);
#5028 = EDGE_CURVE('',#5004,#4971,#5029,.T.);
#5029 = LINE('',#5030,#5031);
#5030 = CARTESIAN_POINT('',(29.690171105428,-33.5,1.6997404919));
#5031 = VECTOR('',#5032,1.);
#5032 = DIRECTION('',(-0.819152044289,1.818882920477E-16,0.573576436351)
  );
#5033 = ORIENTED_EDGE('',*,*,#5012,.T.);
#5034 = PLANE('',#5035);
#5035 = AXIS2_PLACEMENT_3D('',#5036,#5037,#5038);
#5036 = CARTESIAN_POINT('',(29.976959323604,-34.,2.109316514044));
#5037 = DIRECTION('',(0.405579787673,0.707106781187,0.57922796534));
#5038 = DIRECTION('',(-2.775557561563E-16,0.633687274225,-0.773589321595
    ));
#5039 = ADVANCED_FACE('',(#5040),#5065,.T.);
#5040 = FACE_BOUND('',#5041,.T.);
#5041 = EDGE_LOOP('',(#5042,#5043,#5051,#5059));
#5042 = ORIENTED_EDGE('',*,*,#5028,.T.);
#5043 = ORIENTED_EDGE('',*,*,#5044,.T.);
#5044 = EDGE_CURVE('',#4971,#5045,#5047,.T.);
#5045 = VERTEX_POINT('',#5046);
#5046 = CARTESIAN_POINT('',(28.5,-29.3,2.53310727168));
#5047 = LINE('',#5048,#5049);
#5048 = CARTESIAN_POINT('',(28.5,-34.5,2.53310727168));
#5049 = VECTOR('',#5050,1.);
#5050 = DIRECTION('',(2.22044604925E-16,1.,0.));
#5051 = ORIENTED_EDGE('',*,*,#5052,.F.);
#5052 = EDGE_CURVE('',#5053,#5045,#5055,.T.);
#5053 = VERTEX_POINT('',#5054);
#5054 = CARTESIAN_POINT('',(29.690171105428,-29.3,1.6997404919));
#5055 = LINE('',#5056,#5057);
#5056 = CARTESIAN_POINT('',(28.5,-29.3,2.53310727168));
#5057 = VECTOR('',#5058,1.);
#5058 = DIRECTION('',(-0.819152044289,1.818882920477E-16,0.573576436351)
  );
#5059 = ORIENTED_EDGE('',*,*,#5060,.F.);
#5060 = EDGE_CURVE('',#5004,#5053,#5061,.T.);
#5061 = LINE('',#5062,#5063);
#5062 = CARTESIAN_POINT('',(29.690171105428,-34.5,1.6997404919));
#5063 = VECTOR('',#5064,1.);
#5064 = DIRECTION('',(2.22044604925E-16,1.,0.));
#5065 = PLANE('',#5066);
#5066 = AXIS2_PLACEMENT_3D('',#5067,#5068,#5069);
#5067 = CARTESIAN_POINT('',(29.690171105428,-34.5,1.6997404919));
#5068 = DIRECTION('',(-0.573576436351,1.273595532039E-16,-0.819152044289
    ));
#5069 = DIRECTION('',(-0.819152044289,1.818882920477E-16,0.573576436351)
  );
#5070 = ADVANCED_FACE('',(#5071),#5089,.T.);
#5071 = FACE_BOUND('',#5072,.T.);
#5072 = EDGE_LOOP('',(#5073,#5074,#5082,#5088));
#5073 = ORIENTED_EDGE('',*,*,#4987,.T.);
#5074 = ORIENTED_EDGE('',*,*,#5075,.T.);
#5075 = EDGE_CURVE('',#4980,#5076,#5078,.T.);
#5076 = VERTEX_POINT('',#5077);
#5077 = CARTESIAN_POINT('',(27.309828894572,-29.3,1.6997404919));
#5078 = LINE('',#5079,#5080);
#5079 = CARTESIAN_POINT('',(27.309828894572,-34.5,1.6997404919));
#5080 = VECTOR('',#5081,1.);
#5081 = DIRECTION('',(2.22044604925E-16,1.,0.));
#5082 = ORIENTED_EDGE('',*,*,#5083,.F.);
#5083 = EDGE_CURVE('',#5045,#5076,#5084,.T.);
#5084 = LINE('',#5085,#5086);
#5085 = CARTESIAN_POINT('',(28.5,-29.3,2.53310727168));
#5086 = VECTOR('',#5087,1.);
#5087 = DIRECTION('',(-0.819152044289,1.818882920477E-16,-0.573576436351
    ));
#5088 = ORIENTED_EDGE('',*,*,#5044,.F.);
#5089 = PLANE('',#5090);
#5090 = AXIS2_PLACEMENT_3D('',#5091,#5092,#5093);
#5091 = CARTESIAN_POINT('',(28.5,-34.5,2.53310727168));
#5092 = DIRECTION('',(0.573576436351,-1.273595532039E-16,-0.819152044289
    ));
#5093 = DIRECTION('',(-0.819152044289,1.818882920477E-16,-0.573576436351
    ));
#5094 = ADVANCED_FACE('',(#5095),#5107,.F.);
#5095 = FACE_BOUND('',#5096,.F.);
#5096 = EDGE_LOOP('',(#5097,#5098,#5105,#5106));
#5097 = ORIENTED_EDGE('',*,*,#5075,.T.);
#5098 = ORIENTED_EDGE('',*,*,#5099,.T.);
#5099 = EDGE_CURVE('',#5076,#5053,#5100,.T.);
#5100 = CIRCLE('',#5101,2.075);
#5101 = AXIS2_PLACEMENT_3D('',#5102,#5103,#5104);
#5102 = CARTESIAN_POINT('',(28.5,-29.3,0.));
#5103 = DIRECTION('',(-2.22044604925E-16,-1.,0.));
#5104 = DIRECTION('',(-1.,2.22044604925E-16,0.));
#5105 = ORIENTED_EDGE('',*,*,#5060,.F.);
#5106 = ORIENTED_EDGE('',*,*,#5003,.F.);
#5107 = CYLINDRICAL_SURFACE('',#5108,2.075);
#5108 = AXIS2_PLACEMENT_3D('',#5109,#5110,#5111);
#5109 = CARTESIAN_POINT('',(28.5,-34.5,0.));
#5110 = DIRECTION('',(-2.22044604925E-16,-1.,0.));
#5111 = DIRECTION('',(-6.123233995737E-17,1.359631073447E-32,-1.));
#5112 = ADVANCED_FACE('',(#5113,#5118),#5153,.F.);
#5113 = FACE_BOUND('',#5114,.T.);
#5114 = EDGE_LOOP('',(#5115,#5116,#5117));
#5115 = ORIENTED_EDGE('',*,*,#5099,.T.);
#5116 = ORIENTED_EDGE('',*,*,#5052,.T.);
#5117 = ORIENTED_EDGE('',*,*,#5083,.T.);
#5118 = FACE_BOUND('',#5119,.T.);
#5119 = EDGE_LOOP('',(#5120,#5131,#5139,#5147));
#5120 = ORIENTED_EDGE('',*,*,#5121,.T.);
#5121 = EDGE_CURVE('',#5122,#5124,#5126,.T.);
#5122 = VERTEX_POINT('',#5123);
#5123 = CARTESIAN_POINT('',(29.417722298162,-29.3,1.310643270862));
#5124 = VERTEX_POINT('',#5125);
#5125 = CARTESIAN_POINT('',(27.582277701838,-29.3,1.310643270862));
#5126 = CIRCLE('',#5127,1.6);
#5127 = AXIS2_PLACEMENT_3D('',#5128,#5129,#5130);
#5128 = CARTESIAN_POINT('',(28.5,-29.3,0.));
#5129 = DIRECTION('',(2.22044604925E-16,1.,0.));
#5130 = DIRECTION('',(-1.,2.22044604925E-16,0.));
#5131 = ORIENTED_EDGE('',*,*,#5132,.T.);
#5132 = EDGE_CURVE('',#5124,#5133,#5135,.T.);
#5133 = VERTEX_POINT('',#5134);
#5134 = CARTESIAN_POINT('',(28.281151539142,-29.3,1.8));
#5135 = LINE('',#5136,#5137);
#5136 = CARTESIAN_POINT('',(27.985524623331,-29.3,1.592999805051));
#5137 = VECTOR('',#5138,1.);
#5138 = DIRECTION('',(0.819152044289,-1.818882920477E-16,0.573576436351)
  );
#5139 = ORIENTED_EDGE('',*,*,#5140,.T.);
#5140 = EDGE_CURVE('',#5133,#5141,#5143,.T.);
#5141 = VERTEX_POINT('',#5142);
#5142 = CARTESIAN_POINT('',(28.718848460858,-29.3,1.8));
#5143 = LINE('',#5144,#5145);
#5144 = CARTESIAN_POINT('',(28.609424230429,-29.3,1.8));
#5145 = VECTOR('',#5146,1.);
#5146 = DIRECTION('',(1.,-2.22044604925E-16,2.536510926951E-15));
#5147 = ORIENTED_EDGE('',*,*,#5148,.T.);
#5148 = EDGE_CURVE('',#5141,#5122,#5149,.T.);
#5149 = LINE('',#5150,#5151);
#5150 = CARTESIAN_POINT('',(29.363912295321,-29.3,1.348321440483));
#5151 = VECTOR('',#5152,1.);
#5152 = DIRECTION('',(0.819152044289,-1.818882920477E-16,-0.573576436351
    ));
#5153 = PLANE('',#5154);
#5154 = AXIS2_PLACEMENT_3D('',#5155,#5156,#5157);
#5155 = CARTESIAN_POINT('',(28.5,-29.3,0.22905363584));
#5156 = DIRECTION('',(2.22044604925E-16,1.,0.));
#5157 = DIRECTION('',(-1.,2.22044604925E-16,0.));
#5158 = ADVANCED_FACE('',(#5159),#5175,.F.);
#5159 = FACE_BOUND('',#5160,.T.);
#5160 = EDGE_LOOP('',(#5161,#5162,#5168,#5169));
#5161 = ORIENTED_EDGE('',*,*,#5132,.F.);
#5162 = ORIENTED_EDGE('',*,*,#5163,.F.);
#5163 = EDGE_CURVE('',#1501,#5124,#5164,.T.);
#5164 = LINE('',#5165,#5166);
#5165 = CARTESIAN_POINT('',(27.582277701838,-28.5,1.310643270862));
#5166 = VECTOR('',#5167,1.);
#5167 = DIRECTION('',(-2.22044604925E-16,-1.,0.));
#5168 = ORIENTED_EDGE('',*,*,#1500,.F.);
#5169 = ORIENTED_EDGE('',*,*,#5170,.T.);
#5170 = EDGE_CURVE('',#1493,#5133,#5171,.T.);
#5171 = LINE('',#5172,#5173);
#5172 = CARTESIAN_POINT('',(28.281151539142,-28.5,1.8));
#5173 = VECTOR('',#5174,1.);
#5174 = DIRECTION('',(-2.22044604925E-16,-1.,0.));
#5175 = PLANE('',#5176);
#5176 = AXIS2_PLACEMENT_3D('',#5177,#5178,#5179);
#5177 = CARTESIAN_POINT('',(28.281151539142,-28.5,1.8));
#5178 = DIRECTION('',(-0.573576436351,1.273595532039E-16,0.819152044289)
  );
#5179 = DIRECTION('',(-0.819152044289,1.818882920477E-16,-0.573576436351
    ));
#5180 = ADVANCED_FACE('',(#5181),#5192,.F.);
#5181 = FACE_BOUND('',#5182,.T.);
#5182 = EDGE_LOOP('',(#5183,#5184,#5185,#5186));
#5183 = ORIENTED_EDGE('',*,*,#5140,.F.);
#5184 = ORIENTED_EDGE('',*,*,#5170,.F.);
#5185 = ORIENTED_EDGE('',*,*,#1490,.F.);
#5186 = ORIENTED_EDGE('',*,*,#5187,.T.);
#5187 = EDGE_CURVE('',#1491,#5141,#5188,.T.);
#5188 = LINE('',#5189,#5190);
#5189 = CARTESIAN_POINT('',(28.718848460858,-28.5,1.8));
#5190 = VECTOR('',#5191,1.);
#5191 = DIRECTION('',(-2.22044604925E-16,-1.,0.));
#5192 = PLANE('',#5193);
#5193 = AXIS2_PLACEMENT_3D('',#5194,#5195,#5196);
#5194 = CARTESIAN_POINT('',(28.718848460858,-28.5,1.8));
#5195 = DIRECTION('',(-2.536510926951E-15,5.632185666628E-31,1.));
#5196 = DIRECTION('',(-1.,2.22044604925E-16,-2.536510926951E-15));
#5197 = ADVANCED_FACE('',(#5198),#5209,.F.);
#5198 = FACE_BOUND('',#5199,.T.);
#5199 = EDGE_LOOP('',(#5200,#5201,#5202,#5203));
#5200 = ORIENTED_EDGE('',*,*,#5148,.F.);
#5201 = ORIENTED_EDGE('',*,*,#5187,.F.);
#5202 = ORIENTED_EDGE('',*,*,#1517,.F.);
#5203 = ORIENTED_EDGE('',*,*,#5204,.T.);
#5204 = EDGE_CURVE('',#1509,#5122,#5205,.T.);
#5205 = LINE('',#5206,#5207);
#5206 = CARTESIAN_POINT('',(29.417722298162,-28.5,1.310643270862));
#5207 = VECTOR('',#5208,1.);
#5208 = DIRECTION('',(-2.22044604925E-16,-1.,0.));
#5209 = PLANE('',#5210);
#5210 = AXIS2_PLACEMENT_3D('',#5211,#5212,#5213);
#5211 = CARTESIAN_POINT('',(29.417722298162,-28.5,1.310643270862));
#5212 = DIRECTION('',(0.573576436351,-1.273595532039E-16,0.819152044289)
  );
#5213 = DIRECTION('',(-0.819152044289,1.818882920477E-16,0.573576436351)
  );
#5214 = ADVANCED_FACE('',(#5215),#5221,.F.);
#5215 = FACE_BOUND('',#5216,.F.);
#5216 = EDGE_LOOP('',(#5217,#5218,#5219,#5220));
#5217 = ORIENTED_EDGE('',*,*,#5163,.F.);
#5218 = ORIENTED_EDGE('',*,*,#1508,.T.);
#5219 = ORIENTED_EDGE('',*,*,#5204,.T.);
#5220 = ORIENTED_EDGE('',*,*,#5121,.T.);
#5221 = CYLINDRICAL_SURFACE('',#5222,1.6);
#5222 = AXIS2_PLACEMENT_3D('',#5223,#5224,#5225);
#5223 = CARTESIAN_POINT('',(28.5,-28.5,0.));
#5224 = DIRECTION('',(2.22044604925E-16,1.,0.));
#5225 = DIRECTION('',(1.836970198721E-16,-4.078893220341E-32,-1.));
#5226 = ( GEOMETRIC_REPRESENTATION_CONTEXT(3) 
GLOBAL_UNCERTAINTY_ASSIGNED_CONTEXT((#5230)) 
GLOBAL_UNIT_ASSIGNED_CONTEXT((#5227,#5228,#5229)) REPRESENTATION_CONTEXT
('Context #1','3D Context with UNIT and UNCERTAINTY') );
#5227 = ( LENGTH_UNIT() NAMED_UNIT(*) SI_UNIT(.MILLI.,.METRE.) );
#5228 = ( NAMED_UNIT(*) PLANE_ANGLE_UNIT() SI_UNIT($,.RADIAN.) );
#5229 = ( NAMED_UNIT(*) SI_UNIT($,.STERADIAN.) SOLID_ANGLE_UNIT() );
#5230 = UNCERTAINTY_MEASURE_WITH_UNIT(LENGTH_MEASURE(2.E-04),#5227,
  'distance_accuracy_value','confusion accuracy');
#5231 = PRODUCT_RELATED_PRODUCT_CATEGORY('part',$,(#7));
#5232 = MECHANICAL_DESIGN_GEOMETRIC_PRESENTATION_REPRESENTATION('',(
    #5233),#5226);
#5233 = STYLED_ITEM('color',(#5234),#15);
#5234 = PRESENTATION_STYLE_ASSIGNMENT((#5235,#5241));
#5235 = SURFACE_STYLE_USAGE(.BOTH.,#5236);
#5236 = SURFACE_SIDE_STYLE('',(#5237));
#5237 = SURFACE_STYLE_FILL_AREA(#5238);
#5238 = FILL_AREA_STYLE('',(#5239));
#5239 = FILL_AREA_STYLE_COLOUR('',#5240);
#5240 = COLOUR_RGB('',1.,0.435294116471,0.);
#5241 = CURVE_STYLE('',#5242,POSITIVE_LENGTH_MEASURE(0.1),#5243);
#5242 = DRAUGHTING_PRE_DEFINED_CURVE_FONT('continuous');
#5243 = COLOUR_RGB('',9.803921802644E-02,9.803921802644E-02,
  9.803921802644E-02);
ENDSEC;
END-ISO-10303-21;
